"","Area","Building","Cluster","Zoning","Plant","HVAC","TFA","HEX","VWV","NaturalVentilation","CO2control","Insulation"
"98","Sapporo","Office","CL1","ZoneC","GHP","MUL",15768.3002406533,1,0,0,0,3
"2849","Sapporo","Office","CL2","ZoneC","EHP","MUL",334978.09355803,0,0,0,0,3
"2850","Sapporo","Office","CL2","ZoneC","EHP","MUL",973774.223081719,1,0,0,0,3
"2913","Sapporo","Office","CL2","ZoneC","GHP","MUL",450386.213288072,0,0,0,0,3
"2914","Sapporo","Office","CL2","ZoneC","GHP","MUL",1309263.18277387,1,0,0,0,3
"2977","Sapporo","Office","CL2","ZoneC","ABCH","CAV",35496.5963706876,0,0,0,0,3
"2978","Sapporo","Office","CL2","ZoneC","ABCH","CAV",39751.1296714694,1,0,0,0,3
"3362","Sapporo","Office","CL2","ZoneC","AHP","CAV",59337.9297750833,1,0,0,0,3
"5665","Sapporo","Office","CL3","ZoneC","EHP","MUL",441396.91941443,0,0,0,0,3
"5666","Sapporo","Office","CL3","ZoneC","EHP","MUL",1334900.50614428,1,0,0,0,3
"5668","Sapporo","Office","CL3","ZoneC","EHP","MUL",29059.5407895067,0,0,0,1,3
"5669","Sapporo","Office","CL3","ZoneC","EHP","MUL",38399.7454893289,1,0,1,0,3
"5729","Sapporo","Office","CL3","ZoneC","GHP","MUL",400961.916856379,0,0,0,0,3
"5730","Sapporo","Office","CL3","ZoneC","GHP","MUL",1212614.41168695,1,0,0,0,3
"5732","Sapporo","Office","CL3","ZoneC","GHP","MUL",26397.486401546,0,0,0,1,3
"5733","Sapporo","Office","CL3","ZoneC","GHP","MUL",34882.0639224765,1,0,1,0,3
"5793","Sapporo","Office","CL3","ZoneC","ABCH","CAV",91138.5086464418,0,0,0,0,3
"5794","Sapporo","Office","CL3","ZoneC","ABCH","CAV",98216.2077099719,1,0,0,0,3
"6177","Sapporo","Office","CL3","ZoneC","AHP","CAV",68302.8607984798,0,0,0,0,3
"6178","Sapporo","Office","CL3","ZoneC","AHP","CAV",73607.1728954135,1,0,0,0,3
"6562","Sapporo","Office","CL3","ZoneC","TB","CAV",56846.4727437717,1,0,0,0,3
"8481","Sapporo","Office","CL4","ZoneC","EHP","MUL",439147.150982045,0,0,0,0,3
"8482","Sapporo","Office","CL4","ZoneC","EHP","MUL",1358908.33970562,1,0,0,0,3
"8484","Sapporo","Office","CL4","ZoneC","EHP","MUL",32705.8127123428,0,0,0,1,3
"8485","Sapporo","Office","CL4","ZoneC","EHP","MUL",62184.9165283439,1,0,1,0,3
"8486","Sapporo","Office","CL4","ZoneC","EHP","MUL",40682.2613140217,1,0,0,1,3
"8545","Sapporo","Office","CL4","ZoneC","GHP","MUL",288118.569621659,0,0,0,0,3
"8546","Sapporo","Office","CL4","ZoneC","GHP","MUL",891561.578407999,1,0,0,0,3
"8549","Sapporo","Office","CL4","ZoneC","GHP","MUL",40798.6916506746,1,0,1,0,3
"8550","Sapporo","Office","CL4","ZoneC","GHP","MUL",26691.0872871625,1,0,0,1,3
"8609","Sapporo","Office","CL4","ZoneC","ABCH","CAV",53009.4876344895,0,0,0,0,3
"8610","Sapporo","Office","CL4","ZoneC","ABCH","CAV",112923.770193632,1,0,0,0,3
"8618","Sapporo","Office","CL4","ZoneC","ABCH","CAV",34461.6356755743,1,1,0,0,3
"8673","Sapporo","Office","CL4","ZoneC","ABCH","VAV",82470.4675003291,0,0,0,0,3
"8746","Sapporo","Office","CL4","ZoneC","ABCH","FCU",50726.5986755184,1,1,0,0,3
"8929","Sapporo","Office","CL4","ZoneC","ABCH","OHUFCU",76606.4055587057,0,0,0,0,3
"8993","Sapporo","Office","CL4","ZoneC","AHP","CAV",40084.6789716212,0,0,0,0,3
"8994","Sapporo","Office","CL4","ZoneC","AHP","CAV",87892.283643148,1,0,0,0,3
"9002","Sapporo","Office","CL4","ZoneC","AHP","CAV",34203.3203546282,1,1,0,0,3
"9057","Sapporo","Office","CL4","ZoneC","AHP","VAV",66743.6356384758,0,0,0,0,3
"9313","Sapporo","Office","CL4","ZoneC","AHP","OHUFCU",61997.8299524391,0,0,0,0,3
"9377","Sapporo","Office","CL4","ZoneC","TB","CAV",81377.2482549529,0,0,0,0,3
"9378","Sapporo","Office","CL4","ZoneC","TB","CAV",83188.7857396051,1,0,0,0,3
"11297","Sapporo","Office","CL5","ZoneC","EHP","MUL",376281.330720516,0,0,0,0,3
"11298","Sapporo","Office","CL5","ZoneC","EHP","MUL",1185057.05076459,1,0,0,0,3
"11300","Sapporo","Office","CL5","ZoneC","EHP","MUL",31125.0427712527,0,0,0,1,3
"11301","Sapporo","Office","CL5","ZoneC","EHP","MUL",93461.6470773076,1,0,1,0,3
"11302","Sapporo","Office","CL5","ZoneC","EHP","MUL",63557.4886441569,1,0,0,1,3
"11304","Sapporo","Office","CL5","ZoneC","EHP","MUL",39692.9913123269,1,0,1,1,3
"11361","Sapporo","Office","CL5","ZoneC","GHP","MUL",171917.619742748,0,0,0,0,3
"11362","Sapporo","Office","CL5","ZoneC","GHP","MUL",541435.810904294,1,0,0,0,3
"11365","Sapporo","Office","CL5","ZoneC","GHP","MUL",42701.3050899988,1,0,1,0,3
"11366","Sapporo","Office","CL5","ZoneC","GHP","MUL",29038.5179185144,1,0,0,1,3
"11425","Sapporo","Office","CL5","ZoneC","ABCH","CAV",58747.2958091545,0,0,0,0,3
"11426","Sapporo","Office","CL5","ZoneC","ABCH","CAV",121703.423474401,1,0,0,0,3
"11429","Sapporo","Office","CL5","ZoneC","ABCH","CAV",32421.8228311422,1,0,1,0,3
"11434","Sapporo","Office","CL5","ZoneC","ABCH","CAV",41427.4682146363,1,1,0,0,3
"11489","Sapporo","Office","CL5","ZoneC","ABCH","VAV",74596.0741390377,0,0,0,0,3
"11490","Sapporo","Office","CL5","ZoneC","ABCH","VAV",59406.134313115,1,0,0,0,3
"11493","Sapporo","Office","CL5","ZoneC","ABCH","VAV",35384.5043721659,1,0,1,0,3
"11554","Sapporo","Office","CL5","ZoneC","ABCH","FCU",39512.5843066942,1,0,0,0,3
"11562","Sapporo","Office","CL5","ZoneC","ABCH","FCU",50773.1468486871,1,1,0,0,3
"11618","Sapporo","Office","CL5","ZoneC","ABCH","CAVFCU",53342.0233407872,1,0,0,0,3
"11745","Sapporo","Office","CL5","ZoneC","ABCH","OHUFCU",98714.2412378778,0,0,0,0,3
"11749","Sapporo","Office","CL5","ZoneC","ABCH","OHUFCU",51662.3615014995,1,0,1,0,3
"11809","Sapporo","Office","CL5","ZoneC","AHP","CAV",53492.6240545032,0,0,0,0,3
"11810","Sapporo","Office","CL5","ZoneC","AHP","CAV",110817.619575396,1,0,0,0,3
"11873","Sapporo","Office","CL5","ZoneC","AHP","VAV",59084.1390054627,0,0,0,0,3
"11874","Sapporo","Office","CL5","ZoneC","AHP","VAV",50361.2834142512,1,0,0,0,3
"11946","Sapporo","Office","CL5","ZoneC","AHP","FCU",58336.0986231666,1,1,0,0,3
"12129","Sapporo","Office","CL5","ZoneC","AHP","OHUFCU",97162.4664912311,0,0,0,0,3
"12193","Sapporo","Office","CL5","ZoneC","TB","CAV",40082.8574109461,0,0,0,0,3
"12194","Sapporo","Office","CL5","ZoneC","TB","CAV",85357.7133110248,1,0,0,0,3
"12202","Sapporo","Office","CL5","ZoneC","TB","CAV",36995.1485322542,1,1,0,0,3
"12257","Sapporo","Office","CL5","ZoneC","TB","VAV",55473.2682192402,0,0,0,0,3
"12258","Sapporo","Office","CL5","ZoneC","TB","VAV",52723.5521194383,1,0,0,0,3
"12513","Sapporo","Office","CL5","ZoneC","TB","OHUFCU",96053.9938372152,0,0,0,0,3
"12577","Sapporo","Office","CL5","ZoneC","AB","CAV",72473.2007813516,0,0,0,0,3
"12961","Sapporo","Office","CL5","ZoneC","COM","CAV",67835.5971091622,0,0,0,0,3
"13345","Sapporo","Office","CL5","ZoneC","AHP+TESICE","CAV",60413.8011196307,0,0,0,0,3
"13346","Sapporo","Office","CL5","ZoneC","AHP+TESICE","CAV",58757.9639593074,1,0,0,0,3
"14113","Sapporo","Office","CL6","ZoneC","EHP","MUL",172230.314276064,0,0,0,0,3
"14114","Sapporo","Office","CL6","ZoneC","EHP","MUL",546321.927833201,1,0,0,0,3
"14117","Sapporo","Office","CL6","ZoneC","EHP","MUL",77098.1193894999,1,0,1,0,3
"14118","Sapporo","Office","CL6","ZoneC","EHP","MUL",51230.1025100682,1,0,0,1,3
"14120","Sapporo","Office","CL6","ZoneC","EHP","MUL",47042.8293922912,1,0,1,1,3
"14177","Sapporo","Office","CL6","ZoneC","GHP","MUL",64824.4537956025,0,0,0,0,3
"14178","Sapporo","Office","CL6","ZoneC","GHP","MUL",205625.9417351,1,0,0,0,3
"14241","Sapporo","Office","CL6","ZoneC","ABCH","CAV",46859.9446405792,0,0,0,0,3
"14242","Sapporo","Office","CL6","ZoneC","ABCH","CAV",101640.705726069,1,0,0,0,3
"14245","Sapporo","Office","CL6","ZoneC","ABCH","CAV",46198.6444693376,1,0,1,0,3
"14305","Sapporo","Office","CL6","ZoneC","ABCH","VAV",61125.2978804964,0,0,0,0,3
"14306","Sapporo","Office","CL6","ZoneC","ABCH","VAV",48721.7061420376,1,0,0,0,3
"14309","Sapporo","Office","CL6","ZoneC","ABCH","VAV",51158.2620132791,1,0,1,0,3
"14312","Sapporo","Office","CL6","ZoneC","ABCH","VAV",38298.4657068696,1,0,1,1,3
"14378","Sapporo","Office","CL6","ZoneC","ABCH","FCU",85156.9424116212,1,1,0,0,3
"14434","Sapporo","Office","CL6","ZoneC","ABCH","CAVFCU",54171.9221693735,1,0,0,0,3
"14497","Sapporo","Office","CL6","ZoneC","ABCH","VAVFCU",50225.1291953119,0,0,0,0,3
"14561","Sapporo","Office","CL6","ZoneC","ABCH","OHUFCU",61278.14392799,0,0,0,0,3
"14565","Sapporo","Office","CL6","ZoneC","ABCH","OHUFCU",55104.23294775,1,0,1,0,3
"14568","Sapporo","Office","CL6","ZoneC","ABCH","OHUFCU",51113.5039660672,1,0,1,1,3
"14626","Sapporo","Office","CL6","ZoneC","AHP","CAV",119234.539188077,1,0,0,0,3
"14689","Sapporo","Office","CL6","ZoneC","AHP","VAV",62393.3918252691,0,0,0,0,3
"14690","Sapporo","Office","CL6","ZoneC","AHP","VAV",59660.9208666258,1,0,0,0,3
"14945","Sapporo","Office","CL6","ZoneC","AHP","OHUFCU",54431.2479226185,0,0,0,0,3
"14949","Sapporo","Office","CL6","ZoneC","AHP","OHUFCU",48143.823984538,1,0,1,0,3
"15010","Sapporo","Office","CL6","ZoneC","TB","CAV",143160.578902885,1,0,0,0,3
"15073","Sapporo","Office","CL6","ZoneC","TB","VAV",54317.7376442993,0,0,0,0,3
"15074","Sapporo","Office","CL6","ZoneC","TB","VAV",46427.6637214896,1,0,0,0,3
"15077","Sapporo","Office","CL6","ZoneC","TB","VAV",45800.7771287119,1,0,1,0,3
"15146","Sapporo","Office","CL6","ZoneC","TB","FCU",62615.1069705574,1,1,0,0,3
"15329","Sapporo","Office","CL6","ZoneC","TB","OHUFCU",45433.7268029825,0,0,0,0,3
"15333","Sapporo","Office","CL6","ZoneC","TB","OHUFCU",40833.2569438482,1,0,1,0,3
"15336","Sapporo","Office","CL6","ZoneC","TB","OHUFCU",36891.1781014773,1,0,1,1,3
"15457","Sapporo","Office","CL6","ZoneC","AB","VAV",53713.3831081586,0,0,0,0,3
"15458","Sapporo","Office","CL6","ZoneC","AB","VAV",49279.0399259996,1,0,0,0,3
"15461","Sapporo","Office","CL6","ZoneC","AB","VAV",46993.3725597835,1,0,1,0,3
"15841","Sapporo","Office","CL6","ZoneC","COM","VAV",118646.656106927,0,0,0,0,3
"16225","Sapporo","Office","CL6","ZoneC","AHP+TESICE","VAV",57922.9917258732,0,0,0,0,3
"16226","Sapporo","Office","CL6","ZoneC","AHP+TESICE","VAV",53141.1215738354,1,0,0,0,3
"16229","Sapporo","Office","CL6","ZoneC","AHP+TESICE","VAV",50676.3225930144,1,0,1,0,3
"16609","Sapporo","Office","CL6","ZoneC","COM+TESICE","VAV",83882.7739278811,0,0,0,0,3
"16929","Sapporo","Office","CL7","ZoneC","EHP","MUL",65250.9010307618,0,0,0,0,3
"16930","Sapporo","Office","CL7","ZoneC","EHP","MUL",213266.732389282,1,0,0,0,3
"16933","Sapporo","Office","CL7","ZoneC","EHP","MUL",51032.9646409829,1,0,1,0,3
"16934","Sapporo","Office","CL7","ZoneC","EHP","MUL",37389.7530124978,1,0,0,1,3
"16936","Sapporo","Office","CL7","ZoneC","EHP","MUL",50234.1070222999,1,0,1,1,3
"16994","Sapporo","Office","CL7","ZoneC","GHP","MUL",36698.8805649373,1,0,0,0,3
"17058","Sapporo","Office","CL7","ZoneC","ABCH","CAV",98818.2190466355,1,0,0,0,3
"17125","Sapporo","Office","CL7","ZoneC","ABCH","VAV",71426.5367660931,1,0,1,0,3
"17128","Sapporo","Office","CL7","ZoneC","ABCH","VAV",84337.7088393665,1,0,1,1,3
"17381","Sapporo","Office","CL7","ZoneC","ABCH","OHUFCU",43838.9048332236,1,0,1,0,3
"17384","Sapporo","Office","CL7","ZoneC","ABCH","OHUFCU",60675.5586848829,1,0,1,1,3
"17442","Sapporo","Office","CL7","ZoneC","AHP","CAV",94148.5970125898,1,0,0,0,3
"17509","Sapporo","Office","CL7","ZoneC","AHP","VAV",68051.2995566357,1,0,1,0,3
"17512","Sapporo","Office","CL7","ZoneC","AHP","VAV",80352.3584930769,1,0,1,1,3
"17768","Sapporo","Office","CL7","ZoneC","AHP","OHUFCU",99575.667348442,1,0,1,1,3
"18661","Sapporo","Office","CL7","ZoneC","COM","VAV",78997.3421753146,1,0,1,0,3
"18664","Sapporo","Office","CL7","ZoneC","COM","VAV",94181.6452883169,1,0,1,1,3
"19041","Sapporo","Office","CL7","ZoneC","AHP+TESICE","VAV",44521.206429015,0,0,0,0,3
"19042","Sapporo","Office","CL7","ZoneC","AHP+TESICE","VAV",40596.6236050064,1,0,0,0,3
"19045","Sapporo","Office","CL7","ZoneC","AHP+TESICE","VAV",64574.4699055026,1,0,1,0,3
"19048","Sapporo","Office","CL7","ZoneC","AHP+TESICE","VAV",76986.5118477568,1,0,1,1,3
"19429","Sapporo","Office","CL7","ZoneC","COM+TESICE","VAV",81981.7582601751,1,0,1,0,3
"19432","Sapporo","Office","CL7","ZoneC","COM+TESICE","VAV",97739.7044502737,1,0,1,1,3
"19746","Sapporo","Office","CL8c","ZoneA","EHP","MUL",76302.2427564255,1,0,0,0,3
"19762","Sapporo","Office","CL8c","ZoneA","EHP","MUL",42096.0491925604,1,0,0,0,4
"19810","Sapporo","Office","CL8c","ZoneA","GHP","MUL",7922.59813275047,1,0,0,0,3
"19941","Sapporo","Office","CL8c","ZoneA","ABCH","VAV",54524.4073361269,1,0,1,0,3
"19944","Sapporo","Office","CL8c","ZoneA","ABCH","VAV",92378.8786499951,1,0,1,1,3
"19960","Sapporo","Office","CL8c","ZoneA","ABCH","VAV",73423.0885821154,1,0,1,1,4
"20328","Sapporo","Office","CL8c","ZoneA","AHP","VAV",112180.859381158,1,0,1,1,3
"20344","Sapporo","Office","CL8c","ZoneA","AHP","VAV",56068.6244713321,1,0,1,1,4
"21477","Sapporo","Office","CL8c","ZoneA","COM","VAV",45152.237629988,1,0,1,0,3
"21480","Sapporo","Office","CL8c","ZoneA","COM","VAV",76499.9251634728,1,0,1,1,3
"21496","Sapporo","Office","CL8c","ZoneA","COM","VAV",60802.4351874199,1,0,1,1,4
"21864","Sapporo","Office","CL8c","ZoneA","AHP+TESICE","VAV",117123.106602124,1,0,1,1,3
"21880","Sapporo","Office","CL8c","ZoneA","AHP+TESICE","VAV",58538.7874296611,1,0,1,1,4
"22245","Sapporo","Office","CL8c","ZoneA","COM+TESICE","VAV",70007.172890123,1,0,1,0,3
"22248","Sapporo","Office","CL8c","ZoneA","COM+TESICE","VAV",118610.810185934,1,0,1,1,3
"22264","Sapporo","Office","CL8c","ZoneA","COM+TESICE","VAV",94272.3288087756,1,0,1,1,4
"22568","Sapporo","Office","CL9c","ZoneA","EHP","MUL",37101.6529615273,1,0,1,1,3
"22584","Sapporo","Office","CL9c","ZoneA","EHP","MUL",18543.6148255695,1,0,1,1,4
"22760","Sapporo","Office","CL9c","ZoneA","ABCH","VAV",99495.715914276,1,0,1,1,3
"23144","Sapporo","Office","CL9c","ZoneA","AHP","VAV",64726.9269748484,1,0,1,1,3
"24296","Sapporo","Office","CL9c","ZoneA","COM","VAV",130326.066841878,1,0,1,1,3
"24312","Sapporo","Office","CL9c","ZoneA","COM","VAV",105013.028642542,1,0,1,1,4
"24680","Sapporo","Office","CL9c","ZoneA","AHP+TESICE","VAV",92691.7356291327,1,0,1,1,3
"25064","Sapporo","Office","CL9c","ZoneA","COM+TESICE","VAV",134825.280800476,1,0,1,1,3
"25077","Sapporo","Office","CL9c","ZoneA","COM+TESICE","VAV",39211.0237044685,1,0,1,0,4
"25080","Sapporo","Office","CL9c","ZoneA","COM+TESICE","VAV",101030.293578297,1,0,1,1,4
"25256","Sapporo","Office","CL9c","ZoneA","COM+TESICE","VAVFCU",89322.3615303066,1,0,1,1,3
"25272","Sapporo","Office","CL9c","ZoneA","COM+TESICE","VAVFCU",92910.5103245101,1,0,1,1,4
"25320","Sapporo","Office","CL9c","ZoneA","COM+TESICE","OHUFCU",65204.6510163898,1,0,1,1,3
"25377","Sendai","Office","CL1","ZoneC","EHP","MUL",33572.1269760508,0,0,0,0,3
"25378","Sendai","Office","CL1","ZoneC","EHP","MUL",95027.790909443,1,0,0,0,3
"25442","Sendai","Office","CL1","ZoneC","GHP","MUL",77755.9962627495,1,0,0,0,3
"28193","Sendai","Office","CL2","ZoneC","EHP","MUL",919386.765204466,0,0,0,0,3
"28194","Sendai","Office","CL2","ZoneC","EHP","MUL",2678956.45690772,1,0,0,0,3
"28196","Sendai","Office","CL2","ZoneC","EHP","MUL",50332.8571204176,0,0,0,1,3
"28197","Sendai","Office","CL2","ZoneC","EHP","MUL",46860.4929579618,1,0,1,0,3
"28257","Sendai","Office","CL2","ZoneC","GHP","MUL",386613.717176042,0,0,0,0,3
"28258","Sendai","Office","CL2","ZoneC","GHP","MUL",1126534.93954475,1,0,0,0,3
"28321","Sendai","Office","CL2","ZoneC","ABCH","CAV",47365.8175902839,0,0,0,0,3
"28322","Sendai","Office","CL2","ZoneC","ABCH","CAV",50890.2922910774,1,0,0,0,3
"28705","Sendai","Office","CL2","ZoneC","AHP","CAV",55018.6527703305,0,0,0,0,3
"28706","Sendai","Office","CL2","ZoneC","AHP","CAV",59112.5723863311,1,0,0,0,3
"31009","Sendai","Office","CL3","ZoneC","EHP","MUL",818215.491871424,0,0,0,0,3
"31010","Sendai","Office","CL3","ZoneC","EHP","MUL",2449621.86741146,1,0,0,0,3
"31012","Sendai","Office","CL3","ZoneC","EHP","MUL",51727.6231588107,0,0,0,1,3
"31013","Sendai","Office","CL3","ZoneC","EHP","MUL",72279.66641688,1,0,1,0,3
"31014","Sendai","Office","CL3","ZoneC","EHP","MUL",41706.4818693089,1,0,0,1,3
"31073","Sendai","Office","CL3","ZoneC","GHP","MUL",241459.67483317,0,0,0,0,3
"31074","Sendai","Office","CL3","ZoneC","GHP","MUL",722896.23631612,1,0,0,0,3
"31137","Sendai","Office","CL3","ZoneC","ABCH","CAV",97820.2016687742,0,0,0,0,3
"31138","Sendai","Office","CL3","ZoneC","ABCH","CAV",97760.3771172424,1,0,0,0,3
"31146","Sendai","Office","CL3","ZoneC","ABCH","CAV",34202.5645884141,1,1,0,0,3
"31521","Sendai","Office","CL3","ZoneC","AHP","CAV",103259.661875558,0,0,0,0,3
"31522","Sendai","Office","CL3","ZoneC","AHP","CAV",103196.510677158,1,0,0,0,3
"31530","Sendai","Office","CL3","ZoneC","AHP","CAV",36104.4568956756,1,1,0,0,3
"33825","Sendai","Office","CL4","ZoneC","EHP","MUL",714106.580000848,0,0,0,0,3
"33826","Sendai","Office","CL4","ZoneC","EHP","MUL",2174939.12273369,1,0,0,0,3
"33828","Sendai","Office","CL4","ZoneC","EHP","MUL",49763.3734945291,0,0,0,1,3
"33829","Sendai","Office","CL4","ZoneC","EHP","MUL",100722.441031723,1,0,1,0,3
"33830","Sendai","Office","CL4","ZoneC","EHP","MUL",60839.7048044328,1,0,0,1,3
"33832","Sendai","Office","CL4","ZoneC","EHP","MUL",25986.0882665919,1,0,1,1,3
"33889","Sendai","Office","CL4","ZoneC","GHP","MUL",162600.07416062,0,0,0,0,3
"33890","Sendai","Office","CL4","ZoneC","GHP","MUL",495227.56484181,1,0,0,0,3
"33953","Sendai","Office","CL4","ZoneC","ABCH","CAV",59779.3429064836,0,0,0,0,3
"33954","Sendai","Office","CL4","ZoneC","ABCH","CAV",125352.461545663,1,0,0,0,3
"34017","Sendai","Office","CL4","ZoneC","ABCH","VAV",71983.8705363552,0,0,0,0,3
"34090","Sendai","Office","CL4","ZoneC","ABCH","FCU",53343.2835637024,1,1,0,0,3
"34273","Sendai","Office","CL4","ZoneC","ABCH","OHUFCU",85483.7081499439,0,0,0,0,3
"34337","Sendai","Office","CL4","ZoneC","AHP","CAV",49055.4852286057,0,0,0,0,3
"34338","Sendai","Office","CL4","ZoneC","AHP","CAV",106243.035442228,1,0,0,0,3
"34346","Sendai","Office","CL4","ZoneC","AHP","CAV",40528.0622299051,1,1,0,0,3
"34401","Sendai","Office","CL4","ZoneC","AHP","VAV",76142.2675742745,0,0,0,0,3
"34657","Sendai","Office","CL4","ZoneC","AHP","OHUFCU",90421.9699593244,0,0,0,0,3
"35873","Sendai","Office","CL4","ZoneC","AHP+TESICE","CAV",43989.4844926637,0,0,0,0,3
"35874","Sendai","Office","CL4","ZoneC","AHP+TESICE","CAV",42039.0210964451,1,0,0,0,3
"36641","Sendai","Office","CL5","ZoneC","EHP","MUL",525365.300636482,0,0,0,0,3
"36642","Sendai","Office","CL5","ZoneC","EHP","MUL",1638966.44567914,1,0,0,0,3
"36644","Sendai","Office","CL5","ZoneC","EHP","MUL",41754.1030953827,0,0,0,1,3
"36645","Sendai","Office","CL5","ZoneC","EHP","MUL",132858.324421678,1,0,1,0,3
"36646","Sendai","Office","CL5","ZoneC","EHP","MUL",85852.2721747907,1,0,0,1,3
"36648","Sendai","Office","CL5","ZoneC","EHP","MUL",53973.2545847894,1,0,1,1,3
"36705","Sendai","Office","CL5","ZoneC","GHP","MUL",92223.4593562795,0,0,0,0,3
"36706","Sendai","Office","CL5","ZoneC","GHP","MUL",287706.773184821,1,0,0,0,3
"36769","Sendai","Office","CL5","ZoneC","ABCH","CAV",60346.7462213808,0,0,0,0,3
"36770","Sendai","Office","CL5","ZoneC","ABCH","CAV",123560.498247197,1,0,0,0,3
"36778","Sendai","Office","CL5","ZoneC","ABCH","CAV",42443.4754873154,1,1,0,0,3
"36833","Sendai","Office","CL5","ZoneC","ABCH","VAV",82423.5895398735,0,0,0,0,3
"36834","Sendai","Office","CL5","ZoneC","ABCH","VAV",65016.1650105407,1,0,0,0,3
"36898","Sendai","Office","CL5","ZoneC","ABCH","FCU",39875.3448742597,1,0,0,0,3
"36906","Sendai","Office","CL5","ZoneC","ABCH","FCU",51900.8895286369,1,1,0,0,3
"36962","Sendai","Office","CL5","ZoneC","ABCH","CAVFCU",56259.6812202148,1,0,0,0,3
"37089","Sendai","Office","CL5","ZoneC","ABCH","OHUFCU",87618.2175298625,0,0,0,0,3
"37093","Sendai","Office","CL5","ZoneC","ABCH","OHUFCU",47498.6642509268,1,0,1,0,3
"37096","Sendai","Office","CL5","ZoneC","ABCH","OHUFCU",29528.8343569873,1,0,1,1,3
"37153","Sendai","Office","CL5","ZoneC","AHP","CAV",54826.9217838435,0,0,0,0,3
"37154","Sendai","Office","CL5","ZoneC","AHP","CAV",112258.608742879,1,0,0,0,3
"37162","Sendai","Office","CL5","ZoneC","AHP","CAV",38561.2357995375,1,1,0,0,3
"37217","Sendai","Office","CL5","ZoneC","AHP","VAV",72410.0895024738,0,0,0,0,3
"37218","Sendai","Office","CL5","ZoneC","AHP","VAV",61543.5765478856,1,0,0,0,3
"37290","Sendai","Office","CL5","ZoneC","AHP","FCU",83381.6028251832,1,1,0,0,3
"37473","Sendai","Office","CL5","ZoneC","AHP","OHUFCU",96955.2707034587,0,0,0,0,3
"37477","Sendai","Office","CL5","ZoneC","AHP","OHUFCU",52630.5539840123,1,0,1,0,3
"37537","Sendai","Office","CL5","ZoneC","TB","CAV",56605.7813455821,0,0,0,0,3
"37538","Sendai","Office","CL5","ZoneC","TB","CAV",51697.1185988093,1,0,0,0,3
"38305","Sendai","Office","CL5","ZoneC","COM","CAV",84771.2531818997,0,0,0,0,3
"38689","Sendai","Office","CL5","ZoneC","AHP+TESICE","CAV",81213.8073587501,0,0,0,0,3
"38690","Sendai","Office","CL5","ZoneC","AHP+TESICE","CAV",74171.2194599681,1,0,0,0,3
"38693","Sendai","Office","CL5","ZoneC","AHP+TESICE","CAV",42318.0491080577,1,0,1,0,3
"39457","Sendai","Office","CL6","ZoneC","EHP","MUL",201050.343718432,0,0,0,0,3
"39458","Sendai","Office","CL6","ZoneC","EHP","MUL",643484.032338461,1,0,0,0,3
"39461","Sendai","Office","CL6","ZoneC","EHP","MUL",90145.5687839348,1,0,1,0,3
"39462","Sendai","Office","CL6","ZoneC","EHP","MUL",62911.0553771044,1,0,0,1,3
"39464","Sendai","Office","CL6","ZoneC","EHP","MUL",58128.1793600701,1,0,1,1,3
"39522","Sendai","Office","CL6","ZoneC","GHP","MUL",124290.106639962,1,0,0,0,3
"39585","Sendai","Office","CL6","ZoneC","ABCH","CAV",58353.5450344007,0,0,0,0,3
"39586","Sendai","Office","CL6","ZoneC","ABCH","CAV",118098.931982004,1,0,0,0,3
"39649","Sendai","Office","CL6","ZoneC","ABCH","VAV",53943.3153461053,0,0,0,0,3
"39650","Sendai","Office","CL6","ZoneC","ABCH","VAV",46686.1630081034,1,0,0,0,3
"39653","Sendai","Office","CL6","ZoneC","ABCH","VAV",45373.0199967731,1,0,1,0,3
"39656","Sendai","Office","CL6","ZoneC","ABCH","VAV",35436.3062775309,1,0,1,1,3
"39722","Sendai","Office","CL6","ZoneC","ABCH","FCU",87631.4833823001,1,1,0,0,3
"39905","Sendai","Office","CL6","ZoneC","ABCH","OHUFCU",63443.71563389,0,0,0,0,3
"39909","Sendai","Office","CL6","ZoneC","ABCH","OHUFCU",56216.6597937638,1,0,1,0,3
"39912","Sendai","Office","CL6","ZoneC","ABCH","OHUFCU",54172.8211833351,1,0,1,1,3
"39970","Sendai","Office","CL6","ZoneC","AHP","CAV",135834.365250063,1,0,0,0,3
"40033","Sendai","Office","CL6","ZoneC","AHP","VAV",51604.7194729953,0,0,0,0,3
"40034","Sendai","Office","CL6","ZoneC","AHP","VAV",44662.1852929484,1,0,0,0,3
"40037","Sendai","Office","CL6","ZoneC","AHP","VAV",43405.970759362,1,0,1,0,3
"40106","Sendai","Office","CL6","ZoneC","AHP","FCU",67459.3359210792,1,1,0,0,3
"40289","Sendai","Office","CL6","ZoneC","AHP","OHUFCU",48839.4211741992,0,0,0,0,3
"40293","Sendai","Office","CL6","ZoneC","AHP","OHUFCU",43275.9824553479,1,0,1,0,3
"40296","Sendai","Office","CL6","ZoneC","AHP","OHUFCU",41702.6210324004,1,0,1,1,3
"40417","Sendai","Office","CL6","ZoneC","TB","VAV",118076.638604404,0,0,0,0,3
"40801","Sendai","Office","CL6","ZoneC","AB","VAV",58482.1553766656,0,0,0,0,3
"41185","Sendai","Office","CL6","ZoneC","COM","VAV",51492.2723681075,0,0,0,0,3
"41186","Sendai","Office","CL6","ZoneC","COM","VAV",46202.1721674204,1,0,0,0,3
"41189","Sendai","Office","CL6","ZoneC","COM","VAV",44675.6066991552,1,0,1,0,3
"41506","Sendai","Office","CL6","ZoneC","AHP+TESICE","CAV",79269.4654999845,1,0,0,0,3
"41569","Sendai","Office","CL6","ZoneC","AHP+TESICE","VAV",81509.5220370365,0,0,0,0,3
"41825","Sendai","Office","CL6","ZoneC","AHP+TESICE","OHUFCU",78092.7806427205,0,0,0,0,3
"41953","Sendai","Office","CL6","ZoneC","COM+TESICE","VAV",96092.3975141721,0,0,0,0,3
"42273","Sendai","Office","CL7","ZoneC","EHP","MUL",70548.206680926,0,0,0,0,3
"42274","Sendai","Office","CL7","ZoneC","EHP","MUL",231925.831230498,1,0,0,0,3
"42277","Sendai","Office","CL7","ZoneC","EHP","MUL",51730.1180255092,1,0,1,0,3
"42278","Sendai","Office","CL7","ZoneC","EHP","MUL",39408.8871930916,1,0,0,1,3
"42280","Sendai","Office","CL7","ZoneC","EHP","MUL",50918.605667607,1,0,1,1,3
"42338","Sendai","Office","CL7","ZoneC","GHP","MUL",49346.9058547474,1,0,0,0,3
"42402","Sendai","Office","CL7","ZoneC","ABCH","CAV",111036.340310702,1,0,0,0,3
"42469","Sendai","Office","CL7","ZoneC","ABCH","VAV",75272.7046380101,1,0,1,0,3
"42472","Sendai","Office","CL7","ZoneC","ABCH","VAV",89264.6337432845,1,0,1,1,3
"42664","Sendai","Office","CL7","ZoneC","ABCH","VAVFCU",60792.2448671405,1,0,1,1,3
"42725","Sendai","Office","CL7","ZoneC","ABCH","OHUFCU",55589.3924206569,1,0,1,0,3
"42728","Sendai","Office","CL7","ZoneC","ABCH","OHUFCU",79510.2142125655,1,0,1,1,3
"42786","Sendai","Office","CL7","ZoneC","AHP","CAV",88185.88190877,1,0,0,0,3
"42853","Sendai","Office","CL7","ZoneC","AHP","VAV",59782.1382043652,1,0,1,0,3
"42856","Sendai","Office","CL7","ZoneC","AHP","VAV",70894.6316844362,1,0,1,1,3
"43109","Sendai","Office","CL7","ZoneC","AHP","OHUFCU",44631.7729198968,1,0,1,0,3
"43112","Sendai","Office","CL7","ZoneC","AHP","OHUFCU",62665.3329027669,1,0,1,1,3
"43240","Sendai","Office","CL7","ZoneC","TB","VAV",127236.218589132,1,0,1,1,3
"43624","Sendai","Office","CL7","ZoneC","AB","VAV",85584.471096031,1,0,1,1,3
"44001","Sendai","Office","CL7","ZoneC","COM","VAV",44181.1145436251,0,0,0,0,3
"44005","Sendai","Office","CL7","ZoneC","COM","VAV",59873.8244772898,1,0,1,0,3
"44008","Sendai","Office","CL7","ZoneC","COM","VAV",72650.3728143793,1,0,1,1,3
"44392","Sendai","Office","CL7","ZoneC","AHP+TESICE","VAV",126395.591728429,1,0,1,1,3
"44648","Sendai","Office","CL7","ZoneC","AHP+TESICE","OHUFCU",103781.882523909,1,0,1,1,3
"44773","Sendai","Office","CL7","ZoneC","COM+TESICE","VAV",77731.3408232029,1,0,1,0,3
"44776","Sendai","Office","CL7","ZoneC","COM+TESICE","VAV",94318.5263254606,1,0,1,1,3
"45090","Sendai","Office","CL8c","ZoneA","EHP","MUL",47611.8612379103,1,0,0,0,3
"45106","Sendai","Office","CL8c","ZoneA","EHP","MUL",23796.6760359652,1,0,0,0,4
"45288","Sendai","Office","CL8c","ZoneA","ABCH","VAV",94410.1091589052,1,0,1,1,3
"45672","Sendai","Office","CL8c","ZoneA","AHP","VAV",69034.4153527399,1,0,1,1,3
"46824","Sendai","Office","CL8c","ZoneA","COM","VAV",78659.3842520961,1,0,1,1,3
"47208","Sendai","Office","CL8c","ZoneA","AHP+TESICE","VAV",79580.2141123617,1,0,1,1,3
"47589","Sendai","Office","CL8c","ZoneA","COM+TESICE","VAV",45136.1736975012,1,0,1,0,3
"47592","Sendai","Office","CL8c","ZoneA","COM+TESICE","VAV",76712.3699214036,1,0,1,1,3
"47605","Sendai","Office","CL8c","ZoneA","COM+TESICE","VAV",82116.6356564062,1,0,1,0,4
"47608","Sendai","Office","CL8c","ZoneA","COM+TESICE","VAV",139563.485673224,1,0,1,1,4
"47912","Sendai","Office","CL9c","ZoneA","EHP","MUL",3045.7470645426,1,0,1,1,3
"47928","Sendai","Office","CL9c","ZoneA","EHP","MUL",1522.28151342888,1,0,1,1,4
"50408","Sendai","Office","CL9c","ZoneA","COM+TESICE","VAV",68214.0616191266,1,0,1,1,3
"50424","Sendai","Office","CL9c","ZoneA","COM+TESICE","VAV",34093.7716619911,1,0,1,1,4
"50690","Tokyo","Office","CL1","ZoneC","EHP","MUL",82960.496235842,1,0,0,0,1
"50706","Tokyo","Office","CL1","ZoneC","EHP","MUL",48882.0045878976,1,0,0,0,2
"50754","Tokyo","Office","CL1","ZoneC","GHP","MUL",18808.0698654526,1,0,0,0,1
"53505","Tokyo","Office","CL2","ZoneC","EHP","MUL",1632906.93826969,0,0,0,0,1
"53506","Tokyo","Office","CL2","ZoneC","EHP","MUL",4792765.16761809,1,0,0,0,1
"53508","Tokyo","Office","CL2","ZoneC","EHP","MUL",92167.7117836374,0,0,0,1,1
"53509","Tokyo","Office","CL2","ZoneC","EHP","MUL",84269.5123185015,1,0,1,0,1
"53510","Tokyo","Office","CL2","ZoneC","EHP","MUL",46009.4300043555,1,0,0,1,1
"53521","Tokyo","Office","CL2","ZoneC","EHP","MUL",789792.205652489,0,0,0,0,2
"53522","Tokyo","Office","CL2","ZoneC","EHP","MUL",2318128.78259835,1,0,0,0,2
"53524","Tokyo","Office","CL2","ZoneC","EHP","MUL",44578.9889634968,0,0,0,1,2
"53525","Tokyo","Office","CL2","ZoneC","EHP","MUL",40758.8469639392,1,0,1,0,2
"53569","Tokyo","Office","CL2","ZoneC","GHP","MUL",297556.042659698,0,0,0,0,1
"53570","Tokyo","Office","CL2","ZoneC","GHP","MUL",873360.387692923,1,0,0,0,1
"53585","Tokyo","Office","CL2","ZoneC","GHP","MUL",142923.659039969,0,0,0,0,2
"53586","Tokyo","Office","CL2","ZoneC","GHP","MUL",419496.983337671,1,0,0,0,2
"54017","Tokyo","Office","CL2","ZoneC","AHP","CAV",63639.6920138464,0,0,0,0,1
"54018","Tokyo","Office","CL2","ZoneC","AHP","CAV",80160.3233955797,1,0,0,0,1
"54034","Tokyo","Office","CL2","ZoneC","AHP","CAV",69070.767942105,1,0,0,0,2
"56321","Tokyo","Office","CL3","ZoneC","EHP","MUL",2164742.88298105,0,0,0,0,1
"56322","Tokyo","Office","CL3","ZoneC","EHP","MUL",6532652.39729034,1,0,0,0,1
"56324","Tokyo","Office","CL3","ZoneC","EHP","MUL",141483.904936219,0,0,0,1,1
"56325","Tokyo","Office","CL3","ZoneC","EHP","MUL",192723.918728358,1,0,1,0,1
"56326","Tokyo","Office","CL3","ZoneC","EHP","MUL",115685.737028889,1,0,0,1,1
"56328","Tokyo","Office","CL3","ZoneC","EHP","MUL",36695.4941613522,1,0,1,1,1
"56337","Tokyo","Office","CL3","ZoneC","EHP","MUL",1043951.71941695,0,0,0,0,2
"56338","Tokyo","Office","CL3","ZoneC","EHP","MUL",3150385.09012811,1,0,0,0,2
"56340","Tokyo","Office","CL3","ZoneC","EHP","MUL",68230.9049214148,0,0,0,1,2
"56341","Tokyo","Office","CL3","ZoneC","EHP","MUL",92941.5072390383,1,0,1,0,2
"56342","Tokyo","Office","CL3","ZoneC","EHP","MUL",55789.6852475213,1,0,0,1,2
"56385","Tokyo","Office","CL3","ZoneC","GHP","MUL",268437.147875355,0,0,0,0,1
"56386","Tokyo","Office","CL3","ZoneC","GHP","MUL",810076.148708636,1,0,0,0,1
"56401","Tokyo","Office","CL3","ZoneC","GHP","MUL",128937.120730822,0,0,0,0,2
"56402","Tokyo","Office","CL3","ZoneC","GHP","MUL",389099.970007518,1,0,0,0,2
"56449","Tokyo","Office","CL3","ZoneC","ABCH","CAV",77790.5894672367,0,0,0,0,1
"56450","Tokyo","Office","CL3","ZoneC","ABCH","CAV",92767.9761832422,1,0,0,0,1
"56465","Tokyo","Office","CL3","ZoneC","ABCH","CAV",37364.7787023733,0,0,0,0,2
"56466","Tokyo","Office","CL3","ZoneC","ABCH","CAV",44558.7946368985,1,0,0,0,2
"56833","Tokyo","Office","CL3","ZoneC","AHP","CAV",88250.3391955216,0,0,0,0,1
"56834","Tokyo","Office","CL3","ZoneC","AHP","CAV",126107.257164293,1,0,0,0,1
"56842","Tokyo","Office","CL3","ZoneC","AHP","CAV",42763.4349770932,1,1,0,0,1
"56849","Tokyo","Office","CL3","ZoneC","AHP","CAV",73009.5211422376,0,0,0,0,2
"56850","Tokyo","Office","CL3","ZoneC","AHP","CAV",87066.3863695952,1,0,0,0,2
"56897","Tokyo","Office","CL3","ZoneC","AHP","VAV",76144.6706772028,0,0,0,0,1
"59137","Tokyo","Office","CL4","ZoneC","EHP","MUL",2462773.5006514,0,0,0,0,1
"59138","Tokyo","Office","CL4","ZoneC","EHP","MUL",7606901.90033471,1,0,0,0,1
"59140","Tokyo","Office","CL4","ZoneC","EHP","MUL",182120.295358256,0,0,0,1,1
"59141","Tokyo","Office","CL4","ZoneC","EHP","MUL",350775.356212615,1,0,1,0,1
"59142","Tokyo","Office","CL4","ZoneC","EHP","MUL",227373.761640953,1,0,0,1,1
"59144","Tokyo","Office","CL4","ZoneC","EHP","MUL",98448.151174856,1,0,1,1,1
"59153","Tokyo","Office","CL4","ZoneC","EHP","MUL",1182932.1191179,0,0,0,0,2
"59154","Tokyo","Office","CL4","ZoneC","EHP","MUL",3653786.50635344,1,0,0,0,2
"59156","Tokyo","Office","CL4","ZoneC","EHP","MUL",87476.9632146585,0,0,0,1,2
"59157","Tokyo","Office","CL4","ZoneC","EHP","MUL",168486.235274649,1,0,1,0,2
"59158","Tokyo","Office","CL4","ZoneC","EHP","MUL",109213.342444443,1,0,0,1,2
"59160","Tokyo","Office","CL4","ZoneC","EHP","MUL",47287.1256986113,1,0,1,1,2
"59201","Tokyo","Office","CL4","ZoneC","GHP","MUL",219100.730937455,0,0,0,0,1
"59202","Tokyo","Office","CL4","ZoneC","GHP","MUL",676748.294592262,1,0,0,0,1
"59205","Tokyo","Office","CL4","ZoneC","GHP","MUL",31206.7418789028,1,0,1,0,1
"59217","Tokyo","Office","CL4","ZoneC","GHP","MUL",108905.600211676,0,0,0,0,2
"59218","Tokyo","Office","CL4","ZoneC","GHP","MUL",336382.625924868,1,0,0,0,2
"59265","Tokyo","Office","CL4","ZoneC","ABCH","CAV",65382.682338864,0,0,0,0,1
"59266","Tokyo","Office","CL4","ZoneC","ABCH","CAV",142436.916403327,1,0,0,0,1
"59274","Tokyo","Office","CL4","ZoneC","ABCH","CAV",53942.5099743142,1,1,0,0,1
"59281","Tokyo","Office","CL4","ZoneC","ABCH","CAV",84849.1224587228,0,0,0,0,2
"59282","Tokyo","Office","CL4","ZoneC","ABCH","CAV",95284.1158883474,1,0,0,0,2
"59290","Tokyo","Office","CL4","ZoneC","ABCH","CAV",33925.0013606987,1,1,0,0,2
"59329","Tokyo","Office","CL4","ZoneC","ABCH","VAV",60646.8853979728,0,0,0,0,1
"59330","Tokyo","Office","CL4","ZoneC","ABCH","VAV",51780.2989470001,1,0,0,0,1
"59585","Tokyo","Office","CL4","ZoneC","ABCH","OHUFCU",71463.4640396552,0,0,0,0,1
"59649","Tokyo","Office","CL4","ZoneC","AHP","CAV",100469.367592126,0,0,0,0,1
"59650","Tokyo","Office","CL4","ZoneC","AHP","CAV",213632.582300379,1,0,0,0,1
"59653","Tokyo","Office","CL4","ZoneC","AHP","CAV",33010.5955659647,1,0,1,0,1
"59657","Tokyo","Office","CL4","ZoneC","AHP","CAV",30868.0612466328,0,1,0,0,1
"59658","Tokyo","Office","CL4","ZoneC","AHP","CAV",65636.1614765576,1,1,0,0,1
"59665","Tokyo","Office","CL4","ZoneC","AHP","CAV",59464.1688978359,0,0,0,0,2
"59666","Tokyo","Office","CL4","ZoneC","AHP","CAV",129543.367621365,1,0,0,0,2
"59674","Tokyo","Office","CL4","ZoneC","AHP","CAV",49059.5737149678,1,1,0,0,2
"59713","Tokyo","Office","CL4","ZoneC","AHP","VAV",106853.305084836,0,0,0,0,1
"59714","Tokyo","Office","CL4","ZoneC","AHP","VAV",83680.70466711,1,0,0,0,1
"59729","Tokyo","Office","CL4","ZoneC","AHP","VAV",55157.0615861554,0,0,0,0,2
"59730","Tokyo","Office","CL4","ZoneC","AHP","VAV",47093.0884451437,1,0,0,0,2
"59778","Tokyo","Office","CL4","ZoneC","AHP","FCU",39586.7080107378,1,0,0,0,1
"59786","Tokyo","Office","CL4","ZoneC","AHP","FCU",48978.9251916787,1,1,0,0,1
"59969","Tokyo","Office","CL4","ZoneC","AHP","OHUFCU",121111.459239781,0,0,0,0,1
"59985","Tokyo","Office","CL4","ZoneC","AHP","OHUFCU",64994.5114465352,0,0,0,0,2
"61185","Tokyo","Office","CL4","ZoneC","AHP+TESICE","CAV",58347.5943787465,0,0,0,0,1
"61186","Tokyo","Office","CL4","ZoneC","AHP+TESICE","CAV",65523.352316288,1,0,0,0,1
"61202","Tokyo","Office","CL4","ZoneC","AHP+TESICE","CAV",59498.3344722283,1,0,0,0,2
"61953","Tokyo","Office","CL5","ZoneC","EHP","MUL",2161825.76499665,0,0,0,0,1
"61954","Tokyo","Office","CL5","ZoneC","EHP","MUL",6828831.29518386,1,0,0,0,1
"61956","Tokyo","Office","CL5","ZoneC","EHP","MUL",181271.993310871,0,0,0,1,1
"61957","Tokyo","Office","CL5","ZoneC","EHP","MUL",547158.106656697,1,0,1,0,1
"61958","Tokyo","Office","CL5","ZoneC","EHP","MUL",377099.51405435,1,0,0,1,1
"61960","Tokyo","Office","CL5","ZoneC","EHP","MUL",238729.250318174,1,0,1,1,1
"61969","Tokyo","Office","CL5","ZoneC","EHP","MUL",2302869.40578233,0,0,0,0,2
"61970","Tokyo","Office","CL5","ZoneC","EHP","MUL",7274363.60577939,1,0,0,0,2
"61972","Tokyo","Office","CL5","ZoneC","EHP","MUL",193098.691985212,0,0,0,1,2
"61973","Tokyo","Office","CL5","ZoneC","EHP","MUL",582856.252500738,1,0,1,0,2
"61974","Tokyo","Office","CL5","ZoneC","EHP","MUL",401702.555271603,1,0,0,1,2
"61976","Tokyo","Office","CL5","ZoneC","EHP","MUL",254304.623307106,1,0,1,1,2
"62017","Tokyo","Office","CL5","ZoneC","GHP","MUL",154750.228966514,0,0,0,0,1
"62018","Tokyo","Office","CL5","ZoneC","GHP","MUL",488829.036832686,1,0,0,0,1
"62021","Tokyo","Office","CL5","ZoneC","GHP","MUL",39167.283347712,1,0,1,0,1
"62033","Tokyo","Office","CL5","ZoneC","GHP","MUL",158576.870355127,0,0,0,0,2
"62034","Tokyo","Office","CL5","ZoneC","GHP","MUL",500916.730898098,1,0,0,0,2
"62037","Tokyo","Office","CL5","ZoneC","GHP","MUL",40135.8062929691,1,0,1,0,2
"62038","Tokyo","Office","CL5","ZoneC","GHP","MUL",27661.4617696864,1,0,0,1,2
"62081","Tokyo","Office","CL5","ZoneC","ABCH","CAV",88488.5816768773,0,0,0,0,1
"62082","Tokyo","Office","CL5","ZoneC","ABCH","CAV",184491.697451792,1,0,0,0,1
"62085","Tokyo","Office","CL5","ZoneC","ABCH","CAV",49699.8517154495,1,0,1,0,1
"62089","Tokyo","Office","CL5","ZoneC","ABCH","CAV",30582.5020588107,0,1,0,0,1
"62090","Tokyo","Office","CL5","ZoneC","ABCH","CAV",65551.2799670489,1,1,0,0,1
"62097","Tokyo","Office","CL5","ZoneC","ABCH","CAV",88001.4339974941,0,0,0,0,2
"62098","Tokyo","Office","CL5","ZoneC","ABCH","CAV",183476.033051075,1,0,0,0,2
"62101","Tokyo","Office","CL5","ZoneC","ABCH","CAV",49426.2439010846,1,0,1,0,2
"62102","Tokyo","Office","CL5","ZoneC","ABCH","CAV",29630.2627991081,1,0,0,1,2
"62105","Tokyo","Office","CL5","ZoneC","ABCH","CAV",30414.1391511298,0,1,0,0,2
"62106","Tokyo","Office","CL5","ZoneC","ABCH","CAV",65190.4068090504,1,1,0,0,2
"62145","Tokyo","Office","CL5","ZoneC","ABCH","VAV",112290.832284684,0,0,0,0,1
"62146","Tokyo","Office","CL5","ZoneC","ABCH","VAV",89679.4951027578,1,0,0,0,1
"62148","Tokyo","Office","CL5","ZoneC","ABCH","VAV",31970.9315691588,0,0,0,1,1
"62149","Tokyo","Office","CL5","ZoneC","ABCH","VAV",54147.6791995696,1,0,1,0,1
"62161","Tokyo","Office","CL5","ZoneC","ABCH","VAV",119617.004480763,0,0,0,0,2
"62162","Tokyo","Office","CL5","ZoneC","ABCH","VAV",95530.4395673473,1,0,0,0,2
"62164","Tokyo","Office","CL5","ZoneC","ABCH","VAV",34056.8057690302,0,0,0,1,2
"62165","Tokyo","Office","CL5","ZoneC","ABCH","VAV",57680.4272767089,1,0,1,0,2
"62210","Tokyo","Office","CL5","ZoneC","ABCH","FCU",47609.9407847858,1,0,0,0,1
"62218","Tokyo","Office","CL5","ZoneC","ABCH","FCU",65549.1198102863,1,1,0,0,1
"62226","Tokyo","Office","CL5","ZoneC","ABCH","FCU",50716.1482759741,1,0,0,0,2
"62234","Tokyo","Office","CL5","ZoneC","ABCH","FCU",69825.7301912127,1,1,0,0,2
"62274","Tokyo","Office","CL5","ZoneC","ABCH","CAVFCU",67157.7765337774,1,0,0,0,1
"62290","Tokyo","Office","CL5","ZoneC","ABCH","CAVFCU",71539.3402392174,1,0,0,0,2
"62401","Tokyo","Office","CL5","ZoneC","ABCH","OHUFCU",93984.2573177336,0,0,0,0,1
"62405","Tokyo","Office","CL5","ZoneC","ABCH","OHUFCU",49762.7329815209,1,0,1,0,1
"62408","Tokyo","Office","CL5","ZoneC","ABCH","OHUFCU",33767.209615959,1,0,1,1,1
"62417","Tokyo","Office","CL5","ZoneC","ABCH","OHUFCU",100116.056671439,0,0,0,0,2
"62421","Tokyo","Office","CL5","ZoneC","ABCH","OHUFCU",53009.3947378951,1,0,1,0,2
"62424","Tokyo","Office","CL5","ZoneC","ABCH","OHUFCU",35970.2780873051,1,0,1,1,2
"62465","Tokyo","Office","CL5","ZoneC","AHP","CAV",130221.786908056,0,0,0,0,1
"62466","Tokyo","Office","CL5","ZoneC","AHP","CAV",282548.417361001,1,0,0,0,1
"62469","Tokyo","Office","CL5","ZoneC","AHP","CAV",73821.659536382,1,0,1,0,1
"62470","Tokyo","Office","CL5","ZoneC","AHP","CAV",46042.3056463944,1,0,0,1,1
"62473","Tokyo","Office","CL5","ZoneC","AHP","CAV",47052.8771183711,0,1,0,0,1
"62474","Tokyo","Office","CL5","ZoneC","AHP","CAV",102092.87000081,1,1,0,0,1
"62481","Tokyo","Office","CL5","ZoneC","AHP","CAV",133494.981192166,0,0,0,0,2
"62482","Tokyo","Office","CL5","ZoneC","AHP","CAV",289650.422998069,1,0,0,0,2
"62485","Tokyo","Office","CL5","ZoneC","AHP","CAV",75677.2064442782,1,0,1,0,2
"62486","Tokyo","Office","CL5","ZoneC","AHP","CAV",47199.6036319873,1,0,0,1,2
"62489","Tokyo","Office","CL5","ZoneC","AHP","CAV",48235.5763585796,0,1,0,0,2
"62490","Tokyo","Office","CL5","ZoneC","AHP","CAV",104659.028909157,1,1,0,0,2
"62493","Tokyo","Office","CL5","ZoneC","AHP","CAV",27344.3513564927,1,1,1,0,2
"62529","Tokyo","Office","CL5","ZoneC","AHP","VAV",166136.573529589,0,0,0,0,1
"62530","Tokyo","Office","CL5","ZoneC","AHP","VAV",132682.639616234,1,0,0,0,1
"62532","Tokyo","Office","CL5","ZoneC","AHP","VAV",47301.6444475448,0,0,0,1,1
"62533","Tokyo","Office","CL5","ZoneC","AHP","VAV",80112.5942676167,1,0,1,0,1
"62536","Tokyo","Office","CL5","ZoneC","AHP","VAV",42741.5420096771,1,0,1,1,1
"62545","Tokyo","Office","CL5","ZoneC","AHP","VAV",176975.794514776,0,0,0,0,2
"62546","Tokyo","Office","CL5","ZoneC","AHP","VAV",141339.23112492,1,0,0,0,2
"62548","Tokyo","Office","CL5","ZoneC","AHP","VAV",50387.7378117995,0,0,0,1,2
"62549","Tokyo","Office","CL5","ZoneC","AHP","VAV",85339.3670035349,1,0,1,0,2
"62552","Tokyo","Office","CL5","ZoneC","AHP","VAV",45530.1213648907,1,0,1,1,2
"62594","Tokyo","Office","CL5","ZoneC","AHP","FCU",76158.2450020758,1,0,0,0,1
"62602","Tokyo","Office","CL5","ZoneC","AHP","FCU",108051.430276104,1,1,0,0,1
"62610","Tokyo","Office","CL5","ZoneC","AHP","FCU",81127.024782974,1,0,0,0,2
"62618","Tokyo","Office","CL5","ZoneC","AHP","FCU",115101.011868201,1,1,0,0,2
"62658","Tokyo","Office","CL5","ZoneC","AHP","CAVFCU",109324.981513945,1,0,0,0,1
"62674","Tokyo","Office","CL5","ZoneC","AHP","CAVFCU",116457.653198787,1,0,0,0,2
"62721","Tokyo","Office","CL5","ZoneC","AHP","VAVFCU",63032.6563260314,0,0,0,0,1
"62737","Tokyo","Office","CL5","ZoneC","AHP","VAVFCU",67145.0854961174,0,0,0,0,2
"62785","Tokyo","Office","CL5","ZoneC","AHP","OHUFCU",152709.294312102,0,0,0,0,1
"62789","Tokyo","Office","CL5","ZoneC","AHP","OHUFCU",81027.5065830942,1,0,1,0,1
"62792","Tokyo","Office","CL5","ZoneC","AHP","OHUFCU",55235.4913073716,1,0,1,1,1
"62801","Tokyo","Office","CL5","ZoneC","AHP","OHUFCU",162672.481540387,0,0,0,0,2
"62805","Tokyo","Office","CL5","ZoneC","AHP","OHUFCU",86313.9707918703,1,0,1,0,2
"62808","Tokyo","Office","CL5","ZoneC","AHP","OHUFCU",58839.211329919,1,0,1,1,2
"63617","Tokyo","Office","CL5","ZoneC","COM","CAV",50185.6003213496,0,0,0,0,1
"63618","Tokyo","Office","CL5","ZoneC","COM","CAV",68907.5885537119,1,0,0,0,1
"63633","Tokyo","Office","CL5","ZoneC","COM","CAV",53459.8511416273,0,0,0,0,2
"63634","Tokyo","Office","CL5","ZoneC","COM","CAV",73403.3149553221,1,0,0,0,2
"63681","Tokyo","Office","CL5","ZoneC","COM","VAV",81920.4646033335,0,0,0,0,1
"63697","Tokyo","Office","CL5","ZoneC","COM","VAV",87265.1879245148,0,0,0,0,2
"64001","Tokyo","Office","CL5","ZoneC","AHP+TESICE","CAV",48268.5670679411,0,0,0,0,1
"64002","Tokyo","Office","CL5","ZoneC","AHP+TESICE","CAV",102948.129728737,1,0,0,0,1
"64010","Tokyo","Office","CL5","ZoneC","AHP+TESICE","CAV",45087.6848338445,1,1,0,0,1
"64017","Tokyo","Office","CL5","ZoneC","AHP+TESICE","CAV",51417.745204774,0,0,0,0,2
"64018","Tokyo","Office","CL5","ZoneC","AHP+TESICE","CAV",109664.757527388,1,0,0,0,2
"64026","Tokyo","Office","CL5","ZoneC","AHP+TESICE","CAV",48029.3331972463,1,1,0,0,2
"64065","Tokyo","Office","CL5","ZoneC","AHP+TESICE","VAV",70156.140182556,0,0,0,0,1
"64066","Tokyo","Office","CL5","ZoneC","AHP+TESICE","VAV",64875.4791631408,1,0,0,0,1
"64081","Tokyo","Office","CL5","ZoneC","AHP+TESICE","VAV",74733.3256315567,0,0,0,0,2
"64082","Tokyo","Office","CL5","ZoneC","AHP+TESICE","VAV",69108.1393187564,1,0,0,0,2
"64321","Tokyo","Office","CL5","ZoneC","AHP+TESICE","OHUFCU",83203.5760373869,0,0,0,0,1
"64337","Tokyo","Office","CL5","ZoneC","AHP+TESICE","OHUFCU",88632.0131856134,0,0,0,0,2
"64386","Tokyo","Office","CL5","ZoneC","COM+TESICE","CAV",97601.4916204391,1,0,0,0,1
"64401","Tokyo","Office","CL5","ZoneC","COM+TESICE","CAV",50764.5226592221,0,0,0,0,2
"64402","Tokyo","Office","CL5","ZoneC","COM+TESICE","CAV",53204.7669341866,1,0,0,0,2
"64769","Tokyo","Office","CL6","ZoneC","EHP","MUL",1128172.78381805,0,0,0,0,1
"64770","Tokyo","Office","CL6","ZoneC","EHP","MUL",3650029.46631418,1,0,0,0,1
"64772","Tokyo","Office","CL6","ZoneC","EHP","MUL",107833.237048757,0,0,0,1,1
"64773","Tokyo","Office","CL6","ZoneC","EHP","MUL",504803.783044207,1,0,1,0,1
"64774","Tokyo","Office","CL6","ZoneC","EHP","MUL",372243.077923641,1,0,0,1,1
"64776","Tokyo","Office","CL6","ZoneC","EHP","MUL",345012.374406135,1,0,1,1,1
"64785","Tokyo","Office","CL6","ZoneC","EHP","MUL",1201777.97413516,0,0,0,0,2
"64786","Tokyo","Office","CL6","ZoneC","EHP","MUL",3888167.73501261,1,0,0,0,2
"64788","Tokyo","Office","CL6","ZoneC","EHP","MUL",114868.583096215,0,0,0,1,2
"64789","Tokyo","Office","CL6","ZoneC","EHP","MUL",537738.612758871,1,0,1,0,2
"64790","Tokyo","Office","CL6","ZoneC","EHP","MUL",396529.27148175,1,0,0,1,2
"64792","Tokyo","Office","CL6","ZoneC","EHP","MUL",367521.959679038,1,0,1,1,2
"64833","Tokyo","Office","CL6","ZoneC","GHP","MUL",79856.9422665012,0,0,0,0,1
"64834","Tokyo","Office","CL6","ZoneC","GHP","MUL",258364.850263477,1,0,0,0,1
"64837","Tokyo","Office","CL6","ZoneC","GHP","MUL",35732.1920336045,1,0,1,0,1
"64849","Tokyo","Office","CL6","ZoneC","GHP","MUL",85067.0355411996,0,0,0,0,2
"64850","Tokyo","Office","CL6","ZoneC","GHP","MUL",275221.305451605,1,0,0,0,2
"64853","Tokyo","Office","CL6","ZoneC","GHP","MUL",38063.4615277861,1,0,1,0,2
"64897","Tokyo","Office","CL6","ZoneC","ABCH","CAV",68727.5418339454,0,0,0,0,1
"64898","Tokyo","Office","CL6","ZoneC","ABCH","CAV",152024.045168879,1,0,0,0,1
"64901","Tokyo","Office","CL6","ZoneC","ABCH","CAV",67139.4065934488,1,0,1,0,1
"64902","Tokyo","Office","CL6","ZoneC","ABCH","CAV",45022.6556584237,1,0,0,1,1
"64904","Tokyo","Office","CL6","ZoneC","ABCH","CAV",37446.6827898383,1,0,1,1,1
"64906","Tokyo","Office","CL6","ZoneC","ABCH","CAV",64443.1522028359,1,1,0,0,1
"64913","Tokyo","Office","CL6","ZoneC","ABCH","CAV",68614.0867329958,0,0,0,0,2
"64914","Tokyo","Office","CL6","ZoneC","ABCH","CAV",151773.08459425,1,0,0,0,2
"64917","Tokyo","Office","CL6","ZoneC","ABCH","CAV",67028.5731786416,1,0,1,0,2
"64918","Tokyo","Office","CL6","ZoneC","ABCH","CAV",44948.3324714386,1,0,0,1,2
"64920","Tokyo","Office","CL6","ZoneC","ABCH","CAV",37384.8659830272,1,0,1,1,2
"64921","Tokyo","Office","CL6","ZoneC","ABCH","CAV",29085.5833344069,0,1,0,0,2
"64922","Tokyo","Office","CL6","ZoneC","ABCH","CAV",64336.7697520223,1,1,0,0,2
"64961","Tokyo","Office","CL6","ZoneC","ABCH","VAV",125999.755732277,0,0,0,0,1
"64962","Tokyo","Office","CL6","ZoneC","ABCH","VAV",102410.575328211,1,0,0,0,1
"64964","Tokyo","Office","CL6","ZoneC","ABCH","VAV",39779.2415565197,0,0,0,1,1
"64965","Tokyo","Office","CL6","ZoneC","ABCH","VAV",104363.025512733,1,0,1,0,1
"64968","Tokyo","Office","CL6","ZoneC","ABCH","VAV",88580.2990265035,1,0,1,1,1
"64977","Tokyo","Office","CL6","ZoneC","ABCH","VAV",134220.336953176,0,0,0,0,2
"64978","Tokyo","Office","CL6","ZoneC","ABCH","VAV",109092.131554029,1,0,0,0,2
"64980","Tokyo","Office","CL6","ZoneC","ABCH","VAV",42374.5520332793,0,0,0,1,2
"64981","Tokyo","Office","CL6","ZoneC","ABCH","VAV",111171.965122973,1,0,1,0,2
"64984","Tokyo","Office","CL6","ZoneC","ABCH","VAV",94359.5288233142,1,0,1,1,2
"65026","Tokyo","Office","CL6","ZoneC","ABCH","FCU",55285.3410473675,1,0,0,0,1
"65034","Tokyo","Office","CL6","ZoneC","ABCH","FCU",89408.3009115222,1,1,0,0,1
"65042","Tokyo","Office","CL6","ZoneC","ABCH","FCU",58892.3134082555,1,0,0,0,2
"65050","Tokyo","Office","CL6","ZoneC","ABCH","FCU",95241.5518983528,1,1,0,0,2
"65090","Tokyo","Office","CL6","ZoneC","ABCH","CAVFCU",91846.9917001563,1,0,0,0,1
"65106","Tokyo","Office","CL6","ZoneC","ABCH","CAVFCU",97839.3497867117,1,0,0,0,2
"65153","Tokyo","Office","CL6","ZoneC","ABCH","VAVFCU",91903.6804062136,0,0,0,0,1
"65169","Tokyo","Office","CL6","ZoneC","ABCH","VAVFCU",97899.7370246412,0,0,0,0,2
"65217","Tokyo","Office","CL6","ZoneC","ABCH","OHUFCU",94888.3941777271,0,0,0,0,1
"65221","Tokyo","Office","CL6","ZoneC","ABCH","OHUFCU",82132.6209640475,1,0,1,0,1
"65224","Tokyo","Office","CL6","ZoneC","ABCH","OHUFCU",87700.6059982763,1,0,1,1,1
"65233","Tokyo","Office","CL6","ZoneC","ABCH","OHUFCU",101079.181983031,0,0,0,0,2
"65237","Tokyo","Office","CL6","ZoneC","ABCH","OHUFCU",87491.1859675766,1,0,1,0,2
"65240","Tokyo","Office","CL6","ZoneC","ABCH","OHUFCU",93422.4421283611,1,0,1,1,2
"65281","Tokyo","Office","CL6","ZoneC","AHP","CAV",88380.2171650155,0,0,0,0,1
"65282","Tokyo","Office","CL6","ZoneC","AHP","CAV",195495.397737235,1,0,0,0,1
"65285","Tokyo","Office","CL6","ZoneC","AHP","CAV",86337.953849653,1,0,1,0,1
"65286","Tokyo","Office","CL6","ZoneC","AHP","CAV",57896.9068041345,1,0,0,1,1
"65288","Tokyo","Office","CL6","ZoneC","AHP","CAV",48154.5806639156,1,0,1,1,1
"65289","Tokyo","Office","CL6","ZoneC","AHP","CAV",37464.4667569387,0,1,0,0,1
"65290","Tokyo","Office","CL6","ZoneC","AHP","CAV",82870.704153014,1,1,0,0,1
"65293","Tokyo","Office","CL6","ZoneC","AHP","CAV",36598.7491954571,1,1,1,0,1
"65297","Tokyo","Office","CL6","ZoneC","AHP","CAV",94146.3930540338,0,0,0,0,2
"65298","Tokyo","Office","CL6","ZoneC","AHP","CAV",208250.07163379,1,0,0,0,2
"65301","Tokyo","Office","CL6","ZoneC","AHP","CAV",91970.8866910096,1,0,1,0,2
"65302","Tokyo","Office","CL6","ZoneC","AHP","CAV",61674.2651176972,1,0,0,1,2
"65304","Tokyo","Office","CL6","ZoneC","AHP","CAV",51296.3220046459,1,0,1,1,2
"65305","Tokyo","Office","CL6","ZoneC","AHP","CAV",39908.7547643493,0,1,0,0,2
"65306","Tokyo","Office","CL6","ZoneC","AHP","CAV",88277.4237959505,1,1,0,0,2
"65309","Tokyo","Office","CL6","ZoneC","AHP","CAV",38986.5553352072,1,1,1,0,2
"65345","Tokyo","Office","CL6","ZoneC","AHP","VAV",183491.897460355,0,0,0,0,1
"65346","Tokyo","Office","CL6","ZoneC","AHP","VAV",149139.263626099,1,0,0,0,1
"65348","Tokyo","Office","CL6","ZoneC","AHP","VAV",57930.0211363014,0,0,0,1,1
"65349","Tokyo","Office","CL6","ZoneC","AHP","VAV",151982.592860927,1,0,1,0,1
"65352","Tokyo","Office","CL6","ZoneC","AHP","VAV",128998.402032735,1,0,1,1,1
"65361","Tokyo","Office","CL6","ZoneC","AHP","VAV",195463.428973913,0,0,0,0,2
"65362","Tokyo","Office","CL6","ZoneC","AHP","VAV",158869.531932875,1,0,0,0,2
"65364","Tokyo","Office","CL6","ZoneC","AHP","VAV",61709.53992276,0,0,0,1,2
"65365","Tokyo","Office","CL6","ZoneC","AHP","VAV",161898.36802664,1,0,1,0,2
"65368","Tokyo","Office","CL6","ZoneC","AHP","VAV",137414.623438192,1,0,1,1,2
"65410","Tokyo","Office","CL6","ZoneC","AHP","FCU",80511.3634670771,1,0,0,0,1
"65418","Tokyo","Office","CL6","ZoneC","AHP","FCU",130204.211013078,1,1,0,0,1
"65426","Tokyo","Office","CL6","ZoneC","AHP","FCU",72010.8881072402,1,0,0,0,2
"65433","Tokyo","Office","CL6","ZoneC","AHP","FCU",35995.2557704252,0,1,0,0,2
"65434","Tokyo","Office","CL6","ZoneC","AHP","FCU",116457.111972626,1,1,0,0,2
"65474","Tokyo","Office","CL6","ZoneC","AHP","CAVFCU",133755.646470431,1,0,0,0,1
"65490","Tokyo","Office","CL6","ZoneC","AHP","CAVFCU",142482.243987813,1,0,0,0,2
"65537","Tokyo","Office","CL6","ZoneC","AHP","VAVFCU",50675.8740392596,0,0,0,0,1
"65538","Tokyo","Office","CL6","ZoneC","AHP","VAVFCU",41188.5355289709,1,0,0,0,1
"65541","Tokyo","Office","CL6","ZoneC","AHP","VAVFCU",41973.7919689039,1,0,1,0,1
"65553","Tokyo","Office","CL6","ZoneC","AHP","VAVFCU",53982.1117066161,0,0,0,0,2
"65554","Tokyo","Office","CL6","ZoneC","AHP","VAVFCU",43875.7923392555,1,0,0,0,2
"65557","Tokyo","Office","CL6","ZoneC","AHP","VAVFCU",44712.2811352053,1,0,1,0,2
"65601","Tokyo","Office","CL6","ZoneC","AHP","OHUFCU",138184.803561306,0,0,0,0,1
"65605","Tokyo","Office","CL6","ZoneC","AHP","OHUFCU",119608.727624101,1,0,1,0,1
"65608","Tokyo","Office","CL6","ZoneC","AHP","OHUFCU",127717.315875117,1,0,1,1,1
"65617","Tokyo","Office","CL6","ZoneC","AHP","OHUFCU",147200.371842115,0,0,0,0,2
"65621","Tokyo","Office","CL6","ZoneC","AHP","OHUFCU",127412.340055315,1,0,1,0,2
"65624","Tokyo","Office","CL6","ZoneC","AHP","OHUFCU",136049.955588302,1,0,1,1,2
"65729","Tokyo","Office","CL6","ZoneC","TB","VAV",81783.6680101908,0,0,0,0,1
"65745","Tokyo","Office","CL6","ZoneC","TB","VAV",87119.4663338739,0,0,0,0,2
"66113","Tokyo","Office","CL6","ZoneC","AB","VAV",67695.427457435,0,0,0,0,1
"66129","Tokyo","Office","CL6","ZoneC","AB","VAV",72112.0690331513,0,0,0,0,2
"66434","Tokyo","Office","CL6","ZoneC","COM","CAV",122549.02879191,1,0,0,0,1
"66442","Tokyo","Office","CL6","ZoneC","COM","CAV",62148.4380749569,1,1,0,0,1
"66450","Tokyo","Office","CL6","ZoneC","COM","CAV",174938.867290717,1,0,0,0,2
"66497","Tokyo","Office","CL6","ZoneC","COM","VAV",56768.9176526385,0,0,0,0,1
"66498","Tokyo","Office","CL6","ZoneC","COM","VAV",53639.3027284213,1,0,0,0,1
"66501","Tokyo","Office","CL6","ZoneC","COM","VAV",46639.1864988889,1,0,1,0,1
"66504","Tokyo","Office","CL6","ZoneC","COM","VAV",38834.367483392,1,0,1,1,1
"66513","Tokyo","Office","CL6","ZoneC","COM","VAV",54675.1444287278,0,0,0,0,2
"66514","Tokyo","Office","CL6","ZoneC","COM","VAV",47151.6099502953,1,0,0,0,2
"66517","Tokyo","Office","CL6","ZoneC","COM","VAV",45574.4116484368,1,0,1,0,2
"66520","Tokyo","Office","CL6","ZoneC","COM","VAV",38131.0792778807,1,0,1,1,2
"66586","Tokyo","Office","CL6","ZoneC","COM","FCU",58216.0510334268,1,1,0,0,2
"66753","Tokyo","Office","CL6","ZoneC","COM","OHUFCU",40995.0761901393,0,0,0,0,1
"66757","Tokyo","Office","CL6","ZoneC","COM","OHUFCU",35113.1895349823,1,0,1,0,1
"66760","Tokyo","Office","CL6","ZoneC","COM","OHUFCU",36341.1847066994,1,0,1,1,1
"66769","Tokyo","Office","CL6","ZoneC","COM","OHUFCU",38446.0272912467,0,0,0,0,2
"66773","Tokyo","Office","CL6","ZoneC","COM","OHUFCU",33323.501899887,1,0,1,0,2
"66776","Tokyo","Office","CL6","ZoneC","COM","OHUFCU",34738.5882168115,1,0,1,1,2
"66817","Tokyo","Office","CL6","ZoneC","AHP+TESICE","CAV",54546.2510282054,0,0,0,0,1
"66818","Tokyo","Office","CL6","ZoneC","AHP+TESICE","CAV",112623.187536211,1,0,0,0,1
"66821","Tokyo","Office","CL6","ZoneC","AHP+TESICE","CAV",52432.700113202,1,0,1,0,1
"66826","Tokyo","Office","CL6","ZoneC","AHP+TESICE","CAV",46354.4610619894,1,1,0,0,1
"66833","Tokyo","Office","CL6","ZoneC","AHP+TESICE","CAV",48443.8277883607,0,0,0,0,2
"66834","Tokyo","Office","CL6","ZoneC","AHP+TESICE","CAV",107156.84669248,1,0,0,0,2
"66837","Tokyo","Office","CL6","ZoneC","AHP+TESICE","CAV",47324.4024743995,1,0,1,0,2
"66842","Tokyo","Office","CL6","ZoneC","AHP+TESICE","CAV",45423.8997081571,1,1,0,0,2
"66881","Tokyo","Office","CL6","ZoneC","AHP+TESICE","VAV",83121.6968975312,0,0,0,0,1
"66882","Tokyo","Office","CL6","ZoneC","AHP+TESICE","VAV",71683.7947383596,1,0,0,0,1
"66885","Tokyo","Office","CL6","ZoneC","AHP+TESICE","VAV",69286.0068483745,1,0,1,0,1
"66888","Tokyo","Office","CL6","ZoneC","AHP+TESICE","VAV",57970.0345966787,1,0,1,1,1
"66897","Tokyo","Office","CL6","ZoneC","AHP+TESICE","VAV",78762.3022199566,0,0,0,0,2
"66898","Tokyo","Office","CL6","ZoneC","AHP+TESICE","VAV",64016.7327122358,1,0,0,0,2
"66901","Tokyo","Office","CL6","ZoneC","AHP+TESICE","VAV",65237.2070743408,1,0,1,0,2
"66904","Tokyo","Office","CL6","ZoneC","AHP+TESICE","VAV",55371.4429215545,1,0,1,1,2
"66954","Tokyo","Office","CL6","ZoneC","AHP+TESICE","FCU",88504.8772917219,1,1,0,0,1
"66970","Tokyo","Office","CL6","ZoneC","AHP+TESICE","FCU",82645.4230751893,1,1,0,0,2
"67026","Tokyo","Office","CL6","ZoneC","AHP+TESICE","CAVFCU",52460.7258790229,1,0,0,0,2
"67089","Tokyo","Office","CL6","ZoneC","AHP+TESICE","VAVFCU",52493.105063293,0,0,0,0,2
"67137","Tokyo","Office","CL6","ZoneC","AHP+TESICE","OHUFCU",58448.8447320522,0,0,0,0,1
"67141","Tokyo","Office","CL6","ZoneC","AHP+TESICE","OHUFCU",50661.1560596327,1,0,1,0,1
"67144","Tokyo","Office","CL6","ZoneC","AHP+TESICE","OHUFCU",52812.4878420768,1,0,1,1,1
"67153","Tokyo","Office","CL6","ZoneC","AHP+TESICE","OHUFCU",54197.8996144948,0,0,0,0,2
"67157","Tokyo","Office","CL6","ZoneC","AHP+TESICE","OHUFCU",46912.1180167433,1,0,1,0,2
"67160","Tokyo","Office","CL6","ZoneC","AHP+TESICE","OHUFCU",50092.4131050437,1,0,1,1,2
"67202","Tokyo","Office","CL6","ZoneC","COM+TESICE","CAV",132177.806291819,1,0,0,0,1
"67218","Tokyo","Office","CL6","ZoneC","COM+TESICE","CAV",140801.461043427,1,0,0,0,2
"67265","Tokyo","Office","CL6","ZoneC","COM+TESICE","VAV",72077.6858124457,0,0,0,0,1
"67266","Tokyo","Office","CL6","ZoneC","COM+TESICE","VAV",68104.1134677705,1,0,0,0,1
"67281","Tokyo","Office","CL6","ZoneC","COM+TESICE","VAV",53978.4110068045,0,0,0,0,2
"67282","Tokyo","Office","CL6","ZoneC","COM+TESICE","VAV",51002.6339855459,1,0,0,0,2
"67285","Tokyo","Office","CL6","ZoneC","COM+TESICE","VAV",44346.6122300293,1,0,1,0,2
"67521","Tokyo","Office","CL6","ZoneC","COM+TESICE","OHUFCU",80473.8794144511,0,0,0,0,1
"67537","Tokyo","Office","CL6","ZoneC","COM+TESICE","OHUFCU",85724.2234174416,0,0,0,0,2
"67585","Tokyo","Office","CL7","ZoneC","EHP","MUL",617692.743721675,0,0,0,0,1
"67586","Tokyo","Office","CL7","ZoneC","EHP","MUL",2010998.01614751,1,0,0,0,1
"67588","Tokyo","Office","CL7","ZoneC","EHP","MUL",61952.6238499704,0,0,0,1,1
"67589","Tokyo","Office","CL7","ZoneC","EHP","MUL",454634.156090019,1,0,1,0,1
"67590","Tokyo","Office","CL7","ZoneC","EHP","MUL",328419.411988159,1,0,0,1,1
"67592","Tokyo","Office","CL7","ZoneC","EHP","MUL",423047.964345687,1,0,1,1,1
"67601","Tokyo","Office","CL7","ZoneC","EHP","MUL",657992.769224208,0,0,0,0,2
"67602","Tokyo","Office","CL7","ZoneC","EHP","MUL",2142201.2270643,1,0,0,0,2
"67604","Tokyo","Office","CL7","ZoneC","EHP","MUL",65994.5886398751,0,0,0,1,2
"67605","Tokyo","Office","CL7","ZoneC","EHP","MUL",484295.777132156,1,0,1,0,2
"67606","Tokyo","Office","CL7","ZoneC","EHP","MUL",349846.425358763,1,0,0,1,2
"67608","Tokyo","Office","CL7","ZoneC","EHP","MUL",450648.812704702,1,0,1,1,2
"67649","Tokyo","Office","CL7","ZoneC","GHP","MUL",45213.7341612794,0,0,0,0,1
"67650","Tokyo","Office","CL7","ZoneC","GHP","MUL",147200.579293066,1,0,0,0,1
"67653","Tokyo","Office","CL7","ZoneC","GHP","MUL",33278.2084345707,1,0,1,0,1
"67656","Tokyo","Office","CL7","ZoneC","GHP","MUL",30966.1694941571,1,0,1,1,1
"67665","Tokyo","Office","CL7","ZoneC","GHP","MUL",48163.6063401007,0,0,0,0,2
"67666","Tokyo","Office","CL7","ZoneC","GHP","MUL",156804.362338592,1,0,0,0,2
"67669","Tokyo","Office","CL7","ZoneC","GHP","MUL",35449.373082728,1,0,1,0,2
"67672","Tokyo","Office","CL7","ZoneC","GHP","MUL",32986.4901681726,1,0,1,1,2
"67713","Tokyo","Office","CL7","ZoneC","ABCH","CAV",47851.3051567008,0,0,0,0,1
"67714","Tokyo","Office","CL7","ZoneC","ABCH","CAV",105914.131628038,1,0,0,0,1
"67717","Tokyo","Office","CL7","ZoneC","ABCH","CAV",75857.8875027809,1,0,1,0,1
"67718","Tokyo","Office","CL7","ZoneC","ABCH","CAV",49088.9284138467,1,0,0,1,1
"67720","Tokyo","Office","CL7","ZoneC","ABCH","CAV",58878.761103923,1,0,1,1,1
"67722","Tokyo","Office","CL7","ZoneC","ABCH","CAV",50945.6845584398,1,1,0,0,1
"67725","Tokyo","Office","CL7","ZoneC","ABCH","CAV",36488.3509743401,1,1,1,0,1
"67729","Tokyo","Office","CL7","ZoneC","ABCH","CAV",47788.8827388412,0,0,0,0,2
"67730","Tokyo","Office","CL7","ZoneC","ABCH","CAV",105775.965779477,1,0,0,0,2
"67733","Tokyo","Office","CL7","ZoneC","ABCH","CAV",75758.9302698247,1,0,1,0,2
"67734","Tokyo","Office","CL7","ZoneC","ABCH","CAV",49024.8915063539,1,0,0,1,2
"67736","Tokyo","Office","CL7","ZoneC","ABCH","CAV",58801.9532798386,1,0,1,1,2
"67738","Tokyo","Office","CL7","ZoneC","ABCH","CAV",50879.2254974123,1,1,0,0,2
"67741","Tokyo","Office","CL7","ZoneC","ABCH","CAV",36440.7516228894,1,1,1,0,2
"67744","Tokyo","Office","CL7","ZoneC","ABCH","CAV",28284.2876315642,1,1,1,1,2
"67777","Tokyo","Office","CL7","ZoneC","ABCH","VAV",130122.378075686,0,0,0,0,1
"67778","Tokyo","Office","CL7","ZoneC","ABCH","VAV",105569.530493147,1,0,0,0,1
"67780","Tokyo","Office","CL7","ZoneC","ABCH","VAV",41390.7304246372,0,0,0,1,1
"67781","Tokyo","Office","CL7","ZoneC","ABCH","VAV",174742.331707898,1,0,1,0,1
"67784","Tokyo","Office","CL7","ZoneC","ABCH","VAV",198984.637528747,1,0,1,1,1
"67793","Tokyo","Office","CL7","ZoneC","ABCH","VAV",127137.293236842,0,0,0,0,2
"67794","Tokyo","Office","CL7","ZoneC","ABCH","VAV",103147.702598673,1,0,0,0,2
"67796","Tokyo","Office","CL7","ZoneC","ABCH","VAV",40441.2024211802,0,0,0,1,2
"67797","Tokyo","Office","CL7","ZoneC","ABCH","VAV",170733.638562265,1,0,1,0,2
"67798","Tokyo","Office","CL7","ZoneC","ABCH","VAV",29180.98697193,1,0,0,1,2
"67800","Tokyo","Office","CL7","ZoneC","ABCH","VAV",194419.811451678,1,0,1,1,2
"67808","Tokyo","Office","CL7","ZoneC","ABCH","VAV",28209.6366031546,1,1,1,1,2
"67842","Tokyo","Office","CL7","ZoneC","ABCH","FCU",57629.2497405732,1,0,0,0,1
"67850","Tokyo","Office","CL7","ZoneC","ABCH","FCU",102042.387072328,1,1,0,0,1
"67858","Tokyo","Office","CL7","ZoneC","ABCH","FCU",61389.1453486126,1,0,0,0,2
"67866","Tokyo","Office","CL7","ZoneC","ABCH","FCU",108699.921652671,1,1,0,0,2
"67906","Tokyo","Office","CL7","ZoneC","ABCH","CAVFCU",108199.764237039,1,0,0,0,1
"67922","Tokyo","Office","CL7","ZoneC","ABCH","CAVFCU",115259.023557212,1,0,0,0,2
"67969","Tokyo","Office","CL7","ZoneC","ABCH","VAVFCU",44805.7935039226,0,0,0,0,1
"67973","Tokyo","Office","CL7","ZoneC","ABCH","VAVFCU",60170.0410543062,1,0,1,0,1
"67976","Tokyo","Office","CL7","ZoneC","ABCH","VAVFCU",68517.5348884265,1,0,1,1,1
"67985","Tokyo","Office","CL7","ZoneC","ABCH","VAVFCU",39460.9550293765,0,0,0,0,2
"67986","Tokyo","Office","CL7","ZoneC","ABCH","VAVFCU",32015.0504230668,1,0,0,0,2
"67989","Tokyo","Office","CL7","ZoneC","ABCH","VAVFCU",52992.4167943115,1,0,1,0,2
"67992","Tokyo","Office","CL7","ZoneC","ABCH","VAVFCU",60344.146404175,1,0,1,1,2
"68033","Tokyo","Office","CL7","ZoneC","ABCH","OHUFCU",78065.6689464374,0,0,0,0,1
"68037","Tokyo","Office","CL7","ZoneC","ABCH","OHUFCU",107263.537135667,1,0,1,0,1
"68040","Tokyo","Office","CL7","ZoneC","ABCH","OHUFCU",146631.387426877,1,0,1,1,1
"68049","Tokyo","Office","CL7","ZoneC","ABCH","OHUFCU",83158.8944722195,0,0,0,0,2
"68053","Tokyo","Office","CL7","ZoneC","ABCH","OHUFCU",114261.714345933,1,0,1,0,2
"68056","Tokyo","Office","CL7","ZoneC","ABCH","OHUFCU",156198.03478163,1,0,1,1,2
"68097","Tokyo","Office","CL7","ZoneC","AHP","CAV",55306.9771239692,0,0,0,0,1
"68098","Tokyo","Office","CL7","ZoneC","AHP","CAV",122416.524186209,1,0,0,0,1
"68101","Tokyo","Office","CL7","ZoneC","AHP","CAV",87677.2417189006,1,0,1,0,1
"68102","Tokyo","Office","CL7","ZoneC","AHP","CAV",56737.4334291193,1,0,0,1,1
"68104","Tokyo","Office","CL7","ZoneC","AHP","CAV",68052.6117897603,1,0,1,1,1
"68106","Tokyo","Office","CL7","ZoneC","AHP","CAV",58883.4892007959,1,1,0,0,1
"68109","Tokyo","Office","CL7","ZoneC","AHP","CAV",42173.5705226963,1,1,1,0,1
"68112","Tokyo","Office","CL7","ZoneC","AHP","CAV",32733.940601948,1,1,1,1,1
"68113","Tokyo","Office","CL7","ZoneC","AHP","CAV",53420.744049277,0,0,0,0,2
"68114","Tokyo","Office","CL7","ZoneC","AHP","CAV",118241.53381761,1,0,0,0,2
"68117","Tokyo","Office","CL7","ZoneC","AHP","CAV",84687.0274307959,1,0,1,0,2
"68118","Tokyo","Office","CL7","ZoneC","AHP","CAV",54802.4149364747,1,0,0,1,2
"68120","Tokyo","Office","CL7","ZoneC","AHP","CAV",65731.6914673693,1,0,1,1,2
"68121","Tokyo","Office","CL7","ZoneC","AHP","CAV",25695.8758324104,0,1,0,0,2
"68122","Tokyo","Office","CL7","ZoneC","AHP","CAV",56875.2799176368,1,1,0,0,2
"68125","Tokyo","Office","CL7","ZoneC","AHP","CAV",40735.2495777735,1,1,1,0,2
"68126","Tokyo","Office","CL7","ZoneC","AHP","CAV",26360.4724079641,1,1,0,1,2
"68128","Tokyo","Office","CL7","ZoneC","AHP","CAV",31617.5562931472,1,1,1,1,2
"68161","Tokyo","Office","CL7","ZoneC","AHP","VAV",142062.042284273,0,0,0,0,1
"68162","Tokyo","Office","CL7","ZoneC","AHP","VAV",115256.294317992,1,0,0,0,1
"68164","Tokyo","Office","CL7","ZoneC","AHP","VAV",45188.6276804868,0,0,0,1,1
"68165","Tokyo","Office","CL7","ZoneC","AHP","VAV",190776.197630669,1,0,1,0,1
"68166","Tokyo","Office","CL7","ZoneC","AHP","VAV",32606.5664885638,1,0,0,1,1
"68168","Tokyo","Office","CL7","ZoneC","AHP","VAV",217242.909394778,1,0,1,1,1
"68173","Tokyo","Office","CL7","ZoneC","AHP","VAV",27680.9609448181,1,1,1,0,1
"68176","Tokyo","Office","CL7","ZoneC","AHP","VAV",31521.1885192158,1,1,1,1,1
"68177","Tokyo","Office","CL7","ZoneC","AHP","VAV",151330.572609729,0,0,0,0,2
"68178","Tokyo","Office","CL7","ZoneC","AHP","VAV",122775.941662975,1,0,0,0,2
"68180","Tokyo","Office","CL7","ZoneC","AHP","VAV",48136.8618413346,0,0,0,1,2
"68181","Tokyo","Office","CL7","ZoneC","AHP","VAV",203222.977535302,1,0,1,0,2
"68182","Tokyo","Office","CL7","ZoneC","AHP","VAV",34733.911312338,1,0,0,1,2
"68184","Tokyo","Office","CL7","ZoneC","AHP","VAV",231416.452597026,1,0,1,1,2
"68189","Tokyo","Office","CL7","ZoneC","AHP","VAV",29486.9453008743,1,1,1,0,2
"68192","Tokyo","Office","CL7","ZoneC","AHP","VAV",33577.7202076744,1,1,1,1,2
"68226","Tokyo","Office","CL7","ZoneC","AHP","FCU",71046.8180645746,1,0,0,0,1
"68234","Tokyo","Office","CL7","ZoneC","AHP","FCU",125800.473576154,1,1,0,0,1
"68242","Tokyo","Office","CL7","ZoneC","AHP","FCU",75682.1138633,1,0,0,0,2
"68250","Tokyo","Office","CL7","ZoneC","AHP","FCU",134008.053064305,1,1,0,0,2
"68290","Tokyo","Office","CL7","ZoneC","AHP","CAVFCU",133391.446166383,1,0,0,0,1
"68306","Tokyo","Office","CL7","ZoneC","AHP","CAVFCU",142094.282223572,1,0,0,0,2
"68353","Tokyo","Office","CL7","ZoneC","AHP","VAVFCU",45668.9090018393,0,0,0,0,1
"68354","Tokyo","Office","CL7","ZoneC","AHP","VAVFCU",37051.6228857584,1,0,0,0,1
"68357","Tokyo","Office","CL7","ZoneC","AHP","VAVFCU",61329.125424494,1,0,1,0,1
"68360","Tokyo","Office","CL7","ZoneC","AHP","VAVFCU",69837.4210374369,1,0,1,1,1
"68369","Tokyo","Office","CL7","ZoneC","AHP","VAVFCU",48648.4780774901,0,0,0,0,2
"68370","Tokyo","Office","CL7","ZoneC","AHP","VAVFCU",39468.9757887725,1,0,0,0,2
"68373","Tokyo","Office","CL7","ZoneC","AHP","VAVFCU",65330.4114097616,1,0,1,0,2
"68376","Tokyo","Office","CL7","ZoneC","AHP","VAVFCU",74393.8123459739,1,0,1,1,2
"68417","Tokyo","Office","CL7","ZoneC","AHP","OHUFCU",96241.3601373337,0,0,0,0,1
"68421","Tokyo","Office","CL7","ZoneC","AHP","OHUFCU",132237.241368687,1,0,1,0,1
"68424","Tokyo","Office","CL7","ZoneC","AHP","OHUFCU",180770.937535545,1,0,1,1,1
"68433","Tokyo","Office","CL7","ZoneC","AHP","OHUFCU",102520.419276938,0,0,0,0,2
"68437","Tokyo","Office","CL7","ZoneC","AHP","OHUFCU",140864.773833183,1,0,1,0,2
"68440","Tokyo","Office","CL7","ZoneC","AHP","OHUFCU",192564.945910819,1,0,1,1,2
"68549","Tokyo","Office","CL7","ZoneC","TB","VAV",62582.4764473856,1,0,1,0,1
"68552","Tokyo","Office","CL7","ZoneC","TB","VAV",69666.71180898,1,0,1,1,1
"68565","Tokyo","Office","CL7","ZoneC","TB","VAV",66665.5346061159,1,0,1,0,2
"68568","Tokyo","Office","CL7","ZoneC","TB","VAV",74211.9655635628,1,0,1,1,2
"68933","Tokyo","Office","CL7","ZoneC","AB","VAV",72452.2437269129,1,0,1,0,1
"68936","Tokyo","Office","CL7","ZoneC","AB","VAV",80653.720820402,1,0,1,1,1
"68949","Tokyo","Office","CL7","ZoneC","AB","VAV",77179.2334796466,1,0,1,0,2
"68952","Tokyo","Office","CL7","ZoneC","AB","VAV",85915.7981864928,1,0,1,1,2
"69250","Tokyo","Office","CL7","ZoneC","COM","CAV",95452.87870976,1,0,0,0,1
"69253","Tokyo","Office","CL7","ZoneC","COM","CAV",68365.3222065861,1,0,1,0,1
"69256","Tokyo","Office","CL7","ZoneC","COM","CAV",53063.2424195408,1,0,1,1,1
"69266","Tokyo","Office","CL7","ZoneC","COM","CAV",101680.495086013,1,0,0,0,2
"69269","Tokyo","Office","CL7","ZoneC","COM","CAV",72825.6696146102,1,0,1,0,2
"69272","Tokyo","Office","CL7","ZoneC","COM","CAV",56525.2387672233,1,0,1,1,2
"69313","Tokyo","Office","CL7","ZoneC","COM","VAV",70908.4370683028,0,0,0,0,1
"69314","Tokyo","Office","CL7","ZoneC","COM","VAV",57528.6935268692,1,0,0,0,1
"69317","Tokyo","Office","CL7","ZoneC","COM","VAV",95223.4797297574,1,0,1,0,1
"69320","Tokyo","Office","CL7","ZoneC","COM","VAV",108433.997721431,1,0,1,1,1
"69329","Tokyo","Office","CL7","ZoneC","COM","VAV",75534.7044985786,0,0,0,0,2
"69330","Tokyo","Office","CL7","ZoneC","COM","VAV",61282.0285624915,1,0,0,0,2
"69333","Tokyo","Office","CL7","ZoneC","COM","VAV",101436.129466304,1,0,1,0,2
"69336","Tokyo","Office","CL7","ZoneC","COM","VAV",115508.53909808,1,0,1,1,2
"69386","Tokyo","Office","CL7","ZoneC","COM","FCU",81477.1155387611,1,1,0,0,1
"69402","Tokyo","Office","CL7","ZoneC","COM","FCU",86792.9135102593,1,1,0,0,2
"69442","Tokyo","Office","CL7","ZoneC","COM","CAVFCU",55212.0894353831,1,0,0,0,1
"69458","Tokyo","Office","CL7","ZoneC","COM","CAVFCU",58814.2826534673,1,0,0,0,2
"69512","Tokyo","Office","CL7","ZoneC","COM","VAVFCU",88530.0582480906,1,0,1,1,1
"69528","Tokyo","Office","CL7","ZoneC","COM","VAVFCU",94306.0101941058,1,0,1,1,2
"69569","Tokyo","Office","CL7","ZoneC","COM","OHUFCU",39835.2873141314,0,0,0,0,1
"69573","Tokyo","Office","CL7","ZoneC","COM","OHUFCU",54734.3522164786,1,0,1,0,1
"69576","Tokyo","Office","CL7","ZoneC","COM","OHUFCU",74822.9474780658,1,0,1,1,1
"69585","Tokyo","Office","CL7","ZoneC","COM","OHUFCU",42434.2543749837,0,0,0,0,2
"69589","Tokyo","Office","CL7","ZoneC","COM","OHUFCU",58305.3765042151,1,0,1,0,2
"69592","Tokyo","Office","CL7","ZoneC","COM","OHUFCU",79704.6086634844,1,0,1,1,2
"69633","Tokyo","Office","CL7","ZoneC","AHP+TESICE","CAV",33959.8460163756,0,0,0,0,1
"69634","Tokyo","Office","CL7","ZoneC","AHP+TESICE","CAV",75166.7606404383,1,0,0,0,1
"69637","Tokyo","Office","CL7","ZoneC","AHP+TESICE","CAV",53835.9856703144,1,0,1,0,1
"69638","Tokyo","Office","CL7","ZoneC","AHP+TESICE","CAV",34838.1814160334,1,0,0,1,1
"69640","Tokyo","Office","CL7","ZoneC","AHP+TESICE","CAV",41785.9795919108,1,0,1,1,1
"69642","Tokyo","Office","CL7","ZoneC","AHP+TESICE","CAV",36155.912511431,1,1,0,0,1
"69649","Tokyo","Office","CL7","ZoneC","AHP+TESICE","CAV",36175.4826325291,0,0,0,0,2
"69650","Tokyo","Office","CL7","ZoneC","AHP+TESICE","CAV",80070.8531711372,1,0,0,0,2
"69653","Tokyo","Office","CL7","ZoneC","AHP+TESICE","CAV",57348.3979780835,1,0,1,0,2
"69654","Tokyo","Office","CL7","ZoneC","AHP+TESICE","CAV",37111.1231233763,1,0,0,1,2
"69656","Tokyo","Office","CL7","ZoneC","AHP+TESICE","CAV",44512.2153463671,1,0,1,1,2
"69658","Tokyo","Office","CL7","ZoneC","AHP+TESICE","CAV",38514.8267306574,1,1,0,0,2
"69697","Tokyo","Office","CL7","ZoneC","AHP+TESICE","VAV",90152.8557145466,0,0,0,0,1
"69698","Tokyo","Office","CL7","ZoneC","AHP+TESICE","VAV",73141.8745272642,1,0,0,0,1
"69701","Tokyo","Office","CL7","ZoneC","AHP+TESICE","VAV",121066.955973725,1,0,1,0,1
"69704","Tokyo","Office","CL7","ZoneC","AHP+TESICE","VAV",137862.784110094,1,0,1,1,1
"69713","Tokyo","Office","CL7","ZoneC","AHP+TESICE","VAV",96034.6835672297,0,0,0,0,2
"69714","Tokyo","Office","CL7","ZoneC","AHP+TESICE","VAV",77913.8577482294,1,0,0,0,2
"69717","Tokyo","Office","CL7","ZoneC","AHP+TESICE","VAV",128965.707355939,1,0,1,0,2
"69720","Tokyo","Office","CL7","ZoneC","AHP+TESICE","VAV",146857.342929114,1,0,1,1,2
"69770","Tokyo","Office","CL7","ZoneC","AHP+TESICE","FCU",103589.853970803,1,1,0,0,1
"69786","Tokyo","Office","CL7","ZoneC","AHP+TESICE","FCU",110348.349678028,1,1,0,0,2
"69826","Tokyo","Office","CL7","ZoneC","AHP+TESICE","CAVFCU",70196.5483708535,1,0,0,0,1
"69842","Tokyo","Office","CL7","ZoneC","AHP+TESICE","CAVFCU",74776.3701645993,1,0,0,0,2
"69893","Tokyo","Office","CL7","ZoneC","AHP+TESICE","VAVFCU",52627.8965958507,1,0,1,0,1
"69896","Tokyo","Office","CL7","ZoneC","AHP+TESICE","VAVFCU",59929.0556882982,1,0,1,1,1
"69909","Tokyo","Office","CL7","ZoneC","AHP+TESICE","VAVFCU",56061.4897479714,1,0,1,0,2
"69912","Tokyo","Office","CL7","ZoneC","AHP+TESICE","VAVFCU",63838.9971553609,1,0,1,1,2
"69953","Tokyo","Office","CL7","ZoneC","AHP+TESICE","OHUFCU",50646.5105995652,0,0,0,0,1
"69957","Tokyo","Office","CL7","ZoneC","AHP+TESICE","OHUFCU",69589.1541545083,1,0,1,0,1
"69960","Tokyo","Office","CL7","ZoneC","AHP+TESICE","OHUFCU",95129.7570080347,1,0,1,1,1
"69969","Tokyo","Office","CL7","ZoneC","AHP+TESICE","OHUFCU",53950.8325128827,0,0,0,0,2
"69973","Tokyo","Office","CL7","ZoneC","AHP+TESICE","OHUFCU",74129.3478278698,1,0,1,0,2
"69976","Tokyo","Office","CL7","ZoneC","AHP+TESICE","OHUFCU",101336.292008551,1,0,1,1,2
"70018","Tokyo","Office","CL7","ZoneC","COM+TESICE","CAV",96619.2715050252,1,0,0,0,1
"70021","Tokyo","Office","CL7","ZoneC","COM+TESICE","CAV",69200.7168049009,1,0,1,0,1
"70024","Tokyo","Office","CL7","ZoneC","COM+TESICE","CAV",53711.6522369098,1,0,1,1,1
"70034","Tokyo","Office","CL7","ZoneC","COM+TESICE","CAV",102922.986653479,1,0,0,0,2
"70037","Tokyo","Office","CL7","ZoneC","COM+TESICE","CAV",73715.5677245155,1,0,1,0,2
"70040","Tokyo","Office","CL7","ZoneC","COM+TESICE","CAV",57215.9526790499,1,0,1,1,2
"70081","Tokyo","Office","CL7","ZoneC","COM+TESICE","VAV",71774.9074276877,0,0,0,0,1
"70082","Tokyo","Office","CL7","ZoneC","COM+TESICE","VAV",58231.6692208216,1,0,0,0,1
"70085","Tokyo","Office","CL7","ZoneC","COM+TESICE","VAV",96387.0693689403,1,0,1,0,1
"70088","Tokyo","Office","CL7","ZoneC","COM+TESICE","VAV",109759.014163194,1,0,1,1,1
"70097","Tokyo","Office","CL7","ZoneC","COM+TESICE","VAV",76457.7058402931,0,0,0,0,2
"70098","Tokyo","Office","CL7","ZoneC","COM+TESICE","VAV",62030.8683833612,1,0,0,0,2
"70101","Tokyo","Office","CL7","ZoneC","COM+TESICE","VAV",102675.63499184,1,0,1,0,2
"70104","Tokyo","Office","CL7","ZoneC","COM+TESICE","VAV",116920.003368375,1,0,1,1,2
"70154","Tokyo","Office","CL7","ZoneC","COM+TESICE","FCU",82472.7305671183,1,1,0,0,1
"70170","Tokyo","Office","CL7","ZoneC","COM+TESICE","FCU",87853.4852852211,1,1,0,0,2
"70210","Tokyo","Office","CL7","ZoneC","COM+TESICE","CAVFCU",55886.7572316763,1,0,0,0,1
"70226","Tokyo","Office","CL7","ZoneC","COM+TESICE","CAVFCU",59532.9676891934,1,0,0,0,2
"70280","Tokyo","Office","CL7","ZoneC","COM+TESICE","VAVFCU",89611.8571786283,1,0,1,1,1
"70296","Tokyo","Office","CL7","ZoneC","COM+TESICE","VAVFCU",95458.3887533222,1,0,1,1,2
"70337","Tokyo","Office","CL7","ZoneC","COM+TESICE","OHUFCU",40322.0572549501,0,0,0,0,1
"70341","Tokyo","Office","CL7","ZoneC","COM+TESICE","OHUFCU",55403.1822710747,1,0,1,0,1
"70344","Tokyo","Office","CL7","ZoneC","COM+TESICE","OHUFCU",75737.2514575642,1,0,1,1,1
"70353","Tokyo","Office","CL7","ZoneC","COM+TESICE","OHUFCU",42952.7825665318,0,0,0,0,2
"70357","Tokyo","Office","CL7","ZoneC","COM+TESICE","OHUFCU",59017.8429274282,1,0,1,0,2
"70360","Tokyo","Office","CL7","ZoneC","COM+TESICE","OHUFCU",80678.5644262769,1,0,1,1,2
"70433","Tokyo","Office","CL8c","ZoneA","EHP","MUL",627706.706368388,0,0,0,0,3
"70434","Tokyo","Office","CL8c","ZoneA","EHP","MUL",2078031.39991292,1,0,0,0,3
"70436","Tokyo","Office","CL8c","ZoneA","EHP","MUL",69160.9668434227,0,0,0,1,3
"70437","Tokyo","Office","CL8c","ZoneA","EHP","MUL",821173.858914257,1,0,1,0,3
"70438","Tokyo","Office","CL8c","ZoneA","EHP","MUL",606347.9154053,1,0,0,1,3
"70440","Tokyo","Office","CL8c","ZoneA","EHP","MUL",1153794.04423993,1,0,1,1,3
"70497","Tokyo","Office","CL8c","ZoneA","GHP","MUL",47349.3716824923,0,0,0,0,3
"70498","Tokyo","Office","CL8c","ZoneA","GHP","MUL",156750.724700114,1,0,0,0,3
"70501","Tokyo","Office","CL8c","ZoneA","GHP","MUL",61943.0473933133,1,0,1,0,3
"70502","Tokyo","Office","CL8c","ZoneA","GHP","MUL",45738.2285773773,1,0,0,1,3
"70504","Tokyo","Office","CL8c","ZoneA","GHP","MUL",87033.3588784386,1,0,1,1,3
"70561","Tokyo","Office","CL8c","ZoneA","ABCH","CAV",44622.1915661731,0,0,0,0,3
"70562","Tokyo","Office","CL8c","ZoneA","ABCH","CAV",99829.5106692034,1,0,0,0,3
"70565","Tokyo","Office","CL8c","ZoneA","ABCH","CAV",123239.480475435,1,0,1,0,3
"70566","Tokyo","Office","CL8c","ZoneA","ABCH","CAV",80349.2240962985,1,0,0,1,3
"70568","Tokyo","Office","CL8c","ZoneA","ABCH","CAV",149145.19213108,1,0,1,1,3
"70569","Tokyo","Office","CL8c","ZoneA","ABCH","CAV",25277.9639821627,0,1,0,0,3
"70570","Tokyo","Office","CL8c","ZoneA","ABCH","CAV",56552.2823169906,1,1,0,0,3
"70573","Tokyo","Office","CL8c","ZoneA","ABCH","CAV",69813.7639434116,1,1,1,0,3
"70574","Tokyo","Office","CL8c","ZoneA","ABCH","CAV",45516.9215453921,1,1,0,1,3
"70576","Tokyo","Office","CL8c","ZoneA","ABCH","CAV",84489.054940551,1,1,1,1,3
"70625","Tokyo","Office","CL8c","ZoneA","ABCH","VAV",180707.717249799,0,0,0,0,3
"70626","Tokyo","Office","CL8c","ZoneA","ABCH","VAV",147807.118756998,1,0,0,0,3
"70628","Tokyo","Office","CL8c","ZoneA","ABCH","VAV",60158.5732402084,0,0,0,1,3
"70629","Tokyo","Office","CL8c","ZoneA","ABCH","VAV",421749.008790925,1,0,1,0,3
"70630","Tokyo","Office","CL8c","ZoneA","ABCH","VAV",71532.9988779848,1,0,0,1,3
"70632","Tokyo","Office","CL8c","ZoneA","ABCH","VAV",716736.438114424,1,0,1,1,3
"70633","Tokyo","Office","CL8c","ZoneA","ABCH","VAV",31129.5595337987,0,1,0,0,3
"70634","Tokyo","Office","CL8c","ZoneA","ABCH","VAV",25461.9480168898,1,1,0,0,3
"70637","Tokyo","Office","CL8c","ZoneA","ABCH","VAV",72652.4637535491,1,1,1,0,3
"70640","Tokyo","Office","CL8c","ZoneA","ABCH","VAV",123468.38286648,1,1,1,1,3
"70690","Tokyo","Office","CL8c","ZoneA","ABCH","FCU",53718.5290379113,1,0,0,0,3
"70697","Tokyo","Office","CL8c","ZoneA","ABCH","FCU",32825.9365627045,0,1,0,0,3
"70698","Tokyo","Office","CL8c","ZoneA","ABCH","FCU",108670.699574805,1,1,0,0,3
"70701","Tokyo","Office","CL8c","ZoneA","ABCH","FCU",42943.3057289193,1,1,1,0,3
"70702","Tokyo","Office","CL8c","ZoneA","ABCH","FCU",31708.9781008988,1,1,0,1,3
"70704","Tokyo","Office","CL8c","ZoneA","ABCH","FCU",60337.6859262338,1,1,1,1,3
"70754","Tokyo","Office","CL8c","ZoneA","ABCH","CAVFCU",52719.4576583341,1,0,0,0,3
"70757","Tokyo","Office","CL8c","ZoneA","ABCH","CAVFCU",65082.1438390973,1,0,1,0,3
"70760","Tokyo","Office","CL8c","ZoneA","ABCH","CAVFCU",78762.8186173633,1,0,1,1,3
"70768","Tokyo","Office","CL8c","ZoneA","ABCH","CAVFCU",44618.2408856096,1,1,1,1,3
"70817","Tokyo","Office","CL8c","ZoneA","ABCH","VAVFCU",71211.5331360785,0,0,0,0,3
"70818","Tokyo","Office","CL8c","ZoneA","ABCH","VAVFCU",58246.386459314,1,0,0,0,3
"70821","Tokyo","Office","CL8c","ZoneA","ABCH","VAVFCU",166198.73224953,1,0,1,0,3
"70822","Tokyo","Office","CL8c","ZoneA","ABCH","VAVFCU",28189.0258891439,1,0,0,1,3
"70824","Tokyo","Office","CL8c","ZoneA","ABCH","VAVFCU",282444.49871538,1,0,1,1,3
"70829","Tokyo","Office","CL8c","ZoneA","ABCH","VAVFCU",28630.1736790345,1,1,1,0,3
"70832","Tokyo","Office","CL8c","ZoneA","ABCH","VAVFCU",48655.2150155285,1,1,1,1,3
"70881","Tokyo","Office","CL8c","ZoneA","ABCH","OHUFCU",88559.3421053311,0,0,0,0,3
"70885","Tokyo","Office","CL8c","ZoneA","ABCH","OHUFCU",200731.537030964,1,0,1,0,3
"70888","Tokyo","Office","CL8c","ZoneA","ABCH","OHUFCU",394886.338131425,1,0,1,1,3
"70893","Tokyo","Office","CL8c","ZoneA","ABCH","OHUFCU",34578.9567120616,1,1,1,0,3
"70896","Tokyo","Office","CL8c","ZoneA","ABCH","OHUFCU",68024.9740245089,1,1,1,1,3
"70945","Tokyo","Office","CL8c","ZoneA","AHP","CAV",49876.4970189736,0,0,0,0,3
"70946","Tokyo","Office","CL8c","ZoneA","AHP","CAV",111584.530399279,1,0,0,0,3
"70949","Tokyo","Office","CL8c","ZoneA","AHP","CAV",137751.046392185,1,0,1,0,3
"70950","Tokyo","Office","CL8c","ZoneA","AHP","CAV",89810.4215740465,1,0,0,1,3
"70952","Tokyo","Office","CL8c","ZoneA","AHP","CAV",166707.180208496,1,0,1,1,3
"70953","Tokyo","Office","CL8c","ZoneA","AHP","CAV",28254.4682578483,0,1,0,0,3
"70954","Tokyo","Office","CL8c","ZoneA","AHP","CAV",63211.3672905698,1,1,0,0,3
"70957","Tokyo","Office","CL8c","ZoneA","AHP","CAV",78034.4009783364,1,1,1,0,3
"70958","Tokyo","Office","CL8c","ZoneA","AHP","CAV",50876.5823033353,1,1,0,1,3
"70960","Tokyo","Office","CL8c","ZoneA","AHP","CAV",94437.7214334947,1,1,1,1,3
"71009","Tokyo","Office","CL8c","ZoneA","AHP","VAV",201986.22264774,0,0,0,0,3
"71010","Tokyo","Office","CL8c","ZoneA","AHP","VAV",165211.547423302,1,0,0,0,3
"71012","Tokyo","Office","CL8c","ZoneA","AHP","VAV",67242.3023963609,0,0,0,1,3
"71013","Tokyo","Office","CL8c","ZoneA","AHP","VAV",471410.355282997,1,0,1,0,3
"71014","Tokyo","Office","CL8c","ZoneA","AHP","VAV",79956.0774599139,1,0,0,1,3
"71016","Tokyo","Office","CL8c","ZoneA","AHP","VAV",801132.83467914,1,0,1,1,3
"71017","Tokyo","Office","CL8c","ZoneA","AHP","VAV",34795.0947453347,0,1,0,0,3
"71018","Tokyo","Office","CL8c","ZoneA","AHP","VAV",28460.1165874691,1,1,0,0,3
"71021","Tokyo","Office","CL8c","ZoneA","AHP","VAV",81207.360388188,1,1,1,0,3
"71024","Tokyo","Office","CL8c","ZoneA","AHP","VAV",138006.902257257,1,1,1,1,3
"71074","Tokyo","Office","CL8c","ZoneA","AHP","FCU",55069.6713753916,1,0,0,0,3
"71080","Tokyo","Office","CL8c","ZoneA","AHP","FCU",30576.5634021891,1,0,1,1,3
"71081","Tokyo","Office","CL8c","ZoneA","AHP","FCU",33651.5830100601,0,1,0,0,3
"71082","Tokyo","Office","CL8c","ZoneA","AHP","FCU",111404.013119848,1,1,0,0,3
"71085","Tokyo","Office","CL8c","ZoneA","AHP","FCU",44023.4268625556,1,1,1,0,3
"71086","Tokyo","Office","CL8c","ZoneA","AHP","FCU",32506.5305201045,1,1,0,1,3
"71088","Tokyo","Office","CL8c","ZoneA","AHP","FCU",61855.3150099152,1,1,1,1,3
"71138","Tokyo","Office","CL8c","ZoneA","AHP","CAVFCU",50111.0335707122,1,0,0,0,3
"71141","Tokyo","Office","CL8c","ZoneA","AHP","CAVFCU",61862.0456210129,1,0,1,0,3
"71142","Tokyo","Office","CL8c","ZoneA","AHP","CAVFCU",40332.5894225022,1,0,0,1,3
"71144","Tokyo","Office","CL8c","ZoneA","AHP","CAVFCU",74865.8355599502,1,0,1,1,3
"71152","Tokyo","Office","CL8c","ZoneA","AHP","CAVFCU",42410.6443085052,1,1,1,1,3
"71201","Tokyo","Office","CL8c","ZoneA","AHP","VAVFCU",79596.7588214711,0,0,0,0,3
"71202","Tokyo","Office","CL8c","ZoneA","AHP","VAVFCU",65104.953805233,1,0,0,0,3
"71205","Tokyo","Office","CL8c","ZoneA","AHP","VAVFCU",185768.790878592,1,0,1,0,3
"71206","Tokyo","Office","CL8c","ZoneA","AHP","VAVFCU",31508.3104701985,1,0,0,1,3
"71208","Tokyo","Office","CL8c","ZoneA","AHP","VAVFCU",315702.606791783,1,0,1,1,3
"71213","Tokyo","Office","CL8c","ZoneA","AHP","VAVFCU",32001.4038314865,1,1,1,0,3
"71216","Tokyo","Office","CL8c","ZoneA","AHP","VAVFCU",54384.412811297,1,1,1,1,3
"71265","Tokyo","Office","CL8c","ZoneA","AHP","OHUFCU",98987.2887791384,0,0,0,0,3
"71269","Tokyo","Office","CL8c","ZoneA","AHP","OHUFCU",224367.86623292,1,0,1,0,3
"71272","Tokyo","Office","CL8c","ZoneA","AHP","OHUFCU",441384.579630914,1,0,1,1,3
"71277","Tokyo","Office","CL8c","ZoneA","AHP","OHUFCU",38650.6617186367,1,1,1,0,3
"71280","Tokyo","Office","CL8c","ZoneA","AHP","OHUFCU",76034.9793469401,1,1,1,1,3
"71336","Tokyo","Office","CL8c","ZoneA","TB","CAV",87445.9186590979,1,0,1,1,3
"71397","Tokyo","Office","CL8c","ZoneA","TB","VAV",77700.2785904955,1,0,1,0,3
"71400","Tokyo","Office","CL8c","ZoneA","TB","VAV",130171.247649949,1,0,1,1,3
"71592","Tokyo","Office","CL8c","ZoneA","TB","VAVFCU",76750.3364856661,1,0,1,1,3
"71656","Tokyo","Office","CL8c","ZoneA","TB","OHUFCU",88338.0286379697,1,0,1,1,3
"71720","Tokyo","Office","CL8c","ZoneA","AB","CAV",129572.713657754,1,0,1,1,3
"71777","Tokyo","Office","CL8c","ZoneA","AB","VAV",37763.2959081818,0,0,0,0,3
"71778","Tokyo","Office","CL8c","ZoneA","AB","VAV",32567.0908344625,1,0,0,0,3
"71781","Tokyo","Office","CL8c","ZoneA","AB","VAV",88641.1056421842,1,0,1,0,3
"71784","Tokyo","Office","CL8c","ZoneA","AB","VAV",149041.484780587,1,0,1,1,3
"71850","Tokyo","Office","CL8c","ZoneA","AB","FCU",54935.311359933,1,1,0,0,3
"71973","Tokyo","Office","CL8c","ZoneA","AB","VAVFCU",42412.3259455947,1,0,1,0,3
"71976","Tokyo","Office","CL8c","ZoneA","AB","VAVFCU",71312.2426230362,1,0,1,1,3
"72037","Tokyo","Office","CL8c","ZoneA","AB","OHUFCU",44490.9508974161,1,0,1,0,3
"72040","Tokyo","Office","CL8c","ZoneA","AB","OHUFCU",86403.6439026043,1,0,1,1,3
"72097","Tokyo","Office","CL8c","ZoneA","COM","CAV",40719.0442116113,0,0,0,0,3
"72098","Tokyo","Office","CL8c","ZoneA","COM","CAV",91097.3243556319,1,0,0,0,3
"72101","Tokyo","Office","CL8c","ZoneA","COM","CAV",112459.600883866,1,0,1,0,3
"72102","Tokyo","Office","CL8c","ZoneA","COM","CAV",73320.9977706711,1,0,0,1,3
"72104","Tokyo","Office","CL8c","ZoneA","COM","CAV",136099.314246558,1,0,1,1,3
"72106","Tokyo","Office","CL8c","ZoneA","COM","CAV",51605.5980916617,1,1,0,0,3
"72109","Tokyo","Office","CL8c","ZoneA","COM","CAV",63707.0847668939,1,1,1,0,3
"72110","Tokyo","Office","CL8c","ZoneA","COM","CAV",41535.5112721151,1,1,0,1,3
"72112","Tokyo","Office","CL8c","ZoneA","COM","CAV",77098.7135049092,1,1,1,1,3
"72161","Tokyo","Office","CL8c","ZoneA","COM","VAV",161773.829183905,0,0,0,0,3
"72162","Tokyo","Office","CL8c","ZoneA","COM","VAV",132320.434046024,1,0,0,0,3
"72164","Tokyo","Office","CL8c","ZoneA","COM","VAV",53855.3798333685,0,0,0,1,3
"72165","Tokyo","Office","CL8c","ZoneA","COM","VAV",377559.703287658,1,0,1,0,3
"72166","Tokyo","Office","CL8c","ZoneA","COM","VAV",64038.0351078361,1,0,0,1,3
"72168","Tokyo","Office","CL8c","ZoneA","COM","VAV",641639.437839403,1,0,1,1,3
"72169","Tokyo","Office","CL8c","ZoneA","COM","VAV",27867.9191084548,0,1,0,0,3
"72173","Tokyo","Office","CL8c","ZoneA","COM","VAV",65040.206582929,1,1,1,0,3
"72176","Tokyo","Office","CL8c","ZoneA","COM","VAV",110531.821127728,1,1,1,1,3
"72226","Tokyo","Office","CL8c","ZoneA","COM","FCU",58949.8111205102,1,0,0,0,3
"72234","Tokyo","Office","CL8c","ZoneA","COM","FCU",119253.399692821,1,1,0,0,3
"72237","Tokyo","Office","CL8c","ZoneA","COM","FCU",47125.2621199575,1,1,1,0,3
"72240","Tokyo","Office","CL8c","ZoneA","COM","FCU",66213.5626664293,1,1,1,1,3
"72290","Tokyo","Office","CL8c","ZoneA","COM","CAVFCU",57112.2757830343,1,0,0,0,3
"72293","Tokyo","Office","CL8c","ZoneA","COM","CAVFCU",70505.0755942675,1,0,1,0,3
"72296","Tokyo","Office","CL8c","ZoneA","COM","CAVFCU",85325.6846357721,1,0,1,1,3
"72353","Tokyo","Office","CL8c","ZoneA","COM","VAVFCU",68573.3666311674,0,0,0,0,3
"72354","Tokyo","Office","CL8c","ZoneA","COM","VAVFCU",56088.5384391705,1,0,0,0,3
"72357","Tokyo","Office","CL8c","ZoneA","COM","VAVFCU",160041.584533843,1,0,1,0,3
"72360","Tokyo","Office","CL8c","ZoneA","COM","VAVFCU",271980.805782616,1,0,1,1,3
"72368","Tokyo","Office","CL8c","ZoneA","COM","VAVFCU",46852.6901590853,1,1,1,1,3
"72417","Tokyo","Office","CL8c","ZoneA","COM","OHUFCU",78190.0949969121,0,0,0,0,3
"72421","Tokyo","Office","CL8c","ZoneA","COM","OHUFCU",177228.258207469,1,0,1,0,3
"72424","Tokyo","Office","CL8c","ZoneA","COM","OHUFCU",348649.838147568,1,0,1,1,3
"72429","Tokyo","Office","CL8c","ZoneA","COM","OHUFCU",30530.1715881588,1,1,1,0,3
"72432","Tokyo","Office","CL8c","ZoneA","COM","OHUFCU",60060.057524057,1,1,1,1,3
"72481","Tokyo","Office","CL8c","ZoneA","AHP+TESICE","CAV",38585.3055537026,0,0,0,0,3
"72482","Tokyo","Office","CL8c","ZoneA","AHP+TESICE","CAV",86323.6886681264,1,0,0,0,3
"72485","Tokyo","Office","CL8c","ZoneA","AHP+TESICE","CAV",106566.550039847,1,0,1,0,3
"72486","Tokyo","Office","CL8c","ZoneA","AHP+TESICE","CAV",69478.8681134355,1,0,0,1,3
"72488","Tokyo","Office","CL8c","ZoneA","AHP+TESICE","CAV",128967.507158612,1,0,1,1,3
"72490","Tokyo","Office","CL8c","ZoneA","AHP+TESICE","CAV",48901.3877707995,1,1,0,0,3
"72493","Tokyo","Office","CL8c","ZoneA","AHP+TESICE","CAV",60368.7384922771,1,1,1,0,3
"72494","Tokyo","Office","CL8c","ZoneA","AHP+TESICE","CAV",39358.9885222996,1,1,0,1,3
"72496","Tokyo","Office","CL8c","ZoneA","AHP+TESICE","CAV",73058.6259079232,1,1,1,1,3
"72545","Tokyo","Office","CL8c","ZoneA","AHP+TESICE","VAV",153296.639214175,0,0,0,0,3
"72546","Tokyo","Office","CL8c","ZoneA","AHP+TESICE","VAV",125386.6459176,1,0,0,0,3
"72548","Tokyo","Office","CL8c","ZoneA","AHP+TESICE","VAV",51033.2775932071,0,0,0,1,3
"72549","Tokyo","Office","CL8c","ZoneA","AHP+TESICE","VAV",357775.011623807,1,0,1,0,3
"72550","Tokyo","Office","CL8c","ZoneA","AHP+TESICE","VAV",60682.3465416702,1,0,0,1,3
"72552","Tokyo","Office","CL8c","ZoneA","AHP+TESICE","VAV",608016.574153267,1,0,1,1,3
"72553","Tokyo","Office","CL8c","ZoneA","AHP+TESICE","VAV",26407.5985761711,0,1,0,0,3
"72557","Tokyo","Office","CL8c","ZoneA","AHP+TESICE","VAV",61632.0027365138,1,1,1,0,3
"72560","Tokyo","Office","CL8c","ZoneA","AHP+TESICE","VAV",104739.788818629,1,1,1,1,3
"72610","Tokyo","Office","CL8c","ZoneA","AHP+TESICE","FCU",55860.7530814615,1,0,0,0,3
"72618","Tokyo","Office","CL8c","ZoneA","AHP+TESICE","FCU",113004.343656799,1,1,0,0,3
"72621","Tokyo","Office","CL8c","ZoneA","AHP+TESICE","FCU",44655.8280873983,1,1,1,0,3
"72624","Tokyo","Office","CL8c","ZoneA","AHP+TESICE","FCU",62743.8732109254,1,1,1,1,3
"72674","Tokyo","Office","CL8c","ZoneA","AHP+TESICE","CAVFCU",54119.5073367491,1,0,0,0,3
"72677","Tokyo","Office","CL8c","ZoneA","AHP+TESICE","CAVFCU",66810.5044596295,1,0,1,0,3
"72680","Tokyo","Office","CL8c","ZoneA","AHP+TESICE","CAVFCU",80854.4914792305,1,0,1,1,3
"72737","Tokyo","Office","CL8c","ZoneA","AHP+TESICE","VAVFCU",64980.0199277557,0,0,0,0,3
"72738","Tokyo","Office","CL8c","ZoneA","AHP+TESICE","VAVFCU",53149.4153568283,1,0,0,0,3
"72741","Tokyo","Office","CL8c","ZoneA","AHP+TESICE","VAVFCU",151655.166767793,1,0,1,0,3
"72744","Tokyo","Office","CL8c","ZoneA","AHP+TESICE","VAVFCU",257728.605841683,1,0,1,1,3
"72752","Tokyo","Office","CL8c","ZoneA","AHP+TESICE","VAVFCU",44397.5393038756,1,1,1,1,3
"72801","Tokyo","Office","CL8c","ZoneA","AHP+TESICE","OHUFCU",74092.8173817147,0,0,0,0,3
"72805","Tokyo","Office","CL8c","ZoneA","AHP+TESICE","OHUFCU",167941.233103298,1,0,1,0,3
"72808","Tokyo","Office","CL8c","ZoneA","AHP+TESICE","OHUFCU",330380.066542346,1,0,1,1,3
"72813","Tokyo","Office","CL8c","ZoneA","AHP+TESICE","OHUFCU",28930.3450546158,1,1,1,0,3
"72816","Tokyo","Office","CL8c","ZoneA","AHP+TESICE","OHUFCU",56912.8209172911,1,1,1,1,3
"72865","Tokyo","Office","CL8c","ZoneA","COM+TESICE","CAV",56836.1571897799,0,0,0,0,3
"72866","Tokyo","Office","CL8c","ZoneA","COM+TESICE","CAV",127154.798126834,1,0,0,0,3
"72869","Tokyo","Office","CL8c","ZoneA","COM+TESICE","CAV",156972.534033907,1,0,1,0,3
"72870","Tokyo","Office","CL8c","ZoneA","COM+TESICE","CAV",102342.376528991,1,0,0,1,3
"72872","Tokyo","Office","CL8c","ZoneA","COM+TESICE","CAV",189969.145094345,1,0,1,1,3
"72873","Tokyo","Office","CL8c","ZoneA","COM+TESICE","CAV",32197.0365843018,0,1,0,0,3
"72874","Tokyo","Office","CL8c","ZoneA","COM+TESICE","CAV",72031.7468594684,1,1,0,0,3
"72877","Tokyo","Office","CL8c","ZoneA","COM+TESICE","CAV",88923.155099041,1,1,1,0,3
"72878","Tokyo","Office","CL8c","ZoneA","COM+TESICE","CAV",57975.7922448149,1,1,0,1,3
"72880","Tokyo","Office","CL8c","ZoneA","COM+TESICE","CAV",107615.359955951,1,1,1,1,3
"72929","Tokyo","Office","CL8c","ZoneA","COM+TESICE","VAV",230170.949980903,0,0,0,0,3
"72930","Tokyo","Office","CL8c","ZoneA","COM+TESICE","VAV",188264.814895592,1,0,0,0,3
"72932","Tokyo","Office","CL8c","ZoneA","COM+TESICE","VAV",76625.1500651385,0,0,0,1,3
"72933","Tokyo","Office","CL8c","ZoneA","COM+TESICE","VAV",537189.952284781,1,0,1,0,3
"72934","Tokyo","Office","CL8c","ZoneA","COM+TESICE","VAV",91112.9782242153,1,0,0,1,3
"72936","Tokyo","Office","CL8c","ZoneA","COM+TESICE","VAV",912921.204237661,1,0,1,1,3
"72937","Tokyo","Office","CL8c","ZoneA","COM+TESICE","VAV",39650.3281621165,0,1,0,0,3
"72938","Tokyo","Office","CL8c","ZoneA","COM+TESICE","VAV",32431.3806438634,1,1,0,0,3
"72941","Tokyo","Office","CL8c","ZoneA","COM+TESICE","VAV",92538.8625074123,1,1,1,0,3
"72944","Tokyo","Office","CL8c","ZoneA","COM+TESICE","VAV",157264.091481488,1,1,1,1,3
"72994","Tokyo","Office","CL8c","ZoneA","COM+TESICE","FCU",62753.9760358593,1,0,0,0,3
"73000","Tokyo","Office","CL8c","ZoneA","COM+TESICE","FCU",34843.1519396599,1,0,1,1,3
"73001","Tokyo","Office","CL8c","ZoneA","COM+TESICE","FCU",38347.2532346671,0,1,0,0,3
"73002","Tokyo","Office","CL8c","ZoneA","COM+TESICE","FCU",126949.091850683,1,1,0,0,3
"73005","Tokyo","Office","CL8c","ZoneA","COM+TESICE","FCU",50166.362089165,1,1,1,0,3
"73006","Tokyo","Office","CL8c","ZoneA","COM+TESICE","FCU",37042.42255891,1,1,0,1,3
"73008","Tokyo","Office","CL8c","ZoneA","COM+TESICE","FCU",70486.4739315896,1,1,1,1,3
"73058","Tokyo","Office","CL8c","ZoneA","COM+TESICE","CAVFCU",50534.2549055667,1,0,0,0,3
"73061","Tokyo","Office","CL8c","ZoneA","COM+TESICE","CAVFCU",62384.5121450294,1,0,1,0,3
"73062","Tokyo","Office","CL8c","ZoneA","COM+TESICE","CAVFCU",40673.2252289747,1,0,0,1,3
"73064","Tokyo","Office","CL8c","ZoneA","COM+TESICE","CAVFCU",75498.1278238081,1,0,1,1,3
"73069","Tokyo","Office","CL8c","ZoneA","COM+TESICE","CAVFCU",35340.1165585577,1,1,1,0,3
"73072","Tokyo","Office","CL8c","ZoneA","COM+TESICE","CAVFCU",42768.8306841854,1,1,1,1,3
"73121","Tokyo","Office","CL8c","ZoneA","COM+TESICE","VAVFCU",87663.318333023,0,0,0,0,3
"73122","Tokyo","Office","CL8c","ZoneA","COM+TESICE","VAVFCU",71702.8730188115,1,0,0,0,3
"73124","Tokyo","Office","CL8c","ZoneA","COM+TESICE","VAVFCU",29183.5912526459,0,0,0,1,3
"73125","Tokyo","Office","CL8c","ZoneA","COM+TESICE","VAVFCU",204595.122869977,1,0,1,0,3
"73126","Tokyo","Office","CL8c","ZoneA","COM+TESICE","VAVFCU",34701.4513126087,1,0,0,1,3
"73128","Tokyo","Office","CL8c","ZoneA","COM+TESICE","VAVFCU",347696.797300845,1,0,1,1,3
"73133","Tokyo","Office","CL8c","ZoneA","COM+TESICE","VAVFCU",35244.5161426157,1,1,1,0,3
"73136","Tokyo","Office","CL8c","ZoneA","COM+TESICE","VAVFCU",59895.8822346573,1,1,1,1,3
"73185","Tokyo","Office","CL8c","ZoneA","COM+TESICE","OHUFCU",112799.764239678,0,0,0,0,3
"73189","Tokyo","Office","CL8c","ZoneA","COM+TESICE","OHUFCU",255675.680445213,1,0,1,0,3
"73192","Tokyo","Office","CL8c","ZoneA","COM+TESICE","OHUFCU",502974.443844848,1,0,1,1,3
"73197","Tokyo","Office","CL8c","ZoneA","COM+TESICE","OHUFCU",44043.8927395757,1,1,1,0,3
"73200","Tokyo","Office","CL8c","ZoneA","COM+TESICE","OHUFCU",86644.7384314177,1,1,1,1,3
"73249","Tokyo","Office","CL9c","ZoneA","EHP","MUL",127891.658626983,0,0,0,0,3
"73250","Tokyo","Office","CL9c","ZoneA","EHP","MUL",429214.548414663,1,0,0,0,3
"73253","Tokyo","Office","CL9c","ZoneA","EHP","MUL",389973.646330865,1,0,1,0,3
"73254","Tokyo","Office","CL9c","ZoneA","EHP","MUL",275494.77808536,1,0,0,1,3
"73256","Tokyo","Office","CL9c","ZoneA","EHP","MUL",935442.892396382,1,0,1,1,3
"73314","Tokyo","Office","CL9c","ZoneA","GHP","MUL",45338.7122992614,1,0,0,0,3
"73317","Tokyo","Office","CL9c","ZoneA","GHP","MUL",41193.6245418399,1,0,1,0,3
"73318","Tokyo","Office","CL9c","ZoneA","GHP","MUL",29101.0137696775,1,0,0,1,3
"73320","Tokyo","Office","CL9c","ZoneA","GHP","MUL",98812.5316986567,1,0,1,1,3
"73381","Tokyo","Office","CL9c","ZoneA","ABCH","CAV",59267.4427920821,1,0,1,0,3
"73382","Tokyo","Office","CL9c","ZoneA","ABCH","CAV",37312.8756529825,1,0,0,1,3
"73384","Tokyo","Office","CL9c","ZoneA","ABCH","CAV",132699.910556911,1,0,1,1,3
"73389","Tokyo","Office","CL9c","ZoneA","ABCH","CAV",43362.6199769127,1,1,1,0,3
"73392","Tokyo","Office","CL9c","ZoneA","ABCH","CAV",97088.9837888937,1,1,1,1,3
"73441","Tokyo","Office","CL9c","ZoneA","ABCH","VAV",58401.7161759892,0,0,0,0,3
"73442","Tokyo","Office","CL9c","ZoneA","ABCH","VAV",48387.2669755534,1,0,0,0,3
"73445","Tokyo","Office","CL9c","ZoneA","ABCH","VAV",305590.716746835,1,0,1,0,3
"73446","Tokyo","Office","CL9c","ZoneA","ABCH","VAV",50235.1880807575,1,0,0,1,3
"73448","Tokyo","Office","CL9c","ZoneA","ABCH","VAV",923989.283984295,1,0,1,1,3
"73453","Tokyo","Office","CL9c","ZoneA","ABCH","VAV",68536.2464722136,1,1,1,0,3
"73456","Tokyo","Office","CL9c","ZoneA","ABCH","VAV",207227.359453116,1,1,1,1,3
"73514","Tokyo","Office","CL9c","ZoneA","ABCH","FCU",58190.0533375498,1,1,0,0,3
"73520","Tokyo","Office","CL9c","ZoneA","ABCH","FCU",126821.124782073,1,1,1,1,3
"73576","Tokyo","Office","CL9c","ZoneA","ABCH","CAVFCU",88696.6598298253,1,0,1,1,3
"73584","Tokyo","Office","CL9c","ZoneA","ABCH","CAVFCU",64894.3057475064,1,1,1,1,3
"73633","Tokyo","Office","CL9c","ZoneA","ABCH","VAVFCU",34815.8351033474,0,0,0,0,3
"73634","Tokyo","Office","CL9c","ZoneA","ABCH","VAVFCU",28845.7808850338,1,0,0,0,3
"73637","Tokyo","Office","CL9c","ZoneA","ABCH","VAVFCU",182176.084882686,1,0,1,0,3
"73638","Tokyo","Office","CL9c","ZoneA","ABCH","VAVFCU",29947.4080407992,1,0,0,1,3
"73640","Tokyo","Office","CL9c","ZoneA","ABCH","VAVFCU",550830.705925095,1,0,1,1,3
"73645","Tokyo","Office","CL9c","ZoneA","ABCH","VAVFCU",40857.4749513951,1,1,1,0,3
"73648","Tokyo","Office","CL9c","ZoneA","ABCH","VAVFCU",123537.355544152,1,1,1,1,3
"73701","Tokyo","Office","CL9c","ZoneA","ABCH","OHUFCU",104325.191267778,1,0,1,0,3
"73704","Tokyo","Office","CL9c","ZoneA","ABCH","OHUFCU",361997.841512208,1,0,1,1,3
"73712","Tokyo","Office","CL9c","ZoneA","ABCH","OHUFCU",81186.9337930307,1,1,1,1,3
"73765","Tokyo","Office","CL9c","ZoneA","AHP","CAV",53309.4133129492,1,0,1,0,3
"73766","Tokyo","Office","CL9c","ZoneA","AHP","CAV",33561.8919320957,1,0,0,1,3
"73768","Tokyo","Office","CL9c","ZoneA","AHP","CAV",119359.871882558,1,0,1,1,3
"73773","Tokyo","Office","CL9c","ZoneA","AHP","CAV",39003.4683762401,1,1,1,0,3
"73776","Tokyo","Office","CL9c","ZoneA","AHP","CAV",87328.8355479347,1,1,1,1,3
"73825","Tokyo","Office","CL9c","ZoneA","AHP","VAV",52530.7163451179,0,0,0,0,3
"73826","Tokyo","Office","CL9c","ZoneA","AHP","VAV",43522.9983404718,1,0,0,0,3
"73829","Tokyo","Office","CL9c","ZoneA","AHP","VAV",274870.334473648,1,0,1,0,3
"73830","Tokyo","Office","CL9c","ZoneA","AHP","VAV",45185.1518825545,1,0,0,1,3
"73832","Tokyo","Office","CL9c","ZoneA","AHP","VAV",831102.61411912,1,0,1,1,3
"73837","Tokyo","Office","CL9c","ZoneA","AHP","VAV",61646.4439493838,1,1,1,0,3
"73840","Tokyo","Office","CL9c","ZoneA","AHP","VAV",186395.235468353,1,1,1,1,3
"73904","Tokyo","Office","CL9c","ZoneA","AHP","FCU",166412.399409483,1,1,1,1,3
"73960","Tokyo","Office","CL9c","ZoneA","AHP","CAVFCU",79780.1739976187,1,0,1,1,3
"73968","Tokyo","Office","CL9c","ZoneA","AHP","CAVFCU",58370.6197496494,1,1,1,1,3
"74017","Tokyo","Office","CL9c","ZoneA","AHP","VAVFCU",31315.8735373646,0,0,0,0,3
"74018","Tokyo","Office","CL9c","ZoneA","AHP","VAVFCU",25945.9761226693,1,0,0,0,3
"74021","Tokyo","Office","CL9c","ZoneA","AHP","VAVFCU",163862.312042312,1,0,1,0,3
"74022","Tokyo","Office","CL9c","ZoneA","AHP","VAVFCU",26936.8590526027,1,0,0,1,3
"74024","Tokyo","Office","CL9c","ZoneA","AHP","VAVFCU",495456.871163463,1,0,1,1,3
"74029","Tokyo","Office","CL9c","ZoneA","AHP","VAVFCU",36750.1602312826,1,1,1,0,3
"74032","Tokyo","Office","CL9c","ZoneA","AHP","VAVFCU",111118.408961821,1,1,1,1,3
"74085","Tokyo","Office","CL9c","ZoneA","AHP","OHUFCU",93837.6025393398,1,0,1,0,3
"74088","Tokyo","Office","CL9c","ZoneA","AHP","OHUFCU",325606.971423912,1,0,1,1,3
"74096","Tokyo","Office","CL9c","ZoneA","AHP","OHUFCU",73025.3846849274,1,1,1,1,3
"74152","Tokyo","Office","CL9c","ZoneA","TB","CAV",69550.6517520166,1,0,1,1,3
"74213","Tokyo","Office","CL9c","ZoneA","TB","VAV",65491.6169783445,1,0,1,0,3
"74216","Tokyo","Office","CL9c","ZoneA","TB","VAV",195877.001284622,1,0,1,1,3
"74224","Tokyo","Office","CL9c","ZoneA","TB","VAV",51341.168011595,1,1,1,1,3
"74405","Tokyo","Office","CL9c","ZoneA","TB","VAVFCU",46711.6223821951,1,0,1,0,3
"74408","Tokyo","Office","CL9c","ZoneA","TB","VAVFCU",139708.453379452,1,0,1,1,3
"74472","Tokyo","Office","CL9c","ZoneA","TB","OHUFCU",102992.68724258,1,0,1,1,3
"74536","Tokyo","Office","CL9c","ZoneA","AB","CAV",91933.1628092944,1,0,1,1,3
"74544","Tokyo","Office","CL9c","ZoneA","AB","CAV",67262.2710610295,1,1,1,1,3
"74597","Tokyo","Office","CL9c","ZoneA","AB","VAV",145303.270727444,1,0,1,0,3
"74600","Tokyo","Office","CL9c","ZoneA","AB","VAV",439341.438474563,1,0,1,1,3
"74605","Tokyo","Office","CL9c","ZoneA","AB","VAV",32587.8380135644,1,1,1,0,3
"74608","Tokyo","Office","CL9c","ZoneA","AB","VAV",98533.140775002,1,1,1,1,3
"74672","Tokyo","Office","CL9c","ZoneA","AB","FCU",79660.2622801802,1,1,1,1,3
"74728","Tokyo","Office","CL9c","ZoneA","AB","CAVFCU",66131.6614818023,1,0,1,1,3
"74789","Tokyo","Office","CL9c","ZoneA","AB","VAVFCU",90753.5654012545,1,0,1,0,3
"74792","Tokyo","Office","CL9c","ZoneA","AB","VAVFCU",274404.02250045,1,0,1,1,3
"74800","Tokyo","Office","CL9c","ZoneA","AB","VAVFCU",61541.8620017767,1,1,1,1,3
"74853","Tokyo","Office","CL9c","ZoneA","AB","OHUFCU",44919.2972191538,1,0,1,0,3
"74856","Tokyo","Office","CL9c","ZoneA","AB","OHUFCU",155865.409283954,1,0,1,1,3
"74864","Tokyo","Office","CL9c","ZoneA","AB","OHUFCU",34956.6577836438,1,1,1,1,3
"74914","Tokyo","Office","CL9c","ZoneA","COM","CAV",34423.6200370339,1,0,0,0,3
"74917","Tokyo","Office","CL9c","ZoneA","COM","CAV",94872.1079481885,1,0,1,0,3
"74918","Tokyo","Office","CL9c","ZoneA","COM","CAV",59728.4276162496,1,0,0,1,3
"74920","Tokyo","Office","CL9c","ZoneA","COM","CAV",212418.819607856,1,0,1,1,3
"74925","Tokyo","Office","CL9c","ZoneA","COM","CAV",69412.530211537,1,1,1,0,3
"74926","Tokyo","Office","CL9c","ZoneA","COM","CAV",43699.8963769698,1,1,0,1,3
"74928","Tokyo","Office","CL9c","ZoneA","COM","CAV",155414.779458486,1,1,1,1,3
"74977","Tokyo","Office","CL9c","ZoneA","COM","VAV",104539.762813779,0,0,0,0,3
"74978","Tokyo","Office","CL9c","ZoneA","COM","VAV",86613.7802798172,1,0,0,0,3
"74980","Tokyo","Office","CL9c","ZoneA","COM","VAV",36624.8154492238,0,0,0,1,3
"74981","Tokyo","Office","CL9c","ZoneA","COM","VAV",547010.997939494,1,0,1,0,3
"74982","Tokyo","Office","CL9c","ZoneA","COM","VAV",89921.5809179779,1,0,0,1,3
"74984","Tokyo","Office","CL9c","ZoneA","COM","VAV",1653951.74859442,1,0,1,1,3
"74989","Tokyo","Office","CL9c","ZoneA","COM","VAV",122680.691929694,1,1,1,0,3
"74992","Tokyo","Office","CL9c","ZoneA","COM","VAV",370939.424801718,1,1,1,1,3
"75048","Tokyo","Office","CL9c","ZoneA","COM","FCU",51512.2681225428,1,0,1,1,3
"75050","Tokyo","Office","CL9c","ZoneA","COM","FCU",59988.2202835299,1,1,0,0,3
"75053","Tokyo","Office","CL9c","ZoneA","COM","FCU",54503.8025557944,1,1,1,0,3
"75054","Tokyo","Office","CL9c","ZoneA","COM","FCU",38503.9172036186,1,1,0,1,3
"75056","Tokyo","Office","CL9c","ZoneA","COM","FCU",130740.103053365,1,1,1,1,3
"75109","Tokyo","Office","CL9c","ZoneA","COM","CAVFCU",49620.9080311141,1,0,1,0,3
"75112","Tokyo","Office","CL9c","ZoneA","COM","CAVFCU",111101.301950575,1,0,1,1,3
"75117","Tokyo","Office","CL9c","ZoneA","COM","CAVFCU",36304.7986634241,1,1,1,0,3
"75120","Tokyo","Office","CL9c","ZoneA","COM","CAVFCU",81286.5092277382,1,1,1,1,3
"75169","Tokyo","Office","CL9c","ZoneA","COM","VAVFCU",63087.8092918496,0,0,0,0,3
"75170","Tokyo","Office","CL9c","ZoneA","COM","VAVFCU",52269.8110772738,1,0,0,0,3
"75173","Tokyo","Office","CL9c","ZoneA","COM","VAVFCU",330110.99881702,1,0,1,0,3
"75174","Tokyo","Office","CL9c","ZoneA","COM","VAVFCU",54266.0074547945,1,0,0,1,3
"75176","Tokyo","Office","CL9c","ZoneA","COM","VAVFCU",998129.225518883,1,0,1,1,3
"75181","Tokyo","Office","CL9c","ZoneA","COM","VAVFCU",74035.5237847594,1,1,1,0,3
"75184","Tokyo","Office","CL9c","ZoneA","COM","VAVFCU",223855.067783209,1,1,1,1,3
"75233","Tokyo","Office","CL9c","ZoneA","COM","OHUFCU",38060.5743716048,0,0,0,0,3
"75237","Tokyo","Office","CL9c","ZoneA","COM","OHUFCU",174339.265101136,1,0,1,0,3
"75240","Tokyo","Office","CL9c","ZoneA","COM","OHUFCU",604939.582573554,1,0,1,1,3
"75245","Tokyo","Office","CL9c","ZoneA","COM","OHUFCU",39099.8750549572,1,1,1,0,3
"75248","Tokyo","Office","CL9c","ZoneA","COM","OHUFCU",135672.6041073,1,1,1,1,3
"75301","Tokyo","Office","CL9c","ZoneA","AHP+TESICE","CAV",63821.7774826169,1,0,1,0,3
"75302","Tokyo","Office","CL9c","ZoneA","AHP+TESICE","CAV",40180.1382846123,1,0,0,1,3
"75304","Tokyo","Office","CL9c","ZoneA","AHP+TESICE","CAV",142897.074085636,1,0,1,1,3
"75309","Tokyo","Office","CL9c","ZoneA","AHP+TESICE","CAV",46694.7678667103,1,1,1,0,3
"75310","Tokyo","Office","CL9c","ZoneA","AHP+TESICE","CAV",29397.5239182786,1,1,0,1,3
"75312","Tokyo","Office","CL9c","ZoneA","AHP+TESICE","CAV",104549.668881884,1,1,1,1,3
"75361","Tokyo","Office","CL9c","ZoneA","AHP+TESICE","VAV",67533.0686539744,0,0,0,0,3
"75362","Tokyo","Office","CL9c","ZoneA","AHP+TESICE","VAV",55952.8184547034,1,0,0,0,3
"75365","Tokyo","Office","CL9c","ZoneA","AHP+TESICE","VAV",353371.102860945,1,0,1,0,3
"75366","Tokyo","Office","CL9c","ZoneA","AHP+TESICE","VAV",58089.6697501142,1,0,0,1,3
"75368","Tokyo","Office","CL9c","ZoneA","AHP+TESICE","VAV",1068458.87135937,1,0,1,1,3
"75373","Tokyo","Office","CL9c","ZoneA","AHP+TESICE","VAV",79252.1751303709,1,1,1,0,3
"75376","Tokyo","Office","CL9c","ZoneA","AHP+TESICE","VAV",239628.223437085,1,1,1,1,3
"75432","Tokyo","Office","CL9c","ZoneA","AHP+TESICE","FCU",37137.8701099328,1,0,1,1,3
"75434","Tokyo","Office","CL9c","ZoneA","AHP+TESICE","FCU",43248.6243416026,1,1,0,0,3
"75437","Tokyo","Office","CL9c","ZoneA","AHP+TESICE","FCU",39294.6226906423,1,1,1,0,3
"75440","Tokyo","Office","CL9c","ZoneA","AHP+TESICE","FCU",94257.3321330857,1,1,1,1,3
"75496","Tokyo","Office","CL9c","ZoneA","AHP+TESICE","CAVFCU",102564.75339895,1,0,1,1,3
"75504","Tokyo","Office","CL9c","ZoneA","AHP+TESICE","CAVFCU",75040.8017478798,1,1,1,1,3
"75553","Tokyo","Office","CL9c","ZoneA","AHP+TESICE","VAVFCU",40259.4364726301,0,0,0,0,3
"75554","Tokyo","Office","CL9c","ZoneA","AHP+TESICE","VAVFCU",33355.9393189097,1,0,0,0,3
"75557","Tokyo","Office","CL9c","ZoneA","AHP+TESICE","VAVFCU",210660.077358356,1,0,1,0,3
"75558","Tokyo","Office","CL9c","ZoneA","AHP+TESICE","VAVFCU",34629.8104859351,1,0,0,1,3
"75560","Tokyo","Office","CL9c","ZoneA","AHP+TESICE","VAVFCU",636955.389596076,1,0,1,1,3
"75565","Tokyo","Office","CL9c","ZoneA","AHP+TESICE","VAVFCU",47245.7119685639,1,1,1,0,3
"75568","Tokyo","Office","CL9c","ZoneA","AHP+TESICE","VAVFCU",142852.937543018,1,1,1,1,3
"75621","Tokyo","Office","CL9c","ZoneA","AHP+TESICE","OHUFCU",120636.871063773,1,0,1,0,3
"75624","Tokyo","Office","CL9c","ZoneA","AHP+TESICE","OHUFCU",418597.717398677,1,0,1,1,3
"75632","Tokyo","Office","CL9c","ZoneA","AHP+TESICE","OHUFCU",93880.8503011864,1,1,1,1,3
"75681","Tokyo","Office","CL9c","ZoneA","COM+TESICE","CAV",35314.981655157,0,0,0,0,3
"75682","Tokyo","Office","CL9c","ZoneA","COM+TESICE","CAV",79967.0819513238,1,0,0,0,3
"75685","Tokyo","Office","CL9c","ZoneA","COM+TESICE","CAV",220390.69752181,1,0,1,0,3
"75686","Tokyo","Office","CL9c","ZoneA","COM+TESICE","CAV",138750.894324126,1,0,0,1,3
"75688","Tokyo","Office","CL9c","ZoneA","COM+TESICE","CAV",493455.166461586,1,0,1,1,3
"75689","Tokyo","Office","CL9c","ZoneA","COM+TESICE","CAV",25837.965278448,0,1,0,0,3
"75690","Tokyo","Office","CL9c","ZoneA","COM+TESICE","CAV",58507.3696781997,1,1,0,0,3
"75693","Tokyo","Office","CL9c","ZoneA","COM+TESICE","CAV",161247.349520566,1,1,1,0,3
"75694","Tokyo","Office","CL9c","ZoneA","COM+TESICE","CAV",101516.144759963,1,1,0,1,3
"75696","Tokyo","Office","CL9c","ZoneA","COM+TESICE","CAV",361033.104363609,1,1,1,1,3
"75745","Tokyo","Office","CL9c","ZoneA","COM+TESICE","VAV",256159.662674095,0,0,0,0,3
"75746","Tokyo","Office","CL9c","ZoneA","COM+TESICE","VAV",212234.61907914,1,0,0,0,3
"75748","Tokyo","Office","CL9c","ZoneA","COM+TESICE","VAV",89743.8459630548,0,0,0,1,3
"75749","Tokyo","Office","CL9c","ZoneA","COM+TESICE","VAV",1340371.82541541,1,0,1,0,3
"75750","Tokyo","Office","CL9c","ZoneA","COM+TESICE","VAV",220339.909093751,1,0,0,1,3
"75752","Tokyo","Office","CL9c","ZoneA","COM+TESICE","VAV",4052771.02793779,1,0,1,1,3
"75753","Tokyo","Office","CL9c","ZoneA","COM+TESICE","VAV",57450.1148600508,0,1,0,0,3
"75754","Tokyo","Office","CL9c","ZoneA","COM+TESICE","VAV",47598.8417383591,1,1,0,0,3
"75757","Tokyo","Office","CL9c","ZoneA","COM+TESICE","VAV",300611.401972615,1,1,1,0,3
"75758","Tokyo","Office","CL9c","ZoneA","COM+TESICE","VAV",49416.652698338,1,1,0,1,3
"75760","Tokyo","Office","CL9c","ZoneA","COM+TESICE","VAV",908933.743220682,1,1,1,1,3
"75810","Tokyo","Office","CL9c","ZoneA","COM+TESICE","FCU",47949.455966133,1,0,0,0,3
"75813","Tokyo","Office","CL9c","ZoneA","COM+TESICE","FCU",43565.6812001372,1,0,1,0,3
"75814","Tokyo","Office","CL9c","ZoneA","COM+TESICE","FCU",30776.7403959046,1,0,0,1,3
"75816","Tokyo","Office","CL9c","ZoneA","COM+TESICE","FCU",104502.463729303,1,0,1,1,3
"75817","Tokyo","Office","CL9c","ZoneA","COM+TESICE","FCU",36261.8218564349,0,1,0,0,3
"75818","Tokyo","Office","CL9c","ZoneA","COM+TESICE","FCU",121697.549784681,1,1,0,0,3
"75821","Tokyo","Office","CL9c","ZoneA","COM+TESICE","FCU",110571.362071386,1,1,1,0,3
"75822","Tokyo","Office","CL9c","ZoneA","COM+TESICE","FCU",78112.5420731833,1,1,0,1,3
"75824","Tokyo","Office","CL9c","ZoneA","COM+TESICE","FCU",265231.242483778,1,1,1,1,3
"75874","Tokyo","Office","CL9c","ZoneA","COM+TESICE","CAVFCU",35773.3231214411,1,0,0,0,3
"75877","Tokyo","Office","CL9c","ZoneA","COM+TESICE","CAVFCU",98591.9136102349,1,0,1,0,3
"75878","Tokyo","Office","CL9c","ZoneA","COM+TESICE","CAVFCU",62070.2976140513,1,0,0,1,3
"75880","Tokyo","Office","CL9c","ZoneA","COM+TESICE","CAVFCU",220747.47114719,1,0,1,1,3
"75885","Tokyo","Office","CL9c","ZoneA","COM+TESICE","CAVFCU",72134.1006338877,1,1,1,0,3
"75886","Tokyo","Office","CL9c","ZoneA","COM+TESICE","CAVFCU",45413.3095759542,1,1,0,1,3
"75888","Tokyo","Office","CL9c","ZoneA","COM+TESICE","CAVFCU",161508.380508344,1,1,1,1,3
"75937","Tokyo","Office","CL9c","ZoneA","COM+TESICE","VAVFCU",152708.056539218,0,0,0,0,3
"75938","Tokyo","Office","CL9c","ZoneA","COM+TESICE","VAVFCU",126522.403533734,1,0,0,0,3
"75940","Tokyo","Office","CL9c","ZoneA","COM+TESICE","VAVFCU",53500.259019349,0,0,0,1,3
"75941","Tokyo","Office","CL9c","ZoneA","COM+TESICE","VAVFCU",799054.676924407,1,0,1,0,3
"75942","Tokyo","Office","CL9c","ZoneA","COM+TESICE","VAVFCU",131354.323879416,1,0,0,1,3
"75944","Tokyo","Office","CL9c","ZoneA","COM+TESICE","VAVFCU",2416035.29929,1,0,1,1,3
"75945","Tokyo","Office","CL9c","ZoneA","COM+TESICE","VAVFCU",34248.5436491031,0,1,0,0,3
"75946","Tokyo","Office","CL9c","ZoneA","COM+TESICE","VAVFCU",28375.7658778248,1,1,0,0,3
"75949","Tokyo","Office","CL9c","ZoneA","COM+TESICE","VAVFCU",179207.696049993,1,1,1,0,3
"75950","Tokyo","Office","CL9c","ZoneA","COM+TESICE","VAVFCU",29459.4430499299,1,1,0,1,3
"75952","Tokyo","Office","CL9c","ZoneA","COM+TESICE","VAVFCU",541855.435009459,1,1,1,1,3
"76001","Tokyo","Office","CL9c","ZoneA","COM+TESICE","OHUFCU",95213.659351234,0,0,0,0,3
"76005","Tokyo","Office","CL9c","ZoneA","COM+TESICE","OHUFCU",436133.181722767,1,0,1,0,3
"76008","Tokyo","Office","CL9c","ZoneA","COM+TESICE","OHUFCU",1513337.94337606,1,0,1,1,3
"76013","Tokyo","Office","CL9c","ZoneA","COM+TESICE","OHUFCU",97813.6101628552,1,1,1,0,3
"76016","Tokyo","Office","CL9c","ZoneA","COM+TESICE","OHUFCU",339403.314953772,1,1,1,1,3
"76033","Nigata","Office","CL1","ZoneC","EHP","MUL",55478.376611004,0,0,0,0,1
"76034","Nigata","Office","CL1","ZoneC","EHP","MUL",155853.413572,1,0,0,0,1
"76049","Nigata","Office","CL1","ZoneC","EHP","MUL",26647.6610992922,0,0,0,0,2
"76050","Nigata","Office","CL1","ZoneC","EHP","MUL",74860.3185553683,1,0,0,0,2
"76098","Nigata","Office","CL1","ZoneC","GHP","MUL",72946.6472047887,1,0,0,0,1
"76114","Nigata","Office","CL1","ZoneC","GHP","MUL",35038.1112748218,1,0,0,0,2
"78849","Nigata","Office","CL2","ZoneC","EHP","MUL",498493.406305431,0,0,0,0,1
"78850","Nigata","Office","CL2","ZoneC","EHP","MUL",1443474.75690297,1,0,0,0,1
"78852","Nigata","Office","CL2","ZoneC","EHP","MUL",26630.7249624579,0,0,0,1,1
"78853","Nigata","Office","CL2","ZoneC","EHP","MUL",26195.9030875664,1,0,1,0,1
"78865","Nigata","Office","CL2","ZoneC","EHP","MUL",255454.213714327,0,0,0,0,2
"78866","Nigata","Office","CL2","ZoneC","EHP","MUL",739712.309885998,1,0,0,0,2
"78913","Nigata","Office","CL2","ZoneC","GHP","MUL",119328.147463058,0,0,0,0,1
"78914","Nigata","Office","CL2","ZoneC","GHP","MUL",345535.50051449,1,0,0,0,1
"78929","Nigata","Office","CL2","ZoneC","GHP","MUL",59530.6235001563,0,0,0,0,2
"78930","Nigata","Office","CL2","ZoneC","GHP","MUL",172381.321795298,1,0,0,0,2
"79361","Nigata","Office","CL2","ZoneC","AHP","CAV",45740.4367807925,0,0,0,0,1
"79362","Nigata","Office","CL2","ZoneC","AHP","CAV",49283.9224094895,1,0,0,0,1
"81665","Nigata","Office","CL3","ZoneC","EHP","MUL",570190.532063747,0,0,0,0,1
"81666","Nigata","Office","CL3","ZoneC","EHP","MUL",1682948.26166403,1,0,0,0,1
"81668","Nigata","Office","CL3","ZoneC","EHP","MUL",33928.0650718536,0,0,0,1,1
"81669","Nigata","Office","CL3","ZoneC","EHP","MUL",50336.5144978172,1,0,1,0,1
"81670","Nigata","Office","CL3","ZoneC","EHP","MUL",26982.99879951,1,0,0,1,1
"81681","Nigata","Office","CL3","ZoneC","EHP","MUL",287399.39923812,0,0,0,0,2
"81682","Nigata","Office","CL3","ZoneC","EHP","MUL",848274.90488216,1,0,0,0,2
"81729","Nigata","Office","CL3","ZoneC","GHP","MUL",99408.3934697522,0,0,0,0,1
"81730","Nigata","Office","CL3","ZoneC","GHP","MUL",293409.261601051,1,0,0,0,1
"81745","Nigata","Office","CL3","ZoneC","GHP","MUL",47748.3542494577,0,0,0,0,2
"81746","Nigata","Office","CL3","ZoneC","GHP","MUL",140931.855691458,1,0,0,0,2
"81793","Nigata","Office","CL3","ZoneC","ABCH","CAV",59959.8394384654,0,0,0,0,1
"81794","Nigata","Office","CL3","ZoneC","ABCH","CAV",59800.6845574553,1,0,0,0,1
"82177","Nigata","Office","CL3","ZoneC","AHP","CAV",79994.0584886618,0,0,0,0,1
"82178","Nigata","Office","CL3","ZoneC","AHP","CAV",79781.725617535,1,0,0,0,1
"82193","Nigata","Office","CL3","ZoneC","AHP","CAV",67223.3808793043,0,0,0,0,2
"82194","Nigata","Office","CL3","ZoneC","AHP","CAV",67044.9459587786,1,0,0,0,2
"84481","Nigata","Office","CL4","ZoneC","EHP","MUL",376251.672776518,0,0,0,0,1
"84482","Nigata","Office","CL4","ZoneC","EHP","MUL",1134729.37627625,1,0,0,0,1
"84485","Nigata","Office","CL4","ZoneC","EHP","MUL",54538.7974578966,1,0,1,0,1
"84486","Nigata","Office","CL4","ZoneC","EHP","MUL",31191.3418211858,1,0,0,1,1
"84497","Nigata","Office","CL4","ZoneC","EHP","MUL",184323.870897322,0,0,0,0,2
"84498","Nigata","Office","CL4","ZoneC","EHP","MUL",555898.421693861,1,0,0,0,2
"84501","Nigata","Office","CL4","ZoneC","EHP","MUL",26718.2925389825,1,0,1,0,2
"84545","Nigata","Office","CL4","ZoneC","GHP","MUL",49798.5348199021,0,0,0,0,1
"84546","Nigata","Office","CL4","ZoneC","GHP","MUL",150186.336551445,1,0,0,0,1
"84562","Nigata","Office","CL4","ZoneC","GHP","MUL",96057.7688611057,1,0,0,0,2
"84609","Nigata","Office","CL4","ZoneC","ABCH","CAV",98182.572790431,0,0,0,0,1
"84610","Nigata","Office","CL4","ZoneC","ABCH","CAV",93242.6723435123,1,0,0,0,1
"84625","Nigata","Office","CL4","ZoneC","ABCH","CAV",47159.5617139425,0,0,0,0,2
"84626","Nigata","Office","CL4","ZoneC","ABCH","CAV",44786.803154392,1,0,0,0,2
"84993","Nigata","Office","CL4","ZoneC","AHP","CAV",99638.5569188006,0,0,0,0,1
"84994","Nigata","Office","CL4","ZoneC","AHP","CAV",94625.4009394383,1,0,0,0,1
"85002","Nigata","Office","CL4","ZoneC","AHP","CAV",35745.8448306889,1,1,0,0,1
"85009","Nigata","Office","CL4","ZoneC","AHP","CAV",56665.2610376979,0,0,0,0,2
"85010","Nigata","Office","CL4","ZoneC","AHP","CAV",53814.2382913053,1,0,0,0,2
"87297","Nigata","Office","CL5","ZoneC","EHP","MUL",239323.155152514,0,0,0,0,1
"87298","Nigata","Office","CL5","ZoneC","EHP","MUL",744843.987740024,1,0,0,0,1
"87301","Nigata","Office","CL5","ZoneC","EHP","MUL",60589.1333960981,1,0,1,0,1
"87302","Nigata","Office","CL5","ZoneC","EHP","MUL",38712.3435500697,1,0,0,1,1
"87313","Nigata","Office","CL5","ZoneC","EHP","MUL",254937.276176313,0,0,0,0,2
"87314","Nigata","Office","CL5","ZoneC","EHP","MUL",793439.720823228,1,0,0,0,2
"87317","Nigata","Office","CL5","ZoneC","EHP","MUL",64542.1402038634,1,0,1,0,2
"87318","Nigata","Office","CL5","ZoneC","EHP","MUL",41238.0465766762,1,0,0,1,2
"87362","Nigata","Office","CL5","ZoneC","GHP","MUL",107630.613053404,1,0,0,0,1
"87378","Nigata","Office","CL5","ZoneC","GHP","MUL",114652.73933705,1,0,0,0,2
"87426","Nigata","Office","CL5","ZoneC","ABCH","CAV",112591.499336723,1,0,0,0,1
"87442","Nigata","Office","CL5","ZoneC","ABCH","CAV",119937.287903543,1,0,0,0,2
"87489","Nigata","Office","CL5","ZoneC","ABCH","VAV",74753.5509766027,0,0,0,0,1
"87505","Nigata","Office","CL5","ZoneC","ABCH","VAV",79630.6845375554,0,0,0,0,2
"87745","Nigata","Office","CL5","ZoneC","ABCH","OHUFCU",80889.0482845662,0,0,0,0,1
"87761","Nigata","Office","CL5","ZoneC","ABCH","OHUFCU",86166.4790814748,0,0,0,0,2
"87810","Nigata","Office","CL5","ZoneC","AHP","CAV",120278.336507546,1,0,0,0,1
"87826","Nigata","Office","CL5","ZoneC","AHP","CAV",128125.636120377,1,0,0,0,2
"87873","Nigata","Office","CL5","ZoneC","AHP","VAV",79857.1189873586,0,0,0,0,1
"87889","Nigata","Office","CL5","ZoneC","AHP","VAV",85067.2237918266,0,0,0,0,2
"88129","Nigata","Office","CL5","ZoneC","AHP","OHUFCU",86411.4984404769,0,0,0,0,1
"88145","Nigata","Office","CL5","ZoneC","AHP","OHUFCU",92049.229539407,0,0,0,0,2
"89345","Nigata","Office","CL5","ZoneC","AHP+TESICE","CAV",95615.7244010328,0,0,0,0,1
"89361","Nigata","Office","CL5","ZoneC","AHP+TESICE","CAV",52888.3296985489,0,0,0,0,2
"89362","Nigata","Office","CL5","ZoneC","AHP+TESICE","CAV",48965.635593235,1,0,0,0,2
"90113","Nigata","Office","CL6","ZoneC","EHP","MUL",86943.6286697264,0,0,0,0,1
"90114","Nigata","Office","CL6","ZoneC","EHP","MUL",283431.201093872,1,0,0,0,1
"90117","Nigata","Office","CL6","ZoneC","EHP","MUL",41271.4708019352,1,0,1,0,1
"90118","Nigata","Office","CL6","ZoneC","EHP","MUL",31456.9866911415,1,0,0,1,1
"90120","Nigata","Office","CL6","ZoneC","EHP","MUL",30422.4279660014,1,0,1,1,1
"90129","Nigata","Office","CL6","ZoneC","EHP","MUL",92616.077453181,0,0,0,0,2
"90130","Nigata","Office","CL6","ZoneC","EHP","MUL",301923.056062858,1,0,0,0,2
"90133","Nigata","Office","CL6","ZoneC","EHP","MUL",43964.1385445151,1,0,1,0,2
"90134","Nigata","Office","CL6","ZoneC","EHP","MUL",33509.3296703512,1,0,0,1,2
"90136","Nigata","Office","CL6","ZoneC","EHP","MUL",32407.2734014388,1,0,1,1,2
"90178","Nigata","Office","CL6","ZoneC","GHP","MUL",42467.7733676319,1,0,0,0,1
"90194","Nigata","Office","CL6","ZoneC","GHP","MUL",45238.4912806181,1,0,0,0,2
"90242","Nigata","Office","CL6","ZoneC","ABCH","CAV",107900.365361527,1,0,0,0,1
"90258","Nigata","Office","CL6","ZoneC","ABCH","CAV",114940.091050391,1,0,0,0,2
"90305","Nigata","Office","CL6","ZoneC","ABCH","VAV",120044.295653153,0,0,0,0,1
"90321","Nigata","Office","CL6","ZoneC","ABCH","VAV",64121.805847851,0,0,0,0,2
"90322","Nigata","Office","CL6","ZoneC","ABCH","VAV",63754.5199293846,1,0,0,0,2
"90561","Nigata","Office","CL6","ZoneC","ABCH","OHUFCU",52936.1244605402,0,0,0,0,1
"90568","Nigata","Office","CL6","ZoneC","ABCH","OHUFCU",52276.250279581,1,0,1,1,1
"90577","Nigata","Office","CL6","ZoneC","ABCH","OHUFCU",38944.848040962,0,0,0,0,2
"90581","Nigata","Office","CL6","ZoneC","ABCH","OHUFCU",34672.4984293892,1,0,1,0,2
"90584","Nigata","Office","CL6","ZoneC","ABCH","OHUFCU",38459.3818311573,1,0,1,1,2
"90626","Nigata","Office","CL6","ZoneC","AHP","CAV",108266.585356214,1,0,0,0,1
"90642","Nigata","Office","CL6","ZoneC","AHP","CAV",115330.204275613,1,0,0,0,2
"90689","Nigata","Office","CL6","ZoneC","AHP","VAV",120451.732839941,0,0,0,0,1
"90705","Nigata","Office","CL6","ZoneC","AHP","VAV",64339.4389144141,0,0,0,0,2
"90706","Nigata","Office","CL6","ZoneC","AHP","VAV",63970.9064065904,1,0,0,0,2
"90945","Nigata","Office","CL6","ZoneC","AHP","OHUFCU",53115.7926864424,0,0,0,0,1
"90952","Nigata","Office","CL6","ZoneC","AHP","OHUFCU",52453.6788548736,1,0,1,1,1
"90961","Nigata","Office","CL6","ZoneC","AHP","OHUFCU",39077.0290766319,0,0,0,0,2
"90965","Nigata","Office","CL6","ZoneC","AHP","OHUFCU",34790.178866782,1,0,1,0,2
"90968","Nigata","Office","CL6","ZoneC","AHP","OHUFCU",38589.9151668201,1,0,1,1,2
"91841","Nigata","Office","CL6","ZoneC","COM","VAV",99565.1475263579,0,0,0,0,1
"91857","Nigata","Office","CL6","ZoneC","COM","VAV",106061.059976778,0,0,0,0,2
"92225","Nigata","Office","CL6","ZoneC","AHP+TESICE","VAV",44385.0174167424,0,0,0,0,1
"92226","Nigata","Office","CL6","ZoneC","AHP+TESICE","VAV",40978.0329638451,1,0,0,0,1
"92229","Nigata","Office","CL6","ZoneC","AHP+TESICE","VAV",39851.5712524018,1,0,1,0,1
"92232","Nigata","Office","CL6","ZoneC","AHP+TESICE","VAV",36930.1490990247,1,0,1,1,1
"92241","Nigata","Office","CL6","ZoneC","AHP+TESICE","VAV",47280.8217660825,0,0,0,0,2
"92242","Nigata","Office","CL6","ZoneC","AHP+TESICE","VAV",43651.5559900938,1,0,0,0,2
"92245","Nigata","Office","CL6","ZoneC","AHP+TESICE","VAV",42451.6007235453,1,0,1,0,2
"92248","Nigata","Office","CL6","ZoneC","AHP+TESICE","VAV",39339.5767078647,1,0,1,1,2
"92609","Nigata","Office","CL6","ZoneC","COM+TESICE","VAV",63556.8857848221,0,0,0,0,1
"92625","Nigata","Office","CL6","ZoneC","COM+TESICE","VAV",67703.5171707722,0,0,0,0,2
"92930","Nigata","Office","CL7","ZoneC","EHP","MUL",117639.921642123,1,0,0,0,1
"92946","Nigata","Office","CL7","ZoneC","EHP","MUL",125315.083590326,1,0,0,0,2
"92994","Nigata","Office","CL7","ZoneC","GHP","MUL",11369.9351910203,1,0,0,0,1
"93010","Nigata","Office","CL7","ZoneC","GHP","MUL",12111.7419919219,1,0,0,0,2
"93128","Nigata","Office","CL7","ZoneC","ABCH","VAV",119606.304242928,1,0,1,1,1
"93141","Nigata","Office","CL7","ZoneC","ABCH","VAV",57850.6913670926,1,0,1,0,2
"93144","Nigata","Office","CL7","ZoneC","ABCH","VAV",69559.0671987921,1,0,1,1,2
"93512","Nigata","Office","CL7","ZoneC","AHP","VAV",109884.683787895,1,0,1,1,1
"93528","Nigata","Office","CL7","ZoneC","AHP","VAV",117053.872035612,1,0,1,1,2
"94664","Nigata","Office","CL7","ZoneC","COM","VAV",58567.8509423333,1,0,1,1,1
"94680","Nigata","Office","CL7","ZoneC","COM","VAV",62388.9835533197,1,0,1,1,2
"95048","Nigata","Office","CL7","ZoneC","AHP+TESICE","VAV",83207.2216710975,1,0,1,1,1
"95064","Nigata","Office","CL7","ZoneC","AHP+TESICE","VAV",88635.8966708011,1,0,1,1,2
"95432","Nigata","Office","CL7","ZoneC","COM+TESICE","VAV",61010.1556637173,1,0,1,1,1
"95448","Nigata","Office","CL7","ZoneC","COM+TESICE","VAV",64990.6311576453,1,0,1,1,2
"95778","Nigata","Office","CL8c","ZoneA","EHP","MUL",106549.466065742,1,0,0,0,3
"95842","Nigata","Office","CL8c","ZoneA","GHP","MUL",12521.9745282382,1,0,0,0,3
"95973","Nigata","Office","CL8c","ZoneA","ABCH","VAV",50324.964100666,1,0,1,0,3
"95976","Nigata","Office","CL8c","ZoneA","ABCH","VAV",82251.828542341,1,0,1,1,3
"96232","Nigata","Office","CL8c","ZoneA","ABCH","OHUFCU",92884.5392439508,1,0,1,1,3
"96357","Nigata","Office","CL8c","ZoneA","AHP","VAV",61113.9315202978,1,0,1,0,3
"96360","Nigata","Office","CL8c","ZoneA","AHP","VAV",104166.056431737,1,0,1,1,3
"97128","Nigata","Office","CL8c","ZoneA","AB","VAV",52820.7330281773,1,0,1,1,3
"97509","Nigata","Office","CL8c","ZoneA","COM","VAV",69438.2586828196,1,0,1,0,3
"97512","Nigata","Office","CL8c","ZoneA","COM","VAV",118354.512507083,1,0,1,1,3
"97893","Nigata","Office","CL8c","ZoneA","AHP+TESICE","VAV",70696.6953190232,1,0,1,0,3
"97896","Nigata","Office","CL8c","ZoneA","AHP+TESICE","VAV",120499.463394738,1,0,1,1,3
"98277","Nigata","Office","CL8c","ZoneA","COM+TESICE","VAV",48768.6723836081,1,0,1,0,3
"98280","Nigata","Office","CL8c","ZoneA","COM+TESICE","VAV",79708.2034894295,1,0,1,1,3
"98472","Nigata","Office","CL8c","ZoneA","COM+TESICE","VAVFCU",71427.3796906682,1,0,1,1,3
"98536","Nigata","Office","CL8c","ZoneA","COM+TESICE","OHUFCU",90012.0992601099,1,0,1,1,3
"98600","Nigata","Office","CL9c","ZoneA","EHP","MUL",10089.4915920531,1,0,1,1,3
"101096","Nigata","Office","CL9c","ZoneA","COM+TESICE","VAV",126624.833415031,1,0,1,1,3
"101288","Nigata","Office","CL9c","ZoneA","COM+TESICE","VAVFCU",96768.327182281,1,0,1,1,3
"101377","Nagoya","Office","CL1","ZoneC","EHP","MUL",34023.1382063436,0,0,0,0,1
"101378","Nagoya","Office","CL1","ZoneC","EHP","MUL",95595.1268540876,1,0,0,0,1
"101394","Nagoya","Office","CL1","ZoneC","EHP","MUL",62258.9161868787,1,0,0,0,2
"101442","Nagoya","Office","CL1","ZoneC","GHP","MUL",34780.0159017449,1,0,0,0,1
"101458","Nagoya","Office","CL1","ZoneC","GHP","MUL",16705.7173153452,1,0,0,0,2
"104193","Nagoya","Office","CL2","ZoneC","EHP","MUL",1148665.49515747,0,0,0,0,1
"104194","Nagoya","Office","CL2","ZoneC","EHP","MUL",3324548.89144359,1,0,0,0,1
"104196","Nagoya","Office","CL2","ZoneC","EHP","MUL",61199.6664185636,0,0,0,1,1
"104197","Nagoya","Office","CL2","ZoneC","EHP","MUL",59636.8315521073,1,0,1,0,1
"104198","Nagoya","Office","CL2","ZoneC","EHP","MUL",30299.4559475733,1,0,0,1,1
"104209","Nagoya","Office","CL2","ZoneC","EHP","MUL",555371.839843943,0,0,0,0,2
"104210","Nagoya","Office","CL2","ZoneC","EHP","MUL",1607396.44594186,1,0,0,0,2
"104212","Nagoya","Office","CL2","ZoneC","EHP","MUL",29589.616367865,0,0,0,1,2
"104213","Nagoya","Office","CL2","ZoneC","EHP","MUL",28833.9964952257,1,0,1,0,2
"104257","Nagoya","Office","CL2","ZoneC","GHP","MUL",225337.908813742,0,0,0,0,1
"104258","Nagoya","Office","CL2","ZoneC","GHP","MUL",652188.908002538,1,0,0,0,1
"104273","Nagoya","Office","CL2","ZoneC","GHP","MUL",108235.471073621,0,0,0,0,2
"104274","Nagoya","Office","CL2","ZoneC","GHP","MUL",313262.753072733,1,0,0,0,2
"104322","Nagoya","Office","CL2","ZoneC","ABCH","CAV",58015.1354448591,1,0,0,0,1
"104705","Nagoya","Office","CL2","ZoneC","AHP","CAV",45479.398238543,0,0,0,0,1
"104706","Nagoya","Office","CL2","ZoneC","AHP","CAV",51584.6093694476,1,0,0,0,1
"104721","Nagoya","Office","CL2","ZoneC","AHP","CAV",34901.5918591928,0,0,0,0,2
"104722","Nagoya","Office","CL2","ZoneC","AHP","CAV",39586.8250715454,1,0,0,0,2
"107009","Nagoya","Office","CL3","ZoneC","EHP","MUL",1303133.09924531,0,0,0,0,1
"107010","Nagoya","Office","CL3","ZoneC","EHP","MUL",3872531.60243855,1,0,0,0,1
"107012","Nagoya","Office","CL3","ZoneC","EHP","MUL",79882.8172594021,0,0,0,1,1
"107013","Nagoya","Office","CL3","ZoneC","EHP","MUL",116139.856983584,1,0,1,0,1
"107014","Nagoya","Office","CL3","ZoneC","EHP","MUL",64457.1972237553,1,0,0,1,1
"107025","Nagoya","Office","CL3","ZoneC","EHP","MUL",625927.637346758,0,0,0,0,2
"107026","Nagoya","Office","CL3","ZoneC","EHP","MUL",1860074.42974841,1,0,0,0,2
"107028","Nagoya","Office","CL3","ZoneC","EHP","MUL",38369.7283882494,0,0,0,1,2
"107029","Nagoya","Office","CL3","ZoneC","EHP","MUL",55784.8974334434,1,0,1,0,2
"107030","Nagoya","Office","CL3","ZoneC","EHP","MUL",30960.4147048559,1,0,0,1,2
"107073","Nagoya","Office","CL3","ZoneC","GHP","MUL",194405.71838419,0,0,0,0,1
"107074","Nagoya","Office","CL3","ZoneC","GHP","MUL",577717.110073819,1,0,0,0,1
"107089","Nagoya","Office","CL3","ZoneC","GHP","MUL",93377.9612116259,0,0,0,0,2
"107090","Nagoya","Office","CL3","ZoneC","GHP","MUL",277492.073505554,1,0,0,0,2
"107137","Nagoya","Office","CL3","ZoneC","ABCH","CAV",82023.062898673,0,0,0,0,1
"107138","Nagoya","Office","CL3","ZoneC","ABCH","CAV",88792.0999829801,1,0,0,0,1
"107153","Nagoya","Office","CL3","ZoneC","ABCH","CAV",39397.7422550651,0,0,0,0,2
"107154","Nagoya","Office","CL3","ZoneC","ABCH","CAV",42649.0811948454,1,0,0,0,2
"107521","Nagoya","Office","CL3","ZoneC","AHP","CAV",108706.174780509,0,0,0,0,1
"107522","Nagoya","Office","CL3","ZoneC","AHP","CAV",117677.262940085,1,0,0,0,1
"107530","Nagoya","Office","CL3","ZoneC","AHP","CAV",38930.7361722214,1,1,0,0,1
"107537","Nagoya","Office","CL3","ZoneC","AHP","CAV",61193.5103611774,0,0,0,0,2
"107538","Nagoya","Office","CL3","ZoneC","AHP","CAV",66243.5673368043,1,0,0,0,2
"109825","Nagoya","Office","CL4","ZoneC","EHP","MUL",1072496.00332643,0,0,0,0,1
"109826","Nagoya","Office","CL4","ZoneC","EHP","MUL",3291060.11438284,1,0,0,0,1
"109828","Nagoya","Office","CL4","ZoneC","EHP","MUL",77170.9568262469,0,0,0,1,1
"109829","Nagoya","Office","CL4","ZoneC","EHP","MUL",152445.724702912,1,0,1,0,1
"109830","Nagoya","Office","CL4","ZoneC","EHP","MUL",95583.0557558881,1,0,0,1,1
"109832","Nagoya","Office","CL4","ZoneC","EHP","MUL",41178.5977943465,1,0,1,1,1
"109841","Nagoya","Office","CL4","ZoneC","EHP","MUL",519671.066346399,0,0,0,0,2
"109842","Nagoya","Office","CL4","ZoneC","EHP","MUL",1594662.09081144,1,0,0,0,2
"109844","Nagoya","Office","CL4","ZoneC","EHP","MUL",37392.69265385,0,0,0,1,2
"109845","Nagoya","Office","CL4","ZoneC","EHP","MUL",73866.5991020946,1,0,1,0,2
"109846","Nagoya","Office","CL4","ZoneC","EHP","MUL",46314.1572138721,1,0,0,1,2
"109889","Nagoya","Office","CL4","ZoneC","GHP","MUL",124185.068512595,0,0,0,0,1
"109890","Nagoya","Office","CL4","ZoneC","GHP","MUL",381074.171387199,1,0,0,0,1
"109905","Nagoya","Office","CL4","ZoneC","GHP","MUL",59649.2150900395,0,0,0,0,2
"109906","Nagoya","Office","CL4","ZoneC","GHP","MUL",183039.519054807,1,0,0,0,2
"109953","Nagoya","Office","CL4","ZoneC","ABCH","CAV",41966.2438015565,0,0,0,0,1
"109954","Nagoya","Office","CL4","ZoneC","ABCH","CAV",91077.4320049493,1,0,0,0,1
"109962","Nagoya","Office","CL4","ZoneC","ABCH","CAV",35360.369767619,1,1,0,0,1
"109969","Nagoya","Office","CL4","ZoneC","ABCH","CAV",77606.7681223871,0,0,0,0,2
"109970","Nagoya","Office","CL4","ZoneC","ABCH","CAV",80872.6178708578,1,0,0,0,2
"110017","Nagoya","Office","CL4","ZoneC","ABCH","VAV",69012.1924589621,0,0,0,0,1
"110273","Nagoya","Office","CL4","ZoneC","ABCH","OHUFCU",59020.7364127562,0,0,0,0,1
"110337","Nagoya","Office","CL4","ZoneC","AHP","CAV",61044.3495813546,0,0,0,0,1
"110338","Nagoya","Office","CL4","ZoneC","AHP","CAV",128961.764371837,1,0,0,0,1
"110346","Nagoya","Office","CL4","ZoneC","AHP","CAV",39750.9685373452,1,1,0,0,1
"110353","Nagoya","Office","CL4","ZoneC","AHP","CAV",75859.5055351412,0,0,0,0,2
"110354","Nagoya","Office","CL4","ZoneC","AHP","CAV",97714.2258020888,1,0,0,0,2
"110401","Nagoya","Office","CL4","ZoneC","AHP","VAV",52953.5336573803,0,0,0,0,1
"110402","Nagoya","Office","CL4","ZoneC","AHP","VAV",41201.211506787,1,0,0,0,1
"110417","Nagoya","Office","CL4","ZoneC","AHP","VAV",71130.7362719655,0,0,0,0,2
"110474","Nagoya","Office","CL4","ZoneC","AHP","FCU",53286.6625761635,1,1,0,0,1
"110657","Nagoya","Office","CL4","ZoneC","AHP","OHUFCU",80523.1973994892,0,0,0,0,1
"111873","Nagoya","Office","CL4","ZoneC","AHP+TESICE","CAV",41741.2453894509,0,0,0,0,1
"111874","Nagoya","Office","CL4","ZoneC","AHP+TESICE","CAV",43497.801409681,1,0,0,0,1
"112641","Nagoya","Office","CL5","ZoneC","EHP","MUL",797563.03989508,0,0,0,0,1
"112642","Nagoya","Office","CL5","ZoneC","EHP","MUL",2488377.69430863,1,0,0,0,1
"112644","Nagoya","Office","CL5","ZoneC","EHP","MUL",63409.5588474531,0,0,0,1,1
"112645","Nagoya","Office","CL5","ZoneC","EHP","MUL",200977.209933376,1,0,1,0,1
"112646","Nagoya","Office","CL5","ZoneC","EHP","MUL",130043.522983998,1,0,0,1,1
"112648","Nagoya","Office","CL5","ZoneC","EHP","MUL",81595.3430830715,1,0,1,1,1
"112657","Nagoya","Office","CL5","ZoneC","EHP","MUL",849598.313377477,0,0,0,0,2
"112658","Nagoya","Office","CL5","ZoneC","EHP","MUL",2650726.50860158,1,0,0,0,2
"112660","Nagoya","Office","CL5","ZoneC","EHP","MUL",67546.5782063986,0,0,0,1,2
"112661","Nagoya","Office","CL5","ZoneC","EHP","MUL",214089.532796266,1,0,1,0,2
"112662","Nagoya","Office","CL5","ZoneC","EHP","MUL",138527.931042797,1,0,0,1,2
"112664","Nagoya","Office","CL5","ZoneC","EHP","MUL",86918.8545546865,1,0,1,1,2
"112705","Nagoya","Office","CL5","ZoneC","GHP","MUL",71476.1037947458,0,0,0,0,1
"112706","Nagoya","Office","CL5","ZoneC","GHP","MUL",223003.741976723,1,0,0,0,1
"112721","Nagoya","Office","CL5","ZoneC","GHP","MUL",76139.407411354,0,0,0,0,2
"112722","Nagoya","Office","CL5","ZoneC","GHP","MUL",237553.138226182,1,0,0,0,2
"112769","Nagoya","Office","CL5","ZoneC","ABCH","CAV",58005.163890351,0,0,0,0,1
"112770","Nagoya","Office","CL5","ZoneC","ABCH","CAV",119115.271472728,1,0,0,0,1
"112778","Nagoya","Office","CL5","ZoneC","ABCH","CAV",40218.4295411094,1,1,0,0,1
"112785","Nagoya","Office","CL5","ZoneC","ABCH","CAV",61789.5852030822,0,0,0,0,2
"112786","Nagoya","Office","CL5","ZoneC","ABCH","CAV",126886.689425883,1,0,0,0,2
"112794","Nagoya","Office","CL5","ZoneC","ABCH","CAV",42842.3938868989,1,1,0,0,2
"112833","Nagoya","Office","CL5","ZoneC","ABCH","VAV",79426.4593625013,0,0,0,0,1
"112834","Nagoya","Office","CL5","ZoneC","ABCH","VAV",66904.0092127807,1,0,0,0,1
"112849","Nagoya","Office","CL5","ZoneC","ABCH","VAV",84608.4667123025,0,0,0,0,2
"112850","Nagoya","Office","CL5","ZoneC","ABCH","VAV",71269.0164188742,1,0,0,0,2
"112906","Nagoya","Office","CL5","ZoneC","ABCH","FCU",74252.9560532487,1,1,0,0,1
"112922","Nagoya","Office","CL5","ZoneC","ABCH","FCU",79097.4293824233,1,1,0,0,2
"113089","Nagoya","Office","CL5","ZoneC","ABCH","OHUFCU",78027.0052473293,0,0,0,0,1
"113093","Nagoya","Office","CL5","ZoneC","ABCH","OHUFCU",42210.315939343,1,0,1,0,1
"113105","Nagoya","Office","CL5","ZoneC","ABCH","OHUFCU",83117.7082437862,0,0,0,0,2
"113109","Nagoya","Office","CL5","ZoneC","ABCH","OHUFCU",44964.236599923,1,0,1,0,2
"113153","Nagoya","Office","CL5","ZoneC","AHP","CAV",63927.08813019,0,0,0,0,1
"113154","Nagoya","Office","CL5","ZoneC","AHP","CAV",131276.113131632,1,0,0,0,1
"113157","Nagoya","Office","CL5","ZoneC","AHP","CAV",35955.865261598,1,0,1,0,1
"113162","Nagoya","Office","CL5","ZoneC","AHP","CAV",44324.4517779913,1,1,0,0,1
"113169","Nagoya","Office","CL5","ZoneC","AHP","CAV",68097.8725665217,0,0,0,0,2
"113170","Nagoya","Office","CL5","ZoneC","AHP","CAV",139840.938865545,1,0,0,0,2
"113173","Nagoya","Office","CL5","ZoneC","AHP","CAV",38301.7278311945,1,0,1,0,2
"113178","Nagoya","Office","CL5","ZoneC","AHP","CAV",47216.304653381,1,1,0,0,2
"113217","Nagoya","Office","CL5","ZoneC","AHP","VAV",81616.5461988289,0,0,0,0,1
"113218","Nagoya","Office","CL5","ZoneC","AHP","VAV",64386.3862726585,1,0,0,0,1
"113221","Nagoya","Office","CL5","ZoneC","AHP","VAV",39475.3175211397,1,0,1,0,1
"113233","Nagoya","Office","CL5","ZoneC","AHP","VAV",86941.4410218177,0,0,0,0,2
"113234","Nagoya","Office","CL5","ZoneC","AHP","VAV",68587.1366217239,1,0,0,0,2
"113237","Nagoya","Office","CL5","ZoneC","AHP","VAV",42050.7991323327,1,0,1,0,2
"113282","Nagoya","Office","CL5","ZoneC","AHP","FCU",41548.6670171213,1,0,0,0,1
"113290","Nagoya","Office","CL5","ZoneC","AHP","FCU",52569.1778830378,1,1,0,0,1
"113298","Nagoya","Office","CL5","ZoneC","AHP","FCU",44259.419826516,1,0,0,0,2
"113306","Nagoya","Office","CL5","ZoneC","AHP","FCU",55998.9400598916,1,1,0,0,2
"113346","Nagoya","Office","CL5","ZoneC","AHP","CAVFCU",54548.7865284046,1,0,0,0,1
"113362","Nagoya","Office","CL5","ZoneC","AHP","CAVFCU",58107.7039846496,1,0,0,0,2
"113473","Nagoya","Office","CL5","ZoneC","AHP","OHUFCU",98942.1522936949,0,0,0,0,1
"113477","Nagoya","Office","CL5","ZoneC","AHP","OHUFCU",53462.2521658733,1,0,1,0,1
"113489","Nagoya","Office","CL5","ZoneC","AHP","OHUFCU",86532.6530949081,0,0,0,0,2
"113493","Nagoya","Office","CL5","ZoneC","AHP","OHUFCU",46756.9222327987,1,0,1,0,2
"113496","Nagoya","Office","CL5","ZoneC","AHP","OHUFCU",29058.1244819301,1,0,1,1,2
"114305","Nagoya","Office","CL5","ZoneC","COM","CAV",93130.1128575781,0,0,0,0,1
"114321","Nagoya","Office","CL5","ZoneC","COM","CAV",49969.2648240533,0,0,0,0,2
"114322","Nagoya","Office","CL5","ZoneC","COM","CAV",49236.9205815057,1,0,0,0,2
"114689","Nagoya","Office","CL5","ZoneC","AHP+TESICE","CAV",84509.5731050456,0,0,0,0,1
"114690","Nagoya","Office","CL5","ZoneC","AHP+TESICE","CAV",83271.0097697324,1,0,0,0,1
"114693","Nagoya","Office","CL5","ZoneC","AHP+TESICE","CAV",43780.3454364246,1,0,1,0,1
"114705","Nagoya","Office","CL5","ZoneC","AHP+TESICE","CAV",59697.6556115167,0,0,0,0,2
"114706","Nagoya","Office","CL5","ZoneC","AHP+TESICE","CAV",74985.9702085712,1,0,0,0,2
"114769","Nagoya","Office","CL5","ZoneC","AHP+TESICE","VAV",90680.1371414157,0,0,0,0,2
"115457","Nagoya","Office","CL6","ZoneC","EHP","MUL",301169.649745951,0,0,0,0,1
"115458","Nagoya","Office","CL6","ZoneC","EHP","MUL",956031.439661907,1,0,0,0,1
"115460","Nagoya","Office","CL6","ZoneC","EHP","MUL",26459.4941767784,0,0,0,1,1
"115461","Nagoya","Office","CL6","ZoneC","EHP","MUL",134221.095943598,1,0,1,0,1
"115462","Nagoya","Office","CL6","ZoneC","EHP","MUL",89588.8833562393,1,0,0,1,1
"115464","Nagoya","Office","CL6","ZoneC","EHP","MUL",82057.1830370095,1,0,1,1,1
"115473","Nagoya","Office","CL6","ZoneC","EHP","MUL",320818.811386126,0,0,0,0,2
"115474","Nagoya","Office","CL6","ZoneC","EHP","MUL",1018405.64073712,1,0,0,0,2
"115476","Nagoya","Office","CL6","ZoneC","EHP","MUL",28185.7865785372,0,0,0,1,2
"115477","Nagoya","Office","CL6","ZoneC","EHP","MUL",142978.060703965,1,0,1,0,2
"115478","Nagoya","Office","CL6","ZoneC","EHP","MUL",95433.9160536393,1,0,0,1,2
"115480","Nagoya","Office","CL6","ZoneC","EHP","MUL",87410.8262563436,1,0,1,1,2
"115522","Nagoya","Office","CL6","ZoneC","GHP","MUL",120969.137529579,1,0,0,0,1
"115538","Nagoya","Office","CL6","ZoneC","GHP","MUL",128861.506959222,1,0,0,0,2
"115586","Nagoya","Office","CL6","ZoneC","ABCH","CAV",169394.580219889,1,0,0,0,1
"115601","Nagoya","Office","CL6","ZoneC","ABCH","CAV",59766.6495513362,0,0,0,0,2
"115602","Nagoya","Office","CL6","ZoneC","ABCH","CAV",120679.71324531,1,0,0,0,2
"115649","Nagoya","Office","CL6","ZoneC","ABCH","VAV",52427.9950622216,0,0,0,0,1
"115650","Nagoya","Office","CL6","ZoneC","ABCH","VAV",44704.6755736335,1,0,0,0,1
"115653","Nagoya","Office","CL6","ZoneC","ABCH","VAV",43985.8142661278,1,0,1,0,1
"115656","Nagoya","Office","CL6","ZoneC","ABCH","VAV",32481.1852307836,1,0,1,1,1
"115665","Nagoya","Office","CL6","ZoneC","ABCH","VAV",55848.5460716506,0,0,0,0,2
"115666","Nagoya","Office","CL6","ZoneC","ABCH","VAV",47621.3353272271,1,0,0,0,2
"115669","Nagoya","Office","CL6","ZoneC","ABCH","VAV",46855.5734703469,1,0,1,0,2
"115672","Nagoya","Office","CL6","ZoneC","ABCH","VAV",34600.3498258965,1,0,1,1,2
"115722","Nagoya","Office","CL6","ZoneC","ABCH","FCU",67610.3035490707,1,1,0,0,1
"115738","Nagoya","Office","CL6","ZoneC","ABCH","FCU",72021.3913997144,1,1,0,0,2
"115905","Nagoya","Office","CL6","ZoneC","ABCH","OHUFCU",48291.9488559087,0,0,0,0,1
"115909","Nagoya","Office","CL6","ZoneC","ABCH","OHUFCU",43161.7419533549,1,0,1,0,1
"115912","Nagoya","Office","CL6","ZoneC","ABCH","OHUFCU",39172.0105481624,1,0,1,1,1
"115921","Nagoya","Office","CL6","ZoneC","ABCH","OHUFCU",51442.6524868664,0,0,0,0,2
"115925","Nagoya","Office","CL6","ZoneC","ABCH","OHUFCU",45977.7363439862,1,0,1,0,2
"115928","Nagoya","Office","CL6","ZoneC","ABCH","OHUFCU",41727.7035526892,1,0,1,1,2
"115969","Nagoya","Office","CL6","ZoneC","AHP","CAV",49738.6742331124,0,0,0,0,1
"115970","Nagoya","Office","CL6","ZoneC","AHP","CAV",100431.410974412,1,0,0,0,1
"115973","Nagoya","Office","CL6","ZoneC","AHP","CAV",47995.6858064562,1,0,1,0,1
"115985","Nagoya","Office","CL6","ZoneC","AHP","CAV",52983.7663285439,0,0,0,0,2
"115986","Nagoya","Office","CL6","ZoneC","AHP","CAV",106983.84090768,1,0,0,0,2
"115989","Nagoya","Office","CL6","ZoneC","AHP","CAV",51127.0603962851,1,0,1,0,2
"116033","Nagoya","Office","CL6","ZoneC","AHP","VAV",61332.7418783758,0,0,0,0,1
"116034","Nagoya","Office","CL6","ZoneC","AHP","VAV",52297.6383983434,1,0,0,0,1
"116037","Nagoya","Office","CL6","ZoneC","AHP","VAV",51456.6805290358,1,0,1,0,1
"116040","Nagoya","Office","CL6","ZoneC","AHP","VAV",37998.0227605322,1,0,1,1,1
"116049","Nagoya","Office","CL6","ZoneC","AHP","VAV",65334.2638113461,0,0,0,0,2
"116050","Nagoya","Office","CL6","ZoneC","AHP","VAV",55709.6845695141,1,0,0,0,2
"116053","Nagoya","Office","CL6","ZoneC","AHP","VAV",54813.8602250468,1,0,1,0,2
"116056","Nagoya","Office","CL6","ZoneC","AHP","VAV",40477.1214740267,1,0,1,1,2
"116106","Nagoya","Office","CL6","ZoneC","AHP","FCU",79093.7225612472,1,1,0,0,1
"116122","Nagoya","Office","CL6","ZoneC","AHP","FCU",84254.0212189641,1,1,0,0,2
"116289","Nagoya","Office","CL6","ZoneC","AHP","OHUFCU",56494.1999110973,0,0,0,0,1
"116293","Nagoya","Office","CL6","ZoneC","AHP","OHUFCU",50492.6418625097,1,0,1,0,1
"116296","Nagoya","Office","CL6","ZoneC","AHP","OHUFCU",45825.2658518821,1,0,1,1,1
"116305","Nagoya","Office","CL6","ZoneC","AHP","OHUFCU",60180.0416508674,0,0,0,0,2
"116309","Nagoya","Office","CL6","ZoneC","AHP","OHUFCU",53786.9249432679,1,0,1,0,2
"116312","Nagoya","Office","CL6","ZoneC","AHP","OHUFCU",48815.0360916363,1,0,1,1,2
"117185","Nagoya","Office","CL6","ZoneC","COM","VAV",56108.8249344953,0,0,0,0,1
"117186","Nagoya","Office","CL6","ZoneC","COM","VAV",52426.0188246726,1,0,0,0,1
"117189","Nagoya","Office","CL6","ZoneC","COM","VAV",48897.5866645197,1,0,1,0,1
"117201","Nagoya","Office","CL6","ZoneC","COM","VAV",59769.5237184138,0,0,0,0,2
"117202","Nagoya","Office","CL6","ZoneC","COM","VAV",55846.440898762,1,0,0,0,2
"117205","Nagoya","Office","CL6","ZoneC","COM","VAV",52087.8038228427,1,0,1,0,2
"117506","Nagoya","Office","CL6","ZoneC","AHP+TESICE","CAV",100402.958753958,1,0,0,0,1
"117522","Nagoya","Office","CL6","ZoneC","AHP+TESICE","CAV",106953.532383713,1,0,0,0,2
"117569","Nagoya","Office","CL6","ZoneC","AHP+TESICE","VAV",102895.384831175,0,0,0,0,1
"117585","Nagoya","Office","CL6","ZoneC","AHP+TESICE","VAV",109608.571403199,0,0,0,0,2
"117825","Nagoya","Office","CL6","ZoneC","AHP+TESICE","OHUFCU",77424.0054703739,0,0,0,0,1
"117841","Nagoya","Office","CL6","ZoneC","AHP+TESICE","OHUFCU",82475.3670521287,0,0,0,0,2
"117953","Nagoya","Office","CL6","ZoneC","COM+TESICE","VAV",113942.925381097,0,0,0,0,1
"117969","Nagoya","Office","CL6","ZoneC","COM+TESICE","VAV",121376.884813783,0,0,0,0,2
"118273","Nagoya","Office","CL7","ZoneC","EHP","MUL",117264.470491116,0,0,0,0,1
"118274","Nagoya","Office","CL7","ZoneC","EHP","MUL",386114.838172713,1,0,0,0,1
"118277","Nagoya","Office","CL7","ZoneC","EHP","MUL",86677.709229454,1,0,1,0,1
"118278","Nagoya","Office","CL7","ZoneC","EHP","MUL",66277.1231548176,1,0,0,1,1
"118280","Nagoya","Office","CL7","ZoneC","EHP","MUL",85928.1635921935,1,0,1,1,1
"118289","Nagoya","Office","CL7","ZoneC","EHP","MUL",124915.136941979,0,0,0,0,2
"118290","Nagoya","Office","CL7","ZoneC","EHP","MUL",411306.064690144,1,0,0,0,2
"118293","Nagoya","Office","CL7","ZoneC","EHP","MUL",92332.8086748539,1,0,1,0,2
"118294","Nagoya","Office","CL7","ZoneC","EHP","MUL",70601.2305375282,1,0,0,1,2
"118296","Nagoya","Office","CL7","ZoneC","EHP","MUL",91534.3605555684,1,0,1,1,2
"118338","Nagoya","Office","CL7","ZoneC","GHP","MUL",59012.3052747261,1,0,0,0,1
"118354","Nagoya","Office","CL7","ZoneC","GHP","MUL",62862.435346201,1,0,0,0,2
"118402","Nagoya","Office","CL7","ZoneC","ABCH","CAV",134786.277175649,1,0,0,0,1
"118418","Nagoya","Office","CL7","ZoneC","ABCH","CAV",126289.35343089,1,0,0,0,2
"118465","Nagoya","Office","CL7","ZoneC","ABCH","VAV",41961.0968531692,0,0,0,0,1
"118466","Nagoya","Office","CL7","ZoneC","ABCH","VAV",40404.0121372977,1,0,0,0,1
"118469","Nagoya","Office","CL7","ZoneC","ABCH","VAV",55863.6715737887,1,0,1,0,1
"118472","Nagoya","Office","CL7","ZoneC","ABCH","VAV",67018.372295281,1,0,1,1,1
"118481","Nagoya","Office","CL7","ZoneC","ABCH","VAV",39315.8702939166,0,0,0,0,2
"118482","Nagoya","Office","CL7","ZoneC","ABCH","VAV",37856.9441619316,1,0,0,0,2
"118485","Nagoya","Office","CL7","ZoneC","ABCH","VAV",52342.0270309533,1,0,1,0,2
"118488","Nagoya","Office","CL7","ZoneC","ABCH","VAV",62793.5356811741,1,0,1,1,2
"118680","Nagoya","Office","CL7","ZoneC","ABCH","VAVFCU",60421.1133821153,1,0,1,1,2
"118725","Nagoya","Office","CL7","ZoneC","ABCH","OHUFCU",54015.5225044791,1,0,1,0,1
"118728","Nagoya","Office","CL7","ZoneC","ABCH","OHUFCU",76950.3409325637,1,0,1,1,1
"118741","Nagoya","Office","CL7","ZoneC","ABCH","OHUFCU",50092.3866227521,1,0,1,0,2
"118744","Nagoya","Office","CL7","ZoneC","ABCH","OHUFCU",72617.3918618079,1,0,1,1,2
"118786","Nagoya","Office","CL7","ZoneC","AHP","CAV",132446.911361211,1,0,0,0,1
"118802","Nagoya","Office","CL7","ZoneC","AHP","CAV",127115.799106896,1,0,0,0,2
"118849","Nagoya","Office","CL7","ZoneC","AHP","VAV",41232.8153279908,0,0,0,0,1
"118850","Nagoya","Office","CL7","ZoneC","AHP","VAV",39702.7555499009,1,0,0,0,1
"118853","Nagoya","Office","CL7","ZoneC","AHP","VAV",54894.0953952108,1,0,1,0,1
"118856","Nagoya","Office","CL7","ZoneC","AHP","VAV",65855.1938740643,1,0,1,1,1
"118865","Nagoya","Office","CL7","ZoneC","AHP","VAV",39869.3700647737,0,0,0,0,2
"118866","Nagoya","Office","CL7","ZoneC","AHP","VAV",34870.3917581759,1,0,0,0,2
"118869","Nagoya","Office","CL7","ZoneC","AHP","VAV",53876.6659149721,1,0,1,0,2
"118872","Nagoya","Office","CL7","ZoneC","AHP","VAV",64950.4278564011,1,0,1,1,2
"118938","Nagoya","Office","CL7","ZoneC","AHP","FCU",55509.944225356,1,1,0,0,2
"119048","Nagoya","Office","CL7","ZoneC","AHP","VAVFCU",63367.0981049561,1,0,1,1,1
"119064","Nagoya","Office","CL7","ZoneC","AHP","VAVFCU",60816.5130459627,1,0,1,1,2
"119109","Nagoya","Office","CL7","ZoneC","AHP","OHUFCU",52534.7680596514,1,0,1,0,1
"119112","Nagoya","Office","CL7","ZoneC","AHP","OHUFCU",76158.0370942867,1,0,1,1,1
"119125","Nagoya","Office","CL7","ZoneC","AHP","OHUFCU",50221.4545571141,1,0,1,0,2
"119128","Nagoya","Office","CL7","ZoneC","AHP","OHUFCU",73291.3446340778,1,0,1,1,2
"119954","Nagoya","Office","CL7","ZoneC","COM","CAV",71852.6120272724,1,0,0,0,2
"120001","Nagoya","Office","CL7","ZoneC","COM","VAV",47601.7735065897,0,0,0,0,1
"120002","Nagoya","Office","CL7","ZoneC","COM","VAV",44141.3203007444,1,0,0,0,1
"120005","Nagoya","Office","CL7","ZoneC","COM","VAV",65099.5355497176,1,0,1,0,1
"120008","Nagoya","Office","CL7","ZoneC","COM","VAV",78862.2192726789,1,0,1,1,1
"120024","Nagoya","Office","CL7","ZoneC","COM","VAV",109414.284251653,1,0,1,1,2
"120280","Nagoya","Office","CL7","ZoneC","COM","OHUFCU",69816.0048006628,1,0,1,1,2
"120322","Nagoya","Office","CL7","ZoneC","AHP+TESICE","CAV",91494.3957019333,1,0,0,0,1
"120338","Nagoya","Office","CL7","ZoneC","AHP+TESICE","CAV",97463.7494261016,1,0,0,0,2
"120389","Nagoya","Office","CL7","ZoneC","AHP+TESICE","VAV",63338.3879576712,1,0,1,0,1
"120392","Nagoya","Office","CL7","ZoneC","AHP+TESICE","VAV",75985.6190104383,1,0,1,1,1
"120405","Nagoya","Office","CL7","ZoneC","AHP+TESICE","VAV",67470.7639260274,1,0,1,0,2
"120408","Nagoya","Office","CL7","ZoneC","AHP+TESICE","VAV",80943.136182319,1,0,1,1,2
"120648","Nagoya","Office","CL7","ZoneC","AHP+TESICE","OHUFCU",88901.0571687413,1,0,1,1,1
"120664","Nagoya","Office","CL7","ZoneC","AHP+TESICE","OHUFCU",94701.2141359673,1,0,1,1,2
"120722","Nagoya","Office","CL7","ZoneC","COM+TESICE","CAV",71696.0926206172,1,0,0,0,2
"120769","Nagoya","Office","CL7","ZoneC","COM+TESICE","VAV",47498.0806673906,0,0,0,0,1
"120770","Nagoya","Office","CL7","ZoneC","COM+TESICE","VAV",44045.1655045927,1,0,0,0,1
"120773","Nagoya","Office","CL7","ZoneC","COM+TESICE","VAV",64957.7266385271,1,0,1,0,1
"120776","Nagoya","Office","CL7","ZoneC","COM+TESICE","VAV",78690.4305593697,1,0,1,1,1
"120792","Nagoya","Office","CL7","ZoneC","COM+TESICE","VAV",109175.942758317,1,0,1,1,2
"121048","Nagoya","Office","CL7","ZoneC","COM+TESICE","OHUFCU",69663.9218166471,1,0,1,1,2
"121121","Nagoya","Office","CL8c","ZoneA","EHP","MUL",51878.7567515974,0,0,0,0,3
"121122","Nagoya","Office","CL8c","ZoneA","EHP","MUL",170276.55312746,1,0,0,0,3
"121125","Nagoya","Office","CL8c","ZoneA","EHP","MUL",75288.5391112016,1,0,1,0,3
"121126","Nagoya","Office","CL8c","ZoneA","EHP","MUL",52161.846232542,1,0,0,1,3
"121128","Nagoya","Office","CL8c","ZoneA","EHP","MUL",106007.363681012,1,0,1,1,3
"121186","Nagoya","Office","CL8c","ZoneA","GHP","MUL",44159.4269423347,1,0,0,0,3
"121256","Nagoya","Office","CL8c","ZoneA","ABCH","CAV",111939.601781424,1,0,1,1,3
"121317","Nagoya","Office","CL8c","ZoneA","ABCH","VAV",104988.245759579,1,0,1,0,3
"121320","Nagoya","Office","CL8c","ZoneA","ABCH","VAV",175664.645505238,1,0,1,1,3
"121386","Nagoya","Office","CL8c","ZoneA","ABCH","FCU",59963.419822269,1,1,0,0,3
"121509","Nagoya","Office","CL8c","ZoneA","ABCH","VAVFCU",49823.7309363614,1,0,1,0,3
"121512","Nagoya","Office","CL8c","ZoneA","ABCH","VAVFCU",83364.2658695986,1,0,1,1,3
"121573","Nagoya","Office","CL8c","ZoneA","ABCH","OHUFCU",53543.3185421525,1,0,1,0,3
"121576","Nagoya","Office","CL8c","ZoneA","ABCH","OHUFCU",102115.745053965,1,0,1,1,3
"121640","Nagoya","Office","CL8c","ZoneA","AHP","CAV",96343.9151403588,1,0,1,1,3
"121701","Nagoya","Office","CL8c","ZoneA","AHP","VAV",90593.961959694,1,0,1,0,3
"121704","Nagoya","Office","CL8c","ZoneA","AHP","VAV",150957.713315256,1,0,1,1,3
"121896","Nagoya","Office","CL8c","ZoneA","AHP","VAVFCU",114631.934166101,1,0,1,1,3
"121957","Nagoya","Office","CL8c","ZoneA","AHP","OHUFCU",46262.5323133228,1,0,1,0,3
"121960","Nagoya","Office","CL8c","ZoneA","AHP","OHUFCU",87709.7471594518,1,0,1,1,3
"122088","Nagoya","Office","CL8c","ZoneA","TB","VAV",118824.841553811,1,0,1,1,3
"122469","Nagoya","Office","CL8c","ZoneA","AB","VAV",63845.6606797727,1,0,1,0,3
"122472","Nagoya","Office","CL8c","ZoneA","AB","VAV",106634.633541604,1,0,1,1,3
"122792","Nagoya","Office","CL8c","ZoneA","COM","CAV",100978.817995198,1,0,1,1,3
"122853","Nagoya","Office","CL8c","ZoneA","COM","VAV",94952.2466765487,1,0,1,0,3
"122856","Nagoya","Office","CL8c","ZoneA","COM","VAV",158219.970982339,1,0,1,1,3
"123045","Nagoya","Office","CL8c","ZoneA","COM","VAVFCU",45060.9985526285,1,0,1,0,3
"123048","Nagoya","Office","CL8c","ZoneA","COM","VAVFCU",75085.6365486397,1,0,1,1,3
"123109","Nagoya","Office","CL8c","ZoneA","COM","OHUFCU",48488.1253129296,1,0,1,0,3
"123112","Nagoya","Office","CL8c","ZoneA","COM","OHUFCU",91929.2783764912,1,0,1,1,3
"123176","Nagoya","Office","CL8c","ZoneA","AHP+TESICE","CAV",94594.1778901835,1,0,1,1,3
"123237","Nagoya","Office","CL8c","ZoneA","AHP+TESICE","VAV",88948.6517223955,1,0,1,0,3
"123240","Nagoya","Office","CL8c","ZoneA","AHP+TESICE","VAV",148216.114805333,1,0,1,1,3
"123432","Nagoya","Office","CL8c","ZoneA","AHP+TESICE","VAVFCU",112550.061481377,1,0,1,1,3
"123493","Nagoya","Office","CL8c","ZoneA","AHP+TESICE","OHUFCU",45422.341462057,1,0,1,0,3
"123496","Nagoya","Office","CL8c","ZoneA","AHP+TESICE","OHUFCU",86116.818207117,1,0,1,1,3
"123560","Nagoya","Office","CL8c","ZoneA","COM+TESICE","CAV",134934.720091358,1,0,1,1,3
"123617","Nagoya","Office","CL8c","ZoneA","COM+TESICE","VAV",42481.767003053,0,0,0,0,3
"123621","Nagoya","Office","CL8c","ZoneA","COM+TESICE","VAV",109850.096796874,1,0,1,0,3
"123624","Nagoya","Office","CL8c","ZoneA","COM+TESICE","VAV",185973.961153728,1,0,1,1,3
"123690","Nagoya","Office","CL8c","ZoneA","COM+TESICE","FCU",72281.3654924144,1,1,0,0,3
"123752","Nagoya","Office","CL8c","ZoneA","COM+TESICE","CAVFCU",54054.7223448149,1,0,1,1,3
"123813","Nagoya","Office","CL8c","ZoneA","COM+TESICE","VAVFCU",59617.2577533763,1,0,1,0,3
"123816","Nagoya","Office","CL8c","ZoneA","COM+TESICE","VAVFCU",100930.794790466,1,0,1,1,3
"123877","Nagoya","Office","CL8c","ZoneA","COM+TESICE","OHUFCU",63946.4366488526,1,0,1,0,3
"123880","Nagoya","Office","CL8c","ZoneA","COM+TESICE","OHUFCU",123688.78664806,1,0,1,1,3
"123938","Nagoya","Office","CL9c","ZoneA","EHP","MUL",44717.4999404281,1,0,0,0,3
"123941","Nagoya","Office","CL9c","ZoneA","EHP","MUL",34307.3473618926,1,0,1,0,3
"123944","Nagoya","Office","CL9c","ZoneA","EHP","MUL",71355.4633928742,1,0,1,1,3
"124008","Nagoya","Office","CL9c","ZoneA","GHP","MUL",18229.7219962058,1,0,1,1,3
"124133","Nagoya","Office","CL9c","ZoneA","ABCH","VAV",53984.5506768204,1,0,1,0,3
"124136","Nagoya","Office","CL9c","ZoneA","ABCH","VAV",134467.252791246,1,0,1,1,3
"124328","Nagoya","Office","CL9c","ZoneA","ABCH","VAVFCU",124492.376290085,1,0,1,1,3
"124392","Nagoya","Office","CL9c","ZoneA","ABCH","OHUFCU",89738.4104168341,1,0,1,1,3
"124517","Nagoya","Office","CL9c","ZoneA","AHP","VAV",44696.3068239304,1,0,1,0,3
"124520","Nagoya","Office","CL9c","ZoneA","AHP","VAV",114506.899152099,1,0,1,1,3
"124712","Nagoya","Office","CL9c","ZoneA","AHP","VAVFCU",105170.579746213,1,0,1,1,3
"124904","Nagoya","Office","CL9c","ZoneA","TB","VAV",111591.304989607,1,0,1,1,3
"125285","Nagoya","Office","CL9c","ZoneA","AB","VAV",46888.9611228924,1,0,1,0,3
"125288","Nagoya","Office","CL9c","ZoneA","AB","VAV",120124.232272612,1,0,1,1,3
"125296","Nagoya","Office","CL9c","ZoneA","AB","VAV",34093.979584998,1,1,1,1,3
"125608","Nagoya","Office","CL9c","ZoneA","COM","CAV",58123.3876495351,1,0,1,1,3
"125669","Nagoya","Office","CL9c","ZoneA","COM","VAV",52971.8472958062,1,0,1,0,3
"125672","Nagoya","Office","CL9c","ZoneA","COM","VAV",134799.119458483,1,0,1,1,3
"125680","Nagoya","Office","CL9c","ZoneA","COM","VAV",34414.9667777547,1,1,1,1,3
"125861","Nagoya","Office","CL9c","ZoneA","COM","VAVFCU",41407.183928798,1,0,1,0,3
"125864","Nagoya","Office","CL9c","ZoneA","COM","VAVFCU",105370.158259505,1,0,1,1,3
"125928","Nagoya","Office","CL9c","ZoneA","COM","OHUFCU",105802.184565056,1,0,1,1,3
"126053","Nagoya","Office","CL9c","ZoneA","AHP+TESICE","VAV",50671.2606255775,1,0,1,0,3
"126056","Nagoya","Office","CL9c","ZoneA","AHP+TESICE","VAV",126214.354410034,1,0,1,1,3
"126248","Nagoya","Office","CL9c","ZoneA","AHP+TESICE","VAVFCU",116851.683783689,1,0,1,1,3
"126312","Nagoya","Office","CL9c","ZoneA","AHP+TESICE","OHUFCU",84230.7350037624,1,0,1,1,3
"126376","Nagoya","Office","CL9c","ZoneA","COM+TESICE","CAV",116674.604786818,1,0,1,1,3
"126437","Nagoya","Office","CL9c","ZoneA","COM+TESICE","VAV",108118.073473433,1,0,1,0,3
"126440","Nagoya","Office","CL9c","ZoneA","COM+TESICE","VAV",278780.83083194,1,0,1,1,3
"126448","Nagoya","Office","CL9c","ZoneA","COM+TESICE","VAV",59108.4093142559,1,1,1,1,3
"126512","Nagoya","Office","CL9c","ZoneA","COM+TESICE","FCU",68879.2551381438,1,1,1,1,3
"126568","Nagoya","Office","CL9c","ZoneA","COM+TESICE","CAVFCU",57802.0168192088,1,0,1,1,3
"126629","Nagoya","Office","CL9c","ZoneA","COM+TESICE","VAVFCU",71423.4389849949,1,0,1,0,3
"126632","Nagoya","Office","CL9c","ZoneA","COM+TESICE","VAVFCU",184164.266171502,1,0,1,1,3
"126640","Nagoya","Office","CL9c","ZoneA","COM+TESICE","VAVFCU",39047.3648903321,1,1,1,1,3
"126693","Nagoya","Office","CL9c","ZoneA","COM+TESICE","OHUFCU",46499.6100787685,1,0,1,0,3
"126696","Nagoya","Office","CL9c","ZoneA","COM+TESICE","OHUFCU",136864.821852988,1,0,1,1,3
"126704","Nagoya","Office","CL9c","ZoneA","COM+TESICE","OHUFCU",29018.7165547478,1,1,1,1,3
"126721","Osaka","Office","CL1","ZoneC","EHP","MUL",33233.612145443,0,0,0,0,1
"126722","Osaka","Office","CL1","ZoneC","EHP","MUL",93731.7749937778,1,0,0,0,1
"126738","Osaka","Office","CL1","ZoneC","EHP","MUL",60984.6721281909,1,0,0,0,2
"126786","Osaka","Office","CL1","ZoneC","GHP","MUL",26897.6041671993,1,0,0,0,1
"126802","Osaka","Office","CL1","ZoneC","GHP","MUL",12919.5964989406,1,0,0,0,2
"129537","Osaka","Office","CL2","ZoneC","EHP","MUL",1059476.56232735,0,0,0,0,1
"129538","Osaka","Office","CL2","ZoneC","EHP","MUL",3079478.80117984,1,0,0,0,1
"129540","Osaka","Office","CL2","ZoneC","EHP","MUL",57483.7917254222,0,0,0,1,1
"129541","Osaka","Office","CL2","ZoneC","EHP","MUL",55295.1997147189,1,0,1,0,1
"129542","Osaka","Office","CL2","ZoneC","EHP","MUL",28708.7465788396,1,0,0,1,1
"129553","Osaka","Office","CL2","ZoneC","EHP","MUL",512329.439345999,0,0,0,0,2
"129554","Osaka","Office","CL2","ZoneC","EHP","MUL",1489138.79153741,1,0,0,0,2
"129556","Osaka","Office","CL2","ZoneC","EHP","MUL",27797.3480805216,0,0,0,1,2
"129557","Osaka","Office","CL2","ZoneC","EHP","MUL",26739.0140336242,1,0,1,0,2
"129601","Osaka","Office","CL2","ZoneC","GHP","MUL",176276.933405397,0,0,0,0,1
"129602","Osaka","Office","CL2","ZoneC","GHP","MUL",512367.237616334,1,0,0,0,1
"129617","Osaka","Office","CL2","ZoneC","GHP","MUL",84670.2493468024,0,0,0,0,2
"129618","Osaka","Office","CL2","ZoneC","GHP","MUL",246102.884410507,1,0,0,0,2
"130049","Osaka","Office","CL2","ZoneC","AHP","CAV",50323.3035368222,0,0,0,0,1
"130050","Osaka","Office","CL2","ZoneC","AHP","CAV",59965.2660486052,1,0,0,0,1
"130066","Osaka","Office","CL2","ZoneC","AHP","CAV",52974.3767746665,1,0,0,0,2
"132353","Osaka","Office","CL3","ZoneC","EHP","MUL",1375518.93704691,0,0,0,0,1
"132354","Osaka","Office","CL3","ZoneC","EHP","MUL",4102336.20297589,1,0,0,0,1
"132356","Osaka","Office","CL3","ZoneC","EHP","MUL",85577.4995399035,0,0,0,1,1
"132357","Osaka","Office","CL3","ZoneC","EHP","MUL",121451.611930923,1,0,1,0,1
"132358","Osaka","Office","CL3","ZoneC","EHP","MUL",68753.2019692788,1,0,0,1,1
"132369","Osaka","Office","CL3","ZoneC","EHP","MUL",660696.377745386,0,0,0,0,2
"132370","Osaka","Office","CL3","ZoneC","EHP","MUL",1970455.36531751,1,0,0,0,2
"132372","Osaka","Office","CL3","ZoneC","EHP","MUL",41105.0276660736,0,0,0,1,2
"132373","Osaka","Office","CL3","ZoneC","EHP","MUL",58336.2670719539,1,0,1,0,2
"132374","Osaka","Office","CL3","ZoneC","EHP","MUL",33023.8939472705,1,0,0,1,2
"132417","Osaka","Office","CL3","ZoneC","GHP","MUL",167381.754692702,0,0,0,0,1
"132418","Osaka","Office","CL3","ZoneC","GHP","MUL",499197.948861159,1,0,0,0,1
"132433","Osaka","Office","CL3","ZoneC","GHP","MUL",80397.6710517386,0,0,0,0,2
"132434","Osaka","Office","CL3","ZoneC","GHP","MUL",239777.343450158,1,0,0,0,2
"132481","Osaka","Office","CL3","ZoneC","ABCH","CAV",60383.0551423212,0,0,0,0,1
"132482","Osaka","Office","CL3","ZoneC","ABCH","CAV",68154.4138204597,1,0,0,0,1
"132498","Osaka","Office","CL3","ZoneC","ABCH","CAV",61739.7826093127,1,0,0,0,2
"132865","Osaka","Office","CL3","ZoneC","AHP","CAV",95289.6730154601,0,0,0,0,1
"132866","Osaka","Office","CL3","ZoneC","AHP","CAV",107553.54779921,1,0,0,0,1
"132874","Osaka","Office","CL3","ZoneC","AHP","CAV",34972.5430376727,1,1,0,0,1
"132881","Osaka","Office","CL3","ZoneC","AHP","CAV",53661.317306942,0,0,0,0,2
"132882","Osaka","Office","CL3","ZoneC","AHP","CAV",60567.5817043088,1,0,0,0,2
"135169","Osaka","Office","CL4","ZoneC","EHP","MUL",1407374.78754303,0,0,0,0,1
"135170","Osaka","Office","CL4","ZoneC","EHP","MUL",4327791.33722476,1,0,0,0,1
"135172","Osaka","Office","CL4","ZoneC","EHP","MUL",102182.05356012,0,0,0,1,1
"135173","Osaka","Office","CL4","ZoneC","EHP","MUL",200660.986172622,1,0,1,0,1
"135174","Osaka","Office","CL4","ZoneC","EHP","MUL",127144.73119876,1,0,0,1,1
"135176","Osaka","Office","CL4","ZoneC","EHP","MUL",54947.4409019573,1,0,1,1,1
"135185","Osaka","Office","CL4","ZoneC","EHP","MUL",675997.544792909,0,0,0,0,2
"135186","Osaka","Office","CL4","ZoneC","EHP","MUL",2078747.14271908,1,0,0,0,2
"135188","Osaka","Office","CL4","ZoneC","EHP","MUL",49080.6130249984,0,0,0,1,2
"135189","Osaka","Office","CL4","ZoneC","EHP","MUL",96382.5238231136,1,0,1,0,2
"135190","Osaka","Office","CL4","ZoneC","EHP","MUL",61070.8155954426,1,0,0,1,2
"135192","Osaka","Office","CL4","ZoneC","EHP","MUL",26392.6393105438,1,0,1,1,2
"135233","Osaka","Office","CL4","ZoneC","GHP","MUL",130870.178946894,0,0,0,0,1
"135234","Osaka","Office","CL4","ZoneC","GHP","MUL",402436.388487671,1,0,0,0,1
"135249","Osaka","Office","CL4","ZoneC","GHP","MUL",62860.2419467485,0,0,0,0,2
"135250","Osaka","Office","CL4","ZoneC","GHP","MUL",193300.329777772,1,0,0,0,2
"135297","Osaka","Office","CL4","ZoneC","ABCH","CAV",70750.9368925859,0,0,0,0,1
"135298","Osaka","Office","CL4","ZoneC","ABCH","CAV",96201.506067753,1,0,0,0,1
"135306","Osaka","Office","CL4","ZoneC","ABCH","CAV",38101.5851528109,1,1,0,0,1
"135313","Osaka","Office","CL4","ZoneC","ABCH","CAV",74149.7681305499,0,0,0,0,2
"135314","Osaka","Office","CL4","ZoneC","ABCH","CAV",80612.6689345336,1,0,0,0,2
"135361","Osaka","Office","CL4","ZoneC","ABCH","VAV",86072.6041462392,0,0,0,0,1
"135681","Osaka","Office","CL4","ZoneC","AHP","CAV",71930.5620321028,0,0,0,0,1
"135682","Osaka","Office","CL4","ZoneC","AHP","CAV",152277.590316524,1,0,0,0,1
"135690","Osaka","Office","CL4","ZoneC","AHP","CAV",46755.8288065676,1,1,0,0,1
"135697","Osaka","Office","CL4","ZoneC","AHP","CAV",67781.1519440513,0,0,0,0,2
"135698","Osaka","Office","CL4","ZoneC","AHP","CAV",92163.4283080177,1,0,0,0,2
"135706","Osaka","Office","CL4","ZoneC","AHP","CAV",36502.2633759993,1,1,0,0,2
"135745","Osaka","Office","CL4","ZoneC","AHP","VAV",63909.2297892168,0,0,0,0,1
"135746","Osaka","Office","CL4","ZoneC","AHP","VAV",49829.4550952889,1,0,0,0,1
"135761","Osaka","Office","CL4","ZoneC","AHP","VAV",82459.6891022623,0,0,0,0,2
"135818","Osaka","Office","CL4","ZoneC","AHP","FCU",57360.0071862571,1,1,0,0,1
"136001","Osaka","Office","CL4","ZoneC","AHP","OHUFCU",82593.8334092912,0,0,0,0,1
"137217","Osaka","Office","CL4","ZoneC","AHP+TESICE","CAV",41722.8331266287,0,0,0,0,1
"137218","Osaka","Office","CL4","ZoneC","AHP+TESICE","CAV",45359.3992084515,1,0,0,0,1
"137985","Osaka","Office","CL5","ZoneC","EHP","MUL",1144162.86990371,0,0,0,0,1
"137986","Osaka","Office","CL5","ZoneC","EHP","MUL",3613883.45573051,1,0,0,0,1
"137988","Osaka","Office","CL5","ZoneC","EHP","MUL",95917.1165379619,0,0,0,1,1
"137989","Osaka","Office","CL5","ZoneC","EHP","MUL",290412.238798075,1,0,1,0,1
"137990","Osaka","Office","CL5","ZoneC","EHP","MUL",200001.914180667,1,0,0,1,1
"137992","Osaka","Office","CL5","ZoneC","EHP","MUL",126839.280368165,1,0,1,1,1
"138001","Osaka","Office","CL5","ZoneC","EHP","MUL",1218811.29876229,0,0,0,0,2
"138002","Osaka","Office","CL5","ZoneC","EHP","MUL",3849663.45623954,1,0,0,0,2
"138004","Osaka","Office","CL5","ZoneC","EHP","MUL",102175.021106048,0,0,0,1,2
"138005","Osaka","Office","CL5","ZoneC","EHP","MUL",309359.556455224,1,0,1,0,2
"138006","Osaka","Office","CL5","ZoneC","EHP","MUL",213050.605984093,1,0,0,1,2
"138008","Osaka","Office","CL5","ZoneC","EHP","MUL",135114.634556012,1,0,1,1,2
"138049","Osaka","Office","CL5","ZoneC","GHP","MUL",87407.5551210351,0,0,0,0,1
"138050","Osaka","Office","CL5","ZoneC","GHP","MUL",276080.202973503,1,0,0,0,1
"138065","Osaka","Office","CL5","ZoneC","GHP","MUL",93110.2717812117,0,0,0,0,2
"138066","Osaka","Office","CL5","ZoneC","GHP","MUL",294092.457988094,1,0,0,0,2
"138113","Osaka","Office","CL5","ZoneC","ABCH","CAV",58409.5681735787,0,0,0,0,1
"138114","Osaka","Office","CL5","ZoneC","ABCH","CAV",121599.541571098,1,0,0,0,1
"138117","Osaka","Office","CL5","ZoneC","ABCH","CAV",32887.9575044263,1,0,1,0,1
"138122","Osaka","Office","CL5","ZoneC","ABCH","CAV",42105.5552068978,1,1,0,0,1
"138129","Osaka","Office","CL5","ZoneC","ABCH","CAV",62220.3739680657,0,0,0,0,2
"138130","Osaka","Office","CL5","ZoneC","ABCH","CAV",129533.040347343,1,0,0,0,2
"138133","Osaka","Office","CL5","ZoneC","ABCH","CAV",35033.6610757018,1,0,1,0,2
"138138","Osaka","Office","CL5","ZoneC","ABCH","CAV",44852.6409803401,1,1,0,0,2
"138177","Osaka","Office","CL5","ZoneC","ABCH","VAV",75143.3327058564,0,0,0,0,1
"138178","Osaka","Office","CL5","ZoneC","ABCH","VAV",63740.1114688459,1,0,0,0,1
"138181","Osaka","Office","CL5","ZoneC","ABCH","VAV",36568.0881974786,1,0,1,0,1
"138193","Osaka","Office","CL5","ZoneC","ABCH","VAV",80045.8967316948,0,0,0,0,2
"138194","Osaka","Office","CL5","ZoneC","ABCH","VAV",67898.6970177903,1,0,0,0,2
"138197","Osaka","Office","CL5","ZoneC","ABCH","VAV",38953.8939268093,1,0,1,0,2
"138250","Osaka","Office","CL5","ZoneC","ABCH","FCU",75991.1406597667,1,1,0,0,1
"138266","Osaka","Office","CL5","ZoneC","ABCH","FCU",80949.0180797015,1,1,0,0,2
"138433","Osaka","Office","CL5","ZoneC","ABCH","OHUFCU",78075.7927986491,0,0,0,0,1
"138437","Osaka","Office","CL5","ZoneC","ABCH","OHUFCU",41517.5497460777,1,0,1,0,1
"138449","Osaka","Office","CL5","ZoneC","ABCH","OHUFCU",83169.6788332467,0,0,0,0,2
"138453","Osaka","Office","CL5","ZoneC","ABCH","OHUFCU",44226.2723765049,1,0,1,0,2
"138497","Osaka","Office","CL5","ZoneC","AHP","CAV",86320.5495573124,0,0,0,0,1
"138498","Osaka","Office","CL5","ZoneC","AHP","CAV",179705.818456683,1,0,0,0,1
"138501","Osaka","Office","CL5","ZoneC","AHP","CAV",48603.4506737507,1,0,1,0,1
"138506","Osaka","Office","CL5","ZoneC","AHP","CAV",62225.672582857,1,1,0,0,1
"138513","Osaka","Office","CL5","ZoneC","AHP","CAV",91952.3468933028,0,0,0,0,2
"138514","Osaka","Office","CL5","ZoneC","AHP","CAV",191430.335444083,1,0,0,0,2
"138517","Osaka","Office","CL5","ZoneC","AHP","CAV",51774.4775662827,1,0,1,0,2
"138522","Osaka","Office","CL5","ZoneC","AHP","CAV",66285.451846075,1,1,0,0,2
"138561","Osaka","Office","CL5","ZoneC","AHP","VAV",113618.772771987,0,0,0,0,1
"138562","Osaka","Office","CL5","ZoneC","AHP","VAV",90730.0141634188,1,0,0,0,1
"138565","Osaka","Office","CL5","ZoneC","AHP","VAV",54942.1677594108,1,0,1,0,1
"138577","Osaka","Office","CL5","ZoneC","AHP","VAV",121031.583569617,0,0,0,0,2
"138578","Osaka","Office","CL5","ZoneC","AHP","VAV",96649.4974693108,1,0,0,0,2
"138581","Osaka","Office","CL5","ZoneC","AHP","VAV",58526.7505222389,1,0,1,0,2
"138626","Osaka","Office","CL5","ZoneC","AHP","FCU",48496.7718202894,1,0,0,0,1
"138634","Osaka","Office","CL5","ZoneC","AHP","FCU",63806.6953744107,1,1,0,0,1
"138642","Osaka","Office","CL5","ZoneC","AHP","FCU",51660.8386820312,1,0,0,0,2
"138650","Osaka","Office","CL5","ZoneC","AHP","FCU",67969.6250460919,1,1,0,0,2
"138690","Osaka","Office","CL5","ZoneC","AHP","CAVFCU",65350.7044450837,1,0,0,0,1
"138706","Osaka","Office","CL5","ZoneC","AHP","CAVFCU",69614.3696451594,1,0,0,0,2
"138817","Osaka","Office","CL5","ZoneC","AHP","OHUFCU",93441.4039012716,0,0,0,0,1
"138821","Osaka","Office","CL5","ZoneC","AHP","OHUFCU",49610.5361299359,1,0,1,0,1
"138824","Osaka","Office","CL5","ZoneC","AHP","OHUFCU",33689.0182511456,1,0,1,1,1
"138833","Osaka","Office","CL5","ZoneC","AHP","OHUFCU",99537.7859593238,0,0,0,0,2
"138837","Osaka","Office","CL5","ZoneC","AHP","OHUFCU",52847.2681322979,1,0,1,0,2
"138840","Osaka","Office","CL5","ZoneC","AHP","OHUFCU",35886.9852962113,1,0,1,1,2
"139649","Osaka","Office","CL5","ZoneC","COM","CAV",56734.792444926,0,0,0,0,1
"139650","Osaka","Office","CL5","ZoneC","COM","CAV",58403.4563074574,1,0,0,0,1
"139665","Osaka","Office","CL5","ZoneC","COM","CAV",60436.3311235828,0,0,0,0,2
"139666","Osaka","Office","CL5","ZoneC","COM","CAV",62213.8633464743,1,0,0,0,2
"140033","Osaka","Office","CL5","ZoneC","AHP+TESICE","CAV",62187.868040857,0,0,0,0,1
"140034","Osaka","Office","CL5","ZoneC","AHP+TESICE","CAV",83090.7843928654,1,0,0,0,1
"140049","Osaka","Office","CL5","ZoneC","AHP+TESICE","CAV",66245.1808285945,0,0,0,0,2
"140050","Osaka","Office","CL5","ZoneC","AHP+TESICE","CAV",88511.8626944859,1,0,0,0,2
"140097","Osaka","Office","CL5","ZoneC","AHP+TESICE","VAV",99957.2551253276,0,0,0,0,1
"140113","Osaka","Office","CL5","ZoneC","AHP+TESICE","VAV",106478.749786966,0,0,0,0,2
"140418","Osaka","Office","CL5","ZoneC","COM+TESICE","CAV",55103.6717538341,1,0,0,0,1
"140434","Osaka","Office","CL5","ZoneC","COM+TESICE","CAV",58698.791495055,1,0,0,0,2
"140801","Osaka","Office","CL6","ZoneC","EHP","MUL",481844.068927199,0,0,0,0,1
"140802","Osaka","Office","CL6","ZoneC","EHP","MUL",1542200.81110995,1,0,0,0,1
"140804","Osaka","Office","CL6","ZoneC","EHP","MUL",43903.3164881691,0,0,0,1,1
"140805","Osaka","Office","CL6","ZoneC","EHP","MUL",212142.057424279,1,0,1,0,1
"140806","Osaka","Office","CL6","ZoneC","EHP","MUL",148096.024903663,1,0,0,1,1
"140808","Osaka","Office","CL6","ZoneC","EHP","MUL",135079.871688634,1,0,1,1,1
"140817","Osaka","Office","CL6","ZoneC","EHP","MUL",513280.941811624,0,0,0,0,2
"140818","Osaka","Office","CL6","ZoneC","EHP","MUL",1642818.36352492,1,0,0,0,2
"140820","Osaka","Office","CL6","ZoneC","EHP","MUL",46767.6933035073,0,0,0,1,2
"140821","Osaka","Office","CL6","ZoneC","EHP","MUL",225982.806585177,1,0,1,0,2
"140822","Osaka","Office","CL6","ZoneC","EHP","MUL",157758.229359039,1,0,0,1,2
"140824","Osaka","Office","CL6","ZoneC","EHP","MUL",143892.865412879,1,0,1,1,2
"140865","Osaka","Office","CL6","ZoneC","GHP","MUL",39653.5741118178,0,0,0,0,1
"140866","Osaka","Office","CL6","ZoneC","GHP","MUL",126916.108555221,1,0,0,0,1
"140881","Osaka","Office","CL6","ZoneC","GHP","MUL",42240.6856882699,0,0,0,0,2
"140882","Osaka","Office","CL6","ZoneC","GHP","MUL",135196.475231768,1,0,0,0,2
"140929","Osaka","Office","CL6","ZoneC","ABCH","CAV",51209.5038126844,0,0,0,0,1
"140930","Osaka","Office","CL6","ZoneC","ABCH","CAV",104601.656132213,1,0,0,0,1
"140933","Osaka","Office","CL6","ZoneC","ABCH","CAV",48689.3116362843,1,0,1,0,1
"140938","Osaka","Office","CL6","ZoneC","ABCH","CAV",41763.2776699512,1,1,0,0,1
"140945","Osaka","Office","CL6","ZoneC","ABCH","CAV",50790.7662051057,0,0,0,0,2
"140946","Osaka","Office","CL6","ZoneC","ABCH","CAV",103746.333506988,1,0,0,0,2
"140949","Osaka","Office","CL6","ZoneC","ABCH","CAV",48291.1815168477,1,0,1,0,2
"140954","Osaka","Office","CL6","ZoneC","ABCH","CAV",41421.7813914456,1,1,0,0,2
"140993","Osaka","Office","CL6","ZoneC","ABCH","VAV",76753.2886312586,0,0,0,0,1
"140994","Osaka","Office","CL6","ZoneC","ABCH","VAV",65701.7705099349,1,0,0,0,1
"140997","Osaka","Office","CL6","ZoneC","ABCH","VAV",63345.2096183987,1,0,1,0,1
"141000","Osaka","Office","CL6","ZoneC","ABCH","VAV",49028.9767722026,1,0,1,1,1
"141009","Osaka","Office","CL6","ZoneC","ABCH","VAV",77329.4456857241,0,0,0,0,2
"141010","Osaka","Office","CL6","ZoneC","ABCH","VAV",62200.6269433691,1,0,0,0,2
"141013","Osaka","Office","CL6","ZoneC","ABCH","VAV",63398.3384507236,1,0,1,0,2
"141016","Osaka","Office","CL6","ZoneC","ABCH","VAV",49817.1081771568,1,0,1,1,2
"141066","Osaka","Office","CL6","ZoneC","ABCH","FCU",87956.5866367847,1,1,0,0,1
"141082","Osaka","Office","CL6","ZoneC","ABCH","FCU",87237.3699305694,1,1,0,0,2
"141138","Osaka","Office","CL6","ZoneC","ABCH","CAVFCU",55255.5502448455,1,0,0,0,2
"141249","Osaka","Office","CL6","ZoneC","ABCH","OHUFCU",60464.5852901014,0,0,0,0,1
"141253","Osaka","Office","CL6","ZoneC","ABCH","OHUFCU",52635.892072811,1,0,1,0,1
"141256","Osaka","Office","CL6","ZoneC","ABCH","OHUFCU",50447.4834721589,1,0,1,1,1
"141265","Osaka","Office","CL6","ZoneC","ABCH","OHUFCU",59797.5607326645,0,0,0,0,2
"141269","Osaka","Office","CL6","ZoneC","ABCH","OHUFCU",51899.1451992746,1,0,1,0,2
"141272","Osaka","Office","CL6","ZoneC","ABCH","OHUFCU",50513.9312279221,1,0,1,1,2
"141313","Osaka","Office","CL6","ZoneC","AHP","CAV",57718.0236105953,0,0,0,0,1
"141314","Osaka","Office","CL6","ZoneC","AHP","CAV",126333.31703493,1,0,0,0,1
"141317","Osaka","Office","CL6","ZoneC","AHP","CAV",55769.713087786,1,0,1,0,1
"141322","Osaka","Office","CL6","ZoneC","AHP","CAV",51951.2885059419,1,1,0,0,1
"141329","Osaka","Office","CL6","ZoneC","AHP","CAV",54856.6936396217,0,0,0,0,2
"141330","Osaka","Office","CL6","ZoneC","AHP","CAV",120070.432692193,1,0,0,0,2
"141333","Osaka","Office","CL6","ZoneC","AHP","CAV",53004.9692253266,1,0,1,0,2
"141334","Osaka","Office","CL6","ZoneC","AHP","CAV",33500.4610166576,1,0,0,1,2
"141338","Osaka","Office","CL6","ZoneC","AHP","CAV",49375.8403264334,1,1,0,0,2
"141377","Osaka","Office","CL6","ZoneC","AHP","VAV",92374.9752598979,0,0,0,0,1
"141378","Osaka","Office","CL6","ZoneC","AHP","VAV",74302.6323814014,1,0,0,0,1
"141381","Osaka","Office","CL6","ZoneC","AHP","VAV",75733.3754816431,1,0,1,0,1
"141384","Osaka","Office","CL6","ZoneC","AHP","VAV",59509.7261408935,1,0,1,1,1
"141393","Osaka","Office","CL6","ZoneC","AHP","VAV",98401.7804905056,0,0,0,0,2
"141394","Osaka","Office","CL6","ZoneC","AHP","VAV",79150.3467350364,1,0,0,0,2
"141397","Osaka","Office","CL6","ZoneC","AHP","VAV",80674.4355706997,1,0,1,0,2
"141400","Osaka","Office","CL6","ZoneC","AHP","VAV",63392.3093596586,1,0,1,1,2
"141450","Osaka","Office","CL6","ZoneC","AHP","FCU",104210.625300818,1,1,0,0,1
"141458","Osaka","Office","CL6","ZoneC","AHP","FCU",43696.276827923,1,0,0,0,2
"141466","Osaka","Office","CL6","ZoneC","AHP","FCU",67313.345061319,1,1,0,0,2
"141506","Osaka","Office","CL6","ZoneC","AHP","CAVFCU",66006.2934833887,1,0,0,0,1
"141522","Osaka","Office","CL6","ZoneC","AHP","CAVFCU",70312.7311706459,1,0,0,0,2
"141569","Osaka","Office","CL6","ZoneC","AHP","VAVFCU",63399.5443165498,0,0,0,0,1
"141585","Osaka","Office","CL6","ZoneC","AHP","VAVFCU",67535.9102991122,0,0,0,0,2
"141633","Osaka","Office","CL6","ZoneC","AHP","OHUFCU",71114.9930002717,0,0,0,0,1
"141637","Osaka","Office","CL6","ZoneC","AHP","OHUFCU",61887.9825769772,1,0,1,0,1
"141640","Osaka","Office","CL6","ZoneC","AHP","OHUFCU",60768.0189211744,1,0,1,1,1
"141649","Osaka","Office","CL6","ZoneC","AHP","OHUFCU",75754.7367250494,0,0,0,0,2
"141653","Osaka","Office","CL6","ZoneC","AHP","OHUFCU",65925.7299870005,1,0,1,0,2
"141656","Osaka","Office","CL6","ZoneC","AHP","OHUFCU",64732.6967276618,1,0,1,1,2
"142466","Osaka","Office","CL6","ZoneC","COM","CAV",115713.299236693,1,0,0,0,1
"142482","Osaka","Office","CL6","ZoneC","COM","CAV",123262.762877992,1,0,0,0,2
"142529","Osaka","Office","CL6","ZoneC","COM","VAV",119738.015977379,0,0,0,0,1
"142545","Osaka","Office","CL6","ZoneC","COM","VAV",127550.063547239,0,0,0,0,2
"142850","Osaka","Office","CL6","ZoneC","AHP+TESICE","CAV",148957.978024858,1,0,0,0,1
"142866","Osaka","Office","CL6","ZoneC","AHP+TESICE","CAV",158676.418745141,1,0,0,0,2
"142913","Osaka","Office","CL6","ZoneC","AHP+TESICE","VAV",55924.1389032906,0,0,0,0,1
"142914","Osaka","Office","CL6","ZoneC","AHP+TESICE","VAV",52777.4376700408,1,0,0,0,1
"142917","Osaka","Office","CL6","ZoneC","AHP+TESICE","VAV",45437.4279348268,1,0,1,0,1
"142929","Osaka","Office","CL6","ZoneC","AHP+TESICE","VAV",59572.7882470258,0,0,0,0,2
"142930","Osaka","Office","CL6","ZoneC","AHP+TESICE","VAV",56220.7873057284,1,0,0,0,2
"142933","Osaka","Office","CL6","ZoneC","AHP+TESICE","VAV",48401.8945295131,1,0,1,0,2
"143169","Osaka","Office","CL6","ZoneC","AHP+TESICE","OHUFCU",98925.5366661275,0,0,0,0,1
"143185","Osaka","Office","CL6","ZoneC","AHP+TESICE","OHUFCU",56683.8431728267,0,0,0,0,2
"143189","Osaka","Office","CL6","ZoneC","AHP+TESICE","OHUFCU",48695.8759181681,1,0,1,0,2
"143250","Osaka","Office","CL6","ZoneC","COM+TESICE","CAV",87816.5897528326,1,0,0,0,2
"143297","Osaka","Office","CL6","ZoneC","COM+TESICE","VAV",59376.8085473028,0,0,0,0,1
"143298","Osaka","Office","CL6","ZoneC","COM+TESICE","VAV",57587.3937775747,1,0,0,0,1
"143301","Osaka","Office","CL6","ZoneC","COM+TESICE","VAV",50779.3324795878,1,0,1,0,1
"143313","Osaka","Office","CL6","ZoneC","COM+TESICE","VAV",90871.0087454601,0,0,0,0,2
"143617","Osaka","Office","CL7","ZoneC","EHP","MUL",245028.740189705,0,0,0,0,1
"143618","Osaka","Office","CL7","ZoneC","EHP","MUL",803175.385517268,1,0,0,0,1
"143620","Osaka","Office","CL7","ZoneC","EHP","MUL",25333.8035216691,0,0,0,1,1
"143621","Osaka","Office","CL7","ZoneC","EHP","MUL",179567.280097688,1,0,1,0,1
"143622","Osaka","Office","CL7","ZoneC","EHP","MUL",134379.609871198,1,0,0,1,1
"143624","Osaka","Office","CL7","ZoneC","EHP","MUL",172997.479956148,1,0,1,1,1
"143633","Osaka","Office","CL7","ZoneC","EHP","MUL",261015.109754292,0,0,0,0,2
"143634","Osaka","Office","CL7","ZoneC","EHP","MUL",855576.824336724,1,0,0,0,2
"143636","Osaka","Office","CL7","ZoneC","EHP","MUL",26986.6526742236,0,0,0,1,2
"143637","Osaka","Office","CL7","ZoneC","EHP","MUL",191282.758449847,1,0,1,0,2
"143638","Osaka","Office","CL7","ZoneC","EHP","MUL",143146.916529523,1,0,0,1,2
"143640","Osaka","Office","CL7","ZoneC","EHP","MUL",184284.325924421,1,0,1,1,2
"143682","Osaka","Office","CL7","ZoneC","GHP","MUL",105885.918267797,1,0,0,0,1
"143698","Osaka","Office","CL7","ZoneC","GHP","MUL",112794.215718146,1,0,0,0,2
"143746","Osaka","Office","CL7","ZoneC","ABCH","CAV",113620.228412746,1,0,0,0,1
"143749","Osaka","Office","CL7","ZoneC","ABCH","CAV",80274.7902693145,1,0,1,0,1
"143762","Osaka","Office","CL7","ZoneC","ABCH","CAV",121033.134180505,1,0,0,0,2
"143765","Osaka","Office","CL7","ZoneC","ABCH","CAV",85512.1451321416,1,0,1,0,2
"143809","Osaka","Office","CL7","ZoneC","ABCH","VAV",63090.9081881473,0,0,0,0,1
"143810","Osaka","Office","CL7","ZoneC","ABCH","VAV",51536.2676485331,1,0,0,0,1
"143813","Osaka","Office","CL7","ZoneC","ABCH","VAV",84127.2092341208,1,0,1,0,1
"143816","Osaka","Office","CL7","ZoneC","ABCH","VAV",99690.1849836331,1,0,1,1,1
"143825","Osaka","Office","CL7","ZoneC","ABCH","VAV",67207.1378748376,0,0,0,0,2
"143826","Osaka","Office","CL7","ZoneC","ABCH","VAV",54898.6398338165,1,0,0,0,2
"143829","Osaka","Office","CL7","ZoneC","ABCH","VAV",89615.9068302182,1,0,1,0,2
"143832","Osaka","Office","CL7","ZoneC","ABCH","VAV",106194.255232195,1,0,1,1,2
"143882","Osaka","Office","CL7","ZoneC","ABCH","FCU",77491.7076836166,1,1,0,0,1
"143898","Osaka","Office","CL7","ZoneC","ABCH","FCU",82547.4863496709,1,1,0,0,2
"143938","Osaka","Office","CL7","ZoneC","ABCH","CAVFCU",52001.2332096253,1,0,0,0,1
"143954","Osaka","Office","CL7","ZoneC","ABCH","CAVFCU",55393.9410660986,1,0,0,0,2
"144008","Osaka","Office","CL7","ZoneC","ABCH","VAVFCU",83698.8314988737,1,0,1,1,1
"144024","Osaka","Office","CL7","ZoneC","ABCH","VAVFCU",89159.5805172508,1,0,1,1,2
"144065","Osaka","Office","CL7","ZoneC","ABCH","OHUFCU",37577.5181972396,0,0,0,0,1
"144069","Osaka","Office","CL7","ZoneC","ABCH","OHUFCU",50802.0624014439,1,0,1,0,1
"144072","Osaka","Office","CL7","ZoneC","ABCH","OHUFCU",72754.4223849479,1,0,1,1,1
"144081","Osaka","Office","CL7","ZoneC","ABCH","OHUFCU",40029.1820010689,0,0,0,0,2
"144085","Osaka","Office","CL7","ZoneC","ABCH","OHUFCU",54116.5329552408,1,0,1,0,2
"144088","Osaka","Office","CL7","ZoneC","ABCH","OHUFCU",77501.1271298828,1,0,1,1,2
"144130","Osaka","Office","CL7","ZoneC","AHP","CAV",106040.025895132,1,0,0,0,1
"144133","Osaka","Office","CL7","ZoneC","AHP","CAV",74919.2371622574,1,0,1,0,1
"144136","Osaka","Office","CL7","ZoneC","AHP","CAV",60458.2565259478,1,0,1,1,1
"144146","Osaka","Office","CL7","ZoneC","AHP","CAV",79621.4747266581,1,0,0,0,2
"144149","Osaka","Office","CL7","ZoneC","AHP","CAV",56254.0427343392,1,0,1,0,2
"144150","Osaka","Office","CL7","ZoneC","AHP","CAV",37851.5433642798,1,0,0,1,2
"144152","Osaka","Office","CL7","ZoneC","AHP","CAV",45395.8352363961,1,0,1,1,2
"144154","Osaka","Office","CL7","ZoneC","AHP","CAV",38045.3868175822,1,1,0,0,2
"144193","Osaka","Office","CL7","ZoneC","AHP","VAV",78554.109675288,0,0,0,0,1
"144194","Osaka","Office","CL7","ZoneC","AHP","VAV",64167.4963537522,1,0,0,0,1
"144197","Osaka","Office","CL7","ZoneC","AHP","VAV",104746.281368233,1,0,1,0,1
"144200","Osaka","Office","CL7","ZoneC","AHP","VAV",124123.648710215,1,0,1,1,1
"144209","Osaka","Office","CL7","ZoneC","AHP","VAV",83679.2024587467,0,0,0,0,2
"144210","Osaka","Office","CL7","ZoneC","AHP","VAV",68353.9657040463,1,0,0,0,2
"144213","Osaka","Office","CL7","ZoneC","AHP","VAV",111580.225676857,1,0,1,0,2
"144216","Osaka","Office","CL7","ZoneC","AHP","VAV",132221.827391011,1,0,1,1,2
"144266","Osaka","Office","CL7","ZoneC","AHP","FCU",96484.4583652351,1,1,0,0,1
"144282","Osaka","Office","CL7","ZoneC","AHP","FCU",102779.37792231,1,1,0,0,2
"144322","Osaka","Office","CL7","ZoneC","AHP","CAVFCU",64746.4221725461,1,0,0,0,1
"144338","Osaka","Office","CL7","ZoneC","AHP","CAVFCU",68970.6622842723,1,0,0,0,2
"144392","Osaka","Office","CL7","ZoneC","AHP","VAVFCU",104212.910830965,1,0,1,1,1
"144408","Osaka","Office","CL7","ZoneC","AHP","VAVFCU",111012.056533854,1,0,1,1,2
"144449","Osaka","Office","CL7","ZoneC","AHP","OHUFCU",46787.5415105476,0,0,0,0,1
"144453","Osaka","Office","CL7","ZoneC","AHP","OHUFCU",63253.3418240373,1,0,1,0,1
"144456","Osaka","Office","CL7","ZoneC","AHP","OHUFCU",90586.0929810345,1,0,1,1,1
"144465","Osaka","Office","CL7","ZoneC","AHP","OHUFCU",49840.0933419242,0,0,0,0,2
"144469","Osaka","Office","CL7","ZoneC","AHP","OHUFCU",67380.1691415651,1,0,1,0,2
"144472","Osaka","Office","CL7","ZoneC","AHP","OHUFCU",96496.1864610309,1,0,1,1,2
"144584","Osaka","Office","CL7","ZoneC","TB","VAV",66526.3978846181,1,0,1,1,1
"144600","Osaka","Office","CL7","ZoneC","TB","VAV",70866.7686572911,1,0,1,1,2
"144968","Osaka","Office","CL7","ZoneC","AB","VAV",71945.8567551071,1,0,1,1,1
"144984","Osaka","Office","CL7","ZoneC","AB","VAV",76639.8083864035,1,0,1,1,2
"145282","Osaka","Office","CL7","ZoneC","COM","CAV",133871.009107475,1,0,0,0,1
"145298","Osaka","Office","CL7","ZoneC","COM","CAV",142605.133210303,1,0,0,0,2
"145345","Osaka","Office","CL7","ZoneC","COM","VAV",42800.5759715781,0,0,0,0,1
"145346","Osaka","Office","CL7","ZoneC","COM","VAV",40796.7857800723,1,0,0,0,1
"145349","Osaka","Office","CL7","ZoneC","COM","VAV",56591.4878212296,1,0,1,0,1
"145352","Osaka","Office","CL7","ZoneC","COM","VAV",65866.344765799,1,0,1,1,1
"145361","Osaka","Office","CL7","ZoneC","COM","VAV",45593.006869803,0,0,0,0,2
"145362","Osaka","Office","CL7","ZoneC","COM","VAV",43458.4837262912,1,0,0,0,2
"145365","Osaka","Office","CL7","ZoneC","COM","VAV",60283.6769000274,1,0,1,0,2
"145368","Osaka","Office","CL7","ZoneC","COM","VAV",70163.6518020239,1,0,1,1,2
"145605","Osaka","Office","CL7","ZoneC","COM","OHUFCU",46745.4310564902,1,0,1,0,1
"145608","Osaka","Office","CL7","ZoneC","COM","OHUFCU",64506.3779253436,1,0,1,1,1
"145621","Osaka","Office","CL7","ZoneC","COM","OHUFCU",49795.2354824788,1,0,1,0,2
"145624","Osaka","Office","CL7","ZoneC","COM","OHUFCU",68714.9568699566,1,0,1,1,2
"145666","Osaka","Office","CL7","ZoneC","AHP+TESICE","CAV",137631.68333969,1,0,0,0,1
"145682","Osaka","Office","CL7","ZoneC","AHP+TESICE","CAV",146611.164489375,1,0,0,0,2
"145729","Osaka","Office","CL7","ZoneC","AHP+TESICE","VAV",44337.8344449768,0,0,0,0,1
"145730","Osaka","Office","CL7","ZoneC","AHP+TESICE","VAV",38433.4232316447,1,0,0,0,1
"145733","Osaka","Office","CL7","ZoneC","AHP+TESICE","VAV",59499.7543797521,1,0,1,0,1
"145736","Osaka","Office","CL7","ZoneC","AHP+TESICE","VAV",69572.6383859071,1,0,1,1,1
"145745","Osaka","Office","CL7","ZoneC","AHP+TESICE","VAV",47230.5604434949,0,0,0,0,2
"145746","Osaka","Office","CL7","ZoneC","AHP+TESICE","VAV",40940.9287060538,1,0,0,0,2
"145749","Osaka","Office","CL7","ZoneC","AHP+TESICE","VAV",63381.6870125546,1,0,1,0,2
"145752","Osaka","Office","CL7","ZoneC","AHP+TESICE","VAV",74111.7545237094,1,0,1,1,2
"145802","Osaka","Office","CL7","ZoneC","AHP+TESICE","FCU",55005.6120361288,1,1,0,0,1
"145818","Osaka","Office","CL7","ZoneC","AHP+TESICE","FCU",58594.3340834082,1,1,0,0,2
"145928","Osaka","Office","CL7","ZoneC","AHP+TESICE","VAVFCU",59411.5885547548,1,0,1,1,1
"145944","Osaka","Office","CL7","ZoneC","AHP+TESICE","VAVFCU",63287.7689992209,1,0,1,1,2
"145989","Osaka","Office","CL7","ZoneC","AHP+TESICE","OHUFCU",47435.629153357,1,0,1,0,1
"145992","Osaka","Office","CL7","ZoneC","AHP+TESICE","OHUFCU",66941.4405859377,1,0,1,1,1
"146005","Osaka","Office","CL7","ZoneC","AHP+TESICE","OHUFCU",50530.4640596099,1,0,1,0,2
"146008","Osaka","Office","CL7","ZoneC","AHP+TESICE","OHUFCU",71308.8899209182,1,0,1,1,2
"146050","Osaka","Office","CL7","ZoneC","COM+TESICE","CAV",130178.388688574,1,0,0,0,1
"146066","Osaka","Office","CL7","ZoneC","COM+TESICE","CAV",138671.595768228,1,0,0,0,2
"146113","Osaka","Office","CL7","ZoneC","COM+TESICE","VAV",41619.9896607175,0,0,0,0,1
"146114","Osaka","Office","CL7","ZoneC","COM+TESICE","VAV",39671.4708578841,1,0,0,0,1
"146117","Osaka","Office","CL7","ZoneC","COM+TESICE","VAV",55030.5009813013,1,0,1,0,1
"146120","Osaka","Office","CL7","ZoneC","COM+TESICE","VAV",64049.5256410151,1,0,1,1,1
"146129","Osaka","Office","CL7","ZoneC","COM+TESICE","VAV",44335.3957615504,0,0,0,0,2
"146130","Osaka","Office","CL7","ZoneC","COM+TESICE","VAV",42259.7500687794,1,0,0,0,2
"146133","Osaka","Office","CL7","ZoneC","COM+TESICE","VAV",58620.8468539135,1,0,1,0,2
"146136","Osaka","Office","CL7","ZoneC","COM+TESICE","VAV",68228.2982476122,1,0,1,1,2
"146373","Osaka","Office","CL7","ZoneC","COM+TESICE","OHUFCU",45456.0321465966,1,0,1,0,1
"146376","Osaka","Office","CL7","ZoneC","COM+TESICE","OHUFCU",62727.0713386183,1,0,1,1,1
"146389","Osaka","Office","CL7","ZoneC","COM+TESICE","OHUFCU",48421.712532794,1,0,1,0,2
"146392","Osaka","Office","CL7","ZoneC","COM+TESICE","OHUFCU",66819.563277919,1,0,1,1,2
"146465","Osaka","Office","CL8c","ZoneA","EHP","MUL",192533.167095306,0,0,0,0,3
"146466","Osaka","Office","CL8c","ZoneA","EHP","MUL",636160.021236387,1,0,0,0,3
"146469","Osaka","Office","CL8c","ZoneA","EHP","MUL",249536.878811329,1,0,1,0,3
"146470","Osaka","Office","CL8c","ZoneA","EHP","MUL",182300.019955677,1,0,0,1,3
"146472","Osaka","Office","CL8c","ZoneA","EHP","MUL",344191.520751172,1,0,1,1,3
"146530","Osaka","Office","CL8c","ZoneA","GHP","MUL",82052.046393446,1,0,0,0,3
"146536","Osaka","Office","CL8c","ZoneA","GHP","MUL",44393.8909804766,1,0,1,1,3
"146594","Osaka","Office","CL8c","ZoneA","ABCH","CAV",48119.1824616156,1,0,0,0,3
"146597","Osaka","Office","CL8c","ZoneA","ABCH","CAV",59006.6727338315,1,0,1,0,3
"146598","Osaka","Office","CL8c","ZoneA","ABCH","CAV",38051.1745446411,1,0,0,1,3
"146600","Osaka","Office","CL8c","ZoneA","ABCH","CAV",70001.3600881936,1,0,1,1,3
"146605","Osaka","Office","CL8c","ZoneA","ABCH","CAV",32909.5246189408,1,1,1,0,3
"146608","Osaka","Office","CL8c","ZoneA","ABCH","CAV",39041.541853637,1,1,1,1,3
"146657","Osaka","Office","CL8c","ZoneA","ABCH","VAV",71491.7738088411,0,0,0,0,3
"146658","Osaka","Office","CL8c","ZoneA","ABCH","VAV",58379.8004933696,1,0,0,0,3
"146661","Osaka","Office","CL8c","ZoneA","ABCH","VAV",165469.040897991,1,0,1,0,3
"146662","Osaka","Office","CL8c","ZoneA","ABCH","VAV",27764.1057707398,1,0,0,1,3
"146664","Osaka","Office","CL8c","ZoneA","ABCH","VAV",275903.200062956,1,0,1,1,3
"146669","Osaka","Office","CL8c","ZoneA","ABCH","VAV",28147.3768031256,1,1,1,0,3
"146672","Osaka","Office","CL8c","ZoneA","ABCH","VAV",46932.9567102994,1,1,1,1,3
"146730","Osaka","Office","CL8c","ZoneA","ABCH","FCU",130178.995620151,1,1,0,0,3
"146792","Osaka","Office","CL8c","ZoneA","ABCH","CAVFCU",95109.564396391,1,0,1,1,3
"146849","Osaka","Office","CL8c","ZoneA","ABCH","VAVFCU",36691.9948440283,0,0,0,0,3
"146853","Osaka","Office","CL8c","ZoneA","ABCH","VAVFCU",84924.3048816979,1,0,1,0,3
"146856","Osaka","Office","CL8c","ZoneA","ABCH","VAVFCU",141602.848199424,1,0,1,1,3
"146913","Osaka","Office","CL8c","ZoneA","ABCH","OHUFCU",37780.6302579803,0,0,0,0,3
"146917","Osaka","Office","CL8c","ZoneA","ABCH","OHUFCU",85175.8519209417,1,0,1,0,3
"146920","Osaka","Office","CL8c","ZoneA","ABCH","OHUFCU",164259.94208999,1,0,1,1,3
"146928","Osaka","Office","CL8c","ZoneA","ABCH","OHUFCU",27941.7011096164,1,1,1,1,3
"146978","Osaka","Office","CL8c","ZoneA","AHP","CAV",50910.2247922672,1,0,0,0,3
"146981","Osaka","Office","CL8c","ZoneA","AHP","CAV",62429.2188571454,1,0,1,0,3
"146982","Osaka","Office","CL8c","ZoneA","AHP","CAV",40258.245268875,1,0,0,1,3
"146984","Osaka","Office","CL8c","ZoneA","AHP","CAV",74061.6277239787,1,0,1,1,3
"146989","Osaka","Office","CL8c","ZoneA","AHP","CAV",34818.3657836126,1,1,1,0,3
"146992","Osaka","Office","CL8c","ZoneA","AHP","CAV",41306.0565522052,1,1,1,1,3
"147041","Osaka","Office","CL8c","ZoneA","AHP","VAV",75638.489459154,0,0,0,0,3
"147042","Osaka","Office","CL8c","ZoneA","AHP","VAV",61765.9863364471,1,0,0,0,3
"147045","Osaka","Office","CL8c","ZoneA","AHP","VAV",175066.691438439,1,0,1,0,3
"147046","Osaka","Office","CL8c","ZoneA","AHP","VAV",29374.4987681819,1,0,0,1,3
"147048","Osaka","Office","CL8c","ZoneA","AHP","VAV",291906.329608064,1,0,1,1,3
"147053","Osaka","Office","CL8c","ZoneA","AHP","VAV",29780.0005538927,1,1,1,0,3
"147056","Osaka","Office","CL8c","ZoneA","AHP","VAV",49655.1947488525,1,1,1,1,3
"147114","Osaka","Office","CL8c","ZoneA","AHP","FCU",137729.728378909,1,1,0,0,3
"147176","Osaka","Office","CL8c","ZoneA","AHP","CAVFCU",100626.175583456,1,0,1,1,3
"147233","Osaka","Office","CL8c","ZoneA","AHP","VAVFCU",38820.2294807541,0,0,0,0,3
"147237","Osaka","Office","CL8c","ZoneA","AHP","VAVFCU",89850.1435535218,1,0,1,0,3
"147240","Osaka","Office","CL8c","ZoneA","AHP","VAVFCU",149816.195210893,1,0,1,1,3
"147297","Osaka","Office","CL8c","ZoneA","AHP","OHUFCU",39972.0086840962,0,0,0,0,3
"147301","Osaka","Office","CL8c","ZoneA","AHP","OHUFCU",90116.2809993098,1,0,1,0,3
"147304","Osaka","Office","CL8c","ZoneA","AHP","OHUFCU",173787.461639377,1,0,1,1,3
"147312","Osaka","Office","CL8c","ZoneA","AHP","OHUFCU",29562.3951155789,1,1,1,1,3
"147429","Osaka","Office","CL8c","ZoneA","TB","VAV",69808.3248007748,1,0,1,0,3
"147432","Osaka","Office","CL8c","ZoneA","TB","VAV",114364.349695855,1,0,1,1,3
"147813","Osaka","Office","CL8c","ZoneA","AB","VAV",74925.5971204863,1,0,1,0,3
"147816","Osaka","Office","CL8c","ZoneA","AB","VAV",118262.230810928,1,0,1,1,3
"148072","Osaka","Office","CL8c","ZoneA","AB","OHUFCU",90321.5762714942,1,0,1,1,3
"148130","Osaka","Office","CL8c","ZoneA","COM","CAV",46660.752215109,1,0,0,0,3
"148133","Osaka","Office","CL8c","ZoneA","COM","CAV",57218.2567246988,1,0,1,0,3
"148134","Osaka","Office","CL8c","ZoneA","COM","CAV",36897.8926094112,1,0,0,1,3
"148136","Osaka","Office","CL8c","ZoneA","COM","CAV",67879.7093113821,1,0,1,1,3
"148144","Osaka","Office","CL8c","ZoneA","COM","CAV",37858.2431649069,1,1,1,1,3
"148193","Osaka","Office","CL8c","ZoneA","COM","VAV",66930.7196952238,0,0,0,0,3
"148194","Osaka","Office","CL8c","ZoneA","COM","VAV",54655.2680750746,1,0,0,0,3
"148197","Osaka","Office","CL8c","ZoneA","COM","VAV",154912.396273645,1,0,1,0,3
"148200","Osaka","Office","CL8c","ZoneA","COM","VAV",258301.043079523,1,0,1,1,3
"148208","Osaka","Office","CL8c","ZoneA","COM","VAV",43938.7135426854,1,1,1,1,3
"148266","Osaka","Office","CL8c","ZoneA","COM","FCU",111765.11290734,1,1,0,0,3
"148328","Osaka","Office","CL8c","ZoneA","COM","CAVFCU",81656.2699127563,1,0,1,1,3
"148389","Osaka","Office","CL8c","ZoneA","COM","VAVFCU",84721.6796856218,1,0,1,0,3
"148392","Osaka","Office","CL8c","ZoneA","COM","VAVFCU",141264.990798986,1,0,1,1,3
"148449","Osaka","Office","CL8c","ZoneA","COM","OHUFCU",35592.1137501314,0,0,0,0,3
"148453","Osaka","Office","CL8c","ZoneA","COM","OHUFCU",80241.8749934472,1,0,1,0,3
"148456","Osaka","Office","CL8c","ZoneA","COM","OHUFCU",154744.86538567,1,0,1,1,3
"148514","Osaka","Office","CL8c","ZoneA","AHP+TESICE","CAV",53506.3740782167,1,0,0,0,3
"148517","Osaka","Office","CL8c","ZoneA","AHP+TESICE","CAV",65612.775257057,1,0,1,0,3
"148520","Osaka","Office","CL8c","ZoneA","AHP+TESICE","CAV",77838.374786409,1,0,1,1,3
"148528","Osaka","Office","CL8c","ZoneA","AHP+TESICE","CAV",43412.444604133,1,1,1,1,3
"148577","Osaka","Office","CL8c","ZoneA","AHP+TESICE","VAV",65262.3350569884,0,0,0,0,3
"148578","Osaka","Office","CL8c","ZoneA","AHP+TESICE","VAV",53292.8740940997,1,0,0,0,3
"148581","Osaka","Office","CL8c","ZoneA","AHP+TESICE","VAV",151050.888980849,1,0,1,0,3
"148584","Osaka","Office","CL8c","ZoneA","AHP+TESICE","VAV",251862.362989477,1,0,1,1,3
"148592","Osaka","Office","CL8c","ZoneA","AHP+TESICE","VAV",42843.4515309775,1,1,1,1,3
"148650","Osaka","Office","CL8c","ZoneA","AHP+TESICE","FCU",108979.139615639,1,1,0,0,3
"148712","Osaka","Office","CL8c","ZoneA","AHP+TESICE","CAVFCU",79620.8209147713,1,0,1,1,3
"148773","Osaka","Office","CL8c","ZoneA","AHP+TESICE","VAVFCU",82609.819099681,1,0,1,0,3
"148776","Osaka","Office","CL8c","ZoneA","AHP+TESICE","VAVFCU",137743.672910239,1,0,1,1,3
"148833","Osaka","Office","CL8c","ZoneA","AHP+TESICE","OHUFCU",34704.9077542382,0,0,0,0,3
"148837","Osaka","Office","CL8c","ZoneA","AHP+TESICE","OHUFCU",78241.6826723143,1,0,1,0,3
"148840","Osaka","Office","CL8c","ZoneA","AHP+TESICE","OHUFCU",150887.534141797,1,0,1,1,3
"148898","Osaka","Office","CL8c","ZoneA","COM+TESICE","CAV",53895.3843242086,1,0,0,0,3
"148901","Osaka","Office","CL8c","ZoneA","COM+TESICE","CAV",66089.8033174083,1,0,1,0,3
"148902","Osaka","Office","CL8c","ZoneA","COM+TESICE","CAV",42618.8179258214,1,0,0,1,3
"148904","Osaka","Office","CL8c","ZoneA","COM+TESICE","CAV",78404.2872752466,1,0,1,1,3
"148906","Osaka","Office","CL8c","ZoneA","COM+TESICE","CAV",30058.8288593313,1,1,0,0,3
"148909","Osaka","Office","CL8c","ZoneA","COM+TESICE","CAV",36859.9669929902,1,1,1,0,3
"148912","Osaka","Office","CL8c","ZoneA","COM+TESICE","CAV",43728.0684161648,1,1,1,1,3
"148961","Osaka","Office","CL8c","ZoneA","COM+TESICE","VAV",84597.2563622538,0,0,0,0,3
"148962","Osaka","Office","CL8c","ZoneA","COM+TESICE","VAV",69081.6675205232,1,0,0,0,3
"148964","Osaka","Office","CL8c","ZoneA","COM+TESICE","VAV",27915.5490487393,0,0,0,1,3
"148965","Osaka","Office","CL8c","ZoneA","COM+TESICE","VAV",195801.92415274,1,0,1,0,3
"148966","Osaka","Office","CL8c","ZoneA","COM+TESICE","VAV",32853.6704073993,1,0,0,1,3
"148968","Osaka","Office","CL8c","ZoneA","COM+TESICE","VAV",326480.271832416,1,0,1,1,3
"148973","Osaka","Office","CL8c","ZoneA","COM+TESICE","VAV",33307.2005977351,1,1,1,0,3
"148976","Osaka","Office","CL8c","ZoneA","COM+TESICE","VAV",55536.4506869846,1,1,1,1,3
"149034","Osaka","Office","CL8c","ZoneA","COM+TESICE","FCU",159433.712399788,1,1,0,0,3
"149096","Osaka","Office","CL8c","ZoneA","COM+TESICE","CAVFCU",116483.238053928,1,0,1,1,3
"149153","Osaka","Office","CL8c","ZoneA","COM+TESICE","VAVFCU",40345.1451923265,0,0,0,0,3
"149154","Osaka","Office","CL8c","ZoneA","COM+TESICE","VAVFCU",32945.6299895691,1,0,0,0,3
"149157","Osaka","Office","CL8c","ZoneA","COM+TESICE","VAVFCU",93379.5893456888,1,0,1,0,3
"149160","Osaka","Office","CL8c","ZoneA","COM+TESICE","VAVFCU",155701.195711428,1,0,1,1,3
"149217","Osaka","Office","CL8c","ZoneA","COM+TESICE","OHUFCU",46270.9526228757,0,0,0,0,3
"149221","Osaka","Office","CL8c","ZoneA","COM+TESICE","OHUFCU",104317.153576719,1,0,1,0,3
"149224","Osaka","Office","CL8c","ZoneA","COM+TESICE","OHUFCU",201173.562917914,1,0,1,1,3
"149232","Osaka","Office","CL8c","ZoneA","COM+TESICE","OHUFCU",34220.9518321235,1,1,1,1,3
"149281","Osaka","Office","CL9c","ZoneA","EHP","MUL",27771.8356171457,0,0,0,0,3
"149282","Osaka","Office","CL9c","ZoneA","EHP","MUL",92620.8164343689,1,0,0,0,3
"149285","Osaka","Office","CL9c","ZoneA","EHP","MUL",70929.1279647165,1,0,1,0,3
"149286","Osaka","Office","CL9c","ZoneA","EHP","MUL",49567.3769044214,1,0,0,1,3
"149288","Osaka","Office","CL9c","ZoneA","EHP","MUL",148616.942687292,1,0,1,1,3
"149352","Osaka","Office","CL9c","ZoneA","GHP","MUL",40487.2823494784,1,0,1,1,3
"149416","Osaka","Office","CL9c","ZoneA","ABCH","CAV",99156.7034894918,1,0,1,1,3
"149477","Osaka","Office","CL9c","ZoneA","ABCH","VAV",91185.8375730219,1,0,1,0,3
"149480","Osaka","Office","CL9c","ZoneA","ABCH","VAV",233754.161835538,1,0,1,1,3
"149488","Osaka","Office","CL9c","ZoneA","ABCH","VAV",59205.0132805652,1,1,1,1,3
"149669","Osaka","Office","CL9c","ZoneA","ABCH","VAVFCU",53258.5138098874,1,0,1,0,3
"149672","Osaka","Office","CL9c","ZoneA","ABCH","VAVFCU",136527.772158337,1,0,1,1,3
"149680","Osaka","Office","CL9c","ZoneA","ABCH","VAVFCU",34579.6134722398,1,1,1,1,3
"149733","Osaka","Office","CL9c","ZoneA","ABCH","OHUFCU",39082.7326545207,1,0,1,0,3
"149736","Osaka","Office","CL9c","ZoneA","ABCH","OHUFCU",113848.23101386,1,0,1,1,3
"149800","Osaka","Office","CL9c","ZoneA","AHP","CAV",71429.4065031975,1,0,1,1,3
"149861","Osaka","Office","CL9c","ZoneA","AHP","VAV",65687.4425038564,1,0,1,0,3
"149864","Osaka","Office","CL9c","ZoneA","AHP","VAV",168389.230984613,1,0,1,1,3
"149872","Osaka","Office","CL9c","ZoneA","AHP","VAV",42649.4509379577,1,1,1,1,3
"150053","Osaka","Office","CL9c","ZoneA","AHP","VAVFCU",45356.1338897857,1,0,1,0,3
"150056","Osaka","Office","CL9c","ZoneA","AHP","VAVFCU",116270.084737852,1,0,1,1,3
"150120","Osaka","Office","CL9c","ZoneA","AHP","OHUFCU",110166.711743822,1,0,1,1,3
"150245","Osaka","Office","CL9c","ZoneA","TB","VAV",40756.1319308503,1,0,1,0,3
"150248","Osaka","Office","CL9c","ZoneA","TB","VAV",104765.403882443,1,0,1,1,3
"150440","Osaka","Office","CL9c","ZoneA","TB","VAVFCU",84994.1277179349,1,0,1,1,3
"150629","Osaka","Office","CL9c","ZoneA","AB","VAV",50334.4394132064,1,0,1,0,3
"150632","Osaka","Office","CL9c","ZoneA","AB","VAV",126144.03350078,1,0,1,1,3
"150640","Osaka","Office","CL9c","ZoneA","AB","VAV",36062.1670983169,1,1,1,1,3
"150824","Osaka","Office","CL9c","ZoneA","AB","VAVFCU",124137.683137393,1,0,1,1,3
"150888","Osaka","Office","CL9c","ZoneA","AB","OHUFCU",84613.9968556102,1,0,1,1,3
"150952","Osaka","Office","CL9c","ZoneA","COM","CAV",119739.727295245,1,0,1,1,3
"151013","Osaka","Office","CL9c","ZoneA","COM","VAV",111862.022309792,1,0,1,0,3
"151016","Osaka","Office","CL9c","ZoneA","COM","VAV",290261.272476658,1,0,1,1,3
"151024","Osaka","Office","CL9c","ZoneA","COM","VAV",61762.831340152,1,1,1,1,3
"151088","Osaka","Office","CL9c","ZoneA","COM","FCU",62345.4227279211,1,1,1,1,3
"151144","Osaka","Office","CL9c","ZoneA","COM","CAVFCU",51658.2536525334,1,0,1,1,3
"151205","Osaka","Office","CL9c","ZoneA","COM","VAVFCU",65334.7627060741,1,0,1,0,3
"151208","Osaka","Office","CL9c","ZoneA","COM","VAVFCU",169531.633421626,1,0,1,1,3
"151216","Osaka","Office","CL9c","ZoneA","COM","VAVFCU",36073.5470925852,1,1,1,1,3
"151269","Osaka","Office","CL9c","ZoneA","COM","OHUFCU",46607.8450386843,1,0,1,0,3
"151272","Osaka","Office","CL9c","ZoneA","COM","OHUFCU",138068.644197281,1,0,1,1,3
"151336","Osaka","Office","CL9c","ZoneA","AHP+TESICE","CAV",89772.1046684346,1,0,1,1,3
"151397","Osaka","Office","CL9c","ZoneA","AHP+TESICE","VAV",82555.634332395,1,0,1,0,3
"151400","Osaka","Office","CL9c","ZoneA","AHP+TESICE","VAV",211630.705181784,1,0,1,1,3
"151408","Osaka","Office","CL9c","ZoneA","AHP+TESICE","VAV",53601.6069723639,1,1,1,1,3
"151589","Osaka","Office","CL9c","ZoneA","AHP+TESICE","VAVFCU",57003.3519559917,1,0,1,0,3
"151592","Osaka","Office","CL9c","ZoneA","AHP+TESICE","VAVFCU",146127.634651801,1,0,1,1,3
"151653","Osaka","Office","CL9c","ZoneA","AHP+TESICE","OHUFCU",35383.7818636428,1,0,1,0,3
"151656","Osaka","Office","CL9c","ZoneA","AHP+TESICE","OHUFCU",103073.165516999,1,0,1,1,3
"151717","Osaka","Office","CL9c","ZoneA","COM+TESICE","CAV",54467.9347134429,1,0,1,0,3
"151720","Osaka","Office","CL9c","ZoneA","COM+TESICE","CAV",104094.15578967,1,0,1,1,3
"151725","Osaka","Office","CL9c","ZoneA","COM+TESICE","CAV",37918.6258832459,1,1,1,0,3
"151728","Osaka","Office","CL9c","ZoneA","COM+TESICE","CAV",72466.624093361,1,1,1,1,3
"151777","Osaka","Office","CL9c","ZoneA","COM+TESICE","VAV",47732.9830152327,0,0,0,0,3
"151778","Osaka","Office","CL9c","ZoneA","COM+TESICE","VAV",39277.7588611103,1,0,0,0,3
"151781","Osaka","Office","CL9c","ZoneA","COM+TESICE","VAV",211239.425708088,1,0,1,0,3
"151782","Osaka","Office","CL9c","ZoneA","COM+TESICE","VAV",33976.1978472105,1,0,0,1,3
"151784","Osaka","Office","CL9c","ZoneA","COM+TESICE","VAV",548127.266405595,1,0,1,1,3
"151789","Osaka","Office","CL9c","ZoneA","COM+TESICE","VAV",44948.2802548123,1,1,1,0,3
"151792","Osaka","Office","CL9c","ZoneA","COM+TESICE","VAV",116632.479486803,1,1,1,1,3
"151856","Osaka","Office","CL9c","ZoneA","COM+TESICE","FCU",140034.022229012,1,1,1,1,3
"151912","Osaka","Office","CL9c","ZoneA","COM+TESICE","CAVFCU",116029.57721307,1,0,1,1,3
"151969","Osaka","Office","CL9c","ZoneA","COM+TESICE","VAVFCU",29987.4869968951,0,0,0,0,3
"151973","Osaka","Office","CL9c","ZoneA","COM+TESICE","VAVFCU",132707.807715084,1,0,1,0,3
"151976","Osaka","Office","CL9c","ZoneA","COM+TESICE","VAVFCU",344352.23268439,1,0,1,1,3
"151981","Osaka","Office","CL9c","ZoneA","COM+TESICE","VAVFCU",28238.0418010716,1,1,1,0,3
"151984","Osaka","Office","CL9c","ZoneA","COM+TESICE","VAVFCU",73272.4992466955,1,1,1,1,3
"152037","Osaka","Office","CL9c","ZoneA","COM+TESICE","OHUFCU",90317.8896132408,1,0,1,0,3
"152040","Osaka","Office","CL9c","ZoneA","COM+TESICE","OHUFCU",267552.995752321,1,0,1,1,3
"152048","Osaka","Office","CL9c","ZoneA","COM+TESICE","OHUFCU",56930.8830289509,1,1,1,1,3
"152066","Hiroshima","Office","CL1","ZoneC","EHP","MUL",81905.211515121,1,0,0,0,1
"152082","Hiroshima","Office","CL1","ZoneC","EHP","MUL",47268.6631382518,1,0,0,0,2
"152130","Hiroshima","Office","CL1","ZoneC","GHP","MUL",16504.5020320195,1,0,0,0,1
"154881","Hiroshima","Office","CL2","ZoneC","EHP","MUL",573146.16520394,0,0,0,0,1
"154882","Hiroshima","Office","CL2","ZoneC","EHP","MUL",1649707.59601352,1,0,0,0,1
"154884","Hiroshima","Office","CL2","ZoneC","EHP","MUL",29824.1002332908,0,0,0,1,1
"154885","Hiroshima","Office","CL2","ZoneC","EHP","MUL",29669.2730966985,1,0,1,0,1
"154897","Hiroshima","Office","CL2","ZoneC","EHP","MUL",291227.556086538,0,0,0,0,2
"154898","Hiroshima","Office","CL2","ZoneC","EHP","MUL",838250.93948498,1,0,0,0,2
"154945","Hiroshima","Office","CL2","ZoneC","GHP","MUL",84764.7024311676,0,0,0,0,1
"154946","Hiroshima","Office","CL2","ZoneC","GHP","MUL",243981.347105001,1,0,0,0,1
"154961","Hiroshima","Office","CL2","ZoneC","GHP","MUL",41948.0048106293,0,0,0,0,2
"154962","Hiroshima","Office","CL2","ZoneC","GHP","MUL",120740.478389283,1,0,0,0,2
"155393","Hiroshima","Office","CL2","ZoneC","AHP","CAV",37868.8286954207,0,0,0,0,1
"155394","Hiroshima","Office","CL2","ZoneC","AHP","CAV",41230.0466842574,1,0,0,0,1
"157697","Hiroshima","Office","CL3","ZoneC","EHP","MUL",651079.246153028,0,0,0,0,1
"157698","Hiroshima","Office","CL3","ZoneC","EHP","MUL",1936018.16674293,1,0,0,0,1
"157700","Hiroshima","Office","CL3","ZoneC","EHP","MUL",39988.8872193756,0,0,0,1,1
"157701","Hiroshima","Office","CL3","ZoneC","EHP","MUL",57186.0994528759,1,0,1,0,1
"157702","Hiroshima","Office","CL3","ZoneC","EHP","MUL",31891.0485695893,1,0,0,1,1
"157713","Hiroshima","Office","CL3","ZoneC","EHP","MUL",321230.732060673,0,0,0,0,2
"157714","Hiroshima","Office","CL3","ZoneC","EHP","MUL",955196.370733988,1,0,0,0,2
"157717","Hiroshima","Office","CL3","ZoneC","EHP","MUL",28214.5878546774,1,0,1,0,2
"157761","Hiroshima","Office","CL3","ZoneC","GHP","MUL",71857.6117076514,0,0,0,0,1
"157762","Hiroshima","Office","CL3","ZoneC","GHP","MUL",213672.36401216,1,0,0,0,1
"157777","Hiroshima","Office","CL3","ZoneC","GHP","MUL",34515.0201062339,0,0,0,0,2
"157778","Hiroshima","Office","CL3","ZoneC","GHP","MUL",102632.216194864,1,0,0,0,2
"157825","Hiroshima","Office","CL3","ZoneC","ABCH","CAV",41232.9592386813,0,0,0,0,1
"157826","Hiroshima","Office","CL3","ZoneC","ABCH","CAV",42930.9484351611,1,0,0,0,1
"158209","Hiroshima","Office","CL3","ZoneC","AHP","CAV",72253.5386520403,0,0,0,0,1
"158210","Hiroshima","Office","CL3","ZoneC","AHP","CAV",75228.9672970817,1,0,0,0,1
"158225","Hiroshima","Office","CL3","ZoneC","AHP","CAV",54510.4222558966,0,0,0,0,2
"158226","Hiroshima","Office","CL3","ZoneC","AHP","CAV",56755.1825106791,1,0,0,0,2
"160513","Hiroshima","Office","CL4","ZoneC","EHP","MUL",533642.727862414,0,0,0,0,1
"160514","Hiroshima","Office","CL4","ZoneC","EHP","MUL",1640215.88532426,1,0,0,0,1
"160516","Hiroshima","Office","CL4","ZoneC","EHP","MUL",38678.6708100601,0,0,0,1,1
"160517","Hiroshima","Office","CL4","ZoneC","EHP","MUL",76332.2239536974,1,0,1,0,1
"160518","Hiroshima","Office","CL4","ZoneC","EHP","MUL",48258.8789449041,1,0,0,1,1
"160529","Hiroshima","Office","CL4","ZoneC","EHP","MUL",266225.202505716,0,0,0,0,2
"160530","Hiroshima","Office","CL4","ZoneC","EHP","MUL",818275.567949132,1,0,0,0,2
"160533","Hiroshima","Office","CL4","ZoneC","EHP","MUL",38080.8370821164,1,0,1,0,2
"160577","Hiroshima","Office","CL4","ZoneC","GHP","MUL",48975.9947789585,0,0,0,0,1
"160578","Hiroshima","Office","CL4","ZoneC","GHP","MUL",150533.681884477,1,0,0,0,1
"160594","Hiroshima","Office","CL4","ZoneC","GHP","MUL",95829.5208786276,1,0,0,0,2
"160641","Hiroshima","Office","CL4","ZoneC","ABCH","CAV",74026.2810155865,0,0,0,0,1
"160642","Hiroshima","Office","CL4","ZoneC","ABCH","CAV",73831.9305324939,1,0,0,0,1
"160657","Hiroshima","Office","CL4","ZoneC","ABCH","CAV",80680.846944717,0,0,0,0,2
"161025","Hiroshima","Office","CL4","ZoneC","AHP","CAV",102961.969537807,0,0,0,0,1
"161026","Hiroshima","Office","CL4","ZoneC","AHP","CAV",102691.650561285,1,0,0,0,1
"161034","Hiroshima","Office","CL4","ZoneC","AHP","CAV",39776.4696088163,1,1,0,0,1
"161041","Hiroshima","Office","CL4","ZoneC","AHP","CAV",67049.1518660275,0,0,0,0,2
"161042","Hiroshima","Office","CL4","ZoneC","AHP","CAV",66873.1193154613,1,0,0,0,2
"162561","Hiroshima","Office","CL4","ZoneC","AHP+TESICE","CAV",53498.8507172737,0,0,0,0,1
"163329","Hiroshima","Office","CL5","ZoneC","EHP","MUL",336357.344654263,0,0,0,0,1
"163330","Hiroshima","Office","CL5","ZoneC","EHP","MUL",1048916.42298507,1,0,0,0,1
"163332","Hiroshima","Office","CL5","ZoneC","EHP","MUL",26671.4579664055,0,0,0,1,1
"163333","Hiroshima","Office","CL5","ZoneC","EHP","MUL",83916.774862006,1,0,1,0,1
"163334","Hiroshima","Office","CL5","ZoneC","EHP","MUL",54197.1753621871,1,0,0,1,1
"163336","Hiroshima","Office","CL5","ZoneC","EHP","MUL",33772.4502815417,1,0,1,1,1
"163345","Hiroshima","Office","CL5","ZoneC","EHP","MUL",358302.251252743,0,0,0,0,2
"163346","Hiroshima","Office","CL5","ZoneC","EHP","MUL",1117350.7036626,1,0,0,0,2
"163348","Hiroshima","Office","CL5","ZoneC","EHP","MUL",28411.5794866288,0,0,0,1,2
"163349","Hiroshima","Office","CL5","ZoneC","EHP","MUL",89391.7431231728,1,0,1,0,2
"163350","Hiroshima","Office","CL5","ZoneC","EHP","MUL",57733.1527092763,1,0,0,1,2
"163352","Hiroshima","Office","CL5","ZoneC","EHP","MUL",35975.8606687656,1,0,1,1,2
"163394","Hiroshima","Office","CL5","ZoneC","GHP","MUL",115825.786906383,1,0,0,0,1
"163409","Hiroshima","Office","CL5","ZoneC","GHP","MUL",29958.4393866055,0,0,0,0,2
"163410","Hiroshima","Office","CL5","ZoneC","GHP","MUL",93424.1501755026,1,0,0,0,2
"163458","Hiroshima","Office","CL5","ZoneC","ABCH","CAV",116194.297367679,1,0,0,0,1
"163474","Hiroshima","Office","CL5","ZoneC","ABCH","CAV",123775.142690473,1,0,0,0,2
"163521","Hiroshima","Office","CL5","ZoneC","ABCH","VAV",76302.6577591967,0,0,0,0,1
"163537","Hiroshima","Office","CL5","ZoneC","ABCH","VAV",81280.8594377194,0,0,0,0,2
"163777","Hiroshima","Office","CL5","ZoneC","ABCH","OHUFCU",74245.0185354002,0,0,0,0,1
"163793","Hiroshima","Office","CL5","ZoneC","ABCH","OHUFCU",79088.9739984109,0,0,0,0,2
"163841","Hiroshima","Office","CL5","ZoneC","AHP","CAV",40616.4198524811,0,0,0,0,1
"163842","Hiroshima","Office","CL5","ZoneC","AHP","CAV",85684.2955382089,1,0,0,0,1
"163850","Hiroshima","Office","CL5","ZoneC","AHP","CAV",37025.3869077853,1,1,0,0,1
"163857","Hiroshima","Office","CL5","ZoneC","AHP","CAV",43266.3502143215,0,0,0,0,2
"163858","Hiroshima","Office","CL5","ZoneC","AHP","CAV",91274.5818584772,1,0,0,0,2
"163866","Hiroshima","Office","CL5","ZoneC","AHP","CAV",39441.0281012283,1,1,0,0,2
"163905","Hiroshima","Office","CL5","ZoneC","AHP","VAV",55080.349729017,0,0,0,0,1
"163906","Hiroshima","Office","CL5","ZoneC","AHP","VAV",52172.8973678632,1,0,0,0,1
"163921","Hiroshima","Office","CL5","ZoneC","AHP","VAV",58673.9478752305,0,0,0,0,2
"163922","Hiroshima","Office","CL5","ZoneC","AHP","VAV",55576.8050806162,1,0,0,0,2
"164161","Hiroshima","Office","CL5","ZoneC","AHP","OHUFCU",104360.969231507,0,0,0,0,1
"164177","Hiroshima","Office","CL5","ZoneC","AHP","OHUFCU",111169.774684132,0,0,0,0,2
"165377","Hiroshima","Office","CL5","ZoneC","AHP+TESICE","CAV",60963.7130583428,0,0,0,0,1
"165378","Hiroshima","Office","CL5","ZoneC","AHP+TESICE","CAV",57801.4978468206,1,0,0,0,1
"165393","Hiroshima","Office","CL5","ZoneC","AHP+TESICE","CAV",64941.1585050508,0,0,0,0,2
"165394","Hiroshima","Office","CL5","ZoneC","AHP+TESICE","CAV",61572.6314095631,1,0,0,0,2
"166145","Hiroshima","Office","CL6","ZoneC","EHP","MUL",111860.534312312,0,0,0,0,1
"166146","Hiroshima","Office","CL6","ZoneC","EHP","MUL",353827.008398001,1,0,0,0,1
"166149","Hiroshima","Office","CL6","ZoneC","EHP","MUL",49353.2394703429,1,0,1,0,1
"166150","Hiroshima","Office","CL6","ZoneC","EHP","MUL",32387.0678923468,1,0,0,1,1
"166152","Hiroshima","Office","CL6","ZoneC","EHP","MUL",29442.438908135,1,0,1,1,1
"166161","Hiroshima","Office","CL6","ZoneC","EHP","MUL",119158.632648957,0,0,0,0,2
"166162","Hiroshima","Office","CL6","ZoneC","EHP","MUL",376911.685378357,1,0,0,0,2
"166165","Hiroshima","Office","CL6","ZoneC","EHP","MUL",52573.1847093039,1,0,1,0,2
"166166","Hiroshima","Office","CL6","ZoneC","EHP","MUL",34500.0920055164,1,0,0,1,2
"166168","Hiroshima","Office","CL6","ZoneC","EHP","MUL",31363.3470795757,1,0,1,1,2
"166210","Hiroshima","Office","CL6","ZoneC","GHP","MUL",45364.734608463,1,0,0,0,1
"166226","Hiroshima","Office","CL6","ZoneC","GHP","MUL",48324.458484482,1,0,0,0,2
"166274","Hiroshima","Office","CL6","ZoneC","ABCH","CAV",85126.9432656064,1,0,0,0,1
"166290","Hiroshima","Office","CL6","ZoneC","ABCH","CAV",84721.4772016981,1,0,0,0,2
"166337","Hiroshima","Office","CL6","ZoneC","ABCH","VAV",85270.669396561,0,0,0,0,1
"166353","Hiroshima","Office","CL6","ZoneC","ABCH","VAV",84864.5187542294,0,0,0,0,2
"166593","Hiroshima","Office","CL6","ZoneC","ABCH","OHUFCU",74831.7497486529,0,0,0,0,1
"166609","Hiroshima","Office","CL6","ZoneC","ABCH","OHUFCU",74475.3204694842,0,0,0,0,2
"166658","Hiroshima","Office","CL6","ZoneC","AHP","CAV",100944.206871352,1,0,0,0,1
"166674","Hiroshima","Office","CL6","ZoneC","AHP","CAV",100463.401985562,1,0,0,0,2
"166721","Hiroshima","Office","CL6","ZoneC","AHP","VAV",101114.638461391,0,0,0,0,1
"166737","Hiroshima","Office","CL6","ZoneC","AHP","VAV",100633.021797058,0,0,0,0,2
"166977","Hiroshima","Office","CL6","ZoneC","AHP","OHUFCU",88736.0844568842,0,0,0,0,1
"166993","Hiroshima","Office","CL6","ZoneC","AHP","OHUFCU",88313.4277807348,0,0,0,0,2
"167873","Hiroshima","Office","CL6","ZoneC","COM","VAV",72626.7809666992,0,0,0,0,1
"167889","Hiroshima","Office","CL6","ZoneC","COM","VAV",72280.8541204711,0,0,0,0,2
"168257","Hiroshima","Office","CL6","ZoneC","AHP+TESICE","VAV",51703.232887238,0,0,0,0,1
"168258","Hiroshima","Office","CL6","ZoneC","AHP+TESICE","VAV",46782.0086578715,1,0,0,0,1
"168261","Hiroshima","Office","CL6","ZoneC","AHP+TESICE","VAV",44784.3524145106,1,0,1,0,1
"168273","Hiroshima","Office","CL6","ZoneC","AHP+TESICE","VAV",51456.9664817273,0,0,0,0,2
"168274","Hiroshima","Office","CL6","ZoneC","AHP+TESICE","VAV",46559.1824152676,1,0,0,0,2
"168277","Hiroshima","Office","CL6","ZoneC","AHP+TESICE","VAV",44571.0411595587,1,0,1,0,2
"168657","Hiroshima","Office","CL6","ZoneC","COM+TESICE","VAV",52638.8906668163,0,0,0,0,2
"168961","Hiroshima","Office","CL7","ZoneC","EHP","MUL",41794.6764711751,0,0,0,0,1
"168962","Hiroshima","Office","CL7","ZoneC","EHP","MUL",136580.087336984,1,0,0,0,1
"168977","Hiroshima","Office","CL7","ZoneC","EHP","MUL",44521.4796346867,0,0,0,0,2
"168978","Hiroshima","Office","CL7","ZoneC","EHP","MUL",145490.959382614,1,0,0,0,2
"169026","Hiroshima","Office","CL7","ZoneC","GHP","MUL",16029.5202677546,1,0,0,0,1
"169042","Hiroshima","Office","CL7","ZoneC","GHP","MUL",17075.3316070488,1,0,0,0,2
"169157","Hiroshima","Office","CL7","ZoneC","ABCH","VAV",74354.6472309987,1,0,1,0,1
"169160","Hiroshima","Office","CL7","ZoneC","ABCH","VAV",88971.8731698381,1,0,1,1,1
"169173","Hiroshima","Office","CL7","ZoneC","ABCH","VAV",79205.7551808622,1,0,1,0,2
"169176","Hiroshima","Office","CL7","ZoneC","ABCH","VAV",94776.6503737098,1,0,1,1,2
"169541","Hiroshima","Office","CL7","ZoneC","AHP","VAV",70815.8578121235,1,0,1,0,1
"169544","Hiroshima","Office","CL7","ZoneC","AHP","VAV",84737.4004761169,1,0,1,1,1
"169557","Hiroshima","Office","CL7","ZoneC","AHP","VAV",75436.0851093027,1,0,1,0,2
"169560","Hiroshima","Office","CL7","ZoneC","AHP","VAV",90265.9086784805,1,0,1,1,2
"170696","Hiroshima","Office","CL7","ZoneC","COM","VAV",80263.3601121854,1,0,1,1,1
"170712","Hiroshima","Office","CL7","ZoneC","COM","VAV",85499.9692391619,1,0,1,1,2
"171080","Hiroshima","Office","CL7","ZoneC","AHP+TESICE","VAV",109607.557470713,1,0,1,1,1
"171096","Hiroshima","Office","CL7","ZoneC","AHP+TESICE","VAV",116758.66521196,1,0,1,1,2
"171464","Hiroshima","Office","CL7","ZoneC","COM+TESICE","VAV",83441.6721601858,1,0,1,1,1
"171480","Hiroshima","Office","CL7","ZoneC","COM+TESICE","VAV",88885.6433743671,1,0,1,1,2
"171810","Hiroshima","Office","CL8c","ZoneA","EHP","MUL",89316.6535783814,1,0,0,0,3
"171816","Hiroshima","Office","CL8c","ZoneA","EHP","MUL",56639.8608692744,1,0,1,1,3
"171874","Hiroshima","Office","CL8c","ZoneA","GHP","MUL",15471.1557671208,1,0,0,0,3
"172005","Hiroshima","Office","CL8c","ZoneA","ABCH","VAV",63536.2281225448,1,0,1,0,3
"172008","Hiroshima","Office","CL8c","ZoneA","ABCH","VAV",104402.071323758,1,0,1,1,3
"172264","Hiroshima","Office","CL8c","ZoneA","ABCH","OHUFCU",103856.506078173,1,0,1,1,3
"172389","Hiroshima","Office","CL8c","ZoneA","AHP","VAV",77429.4618471475,1,0,1,0,3
"172392","Hiroshima","Office","CL8c","ZoneA","AHP","VAV",132343.716496663,1,0,1,1,3
"173160","Hiroshima","Office","CL8c","ZoneA","AB","VAV",63403.6290434841,1,0,1,1,3
"173541","Hiroshima","Office","CL8c","ZoneA","COM","VAV",84248.5782990361,1,0,1,0,3
"173544","Hiroshima","Office","CL8c","ZoneA","COM","VAV",143999.063091323,1,0,1,1,3
"173925","Hiroshima","Office","CL8c","ZoneA","AHP+TESICE","VAV",82159.2289672672,1,0,1,0,3
"173928","Hiroshima","Office","CL8c","ZoneA","AHP+TESICE","VAV",140427.912665765,1,0,1,1,3
"174309","Hiroshima","Office","CL8c","ZoneA","COM+TESICE","VAV",62532.4023925611,1,0,1,0,3
"174312","Hiroshima","Office","CL8c","ZoneA","COM+TESICE","VAV",102752.595291655,1,0,1,1,3
"174504","Hiroshima","Office","CL8c","ZoneA","COM+TESICE","VAVFCU",84681.3056329922,1,0,1,1,3
"174568","Hiroshima","Office","CL8c","ZoneA","COM+TESICE","OHUFCU",102215.649576172,1,0,1,1,3
"177410","Matsuyama","Office","CL1","ZoneC","EHP","MUL",88292.5452579339,1,0,0,0,1
"177426","Matsuyama","Office","CL1","ZoneC","EHP","MUL",49844.4609217045,1,0,0,0,2
"177474","Matsuyama","Office","CL1","ZoneC","GHP","MUL",15479.7807515804,1,0,0,0,1
"180225","Matsuyama","Office","CL2","ZoneC","EHP","MUL",328681.188402919,0,0,0,0,1
"180226","Matsuyama","Office","CL2","ZoneC","EHP","MUL",942616.992879139,1,0,0,0,1
"180241","Matsuyama","Office","CL2","ZoneC","EHP","MUL",157873.850197274,0,0,0,0,2
"180242","Matsuyama","Office","CL2","ZoneC","EHP","MUL",452762.674524527,1,0,0,0,2
"180289","Matsuyama","Office","CL2","ZoneC","GHP","MUL",41191.6444599942,0,0,0,0,1
"180290","Matsuyama","Office","CL2","ZoneC","GHP","MUL",118132.541205944,1,0,0,0,1
"180306","Matsuyama","Office","CL2","ZoneC","GHP","MUL",76527.4177778391,1,0,0,0,2
"183041","Matsuyama","Office","CL3","ZoneC","EHP","MUL",330261.05540162,0,0,0,0,1
"183042","Matsuyama","Office","CL3","ZoneC","EHP","MUL",971021.735117096,1,0,0,0,1
"183045","Matsuyama","Office","CL3","ZoneC","EHP","MUL",29407.6156646049,1,0,1,0,1
"183057","Matsuyama","Office","CL3","ZoneC","EHP","MUL",162217.631448068,0,0,0,0,2
"183058","Matsuyama","Office","CL3","ZoneC","EHP","MUL",476946.474248188,1,0,0,0,2
"183105","Matsuyama","Office","CL3","ZoneC","GHP","MUL",31962.7440277652,0,0,0,0,1
"183106","Matsuyama","Office","CL3","ZoneC","GHP","MUL",93975.7160504487,1,0,0,0,1
"183122","Matsuyama","Office","CL3","ZoneC","GHP","MUL",60491.4132052185,1,0,0,0,2
"183553","Matsuyama","Office","CL3","ZoneC","AHP","CAV",54836.5899651026,0,0,0,0,1
"183554","Matsuyama","Office","CL3","ZoneC","AHP","CAV",56887.6352289914,1,0,0,0,1
"183570","Matsuyama","Office","CL3","ZoneC","AHP","CAV",53663.9583098884,1,0,0,0,2
"185857","Matsuyama","Office","CL4","ZoneC","EHP","MUL",307637.710743419,0,0,0,0,1
"185858","Matsuyama","Office","CL4","ZoneC","EHP","MUL",942752.380691708,1,0,0,0,1
"185861","Matsuyama","Office","CL4","ZoneC","EHP","MUL",44107.6244844989,1,0,1,0,1
"185862","Matsuyama","Office","CL4","ZoneC","EHP","MUL",27437.2188427004,1,0,0,1,1
"185873","Matsuyama","Office","CL4","ZoneC","EHP","MUL",156221.023666983,0,0,0,0,2
"185874","Matsuyama","Office","CL4","ZoneC","EHP","MUL",478737.608663909,1,0,0,0,2
"185922","Matsuyama","Office","CL4","ZoneC","GHP","MUL",96058.2548798832,1,0,0,0,1
"185938","Matsuyama","Office","CL4","ZoneC","GHP","MUL",46139.1983362548,1,0,0,0,2
"185985","Matsuyama","Office","CL4","ZoneC","ABCH","CAV",45698.1816255323,0,0,0,0,1
"185986","Matsuyama","Office","CL4","ZoneC","ABCH","CAV",45658.9758113435,1,0,0,0,1
"186369","Matsuyama","Office","CL4","ZoneC","AHP","CAV",76740.3862993244,0,0,0,0,1
"186370","Matsuyama","Office","CL4","ZoneC","AHP","CAV",76674.5484646667,1,0,0,0,1
"186385","Matsuyama","Office","CL4","ZoneC","AHP","CAV",58810.3268850353,0,0,0,0,2
"186386","Matsuyama","Office","CL4","ZoneC","AHP","CAV",58759.8717757461,1,0,0,0,2
"188673","Matsuyama","Office","CL5","ZoneC","EHP","MUL",243520.134395414,0,0,0,0,1
"188674","Matsuyama","Office","CL5","ZoneC","EHP","MUL",763262.099973604,1,0,0,0,1
"188677","Matsuyama","Office","CL5","ZoneC","EHP","MUL",60594.8098553724,1,0,1,0,1
"188678","Matsuyama","Office","CL5","ZoneC","EHP","MUL",40073.9741809301,1,0,0,1,1
"188689","Matsuyama","Office","CL5","ZoneC","EHP","MUL",253692.829715127,0,0,0,0,2
"188690","Matsuyama","Office","CL5","ZoneC","EHP","MUL",795146.251201564,1,0,0,0,2
"188693","Matsuyama","Office","CL5","ZoneC","EHP","MUL",63126.0688830707,1,0,1,0,2
"188694","Matsuyama","Office","CL5","ZoneC","EHP","MUL",41748.0054909276,1,0,0,1,2
"188696","Matsuyama","Office","CL5","ZoneC","EHP","MUL",25991.1067186214,1,0,1,1,2
"188738","Matsuyama","Office","CL5","ZoneC","GHP","MUL",72831.5148410346,1,0,0,0,1
"188754","Matsuyama","Office","CL5","ZoneC","GHP","MUL",77583.2493163294,1,0,0,0,2
"188801","Matsuyama","Office","CL5","ZoneC","ABCH","CAV",93189.6626395034,0,0,0,0,1
"188802","Matsuyama","Office","CL5","ZoneC","ABCH","CAV",89066.3242922545,1,0,0,0,1
"188817","Matsuyama","Office","CL5","ZoneC","ABCH","CAV",78773.4692261661,0,0,0,0,2
"188818","Matsuyama","Office","CL5","ZoneC","ABCH","CAV",75288.000374727,1,0,0,0,2
"188821","Matsuyama","Office","CL5","ZoneC","ABCH","CAV",40085.4145382453,1,0,1,0,2
"189186","Matsuyama","Office","CL5","ZoneC","AHP","CAV",115431.861883279,1,0,0,0,1
"189202","Matsuyama","Office","CL5","ZoneC","AHP","CAV",122962.963753883,1,0,0,0,2
"189249","Matsuyama","Office","CL5","ZoneC","AHP","VAV",76895.1397186235,0,0,0,0,1
"189265","Matsuyama","Office","CL5","ZoneC","AHP","VAV",81911.9965996193,0,0,0,0,2
"189505","Matsuyama","Office","CL5","ZoneC","AHP","OHUFCU",75159.9804572491,0,0,0,0,1
"189521","Matsuyama","Office","CL5","ZoneC","AHP","OHUFCU",80063.6306295777,0,0,0,0,2
"190721","Matsuyama","Office","CL5","ZoneC","AHP+TESICE","CAV",82494.1332985643,0,0,0,0,1
"190737","Matsuyama","Office","CL5","ZoneC","AHP+TESICE","CAV",87876.2843915347,0,0,0,0,2
"191489","Matsuyama","Office","CL6","ZoneC","EHP","MUL",80680.6442367309,0,0,0,0,1
"191490","Matsuyama","Office","CL6","ZoneC","EHP","MUL",264892.499499862,1,0,0,0,1
"191493","Matsuyama","Office","CL6","ZoneC","EHP","MUL",35567.6806492588,1,0,1,0,1
"191505","Matsuyama","Office","CL6","ZoneC","EHP","MUL",79994.2972853281,0,0,0,0,2
"191506","Matsuyama","Office","CL6","ZoneC","EHP","MUL",262639.069805525,1,0,0,0,2
"191509","Matsuyama","Office","CL6","ZoneC","EHP","MUL",35265.1078399681,1,0,1,0,2
"191510","Matsuyama","Office","CL6","ZoneC","EHP","MUL",28109.0572137452,1,0,0,1,2
"191554","Matsuyama","Office","CL6","ZoneC","GHP","MUL",27812.206407696,1,0,0,0,1
"191570","Matsuyama","Office","CL6","ZoneC","GHP","MUL",29626.7535897766,1,0,0,0,2
"191681","Matsuyama","Office","CL6","ZoneC","ABCH","VAV",133628.923718112,0,0,0,0,1
"191697","Matsuyama","Office","CL6","ZoneC","ABCH","VAV",73757.7594951344,0,0,0,0,2
"191698","Matsuyama","Office","CL6","ZoneC","ABCH","VAV",68589.4939887912,1,0,0,0,2
"192018","Matsuyama","Office","CL6","ZoneC","AHP","CAV",98962.6312703557,1,0,0,0,2
"192065","Matsuyama","Office","CL6","ZoneC","AHP","VAV",53365.9907251718,0,0,0,0,1
"192066","Matsuyama","Office","CL6","ZoneC","AHP","VAV",49626.5928507699,1,0,0,0,1
"192069","Matsuyama","Office","CL6","ZoneC","AHP","VAV",44493.5202912574,1,0,1,0,1
"192072","Matsuyama","Office","CL6","ZoneC","AHP","VAV",41515.535069217,1,0,1,1,1
"192081","Matsuyama","Office","CL6","ZoneC","AHP","VAV",102370.010331343,0,0,0,0,2
"193601","Matsuyama","Office","CL6","ZoneC","AHP+TESICE","VAV",88451.3787925873,0,0,0,0,1
"193617","Matsuyama","Office","CL6","ZoneC","AHP+TESICE","VAV",94222.197467902,0,0,0,0,2
"194306","Matsuyama","Office","CL7","ZoneC","EHP","MUL",94260.3494729541,1,0,0,0,1
"194322","Matsuyama","Office","CL7","ZoneC","EHP","MUL",100410.161861473,1,0,0,0,2
"194370","Matsuyama","Office","CL7","ZoneC","GHP","MUL",8563.6822962291,1,0,0,0,1
"194386","Matsuyama","Office","CL7","ZoneC","GHP","MUL",9122.40120371414,1,0,0,0,2
"194504","Matsuyama","Office","CL7","ZoneC","ABCH","VAV",121246.092410918,1,0,1,1,1
"194517","Matsuyama","Office","CL7","ZoneC","ABCH","VAV",58860.5411367819,1,0,1,0,2
"194520","Matsuyama","Office","CL7","ZoneC","ABCH","VAV",70295.9900252901,1,0,1,1,2
"194888","Matsuyama","Office","CL7","ZoneC","AHP","VAV",114851.178873664,1,0,1,1,1
"194904","Matsuyama","Office","CL7","ZoneC","AHP","VAV",122344.395338726,1,0,1,1,2
"196424","Matsuyama","Office","CL7","ZoneC","AHP+TESICE","VAV",81446.1388877947,1,0,1,1,1
"196440","Matsuyama","Office","CL7","ZoneC","AHP+TESICE","VAV",86759.915854778,1,0,1,1,2
"197154","Matsuyama","Office","CL8c","ZoneA","EHP","MUL",28914.7274667887,1,0,0,0,3
"197352","Matsuyama","Office","CL8c","ZoneA","ABCH","VAV",111965.980177305,1,0,1,1,3
"199653","Matsuyama","Office","CL8c","ZoneA","COM+TESICE","VAV",53734.311645396,1,0,1,0,3
"199656","Matsuyama","Office","CL8c","ZoneA","COM+TESICE","VAV",91483.4418054001,1,0,1,1,3
"202753","Fukuoka","Office","CL1","ZoneC","EHP","MUL",28160.0987491744,0,0,0,0,1
"202754","Fukuoka","Office","CL1","ZoneC","EHP","MUL",78556.9341033043,1,0,0,0,1
"202770","Fukuoka","Office","CL1","ZoneC","EHP","MUL",51258.877759066,1,0,0,0,2
"202818","Fukuoka","Office","CL1","ZoneC","GHP","MUL",16333.1516611628,1,0,0,0,1
"202834","Fukuoka","Office","CL1","ZoneC","GHP","MUL",7845.22397260772,1,0,0,0,2
"205569","Fukuoka","Office","CL2","ZoneC","EHP","MUL",1205209.47396517,0,0,0,0,1
"205570","Fukuoka","Office","CL2","ZoneC","EHP","MUL",3463824.35993205,1,0,0,0,1
"205572","Fukuoka","Office","CL2","ZoneC","EHP","MUL",62346.7931538168,0,0,0,1,1
"205573","Fukuoka","Office","CL2","ZoneC","EHP","MUL",63127.3813526052,1,0,1,0,1
"205574","Fukuoka","Office","CL2","ZoneC","EHP","MUL",30898.6487813634,1,0,0,1,1
"205585","Fukuoka","Office","CL2","ZoneC","EHP","MUL",582623.18042352,0,0,0,0,2
"205586","Fukuoka","Office","CL2","ZoneC","EHP","MUL",1674484.31879021,1,0,0,0,2
"205588","Fukuoka","Office","CL2","ZoneC","EHP","MUL",30139.7289858459,0,0,0,1,2
"205589","Fukuoka","Office","CL2","ZoneC","EHP","MUL",30517.081461746,1,0,1,0,2
"205633","Fukuoka","Office","CL2","ZoneC","GHP","MUL",140095.74556736,0,0,0,0,1
"205634","Fukuoka","Office","CL2","ZoneC","GHP","MUL",402641.255899295,1,0,0,0,1
"205649","Fukuoka","Office","CL2","ZoneC","GHP","MUL",67291.5138722932,0,0,0,0,2
"205650","Fukuoka","Office","CL2","ZoneC","GHP","MUL",193398.732753648,1,0,0,0,2
"206081","Fukuoka","Office","CL2","ZoneC","AHP","CAV",61313.4071461123,0,0,0,0,1
"206082","Fukuoka","Office","CL2","ZoneC","AHP","CAV",68664.6085349276,1,0,0,0,1
"206098","Fukuoka","Office","CL2","ZoneC","AHP","CAV",62431.7134676185,1,0,0,0,2
"208385","Fukuoka","Office","CL3","ZoneC","EHP","MUL",1185117.88624171,0,0,0,0,1
"208386","Fukuoka","Office","CL3","ZoneC","EHP","MUL",3549752.83876761,1,0,0,0,1
"208388","Fukuoka","Office","CL3","ZoneC","EHP","MUL",75039.4958771005,0,0,0,1,1
"208389","Fukuoka","Office","CL3","ZoneC","EHP","MUL",103881.442221819,1,0,1,0,1
"208390","Fukuoka","Office","CL3","ZoneC","EHP","MUL",60133.0771525504,1,0,0,1,1
"208401","Fukuoka","Office","CL3","ZoneC","EHP","MUL",569241.959199917,0,0,0,0,2
"208402","Fukuoka","Office","CL3","ZoneC","EHP","MUL",1705035.66275887,1,0,0,0,2
"208404","Fukuoka","Office","CL3","ZoneC","EHP","MUL",36043.3591850646,0,0,0,1,2
"208405","Fukuoka","Office","CL3","ZoneC","EHP","MUL",49896.8721857603,1,0,1,0,2
"208406","Fukuoka","Office","CL3","ZoneC","EHP","MUL",28883.4309636399,1,0,0,1,2
"208449","Fukuoka","Office","CL3","ZoneC","GHP","MUL",103881.939731118,0,0,0,0,1
"208450","Fukuoka","Office","CL3","ZoneC","GHP","MUL",311154.877281136,1,0,0,0,1
"208465","Fukuoka","Office","CL3","ZoneC","GHP","MUL",49897.1111520026,0,0,0,0,2
"208466","Fukuoka","Office","CL3","ZoneC","GHP","MUL",149455.521694825,1,0,0,0,2
"208513","Fukuoka","Office","CL3","ZoneC","ABCH","CAV",53437.9267530281,0,0,0,0,1
"208514","Fukuoka","Office","CL3","ZoneC","ABCH","CAV",57916.8447252727,1,0,0,0,1
"208897","Fukuoka","Office","CL3","ZoneC","AHP","CAV",91273.3742618967,0,0,0,0,1
"208898","Fukuoka","Office","CL3","ZoneC","AHP","CAV",98923.4831117099,1,0,0,0,1
"208906","Fukuoka","Office","CL3","ZoneC","AHP","CAV",33087.0134023254,1,1,0,0,1
"208913","Fukuoka","Office","CL3","ZoneC","AHP","CAV",77135.1291214463,0,0,0,0,2
"208914","Fukuoka","Office","CL3","ZoneC","AHP","CAV",83600.2361550734,1,0,0,0,2
"211201","Fukuoka","Office","CL4","ZoneC","EHP","MUL",1164593.50234465,0,0,0,0,1
"211202","Fukuoka","Office","CL4","ZoneC","EHP","MUL",3547348.726734,1,0,0,0,1
"211204","Fukuoka","Office","CL4","ZoneC","EHP","MUL",81270.0821236861,0,0,0,1,1
"211205","Fukuoka","Office","CL4","ZoneC","EHP","MUL",167489.134643387,1,0,1,0,1
"211206","Fukuoka","Office","CL4","ZoneC","EHP","MUL",101027.214072867,1,0,0,1,1
"211208","Fukuoka","Office","CL4","ZoneC","EHP","MUL",43690.1361081273,1,0,1,1,1
"211217","Fukuoka","Office","CL4","ZoneC","EHP","MUL",564211.880917604,0,0,0,0,2
"211218","Fukuoka","Office","CL4","ZoneC","EHP","MUL",1718587.89642203,1,0,0,0,2
"211220","Fukuoka","Office","CL4","ZoneC","EHP","MUL",39373.0050914909,0,0,0,1,2
"211221","Fukuoka","Office","CL4","ZoneC","EHP","MUL",81143.6432541946,1,0,1,0,2
"211222","Fukuoka","Office","CL4","ZoneC","EHP","MUL",48944.7642985811,1,0,0,1,2
"211265","Fukuoka","Office","CL4","ZoneC","GHP","MUL",88129.0289998354,0,0,0,0,1
"211266","Fukuoka","Office","CL4","ZoneC","GHP","MUL",268440.789152154,1,0,0,0,1
"211281","Fukuoka","Office","CL4","ZoneC","GHP","MUL",42330.5915070969,0,0,0,0,2
"211282","Fukuoka","Office","CL4","ZoneC","GHP","MUL",128938.869727747,1,0,0,0,2
"211329","Fukuoka","Office","CL4","ZoneC","ABCH","CAV",78072.8683389572,0,0,0,0,1
"211330","Fukuoka","Office","CL4","ZoneC","ABCH","CAV",98690.9119030542,1,0,0,0,1
"211345","Fukuoka","Office","CL4","ZoneC","ABCH","CAV",66717.8707822186,0,0,0,0,2
"211346","Fukuoka","Office","CL4","ZoneC","ABCH","CAV",68475.6696427916,1,0,0,0,2
"211393","Fukuoka","Office","CL4","ZoneC","ABCH","VAV",71817.7081392821,0,0,0,0,1
"211713","Fukuoka","Office","CL4","ZoneC","AHP","CAV",59373.8206962549,0,0,0,0,1
"211714","Fukuoka","Office","CL4","ZoneC","AHP","CAV",124510.242781757,1,0,0,0,1
"211722","Fukuoka","Office","CL4","ZoneC","AHP","CAV",37775.5300433985,1,1,0,0,1
"211729","Fukuoka","Office","CL4","ZoneC","AHP","CAV",100668.304789449,0,0,0,0,2
"211730","Fukuoka","Office","CL4","ZoneC","AHP","CAV",103320.587144687,1,0,0,0,2
"211738","Fukuoka","Office","CL4","ZoneC","AHP","CAV",38294.041360972,1,1,0,0,2
"211777","Fukuoka","Office","CL4","ZoneC","AHP","VAV",50813.7041138114,0,0,0,0,1
"211778","Fukuoka","Office","CL4","ZoneC","AHP","VAV",39244.8133720522,1,0,0,0,1
"211850","Fukuoka","Office","CL4","ZoneC","AHP","FCU",52693.7928046518,1,1,0,0,1
"212033","Fukuoka","Office","CL4","ZoneC","AHP","OHUFCU",81075.7428503834,0,0,0,0,1
"213249","Fukuoka","Office","CL4","ZoneC","AHP+TESICE","CAV",45307.0484513985,0,0,0,0,1
"213250","Fukuoka","Office","CL4","ZoneC","AHP+TESICE","CAV",46500.7417933781,1,0,0,0,1
"214017","Fukuoka","Office","CL5","ZoneC","EHP","MUL",816194.616039187,0,0,0,0,1
"214018","Fukuoka","Office","CL5","ZoneC","EHP","MUL",2548758.55826358,1,0,0,0,1
"214020","Fukuoka","Office","CL5","ZoneC","EHP","MUL",65087.9237698733,0,0,0,1,1
"214021","Fukuoka","Office","CL5","ZoneC","EHP","MUL",201980.735310543,1,0,1,0,1
"214022","Fukuoka","Office","CL5","ZoneC","EHP","MUL",131546.462174345,1,0,0,1,1
"214024","Fukuoka","Office","CL5","ZoneC","EHP","MUL",81619.8088741757,1,0,1,1,1
"214033","Fukuoka","Office","CL5","ZoneC","EHP","MUL",869445.466362002,0,0,0,0,2
"214034","Fukuoka","Office","CL5","ZoneC","EHP","MUL",2715046.7912756,1,0,0,0,2
"214036","Fukuoka","Office","CL5","ZoneC","EHP","MUL",69334.4444138243,0,0,0,1,2
"214037","Fukuoka","Office","CL5","ZoneC","EHP","MUL",215158.531013616,1,0,1,0,2
"214038","Fukuoka","Office","CL5","ZoneC","EHP","MUL",140128.926246131,1,0,0,1,2
"214040","Fukuoka","Office","CL5","ZoneC","EHP","MUL",86944.9165633527,1,0,1,1,2
"214081","Fukuoka","Office","CL5","ZoneC","GHP","MUL",56472.875579179,0,0,0,0,1
"214082","Fukuoka","Office","CL5","ZoneC","GHP","MUL",176349.760355778,1,0,0,0,1
"214097","Fukuoka","Office","CL5","ZoneC","GHP","MUL",60157.3260590894,0,0,0,0,2
"214098","Fukuoka","Office","CL5","ZoneC","GHP","MUL",187855.318599644,1,0,0,0,2
"214145","Fukuoka","Office","CL5","ZoneC","ABCH","CAV",55811.0463637245,0,0,0,0,1
"214146","Fukuoka","Office","CL5","ZoneC","ABCH","CAV",114836.476529041,1,0,0,0,1
"214161","Fukuoka","Office","CL5","ZoneC","ABCH","CAV",59452.3172296078,0,0,0,0,2
"214162","Fukuoka","Office","CL5","ZoneC","ABCH","CAV",122328.733771465,1,0,0,0,2
"214209","Fukuoka","Office","CL5","ZoneC","ABCH","VAV",61046.7048837055,0,0,0,0,1
"214210","Fukuoka","Office","CL5","ZoneC","ABCH","VAV",51482.9238503835,1,0,0,0,1
"214225","Fukuoka","Office","CL5","ZoneC","ABCH","VAV",65029.5649523473,0,0,0,0,2
"214226","Fukuoka","Office","CL5","ZoneC","ABCH","VAV",54841.8157350681,1,0,0,0,2
"214282","Fukuoka","Office","CL5","ZoneC","ABCH","FCU",56983.2219092608,1,1,0,0,1
"214298","Fukuoka","Office","CL5","ZoneC","ABCH","FCU",60700.968830365,1,1,0,0,2
"214465","Fukuoka","Office","CL5","ZoneC","ABCH","OHUFCU",93382.9417684582,0,0,0,0,1
"214481","Fukuoka","Office","CL5","ZoneC","ABCH","OHUFCU",99475.5095912495,0,0,0,0,2
"214529","Fukuoka","Office","CL5","ZoneC","AHP","CAV",64326.7133152774,0,0,0,0,1
"214530","Fukuoka","Office","CL5","ZoneC","AHP","CAV",132358.262120338,1,0,0,0,1
"214533","Fukuoka","Office","CL5","ZoneC","AHP","CAV",35542.3254059705,1,0,1,0,1
"214538","Fukuoka","Office","CL5","ZoneC","AHP","CAV",44865.1078508801,1,1,0,0,1
"214545","Fukuoka","Office","CL5","ZoneC","AHP","CAV",63602.7126904599,0,0,0,0,2
"214546","Fukuoka","Office","CL5","ZoneC","AHP","CAV",130868.562747618,1,0,0,0,2
"214549","Fukuoka","Office","CL5","ZoneC","AHP","CAV",35142.2946182125,1,0,1,0,2
"214554","Fukuoka","Office","CL5","ZoneC","AHP","CAV",44360.1486443161,1,1,0,0,2
"214593","Fukuoka","Office","CL5","ZoneC","AHP","VAV",78703.7024883571,0,0,0,0,1
"214594","Fukuoka","Office","CL5","ZoneC","AHP","VAV",66373.717134614,1,0,0,0,1
"214597","Fukuoka","Office","CL5","ZoneC","AHP","VAV",37644.8686741276,1,0,1,0,1
"214609","Fukuoka","Office","CL5","ZoneC","AHP","VAV",79774.189281909,0,0,0,0,2
"214610","Fukuoka","Office","CL5","ZoneC","AHP","VAV",62996.2683057381,1,0,0,0,2
"214613","Fukuoka","Office","CL5","ZoneC","AHP","VAV",37895.2815080822,1,0,1,0,2
"214658","Fukuoka","Office","CL5","ZoneC","AHP","FCU",42211.333588231,1,0,0,0,1
"214666","Fukuoka","Office","CL5","ZoneC","AHP","FCU",50316.3395138072,1,1,0,0,1
"214674","Fukuoka","Office","CL5","ZoneC","AHP","FCU",40145.1305338572,1,0,0,0,2
"214682","Fukuoka","Office","CL5","ZoneC","AHP","FCU",51341.1386212628,1,1,0,0,2
"214738","Fukuoka","Office","CL5","ZoneC","AHP","CAVFCU",53852.5882981392,1,0,0,0,2
"214849","Fukuoka","Office","CL5","ZoneC","AHP","OHUFCU",99033.178336939,0,0,0,0,1
"214853","Fukuoka","Office","CL5","ZoneC","AHP","OHUFCU",52599.2850400456,1,0,1,0,1
"214865","Fukuoka","Office","CL5","ZoneC","AHP","OHUFCU",97958.6999083621,0,0,0,0,2
"214869","Fukuoka","Office","CL5","ZoneC","AHP","OHUFCU",51967.1319221056,1,0,1,0,2
"215681","Fukuoka","Office","CL5","ZoneC","COM","CAV",80107.4077477366,0,0,0,0,1
"215697","Fukuoka","Office","CL5","ZoneC","COM","CAV",85333.8421003961,0,0,0,0,2
"216065","Fukuoka","Office","CL5","ZoneC","AHP+TESICE","CAV",80540.1451995451,0,0,0,0,1
"216066","Fukuoka","Office","CL5","ZoneC","AHP+TESICE","CAV",79433.3676066093,1,0,0,0,1
"216069","Fukuoka","Office","CL5","ZoneC","AHP+TESICE","CAV",41012.9562307384,1,0,1,0,1
"216081","Fukuoka","Office","CL5","ZoneC","AHP+TESICE","CAV",85794.8125701916,0,0,0,0,2
"216082","Fukuoka","Office","CL5","ZoneC","AHP+TESICE","CAV",84615.8256698382,1,0,0,0,2
"216085","Fukuoka","Office","CL5","ZoneC","AHP+TESICE","CAV",43688.7577499121,1,0,1,0,2
"216833","Fukuoka","Office","CL6","ZoneC","EHP","MUL",331922.384950888,0,0,0,0,1
"216834","Fukuoka","Office","CL6","ZoneC","EHP","MUL",1064898.68577954,1,0,0,0,1
"216836","Fukuoka","Office","CL6","ZoneC","EHP","MUL",30593.4674485163,0,0,0,1,1
"216837","Fukuoka","Office","CL6","ZoneC","EHP","MUL",149070.594431102,1,0,1,0,1
"216838","Fukuoka","Office","CL6","ZoneC","EHP","MUL",105233.50933771,1,0,0,1,1
"216840","Fukuoka","Office","CL6","ZoneC","EHP","MUL",97392.2624807146,1,0,1,1,1
"216849","Fukuoka","Office","CL6","ZoneC","EHP","MUL",353577.942207053,0,0,0,0,2
"216850","Fukuoka","Office","CL6","ZoneC","EHP","MUL",1134375.69458485,1,0,0,0,2
"216852","Fukuoka","Office","CL6","ZoneC","EHP","MUL",32589.4719846189,0,0,0,1,2
"216853","Fukuoka","Office","CL6","ZoneC","EHP","MUL",158796.382564948,1,0,1,0,2
"216854","Fukuoka","Office","CL6","ZoneC","EHP","MUL",112099.241780151,1,0,0,1,2
"216856","Fukuoka","Office","CL6","ZoneC","EHP","MUL",103746.409751531,1,0,1,1,2
"216898","Fukuoka","Office","CL6","ZoneC","GHP","MUL",116496.415671819,1,0,0,0,1
"216914","Fukuoka","Office","CL6","ZoneC","GHP","MUL",124096.972049155,1,0,0,0,2
"216962","Fukuoka","Office","CL6","ZoneC","ABCH","CAV",153870.182103746,1,0,0,0,1
"216978","Fukuoka","Office","CL6","ZoneC","ABCH","CAV",163909.108942191,1,0,0,0,2
"217025","Fukuoka","Office","CL6","ZoneC","ABCH","VAV",59232.3225403642,0,0,0,0,1
"217026","Fukuoka","Office","CL6","ZoneC","ABCH","VAV",51010.9783339108,1,0,0,0,1
"217029","Fukuoka","Office","CL6","ZoneC","ABCH","VAV",49802.8820662445,1,0,1,0,1
"217041","Fukuoka","Office","CL6","ZoneC","ABCH","VAV",50594.7451178039,0,0,0,0,2
"217042","Fukuoka","Office","CL6","ZoneC","ABCH","VAV",43572.2817597647,1,0,0,0,2
"217045","Fukuoka","Office","CL6","ZoneC","ABCH","VAV",42540.3566195903,1,0,1,0,2
"217048","Fukuoka","Office","CL6","ZoneC","ABCH","VAV",33780.6660827911,1,0,1,1,2
"217098","Fukuoka","Office","CL6","ZoneC","ABCH","FCU",61451.9638117717,1,1,0,0,1
"217114","Fukuoka","Office","CL6","ZoneC","ABCH","FCU",65461.2641216212,1,1,0,0,2
"217281","Fukuoka","Office","CL6","ZoneC","ABCH","OHUFCU",42951.3279960179,0,0,0,0,1
"217285","Fukuoka","Office","CL6","ZoneC","ABCH","OHUFCU",37946.3344492431,1,0,1,0,1
"217288","Fukuoka","Office","CL6","ZoneC","ABCH","OHUFCU",37275.7856502962,1,0,1,1,1
"217297","Fukuoka","Office","CL6","ZoneC","ABCH","OHUFCU",45753.5943836365,0,0,0,0,2
"217301","Fukuoka","Office","CL6","ZoneC","ABCH","OHUFCU",40422.0608707943,1,0,1,0,2
"217304","Fukuoka","Office","CL6","ZoneC","ABCH","OHUFCU",39707.7635674767,1,0,1,1,2
"217345","Fukuoka","Office","CL6","ZoneC","AHP","CAV",54119.4697730572,0,0,0,0,1
"217346","Fukuoka","Office","CL6","ZoneC","AHP","CAV",110318.255545753,1,0,0,0,1
"217349","Fukuoka","Office","CL6","ZoneC","AHP","CAV",52357.8198749812,1,0,1,0,1
"217361","Fukuoka","Office","CL6","ZoneC","AHP","CAV",53405.1242636307,0,0,0,0,2
"217362","Fukuoka","Office","CL6","ZoneC","AHP","CAV",108862.118765637,1,0,0,0,2
"217365","Fukuoka","Office","CL6","ZoneC","AHP","CAV",51666.727119123,1,0,1,0,2
"217409","Fukuoka","Office","CL6","ZoneC","AHP","VAV",66919.4983887304,0,0,0,0,1
"217410","Fukuoka","Office","CL6","ZoneC","AHP","VAV",57631.187433136,1,0,0,0,1
"217413","Fukuoka","Office","CL6","ZoneC","AHP","VAV",56266.3043292794,1,0,1,0,1
"217416","Fukuoka","Office","CL6","ZoneC","AHP","VAV",44680.2375273178,1,0,1,1,1
"217425","Fukuoka","Office","CL6","ZoneC","AHP","VAV",67134.2506668803,0,0,0,0,2
"217426","Fukuoka","Office","CL6","ZoneC","AHP","VAV",54110.1418677781,1,0,0,0,2
"217429","Fukuoka","Office","CL6","ZoneC","AHP","VAV",56048.1857306384,1,0,1,0,2
"217432","Fukuoka","Office","CL6","ZoneC","AHP","VAV",45228.217222391,1,0,1,1,2
"217482","Fukuoka","Office","CL6","ZoneC","AHP","FCU",86582.8051650677,1,1,0,0,1
"217498","Fukuoka","Office","CL6","ZoneC","AHP","FCU",85439.9625185568,1,1,0,0,2
"217554","Fukuoka","Office","CL6","ZoneC","AHP","CAVFCU",54546.8736023996,1,0,0,0,2
"217665","Fukuoka","Office","CL6","ZoneC","AHP","OHUFCU",60516.3160424136,0,0,0,0,1
"217669","Fukuoka","Office","CL6","ZoneC","AHP","OHUFCU",53464.5254366623,1,0,1,0,1
"217672","Fukuoka","Office","CL6","ZoneC","AHP","OHUFCU",52519.7550434697,1,0,1,1,1
"217681","Fukuoka","Office","CL6","ZoneC","AHP","OHUFCU",59531.2504028066,0,0,0,0,2
"217685","Fukuoka","Office","CL6","ZoneC","AHP","OHUFCU",52418.3807007146,1,0,1,0,2
"217688","Fukuoka","Office","CL6","ZoneC","AHP","OHUFCU",52353.2544299579,1,0,1,1,2
"218561","Fukuoka","Office","CL6","ZoneC","COM","VAV",59000.7738970507,0,0,0,0,1
"218562","Fukuoka","Office","CL6","ZoneC","COM","VAV",55659.0088471961,1,0,0,0,1
"218565","Fukuoka","Office","CL6","ZoneC","COM","VAV",51270.3801494442,1,0,1,0,1
"218577","Fukuoka","Office","CL6","ZoneC","COM","VAV",62850.1516287595,0,0,0,0,2
"218578","Fukuoka","Office","CL6","ZoneC","COM","VAV",59290.3603545375,1,0,0,0,2
"218581","Fukuoka","Office","CL6","ZoneC","COM","VAV",54615.4050806067,1,0,1,0,2
"218882","Fukuoka","Office","CL6","ZoneC","AHP+TESICE","CAV",110356.630462055,1,0,0,0,1
"218898","Fukuoka","Office","CL6","ZoneC","AHP+TESICE","CAV",117556.609848567,1,0,0,0,2
"218945","Fukuoka","Office","CL6","ZoneC","AHP+TESICE","VAV",114786.09582538,0,0,0,0,1
"218961","Fukuoka","Office","CL6","ZoneC","AHP+TESICE","VAV",122275.066087889,0,0,0,0,2
"219201","Fukuoka","Office","CL6","ZoneC","AHP+TESICE","OHUFCU",84754.7157194838,0,0,0,0,1
"219217","Fukuoka","Office","CL6","ZoneC","AHP+TESICE","OHUFCU",90284.3536174064,0,0,0,0,2
"219329","Fukuoka","Office","CL6","ZoneC","COM+TESICE","VAV",120250.692095161,0,0,0,0,1
"219345","Fukuoka","Office","CL6","ZoneC","COM+TESICE","VAV",128096.188108169,0,0,0,0,2
"219649","Fukuoka","Office","CL7","ZoneC","EHP","MUL",152914.149967452,0,0,0,0,1
"219650","Fukuoka","Office","CL7","ZoneC","EHP","MUL",494039.443537847,1,0,0,0,1
"219653","Fukuoka","Office","CL7","ZoneC","EHP","MUL",108558.009696378,1,0,1,0,1
"219654","Fukuoka","Office","CL7","ZoneC","EHP","MUL",74920.1441568845,1,0,0,1,1
"219656","Fukuoka","Office","CL7","ZoneC","EHP","MUL",93550.6406019052,1,0,1,1,1
"219665","Fukuoka","Office","CL7","ZoneC","EHP","MUL",162890.702559372,0,0,0,0,2
"219666","Fukuoka","Office","CL7","ZoneC","EHP","MUL",526271.977230689,1,0,0,0,2
"219669","Fukuoka","Office","CL7","ZoneC","EHP","MUL",115640.641965796,1,0,1,0,2
"219670","Fukuoka","Office","CL7","ZoneC","EHP","MUL",79808.1467291414,1,0,0,1,2
"219672","Fukuoka","Office","CL7","ZoneC","EHP","MUL",99654.1495719471,1,0,1,1,2
"219714","Fukuoka","Office","CL7","ZoneC","GHP","MUL",66349.4770898369,1,0,0,0,1
"219730","Fukuoka","Office","CL7","ZoneC","GHP","MUL",70678.3050483614,1,0,0,0,2
"219778","Fukuoka","Office","CL7","ZoneC","ABCH","CAV",137199.561866043,1,0,0,0,1
"219794","Fukuoka","Office","CL7","ZoneC","ABCH","CAV",146150.850185902,1,0,0,0,2
"219841","Fukuoka","Office","CL7","ZoneC","ABCH","VAV",43591.8158237116,0,0,0,0,1
"219842","Fukuoka","Office","CL7","ZoneC","ABCH","VAV",41416.8681031833,1,0,0,0,1
"219845","Fukuoka","Office","CL7","ZoneC","ABCH","VAV",56190.6984788425,1,0,1,0,1
"219848","Fukuoka","Office","CL7","ZoneC","ABCH","VAV",58044.4081802226,1,0,1,1,1
"219857","Fukuoka","Office","CL7","ZoneC","ABCH","VAV",46435.8694527254,0,0,0,0,2
"219858","Fukuoka","Office","CL7","ZoneC","ABCH","VAV",44119.0219778376,1,0,0,0,2
"219861","Fukuoka","Office","CL7","ZoneC","ABCH","VAV",59856.7389248719,1,0,1,0,2
"219864","Fukuoka","Office","CL7","ZoneC","ABCH","VAV",61831.3899016663,1,0,1,1,2
"220097","Fukuoka","Office","CL7","ZoneC","ABCH","OHUFCU",33572.6554917796,0,0,0,0,1
"220101","Fukuoka","Office","CL7","ZoneC","ABCH","OHUFCU",44574.8056348633,1,0,1,0,1
"220104","Fukuoka","Office","CL7","ZoneC","ABCH","OHUFCU",54236.136226659,1,0,1,1,1
"220113","Fukuoka","Office","CL7","ZoneC","ABCH","OHUFCU",35763.0307005841,0,0,0,0,2
"220117","Fukuoka","Office","CL7","ZoneC","ABCH","OHUFCU",47482.9923055244,1,0,1,0,2
"220120","Fukuoka","Office","CL7","ZoneC","ABCH","OHUFCU",57774.6554909846,1,0,1,1,2
"220162","Fukuoka","Office","CL7","ZoneC","AHP","CAV",128208.645952028,1,0,0,0,1
"220178","Fukuoka","Office","CL7","ZoneC","AHP","CAV",136573.341432148,1,0,0,0,2
"220225","Fukuoka","Office","CL7","ZoneC","AHP","VAV",41111.1887328738,0,0,0,0,1
"220226","Fukuoka","Office","CL7","ZoneC","AHP","VAV",35368.9641265708,1,0,0,0,1
"220229","Fukuoka","Office","CL7","ZoneC","AHP","VAV",53829.3929079727,1,0,1,0,1
"220232","Fukuoka","Office","CL7","ZoneC","AHP","VAV",55877.4672080062,1,0,1,1,1
"220241","Fukuoka","Office","CL7","ZoneC","AHP","VAV",43793.3992189349,0,0,0,0,2
"220242","Fukuoka","Office","CL7","ZoneC","AHP","VAV",37676.5356024974,1,0,0,0,2
"220245","Fukuoka","Office","CL7","ZoneC","AHP","VAV",57341.3750852388,1,0,1,0,2
"220248","Fukuoka","Office","CL7","ZoneC","AHP","VAV",59523.0715580458,1,0,1,1,2
"220298","Fukuoka","Office","CL7","ZoneC","AHP","FCU",55685.5308014904,1,1,0,0,1
"220314","Fukuoka","Office","CL7","ZoneC","AHP","FCU",59318.6126763089,1,1,0,0,2
"220424","Fukuoka","Office","CL7","ZoneC","AHP","VAVFCU",56788.4520315244,1,0,1,1,1
"220440","Fukuoka","Office","CL7","ZoneC","AHP","VAVFCU",60493.4916137134,1,0,1,1,2
"220481","Fukuoka","Office","CL7","ZoneC","AHP","OHUFCU",30707.1486097315,0,0,0,0,1
"220485","Fukuoka","Office","CL7","ZoneC","AHP","OHUFCU",41449.9409474305,1,0,1,0,1
"220488","Fukuoka","Office","CL7","ZoneC","AHP","OHUFCU",51551.190061813,1,0,1,1,1
"220497","Fukuoka","Office","CL7","ZoneC","AHP","OHUFCU",32710.5700270304,0,0,0,0,2
"220501","Fukuoka","Office","CL7","ZoneC","AHP","OHUFCU",44154.2525881913,1,0,1,0,2
"220504","Fukuoka","Office","CL7","ZoneC","AHP","OHUFCU",54914.5358276378,1,0,1,1,2
"221317","Fukuoka","Office","CL7","ZoneC","COM","CAV",95056.8630303573,1,0,1,0,1
"221330","Fukuoka","Office","CL7","ZoneC","COM","CAV",72666.0382210704,1,0,0,0,2
"221381","Fukuoka","Office","CL7","ZoneC","COM","VAV",65958.4299376894,1,0,1,0,1
"221384","Fukuoka","Office","CL7","ZoneC","COM","VAV",72084.93881498,1,0,1,1,1
"221400","Fukuoka","Office","CL7","ZoneC","COM","VAV",105526.990794376,1,0,1,1,2
"221656","Fukuoka","Office","CL7","ZoneC","COM","OHUFCU",70115.3226313529,1,0,1,1,2
"221698","Fukuoka","Office","CL7","ZoneC","AHP+TESICE","CAV",102817.593071375,1,0,0,0,1
"221714","Fukuoka","Office","CL7","ZoneC","AHP+TESICE","CAV",109525.704288482,1,0,0,0,2
"221765","Fukuoka","Office","CL7","ZoneC","AHP+TESICE","VAV",73445.3564795168,1,0,1,0,1
"221768","Fukuoka","Office","CL7","ZoneC","AHP+TESICE","VAV",75868.290764248,1,0,1,1,1
"221777","Fukuoka","Office","CL7","ZoneC","AHP+TESICE","VAV",43931.0918685524,0,0,0,0,2
"221781","Fukuoka","Office","CL7","ZoneC","AHP+TESICE","VAV",56628.0318997271,1,0,1,0,2
"221784","Fukuoka","Office","CL7","ZoneC","AHP+TESICE","VAV",58496.1690637831,1,0,1,1,2
"222021","Fukuoka","Office","CL7","ZoneC","AHP+TESICE","OHUFCU",44754.1492551488,1,0,1,0,1
"222024","Fukuoka","Office","CL7","ZoneC","AHP+TESICE","OHUFCU",54454.3515364659,1,0,1,1,1
"222037","Fukuoka","Office","CL7","ZoneC","AHP+TESICE","OHUFCU",47674.0368119619,1,0,1,0,2
"222040","Fukuoka","Office","CL7","ZoneC","AHP+TESICE","OHUFCU",58007.1077861529,1,0,1,1,2
"222082","Fukuoka","Office","CL7","ZoneC","COM+TESICE","CAV",71434.3926763361,1,0,0,0,1
"222098","Fukuoka","Office","CL7","ZoneC","COM+TESICE","CAV",76094.9749413455,1,0,0,0,2
"222152","Fukuoka","Office","CL7","ZoneC","COM+TESICE","VAV",103738.371912118,1,0,1,1,1
"222168","Fukuoka","Office","CL7","ZoneC","COM+TESICE","VAV",110506.557350821,1,0,1,1,2
"222408","Fukuoka","Office","CL7","ZoneC","COM+TESICE","OHUFCU",68926.9101782918,1,0,1,1,1
"222424","Fukuoka","Office","CL7","ZoneC","COM+TESICE","OHUFCU",73423.8971774586,1,0,1,1,2
"222497","Fukuoka","Office","CL8c","ZoneA","EHP","MUL",40296.5762955266,0,0,0,0,3
"222498","Fukuoka","Office","CL8c","ZoneA","EHP","MUL",132312.008467107,1,0,0,0,3
"222501","Fukuoka","Office","CL8c","ZoneA","EHP","MUL",58276.7316355409,1,0,1,0,3
"222502","Fukuoka","Office","CL8c","ZoneA","EHP","MUL",40515.4013675345,1,0,0,1,3
"222504","Fukuoka","Office","CL8c","ZoneA","EHP","MUL",82242.2374274867,1,0,1,1,3
"222562","Fukuoka","Office","CL8c","ZoneA","GHP","MUL",33845.5462885449,1,0,0,0,3
"222632","Fukuoka","Office","CL8c","ZoneA","ABCH","CAV",91449.123846166,1,0,1,1,3
"222693","Fukuoka","Office","CL8c","ZoneA","ABCH","VAV",85636.2267993784,1,0,1,0,3
"222696","Fukuoka","Office","CL8c","ZoneA","ABCH","VAV",143006.468387329,1,0,1,1,3
"222888","Fukuoka","Office","CL8c","ZoneA","ABCH","VAVFCU",107213.813638443,1,0,1,1,3
"222949","Fukuoka","Office","CL8c","ZoneA","ABCH","OHUFCU",43250.2452020965,1,0,1,0,3
"222952","Fukuoka","Office","CL8c","ZoneA","ABCH","OHUFCU",82203.7501493163,1,0,1,1,3
"223016","Fukuoka","Office","CL8c","ZoneA","AHP","CAV",73578.9668067164,1,0,1,1,3
"223077","Fukuoka","Office","CL8c","ZoneA","AHP","VAV",68901.973295265,1,0,1,0,3
"223080","Fukuoka","Office","CL8c","ZoneA","AHP","VAV",115061.443435121,1,0,1,1,3
"223272","Fukuoka","Office","CL8c","ZoneA","AHP","VAVFCU",86263.0641294568,1,0,1,1,3
"223336","Fukuoka","Office","CL8c","ZoneA","AHP","OHUFCU",100938.915229624,1,0,1,1,3
"223464","Fukuoka","Office","CL8c","ZoneA","TB","VAV",88196.7344520418,1,0,1,1,3
"223845","Fukuoka","Office","CL8c","ZoneA","AB","VAV",47482.1020706268,1,0,1,0,3
"223848","Fukuoka","Office","CL8c","ZoneA","AB","VAV",79453.1449630071,1,0,1,1,3
"224168","Fukuoka","Office","CL8c","ZoneA","COM","CAV",76122.5029381345,1,0,1,1,3
"224229","Fukuoka","Office","CL8c","ZoneA","COM","VAV",71283.8314023906,1,0,1,0,3
"224232","Fukuoka","Office","CL8c","ZoneA","COM","VAV",119038.97874734,1,0,1,1,3
"224424","Fukuoka","Office","CL8c","ZoneA","COM","VAVFCU",89245.0742057396,1,0,1,1,3
"224488","Fukuoka","Office","CL8c","ZoneA","COM","OHUFCU",104428.2517764,1,0,1,1,3
"224552","Fukuoka","Office","CL8c","ZoneA","AHP+TESICE","CAV",71685.2300036656,1,0,1,1,3
"224613","Fukuoka","Office","CL8c","ZoneA","AHP+TESICE","VAV",67128.6104947946,1,0,1,0,3
"224616","Fukuoka","Office","CL8c","ZoneA","AHP+TESICE","VAV",112100.052435738,1,0,1,1,3
"224808","Fukuoka","Office","CL8c","ZoneA","AHP+TESICE","VAVFCU",84042.8706913645,1,0,1,1,3
"224872","Fukuoka","Office","CL8c","ZoneA","AHP+TESICE","OHUFCU",98341.0024438615,1,0,1,1,3
"224936","Fukuoka","Office","CL8c","ZoneA","COM+TESICE","CAV",108473.472716688,1,0,1,1,3
"224997","Fukuoka","Office","CL8c","ZoneA","COM+TESICE","VAV",101322.165641152,1,0,1,0,3
"225000","Fukuoka","Office","CL8c","ZoneA","COM+TESICE","VAV",169885.103658947,1,0,1,1,3
"225066","Fukuoka","Office","CL8c","ZoneA","COM+TESICE","FCU",57072.5295726341,1,1,0,0,3
"225189","Fukuoka","Office","CL8c","ZoneA","COM+TESICE","VAVFCU",47511.4054075649,1,0,1,0,3
"225192","Fukuoka","Office","CL8c","ZoneA","COM+TESICE","VAVFCU",79661.5427786337,1,0,1,1,3
"225253","Fukuoka","Office","CL8c","ZoneA","COM+TESICE","OHUFCU",51106.8871164186,1,0,1,0,3
"225256","Fukuoka","Office","CL8c","ZoneA","COM+TESICE","OHUFCU",97701.8709078009,1,0,1,1,3
"225314","Fukuoka","Office","CL9c","ZoneA","EHP","MUL",41751.3149773022,1,0,0,0,3
"225320","Fukuoka","Office","CL9c","ZoneA","EHP","MUL",66175.1581229979,1,0,1,1,3
"225384","Fukuoka","Office","CL9c","ZoneA","GHP","MUL",12782.0518816715,1,0,1,1,3
"225509","Fukuoka","Office","CL9c","ZoneA","ABCH","VAV",46397.0642258212,1,0,1,0,3
"225512","Fukuoka","Office","CL9c","ZoneA","ABCH","VAV",119832.764338396,1,0,1,1,3
"225704","Fukuoka","Office","CL9c","ZoneA","ABCH","VAVFCU",108634.612340078,1,0,1,1,3
"225893","Fukuoka","Office","CL9c","ZoneA","AHP","VAV",51347.0240243687,1,0,1,0,3
"225896","Fukuoka","Office","CL9c","ZoneA","AHP","VAV",132617.352672193,1,0,1,1,3
"226280","Fukuoka","Office","CL9c","ZoneA","TB","VAV",75543.1872058208,1,0,1,1,3
"226664","Fukuoka","Office","CL9c","ZoneA","AB","VAV",135292.938809458,1,0,1,1,3
"227045","Fukuoka","Office","CL9c","ZoneA","COM","VAV",48700.9110749247,1,0,1,0,3
"227048","Fukuoka","Office","CL9c","ZoneA","COM","VAV",122266.447835465,1,0,1,1,3
"227240","Fukuoka","Office","CL9c","ZoneA","COM","VAVFCU",111730.685873036,1,0,1,1,3
"227304","Fukuoka","Office","CL9c","ZoneA","COM","OHUFCU",80988.7389956519,1,0,1,1,3
"227429","Fukuoka","Office","CL9c","ZoneA","AHP+TESICE","VAV",43594.576709463,1,0,1,0,3
"227432","Fukuoka","Office","CL9c","ZoneA","AHP+TESICE","VAV",112594.594602601,1,0,1,1,3
"227624","Fukuoka","Office","CL9c","ZoneA","AHP+TESICE","VAVFCU",102072.836287919,1,0,1,1,3
"227752","Fukuoka","Office","CL9c","ZoneA","COM+TESICE","CAV",88271.8673607517,1,0,1,1,3
"227813","Fukuoka","Office","CL9c","ZoneA","COM+TESICE","VAV",79580.4445557574,1,0,1,0,3
"227816","Fukuoka","Office","CL9c","ZoneA","COM+TESICE","VAV",204145.008816506,1,0,1,1,3
"227824","Fukuoka","Office","CL9c","ZoneA","COM+TESICE","VAV",52017.6482169028,1,1,1,1,3
"228005","Fukuoka","Office","CL9c","ZoneA","COM+TESICE","VAVFCU",52007.4574992778,1,0,1,0,3
"228008","Fukuoka","Office","CL9c","ZoneA","COM+TESICE","VAVFCU",133412.962556089,1,0,1,1,3
"228016","Fukuoka","Office","CL9c","ZoneA","COM+TESICE","VAVFCU",33994.6031208398,1,1,1,1,3
"228069","Fukuoka","Office","CL9c","ZoneA","COM+TESICE","OHUFCU",40603.4995162377,1,0,1,0,3
"228072","Fukuoka","Office","CL9c","ZoneA","COM+TESICE","OHUFCU",118440.955504254,1,0,1,1,3
"228098","Naha","Office","CL1","ZoneC","EHP","MUL",1724.96625475203,1,0,0,0,1
"228114","Naha","Office","CL1","ZoneC","EHP","MUL",828.544722688044,1,0,0,0,2
"230913","Naha","Office","CL2","ZoneC","EHP","MUL",42080.0293906854,0,0,0,0,1
"230914","Naha","Office","CL2","ZoneC","EHP","MUL",120138.739326293,1,0,0,0,1
"230930","Naha","Office","CL2","ZoneC","EHP","MUL",77917.7588959425,1,0,0,0,2
"230978","Naha","Office","CL2","ZoneC","GHP","MUL",13276.8322301416,1,0,0,0,1
"230994","Naha","Office","CL2","ZoneC","GHP","MUL",6377.1967990642,1,0,0,0,2
"233729","Naha","Office","CL3","ZoneC","EHP","MUL",79281.9061764658,0,0,0,0,1
"233730","Naha","Office","CL3","ZoneC","EHP","MUL",236613.029406604,1,0,0,0,1
"233745","Naha","Office","CL3","ZoneC","EHP","MUL",38081.0956656091,0,0,0,0,2
"233746","Naha","Office","CL3","ZoneC","EHP","MUL",113651.195374982,1,0,0,0,2
"233794","Naha","Office","CL3","ZoneC","GHP","MUL",19546.0231550605,1,0,0,0,1
"233810","Naha","Office","CL3","ZoneC","GHP","MUL",9388.44704355786,1,0,0,0,2
"236545","Naha","Office","CL4","ZoneC","EHP","MUL",74008.914171596,0,0,0,0,1
"236546","Naha","Office","CL4","ZoneC","EHP","MUL",226606.256332633,1,0,0,0,1
"236561","Naha","Office","CL4","ZoneC","EHP","MUL",35548.3448443248,0,0,0,0,2
"236562","Naha","Office","CL4","ZoneC","EHP","MUL",108844.690320906,1,0,0,0,2
"236610","Naha","Office","CL4","ZoneC","GHP","MUL",14832.6184922434,1,0,0,0,1
"236626","Naha","Office","CL4","ZoneC","GHP","MUL",7124.48011173416,1,0,0,0,2
"239361","Naha","Office","CL5","ZoneC","EHP","MUL",59227.287357109,0,0,0,0,1
"239362","Naha","Office","CL5","ZoneC","EHP","MUL",185667.491970263,1,0,0,0,1
"239377","Naha","Office","CL5","ZoneC","EHP","MUL",63091.4434690234,0,0,0,0,2
"239378","Naha","Office","CL5","ZoneC","EHP","MUL",197780.965436553,1,0,0,0,2
"239426","Naha","Office","CL5","ZoneC","GHP","MUL",11458.9261161885,1,0,0,0,1
"239442","Naha","Office","CL5","ZoneC","GHP","MUL",12206.5389373002,1,0,0,0,2
"239874","Naha","Office","CL5","ZoneC","AHP","CAV",70067.9824159472,1,0,0,0,1
"239890","Naha","Office","CL5","ZoneC","AHP","CAV",74639.4162023637,1,0,0,0,2
"242178","Naha","Office","CL6","ZoneC","EHP","MUL",112275.174972579,1,0,0,0,1
"242194","Naha","Office","CL6","ZoneC","EHP","MUL",119600.325641234,1,0,0,0,2
"242242","Naha","Office","CL6","ZoneC","GHP","MUL",8163.89535691375,1,0,0,0,1
"242258","Naha","Office","CL6","ZoneC","GHP","MUL",8696.53103124811,1,0,0,0,2
"242753","Naha","Office","CL6","ZoneC","AHP","VAV",126367.571708136,0,0,0,0,1
"242769","Naha","Office","CL6","ZoneC","AHP","VAV",68015.9747583913,0,0,0,0,2
"242770","Naha","Office","CL6","ZoneC","AHP","VAV",66596.1755275137,1,0,0,0,2
"244994","Naha","Office","CL7","ZoneC","EHP","MUL",35505.428824424,1,0,0,0,1
"245010","Naha","Office","CL7","ZoneC","EHP","MUL",37821.9036440592,1,0,0,0,2
"245576","Naha","Office","CL7","ZoneC","AHP","VAV",84713.2903757904,1,0,1,1,1
"245592","Naha","Office","CL7","ZoneC","AHP","VAV",90240.2255668667,1,0,1,1,2
"247842","Naha","Office","CL8c","ZoneA","EHP","MUL",11753.0814839569,1,0,0,0,3
"250344","Naha","Office","CL8c","ZoneA","COM+TESICE","VAV",75391.8520618834,1,0,1,1,3
"253473","Sapporo","Hotel","CL1","ZoneD","EHP","MUL",21.0374685965315,0,0,0,0,3
"256289","Sapporo","Hotel","CL2","ZoneD","EHP","MUL",30285.856305239,0,0,0,0,3
"256290","Sapporo","Hotel","CL2","ZoneD","EHP","MUL",30633.5168334825,1,0,0,0,3
"256354","Sapporo","Hotel","CL2","ZoneD","GHP","MUL",2193.03266099685,1,0,0,0,3
"259105","Sapporo","Hotel","CL3","ZoneD","EHP","MUL",60776.4522470966,0,0,0,0,3
"259106","Sapporo","Hotel","CL3","ZoneD","EHP","MUL",65497.4709034286,1,0,0,0,3
"259170","Sapporo","Hotel","CL3","ZoneD","GHP","MUL",29745.6517706022,1,0,0,0,3
"259745","Sapporo","Hotel","CL3","ZoneD","AHP","FCU",36150.3258796927,0,0,0,0,3
"259746","Sapporo","Hotel","CL3","ZoneD","AHP","FCU",42748.4986047313,1,0,0,0,3
"261921","Sapporo","Hotel","CL4","ZoneD","EHP","MUL",106430.368587332,0,0,0,0,3
"261922","Sapporo","Hotel","CL4","ZoneD","EHP","MUL",117406.462274219,1,0,0,0,3
"261985","Sapporo","Hotel","CL4","ZoneD","GHP","MUL",30341.8590643454,0,0,0,0,3
"261986","Sapporo","Hotel","CL4","ZoneD","GHP","MUL",33470.9949693037,1,0,0,0,3
"262050","Sapporo","Hotel","CL4","ZoneD","ABCH","CAV",60511.7750434432,1,0,0,0,3
"262433","Sapporo","Hotel","CL4","ZoneD","AHP","CAV",43007.9629578124,0,0,0,0,3
"262434","Sapporo","Hotel","CL4","ZoneD","AHP","CAV",58238.4667900348,1,0,0,0,3
"262561","Sapporo","Hotel","CL4","ZoneD","AHP","FCU",42804.5351800917,0,0,0,0,3
"262562","Sapporo","Hotel","CL4","ZoneD","AHP","FCU",47749.2691987985,1,0,0,0,3
"264737","Sapporo","Hotel","CL5","ZoneD","EHP","MUL",166563.670409956,0,0,0,0,3
"264738","Sapporo","Hotel","CL5","ZoneD","EHP","MUL",190659.338719622,1,0,0,0,3
"264741","Sapporo","Hotel","CL5","ZoneD","EHP","MUL",26133.9569138886,1,0,1,0,3
"264802","Sapporo","Hotel","CL5","ZoneD","GHP","MUL",23883.311379078,1,0,0,0,3
"264865","Sapporo","Hotel","CL5","ZoneD","ABCH","CAV",50088.5262060662,0,0,0,0,3
"264866","Sapporo","Hotel","CL5","ZoneD","ABCH","CAV",63810.721378767,1,0,0,0,3
"265250","Sapporo","Hotel","CL5","ZoneD","AHP","CAV",99773.767958945,1,0,0,0,3
"265378","Sapporo","Hotel","CL5","ZoneD","AHP","FCU",60887.3873291049,1,0,0,0,3
"265570","Sapporo","Hotel","CL5","ZoneD","AHP","OHUFCU",58016.9654471273,1,0,0,0,3
"267553","Sapporo","Hotel","CL6b","ZoneD","EHP","MUL",70067.2968006071,0,0,0,0,3
"267554","Sapporo","Hotel","CL6b","ZoneD","EHP","MUL",81557.964271737,1,0,0,0,3
"267618","Sapporo","Hotel","CL6b","ZoneD","GHP","MUL",10893.1519612518,1,0,0,0,3
"267682","Sapporo","Hotel","CL6b","ZoneD","ABCH","CAV",90011.5324594487,1,0,0,0,3
"268065","Sapporo","Hotel","CL6b","ZoneD","AHP","CAV",56541.4103422773,0,0,0,0,3
"268066","Sapporo","Hotel","CL6b","ZoneD","AHP","CAV",72390.5435584572,1,0,0,0,3
"270369","Sapporo","Hotel","CL6m","ZoneD","EHP","MUL",95684.1815629075,0,0,0,0,3
"270370","Sapporo","Hotel","CL6m","ZoneD","EHP","MUL",111375.883152529,1,0,0,0,3
"270373","Sapporo","Hotel","CL6m","ZoneD","EHP","MUL",28757.3193547134,1,0,1,0,3
"270434","Sapporo","Hotel","CL6m","ZoneD","GHP","MUL",16941.7324106395,1,0,0,0,3
"270497","Sapporo","Hotel","CL6m","ZoneD","ABCH","CAV",61391.5338644152,0,0,0,0,3
"270498","Sapporo","Hotel","CL6m","ZoneD","ABCH","CAV",78600.2061043293,1,0,0,0,3
"270882","Sapporo","Hotel","CL6m","ZoneD","AHP","CAV",125009.410324014,1,0,0,0,3
"271201","Sapporo","Hotel","CL6m","ZoneD","AHP","OHUFCU",34675.6775780133,0,0,0,0,3
"271202","Sapporo","Hotel","CL6m","ZoneD","AHP","OHUFCU",40838.2014027653,1,0,0,0,3
"273186","Sapporo","Hotel","CL7b","ZoneD","EHP","MUL",39886.5191529392,1,0,0,0,3
"273698","Sapporo","Hotel","CL7b","ZoneD","AHP","CAV",78514.1072936313,1,0,0,0,3
"276001","Sapporo","Hotel","CL7m","ZoneD","EHP","MUL",79289.1104235065,0,0,0,0,3
"276002","Sapporo","Hotel","CL7m","ZoneD","EHP","MUL",97446.3839850242,1,0,0,0,3
"276005","Sapporo","Hotel","CL7m","ZoneD","EHP","MUL",43277.9284043621,1,0,1,0,3
"276066","Sapporo","Hotel","CL7m","ZoneD","GHP","MUL",13542.1470114412,1,0,0,0,3
"276129","Sapporo","Hotel","CL7m","ZoneD","ABCH","CAV",73119.1422926479,0,0,0,0,3
"276130","Sapporo","Hotel","CL7m","ZoneD","ABCH","CAV",96569.5819188747,1,0,0,0,3
"276522","Sapporo","Hotel","CL7m","ZoneD","AHP","CAV",121769.110842098,1,1,0,0,3
"276834","Sapporo","Hotel","CL7m","ZoneD","AHP","OHUFCU",71264.4174704813,1,0,0,0,3
"277666","Sapporo","Hotel","CL7m","ZoneD","COM","CAV",97017.2147856627,1,0,0,0,3
"278817","Sapporo","Hotel","CL8","ZoneD","EHP","MUL",44828.7002480157,0,0,0,0,3
"278818","Sapporo","Hotel","CL8","ZoneD","EHP","MUL",54208.9649068157,1,0,0,0,3
"278821","Sapporo","Hotel","CL8","ZoneD","EHP","MUL",49805.3176785264,1,0,1,0,3
"278824","Sapporo","Hotel","CL8","ZoneD","EHP","MUL",26701.1618323432,1,0,1,1,3
"278834","Sapporo","Hotel","CL8","ZoneD","EHP","MUL",87737.9508384795,1,0,0,0,4
"278882","Sapporo","Hotel","CL8","ZoneD","GHP","MUL",13275.829992412,1,0,0,0,3
"278898","Sapporo","Hotel","CL8","ZoneD","GHP","MUL",6635.33449909388,1,0,0,0,4
"278960","Sapporo","Hotel","CL8","ZoneD","ABCH","CAV",106417.235382134,1,1,1,1,3
"278968","Sapporo","Hotel","CL8","ZoneD","ABCH","CAV",78204.874819068,1,0,1,1,4
"278976","Sapporo","Hotel","CL8","ZoneD","ABCH","CAV",61345.0132177299,1,1,1,1,4
"279016","Sapporo","Hotel","CL8","ZoneD","ABCH","VAV",54427.3972555343,1,0,1,1,3
"279266","Sapporo","Hotel","CL8","ZoneD","ABCH","OHUFCU",63926.7874481502,1,0,0,0,3
"279336","Sapporo","Hotel","CL8","ZoneD","AHP","CAV",88538.4370436258,1,0,1,1,3
"279344","Sapporo","Hotel","CL8","ZoneD","AHP","CAV",69450.8060179657,1,1,1,1,3
"279352","Sapporo","Hotel","CL8","ZoneD","AHP","CAV",98088.0094624386,1,0,1,1,4
"280104","Sapporo","Hotel","CL8","ZoneD","AB","CAV",82471.0477800523,1,0,1,1,3
"280488","Sapporo","Hotel","CL8","ZoneD","COM","CAV",60801.7301232804,1,0,1,1,3
"280496","Sapporo","Hotel","CL8","ZoneD","COM","CAV",73644.7788855434,1,1,1,1,3
"280504","Sapporo","Hotel","CL8","ZoneD","COM","CAV",133614.275163987,1,0,1,1,4
"280808","Sapporo","Hotel","CL8","ZoneD","COM","OHUFCU",80764.4868210497,1,0,1,1,3
"281256","Sapporo","Hotel","CL8","ZoneD","COM+TESICE","CAV",62350.4002463253,1,0,1,1,3
"281640","Sapporo","Hotel","CL9","ZoneD","EHP","MUL",16453.9711930918,1,0,1,1,3
"281656","Sapporo","Hotel","CL9","ZoneD","EHP","MUL",8223.78734640484,1,0,1,1,4
"283304","Sapporo","Hotel","CL9","ZoneD","COM","CAV",53499.3239730341,1,0,1,1,3
"283312","Sapporo","Hotel","CL9","ZoneD","COM","CAV",59794.574400598,1,1,1,1,3
"283328","Sapporo","Hotel","CL9","ZoneD","COM","CAV",56624.9276199732,1,1,1,1,4
"284449","Sendai","Hotel","CL1","ZoneD","EHP","MUL",1.75312238338175,0,0,0,0,3
"287265","Sendai","Hotel","CL2","ZoneD","EHP","MUL",124202.617562486,0,0,0,0,3
"287266","Sendai","Hotel","CL2","ZoneD","EHP","MUL",126894.187358864,1,0,0,0,3
"287330","Sendai","Hotel","CL2","ZoneD","GHP","MUL",24143.4092554115,1,0,0,0,3
"290081","Sendai","Hotel","CL3","ZoneD","EHP","MUL",217263.075874592,0,0,0,0,3
"290082","Sendai","Hotel","CL3","ZoneD","EHP","MUL",233880.172814395,1,0,0,0,3
"290146","Sendai","Hotel","CL3","ZoneD","GHP","MUL",39009.5539066028,1,0,0,0,3
"290593","Sendai","Hotel","CL3","ZoneD","AHP","CAV",29642.7979439205,0,0,0,0,3
"290594","Sendai","Hotel","CL3","ZoneD","AHP","CAV",39618.421510176,1,0,0,0,3
"290721","Sendai","Hotel","CL3","ZoneD","AHP","FCU",47857.7013592198,0,0,0,0,3
"290722","Sendai","Hotel","CL3","ZoneD","AHP","FCU",51902.2926899888,1,0,0,0,3
"292897","Sendai","Hotel","CL4","ZoneD","EHP","MUL",298765.422871462,0,0,0,0,3
"292898","Sendai","Hotel","CL4","ZoneD","EHP","MUL",330784.375566211,1,0,0,0,3
"292961","Sendai","Hotel","CL4","ZoneD","GHP","MUL",29568.5419299404,0,0,0,0,3
"292962","Sendai","Hotel","CL4","ZoneD","GHP","MUL",32737.4285306993,1,0,0,0,3
"293153","Sendai","Hotel","CL4","ZoneD","ABCH","FCU",46729.6917589914,0,0,0,0,3
"293154","Sendai","Hotel","CL4","ZoneD","ABCH","FCU",56976.6957032862,1,0,0,0,3
"293409","Sendai","Hotel","CL4","ZoneD","AHP","CAV",38512.4520963775,0,0,0,0,3
"293410","Sendai","Hotel","CL4","ZoneD","AHP","CAV",55863.5342950334,1,0,0,0,3
"293537","Sendai","Hotel","CL4","ZoneD","AHP","FCU",48209.9256807445,0,0,0,0,3
"293538","Sendai","Hotel","CL4","ZoneD","AHP","FCU",53942.287389264,1,0,0,0,3
"293729","Sendai","Hotel","CL4","ZoneD","AHP","OHUFCU",26562.2550939761,0,0,0,0,3
"293730","Sendai","Hotel","CL4","ZoneD","AHP","OHUFCU",29714.5739453963,1,0,0,0,3
"295713","Sendai","Hotel","CL5","ZoneD","EHP","MUL",545672.291406932,0,0,0,0,3
"295714","Sendai","Hotel","CL5","ZoneD","EHP","MUL",621456.331591091,1,0,0,0,3
"295717","Sendai","Hotel","CL5","ZoneD","EHP","MUL",81618.398856008,1,0,1,0,3
"295777","Sendai","Hotel","CL5","ZoneD","GHP","MUL",59563.2867333537,0,0,0,0,3
"295778","Sendai","Hotel","CL5","ZoneD","GHP","MUL",67835.553048476,1,0,0,0,3
"295841","Sendai","Hotel","CL5","ZoneD","ABCH","CAV",66537.2963641716,0,0,0,0,3
"295842","Sendai","Hotel","CL5","ZoneD","ABCH","CAV",99500.8207707306,1,0,0,0,3
"295969","Sendai","Hotel","CL5","ZoneD","ABCH","FCU",49576.5846198138,0,0,0,0,3
"295970","Sendai","Hotel","CL5","ZoneD","ABCH","FCU",57221.6108083772,1,0,0,0,3
"296161","Sendai","Hotel","CL5","ZoneD","ABCH","OHUFCU",45703.2927358592,0,0,0,0,3
"296162","Sendai","Hotel","CL5","ZoneD","ABCH","OHUFCU",52720.9791243039,1,0,0,0,3
"296225","Sendai","Hotel","CL5","ZoneD","AHP","CAV",84957.807210949,0,0,0,0,3
"296226","Sendai","Hotel","CL5","ZoneD","AHP","CAV",127047.115081201,1,0,0,0,3
"296229","Sendai","Hotel","CL5","ZoneD","AHP","CAV",29357.7389588238,1,0,1,0,3
"296233","Sendai","Hotel","CL5","ZoneD","AHP","CAV",33925.2529071931,0,1,0,0,3
"296234","Sendai","Hotel","CL5","ZoneD","AHP","CAV",50250.0727639122,1,1,0,0,3
"296353","Sendai","Hotel","CL5","ZoneD","AHP","FCU",97200.9429768086,0,0,0,0,3
"296354","Sendai","Hotel","CL5","ZoneD","AHP","FCU",112189.949587679,1,0,0,0,3
"296545","Sendai","Hotel","CL5","ZoneD","AHP","OHUFCU",89606.8816587093,0,0,0,0,3
"296546","Sendai","Hotel","CL5","ZoneD","AHP","OHUFCU",103365.912049837,1,0,0,0,3
"296610","Sendai","Hotel","CL5","ZoneD","TB","CAV",64966.2142679544,1,0,0,0,3
"298529","Sendai","Hotel","CL6b","ZoneD","EHP","MUL",103321.382927445,0,0,0,0,3
"298530","Sendai","Hotel","CL6b","ZoneD","EHP","MUL",119879.259091457,1,0,0,0,3
"298533","Sendai","Hotel","CL6b","ZoneD","EHP","MUL",31174.0673301165,1,0,1,0,3
"298594","Sendai","Hotel","CL6b","ZoneD","GHP","MUL",25665.416418454,1,0,0,0,3
"298657","Sendai","Hotel","CL6b","ZoneD","ABCH","CAV",70471.7423480404,0,0,0,0,3
"298658","Sendai","Hotel","CL6b","ZoneD","ABCH","CAV",90036.0468579491,1,0,0,0,3
"299041","Sendai","Hotel","CL6b","ZoneD","AHP","CAV",62873.4664931758,0,0,0,0,3
"299042","Sendai","Hotel","CL6b","ZoneD","AHP","CAV",87776.9120398517,1,0,0,0,3
"299361","Sendai","Hotel","CL6b","ZoneD","AHP","OHUFCU",41794.0616873724,0,0,0,0,3
"299362","Sendai","Hotel","CL6b","ZoneD","AHP","OHUFCU",49073.9330820773,1,0,0,0,3
"301345","Sendai","Hotel","CL6m","ZoneD","EHP","MUL",173134.979871991,0,0,0,0,3
"301346","Sendai","Hotel","CL6m","ZoneD","EHP","MUL",200880.906950728,1,0,0,0,3
"301349","Sendai","Hotel","CL6m","ZoneD","EHP","MUL",52238.1850378249,1,0,1,0,3
"301410","Sendai","Hotel","CL6m","ZoneD","GHP","MUL",43007.3739734564,1,0,0,0,3
"301473","Sendai","Hotel","CL6m","ZoneD","ABCH","CAV",46158.9671924008,0,0,0,0,3
"301474","Sendai","Hotel","CL6m","ZoneD","ABCH","CAV",64441.9948363676,1,0,0,0,3
"301482","Sendai","Hotel","CL6m","ZoneD","ABCH","CAV",41160.7357138177,1,1,0,0,3
"301793","Sendai","Hotel","CL6m","ZoneD","ABCH","OHUFCU",42102.3685369863,0,0,0,0,3
"301794","Sendai","Hotel","CL6m","ZoneD","ABCH","OHUFCU",49435.9421593445,1,0,0,0,3
"301857","Sendai","Hotel","CL6m","ZoneD","AHP","CAV",47916.8614576265,0,0,0,0,3
"301858","Sendai","Hotel","CL6m","ZoneD","AHP","CAV",72679.675465866,1,0,0,0,3
"301866","Sendai","Hotel","CL6m","ZoneD","AHP","CAV",61987.6483054662,1,1,0,0,3
"301986","Sendai","Hotel","CL6m","ZoneD","AHP","FCU",73383.2756040102,1,0,0,0,3
"302177","Sendai","Hotel","CL6m","ZoneD","AHP","OHUFCU",50658.9886294392,0,0,0,0,3
"302178","Sendai","Hotel","CL6m","ZoneD","AHP","OHUFCU",59470.5639805596,1,0,0,0,3
"303010","Sendai","Hotel","CL6m","ZoneD","COM","CAV",64275.6447218492,1,0,0,0,3
"304162","Sendai","Hotel","CL7b","ZoneD","EHP","MUL",49093.0164993102,1,0,0,0,3
"304674","Sendai","Hotel","CL7b","ZoneD","AHP","CAV",95062.7308235298,1,0,0,0,3
"306977","Sendai","Hotel","CL7m","ZoneD","EHP","MUL",106532.437200084,0,0,0,0,3
"306978","Sendai","Hotel","CL7m","ZoneD","EHP","MUL",131127.490312291,1,0,0,0,3
"306981","Sendai","Hotel","CL7m","ZoneD","EHP","MUL",58570.6502626829,1,0,1,0,3
"307042","Sendai","Hotel","CL7m","ZoneD","GHP","MUL",13494.6053618542,1,0,0,0,3
"307114","Sendai","Hotel","CL7m","ZoneD","ABCH","CAV",139639.413783824,1,1,0,0,3
"307426","Sendai","Hotel","CL7m","ZoneD","ABCH","OHUFCU",81757.2459435499,1,0,0,0,3
"307498","Sendai","Hotel","CL7m","ZoneD","AHP","CAV",158107.899228695,1,1,0,0,3
"307809","Sendai","Hotel","CL7m","ZoneD","AHP","OHUFCU",41298.7968518774,0,0,0,0,3
"307810","Sendai","Hotel","CL7m","ZoneD","AHP","OHUFCU",51271.5316290909,1,0,0,0,3
"308642","Sendai","Hotel","CL7m","ZoneD","COM","CAV",127670.73451362,1,0,0,0,3
"309794","Sendai","Hotel","CL8","ZoneD","EHP","MUL",49897.2635802908,1,0,0,0,3
"309797","Sendai","Hotel","CL8","ZoneD","EHP","MUL",46424.16056594,1,0,1,0,3
"309810","Sendai","Hotel","CL8","ZoneD","EHP","MUL",50318.1224423878,1,0,0,0,4
"309858","Sendai","Hotel","CL8","ZoneD","GHP","MUL",4353.95840964994,1,0,0,0,3
"309928","Sendai","Hotel","CL8","ZoneD","ABCH","CAV",81912.3243045726,1,0,1,1,3
"309936","Sendai","Hotel","CL8","ZoneD","ABCH","CAV",64721.1583155831,1,1,1,1,3
"309944","Sendai","Hotel","CL8","ZoneD","ABCH","CAV",99084.8538930182,1,0,1,1,4
"310312","Sendai","Hotel","CL8","ZoneD","AHP","CAV",101604.341636517,1,0,1,1,3
"311464","Sendai","Hotel","CL8","ZoneD","COM","CAV",79337.7561586139,1,0,1,1,3
"311472","Sendai","Hotel","CL8","ZoneD","COM","CAV",62686.9219050857,1,1,1,1,3
"311480","Sendai","Hotel","CL8","ZoneD","COM","CAV",95970.5397681816,1,0,1,1,4
"312616","Sendai","Hotel","CL9","ZoneD","EHP","MUL",36248.3918429642,1,0,1,1,3
"312632","Sendai","Hotel","CL9","ZoneD","EHP","MUL",18117.15011941,1,0,1,1,4
"314280","Sendai","Hotel","CL9","ZoneD","COM","CAV",64998.7127450052,1,0,1,1,3
"314288","Sendai","Hotel","CL9","ZoneD","COM","CAV",72567.3531428984,1,1,1,1,3
"314296","Sendai","Hotel","CL9","ZoneD","COM","CAV",59621.662660591,1,0,1,1,4
"314304","Sendai","Hotel","CL9","ZoneD","COM","CAV",66564.1836051644,1,1,1,1,4
"315048","Sendai","Hotel","CL9","ZoneD","COM+TESICE","CAV",54290.9865844008,1,0,1,1,3
"315056","Sendai","Hotel","CL9","ZoneD","COM+TESICE","CAV",60612.7880009334,1,1,1,1,3
"318209","Tokyo","Hotel","CL2","ZoneD","EHP","MUL",137865.303726029,0,0,0,0,1
"318210","Tokyo","Hotel","CL2","ZoneD","EHP","MUL",142278.380206263,1,0,0,0,1
"318225","Tokyo","Hotel","CL2","ZoneD","EHP","MUL",78056.1454367442,0,0,0,0,2
"318226","Tokyo","Hotel","CL2","ZoneD","EHP","MUL",80554.7272427162,1,0,0,0,2
"318274","Tokyo","Hotel","CL2","ZoneD","GHP","MUL",14234.7307273535,1,0,0,0,1
"318290","Tokyo","Hotel","CL2","ZoneD","GHP","MUL",8059.37521535679,1,0,0,0,2
"318850","Tokyo","Hotel","CL2","ZoneD","AHP","FCU",52616.1957905649,1,0,0,0,1
"321025","Tokyo","Hotel","CL3","ZoneD","EHP","MUL",177828.755747963,0,0,0,0,1
"321026","Tokyo","Hotel","CL3","ZoneD","EHP","MUL",190027.540544924,1,0,0,0,1
"321041","Tokyo","Hotel","CL3","ZoneD","EHP","MUL",85415.6286891176,0,0,0,0,2
"321042","Tokyo","Hotel","CL3","ZoneD","EHP","MUL",91275.0121633645,1,0,0,0,2
"321090","Tokyo","Hotel","CL3","ZoneD","GHP","MUL",18594.2843154019,1,0,0,0,1
"321106","Tokyo","Hotel","CL3","ZoneD","GHP","MUL",8931.30291635884,1,0,0,0,2
"321665","Tokyo","Hotel","CL3","ZoneD","AHP","FCU",56517.0067473455,0,0,0,0,1
"321666","Tokyo","Hotel","CL3","ZoneD","AHP","FCU",66273.6498371583,1,0,0,0,1
"321681","Tokyo","Hotel","CL3","ZoneD","AHP","FCU",27146.5413040033,0,0,0,0,2
"321682","Tokyo","Hotel","CL3","ZoneD","AHP","FCU",31832.9026290121,1,0,0,0,2
"323841","Tokyo","Hotel","CL4","ZoneD","EHP","MUL",354275.601433812,0,0,0,0,1
"323842","Tokyo","Hotel","CL4","ZoneD","EHP","MUL",389910.805871803,1,0,0,0,1
"323845","Tokyo","Hotel","CL4","ZoneD","EHP","MUL",25944.8830390464,1,0,1,0,1
"323857","Tokyo","Hotel","CL4","ZoneD","EHP","MUL",176100.111843413,0,0,0,0,2
"323858","Tokyo","Hotel","CL4","ZoneD","EHP","MUL",193813.336975755,1,0,0,0,2
"323906","Tokyo","Hotel","CL4","ZoneD","GHP","MUL",46635.8818118832,1,0,0,0,1
"323922","Tokyo","Hotel","CL4","ZoneD","GHP","MUL",22400.3882143734,1,0,0,0,2
"323969","Tokyo","Hotel","CL4","ZoneD","ABCH","CAV",50869.0872092089,0,0,0,0,1
"323970","Tokyo","Hotel","CL4","ZoneD","ABCH","CAV",62137.8297609886,1,0,0,0,1
"323986","Tokyo","Hotel","CL4","ZoneD","ABCH","CAV",54280.0674650666,1,0,0,0,2
"324353","Tokyo","Hotel","CL4","ZoneD","AHP","CAV",51079.5798197563,0,0,0,0,1
"324354","Tokyo","Hotel","CL4","ZoneD","AHP","CAV",73675.6484981205,1,0,0,0,1
"324369","Tokyo","Hotel","CL4","ZoneD","AHP","CAV",32550.455061323,0,0,0,0,2
"324370","Tokyo","Hotel","CL4","ZoneD","AHP","CAV",43963.6393519332,1,0,0,0,2
"324481","Tokyo","Hotel","CL4","ZoneD","AHP","FCU",55486.0921028491,0,0,0,0,1
"324482","Tokyo","Hotel","CL4","ZoneD","AHP","FCU",61744.4442058875,1,0,0,0,1
"324497","Tokyo","Hotel","CL4","ZoneD","AHP","FCU",34031.2354904024,0,0,0,0,2
"324498","Tokyo","Hotel","CL4","ZoneD","AHP","FCU",37867.861999831,1,0,0,0,2
"324673","Tokyo","Hotel","CL4","ZoneD","AHP","OHUFCU",31714.7698294253,0,0,0,0,1
"324674","Tokyo","Hotel","CL4","ZoneD","AHP","OHUFCU",35284.2925343391,1,0,0,0,1
"326657","Tokyo","Hotel","CL5","ZoneD","EHP","MUL",512228.856319944,0,0,0,0,1
"326658","Tokyo","Hotel","CL5","ZoneD","EHP","MUL",592622.577881492,1,0,0,0,1
"326661","Tokyo","Hotel","CL5","ZoneD","EHP","MUL",77974.9977228913,1,0,1,0,1
"326673","Tokyo","Hotel","CL5","ZoneD","EHP","MUL",545648.118862111,0,0,0,0,2
"326674","Tokyo","Hotel","CL5","ZoneD","EHP","MUL",631286.954701112,1,0,0,0,2
"326677","Tokyo","Hotel","CL5","ZoneD","EHP","MUL",83062.3076010346,1,0,1,0,2
"326721","Tokyo","Hotel","CL5","ZoneD","GHP","MUL",42148.2766003666,0,0,0,0,1
"326722","Tokyo","Hotel","CL5","ZoneD","GHP","MUL",48763.399453173,1,0,0,0,1
"326737","Tokyo","Hotel","CL5","ZoneD","GHP","MUL",44898.1496386159,0,0,0,0,2
"326738","Tokyo","Hotel","CL5","ZoneD","GHP","MUL",51944.8618574627,1,0,0,0,2
"326785","Tokyo","Hotel","CL5","ZoneD","ABCH","CAV",60761.0974762406,0,0,0,0,1
"326786","Tokyo","Hotel","CL5","ZoneD","ABCH","CAV",92327.0746755577,1,0,0,0,1
"326801","Tokyo","Hotel","CL5","ZoneD","ABCH","CAV",61509.1966255302,0,0,0,0,2
"326802","Tokyo","Hotel","CL5","ZoneD","ABCH","CAV",93463.8185608728,1,0,0,0,2
"326913","Tokyo","Hotel","CL5","ZoneD","ABCH","FCU",40893.6716548379,0,0,0,0,1
"326914","Tokyo","Hotel","CL5","ZoneD","ABCH","FCU",47955.8890621703,1,0,0,0,1
"326929","Tokyo","Hotel","CL5","ZoneD","ABCH","FCU",41397.1602725059,0,0,0,0,2
"326930","Tokyo","Hotel","CL5","ZoneD","ABCH","FCU",48546.3286905009,1,0,0,0,2
"327105","Tokyo","Hotel","CL5","ZoneD","ABCH","OHUFCU",38788.6517709465,0,0,0,0,1
"327106","Tokyo","Hotel","CL5","ZoneD","ABCH","OHUFCU",45460.5632438384,1,0,0,0,1
"327121","Tokyo","Hotel","CL5","ZoneD","ABCH","OHUFCU",39266.2230887338,0,0,0,0,2
"327122","Tokyo","Hotel","CL5","ZoneD","ABCH","OHUFCU",46020.2800709124,1,0,0,0,2
"327169","Tokyo","Hotel","CL5","ZoneD","AHP","CAV",82158.3839832343,0,0,0,0,1
"327170","Tokyo","Hotel","CL5","ZoneD","AHP","CAV",124840.458258828,1,0,0,0,1
"327173","Tokyo","Hotel","CL5","ZoneD","AHP","CAV",28984.5647058375,1,0,1,0,1
"327177","Tokyo","Hotel","CL5","ZoneD","AHP","CAV",33543.465391635,0,1,0,0,1
"327178","Tokyo","Hotel","CL5","ZoneD","AHP","CAV",50477.3394348553,1,1,0,0,1
"327185","Tokyo","Hotel","CL5","ZoneD","AHP","CAV",83169.9295233541,0,0,0,0,2
"327186","Tokyo","Hotel","CL5","ZoneD","AHP","CAV",126377.511480371,1,0,0,0,2
"327189","Tokyo","Hotel","CL5","ZoneD","AHP","CAV",29341.4267293953,1,0,1,0,2
"327193","Tokyo","Hotel","CL5","ZoneD","AHP","CAV",33956.4572394784,0,1,0,0,2
"327194","Tokyo","Hotel","CL5","ZoneD","AHP","CAV",51098.8235136175,1,1,0,0,2
"327297","Tokyo","Hotel","CL5","ZoneD","AHP","FCU",85481.1118359377,0,0,0,0,1
"327298","Tokyo","Hotel","CL5","ZoneD","AHP","FCU",100243.449664179,1,0,0,0,1
"327313","Tokyo","Hotel","CL5","ZoneD","AHP","FCU",86533.5672671415,0,0,0,0,2
"327314","Tokyo","Hotel","CL5","ZoneD","AHP","FCU",101477.661068028,1,0,0,0,2
"327489","Tokyo","Hotel","CL5","ZoneD","AHP","OHUFCU",81080.9336951592,0,0,0,0,1
"327490","Tokyo","Hotel","CL5","ZoneD","AHP","OHUFCU",95027.4048163523,1,0,0,0,1
"327505","Tokyo","Hotel","CL5","ZoneD","AHP","OHUFCU",82079.2135163007,0,0,0,0,2
"327506","Tokyo","Hotel","CL5","ZoneD","AHP","OHUFCU",96197.3955448786,1,0,0,0,2
"328338","Tokyo","Hotel","CL5","ZoneD","COM","CAV",53355.4134599697,1,0,0,0,2
"329473","Tokyo","Hotel","CL6b","ZoneD","EHP","MUL",116067.372457356,0,0,0,0,1
"329474","Tokyo","Hotel","CL6b","ZoneD","EHP","MUL",134619.057678538,1,0,0,0,1
"329477","Tokyo","Hotel","CL6b","ZoneD","EHP","MUL",31919.0689769879,1,0,1,0,1
"329489","Tokyo","Hotel","CL6b","ZoneD","EHP","MUL",123639.936839221,0,0,0,0,2
"329490","Tokyo","Hotel","CL6b","ZoneD","EHP","MUL",143401.986590549,1,0,0,0,2
"329493","Tokyo","Hotel","CL6b","ZoneD","EHP","MUL",34001.5595143372,1,0,1,0,2
"329538","Tokyo","Hotel","CL6b","ZoneD","GHP","MUL",23750.0614798183,1,0,0,0,1
"329554","Tokyo","Hotel","CL6b","ZoneD","GHP","MUL",25299.5828123121,1,0,0,0,2
"329601","Tokyo","Hotel","CL6b","ZoneD","ABCH","CAV",66082.5382454736,0,0,0,0,1
"329602","Tokyo","Hotel","CL6b","ZoneD","ABCH","CAV",84542.5302405237,1,0,0,0,1
"329617","Tokyo","Hotel","CL6b","ZoneD","ABCH","CAV",70393.950357131,0,0,0,0,2
"329618","Tokyo","Hotel","CL6b","ZoneD","ABCH","CAV",90058.3245563414,1,0,0,0,2
"329985","Tokyo","Hotel","CL6b","ZoneD","AHP","CAV",57931.6716741361,0,0,0,0,1
"329986","Tokyo","Hotel","CL6b","ZoneD","AHP","CAV",80770.2458597944,1,0,0,0,1
"330001","Tokyo","Hotel","CL6b","ZoneD","AHP","CAV",61711.2981463617,0,0,0,0,2
"330002","Tokyo","Hotel","CL6b","ZoneD","AHP","CAV",86039.925649755,1,0,0,0,2
"330305","Tokyo","Hotel","CL6b","ZoneD","AHP","OHUFCU",38285.3137177306,0,0,0,0,1
"330306","Tokyo","Hotel","CL6b","ZoneD","AHP","OHUFCU",44942.9691024633,1,0,0,0,1
"330321","Tokyo","Hotel","CL6b","ZoneD","AHP","OHUFCU",40783.1561076231,0,0,0,0,2
"330322","Tokyo","Hotel","CL6b","ZoneD","AHP","OHUFCU",47875.1758013411,1,0,0,0,2
"332289","Tokyo","Hotel","CL6m","ZoneD","EHP","MUL",165617.849252276,0,0,0,0,1
"332290","Tokyo","Hotel","CL6m","ZoneD","EHP","MUL",192089.459156827,1,0,0,0,1
"332293","Tokyo","Hotel","CL6m","ZoneD","EHP","MUL",45545.6812899423,1,0,1,0,1
"332305","Tokyo","Hotel","CL6m","ZoneD","EHP","MUL",176423.227195243,0,0,0,0,2
"332306","Tokyo","Hotel","CL6m","ZoneD","EHP","MUL",204621.919965976,1,0,0,0,2
"332309","Tokyo","Hotel","CL6m","ZoneD","EHP","MUL",48517.2106403696,1,0,1,0,2
"332354","Tokyo","Hotel","CL6m","ZoneD","GHP","MUL",33889.2319057364,1,0,0,0,1
"332370","Tokyo","Hotel","CL6m","ZoneD","GHP","MUL",36100.26145715,1,0,0,0,2
"332418","Tokyo","Hotel","CL6m","ZoneD","ABCH","CAV",120189.708199241,1,0,0,0,1
"332433","Tokyo","Hotel","CL6m","ZoneD","ABCH","CAV",53474.840497379,0,0,0,0,2
"332434","Tokyo","Hotel","CL6m","ZoneD","ABCH","CAV",74556.3849526354,1,0,0,0,2
"332737","Tokyo","Hotel","CL6m","ZoneD","ABCH","OHUFCU",33175.4655297016,0,0,0,0,1
"332738","Tokyo","Hotel","CL6m","ZoneD","ABCH","OHUFCU",38944.5397588764,1,0,0,0,1
"332753","Tokyo","Hotel","CL6m","ZoneD","ABCH","OHUFCU",35339.9269395117,0,0,0,0,2
"332754","Tokyo","Hotel","CL6m","ZoneD","ABCH","OHUFCU",41485.391924325,1,0,0,0,2
"332802","Tokyo","Hotel","CL6m","ZoneD","AHP","CAV",78604.8015515787,1,0,0,0,1
"332810","Tokyo","Hotel","CL6m","ZoneD","AHP","CAV",61159.8049316731,1,1,0,0,1
"332818","Tokyo","Hotel","CL6m","ZoneD","AHP","CAV",83733.2016167371,1,0,0,0,2
"332826","Tokyo","Hotel","CL6m","ZoneD","AHP","CAV",65150.043968036,1,1,0,0,2
"332930","Tokyo","Hotel","CL6m","ZoneD","AHP","FCU",59717.5843514156,1,0,0,0,1
"332946","Tokyo","Hotel","CL6m","ZoneD","AHP","FCU",63613.7288290267,1,0,0,0,2
"333121","Tokyo","Hotel","CL6m","ZoneD","AHP","OHUFCU",38582.8932880663,0,0,0,0,1
"333122","Tokyo","Hotel","CL6m","ZoneD","AHP","OHUFCU",45283.0575470804,1,0,0,0,1
"333137","Tokyo","Hotel","CL6m","ZoneD","AHP","OHUFCU",41100.1506126418,0,0,0,0,2
"333138","Tokyo","Hotel","CL6m","ZoneD","AHP","OHUFCU",48237.4525800943,1,0,0,0,2
"333954","Tokyo","Hotel","CL6m","ZoneD","COM","CAV",55945.4804444882,1,0,0,0,1
"333970","Tokyo","Hotel","CL6m","ZoneD","COM","CAV",59595.5221708651,1,0,0,0,2
"335105","Tokyo","Hotel","CL7b","ZoneD","EHP","MUL",35534.9427176522,0,0,0,0,1
"335106","Tokyo","Hotel","CL7b","ZoneD","EHP","MUL",45961.1692703152,1,0,0,0,1
"335121","Tokyo","Hotel","CL7b","ZoneD","EHP","MUL",37853.3431073413,0,0,0,0,2
"335122","Tokyo","Hotel","CL7b","ZoneD","EHP","MUL",48959.8062343177,1,0,0,0,2
"335170","Tokyo","Hotel","CL7b","ZoneD","GHP","MUL",5298.96559334998,1,0,0,0,1
"335186","Tokyo","Hotel","CL7b","ZoneD","GHP","MUL",5644.68512902461,1,0,0,0,2
"335618","Tokyo","Hotel","CL7b","ZoneD","AHP","CAV",120483.66111547,1,0,0,0,1
"335634","Tokyo","Hotel","CL7b","ZoneD","AHP","CAV",128344.356687733,1,0,0,0,2
"337921","Tokyo","Hotel","CL7m","ZoneD","EHP","MUL",155929.780002502,0,0,0,0,1
"337922","Tokyo","Hotel","CL7m","ZoneD","EHP","MUL",201680.781362789,1,0,0,0,1
"337925","Tokyo","Hotel","CL7m","ZoneD","EHP","MUL",80210.6810871411,1,0,1,0,1
"337937","Tokyo","Hotel","CL7m","ZoneD","EHP","MUL",166103.080845967,0,0,0,0,2
"337938","Tokyo","Hotel","CL7m","ZoneD","EHP","MUL",214839.007220066,1,0,0,0,2
"337941","Tokyo","Hotel","CL7m","ZoneD","EHP","MUL",85443.8532852004,1,0,1,0,2
"337986","Tokyo","Hotel","CL7m","ZoneD","GHP","MUL",28467.6120516732,1,0,0,0,1
"338002","Tokyo","Hotel","CL7m","ZoneD","GHP","MUL",30324.9197557696,1,0,0,0,2
"338058","Tokyo","Hotel","CL7m","ZoneD","ABCH","CAV",142479.204026908,1,1,0,0,1
"338074","Tokyo","Hotel","CL7m","ZoneD","ABCH","CAV",151774.951166933,1,1,0,0,2
"338370","Tokyo","Hotel","CL7m","ZoneD","ABCH","OHUFCU",76229.4571497747,1,0,0,0,1
"338386","Tokyo","Hotel","CL7m","ZoneD","ABCH","OHUFCU",81202.8830130456,1,0,0,0,2
"338434","Tokyo","Hotel","CL7m","ZoneD","AHP","CAV",60987.771925583,1,0,0,0,1
"338440","Tokyo","Hotel","CL7m","ZoneD","AHP","CAV",54314.3005963818,1,0,1,1,1
"338442","Tokyo","Hotel","CL7m","ZoneD","AHP","CAV",72768.4820823182,1,1,0,0,1
"338450","Tokyo","Hotel","CL7m","ZoneD","AHP","CAV",64966.7870409866,1,0,0,0,2
"338456","Tokyo","Hotel","CL7m","ZoneD","AHP","CAV",57857.9195257515,1,0,1,1,2
"338458","Tokyo","Hotel","CL7m","ZoneD","AHP","CAV",77516.1041217629,1,1,0,0,2
"338753","Tokyo","Hotel","CL7m","ZoneD","AHP","OHUFCU",43654.8228339249,0,0,0,0,1
"338754","Tokyo","Hotel","CL7m","ZoneD","AHP","OHUFCU",56966.9933901047,1,0,0,0,1
"338769","Tokyo","Hotel","CL7m","ZoneD","AHP","OHUFCU",46502.987218884,0,0,0,0,2
"338770","Tokyo","Hotel","CL7m","ZoneD","AHP","OHUFCU",60683.6815166182,1,0,0,0,2
"339586","Tokyo","Hotel","CL7m","ZoneD","COM","CAV",139872.867547183,1,0,0,0,1
"339602","Tokyo","Hotel","CL7m","ZoneD","COM","CAV",148998.56990739,1,0,0,0,2
"340769","Tokyo","Hotel","CL8","ZoneD","EHP","MUL",144490.708454968,0,0,0,0,3
"340770","Tokyo","Hotel","CL8","ZoneD","EHP","MUL",177714.1163194,1,0,0,0,3
"340773","Tokyo","Hotel","CL8","ZoneD","EHP","MUL",160471.866946498,1,0,1,0,3
"340776","Tokyo","Hotel","CL8","ZoneD","EHP","MUL",87349.9476441669,1,0,1,1,3
"340834","Tokyo","Hotel","CL8","ZoneD","GHP","MUL",51575.5911429531,1,0,0,0,3
"340904","Tokyo","Hotel","CL8","ZoneD","ABCH","CAV",32147.3532574611,1,0,1,1,3
"340905","Tokyo","Hotel","CL8","ZoneD","ABCH","CAV",36188.0630204603,0,1,0,0,3
"340906","Tokyo","Hotel","CL8","ZoneD","ABCH","CAV",52363.6918131256,1,1,0,0,3
"340909","Tokyo","Hotel","CL8","ZoneD","ABCH","CAV",76807.2307991762,1,1,1,0,3
"340912","Tokyo","Hotel","CL8","ZoneD","ABCH","CAV",120417.294296988,1,1,1,1,3
"340965","Tokyo","Hotel","CL8","ZoneD","ABCH","VAV",31893.868073162,1,0,1,0,3
"340968","Tokyo","Hotel","CL8","ZoneD","ABCH","VAV",128572.754249553,1,0,1,1,3
"341217","Tokyo","Hotel","CL8","ZoneD","ABCH","OHUFCU",55463.3565193424,0,0,0,0,3
"341218","Tokyo","Hotel","CL8","ZoneD","ABCH","OHUFCU",68216.2991471155,1,0,0,0,3
"341221","Tokyo","Hotel","CL8","ZoneD","ABCH","OHUFCU",61597.7903558552,1,0,1,0,3
"341290","Tokyo","Hotel","CL8","ZoneD","AHP","CAV",48102.5371776394,1,1,0,0,3
"341293","Tokyo","Hotel","CL8","ZoneD","AHP","CAV",70556.9555373253,1,1,1,0,3
"341296","Tokyo","Hotel","CL8","ZoneD","AHP","CAV",110618.200802635,1,1,1,1,3
"341352","Tokyo","Hotel","CL8","ZoneD","AHP","VAV",115724.070852722,1,0,1,1,3
"341601","Tokyo","Hotel","CL8","ZoneD","AHP","OHUFCU",39998.6321558263,0,0,0,0,3
"341602","Tokyo","Hotel","CL8","ZoneD","AHP","OHUFCU",49195.7001496245,1,0,0,0,3
"341605","Tokyo","Hotel","CL8","ZoneD","AHP","OHUFCU",44422.6154469452,1,0,1,0,3
"341672","Tokyo","Hotel","CL8","ZoneD","TB","CAV",73985.1451643116,1,0,1,1,3
"342056","Tokyo","Hotel","CL8","ZoneD","AB","CAV",100771.081344277,1,0,1,1,3
"342064","Tokyo","Hotel","CL8","ZoneD","AB","CAV",79881.2134257293,1,1,1,1,3
"342440","Tokyo","Hotel","CL8","ZoneD","COM","CAV",32195.3869870893,1,0,1,1,3
"342441","Tokyo","Hotel","CL8","ZoneD","COM","CAV",36242.1342723288,0,1,0,0,3
"342442","Tokyo","Hotel","CL8","ZoneD","COM","CAV",52441.9322640499,1,1,0,0,3
"342445","Tokyo","Hotel","CL8","ZoneD","COM","CAV",76921.9941430866,1,1,1,0,3
"342448","Tokyo","Hotel","CL8","ZoneD","COM","CAV",120597.218650651,1,1,1,1,3
"342501","Tokyo","Hotel","CL8","ZoneD","COM","VAV",31941.5230518954,1,0,1,0,3
"342504","Tokyo","Hotel","CL8","ZoneD","COM","VAV",128764.864276954,1,0,1,1,3
"342753","Tokyo","Hotel","CL8","ZoneD","COM","OHUFCU",55546.2284077365,0,0,0,0,3
"342754","Tokyo","Hotel","CL8","ZoneD","COM","OHUFCU",68318.2261469286,1,0,0,0,3
"342757","Tokyo","Hotel","CL8","ZoneD","COM","OHUFCU",61689.8281539269,1,0,1,0,3
"343205","Tokyo","Hotel","CL8","ZoneD","COM+TESICE","CAV",45827.4919515511,1,0,1,0,3
"343208","Tokyo","Hotel","CL8","ZoneD","COM+TESICE","CAV",79545.6959093941,1,0,1,1,3
"343216","Tokyo","Hotel","CL8","ZoneD","COM+TESICE","CAV",63055.8551845623,1,1,1,1,3
"343585","Tokyo","Hotel","CL9","ZoneD","EHP","MUL",105617.92064842,0,0,0,0,3
"343586","Tokyo","Hotel","CL9","ZoneD","EHP","MUL",134159.214053365,1,0,0,0,3
"343589","Tokyo","Hotel","CL9","ZoneD","EHP","MUL",215083.69529671,1,0,1,0,3
"343592","Tokyo","Hotel","CL9","ZoneD","EHP","MUL",320643.709068649,1,0,1,1,3
"343656","Tokyo","Hotel","CL9","ZoneD","GHP","MUL",90666.8308131084,1,0,1,1,3
"343720","Tokyo","Hotel","CL9","ZoneD","ABCH","CAV",37317.4681774058,1,0,1,1,3
"343722","Tokyo","Hotel","CL9","ZoneD","ABCH","CAV",28956.3629598383,1,1,0,0,3
"343725","Tokyo","Hotel","CL9","ZoneD","ABCH","CAV",77765.2333394666,1,1,1,0,3
"343728","Tokyo","Hotel","CL9","ZoneD","ABCH","CAV",294473.870369771,1,1,1,1,3
"343784","Tokyo","Hotel","CL9","ZoneD","ABCH","VAV",252962.07758907,1,0,1,1,3
"343792","Tokyo","Hotel","CL9","ZoneD","ABCH","VAV",84558.0820069572,1,1,1,1,3
"344034","Tokyo","Hotel","CL9","ZoneD","ABCH","OHUFCU",43187.5860842157,1,0,0,0,3
"344037","Tokyo","Hotel","CL9","ZoneD","ABCH","OHUFCU",69238.2231923553,1,0,1,0,3
"344040","Tokyo","Hotel","CL9","ZoneD","ABCH","OHUFCU",103219.356832667,1,0,1,1,3
"344109","Tokyo","Hotel","CL9","ZoneD","AHP","CAV",51517.157648517,1,1,1,0,3
"344112","Tokyo","Hotel","CL9","ZoneD","AHP","CAV",195080.193960009,1,1,1,1,3
"344168","Tokyo","Hotel","CL9","ZoneD","AHP","VAV",142252.99514299,1,0,1,1,3
"344176","Tokyo","Hotel","CL9","ZoneD","AHP","VAV",47551.1608051246,1,1,1,1,3
"344424","Tokyo","Hotel","CL9","ZoneD","AHP","OHUFCU",121267.863782252,1,0,1,1,3
"344488","Tokyo","Hotel","CL9","ZoneD","TB","CAV",66361.9496558693,1,0,1,1,3
"344496","Tokyo","Hotel","CL9","ZoneD","TB","CAV",74393.5718863302,1,1,1,1,3
"344877","Tokyo","Hotel","CL9","ZoneD","AB","CAV",57256.8099122872,1,1,1,0,3
"344880","Tokyo","Hotel","CL9","ZoneD","AB","CAV",216814.55447187,1,1,1,1,3
"344936","Tokyo","Hotel","CL9","ZoneD","AB","VAV",158101.74850728,1,0,1,1,3
"344944","Tokyo","Hotel","CL9","ZoneD","AB","VAV",52848.9516813626,1,1,1,1,3
"345189","Tokyo","Hotel","CL9","ZoneD","AB","OHUFCU",54110.8813469709,1,0,1,0,3
"345192","Tokyo","Hotel","CL9","ZoneD","AB","OHUFCU",80667.7310994282,1,0,1,1,3
"345256","Tokyo","Hotel","CL9","ZoneD","COM","CAV",48606.062020338,1,0,1,1,3
"345257","Tokyo","Hotel","CL9","ZoneD","COM","CAV",26553.8118812283,0,1,0,0,3
"345258","Tokyo","Hotel","CL9","ZoneD","COM","CAV",38737.2309008476,1,1,0,0,3
"345261","Tokyo","Hotel","CL9","ZoneD","COM","CAV",106506.491557453,1,1,1,0,3
"345264","Tokyo","Hotel","CL9","ZoneD","COM","CAV",411720.698167223,1,1,1,1,3
"345317","Tokyo","Hotel","CL9","ZoneD","COM","VAV",31366.1972888443,1,0,1,0,3
"345320","Tokyo","Hotel","CL9","ZoneD","COM","VAV",343418.962861331,1,0,1,1,3
"345328","Tokyo","Hotel","CL9","ZoneD","COM","VAV",111756.229667671,1,1,1,1,3
"345392","Tokyo","Hotel","CL9","ZoneD","COM","FCU",51692.9199941486,1,1,1,1,3
"345569","Tokyo","Hotel","CL9","ZoneD","COM","OHUFCU",37315.4922790312,0,0,0,0,3
"345570","Tokyo","Hotel","CL9","ZoneD","COM","OHUFCU",47399.3152434224,1,0,0,0,3
"345573","Tokyo","Hotel","CL9","ZoneD","COM","OHUFCU",75990.4561831566,1,0,1,0,3
"345576","Tokyo","Hotel","CL9","ZoneD","COM","OHUFCU",113285.489589404,1,0,1,1,3
"345584","Tokyo","Hotel","CL9","ZoneD","COM","OHUFCU",36865.6380739233,1,1,1,1,3
"346024","Tokyo","Hotel","CL9","ZoneD","COM+TESICE","CAV",45086.6975125338,1,0,1,1,3
"346026","Tokyo","Hotel","CL9","ZoneD","COM+TESICE","CAV",34984.8701317797,1,1,0,0,3
"346029","Tokyo","Hotel","CL9","ZoneD","COM+TESICE","CAV",93955.3973999497,1,1,1,0,3
"346032","Tokyo","Hotel","CL9","ZoneD","COM+TESICE","CAV",355781.219014894,1,1,1,1,3
"346085","Tokyo","Hotel","CL9","ZoneD","COM+TESICE","VAV",27556.3034480368,1,0,1,0,3
"346088","Tokyo","Hotel","CL9","ZoneD","COM+TESICE","VAV",284974.27696926,1,0,1,1,3
"346096","Tokyo","Hotel","CL9","ZoneD","COM+TESICE","VAV",95258.8566298255,1,1,1,1,3
"346337","Tokyo","Hotel","CL9","ZoneD","COM+TESICE","OHUFCU",31052.9409529429,0,0,0,0,3
"346338","Tokyo","Hotel","CL9","ZoneD","COM+TESICE","OHUFCU",39444.4250248047,1,0,0,0,3
"346341","Tokyo","Hotel","CL9","ZoneD","COM+TESICE","OHUFCU",63237.1973334187,1,0,1,0,3
"346344","Tokyo","Hotel","CL9","ZoneD","COM+TESICE","OHUFCU",94273.1129671252,1,0,1,1,3
"346352","Tokyo","Hotel","CL9","ZoneD","COM+TESICE","OHUFCU",32533.267394142,1,1,1,1,3
"346369","Nigata","Hotel","CL1","ZoneD","EHP","MUL",750.83475442257,0,0,0,0,1
"346385","Nigata","Hotel","CL1","ZoneD","EHP","MUL",360.644836775097,0,0,0,0,2
"349185","Nigata","Hotel","CL2","ZoneD","EHP","MUL",59408.2575661419,0,0,0,0,1
"349186","Nigata","Hotel","CL2","ZoneD","EHP","MUL",59664.1063574783,1,0,0,0,1
"349201","Nigata","Hotel","CL2","ZoneD","EHP","MUL",30083.7634627646,0,0,0,0,2
"349202","Nigata","Hotel","CL2","ZoneD","EHP","MUL",30213.3228007446,1,0,0,0,2
"349250","Nigata","Hotel","CL2","ZoneD","GHP","MUL",6461.52243918782,1,0,0,0,1
"352001","Nigata","Hotel","CL3","ZoneD","EHP","MUL",114176.516029532,0,0,0,0,1
"352002","Nigata","Hotel","CL3","ZoneD","EHP","MUL",116304.847053444,1,0,0,0,1
"352017","Nigata","Hotel","CL3","ZoneD","EHP","MUL",76076.3333054935,0,0,0,0,2
"352018","Nigata","Hotel","CL3","ZoneD","EHP","MUL",77494.4499724763,1,0,0,0,2
"352066","Nigata","Hotel","CL3","ZoneD","GHP","MUL",11976.3561144384,1,0,0,0,1
"352082","Nigata","Hotel","CL3","ZoneD","GHP","MUL",7979.9006943918,1,0,0,0,2
"352641","Nigata","Hotel","CL3","ZoneD","AHP","FCU",44492.6144892375,0,0,0,0,1
"352642","Nigata","Hotel","CL3","ZoneD","AHP","FCU",49385.7392538014,1,0,0,0,1
"354817","Nigata","Hotel","CL4","ZoneD","EHP","MUL",137454.131406551,0,0,0,0,1
"354818","Nigata","Hotel","CL4","ZoneD","EHP","MUL",143104.130668256,1,0,0,0,1
"354833","Nigata","Hotel","CL4","ZoneD","EHP","MUL",66022.6800813208,0,0,0,0,2
"354834","Nigata","Hotel","CL4","ZoneD","EHP","MUL",68736.5169802058,1,0,0,0,2
"354882","Nigata","Hotel","CL4","ZoneD","GHP","MUL",15546.2995360728,1,0,0,0,1
"354898","Nigata","Hotel","CL4","ZoneD","GHP","MUL",7467.27908586967,1,0,0,0,2
"355074","Nigata","Hotel","CL4","ZoneD","ABCH","FCU",55944.484490072,1,0,0,0,1
"355457","Nigata","Hotel","CL4","ZoneD","AHP","FCU",60522.2697573676,0,0,0,0,1
"355458","Nigata","Hotel","CL4","ZoneD","AHP","FCU",69431.4365189259,1,0,0,0,1
"355473","Nigata","Hotel","CL4","ZoneD","AHP","FCU",41585.0331422446,0,0,0,0,2
"355474","Nigata","Hotel","CL4","ZoneD","AHP","FCU",47706.5483553133,1,0,0,0,2
"357633","Nigata","Hotel","CL5","ZoneD","EHP","MUL",118373.867127741,0,0,0,0,1
"357634","Nigata","Hotel","CL5","ZoneD","EHP","MUL",130883.540814691,1,0,0,0,1
"357649","Nigata","Hotel","CL5","ZoneD","EHP","MUL",126096.913759856,0,0,0,0,2
"357650","Nigata","Hotel","CL5","ZoneD","EHP","MUL",139422.754017866,1,0,0,0,2
"357698","Nigata","Hotel","CL5","ZoneD","GHP","MUL",14275.8722821258,1,0,0,0,1
"357714","Nigata","Hotel","CL5","ZoneD","GHP","MUL",15207.2706559746,1,0,0,0,2
"357761","Nigata","Hotel","CL5","ZoneD","ABCH","CAV",34134.2928107965,0,0,0,0,1
"357762","Nigata","Hotel","CL5","ZoneD","ABCH","CAV",41901.0263260623,1,0,0,0,1
"357777","Nigata","Hotel","CL5","ZoneD","ABCH","CAV",36361.3108303021,0,0,0,0,2
"357778","Nigata","Hotel","CL5","ZoneD","ABCH","CAV",44634.7680555642,1,0,0,0,2
"358145","Nigata","Hotel","CL5","ZoneD","AHP","CAV",64774.3993534555,0,0,0,0,1
"358146","Nigata","Hotel","CL5","ZoneD","AHP","CAV",79512.8180216919,1,0,0,0,1
"358161","Nigata","Hotel","CL5","ZoneD","AHP","CAV",69000.464775768,0,0,0,0,2
"358162","Nigata","Hotel","CL5","ZoneD","AHP","CAV",84700.4596552096,1,0,0,0,2
"360449","Nigata","Hotel","CL6b","ZoneD","EHP","MUL",46502.7118775428,0,0,0,0,1
"360450","Nigata","Hotel","CL6b","ZoneD","EHP","MUL",54154.9322260165,1,0,0,0,1
"360465","Nigata","Hotel","CL6b","ZoneD","EHP","MUL",49536.6806162888,0,0,0,0,2
"360466","Nigata","Hotel","CL6b","ZoneD","EHP","MUL",57688.1535111605,1,0,0,0,2
"360514","Nigata","Hotel","CL6b","ZoneD","GHP","MUL",4681.44984669447,1,0,0,0,1
"360530","Nigata","Hotel","CL6b","ZoneD","GHP","MUL",4986.88090465687,1,0,0,0,2
"360594","Nigata","Hotel","CL6b","ZoneD","ABCH","CAV",62035.8373711571,1,0,0,0,2
"360961","Nigata","Hotel","CL6b","ZoneD","AHP","CAV",62354.5507558902,0,0,0,0,1
"360962","Nigata","Hotel","CL6b","ZoneD","AHP","CAV",79912.3541361083,1,0,0,0,1
"360978","Nigata","Hotel","CL6b","ZoneD","AHP","CAV",89512.9636635252,1,0,0,0,2
"363265","Nigata","Hotel","CL6m","ZoneD","EHP","MUL",79921.8379602061,0,0,0,0,1
"363266","Nigata","Hotel","CL6m","ZoneD","EHP","MUL",93073.3185950773,1,0,0,0,1
"363281","Nigata","Hotel","CL6m","ZoneD","EHP","MUL",85136.1652139138,0,0,0,0,2
"363282","Nigata","Hotel","CL6m","ZoneD","EHP","MUL",99145.6857243844,1,0,0,0,2
"363330","Nigata","Hotel","CL6m","ZoneD","GHP","MUL",8045.76896615425,1,0,0,0,1
"363346","Nigata","Hotel","CL6m","ZoneD","GHP","MUL",8570.69773991624,1,0,0,0,2
"363394","Nigata","Hotel","CL6m","ZoneD","ABCH","CAV",100087.815340477,1,0,0,0,1
"363409","Nigata","Hotel","CL6m","ZoneD","ABCH","CAV",46729.8194198985,0,0,0,0,2
"363410","Nigata","Hotel","CL6m","ZoneD","ABCH","CAV",59888.0087007375,1,0,0,0,2
"363777","Nigata","Hotel","CL6m","ZoneD","AHP","CAV",63297.8222886549,0,0,0,0,1
"363778","Nigata","Hotel","CL6m","ZoneD","AHP","CAV",81121.2322028896,1,0,0,0,1
"363793","Nigata","Hotel","CL6m","ZoneD","AHP","CAV",67427.5516377776,0,0,0,0,2
"363794","Nigata","Hotel","CL6m","ZoneD","AHP","CAV",86413.8113367745,1,0,0,0,2
"366082","Nigata","Hotel","CL7b","ZoneD","EHP","MUL",29317.2497028771,1,0,0,0,1
"366098","Nigata","Hotel","CL7b","ZoneD","EHP","MUL",31229.9901757075,1,0,0,0,2
"366594","Nigata","Hotel","CL7b","ZoneD","AHP","CAV",57834.5204659813,1,0,0,0,1
"366610","Nigata","Hotel","CL7b","ZoneD","AHP","CAV",61607.8085180036,1,0,0,0,2
"368897","Nigata","Hotel","CL7m","ZoneD","EHP","MUL",65626.1926951506,0,0,0,0,1
"368898","Nigata","Hotel","CL7m","ZoneD","EHP","MUL",80280.7364948835,1,0,0,0,1
"368901","Nigata","Hotel","CL7m","ZoneD","EHP","MUL",35846.7315056106,1,0,1,0,1
"368913","Nigata","Hotel","CL7m","ZoneD","EHP","MUL",69907.8315295552,0,0,0,0,2
"368914","Nigata","Hotel","CL7m","ZoneD","EHP","MUL",85518.479306322,1,0,0,0,2
"368917","Nigata","Hotel","CL7m","ZoneD","EHP","MUL",38185.4738796177,1,0,1,0,2
"368962","Nigata","Hotel","CL7m","ZoneD","GHP","MUL",7948.94501661238,1,0,0,0,1
"368978","Nigata","Hotel","CL7m","ZoneD","GHP","MUL",8467.55672145063,1,0,0,0,2
"369026","Nigata","Hotel","CL7m","ZoneD","ABCH","CAV",139758.960254536,1,0,0,0,1
"369042","Nigata","Hotel","CL7m","ZoneD","ABCH","CAV",148877.230980092,1,0,0,0,2
"369409","Nigata","Hotel","CL7m","ZoneD","AHP","CAV",66910.0534648883,0,0,0,0,1
"369410","Nigata","Hotel","CL7m","ZoneD","AHP","CAV",87889.5705608135,1,0,0,0,1
"369425","Nigata","Hotel","CL7m","ZoneD","AHP","CAV",71275.4550151223,0,0,0,0,2
"369426","Nigata","Hotel","CL7m","ZoneD","AHP","CAV",93623.7352745946,1,0,0,0,2
"370562","Nigata","Hotel","CL7m","ZoneD","COM","CAV",79670.2176608538,1,0,0,0,1
"370578","Nigata","Hotel","CL7m","ZoneD","COM","CAV",84868.1284929932,1,0,0,0,2
"371745","Nigata","Hotel","CL8","ZoneD","EHP","MUL",51983.7598730503,0,0,0,0,3
"371746","Nigata","Hotel","CL8","ZoneD","EHP","MUL",63413.9160646397,1,0,0,0,3
"371749","Nigata","Hotel","CL8","ZoneD","EHP","MUL",58405.471669639,1,0,1,0,3
"371752","Nigata","Hotel","CL8","ZoneD","EHP","MUL",31690.5012753768,1,0,1,1,3
"371810","Nigata","Hotel","CL8","ZoneD","GHP","MUL",10612.0060848205,1,0,0,0,3
"371888","Nigata","Hotel","CL8","ZoneD","ABCH","CAV",121248.271834829,1,1,1,1,3
"371944","Nigata","Hotel","CL8","ZoneD","ABCH","VAV",61856.4282805785,1,0,1,1,3
"372194","Nigata","Hotel","CL8","ZoneD","ABCH","OHUFCU",71617.1551429511,1,0,0,0,3
"372264","Nigata","Hotel","CL8","ZoneD","AHP","CAV",100799.696023674,1,0,1,1,3
"372272","Nigata","Hotel","CL8","ZoneD","AHP","CAV",79795.1005678897,1,1,1,1,3
"373032","Nigata","Hotel","CL8","ZoneD","AB","CAV",74062.0311089747,1,0,1,1,3
"373424","Nigata","Hotel","CL8","ZoneD","COM","CAV",118653.430565604,1,1,1,1,3
"373480","Nigata","Hotel","CL8","ZoneD","COM","VAV",60532.6352859208,1,0,1,1,3
"373730","Nigata","Hotel","CL8","ZoneD","COM","OHUFCU",70084.4722689011,1,0,0,0,3
"374184","Nigata","Hotel","CL8","ZoneD","COM+TESICE","CAV",71859.1863319351,1,0,1,1,3
"380161","Nagoya","Hotel","CL2","ZoneD","EHP","MUL",165422.388444564,0,0,0,0,1
"380162","Nagoya","Hotel","CL2","ZoneD","EHP","MUL",167120.588200797,1,0,0,0,1
"380177","Nagoya","Hotel","CL2","ZoneD","EHP","MUL",94837.9042095501,0,0,0,0,2
"380178","Nagoya","Hotel","CL2","ZoneD","EHP","MUL",95811.4949509524,1,0,0,0,2
"380226","Nagoya","Hotel","CL2","ZoneD","GHP","MUL",17706.508347078,1,0,0,0,1
"380242","Nagoya","Hotel","CL2","ZoneD","GHP","MUL",10151.2749168685,1,0,0,0,2
"380801","Nagoya","Hotel","CL2","ZoneD","AHP","FCU",32486.1897033315,0,0,0,0,1
"380802","Nagoya","Hotel","CL2","ZoneD","AHP","FCU",35315.8525545429,1,0,0,0,1
"382977","Nagoya","Hotel","CL3","ZoneD","EHP","MUL",230167.4693491,0,0,0,0,1
"382978","Nagoya","Hotel","CL3","ZoneD","EHP","MUL",240521.644696413,1,0,0,0,1
"382993","Nagoya","Hotel","CL3","ZoneD","EHP","MUL",110555.230595554,0,0,0,0,2
"382994","Nagoya","Hotel","CL3","ZoneD","EHP","MUL",115528.601708275,1,0,0,0,2
"383042","Nagoya","Hotel","CL3","ZoneD","GHP","MUL",25346.7886144444,1,0,0,0,1
"383058","Nagoya","Hotel","CL3","ZoneD","GHP","MUL",12174.7007431205,1,0,0,0,2
"383489","Nagoya","Hotel","CL3","ZoneD","AHP","CAV",31638.5349613095,0,0,0,0,1
"383490","Nagoya","Hotel","CL3","ZoneD","AHP","CAV",41002.5983970773,1,0,0,0,1
"383617","Nagoya","Hotel","CL3","ZoneD","AHP","FCU",51233.4341035597,0,0,0,0,1
"383618","Nagoya","Hotel","CL3","ZoneD","AHP","FCU",53945.9576361389,1,0,0,0,1
"383633","Nagoya","Hotel","CL3","ZoneD","AHP","FCU",39881.9798144767,0,0,0,0,2
"383634","Nagoya","Hotel","CL3","ZoneD","AHP","FCU",45529.695486276,1,0,0,0,2
"385793","Nagoya","Hotel","CL4","ZoneD","EHP","MUL",359116.486580417,0,0,0,0,1
"385794","Nagoya","Hotel","CL4","ZoneD","EHP","MUL",399556.61288722,1,0,0,0,1
"385809","Nagoya","Hotel","CL4","ZoneD","EHP","MUL",172492.690200047,0,0,0,0,2
"385810","Nagoya","Hotel","CL4","ZoneD","EHP","MUL",191917.101051004,1,0,0,0,2
"385858","Nagoya","Hotel","CL4","ZoneD","GHP","MUL",38476.1473639259,1,0,0,0,1
"385874","Nagoya","Hotel","CL4","ZoneD","GHP","MUL",18481.0623163937,1,0,0,0,2
"385921","Nagoya","Hotel","CL4","ZoneD","ABCH","CAV",47963.2505812106,0,0,0,0,1
"385922","Nagoya","Hotel","CL4","ZoneD","ABCH","CAV",59201.3512952031,1,0,0,0,1
"386305","Nagoya","Hotel","CL4","ZoneD","AHP","CAV",48609.6528818704,0,0,0,0,1
"386306","Nagoya","Hotel","CL4","ZoneD","AHP","CAV",70887.0302666757,1,0,0,0,1
"386321","Nagoya","Hotel","CL4","ZoneD","AHP","CAV",42062.4908408182,0,0,0,0,2
"386322","Nagoya","Hotel","CL4","ZoneD","AHP","CAV",57462.3690263605,1,0,0,0,2
"386433","Nagoya","Hotel","CL4","ZoneD","AHP","FCU",53657.9881738663,0,0,0,0,1
"386434","Nagoya","Hotel","CL4","ZoneD","AHP","FCU",60354.5908059212,1,0,0,0,1
"386449","Nagoya","Hotel","CL4","ZoneD","AHP","FCU",44691.058736842,0,0,0,0,2
"386450","Nagoya","Hotel","CL4","ZoneD","AHP","FCU",50266.2710155952,1,0,0,0,2
"386625","Nagoya","Hotel","CL4","ZoneD","AHP","OHUFCU",30228.7887064337,0,0,0,0,1
"386626","Nagoya","Hotel","CL4","ZoneD","AHP","OHUFCU",33994.2768784992,1,0,0,0,1
"388609","Nagoya","Hotel","CL5","ZoneD","EHP","MUL",349456.632326816,0,0,0,0,1
"388610","Nagoya","Hotel","CL5","ZoneD","EHP","MUL",386002.182878067,1,0,0,0,1
"388613","Nagoya","Hotel","CL5","ZoneD","EHP","MUL",51219.7772397783,1,0,1,0,1
"388625","Nagoya","Hotel","CL5","ZoneD","EHP","MUL",372256.173584089,0,0,0,0,2
"388626","Nagoya","Hotel","CL5","ZoneD","EHP","MUL",411186.059444744,1,0,0,0,2
"388629","Nagoya","Hotel","CL5","ZoneD","EHP","MUL",54561.500693676,1,0,1,0,2
"388674","Nagoya","Hotel","CL5","ZoneD","GHP","MUL",47693.3750019132,1,0,0,0,1
"388690","Nagoya","Hotel","CL5","ZoneD","GHP","MUL",50805.0259779284,1,0,0,0,2
"388737","Nagoya","Hotel","CL5","ZoneD","ABCH","CAV",41932.0361496563,0,0,0,0,1
"388738","Nagoya","Hotel","CL5","ZoneD","ABCH","CAV",60805.8797821074,1,0,0,0,1
"388753","Nagoya","Hotel","CL5","ZoneD","ABCH","CAV",44667.8010479496,0,0,0,0,2
"388754","Nagoya","Hotel","CL5","ZoneD","ABCH","CAV",64773.0277384821,1,0,0,0,2
"388865","Nagoya","Hotel","CL5","ZoneD","ABCH","FCU",32778.4355731859,0,0,0,0,1
"388866","Nagoya","Hotel","CL5","ZoneD","ABCH","FCU",36696.7694718018,1,0,0,0,1
"388881","Nagoya","Hotel","CL5","ZoneD","ABCH","FCU",34916.9936232182,0,0,0,0,2
"388882","Nagoya","Hotel","CL5","ZoneD","ABCH","FCU",39090.9707322272,1,0,0,0,2
"389057","Nagoya","Hotel","CL5","ZoneD","ABCH","OHUFCU",29675.7805709321,0,0,0,0,1
"389058","Nagoya","Hotel","CL5","ZoneD","ABCH","OHUFCU",33204.6459861221,1,0,0,0,1
"389073","Nagoya","Hotel","CL5","ZoneD","ABCH","OHUFCU",31611.9126138804,0,0,0,0,2
"389074","Nagoya","Hotel","CL5","ZoneD","ABCH","OHUFCU",35371.0112116236,1,0,0,0,2
"389121","Nagoya","Hotel","CL5","ZoneD","AHP","CAV",61542.6971857142,0,0,0,0,1
"389122","Nagoya","Hotel","CL5","ZoneD","AHP","CAV",89243.4088625067,1,0,0,0,1
"389130","Nagoya","Hotel","CL5","ZoneD","AHP","CAV",34372.9586978282,1,1,0,0,1
"389137","Nagoya","Hotel","CL5","ZoneD","AHP","CAV",65557.9171980713,0,0,0,0,2
"389138","Nagoya","Hotel","CL5","ZoneD","AHP","CAV",95065.9018246588,1,0,0,0,2
"389146","Nagoya","Hotel","CL5","ZoneD","AHP","CAV",36615.5479563224,1,1,0,0,2
"389249","Nagoya","Hotel","CL5","ZoneD","AHP","FCU",59074.8256816963,0,0,0,0,1
"389250","Nagoya","Hotel","CL5","ZoneD","AHP","FCU",66136.6298213903,1,0,0,0,1
"389265","Nagoya","Hotel","CL5","ZoneD","AHP","FCU",62929.0347617415,0,0,0,0,2
"389266","Nagoya","Hotel","CL5","ZoneD","AHP","FCU",70451.5710207878,1,0,0,0,2
"389441","Nagoya","Hotel","CL5","ZoneD","AHP","OHUFCU",53483.0760998915,0,0,0,0,1
"389442","Nagoya","Hotel","CL5","ZoneD","AHP","OHUFCU",59842.9619703156,1,0,0,0,1
"389457","Nagoya","Hotel","CL5","ZoneD","AHP","OHUFCU",56972.4635869344,0,0,0,0,2
"389458","Nagoya","Hotel","CL5","ZoneD","AHP","OHUFCU",63747.2864391772,1,0,0,0,2
"391425","Nagoya","Hotel","CL6b","ZoneD","EHP","MUL",168695.829630265,0,0,0,0,1
"391426","Nagoya","Hotel","CL6b","ZoneD","EHP","MUL",192161.73507257,1,0,0,0,1
"391429","Nagoya","Hotel","CL6b","ZoneD","EHP","MUL",44527.9921444121,1,0,1,0,1
"391441","Nagoya","Hotel","CL6b","ZoneD","EHP","MUL",179702.023737887,0,0,0,0,2
"391442","Nagoya","Hotel","CL6b","ZoneD","EHP","MUL",204698.911367335,1,0,0,0,2
"391445","Nagoya","Hotel","CL6b","ZoneD","EHP","MUL",47433.1245702592,1,0,1,0,2
"391490","Nagoya","Hotel","CL6b","ZoneD","GHP","MUL",21132.849518389,1,0,0,0,1
"391506","Nagoya","Hotel","CL6b","ZoneD","GHP","MUL",22511.6165238114,1,0,0,0,2
"391554","Nagoya","Hotel","CL6b","ZoneD","ABCH","CAV",118632.102696467,1,0,0,0,1
"391569","Nagoya","Hotel","CL6b","ZoneD","ABCH","CAV",53372.330020795,0,0,0,0,2
"391570","Nagoya","Hotel","CL6b","ZoneD","ABCH","CAV",72999.6673282808,1,0,0,0,2
"391873","Nagoya","Hotel","CL6b","ZoneD","ABCH","OHUFCU",34150.3343117179,0,0,0,0,1
"391874","Nagoya","Hotel","CL6b","ZoneD","ABCH","OHUFCU",39385.2508895418,1,0,0,0,1
"391889","Nagoya","Hotel","CL6b","ZoneD","ABCH","OHUFCU",36378.3989242146,0,0,0,0,2
"391890","Nagoya","Hotel","CL6b","ZoneD","ABCH","OHUFCU",41954.856298388,1,0,0,0,2
"391938","Nagoya","Hotel","CL6b","ZoneD","AHP","CAV",132407.882081134,1,0,0,0,1
"391954","Nagoya","Hotel","CL6b","ZoneD","AHP","CAV",80327.402095174,1,0,0,0,2
"391962","Nagoya","Hotel","CL6b","ZoneD","AHP","CAV",60719.1455342314,1,1,0,0,2
"392066","Nagoya","Hotel","CL6b","ZoneD","AHP","FCU",59638.7078405799,1,0,0,0,1
"392082","Nagoya","Hotel","CL6b","ZoneD","AHP","FCU",63529.706191042,1,0,0,0,2
"392257","Nagoya","Hotel","CL6b","ZoneD","AHP","OHUFCU",38120.2373376227,0,0,0,0,1
"392258","Nagoya","Hotel","CL6b","ZoneD","AHP","OHUFCU",43954.4361511201,1,0,0,0,1
"392273","Nagoya","Hotel","CL6b","ZoneD","AHP","OHUFCU",40607.309676554,0,0,0,0,2
"392274","Nagoya","Hotel","CL6b","ZoneD","AHP","OHUFCU",46822.1481581723,1,0,0,0,2
"394241","Nagoya","Hotel","CL6m","ZoneD","EHP","MUL",229080.904084582,0,0,0,0,1
"394242","Nagoya","Hotel","CL6m","ZoneD","EHP","MUL",260946.486332042,1,0,0,0,1
"394245","Nagoya","Hotel","CL6m","ZoneD","EHP","MUL",60466.8931050035,1,0,1,0,1
"394257","Nagoya","Hotel","CL6m","ZoneD","EHP","MUL",244026.791616186,0,0,0,0,2
"394258","Nagoya","Hotel","CL6m","ZoneD","EHP","MUL",277971.374775149,1,0,0,0,2
"394261","Nagoya","Hotel","CL6m","ZoneD","EHP","MUL",64411.9246096774,1,0,1,0,2
"394306","Nagoya","Hotel","CL6m","ZoneD","GHP","MUL",28697.4033926412,1,0,0,0,1
"394322","Nagoya","Hotel","CL6m","ZoneD","GHP","MUL",30569.7033351852,1,0,0,0,2
"394369","Nagoya","Hotel","CL6m","ZoneD","ABCH","CAV",61183.2955347474,0,0,0,0,1
"394370","Nagoya","Hotel","CL6m","ZoneD","ABCH","CAV",83683.0660820736,1,0,0,0,1
"394385","Nagoya","Hotel","CL6m","ZoneD","ABCH","CAV",65175.0671646408,0,0,0,0,2
"394386","Nagoya","Hotel","CL6m","ZoneD","ABCH","CAV",89142.7865199703,1,0,0,0,2
"394689","Nagoya","Hotel","CL6m","ZoneD","ABCH","OHUFCU",41702.3264975306,0,0,0,0,1
"394690","Nagoya","Hotel","CL6m","ZoneD","ABCH","OHUFCU",48094.8905738607,1,0,0,0,1
"394705","Nagoya","Hotel","CL6m","ZoneD","ABCH","OHUFCU",44423.1044869878,0,0,0,0,2
"394706","Nagoya","Hotel","CL6m","ZoneD","ABCH","OHUFCU",51232.7375639194,1,0,0,0,2
"394753","Nagoya","Hotel","CL6m","ZoneD","AHP","CAV",44718.7644378977,0,0,0,0,1
"394754","Nagoya","Hotel","CL6m","ZoneD","AHP","CAV",66615.426469693,1,0,0,0,1
"394762","Nagoya","Hotel","CL6m","ZoneD","AHP","CAV",50354.3208063141,1,1,0,0,1
"394769","Nagoya","Hotel","CL6m","ZoneD","AHP","CAV",47636.3433889319,0,0,0,0,2
"394770","Nagoya","Hotel","CL6m","ZoneD","AHP","CAV",70961.6057196153,1,0,0,0,2
"394778","Nagoya","Hotel","CL6m","ZoneD","AHP","CAV",53639.5794292834,1,1,0,0,2
"394881","Nagoya","Hotel","CL6m","ZoneD","AHP","FCU",33806.4545026851,0,0,0,0,1
"394882","Nagoya","Hotel","CL6m","ZoneD","AHP","FCU",39020.7349343836,1,0,0,0,1
"394897","Nagoya","Hotel","CL6m","ZoneD","AHP","FCU",36012.083421684,0,0,0,0,2
"394898","Nagoya","Hotel","CL6m","ZoneD","AHP","FCU",41566.5582890639,1,0,0,0,2
"395073","Nagoya","Hotel","CL6m","ZoneD","AHP","OHUFCU",46550.1323971353,0,0,0,0,1
"395074","Nagoya","Hotel","CL6m","ZoneD","AHP","OHUFCU",53674.5037591015,1,0,0,0,1
"395089","Nagoya","Hotel","CL6m","ZoneD","AHP","OHUFCU",49587.1949849971,0,0,0,0,2
"395090","Nagoya","Hotel","CL6m","ZoneD","AHP","OHUFCU",57176.380529249,1,0,0,0,2
"395906","Nagoya","Hotel","CL6m","ZoneD","COM","CAV",63794.2772524252,1,0,0,0,1
"395922","Nagoya","Hotel","CL6m","ZoneD","COM","CAV",67956.3967306277,1,0,0,0,2
"397057","Nagoya","Hotel","CL7b","ZoneD","EHP","MUL",33180.8333360327,0,0,0,0,1
"397058","Nagoya","Hotel","CL7b","ZoneD","EHP","MUL",40591.2993397238,1,0,0,0,1
"397073","Nagoya","Hotel","CL7b","ZoneD","EHP","MUL",35345.6449567435,0,0,0,0,2
"397074","Nagoya","Hotel","CL7b","ZoneD","EHP","MUL",43239.5907681057,1,0,0,0,2
"397122","Nagoya","Hotel","CL7b","ZoneD","GHP","MUL",4265.63905430463,1,0,0,0,1
"397138","Nagoya","Hotel","CL7b","ZoneD","GHP","MUL",4543.94143752082,1,0,0,0,2
"397186","Nagoya","Hotel","CL7b","ZoneD","ABCH","CAV",71496.623067424,1,0,0,0,1
"397202","Nagoya","Hotel","CL7b","ZoneD","ABCH","CAV",76161.2654195453,1,0,0,0,2
"397570","Nagoya","Hotel","CL7b","ZoneD","AHP","CAV",80574.6986071497,1,0,0,0,1
"397586","Nagoya","Hotel","CL7b","ZoneD","AHP","CAV",85831.6203400528,1,0,0,0,2
"399873","Nagoya","Hotel","CL7m","ZoneD","EHP","MUL",136501.193134346,0,0,0,0,1
"399874","Nagoya","Hotel","CL7m","ZoneD","EHP","MUL",166986.788265162,1,0,0,0,1
"399877","Nagoya","Hotel","CL7m","ZoneD","EHP","MUL",73683.4327765448,1,0,1,0,1
"399889","Nagoya","Hotel","CL7m","ZoneD","EHP","MUL",145406.917898564,0,0,0,0,2
"399890","Nagoya","Hotel","CL7m","ZoneD","EHP","MUL",177881.479669703,1,0,0,0,2
"399893","Nagoya","Hotel","CL7m","ZoneD","EHP","MUL",78490.7487927855,1,0,1,0,2
"399938","Nagoya","Hotel","CL7m","ZoneD","GHP","MUL",21808.7380169423,1,0,0,0,1
"399954","Nagoya","Hotel","CL7m","ZoneD","GHP","MUL",23231.6019038732,1,0,0,0,2
"400002","Nagoya","Hotel","CL7m","ZoneD","ABCH","CAV",81052.3724859295,1,0,0,0,1
"400010","Nagoya","Hotel","CL7m","ZoneD","ABCH","CAV",100541.773602062,1,1,0,0,1
"400018","Nagoya","Hotel","CL7m","ZoneD","ABCH","CAV",60578.0280850662,1,0,0,0,2
"400024","Nagoya","Hotel","CL7m","ZoneD","ABCH","CAV",57719.5522190472,1,0,1,1,2
"400026","Nagoya","Hotel","CL7m","ZoneD","ABCH","CAV",75144.2826185674,1,1,0,0,2
"400321","Nagoya","Hotel","CL7m","ZoneD","ABCH","OHUFCU",47884.4495345477,0,0,0,0,1
"400322","Nagoya","Hotel","CL7m","ZoneD","ABCH","OHUFCU",59089.6542211278,1,0,0,0,1
"400337","Nagoya","Hotel","CL7m","ZoneD","ABCH","OHUFCU",51008.5667546888,0,0,0,0,2
"400338","Nagoya","Hotel","CL7m","ZoneD","ABCH","OHUFCU",62944.8307571182,1,0,0,0,2
"400386","Nagoya","Hotel","CL7m","ZoneD","AHP","CAV",64088.4356146351,1,0,0,0,1
"400392","Nagoya","Hotel","CL7m","ZoneD","AHP","CAV",61064.3152811355,1,0,1,1,1
"400394","Nagoya","Hotel","CL7m","ZoneD","AHP","CAV",79498.7831503091,1,1,0,0,1
"400402","Nagoya","Hotel","CL7m","ZoneD","AHP","CAV",44755.5224857889,1,0,0,0,2
"400405","Nagoya","Hotel","CL7m","ZoneD","AHP","CAV",36818.1452784671,1,0,1,0,2
"400408","Nagoya","Hotel","CL7m","ZoneD","AHP","CAV",42643.658086422,1,0,1,1,2
"400410","Nagoya","Hotel","CL7m","ZoneD","AHP","CAV",55517.1856319116,1,1,0,0,2
"400413","Nagoya","Hotel","CL7m","ZoneD","AHP","CAV",38269.068746674,1,1,1,0,2
"400705","Nagoya","Hotel","CL7m","ZoneD","AHP","OHUFCU",53964.4380906908,0,0,0,0,1
"400706","Nagoya","Hotel","CL7m","ZoneD","AHP","OHUFCU",66592.3910165398,1,0,0,0,1
"400721","Nagoya","Hotel","CL7m","ZoneD","AHP","OHUFCU",57485.2309984744,0,0,0,0,2
"400722","Nagoya","Hotel","CL7m","ZoneD","AHP","OHUFCU",70937.0673682027,1,0,0,0,2
"401537","Nagoya","Hotel","CL7m","ZoneD","COM","CAV",70732.0139543888,0,0,0,0,1
"401538","Nagoya","Hotel","CL7m","ZoneD","COM","CAV",92979.4755509129,1,0,0,0,1
"401553","Nagoya","Hotel","CL7m","ZoneD","COM","CAV",75346.7710406268,0,0,0,0,2
"401554","Nagoya","Hotel","CL7m","ZoneD","COM","CAV",99045.7200940124,1,0,0,0,2
"402721","Nagoya","Hotel","CL8","ZoneD","EHP","MUL",118363.357687291,0,0,0,0,3
"402722","Nagoya","Hotel","CL8","ZoneD","EHP","MUL",143932.444191238,1,0,0,0,3
"402725","Nagoya","Hotel","CL8","ZoneD","EHP","MUL",136795.885269354,1,0,1,0,3
"402728","Nagoya","Hotel","CL8","ZoneD","EHP","MUL",75655.3454560771,1,0,1,1,3
"402786","Nagoya","Hotel","CL8","ZoneD","GHP","MUL",27134.7727366518,1,0,0,0,3
"402857","Nagoya","Hotel","CL8","ZoneD","ABCH","CAV",33316.6532896428,0,1,0,0,3
"402858","Nagoya","Hotel","CL8","ZoneD","ABCH","CAV",47486.379864437,1,1,0,0,3
"402861","Nagoya","Hotel","CL8","ZoneD","ABCH","CAV",73805.4763512907,1,1,1,0,3
"402864","Nagoya","Hotel","CL8","ZoneD","ABCH","CAV",116113.589016529,1,1,1,1,3
"402920","Nagoya","Hotel","CL8","ZoneD","ABCH","VAV",141040.188076549,1,0,1,1,3
"403169","Nagoya","Hotel","CL8","ZoneD","ABCH","OHUFCU",47890.0835723848,0,0,0,0,3
"403170","Nagoya","Hotel","CL8","ZoneD","ABCH","OHUFCU",58235.3940930499,1,0,0,0,3
"403173","Nagoya","Hotel","CL8","ZoneD","ABCH","OHUFCU",55347.9261311216,1,0,1,0,3
"403245","Nagoya","Hotel","CL8","ZoneD","AHP","CAV",71917.1851768262,1,1,1,0,3
"403248","Nagoya","Hotel","CL8","ZoneD","AHP","CAV",113142.857355213,1,1,1,1,3
"403304","Nagoya","Hotel","CL8","ZoneD","AHP","VAV",96412.163420274,1,0,1,1,3
"403554","Nagoya","Hotel","CL8","ZoneD","AHP","OHUFCU",56592.9599340413,1,0,0,0,3
"403557","Nagoya","Hotel","CL8","ZoneD","AHP","OHUFCU",53786.9282891084,1,0,1,0,3
"403624","Nagoya","Hotel","CL8","ZoneD","TB","CAV",64172.3058018893,1,0,1,1,3
"404008","Nagoya","Hotel","CL8","ZoneD","AB","CAV",90624.6765726663,1,0,1,1,3
"404016","Nagoya","Hotel","CL8","ZoneD","AB","CAV",72350.1262283799,1,1,1,1,3
"404393","Nagoya","Hotel","CL8","ZoneD","COM","CAV",32921.3064783741,0,1,0,0,3
"404394","Nagoya","Hotel","CL8","ZoneD","COM","CAV",46922.8902277412,1,1,0,0,3
"404397","Nagoya","Hotel","CL8","ZoneD","COM","CAV",72929.6753074109,1,1,1,0,3
"404400","Nagoya","Hotel","CL8","ZoneD","COM","CAV",114735.745426912,1,1,1,1,3
"404456","Nagoya","Hotel","CL8","ZoneD","COM","VAV",139366.556930826,1,0,1,1,3
"404705","Nagoya","Hotel","CL8","ZoneD","COM","OHUFCU",47321.8034493143,0,0,0,0,3
"404706","Nagoya","Hotel","CL8","ZoneD","COM","OHUFCU",57544.3529744384,1,0,0,0,3
"404709","Nagoya","Hotel","CL8","ZoneD","COM","OHUFCU",54691.1486956438,1,0,1,0,3
"405160","Nagoya","Hotel","CL8","ZoneD","COM+TESICE","CAV",94129.3590025976,1,0,1,1,3
"405168","Nagoya","Hotel","CL8","ZoneD","COM+TESICE","CAV",75148.0861857058,1,1,1,1,3
"411137","Osaka","Hotel","CL2","ZoneD","EHP","MUL",73393.6227865227,0,0,0,0,1
"411138","Osaka","Hotel","CL2","ZoneD","EHP","MUL",73204.7978652729,1,0,0,0,1
"411153","Osaka","Hotel","CL2","ZoneD","EHP","MUL",35252.8049005063,0,0,0,0,2
"411154","Osaka","Hotel","CL2","ZoneD","EHP","MUL",35162.1075366695,1,0,0,0,2
"411201","Osaka","Hotel","CL2","ZoneD","GHP","MUL",7358.2324720877,0,0,0,0,1
"411217","Osaka","Hotel","CL2","ZoneD","GHP","MUL",3534.34431906407,0,0,0,0,2
"413953","Osaka","Hotel","CL3","ZoneD","EHP","MUL",103166.618089952,0,0,0,0,1
"413954","Osaka","Hotel","CL3","ZoneD","EHP","MUL",107450.069098975,1,0,0,0,1
"413969","Osaka","Hotel","CL3","ZoneD","EHP","MUL",64650.550310286,0,0,0,0,2
"413970","Osaka","Hotel","CL3","ZoneD","EHP","MUL",67334.8242555558,1,0,0,0,2
"414018","Osaka","Hotel","CL3","ZoneD","GHP","MUL",9962.07880500975,1,0,0,0,1
"414034","Osaka","Hotel","CL3","ZoneD","GHP","MUL",6242.8515047063,1,0,0,0,2
"414593","Osaka","Hotel","CL3","ZoneD","AHP","FCU",31449.0402815578,0,0,0,0,1
"414594","Osaka","Hotel","CL3","ZoneD","AHP","FCU",35752.7068298979,1,0,0,0,1
"416769","Osaka","Hotel","CL4","ZoneD","EHP","MUL",167736.189494208,0,0,0,0,1
"416770","Osaka","Hotel","CL4","ZoneD","EHP","MUL",185197.061943052,1,0,0,0,1
"416785","Osaka","Hotel","CL4","ZoneD","EHP","MUL",80567.9150107238,0,0,0,0,2
"416786","Osaka","Hotel","CL4","ZoneD","EHP","MUL",88954.8116709712,1,0,0,0,2
"416834","Osaka","Hotel","CL4","ZoneD","GHP","MUL",18085.6848384359,1,0,0,0,1
"416850","Osaka","Hotel","CL4","ZoneD","GHP","MUL",8687.00978225189,1,0,0,0,2
"417281","Osaka","Hotel","CL4","ZoneD","AHP","CAV",38605.246708724,0,0,0,0,1
"417282","Osaka","Hotel","CL4","ZoneD","AHP","CAV",52324.1599031601,1,0,0,0,1
"417297","Osaka","Hotel","CL4","ZoneD","AHP","CAV",38544.9144333649,0,0,0,0,2
"417298","Osaka","Hotel","CL4","ZoneD","AHP","CAV",47187.3116227102,1,0,0,0,2
"417409","Osaka","Hotel","CL4","ZoneD","AHP","FCU",41376.7354619269,0,0,0,0,1
"417410","Osaka","Hotel","CL4","ZoneD","AHP","FCU",46181.744991257,1,0,0,0,1
"419585","Osaka","Hotel","CL5","ZoneD","EHP","MUL",213694.748757169,0,0,0,0,1
"419586","Osaka","Hotel","CL5","ZoneD","EHP","MUL",250014.840490363,1,0,0,0,1
"419589","Osaka","Hotel","CL5","ZoneD","EHP","MUL",30534.6752466869,1,0,1,0,1
"419601","Osaka","Hotel","CL5","ZoneD","EHP","MUL",227636.799901858,0,0,0,0,2
"419602","Osaka","Hotel","CL5","ZoneD","EHP","MUL",266326.517372087,1,0,0,0,2
"419605","Osaka","Hotel","CL5","ZoneD","EHP","MUL",32526.8440128907,1,0,1,0,2
"419650","Osaka","Hotel","CL5","ZoneD","GHP","MUL",29288.8547825865,1,0,0,0,1
"419666","Osaka","Hotel","CL5","ZoneD","GHP","MUL",31199.7426903293,1,0,0,0,2
"419713","Osaka","Hotel","CL5","ZoneD","ABCH","CAV",49404.7375743344,0,0,0,0,1
"419714","Osaka","Hotel","CL5","ZoneD","ABCH","CAV",64477.0126952368,1,0,0,0,1
"419729","Osaka","Hotel","CL5","ZoneD","ABCH","CAV",52628.0426955756,0,0,0,0,2
"419730","Osaka","Hotel","CL5","ZoneD","ABCH","CAV",68683.6757689996,1,0,0,0,2
"420097","Osaka","Hotel","CL5","ZoneD","AHP","CAV",41551.6815668589,0,0,0,0,1
"420098","Osaka","Hotel","CL5","ZoneD","AHP","CAV",63911.9787389108,1,0,0,0,1
"420113","Osaka","Hotel","CL5","ZoneD","AHP","CAV",44262.6310540235,0,0,0,0,2
"420114","Osaka","Hotel","CL5","ZoneD","AHP","CAV",68081.7773957263,1,0,0,0,2
"420225","Osaka","Hotel","CL5","ZoneD","AHP","FCU",30490.2619827791,0,0,0,0,1
"420226","Osaka","Hotel","CL5","ZoneD","AHP","FCU",36153.8232905884,1,0,0,0,1
"420241","Osaka","Hotel","CL5","ZoneD","AHP","FCU",32479.5331017524,0,0,0,0,2
"420242","Osaka","Hotel","CL5","ZoneD","AHP","FCU",38512.601203125,1,0,0,0,2
"420418","Osaka","Hotel","CL5","ZoneD","AHP","OHUFCU",59720.1155002305,1,0,0,0,1
"420433","Osaka","Hotel","CL5","ZoneD","AHP","OHUFCU",29113.4845438514,0,0,0,0,2
"420434","Osaka","Hotel","CL5","ZoneD","AHP","OHUFCU",34502.9405733137,1,0,0,0,2
"422401","Osaka","Hotel","CL6b","ZoneD","EHP","MUL",50493.7734562622,0,0,0,0,1
"422402","Osaka","Hotel","CL6b","ZoneD","EHP","MUL",58505.2880076393,1,0,0,0,1
"422417","Osaka","Hotel","CL6b","ZoneD","EHP","MUL",53788.1303654043,0,0,0,0,2
"422418","Osaka","Hotel","CL6b","ZoneD","EHP","MUL",62322.3388354265,1,0,0,0,2
"422466","Osaka","Hotel","CL6b","ZoneD","GHP","MUL",6950.85194660555,1,0,0,0,1
"422482","Osaka","Hotel","CL6b","ZoneD","GHP","MUL",7404.34523037763,1,0,0,0,2
"422530","Osaka","Hotel","CL6b","ZoneD","ABCH","CAV",65289.461874446,1,0,0,0,1
"422546","Osaka","Hotel","CL6b","ZoneD","ABCH","CAV",69549.131435616,1,0,0,0,2
"422914","Osaka","Hotel","CL6b","ZoneD","AHP","CAV",86890.5988585769,1,0,0,0,1
"422930","Osaka","Hotel","CL6b","ZoneD","AHP","CAV",92559.5878268346,1,0,0,0,2
"425217","Osaka","Hotel","CL6m","ZoneD","EHP","MUL",85545.1328362423,0,0,0,0,1
"425218","Osaka","Hotel","CL6m","ZoneD","EHP","MUL",99118.0157801302,1,0,0,0,1
"425233","Osaka","Hotel","CL6m","ZoneD","EHP","MUL",91126.3397873659,0,0,0,0,2
"425234","Osaka","Hotel","CL6m","ZoneD","EHP","MUL",105584.756087994,1,0,0,0,2
"425282","Osaka","Hotel","CL6m","ZoneD","GHP","MUL",11775.9381483437,1,0,0,0,1
"425298","Osaka","Hotel","CL6m","ZoneD","GHP","MUL",12544.2337330307,1,0,0,0,2
"425345","Osaka","Hotel","CL6m","ZoneD","ABCH","CAV",48656.2780519958,0,0,0,0,1
"425346","Osaka","Hotel","CL6m","ZoneD","ABCH","CAV",61955.2945549547,1,0,0,0,1
"425361","Osaka","Hotel","CL6m","ZoneD","ABCH","CAV",51830.7515524281,0,0,0,0,2
"425362","Osaka","Hotel","CL6m","ZoneD","ABCH","CAV",65997.4335892229,1,0,0,0,2
"425729","Osaka","Hotel","CL6m","ZoneD","AHP","CAV",64754.2959734836,0,0,0,0,1
"425730","Osaka","Hotel","CL6m","ZoneD","AHP","CAV",82453.3162287645,1,0,0,0,1
"425745","Osaka","Hotel","CL6m","ZoneD","AHP","CAV",68979.0497943019,0,0,0,0,2
"425746","Osaka","Hotel","CL6m","ZoneD","AHP","CAV",87832.8043004016,1,0,0,0,2
"428034","Osaka","Hotel","CL7b","ZoneD","EHP","MUL",47786.5333318952,1,0,0,0,1
"428050","Osaka","Hotel","CL7b","ZoneD","EHP","MUL",50904.2622214234,1,0,0,0,2
"428546","Osaka","Hotel","CL7b","ZoneD","AHP","CAV",91879.721469817,1,0,0,0,1
"428562","Osaka","Hotel","CL7b","ZoneD","AHP","CAV",97874.2149393204,1,0,0,0,2
"430849","Osaka","Hotel","CL7m","ZoneD","EHP","MUL",102486.607506827,0,0,0,0,1
"430850","Osaka","Hotel","CL7m","ZoneD","EHP","MUL",125136.888619512,1,0,0,0,1
"430853","Osaka","Hotel","CL7m","ZoneD","EHP","MUL",54809.3699380656,1,0,1,0,1
"430865","Osaka","Hotel","CL7m","ZoneD","EHP","MUL",109173.124287497,0,0,0,0,2
"430866","Osaka","Hotel","CL7m","ZoneD","EHP","MUL",133301.173944105,1,0,0,0,2
"430869","Osaka","Hotel","CL7m","ZoneD","EHP","MUL",58385.2885946025,1,0,1,0,2
"430914","Osaka","Hotel","CL7m","ZoneD","GHP","MUL",22373.7220628325,1,0,0,0,1
"430930","Osaka","Hotel","CL7m","ZoneD","GHP","MUL",23833.4471104121,1,0,0,0,2
"430986","Osaka","Hotel","CL7m","ZoneD","ABCH","CAV",137025.292551214,1,1,0,0,1
"431002","Osaka","Hotel","CL7m","ZoneD","ABCH","CAV",145965.211046993,1,1,0,0,2
"431298","Osaka","Hotel","CL7m","ZoneD","ABCH","OHUFCU",80876.681513452,1,0,0,0,1
"431314","Osaka","Hotel","CL7m","ZoneD","ABCH","OHUFCU",86153.3054671583,1,0,0,0,2
"431370","Osaka","Hotel","CL7m","ZoneD","AHP","CAV",153906.713008438,1,1,0,0,1
"431386","Osaka","Hotel","CL7m","ZoneD","AHP","CAV",163948.023226655,1,1,0,0,2
"431681","Osaka","Hotel","CL7m","ZoneD","AHP","OHUFCU",40703.7290165618,0,0,0,0,1
"431682","Osaka","Hotel","CL7m","ZoneD","AHP","OHUFCU",50136.9032419928,1,0,0,0,1
"431697","Osaka","Hotel","CL7m","ZoneD","AHP","OHUFCU",43359.355675752,0,0,0,0,2
"431698","Osaka","Hotel","CL7m","ZoneD","AHP","OHUFCU",53407.9769267773,1,0,0,0,2
"432514","Osaka","Hotel","CL7m","ZoneD","COM","CAV",123405.840283853,1,0,0,0,1
"432530","Osaka","Hotel","CL7m","ZoneD","COM","CAV",131457.187108224,1,0,0,0,2
"433697","Osaka","Hotel","CL8","ZoneD","EHP","MUL",142930.171943168,0,0,0,0,3
"433698","Osaka","Hotel","CL8","ZoneD","EHP","MUL",173819.848145766,1,0,0,0,3
"433701","Osaka","Hotel","CL8","ZoneD","EHP","MUL",162606.093192602,1,0,1,0,3
"433704","Osaka","Hotel","CL8","ZoneD","EHP","MUL",86434.2642593003,1,0,1,1,3
"433762","Osaka","Hotel","CL8","ZoneD","GHP","MUL",47059.3364519217,1,0,0,0,3
"433832","Osaka","Hotel","CL8","ZoneD","ABCH","CAV",33410.8375955612,1,0,1,1,3
"433833","Osaka","Hotel","CL8","ZoneD","ABCH","CAV",38116.9190420842,0,1,0,0,3
"433834","Osaka","Hotel","CL8","ZoneD","ABCH","CAV",54484.2764621043,1,1,0,0,3
"433837","Osaka","Hotel","CL8","ZoneD","ABCH","CAV",83138.6532655789,1,1,1,0,3
"433840","Osaka","Hotel","CL8","ZoneD","ABCH","CAV",126734.488510638,1,1,1,1,3
"433893","Osaka","Hotel","CL8","ZoneD","ABCH","VAV",34917.7267345428,1,0,1,0,3
"433896","Osaka","Hotel","CL8","ZoneD","ABCH","VAV",137356.363598752,1,0,1,1,3
"434145","Osaka","Hotel","CL8","ZoneD","ABCH","OHUFCU",50634.1381643883,0,0,0,0,3
"434146","Osaka","Hotel","CL8","ZoneD","ABCH","OHUFCU",61577.0490378004,1,0,0,0,3
"434149","Osaka","Hotel","CL8","ZoneD","ABCH","OHUFCU",57604.4881017799,1,0,1,0,3
"434152","Osaka","Hotel","CL8","ZoneD","ABCH","OHUFCU",30620.0182868516,1,0,1,1,3
"434218","Osaka","Hotel","CL8","ZoneD","AHP","CAV",47981.3161525566,1,1,0,0,3
"434221","Osaka","Hotel","CL8","ZoneD","AHP","CAV",73215.6553388036,1,1,1,0,3
"434224","Osaka","Hotel","CL8","ZoneD","AHP","CAV",111608.118075881,1,1,1,1,3
"434280","Osaka","Hotel","CL8","ZoneD","AHP","VAV",119404.749093102,1,0,1,1,3
"434529","Osaka","Hotel","CL8","ZoneD","AHP","OHUFCU",41423.0758479521,0,0,0,0,3
"434530","Osaka","Hotel","CL8","ZoneD","AHP","OHUFCU",50375.3172317214,1,0,0,0,3
"434533","Osaka","Hotel","CL8","ZoneD","AHP","OHUFCU",47125.4210366063,1,0,1,0,3
"434600","Osaka","Hotel","CL8","ZoneD","TB","CAV",78238.682331737,1,0,1,1,3
"434984","Osaka","Hotel","CL8","ZoneD","AB","CAV",55228.1872025168,1,0,1,1,3
"434992","Osaka","Hotel","CL8","ZoneD","AB","CAV",67101.5089547721,1,1,1,1,3
"435304","Osaka","Hotel","CL8","ZoneD","AB","OHUFCU",72998.8678574298,1,0,1,1,3
"435368","Osaka","Hotel","CL8","ZoneD","COM","CAV",32736.0481851188,1,0,1,1,3
"435369","Osaka","Hotel","CL8","ZoneD","COM","CAV",37347.0822113036,0,1,0,0,3
"435370","Osaka","Hotel","CL8","ZoneD","COM","CAV",53383.8726578867,1,1,0,0,3
"435373","Osaka","Hotel","CL8","ZoneD","COM","CAV",81459.5249689114,1,1,1,0,3
"435376","Osaka","Hotel","CL8","ZoneD","COM","CAV",124174.867233853,1,1,1,1,3
"435429","Osaka","Hotel","CL8","ZoneD","COM","VAV",34212.5031025461,1,0,1,0,3
"435432","Osaka","Hotel","CL8","ZoneD","COM","VAV",134582.215259961,1,0,1,1,3
"435681","Osaka","Hotel","CL8","ZoneD","COM","OHUFCU",58557.1049273095,0,0,0,0,3
"435682","Osaka","Hotel","CL8","ZoneD","COM","OHUFCU",71212.3056170936,1,0,0,0,3
"435685","Osaka","Hotel","CL8","ZoneD","COM","OHUFCU",66618.1389936695,1,0,1,0,3
"436136","Osaka","Hotel","CL8","ZoneD","COM+TESICE","CAV",56514.7485647322,1,0,1,1,3
"436144","Osaka","Hotel","CL8","ZoneD","COM+TESICE","CAV",68664.6638063153,1,1,1,1,3
"436456","Osaka","Hotel","CL8","ZoneD","COM+TESICE","OHUFCU",74699.4038994052,1,0,1,1,3
"436513","Osaka","Hotel","CL9","ZoneD","EHP","MUL",58372.3351784204,0,0,0,0,3
"436514","Osaka","Hotel","CL9","ZoneD","EHP","MUL",71363.692035615,1,0,0,0,3
"436517","Osaka","Hotel","CL9","ZoneD","EHP","MUL",115890.350389595,1,0,1,0,3
"436520","Osaka","Hotel","CL9","ZoneD","EHP","MUL",162988.205126539,1,0,1,1,3
"436584","Osaka","Hotel","CL9","ZoneD","GHP","MUL",52185.7491345675,1,0,1,1,3
"436653","Osaka","Hotel","CL9","ZoneD","ABCH","CAV",61823.9173470494,1,1,1,0,3
"436656","Osaka","Hotel","CL9","ZoneD","ABCH","CAV",216102.981532365,1,1,1,1,3
"436712","Osaka","Hotel","CL9","ZoneD","ABCH","VAV",163015.569791116,1,0,1,1,3
"436720","Osaka","Hotel","CL9","ZoneD","ABCH","VAV",54371.2860445957,1,1,1,1,3
"436965","Osaka","Hotel","CL9","ZoneD","ABCH","OHUFCU",60462.1013405432,1,0,1,0,3
"436968","Osaka","Hotel","CL9","ZoneD","ABCH","OHUFCU",85033.9078494911,1,0,1,1,3
"437040","Osaka","Hotel","CL9","ZoneD","AHP","CAV",145014.329207139,1,1,1,1,3
"437096","Osaka","Hotel","CL9","ZoneD","AHP","VAV",85056.8750232228,1,0,1,1,3
"437104","Osaka","Hotel","CL9","ZoneD","AHP","VAV",28369.3863590637,1,1,1,1,3
"437352","Osaka","Hotel","CL9","ZoneD","AHP","OHUFCU",75915.6679690902,1,0,1,1,3
"437416","Osaka","Hotel","CL9","ZoneD","TB","CAV",45463.7933769968,1,0,1,1,3
"437424","Osaka","Hotel","CL9","ZoneD","TB","CAV",49718.1018792422,1,1,1,1,3
"437805","Osaka","Hotel","CL9","ZoneD","AB","CAV",42360.1185678384,1,1,1,0,3
"437808","Osaka","Hotel","CL9","ZoneD","AB","CAV",148068.066751375,1,1,1,1,3
"437864","Osaka","Hotel","CL9","ZoneD","AB","VAV",111693.971541662,1,0,1,1,3
"437872","Osaka","Hotel","CL9","ZoneD","AB","VAV",37253.7720411025,1,1,1,1,3
"438120","Osaka","Hotel","CL9","ZoneD","AB","OHUFCU",99690.0304107197,1,0,1,1,3
"438184","Osaka","Hotel","CL9","ZoneD","COM","CAV",33828.0591884192,1,0,1,1,3
"438189","Osaka","Hotel","CL9","ZoneD","COM","CAV",75801.017806574,1,1,1,0,3
"438192","Osaka","Hotel","CL9","ZoneD","COM","CAV",264959.36611772,1,1,1,1,3
"438248","Osaka","Hotel","CL9","ZoneD","COM","VAV",219711.545508519,1,0,1,1,3
"438256","Osaka","Hotel","CL9","ZoneD","COM","VAV",73281.3393435437,1,1,1,1,3
"438501","Osaka","Hotel","CL9","ZoneD","COM","OHUFCU",81490.5088344966,1,0,1,0,3
"438504","Osaka","Hotel","CL9","ZoneD","COM","OHUFCU",114608.263113643,1,0,1,1,3
"438957","Osaka","Hotel","CL9","ZoneD","COM+TESICE","CAV",67065.6803187309,1,1,1,0,3
"438960","Osaka","Hotel","CL9","ZoneD","COM+TESICE","CAV",234425.350208998,1,1,1,1,3
"439016","Osaka","Hotel","CL9","ZoneD","COM+TESICE","VAV",176836.903252436,1,0,1,1,3
"439024","Osaka","Hotel","CL9","ZoneD","COM+TESICE","VAV",58981.1750024792,1,1,1,1,3
"439269","Osaka","Hotel","CL9","ZoneD","COM+TESICE","OHUFCU",65588.4022544407,1,0,1,0,3
"439272","Osaka","Hotel","CL9","ZoneD","COM+TESICE","OHUFCU",92243.5381775199,1,0,1,1,3
"442113","Hiroshima","Hotel","CL2","ZoneD","EHP","MUL",50160.1615917601,0,0,0,0,1
"442114","Hiroshima","Hotel","CL2","ZoneD","EHP","MUL",49674.031258657,1,0,0,0,1
"442129","Hiroshima","Hotel","CL2","ZoneD","EHP","MUL",49489.1179827695,0,0,0,0,2
"442177","Hiroshima","Hotel","CL2","ZoneD","GHP","MUL",3198.33654734805,0,0,0,0,1
"444929","Hiroshima","Hotel","CL3","ZoneD","EHP","MUL",90414.0689032973,0,0,0,0,1
"444930","Hiroshima","Hotel","CL3","ZoneD","EHP","MUL",92496.6531850435,1,0,0,0,1
"444945","Hiroshima","Hotel","CL3","ZoneD","EHP","MUL",43428.1537045773,0,0,0,0,2
"444946","Hiroshima","Hotel","CL3","ZoneD","EHP","MUL",44428.4713695986,1,0,0,0,2
"444994","Hiroshima","Hotel","CL3","ZoneD","GHP","MUL",6574.38940139993,1,0,0,0,1
"445010","Hiroshima","Hotel","CL3","ZoneD","GHP","MUL",3157.84475691624,1,0,0,0,2
"447745","Hiroshima","Hotel","CL4","ZoneD","EHP","MUL",116604.060378692,0,0,0,0,1
"447746","Hiroshima","Hotel","CL4","ZoneD","EHP","MUL",129781.261466264,1,0,0,0,1
"447761","Hiroshima","Hotel","CL4","ZoneD","EHP","MUL",56007.8660116466,0,0,0,0,2
"447762","Hiroshima","Hotel","CL4","ZoneD","EHP","MUL",62337.2074644605,1,0,0,0,2
"447810","Hiroshima","Hotel","CL4","ZoneD","GHP","MUL",9025.19553654637,1,0,0,0,1
"447826","Hiroshima","Hotel","CL4","ZoneD","GHP","MUL",4335.02864907243,1,0,0,0,2
"448257","Hiroshima","Hotel","CL4","ZoneD","AHP","CAV",52164.7352032696,0,0,0,0,1
"448258","Hiroshima","Hotel","CL4","ZoneD","AHP","CAV",64289.2787215376,1,0,0,0,1
"448274","Hiroshima","Hotel","CL4","ZoneD","AHP","CAV",55935.7949220344,1,0,0,0,2
"450561","Hiroshima","Hotel","CL5","ZoneD","EHP","MUL",144241.296026988,0,0,0,0,1
"450562","Hiroshima","Hotel","CL5","ZoneD","EHP","MUL",166928.499665914,1,0,0,0,1
"450577","Hiroshima","Hotel","CL5","ZoneD","EHP","MUL",153652.007043897,0,0,0,0,2
"450578","Hiroshima","Hotel","CL5","ZoneD","EHP","MUL",177819.388157016,1,0,0,0,2
"450626","Hiroshima","Hotel","CL5","ZoneD","GHP","MUL",12956.4729694469,1,0,0,0,1
"450642","Hiroshima","Hotel","CL5","ZoneD","GHP","MUL",13801.789992188,1,0,0,0,2
"450689","Hiroshima","Hotel","CL5","ZoneD","ABCH","CAV",35385.5267254317,0,0,0,0,1
"450690","Hiroshima","Hotel","CL5","ZoneD","ABCH","CAV",45518.0476546904,1,0,0,0,1
"450705","Hiroshima","Hotel","CL5","ZoneD","ABCH","CAV",37694.178792256,0,0,0,0,2
"450706","Hiroshima","Hotel","CL5","ZoneD","ABCH","CAV",48487.774108424,1,0,0,0,2
"451073","Hiroshima","Hotel","CL5","ZoneD","AHP","CAV",65664.1690025517,0,0,0,0,1
"451074","Hiroshima","Hotel","CL5","ZoneD","AHP","CAV",84466.8724887359,1,0,0,0,1
"451089","Hiroshima","Hotel","CL5","ZoneD","AHP","CAV",69948.2855188981,0,0,0,0,2
"451090","Hiroshima","Hotel","CL5","ZoneD","AHP","CAV",89977.7306783687,1,0,0,0,2
"453377","Hiroshima","Hotel","CL6b","ZoneD","EHP","MUL",33187.3411938259,0,0,0,0,1
"453378","Hiroshima","Hotel","CL6b","ZoneD","EHP","MUL",38575.0789611186,1,0,0,0,1
"453393","Hiroshima","Hotel","CL6b","ZoneD","EHP","MUL",35352.5774056263,0,0,0,0,2
"453394","Hiroshima","Hotel","CL6b","ZoneD","EHP","MUL",41091.8264568538,1,0,0,0,2
"453442","Hiroshima","Hotel","CL6b","ZoneD","GHP","MUL",4058.44766374281,1,0,0,0,1
"453458","Hiroshima","Hotel","CL6b","ZoneD","GHP","MUL",4323.23229333729,1,0,0,0,2
"453889","Hiroshima","Hotel","CL6b","ZoneD","AHP","CAV",44352.3399766754,0,0,0,0,1
"453890","Hiroshima","Hotel","CL6b","ZoneD","AHP","CAV",56702.4081934451,1,0,0,0,1
"453905","Hiroshima","Hotel","CL6b","ZoneD","AHP","CAV",47246.0123571986,0,0,0,0,2
"453906","Hiroshima","Hotel","CL6b","ZoneD","AHP","CAV",60401.8340317394,1,0,0,0,2
"456193","Hiroshima","Hotel","CL6m","ZoneD","EHP","MUL",67155.4448317275,0,0,0,0,1
"456194","Hiroshima","Hotel","CL6m","ZoneD","EHP","MUL",78057.6718069499,1,0,0,0,1
"456209","Hiroshima","Hotel","CL6m","ZoneD","EHP","MUL",71536.8564103168,0,0,0,0,2
"456210","Hiroshima","Hotel","CL6m","ZoneD","EHP","MUL",83150.3755766836,1,0,0,0,2
"456258","Hiroshima","Hotel","CL6m","ZoneD","GHP","MUL",8212.37400709998,1,0,0,0,1
"456274","Hiroshima","Hotel","CL6m","ZoneD","GHP","MUL",8748.17256598932,1,0,0,0,2
"456322","Hiroshima","Hotel","CL6m","ZoneD","ABCH","CAV",84436.9810455282,1,0,0,0,1
"456338","Hiroshima","Hotel","CL6m","ZoneD","ABCH","CAV",89945.8890326762,1,0,0,0,2
"456705","Hiroshima","Hotel","CL6m","ZoneD","AHP","CAV",52689.2103261238,0,0,0,0,1
"456706","Hiroshima","Hotel","CL6m","ZoneD","AHP","CAV",67360.7100070326,1,0,0,0,1
"456721","Hiroshima","Hotel","CL6m","ZoneD","AHP","CAV",56126.8037598066,0,0,0,0,2
"456722","Hiroshima","Hotel","CL6m","ZoneD","AHP","CAV",71755.5136675001,1,0,0,0,2
"459010","Hiroshima","Hotel","CL7b","ZoneD","EHP","MUL",14724.9211492009,1,0,0,0,1
"459026","Hiroshima","Hotel","CL7b","ZoneD","EHP","MUL",15685.6167440045,1,0,0,0,2
"459522","Hiroshima","Hotel","CL7b","ZoneD","AHP","CAV",28317.0247977543,1,0,0,0,1
"459538","Hiroshima","Hotel","CL7b","ZoneD","AHP","CAV",30164.5077625527,1,0,0,0,2
"461825","Hiroshima","Hotel","CL7m","ZoneD","EHP","MUL",47723.333660262,0,0,0,0,1
"461826","Hiroshima","Hotel","CL7m","ZoneD","EHP","MUL",58531.4123208799,1,0,0,0,1
"461841","Hiroshima","Hotel","CL7m","ZoneD","EHP","MUL",50836.9392240681,0,0,0,0,2
"461842","Hiroshima","Hotel","CL7m","ZoneD","EHP","MUL",62350.1675729145,1,0,0,0,2
"461890","Hiroshima","Hotel","CL7m","ZoneD","GHP","MUL",5926.76304157385,1,0,0,0,1
"461906","Hiroshima","Hotel","CL7m","ZoneD","GHP","MUL",6313.44186231537,1,0,0,0,2
"461954","Hiroshima","Hotel","CL7m","ZoneD","ABCH","CAV",101191.801254555,1,0,0,0,1
"461970","Hiroshima","Hotel","CL7m","ZoneD","ABCH","CAV",107793.841205089,1,0,0,0,2
"462338","Hiroshima","Hotel","CL7m","ZoneD","AHP","CAV",114540.869953545,1,0,0,0,1
"462354","Hiroshima","Hotel","CL7m","ZoneD","AHP","CAV",122013.840985061,1,0,0,0,2
"464674","Hiroshima","Hotel","CL8","ZoneD","EHP","MUL",47272.2453441542,1,0,0,0,3
"464677","Hiroshima","Hotel","CL8","ZoneD","EHP","MUL",43415.110912678,1,0,1,0,3
"464738","Hiroshima","Hotel","CL8","ZoneD","GHP","MUL",4883.57197968559,1,0,0,0,3
"464808","Hiroshima","Hotel","CL8","ZoneD","ABCH","CAV",133163.632752378,1,0,1,1,3
"465192","Hiroshima","Hotel","CL8","ZoneD","AHP","CAV",94388.350178548,1,0,1,1,3
"466344","Hiroshima","Hotel","CL8","ZoneD","COM","CAV",130935.786110208,1,0,1,1,3
"473089","Matsuyama","Hotel","CL2","ZoneD","EHP","MUL",47748.9383259554,0,0,0,0,1
"473090","Matsuyama","Hotel","CL2","ZoneD","EHP","MUL",46145.0275731076,1,0,0,0,1
"473105","Matsuyama","Hotel","CL2","ZoneD","EHP","MUL",46644.9158036276,0,0,0,0,2
"473153","Matsuyama","Hotel","CL2","ZoneD","GHP","MUL",3217.15377105915,0,0,0,0,1
"475905","Matsuyama","Hotel","CL3","ZoneD","EHP","MUL",75261.5875556384,0,0,0,0,1
"475906","Matsuyama","Hotel","CL3","ZoneD","EHP","MUL",75685.5821526257,1,0,0,0,1
"475921","Matsuyama","Hotel","CL3","ZoneD","EHP","MUL",36150.0354100045,0,0,0,0,2
"475922","Matsuyama","Hotel","CL3","ZoneD","EHP","MUL",36353.6906901087,1,0,0,0,2
"475970","Matsuyama","Hotel","CL3","ZoneD","GHP","MUL",5378.04730667654,1,0,0,0,1
"475986","Matsuyama","Hotel","CL3","ZoneD","GHP","MUL",2583.21152778382,1,0,0,0,2
"478721","Matsuyama","Hotel","CL4","ZoneD","EHP","MUL",78988.4952256529,0,0,0,0,1
"478722","Matsuyama","Hotel","CL4","ZoneD","EHP","MUL",87233.2882233019,1,0,0,0,1
"478737","Matsuyama","Hotel","CL4","ZoneD","EHP","MUL",53968.5741396153,0,0,0,0,2
"478738","Matsuyama","Hotel","CL4","ZoneD","EHP","MUL",59601.7960523541,1,0,0,0,2
"478786","Matsuyama","Hotel","CL4","ZoneD","GHP","MUL",5284.71395543182,1,0,0,0,1
"478802","Matsuyama","Hotel","CL4","ZoneD","GHP","MUL",3610.75972007827,1,0,0,0,2
"479361","Matsuyama","Hotel","CL4","ZoneD","AHP","FCU",32640.1352697014,0,0,0,0,1
"479362","Matsuyama","Hotel","CL4","ZoneD","AHP","FCU",39815.4483783567,1,0,0,0,1
"481537","Matsuyama","Hotel","CL5","ZoneD","EHP","MUL",57177.5315838818,0,0,0,0,1
"481538","Matsuyama","Hotel","CL5","ZoneD","EHP","MUL",65496.4400117426,1,0,0,0,1
"481553","Matsuyama","Hotel","CL5","ZoneD","EHP","MUL",60907.9558189454,0,0,0,0,2
"481554","Matsuyama","Hotel","CL5","ZoneD","EHP","MUL",69769.6134132869,1,0,0,0,2
"481602","Matsuyama","Hotel","CL5","ZoneD","GHP","MUL",6624.2499411474,1,0,0,0,1
"481618","Matsuyama","Hotel","CL5","ZoneD","GHP","MUL",7056.43478430248,1,0,0,0,2
"482049","Matsuyama","Hotel","CL5","ZoneD","AHP","CAV",45407.2819721243,0,0,0,0,1
"482050","Matsuyama","Hotel","CL5","ZoneD","AHP","CAV",57884.8364521197,1,0,0,0,1
"482065","Matsuyama","Hotel","CL5","ZoneD","AHP","CAV",48369.7817587526,0,0,0,0,2
"482066","Matsuyama","Hotel","CL5","ZoneD","AHP","CAV",61661.4072617024,1,0,0,0,2
"484354","Matsuyama","Hotel","CL6b","ZoneD","EHP","MUL",38373.4621013211,1,0,0,0,1
"484370","Matsuyama","Hotel","CL6b","ZoneD","EHP","MUL",40877.055541623,1,0,0,0,2
"484866","Matsuyama","Hotel","CL6b","ZoneD","AHP","CAV",49635.6666342413,1,0,0,0,1
"484882","Matsuyama","Hotel","CL6b","ZoneD","AHP","CAV",52874.0382219387,1,0,0,0,2
"487169","Matsuyama","Hotel","CL6m","ZoneD","EHP","MUL",37586.4926906091,0,0,0,0,1
"487170","Matsuyama","Hotel","CL6m","ZoneD","EHP","MUL",43982.935027221,1,0,0,0,1
"487185","Matsuyama","Hotel","CL6m","ZoneD","EHP","MUL",40038.7420158251,0,0,0,0,2
"487186","Matsuyama","Hotel","CL6m","ZoneD","EHP","MUL",46852.5063817323,1,0,0,0,2
"487234","Matsuyama","Hotel","CL6m","ZoneD","GHP","MUL",4788.0726438631,1,0,0,0,1
"487250","Matsuyama","Hotel","CL6m","ZoneD","GHP","MUL",5100.46007534409,1,0,0,0,2
"487681","Matsuyama","Hotel","CL6m","ZoneD","AHP","CAV",48827.4954392614,0,0,0,0,1
"487682","Matsuyama","Hotel","CL6m","ZoneD","AHP","CAV",62875.0162601403,1,0,0,0,1
"487697","Matsuyama","Hotel","CL6m","ZoneD","AHP","CAV",52013.1396473689,0,0,0,0,2
"487698","Matsuyama","Hotel","CL6m","ZoneD","AHP","CAV",66977.1605454834,1,0,0,0,2
"489986","Matsuyama","Hotel","CL7b","ZoneD","EHP","MUL",7942.72189219428,1,0,0,0,1
"490002","Matsuyama","Hotel","CL7b","ZoneD","EHP","MUL",8460.92758275552,1,0,0,0,2
"490498","Matsuyama","Hotel","CL7b","ZoneD","AHP","CAV",15266.2287860621,1,0,0,0,1
"490514","Matsuyama","Hotel","CL7b","ZoneD","AHP","CAV",16262.2408254766,1,0,0,0,2
"492802","Matsuyama","Hotel","CL7m","ZoneD","EHP","MUL",63738.5093283418,1,0,0,0,1
"492818","Matsuyama","Hotel","CL7m","ZoneD","EHP","MUL",67896.9903490984,1,0,0,0,2
"492866","Matsuyama","Hotel","CL7m","ZoneD","GHP","MUL",3559.79762819263,1,0,0,0,1
"492882","Matsuyama","Hotel","CL7m","ZoneD","GHP","MUL",3792.04891600226,1,0,0,0,2
"493314","Matsuyama","Hotel","CL7m","ZoneD","AHP","CAV",129350.034516852,1,0,0,0,1
"493330","Matsuyama","Hotel","CL7m","ZoneD","AHP","CAV",137789.197422304,1,0,0,0,2
"495650","Matsuyama","Hotel","CL8","ZoneD","EHP","MUL",51322.4355502806,1,0,0,0,3
"495714","Matsuyama","Hotel","CL8","ZoneD","GHP","MUL",3014.22703278488,1,0,0,0,3
"495784","Matsuyama","Hotel","CL8","ZoneD","ABCH","CAV",106115.878554799,1,0,1,1,3
"497320","Matsuyama","Hotel","CL8","ZoneD","COM","CAV",104268.938750756,1,0,1,1,3
"501249","Fukuoka","Hotel","CL1","ZoneD","EHP","MUL",130.271014144922,0,0,0,0,1
"501265","Fukuoka","Hotel","CL1","ZoneD","EHP","MUL",62.5724480068227,0,0,0,0,2
"504065","Fukuoka","Hotel","CL2","ZoneD","EHP","MUL",337496.28549977,0,0,0,0,1
"504066","Fukuoka","Hotel","CL2","ZoneD","EHP","MUL",339694.968965828,1,0,0,0,1
"504081","Fukuoka","Hotel","CL2","ZoneD","EHP","MUL",185070.092849545,0,0,0,0,2
"504082","Fukuoka","Hotel","CL2","ZoneD","EHP","MUL",186275.767017507,1,0,0,0,2
"504130","Fukuoka","Hotel","CL2","ZoneD","GHP","MUL",23016.6165716872,1,0,0,0,1
"504146","Fukuoka","Hotel","CL2","ZoneD","GHP","MUL",12621.4348098579,1,0,0,0,2
"504705","Fukuoka","Hotel","CL2","ZoneD","AHP","FCU",47669.234685026,0,0,0,0,1
"504706","Fukuoka","Hotel","CL2","ZoneD","AHP","FCU",51513.2085353196,1,0,0,0,1
"506881","Fukuoka","Hotel","CL3","ZoneD","EHP","MUL",305828.534350493,0,0,0,0,1
"506882","Fukuoka","Hotel","CL3","ZoneD","EHP","MUL",326488.962621793,1,0,0,0,1
"506897","Fukuoka","Hotel","CL3","ZoneD","EHP","MUL",146897.145080642,0,0,0,0,2
"506898","Fukuoka","Hotel","CL3","ZoneD","EHP","MUL",156820.868959589,1,0,0,0,2
"506946","Fukuoka","Hotel","CL3","ZoneD","GHP","MUL",19566.1324312263,1,0,0,0,1
"506962","Fukuoka","Hotel","CL3","ZoneD","GHP","MUL",9398.1060352038,1,0,0,0,2
"507393","Fukuoka","Hotel","CL3","ZoneD","AHP","CAV",34382.6798482193,0,0,0,0,1
"507394","Fukuoka","Hotel","CL3","ZoneD","AHP","CAV",45540.244847348,1,0,0,0,1
"507521","Fukuoka","Hotel","CL3","ZoneD","AHP","FCU",53667.0898519056,0,0,0,0,1
"507522","Fukuoka","Hotel","CL3","ZoneD","AHP","FCU",57735.1020860326,1,0,0,0,1
"507537","Fukuoka","Hotel","CL3","ZoneD","AHP","FCU",42376.1738558933,0,0,0,0,2
"507538","Fukuoka","Hotel","CL3","ZoneD","AHP","FCU",49522.0967726843,1,0,0,0,2
"509697","Fukuoka","Hotel","CL4","ZoneD","EHP","MUL",395774.971796716,0,0,0,0,1
"509698","Fukuoka","Hotel","CL4","ZoneD","EHP","MUL",438910.086321974,1,0,0,0,1
"509701","Fukuoka","Hotel","CL4","ZoneD","EHP","MUL",30025.6167762698,1,0,1,0,1
"509713","Fukuoka","Hotel","CL4","ZoneD","EHP","MUL",196939.059630164,0,0,0,0,2
"509714","Fukuoka","Hotel","CL4","ZoneD","EHP","MUL",218403.248871536,1,0,0,0,2
"509762","Fukuoka","Hotel","CL4","ZoneD","GHP","MUL",28574.9034295412,1,0,0,0,1
"509778","Fukuoka","Hotel","CL4","ZoneD","GHP","MUL",13725.245565033,1,0,0,0,2
"509825","Fukuoka","Hotel","CL4","ZoneD","ABCH","CAV",51152.5730923761,0,0,0,0,1
"509826","Fukuoka","Hotel","CL4","ZoneD","ABCH","CAV",62704.540030817,1,0,0,0,1
"509842","Fukuoka","Hotel","CL4","ZoneD","ABCH","CAV",54688.4380832589,1,0,0,0,2
"510209","Fukuoka","Hotel","CL4","ZoneD","AHP","CAV",42943.2317952944,0,0,0,0,1
"510210","Fukuoka","Hotel","CL4","ZoneD","AHP","CAV",62418.9755532162,1,0,0,0,1
"510225","Fukuoka","Hotel","CL4","ZoneD","AHP","CAV",58415.346916193,0,0,0,0,2
"510226","Fukuoka","Hotel","CL4","ZoneD","AHP","CAV",71607.491816798,1,0,0,0,2
"510337","Fukuoka","Hotel","CL4","ZoneD","AHP","FCU",49310.7726069301,0,0,0,0,1
"510338","Fukuoka","Hotel","CL4","ZoneD","AHP","FCU",55291.8353463575,1,0,0,0,1
"510529","Fukuoka","Hotel","CL4","ZoneD","AHP","OHUFCU",28633.4911876194,0,0,0,0,1
"510530","Fukuoka","Hotel","CL4","ZoneD","AHP","OHUFCU",32099.222587621,1,0,0,0,1
"512513","Fukuoka","Hotel","CL5","ZoneD","EHP","MUL",326004.59786202,0,0,0,0,1
"512514","Fukuoka","Hotel","CL5","ZoneD","EHP","MUL",372051.121128465,1,0,0,0,1
"512517","Fukuoka","Hotel","CL5","ZoneD","EHP","MUL",46927.485073547,1,0,1,0,1
"512529","Fukuoka","Hotel","CL5","ZoneD","EHP","MUL",347274.061914041,0,0,0,0,2
"512530","Fukuoka","Hotel","CL5","ZoneD","EHP","MUL",396324.790881139,1,0,0,0,2
"512533","Fukuoka","Hotel","CL5","ZoneD","EHP","MUL",49989.1672196559,1,0,1,0,2
"512578","Fukuoka","Hotel","CL5","ZoneD","GHP","MUL",30827.1446028788,1,0,0,0,1
"512594","Fukuoka","Hotel","CL5","ZoneD","GHP","MUL",32838.3948989096,1,0,0,0,2
"512641","Fukuoka","Hotel","CL5","ZoneD","ABCH","CAV",45796.3287375632,0,0,0,0,1
"512642","Fukuoka","Hotel","CL5","ZoneD","ABCH","CAV",62737.8030740661,1,0,0,0,1
"512657","Fukuoka","Hotel","CL5","ZoneD","ABCH","CAV",48784.2110379547,0,0,0,0,2
"512658","Fukuoka","Hotel","CL5","ZoneD","ABCH","CAV",66830.9951822074,1,0,0,0,2
"512769","Fukuoka","Hotel","CL5","ZoneD","ABCH","FCU",33724.6049574246,0,0,0,0,1
"512770","Fukuoka","Hotel","CL5","ZoneD","ABCH","FCU",38996.2050684883,1,0,0,0,1
"512785","Fukuoka","Hotel","CL5","ZoneD","ABCH","FCU",35924.8937800814,0,0,0,0,2
"512786","Fukuoka","Hotel","CL5","ZoneD","ABCH","FCU",41540.4280251856,1,0,0,0,2
"513025","Fukuoka","Hotel","CL5","ZoneD","AHP","CAV",58449.8422192496,0,0,0,0,1
"513026","Fukuoka","Hotel","CL5","ZoneD","AHP","CAV",87591.3361213363,1,0,0,0,1
"513041","Fukuoka","Hotel","CL5","ZoneD","AHP","CAV",62263.2756066365,0,0,0,0,2
"513042","Fukuoka","Hotel","CL5","ZoneD","AHP","CAV",93306.0431749153,1,0,0,0,2
"513153","Fukuoka","Hotel","CL5","ZoneD","AHP","FCU",45375.5033757001,0,0,0,0,1
"513154","Fukuoka","Hotel","CL5","ZoneD","AHP","FCU",52476.044416644,1,0,0,0,1
"513169","Fukuoka","Hotel","CL5","ZoneD","AHP","FCU",48335.9298366185,0,0,0,0,2
"513170","Fukuoka","Hotel","CL5","ZoneD","AHP","FCU",55899.7303021554,1,0,0,0,2
"513345","Fukuoka","Hotel","CL5","ZoneD","AHP","OHUFCU",40645.7442606486,0,0,0,0,1
"513346","Fukuoka","Hotel","CL5","ZoneD","AHP","OHUFCU",46980.6772948207,1,0,0,0,1
"513361","Fukuoka","Hotel","CL5","ZoneD","AHP","OHUFCU",43297.5878300003,0,0,0,0,2
"513362","Fukuoka","Hotel","CL5","ZoneD","AHP","OHUFCU",50045.8298522233,1,0,0,0,2
"515329","Fukuoka","Hotel","CL6b","ZoneD","EHP","MUL",89339.8569156167,0,0,0,0,1
"515330","Fukuoka","Hotel","CL6b","ZoneD","EHP","MUL",105389.942441149,1,0,0,0,1
"515345","Fukuoka","Hotel","CL6b","ZoneD","EHP","MUL",95168.6424221437,0,0,0,0,2
"515346","Fukuoka","Hotel","CL6b","ZoneD","EHP","MUL",112265.881022682,1,0,0,0,2
"515394","Fukuoka","Hotel","CL6b","ZoneD","GHP","MUL",8496.46912452232,1,0,0,0,1
"515410","Fukuoka","Hotel","CL6b","ZoneD","GHP","MUL",9050.80285416383,1,0,0,0,2
"515458","Fukuoka","Hotel","CL6b","ZoneD","ABCH","CAV",80264.8865355075,1,0,0,0,1
"515474","Fukuoka","Hotel","CL6b","ZoneD","ABCH","CAV",85501.5952506684,1,0,0,0,2
"515841","Fukuoka","Hotel","CL6b","ZoneD","AHP","CAV",50250.7082999994,0,0,0,0,1
"515842","Fukuoka","Hotel","CL6b","ZoneD","AHP","CAV",65392.4976719958,1,0,0,0,1
"515857","Fukuoka","Hotel","CL6b","ZoneD","AHP","CAV",53529.2069493583,0,0,0,0,2
"515858","Fukuoka","Hotel","CL6b","ZoneD","AHP","CAV",69658.8895806617,1,0,0,0,2
"518145","Fukuoka","Hotel","CL6m","ZoneD","EHP","MUL",152173.536204922,0,0,0,0,1
"518146","Fukuoka","Hotel","CL6m","ZoneD","EHP","MUL",179511.818972922,1,0,0,0,1
"518149","Fukuoka","Hotel","CL6m","ZoneD","EHP","MUL",40137.7980119635,1,0,1,0,1
"518161","Fukuoka","Hotel","CL6m","ZoneD","EHP","MUL",162101.769055642,0,0,0,0,2
"518162","Fukuoka","Hotel","CL6m","ZoneD","EHP","MUL",191223.678884093,1,0,0,0,2
"518165","Fukuoka","Hotel","CL6m","ZoneD","EHP","MUL",42756.5017282346,1,0,1,0,2
"518210","Fukuoka","Hotel","CL6m","ZoneD","GHP","MUL",16223.4231807109,1,0,0,0,1
"518226","Fukuoka","Hotel","CL6m","ZoneD","GHP","MUL",17281.8852956805,1,0,0,0,2
"518273","Fukuoka","Hotel","CL6m","ZoneD","ABCH","CAV",66596.5411768409,0,0,0,0,1
"518274","Fukuoka","Hotel","CL6m","ZoneD","ABCH","CAV",86663.7369143233,1,0,0,0,1
"518289","Fukuoka","Hotel","CL6m","ZoneD","ABCH","CAV",70941.4882967258,0,0,0,0,2
"518290","Fukuoka","Hotel","CL6m","ZoneD","ABCH","CAV",92317.9247662788,1,0,0,0,2
"518657","Fukuoka","Hotel","CL6m","ZoneD","AHP","CAV",56717.9625306929,0,0,0,0,1
"518658","Fukuoka","Hotel","CL6m","ZoneD","AHP","CAV",80416.5537973646,1,0,0,0,1
"518673","Fukuoka","Hotel","CL6m","ZoneD","AHP","CAV",60418.4031780393,0,0,0,0,2
"518674","Fukuoka","Hotel","CL6m","ZoneD","AHP","CAV",85663.1577146026,1,0,0,0,2
"518977","Fukuoka","Hotel","CL6m","ZoneD","AHP","OHUFCU",38138.7875764219,0,0,0,0,1
"518978","Fukuoka","Hotel","CL6m","ZoneD","AHP","OHUFCU",45539.4408912323,1,0,0,0,1
"518993","Fukuoka","Hotel","CL6m","ZoneD","AHP","OHUFCU",40627.0701855145,0,0,0,0,2
"518994","Fukuoka","Hotel","CL6m","ZoneD","AHP","OHUFCU",48510.5631003589,1,0,0,0,2
"520962","Fukuoka","Hotel","CL7b","ZoneD","EHP","MUL",29927.5599096202,1,0,0,0,1
"520978","Fukuoka","Hotel","CL7b","ZoneD","EHP","MUL",31880.1187503142,1,0,0,0,2
"521474","Fukuoka","Hotel","CL7b","ZoneD","AHP","CAV",54658.9255497157,1,0,0,0,1
"521490","Fukuoka","Hotel","CL7b","ZoneD","AHP","CAV",58225.0287879093,1,0,0,0,2
"523777","Fukuoka","Hotel","CL7m","ZoneD","EHP","MUL",73144.2699694375,0,0,0,0,1
"523778","Fukuoka","Hotel","CL7m","ZoneD","EHP","MUL",90084.8764118923,1,0,0,0,1
"523781","Fukuoka","Hotel","CL7m","ZoneD","EHP","MUL",39098.8279208825,1,0,1,0,1
"523793","Fukuoka","Hotel","CL7m","ZoneD","EHP","MUL",77916.4094758402,0,0,0,0,2
"523794","Fukuoka","Hotel","CL7m","ZoneD","EHP","MUL",95962.2691021772,1,0,0,0,2
"523797","Fukuoka","Hotel","CL7m","ZoneD","EHP","MUL",41649.7462833632,1,0,1,0,2
"523842","Fukuoka","Hotel","CL7m","ZoneD","GHP","MUL",12820.9253529035,1,0,0,0,1
"523858","Fukuoka","Hotel","CL7m","ZoneD","GHP","MUL",13657.3988649202,1,0,0,0,2
"523906","Fukuoka","Hotel","CL7m","ZoneD","ABCH","CAV",145374.919429135,1,0,0,0,1
"523921","Fukuoka","Hotel","CL7m","ZoneD","ABCH","CAV",66601.513911844,0,0,0,0,2
"523922","Fukuoka","Hotel","CL7m","ZoneD","ABCH","CAV",88258.0773383065,1,0,0,0,2
"524289","Fukuoka","Hotel","CL7m","ZoneD","AHP","CAV",70633.3465836536,0,0,0,0,1
"524290","Fukuoka","Hotel","CL7m","ZoneD","AHP","CAV",93600.9258542526,1,0,0,0,1
"524305","Fukuoka","Hotel","CL7m","ZoneD","AHP","CAV",75241.6663309438,0,0,0,0,2
"524306","Fukuoka","Hotel","CL7m","ZoneD","AHP","CAV",99707.7155766956,1,0,0,0,2
"525442","Fukuoka","Hotel","CL7m","ZoneD","COM","CAV",83333.2238817289,1,0,0,0,1
"525458","Fukuoka","Hotel","CL7m","ZoneD","COM","CAV",88770.1196228179,1,0,0,0,2
"526625","Fukuoka","Hotel","CL8","ZoneD","EHP","MUL",57109.7509014229,0,0,0,0,3
"526626","Fukuoka","Hotel","CL8","ZoneD","EHP","MUL",69432.880034604,1,0,0,0,3
"526629","Fukuoka","Hotel","CL8","ZoneD","EHP","MUL",64479.4862008899,1,0,1,0,3
"526632","Fukuoka","Hotel","CL8","ZoneD","EHP","MUL",35072.6284049203,1,0,1,1,3
"526690","Fukuoka","Hotel","CL8","ZoneD","GHP","MUL",14755.3187616028,1,0,0,0,3
"526765","Fukuoka","Hotel","CL8","ZoneD","ABCH","CAV",51856.697822712,1,1,1,0,3
"526768","Fukuoka","Hotel","CL8","ZoneD","ABCH","CAV",80550.5621601907,1,1,1,1,3
"526824","Fukuoka","Hotel","CL8","ZoneD","ABCH","VAV",68192.1561470374,1,0,1,1,3
"527074","Fukuoka","Hotel","CL8","ZoneD","ABCH","OHUFCU",79073.867464587,1,0,0,0,3
"527144","Fukuoka","Hotel","CL8","ZoneD","AHP","CAV",54288.5936554662,1,0,1,1,3
"527152","Fukuoka","Hotel","CL8","ZoneD","AHP","CAV",66280.3069105354,1,1,1,1,3
"527464","Fukuoka","Hotel","CL8","ZoneD","AHP","OHUFCU",72003.9767074558,1,0,1,1,3
"527912","Fukuoka","Hotel","CL8","ZoneD","AB","CAV",78013.4723209739,1,0,1,1,3
"528301","Fukuoka","Hotel","CL8","ZoneD","COM","CAV",50813.1303846819,1,1,1,0,3
"528304","Fukuoka","Hotel","CL8","ZoneD","COM","CAV",78929.5575973319,1,1,1,1,3
"528360","Fukuoka","Hotel","CL8","ZoneD","COM","VAV",66819.8529215714,1,0,1,1,3
"528610","Fukuoka","Hotel","CL8","ZoneD","COM","OHUFCU",77482.5799983608,1,0,0,0,3
"529064","Fukuoka","Hotel","CL8","ZoneD","COM+TESICE","CAV",79634.0979478652,1,0,1,1,3
"535042","Naha","Hotel","CL2","ZoneD","EHP","MUL",14211.3833600208,1,0,0,0,1
"535058","Naha","Hotel","CL2","ZoneD","EHP","MUL",6826.08523651067,1,0,0,0,2
"537858","Naha","Hotel","CL3","ZoneD","EHP","MUL",21317.0750468702,1,0,0,0,1
"537874","Naha","Hotel","CL3","ZoneD","EHP","MUL",10239.1278580509,1,0,0,0,2
"540673","Naha","Hotel","CL4","ZoneD","EHP","MUL",61474.53193172,0,0,0,0,1
"540674","Naha","Hotel","CL4","ZoneD","EHP","MUL",67908.4985453883,1,0,0,0,1
"540689","Naha","Hotel","CL4","ZoneD","EHP","MUL",31622.3567705033,0,0,0,0,2
"540690","Naha","Hotel","CL4","ZoneD","EHP","MUL",34931.9742871182,1,0,0,0,2
"540738","Naha","Hotel","CL4","ZoneD","GHP","MUL",9177.95728651411,1,0,0,0,1
"543489","Naha","Hotel","CL5","ZoneD","EHP","MUL",45695.519261514,0,0,0,0,1
"543490","Naha","Hotel","CL5","ZoneD","EHP","MUL",52346.2701691406,1,0,0,0,1
"543505","Naha","Hotel","CL5","ZoneD","EHP","MUL",27014.3861093169,0,0,0,0,2
"543506","Naha","Hotel","CL5","ZoneD","EHP","MUL",30946.1928999847,1,0,0,0,2
"543554","Naha","Hotel","CL5","ZoneD","GHP","MUL",8915.81219160792,1,0,0,0,1
"543570","Naha","Hotel","CL5","ZoneD","GHP","MUL",5270.87112510626,1,0,0,0,2
"544018","Naha","Hotel","CL5","ZoneD","AHP","CAV",50704.3685980252,1,0,0,0,2
"546306","Naha","Hotel","CL6b","ZoneD","EHP","MUL",12174.4258523924,1,0,0,0,1
"546322","Naha","Hotel","CL6b","ZoneD","EHP","MUL",12968.7199044384,1,0,0,0,2
"546818","Naha","Hotel","CL6b","ZoneD","AHP","CAV",16041.1592254917,1,0,0,0,1
"546834","Naha","Hotel","CL6b","ZoneD","AHP","CAV",17087.7299233803,1,0,0,0,2
"549122","Naha","Hotel","CL6m","ZoneD","EHP","MUL",12731.8877529268,1,0,0,0,1
"549138","Naha","Hotel","CL6m","ZoneD","EHP","MUL",13562.5521995364,1,0,0,0,2
"549634","Naha","Hotel","CL6m","ZoneD","AHP","CAV",16775.6772403072,1,0,0,0,1
"549650","Naha","Hotel","CL6m","ZoneD","AHP","CAV",17870.1699755355,1,0,0,0,2
"551938","Naha","Hotel","CL7b","ZoneD","EHP","MUL",12331.203404004,1,0,0,0,1
"551954","Naha","Hotel","CL7b","ZoneD","EHP","MUL",13135.7260679164,1,0,0,0,2
"552450","Naha","Hotel","CL7b","ZoneD","AHP","CAV",23085.3446402692,1,0,0,0,1
"552466","Naha","Hotel","CL7b","ZoneD","AHP","CAV",24591.4979619549,1,0,0,0,2
"554754","Naha","Hotel","CL7m","ZoneD","EHP","MUL",48553.4114558142,1,0,0,0,1
"554770","Naha","Hotel","CL7m","ZoneD","EHP","MUL",51721.1736479274,1,0,0,0,2
"555266","Naha","Hotel","CL7m","ZoneD","AHP","CAV",90897.2303996145,1,0,0,0,1
"555282","Naha","Hotel","CL7m","ZoneD","AHP","CAV",96827.6233667441,1,0,0,0,2
"557601","Naha","Hotel","CL8","ZoneD","EHP","MUL",52420.6837635303,0,0,0,0,3
"557602","Naha","Hotel","CL8","ZoneD","EHP","MUL",65765.2418159657,1,0,0,0,3
"557605","Naha","Hotel","CL8","ZoneD","EHP","MUL",58904.665644555,1,0,1,0,3
"557608","Naha","Hotel","CL8","ZoneD","EHP","MUL",32880.7908736393,1,0,1,1,3
"557666","Naha","Hotel","CL8","ZoneD","GHP","MUL",15609.9982141865,1,0,0,0,3
"557744","Naha","Hotel","CL8","ZoneD","ABCH","CAV",111877.470592003,1,1,1,1,3
"557800","Naha","Hotel","CL8","ZoneD","ABCH","VAV",56187.1408204752,1,0,1,1,3
"558050","Naha","Hotel","CL8","ZoneD","ABCH","OHUFCU",63404.8741998226,1,0,0,0,3
"558120","Naha","Hotel","CL8","ZoneD","AHP","CAV",96194.74457392,1,0,1,1,3
"558128","Naha","Hotel","CL8","ZoneD","AHP","CAV",77216.6553718119,1,1,1,1,3
"558888","Naha","Hotel","CL8","ZoneD","AB","CAV",64685.5818142474,1,0,1,1,3
"559280","Naha","Hotel","CL8","ZoneD","COM","CAV",117018.000400827,1,1,1,1,3
"559336","Naha","Hotel","CL8","ZoneD","COM","VAV",58768.8194259342,1,0,1,1,3
"559586","Naha","Hotel","CL8","ZoneD","COM","OHUFCU",66318.1921728177,1,0,0,0,3
"560040","Naha","Hotel","CL8","ZoneD","COM+TESICE","CAV",69039.3883287968,1,0,1,1,3
"563233","Sapporo","Hospital","CL1","ZoneC","EHP","MUL",41896.3179833202,0,0,0,0,3
"563234","Sapporo","Hospital","CL1","ZoneC","EHP","MUL",34196.129192152,1,0,0,0,3
"563297","Sapporo","Hospital","CL1","ZoneC","GHP","MUL",9329.06382931473,0,0,0,0,3
"566049","Sapporo","Hospital","CL2","ZoneC","EHP","MUL",200759.812687875,0,0,0,0,3
"566050","Sapporo","Hospital","CL2","ZoneC","EHP","MUL",189623.593667428,1,0,0,0,3
"566113","Sapporo","Hospital","CL2","ZoneC","GHP","MUL",45827.1811669528,0,0,0,0,3
"568865","Sapporo","Hospital","CL3","ZoneC","EHP","MUL",118968.148138213,0,0,0,0,3
"568866","Sapporo","Hospital","CL3","ZoneC","EHP","MUL",118640.04834367,1,0,0,0,3
"568929","Sapporo","Hospital","CL3","ZoneC","GHP","MUL",30540.9019676515,0,0,0,0,3
"569761","Sapporo","Hospital","CL3","ZoneC","TB","CAV",38134.0199036697,0,0,0,0,3
"569762","Sapporo","Hospital","CL3","ZoneC","TB","CAV",37601.5489865519,1,0,0,0,3
"571681","Sapporo","Hospital","CL4","ZoneC","EHP","MUL",73729.638402736,0,0,0,0,3
"571682","Sapporo","Hospital","CL4","ZoneC","EHP","MUL",83536.4222490578,1,0,0,0,3
"571746","Sapporo","Hospital","CL4","ZoneC","GHP","MUL",19452.3630325002,1,0,0,0,3
"572577","Sapporo","Hospital","CL4","ZoneC","TB","CAV",55905.0636244499,0,0,0,0,3
"572578","Sapporo","Hospital","CL4","ZoneC","TB","CAV",62383.4238873901,1,0,0,0,3
"574497","Sapporo","Hospital","CL5","ZoneC","EHP","MUL",82541.730335627,0,0,0,0,3
"574498","Sapporo","Hospital","CL5","ZoneC","EHP","MUL",109445.397700061,1,0,0,0,3
"574562","Sapporo","Hospital","CL5","ZoneC","GHP","MUL",25955.6144806921,1,0,0,0,3
"574625","Sapporo","Hospital","CL5","ZoneC","ABCH","CAV",31625.7021428976,0,0,0,0,3
"574626","Sapporo","Hospital","CL5","ZoneC","ABCH","CAV",41007.3441964683,1,0,0,0,3
"575009","Sapporo","Hospital","CL5","ZoneC","AHP","CAV",42092.7171260481,0,0,0,0,3
"575010","Sapporo","Hospital","CL5","ZoneC","AHP","CAV",54579.3586353648,1,0,0,0,3
"575393","Sapporo","Hospital","CL5","ZoneC","TB","CAV",73144.3388030555,0,0,0,0,3
"575394","Sapporo","Hospital","CL5","ZoneC","TB","CAV",94842.3236191642,1,0,0,0,3
"577313","Sapporo","Hospital","CL6","ZoneC","EHP","MUL",51954.6686783233,0,0,0,0,3
"577314","Sapporo","Hospital","CL6","ZoneC","EHP","MUL",75015.5642327905,1,0,0,0,3
"577317","Sapporo","Hospital","CL6","ZoneC","EHP","MUL",27211.3021893424,1,0,1,0,3
"577378","Sapporo","Hospital","CL6","ZoneC","GHP","MUL",22313.0427451625,1,0,0,0,3
"577441","Sapporo","Hospital","CL6","ZoneC","ABCH","CAV",61880.9915884502,0,0,0,0,3
"577442","Sapporo","Hospital","CL6","ZoneC","ABCH","CAV",86381.3914032766,1,0,0,0,3
"577825","Sapporo","Hospital","CL6","ZoneC","AHP","CAV",47186.267552627,0,0,0,0,3
"577826","Sapporo","Hospital","CL6","ZoneC","AHP","CAV",65868.6188067481,1,0,0,0,3
"578209","Sapporo","Hospital","CL6","ZoneC","TB","CAV",76302.9233140608,0,0,0,0,3
"578210","Sapporo","Hospital","CL6","ZoneC","TB","CAV",106513.3656526,1,0,0,0,3
"578213","Sapporo","Hospital","CL6","ZoneC","TB","CAV",40158.9811885496,1,0,1,0,3
"578593","Sapporo","Hospital","CL6","ZoneC","AB","CAV",69885.7213717026,0,0,0,0,3
"578594","Sapporo","Hospital","CL6","ZoneC","AB","CAV",97555.4155863935,1,0,0,0,3
"578597","Sapporo","Hospital","CL6","ZoneC","AB","CAV",36781.5445073157,1,0,1,0,3
"578978","Sapporo","Hospital","CL6","ZoneC","COM","CAV",57840.7093744433,1,0,0,0,3
"580129","Sapporo","Hospital","CL7","ZoneC","EHP","MUL",45169.4855239524,0,0,0,0,3
"580130","Sapporo","Hospital","CL7","ZoneC","EHP","MUL",67467.7554212498,1,0,0,0,3
"580133","Sapporo","Hospital","CL7","ZoneC","EHP","MUL",36724.6287081762,1,0,1,0,3
"580194","Sapporo","Hospital","CL7","ZoneC","GHP","MUL",22826.8037829559,1,0,0,0,3
"580257","Sapporo","Hospital","CL7","ZoneC","ABCH","CAV",39790.4232367885,0,0,0,0,3
"580258","Sapporo","Hospital","CL7","ZoneC","ABCH","CAV",56647.8572173984,1,0,0,0,3
"580261","Sapporo","Hospital","CL7","ZoneC","ABCH","CAV",31489.4804048499,1,0,1,0,3
"580642","Sapporo","Hospital","CL7","ZoneC","AHP","CAV",60941.6498629292,1,0,0,0,3
"581025","Sapporo","Hospital","CL7","ZoneC","TB","CAV",49596.3936241449,0,0,0,0,3
"581026","Sapporo","Hospital","CL7","ZoneC","TB","CAV",70608.1814661597,1,0,0,0,3
"581029","Sapporo","Hospital","CL7","ZoneC","TB","CAV",39249.7625844501,1,0,1,0,3
"581409","Sapporo","Hospital","CL7","ZoneC","AB","CAV",41453.9119342078,0,0,0,0,3
"581410","Sapporo","Hospital","CL7","ZoneC","AB","CAV",61917.9598613775,1,0,0,0,3
"581413","Sapporo","Hospital","CL7","ZoneC","AB","CAV",33703.7162727463,1,0,1,0,3
"581538","Sapporo","Hospital","CL7","ZoneC","AB","FCU",78860.6761894872,1,0,0,0,3
"581602","Sapporo","Hospital","CL7","ZoneC","AB","CAVFCU",96488.2573693796,1,0,0,0,3
"581729","Sapporo","Hospital","CL7","ZoneC","AB","OHUFCU",43224.8910415617,0,0,0,0,3
"581730","Sapporo","Hospital","CL7","ZoneC","AB","OHUFCU",54932.99250599,1,0,0,0,3
"581733","Sapporo","Hospital","CL7","ZoneC","AB","OHUFCU",32164.206081512,1,0,1,0,3
"581793","Sapporo","Hospital","CL7","ZoneC","COM","CAV",48276.3758450061,0,0,0,0,3
"581794","Sapporo","Hospital","CL7","ZoneC","COM","CAV",68728.9308175275,1,0,0,0,3
"581797","Sapporo","Hospital","CL7","ZoneC","COM","CAV",38205.1224271216,1,0,1,0,3
"582946","Sapporo","Hospital","CL8","ZoneA","EHP","MUL",24330.8569254546,1,0,0,0,3
"582962","Sapporo","Hospital","CL8","ZoneA","EHP","MUL",12160.6991383787,1,0,0,0,4
"583394","Sapporo","Hospital","CL8","ZoneA","ABCH","OHUFCU",88789.712871291,1,0,0,0,3
"583397","Sapporo","Hospital","CL8","ZoneA","ABCH","OHUFCU",74309.4146359666,1,0,1,0,3
"583410","Sapporo","Hospital","CL8","ZoneA","ABCH","OHUFCU",81517.8612666462,1,0,0,0,4
"584546","Sapporo","Hospital","CL8","ZoneA","AB","OHUFCU",125558.309556221,1,0,0,0,3
"584562","Sapporo","Hospital","CL8","ZoneA","AB","OHUFCU",62754.7493092699,1,0,0,0,4
"584610","Sapporo","Hospital","CL8","ZoneA","COM","CAV",67877.7523137805,1,0,0,0,3
"584613","Sapporo","Hospital","CL8","ZoneA","COM","CAV",57580.7619358883,1,0,1,0,3
"584626","Sapporo","Hospital","CL8","ZoneA","COM","CAV",77773.4204544956,1,0,0,0,4
"584674","Sapporo","Hospital","CL8","ZoneA","COM","VAV",99293.443404314,1,0,0,0,3
"584802","Sapporo","Hospital","CL8","ZoneA","COM","CAVFCU",120648.070017492,1,0,0,0,3
"584818","Sapporo","Hospital","CL8","ZoneA","COM","CAVFCU",74791.3613724199,1,0,0,0,4
"584930","Sapporo","Hospital","CL8","ZoneA","COM","OHUFCU",92256.7913092048,1,0,0,0,3
"584933","Sapporo","Hospital","CL8","ZoneA","COM","OHUFCU",74827.1976880776,1,0,1,0,3
"584946","Sapporo","Hospital","CL8","ZoneA","COM","OHUFCU",103577.612131129,1,0,0,0,4
"585698","Sapporo","Hospital","CL8","ZoneA","COM+TESICE","OHUFCU",93214.1252055199,1,0,0,0,3
"585701","Sapporo","Hospital","CL8","ZoneA","COM+TESICE","OHUFCU",78012.2702938207,1,0,1,0,3
"585714","Sapporo","Hospital","CL8","ZoneA","COM+TESICE","OHUFCU",85579.915520284,1,0,0,0,4
"585765","Sapporo","Hospital","CL9","ZoneA","EHP","MUL",13716.2106273059,1,0,1,0,3
"585781","Sapporo","Hospital","CL9","ZoneA","EHP","MUL",6855.43921730091,1,0,1,0,4
"587373","Sapporo","Hospital","CL9","ZoneA","AB","OHUFCU",115888.294653492,1,1,1,0,3
"587389","Sapporo","Hospital","CL9","ZoneA","AB","OHUFCU",57921.6214726301,1,1,1,0,4
"587501","Sapporo","Hospital","CL9","ZoneA","COM","VAV",60062.3077159926,1,1,1,0,3
"587629","Sapporo","Hospital","CL9","ZoneA","COM","CAVFCU",125019.695874957,1,1,1,0,3
"587645","Sapporo","Hospital","CL9","ZoneA","COM","CAVFCU",88296.1172934822,1,1,1,0,4
"587693","Sapporo","Hospital","CL9","ZoneA","COM","VAVFCU",70506.9329005151,1,1,1,0,3
"587749","Sapporo","Hospital","CL9","ZoneA","COM","OHUFCU",41865.8843339242,1,0,1,0,3
"587754","Sapporo","Hospital","CL9","ZoneA","COM","OHUFCU",42929.4670870402,1,1,0,0,3
"587757","Sapporo","Hospital","CL9","ZoneA","COM","OHUFCU",64886.7277471536,1,1,1,0,3
"587760","Sapporo","Hospital","CL9","ZoneA","COM","OHUFCU",41397.0325725799,1,1,1,1,3
"587773","Sapporo","Hospital","CL9","ZoneA","COM","OHUFCU",134951.085463092,1,1,1,0,4
"588525","Sapporo","Hospital","CL9","ZoneA","COM+TESICE","OHUFCU",153067.723832891,1,1,1,0,3
"588541","Sapporo","Hospital","CL9","ZoneA","COM+TESICE","OHUFCU",76504.1092893382,1,1,1,0,4
"588577","Sendai","Hospital","CL1","ZoneC","EHP","MUL",69665.7681965875,0,0,0,0,3
"588578","Sendai","Hospital","CL1","ZoneC","EHP","MUL",55052.3092965097,1,0,0,0,3
"588641","Sendai","Hospital","CL1","ZoneC","GHP","MUL",13900.553378755,0,0,0,0,3
"591393","Sendai","Hospital","CL2","ZoneC","EHP","MUL",402346.506184253,0,0,0,0,3
"591394","Sendai","Hospital","CL2","ZoneC","EHP","MUL",377437.476047486,1,0,0,0,3
"591397","Sendai","Hospital","CL2","ZoneC","EHP","MUL",38164.5599359718,1,0,1,0,3
"591457","Sendai","Hospital","CL2","ZoneC","GHP","MUL",47043.0975978073,0,0,0,0,3
"591458","Sendai","Hospital","CL2","ZoneC","GHP","MUL",44130.6877277584,1,0,0,0,3
"591905","Sendai","Hospital","CL2","ZoneC","AHP","CAV",52677.5832800888,0,0,0,0,3
"591906","Sendai","Hospital","CL2","ZoneC","AHP","CAV",49090.8478300085,1,0,0,0,3
"594209","Sendai","Hospital","CL3","ZoneC","EHP","MUL",386766.670445546,0,0,0,0,3
"594210","Sendai","Hospital","CL3","ZoneC","EHP","MUL",385289.445205863,1,0,0,0,3
"594213","Sendai","Hospital","CL3","ZoneC","EHP","MUL",52481.3324704916,1,0,1,0,3
"594273","Sendai","Hospital","CL3","ZoneC","GHP","MUL",49434.4998694078,0,0,0,0,3
"594274","Sendai","Hospital","CL3","ZoneC","GHP","MUL",49245.6886390241,1,0,0,0,3
"594721","Sendai","Hospital","CL3","ZoneC","AHP","CAV",78752.4389989654,0,0,0,0,3
"594722","Sendai","Hospital","CL3","ZoneC","AHP","CAV",77597.9280460948,1,0,0,0,3
"594849","Sendai","Hospital","CL3","ZoneC","AHP","FCU",46659.6077959636,0,0,0,0,3
"594850","Sendai","Hospital","CL3","ZoneC","AHP","FCU",45974.8656396953,1,0,0,0,3
"597025","Sendai","Hospital","CL4","ZoneC","EHP","MUL",197205.074916131,0,0,0,0,3
"597026","Sendai","Hospital","CL4","ZoneC","EHP","MUL",224664.698856631,1,0,0,0,3
"597029","Sendai","Hospital","CL4","ZoneC","EHP","MUL",37624.2209865952,1,0,1,0,3
"597090","Sendai","Hospital","CL4","ZoneC","GHP","MUL",47747.8792198573,1,0,0,0,3
"597153","Sendai","Hospital","CL4","ZoneC","ABCH","CAV",44419.9876511808,0,0,0,0,3
"597154","Sendai","Hospital","CL4","ZoneC","ABCH","CAV",49804.5800217721,1,0,0,0,3
"597537","Sendai","Hospital","CL4","ZoneC","AHP","CAV",54000.6099733959,0,0,0,0,3
"597538","Sendai","Hospital","CL4","ZoneC","AHP","CAV",60547.7732205072,1,0,0,0,3
"597665","Sendai","Hospital","CL4","ZoneC","AHP","FCU",30848.8851815277,0,0,0,0,3
"597666","Sendai","Hospital","CL4","ZoneC","AHP","FCU",34587.1763703879,1,0,0,0,3
"599841","Sendai","Hospital","CL5","ZoneC","EHP","MUL",131753.162302755,0,0,0,0,3
"599842","Sendai","Hospital","CL5","ZoneC","EHP","MUL",160937.729318362,1,0,0,0,3
"599845","Sendai","Hospital","CL5","ZoneC","EHP","MUL",43795.918950452,1,0,1,0,3
"599906","Sendai","Hospital","CL5","ZoneC","GHP","MUL",48701.7365531845,1,0,0,0,3
"599969","Sendai","Hospital","CL5","ZoneC","ABCH","CAV",70193.1877224901,0,0,0,0,3
"599970","Sendai","Hospital","CL5","ZoneC","ABCH","CAV",83557.5377692586,1,0,0,0,3
"600097","Sendai","Hospital","CL5","ZoneC","ABCH","FCU",45294.3757941288,0,0,0,0,3
"600098","Sendai","Hospital","CL5","ZoneC","ABCH","FCU",53905.71430516,1,0,0,0,3
"600353","Sendai","Hospital","CL5","ZoneC","AHP","CAV",71699.899194683,0,0,0,0,3
"600354","Sendai","Hospital","CL5","ZoneC","AHP","CAV",85351.1178135625,1,0,0,0,3
"600481","Sendai","Hospital","CL5","ZoneC","AHP","FCU",46266.629054725,0,0,0,0,3
"600482","Sendai","Hospital","CL5","ZoneC","AHP","FCU",55062.8117500211,1,0,0,0,3
"600737","Sendai","Hospital","CL5","ZoneC","TB","CAV",37484.4494161985,0,0,0,0,3
"600738","Sendai","Hospital","CL5","ZoneC","TB","CAV",44617.2443364137,1,0,0,0,3
"602657","Sendai","Hospital","CL6","ZoneC","EHP","MUL",73443.9169040112,0,0,0,0,3
"602658","Sendai","Hospital","CL6","ZoneC","EHP","MUL",105941.110176433,1,0,0,0,3
"602661","Sendai","Hospital","CL6","ZoneC","EHP","MUL",37760.8906841145,1,0,1,0,3
"602722","Sendai","Hospital","CL6","ZoneC","GHP","MUL",28167.6337231081,1,0,0,0,3
"602785","Sendai","Hospital","CL6","ZoneC","ABCH","CAV",58254.8599426781,0,0,0,0,3
"602786","Sendai","Hospital","CL6","ZoneC","ABCH","CAV",84031.2553531969,1,0,0,0,3
"602913","Sendai","Hospital","CL6","ZoneC","ABCH","FCU",34802.9381553559,0,0,0,0,3
"602914","Sendai","Hospital","CL6","ZoneC","ABCH","FCU",50202.4137737508,1,0,0,0,3
"602978","Sendai","Hospital","CL6","ZoneC","ABCH","CAVFCU",58266.9369237316,1,0,0,0,3
"603106","Sendai","Hospital","CL6","ZoneC","ABCH","OHUFCU",72465.2885779172,1,0,0,0,3
"603169","Sendai","Hospital","CL6","ZoneC","AHP","CAV",51851.7120072384,0,0,0,0,3
"603170","Sendai","Hospital","CL6","ZoneC","AHP","CAV",72422.3796753697,1,0,0,0,3
"603173","Sendai","Hospital","CL6","ZoneC","AHP","CAV",26817.5227950878,1,0,1,0,3
"603297","Sendai","Hospital","CL6","ZoneC","AHP","FCU",37677.2187332108,0,0,0,0,3
"603298","Sendai","Hospital","CL6","ZoneC","AHP","FCU",52588.7628455682,1,0,0,0,3
"603554","Sendai","Hospital","CL6","ZoneC","TB","CAV",73320.8847731966,1,0,0,0,3
"603937","Sendai","Hospital","CL6","ZoneC","AB","CAV",43641.0426479133,0,0,0,0,3
"603938","Sendai","Hospital","CL6","ZoneC","AB","CAV",60939.0540789043,1,0,0,0,3
"604321","Sendai","Hospital","CL6","ZoneC","COM","CAV",40014.0118791618,0,0,0,0,3
"604322","Sendai","Hospital","CL6","ZoneC","COM","CAV",55874.3761804864,1,0,0,0,3
"605473","Sendai","Hospital","CL7","ZoneC","EHP","MUL",58073.0088857898,0,0,0,0,3
"605474","Sendai","Hospital","CL7","ZoneC","EHP","MUL",88069.6604041925,1,0,0,0,3
"605477","Sendai","Hospital","CL7","ZoneC","EHP","MUL",48577.4728906723,1,0,1,0,3
"605538","Sendai","Hospital","CL7","ZoneC","GHP","MUL",26210.7083009627,1,0,0,0,3
"605601","Sendai","Hospital","CL7","ZoneC","ABCH","CAV",45485.4189701434,0,0,0,0,3
"605602","Sendai","Hospital","CL7","ZoneC","ABCH","CAV",68980.1592667806,1,0,0,0,3
"605730","Sendai","Hospital","CL7","ZoneC","ABCH","FCU",63941.1471662491,1,0,0,0,3
"605794","Sendai","Hospital","CL7","ZoneC","ABCH","CAVFCU",79325.5365286296,1,0,0,0,3
"605921","Sendai","Hospital","CL7","ZoneC","ABCH","OHUFCU",46581.1202431038,0,0,0,0,3
"605922","Sendai","Hospital","CL7","ZoneC","ABCH","OHUFCU",60159.7224632543,1,0,0,0,3
"605985","Sendai","Hospital","CL7","ZoneC","AHP","CAV",43983.8932833742,0,0,0,0,3
"605986","Sendai","Hospital","CL7","ZoneC","AHP","CAV",63605.6489160722,1,0,0,0,3
"605989","Sendai","Hospital","CL7","ZoneC","AHP","CAV",35738.9471484318,1,0,1,0,3
"606370","Sendai","Hospital","CL7","ZoneC","TB","CAV",65658.8144751109,1,0,0,0,3
"606753","Sendai","Hospital","CL7","ZoneC","AB","CAV",36829.572967291,0,0,0,0,3
"606754","Sendai","Hospital","CL7","ZoneC","AB","CAV",55853.279282287,1,0,0,0,3
"606757","Sendai","Hospital","CL7","ZoneC","AB","CAV",30807.5578779146,1,0,1,0,3
"606946","Sendai","Hospital","CL7","ZoneC","AB","CAVFCU",85579.8152631349,1,0,0,0,3
"607073","Sendai","Hospital","CL7","ZoneC","AB","OHUFCU",49502.4959004192,0,0,0,0,3
"607074","Sendai","Hospital","CL7","ZoneC","AB","OHUFCU",65654.1358677702,1,0,0,0,3
"607137","Sendai","Hospital","CL7","ZoneC","COM","CAV",43103.9101453365,0,0,0,0,3
"607138","Sendai","Hospital","CL7","ZoneC","COM","CAV",65368.5214771353,1,0,0,0,3
"607266","Sendai","Hospital","CL7","ZoneC","COM","FCU",60593.3401174747,1,0,0,0,3
"607330","Sendai","Hospital","CL7","ZoneC","COM","CAVFCU",75172.2392840888,1,0,0,0,3
"607457","Sendai","Hospital","CL7","ZoneC","COM","OHUFCU",44142.2430943375,0,0,0,0,3
"607458","Sendai","Hospital","CL7","ZoneC","COM","OHUFCU",57009.9018572658,1,0,0,0,3
"607906","Sendai","Hospital","CL7","ZoneC","COM+TESICE","CAV",93202.9628375915,1,0,0,0,3
"608290","Sendai","Hospital","CL8","ZoneA","EHP","MUL",31370.221703315,1,0,0,0,3
"608306","Sendai","Hospital","CL8","ZoneA","EHP","MUL",15679.0132467199,1,0,0,0,4
"608737","Sendai","Hospital","CL8","ZoneA","ABCH","OHUFCU",42423.8913979067,0,0,0,0,3
"608738","Sendai","Hospital","CL8","ZoneA","ABCH","OHUFCU",70926.5186759633,1,0,0,0,3
"608741","Sendai","Hospital","CL8","ZoneA","ABCH","OHUFCU",59597.9652156473,1,0,1,0,3
"608746","Sendai","Hospital","CL8","ZoneA","ABCH","OHUFCU",37000.7430637763,1,1,0,0,3
"608754","Sendai","Hospital","CL8","ZoneA","ABCH","OHUFCU",104933.750195671,1,0,0,0,4
"609890","Sendai","Hospital","CL8","ZoneA","AB","OHUFCU",80555.5423099418,1,0,0,0,3
"609893","Sendai","Hospital","CL8","ZoneA","AB","OHUFCU",67689.0181294424,1,0,1,0,3
"609906","Sendai","Hospital","CL8","ZoneA","AB","OHUFCU",74093.465097751,1,0,0,0,4
"609954","Sendai","Hospital","CL8","ZoneA","COM","CAV",78057.3783238054,1,0,0,0,3
"609957","Sendai","Hospital","CL8","ZoneA","COM","CAV",66481.5008956379,1,0,1,0,3
"609970","Sendai","Hospital","CL8","ZoneA","COM","CAV",80173.2344034968,1,0,0,0,4
"610018","Sendai","Hospital","CL8","ZoneA","COM","VAV",113504.797558421,1,0,0,0,3
"610034","Sendai","Hospital","CL8","ZoneA","COM","VAV",62959.1621971606,1,0,0,0,4
"610082","Sendai","Hospital","CL8","ZoneA","COM","FCU",65003.2748227751,1,0,0,0,3
"610146","Sendai","Hospital","CL8","ZoneA","COM","CAVFCU",75773.7101139418,1,0,0,0,3
"610149","Sendai","Hospital","CL8","ZoneA","COM","CAVFCU",64536.4997516128,1,0,1,0,3
"610162","Sendai","Hospital","CL8","ZoneA","COM","CAVFCU",77827.6641240326,1,0,0,0,4
"610273","Sendai","Hospital","CL8","ZoneA","COM","OHUFCU",52985.8127251835,0,0,0,0,3
"610274","Sendai","Hospital","CL8","ZoneA","COM","OHUFCU",77695.6139867734,1,0,0,0,3
"610277","Sendai","Hospital","CL8","ZoneA","COM","OHUFCU",62995.6165141763,1,0,1,0,3
"610290","Sendai","Hospital","CL8","ZoneA","COM","OHUFCU",107429.330218967,1,0,0,0,4
"611041","Sendai","Hospital","CL8","ZoneA","COM+TESICE","OHUFCU",43776.0071846658,0,0,0,0,3
"611042","Sendai","Hospital","CL8","ZoneA","COM+TESICE","OHUFCU",73187.0577835654,1,0,0,0,3
"611045","Sendai","Hospital","CL8","ZoneA","COM+TESICE","OHUFCU",61497.4456020875,1,0,1,0,3
"611050","Sendai","Hospital","CL8","ZoneA","COM+TESICE","OHUFCU",38180.0146291569,1,1,0,0,3
"611058","Sendai","Hospital","CL8","ZoneA","COM+TESICE","OHUFCU",108278.152972697,1,0,0,0,4
"611109","Sendai","Hospital","CL9","ZoneA","EHP","MUL",22520.935673445,1,0,1,0,3
"611125","Sendai","Hospital","CL9","ZoneA","EHP","MUL",11256.0903168612,1,0,1,0,4
"611565","Sendai","Hospital","CL9","ZoneA","ABCH","OHUFCU",52504.0783078092,1,1,1,0,3
"612709","Sendai","Hospital","CL9","ZoneA","AB","OHUFCU",49875.4561167904,1,0,1,0,3
"612714","Sendai","Hospital","CL9","ZoneA","AB","OHUFCU",47159.0282920874,1,1,0,0,3
"612717","Sendai","Hospital","CL9","ZoneA","AB","OHUFCU",77488.7661580868,1,1,1,0,3
"612733","Sendai","Hospital","CL9","ZoneA","AB","OHUFCU",91317.0421520937,1,1,1,0,4
"612781","Sendai","Hospital","CL9","ZoneA","COM","CAV",78402.6707974582,1,1,1,0,3
"612845","Sendai","Hospital","CL9","ZoneA","COM","VAV",84287.364615915,1,1,1,0,3
"612965","Sendai","Hospital","CL9","ZoneA","COM","CAVFCU",51098.5726272292,1,0,1,0,3
"612970","Sendai","Hospital","CL9","ZoneA","COM","CAVFCU",45763.5675966618,1,1,0,0,3
"612973","Sendai","Hospital","CL9","ZoneA","COM","CAVFCU",79218.6574341211,1,1,1,0,3
"612989","Sendai","Hospital","CL9","ZoneA","COM","CAVFCU",146347.311940677,1,1,1,0,4
"613037","Sendai","Hospital","CL9","ZoneA","COM","VAVFCU",99523.9470165615,1,1,1,0,3
"613093","Sendai","Hospital","CL9","ZoneA","COM","OHUFCU",43534.0370161187,1,0,1,0,3
"613096","Sendai","Hospital","CL9","ZoneA","COM","OHUFCU",31095.6999389375,1,0,1,1,3
"613097","Sendai","Hospital","CL9","ZoneA","COM","OHUFCU",33759.7730674068,0,1,0,0,3
"613098","Sendai","Hospital","CL9","ZoneA","COM","OHUFCU",45637.7612837033,1,1,0,0,3
"613101","Sendai","Hospital","CL9","ZoneA","COM","OHUFCU",67935.2369665628,1,1,1,0,3
"613104","Sendai","Hospital","CL9","ZoneA","COM","OHUFCU",47555.9878988771,1,1,1,1,3
"613109","Sendai","Hospital","CL9","ZoneA","COM","OHUFCU",51675.1313832745,1,0,1,0,4
"613114","Sendai","Hospital","CL9","ZoneA","COM","OHUFCU",50803.4061612993,1,1,0,0,4
"613117","Sendai","Hospital","CL9","ZoneA","COM","OHUFCU",80414.5411889967,1,1,1,0,4
"613120","Sendai","Hospital","CL9","ZoneA","COM","OHUFCU",41113.7860559442,1,1,1,1,4
"613741","Sendai","Hospital","CL9","ZoneA","COM+TESICE","CAVFCU",93889.6979127499,1,1,1,0,3
"613869","Sendai","Hospital","CL9","ZoneA","COM+TESICE","OHUFCU",143712.491787995,1,1,1,0,3
"613885","Sendai","Hospital","CL9","ZoneA","COM+TESICE","OHUFCU",124322.284290754,1,1,1,0,4
"613889","Tokyo","Hospital","CL1","ZoneC","EHP","MUL",55926.1601822602,0,0,0,0,1
"613905","Tokyo","Hospital","CL1","ZoneC","EHP","MUL",26862.7428226874,0,0,0,0,2
"616705","Tokyo","Hospital","CL2","ZoneC","EHP","MUL",186742.76232033,0,0,0,0,1
"616706","Tokyo","Hospital","CL2","ZoneC","EHP","MUL",175641.201543788,1,0,0,0,1
"616721","Tokyo","Hospital","CL2","ZoneC","EHP","MUL",89697.2504792213,0,0,0,0,2
"616722","Tokyo","Hospital","CL2","ZoneC","EHP","MUL",84364.8913274616,1,0,0,0,2
"616769","Tokyo","Hospital","CL2","ZoneC","GHP","MUL",31475.1325836783,0,0,0,0,1
"616770","Tokyo","Hospital","CL2","ZoneC","GHP","MUL",29603.9859165427,1,0,0,0,1
"616785","Tokyo","Hospital","CL2","ZoneC","GHP","MUL",29337.8384419879,0,0,0,0,2
"619521","Tokyo","Hospital","CL3","ZoneC","EHP","MUL",528796.988369982,0,0,0,0,1
"619522","Tokyo","Hospital","CL3","ZoneC","EHP","MUL",527993.75677202,1,0,0,0,1
"619525","Tokyo","Hospital","CL3","ZoneC","EHP","MUL",70980.627493953,1,0,1,0,1
"619537","Tokyo","Hospital","CL3","ZoneC","EHP","MUL",253994.50735937,0,0,0,0,2
"619538","Tokyo","Hospital","CL3","ZoneC","EHP","MUL",253608.694999417,1,0,0,0,2
"619541","Tokyo","Hospital","CL3","ZoneC","EHP","MUL",34093.7825080265,1,0,1,0,2
"619585","Tokyo","Hospital","CL3","ZoneC","GHP","MUL",98659.221109259,0,0,0,0,1
"619586","Tokyo","Hospital","CL3","ZoneC","GHP","MUL",98509.3598098036,1,0,0,0,1
"619601","Tokyo","Hospital","CL3","ZoneC","GHP","MUL",47388.5079023417,0,0,0,0,2
"619602","Tokyo","Hospital","CL3","ZoneC","GHP","MUL",47316.5257470639,1,0,0,0,2
"619649","Tokyo","Hospital","CL3","ZoneC","ABCH","CAV",30212.5068052929,0,0,0,0,1
"619650","Tokyo","Hospital","CL3","ZoneC","ABCH","CAV",29845.2994160328,1,0,0,0,1
"620033","Tokyo","Hospital","CL3","ZoneC","AHP","CAV",63226.3428574911,0,0,0,0,1
"620034","Tokyo","Hospital","CL3","ZoneC","AHP","CAV",62458.2211455616,1,0,0,0,1
"620049","Tokyo","Hospital","CL3","ZoneC","AHP","CAV",62550.7385672036,0,0,0,0,2
"620050","Tokyo","Hospital","CL3","ZoneC","AHP","CAV",61790.4874052076,1,0,0,0,2
"620161","Tokyo","Hospital","CL3","ZoneC","AHP","FCU",36786.9673399404,0,0,0,0,1
"620162","Tokyo","Hospital","CL3","ZoneC","AHP","FCU",36339.5116404111,1,0,0,0,1
"622337","Tokyo","Hospital","CL4","ZoneC","EHP","MUL",303278.304829272,0,0,0,0,1
"622338","Tokyo","Hospital","CL4","ZoneC","EHP","MUL",343840.418634664,1,0,0,0,1
"622341","Tokyo","Hospital","CL4","ZoneC","EHP","MUL",59348.8764393387,1,0,1,0,1
"622353","Tokyo","Hospital","CL4","ZoneC","EHP","MUL",145672.205632911,0,0,0,0,2
"622354","Tokyo","Hospital","CL4","ZoneC","EHP","MUL",165155.210150793,1,0,0,0,2
"622357","Tokyo","Hospital","CL4","ZoneC","EHP","MUL",28506.7596167832,1,0,1,0,2
"622401","Tokyo","Hospital","CL4","ZoneC","GHP","MUL",52810.2119669443,0,0,0,0,1
"622402","Tokyo","Hospital","CL4","ZoneC","GHP","MUL",59873.3410921742,1,0,0,0,1
"622418","Tokyo","Hospital","CL4","ZoneC","GHP","MUL",54124.7476370443,1,0,0,0,2
"622465","Tokyo","Hospital","CL4","ZoneC","ABCH","CAV",57657.8756487761,0,0,0,0,1
"622466","Tokyo","Hospital","CL4","ZoneC","ABCH","CAV",64309.9670351824,1,0,0,0,1
"622481","Tokyo","Hospital","CL4","ZoneC","ABCH","CAV",27694.5293617146,0,0,0,0,2
"622482","Tokyo","Hospital","CL4","ZoneC","ABCH","CAV",30889.6963383798,1,0,0,0,2
"622849","Tokyo","Hospital","CL4","ZoneC","AHP","CAV",67710.9881565217,0,0,0,0,1
"622850","Tokyo","Hospital","CL4","ZoneC","AHP","CAV",75524.5394606919,1,0,0,0,1
"622865","Tokyo","Hospital","CL4","ZoneC","AHP","CAV",51188.1137073392,0,0,0,0,2
"622866","Tokyo","Hospital","CL4","ZoneC","AHP","CAV",57093.7771825802,1,0,0,0,2
"622977","Tokyo","Hospital","CL4","ZoneC","AHP","FCU",38858.7221439873,0,0,0,0,1
"622978","Tokyo","Hospital","CL4","ZoneC","AHP","FCU",43340.3015323902,1,0,0,0,1
"625153","Tokyo","Hospital","CL5","ZoneC","EHP","MUL",266955.964535504,0,0,0,0,1
"625154","Tokyo","Hospital","CL5","ZoneC","EHP","MUL",333868.87335238,1,0,0,0,1
"625157","Tokyo","Hospital","CL5","ZoneC","EHP","MUL",87453.3966949504,1,0,1,0,1
"625169","Tokyo","Hospital","CL5","ZoneC","EHP","MUL",284372.928370975,0,0,0,0,2
"625170","Tokyo","Hospital","CL5","ZoneC","EHP","MUL",355651.425029345,1,0,0,0,2
"625173","Tokyo","Hospital","CL5","ZoneC","EHP","MUL",93159.1041893509,1,0,1,0,2
"625217","Tokyo","Hospital","CL5","ZoneC","GHP","MUL",60234.1646903653,0,0,0,0,1
"625218","Tokyo","Hospital","CL5","ZoneC","GHP","MUL",75331.9474898618,1,0,0,0,1
"625233","Tokyo","Hospital","CL5","ZoneC","GHP","MUL",64164.01233358,0,0,0,0,2
"625234","Tokyo","Hospital","CL5","ZoneC","GHP","MUL",80246.8172788534,1,0,0,0,2
"625281","Tokyo","Hospital","CL5","ZoneC","ABCH","CAV",79306.6343109474,0,0,0,0,1
"625282","Tokyo","Hospital","CL5","ZoneC","ABCH","CAV",99184.9599346329,1,0,0,0,1
"625297","Tokyo","Hospital","CL5","ZoneC","ABCH","CAV",84480.8239347309,0,0,0,0,2
"625298","Tokyo","Hospital","CL5","ZoneC","ABCH","CAV",105656.067868895,1,0,0,0,2
"625409","Tokyo","Hospital","CL5","ZoneC","ABCH","FCU",49041.9405700643,0,0,0,0,1
"625410","Tokyo","Hospital","CL5","ZoneC","ABCH","FCU",61334.3757785347,1,0,0,0,1
"625425","Tokyo","Hospital","CL5","ZoneC","ABCH","FCU",52241.5757863682,0,0,0,0,2
"625426","Tokyo","Hospital","CL5","ZoneC","ABCH","FCU",65336.0043117827,1,0,0,0,2
"625474","Tokyo","Hospital","CL5","ZoneC","ABCH","CAVFCU",57213.2474620157,1,0,0,0,1
"625490","Tokyo","Hospital","CL5","ZoneC","ABCH","CAVFCU",60946.0019022085,1,0,0,0,2
"625601","Tokyo","Hospital","CL5","ZoneC","ABCH","OHUFCU",30856.613302755,0,0,0,0,1
"625602","Tokyo","Hospital","CL5","ZoneC","ABCH","OHUFCU",32642.9063617136,1,0,0,0,1
"625617","Tokyo","Hospital","CL5","ZoneC","ABCH","OHUFCU",32869.7862202972,0,0,0,0,2
"625618","Tokyo","Hospital","CL5","ZoneC","ABCH","OHUFCU",34772.6221018205,1,0,0,0,2
"625665","Tokyo","Hospital","CL5","ZoneC","AHP","CAV",85245.3115937155,0,0,0,0,1
"625666","Tokyo","Hospital","CL5","ZoneC","AHP","CAV",106612.175494514,1,0,0,0,1
"625681","Tokyo","Hospital","CL5","ZoneC","AHP","CAV",79268.9245305637,0,0,0,0,2
"625682","Tokyo","Hospital","CL5","ZoneC","AHP","CAV",99137.798141815,1,0,0,0,2
"625685","Tokyo","Hospital","CL5","ZoneC","AHP","CAV",25968.0907097002,1,0,1,0,2
"625793","Tokyo","Hospital","CL5","ZoneC","AHP","FCU",52714.3225958149,0,0,0,0,1
"625794","Tokyo","Hospital","CL5","ZoneC","AHP","FCU",65927.2458108273,1,0,0,0,1
"625809","Tokyo","Hospital","CL5","ZoneC","AHP","FCU",56153.5544251551,0,0,0,0,2
"625810","Tokyo","Hospital","CL5","ZoneC","AHP","FCU",70228.5262038592,1,0,0,0,2
"625858","Tokyo","Hospital","CL5","ZoneC","AHP","CAVFCU",61497.5171946572,1,0,0,0,1
"625874","Tokyo","Hospital","CL5","ZoneC","AHP","CAVFCU",65509.789536331,1,0,0,0,2
"625985","Tokyo","Hospital","CL5","ZoneC","AHP","OHUFCU",33167.2329632205,0,0,0,0,1
"625986","Tokyo","Hospital","CL5","ZoneC","AHP","OHUFCU",35087.2880725016,1,0,0,0,1
"626001","Tokyo","Hospital","CL5","ZoneC","AHP","OHUFCU",35331.1572570577,0,0,0,0,2
"626002","Tokyo","Hospital","CL5","ZoneC","AHP","OHUFCU",37376.4822042262,1,0,0,0,2
"627969","Tokyo","Hospital","CL6","ZoneC","EHP","MUL",160463.83611822,0,0,0,0,1
"627970","Tokyo","Hospital","CL6","ZoneC","EHP","MUL",225380.476558771,1,0,0,0,1
"627973","Tokyo","Hospital","CL6","ZoneC","EHP","MUL",83675.8600202486,1,0,1,0,1
"627985","Tokyo","Hospital","CL6","ZoneC","EHP","MUL",170932.951634836,0,0,0,0,2
"627986","Tokyo","Hospital","CL6","ZoneC","EHP","MUL",240084.937709418,1,0,0,0,2
"627989","Tokyo","Hospital","CL6","ZoneC","EHP","MUL",89135.1103142454,1,0,1,0,2
"628033","Tokyo","Hospital","CL6","ZoneC","GHP","MUL",41221.4670205958,0,0,0,0,1
"628034","Tokyo","Hospital","CL6","ZoneC","GHP","MUL",57897.8672472275,1,0,0,0,1
"628049","Tokyo","Hospital","CL6","ZoneC","GHP","MUL",43910.8723747409,0,0,0,0,2
"628050","Tokyo","Hospital","CL6","ZoneC","GHP","MUL",61675.2882228199,1,0,0,0,2
"628097","Tokyo","Hospital","CL6","ZoneC","ABCH","CAV",88323.1371242294,0,0,0,0,1
"628098","Tokyo","Hospital","CL6","ZoneC","ABCH","CAV",124054.810216296,1,0,0,0,1
"628101","Tokyo","Hospital","CL6","ZoneC","ABCH","CAV",46057.1966702289,1,0,1,0,1
"628113","Tokyo","Hospital","CL6","ZoneC","ABCH","CAV",94085.5889495881,0,0,0,0,2
"628114","Tokyo","Hospital","CL6","ZoneC","ABCH","CAV",132148.497678619,1,0,0,0,2
"628117","Tokyo","Hospital","CL6","ZoneC","ABCH","CAV",49062.0987339995,1,0,1,0,2
"628162","Tokyo","Hospital","CL6","ZoneC","ABCH","VAV",58586.9429449497,1,0,0,0,1
"628178","Tokyo","Hospital","CL6","ZoneC","ABCH","VAV",62409.3211723046,1,0,0,0,2
"628225","Tokyo","Hospital","CL6","ZoneC","ABCH","FCU",63490.116645774,0,0,0,0,1
"628226","Tokyo","Hospital","CL6","ZoneC","ABCH","FCU",89175.4372359277,1,0,0,0,1
"628241","Tokyo","Hospital","CL6","ZoneC","ABCH","FCU",55579.2386683961,0,0,0,0,2
"628242","Tokyo","Hospital","CL6","ZoneC","ABCH","FCU",78064.1644926656,1,0,0,0,2
"628245","Tokyo","Hospital","CL6","ZoneC","ABCH","FCU",28982.4841992584,1,0,1,0,2
"628289","Tokyo","Hospital","CL6","ZoneC","ABCH","CAVFCU",46531.6377773592,0,0,0,0,1
"628290","Tokyo","Hospital","CL6","ZoneC","ABCH","CAVFCU",65356.3005286433,1,0,0,0,1
"628305","Tokyo","Hospital","CL6","ZoneC","ABCH","CAVFCU",49567.4937238022,0,0,0,0,2
"628306","Tokyo","Hospital","CL6","ZoneC","ABCH","CAVFCU",69620.3308330729,1,0,0,0,2
"628417","Tokyo","Hospital","CL6","ZoneC","ABCH","OHUFCU",51549.181358542,0,0,0,0,1
"628418","Tokyo","Hospital","CL6","ZoneC","ABCH","OHUFCU",60620.133088431,1,0,0,0,1
"628421","Tokyo","Hospital","CL6","ZoneC","ABCH","OHUFCU",27686.9217588278,1,0,1,0,1
"628433","Tokyo","Hospital","CL6","ZoneC","ABCH","OHUFCU",54912.3960708715,0,0,0,0,2
"628434","Tokyo","Hospital","CL6","ZoneC","ABCH","OHUFCU",64575.1624039959,1,0,0,0,2
"628437","Tokyo","Hospital","CL6","ZoneC","ABCH","OHUFCU",29493.2950152865,1,0,1,0,2
"628481","Tokyo","Hospital","CL6","ZoneC","AHP","CAV",63352.1916717919,0,0,0,0,1
"628482","Tokyo","Hospital","CL6","ZoneC","AHP","CAV",88981.7138580165,1,0,0,0,1
"628485","Tokyo","Hospital","CL6","ZoneC","AHP","CAV",33035.787069177,1,0,1,0,1
"628497","Tokyo","Hospital","CL6","ZoneC","AHP","CAV",67485.4682335847,0,0,0,0,2
"628498","Tokyo","Hospital","CL6","ZoneC","AHP","CAV",94787.1330962792,1,0,0,0,2
"628501","Tokyo","Hospital","CL6","ZoneC","AHP","CAV",35191.1354602922,1,0,1,0,2
"628609","Tokyo","Hospital","CL6","ZoneC","AHP","FCU",45540.0268827645,0,0,0,0,1
"628610","Tokyo","Hospital","CL6","ZoneC","AHP","FCU",63963.5272945547,1,0,0,0,1
"628625","Tokyo","Hospital","CL6","ZoneC","AHP","FCU",48511.1873236393,0,0,0,0,2
"628626","Tokyo","Hospital","CL6","ZoneC","AHP","FCU",68136.6891252593,1,0,0,0,2
"628673","Tokyo","Hospital","CL6","ZoneC","AHP","CAVFCU",33376.0929610931,0,0,0,0,1
"628674","Tokyo","Hospital","CL6","ZoneC","AHP","CAVFCU",46878.5984382116,1,0,0,0,1
"628689","Tokyo","Hospital","CL6","ZoneC","AHP","CAVFCU",35553.6438732225,0,0,0,0,2
"628690","Tokyo","Hospital","CL6","ZoneC","AHP","CAVFCU",49937.091081658,1,0,0,0,2
"628801","Tokyo","Hospital","CL6","ZoneC","AHP","OHUFCU",45735.2251959181,0,0,0,0,1
"628802","Tokyo","Hospital","CL6","ZoneC","AHP","OHUFCU",54580.4946832699,1,0,0,0,1
"628817","Tokyo","Hospital","CL6","ZoneC","AHP","OHUFCU",48719.1209280494,0,0,0,0,2
"628818","Tokyo","Hospital","CL6","ZoneC","AHP","OHUFCU",58141.4808694178,1,0,0,0,2
"629633","Tokyo","Hospital","CL6","ZoneC","COM","CAV",48333.3952587848,0,0,0,0,1
"629634","Tokyo","Hospital","CL6","ZoneC","COM","CAV",65608.4486192677,1,0,0,0,1
"629649","Tokyo","Hospital","CL6","ZoneC","COM","CAV",51486.8029705494,0,0,0,0,2
"629650","Tokyo","Hospital","CL6","ZoneC","COM","CAV",69888.9297798647,1,0,0,0,2
"630018","Tokyo","Hospital","CL6","ZoneC","AHP+TESICE","CAV",62036.1655962689,1,0,0,0,1
"630034","Tokyo","Hospital","CL6","ZoneC","AHP+TESICE","CAV",66083.5808865081,1,0,0,0,2
"630785","Tokyo","Hospital","CL7","ZoneC","EHP","MUL",80003.0727436903,0,0,0,0,1
"630786","Tokyo","Hospital","CL7","ZoneC","EHP","MUL",115624.878243079,1,0,0,0,1
"630789","Tokyo","Hospital","CL7","ZoneC","EHP","MUL",68681.7619277081,1,0,1,0,1
"630801","Tokyo","Hospital","CL7","ZoneC","EHP","MUL",85222.6999849396,0,0,0,0,2
"630802","Tokyo","Hospital","CL7","ZoneC","EHP","MUL",123168.573048118,1,0,0,0,2
"630805","Tokyo","Hospital","CL7","ZoneC","EHP","MUL",73162.7547601136,1,0,1,0,2
"630850","Tokyo","Hospital","CL7","ZoneC","GHP","MUL",61667.9679930397,1,0,0,0,1
"630866","Tokyo","Hospital","CL7","ZoneC","GHP","MUL",65691.3610279574,1,0,0,0,2
"630913","Tokyo","Hospital","CL7","ZoneC","ABCH","CAV",50564.6045069271,0,0,0,0,1
"630914","Tokyo","Hospital","CL7","ZoneC","ABCH","CAV",73078.7710898769,1,0,0,0,1
"630917","Tokyo","Hospital","CL7","ZoneC","ABCH","CAV",43409.1592936646,1,0,1,0,1
"630929","Tokyo","Hospital","CL7","ZoneC","ABCH","CAV",53863.5826345912,0,0,0,0,2
"630930","Tokyo","Hospital","CL7","ZoneC","ABCH","CAV",77846.6372637152,1,0,0,0,2
"630933","Tokyo","Hospital","CL7","ZoneC","ABCH","CAV",46241.2958929032,1,0,1,0,2
"630978","Tokyo","Hospital","CL7","ZoneC","ABCH","VAV",59635.2919332039,1,0,0,0,1
"630994","Tokyo","Hospital","CL7","ZoneC","ABCH","VAV",63526.0674201862,1,0,0,0,2
"631041","Tokyo","Hospital","CL7","ZoneC","ABCH","FCU",47014.7787747662,0,0,0,0,1
"631042","Tokyo","Hospital","CL7","ZoneC","ABCH","FCU",67948.3660443078,1,0,0,0,1
"631057","Tokyo","Hospital","CL7","ZoneC","ABCH","FCU",50082.1562093839,0,0,0,0,2
"631058","Tokyo","Hospital","CL7","ZoneC","ABCH","FCU",72381.5100504078,1,0,0,0,2
"631105","Tokyo","Hospital","CL7","ZoneC","ABCH","CAVFCU",38914.2926333945,0,0,0,0,1
"631106","Tokyo","Hospital","CL7","ZoneC","ABCH","CAVFCU",56241.0941648071,1,0,0,0,1
"631109","Tokyo","Hospital","CL7","ZoneC","ABCH","CAVFCU",33407.494119565,1,0,1,0,1
"631121","Tokyo","Hospital","CL7","ZoneC","ABCH","CAVFCU",41453.1713906387,0,0,0,0,2
"631122","Tokyo","Hospital","CL7","ZoneC","ABCH","CAVFCU",59910.4225682398,1,0,0,0,2
"631125","Tokyo","Hospital","CL7","ZoneC","ABCH","CAVFCU",35587.0937322828,1,0,1,0,2
"631233","Tokyo","Hospital","CL7","ZoneC","ABCH","OHUFCU",65114.5499000099,0,0,0,0,1
"631234","Tokyo","Hospital","CL7","ZoneC","ABCH","OHUFCU",78646.685485874,1,0,0,0,1
"631237","Tokyo","Hospital","CL7","ZoneC","ABCH","OHUFCU",50210.81081531,1,0,1,0,1
"631249","Tokyo","Hospital","CL7","ZoneC","ABCH","OHUFCU",69362.8077081648,0,0,0,0,2
"631250","Tokyo","Hospital","CL7","ZoneC","ABCH","OHUFCU",83777.8181776295,1,0,0,0,2
"631253","Tokyo","Hospital","CL7","ZoneC","ABCH","OHUFCU",53486.7064396749,1,0,1,0,2
"631313","Tokyo","Hospital","CL7","ZoneC","AHP","CAV",40554.4756434525,0,0,0,0,2
"631314","Tokyo","Hospital","CL7","ZoneC","AHP","CAV",58611.5776266352,1,0,0,0,2
"631617","Tokyo","Hospital","CL7","ZoneC","AHP","OHUFCU",62838.9185588979,0,0,0,0,1
"631618","Tokyo","Hospital","CL7","ZoneC","AHP","OHUFCU",86127.0550313055,1,0,0,0,1
"631621","Tokyo","Hospital","CL7","ZoneC","AHP","OHUFCU",52220.1904116398,1,0,1,0,1
"631633","Tokyo","Hospital","CL7","ZoneC","AHP","OHUFCU",49860.9004332638,0,0,0,0,2
"631634","Tokyo","Hospital","CL7","ZoneC","AHP","OHUFCU",65285.1659171066,1,0,0,0,2
"632385","Tokyo","Hospital","CL7","ZoneC","AB","OHUFCU",42499.7490027669,0,0,0,0,1
"632386","Tokyo","Hospital","CL7","ZoneC","AB","OHUFCU",58250.1784741437,1,0,0,0,1
"632401","Tokyo","Hospital","CL7","ZoneC","AB","OHUFCU",45272.5530968271,0,0,0,0,2
"632402","Tokyo","Hospital","CL7","ZoneC","AB","OHUFCU",62050.5852328362,1,0,0,0,2
"632450","Tokyo","Hospital","CL7","ZoneC","COM","CAV",94280.2094269311,1,0,0,0,1
"632465","Tokyo","Hospital","CL7","ZoneC","COM","CAV",41071.9120758568,0,0,0,0,2
"632466","Tokyo","Hospital","CL7","ZoneC","COM","CAV",59359.4054592855,1,0,0,0,2
"632578","Tokyo","Hospital","CL7","ZoneC","COM","FCU",64882.28015832,1,0,0,0,1
"632594","Tokyo","Hospital","CL7","ZoneC","COM","FCU",69115.3840301393,1,0,0,0,2
"632642","Tokyo","Hospital","CL7","ZoneC","COM","CAVFCU",72557.6259312916,1,0,0,0,1
"632658","Tokyo","Hospital","CL7","ZoneC","COM","CAVFCU",77291.4911177539,1,0,0,0,2
"632769","Tokyo","Hospital","CL7","ZoneC","COM","OHUFCU",49145.5443952556,0,0,0,0,1
"632770","Tokyo","Hospital","CL7","ZoneC","COM","OHUFCU",60327.3537610618,1,0,0,0,1
"632785","Tokyo","Hospital","CL7","ZoneC","COM","OHUFCU",38795.5673960222,0,0,0,0,2
"632786","Tokyo","Hospital","CL7","ZoneC","COM","OHUFCU",47622.5046941774,1,0,0,0,2
"632789","Tokyo","Hospital","CL7","ZoneC","COM","OHUFCU",30197.1482519902,1,0,1,0,2
"633154","Tokyo","Hospital","CL7","ZoneC","AHP+TESICE","OHUFCU",59185.3394566541,1,0,0,0,1
"633170","Tokyo","Hospital","CL7","ZoneC","AHP+TESICE","OHUFCU",63046.758768638,1,0,0,0,2
"633537","Tokyo","Hospital","CL7","ZoneC","COM+TESICE","OHUFCU",44609.1361779094,0,0,0,0,1
"633538","Tokyo","Hospital","CL7","ZoneC","COM+TESICE","OHUFCU",61141.305652686,1,0,0,0,1
"633541","Tokyo","Hospital","CL7","ZoneC","COM+TESICE","OHUFCU",37070.9369087217,1,0,1,0,1
"633553","Tokyo","Hospital","CL7","ZoneC","COM+TESICE","OHUFCU",47519.5626705116,0,0,0,0,2
"633554","Tokyo","Hospital","CL7","ZoneC","COM+TESICE","OHUFCU",65130.3377436502,1,0,0,0,2
"633557","Tokyo","Hospital","CL7","ZoneC","COM+TESICE","OHUFCU",39489.5499133412,1,0,1,0,2
"633634","Tokyo","Hospital","CL8","ZoneA","EHP","MUL",54039.468057646,1,0,0,0,3
"633637","Tokyo","Hospital","CL8","ZoneA","EHP","MUL",45674.3547308791,1,0,1,0,3
"633698","Tokyo","Hospital","CL8","ZoneA","GHP","MUL",22822.9034115359,1,0,0,0,3
"633762","Tokyo","Hospital","CL8","ZoneA","ABCH","CAV",85681.5358502245,1,0,0,0,3
"633765","Tokyo","Hospital","CL8","ZoneA","ABCH","CAV",72418.3453866542,1,0,1,0,3
"633826","Tokyo","Hospital","CL8","ZoneA","ABCH","VAV",66798.2503938404,1,0,0,0,3
"633829","Tokyo","Hospital","CL8","ZoneA","ABCH","VAV",56458.123914835,1,0,1,0,3
"633890","Tokyo","Hospital","CL8","ZoneA","ABCH","FCU",70682.9756334235,1,0,0,0,3
"633954","Tokyo","Hospital","CL8","ZoneA","ABCH","CAVFCU",82535.0336032959,1,0,0,0,3
"633957","Tokyo","Hospital","CL8","ZoneA","ABCH","CAVFCU",69758.9102561228,1,0,1,0,3
"634018","Tokyo","Hospital","CL8","ZoneA","ABCH","VAVFCU",58332.2468331222,1,0,0,0,3
"634081","Tokyo","Hospital","CL8","ZoneA","ABCH","OHUFCU",58027.579648757,0,0,0,0,3
"634082","Tokyo","Hospital","CL8","ZoneA","ABCH","OHUFCU",83744.9761277044,1,0,0,0,3
"634085","Tokyo","Hospital","CL8","ZoneA","ABCH","OHUFCU",67159.4695958894,1,0,1,0,3
"634466","Tokyo","Hospital","CL8","ZoneA","AHP","OHUFCU",86092.6789766794,1,0,0,0,3
"634469","Tokyo","Hospital","CL8","ZoneA","AHP","OHUFCU",71819.0508540986,1,0,1,0,3
"634914","Tokyo","Hospital","CL8","ZoneA","AB","CAV",103214.963354581,1,0,0,0,3
"634978","Tokyo","Hospital","CL8","ZoneA","AB","VAV",80467.4997726745,1,0,0,0,3
"635106","Tokyo","Hospital","CL8","ZoneA","AB","CAVFCU",99424.5771192129,1,0,0,0,3
"635234","Tokyo","Hospital","CL8","ZoneA","AB","OHUFCU",136400.553711328,1,0,0,0,3
"635297","Tokyo","Hospital","CL8","ZoneA","COM","CAV",71725.9262508532,0,0,0,0,3
"635298","Tokyo","Hospital","CL8","ZoneA","COM","CAV",126723.19731614,1,0,0,0,3
"635301","Tokyo","Hospital","CL8","ZoneA","COM","CAV",107106.906764409,1,0,1,0,3
"635305","Tokyo","Hospital","CL8","ZoneA","COM","CAV",34911.8647296338,0,1,0,0,3
"635306","Tokyo","Hospital","CL8","ZoneA","COM","CAV",61681.2267761428,1,1,0,0,3
"635309","Tokyo","Hospital","CL8","ZoneA","COM","CAV",52133.19696271,1,1,1,0,3
"635361","Tokyo","Hospital","CL8","ZoneA","COM","VAV",60573.4087487492,0,0,0,0,3
"635362","Tokyo","Hospital","CL8","ZoneA","COM","VAV",107019.266675384,1,0,0,0,3
"635365","Tokyo","Hospital","CL8","ZoneA","COM","VAV",90453.0730013061,1,0,1,0,3
"635370","Tokyo","Hospital","CL8","ZoneA","COM","VAV",52090.5390411903,1,1,0,0,3
"635373","Tokyo","Hospital","CL8","ZoneA","COM","VAV",44027.112845597,1,1,1,0,3
"635426","Tokyo","Hospital","CL8","ZoneA","COM","FCU",59694.2210431754,1,0,0,0,3
"635429","Tokyo","Hospital","CL8","ZoneA","COM","FCU",50453.7724982976,1,0,1,0,3
"635434","Tokyo","Hospital","CL8","ZoneA","COM","FCU",50374.7263964552,1,1,0,0,3
"635437","Tokyo","Hospital","CL8","ZoneA","COM","FCU",42576.901764619,1,1,1,0,3
"635489","Tokyo","Hospital","CL8","ZoneA","COM","CAVFCU",69091.9189834548,0,0,0,0,3
"635490","Tokyo","Hospital","CL8","ZoneA","COM","CAVFCU",122069.512935526,1,0,0,0,3
"635493","Tokyo","Hospital","CL8","ZoneA","COM","CAVFCU",103173.595818806,1,0,1,0,3
"635497","Tokyo","Hospital","CL8","ZoneA","COM","CAVFCU",33629.7884955162,0,1,0,0,3
"635498","Tokyo","Hospital","CL8","ZoneA","COM","CAVFCU",59416.0932591187,1,1,0,0,3
"635501","Tokyo","Hospital","CL8","ZoneA","COM","CAVFCU",50218.6978847583,1,1,1,0,3
"635554","Tokyo","Hospital","CL8","ZoneA","COM","VAVFCU",90836.1448166654,1,0,0,0,3
"635557","Tokyo","Hospital","CL8","ZoneA","COM","VAVFCU",76775.0396120867,1,0,1,0,3
"635617","Tokyo","Hospital","CL8","ZoneA","COM","OHUFCU",93627.8382349957,0,0,0,0,3
"635618","Tokyo","Hospital","CL8","ZoneA","COM","OHUFCU",135123.007461957,1,0,0,0,3
"635621","Tokyo","Hospital","CL8","ZoneA","COM","OHUFCU",108362.195930513,1,0,1,0,3
"635624","Tokyo","Hospital","CL8","ZoneA","COM","OHUFCU",66685.1129468837,1,0,1,1,3
"635625","Tokyo","Hospital","CL8","ZoneA","COM","OHUFCU",45572.3975171296,0,1,0,0,3
"635626","Tokyo","Hospital","CL8","ZoneA","COM","OHUFCU",65769.7488893288,1,1,0,0,3
"635629","Tokyo","Hospital","CL8","ZoneA","COM","OHUFCU",52744.1961906644,1,1,1,0,3
"635632","Tokyo","Hospital","CL8","ZoneA","COM","OHUFCU",32458.300148536,1,1,1,1,3
"636002","Tokyo","Hospital","CL8","ZoneA","AHP+TESICE","OHUFCU",62323.3982628684,1,0,0,0,3
"636066","Tokyo","Hospital","CL8","ZoneA","COM+TESICE","CAV",86450.1238867842,1,0,0,0,3
"636069","Tokyo","Hospital","CL8","ZoneA","COM+TESICE","CAV",73067.9587874798,1,0,1,0,3
"636130","Tokyo","Hospital","CL8","ZoneA","COM+TESICE","VAV",67397.4499250623,1,0,0,0,3
"636133","Tokyo","Hospital","CL8","ZoneA","COM+TESICE","VAV",56964.5695355508,1,0,1,0,3
"636194","Tokyo","Hospital","CL8","ZoneA","COM+TESICE","FCU",71317.0222681063,1,0,0,0,3
"636258","Tokyo","Hospital","CL8","ZoneA","COM+TESICE","CAVFCU",83275.3966091065,1,0,0,0,3
"636261","Tokyo","Hospital","CL8","ZoneA","COM+TESICE","CAVFCU",70384.6677584164,1,0,1,0,3
"636322","Tokyo","Hospital","CL8","ZoneA","COM+TESICE","VAVFCU",58855.503875806,1,0,0,0,3
"636385","Tokyo","Hospital","CL8","ZoneA","COM+TESICE","OHUFCU",58548.1037391107,0,0,0,0,3
"636386","Tokyo","Hospital","CL8","ZoneA","COM+TESICE","OHUFCU",84496.1926661922,1,0,0,0,3
"636389","Tokyo","Hospital","CL8","ZoneA","COM+TESICE","OHUFCU",67761.9093673161,1,0,1,0,3
"636453","Tokyo","Hospital","CL9","ZoneA","EHP","MUL",66367.5402132642,1,0,1,0,3
"636517","Tokyo","Hospital","CL9","ZoneA","GHP","MUL",19474.0089437349,1,0,1,0,3
"636901","Tokyo","Hospital","CL9","ZoneA","ABCH","OHUFCU",57366.039078371,1,0,1,0,3
"636906","Tokyo","Hospital","CL9","ZoneA","ABCH","OHUFCU",55168.0888660598,1,1,0,0,3
"636909","Tokyo","Hospital","CL9","ZoneA","ABCH","OHUFCU",91973.0304493617,1,1,1,0,3
"637741","Tokyo","Hospital","CL9","ZoneA","AB","CAV",58010.3561717722,1,1,1,0,3
"637805","Tokyo","Hospital","CL9","ZoneA","AB","VAV",62990.2487775938,1,1,1,0,3
"637933","Tokyo","Hospital","CL9","ZoneA","AB","CAVFCU",132200.680671847,1,1,1,0,3
"637997","Tokyo","Hospital","CL9","ZoneA","AB","VAVFCU",75957.6239878755,1,1,1,0,3
"638053","Tokyo","Hospital","CL9","ZoneA","AB","OHUFCU",42135.979883272,1,0,1,0,3
"638058","Tokyo","Hospital","CL9","ZoneA","AB","OHUFCU",45018.6993958555,1,1,0,0,3
"638061","Tokyo","Hospital","CL9","ZoneA","AB","OHUFCU",67852.1003716922,1,1,1,0,3
"638064","Tokyo","Hospital","CL9","ZoneA","AB","OHUFCU",48155.3764498945,1,1,1,1,3
"638114","Tokyo","Hospital","CL9","ZoneA","COM","CAV",34557.9000585289,1,0,0,0,3
"638117","Tokyo","Hospital","CL9","ZoneA","COM","CAV",60767.8897610616,1,0,1,0,3
"638121","Tokyo","Hospital","CL9","ZoneA","COM","CAV",32830.6942246911,0,1,0,0,3
"638122","Tokyo","Hospital","CL9","ZoneA","COM","CAV",53946.0582675143,1,1,0,0,3
"638125","Tokyo","Hospital","CL9","ZoneA","COM","CAV",94860.7443245112,1,1,1,0,3
"638178","Tokyo","Hospital","CL9","ZoneA","COM","VAV",37524.5191646865,1,0,0,0,3
"638181","Tokyo","Hospital","CL9","ZoneA","COM","VAV",65984.5025326919,1,0,1,0,3
"638185","Tokyo","Hospital","CL9","ZoneA","COM","VAV",35649.0415371851,0,1,0,0,3
"638186","Tokyo","Hospital","CL9","ZoneA","COM","VAV",58577.0516695225,1,1,0,0,3
"638189","Tokyo","Hospital","CL9","ZoneA","COM","VAV",103004.054423239,1,1,1,0,3
"638253","Tokyo","Hospital","CL9","ZoneA","COM","FCU",129168.349815443,1,1,1,0,3
"638305","Tokyo","Hospital","CL9","ZoneA","COM","CAVFCU",39233.2105561998,0,0,0,0,3
"638306","Tokyo","Hospital","CL9","ZoneA","COM","CAVFCU",64466.4120777156,1,0,0,0,3
"638309","Tokyo","Hospital","CL9","ZoneA","COM","CAVFCU",113360.123612689,1,0,1,0,3
"638312","Tokyo","Hospital","CL9","ZoneA","COM","CAVFCU",29393.766671901,1,0,1,1,3
"638313","Tokyo","Hospital","CL9","ZoneA","COM","CAVFCU",61244.3770918328,0,1,0,0,3
"638314","Tokyo","Hospital","CL9","ZoneA","COM","CAVFCU",100634.263550506,1,1,0,0,3
"638317","Tokyo","Hospital","CL9","ZoneA","COM","CAVFCU",176959.011492757,1,1,1,0,3
"638320","Tokyo","Hospital","CL9","ZoneA","COM","CAVFCU",45884.6702750605,1,1,1,1,3
"638370","Tokyo","Hospital","CL9","ZoneA","COM","VAVFCU",45249.4373708675,1,0,0,0,3
"638373","Tokyo","Hospital","CL9","ZoneA","COM","VAVFCU",79568.2844514826,1,0,1,0,3
"638377","Tokyo","Hospital","CL9","ZoneA","COM","VAVFCU",42987.8678868284,0,1,0,0,3
"638378","Tokyo","Hospital","CL9","ZoneA","COM","VAVFCU",70635.9119288734,1,1,0,0,3
"638381","Tokyo","Hospital","CL9","ZoneA","COM","VAVFCU",124208.800361018,1,1,1,0,3
"638433","Tokyo","Hospital","CL9","ZoneA","COM","OHUFCU",65071.6396406986,0,0,0,0,3
"638434","Tokyo","Hospital","CL9","ZoneA","COM","OHUFCU",87110.2217155698,1,0,0,0,3
"638437","Tokyo","Hospital","CL9","ZoneA","COM","OHUFCU",129844.648628724,1,0,1,0,3
"638440","Tokyo","Hospital","CL9","ZoneA","COM","OHUFCU",96716.0714348755,1,0,1,1,3
"638441","Tokyo","Hospital","CL9","ZoneA","COM","OHUFCU",101579.044376959,0,1,0,0,3
"638442","Tokyo","Hospital","CL9","ZoneA","COM","OHUFCU",135982.021141486,1,1,0,0,3
"638445","Tokyo","Hospital","CL9","ZoneA","COM","OHUFCU",202691.916140355,1,1,1,0,3
"638448","Tokyo","Hospital","CL9","ZoneA","COM","OHUFCU",150977.079515663,1,1,1,1,3
"638893","Tokyo","Hospital","CL9","ZoneA","COM+TESICE","CAV",106477.68939876,1,1,1,0,3
"638957","Tokyo","Hospital","CL9","ZoneA","COM+TESICE","VAV",115618.254861792,1,1,1,0,3
"639077","Tokyo","Hospital","CL9","ZoneA","COM+TESICE","CAVFCU",69138.9834561797,1,0,1,0,3
"639082","Tokyo","Hospital","CL9","ZoneA","COM+TESICE","CAVFCU",62903.2451209008,1,1,0,0,3
"639085","Tokyo","Hospital","CL9","ZoneA","COM+TESICE","CAVFCU",110611.393014216,1,1,1,0,3
"639149","Tokyo","Hospital","CL9","ZoneA","COM+TESICE","VAVFCU",139419.800673183,1,1,1,0,3
"639202","Tokyo","Hospital","CL9","ZoneA","COM+TESICE","OHUFCU",35499.7005110509,1,0,0,0,3
"639205","Tokyo","Hospital","CL9","ZoneA","COM+TESICE","OHUFCU",53264.8422296827,1,0,1,0,3
"639208","Tokyo","Hospital","CL9","ZoneA","COM+TESICE","OHUFCU",38559.995602831,1,0,1,1,3
"639209","Tokyo","Hospital","CL9","ZoneA","COM+TESICE","OHUFCU",42022.4249746316,0,1,0,0,3
"639210","Tokyo","Hospital","CL9","ZoneA","COM+TESICE","OHUFCU",56908.939280601,1,1,0,0,3
"639213","Tokyo","Hospital","CL9","ZoneA","COM+TESICE","OHUFCU",85773.0479097172,1,1,1,0,3
"639216","Tokyo","Hospital","CL9","ZoneA","COM+TESICE","OHUFCU",60874.0685803512,1,1,1,1,3
"639233","Nigata","Hospital","CL1","ZoneC","EHP","MUL",256119.469918783,0,0,0,0,1
"639234","Nigata","Hospital","CL1","ZoneC","EHP","MUL",204746.981226074,1,0,0,0,1
"639249","Nigata","Hospital","CL1","ZoneC","EHP","MUL",123020.629878568,0,0,0,0,2
"639250","Nigata","Hospital","CL1","ZoneC","EHP","MUL",98345.130122884,1,0,0,0,2
"639297","Nigata","Hospital","CL1","ZoneC","GHP","MUL",54621.0781911287,0,0,0,0,1
"639313","Nigata","Hospital","CL1","ZoneC","GHP","MUL",26235.8790834993,0,0,0,0,2
"642049","Nigata","Hospital","CL2","ZoneC","EHP","MUL",856871.774949019,0,0,0,0,1
"642050","Nigata","Hospital","CL2","ZoneC","EHP","MUL",816548.958162662,1,0,0,0,1
"642053","Nigata","Hospital","CL2","ZoneC","EHP","MUL",80486.2009326878,1,0,1,0,1
"642065","Nigata","Hospital","CL2","ZoneC","EHP","MUL",411577.087492883,0,0,0,0,2
"642066","Nigata","Hospital","CL2","ZoneC","EHP","MUL",392209.023358171,1,0,0,0,2
"642069","Nigata","Hospital","CL2","ZoneC","EHP","MUL",38659.5487582883,1,0,1,0,2
"642113","Nigata","Hospital","CL2","ZoneC","GHP","MUL",105132.681500826,0,0,0,0,1
"642114","Nigata","Hospital","CL2","ZoneC","GHP","MUL",100185.330008628,1,0,0,0,1
"642129","Nigata","Hospital","CL2","ZoneC","GHP","MUL",50497.8739146836,0,0,0,0,2
"642130","Nigata","Hospital","CL2","ZoneC","GHP","MUL",48121.5364304861,1,0,0,0,2
"642561","Nigata","Hospital","CL2","ZoneC","AHP","CAV",58708.0283792925,0,0,0,0,1
"642562","Nigata","Hospital","CL2","ZoneC","AHP","CAV",55588.425899815,1,0,0,0,1
"642577","Nigata","Hospital","CL2","ZoneC","AHP","CAV",44851.0446928063,0,0,0,0,2
"642578","Nigata","Hospital","CL2","ZoneC","AHP","CAV",42467.7113496795,1,0,0,0,2
"642689","Nigata","Hospital","CL2","ZoneC","AHP","FCU",34668.3899179301,0,0,0,0,1
"642690","Nigata","Hospital","CL2","ZoneC","AHP","FCU",32826.0760221516,1,0,0,0,1
"644865","Nigata","Hospital","CL3","ZoneC","EHP","MUL",172317.95801673,0,0,0,0,1
"644866","Nigata","Hospital","CL3","ZoneC","EHP","MUL",169701.113431357,1,0,0,0,1
"644881","Nigata","Hospital","CL3","ZoneC","EHP","MUL",101623.209805188,0,0,0,0,2
"644882","Nigata","Hospital","CL3","ZoneC","EHP","MUL",100079.945543078,1,0,0,0,2
"644929","Nigata","Hospital","CL3","ZoneC","GHP","MUL",45776.7389297182,0,0,0,0,1
"644945","Nigata","Hospital","CL3","ZoneC","GHP","MUL",26996.4848585336,0,0,0,0,2
"645377","Nigata","Hospital","CL3","ZoneC","AHP","CAV",44754.4908002551,0,0,0,0,1
"645378","Nigata","Hospital","CL3","ZoneC","AHP","CAV",43584.7233149889,1,0,0,0,1
"647681","Nigata","Hospital","CL4","ZoneC","EHP","MUL",88642.76992705,0,0,0,0,1
"647682","Nigata","Hospital","CL4","ZoneC","EHP","MUL",99726.4432481124,1,0,0,0,1
"647697","Nigata","Hospital","CL4","ZoneC","EHP","MUL",42577.3542092078,0,0,0,0,2
"647698","Nigata","Hospital","CL4","ZoneC","EHP","MUL",47901.1215657379,1,0,0,0,2
"647746","Nigata","Hospital","CL4","ZoneC","GHP","MUL",21824.5062329452,1,0,0,0,1
"647762","Nigata","Hospital","CL4","ZoneC","GHP","MUL",10482.8598326282,1,0,0,0,2
"648193","Nigata","Hospital","CL4","ZoneC","AHP","CAV",52246.6719300954,0,0,0,0,1
"648194","Nigata","Hospital","CL4","ZoneC","AHP","CAV",57855.215563049,1,0,0,0,1
"648210","Nigata","Hospital","CL4","ZoneC","AHP","CAV",52884.7086655336,1,0,0,0,2
"650497","Nigata","Hospital","CL5","ZoneC","EHP","MUL",54551.7351504288,0,0,0,0,1
"650498","Nigata","Hospital","CL5","ZoneC","EHP","MUL",68880.5973256102,1,0,0,0,1
"650513","Nigata","Hospital","CL5","ZoneC","EHP","MUL",58110.8449831326,0,0,0,0,2
"650514","Nigata","Hospital","CL5","ZoneC","EHP","MUL",73374.5627429903,1,0,0,0,2
"650562","Nigata","Hospital","CL5","ZoneC","GHP","MUL",17259.8126674374,1,0,0,0,1
"650578","Nigata","Hospital","CL5","ZoneC","GHP","MUL",18385.8917702544,1,0,0,0,2
"650625","Nigata","Hospital","CL5","ZoneC","ABCH","CAV",41820.8347340846,0,0,0,0,1
"650626","Nigata","Hospital","CL5","ZoneC","ABCH","CAV",51558.3606643798,1,0,0,0,1
"650641","Nigata","Hospital","CL5","ZoneC","ABCH","CAV",44549.3445368161,0,0,0,0,2
"650642","Nigata","Hospital","CL5","ZoneC","ABCH","CAV",54922.1742606417,1,0,0,0,2
"651009","Nigata","Hospital","CL5","ZoneC","AHP","CAV",46262.5707148095,0,0,0,0,1
"651010","Nigata","Hospital","CL5","ZoneC","AHP","CAV",57034.3064967933,1,0,0,0,1
"651025","Nigata","Hospital","CL5","ZoneC","AHP","CAV",49280.8719633984,0,0,0,0,2
"651026","Nigata","Hospital","CL5","ZoneC","AHP","CAV",60755.3863211918,1,0,0,0,2
"653313","Nigata","Hospital","CL6","ZoneC","EHP","MUL",38331.1339482753,0,0,0,0,1
"653314","Nigata","Hospital","CL6","ZoneC","EHP","MUL",54899.4088245237,1,0,0,0,1
"653329","Nigata","Hospital","CL6","ZoneC","EHP","MUL",40831.96577989,0,0,0,0,2
"653330","Nigata","Hospital","CL6","ZoneC","EHP","MUL",58481.2018732357,1,0,0,0,2
"653378","Nigata","Hospital","CL6","ZoneC","GHP","MUL",15080.5558757454,1,0,0,0,1
"653394","Nigata","Hospital","CL6","ZoneC","GHP","MUL",16064.4540881854,1,0,0,0,2
"653441","Nigata","Hospital","CL6","ZoneC","ABCH","CAV",66873.9170279726,0,0,0,0,1
"653442","Nigata","Hospital","CL6","ZoneC","ABCH","CAV",92547.6568299505,1,0,0,0,1
"653445","Nigata","Hospital","CL6","ZoneC","ABCH","CAV",36059.5087123071,1,0,1,0,1
"653457","Nigata","Hospital","CL6","ZoneC","ABCH","CAV",71236.9609346305,0,0,0,0,2
"653458","Nigata","Hospital","CL6","ZoneC","ABCH","CAV",98585.7282956676,1,0,0,0,2
"653461","Nigata","Hospital","CL6","ZoneC","ABCH","CAV",38412.1332744139,1,0,1,0,2
"653825","Nigata","Hospital","CL6","ZoneC","AHP","CAV",52043.5465423086,0,0,0,0,1
"653826","Nigata","Hospital","CL6","ZoneC","AHP","CAV",72023.7201537998,1,0,0,0,1
"653841","Nigata","Hospital","CL6","ZoneC","AHP","CAV",55439.015040547,0,0,0,0,2
"653842","Nigata","Hospital","CL6","ZoneC","AHP","CAV",76722.7518139372,1,0,0,0,2
"656130","Nigata","Hospital","CL7","ZoneC","EHP","MUL",74482.0395552075,1,0,0,0,1
"656146","Nigata","Hospital","CL7","ZoneC","EHP","MUL",79341.4589414065,1,0,0,0,2
"656194","Nigata","Hospital","CL7","ZoneC","GHP","MUL",9015.97052157443,1,0,0,0,1
"656210","Nigata","Hospital","CL7","ZoneC","GHP","MUL",9604.19799493009,1,0,0,0,2
"656257","Nigata","Hospital","CL7","ZoneC","ABCH","CAV",46499.872696172,0,0,0,0,1
"656258","Nigata","Hospital","CL7","ZoneC","ABCH","CAV",72477.9250236664,1,0,0,0,1
"656273","Nigata","Hospital","CL7","ZoneC","ABCH","CAV",63077.6991362338,0,0,0,0,2
"656274","Nigata","Hospital","CL7","ZoneC","ABCH","CAV",93986.8235523387,1,0,0,0,2
"656277","Nigata","Hospital","CL7","ZoneC","ABCH","CAV",48876.7706103458,1,0,1,0,2
"656577","Nigata","Hospital","CL7","ZoneC","ABCH","OHUFCU",42034.7909724028,0,0,0,0,1
"656578","Nigata","Hospital","CL7","ZoneC","ABCH","OHUFCU",59402.3388161279,1,0,0,0,1
"656642","Nigata","Hospital","CL7","ZoneC","AHP","CAV",86996.5327685109,1,0,0,0,1
"656658","Nigata","Hospital","CL7","ZoneC","AHP","CAV",81283.8707132874,1,0,0,0,2
"657426","Nigata","Hospital","CL7","ZoneC","AB","CAV",59182.9993146483,1,0,0,0,2
"657793","Nigata","Hospital","CL7","ZoneC","COM","CAV",44315.1762700508,0,0,0,0,1
"657794","Nigata","Hospital","CL7","ZoneC","COM","CAV",66030.35161109,1,0,0,0,1
"657797","Nigata","Hospital","CL7","ZoneC","COM","CAV",34338.3277254656,1,0,1,0,1
"657809","Nigata","Hospital","CL7","ZoneC","COM","CAV",41405.2025286594,0,0,0,0,2
"657810","Nigata","Hospital","CL7","ZoneC","COM","CAV",61694.4422117412,1,0,0,0,2
"657813","Nigata","Hospital","CL7","ZoneC","COM","CAV",32083.4877267375,1,0,1,0,2
"658978","Nigata","Hospital","CL8","ZoneA","EHP","MUL",34692.8188720367,1,0,0,0,3
"659425","Nigata","Hospital","CL8","ZoneA","ABCH","OHUFCU",48177.5425797137,0,0,0,0,3
"659426","Nigata","Hospital","CL8","ZoneA","ABCH","OHUFCU",80509.5479542725,1,0,0,0,3
"659429","Nigata","Hospital","CL8","ZoneA","ABCH","OHUFCU",67604.6454186044,1,0,1,0,3
"659434","Nigata","Hospital","CL8","ZoneA","ABCH","OHUFCU",41930.3194670618,1,1,0,0,3
"660578","Nigata","Hospital","CL8","ZoneA","AB","OHUFCU",78726.7780389553,1,0,0,0,3
"660581","Nigata","Hospital","CL8","ZoneA","AB","OHUFCU",66107.6362929734,1,0,1,0,3
"660642","Nigata","Hospital","CL8","ZoneA","COM","CAV",78790.8616699009,1,0,0,0,3
"660645","Nigata","Hospital","CL8","ZoneA","COM","CAV",67061.6821779748,1,0,1,0,3
"660706","Nigata","Hospital","CL8","ZoneA","COM","VAV",114943.485760029,1,0,0,0,3
"660770","Nigata","Hospital","CL8","ZoneA","COM","FCU",66766.0933233336,1,0,0,0,3
"660834","Nigata","Hospital","CL8","ZoneA","COM","CAVFCU",76338.7589033228,1,0,0,0,3
"660837","Nigata","Hospital","CL8","ZoneA","COM","CAVFCU",64974.6110010033,1,0,1,0,3
"660898","Nigata","Hospital","CL8","ZoneA","COM","VAVFCU",54615.2706502015,1,0,0,0,3
"660961","Nigata","Hospital","CL8","ZoneA","COM","OHUFCU",54625.5218925079,0,0,0,0,3
"660962","Nigata","Hospital","CL8","ZoneA","COM","OHUFCU",78845.7723693122,1,0,0,0,3
"660965","Nigata","Hospital","CL8","ZoneA","COM","OHUFCU",63601.9166437434,1,0,1,0,3
"661729","Nigata","Hospital","CL8","ZoneA","COM+TESICE","OHUFCU",48429.3396513456,0,0,0,0,3
"661730","Nigata","Hospital","CL8","ZoneA","COM+TESICE","OHUFCU",80930.326336228,1,0,0,0,3
"661733","Nigata","Hospital","CL8","ZoneA","COM+TESICE","OHUFCU",67957.9770921107,1,0,1,0,3
"661738","Nigata","Hospital","CL8","ZoneA","COM+TESICE","OHUFCU",42149.4657972617,1,1,0,0,3
"661797","Nigata","Hospital","CL9","ZoneA","EHP","MUL",18826.8464843205,1,0,1,0,3
"663405","Nigata","Hospital","CL9","ZoneA","AB","OHUFCU",135202.575405842,1,1,1,0,3
"663469","Nigata","Hospital","CL9","ZoneA","COM","CAV",68323.3398969941,1,1,1,0,3
"663533","Nigata","Hospital","CL9","ZoneA","COM","VAV",72198.2106158253,1,1,1,0,3
"663653","Nigata","Hospital","CL9","ZoneA","COM","CAVFCU",60524.7913518745,1,0,1,0,3
"663661","Nigata","Hospital","CL9","ZoneA","COM","CAVFCU",93728.5419188822,1,1,1,0,3
"663725","Nigata","Hospital","CL9","ZoneA","COM","VAVFCU",86967.85731044,1,1,1,0,3
"663781","Nigata","Hospital","CL9","ZoneA","COM","OHUFCU",50712.9400100178,1,0,1,0,3
"663786","Nigata","Hospital","CL9","ZoneA","COM","OHUFCU",53037.6295626406,1,1,0,0,3
"663789","Nigata","Hospital","CL9","ZoneA","COM","OHUFCU",79050.3386000275,1,1,1,0,3
"663792","Nigata","Hospital","CL9","ZoneA","COM","OHUFCU",54101.4690155658,1,1,1,1,3
"664429","Nigata","Hospital","CL9","ZoneA","COM+TESICE","CAVFCU",83525.2550630805,1,1,1,0,3
"664557","Nigata","Hospital","CL9","ZoneA","COM+TESICE","OHUFCU",128278.145179311,1,1,1,0,3
"664577","Nagoya","Hospital","CL1","ZoneC","EHP","MUL",76452.9675357122,0,0,0,0,1
"664578","Nagoya","Hospital","CL1","ZoneC","EHP","MUL",61640.8625126881,1,0,0,0,1
"664593","Nagoya","Hospital","CL1","ZoneC","EHP","MUL",36722.2852105365,0,0,0,0,2
"664594","Nagoya","Hospital","CL1","ZoneC","EHP","MUL",29607.6582345484,1,0,0,0,2
"664641","Nagoya","Hospital","CL1","ZoneC","GHP","MUL",19204.9038054919,0,0,0,0,1
"664657","Nagoya","Hospital","CL1","ZoneC","GHP","MUL",9224.59883138952,0,0,0,0,2
"667393","Nagoya","Hospital","CL2","ZoneC","EHP","MUL",513163.505003607,0,0,0,0,1
"667394","Nagoya","Hospital","CL2","ZoneC","EHP","MUL",484215.12510825,1,0,0,0,1
"667397","Nagoya","Hospital","CL2","ZoneC","EHP","MUL",48277.1541430939,1,0,1,0,1
"667409","Nagoya","Hospital","CL2","ZoneC","EHP","MUL",267554.638291493,0,0,0,0,2
"667410","Nagoya","Hospital","CL2","ZoneC","EHP","MUL",252461.450181843,1,0,0,0,2
"667413","Nagoya","Hospital","CL2","ZoneC","EHP","MUL",25170.8790445013,1,0,1,0,2
"667457","Nagoya","Hospital","CL2","ZoneC","GHP","MUL",76817.1176546089,0,0,0,0,1
"667458","Nagoya","Hospital","CL2","ZoneC","GHP","MUL",72483.7403145418,1,0,0,0,1
"667473","Nagoya","Hospital","CL2","ZoneC","GHP","MUL",40051.1258658767,0,0,0,0,2
"667474","Nagoya","Hospital","CL2","ZoneC","GHP","MUL",37791.7773434326,1,0,0,0,2
"667905","Nagoya","Hospital","CL2","ZoneC","AHP","CAV",52718.0651747996,0,0,0,0,1
"667906","Nagoya","Hospital","CL2","ZoneC","AHP","CAV",49425.4650820486,1,0,0,0,1
"670209","Nagoya","Hospital","CL3","ZoneC","EHP","MUL",487489.82582507,0,0,0,0,1
"670210","Nagoya","Hospital","CL3","ZoneC","EHP","MUL",493519.404594806,1,0,0,0,1
"670213","Nagoya","Hospital","CL3","ZoneC","EHP","MUL",64801.1179033417,1,0,1,0,1
"670225","Nagoya","Hospital","CL3","ZoneC","EHP","MUL",234153.637173349,0,0,0,0,2
"670226","Nagoya","Hospital","CL3","ZoneC","EHP","MUL",237049.795666846,1,0,0,0,2
"670229","Nagoya","Hospital","CL3","ZoneC","EHP","MUL",31125.6084663627,1,0,1,0,2
"670273","Nagoya","Hospital","CL3","ZoneC","GHP","MUL",78513.3296955041,0,0,0,0,1
"670274","Nagoya","Hospital","CL3","ZoneC","GHP","MUL",79484.4316155742,1,0,0,0,1
"670289","Nagoya","Hospital","CL3","ZoneC","GHP","MUL",37711.929030883,0,0,0,0,2
"670290","Nagoya","Hospital","CL3","ZoneC","GHP","MUL",38178.3737331197,1,0,0,0,2
"670337","Nagoya","Hospital","CL3","ZoneC","ABCH","CAV",27300.852517429,0,0,0,0,1
"670338","Nagoya","Hospital","CL3","ZoneC","ABCH","CAV",27347.1900022457,1,0,0,0,1
"670721","Nagoya","Hospital","CL3","ZoneC","AHP","CAV",57569.4489965093,0,0,0,0,1
"670722","Nagoya","Hospital","CL3","ZoneC","AHP","CAV",57667.4714950246,1,0,0,0,1
"670737","Nagoya","Hospital","CL3","ZoneC","AHP","CAV",56795.7051096507,0,0,0,0,2
"670738","Nagoya","Hospital","CL3","ZoneC","AHP","CAV",56892.1039353464,1,0,0,0,2
"670849","Nagoya","Hospital","CL3","ZoneC","AHP","FCU",33373.9793611339,0,0,0,0,1
"670850","Nagoya","Hospital","CL3","ZoneC","AHP","FCU",33430.3138733325,1,0,0,0,1
"673025","Nagoya","Hospital","CL4","ZoneC","EHP","MUL",238581.580503274,0,0,0,0,1
"673026","Nagoya","Hospital","CL4","ZoneC","EHP","MUL",272083.249950178,1,0,0,0,1
"673029","Nagoya","Hospital","CL4","ZoneC","EHP","MUL",45836.9267872556,1,0,1,0,1
"673041","Nagoya","Hospital","CL4","ZoneC","EHP","MUL",124882.865233138,0,0,0,0,2
"673042","Nagoya","Hospital","CL4","ZoneC","EHP","MUL",142418.940154755,1,0,0,0,2
"673089","Nagoya","Hospital","CL4","ZoneC","GHP","MUL",35627.0643148508,0,0,0,0,1
"673090","Nagoya","Hospital","CL4","ZoneC","GHP","MUL",40629.8232433563,1,0,0,0,1
"673106","Nagoya","Hospital","CL4","ZoneC","GHP","MUL",36628.103060515,1,0,0,0,2
"673153","Nagoya","Hospital","CL4","ZoneC","ABCH","CAV",45467.984762583,0,0,0,0,1
"673154","Nagoya","Hospital","CL4","ZoneC","ABCH","CAV",51036.2813836217,1,0,0,0,1
"673537","Nagoya","Hospital","CL4","ZoneC","AHP","CAV",56733.4242253455,0,0,0,0,1
"673538","Nagoya","Hospital","CL4","ZoneC","AHP","CAV",63682.6102890058,1,0,0,0,1
"673553","Nagoya","Hospital","CL4","ZoneC","AHP","CAV",64101.770376247,0,0,0,0,2
"673554","Nagoya","Hospital","CL4","ZoneC","AHP","CAV",71952.0780873203,1,0,0,0,2
"673665","Nagoya","Hospital","CL4","ZoneC","AHP","FCU",31253.538529259,0,0,0,0,1
"673666","Nagoya","Hospital","CL4","ZoneC","AHP","FCU",35079.7873222234,1,0,0,0,1
"675841","Nagoya","Hospital","CL5","ZoneC","EHP","MUL",128662.194890459,0,0,0,0,1
"675842","Nagoya","Hospital","CL5","ZoneC","EHP","MUL",160395.329816154,1,0,0,0,1
"675845","Nagoya","Hospital","CL5","ZoneC","EHP","MUL",41650.5368646584,1,0,1,0,1
"675857","Nagoya","Hospital","CL5","ZoneC","EHP","MUL",137056.481188946,0,0,0,0,2
"675858","Nagoya","Hospital","CL5","ZoneC","EHP","MUL",170859.975787438,1,0,0,0,2
"675861","Nagoya","Hospital","CL5","ZoneC","EHP","MUL",44367.9359516651,1,0,1,0,2
"675906","Nagoya","Hospital","CL5","ZoneC","GHP","MUL",53824.255543895,1,0,0,0,1
"675922","Nagoya","Hospital","CL5","ZoneC","GHP","MUL",57335.9025449664,1,0,0,0,2
"675969","Nagoya","Hospital","CL5","ZoneC","ABCH","CAV",58170.9909711592,0,0,0,0,1
"675970","Nagoya","Hospital","CL5","ZoneC","ABCH","CAV",70728.1473832118,1,0,0,0,1
"675985","Nagoya","Hospital","CL5","ZoneC","ABCH","CAV",61966.2313126932,0,0,0,0,2
"675986","Nagoya","Hospital","CL5","ZoneC","ABCH","CAV",75342.6522033859,1,0,0,0,2
"676097","Nagoya","Hospital","CL5","ZoneC","ABCH","FCU",36389.348041497,0,0,0,0,1
"676098","Nagoya","Hospital","CL5","ZoneC","ABCH","FCU",44234.7815724435,1,0,0,0,1
"676113","Nagoya","Hospital","CL5","ZoneC","ABCH","FCU",38763.4922563977,0,0,0,0,2
"676114","Nagoya","Hospital","CL5","ZoneC","ABCH","FCU",47120.7841094455,1,0,0,0,2
"676353","Nagoya","Hospital","CL5","ZoneC","AHP","CAV",61994.1173116289,0,0,0,0,1
"676354","Nagoya","Hospital","CL5","ZoneC","AHP","CAV",75376.5578496493,1,0,0,0,1
"676369","Nagoya","Hospital","CL5","ZoneC","AHP","CAV",66038.7892525889,0,0,0,0,2
"676370","Nagoya","Hospital","CL5","ZoneC","AHP","CAV",80294.338144965,1,0,0,0,2
"676481","Nagoya","Hospital","CL5","ZoneC","AHP","FCU",38780.9365753583,0,0,0,0,1
"676482","Nagoya","Hospital","CL5","ZoneC","AHP","FCU",47141.9893708869,1,0,0,0,1
"676497","Nagoya","Hospital","CL5","ZoneC","AHP","FCU",41311.1148053671,0,0,0,0,2
"676498","Nagoya","Hospital","CL5","ZoneC","AHP","FCU",50217.6663853847,1,0,0,0,2
"678657","Nagoya","Hospital","CL6","ZoneC","EHP","MUL",67955.8176330338,0,0,0,0,1
"678658","Nagoya","Hospital","CL6","ZoneC","EHP","MUL",94667.7401530002,1,0,0,0,1
"678661","Nagoya","Hospital","CL6","ZoneC","EHP","MUL",36097.6945186255,1,0,1,0,1
"678673","Nagoya","Hospital","CL6","ZoneC","EHP","MUL",72389.4478019041,0,0,0,0,2
"678674","Nagoya","Hospital","CL6","ZoneC","EHP","MUL",100844.131864268,1,0,0,0,2
"678677","Nagoya","Hospital","CL6","ZoneC","EHP","MUL",38452.8104309774,1,0,1,0,2
"678722","Nagoya","Hospital","CL6","ZoneC","GHP","MUL",35654.9201567285,1,0,0,0,1
"678738","Nagoya","Hospital","CL6","ZoneC","GHP","MUL",37981.1482146289,1,0,0,0,2
"678785","Nagoya","Hospital","CL6","ZoneC","ABCH","CAV",59053.8469755775,0,0,0,0,1
"678786","Nagoya","Hospital","CL6","ZoneC","ABCH","CAV",82266.6025550317,1,0,0,0,1
"678801","Nagoya","Hospital","CL6","ZoneC","ABCH","CAV",51479.6942249231,0,0,0,0,2
"678802","Nagoya","Hospital","CL6","ZoneC","ABCH","CAV",71715.2185903784,1,0,0,0,2
"678805","Nagoya","Hospital","CL6","ZoneC","ABCH","CAV",27345.6834274067,1,0,1,0,2
"678913","Nagoya","Hospital","CL6","ZoneC","ABCH","FCU",35602.2842744512,0,0,0,0,1
"678914","Nagoya","Hospital","CL6","ZoneC","ABCH","FCU",49596.7514473495,1,0,0,0,1
"678929","Nagoya","Hospital","CL6","ZoneC","ABCH","FCU",37925.078218191,0,0,0,0,2
"678930","Nagoya","Hospital","CL6","ZoneC","ABCH","FCU",52832.5840979456,1,0,0,0,2
"678978","Nagoya","Hospital","CL6","ZoneC","ABCH","CAVFCU",64088.9153232543,1,0,0,0,1
"678994","Nagoya","Hospital","CL6","ZoneC","ABCH","CAVFCU",68270.2578243741,1,0,0,0,2
"679105","Nagoya","Hospital","CL6","ZoneC","ABCH","OHUFCU",36954.5591800522,0,0,0,0,1
"679106","Nagoya","Hospital","CL6","ZoneC","ABCH","OHUFCU",43731.3263355226,1,0,0,0,1
"679121","Nagoya","Hospital","CL6","ZoneC","ABCH","OHUFCU",39365.5793717707,0,0,0,0,2
"679122","Nagoya","Hospital","CL6","ZoneC","ABCH","OHUFCU",46584.4820257815,1,0,0,0,2
"679169","Nagoya","Hospital","CL6","ZoneC","AHP","CAV",80090.0119436178,0,0,0,0,1
"679170","Nagoya","Hospital","CL6","ZoneC","AHP","CAV",107710.711025879,1,0,0,0,1
"679173","Nagoya","Hospital","CL6","ZoneC","AHP","CAV",42778.3002046764,1,0,1,0,1
"679185","Nagoya","Hospital","CL6","ZoneC","AHP","CAV",53220.0516904196,0,0,0,0,2
"679186","Nagoya","Hospital","CL6","ZoneC","AHP","CAV",71593.2984491641,1,0,0,0,2
"679189","Nagoya","Hospital","CL6","ZoneC","AHP","CAV",28425.1387746142,1,0,1,0,2
"679313","Nagoya","Hospital","CL6","ZoneC","AHP","FCU",39408.670512125,0,0,0,0,2
"679314","Nagoya","Hospital","CL6","ZoneC","AHP","FCU",52975.4928154032,1,0,0,0,2
"680322","Nagoya","Hospital","CL6","ZoneC","COM","CAV",69174.3469944105,1,0,0,0,1
"680338","Nagoya","Hospital","CL6","ZoneC","COM","CAV",73687.4774728412,1,0,0,0,2
"681473","Nagoya","Hospital","CL7","ZoneC","EHP","MUL",52065.2369031697,0,0,0,0,1
"681474","Nagoya","Hospital","CL7","ZoneC","EHP","MUL",79743.8003747681,1,0,0,0,1
"681477","Nagoya","Hospital","CL7","ZoneC","EHP","MUL",42868.7262750512,1,0,1,0,1
"681489","Nagoya","Hospital","CL7","ZoneC","EHP","MUL",55462.1205420334,0,0,0,0,2
"681490","Nagoya","Hospital","CL7","ZoneC","EHP","MUL",84946.5119517398,1,0,0,0,2
"681493","Nagoya","Hospital","CL7","ZoneC","EHP","MUL",45665.6034922524,1,0,1,0,2
"681538","Nagoya","Hospital","CL7","ZoneC","GHP","MUL",25765.9007495188,1,0,0,0,1
"681554","Nagoya","Hospital","CL7","ZoneC","GHP","MUL",27446.9411500343,1,0,0,0,2
"681601","Nagoya","Hospital","CL7","ZoneC","ABCH","CAV",45363.6502398675,0,0,0,0,1
"681602","Nagoya","Hospital","CL7","ZoneC","ABCH","CAV",69479.5622600647,1,0,0,0,1
"681617","Nagoya","Hospital","CL7","ZoneC","ABCH","CAV",36463.9892654305,0,0,0,0,2
"681618","Nagoya","Hospital","CL7","ZoneC","ABCH","CAV",55848.7246732027,1,0,0,0,2
"681621","Nagoya","Hospital","CL7","ZoneC","ABCH","CAV",30023.1952775574,1,0,1,0,2
"681730","Nagoya","Hospital","CL7","ZoneC","ABCH","FCU",67368.5319463848,1,0,0,0,1
"681746","Nagoya","Hospital","CL7","ZoneC","ABCH","FCU",71763.8459323473,1,0,0,0,2
"681794","Nagoya","Hospital","CL7","ZoneC","ABCH","CAVFCU",78088.7626379952,1,0,0,0,1
"681810","Nagoya","Hospital","CL7","ZoneC","ABCH","CAVFCU",83183.4948616756,1,0,0,0,2
"681921","Nagoya","Hospital","CL7","ZoneC","ABCH","OHUFCU",46842.5644975214,0,0,0,0,1
"681922","Nagoya","Hospital","CL7","ZoneC","ABCH","OHUFCU",61081.1689177241,1,0,0,0,1
"681937","Nagoya","Hospital","CL7","ZoneC","ABCH","OHUFCU",49898.7061845356,0,0,0,0,2
"681938","Nagoya","Hospital","CL7","ZoneC","ABCH","OHUFCU",65066.2775176369,1,0,0,0,2
"681985","Nagoya","Hospital","CL7","ZoneC","AHP","CAV",42196.659534675,0,0,0,0,1
"681986","Nagoya","Hospital","CL7","ZoneC","AHP","CAV",61620.0080735098,1,0,0,0,1
"681989","Nagoya","Hospital","CL7","ZoneC","AHP","CAV",33768.5726072001,1,0,1,0,1
"682001","Nagoya","Hospital","CL7","ZoneC","AHP","CAV",44949.689212704,0,0,0,0,2
"682002","Nagoya","Hospital","CL7","ZoneC","AHP","CAV",65640.2720673311,1,0,0,0,2
"682005","Nagoya","Hospital","CL7","ZoneC","AHP","CAV",35971.7300039583,1,0,1,0,2
"682754","Nagoya","Hospital","CL7","ZoneC","AB","CAV",83770.7355541585,1,0,0,0,1
"682770","Nagoya","Hospital","CL7","ZoneC","AB","CAV",89236.1757969204,1,0,0,0,2
"683137","Nagoya","Hospital","CL7","ZoneC","COM","CAV",44761.3828014648,0,0,0,0,1
"683138","Nagoya","Hospital","CL7","ZoneC","COM","CAV",68557.1215445922,1,0,0,0,1
"683153","Nagoya","Hospital","CL7","ZoneC","COM","CAV",47681.7422953435,0,0,0,0,2
"683154","Nagoya","Hospital","CL7","ZoneC","COM","CAV",73029.9824850993,1,0,0,0,2
"683457","Nagoya","Hospital","CL7","ZoneC","COM","OHUFCU",44594.7661475655,0,0,0,0,1
"683458","Nagoya","Hospital","CL7","ZoneC","COM","OHUFCU",61896.1251105087,1,0,0,0,1
"683473","Nagoya","Hospital","CL7","ZoneC","COM","OHUFCU",47504.2550986549,0,0,0,0,2
"683474","Nagoya","Hospital","CL7","ZoneC","COM","OHUFCU",65934.4037625006,1,0,0,0,2
"683906","Nagoya","Hospital","CL7","ZoneC","COM+TESICE","CAV",73278.8249600097,1,0,0,0,1
"683922","Nagoya","Hospital","CL7","ZoneC","COM+TESICE","CAV",78059.7432154048,1,0,0,0,2
"684322","Nagoya","Hospital","CL8","ZoneA","EHP","MUL",58385.91117518,1,0,0,0,3
"684386","Nagoya","Hospital","CL8","ZoneA","GHP","MUL",12161.5544498661,1,0,0,0,3
"684450","Nagoya","Hospital","CL8","ZoneA","ABCH","CAV",115930.766180742,1,0,0,0,3
"684514","Nagoya","Hospital","CL8","ZoneA","ABCH","VAV",91351.6252021593,1,0,0,0,3
"684642","Nagoya","Hospital","CL8","ZoneA","ABCH","CAVFCU",111010.004698538,1,0,0,0,3
"684770","Nagoya","Hospital","CL8","ZoneA","ABCH","OHUFCU",84323.9398412836,1,0,0,0,3
"684773","Nagoya","Hospital","CL8","ZoneA","ABCH","OHUFCU",68034.102155337,1,0,1,0,3
"685154","Nagoya","Hospital","CL8","ZoneA","AHP","OHUFCU",95314.0757134039,1,0,0,0,3
"685602","Nagoya","Hospital","CL8","ZoneA","AB","CAV",83696.3109189173,1,0,0,0,3
"685794","Nagoya","Hospital","CL8","ZoneA","AB","CAVFCU",80143.7631652839,1,0,0,0,3
"685922","Nagoya","Hospital","CL8","ZoneA","AB","OHUFCU",109995.012316799,1,0,0,0,3
"685985","Nagoya","Hospital","CL8","ZoneA","COM","CAV",49174.5726387515,0,0,0,0,3
"685986","Nagoya","Hospital","CL8","ZoneA","COM","CAV",87273.4182662304,1,0,0,0,3
"685989","Nagoya","Hospital","CL8","ZoneA","COM","CAV",73573.7610253069,1,0,1,0,3
"685994","Nagoya","Hospital","CL8","ZoneA","COM","CAV",42831.6472596291,1,1,0,0,3
"685997","Nagoya","Hospital","CL8","ZoneA","COM","CAV",36108.1924187624,1,1,1,0,3
"686049","Nagoya","Hospital","CL8","ZoneA","COM","VAV",44282.2307523196,0,0,0,0,3
"686050","Nagoya","Hospital","CL8","ZoneA","COM","VAV",78590.6503875421,1,0,0,0,3
"686053","Nagoya","Hospital","CL8","ZoneA","COM","VAV",66253.9619199701,1,0,1,0,3
"686058","Nagoya","Hospital","CL8","ZoneA","COM","VAV",38570.3583310492,1,1,0,0,3
"686114","Nagoya","Hospital","CL8","ZoneA","COM","FCU",129042.615131108,1,0,0,0,3
"686177","Nagoya","Hospital","CL8","ZoneA","COM","CAVFCU",47087.3239219841,0,0,0,0,3
"686178","Nagoya","Hospital","CL8","ZoneA","COM","CAVFCU",83569.037719351,1,0,0,0,3
"686181","Nagoya","Hospital","CL8","ZoneA","COM","CAVFCU",70450.8718968956,1,0,1,0,3
"686186","Nagoya","Hospital","CL8","ZoneA","COM","CAVFCU",41013.6283937316,1,1,0,0,3
"686189","Nagoya","Hospital","CL8","ZoneA","COM","CAVFCU",34575.555239696,1,1,1,0,3
"686242","Nagoya","Hospital","CL8","ZoneA","COM","VAVFCU",106880.743598059,1,0,0,0,3
"686305","Nagoya","Hospital","CL8","ZoneA","COM","OHUFCU",62173.8067785795,0,0,0,0,3
"686306","Nagoya","Hospital","CL8","ZoneA","COM","OHUFCU",90109.6742850743,1,0,0,0,3
"686309","Nagoya","Hospital","CL8","ZoneA","COM","OHUFCU",72046.8550786246,1,0,1,0,3
"686312","Nagoya","Hospital","CL8","ZoneA","COM","OHUFCU",45331.7348627884,1,0,1,1,3
"686313","Nagoya","Hospital","CL8","ZoneA","COM","OHUFCU",30513.3752479463,0,1,0,0,3
"686314","Nagoya","Hospital","CL8","ZoneA","COM","OHUFCU",44223.6119580501,1,1,0,0,3
"686317","Nagoya","Hospital","CL8","ZoneA","COM","OHUFCU",35358.8245332578,1,1,1,0,3
"686754","Nagoya","Hospital","CL8","ZoneA","COM+TESICE","CAV",116735.197376846,1,0,0,0,3
"686818","Nagoya","Hospital","CL8","ZoneA","COM+TESICE","VAV",91985.5043659771,1,0,0,0,3
"686946","Nagoya","Hospital","CL8","ZoneA","COM+TESICE","CAVFCU",111780.291256637,1,0,0,0,3
"687074","Nagoya","Hospital","CL8","ZoneA","COM+TESICE","OHUFCU",84909.0546474858,1,0,0,0,3
"687077","Nagoya","Hospital","CL8","ZoneA","COM+TESICE","OHUFCU",68506.1835188584,1,0,1,0,3
"687141","Nagoya","Hospital","CL9","ZoneA","EHP","MUL",50120.4666787555,1,0,1,0,3
"687597","Nagoya","Hospital","CL9","ZoneA","ABCH","OHUFCU",119077.303471332,1,1,1,0,3
"688621","Nagoya","Hospital","CL9","ZoneA","AB","CAVFCU",125512.289062874,1,1,1,0,3
"688741","Nagoya","Hospital","CL9","ZoneA","AB","OHUFCU",54749.52498103,1,0,1,0,3
"688746","Nagoya","Hospital","CL9","ZoneA","AB","OHUFCU",53285.5935251182,1,1,0,0,3
"688749","Nagoya","Hospital","CL9","ZoneA","AB","OHUFCU",83584.1108410936,1,1,1,0,3
"688805","Nagoya","Hospital","CL9","ZoneA","COM","CAV",64874.9478565782,1,0,1,0,3
"688813","Nagoya","Hospital","CL9","ZoneA","COM","CAV",96197.6377965409,1,1,1,0,3
"688869","Nagoya","Hospital","CL9","ZoneA","COM","VAV",51248.343868742,1,0,1,0,3
"688874","Nagoya","Hospital","CL9","ZoneA","COM","VAV",44354.935103059,1,1,0,0,3
"688877","Nagoya","Hospital","CL9","ZoneA","COM","VAV",75991.8856822317,1,1,1,0,3
"688941","Nagoya","Hospital","CL9","ZoneA","COM","FCU",74829.5077765609,1,1,1,0,3
"688994","Nagoya","Hospital","CL9","ZoneA","COM","CAVFCU",46790.5123396571,1,0,0,0,3
"688997","Nagoya","Hospital","CL9","ZoneA","COM","CAVFCU",80164.681933737,1,0,1,0,3
"689001","Nagoya","Hospital","CL9","ZoneA","COM","CAVFCU",42280.1395643935,0,1,0,0,3
"689002","Nagoya","Hospital","CL9","ZoneA","COM","CAVFCU",69381.7399023698,1,1,0,0,3
"689005","Nagoya","Hospital","CL9","ZoneA","COM","CAVFCU",118869.506512514,1,1,1,0,3
"689061","Nagoya","Hospital","CL9","ZoneA","COM","VAVFCU",59815.358998732,1,0,1,0,3
"689066","Nagoya","Hospital","CL9","ZoneA","COM","VAVFCU",51769.6020255816,1,1,0,0,3
"689069","Nagoya","Hospital","CL9","ZoneA","COM","VAVFCU",88695.1963699596,1,1,1,0,3
"689121","Nagoya","Hospital","CL9","ZoneA","COM","OHUFCU",38501.3570897911,0,0,0,0,3
"689122","Nagoya","Hospital","CL9","ZoneA","COM","OHUFCU",51448.582530303,1,0,0,0,3
"689125","Nagoya","Hospital","CL9","ZoneA","COM","OHUFCU",75118.7989717159,1,0,1,0,3
"689128","Nagoya","Hospital","CL9","ZoneA","COM","OHUFCU",54751.6512937971,1,0,1,1,3
"689129","Nagoya","Hospital","CL9","ZoneA","COM","OHUFCU",57090.4444067844,0,1,0,0,3
"689130","Nagoya","Hospital","CL9","ZoneA","COM","OHUFCU",76288.8028571061,1,1,0,0,3
"689133","Nagoya","Hospital","CL9","ZoneA","COM","OHUFCU",111387.388413286,1,1,1,0,3
"689136","Nagoya","Hospital","CL9","ZoneA","COM","OHUFCU",81186.6474492918,1,1,1,1,3
"689581","Nagoya","Hospital","CL9","ZoneA","COM+TESICE","CAV",58936.4126264539,1,1,1,0,3
"689645","Nagoya","Hospital","CL9","ZoneA","COM+TESICE","VAV",62786.621247478,1,1,1,0,3
"689773","Nagoya","Hospital","CL9","ZoneA","COM+TESICE","CAVFCU",130804.2365916,1,1,1,0,3
"689837","Nagoya","Hospital","CL9","ZoneA","COM+TESICE","VAVFCU",73282.4518164767,1,1,1,0,3
"689893","Nagoya","Hospital","CL9","ZoneA","COM+TESICE","OHUFCU",43131.9011137647,1,0,1,0,3
"689898","Nagoya","Hospital","CL9","ZoneA","COM+TESICE","OHUFCU",44729.7737500288,1,1,0,0,3
"689901","Nagoya","Hospital","CL9","ZoneA","COM+TESICE","OHUFCU",66033.0527873511,1,1,1,0,3
"689904","Nagoya","Hospital","CL9","ZoneA","COM+TESICE","OHUFCU",45803.7018666288,1,1,1,1,3
"689921","Osaka","Hospital","CL1","ZoneC","EHP","MUL",174023.149638425,0,0,0,0,1
"689922","Osaka","Hospital","CL1","ZoneC","EHP","MUL",140316.300877977,1,0,0,0,1
"689937","Osaka","Hospital","CL1","ZoneC","EHP","MUL",83587.7002586332,0,0,0,0,2
"689938","Osaka","Hospital","CL1","ZoneC","EHP","MUL",67397.4521410386,1,0,0,0,2
"689985","Osaka","Hospital","CL1","ZoneC","GHP","MUL",51989.5427457607,0,0,0,0,1
"690001","Osaka","Hospital","CL1","ZoneC","GHP","MUL",24971.8863533113,0,0,0,0,2
"692737","Osaka","Hospital","CL2","ZoneC","EHP","MUL",594161.561893416,0,0,0,0,1
"692738","Osaka","Hospital","CL2","ZoneC","EHP","MUL",559878.368657895,1,0,0,0,1
"692741","Osaka","Hospital","CL2","ZoneC","EHP","MUL",54448.2687282811,1,0,1,0,1
"692753","Osaka","Hospital","CL2","ZoneC","EHP","MUL",306533.828695319,0,0,0,0,2
"692754","Osaka","Hospital","CL2","ZoneC","EHP","MUL",288846.790091043,1,0,0,0,2
"692757","Osaka","Hospital","CL2","ZoneC","EHP","MUL",28090.4005737509,1,0,1,0,2
"692801","Osaka","Hospital","CL2","ZoneC","GHP","MUL",95878.3776388324,0,0,0,0,1
"692802","Osaka","Hospital","CL2","ZoneC","GHP","MUL",90346.1837735382,1,0,0,0,1
"692817","Osaka","Hospital","CL2","ZoneC","GHP","MUL",49464.6036897268,0,0,0,0,2
"692818","Osaka","Hospital","CL2","ZoneC","GHP","MUL",46610.4901364882,1,0,0,0,2
"693249","Osaka","Hospital","CL2","ZoneC","AHP","CAV",53357.2031881193,0,0,0,0,1
"693250","Osaka","Hospital","CL2","ZoneC","AHP","CAV",49969.5866677728,1,0,0,0,1
"695553","Osaka","Hospital","CL3","ZoneC","EHP","MUL",302445.527442507,0,0,0,0,1
"695554","Osaka","Hospital","CL3","ZoneC","EHP","MUL",305937.173607304,1,0,0,0,1
"695557","Osaka","Hospital","CL3","ZoneC","EHP","MUL",40232.5885106911,1,0,1,0,1
"695569","Osaka","Hospital","CL3","ZoneC","EHP","MUL",154879.109809529,0,0,0,0,2
"695570","Osaka","Hospital","CL3","ZoneC","EHP","MUL",156667.144350317,1,0,0,0,2
"695617","Osaka","Hospital","CL3","ZoneC","GHP","MUL",51948.4478517906,0,0,0,0,1
"695618","Osaka","Hospital","CL3","ZoneC","GHP","MUL",52548.1776617919,1,0,0,0,1
"695634","Osaka","Hospital","CL3","ZoneC","GHP","MUL",50192.3602096402,1,0,0,0,2
"696065","Osaka","Hospital","CL3","ZoneC","AHP","CAV",71027.813214435,0,0,0,0,1
"696066","Osaka","Hospital","CL3","ZoneC","AHP","CAV",71091.9625283315,1,0,0,0,1
"696081","Osaka","Hospital","CL3","ZoneC","AHP","CAV",34116.4469975978,0,0,0,0,2
"696082","Osaka","Hospital","CL3","ZoneC","AHP","CAV",34147.2595281888,1,0,0,0,2
"698369","Osaka","Hospital","CL4","ZoneC","EHP","MUL",185601.201961777,0,0,0,0,1
"698370","Osaka","Hospital","CL4","ZoneC","EHP","MUL",210326.868005576,1,0,0,0,1
"698373","Osaka","Hospital","CL4","ZoneC","EHP","MUL",36258.796306262,1,0,1,0,1
"698385","Osaka","Hospital","CL4","ZoneC","EHP","MUL",97313.1226083269,0,0,0,0,2
"698386","Osaka","Hospital","CL4","ZoneC","EHP","MUL",110277.110696014,1,0,0,0,2
"698433","Osaka","Hospital","CL4","ZoneC","GHP","MUL",31033.0849120342,0,0,0,0,1
"698434","Osaka","Hospital","CL4","ZoneC","GHP","MUL",35167.2914027974,1,0,0,0,1
"698450","Osaka","Hospital","CL4","ZoneC","GHP","MUL",31797.7075113864,1,0,0,0,2
"698497","Osaka","Hospital","CL4","ZoneC","ABCH","CAV",33971.3768899252,0,0,0,0,1
"698498","Osaka","Hospital","CL4","ZoneC","ABCH","CAV",37880.968570072,1,0,0,0,1
"698881","Osaka","Hospital","CL4","ZoneC","AHP","CAV",63897.4666533223,0,0,0,0,1
"698882","Osaka","Hospital","CL4","ZoneC","AHP","CAV",71251.0986482729,1,0,0,0,1
"698897","Osaka","Hospital","CL4","ZoneC","AHP","CAV",47008.8696575671,0,0,0,0,2
"698898","Osaka","Hospital","CL4","ZoneC","AHP","CAV",52418.8795697892,1,0,0,0,2
"701185","Osaka","Hospital","CL5","ZoneC","EHP","MUL",170197.41148953,0,0,0,0,1
"701186","Osaka","Hospital","CL5","ZoneC","EHP","MUL",219432.832592792,1,0,0,0,1
"701189","Osaka","Hospital","CL5","ZoneC","EHP","MUL",55045.365135518,1,0,1,0,1
"701201","Osaka","Hospital","CL5","ZoneC","EHP","MUL",181301.573054012,0,0,0,0,2
"701202","Osaka","Hospital","CL5","ZoneC","EHP","MUL",233749.252592,1,0,0,0,2
"701205","Osaka","Hospital","CL5","ZoneC","EHP","MUL",58636.6807876849,1,0,1,0,2
"701249","Osaka","Hospital","CL5","ZoneC","GHP","MUL",33193.1061132375,0,0,0,0,1
"701250","Osaka","Hospital","CL5","ZoneC","GHP","MUL",42795.3470809918,1,0,0,0,1
"701265","Osaka","Hospital","CL5","ZoneC","GHP","MUL",35358.7184447214,0,0,0,0,2
"701266","Osaka","Hospital","CL5","ZoneC","GHP","MUL",45587.436831573,1,0,0,0,2
"701313","Osaka","Hospital","CL5","ZoneC","ABCH","CAV",68647.52109501,0,0,0,0,1
"701314","Osaka","Hospital","CL5","ZoneC","ABCH","CAV",86388.6876827942,1,0,0,0,1
"701329","Osaka","Hospital","CL5","ZoneC","ABCH","CAV",73126.2799584314,0,0,0,0,2
"701330","Osaka","Hospital","CL5","ZoneC","ABCH","CAV",92024.9305432342,1,0,0,0,2
"701441","Osaka","Hospital","CL5","ZoneC","ABCH","FCU",40609.7389370317,0,0,0,0,1
"701442","Osaka","Hospital","CL5","ZoneC","ABCH","FCU",51093.5466788153,1,0,0,0,1
"701457","Osaka","Hospital","CL5","ZoneC","ABCH","FCU",43259.2334170105,0,0,0,0,2
"701458","Osaka","Hospital","CL5","ZoneC","ABCH","FCU",54427.0344931045,1,0,0,0,2
"701697","Osaka","Hospital","CL5","ZoneC","AHP","CAV",76559.2404089651,0,0,0,0,1
"701698","Osaka","Hospital","CL5","ZoneC","AHP","CAV",96345.1003535627,1,0,0,0,1
"701713","Osaka","Hospital","CL5","ZoneC","AHP","CAV",81554.1822668641,0,0,0,0,2
"701714","Osaka","Hospital","CL5","ZoneC","AHP","CAV",102630.927798934,1,0,0,0,2
"701825","Osaka","Hospital","CL5","ZoneC","AHP","FCU",45290.0660742361,0,0,0,0,1
"701826","Osaka","Hospital","CL5","ZoneC","AHP","FCU",56982.1467859885,1,0,0,0,1
"701841","Osaka","Hospital","CL5","ZoneC","AHP","FCU",48244.9183634278,0,0,0,0,2
"701842","Osaka","Hospital","CL5","ZoneC","AHP","FCU",60699.8235630028,1,0,0,0,2
"704001","Osaka","Hospital","CL6","ZoneC","EHP","MUL",101309.847663276,0,0,0,0,1
"704002","Osaka","Hospital","CL6","ZoneC","EHP","MUL",144453.309459063,1,0,0,0,1
"704005","Osaka","Hospital","CL6","ZoneC","EHP","MUL",51336.3383423291,1,0,1,0,1
"704017","Osaka","Hospital","CL6","ZoneC","EHP","MUL",107919.589296128,0,0,0,0,2
"704018","Osaka","Hospital","CL6","ZoneC","EHP","MUL",153877.85283325,1,0,0,0,2
"704021","Osaka","Hospital","CL6","ZoneC","EHP","MUL",54685.6665729594,1,0,1,0,2
"704066","Osaka","Hospital","CL6","ZoneC","GHP","MUL",57434.7219933259,1,0,0,0,1
"704082","Osaka","Hospital","CL6","ZoneC","GHP","MUL",61181.9260597297,1,0,0,0,2
"704129","Osaka","Hospital","CL6","ZoneC","ABCH","CAV",63390.3812547359,0,0,0,0,1
"704130","Osaka","Hospital","CL6","ZoneC","ABCH","CAV",90385.5900618211,1,0,0,0,1
"704133","Osaka","Hospital","CL6","ZoneC","ABCH","CAV",32121.5571319233,1,0,1,0,1
"704145","Osaka","Hospital","CL6","ZoneC","ABCH","CAV",67526.1494131719,0,0,0,0,2
"704146","Osaka","Hospital","CL6","ZoneC","ABCH","CAV",96282.6021630255,1,0,0,0,2
"704149","Osaka","Hospital","CL6","ZoneC","ABCH","CAV",34217.2585704703,1,0,1,0,2
"704257","Osaka","Hospital","CL6","ZoneC","ABCH","FCU",43231.1317766003,0,0,0,0,1
"704258","Osaka","Hospital","CL6","ZoneC","ABCH","FCU",61641.3922321447,1,0,0,0,1
"704273","Osaka","Hospital","CL6","ZoneC","ABCH","FCU",46051.6533559915,0,0,0,0,2
"704274","Osaka","Hospital","CL6","ZoneC","ABCH","FCU",65663.0513890902,1,0,0,0,2
"704322","Osaka","Hospital","CL6","ZoneC","ABCH","CAVFCU",75889.1322416166,1,0,0,0,1
"704337","Osaka","Hospital","CL6","ZoneC","ABCH","CAVFCU",33324.4579026867,0,0,0,0,2
"704338","Osaka","Hospital","CL6","ZoneC","ABCH","CAVFCU",47515.8964405129,1,0,0,0,2
"704449","Osaka","Hospital","CL6","ZoneC","ABCH","OHUFCU",41152.8147190033,0,0,0,0,1
"704450","Osaka","Hospital","CL6","ZoneC","ABCH","OHUFCU",49900.6627809248,1,0,0,0,1
"704465","Osaka","Hospital","CL6","ZoneC","ABCH","OHUFCU",43837.7410023921,0,0,0,0,2
"704466","Osaka","Hospital","CL6","ZoneC","ABCH","OHUFCU",53156.3234683859,1,0,0,0,2
"704513","Osaka","Hospital","CL6","ZoneC","AHP","CAV",53143.126668747,0,0,0,0,1
"704514","Osaka","Hospital","CL6","ZoneC","AHP","CAV",75774.4750324552,1,0,0,0,1
"704517","Osaka","Hospital","CL6","ZoneC","AHP","CAV",26929.0063519166,1,0,1,0,1
"704529","Osaka","Hospital","CL6","ZoneC","AHP","CAV",57088.7616244921,0,0,0,0,2
"704530","Osaka","Hospital","CL6","ZoneC","AHP","CAV",81400.3844620017,1,0,0,0,2
"704641","Osaka","Hospital","CL6","ZoneC","AHP","FCU",36242.6832992982,0,0,0,0,1
"704642","Osaka","Hospital","CL6","ZoneC","AHP","FCU",51676.8672248055,1,0,0,0,1
"704658","Osaka","Hospital","CL6","ZoneC","AHP","FCU",78127.4846369544,1,0,0,0,2
"704722","Osaka","Hospital","CL6","ZoneC","AHP","CAVFCU",56535.5613337226,1,0,0,0,2
"704833","Osaka","Hospital","CL6","ZoneC","AHP","OHUFCU",33984.8314849861,0,0,0,0,1
"704834","Osaka","Hospital","CL6","ZoneC","AHP","OHUFCU",42349.5648797159,1,0,0,0,1
"704850","Osaka","Hospital","CL6","ZoneC","AHP","OHUFCU",67832.6304411604,1,0,0,0,2
"705666","Osaka","Hospital","CL6","ZoneC","COM","CAV",71055.4471209525,1,0,0,0,1
"705682","Osaka","Hospital","CL6","ZoneC","COM","CAV",75691.3059037756,1,0,0,0,2
"706817","Osaka","Hospital","CL7","ZoneC","EHP","MUL",56164.3310755922,0,0,0,0,1
"706818","Osaka","Hospital","CL7","ZoneC","EHP","MUL",85284.9030783542,1,0,0,0,1
"706821","Osaka","Hospital","CL7","ZoneC","EHP","MUL",46723.7894905838,1,0,1,0,1
"706833","Osaka","Hospital","CL7","ZoneC","EHP","MUL",59828.6512374928,0,0,0,0,2
"706834","Osaka","Hospital","CL7","ZoneC","EHP","MUL",90849.1319024304,1,0,0,0,2
"706837","Osaka","Hospital","CL7","ZoneC","EHP","MUL",49772.1819594677,1,0,1,0,2
"706882","Osaka","Hospital","CL7","ZoneC","GHP","MUL",37953.8630626693,1,0,0,0,1
"706898","Osaka","Hospital","CL7","ZoneC","GHP","MUL",40430.0806723008,1,0,0,0,2
"706945","Osaka","Hospital","CL7","ZoneC","ABCH","CAV",42745.0995964473,0,0,0,0,1
"706946","Osaka","Hospital","CL7","ZoneC","ABCH","CAV",64907.9514763751,1,0,0,0,1
"706949","Osaka","Hospital","CL7","ZoneC","ABCH","CAV",35560.1677621759,1,0,1,0,1
"706961","Osaka","Hospital","CL7","ZoneC","ABCH","CAV",45533.9110587061,0,0,0,0,2
"706962","Osaka","Hospital","CL7","ZoneC","ABCH","CAV",69142.7302177518,1,0,0,0,2
"706965","Osaka","Hospital","CL7","ZoneC","ABCH","CAV",37880.2139052719,1,0,1,0,2
"707074","Osaka","Hospital","CL7","ZoneC","ABCH","FCU",78100.8645535981,1,0,0,0,1
"707090","Osaka","Hospital","CL7","ZoneC","ABCH","FCU",83196.3863405564,1,0,0,0,2
"707138","Osaka","Hospital","CL7","ZoneC","ABCH","CAVFCU",98255.4782029559,1,0,0,0,1
"707153","Osaka","Hospital","CL7","ZoneC","ABCH","CAVFCU",41559.0283873849,0,0,0,0,2
"707154","Osaka","Hospital","CL7","ZoneC","ABCH","CAVFCU",63106.915726964,1,0,0,0,2
"707265","Osaka","Hospital","CL7","ZoneC","ABCH","OHUFCU",42317.9509674581,0,0,0,0,1
"707266","Osaka","Hospital","CL7","ZoneC","ABCH","OHUFCU",54763.2284463934,1,0,0,0,1
"707269","Osaka","Hospital","CL7","ZoneC","ABCH","OHUFCU",32037.6492751724,1,0,1,0,1
"707281","Osaka","Hospital","CL7","ZoneC","ABCH","OHUFCU",45078.8940423729,0,0,0,0,2
"707282","Osaka","Hospital","CL7","ZoneC","ABCH","OHUFCU",58336.1367012218,1,0,0,0,2
"707285","Osaka","Hospital","CL7","ZoneC","ABCH","OHUFCU",34127.8763273011,1,0,1,0,2
"707329","Osaka","Hospital","CL7","ZoneC","AHP","CAV",50327.9961822349,0,0,0,0,1
"707330","Osaka","Hospital","CL7","ZoneC","AHP","CAV",72951.5166331598,1,0,0,0,1
"707333","Osaka","Hospital","CL7","ZoneC","AHP","CAV",40710.8207669794,1,0,1,0,1
"707345","Osaka","Hospital","CL7","ZoneC","AHP","CAV",53611.5373121098,0,0,0,0,2
"707346","Osaka","Hospital","CL7","ZoneC","AHP","CAV",77711.0803655284,1,0,0,0,2
"707349","Osaka","Hospital","CL7","ZoneC","AHP","CAV",43366.9101120688,1,0,1,0,2
"708098","Osaka","Hospital","CL7","ZoneC","AB","CAV",66195.2808274098,1,0,0,0,1
"708114","Osaka","Hospital","CL7","ZoneC","AB","CAV",70514.0485846913,1,0,0,0,2
"708481","Osaka","Hospital","CL7","ZoneC","COM","CAV",39958.3259071676,0,0,0,0,1
"708482","Osaka","Hospital","CL7","ZoneC","COM","CAV",60676.2670702768,1,0,0,0,1
"708485","Osaka","Hospital","CL7","ZoneC","COM","CAV",33241.8168671826,1,0,1,0,1
"708497","Osaka","Hospital","CL7","ZoneC","COM","CAV",41612.1949146546,0,0,0,0,2
"708498","Osaka","Hospital","CL7","ZoneC","COM","CAV",63187.648498785,1,0,0,0,2
"708690","Osaka","Hospital","CL7","ZoneC","COM","CAVFCU",71900.8958387156,1,0,0,0,2
"708801","Osaka","Hospital","CL7","ZoneC","COM","OHUFCU",50787.9956486198,0,0,0,0,1
"708802","Osaka","Hospital","CL7","ZoneC","COM","OHUFCU",69912.9100976983,1,0,0,0,1
"708817","Osaka","Hospital","CL7","ZoneC","COM","OHUFCU",40577.5395101405,0,0,0,0,2
"708818","Osaka","Hospital","CL7","ZoneC","COM","OHUFCU",53908.3825186549,1,0,0,0,2
"709250","Osaka","Hospital","CL7","ZoneC","COM+TESICE","CAV",97382.7849150126,1,0,0,0,1
"709265","Osaka","Hospital","CL7","ZoneC","COM+TESICE","CAV",42349.6223159667,0,0,0,0,2
"709266","Osaka","Hospital","CL7","ZoneC","COM+TESICE","CAV",61386.6915266109,1,0,0,0,2
"709666","Osaka","Hospital","CL8","ZoneA","EHP","MUL",57551.7668341742,1,0,0,0,3
"709730","Osaka","Hospital","CL8","ZoneA","GHP","MUL",12783.8097850098,1,0,0,0,3
"709794","Osaka","Hospital","CL8","ZoneA","ABCH","CAV",112482.047966153,1,0,0,0,3
"709858","Osaka","Hospital","CL8","ZoneA","ABCH","VAV",87852.1034727574,1,0,0,0,3
"709986","Osaka","Hospital","CL8","ZoneA","ABCH","CAVFCU",109213.969508882,1,0,0,0,3
"710114","Osaka","Hospital","CL8","ZoneA","ABCH","OHUFCU",83153.3650178113,1,0,0,0,3
"710117","Osaka","Hospital","CL8","ZoneA","ABCH","OHUFCU",67657.979180419,1,0,1,0,3
"710498","Osaka","Hospital","CL8","ZoneA","AHP","OHUFCU",91954.3922170409,1,0,0,0,3
"710946","Osaka","Hospital","CL8","ZoneA","AB","CAV",77919.3417222932,1,0,0,0,3
"711138","Osaka","Hospital","CL8","ZoneA","AB","CAVFCU",75655.4558250168,1,0,0,0,3
"711266","Osaka","Hospital","CL8","ZoneA","AB","OHUFCU",104471.076733208,1,0,0,0,3
"711329","Osaka","Hospital","CL8","ZoneA","COM","CAV",46658.8942166857,0,0,0,0,3
"711330","Osaka","Hospital","CL8","ZoneA","COM","CAV",82254.1696943406,1,0,0,0,3
"711333","Osaka","Hospital","CL8","ZoneA","COM","CAV",69929.7709089274,1,0,1,0,3
"711338","Osaka","Hospital","CL8","ZoneA","COM","CAV",40219.399637834,1,1,0,0,3
"711341","Osaka","Hospital","CL8","ZoneA","COM","CAV",34193.201550995,1,1,1,0,3
"711393","Osaka","Hospital","CL8","ZoneA","COM","VAV",41654.4330222952,0,0,0,0,3
"711394","Osaka","Hospital","CL8","ZoneA","COM","VAV",73431.8903149691,1,0,0,0,3
"711397","Osaka","Hospital","CL8","ZoneA","COM","VAV",62429.3611645149,1,0,1,0,3
"711402","Osaka","Hospital","CL8","ZoneA","COM","VAV",35905.6149215807,1,1,0,0,3
"711458","Osaka","Hospital","CL8","ZoneA","COM","FCU",123461.78159013,1,0,0,0,3
"711521","Osaka","Hospital","CL8","ZoneA","COM","CAVFCU",45303.2563190231,0,0,0,0,3
"711522","Osaka","Hospital","CL8","ZoneA","COM","CAVFCU",79864.3387403411,1,0,0,0,3
"711525","Osaka","Hospital","CL8","ZoneA","COM","CAVFCU",67898.0157803391,1,0,1,0,3
"711530","Osaka","Hospital","CL8","ZoneA","COM","CAVFCU",39050.8562489341,1,1,0,0,3
"711533","Osaka","Hospital","CL8","ZoneA","COM","CAVFCU",33199.7446625895,1,1,1,0,3
"711586","Osaka","Hospital","CL8","ZoneA","COM","VAVFCU",101719.487323011,1,0,0,0,3
"711649","Osaka","Hospital","CL8","ZoneA","COM","OHUFCU",60315.1253846825,0,0,0,0,3
"711650","Osaka","Hospital","CL8","ZoneA","COM","OHUFCU",86846.2690344368,1,0,0,0,3
"711653","Osaka","Hospital","CL8","ZoneA","COM","OHUFCU",70025.9879062441,1,0,1,0,3
"711656","Osaka","Hospital","CL8","ZoneA","COM","OHUFCU",42985.3652695976,1,0,1,1,3
"711657","Osaka","Hospital","CL8","ZoneA","COM","OHUFCU",29491.9776233486,0,1,0,0,3
"711658","Osaka","Hospital","CL8","ZoneA","COM","OHUFCU",42464.7749084409,1,1,0,0,3
"711661","Osaka","Hospital","CL8","ZoneA","COM","OHUFCU",34240.2482828678,1,1,1,0,3
"712098","Osaka","Hospital","CL8","ZoneA","COM+TESICE","CAV",112727.67381817,1,0,0,0,3
"712162","Osaka","Hospital","CL8","ZoneA","COM+TESICE","VAV",88043.9451768976,1,0,0,0,3
"712290","Osaka","Hospital","CL8","ZoneA","COM+TESICE","CAVFCU",109452.458892725,1,0,0,0,3
"712418","Osaka","Hospital","CL8","ZoneA","COM+TESICE","OHUFCU",83334.9461367534,1,0,0,0,3
"712421","Osaka","Hospital","CL8","ZoneA","COM+TESICE","OHUFCU",67805.723190085,1,0,1,0,3
"712485","Osaka","Hospital","CL9","ZoneA","EHP","MUL",37736.5431482756,1,0,1,0,3
"712941","Osaka","Hospital","CL9","ZoneA","ABCH","OHUFCU",90842.9392394334,1,1,1,0,3
"713965","Osaka","Hospital","CL9","ZoneA","AB","CAVFCU",95670.7453598047,1,1,1,0,3
"714093","Osaka","Hospital","CL9","ZoneA","AB","OHUFCU",146903.97565875,1,1,1,0,3
"714157","Osaka","Hospital","CL9","ZoneA","COM","CAV",123628.016677378,1,1,1,0,3
"714221","Osaka","Hospital","CL9","ZoneA","COM","VAV",131419.225691475,1,1,1,0,3
"714285","Osaka","Hospital","CL9","ZoneA","COM","FCU",57773.7336712098,1,1,1,0,3
"714338","Osaka","Hospital","CL9","ZoneA","COM","CAVFCU",35691.4031897939,1,0,0,0,3
"714341","Osaka","Hospital","CL9","ZoneA","COM","CAVFCU",62051.9003401029,1,0,1,0,3
"714345","Osaka","Hospital","CL9","ZoneA","COM","CAVFCU",33045.5969478986,0,1,0,0,3
"714346","Osaka","Hospital","CL9","ZoneA","COM","CAVFCU",54242.9610392543,1,1,0,0,3
"714349","Osaka","Hospital","CL9","ZoneA","COM","CAVFCU",94305.0289914735,1,1,1,0,3
"714405","Osaka","Hospital","CL9","ZoneA","COM","VAVFCU",62742.0049405527,1,0,1,0,3
"714413","Osaka","Hospital","CL9","ZoneA","COM","VAVFCU",95353.8338466975,1,1,1,0,3
"714465","Osaka","Hospital","CL9","ZoneA","COM","OHUFCU",29633.146600639,0,0,0,0,3
"714466","Osaka","Hospital","CL9","ZoneA","COM","OHUFCU",39640.3190443533,1,0,0,0,3
"714469","Osaka","Hospital","CL9","ZoneA","COM","OHUFCU",58536.8907205628,1,0,1,0,3
"714472","Osaka","Hospital","CL9","ZoneA","COM","OHUFCU",42413.5840974372,1,0,1,1,3
"714473","Osaka","Hospital","CL9","ZoneA","COM","OHUFCU",45035.7641581491,0,1,0,0,3
"714474","Osaka","Hospital","CL9","ZoneA","COM","OHUFCU",60244.431132966,1,1,0,0,3
"714477","Osaka","Hospital","CL9","ZoneA","COM","OHUFCU",88962.9994604005,1,1,1,0,3
"714480","Osaka","Hospital","CL9","ZoneA","COM","OHUFCU",64459.1745944664,1,1,1,1,3
"715117","Osaka","Hospital","CL9","ZoneA","COM+TESICE","CAVFCU",132629.83867702,1,1,1,0,3
"715181","Osaka","Hospital","CL9","ZoneA","COM+TESICE","VAVFCU",75064.2908485494,1,1,1,0,3
"715237","Osaka","Hospital","CL9","ZoneA","COM+TESICE","OHUFCU",45562.3809013945,1,0,1,0,3
"715242","Osaka","Hospital","CL9","ZoneA","COM+TESICE","OHUFCU",45952.5880279994,1,1,0,0,3
"715245","Osaka","Hospital","CL9","ZoneA","COM+TESICE","OHUFCU",71337.2767163193,1,1,1,0,3
"715248","Osaka","Hospital","CL9","ZoneA","COM+TESICE","OHUFCU",40803.0151067439,1,1,1,1,3
"715265","Hiroshima","Hospital","CL1","ZoneC","EHP","MUL",49583.6677916499,0,0,0,0,1
"715266","Hiroshima","Hospital","CL1","ZoneC","EHP","MUL",38786.1655766453,1,0,0,0,1
"715281","Hiroshima","Hospital","CL1","ZoneC","EHP","MUL",47794.7560290444,0,0,0,0,2
"715329","Hiroshima","Hospital","CL1","ZoneC","GHP","MUL",11135.1650302626,0,0,0,0,1
"718081","Hiroshima","Hospital","CL2","ZoneC","EHP","MUL",274949.718002403,0,0,0,0,1
"718082","Hiroshima","Hospital","CL2","ZoneC","EHP","MUL",262060.486284086,1,0,0,0,1
"718085","Hiroshima","Hospital","CL2","ZoneC","EHP","MUL",25720.4110866112,1,0,1,0,1
"718097","Hiroshima","Hospital","CL2","ZoneC","EHP","MUL",150274.390551019,0,0,0,0,2
"718098","Hiroshima","Hospital","CL2","ZoneC","EHP","MUL",143229.751788655,1,0,0,0,2
"718145","Hiroshima","Hospital","CL2","ZoneC","GHP","MUL",34688.1222938974,0,0,0,0,1
"718146","Hiroshima","Hospital","CL2","ZoneC","GHP","MUL",33061.9949809919,1,0,0,0,1
"718161","Hiroshima","Hospital","CL2","ZoneC","GHP","MUL",35336.5171912579,0,0,0,0,2
"718593","Hiroshima","Hospital","CL2","ZoneC","AHP","CAV",27804.0962341363,0,0,0,0,1
"718594","Hiroshima","Hospital","CL2","ZoneC","AHP","CAV",26336.079740604,1,0,0,0,1
"720897","Hiroshima","Hospital","CL3","ZoneC","EHP","MUL",243849.366263893,0,0,0,0,1
"720898","Hiroshima","Hospital","CL3","ZoneC","EHP","MUL",243791.052813979,1,0,0,0,1
"720901","Hiroshima","Hospital","CL3","ZoneC","EHP","MUL",32924.4937440436,1,0,1,0,1
"720913","Hiroshima","Hospital","CL3","ZoneC","EHP","MUL",125035.167383511,0,0,0,0,2
"720914","Hiroshima","Hospital","CL3","ZoneC","EHP","MUL",125005.266826121,1,0,0,0,2
"720961","Hiroshima","Hospital","CL3","ZoneC","GHP","MUL",35181.8957198891,0,0,0,0,1
"720962","Hiroshima","Hospital","CL3","ZoneC","GHP","MUL",35173.4824205421,1,0,0,0,1
"720977","Hiroshima","Hospital","CL3","ZoneC","GHP","MUL",33793.4595012445,0,0,0,0,2
"721409","Hiroshima","Hospital","CL3","ZoneC","AHP","CAV",62599.6023575131,0,0,0,0,1
"721410","Hiroshima","Hospital","CL3","ZoneC","AHP","CAV",61919.0176215528,1,0,0,0,1
"721425","Hiroshima","Hospital","CL3","ZoneC","AHP","CAV",30068.1651207974,0,0,0,0,2
"721426","Hiroshima","Hospital","CL3","ZoneC","AHP","CAV",29741.2631366176,1,0,0,0,2
"723713","Hiroshima","Hospital","CL4","ZoneC","EHP","MUL",130162.572931092,0,0,0,0,1
"723714","Hiroshima","Hospital","CL4","ZoneC","EHP","MUL",146707.97530853,1,0,0,0,1
"723717","Hiroshima","Hospital","CL4","ZoneC","EHP","MUL",25122.9516733253,1,0,1,0,1
"723729","Hiroshima","Hospital","CL4","ZoneC","EHP","MUL",68193.3948649979,0,0,0,0,2
"723730","Hiroshima","Hospital","CL4","ZoneC","EHP","MUL",76861.6866182824,1,0,0,0,2
"723778","Hiroshima","Hospital","CL4","ZoneC","GHP","MUL",35613.3427573678,1,0,0,0,1
"723794","Hiroshima","Hospital","CL4","ZoneC","GHP","MUL",17105.9851852809,1,0,0,0,2
"724225","Hiroshima","Hospital","CL4","ZoneC","AHP","CAV",71097.4045360796,0,0,0,0,1
"724226","Hiroshima","Hospital","CL4","ZoneC","AHP","CAV",78842.0552818673,1,0,0,0,1
"724241","Hiroshima","Hospital","CL4","ZoneC","AHP","CAV",34149.873461527,0,0,0,0,2
"724242","Hiroshima","Hospital","CL4","ZoneC","AHP","CAV",37869.8242065384,1,0,0,0,2
"726529","Hiroshima","Hospital","CL5","ZoneC","EHP","MUL",90323.5766706284,0,0,0,0,1
"726530","Hiroshima","Hospital","CL5","ZoneC","EHP","MUL",110823.990573822,1,0,0,0,1
"726533","Hiroshima","Hospital","CL5","ZoneC","EHP","MUL",29506.747027976,1,0,1,0,1
"726545","Hiroshima","Hospital","CL5","ZoneC","EHP","MUL",96216.5428424093,0,0,0,0,2
"726546","Hiroshima","Hospital","CL5","ZoneC","EHP","MUL",118054.461858797,1,0,0,0,2
"726549","Hiroshima","Hospital","CL5","ZoneC","EHP","MUL",31431.850843442,1,0,1,0,2
"726594","Hiroshima","Hospital","CL5","ZoneC","GHP","MUL",34125.0689525132,1,0,0,0,1
"726610","Hiroshima","Hospital","CL5","ZoneC","GHP","MUL",36351.4851813586,1,0,0,0,2
"726657","Hiroshima","Hospital","CL5","ZoneC","ABCH","CAV",66225.6354784004,0,0,0,0,1
"726658","Hiroshima","Hospital","CL5","ZoneC","ABCH","CAV",79162.6102382306,1,0,0,0,1
"726673","Hiroshima","Hospital","CL5","ZoneC","ABCH","CAV",70546.3836591555,0,0,0,0,2
"726674","Hiroshima","Hospital","CL5","ZoneC","ABCH","CAV",84327.4033232621,1,0,0,0,2
"727041","Hiroshima","Hospital","CL5","ZoneC","AHP","CAV",66892.7278530291,0,0,0,0,1
"727042","Hiroshima","Hospital","CL5","ZoneC","AHP","CAV",79960.017062101,1,0,0,0,1
"727057","Hiroshima","Hospital","CL5","ZoneC","AHP","CAV",71256.9990312344,0,0,0,0,2
"727058","Hiroshima","Hospital","CL5","ZoneC","AHP","CAV",85176.8352286386,1,0,0,0,2
"729345","Hiroshima","Hospital","CL6","ZoneC","EHP","MUL",57117.4410230653,0,0,0,0,1
"729346","Hiroshima","Hospital","CL6","ZoneC","EHP","MUL",81714.0612016413,1,0,0,0,1
"729349","Hiroshima","Hospital","CL6","ZoneC","EHP","MUL",29666.0479797836,1,0,1,0,1
"729361","Hiroshima","Hospital","CL6","ZoneC","EHP","MUL",60843.9447796094,0,0,0,0,2
"729362","Hiroshima","Hospital","CL6","ZoneC","EHP","MUL",87045.3181798283,1,0,0,0,2
"729365","Hiroshima","Hospital","CL6","ZoneC","EHP","MUL",31601.5450408974,1,0,1,0,2
"729410","Hiroshima","Hospital","CL6","ZoneC","GHP","MUL",23477.6599612058,1,0,0,0,1
"729426","Hiroshima","Hospital","CL6","ZoneC","GHP","MUL",25009.4090464802,1,0,0,0,2
"729473","Hiroshima","Hospital","CL6","ZoneC","ABCH","CAV",57898.9083300467,0,0,0,0,1
"729474","Hiroshima","Hospital","CL6","ZoneC","ABCH","CAV",82832.0536432841,1,0,0,0,1
"729489","Hiroshima","Hospital","CL6","ZoneC","ABCH","CAV",61676.3972288332,0,0,0,0,2
"729490","Hiroshima","Hospital","CL6","ZoneC","ABCH","CAV",88236.2516174076,1,0,0,0,2
"729601","Hiroshima","Hospital","CL6","ZoneC","ABCH","FCU",34658.1898224107,0,0,0,0,1
"729602","Hiroshima","Hospital","CL6","ZoneC","ABCH","FCU",49583.1289630591,1,0,0,0,1
"729617","Hiroshima","Hospital","CL6","ZoneC","ABCH","FCU",36919.3883679841,0,0,0,0,2
"729618","Hiroshima","Hospital","CL6","ZoneC","ABCH","FCU",52818.0728441661,1,0,0,0,2
"729793","Hiroshima","Hospital","CL6","ZoneC","ABCH","OHUFCU",33976.9848116495,0,0,0,0,1
"729794","Hiroshima","Hospital","CL6","ZoneC","ABCH","OHUFCU",42457.4797783982,1,0,0,0,1
"729809","Hiroshima","Hospital","CL6","ZoneC","ABCH","OHUFCU",36193.7396113878,0,0,0,0,2
"729810","Hiroshima","Hospital","CL6","ZoneC","ABCH","OHUFCU",45227.526108445,1,0,0,0,2
"729857","Hiroshima","Hospital","CL6","ZoneC","AHP","CAV",65535.3991605288,0,0,0,0,1
"729858","Hiroshima","Hospital","CL6","ZoneC","AHP","CAV",90603.6575635658,1,0,0,0,1
"729861","Hiroshima","Hospital","CL6","ZoneC","AHP","CAV",34235.1159968755,1,0,1,0,1
"729873","Hiroshima","Hospital","CL6","ZoneC","AHP","CAV",69811.1143673728,0,0,0,0,2
"729874","Hiroshima","Hospital","CL6","ZoneC","AHP","CAV",96514.8970067148,1,0,0,0,2
"729877","Hiroshima","Hospital","CL6","ZoneC","AHP","CAV",36468.7120068327,1,0,1,0,2
"732161","Hiroshima","Hospital","CL7","ZoneC","EHP","MUL",32050.1534736628,0,0,0,0,1
"732162","Hiroshima","Hospital","CL7","ZoneC","EHP","MUL",48853.2585164029,1,0,0,0,1
"732165","Hiroshima","Hospital","CL7","ZoneC","EHP","MUL",26701.4881900332,1,0,1,0,1
"732177","Hiroshima","Hospital","CL7","ZoneC","EHP","MUL",34141.196335145,0,0,0,0,2
"732178","Hiroshima","Hospital","CL7","ZoneC","EHP","MUL",52040.5835806909,1,0,0,0,2
"732181","Hiroshima","Hospital","CL7","ZoneC","EHP","MUL",28443.5689671692,1,0,1,0,2
"732226","Hiroshima","Hospital","CL7","ZoneC","GHP","MUL",16291.1177770648,1,0,0,0,1
"732242","Hiroshima","Hospital","CL7","ZoneC","GHP","MUL",17353.9964793866,1,0,0,0,2
"732289","Hiroshima","Hospital","CL7","ZoneC","ABCH","CAV",42717.6972647513,0,0,0,0,1
"732290","Hiroshima","Hospital","CL7","ZoneC","ABCH","CAV",65113.5324333234,1,0,0,0,1
"732305","Hiroshima","Hospital","CL7","ZoneC","ABCH","CAV",41712.1774783839,0,0,0,0,2
"732306","Hiroshima","Hospital","CL7","ZoneC","ABCH","CAV",63580.8434211751,1,0,0,0,2
"732418","Hiroshima","Hospital","CL7","ZoneC","ABCH","FCU",59834.6687736475,1,0,0,0,1
"732434","Hiroshima","Hospital","CL7","ZoneC","ABCH","FCU",58426.2374392114,1,0,0,0,2
"732482","Hiroshima","Hospital","CL7","ZoneC","ABCH","CAVFCU",73219.8330749239,1,0,0,0,1
"732498","Hiroshima","Hospital","CL7","ZoneC","ABCH","CAVFCU",71496.3321461391,1,0,0,0,2
"732609","Hiroshima","Hospital","CL7","ZoneC","ABCH","OHUFCU",42832.5589234191,0,0,0,0,1
"732610","Hiroshima","Hospital","CL7","ZoneC","ABCH","OHUFCU",55615.5327471706,1,0,0,0,1
"732625","Hiroshima","Hospital","CL7","ZoneC","ABCH","OHUFCU",41824.3354409753,0,0,0,0,2
"732626","Hiroshima","Hospital","CL7","ZoneC","ABCH","OHUFCU",54306.4144616028,1,0,0,0,2
"732673","Hiroshima","Hospital","CL7","ZoneC","AHP","CAV",37318.4640053212,0,0,0,0,1
"732674","Hiroshima","Hospital","CL7","ZoneC","AHP","CAV",54270.6411562903,1,0,0,0,1
"732677","Hiroshima","Hospital","CL7","ZoneC","AHP","CAV",30213.0194652582,1,0,1,0,1
"732689","Hiroshima","Hospital","CL7","ZoneC","AHP","CAV",48460.7170928897,0,0,0,0,2
"732690","Hiroshima","Hospital","CL7","ZoneC","AHP","CAV",70474.3417936422,1,0,0,0,2
"733825","Hiroshima","Hospital","CL7","ZoneC","COM","CAV",41528.2152983205,0,0,0,0,1
"733826","Hiroshima","Hospital","CL7","ZoneC","COM","CAV",63300.4344069942,1,0,0,0,1
"733841","Hiroshima","Hospital","CL7","ZoneC","COM","CAV",59994.9992469575,0,0,0,0,2
"733842","Hiroshima","Hospital","CL7","ZoneC","COM","CAV",87248.1534834687,1,0,0,0,2
"733845","Hiroshima","Hospital","CL7","ZoneC","COM","CAV",48571.9369320244,1,0,1,0,2
"734145","Hiroshima","Hospital","CL7","ZoneC","COM","OHUFCU",40193.3090448331,0,0,0,0,1
"734146","Hiroshima","Hospital","CL7","ZoneC","COM","OHUFCU",55513.4777996575,1,0,0,0,1
"734610","Hiroshima","Hospital","CL7","ZoneC","COM+TESICE","CAV",58744.2121385928,1,0,0,0,2
"735010","Hiroshima","Hospital","CL8","ZoneA","EHP","MUL",41605.9654199414,1,0,0,0,3
"735138","Hiroshima","Hospital","CL8","ZoneA","ABCH","CAV",85871.7694244989,1,0,0,0,3
"735330","Hiroshima","Hospital","CL8","ZoneA","ABCH","CAVFCU",82501.3932541364,1,0,0,0,3
"735458","Hiroshima","Hospital","CL8","ZoneA","ABCH","OHUFCU",113093.470695891,1,0,0,0,3
"735842","Hiroshima","Hospital","CL8","ZoneA","AHP","OHUFCU",56446.5070126651,1,0,0,0,3
"736610","Hiroshima","Hospital","CL8","ZoneA","AB","OHUFCU",88742.9870558272,1,0,0,0,3
"736613","Hiroshima","Hospital","CL8","ZoneA","AB","OHUFCU",74187.8172067558,1,0,1,0,3
"736674","Hiroshima","Hospital","CL8","ZoneA","COM","CAV",95035.064696541,1,0,0,0,3
"736677","Hiroshima","Hospital","CL8","ZoneA","COM","CAV",80521.3038439706,1,0,1,0,3
"736738","Hiroshima","Hospital","CL8","ZoneA","COM","VAV",75489.6296939645,1,0,0,0,3
"736741","Hiroshima","Hospital","CL8","ZoneA","COM","VAV",63960.8488621125,1,0,1,0,3
"736802","Hiroshima","Hospital","CL8","ZoneA","COM","FCU",77879.2360509316,1,0,0,0,3
"736866","Hiroshima","Hospital","CL8","ZoneA","COM","CAVFCU",91305.0388737506,1,0,0,0,3
"736869","Hiroshima","Hospital","CL8","ZoneA","COM","CAVFCU",77360.9277913862,1,0,1,0,3
"736930","Hiroshima","Hospital","CL8","ZoneA","COM","VAVFCU",65617.7854459733,1,0,0,0,3
"736993","Hiroshima","Hospital","CL8","ZoneA","COM","OHUFCU",45469.9562687125,0,0,0,0,3
"736994","Hiroshima","Hospital","CL8","ZoneA","COM","OHUFCU",66041.014367844,1,0,0,0,3
"736997","Hiroshima","Hospital","CL8","ZoneA","COM","OHUFCU",53001.8334304311,1,0,1,0,3
"737000","Hiroshima","Hospital","CL8","ZoneA","COM","OHUFCU",33794.6444585436,1,0,1,1,3
"737002","Hiroshima","Hospital","CL8","ZoneA","COM","OHUFCU",32901.0051266307,1,1,0,0,3
"737442","Hiroshima","Hospital","CL8","ZoneA","COM+TESICE","CAV",87054.4481503542,1,0,0,0,3
"737634","Hiroshima","Hospital","CL8","ZoneA","COM+TESICE","CAVFCU",83637.6530902737,1,0,0,0,3
"737762","Hiroshima","Hospital","CL8","ZoneA","COM+TESICE","OHUFCU",114651.063403268,1,0,0,0,3
"737829","Hiroshima","Hospital","CL9","ZoneA","EHP","MUL",16741.4026550986,1,0,1,0,3
"739437","Hiroshima","Hospital","CL9","ZoneA","AB","OHUFCU",114588.658648667,1,1,1,0,3
"739501","Hiroshima","Hospital","CL9","ZoneA","COM","CAV",60259.3199417718,1,1,1,0,3
"739565","Hiroshima","Hospital","CL9","ZoneA","COM","VAV",63819.2782889766,1,1,1,0,3
"739693","Hiroshima","Hospital","CL9","ZoneA","COM","CAVFCU",135111.05755266,1,1,1,0,3
"739757","Hiroshima","Hospital","CL9","ZoneA","COM","VAVFCU",75753.9649663389,1,1,1,0,3
"739813","Hiroshima","Hospital","CL9","ZoneA","COM","OHUFCU",44640.2443055078,1,0,1,0,3
"739818","Hiroshima","Hospital","CL9","ZoneA","COM","OHUFCU",46364.7824751524,1,1,0,0,3
"739821","Hiroshima","Hospital","CL9","ZoneA","COM","OHUFCU",68770.5909084484,1,1,1,0,3
"739824","Hiroshima","Hospital","CL9","ZoneA","COM","OHUFCU",47186.6880123224,1,1,1,1,3
"740581","Hiroshima","Hospital","CL9","ZoneA","COM+TESICE","OHUFCU",53603.2871984078,1,0,1,0,3
"740586","Hiroshima","Hospital","CL9","ZoneA","COM+TESICE","OHUFCU",50247.9106011773,1,1,0,0,3
"740589","Hiroshima","Hospital","CL9","ZoneA","COM+TESICE","OHUFCU",82215.4085736248,1,1,1,0,3
"740609","Matsuyama","Hospital","CL1","ZoneC","EHP","MUL",54928.0951685988,0,0,0,0,1
"740625","Matsuyama","Hospital","CL1","ZoneC","EHP","MUL",26383.3470677324,0,0,0,0,2
"743425","Matsuyama","Hospital","CL2","ZoneC","EHP","MUL",157149.651728135,0,0,0,0,1
"743426","Matsuyama","Hospital","CL2","ZoneC","EHP","MUL",148757.813563397,1,0,0,0,1
"743441","Matsuyama","Hospital","CL2","ZoneC","EHP","MUL",75482.9343779418,0,0,0,0,2
"743442","Matsuyama","Hospital","CL2","ZoneC","EHP","MUL",71452.1232209748,1,0,0,0,2
"743489","Matsuyama","Hospital","CL2","ZoneC","GHP","MUL",38227.4855073332,0,0,0,0,1
"743505","Matsuyama","Hospital","CL2","ZoneC","GHP","MUL",18361.6237659605,0,0,0,0,2
"746241","Matsuyama","Hospital","CL3","ZoneC","EHP","MUL",155438.04280461,0,0,0,0,1
"746242","Matsuyama","Hospital","CL3","ZoneC","EHP","MUL",154653.04153031,1,0,0,0,1
"746257","Matsuyama","Hospital","CL3","ZoneC","EHP","MUL",90769.0544386502,0,0,0,0,2
"746258","Matsuyama","Hospital","CL3","ZoneC","EHP","MUL",90310.6478470862,1,0,0,0,2
"746305","Matsuyama","Hospital","CL3","ZoneC","GHP","MUL",42380.1765218138,0,0,0,0,1
"746321","Matsuyama","Hospital","CL3","ZoneC","GHP","MUL",24748.1792772163,0,0,0,0,2
"746753","Matsuyama","Hospital","CL3","ZoneC","AHP","CAV",38329.3148501459,0,0,0,0,1
"746754","Matsuyama","Hospital","CL3","ZoneC","AHP","CAV",37717.2100697465,1,0,0,0,1
"749057","Matsuyama","Hospital","CL4","ZoneC","EHP","MUL",111191.456125105,0,0,0,0,1
"749058","Matsuyama","Hospital","CL4","ZoneC","EHP","MUL",126067.68066004,1,0,0,0,1
"749073","Matsuyama","Hospital","CL4","ZoneC","EHP","MUL",53408.0559122004,0,0,0,0,2
"749074","Matsuyama","Hospital","CL4","ZoneC","EHP","MUL",60553.4811041351,1,0,0,0,2
"749122","Matsuyama","Hospital","CL4","ZoneC","GHP","MUL",29073.2142923429,1,0,0,0,1
"749138","Matsuyama","Hospital","CL4","ZoneC","GHP","MUL",13964.596818714,1,0,0,0,2
"749569","Matsuyama","Hospital","CL4","ZoneC","AHP","CAV",52723.8439069458,0,0,0,0,1
"749570","Matsuyama","Hospital","CL4","ZoneC","AHP","CAV",58829.8706280568,1,0,0,0,1
"749586","Matsuyama","Hospital","CL4","ZoneC","AHP","CAV",53582.0577472757,1,0,0,0,2
"751873","Matsuyama","Hospital","CL5","ZoneC","EHP","MUL",72943.5382830996,0,0,0,0,1
"751874","Matsuyama","Hospital","CL5","ZoneC","EHP","MUL",92332.6104653478,1,0,0,0,1
"751889","Matsuyama","Hospital","CL5","ZoneC","EHP","MUL",77702.5814852946,0,0,0,0,2
"751890","Matsuyama","Hospital","CL5","ZoneC","EHP","MUL",98356.651696672,1,0,0,0,2
"751938","Matsuyama","Hospital","CL5","ZoneC","GHP","MUL",23839.2527739661,1,0,0,0,1
"751954","Matsuyama","Hospital","CL5","ZoneC","GHP","MUL",25394.5931993104,1,0,0,0,2
"752001","Matsuyama","Hospital","CL5","ZoneC","ABCH","CAV",44673.7692814669,0,0,0,0,1
"752002","Matsuyama","Hospital","CL5","ZoneC","ABCH","CAV",55240.9377378917,1,0,0,0,1
"752017","Matsuyama","Hospital","CL5","ZoneC","ABCH","CAV",47588.412620953,0,0,0,0,2
"752018","Matsuyama","Hospital","CL5","ZoneC","ABCH","CAV",58845.0131010047,1,0,0,0,2
"752385","Matsuyama","Hospital","CL5","ZoneC","AHP","CAV",50667.3220163883,0,0,0,0,1
"752386","Matsuyama","Hospital","CL5","ZoneC","AHP","CAV",62652.2101418955,1,0,0,0,1
"752401","Matsuyama","Hospital","CL5","ZoneC","AHP","CAV",53973.001725531,0,0,0,0,2
"752402","Matsuyama","Hospital","CL5","ZoneC","AHP","CAV",66739.8179245219,1,0,0,0,2
"754689","Matsuyama","Hospital","CL6","ZoneC","EHP","MUL",40999.7117722349,0,0,0,0,1
"754690","Matsuyama","Hospital","CL6","ZoneC","EHP","MUL",60074.1559839424,1,0,0,0,1
"754705","Matsuyama","Hospital","CL6","ZoneC","EHP","MUL",43674.6491853933,0,0,0,0,2
"754706","Matsuyama","Hospital","CL6","ZoneC","EHP","MUL",63993.5642055918,1,0,0,0,2
"754754","Matsuyama","Hospital","CL6","ZoneC","GHP","MUL",13147.7844935191,1,0,0,0,1
"754770","Matsuyama","Hospital","CL6","ZoneC","GHP","MUL",14005.5832223792,1,0,0,0,2
"754817","Matsuyama","Hospital","CL6","ZoneC","ABCH","CAV",55546.0703452592,0,0,0,0,1
"754818","Matsuyama","Hospital","CL6","ZoneC","ABCH","CAV",78872.3806148147,1,0,0,0,1
"754821","Matsuyama","Hospital","CL6","ZoneC","ABCH","CAV",28176.2974806747,1,0,1,0,1
"754833","Matsuyama","Hospital","CL6","ZoneC","ABCH","CAV",59170.053424601,0,0,0,0,2
"754834","Matsuyama","Hospital","CL6","ZoneC","ABCH","CAV",84018.2382965337,1,0,0,0,2
"754837","Matsuyama","Hospital","CL6","ZoneC","ABCH","CAV",30014.5989964034,1,0,1,0,2
"755201","Matsuyama","Hospital","CL6","ZoneC","AHP","CAV",44705.5136470207,0,0,0,0,1
"755202","Matsuyama","Hospital","CL6","ZoneC","AHP","CAV",63479.3832584692,1,0,0,0,1
"755217","Matsuyama","Hospital","CL6","ZoneC","AHP","CAV",47622.2280788978,0,0,0,0,2
"755218","Matsuyama","Hospital","CL6","ZoneC","AHP","CAV",67620.9581599124,1,0,0,0,2
"757506","Matsuyama","Hospital","CL7","ZoneC","EHP","MUL",56875.7423652349,1,0,0,0,1
"757522","Matsuyama","Hospital","CL7","ZoneC","EHP","MUL",51870.1022964691,1,0,0,0,2
"757586","Matsuyama","Hospital","CL7","ZoneC","GHP","MUL",8716.37471975793,1,0,0,0,2
"757650","Matsuyama","Hospital","CL7","ZoneC","ABCH","CAV",96224.5946741589,1,0,0,0,2
"757953","Matsuyama","Hospital","CL7","ZoneC","ABCH","OHUFCU",55730.6617286707,0,0,0,0,1
"757954","Matsuyama","Hospital","CL7","ZoneC","ABCH","OHUFCU",79880.6531871066,1,0,0,0,1
"757957","Matsuyama","Hospital","CL7","ZoneC","ABCH","OHUFCU",46902.6816637503,1,0,1,0,1
"757969","Matsuyama","Hospital","CL7","ZoneC","ABCH","OHUFCU",41519.0166080432,0,0,0,0,2
"757970","Matsuyama","Hospital","CL7","ZoneC","ABCH","OHUFCU",56678.1157854761,1,0,0,0,2
"759489","Matsuyama","Hospital","CL7","ZoneC","COM","OHUFCU",38682.6182609212,0,0,0,0,1
"759490","Matsuyama","Hospital","CL7","ZoneC","COM","OHUFCU",55445.112579387,1,0,0,0,1
"759493","Matsuyama","Hospital","CL7","ZoneC","COM","OHUFCU",32555.1226907284,1,0,1,0,1
"759505","Matsuyama","Hospital","CL7","ZoneC","COM","OHUFCU",41206.3819254045,0,0,0,0,2
"759506","Matsuyama","Hospital","CL7","ZoneC","COM","OHUFCU",59062.5088879097,1,0,0,0,2
"759509","Matsuyama","Hospital","CL7","ZoneC","COM","OHUFCU",34679.1111753101,1,0,1,0,2
"760354","Matsuyama","Hospital","CL8","ZoneA","EHP","MUL",20290.9971731114,1,0,0,0,3
"760802","Matsuyama","Hospital","CL8","ZoneA","ABCH","OHUFCU",74995.127413154,1,0,0,0,3
"760805","Matsuyama","Hospital","CL8","ZoneA","ABCH","OHUFCU",63136.7072217715,1,0,1,0,3
"761954","Matsuyama","Hospital","CL8","ZoneA","AB","OHUFCU",81068.4291238316,1,0,0,0,3
"762018","Matsuyama","Hospital","CL8","ZoneA","COM","CAV",101727.860043399,1,0,0,0,3
"762082","Matsuyama","Hospital","CL8","ZoneA","COM","VAV",80275.3369467316,1,0,0,0,3
"762210","Matsuyama","Hospital","CL8","ZoneA","COM","CAVFCU",98954.9015881236,1,0,0,0,3
"762338","Matsuyama","Hospital","CL8","ZoneA","COM","OHUFCU",136690.928494716,1,0,0,0,3
"763106","Matsuyama","Hospital","CL8","ZoneA","COM+TESICE","OHUFCU",75795.2088830432,1,0,0,0,3
"763109","Matsuyama","Hospital","CL8","ZoneA","COM+TESICE","OHUFCU",63810.2777757579,1,0,1,0,3
"763173","Matsuyama","Hospital","CL9","ZoneA","EHP","MUL",12399.4823579806,1,0,1,0,3
"764781","Matsuyama","Hospital","CL9","ZoneA","AB","OHUFCU",85587.6119434997,1,1,1,0,3
"765037","Matsuyama","Hospital","CL9","ZoneA","COM","CAVFCU",131254.098505295,1,1,1,0,3
"765101","Matsuyama","Hospital","CL9","ZoneA","COM","VAVFCU",73752.2357616437,1,1,1,0,3
"765157","Matsuyama","Hospital","CL9","ZoneA","COM","OHUFCU",45497.7196207093,1,0,1,0,3
"765162","Matsuyama","Hospital","CL9","ZoneA","COM","OHUFCU",45484.4006503631,1,1,0,0,3
"765165","Matsuyama","Hospital","CL9","ZoneA","COM","OHUFCU",70116.8160893867,1,1,1,0,3
"765168","Matsuyama","Hospital","CL9","ZoneA","COM","OHUFCU",39924.4069484002,1,1,1,1,3
"765933","Matsuyama","Hospital","CL9","ZoneA","COM+TESICE","OHUFCU",138715.705565725,1,1,1,0,3
"765953","Fukuoka","Hospital","CL1","ZoneC","EHP","MUL",96522.4738768034,0,0,0,0,1
"765954","Fukuoka","Hospital","CL1","ZoneC","EHP","MUL",76277.0741857348,1,0,0,0,1
"765969","Fukuoka","Hospital","CL1","ZoneC","EHP","MUL",46362.1744084011,0,0,0,0,2
"765970","Fukuoka","Hospital","CL1","ZoneC","EHP","MUL",36637.7992059677,1,0,0,0,2
"766017","Fukuoka","Hospital","CL1","ZoneC","GHP","MUL",23171.8194892941,0,0,0,0,1
"766033","Fukuoka","Hospital","CL1","ZoneC","GHP","MUL",11130.0083117826,0,0,0,0,2
"768769","Fukuoka","Hospital","CL2","ZoneC","EHP","MUL",435370.458133426,0,0,0,0,1
"768770","Fukuoka","Hospital","CL2","ZoneC","EHP","MUL",411277.39010021,1,0,0,0,1
"768773","Fukuoka","Hospital","CL2","ZoneC","EHP","MUL",40686.2735946264,1,0,1,0,1
"768785","Fukuoka","Hospital","CL2","ZoneC","EHP","MUL",236387.661403512,0,0,0,0,2
"768786","Fukuoka","Hospital","CL2","ZoneC","EHP","MUL",223306.149091388,1,0,0,0,2
"768833","Fukuoka","Hospital","CL2","ZoneC","GHP","MUL",61174.1298056483,0,0,0,0,1
"768834","Fukuoka","Hospital","CL2","ZoneC","GHP","MUL",57788.8002690525,1,0,0,0,1
"768849","Fukuoka","Hospital","CL2","ZoneC","GHP","MUL",31691.9727781085,0,0,0,0,2
"768850","Fukuoka","Hospital","CL2","ZoneC","GHP","MUL",29938.163253403,1,0,0,0,2
"769281","Fukuoka","Hospital","CL2","ZoneC","AHP","CAV",40780.6680825176,0,0,0,0,1
"769282","Fukuoka","Hospital","CL2","ZoneC","AHP","CAV",38278.5570235919,1,0,0,0,1
"771585","Fukuoka","Hospital","CL3","ZoneC","EHP","MUL",452507.216379284,0,0,0,0,1
"771586","Fukuoka","Hospital","CL3","ZoneC","EHP","MUL",453684.413731607,1,0,0,0,1
"771589","Fukuoka","Hospital","CL3","ZoneC","EHP","MUL",61730.5959576657,1,0,1,0,1
"771601","Fukuoka","Hospital","CL3","ZoneC","EHP","MUL",217350.609077979,0,0,0,0,2
"771602","Fukuoka","Hospital","CL3","ZoneC","EHP","MUL",217916.046605317,1,0,0,0,2
"771605","Fukuoka","Hospital","CL3","ZoneC","EHP","MUL",29650.7594674451,1,0,1,0,2
"771649","Fukuoka","Hospital","CL3","ZoneC","GHP","MUL",69172.7171381306,0,0,0,0,1
"771650","Fukuoka","Hospital","CL3","ZoneC","GHP","MUL",69352.669935612,1,0,0,0,1
"771665","Fukuoka","Hospital","CL3","ZoneC","GHP","MUL",33225.3976452601,0,0,0,0,2
"771666","Fukuoka","Hospital","CL3","ZoneC","GHP","MUL",33311.8335046719,1,0,0,0,2
"771713","Fukuoka","Hospital","CL3","ZoneC","ABCH","CAV",52600.5497948522,0,0,0,0,1
"772097","Fukuoka","Hospital","CL3","ZoneC","AHP","CAV",52009.3251761292,0,0,0,0,1
"772098","Fukuoka","Hospital","CL3","ZoneC","AHP","CAV",51574.5911123318,1,0,0,0,1
"772113","Fukuoka","Hospital","CL3","ZoneC","AHP","CAV",52461.121040181,0,0,0,0,2
"772114","Fukuoka","Hospital","CL3","ZoneC","AHP","CAV",52022.3046617089,1,0,0,0,2
"772225","Fukuoka","Hospital","CL3","ZoneC","AHP","FCU",30799.9532214911,0,0,0,0,1
"772226","Fukuoka","Hospital","CL3","ZoneC","AHP","FCU",30542.0202239272,1,0,0,0,1
"774401","Fukuoka","Hospital","CL4","ZoneC","EHP","MUL",335092.326412465,0,0,0,0,1
"774402","Fukuoka","Hospital","CL4","ZoneC","EHP","MUL",377349.069258803,1,0,0,0,1
"774405","Fukuoka","Hospital","CL4","ZoneC","EHP","MUL",65208.1494703218,1,0,1,0,1
"774417","Fukuoka","Hospital","CL4","ZoneC","EHP","MUL",160953.281200404,0,0,0,0,2
"774418","Fukuoka","Hospital","CL4","ZoneC","EHP","MUL",181250.258713364,1,0,0,0,2
"774421","Fukuoka","Hospital","CL4","ZoneC","EHP","MUL",31321.1159760659,1,0,1,0,2
"774465","Fukuoka","Hospital","CL4","ZoneC","GHP","MUL",47333.1215417858,0,0,0,0,1
"774466","Fukuoka","Hospital","CL4","ZoneC","GHP","MUL",53302.0542431681,1,0,0,0,1
"774482","Fukuoka","Hospital","CL4","ZoneC","GHP","MUL",48337.6086828979,1,0,0,0,2
"774529","Fukuoka","Hospital","CL4","ZoneC","ABCH","CAV",63341.4205784478,0,0,0,0,1
"774530","Fukuoka","Hospital","CL4","ZoneC","ABCH","CAV",70160.5296037106,1,0,0,0,1
"774545","Fukuoka","Hospital","CL4","ZoneC","ABCH","CAV",30424.4790895236,0,0,0,0,2
"774546","Fukuoka","Hospital","CL4","ZoneC","ABCH","CAV",33699.8688432369,1,0,0,0,2
"774913","Fukuoka","Hospital","CL4","ZoneC","AHP","CAV",74520.3955313307,0,0,0,0,1
"774914","Fukuoka","Hospital","CL4","ZoneC","AHP","CAV",82544.7245507069,1,0,0,0,1
"774929","Fukuoka","Hospital","CL4","ZoneC","AHP","CAV",56080.779223828,0,0,0,0,2
"774930","Fukuoka","Hospital","CL4","ZoneC","AHP","CAV",62118.2337718411,1,0,0,0,2
"775041","Fukuoka","Hospital","CL4","ZoneC","AHP","FCU",42235.4674322281,0,0,0,0,1
"775042","Fukuoka","Hospital","CL4","ZoneC","AHP","FCU",46780.6476676416,1,0,0,0,1
"777217","Fukuoka","Hospital","CL5","ZoneC","EHP","MUL",204974.652624477,0,0,0,0,1
"777218","Fukuoka","Hospital","CL5","ZoneC","EHP","MUL",249941.002991416,1,0,0,0,1
"777221","Fukuoka","Hospital","CL5","ZoneC","EHP","MUL",67259.5060130316,1,0,1,0,1
"777233","Fukuoka","Hospital","CL5","ZoneC","EHP","MUL",218347.779979622,0,0,0,0,2
"777234","Fukuoka","Hospital","CL5","ZoneC","EHP","MUL",266247.86250541,1,0,0,0,2
"777237","Fukuoka","Hospital","CL5","ZoneC","EHP","MUL",71647.706838059,1,0,1,0,2
"777281","Fukuoka","Hospital","CL5","ZoneC","GHP","MUL",36224.3284386937,0,0,0,0,1
"777282","Fukuoka","Hospital","CL5","ZoneC","GHP","MUL",44171.0468427764,1,0,0,0,1
"777297","Fukuoka","Hospital","CL5","ZoneC","GHP","MUL",38587.7063069454,0,0,0,0,2
"777298","Fukuoka","Hospital","CL5","ZoneC","GHP","MUL",47052.8911453533,1,0,0,0,2
"777345","Fukuoka","Hospital","CL5","ZoneC","ABCH","CAV",70259.9670224676,0,0,0,0,1
"777346","Fukuoka","Hospital","CL5","ZoneC","ABCH","CAV",85673.2596098682,1,0,0,0,1
"777361","Fukuoka","Hospital","CL5","ZoneC","ABCH","CAV",74843.9264288103,0,0,0,0,2
"777362","Fukuoka","Hospital","CL5","ZoneC","ABCH","CAV",91262.8259148894,1,0,0,0,2
"777473","Fukuoka","Hospital","CL5","ZoneC","ABCH","FCU",48214.061986003,0,0,0,0,1
"777474","Fukuoka","Hospital","CL5","ZoneC","ABCH","FCU",58791.0302897271,1,0,0,0,1
"777489","Fukuoka","Hospital","CL5","ZoneC","ABCH","FCU",51359.6840567913,0,0,0,0,2
"777490","Fukuoka","Hospital","CL5","ZoneC","ABCH","FCU",62626.7237539582,1,0,0,0,2
"777666","Fukuoka","Hospital","CL5","ZoneC","ABCH","OHUFCU",62462.9679289652,1,0,0,0,1
"777681","Fukuoka","Hospital","CL5","ZoneC","ABCH","OHUFCU",32365.670861652,0,0,0,0,2
"777682","Fukuoka","Hospital","CL5","ZoneC","ABCH","OHUFCU",34172.5581515447,1,0,0,0,2
"777729","Fukuoka","Hospital","CL5","ZoneC","AHP","CAV",84598.3987169671,0,0,0,0,1
"777730","Fukuoka","Hospital","CL5","ZoneC","AHP","CAV",100415.000534456,1,0,0,0,1
"777745","Fukuoka","Hospital","CL5","ZoneC","AHP","CAV",71755.5827781269,0,0,0,0,2
"777746","Fukuoka","Hospital","CL5","ZoneC","AHP","CAV",87496.976334219,1,0,0,0,2
"777857","Fukuoka","Hospital","CL5","ZoneC","AHP","FCU",58060.7724306597,0,0,0,0,1
"777858","Fukuoka","Hospital","CL5","ZoneC","AHP","FCU",68899.8265815308,1,0,0,0,1
"777873","Fukuoka","Hospital","CL5","ZoneC","AHP","FCU",49240.3891223018,0,0,0,0,2
"777874","Fukuoka","Hospital","CL5","ZoneC","AHP","FCU",60042.5081215434,1,0,0,0,2
"778065","Fukuoka","Hospital","CL5","ZoneC","AHP","OHUFCU",31030.1407942822,0,0,0,0,2
"778066","Fukuoka","Hospital","CL5","ZoneC","AHP","OHUFCU",32762.4690764437,1,0,0,0,2
"780033","Fukuoka","Hospital","CL6","ZoneC","EHP","MUL",119274.990975819,0,0,0,0,1
"780034","Fukuoka","Hospital","CL6","ZoneC","EHP","MUL",171175.9900493,1,0,0,0,1
"780037","Fukuoka","Hospital","CL6","ZoneC","EHP","MUL",61905.0039417633,1,0,1,0,1
"780049","Fukuoka","Hospital","CL6","ZoneC","EHP","MUL",127056.829482094,0,0,0,0,2
"780050","Fukuoka","Hospital","CL6","ZoneC","EHP","MUL",182343.996852884,1,0,0,0,2
"780053","Fukuoka","Hospital","CL6","ZoneC","EHP","MUL",65943.8618738739,1,0,1,0,2
"780098","Fukuoka","Hospital","CL6","ZoneC","GHP","MUL",56785.1650954355,1,0,0,0,1
"780114","Fukuoka","Hospital","CL6","ZoneC","GHP","MUL",60489.9902285969,1,0,0,0,2
"780161","Fukuoka","Hospital","CL6","ZoneC","ABCH","CAV",70057.0326437837,0,0,0,0,1
"780162","Fukuoka","Hospital","CL6","ZoneC","ABCH","CAV",100541.461580551,1,0,0,0,1
"780165","Fukuoka","Hospital","CL6","ZoneC","ABCH","CAV",36360.3538887787,1,0,1,0,1
"780177","Fukuoka","Hospital","CL6","ZoneC","ABCH","CAV",74627.752036026,0,0,0,0,2
"780178","Fukuoka","Hospital","CL6","ZoneC","ABCH","CAV",107101.07152731,1,0,0,0,2
"780181","Fukuoka","Hospital","CL6","ZoneC","ABCH","CAV",38732.6064429695,1,0,1,0,2
"780289","Fukuoka","Hospital","CL6","ZoneC","ABCH","FCU",47273.2084488306,0,0,0,0,1
"780290","Fukuoka","Hospital","CL6","ZoneC","ABCH","FCU",67843.545347038,1,0,0,0,1
"780305","Fukuoka","Hospital","CL6","ZoneC","ABCH","FCU",50357.4465679249,0,0,0,0,2
"780306","Fukuoka","Hospital","CL6","ZoneC","ABCH","FCU",72269.8505537247,1,0,0,0,2
"780353","Fukuoka","Hospital","CL6","ZoneC","ABCH","CAVFCU",35895.349370846,0,0,0,0,1
"780354","Fukuoka","Hospital","CL6","ZoneC","ABCH","CAVFCU",51514.755242914,1,0,0,0,1
"780369","Fukuoka","Hospital","CL6","ZoneC","ABCH","CAVFCU",38237.2637121923,0,0,0,0,2
"780370","Fukuoka","Hospital","CL6","ZoneC","ABCH","CAVFCU",54875.7238978762,1,0,0,0,2
"780481","Fukuoka","Hospital","CL6","ZoneC","ABCH","OHUFCU",46815.4332826735,0,0,0,0,1
"780482","Fukuoka","Hospital","CL6","ZoneC","ABCH","OHUFCU",57150.4495419125,1,0,0,0,1
"780497","Fukuoka","Hospital","CL6","ZoneC","ABCH","OHUFCU",49869.8048523257,0,0,0,0,2
"780498","Fukuoka","Hospital","CL6","ZoneC","ABCH","OHUFCU",60879.1068677917,1,0,0,0,2
"780545","Fukuoka","Hospital","CL6","ZoneC","AHP","CAV",56239.405516088,0,0,0,0,1
"780546","Fukuoka","Hospital","CL6","ZoneC","AHP","CAV",80711.2693133812,1,0,0,0,1
"780561","Fukuoka","Hospital","CL6","ZoneC","AHP","CAV",59908.6237472912,0,0,0,0,2
"780562","Fukuoka","Hospital","CL6","ZoneC","AHP","CAV",85977.1013062799,1,0,0,0,2
"780674","Fukuoka","Hospital","CL6","ZoneC","AHP","FCU",76176.0961672226,1,0,0,0,1
"780690","Fukuoka","Hospital","CL6","ZoneC","AHP","FCU",81146.0406087353,1,0,0,0,2
"780738","Fukuoka","Hospital","CL6","ZoneC","AHP","CAVFCU",57841.8024786565,1,0,0,0,1
"780754","Fukuoka","Hospital","CL6","ZoneC","AHP","CAVFCU",61615.5656298269,1,0,0,0,2
"780866","Fukuoka","Hospital","CL6","ZoneC","AHP","OHUFCU",68797.2412964279,1,0,0,0,1
"780882","Fukuoka","Hospital","CL6","ZoneC","AHP","OHUFCU",73285.7683301843,1,0,0,0,2
"781697","Fukuoka","Hospital","CL6","ZoneC","COM","CAV",34416.8790277014,0,0,0,0,1
"781698","Fukuoka","Hospital","CL6","ZoneC","COM","CAV",47810.9846538154,1,0,0,0,1
"781713","Fukuoka","Hospital","CL6","ZoneC","COM","CAV",36662.3337730123,0,0,0,0,2
"781714","Fukuoka","Hospital","CL6","ZoneC","COM","CAV",50930.3088168949,1,0,0,0,2
"782082","Fukuoka","Hospital","CL6","ZoneC","AHP+TESICE","CAV",54564.5078511168,1,0,0,0,1
"782098","Fukuoka","Hospital","CL6","ZoneC","AHP+TESICE","CAV",58124.4510110188,1,0,0,0,2
"782849","Fukuoka","Hospital","CL7","ZoneC","EHP","MUL",59861.8364347599,0,0,0,0,1
"782850","Fukuoka","Hospital","CL7","ZoneC","EHP","MUL",88928.5096670669,1,0,0,0,1
"782853","Fukuoka","Hospital","CL7","ZoneC","EHP","MUL",50065.4808565627,1,0,1,0,1
"782865","Fukuoka","Hospital","CL7","ZoneC","EHP","MUL",63767.3923271829,0,0,0,0,2
"782866","Fukuoka","Hospital","CL7","ZoneC","EHP","MUL",94730.4577131002,1,0,0,0,2
"782869","Fukuoka","Hospital","CL7","ZoneC","EHP","MUL",53331.8947424689,1,0,1,0,2
"782914","Fukuoka","Hospital","CL7","ZoneC","GHP","MUL",34281.9855364228,1,0,0,0,1
"782930","Fukuoka","Hospital","CL7","ZoneC","GHP","MUL",36518.6394479957,1,0,0,0,2
"782977","Fukuoka","Hospital","CL7","ZoneC","ABCH","CAV",46454.997824759,0,0,0,0,1
"782978","Fukuoka","Hospital","CL7","ZoneC","ABCH","CAV",69011.8106825037,1,0,0,0,1
"782981","Fukuoka","Hospital","CL7","ZoneC","ABCH","CAV",38852.6637805689,1,0,1,0,1
"782993","Fukuoka","Hospital","CL7","ZoneC","ABCH","CAV",42543.1122090883,0,0,0,0,2
"782994","Fukuoka","Hospital","CL7","ZoneC","ABCH","CAV",63200.4594358918,1,0,0,0,2
"782997","Fukuoka","Hospital","CL7","ZoneC","ABCH","CAV",35580.9560270343,1,0,1,0,2
"783058","Fukuoka","Hospital","CL7","ZoneC","ABCH","VAV",52509.9741844846,1,0,0,0,2
"783106","Fukuoka","Hospital","CL7","ZoneC","ABCH","FCU",93520.6915717296,1,0,0,0,1
"783122","Fukuoka","Hospital","CL7","ZoneC","ABCH","FCU",85645.4948166448,1,0,0,0,2
"783169","Fukuoka","Hospital","CL7","ZoneC","ABCH","CAVFCU",44665.2736821481,0,0,0,0,1
"783170","Fukuoka","Hospital","CL7","ZoneC","ABCH","CAVFCU",66353.0633035954,1,0,0,0,1
"783185","Fukuoka","Hospital","CL7","ZoneC","ABCH","CAVFCU",40904.0972787759,0,0,0,0,2
"783186","Fukuoka","Hospital","CL7","ZoneC","ABCH","CAVFCU",60765.6000370559,1,0,0,0,2
"783297","Fukuoka","Hospital","CL7","ZoneC","ABCH","OHUFCU",50850.5497084875,0,0,0,0,1
"783298","Fukuoka","Hospital","CL7","ZoneC","ABCH","OHUFCU",64298.1985549948,1,0,0,0,1
"783301","Fukuoka","Hospital","CL7","ZoneC","ABCH","OHUFCU",38725.9383783948,1,0,1,0,1
"783313","Fukuoka","Hospital","CL7","ZoneC","ABCH","OHUFCU",47041.300974893,0,0,0,0,2
"783314","Fukuoka","Hospital","CL7","ZoneC","ABCH","OHUFCU",58412.53249206,1,0,0,0,2
"783317","Fukuoka","Hospital","CL7","ZoneC","ABCH","OHUFCU",35463.3630990261,1,0,1,0,2
"783361","Fukuoka","Hospital","CL7","ZoneC","AHP","CAV",50192.179490041,0,0,0,0,1
"783362","Fukuoka","Hospital","CL7","ZoneC","AHP","CAV",71007.3027667483,1,0,0,0,1
"783365","Fukuoka","Hospital","CL7","ZoneC","AHP","CAV",40775.3810969832,1,0,1,0,1
"783377","Fukuoka","Hospital","CL7","ZoneC","AHP","CAV",51105.8689314838,0,0,0,0,2
"783378","Fukuoka","Hospital","CL7","ZoneC","AHP","CAV",72299.9069824348,1,0,0,0,2
"783381","Fukuoka","Hospital","CL7","ZoneC","AHP","CAV",41517.6488278858,1,0,1,0,2
"784146","Fukuoka","Hospital","CL7","ZoneC","AB","CAV",50774.9224285935,1,0,0,0,2
"784513","Fukuoka","Hospital","CL7","ZoneC","COM","CAV",39699.1079837452,0,0,0,0,1
"784514","Fukuoka","Hospital","CL7","ZoneC","COM","CAV",58975.5129205567,1,0,0,0,1
"784517","Fukuoka","Hospital","CL7","ZoneC","COM","CAV",33202.3714800153,1,0,1,0,1
"784530","Fukuoka","Hospital","CL7","ZoneC","COM","CAV",98717.4526675905,1,0,0,0,2
"784722","Fukuoka","Hospital","CL7","ZoneC","COM","CAVFCU",71017.9166902772,1,0,0,0,2
"784833","Fukuoka","Hospital","CL7","ZoneC","COM","OHUFCU",41926.3958633907,0,0,0,0,1
"784834","Fukuoka","Hospital","CL7","ZoneC","COM","OHUFCU",56471.4431182246,1,0,0,0,1
"784837","Fukuoka","Hospital","CL7","ZoneC","COM","OHUFCU",33099.0523540488,1,0,1,0,1
"784849","Fukuoka","Hospital","CL7","ZoneC","COM","OHUFCU",42795.9878259219,0,0,0,0,2
"784850","Fukuoka","Hospital","CL7","ZoneC","COM","OHUFCU",55636.9375211644,1,0,0,0,2
"784898","Fukuoka","Hospital","CL7","ZoneC","AHP+TESICE","CAV",56043.7302060987,1,0,0,0,1
"784914","Fukuoka","Hospital","CL7","ZoneC","AHP+TESICE","CAV",57063.9402282307,1,0,0,0,2
"785282","Fukuoka","Hospital","CL7","ZoneC","COM+TESICE","CAV",85295.8271679622,1,0,0,0,1
"785298","Fukuoka","Hospital","CL7","ZoneC","COM+TESICE","CAV",86848.5371214713,1,0,0,0,2
"785698","Fukuoka","Hospital","CL8","ZoneA","EHP","MUL",58485.3450526276,1,0,0,0,3
"785762","Fukuoka","Hospital","CL8","ZoneA","GHP","MUL",12246.5610914877,1,0,0,0,3
"785826","Fukuoka","Hospital","CL8","ZoneA","ABCH","CAV",115051.358786554,1,0,0,0,3
"785890","Fukuoka","Hospital","CL8","ZoneA","ABCH","VAV",90077.1715557629,1,0,0,0,3
"786018","Fukuoka","Hospital","CL8","ZoneA","ABCH","CAVFCU",111282.450378398,1,0,0,0,3
"786146","Fukuoka","Hospital","CL8","ZoneA","ABCH","OHUFCU",84828.251266223,1,0,0,0,3
"786149","Fukuoka","Hospital","CL8","ZoneA","ABCH","OHUFCU",68918.5389322647,1,0,1,0,3
"786530","Fukuoka","Hospital","CL8","ZoneA","AHP","OHUFCU",94245.9437155754,1,0,0,0,3
"786978","Fukuoka","Hospital","CL8","ZoneA","AB","CAV",77549.3261574339,1,0,0,0,3
"787170","Fukuoka","Hospital","CL8","ZoneA","AB","CAVFCU",75008.9275868806,1,0,0,0,3
"787298","Fukuoka","Hospital","CL8","ZoneA","AB","OHUFCU",103631.631164659,1,0,0,0,3
"787361","Fukuoka","Hospital","CL8","ZoneA","COM","CAV",47601.4363648787,0,0,0,0,3
"787362","Fukuoka","Hospital","CL8","ZoneA","COM","CAV",84126.5085825053,1,0,0,0,3
"787365","Fukuoka","Hospital","CL8","ZoneA","COM","CAV",71440.4285257125,1,0,1,0,3
"787370","Fukuoka","Hospital","CL8","ZoneA","COM","CAV",41274.3852990867,1,1,0,0,3
"787373","Fukuoka","Hospital","CL8","ZoneA","COM","CAV",35050.3048633034,1,1,1,0,3
"787425","Fukuoka","Hospital","CL8","ZoneA","COM","VAV",42612.489179655,0,0,0,0,3
"787426","Fukuoka","Hospital","CL8","ZoneA","COM","VAV",75309.4908568585,1,0,0,0,3
"787429","Fukuoka","Hospital","CL8","ZoneA","COM","VAV",63952.9963803352,1,0,1,0,3
"787434","Fukuoka","Hospital","CL8","ZoneA","COM","VAV",36948.5551543552,1,1,0,0,3
"787490","Fukuoka","Hospital","CL8","ZoneA","COM","FCU",125879.277673814,1,0,0,0,3
"787553","Fukuoka","Hospital","CL8","ZoneA","COM","CAVFCU",46042.085344186,0,0,0,0,3
"787554","Fukuoka","Hospital","CL8","ZoneA","COM","CAVFCU",81370.6514688692,1,0,0,0,3
"787557","Fukuoka","Hospital","CL8","ZoneA","COM","CAVFCU",69100.1481970608,1,0,1,0,3
"787562","Fukuoka","Hospital","CL8","ZoneA","COM","CAVFCU",39922.2988966671,1,1,0,0,3
"787565","Fukuoka","Hospital","CL8","ZoneA","COM","CAVFCU",33902.1099171419,1,1,1,0,3
"787618","Fukuoka","Hospital","CL8","ZoneA","COM","VAVFCU",103995.815787331,1,0,0,0,3
"787681","Fukuoka","Hospital","CL8","ZoneA","COM","OHUFCU",61308.2148913323,0,0,0,0,3
"787682","Fukuoka","Hospital","CL8","ZoneA","COM","OHUFCU",88494.9151776749,1,0,0,0,3
"787685","Fukuoka","Hospital","CL8","ZoneA","COM","OHUFCU",71244.621743913,1,0,1,0,3
"787688","Fukuoka","Hospital","CL8","ZoneA","COM","OHUFCU",43996.6465348667,1,0,1,1,3
"787689","Fukuoka","Hospital","CL8","ZoneA","COM","OHUFCU",30079.2095863858,0,1,0,0,3
"787690","Fukuoka","Hospital","CL8","ZoneA","COM","OHUFCU",43417.6252836069,1,1,0,0,3
"787693","Fukuoka","Hospital","CL8","ZoneA","COM","OHUFCU",34954.2375868607,1,1,1,0,3
"788130","Fukuoka","Hospital","CL8","ZoneA","COM+TESICE","CAV",112430.189133898,1,0,0,0,3
"788194","Fukuoka","Hospital","CL8","ZoneA","COM+TESICE","VAV",88024.9789439652,1,0,0,0,3
"788322","Fukuoka","Hospital","CL8","ZoneA","COM+TESICE","CAVFCU",108747.146276982,1,0,0,0,3
"788450","Fukuoka","Hospital","CL8","ZoneA","COM+TESICE","OHUFCU",82895.6427316344,1,0,0,0,3
"788453","Fukuoka","Hospital","CL8","ZoneA","COM+TESICE","OHUFCU",67348.3950881595,1,0,1,0,3
"788517","Fukuoka","Hospital","CL9","ZoneA","EHP","MUL",28403.9144053209,1,0,1,0,3
"788973","Fukuoka","Hospital","CL9","ZoneA","ABCH","OHUFCU",68516.9441469888,1,1,1,0,3
"790117","Fukuoka","Hospital","CL9","ZoneA","AB","OHUFCU",51619.5068880795,1,0,1,0,3
"790122","Fukuoka","Hospital","CL9","ZoneA","AB","OHUFCU",49248.8339455712,1,1,0,0,3
"790125","Fukuoka","Hospital","CL9","ZoneA","AB","OHUFCU",80957.6104833974,1,1,1,0,3
"790189","Fukuoka","Hospital","CL9","ZoneA","COM","CAV",99273.1066567533,1,1,1,0,3
"790253","Fukuoka","Hospital","CL9","ZoneA","COM","VAV",108643.155542503,1,1,1,0,3
"790373","Fukuoka","Hospital","CL9","ZoneA","COM","CAVFCU",63838.4862033298,1,0,1,0,3
"790378","Fukuoka","Hospital","CL9","ZoneA","COM","CAVFCU",57716.3338930041,1,1,0,0,3
"790381","Fukuoka","Hospital","CL9","ZoneA","COM","CAVFCU",99908.4083377356,1,1,1,0,3
"790445","Fukuoka","Hospital","CL9","ZoneA","COM","VAVFCU",126362.476905399,1,1,1,0,3
"790498","Fukuoka","Hospital","CL9","ZoneA","COM","OHUFCU",32773.3551587907,1,0,0,0,3
"790501","Fukuoka","Hospital","CL9","ZoneA","COM","OHUFCU",48568.6491982833,1,0,1,0,3
"790504","Fukuoka","Hospital","CL9","ZoneA","COM","OHUFCU",35677.2524386828,1,0,1,1,3
"790505","Fukuoka","Hospital","CL9","ZoneA","COM","OHUFCU",37945.2593975938,0,1,0,0,3
"790506","Fukuoka","Hospital","CL9","ZoneA","COM","OHUFCU",51398.4146418977,1,1,0,0,3
"790509","Fukuoka","Hospital","CL9","ZoneA","COM","OHUFCU",76510.4418202846,1,1,1,0,3
"790512","Fukuoka","Hospital","CL9","ZoneA","COM","OHUFCU",55085.6178021097,1,1,1,1,3
"791149","Fukuoka","Hospital","CL9","ZoneA","COM+TESICE","CAVFCU",122353.583139748,1,1,1,0,3
"791269","Fukuoka","Hospital","CL9","ZoneA","COM+TESICE","OHUFCU",52408.5050670759,1,0,1,0,3
"791274","Fukuoka","Hospital","CL9","ZoneA","COM+TESICE","OHUFCU",51979.4250766977,1,1,0,0,3
"791277","Fukuoka","Hospital","CL9","ZoneA","COM+TESICE","OHUFCU",82327.0099804487,1,1,1,0,3
"791297","Naha","Hospital","CL1","ZoneC","EHP","MUL",11194.4193222826,0,0,0,0,1
"791313","Naha","Hospital","CL1","ZoneC","EHP","MUL",5376.96144923583,0,0,0,0,2
"794113","Naha","Hospital","CL2","ZoneC","EHP","MUL",27603.9812987916,0,0,0,0,1
"794114","Naha","Hospital","CL2","ZoneC","EHP","MUL",26797.5722086741,1,0,0,0,1
"794129","Naha","Hospital","CL2","ZoneC","EHP","MUL",26130.4358508287,0,0,0,0,2
"796929","Naha","Hospital","CL3","ZoneC","EHP","MUL",30309.4384168304,0,0,0,0,1
"796930","Naha","Hospital","CL3","ZoneC","EHP","MUL",31391.0532731425,1,0,0,0,1
"796946","Naha","Hospital","CL3","ZoneC","EHP","MUL",34283.4208142622,1,0,0,0,2
"796994","Naha","Hospital","CL3","ZoneC","GHP","MUL",9674.94814169384,1,0,0,0,1
"799745","Naha","Hospital","CL4","ZoneC","EHP","MUL",35964.4871504751,0,0,0,0,1
"799746","Naha","Hospital","CL4","ZoneC","EHP","MUL",42335.3432094596,1,0,0,0,1
"799762","Naha","Hospital","CL4","ZoneC","EHP","MUL",37609.3799246057,1,0,0,0,2
"802561","Naha","Hospital","CL5","ZoneC","EHP","MUL",38925.2289704707,0,0,0,0,1
"802562","Naha","Hospital","CL5","ZoneC","EHP","MUL",49524.6785900558,1,0,0,0,1
"802577","Naha","Hospital","CL5","ZoneC","EHP","MUL",41464.8212453457,0,0,0,0,2
"802578","Naha","Hospital","CL5","ZoneC","EHP","MUL",52755.8090031455,1,0,0,0,2
"805378","Naha","Hospital","CL6","ZoneC","EHP","MUL",29222.9359607372,1,0,0,0,1
"805394","Naha","Hospital","CL6","ZoneC","EHP","MUL",31129.52313769,1,0,0,0,2
"805505","Naha","Hospital","CL6","ZoneC","ABCH","CAV",35835.3973641705,0,0,0,0,1
"805506","Naha","Hospital","CL6","ZoneC","ABCH","CAV",49536.9382441594,1,0,0,0,1
"805521","Naha","Hospital","CL6","ZoneC","ABCH","CAV",38173.4002666622,0,0,0,0,2
"805522","Naha","Hospital","CL6","ZoneC","ABCH","CAV",52768.8685118339,1,0,0,0,2
"808194","Naha","Hospital","CL7","ZoneC","EHP","MUL",14218.978625752,1,0,0,0,1
"808210","Naha","Hospital","CL7","ZoneC","EHP","MUL",15146.6650961892,1,0,0,0,2
"808642","Naha","Hospital","CL7","ZoneC","ABCH","OHUFCU",76301.2393269469,1,0,0,0,1
"808658","Naha","Hospital","CL7","ZoneC","ABCH","OHUFCU",81279.3484629291,1,0,0,0,2
"811042","Naha","Hospital","CL8","ZoneA","EHP","MUL",7806.98103723961,1,0,0,0,3
"811490","Naha","Hospital","CL8","ZoneA","ABCH","OHUFCU",59757.9906148269,1,0,0,0,3
"813025","Naha","Hospital","CL8","ZoneA","COM","OHUFCU",44500.3858657209,0,0,0,0,3
"813026","Naha","Hospital","CL8","ZoneA","COM","OHUFCU",74754.3103709726,1,0,0,0,3
"813029","Naha","Hospital","CL8","ZoneA","COM","OHUFCU",62706.2179520241,1,0,1,0,3
"813794","Naha","Hospital","CL8","ZoneA","COM+TESICE","OHUFCU",61178.8170097995,1,0,0,0,3
"813861","Naha","Hospital","CL9","ZoneA","EHP","MUL",3436.29635119582,1,0,1,0,3
"815845","Naha","Hospital","CL9","ZoneA","COM","OHUFCU",49773.085127385,1,0,1,0,3
"815850","Naha","Hospital","CL9","ZoneA","COM","OHUFCU",46541.1405642395,1,1,0,0,3
"815853","Naha","Hospital","CL9","ZoneA","COM","OHUFCU",76021.5124594785,1,1,1,0,3
"816673","Sapporo","Retail","ConvenienceDrug","ZoneC","EHP","MUL",365936.908203984,0,0,0,0,3
"816674","Sapporo","Retail","ConvenienceDrug","ZoneC","EHP","MUL",179253.686695005,1,0,0,0,3
"816737","Sapporo","Retail","ConvenienceDrug","ZoneC","GHP","MUL",71372.5330720027,0,0,0,0,3
"816738","Sapporo","Retail","ConvenienceDrug","ZoneC","GHP","MUL",34961.7362859338,1,0,0,0,3
"819489","Sapporo","Retail","ConvenienceStore","ZoneC","EHP","MUL",331692.003917995,0,0,0,0,3
"819490","Sapporo","Retail","ConvenienceStore","ZoneC","EHP","MUL",144004.33098067,1,0,0,0,3
"819553","Sapporo","Retail","ConvenienceStore","ZoneC","GHP","MUL",64927.0225591796,0,0,0,0,3
"819554","Sapporo","Retail","ConvenienceStore","ZoneC","GHP","MUL",28188.1152869549,1,0,0,0,3
"822305","Sapporo","Retail","HomeCenter","ZoneC","EHP","MUL",337301.26976068,0,0,0,0,3
"822306","Sapporo","Retail","HomeCenter","ZoneC","EHP","MUL",186131.223275684,1,0,0,0,3
"822309","Sapporo","Retail","HomeCenter","ZoneC","EHP","MUL",45948.8245896073,1,0,1,0,3
"822369","Sapporo","Retail","HomeCenter","ZoneC","GHP","MUL",91910.5964025558,0,0,0,0,3
"822370","Sapporo","Retail","HomeCenter","ZoneC","GHP","MUL",50718.5512599563,1,0,0,0,3
"822433","Sapporo","Retail","HomeCenter","ZoneC","ABCH","CAV",76151.4034089259,0,0,0,0,3
"822434","Sapporo","Retail","HomeCenter","ZoneC","ABCH","CAV",53946.3532835113,1,0,0,0,3
"822437","Sapporo","Retail","HomeCenter","ZoneC","ABCH","CAV",30800.2345468383,1,0,1,0,3
"822817","Sapporo","Retail","HomeCenter","ZoneC","AHP","CAV",58184.4057421771,0,0,0,0,3
"822818","Sapporo","Retail","HomeCenter","ZoneC","AHP","CAV",40722.5242464086,1,0,0,0,3
"822821","Sapporo","Retail","HomeCenter","ZoneC","AHP","CAV",29470.5134162597,1,0,1,0,3
"822945","Sapporo","Retail","HomeCenter","ZoneC","AHP","FCU",50635.4366441216,0,0,0,0,3
"822946","Sapporo","Retail","HomeCenter","ZoneC","AHP","FCU",36437.1592359314,1,0,0,0,3
"825121","Sapporo","Retail","HousingClothingSuper","ZoneC","EHP","MUL",716920.492596586,0,0,0,0,3
"825122","Sapporo","Retail","HousingClothingSuper","ZoneC","EHP","MUL",395614.544745375,1,0,0,0,3
"825125","Sapporo","Retail","HousingClothingSuper","ZoneC","EHP","MUL",97662.4072076216,1,0,1,0,3
"825185","Sapporo","Retail","HousingClothingSuper","ZoneC","GHP","MUL",195352.333225778,0,0,0,0,3
"825186","Sapporo","Retail","HousingClothingSuper","ZoneC","GHP","MUL",107800.2723763,1,0,0,0,3
"825249","Sapporo","Retail","HousingClothingSuper","ZoneC","ABCH","CAV",65871.9056153855,0,0,0,0,3
"825250","Sapporo","Retail","HousingClothingSuper","ZoneC","ABCH","CAV",32654.4155703457,1,0,0,0,3
"825253","Sapporo","Retail","HousingClothingSuper","ZoneC","ABCH","CAV",29082.2831074627,1,0,1,0,3
"825314","Sapporo","Retail","HousingClothingSuper","ZoneC","ABCH","VAV",55670.4529961625,1,0,0,0,3
"825377","Sapporo","Retail","HousingClothingSuper","ZoneC","ABCH","FCU",55773.773101094,0,0,0,0,3
"825378","Sapporo","Retail","HousingClothingSuper","ZoneC","ABCH","FCU",30777.354088743,1,0,0,0,3
"825569","Sapporo","Retail","HousingClothingSuper","ZoneC","ABCH","OHUFCU",72152.124745156,0,0,0,0,3
"825633","Sapporo","Retail","HousingClothingSuper","ZoneC","AHP","CAV",88205.6049506577,0,0,0,0,3
"825634","Sapporo","Retail","HousingClothingSuper","ZoneC","AHP","CAV",43725.8107653679,1,0,0,0,3
"825637","Sapporo","Retail","HousingClothingSuper","ZoneC","AHP","CAV",38942.5560240797,1,0,1,0,3
"825698","Sapporo","Retail","HousingClothingSuper","ZoneC","AHP","VAV",74545.3761892801,1,0,0,0,3
"825761","Sapporo","Retail","HousingClothingSuper","ZoneC","AHP","FCU",74683.7267087301,0,0,0,0,3
"825762","Sapporo","Retail","HousingClothingSuper","ZoneC","AHP","FCU",41212.3364401971,1,0,0,0,3
"825953","Sapporo","Retail","HousingClothingSuper","ZoneC","AHP","OHUFCU",42194.4031218358,0,0,0,0,3
"825954","Sapporo","Retail","HousingClothingSuper","ZoneC","AHP","OHUFCU",27039.1829182226,1,0,0,0,3
"825957","Sapporo","Retail","HousingClothingSuper","ZoneC","AHP","OHUFCU",27381.5301034063,1,0,1,0,3
"827937","Sapporo","Retail","LargeDepartment","ZoneC","EHP","MUL",7118.81711023287,0,0,0,0,3
"827953","Sapporo","Retail","LargeDepartment","ZoneC","EHP","MUL",3558.02483093458,0,0,0,0,4
"828069","Sapporo","Retail","LargeDepartment","ZoneC","ABCH","CAV",57245.4234011842,1,0,1,0,3
"828085","Sapporo","Retail","LargeDepartment","ZoneC","ABCH","CAV",28611.5845884,1,0,1,0,4
"830753","Sapporo","Retail","LargeGeneral","ZoneC","EHP","MUL",15664.988685715,0,0,0,0,3
"830769","Sapporo","Retail","LargeGeneral","ZoneC","EHP","MUL",7829.44945164632,0,0,0,0,4
"830881","Sapporo","Retail","LargeGeneral","ZoneC","ABCH","CAV",54856.9280460424,0,0,0,0,3
"830885","Sapporo","Retail","LargeGeneral","ZoneC","ABCH","CAV",71111.8805358626,1,0,1,0,3
"830901","Sapporo","Retail","LargeGeneral","ZoneC","ABCH","CAV",62959.9190311272,1,0,1,0,4
"833569","Sapporo","Retail","LargeGrocery","ZoneC","EHP","MUL",238928.577928692,0,0,0,0,3
"833570","Sapporo","Retail","LargeGrocery","ZoneC","EHP","MUL",127714.139082087,1,0,0,0,3
"833633","Sapporo","Retail","LargeGrocery","ZoneC","GHP","MUL",52623.1175291183,0,0,0,0,3
"833634","Sapporo","Retail","LargeGrocery","ZoneC","GHP","MUL",28128.5571165647,1,0,0,0,3
"834081","Sapporo","Retail","LargeGrocery","ZoneC","AHP","CAV",57371.5227297682,0,0,0,0,3
"834082","Sapporo","Retail","LargeGrocery","ZoneC","AHP","CAV",40018.4070857402,1,0,0,0,3
"836385","Sapporo","Retail","MediumDepartment","ZoneC","EHP","MUL",54167.3956152896,0,0,0,0,3
"836401","Sapporo","Retail","MediumDepartment","ZoneC","EHP","MUL",27073.168988879,0,0,0,0,4
"836513","Sapporo","Retail","MediumDepartment","ZoneC","ABCH","CAV",47896.5558070061,0,0,0,0,3
"836517","Sapporo","Retail","MediumDepartment","ZoneC","ABCH","CAV",43341.0140225737,1,0,1,0,3
"836897","Sapporo","Retail","MediumDepartment","ZoneC","AHP","CAV",50778.4091598514,0,0,0,0,3
"836901","Sapporo","Retail","MediumDepartment","ZoneC","AHP","CAV",45948.7682644434,1,0,1,0,3
"836913","Sapporo","Retail","MediumDepartment","ZoneC","AHP","CAV",49318.3024801988,0,0,0,0,4
"836917","Sapporo","Retail","MediumDepartment","ZoneC","AHP","CAV",44627.5353905754,1,0,1,0,4
"839201","Sapporo","Retail","MediumGeneral","ZoneC","EHP","MUL",53721.9179144784,0,0,0,0,3
"839202","Sapporo","Retail","MediumGeneral","ZoneC","EHP","MUL",33164.8056036014,1,0,0,0,3
"839217","Sapporo","Retail","MediumGeneral","ZoneC","EHP","MUL",58797.7243021331,0,0,0,0,4
"839265","Sapporo","Retail","MediumGeneral","ZoneC","GHP","MUL",30754.4582312996,0,0,0,0,3
"839329","Sapporo","Retail","MediumGeneral","ZoneC","ABCH","CAV",62362.1153910435,0,0,0,0,3
"839330","Sapporo","Retail","MediumGeneral","ZoneC","ABCH","CAV",47833.1541026166,1,0,0,0,3
"839333","Sapporo","Retail","MediumGeneral","ZoneC","ABCH","CAV",56430.7239236861,1,0,1,0,3
"839345","Sapporo","Retail","MediumGeneral","ZoneC","ABCH","CAV",51990.8415638718,0,0,0,0,4
"839349","Sapporo","Retail","MediumGeneral","ZoneC","ABCH","CAV",47045.8836820072,1,0,1,0,4
"839713","Sapporo","Retail","MediumGeneral","ZoneC","AHP","CAV",66114.3365748457,0,0,0,0,3
"839714","Sapporo","Retail","MediumGeneral","ZoneC","AHP","CAV",50711.1926839967,1,0,0,0,3
"839717","Sapporo","Retail","MediumGeneral","ZoneC","AHP","CAV",59826.0634883562,1,0,1,0,3
"839729","Sapporo","Retail","MediumGeneral","ZoneC","AHP","CAV",55119.0410461438,0,0,0,0,4
"839733","Sapporo","Retail","MediumGeneral","ZoneC","AHP","CAV",49876.5535567444,1,0,1,0,4
"840865","Sapporo","Retail","MediumGeneral","ZoneC","COM","CAV",64945.7508261609,0,0,0,0,3
"842017","Sapporo","Retail","MediumGrocery","ZoneC","EHP","MUL",258839.292779495,0,0,0,0,3
"842018","Sapporo","Retail","MediumGrocery","ZoneC","EHP","MUL",138356.984018108,1,0,0,0,3
"842081","Sapporo","Retail","MediumGrocery","ZoneC","GHP","MUL",57008.377328368,0,0,0,0,3
"842082","Sapporo","Retail","MediumGrocery","ZoneC","GHP","MUL",30472.6035457014,1,0,0,0,3
"842529","Sapporo","Retail","MediumGrocery","ZoneC","AHP","CAV",62152.4829628708,0,0,0,0,3
"842530","Sapporo","Retail","MediumGrocery","ZoneC","AHP","CAV",43353.2743468065,1,0,0,0,3
"844833","Sapporo","Retail","SmallGeneral","ZoneC","EHP","MUL",445748.984643141,0,0,0,0,3
"844834","Sapporo","Retail","SmallGeneral","ZoneC","EHP","MUL",245975.367493839,1,0,0,0,3
"844837","Sapporo","Retail","SmallGeneral","ZoneC","EHP","MUL",60722.1014047627,1,0,1,0,3
"844897","Sapporo","Retail","SmallGeneral","ZoneC","GHP","MUL",121461.312770785,0,0,0,0,3
"844898","Sapporo","Retail","SmallGeneral","ZoneC","GHP","MUL",67025.3709472754,1,0,0,0,3
"844961","Sapporo","Retail","SmallGeneral","ZoneC","ABCH","CAV",57422.6239754704,0,0,0,0,3
"844962","Sapporo","Retail","SmallGeneral","ZoneC","ABCH","CAV",40189.3628938179,1,0,0,0,3
"844965","Sapporo","Retail","SmallGeneral","ZoneC","ABCH","CAV",29084.6694862646,1,0,1,0,3
"845089","Sapporo","Retail","SmallGeneral","ZoneC","ABCH","FCU",49972.490071192,0,0,0,0,3
"845090","Sapporo","Retail","SmallGeneral","ZoneC","ABCH","FCU",35960.1042040469,1,0,0,0,3
"845345","Sapporo","Retail","SmallGeneral","ZoneC","AHP","CAV",59669.1665493603,0,0,0,0,3
"845346","Sapporo","Retail","SmallGeneral","ZoneC","AHP","CAV",39615.80286888,1,0,0,0,3
"845349","Sapporo","Retail","SmallGeneral","ZoneC","AHP","CAV",27614.4368517147,1,0,1,0,3
"845473","Sapporo","Retail","SmallGeneral","ZoneC","AHP","FCU",50823.161236121,0,0,0,0,3
"845474","Sapporo","Retail","SmallGeneral","ZoneC","AHP","FCU",35246.949108088,1,0,0,0,3
"845665","Sapporo","Retail","SmallGeneral","ZoneC","AHP","OHUFCU",71751.1318456164,0,0,0,0,3
"847649","Sapporo","Retail","SmallGrocery","ZoneC","EHP","MUL",306138.483847951,0,0,0,0,3
"847650","Sapporo","Retail","SmallGrocery","ZoneC","EHP","MUL",156139.091315849,1,0,0,0,3
"847713","Sapporo","Retail","SmallGrocery","ZoneC","GHP","MUL",62769.2097704085,0,0,0,0,3
"847714","Sapporo","Retail","SmallGrocery","ZoneC","GHP","MUL",32014.0325155369,1,0,0,0,3
"850465","Sapporo","Retail","SpecialityShop","ZoneC","EHP","MUL",1401736.32547481,0,0,0,0,3
"850466","Sapporo","Retail","SpecialityShop","ZoneC","EHP","MUL",608564.871558402,1,0,0,0,3
"850529","Sapporo","Retail","SpecialityShop","ZoneC","GHP","MUL",274382.75554157,0,0,0,0,3
"850530","Sapporo","Retail","SpecialityShop","ZoneC","GHP","MUL",119123.478038878,1,0,0,0,3
"853281","Sapporo","Retail","SuperDrugStore","ZoneC","EHP","MUL",97976.548675451,0,0,0,0,3
"853282","Sapporo","Retail","SuperDrugStore","ZoneC","EHP","MUL",52371.2595320174,1,0,0,0,3
"853345","Sapporo","Retail","SuperDrugStore","ZoneC","GHP","MUL",33113.5373178682,0,0,0,0,3
"856097","Sendai","Retail","ConvenienceDrug","ZoneC","EHP","MUL",686613.754880791,0,0,0,0,3
"856098","Sendai","Retail","ConvenienceDrug","ZoneC","EHP","MUL",330476.386063072,1,0,0,0,3
"856101","Sendai","Retail","ConvenienceDrug","ZoneC","EHP","MUL",26726.6530717922,1,0,1,0,3
"856161","Sendai","Retail","ConvenienceDrug","ZoneC","GHP","MUL",143090.144386864,0,0,0,0,3
"856162","Sendai","Retail","ConvenienceDrug","ZoneC","GHP","MUL",68871.2008200649,1,0,0,0,3
"858913","Sendai","Retail","ConvenienceStore","ZoneC","EHP","MUL",419375.719821944,0,0,0,0,3
"858914","Sendai","Retail","ConvenienceStore","ZoneC","EHP","MUL",182708.744079707,1,0,0,0,3
"858977","Sendai","Retail","ConvenienceStore","ZoneC","GHP","MUL",81233.5440170003,0,0,0,0,3
"858978","Sendai","Retail","ConvenienceStore","ZoneC","GHP","MUL",35390.8872234932,1,0,0,0,3
"861729","Sendai","Retail","HomeCenter","ZoneC","EHP","MUL",863068.869897569,0,0,0,0,3
"861730","Sendai","Retail","HomeCenter","ZoneC","EHP","MUL",477141.024181201,1,0,0,0,3
"861733","Sendai","Retail","HomeCenter","ZoneC","EHP","MUL",121073.26624484,1,0,1,0,3
"861793","Sendai","Retail","HomeCenter","ZoneC","GHP","MUL",217689.47024394,0,0,0,0,3
"861794","Sendai","Retail","HomeCenter","ZoneC","GHP","MUL",120347.958788022,1,0,0,0,3
"861797","Sendai","Retail","HomeCenter","ZoneC","GHP","MUL",30537.9745566201,1,0,1,0,3
"861857","Sendai","Retail","HomeCenter","ZoneC","ABCH","CAV",74903.0232856042,0,0,0,0,3
"861858","Sendai","Retail","HomeCenter","ZoneC","ABCH","CAV",37211.6377575578,1,0,0,0,3
"861861","Sendai","Retail","HomeCenter","ZoneC","ABCH","CAV",34003.888869131,1,0,1,0,3
"861922","Sendai","Retail","HomeCenter","ZoneC","ABCH","VAV",59503.1502349946,1,0,0,0,3
"861985","Sendai","Retail","HomeCenter","ZoneC","ABCH","FCU",69664.1906767775,0,0,0,0,3
"861986","Sendai","Retail","HomeCenter","ZoneC","ABCH","FCU",38513.3150407999,1,0,0,0,3
"862177","Sendai","Retail","HomeCenter","ZoneC","ABCH","OHUFCU",86539.6419418471,0,0,0,0,3
"862241","Sendai","Retail","HomeCenter","ZoneC","AHP","CAV",105665.386443674,0,0,0,0,3
"862242","Sendai","Retail","HomeCenter","ZoneC","AHP","CAV",52494.3041198984,1,0,0,0,3
"862245","Sendai","Retail","HomeCenter","ZoneC","AHP","CAV",47969.1459748463,1,0,1,0,3
"862306","Sendai","Retail","HomeCenter","ZoneC","AHP","VAV",83940.8489590975,1,0,0,0,3
"862369","Sendai","Retail","HomeCenter","ZoneC","AHP","FCU",98274.9868597388,0,0,0,0,3
"862370","Sendai","Retail","HomeCenter","ZoneC","AHP","FCU",54330.5749021107,1,0,0,0,3
"862561","Sendai","Retail","HomeCenter","ZoneC","AHP","OHUFCU",52887.582579482,0,0,0,0,3
"862562","Sendai","Retail","HomeCenter","ZoneC","AHP","OHUFCU",33967.5062971548,1,0,0,0,3
"862565","Sendai","Retail","HomeCenter","ZoneC","AHP","OHUFCU",35226.0275773085,1,0,1,0,3
"864545","Sendai","Retail","HousingClothingSuper","ZoneC","EHP","MUL",1543688.77477541,0,0,0,0,3
"864546","Sendai","Retail","HousingClothingSuper","ZoneC","EHP","MUL",853416.533376741,1,0,0,0,3
"864549","Sendai","Retail","HousingClothingSuper","ZoneC","EHP","MUL",216552.176247228,1,0,1,0,3
"864552","Sendai","Retail","HousingClothingSuper","ZoneC","EHP","MUL",27433.3387374742,1,0,1,1,3
"864609","Sendai","Retail","HousingClothingSuper","ZoneC","GHP","MUL",393447.12767885,0,0,0,0,3
"864610","Sendai","Retail","HousingClothingSuper","ZoneC","GHP","MUL",217514.235548918,1,0,0,0,3
"864613","Sendai","Retail","HousingClothingSuper","ZoneC","GHP","MUL",55193.6589352162,1,0,1,0,3
"864673","Sendai","Retail","HousingClothingSuper","ZoneC","ABCH","CAV",135378.065522227,0,0,0,0,3
"864674","Sendai","Retail","HousingClothingSuper","ZoneC","ABCH","CAV",67255.4900130473,1,0,0,0,3
"864677","Sendai","Retail","HousingClothingSuper","ZoneC","ABCH","CAV",61457.8757092767,1,0,1,0,3
"864738","Sendai","Retail","HousingClothingSuper","ZoneC","ABCH","VAV",107544.676008293,1,0,0,0,3
"864801","Sendai","Retail","HousingClothingSuper","ZoneC","ABCH","FCU",125909.515481549,0,0,0,0,3
"864802","Sendai","Retail","HousingClothingSuper","ZoneC","ABCH","FCU",69608.1127084974,1,0,0,0,3
"864993","Sendai","Retail","HousingClothingSuper","ZoneC","ABCH","OHUFCU",67759.3567840107,0,0,0,0,3
"864994","Sendai","Retail","HousingClothingSuper","ZoneC","ABCH","OHUFCU",43519.0316137642,1,0,0,0,3
"864997","Sendai","Retail","HousingClothingSuper","ZoneC","ABCH","OHUFCU",45131.443985119,1,0,1,0,3
"865057","Sendai","Retail","HousingClothingSuper","ZoneC","AHP","CAV",190977.279446506,0,0,0,0,3
"865058","Sendai","Retail","HousingClothingSuper","ZoneC","AHP","CAV",94877.0427542021,1,0,0,0,3
"865061","Sendai","Retail","HousingClothingSuper","ZoneC","AHP","CAV",86698.3721346809,1,0,1,0,3
"865121","Sendai","Retail","HousingClothingSuper","ZoneC","AHP","VAV",39302.2673544323,0,0,0,0,3
"865122","Sendai","Retail","HousingClothingSuper","ZoneC","AHP","VAV",112410.564142985,1,0,0,0,3
"865185","Sendai","Retail","HousingClothingSuper","ZoneC","AHP","FCU",177620.034902525,0,0,0,0,3
"865186","Sendai","Retail","HousingClothingSuper","ZoneC","AHP","FCU",98195.8779008559,1,0,0,0,3
"865377","Sendai","Retail","HousingClothingSuper","ZoneC","AHP","OHUFCU",95587.8455327092,0,0,0,0,3
"865378","Sendai","Retail","HousingClothingSuper","ZoneC","AHP","OHUFCU",61392.1186543967,1,0,0,0,3
"865381","Sendai","Retail","HousingClothingSuper","ZoneC","AHP","OHUFCU",63666.7421455756,1,0,1,0,3
"867361","Sendai","Retail","LargeDepartment","ZoneC","EHP","MUL",9800.72089195605,0,0,0,0,3
"867377","Sendai","Retail","LargeDepartment","ZoneC","EHP","MUL",4898.45542520171,0,0,0,0,4
"867493","Sendai","Retail","LargeDepartment","ZoneC","ABCH","CAV",77701.968037324,1,0,1,0,3
"867509","Sendai","Retail","LargeDepartment","ZoneC","ABCH","CAV",38835.8806538072,1,0,1,0,4
"870177","Sendai","Retail","LargeGeneral","ZoneC","EHP","MUL",21026.0463576705,0,0,0,0,3
"870193","Sendai","Retail","LargeGeneral","ZoneC","EHP","MUL",10508.9362289469,0,0,0,0,4
"870305","Sendai","Retail","LargeGeneral","ZoneC","ABCH","CAV",54418.6959806916,0,0,0,0,3
"870306","Sendai","Retail","LargeGeneral","ZoneC","ABCH","CAV",42989.5681626826,1,0,0,0,3
"870309","Sendai","Retail","LargeGeneral","ZoneC","ABCH","CAV",69290.2063105613,1,0,1,0,3
"870325","Sendai","Retail","LargeGeneral","ZoneC","ABCH","CAV",83316.8331156237,1,0,1,0,4
"872993","Sendai","Retail","LargeGrocery","ZoneC","EHP","MUL",316117.443016194,0,0,0,0,3
"872994","Sendai","Retail","LargeGrocery","ZoneC","EHP","MUL",166534.22569199,1,0,0,0,3
"872997","Sendai","Retail","LargeGrocery","ZoneC","EHP","MUL",27621.7881436733,1,0,1,0,3
"873057","Sendai","Retail","LargeGrocery","ZoneC","GHP","MUL",75615.1440624634,0,0,0,0,3
"873058","Sendai","Retail","LargeGrocery","ZoneC","GHP","MUL",39834.9086557223,1,0,0,0,3
"873505","Sendai","Retail","LargeGrocery","ZoneC","AHP","CAV",70398.397930818,0,0,0,0,3
"873506","Sendai","Retail","LargeGrocery","ZoneC","AHP","CAV",46773.7683244335,1,0,0,0,3
"875809","Sendai","Retail","MediumDepartment","ZoneC","EHP","MUL",54578.5248209391,0,0,0,0,3
"875825","Sendai","Retail","MediumDepartment","ZoneC","EHP","MUL",36873.2667361632,0,0,0,0,4
"875873","Sendai","Retail","MediumDepartment","ZoneC","GHP","MUL",19196.6888508076,0,0,0,0,3
"875937","Sendai","Retail","MediumDepartment","ZoneC","ABCH","CAV",45956.4876627389,0,0,0,0,3
"875938","Sendai","Retail","MediumDepartment","ZoneC","ABCH","CAV",34450.8982471465,1,0,0,0,3
"875941","Sendai","Retail","MediumDepartment","ZoneC","ABCH","CAV",40561.5684521317,1,0,1,0,3
"876321","Sendai","Retail","MediumDepartment","ZoneC","AHP","CAV",51071.374484749,0,0,0,0,3
"876322","Sendai","Retail","MediumDepartment","ZoneC","AHP","CAV",38285.2305560886,1,0,0,0,3
"876325","Sendai","Retail","MediumDepartment","ZoneC","AHP","CAV",45076.0090133515,1,0,1,0,3
"876337","Sendai","Retail","MediumDepartment","ZoneC","AHP","CAV",48495.0712270745,0,0,0,0,4
"876338","Sendai","Retail","MediumDepartment","ZoneC","AHP","CAV",36353.9262746282,1,0,0,0,4
"876341","Sendai","Retail","MediumDepartment","ZoneC","AHP","CAV",42802.1428792271,1,0,1,0,4
"878625","Sendai","Retail","MediumGeneral","ZoneC","EHP","MUL",77340.6180818621,0,0,0,0,3
"878626","Sendai","Retail","MediumGeneral","ZoneC","EHP","MUL",47715.2094177316,1,0,0,0,3
"878641","Sendai","Retail","MediumGeneral","ZoneC","EHP","MUL",62503.605951196,0,0,0,0,4
"878689","Sendai","Retail","MediumGeneral","ZoneC","GHP","MUL",43985.3920084144,0,0,0,0,3
"878705","Sendai","Retail","MediumGeneral","ZoneC","GHP","MUL",21984.1463182653,0,0,0,0,4
"878753","Sendai","Retail","MediumGeneral","ZoneC","ABCH","CAV",47146.1052981083,0,0,0,0,3
"878757","Sendai","Retail","MediumGeneral","ZoneC","ABCH","CAV",51827.84868331,1,0,1,0,3
"878769","Sendai","Retail","MediumGeneral","ZoneC","ABCH","CAV",52629.6048710868,0,0,0,0,4
"878770","Sendai","Retail","MediumGeneral","ZoneC","ABCH","CAV",39453.3449881423,1,0,0,0,4
"878773","Sendai","Retail","MediumGeneral","ZoneC","ABCH","CAV",46451.3157805588,1,0,1,0,4
"878881","Sendai","Retail","MediumGeneral","ZoneC","ABCH","FCU",73388.6670245159,0,0,0,0,3
"879077","Sendai","Retail","MediumGeneral","ZoneC","ABCH","OHUFCU",59223.0362633311,1,0,1,0,3
"879137","Sendai","Retail","MediumGeneral","ZoneC","AHP","CAV",52393.3947443364,0,0,0,0,3
"879141","Sendai","Retail","MediumGeneral","ZoneC","AHP","CAV",57596.2090112105,1,0,1,0,3
"879153","Sendai","Retail","MediumGeneral","ZoneC","AHP","CAV",58487.1994370219,0,0,0,0,4
"879154","Sendai","Retail","MediumGeneral","ZoneC","AHP","CAV",43844.4419719896,1,0,0,0,4
"879157","Sendai","Retail","MediumGeneral","ZoneC","AHP","CAV",51621.2762156259,1,0,1,0,4
"879265","Sendai","Retail","MediumGeneral","ZoneC","AHP","FCU",81556.7134732208,0,0,0,0,3
"879461","Sendai","Retail","MediumGeneral","ZoneC","AHP","OHUFCU",65814.4696636764,1,0,1,0,3
"880289","Sendai","Retail","MediumGeneral","ZoneC","COM","CAV",51128.7612391511,0,0,0,0,3
"880293","Sendai","Retail","MediumGeneral","ZoneC","COM","CAV",45126.6590278611,1,0,1,0,3
"881441","Sendai","Retail","MediumGrocery","ZoneC","EHP","MUL",342460.563294045,0,0,0,0,3
"881442","Sendai","Retail","MediumGrocery","ZoneC","EHP","MUL",180412.077846951,1,0,0,0,3
"881445","Sendai","Retail","MediumGrocery","ZoneC","EHP","MUL",29923.6038246284,1,0,1,0,3
"881505","Sendai","Retail","MediumGrocery","ZoneC","GHP","MUL",81916.4060740078,0,0,0,0,3
"881506","Sendai","Retail","MediumGrocery","ZoneC","GHP","MUL",43154.484380372,1,0,0,0,3
"881953","Sendai","Retail","MediumGrocery","ZoneC","AHP","CAV",76264.9310976213,0,0,0,0,3
"881954","Sendai","Retail","MediumGrocery","ZoneC","AHP","CAV",50671.5823553909,1,0,0,0,3
"884257","Sendai","Retail","SmallGeneral","ZoneC","EHP","MUL",640700.868406722,0,0,0,0,3
"884258","Sendai","Retail","SmallGeneral","ZoneC","EHP","MUL",354206.575173602,1,0,0,0,3
"884261","Sendai","Retail","SmallGeneral","ZoneC","EHP","MUL",89878.976672063,1,0,1,0,3
"884321","Sendai","Retail","SmallGeneral","ZoneC","GHP","MUL",176201.192213168,0,0,0,0,3
"884322","Sendai","Retail","SmallGeneral","ZoneC","GHP","MUL",97411.4815710106,1,0,0,0,3
"884385","Sendai","Retail","SmallGeneral","ZoneC","ABCH","CAV",60019.98827416,0,0,0,0,3
"884386","Sendai","Retail","SmallGeneral","ZoneC","ABCH","CAV",38957.9608895341,1,0,0,0,3
"884389","Sendai","Retail","SmallGeneral","ZoneC","ABCH","CAV",28430.3958348989,1,0,1,0,3
"884513","Sendai","Retail","SmallGeneral","ZoneC","ABCH","FCU",56133.5401529064,0,0,0,0,3
"884514","Sendai","Retail","SmallGeneral","ZoneC","ABCH","FCU",38192.0398492589,1,0,0,0,3
"884705","Sendai","Retail","SmallGeneral","ZoneC","ABCH","OHUFCU",75458.4039001195,0,0,0,0,3
"884769","Sendai","Retail","SmallGeneral","ZoneC","AHP","CAV",78440.9068803841,0,0,0,0,3
"884770","Sendai","Retail","SmallGeneral","ZoneC","AHP","CAV",38969.2496266459,1,0,0,0,3
"884773","Sendai","Retail","SmallGeneral","ZoneC","AHP","CAV",35609.9896019427,1,0,1,0,3
"884834","Sendai","Retail","SmallGeneral","ZoneC","AHP","VAV",62313.6538678242,1,0,0,0,3
"884897","Sendai","Retail","SmallGeneral","ZoneC","AHP","FCU",72954.6292535921,0,0,0,0,3
"884898","Sendai","Retail","SmallGeneral","ZoneC","AHP","FCU",40332.4088435146,1,0,0,0,3
"885089","Sendai","Retail","SmallGeneral","ZoneC","AHP","OHUFCU",54396.2641148362,0,0,0,0,3
"885093","Sendai","Retail","SmallGeneral","ZoneC","AHP","OHUFCU",36230.8921367708,1,0,1,0,3
"887073","Sendai","Retail","SmallGrocery","ZoneC","EHP","MUL",419156.953014891,0,0,0,0,3
"887074","Sendai","Retail","SmallGrocery","ZoneC","EHP","MUL",209277.427428635,1,0,0,0,3
"887137","Sendai","Retail","SmallGrocery","ZoneC","GHP","MUL",87510.0021090443,0,0,0,0,3
"887138","Sendai","Retail","SmallGrocery","ZoneC","GHP","MUL",43692.1491673419,1,0,0,0,3
"889889","Sendai","Retail","SpecialityShop","ZoneC","EHP","MUL",2574978.20862522,0,0,0,0,3
"889890","Sendai","Retail","SpecialityShop","ZoneC","EHP","MUL",1121836.60687433,1,0,0,0,3
"889893","Sendai","Retail","SpecialityShop","ZoneC","EHP","MUL",43368.3019058755,1,0,1,0,3
"889953","Sendai","Retail","SpecialityShop","ZoneC","GHP","MUL",504627.420429545,0,0,0,0,3
"889954","Sendai","Retail","SpecialityShop","ZoneC","GHP","MUL",219850.215110236,1,0,0,0,3
"892705","Sendai","Retail","SuperDrugStore","ZoneC","EHP","MUL",159080.260886155,0,0,0,0,3
"892706","Sendai","Retail","SuperDrugStore","ZoneC","EHP","MUL",83805.2712839337,1,0,0,0,3
"892769","Sendai","Retail","SuperDrugStore","ZoneC","GHP","MUL",54953.1768054757,0,0,0,0,3
"893217","Sendai","Retail","SuperDrugStore","ZoneC","AHP","CAV",55772.8872122997,0,0,0,0,3
"895489","Tokyo","Retail","ConvenienceDrug","ZoneC","EHP","MUL",1114653.877518,0,0,0,0,1
"895490","Tokyo","Retail","ConvenienceDrug","ZoneC","EHP","MUL",541510.529008945,1,0,0,0,1
"895493","Tokyo","Retail","ConvenienceDrug","ZoneC","EHP","MUL",42518.995491518,1,0,1,0,1
"895505","Tokyo","Retail","ConvenienceDrug","ZoneC","EHP","MUL",566865.116798928,0,0,0,0,2
"895506","Tokyo","Retail","ConvenienceDrug","ZoneC","EHP","MUL",275389.01130279,1,0,0,0,2
"895553","Tokyo","Retail","ConvenienceDrug","ZoneC","GHP","MUL",228012.58492277,0,0,0,0,1
"895554","Tokyo","Retail","ConvenienceDrug","ZoneC","GHP","MUL",110770.902046435,1,0,0,0,1
"895569","Tokyo","Retail","ConvenienceDrug","ZoneC","GHP","MUL",113054.93459355,0,0,0,0,2
"895570","Tokyo","Retail","ConvenienceDrug","ZoneC","GHP","MUL",54923.2714061376,1,0,0,0,2
"896001","Tokyo","Retail","ConvenienceDrug","ZoneC","AHP","CAV",65758.9696367591,0,0,0,0,1
"898305","Tokyo","Retail","ConvenienceStore","ZoneC","EHP","MUL",1256796.75075368,0,0,0,0,1
"898306","Tokyo","Retail","ConvenienceStore","ZoneC","EHP","MUL",551052.601993075,1,0,0,0,1
"898321","Tokyo","Retail","ConvenienceStore","ZoneC","EHP","MUL",603671.122527632,0,0,0,0,2
"898322","Tokyo","Retail","ConvenienceStore","ZoneC","EHP","MUL",264684.438925741,1,0,0,0,2
"898369","Tokyo","Retail","ConvenienceStore","ZoneC","GHP","MUL",244714.721383444,0,0,0,0,1
"898370","Tokyo","Retail","ConvenienceStore","ZoneC","GHP","MUL",107297.129693795,1,0,0,0,1
"898385","Tokyo","Retail","ConvenienceStore","ZoneC","GHP","MUL",117542.642012713,0,0,0,0,2
"898386","Tokyo","Retail","ConvenienceStore","ZoneC","GHP","MUL",51537.5128774031,1,0,0,0,2
"901121","Tokyo","Retail","HomeCenter","ZoneC","EHP","MUL",990740.271417181,0,0,0,0,1
"901122","Tokyo","Retail","HomeCenter","ZoneC","EHP","MUL",555480.073551523,1,0,0,0,1
"901125","Tokyo","Retail","HomeCenter","ZoneC","EHP","MUL",135623.929662129,1,0,1,0,1
"901137","Tokyo","Retail","HomeCenter","ZoneC","EHP","MUL",1055378.97506123,0,0,0,0,2
"901138","Tokyo","Retail","HomeCenter","ZoneC","EHP","MUL",591721.1681051,1,0,0,0,2
"901141","Tokyo","Retail","HomeCenter","ZoneC","EHP","MUL",144472.419270742,1,0,1,0,2
"901185","Tokyo","Retail","HomeCenter","ZoneC","GHP","MUL",251753.782499072,0,0,0,0,1
"901186","Tokyo","Retail","HomeCenter","ZoneC","GHP","MUL",141151.231714264,1,0,0,0,1
"901189","Tokyo","Retail","HomeCenter","ZoneC","GHP","MUL",34462.9548983496,1,0,1,0,1
"901201","Tokyo","Retail","HomeCenter","ZoneC","GHP","MUL",268178.912886621,0,0,0,0,2
"901202","Tokyo","Retail","HomeCenter","ZoneC","GHP","MUL",150360.338176362,1,0,0,0,2
"901205","Tokyo","Retail","HomeCenter","ZoneC","GHP","MUL",36711.4157640675,1,0,1,0,2
"901249","Tokyo","Retail","HomeCenter","ZoneC","ABCH","CAV",74215.5147259863,0,0,0,0,1
"901250","Tokyo","Retail","HomeCenter","ZoneC","ABCH","CAV",37377.1210591427,1,0,0,0,1
"901253","Tokyo","Retail","HomeCenter","ZoneC","ABCH","CAV",32815.4742144929,1,0,1,0,1
"901265","Tokyo","Retail","HomeCenter","ZoneC","ABCH","CAV",79057.54527684,0,0,0,0,2
"901266","Tokyo","Retail","HomeCenter","ZoneC","ABCH","CAV",39815.7103856402,1,0,0,0,2
"901269","Tokyo","Retail","HomeCenter","ZoneC","ABCH","CAV",34956.4487704733,1,0,1,0,2
"901314","Tokyo","Retail","HomeCenter","ZoneC","ABCH","VAV",75320.8361415712,1,0,0,0,1
"901330","Tokyo","Retail","HomeCenter","ZoneC","ABCH","VAV",80234.980994704,1,0,0,0,2
"901377","Tokyo","Retail","HomeCenter","ZoneC","ABCH","FCU",49839.3520411849,0,0,0,0,1
"901378","Tokyo","Retail","HomeCenter","ZoneC","ABCH","FCU",27943.5163143179,1,0,0,0,1
"901393","Tokyo","Retail","HomeCenter","ZoneC","ABCH","FCU",53091.0126421949,0,0,0,0,2
"901394","Tokyo","Retail","HomeCenter","ZoneC","ABCH","FCU",29766.6305269156,1,0,0,0,2
"901569","Tokyo","Retail","HomeCenter","ZoneC","ABCH","OHUFCU",72213.7334966223,0,0,0,0,1
"901585","Tokyo","Retail","HomeCenter","ZoneC","ABCH","OHUFCU",76925.1621658545,0,0,0,0,2
"901633","Tokyo","Retail","HomeCenter","ZoneC","AHP","CAV",118603.207497759,0,0,0,0,1
"901634","Tokyo","Retail","HomeCenter","ZoneC","AHP","CAV",59732.071670105,1,0,0,0,1
"901637","Tokyo","Retail","HomeCenter","ZoneC","AHP","CAV",52442.141131389,1,0,1,0,1
"901649","Tokyo","Retail","HomeCenter","ZoneC","AHP","CAV",126341.216945698,0,0,0,0,2
"901650","Tokyo","Retail","HomeCenter","ZoneC","AHP","CAV",63629.1613414528,1,0,0,0,2
"901653","Tokyo","Retail","HomeCenter","ZoneC","AHP","CAV",55863.6150704688,1,0,1,0,2
"901698","Tokyo","Retail","HomeCenter","ZoneC","AHP","VAV",120369.612617879,1,0,0,0,1
"901714","Tokyo","Retail","HomeCenter","ZoneC","AHP","VAV",128222.867342879,1,0,0,0,2
"901761","Tokyo","Retail","HomeCenter","ZoneC","AHP","FCU",79647.8611449251,0,0,0,0,1
"901762","Tokyo","Retail","HomeCenter","ZoneC","AHP","FCU",44656.3050311041,1,0,0,0,1
"901777","Tokyo","Retail","HomeCenter","ZoneC","AHP","FCU",84844.3133745938,0,0,0,0,2
"901778","Tokyo","Retail","HomeCenter","ZoneC","AHP","FCU",47569.8089533929,1,0,0,0,2
"901953","Tokyo","Retail","HomeCenter","ZoneC","AHP","OHUFCU",50233.1502008705,0,0,0,0,1
"901954","Tokyo","Retail","HomeCenter","ZoneC","AHP","OHUFCU",32700.3387646472,1,0,0,0,1
"901957","Tokyo","Retail","HomeCenter","ZoneC","AHP","OHUFCU",32470.6883107574,1,0,1,0,1
"901969","Tokyo","Retail","HomeCenter","ZoneC","AHP","OHUFCU",53510.5033100723,0,0,0,0,2
"901970","Tokyo","Retail","HomeCenter","ZoneC","AHP","OHUFCU",34833.8015575186,1,0,0,0,2
"901973","Tokyo","Retail","HomeCenter","ZoneC","AHP","OHUFCU",34589.1680570534,1,0,1,0,2
"902785","Tokyo","Retail","HomeCenter","ZoneC","COM","CAV",46709.3415769877,0,0,0,0,1
"902786","Tokyo","Retail","HomeCenter","ZoneC","COM","CAV",36132.7857404894,1,0,0,0,1
"902801","Tokyo","Retail","HomeCenter","ZoneC","COM","CAV",49756.791423035,0,0,0,0,2
"902802","Tokyo","Retail","HomeCenter","ZoneC","COM","CAV",38490.1911036247,1,0,0,0,2
"903169","Tokyo","Retail","HomeCenter","ZoneC","AHP+TESICE","CAV",61330.3386574428,0,0,0,0,1
"903185","Tokyo","Retail","HomeCenter","ZoneC","AHP+TESICE","CAV",65331.7037974672,0,0,0,0,2
"903937","Tokyo","Retail","HousingClothingSuper","ZoneC","EHP","MUL",2112945.02481962,0,0,0,0,1
"903938","Tokyo","Retail","HousingClothingSuper","ZoneC","EHP","MUL",1184668.5671899,1,0,0,0,1
"903941","Tokyo","Retail","HousingClothingSuper","ZoneC","EHP","MUL",289244.230494607,1,0,1,0,1
"903944","Tokyo","Retail","HousingClothingSuper","ZoneC","EHP","MUL",38523.6265998741,1,0,1,1,1
"903953","Tokyo","Retail","HousingClothingSuper","ZoneC","EHP","MUL",2250799.54755957,0,0,0,0,2
"903954","Tokyo","Retail","HousingClothingSuper","ZoneC","EHP","MUL",1261959.70255625,1,0,0,0,2
"903957","Tokyo","Retail","HousingClothingSuper","ZoneC","EHP","MUL",308115.343979219,1,0,1,0,2
"903960","Tokyo","Retail","HousingClothingSuper","ZoneC","EHP","MUL",41037.0171977155,1,0,1,1,2
"904001","Tokyo","Retail","HousingClothingSuper","ZoneC","GHP","MUL",542680.143804776,0,0,0,0,1
"904002","Tokyo","Retail","HousingClothingSuper","ZoneC","GHP","MUL",304265.421415069,1,0,0,0,1
"904005","Tokyo","Retail","HousingClothingSuper","ZoneC","GHP","MUL",74288.3031767073,1,0,1,0,1
"904017","Tokyo","Retail","HousingClothingSuper","ZoneC","GHP","MUL",578086.134659196,0,0,0,0,2
"904018","Tokyo","Retail","HousingClothingSuper","ZoneC","GHP","MUL",324116.559974164,1,0,0,0,2
"904021","Tokyo","Retail","HousingClothingSuper","ZoneC","GHP","MUL",79135.0826524107,1,0,1,0,2
"904065","Tokyo","Retail","HousingClothingSuper","ZoneC","ABCH","CAV",159978.872230816,0,0,0,0,1
"904066","Tokyo","Retail","HousingClothingSuper","ZoneC","ABCH","CAV",80570.0761674111,1,0,0,0,1
"904069","Tokyo","Retail","HousingClothingSuper","ZoneC","ABCH","CAV",70736.9958415962,1,0,1,0,1
"904081","Tokyo","Retail","HousingClothingSuper","ZoneC","ABCH","CAV",166856.373086071,0,0,0,0,2
"904082","Tokyo","Retail","HousingClothingSuper","ZoneC","ABCH","CAV",84033.7883440405,1,0,0,0,2
"904085","Tokyo","Retail","HousingClothingSuper","ZoneC","ABCH","CAV",73777.9833333497,1,0,1,0,2
"904129","Tokyo","Retail","HousingClothingSuper","ZoneC","ABCH","VAV",41627.3104555463,0,0,0,0,1
"904130","Tokyo","Retail","HousingClothingSuper","ZoneC","ABCH","VAV",120734.191258751,1,0,0,0,1
"904145","Tokyo","Retail","HousingClothingSuper","ZoneC","ABCH","VAV",43416.8709097976,0,0,0,0,2
"904146","Tokyo","Retail","HousingClothingSuper","ZoneC","ABCH","VAV",125924.561037346,1,0,0,0,2
"904193","Tokyo","Retail","HousingClothingSuper","ZoneC","ABCH","FCU",107433.64593915,0,0,0,0,1
"904194","Tokyo","Retail","HousingClothingSuper","ZoneC","ABCH","FCU",60235.009386288,1,0,0,0,1
"904209","Tokyo","Retail","HousingClothingSuper","ZoneC","ABCH","FCU",112052.224514724,0,0,0,0,2
"904210","Tokyo","Retail","HousingClothingSuper","ZoneC","ABCH","FCU",62824.5158804506,1,0,0,0,2
"904385","Tokyo","Retail","HousingClothingSuper","ZoneC","ABCH","OHUFCU",67757.3809956898,0,0,0,0,1
"904386","Tokyo","Retail","HousingClothingSuper","ZoneC","ABCH","OHUFCU",44108.1099533734,1,0,0,0,1
"904389","Tokyo","Retail","HousingClothingSuper","ZoneC","ABCH","OHUFCU",43798.344126667,1,0,1,0,1
"904401","Tokyo","Retail","HousingClothingSuper","ZoneC","ABCH","OHUFCU",70670.2746750209,0,0,0,0,2
"904402","Tokyo","Retail","HousingClothingSuper","ZoneC","ABCH","OHUFCU",46004.3201197406,1,0,0,0,2
"904405","Tokyo","Retail","HousingClothingSuper","ZoneC","ABCH","OHUFCU",45681.2374424501,1,0,1,0,2
"904449","Tokyo","Retail","HousingClothingSuper","ZoneC","AHP","CAV",255660.928156377,0,0,0,0,1
"904450","Tokyo","Retail","HousingClothingSuper","ZoneC","AHP","CAV",128758.380199548,1,0,0,0,1
"904453","Tokyo","Retail","HousingClothingSuper","ZoneC","AHP","CAV",113044.214899601,1,0,1,0,1
"904465","Tokyo","Retail","HousingClothingSuper","ZoneC","AHP","CAV",266651.806061267,0,0,0,0,2
"904466","Tokyo","Retail","HousingClothingSuper","ZoneC","AHP","CAV",134293.710319052,1,0,0,0,2
"904469","Tokyo","Retail","HousingClothingSuper","ZoneC","AHP","CAV",117903.992155263,1,0,1,0,2
"904513","Tokyo","Retail","HousingClothingSuper","ZoneC","AHP","VAV",55931.7827789411,0,0,0,0,1
"904514","Tokyo","Retail","HousingClothingSuper","ZoneC","AHP","VAV",162222.312361183,1,0,0,0,1
"904517","Tokyo","Retail","HousingClothingSuper","ZoneC","AHP","VAV",41314.4937198522,1,0,1,0,1
"904529","Tokyo","Retail","HousingClothingSuper","ZoneC","AHP","VAV",58336.2933154518,0,0,0,0,2
"904530","Tokyo","Retail","HousingClothingSuper","ZoneC","AHP","VAV",169196.258835789,1,0,0,0,2
"904533","Tokyo","Retail","HousingClothingSuper","ZoneC","AHP","VAV",43090.6061647676,1,0,1,0,2
"904577","Tokyo","Retail","HousingClothingSuper","ZoneC","AHP","FCU",171688.831487686,0,0,0,0,1
"904578","Tokyo","Retail","HousingClothingSuper","ZoneC","AHP","FCU",96261.076181284,1,0,0,0,1
"904593","Tokyo","Retail","HousingClothingSuper","ZoneC","AHP","FCU",179069.744160271,0,0,0,0,2
"904594","Tokyo","Retail","HousingClothingSuper","ZoneC","AHP","FCU",100399.345344786,1,0,0,0,2
"904769","Tokyo","Retail","HousingClothingSuper","ZoneC","AHP","OHUFCU",108282.516767651,0,0,0,0,1
"904770","Tokyo","Retail","HousingClothingSuper","ZoneC","AHP","OHUFCU",70488.8100075679,1,0,0,0,1
"904773","Tokyo","Retail","HousingClothingSuper","ZoneC","AHP","OHUFCU",69993.7757717179,1,0,1,0,1
"904785","Tokyo","Retail","HousingClothingSuper","ZoneC","AHP","OHUFCU",112937.588348629,0,0,0,0,2
"904786","Tokyo","Retail","HousingClothingSuper","ZoneC","AHP","OHUFCU",73519.1279761403,1,0,0,0,2
"904789","Tokyo","Retail","HousingClothingSuper","ZoneC","AHP","OHUFCU",73002.8121902146,1,0,1,0,2
"905601","Tokyo","Retail","HousingClothingSuper","ZoneC","COM","CAV",81341.8230533132,0,0,0,0,1
"905602","Tokyo","Retail","HousingClothingSuper","ZoneC","COM","CAV",62923.3160840394,1,0,0,0,1
"905605","Tokyo","Retail","HousingClothingSuper","ZoneC","COM","CAV",34309.2485817586,1,0,1,0,1
"905617","Tokyo","Retail","HousingClothingSuper","ZoneC","COM","CAV",84838.7126726501,0,0,0,0,2
"905618","Tokyo","Retail","HousingClothingSuper","ZoneC","COM","CAV",65628.3930366954,1,0,0,0,2
"905621","Tokyo","Retail","HousingClothingSuper","ZoneC","COM","CAV",35784.2051380453,1,0,1,0,2
"905985","Tokyo","Retail","HousingClothingSuper","ZoneC","AHP+TESICE","CAV",74541.0991873446,0,0,0,0,1
"905986","Tokyo","Retail","HousingClothingSuper","ZoneC","AHP+TESICE","CAV",57662.5033636492,1,0,0,0,1
"906001","Tokyo","Retail","HousingClothingSuper","ZoneC","AHP+TESICE","CAV",77745.6252992238,0,0,0,0,2
"906002","Tokyo","Retail","HousingClothingSuper","ZoneC","AHP+TESICE","CAV",60141.417676956,1,0,0,0,2
"906385","Tokyo","Retail","HousingClothingSuper","ZoneC","COM+TESICE","CAV",52992.8766058295,0,0,0,0,2
"906785","Tokyo","Retail","LargeDepartment","ZoneC","EHP","MUL",61424.2409025026,0,0,0,0,3
"906849","Tokyo","Retail","LargeDepartment","ZoneC","GHP","MUL",26441.6298118431,0,0,0,0,3
"906913","Tokyo","Retail","LargeDepartment","ZoneC","ABCH","CAV",51079.692476307,0,0,0,0,3
"906914","Tokyo","Retail","LargeDepartment","ZoneC","ABCH","CAV",46713.2588226752,1,0,0,0,3
"906917","Tokyo","Retail","LargeDepartment","ZoneC","ABCH","CAV",67987.5623595573,1,0,1,0,3
"907297","Tokyo","Retail","LargeDepartment","ZoneC","AHP","CAV",62061.6432639717,0,0,0,0,3
"907301","Tokyo","Retail","LargeDepartment","ZoneC","AHP","CAV",82604.644565999,1,0,1,0,3
"908449","Tokyo","Retail","LargeDepartment","ZoneC","COM","CAV",66230.4521327007,0,0,0,0,3
"908450","Tokyo","Retail","LargeDepartment","ZoneC","COM","CAV",60568.8895612031,1,0,0,0,3
"908453","Tokyo","Retail","LargeDepartment","ZoneC","COM","CAV",88153.3692976377,1,0,1,0,3
"908837","Tokyo","Retail","LargeDepartment","ZoneC","AHP+TESICE","CAV",104073.218446397,1,0,1,0,3
"909221","Tokyo","Retail","LargeDepartment","ZoneC","COM+TESICE","CAV",70705.4183216587,1,0,1,0,3
"909601","Tokyo","Retail","LargeGeneral","ZoneC","EHP","MUL",64463.4140432917,0,0,0,0,3
"909602","Tokyo","Retail","LargeGeneral","ZoneC","EHP","MUL",43702.1030895725,1,0,0,0,3
"909665","Tokyo","Retail","LargeGeneral","ZoneC","GHP","MUL",46562.603304671,0,0,0,0,3
"909733","Tokyo","Retail","LargeGeneral","ZoneC","ABCH","CAV",116418.10293461,1,0,1,0,3
"909796","Tokyo","Retail","LargeGeneral","ZoneC","ABCH","VAV",64644.3140643682,0,0,0,1,3
"909857","Tokyo","Retail","LargeGeneral","ZoneC","ABCH","FCU",56193.8134983441,0,0,0,0,3
"910053","Tokyo","Retail","LargeGeneral","ZoneC","ABCH","OHUFCU",54676.3148130946,1,0,1,0,3
"910113","Tokyo","Retail","LargeGeneral","ZoneC","AHP","CAV",71424.8360061644,0,0,0,0,3
"910117","Tokyo","Retail","LargeGeneral","ZoneC","AHP","CAV",92373.156584665,1,0,1,0,3
"910178","Tokyo","Retail","LargeGeneral","ZoneC","AHP","VAV",90953.2848349374,1,0,0,0,3
"911269","Tokyo","Retail","LargeGeneral","ZoneC","COM","CAV",150948.903957614,1,0,1,0,3
"911332","Tokyo","Retail","LargeGeneral","ZoneC","COM","VAV",83818.4793355465,0,0,0,1,3
"911393","Tokyo","Retail","LargeGeneral","ZoneC","COM","FCU",72861.4737996374,0,0,0,0,3
"911589","Tokyo","Retail","LargeGeneral","ZoneC","COM","OHUFCU",70893.8694707455,1,0,1,0,3
"911649","Tokyo","Retail","LargeGeneral","ZoneC","AHP+TESICE","CAV",56468.0526751552,0,0,0,0,3
"911650","Tokyo","Retail","LargeGeneral","ZoneC","AHP+TESICE","CAV",51641.0070606927,1,0,0,0,3
"911653","Tokyo","Retail","LargeGeneral","ZoneC","AHP+TESICE","CAV",75159.5216505195,1,0,1,0,3
"912037","Tokyo","Retail","LargeGeneral","ZoneC","COM+TESICE","CAV",124509.282076388,1,0,1,0,3
"912385","Tokyo","Retail","LargeGrocery","ZoneC","EHP","MUL",594786.694064018,0,0,0,0,1
"912386","Tokyo","Retail","LargeGrocery","ZoneC","EHP","MUL",317094.165434935,1,0,0,0,1
"912389","Tokyo","Retail","LargeGrocery","ZoneC","EHP","MUL",50670.9240963816,1,0,1,0,1
"912401","Tokyo","Retail","LargeGrocery","ZoneC","EHP","MUL",633592.263957758,0,0,0,0,2
"912402","Tokyo","Retail","LargeGrocery","ZoneC","EHP","MUL",337782.287618043,1,0,0,0,2
"912405","Tokyo","Retail","LargeGrocery","ZoneC","EHP","MUL",53976.8388154335,1,0,1,0,2
"912449","Tokyo","Retail","LargeGrocery","ZoneC","GHP","MUL",140524.059806853,0,0,0,0,1
"912450","Tokyo","Retail","LargeGrocery","ZoneC","GHP","MUL",74916.537159769,1,0,0,0,1
"912465","Tokyo","Retail","LargeGrocery","ZoneC","GHP","MUL",149692.247795941,0,0,0,0,2
"912466","Tokyo","Retail","LargeGrocery","ZoneC","GHP","MUL",79804.3044013099,1,0,0,0,2
"912513","Tokyo","Retail","LargeGrocery","ZoneC","ABCH","CAV",45207.63782976,0,0,0,0,1
"912514","Tokyo","Retail","LargeGrocery","ZoneC","ABCH","CAV",33708.6875928756,1,0,0,0,1
"912529","Tokyo","Retail","LargeGrocery","ZoneC","ABCH","CAV",48157.1122666323,0,0,0,0,2
"912530","Tokyo","Retail","LargeGrocery","ZoneC","ABCH","CAV",35907.9379215501,1,0,0,0,2
"912897","Tokyo","Retail","LargeGrocery","ZoneC","AHP","CAV",86765.719101472,0,0,0,0,1
"912898","Tokyo","Retail","LargeGrocery","ZoneC","AHP","CAV",64696.1146250679,1,0,0,0,1
"912913","Tokyo","Retail","LargeGrocery","ZoneC","AHP","CAV",92426.560560394,0,0,0,0,2
"912914","Tokyo","Retail","LargeGrocery","ZoneC","AHP","CAV",68917.0725297957,1,0,0,0,2
"915233","Tokyo","Retail","MediumDepartment","ZoneC","EHP","MUL",284509.041497908,0,0,0,0,3
"915234","Tokyo","Retail","MediumDepartment","ZoneC","EHP","MUL",177593.891687038,1,0,0,0,3
"915237","Tokyo","Retail","MediumDepartment","ZoneC","EHP","MUL",91181.8081259406,1,0,1,0,3
"915297","Tokyo","Retail","MediumDepartment","ZoneC","GHP","MUL",99843.8148578556,0,0,0,0,3
"915298","Tokyo","Retail","MediumDepartment","ZoneC","GHP","MUL",62323.6841547513,1,0,0,0,3
"915301","Tokyo","Retail","MediumDepartment","ZoneC","GHP","MUL",31998.7706576904,1,0,1,0,3
"915361","Tokyo","Retail","MediumDepartment","ZoneC","ABCH","CAV",100440.841342621,0,0,0,0,3
"915362","Tokyo","Retail","MediumDepartment","ZoneC","ABCH","CAV",56698.9867525137,1,0,0,0,3
"915365","Tokyo","Retail","MediumDepartment","ZoneC","ABCH","CAV",99529.8219707193,1,0,1,0,3
"915426","Tokyo","Retail","MediumDepartment","ZoneC","ABCH","VAV",134799.102023732,1,0,0,0,3
"915489","Tokyo","Retail","MediumDepartment","ZoneC","ABCH","FCU",81553.4976784261,0,0,0,0,3
"915490","Tokyo","Retail","MediumDepartment","ZoneC","ABCH","FCU",50906.6529385077,1,0,0,0,3
"915681","Tokyo","Retail","MediumDepartment","ZoneC","ABCH","OHUFCU",40823.8960795233,0,0,0,0,3
"915682","Tokyo","Retail","MediumDepartment","ZoneC","ABCH","OHUFCU",29792.3486364691,1,0,0,0,3
"915685","Tokyo","Retail","MediumDepartment","ZoneC","ABCH","OHUFCU",55223.5367927671,1,0,1,0,3
"915745","Tokyo","Retail","MediumDepartment","ZoneC","AHP","CAV",88948.8184634521,0,0,0,0,3
"915746","Tokyo","Retail","MediumDepartment","ZoneC","AHP","CAV",50211.7247555449,1,0,0,0,3
"915749","Tokyo","Retail","MediumDepartment","ZoneC","AHP","CAV",88142.0341350382,1,0,1,0,3
"915753","Tokyo","Retail","MediumDepartment","ZoneC","AHP","CAV",31720.5891641564,0,1,0,0,3
"915757","Tokyo","Retail","MediumDepartment","ZoneC","AHP","CAV",31432.8768070078,1,1,1,0,3
"915810","Tokyo","Retail","MediumDepartment","ZoneC","AHP","VAV",78814.7371379419,1,0,0,0,3
"915812","Tokyo","Retail","MediumDepartment","ZoneC","AHP","VAV",36118.0365340606,0,0,0,1,3
"915813","Tokyo","Retail","MediumDepartment","ZoneC","AHP","VAV",37610.4421213623,1,0,1,0,3
"915873","Tokyo","Retail","MediumDepartment","ZoneC","AHP","FCU",92288.6918999926,0,0,0,0,3
"915874","Tokyo","Retail","MediumDepartment","ZoneC","AHP","FCU",57607.6874989093,1,0,0,0,3
"916065","Tokyo","Retail","MediumDepartment","ZoneC","AHP","OHUFCU",46197.699359216,0,0,0,0,3
"916066","Tokyo","Retail","MediumDepartment","ZoneC","AHP","OHUFCU",33714.0277554963,1,0,0,0,3
"916069","Tokyo","Retail","MediumDepartment","ZoneC","AHP","OHUFCU",62492.8190424358,1,0,1,0,3
"916897","Tokyo","Retail","MediumDepartment","ZoneC","COM","CAV",86011.2600005675,0,0,0,0,3
"916901","Tokyo","Retail","MediumDepartment","ZoneC","COM","CAV",85231.1199398639,1,0,1,0,3
"916962","Tokyo","Retail","MediumDepartment","ZoneC","COM","VAV",89933.9639043975,1,0,0,0,3
"917025","Tokyo","Retail","MediumDepartment","ZoneC","COM","FCU",54410.0754855006,0,0,0,0,3
"917026","Tokyo","Retail","MediumDepartment","ZoneC","COM","FCU",33963.409393183,1,0,0,0,3
"917221","Tokyo","Retail","MediumDepartment","ZoneC","COM","OHUFCU",83956.5709121238,1,0,1,0,3
"917281","Tokyo","Retail","MediumDepartment","ZoneC","AHP+TESICE","CAV",52187.4553654698,0,0,0,0,3
"917285","Tokyo","Retail","MediumDepartment","ZoneC","AHP+TESICE","CAV",51714.1042647359,1,0,1,0,3
"917346","Tokyo","Retail","MediumDepartment","ZoneC","AHP+TESICE","VAV",54567.5615851872,1,0,0,0,3
"917409","Tokyo","Retail","MediumDepartment","ZoneC","AHP+TESICE","FCU",53620.7386982461,0,0,0,0,3
"917605","Tokyo","Retail","MediumDepartment","ZoneC","AHP+TESICE","OHUFCU",50940.7698141554,1,0,1,0,3
"917665","Tokyo","Retail","MediumDepartment","ZoneC","COM+TESICE","CAV",49624.6439720706,0,0,0,0,3
"917666","Tokyo","Retail","MediumDepartment","ZoneC","COM+TESICE","CAV",42212.2863123843,1,0,0,0,3
"917669","Tokyo","Retail","MediumDepartment","ZoneC","COM+TESICE","CAV",43652.7118242845,1,0,1,0,3
"918049","Tokyo","Retail","MediumGeneral","ZoneC","EHP","MUL",397212.623229695,0,0,0,0,3
"918050","Tokyo","Retail","MediumGeneral","ZoneC","EHP","MUL",247944.793652884,1,0,0,0,3
"918053","Tokyo","Retail","MediumGeneral","ZoneC","EHP","MUL",127301.983113945,1,0,1,0,3
"918056","Tokyo","Retail","MediumGeneral","ZoneC","EHP","MUL",33693.4588180355,1,0,1,1,3
"918113","Tokyo","Retail","MediumGeneral","ZoneC","GHP","MUL",145475.504334187,0,0,0,0,3
"918114","Tokyo","Retail","MediumGeneral","ZoneC","GHP","MUL",90807.5217006166,1,0,0,0,3
"918117","Tokyo","Retail","MediumGeneral","ZoneC","GHP","MUL",46623.1914929208,1,0,1,0,3
"918177","Tokyo","Retail","MediumGeneral","ZoneC","ABCH","CAV",102769.074003657,0,0,0,0,3
"918178","Tokyo","Retail","MediumGeneral","ZoneC","ABCH","CAV",58013.2771451497,1,0,0,0,3
"918181","Tokyo","Retail","MediumGeneral","ZoneC","ABCH","CAV",101836.937076107,1,0,1,0,3
"918184","Tokyo","Retail","MediumGeneral","ZoneC","ABCH","CAV",31188.1705298917,1,0,1,1,3
"918185","Tokyo","Retail","MediumGeneral","ZoneC","ABCH","CAV",36649.1161047883,0,1,0,0,3
"918189","Tokyo","Retail","MediumGeneral","ZoneC","ABCH","CAV",36316.7009807389,1,1,1,0,3
"918242","Tokyo","Retail","MediumGeneral","ZoneC","ABCH","VAV",99523.2841212146,1,0,0,0,3
"918244","Tokyo","Retail","MediumGeneral","ZoneC","ABCH","VAV",45608.0390852344,0,0,0,1,3
"918245","Tokyo","Retail","MediumGeneral","ZoneC","ABCH","VAV",47492.5737634273,1,0,1,0,3
"918305","Tokyo","Retail","MediumGeneral","ZoneC","ABCH","FCU",97332.031838427,0,0,0,0,3
"918306","Tokyo","Retail","MediumGeneral","ZoneC","ABCH","FCU",60755.7996364064,1,0,0,0,3
"918309","Tokyo","Retail","MediumGeneral","ZoneC","ABCH","FCU",31193.7736842175,1,0,1,0,3
"918497","Tokyo","Retail","MediumGeneral","ZoneC","ABCH","OHUFCU",58336.1300948921,0,0,0,0,3
"918498","Tokyo","Retail","MediumGeneral","ZoneC","ABCH","OHUFCU",42572.3777687448,1,0,0,0,3
"918501","Tokyo","Retail","MediumGeneral","ZoneC","ABCH","OHUFCU",78912.7872647803,1,0,1,0,3
"918561","Tokyo","Retail","MediumGeneral","ZoneC","AHP","CAV",116296.95448464,0,0,0,0,3
"918562","Tokyo","Retail","MediumGeneral","ZoneC","AHP","CAV",65649.7834301217,1,0,0,0,3
"918565","Tokyo","Retail","MediumGeneral","ZoneC","AHP","CAV",115242.116860697,1,0,1,0,3
"918568","Tokyo","Retail","MediumGeneral","ZoneC","AHP","CAV",35293.5869446961,1,0,1,1,3
"918569","Tokyo","Retail","MediumGeneral","ZoneC","AHP","CAV",41473.3773643727,0,1,0,0,3
"918573","Tokyo","Retail","MediumGeneral","ZoneC","AHP","CAV",41097.2051848882,1,1,1,0,3
"918626","Tokyo","Retail","MediumGeneral","ZoneC","AHP","VAV",112623.909048697,1,0,0,0,3
"918628","Tokyo","Retail","MediumGeneral","ZoneC","AHP","VAV",51611.597137096,0,0,0,1,3
"918629","Tokyo","Retail","MediumGeneral","ZoneC","AHP","VAV",53744.2002165664,1,0,1,0,3
"918689","Tokyo","Retail","MediumGeneral","ZoneC","AHP","FCU",110144.21397052,0,0,0,0,3
"918690","Tokyo","Retail","MediumGeneral","ZoneC","AHP","FCU",68753.3144916882,1,0,0,0,3
"918693","Tokyo","Retail","MediumGeneral","ZoneC","AHP","FCU",35299.9276633404,1,0,1,0,3
"918881","Tokyo","Retail","MediumGeneral","ZoneC","AHP","OHUFCU",66015.1347302618,0,0,0,0,3
"918882","Tokyo","Retail","MediumGeneral","ZoneC","AHP","OHUFCU",48176.3402820813,1,0,0,0,3
"918885","Tokyo","Retail","MediumGeneral","ZoneC","AHP","OHUFCU",89300.3748234764,1,0,1,0,3
"918945","Tokyo","Retail","MediumGeneral","ZoneC","TB","CAV",62212.8751748069,0,0,0,0,3
"919713","Tokyo","Retail","MediumGeneral","ZoneC","COM","CAV",95756.9366566632,0,0,0,0,3
"919714","Tokyo","Retail","MediumGeneral","ZoneC","COM","CAV",54054.9164103188,1,0,0,0,3
"919717","Tokyo","Retail","MediumGeneral","ZoneC","COM","CAV",94888.4012768115,1,0,1,0,3
"919778","Tokyo","Retail","MediumGeneral","ZoneC","COM","VAV",128512.952513314,1,0,0,0,3
"919841","Tokyo","Retail","MediumGeneral","ZoneC","COM","FCU",77750.3753147935,0,0,0,0,3
"919842","Tokyo","Retail","MediumGeneral","ZoneC","COM","FCU",48532.6992055664,1,0,0,0,3
"920033","Tokyo","Retail","MediumGeneral","ZoneC","COM","OHUFCU",50992.5283433961,0,0,0,0,3
"920037","Tokyo","Retail","MediumGeneral","ZoneC","COM","OHUFCU",68978.907834821,1,0,1,0,3
"920097","Tokyo","Retail","MediumGeneral","ZoneC","AHP+TESICE","CAV",74574.3174436617,0,0,0,0,3
"920101","Tokyo","Retail","MediumGeneral","ZoneC","AHP+TESICE","CAV",73897.9128364388,1,0,1,0,3
"920162","Tokyo","Retail","MediumGeneral","ZoneC","AHP+TESICE","VAV",77975.4182548785,1,0,0,0,3
"920225","Tokyo","Retail","MediumGeneral","ZoneC","AHP+TESICE","FCU",76622.4365844902,0,0,0,0,3
"920421","Tokyo","Retail","MediumGeneral","ZoneC","AHP+TESICE","OHUFCU",72792.8409680396,1,0,1,0,3
"920481","Tokyo","Retail","MediumGeneral","ZoneC","COM+TESICE","CAV",70912.1363876746,0,0,0,0,3
"920482","Tokyo","Retail","MediumGeneral","ZoneC","COM+TESICE","CAV",60320.0983346918,1,0,0,0,3
"920485","Tokyo","Retail","MediumGeneral","ZoneC","COM+TESICE","CAV",62378.423436503,1,0,1,0,3
"920833","Tokyo","Retail","MediumGrocery","ZoneC","EHP","MUL",644352.251902686,0,0,0,0,1
"920834","Tokyo","Retail","MediumGrocery","ZoneC","EHP","MUL",343518.67922118,1,0,0,0,1
"920837","Tokyo","Retail","MediumGrocery","ZoneC","EHP","MUL",54893.5011044134,1,0,1,0,1
"920849","Tokyo","Retail","MediumGrocery","ZoneC","EHP","MUL",686391.61928757,0,0,0,0,2
"920850","Tokyo","Retail","MediumGrocery","ZoneC","EHP","MUL",365930.811586213,1,0,0,0,2
"920853","Tokyo","Retail","MediumGrocery","ZoneC","EHP","MUL",58474.9087167195,1,0,1,0,2
"920897","Tokyo","Retail","MediumGrocery","ZoneC","GHP","MUL",152234.398124091,0,0,0,0,1
"920898","Tokyo","Retail","MediumGrocery","ZoneC","GHP","MUL",81159.5819230831,1,0,0,0,1
"920913","Tokyo","Retail","MediumGrocery","ZoneC","GHP","MUL",162166.601778937,0,0,0,0,2
"920914","Tokyo","Retail","MediumGrocery","ZoneC","GHP","MUL",86454.6631014191,1,0,0,0,2
"920961","Tokyo","Retail","MediumGrocery","ZoneC","ABCH","CAV",48974.94098224,0,0,0,0,1
"920962","Tokyo","Retail","MediumGrocery","ZoneC","ABCH","CAV",36517.7448922819,1,0,0,0,1
"920977","Tokyo","Retail","MediumGrocery","ZoneC","ABCH","CAV",52170.2049555184,0,0,0,0,2
"920978","Tokyo","Retail","MediumGrocery","ZoneC","ABCH","CAV",38900.2660816793,1,0,0,0,2
"921345","Tokyo","Retail","MediumGrocery","ZoneC","AHP","CAV",93996.1956932612,0,0,0,0,1
"921346","Tokyo","Retail","MediumGrocery","ZoneC","AHP","CAV",70087.4575104903,1,0,0,0,1
"921361","Tokyo","Retail","MediumGrocery","ZoneC","AHP","CAV",100128.773940427,0,0,0,0,2
"921362","Tokyo","Retail","MediumGrocery","ZoneC","AHP","CAV",74660.1619072788,1,0,0,0,2
"923649","Tokyo","Retail","SmallGeneral","ZoneC","EHP","MUL",1100927.38568034,0,0,0,0,1
"923650","Tokyo","Retail","SmallGeneral","ZoneC","EHP","MUL",617258.874818763,1,0,0,0,1
"923653","Tokyo","Retail","SmallGeneral","ZoneC","EHP","MUL",150707.60988149,1,0,1,0,1
"923665","Tokyo","Retail","SmallGeneral","ZoneC","EHP","MUL",1172755.00899357,0,0,0,0,2
"923666","Tokyo","Retail","SmallGeneral","ZoneC","EHP","MUL",657530.593484233,1,0,0,0,2
"923669","Tokyo","Retail","SmallGeneral","ZoneC","EHP","MUL",160540.201543578,1,0,1,0,2
"923713","Tokyo","Retail","SmallGeneral","ZoneC","GHP","MUL",279753.071110536,0,0,0,0,1
"923714","Tokyo","Retail","SmallGeneral","ZoneC","GHP","MUL",156849.641626519,1,0,0,0,1
"923717","Tokyo","Retail","SmallGeneral","ZoneC","GHP","MUL",38295.8197356686,1,0,1,0,1
"923729","Tokyo","Retail","SmallGeneral","ZoneC","GHP","MUL",298004.954453439,0,0,0,0,2
"923730","Tokyo","Retail","SmallGeneral","ZoneC","GHP","MUL",167082.956849759,1,0,0,0,2
"923733","Tokyo","Retail","SmallGeneral","ZoneC","GHP","MUL",40794.3475679515,1,0,1,0,2
"923777","Tokyo","Retail","SmallGeneral","ZoneC","ABCH","CAV",82469.538143763,0,0,0,0,1
"923778","Tokyo","Retail","SmallGeneral","ZoneC","ABCH","CAV",41534.0905775824,1,0,0,0,1
"923781","Tokyo","Retail","SmallGeneral","ZoneC","ABCH","CAV",36465.1112699243,1,0,1,0,1
"923793","Tokyo","Retail","SmallGeneral","ZoneC","ABCH","CAV",87850.0845791174,0,0,0,0,2
"923794","Tokyo","Retail","SmallGeneral","ZoneC","ABCH","CAV",44243.8923787433,1,0,0,0,2
"923797","Tokyo","Retail","SmallGeneral","ZoneC","ABCH","CAV",38844.1984926048,1,0,1,0,2
"923842","Tokyo","Retail","SmallGeneral","ZoneC","ABCH","VAV",83697.7900393437,1,0,0,0,1
"923858","Tokyo","Retail","SmallGeneral","ZoneC","ABCH","VAV",89158.4711099491,1,0,0,0,2
"923905","Tokyo","Retail","SmallGeneral","ZoneC","ABCH","FCU",55382.3329178064,0,0,0,0,1
"923906","Tokyo","Retail","SmallGeneral","ZoneC","ABCH","FCU",31051.3090566438,1,0,0,0,1
"923921","Tokyo","Retail","SmallGeneral","ZoneC","ABCH","FCU",58995.6333032535,0,0,0,0,2
"923922","Tokyo","Retail","SmallGeneral","ZoneC","ABCH","FCU",33077.1844770513,1,0,0,0,2
"924097","Tokyo","Retail","SmallGeneral","ZoneC","ABCH","OHUFCU",80245.1249053719,0,0,0,0,1
"924113","Tokyo","Retail","SmallGeneral","ZoneC","ABCH","OHUFCU",85480.5443157667,0,0,0,0,2
"924161","Tokyo","Retail","SmallGeneral","ZoneC","AHP","CAV",131793.894859079,0,0,0,0,1
"924162","Tokyo","Retail","SmallGeneral","ZoneC","AHP","CAV",66375.2906813547,1,0,0,0,1
"924165","Tokyo","Retail","SmallGeneral","ZoneC","AHP","CAV",58274.5962800868,1,0,1,0,1
"924177","Tokyo","Retail","SmallGeneral","ZoneC","AHP","CAV",140392.502140586,0,0,0,0,2
"924178","Tokyo","Retail","SmallGeneral","ZoneC","AHP","CAV",70705.8027917607,1,0,0,0,2
"924181","Tokyo","Retail","SmallGeneral","ZoneC","AHP","CAV",62076.5961256532,1,0,1,0,2
"924225","Tokyo","Retail","SmallGeneral","ZoneC","AHP","VAV",34293.4370079132,0,0,0,0,1
"924226","Tokyo","Retail","SmallGeneral","ZoneC","AHP","VAV",99463.317166619,1,0,0,0,1
"924241","Tokyo","Retail","SmallGeneral","ZoneC","AHP","VAV",36530.8380459463,0,0,0,0,2
"924242","Tokyo","Retail","SmallGeneral","ZoneC","AHP","VAV",105952.585915723,1,0,0,0,2
"924289","Tokyo","Retail","SmallGeneral","ZoneC","AHP","FCU",88506.0535793954,0,0,0,0,1
"924290","Tokyo","Retail","SmallGeneral","ZoneC","AHP","FCU",49622.8432116856,1,0,0,0,1
"924305","Tokyo","Retail","SmallGeneral","ZoneC","AHP","FCU",94280.4393927818,0,0,0,0,2
"924306","Tokyo","Retail","SmallGeneral","ZoneC","AHP","FCU",52860.3781629464,1,0,0,0,2
"924481","Tokyo","Retail","SmallGeneral","ZoneC","AHP","OHUFCU",55819.9281089338,0,0,0,0,1
"924482","Tokyo","Retail","SmallGeneral","ZoneC","AHP","OHUFCU",36337.1708061573,1,0,0,0,1
"924485","Tokyo","Retail","SmallGeneral","ZoneC","AHP","OHUFCU",36081.9793285164,1,0,1,0,1
"924497","Tokyo","Retail","SmallGeneral","ZoneC","AHP","OHUFCU",59461.7784450503,0,0,0,0,2
"924498","Tokyo","Retail","SmallGeneral","ZoneC","AHP","OHUFCU",38707.9108303236,1,0,0,0,2
"924501","Tokyo","Retail","SmallGeneral","ZoneC","AHP","OHUFCU",38436.0699373198,1,0,1,0,2
"925313","Tokyo","Retail","SmallGeneral","ZoneC","COM","CAV",51904.2122267279,0,0,0,0,1
"925314","Tokyo","Retail","SmallGeneral","ZoneC","COM","CAV",40151.3640762006,1,0,0,0,1
"925329","Tokyo","Retail","SmallGeneral","ZoneC","COM","CAV",55290.5901592629,0,0,0,0,2
"925330","Tokyo","Retail","SmallGeneral","ZoneC","COM","CAV",42770.9528809568,1,0,0,0,2
"925697","Tokyo","Retail","SmallGeneral","ZoneC","AHP+TESICE","CAV",68151.3120532045,0,0,0,0,1
"925713","Tokyo","Retail","SmallGeneral","ZoneC","AHP+TESICE","CAV",72597.6968321923,0,0,0,0,2
"926465","Tokyo","Retail","SmallGrocery","ZoneC","EHP","MUL",991280.676192346,0,0,0,0,1
"926466","Tokyo","Retail","SmallGrocery","ZoneC","EHP","MUL",502248.821222621,1,0,0,0,1
"926469","Tokyo","Retail","SmallGrocery","ZoneC","EHP","MUL",54517.9467871789,1,0,1,0,1
"926481","Tokyo","Retail","SmallGrocery","ZoneC","EHP","MUL",476137.066855186,0,0,0,0,2
"926482","Tokyo","Retail","SmallGrocery","ZoneC","EHP","MUL",241242.754259048,1,0,0,0,2
"926485","Tokyo","Retail","SmallGrocery","ZoneC","EHP","MUL",26186.3424735798,1,0,1,0,2
"926529","Tokyo","Retail","SmallGrocery","ZoneC","GHP","MUL",213261.142281957,0,0,0,0,1
"926530","Tokyo","Retail","SmallGrocery","ZoneC","GHP","MUL",108052.30031834,1,0,0,0,1
"926545","Tokyo","Retail","SmallGrocery","ZoneC","GHP","MUL",102434.696044266,0,0,0,0,2
"926546","Tokyo","Retail","SmallGrocery","ZoneC","GHP","MUL",51900.2403417651,1,0,0,0,2
"926977","Tokyo","Retail","SmallGrocery","ZoneC","AHP","CAV",81596.9943701224,0,0,0,0,1
"926978","Tokyo","Retail","SmallGrocery","ZoneC","AHP","CAV",58176.2984215035,1,0,0,0,1
"926993","Tokyo","Retail","SmallGrocery","ZoneC","AHP","CAV",67136.6316855171,0,0,0,0,2
"929281","Tokyo","Retail","SpecialityShop","ZoneC","EHP","MUL",5386149.29585008,0,0,0,0,1
"929282","Tokyo","Retail","SpecialityShop","ZoneC","EHP","MUL",2361600.30046343,1,0,0,0,1
"929285","Tokyo","Retail","SpecialityShop","ZoneC","EHP","MUL",89549.4168820142,1,0,1,0,1
"929297","Tokyo","Retail","SpecialityShop","ZoneC","EHP","MUL",2587103.1171726,0,0,0,0,2
"929298","Tokyo","Retail","SpecialityShop","ZoneC","EHP","MUL",1134336.08376806,1,0,0,0,2
"929301","Tokyo","Retail","SpecialityShop","ZoneC","EHP","MUL",43012.8395688823,1,0,1,0,2
"929345","Tokyo","Retail","SpecialityShop","ZoneC","GHP","MUL",1060875.1450993,0,0,0,0,1
"929346","Tokyo","Retail","SpecialityShop","ZoneC","GHP","MUL",465149.204711245,1,0,0,0,1
"929361","Tokyo","Retail","SpecialityShop","ZoneC","GHP","MUL",509565.042493714,0,0,0,0,2
"929362","Tokyo","Retail","SpecialityShop","ZoneC","GHP","MUL",223422.874368894,1,0,0,0,2
"932097","Tokyo","Retail","SuperDrugStore","ZoneC","EHP","MUL",189241.250833164,0,0,0,0,1
"932098","Tokyo","Retail","SuperDrugStore","ZoneC","EHP","MUL",100888.767515614,1,0,0,0,1
"932113","Tokyo","Retail","SuperDrugStore","ZoneC","EHP","MUL",201587.886457791,0,0,0,0,2
"932114","Tokyo","Retail","SuperDrugStore","ZoneC","EHP","MUL",107471.036686046,1,0,0,0,2
"932161","Tokyo","Retail","SuperDrugStore","ZoneC","GHP","MUL",64937.5809346335,0,0,0,0,1
"932177","Tokyo","Retail","SuperDrugStore","ZoneC","GHP","MUL",69174.2927858541,0,0,0,0,2
"932609","Tokyo","Retail","SuperDrugStore","ZoneC","AHP","CAV",69440.0246098426,0,0,0,0,1
"932625","Tokyo","Retail","SuperDrugStore","ZoneC","AHP","CAV",42374.388860923,0,0,0,0,2
"932626","Tokyo","Retail","SuperDrugStore","ZoneC","AHP","CAV",31596.0997880667,1,0,0,0,2
"934913","Nigata","Retail","ConvenienceDrug","ZoneC","EHP","MUL",304118.139879168,0,0,0,0,1
"934914","Nigata","Retail","ConvenienceDrug","ZoneC","EHP","MUL",145003.658314803,1,0,0,0,1
"934929","Nigata","Retail","ConvenienceDrug","ZoneC","EHP","MUL",146075.599552417,0,0,0,0,2
"934930","Nigata","Retail","ConvenienceDrug","ZoneC","EHP","MUL",69648.9079344118,1,0,0,0,2
"934977","Nigata","Retail","ConvenienceDrug","ZoneC","GHP","MUL",64249.7831513738,0,0,0,0,1
"934978","Nigata","Retail","ConvenienceDrug","ZoneC","GHP","MUL",30634.3239064384,1,0,0,0,1
"934993","Nigata","Retail","ConvenienceDrug","ZoneC","GHP","MUL",45575.2255750761,0,0,0,0,2
"937729","Nigata","Retail","ConvenienceStore","ZoneC","EHP","MUL",166354.701179432,0,0,0,0,1
"937730","Nigata","Retail","ConvenienceStore","ZoneC","EHP","MUL",71960.7295764585,1,0,0,0,1
"937745","Nigata","Retail","ConvenienceStore","ZoneC","EHP","MUL",79904.3513905604,0,0,0,0,2
"937746","Nigata","Retail","ConvenienceStore","ZoneC","EHP","MUL",34564.5502148837,1,0,0,0,2
"937793","Nigata","Retail","ConvenienceStore","ZoneC","GHP","MUL",48655.4162878029,0,0,0,0,1
"937809","Nigata","Retail","ConvenienceStore","ZoneC","GHP","MUL",23370.4214702126,0,0,0,0,2
"940545","Nigata","Retail","HomeCenter","ZoneC","EHP","MUL",201981.836507693,0,0,0,0,1
"940546","Nigata","Retail","HomeCenter","ZoneC","EHP","MUL",114673.589912345,1,0,0,0,1
"940549","Nigata","Retail","HomeCenter","ZoneC","EHP","MUL",26472.7811603662,1,0,1,0,1
"940561","Nigata","Retail","HomeCenter","ZoneC","EHP","MUL",215159.70405599,0,0,0,0,2
"940562","Nigata","Retail","HomeCenter","ZoneC","EHP","MUL",122155.21997018,1,0,0,0,2
"940565","Nigata","Retail","HomeCenter","ZoneC","EHP","MUL",28199.9404425973,1,0,1,0,2
"940609","Nigata","Retail","HomeCenter","ZoneC","GHP","MUL",52138.0580030462,0,0,0,0,1
"940610","Nigata","Retail","HomeCenter","ZoneC","GHP","MUL",29600.9699963277,1,0,0,0,1
"940625","Nigata","Retail","HomeCenter","ZoneC","GHP","MUL",55539.6926968837,0,0,0,0,2
"940626","Nigata","Retail","HomeCenter","ZoneC","GHP","MUL",31532.2211853319,1,0,0,0,2
"940673","Nigata","Retail","HomeCenter","ZoneC","ABCH","CAV",51814.7225337589,0,0,0,0,1
"940674","Nigata","Retail","HomeCenter","ZoneC","ABCH","CAV",37999.6065516109,1,0,0,0,1
"940689","Nigata","Retail","HomeCenter","ZoneC","ABCH","CAV",55195.2619050583,0,0,0,0,2
"940690","Nigata","Retail","HomeCenter","ZoneC","ABCH","CAV",40478.8085961247,1,0,0,0,2
"941057","Nigata","Retail","HomeCenter","ZoneC","AHP","CAV",73979.6169203402,0,0,0,0,1
"941058","Nigata","Retail","HomeCenter","ZoneC","AHP","CAV",54254.7793048637,1,0,0,0,1
"941061","Nigata","Retail","HomeCenter","ZoneC","AHP","CAV",28589.2886953372,1,0,1,0,1
"941073","Nigata","Retail","HomeCenter","ZoneC","AHP","CAV",78806.2568296812,0,0,0,0,2
"941074","Nigata","Retail","HomeCenter","ZoneC","AHP","CAV",57794.5148964564,1,0,0,0,2
"941077","Nigata","Retail","HomeCenter","ZoneC","AHP","CAV",30454.5349285687,1,0,1,0,2
"943361","Nigata","Retail","HousingClothingSuper","ZoneC","EHP","MUL",430671.857502946,0,0,0,0,1
"943362","Nigata","Retail","HousingClothingSuper","ZoneC","EHP","MUL",244510.540294052,1,0,0,0,1
"943365","Nigata","Retail","HousingClothingSuper","ZoneC","EHP","MUL",56446.0747200388,1,0,1,0,1
"943377","Nigata","Retail","HousingClothingSuper","ZoneC","EHP","MUL",458770.110262109,0,0,0,0,2
"943378","Nigata","Retail","HousingClothingSuper","ZoneC","EHP","MUL",260463.101028566,1,0,0,0,2
"943381","Nigata","Retail","HousingClothingSuper","ZoneC","EHP","MUL",60128.7766359293,1,0,1,0,2
"943425","Nigata","Retail","HousingClothingSuper","ZoneC","GHP","MUL",111170.364004057,0,0,0,0,1
"943426","Nigata","Retail","HousingClothingSuper","ZoneC","GHP","MUL",63116.0947569753,1,0,0,0,1
"943441","Nigata","Retail","HousingClothingSuper","ZoneC","GHP","MUL",118423.433673447,0,0,0,0,2
"943442","Nigata","Retail","HousingClothingSuper","ZoneC","GHP","MUL",67233.9676868095,1,0,0,0,2
"943489","Nigata","Retail","HousingClothingSuper","ZoneC","ABCH","CAV",90340.0300374325,0,0,0,0,1
"943490","Nigata","Retail","HousingClothingSuper","ZoneC","ABCH","CAV",66253.0923531729,1,0,0,0,1
"943493","Nigata","Retail","HousingClothingSuper","ZoneC","ABCH","CAV",34911.7406523833,1,0,1,0,1
"943505","Nigata","Retail","HousingClothingSuper","ZoneC","ABCH","CAV",54651.7220022064,0,0,0,0,2
"943506","Nigata","Retail","HousingClothingSuper","ZoneC","ABCH","CAV",39600.8754708774,1,0,0,0,2
"943509","Nigata","Retail","HousingClothingSuper","ZoneC","ABCH","CAV",26478.704545638,1,0,1,0,2
"943633","Nigata","Retail","HousingClothingSuper","ZoneC","ABCH","FCU",47725.8717359909,0,0,0,0,2
"943634","Nigata","Retail","HousingClothingSuper","ZoneC","ABCH","FCU",35542.0093898718,1,0,0,0,2
"943873","Nigata","Retail","HousingClothingSuper","ZoneC","AHP","CAV",63831.7843955409,0,0,0,0,1
"943874","Nigata","Retail","HousingClothingSuper","ZoneC","AHP","CAV",32531.6157355803,1,0,0,0,1
"943877","Nigata","Retail","HousingClothingSuper","ZoneC","AHP","CAV",26992.2876590981,1,0,1,0,1
"943889","Nigata","Retail","HousingClothingSuper","ZoneC","AHP","CAV",67996.3509460775,0,0,0,0,2
"943890","Nigata","Retail","HousingClothingSuper","ZoneC","AHP","CAV",34654.0705597753,1,0,0,0,2
"943893","Nigata","Retail","HousingClothingSuper","ZoneC","AHP","CAV",28753.3410178914,1,0,1,0,2
"943938","Nigata","Retail","HousingClothingSuper","ZoneC","AHP","VAV",56147.6557568774,1,0,0,0,1
"943954","Nigata","Retail","HousingClothingSuper","ZoneC","AHP","VAV",59810.8879737175,1,0,0,0,2
"944001","Nigata","Retail","HousingClothingSuper","ZoneC","AHP","FCU",54267.796811985,0,0,0,0,1
"944002","Nigata","Retail","HousingClothingSuper","ZoneC","AHP","FCU",30810.1123579349,1,0,0,0,1
"944017","Nigata","Retail","HousingClothingSuper","ZoneC","AHP","FCU",57808.3817026418,0,0,0,0,2
"944018","Nigata","Retail","HousingClothingSuper","ZoneC","AHP","FCU",32820.2514220263,1,0,0,0,2
"944193","Nigata","Retail","HousingClothingSuper","ZoneC","AHP","OHUFCU",69803.0110017354,0,0,0,0,1
"944209","Nigata","Retail","HousingClothingSuper","ZoneC","AHP","OHUFCU",74357.1573020051,0,0,0,0,2
"946209","Nigata","Retail","LargeDepartment","ZoneC","EHP","MUL",8500.77183134534,0,0,0,0,3
"946341","Nigata","Retail","LargeDepartment","ZoneC","ABCH","CAV",67650.3917326271,1,0,1,0,3
"949025","Nigata","Retail","LargeGeneral","ZoneC","EHP","MUL",21182.1349799837,0,0,0,0,3
"949153","Nigata","Retail","LargeGeneral","ZoneC","ABCH","CAV",54639.7461769425,0,0,0,0,3
"949154","Nigata","Retail","LargeGeneral","ZoneC","ABCH","CAV",43254.005498028,1,0,0,0,3
"949157","Nigata","Retail","LargeGeneral","ZoneC","ABCH","CAV",70676.7919838275,1,0,1,0,3
"951809","Nigata","Retail","LargeGrocery","ZoneC","EHP","MUL",119852.079675248,0,0,0,0,1
"951810","Nigata","Retail","LargeGrocery","ZoneC","EHP","MUL",63046.2199064881,1,0,0,0,1
"951825","Nigata","Retail","LargeGrocery","ZoneC","EHP","MUL",127671.569084079,0,0,0,0,2
"951826","Nigata","Retail","LargeGrocery","ZoneC","EHP","MUL",67159.5340030099,1,0,0,0,2
"951873","Nigata","Retail","LargeGrocery","ZoneC","GHP","MUL",40321.1772801776,0,0,0,0,1
"951889","Nigata","Retail","LargeGrocery","ZoneC","GHP","MUL",42951.8451797109,0,0,0,0,2
"954657","Nigata","Retail","MediumDepartment","ZoneC","EHP","MUL",63904.4987843733,0,0,0,0,3
"954785","Nigata","Retail","MediumDepartment","ZoneC","ABCH","CAV",55798.3241416654,0,0,0,0,3
"954789","Nigata","Retail","MediumDepartment","ZoneC","ABCH","CAV",49804.139614488,1,0,1,0,3
"955169","Nigata","Retail","MediumDepartment","ZoneC","AHP","CAV",44049.1731448146,0,0,0,0,3
"955170","Nigata","Retail","MediumDepartment","ZoneC","AHP","CAV",33600.1376122799,1,0,0,0,3
"955173","Nigata","Retail","MediumDepartment","ZoneC","AHP","CAV",39317.151598267,1,0,1,0,3
"957473","Nigata","Retail","MediumGeneral","ZoneC","EHP","MUL",82676.6647007054,0,0,0,0,3
"957474","Nigata","Retail","MediumGeneral","ZoneC","EHP","MUL",51191.906475054,1,0,0,0,3
"957537","Nigata","Retail","MediumGeneral","ZoneC","GHP","MUL",47191.7524759816,0,0,0,0,3
"957601","Nigata","Retail","MediumGeneral","ZoneC","ABCH","CAV",51940.027418547,0,0,0,0,3
"957605","Nigata","Retail","MediumGeneral","ZoneC","ABCH","CAV",57180.5903056976,1,0,1,0,3
"957729","Nigata","Retail","MediumGeneral","ZoneC","ABCH","FCU",76592.1812742959,0,0,0,0,3
"957925","Nigata","Retail","MediumGeneral","ZoneC","ABCH","OHUFCU",63576.9485024149,1,0,1,0,3
"957985","Nigata","Retail","MediumGeneral","ZoneC","AHP","CAV",57529.351548239,0,0,0,0,3
"957989","Nigata","Retail","MediumGeneral","ZoneC","AHP","CAV",63333.8572373886,1,0,1,0,3
"958113","Nigata","Retail","MediumGeneral","ZoneC","AHP","FCU",49077.3899114629,0,0,0,0,3
"958114","Nigata","Retail","MediumGeneral","ZoneC","AHP","FCU",35756.9611925183,1,0,0,0,3
"958309","Nigata","Retail","MediumGeneral","ZoneC","AHP","OHUFCU",70418.5346550986,1,0,1,0,3
"959137","Nigata","Retail","MediumGeneral","ZoneC","COM","CAV",55584.4423909084,0,0,0,0,3
"959141","Nigata","Retail","MediumGeneral","ZoneC","COM","CAV",49613.234300761,1,0,1,0,3
"960257","Nigata","Retail","MediumGrocery","ZoneC","EHP","MUL",129839.752983831,0,0,0,0,1
"960258","Nigata","Retail","MediumGrocery","ZoneC","EHP","MUL",68300.0715665788,1,0,0,0,1
"960273","Nigata","Retail","MediumGrocery","ZoneC","EHP","MUL",138310.866510216,0,0,0,0,2
"960274","Nigata","Retail","MediumGrocery","ZoneC","EHP","MUL",72756.1618378902,1,0,0,0,2
"960321","Nigata","Retail","MediumGrocery","ZoneC","GHP","MUL",43681.2753876373,0,0,0,0,1
"960337","Nigata","Retail","MediumGrocery","ZoneC","GHP","MUL",46531.1656121824,0,0,0,0,2
"963073","Nigata","Retail","SmallGeneral","ZoneC","EHP","MUL",211277.412023622,0,0,0,0,1
"963074","Nigata","Retail","SmallGeneral","ZoneC","EHP","MUL",119951.079379436,1,0,0,0,1
"963077","Nigata","Retail","SmallGeneral","ZoneC","EHP","MUL",27691.1072269452,1,0,1,0,1
"963089","Nigata","Retail","SmallGeneral","ZoneC","EHP","MUL",225061.749267671,0,0,0,0,2
"963090","Nigata","Retail","SmallGeneral","ZoneC","EHP","MUL",127777.027809592,1,0,0,0,2
"963093","Nigata","Retail","SmallGeneral","ZoneC","EHP","MUL",29497.7535552079,1,0,1,0,2
"963137","Nigata","Retail","SmallGeneral","ZoneC","GHP","MUL",54537.5473026829,0,0,0,0,1
"963138","Nigata","Retail","SmallGeneral","ZoneC","GHP","MUL",30963.261065184,1,0,0,0,1
"963153","Nigata","Retail","SmallGeneral","ZoneC","GHP","MUL",58095.7314799833,0,0,0,0,2
"963154","Nigata","Retail","SmallGeneral","ZoneC","GHP","MUL",32983.3919850491,1,0,0,0,2
"963201","Nigata","Retail","SmallGeneral","ZoneC","ABCH","CAV",54199.3313405567,0,0,0,0,1
"963202","Nigata","Retail","SmallGeneral","ZoneC","ABCH","CAV",39748.418317973,1,0,0,0,1
"963217","Nigata","Retail","SmallGeneral","ZoneC","ABCH","CAV",57735.4493497863,0,0,0,0,2
"963218","Nigata","Retail","SmallGeneral","ZoneC","ABCH","CAV",42341.7177992786,1,0,0,0,2
"963585","Nigata","Retail","SmallGeneral","ZoneC","AHP","CAV",77384.2949231383,0,0,0,0,1
"963586","Nigata","Retail","SmallGeneral","ZoneC","AHP","CAV",56751.6840109915,1,0,0,0,1
"963589","Nigata","Retail","SmallGeneral","ZoneC","AHP","CAV",29905.0203304641,1,0,1,0,1
"963601","Nigata","Retail","SmallGeneral","ZoneC","AHP","CAV",82433.0656762285,0,0,0,0,2
"963602","Nigata","Retail","SmallGeneral","ZoneC","AHP","CAV",60454.3247432989,1,0,0,0,2
"963605","Nigata","Retail","SmallGeneral","ZoneC","AHP","CAV",31856.1086251235,1,0,1,0,2
"965889","Nigata","Retail","SmallGrocery","ZoneC","EHP","MUL",175619.685862712,0,0,0,0,1
"965890","Nigata","Retail","SmallGrocery","ZoneC","EHP","MUL",87245.2897494372,1,0,0,0,1
"965905","Nigata","Retail","SmallGrocery","ZoneC","EHP","MUL",84354.5568041271,0,0,0,0,2
"965906","Nigata","Retail","SmallGrocery","ZoneC","EHP","MUL",41906.1092946872,1,0,0,0,2
"965953","Nigata","Retail","SmallGrocery","ZoneC","GHP","MUL",55572.444011504,0,0,0,0,1
"965969","Nigata","Retail","SmallGrocery","ZoneC","GHP","MUL",26692.8440401449,0,0,0,0,2
"968705","Nigata","Retail","SpecialityShop","ZoneC","EHP","MUL",1177643.258001,0,0,0,0,1
"968706","Nigata","Retail","SpecialityShop","ZoneC","EHP","MUL",509417.933041426,1,0,0,0,1
"968721","Nigata","Retail","SpecialityShop","ZoneC","EHP","MUL",565651.707062614,0,0,0,0,2
"968722","Nigata","Retail","SpecialityShop","ZoneC","EHP","MUL",244686.259166734,1,0,0,0,2
"968769","Nigata","Retail","SpecialityShop","ZoneC","GHP","MUL",240432.282436866,0,0,0,0,1
"968770","Nigata","Retail","SpecialityShop","ZoneC","GHP","MUL",104004.770140088,1,0,0,0,1
"968785","Nigata","Retail","SpecialityShop","ZoneC","GHP","MUL",115485.678765086,0,0,0,0,2
"968786","Nigata","Retail","SpecialityShop","ZoneC","GHP","MUL",49956.1096900076,1,0,0,0,2
"971521","Nigata","Retail","SuperDrugStore","ZoneC","EHP","MUL",58954.4624895148,0,0,0,0,1
"971522","Nigata","Retail","SuperDrugStore","ZoneC","EHP","MUL",31012.0276315103,1,0,0,0,1
"971537","Nigata","Retail","SuperDrugStore","ZoneC","EHP","MUL",62800.8187337223,0,0,0,0,2
"971538","Nigata","Retail","SuperDrugStore","ZoneC","EHP","MUL",33035.3402203954,1,0,0,0,2
"971585","Nigata","Retail","SuperDrugStore","ZoneC","GHP","MUL",19833.7262059896,0,0,0,0,1
"971601","Nigata","Retail","SuperDrugStore","ZoneC","GHP","MUL",21127.7347240365,0,0,0,0,2
"974337","Nagoya","Retail","ConvenienceDrug","ZoneC","EHP","MUL",719364.876563436,0,0,0,0,1
"974338","Nagoya","Retail","ConvenienceDrug","ZoneC","EHP","MUL",344818.390781682,1,0,0,0,1
"974341","Nagoya","Retail","ConvenienceDrug","ZoneC","EHP","MUL",28163.7704297006,1,0,1,0,1
"974353","Nagoya","Retail","ConvenienceDrug","ZoneC","EHP","MUL",354673.540766081,0,0,0,0,2
"974354","Nagoya","Retail","ConvenienceDrug","ZoneC","EHP","MUL",170008.24416678,1,0,0,0,2
"974401","Nagoya","Retail","ConvenienceDrug","ZoneC","GHP","MUL",152226.960722734,0,0,0,0,1
"974402","Nagoya","Retail","ConvenienceDrug","ZoneC","GHP","MUL",72968.0546550435,1,0,0,0,1
"974417","Nagoya","Retail","ConvenienceDrug","ZoneC","GHP","MUL",73118.4419464443,0,0,0,0,2
"974418","Nagoya","Retail","ConvenienceDrug","ZoneC","GHP","MUL",35048.3938121678,1,0,0,0,2
"977153","Nagoya","Retail","ConvenienceStore","ZoneC","EHP","MUL",562425.270945659,0,0,0,0,1
"977154","Nagoya","Retail","ConvenienceStore","ZoneC","EHP","MUL",242958.320870466,1,0,0,0,1
"977169","Nagoya","Retail","ConvenienceStore","ZoneC","EHP","MUL",270147.018160312,0,0,0,0,2
"977170","Nagoya","Retail","ConvenienceStore","ZoneC","EHP","MUL",116698.99862436,1,0,0,0,2
"977217","Nagoya","Retail","ConvenienceStore","ZoneC","GHP","MUL",111758.076531221,0,0,0,0,1
"977218","Nagoya","Retail","ConvenienceStore","ZoneC","GHP","MUL",48277.621971154,1,0,0,0,1
"977233","Nagoya","Retail","ConvenienceStore","ZoneC","GHP","MUL",76869.1753073742,0,0,0,0,2
"979969","Nagoya","Retail","HomeCenter","ZoneC","EHP","MUL",594713.470166793,0,0,0,0,1
"979970","Nagoya","Retail","HomeCenter","ZoneC","EHP","MUL",328832.08409091,1,0,0,0,1
"979973","Nagoya","Retail","HomeCenter","ZoneC","EHP","MUL",83256.8453474322,1,0,1,0,1
"979985","Nagoya","Retail","HomeCenter","ZoneC","EHP","MUL",633514.262725916,0,0,0,0,2
"979986","Nagoya","Retail","HomeCenter","ZoneC","EHP","MUL",350286.021359252,1,0,0,0,2
"979989","Nagoya","Retail","HomeCenter","ZoneC","EHP","MUL",88688.7579364422,1,0,1,0,2
"980033","Nagoya","Retail","HomeCenter","ZoneC","GHP","MUL",169616.088445205,0,0,0,0,1
"980034","Nagoya","Retail","HomeCenter","ZoneC","GHP","MUL",93785.0152328687,1,0,0,0,1
"980049","Nagoya","Retail","HomeCenter","ZoneC","GHP","MUL",180682.322846465,0,0,0,0,2
"980050","Nagoya","Retail","HomeCenter","ZoneC","GHP","MUL",99903.8154681893,1,0,0,0,2
"980097","Nagoya","Retail","HomeCenter","ZoneC","ABCH","CAV",69012.220619184,0,0,0,0,1
"980098","Nagoya","Retail","HomeCenter","ZoneC","ABCH","CAV",47432.726120251,1,0,0,0,1
"980113","Nagoya","Retail","HomeCenter","ZoneC","ABCH","CAV",57289.2499477504,0,0,0,0,2
"980114","Nagoya","Retail","HomeCenter","ZoneC","ABCH","CAV",39375.4218894219,1,0,0,0,2
"980117","Nagoya","Retail","HomeCenter","ZoneC","ABCH","CAV",27377.4733005569,1,0,1,0,2
"980225","Nagoya","Retail","HomeCenter","ZoneC","ABCH","FCU",43489.5015254912,0,0,0,0,1
"980226","Nagoya","Retail","HomeCenter","ZoneC","ABCH","FCU",30778.7866291442,1,0,0,0,1
"980241","Nagoya","Retail","HomeCenter","ZoneC","ABCH","FCU",46326.8798796708,0,0,0,0,2
"980242","Nagoya","Retail","HomeCenter","ZoneC","ABCH","FCU",32786.8819138937,1,0,0,0,2
"980417","Nagoya","Retail","HomeCenter","ZoneC","ABCH","OHUFCU",64352.1698094521,0,0,0,0,1
"980433","Nagoya","Retail","HomeCenter","ZoneC","ABCH","OHUFCU",68550.6877794685,0,0,0,0,2
"980481","Nagoya","Retail","HomeCenter","ZoneC","AHP","CAV",76868.7773786717,0,0,0,0,1
"980482","Nagoya","Retail","HomeCenter","ZoneC","AHP","CAV",38189.444780344,1,0,0,0,1
"980485","Nagoya","Retail","HomeCenter","ZoneC","AHP","CAV",34842.5343833652,1,0,1,0,1
"980497","Nagoya","Retail","HomeCenter","ZoneC","AHP","CAV",81883.9143058828,0,0,0,0,2
"980498","Nagoya","Retail","HomeCenter","ZoneC","AHP","CAV",40681.0324090126,1,0,0,0,2
"980501","Nagoya","Retail","HomeCenter","ZoneC","AHP","CAV",37115.7600906356,1,0,1,0,2
"980546","Nagoya","Retail","HomeCenter","ZoneC","AHP","VAV",70449.586250537,1,0,0,0,1
"980562","Nagoya","Retail","HomeCenter","ZoneC","AHP","VAV",75045.9169528104,1,0,0,0,2
"980609","Nagoya","Retail","HomeCenter","ZoneC","AHP","FCU",61565.30639215,0,0,0,0,1
"980610","Nagoya","Retail","HomeCenter","ZoneC","AHP","FCU",34041.0113847737,1,0,0,0,1
"980625","Nagoya","Retail","HomeCenter","ZoneC","AHP","FCU",65582.0014932223,0,0,0,0,2
"980626","Nagoya","Retail","HomeCenter","ZoneC","AHP","FCU",36261.9434596316,1,0,0,0,2
"980801","Nagoya","Retail","HomeCenter","ZoneC","AHP","OHUFCU",82841.1984348806,0,0,0,0,1
"980817","Nagoya","Retail","HomeCenter","ZoneC","AHP","OHUFCU",88245.9930411295,0,0,0,0,2
"982785","Nagoya","Retail","HousingClothingSuper","ZoneC","EHP","MUL",1170304.19486413,0,0,0,0,1
"982786","Nagoya","Retail","HousingClothingSuper","ZoneC","EHP","MUL",647090.719686532,1,0,0,0,1
"982789","Nagoya","Retail","HousingClothingSuper","ZoneC","EHP","MUL",163836.604094282,1,0,1,0,1
"982801","Nagoya","Retail","HousingClothingSuper","ZoneC","EHP","MUL",1246658.15786291,0,0,0,0,2
"982802","Nagoya","Retail","HousingClothingSuper","ZoneC","EHP","MUL",689308.752472052,1,0,0,0,2
"982805","Nagoya","Retail","HousingClothingSuper","ZoneC","EHP","MUL",174525.768554053,1,0,1,0,2
"982849","Nagoya","Retail","HousingClothingSuper","ZoneC","GHP","MUL",306176.680436189,0,0,0,0,1
"982850","Nagoya","Retail","HousingClothingSuper","ZoneC","GHP","MUL",169292.812385151,1,0,0,0,1
"982853","Nagoya","Retail","HousingClothingSuper","ZoneC","GHP","MUL",42863.1699310875,1,0,1,0,1
"982865","Nagoya","Retail","HousingClothingSuper","ZoneC","GHP","MUL",326152.514951445,0,0,0,0,2
"982866","Nagoya","Retail","HousingClothingSuper","ZoneC","GHP","MUL",180337.9553399,1,0,0,0,2
"982869","Nagoya","Retail","HousingClothingSuper","ZoneC","GHP","MUL",45659.6846366586,1,0,1,0,2
"982913","Nagoya","Retail","HousingClothingSuper","ZoneC","ABCH","CAV",90773.7604935495,0,0,0,0,1
"982914","Nagoya","Retail","HousingClothingSuper","ZoneC","ABCH","CAV",45097.6278287267,1,0,0,0,1
"982917","Nagoya","Retail","HousingClothingSuper","ZoneC","ABCH","CAV",41145.2865384252,1,0,1,0,1
"982929","Nagoya","Retail","HousingClothingSuper","ZoneC","ABCH","CAV",96696.0979340216,0,0,0,0,2
"982930","Nagoya","Retail","HousingClothingSuper","ZoneC","ABCH","CAV",48039.9249012987,1,0,0,0,2
"982933","Nagoya","Retail","HousingClothingSuper","ZoneC","ABCH","CAV",43829.7216619737,1,0,1,0,2
"982978","Nagoya","Retail","HousingClothingSuper","ZoneC","ABCH","VAV",83193.3860177445,1,0,0,0,1
"982994","Nagoya","Retail","HousingClothingSuper","ZoneC","ABCH","VAV",88621.1583402049,1,0,0,0,2
"983041","Nagoya","Retail","HousingClothingSuper","ZoneC","ABCH","FCU",72702.0068190081,0,0,0,0,1
"983042","Nagoya","Retail","HousingClothingSuper","ZoneC","ABCH","FCU",40198.7740637204,1,0,0,0,1
"983057","Nagoya","Retail","HousingClothingSuper","ZoneC","ABCH","FCU",77445.2918238445,0,0,0,0,2
"983058","Nagoya","Retail","HousingClothingSuper","ZoneC","ABCH","FCU",42821.4560304499,1,0,0,0,2
"983233","Nagoya","Retail","HousingClothingSuper","ZoneC","ABCH","OHUFCU",42397.6737254784,0,0,0,0,1
"983234","Nagoya","Retail","HousingClothingSuper","ZoneC","ABCH","OHUFCU",27231.1699701741,1,0,0,0,1
"983237","Nagoya","Retail","HousingClothingSuper","ZoneC","ABCH","OHUFCU",28197.7038593101,1,0,1,0,1
"983249","Nagoya","Retail","HousingClothingSuper","ZoneC","ABCH","OHUFCU",45163.8181391073,0,0,0,0,2
"983250","Nagoya","Retail","HousingClothingSuper","ZoneC","ABCH","OHUFCU",29007.808688074,1,0,0,0,2
"983253","Nagoya","Retail","HousingClothingSuper","ZoneC","ABCH","OHUFCU",30037.4019878591,1,0,1,0,2
"983297","Nagoya","Retail","HousingClothingSuper","ZoneC","AHP","CAV",141925.87732826,0,0,0,0,1
"983298","Nagoya","Retail","HousingClothingSuper","ZoneC","AHP","CAV",70510.688994428,1,0,0,0,1
"983301","Nagoya","Retail","HousingClothingSuper","ZoneC","AHP","CAV",64331.1553706489,1,0,1,0,1
"983313","Nagoya","Retail","HousingClothingSuper","ZoneC","AHP","CAV",151185.523866014,0,0,0,0,2
"983314","Nagoya","Retail","HousingClothingSuper","ZoneC","AHP","CAV",75111.0062129133,1,0,0,0,2
"983317","Nagoya","Retail","HousingClothingSuper","ZoneC","AHP","CAV",68528.3022991106,1,0,1,0,2
"983361","Nagoya","Retail","HousingClothingSuper","ZoneC","AHP","VAV",33698.8949009253,0,0,0,0,1
"983362","Nagoya","Retail","HousingClothingSuper","ZoneC","AHP","VAV",96374.9748415977,1,0,0,0,1
"983377","Nagoya","Retail","HousingClothingSuper","ZoneC","AHP","VAV",35897.5063266187,0,0,0,0,2
"983378","Nagoya","Retail","HousingClothingSuper","ZoneC","AHP","VAV",102662.75138325,1,0,0,0,2
"983425","Nagoya","Retail","HousingClothingSuper","ZoneC","AHP","FCU",113670.47090713,0,0,0,0,1
"983426","Nagoya","Retail","HousingClothingSuper","ZoneC","AHP","FCU",62851.2716174121,1,0,0,0,1
"983441","Nagoya","Retail","HousingClothingSuper","ZoneC","AHP","FCU",121086.65463764,0,0,0,0,2
"983442","Nagoya","Retail","HousingClothingSuper","ZoneC","AHP","FCU",66951.8667349575,1,0,0,0,2
"983617","Nagoya","Retail","HousingClothingSuper","ZoneC","AHP","OHUFCU",66289.277952668,0,0,0,0,1
"983618","Nagoya","Retail","HousingClothingSuper","ZoneC","AHP","OHUFCU",42576.2650757048,1,0,0,0,1
"983621","Nagoya","Retail","HousingClothingSuper","ZoneC","AHP","OHUFCU",44087.4525536421,1,0,1,0,1
"983633","Nagoya","Retail","HousingClothingSuper","ZoneC","AHP","OHUFCU",70614.1783488441,0,0,0,0,2
"983634","Nagoya","Retail","HousingClothingSuper","ZoneC","AHP","OHUFCU",45354.0612952545,1,0,0,0,2
"983637","Nagoya","Retail","HousingClothingSuper","ZoneC","AHP","OHUFCU",46963.8429278409,1,0,1,0,2
"984449","Nagoya","Retail","HousingClothingSuper","ZoneC","COM","CAV",45974.686392818,0,0,0,0,1
"984450","Nagoya","Retail","HousingClothingSuper","ZoneC","COM","CAV",33473.4415567964,1,0,0,0,1
"984465","Nagoya","Retail","HousingClothingSuper","ZoneC","COM","CAV",48974.2052522078,0,0,0,0,2
"984466","Nagoya","Retail","HousingClothingSuper","ZoneC","COM","CAV",35657.3437672523,1,0,0,0,2
"985633","Nagoya","Retail","LargeDepartment","ZoneC","EHP","MUL",21080.9283585581,0,0,0,0,3
"985761","Nagoya","Retail","LargeDepartment","ZoneC","ABCH","CAV",52462.7087311573,0,0,0,0,3
"985762","Nagoya","Retail","LargeDepartment","ZoneC","ABCH","CAV",42905.1262490105,1,0,0,0,3
"985765","Nagoya","Retail","LargeDepartment","ZoneC","ABCH","CAV",70284.8696305987,1,0,1,0,3
"988449","Nagoya","Retail","LargeGeneral","ZoneC","EHP","MUL",67449.32263798,0,0,0,0,3
"988577","Nagoya","Retail","LargeGeneral","ZoneC","ABCH","CAV",58392.0162738456,0,0,0,0,3
"988578","Nagoya","Retail","LargeGeneral","ZoneC","ABCH","CAV",47754.2408837866,1,0,0,0,3
"988581","Nagoya","Retail","LargeGeneral","ZoneC","ABCH","CAV",78228.4283548181,1,0,1,0,3
"988961","Nagoya","Retail","LargeGeneral","ZoneC","AHP","CAV",46261.3319564084,0,0,0,0,3
"988962","Nagoya","Retail","LargeGeneral","ZoneC","AHP","CAV",37833.5075721757,1,0,0,0,3
"988965","Nagoya","Retail","LargeGeneral","ZoneC","AHP","CAV",61976.8167548501,1,0,1,0,3
"990113","Nagoya","Retail","LargeGeneral","ZoneC","COM","CAV",49925.3963235654,0,0,0,0,3
"990117","Nagoya","Retail","LargeGeneral","ZoneC","COM","CAV",66885.6042077329,1,0,1,0,3
"990501","Nagoya","Retail","LargeGeneral","ZoneC","AHP+TESICE","CAV",82755.4981466912,1,0,1,0,3
"991233","Nagoya","Retail","LargeGrocery","ZoneC","EHP","MUL",290071.052820541,0,0,0,0,1
"991234","Nagoya","Retail","LargeGrocery","ZoneC","EHP","MUL",152329.803920031,1,0,0,0,1
"991237","Nagoya","Retail","LargeGrocery","ZoneC","EHP","MUL",25414.2060707132,1,0,1,0,1
"991249","Nagoya","Retail","LargeGrocery","ZoneC","EHP","MUL",308996.110537393,0,0,0,0,2
"991250","Nagoya","Retail","LargeGrocery","ZoneC","EHP","MUL",162268.232119439,1,0,0,0,2
"991253","Nagoya","Retail","LargeGrocery","ZoneC","EHP","MUL",27072.3009134752,1,0,1,0,2
"991297","Nagoya","Retail","LargeGrocery","ZoneC","GHP","MUL",68611.1052572,0,0,0,0,1
"991298","Nagoya","Retail","LargeGrocery","ZoneC","GHP","MUL",36030.8831541076,1,0,0,0,1
"991313","Nagoya","Retail","LargeGrocery","ZoneC","GHP","MUL",73087.4882481388,0,0,0,0,2
"991314","Nagoya","Retail","LargeGrocery","ZoneC","GHP","MUL",38381.6401036561,1,0,0,0,2
"991745","Nagoya","Retail","LargeGrocery","ZoneC","AHP","CAV",66503.2599848581,0,0,0,0,1
"991746","Nagoya","Retail","LargeGrocery","ZoneC","AHP","CAV",46454.6279987737,1,0,0,0,1
"991761","Nagoya","Retail","LargeGrocery","ZoneC","AHP","CAV",70842.1211753644,0,0,0,0,2
"991762","Nagoya","Retail","LargeGrocery","ZoneC","AHP","CAV",49485.4596089711,1,0,0,0,2
"994081","Nagoya","Retail","MediumDepartment","ZoneC","EHP","MUL",72304.697948447,0,0,0,0,3
"994082","Nagoya","Retail","MediumDepartment","ZoneC","EHP","MUL",43896.3367399311,1,0,0,0,3
"994145","Nagoya","Retail","MediumDepartment","ZoneC","GHP","MUL",39533.1829077965,0,0,0,0,3
"994209","Nagoya","Retail","MediumDepartment","ZoneC","ABCH","CAV",43110.4214785133,0,0,0,0,3
"994210","Nagoya","Retail","MediumDepartment","ZoneC","ABCH","CAV",33527.2833268672,1,0,0,0,3
"994213","Nagoya","Retail","MediumDepartment","ZoneC","ABCH","CAV",52890.654565905,1,0,1,0,3
"994337","Nagoya","Retail","MediumDepartment","ZoneC","ABCH","FCU",81377.6498627354,0,0,0,0,3
"994593","Nagoya","Retail","MediumDepartment","ZoneC","AHP","CAV",69214.396360446,0,0,0,0,3
"994594","Nagoya","Retail","MediumDepartment","ZoneC","AHP","CAV",53012.5005698554,1,0,0,0,3
"994597","Nagoya","Retail","MediumDepartment","ZoneC","AHP","CAV",64342.6993587417,1,0,1,0,3
"995745","Nagoya","Retail","MediumDepartment","ZoneC","COM","CAV",48690.9155851776,0,0,0,0,3
"995749","Nagoya","Retail","MediumDepartment","ZoneC","COM","CAV",45263.7761468555,1,0,1,0,3
"996129","Nagoya","Retail","MediumDepartment","ZoneC","AHP+TESICE","CAV",55309.6280712834,0,0,0,0,3
"996897","Nagoya","Retail","MediumGeneral","ZoneC","EHP","MUL",208055.836587029,0,0,0,0,3
"996898","Nagoya","Retail","MediumGeneral","ZoneC","EHP","MUL",126311.14329589,1,0,0,0,3
"996901","Nagoya","Retail","MediumGeneral","ZoneC","EHP","MUL",72720.4695343736,1,0,1,0,3
"996961","Nagoya","Retail","MediumGeneral","ZoneC","GHP","MUL",86177.9226176529,0,0,0,0,3
"996962","Nagoya","Retail","MediumGeneral","ZoneC","GHP","MUL",52318.8011029298,1,0,0,0,3
"997025","Nagoya","Retail","MediumGeneral","ZoneC","ABCH","CAV",102203.441951279,0,0,0,0,3
"997026","Nagoya","Retail","MediumGeneral","ZoneC","ABCH","CAV",56156.9178912622,1,0,0,0,3
"997029","Nagoya","Retail","MediumGeneral","ZoneC","ABCH","CAV",111098.852139787,1,0,1,0,3
"997090","Nagoya","Retail","MediumGeneral","ZoneC","ABCH","VAV",118519.061619294,1,0,0,0,3
"997153","Nagoya","Retail","MediumGeneral","ZoneC","ABCH","FCU",86521.7917580749,0,0,0,0,3
"997154","Nagoya","Retail","MediumGeneral","ZoneC","ABCH","FCU",52527.5647934053,1,0,0,0,3
"997157","Nagoya","Retail","MediumGeneral","ZoneC","ABCH","FCU",30241.4266516894,1,0,1,0,3
"997345","Nagoya","Retail","MediumGeneral","ZoneC","ABCH","OHUFCU",46801.4772985929,0,0,0,0,3
"997346","Nagoya","Retail","MediumGeneral","ZoneC","ABCH","OHUFCU",33263.2413666799,1,0,0,0,3
"997349","Nagoya","Retail","MediumGeneral","ZoneC","ABCH","OHUFCU",69872.1091120203,1,0,1,0,3
"997409","Nagoya","Retail","MediumGeneral","ZoneC","AHP","CAV",90410.2020300567,0,0,0,0,3
"997410","Nagoya","Retail","MediumGeneral","ZoneC","AHP","CAV",49676.9795126333,1,0,0,0,3
"997413","Nagoya","Retail","MediumGeneral","ZoneC","AHP","CAV",98279.1721638278,1,0,1,0,3
"997474","Nagoya","Retail","MediumGeneral","ZoneC","AHP","VAV",104843.164778356,1,0,0,0,3
"997537","Nagoya","Retail","MediumGeneral","ZoneC","AHP","FCU",93184.0866894202,0,0,0,0,3
"997538","Nagoya","Retail","MediumGeneral","ZoneC","AHP","FCU",56572.2582927901,1,0,0,0,3
"997729","Nagoya","Retail","MediumGeneral","ZoneC","AHP","OHUFCU",41401.0618144151,0,0,0,0,3
"997730","Nagoya","Retail","MediumGeneral","ZoneC","AHP","OHUFCU",29425.0009072069,1,0,0,0,3
"997733","Nagoya","Retail","MediumGeneral","ZoneC","AHP","OHUFCU",61809.5768643029,1,0,1,0,3
"998561","Nagoya","Retail","MediumGeneral","ZoneC","COM","CAV",57516.5130400299,0,0,0,0,3
"998565","Nagoya","Retail","MediumGeneral","ZoneC","COM","CAV",62522.5379481503,1,0,1,0,3
"998626","Nagoya","Retail","MediumGeneral","ZoneC","COM","VAV",52798.0304556177,1,0,0,0,3
"998689","Nagoya","Retail","MediumGeneral","ZoneC","COM","FCU",75415.8850508586,0,0,0,0,3
"998885","Nagoya","Retail","MediumGeneral","ZoneC","COM","OHUFCU",66794.0590420224,1,0,1,0,3
"998945","Nagoya","Retail","MediumGeneral","ZoneC","AHP+TESICE","CAV",68803.9249759652,0,0,0,0,3
"998946","Nagoya","Retail","MediumGeneral","ZoneC","AHP+TESICE","CAV",52698.113453187,1,0,0,0,3
"998949","Nagoya","Retail","MediumGeneral","ZoneC","AHP+TESICE","CAV",63961.1192500389,1,0,1,0,3
"999329","Nagoya","Retail","MediumGeneral","ZoneC","COM+TESICE","CAV",82078.1250014512,0,0,0,0,3
"999681","Nagoya","Retail","MediumGrocery","ZoneC","EHP","MUL",314243.640628514,0,0,0,0,1
"999682","Nagoya","Retail","MediumGrocery","ZoneC","EHP","MUL",165023.954284998,1,0,0,0,1
"999685","Nagoya","Retail","MediumGrocery","ZoneC","EHP","MUL",27532.0565829955,1,0,1,0,1
"999697","Nagoya","Retail","MediumGrocery","ZoneC","EHP","MUL",334745.786493196,0,0,0,0,2
"999698","Nagoya","Retail","MediumGrocery","ZoneC","EHP","MUL",175790.584836856,1,0,0,0,2
"999701","Nagoya","Retail","MediumGrocery","ZoneC","EHP","MUL",29328.3259964044,1,0,1,0,2
"999745","Nagoya","Retail","MediumGrocery","ZoneC","GHP","MUL",74328.6973792164,0,0,0,0,1
"999746","Nagoya","Retail","MediumGrocery","ZoneC","GHP","MUL",39033.456759342,1,0,0,0,1
"999761","Nagoya","Retail","MediumGrocery","ZoneC","GHP","MUL",79178.1122871921,0,0,0,0,2
"999762","Nagoya","Retail","MediumGrocery","ZoneC","GHP","MUL",41580.1101219437,1,0,0,0,2
"1000193","Nagoya","Retail","MediumGrocery","ZoneC","AHP","CAV",72045.1983336494,0,0,0,0,1
"1000194","Nagoya","Retail","MediumGrocery","ZoneC","AHP","CAV",50325.8470103508,1,0,0,0,1
"1000209","Nagoya","Retail","MediumGrocery","ZoneC","AHP","CAV",76745.631291122,0,0,0,0,2
"1000210","Nagoya","Retail","MediumGrocery","ZoneC","AHP","CAV",53609.24792216,1,0,0,0,2
"1002497","Nagoya","Retail","SmallGeneral","ZoneC","EHP","MUL",654120.102067264,0,0,0,0,1
"1002498","Nagoya","Retail","SmallGeneral","ZoneC","EHP","MUL",361679.509879289,1,0,0,0,1
"1002501","Nagoya","Retail","SmallGeneral","ZoneC","EHP","MUL",91573.4700967627,1,0,1,0,1
"1002513","Nagoya","Retail","SmallGeneral","ZoneC","EHP","MUL",696796.751684679,0,0,0,0,2
"1002514","Nagoya","Retail","SmallGeneral","ZoneC","EHP","MUL",385276.506314862,1,0,0,0,2
"1002517","Nagoya","Retail","SmallGeneral","ZoneC","EHP","MUL",97547.9828585927,1,0,1,0,2
"1002561","Nagoya","Retail","SmallGeneral","ZoneC","GHP","MUL",186559.240124343,0,0,0,0,1
"1002562","Nagoya","Retail","SmallGeneral","ZoneC","GHP","MUL",103153.311323685,1,0,0,0,1
"1002577","Nagoya","Retail","SmallGeneral","ZoneC","GHP","MUL",182296.976551728,0,0,0,0,2
"1002578","Nagoya","Retail","SmallGeneral","ZoneC","GHP","MUL",100796.59824447,1,0,0,0,2
"1002581","Nagoya","Retail","SmallGeneral","ZoneC","GHP","MUL",25520.644722937,1,0,1,0,2
"1002625","Nagoya","Retail","SmallGeneral","ZoneC","ABCH","CAV",59152.6540569651,0,0,0,0,1
"1002626","Nagoya","Retail","SmallGeneral","ZoneC","ABCH","CAV",40656.1564603535,1,0,0,0,1
"1002629","Nagoya","Retail","SmallGeneral","ZoneC","ABCH","CAV",28267.959670944,1,0,1,0,1
"1002641","Nagoya","Retail","SmallGeneral","ZoneC","ABCH","CAV",75046.9801289018,0,0,0,0,2
"1002642","Nagoya","Retail","SmallGeneral","ZoneC","ABCH","CAV",37284.3513491274,1,0,0,0,2
"1002706","Nagoya","Retail","SmallGeneral","ZoneC","ABCH","VAV",52792.9011709935,1,0,0,0,2
"1002753","Nagoya","Retail","SmallGeneral","ZoneC","ABCH","FCU",47833.7192677516,0,0,0,0,1
"1002754","Nagoya","Retail","SmallGeneral","ZoneC","ABCH","FCU",33853.316027491,1,0,0,0,1
"1002769","Nagoya","Retail","SmallGeneral","ZoneC","ABCH","FCU",71644.6348992045,0,0,0,0,2
"1002945","Nagoya","Retail","SmallGeneral","ZoneC","ABCH","OHUFCU",70780.3841608012,0,0,0,0,1
"1002961","Nagoya","Retail","SmallGeneral","ZoneC","ABCH","OHUFCU",62078.8202546184,0,0,0,0,2
"1003009","Nagoya","Retail","SmallGeneral","ZoneC","AHP","CAV",84547.2904634574,0,0,0,0,1
"1003010","Nagoya","Retail","SmallGeneral","ZoneC","AHP","CAV",42004.2335859734,1,0,0,0,1
"1003013","Nagoya","Retail","SmallGeneral","ZoneC","AHP","CAV",38322.9963510613,1,0,1,0,1
"1003025","Nagoya","Retail","SmallGeneral","ZoneC","AHP","CAV",90063.3953497124,0,0,0,0,2
"1003026","Nagoya","Retail","SmallGeneral","ZoneC","AHP","CAV",44744.7088496615,1,0,0,0,2
"1003029","Nagoya","Retail","SmallGeneral","ZoneC","AHP","CAV",40823.2972627669,1,0,1,0,2
"1003074","Nagoya","Retail","SmallGeneral","ZoneC","AHP","VAV",77486.8787415788,1,0,0,0,1
"1003090","Nagoya","Retail","SmallGeneral","ZoneC","AHP","VAV",82542.3423537663,1,0,0,0,2
"1003137","Nagoya","Retail","SmallGeneral","ZoneC","AHP","FCU",67715.1376607312,0,0,0,0,1
"1003138","Nagoya","Retail","SmallGeneral","ZoneC","AHP","FCU",37441.4082721822,1,0,0,0,1
"1003153","Nagoya","Retail","SmallGeneral","ZoneC","AHP","FCU",72133.0651859808,0,0,0,0,2
"1003154","Nagoya","Retail","SmallGeneral","ZoneC","AHP","FCU",39884.191878686,1,0,0,0,2
"1003329","Nagoya","Retail","SmallGeneral","ZoneC","AHP","OHUFCU",54721.986742825,0,0,0,0,1
"1003333","Nagoya","Retail","SmallGeneral","ZoneC","AHP","OHUFCU",36394.3169797074,1,0,1,0,1
"1003345","Nagoya","Retail","SmallGeneral","ZoneC","AHP","OHUFCU",42065.8836858172,0,0,0,0,2
"1003346","Nagoya","Retail","SmallGeneral","ZoneC","AHP","OHUFCU",27018.0679254031,1,0,0,0,2
"1003349","Nagoya","Retail","SmallGeneral","ZoneC","AHP","OHUFCU",27977.0380430106,1,0,1,0,2
"1005313","Nagoya","Retail","SmallGrocery","ZoneC","EHP","MUL",482121.389843708,0,0,0,0,1
"1005314","Nagoya","Retail","SmallGrocery","ZoneC","EHP","MUL",243412.380538271,1,0,0,0,1
"1005317","Nagoya","Retail","SmallGrocery","ZoneC","EHP","MUL",26338.7429161065,1,0,1,0,1
"1005329","Nagoya","Retail","SmallGrocery","ZoneC","EHP","MUL",257425.066486254,0,0,0,0,2
"1005330","Nagoya","Retail","SmallGrocery","ZoneC","EHP","MUL",129968.197975938,1,0,0,0,2
"1005377","Nagoya","Retail","SmallGrocery","ZoneC","GHP","MUL",106096.259028303,0,0,0,0,1
"1005378","Nagoya","Retail","SmallGrocery","ZoneC","GHP","MUL",53565.6445042939,1,0,0,0,1
"1005393","Nagoya","Retail","SmallGrocery","ZoneC","GHP","MUL",54664.8207046583,0,0,0,0,2
"1005394","Nagoya","Retail","SmallGrocery","ZoneC","GHP","MUL",27599.0537232378,1,0,0,0,2
"1005825","Nagoya","Retail","SmallGrocery","ZoneC","AHP","CAV",66255.5487615773,0,0,0,0,1
"1008129","Nagoya","Retail","SpecialityShop","ZoneC","EHP","MUL",3440637.18606204,0,0,0,0,1
"1008130","Nagoya","Retail","SpecialityShop","ZoneC","EHP","MUL",1486297.78324964,1,0,0,0,1
"1008133","Nagoya","Retail","SpecialityShop","ZoneC","EHP","MUL",58931.1517450856,1,0,1,0,1
"1008145","Nagoya","Retail","SpecialityShop","ZoneC","EHP","MUL",1652624.66749285,0,0,0,0,2
"1008146","Nagoya","Retail","SpecialityShop","ZoneC","EHP","MUL",713906.24672334,1,0,0,0,2
"1008149","Nagoya","Retail","SpecialityShop","ZoneC","EHP","MUL",28306.1159288233,1,0,1,0,2
"1008193","Nagoya","Retail","SpecialityShop","ZoneC","GHP","MUL",691857.660366515,0,0,0,0,1
"1008194","Nagoya","Retail","SpecialityShop","ZoneC","GHP","MUL",298870.950733396,1,0,0,0,1
"1008209","Nagoya","Retail","SpecialityShop","ZoneC","GHP","MUL",332316.653597598,0,0,0,0,2
"1008210","Nagoya","Retail","SpecialityShop","ZoneC","GHP","MUL",143555.242494011,1,0,0,0,2
"1010945","Nagoya","Retail","SuperDrugStore","ZoneC","EHP","MUL",142489.804814984,0,0,0,0,1
"1010946","Nagoya","Retail","SuperDrugStore","ZoneC","EHP","MUL",74828.0251235498,1,0,0,0,1
"1010961","Nagoya","Retail","SuperDrugStore","ZoneC","EHP","MUL",151786.243580471,0,0,0,0,2
"1010962","Nagoya","Retail","SuperDrugStore","ZoneC","EHP","MUL",79710.0175889529,1,0,0,0,2
"1011009","Nagoya","Retail","SuperDrugStore","ZoneC","GHP","MUL",48610.1702355232,0,0,0,0,1
"1011025","Nagoya","Retail","SuperDrugStore","ZoneC","GHP","MUL",51781.6355313122,0,0,0,0,2
"1013761","Osaka","Retail","ConvenienceDrug","ZoneC","EHP","MUL",547506.912583486,0,0,0,0,1
"1013762","Osaka","Retail","ConvenienceDrug","ZoneC","EHP","MUL",263324.636925199,1,0,0,0,1
"1013777","Osaka","Retail","ConvenienceDrug","ZoneC","EHP","MUL",262981.355030324,0,0,0,0,2
"1013778","Osaka","Retail","ConvenienceDrug","ZoneC","EHP","MUL",126481.453000647,1,0,0,0,2
"1013825","Osaka","Retail","ConvenienceDrug","ZoneC","GHP","MUL",112826.392063874,0,0,0,0,1
"1013826","Osaka","Retail","ConvenienceDrug","ZoneC","GHP","MUL",54264.0979373381,1,0,0,0,1
"1013841","Osaka","Retail","ConvenienceDrug","ZoneC","GHP","MUL",54193.3568073733,0,0,0,0,2
"1013842","Osaka","Retail","ConvenienceDrug","ZoneC","GHP","MUL",26064.4124796932,1,0,0,0,2
"1016577","Osaka","Retail","ConvenienceStore","ZoneC","EHP","MUL",462474.909870525,0,0,0,0,1
"1016578","Osaka","Retail","ConvenienceStore","ZoneC","EHP","MUL",200767.993065623,1,0,0,0,1
"1016593","Osaka","Retail","ConvenienceStore","ZoneC","EHP","MUL",222138.343224539,0,0,0,0,2
"1016594","Osaka","Retail","ConvenienceStore","ZoneC","EHP","MUL",96433.9219280001,1,0,0,0,2
"1016641","Osaka","Retail","ConvenienceStore","ZoneC","GHP","MUL",91341.7906173077,0,0,0,0,1
"1016642","Osaka","Retail","ConvenienceStore","ZoneC","GHP","MUL",39652.9792078693,1,0,0,0,1
"1016657","Osaka","Retail","ConvenienceStore","ZoneC","GHP","MUL",62920.0860824887,0,0,0,0,2
"1019393","Osaka","Retail","HomeCenter","ZoneC","EHP","MUL",445479.911045494,0,0,0,0,1
"1019394","Osaka","Retail","HomeCenter","ZoneC","EHP","MUL",248693.664654405,1,0,0,0,1
"1019397","Osaka","Retail","HomeCenter","ZoneC","EHP","MUL",61526.6764048861,1,0,1,0,1
"1019409","Osaka","Retail","HomeCenter","ZoneC","EHP","MUL",474544.283192448,0,0,0,0,2
"1019410","Osaka","Retail","HomeCenter","ZoneC","EHP","MUL",264919.144279605,1,0,0,0,2
"1019413","Osaka","Retail","HomeCenter","ZoneC","EHP","MUL",65540.8511760895,1,0,1,0,2
"1019457","Osaka","Retail","HomeCenter","ZoneC","GHP","MUL",123009.286989392,0,0,0,0,1
"1019458","Osaka","Retail","HomeCenter","ZoneC","GHP","MUL",68671.1782269195,1,0,0,0,1
"1019473","Osaka","Retail","HomeCenter","ZoneC","GHP","MUL",131034.76155277,0,0,0,0,2
"1019474","Osaka","Retail","HomeCenter","ZoneC","GHP","MUL",73151.4805486846,1,0,0,0,2
"1019521","Osaka","Retail","HomeCenter","ZoneC","ABCH","CAV",93220.8453262235,0,0,0,0,1
"1019522","Osaka","Retail","HomeCenter","ZoneC","ABCH","CAV",70610.2343906425,1,0,0,0,1
"1019525","Osaka","Retail","HomeCenter","ZoneC","ABCH","CAV",39241.4789597652,1,0,1,0,1
"1019537","Osaka","Retail","HomeCenter","ZoneC","ABCH","CAV",99302.8375176474,0,0,0,0,2
"1019538","Osaka","Retail","HomeCenter","ZoneC","ABCH","CAV",75217.0462329473,1,0,0,0,2
"1019541","Osaka","Retail","HomeCenter","ZoneC","ABCH","CAV",41801.7042803789,1,0,1,0,2
"1019905","Osaka","Retail","HomeCenter","ZoneC","AHP","CAV",81885.3917353351,0,0,0,0,1
"1019906","Osaka","Retail","HomeCenter","ZoneC","AHP","CAV",41068.2996417365,1,0,0,0,1
"1019921","Osaka","Retail","HomeCenter","ZoneC","AHP","CAV",67239.3594874021,0,0,0,0,2
"1019922","Osaka","Retail","HomeCenter","ZoneC","AHP","CAV",33722.8180097409,1,0,0,0,2
"1019925","Osaka","Retail","HomeCenter","ZoneC","AHP","CAV",30013.3612279674,1,0,1,0,2
"1019970","Osaka","Retail","HomeCenter","ZoneC","AHP","VAV",61491.3765683014,1,0,0,0,1
"1019986","Osaka","Retail","HomeCenter","ZoneC","AHP","VAV",65503.2482781057,1,0,0,0,2
"1020033","Osaka","Retail","HomeCenter","ZoneC","AHP","FCU",70608.1617834112,0,0,0,0,1
"1020049","Osaka","Retail","HomeCenter","ZoneC","AHP","FCU",75214.8384029451,0,0,0,0,2
"1020225","Osaka","Retail","HomeCenter","ZoneC","AHP","OHUFCU",63868.5714453998,0,0,0,0,1
"1020241","Osaka","Retail","HomeCenter","ZoneC","AHP","OHUFCU",68035.5380873451,0,0,0,0,2
"1022209","Osaka","Retail","HousingClothingSuper","ZoneC","EHP","MUL",883207.682727571,0,0,0,0,1
"1022210","Osaka","Retail","HousingClothingSuper","ZoneC","EHP","MUL",493059.619126153,1,0,0,0,1
"1022213","Osaka","Retail","HousingClothingSuper","ZoneC","EHP","MUL",121982.679681237,1,0,1,0,1
"1022225","Osaka","Retail","HousingClothingSuper","ZoneC","EHP","MUL",940830.655475316,0,0,0,0,2
"1022226","Osaka","Retail","HousingClothingSuper","ZoneC","EHP","MUL",525228.226296979,1,0,0,0,2
"1022229","Osaka","Retail","HousingClothingSuper","ZoneC","EHP","MUL",129941.175473825,1,0,1,0,2
"1022273","Osaka","Retail","HousingClothingSuper","ZoneC","GHP","MUL",224022.235054604,0,0,0,0,1
"1022274","Osaka","Retail","HousingClothingSuper","ZoneC","GHP","MUL",125062.67784118,1,0,0,0,1
"1022277","Osaka","Retail","HousingClothingSuper","ZoneC","GHP","MUL",30940.4379904717,1,0,1,0,1
"1022289","Osaka","Retail","HousingClothingSuper","ZoneC","GHP","MUL",238638.080679469,0,0,0,0,2
"1022290","Osaka","Retail","HousingClothingSuper","ZoneC","GHP","MUL",133222.121444235,1,0,0,0,2
"1022293","Osaka","Retail","HousingClothingSuper","ZoneC","GHP","MUL",32959.0798682487,1,0,1,0,2
"1022337","Osaka","Retail","HousingClothingSuper","ZoneC","ABCH","CAV",73304.9246724886,0,0,0,0,1
"1022338","Osaka","Retail","HousingClothingSuper","ZoneC","ABCH","CAV",36764.9045558096,1,0,0,0,1
"1022341","Osaka","Retail","HousingClothingSuper","ZoneC","ABCH","CAV",32720.823053,1,0,1,0,1
"1022353","Osaka","Retail","HousingClothingSuper","ZoneC","ABCH","CAV",74212.966927718,0,0,0,0,2
"1022354","Osaka","Retail","HousingClothingSuper","ZoneC","ABCH","CAV",37220.3185269078,1,0,0,0,2
"1022357","Osaka","Retail","HousingClothingSuper","ZoneC","ABCH","CAV",33126.1422057139,1,0,1,0,2
"1022402","Osaka","Retail","HousingClothingSuper","ZoneC","ABCH","VAV",71412.2013867414,1,0,0,0,1
"1022418","Osaka","Retail","HousingClothingSuper","ZoneC","ABCH","VAV",72296.7981131937,1,0,0,0,2
"1022465","Osaka","Retail","HousingClothingSuper","ZoneC","ABCH","FCU",52622.7036149971,0,0,0,0,1
"1022466","Osaka","Retail","HousingClothingSuper","ZoneC","ABCH","FCU",29377.1563690101,1,0,0,0,1
"1022481","Osaka","Retail","HousingClothingSuper","ZoneC","ABCH","FCU",53274.5512047781,0,0,0,0,2
"1022482","Osaka","Retail","HousingClothingSuper","ZoneC","ABCH","FCU",29741.0568769326,1,0,0,0,2
"1022657","Osaka","Retail","HousingClothingSuper","ZoneC","ABCH","OHUFCU",74172.9253902174,0,0,0,0,1
"1022673","Osaka","Retail","HousingClothingSuper","ZoneC","ABCH","OHUFCU",75091.719737926,0,0,0,0,2
"1022721","Osaka","Retail","HousingClothingSuper","ZoneC","AHP","CAV",115124.065820806,0,0,0,0,1
"1022722","Osaka","Retail","HousingClothingSuper","ZoneC","AHP","CAV",57738.6213939748,1,0,0,0,1
"1022725","Osaka","Retail","HousingClothingSuper","ZoneC","AHP","CAV",51387.464125971,1,0,1,0,1
"1022737","Osaka","Retail","HousingClothingSuper","ZoneC","AHP","CAV",116550.129851649,0,0,0,0,2
"1022738","Osaka","Retail","HousingClothingSuper","ZoneC","AHP","CAV",58453.8408450371,1,0,0,0,2
"1022741","Osaka","Retail","HousingClothingSuper","ZoneC","AHP","CAV",52024.0105657081,1,0,1,0,2
"1022786","Osaka","Retail","HousingClothingSuper","ZoneC","AHP","VAV",112151.577940865,1,0,0,0,1
"1022802","Osaka","Retail","HousingClothingSuper","ZoneC","AHP","VAV",113540.821190428,1,0,0,0,2
"1022849","Osaka","Retail","HousingClothingSuper","ZoneC","AHP","FCU",82643.0096164508,0,0,0,0,1
"1022850","Osaka","Retail","HousingClothingSuper","ZoneC","AHP","FCU",46136.2957340749,1,0,0,0,1
"1022865","Osaka","Retail","HousingClothingSuper","ZoneC","AHP","FCU",83666.7245328272,0,0,0,0,2
"1022866","Osaka","Retail","HousingClothingSuper","ZoneC","AHP","FCU",46707.7949370748,1,0,0,0,2
"1023041","Osaka","Retail","HousingClothingSuper","ZoneC","AHP","OHUFCU",50612.6843623918,0,0,0,0,1
"1023042","Osaka","Retail","HousingClothingSuper","ZoneC","AHP","OHUFCU",32812.507103719,1,0,0,0,1
"1023045","Osaka","Retail","HousingClothingSuper","ZoneC","AHP","OHUFCU",33062.0538710337,1,0,1,0,1
"1023057","Osaka","Retail","HousingClothingSuper","ZoneC","AHP","OHUFCU",51239.6334556073,0,0,0,0,2
"1023058","Osaka","Retail","HousingClothingSuper","ZoneC","AHP","OHUFCU",33218.961964471,1,0,0,0,2
"1023061","Osaka","Retail","HousingClothingSuper","ZoneC","AHP","OHUFCU",33471.5999157735,1,0,1,0,2
"1023873","Osaka","Retail","HousingClothingSuper","ZoneC","COM","CAV",47148.4942731642,0,0,0,0,1
"1023874","Osaka","Retail","HousingClothingSuper","ZoneC","COM","CAV",35712.6801429839,1,0,0,0,1
"1023889","Osaka","Retail","HousingClothingSuper","ZoneC","COM","CAV",47732.5317748975,0,0,0,0,2
"1023890","Osaka","Retail","HousingClothingSuper","ZoneC","COM","CAV",36155.0600071227,1,0,0,0,2
"1024273","Osaka","Retail","HousingClothingSuper","ZoneC","AHP+TESICE","CAV",54700.5726148467,0,0,0,0,2
"1025057","Osaka","Retail","LargeDepartment","ZoneC","EHP","MUL",32581.5116836734,0,0,0,0,3
"1025189","Osaka","Retail","LargeDepartment","ZoneC","ABCH","CAV",114150.601353547,1,0,1,0,3
"1025573","Osaka","Retail","LargeDepartment","ZoneC","AHP","CAV",74197.2774133083,1,0,1,0,3
"1026725","Osaka","Retail","LargeDepartment","ZoneC","COM","CAV",133530.070659251,1,0,1,0,3
"1027109","Osaka","Retail","LargeDepartment","ZoneC","AHP+TESICE","CAV",62969.4878297283,1,0,1,0,3
"1027873","Osaka","Retail","LargeGeneral","ZoneC","EHP","MUL",54727.1401238999,0,0,0,0,3
"1028001","Osaka","Retail","LargeGeneral","ZoneC","ABCH","CAV",68733.7724747912,0,0,0,0,3
"1028005","Osaka","Retail","LargeGeneral","ZoneC","ABCH","CAV",102959.620597534,1,0,1,0,3
"1028389","Osaka","Retail","LargeGeneral","ZoneC","AHP","CAV",111599.782784882,1,0,1,0,3
"1029537","Osaka","Retail","LargeGeneral","ZoneC","COM","CAV",59890.0479121782,0,0,0,0,3
"1029538","Osaka","Retail","LargeGeneral","ZoneC","COM","CAV",51239.7349564104,1,0,0,0,3
"1029541","Osaka","Retail","LargeGeneral","ZoneC","COM","CAV",89712.1806149597,1,0,1,0,3
"1029925","Osaka","Retail","LargeGeneral","ZoneC","AHP+TESICE","CAV",94712.116250946,1,0,1,0,3
"1030309","Osaka","Retail","LargeGeneral","ZoneC","COM+TESICE","CAV",67580.6888666843,1,0,1,0,3
"1030657","Osaka","Retail","LargeGrocery","ZoneC","EHP","MUL",332085.904248836,0,0,0,0,1
"1030658","Osaka","Retail","LargeGrocery","ZoneC","EHP","MUL",177137.39599427,1,0,0,0,1
"1030661","Osaka","Retail","LargeGrocery","ZoneC","EHP","MUL",27749.7124578653,1,0,1,0,1
"1030673","Osaka","Retail","LargeGrocery","ZoneC","EHP","MUL",353752.129967508,0,0,0,0,2
"1030674","Osaka","Retail","LargeGrocery","ZoneC","EHP","MUL",188694.341819811,1,0,0,0,2
"1030677","Osaka","Retail","LargeGrocery","ZoneC","EHP","MUL",29560.1823575148,1,0,1,0,2
"1030721","Osaka","Retail","LargeGrocery","ZoneC","GHP","MUL",76328.2415413808,0,0,0,0,1
"1030722","Osaka","Retail","LargeGrocery","ZoneC","GHP","MUL",40714.1217813652,1,0,0,0,1
"1030737","Osaka","Retail","LargeGrocery","ZoneC","GHP","MUL",81308.1123783728,0,0,0,0,2
"1030738","Osaka","Retail","LargeGrocery","ZoneC","GHP","MUL",43370.4264939903,1,0,0,0,2
"1031169","Osaka","Retail","LargeGrocery","ZoneC","AHP","CAV",71229.335337328,0,0,0,0,1
"1031170","Osaka","Retail","LargeGrocery","ZoneC","AHP","CAV",52120.9920832799,1,0,0,0,1
"1031185","Osaka","Retail","LargeGrocery","ZoneC","AHP","CAV",75876.5390802883,0,0,0,0,2
"1031186","Osaka","Retail","LargeGrocery","ZoneC","AHP","CAV",55521.5133481369,1,0,0,0,2
"1033505","Osaka","Retail","MediumDepartment","ZoneC","EHP","MUL",159237.596561296,0,0,0,0,3
"1033506","Osaka","Retail","MediumDepartment","ZoneC","EHP","MUL",98272.6412797899,1,0,0,0,3
"1033509","Osaka","Retail","MediumDepartment","ZoneC","EHP","MUL",48301.1086454424,1,0,1,0,3
"1033569","Osaka","Retail","MediumDepartment","ZoneC","GHP","MUL",62203.3603916575,0,0,0,0,3
"1033570","Osaka","Retail","MediumDepartment","ZoneC","GHP","MUL",38388.4751727823,1,0,0,0,3
"1033633","Osaka","Retail","MediumDepartment","ZoneC","ABCH","CAV",73987.4655747362,0,0,0,0,3
"1033637","Osaka","Retail","MediumDepartment","ZoneC","ABCH","CAV",69641.6613121677,1,0,1,0,3
"1033698","Osaka","Retail","MediumDepartment","ZoneC","ABCH","VAV",70438.3425541573,1,0,0,0,3
"1033761","Osaka","Retail","MediumDepartment","ZoneC","ABCH","FCU",82812.1670662723,0,0,0,0,3
"1033957","Osaka","Retail","MediumDepartment","ZoneC","ABCH","OHUFCU",74883.3616192384,1,0,1,0,3
"1034017","Osaka","Retail","MediumDepartment","ZoneC","AHP","CAV",82894.8244307151,0,0,0,0,3
"1034021","Osaka","Retail","MediumDepartment","ZoneC","AHP","CAV",78025.8283303961,1,0,1,0,3
"1034082","Osaka","Retail","MediumDepartment","ZoneC","AHP","VAV",78918.4221119099,1,0,0,0,3
"1034145","Osaka","Retail","MediumDepartment","ZoneC","AHP","FCU",57373.9206922721,0,0,0,0,3
"1034146","Osaka","Retail","MediumDepartment","ZoneC","AHP","FCU",35408.0119818713,1,0,0,0,3
"1034341","Osaka","Retail","MediumDepartment","ZoneC","AHP","OHUFCU",83898.5774953765,1,0,1,0,3
"1035169","Osaka","Retail","MediumDepartment","ZoneC","COM","CAV",79854.9790340747,0,0,0,0,3
"1035170","Osaka","Retail","MediumDepartment","ZoneC","COM","CAV",65137.5770679027,1,0,0,0,3
"1035173","Osaka","Retail","MediumDepartment","ZoneC","COM","CAV",65860.3592265838,1,0,1,0,3
"1035553","Osaka","Retail","MediumDepartment","ZoneC","AHP+TESICE","CAV",41617.6681717932,0,0,0,0,3
"1035554","Osaka","Retail","MediumDepartment","ZoneC","AHP+TESICE","CAV",33947.4645252844,1,0,0,0,3
"1035557","Osaka","Retail","MediumDepartment","ZoneC","AHP+TESICE","CAV",34324.1537236829,1,0,1,0,3
"1035937","Osaka","Retail","MediumDepartment","ZoneC","COM+TESICE","CAV",54899.9834268084,0,0,0,0,3
"1036321","Osaka","Retail","MediumGeneral","ZoneC","EHP","MUL",258593.571879367,0,0,0,0,3
"1036322","Osaka","Retail","MediumGeneral","ZoneC","EHP","MUL",159589.656433796,1,0,0,0,3
"1036325","Osaka","Retail","MediumGeneral","ZoneC","EHP","MUL",78438.4873929591,1,0,1,0,3
"1036385","Osaka","Retail","MediumGeneral","ZoneC","GHP","MUL",101015.020911763,0,0,0,0,3
"1036386","Osaka","Retail","MediumGeneral","ZoneC","GHP","MUL",62340.8863754792,1,0,0,0,3
"1036449","Osaka","Retail","MediumGeneral","ZoneC","ABCH","CAV",93328.4825778545,0,0,0,0,3
"1036450","Osaka","Retail","MediumGeneral","ZoneC","ABCH","CAV",52071.1022929605,1,0,0,0,3
"1036453","Osaka","Retail","MediumGeneral","ZoneC","ABCH","CAV",87846.644346807,1,0,1,0,3
"1036514","Osaka","Retail","MediumGeneral","ZoneC","ABCH","VAV",114388.203487676,1,0,0,0,3
"1036577","Osaka","Retail","MediumGeneral","ZoneC","ABCH","FCU",83160.5541444671,0,0,0,0,3
"1036578","Osaka","Retail","MediumGeneral","ZoneC","ABCH","FCU",51322.0965560222,1,0,0,0,3
"1036769","Osaka","Retail","MediumGeneral","ZoneC","ABCH","OHUFCU",40350.7985371684,0,0,0,0,3
"1036770","Osaka","Retail","MediumGeneral","ZoneC","ABCH","OHUFCU",29110.8304395709,1,0,0,0,3
"1036773","Osaka","Retail","MediumGeneral","ZoneC","ABCH","OHUFCU",52145.0542037564,1,0,1,0,3
"1036833","Osaka","Retail","MediumGeneral","ZoneC","AHP","CAV",104564.308529552,0,0,0,0,3
"1036834","Osaka","Retail","MediumGeneral","ZoneC","AHP","CAV",58339.9478406062,1,0,0,0,3
"1036837","Osaka","Retail","MediumGeneral","ZoneC","AHP","CAV",98422.5112103659,1,0,1,0,3
"1036898","Osaka","Retail","MediumGeneral","ZoneC","AHP","VAV",128159.411481363,1,0,0,0,3
"1036961","Osaka","Retail","MediumGeneral","ZoneC","AHP","FCU",93172.2621097654,0,0,0,0,3
"1036962","Osaka","Retail","MediumGeneral","ZoneC","AHP","FCU",57500.7692232717,1,0,0,0,3
"1037153","Osaka","Retail","MediumGeneral","ZoneC","AHP","OHUFCU",45208.6354681119,0,0,0,0,3
"1037154","Osaka","Retail","MediumGeneral","ZoneC","AHP","OHUFCU",32615.4864148304,1,0,0,0,3
"1037157","Osaka","Retail","MediumGeneral","ZoneC","AHP","OHUFCU",58422.8028298145,1,0,1,0,3
"1037985","Osaka","Retail","MediumGeneral","ZoneC","COM","CAV",68146.5242763125,0,0,0,0,3
"1037989","Osaka","Retail","MediumGeneral","ZoneC","COM","CAV",64143.7995799234,1,0,1,0,3
"1038050","Osaka","Retail","MediumGeneral","ZoneC","COM","VAV",64877.5868123417,1,0,0,0,3
"1038113","Osaka","Retail","MediumGeneral","ZoneC","COM","FCU",76274.5596097665,0,0,0,0,3
"1038309","Osaka","Retail","MediumGeneral","ZoneC","COM","OHUFCU",68971.6937975477,1,0,1,0,3
"1038369","Osaka","Retail","MediumGeneral","ZoneC","AHP+TESICE","CAV",67584.9277949351,0,0,0,0,3
"1038370","Osaka","Retail","MediumGeneral","ZoneC","AHP+TESICE","CAV",55128.9161442612,1,0,0,0,3
"1038373","Osaka","Retail","MediumGeneral","ZoneC","AHP+TESICE","CAV",55740.639803785,1,0,1,0,3
"1038753","Osaka","Retail","MediumGeneral","ZoneC","COM+TESICE","CAV",89154.7167065636,0,0,0,0,3
"1039105","Osaka","Retail","MediumGrocery","ZoneC","EHP","MUL",359759.729437272,0,0,0,0,1
"1039106","Osaka","Retail","MediumGrocery","ZoneC","EHP","MUL",191898.845572109,1,0,0,0,1
"1039109","Osaka","Retail","MediumGrocery","ZoneC","EHP","MUL",30062.1884821801,1,0,1,0,1
"1039121","Osaka","Retail","MediumGrocery","ZoneC","EHP","MUL",383231.473955026,0,0,0,0,2
"1039122","Osaka","Retail","MediumGrocery","ZoneC","EHP","MUL",204418.870210681,1,0,0,0,2
"1039125","Osaka","Retail","MediumGrocery","ZoneC","EHP","MUL",32023.530872564,1,0,1,0,2
"1039169","Osaka","Retail","MediumGrocery","ZoneC","GHP","MUL",82688.9282984258,0,0,0,0,1
"1039170","Osaka","Retail","MediumGrocery","ZoneC","GHP","MUL",44106.9652428386,1,0,0,0,1
"1039185","Osaka","Retail","MediumGrocery","ZoneC","GHP","MUL",88083.7883693499,0,0,0,0,2
"1039186","Osaka","Retail","MediumGrocery","ZoneC","GHP","MUL",46984.628680191,1,0,0,0,2
"1039617","Osaka","Retail","MediumGrocery","ZoneC","AHP","CAV",77165.1132465785,0,0,0,0,1
"1039618","Osaka","Retail","MediumGrocery","ZoneC","AHP","CAV",56464.4080642235,1,0,0,0,1
"1039633","Osaka","Retail","MediumGrocery","ZoneC","AHP","CAV",82199.583965801,0,0,0,0,2
"1039634","Osaka","Retail","MediumGrocery","ZoneC","AHP","CAV",60148.3060994559,1,0,0,0,2
"1041921","Osaka","Retail","SmallGeneral","ZoneC","EHP","MUL",658898.01855486,0,0,0,0,1
"1041922","Osaka","Retail","SmallGeneral","ZoneC","EHP","MUL",367836.481073553,1,0,0,0,1
"1041925","Osaka","Retail","SmallGeneral","ZoneC","EHP","MUL",91002.5439223576,1,0,1,0,1
"1041937","Osaka","Retail","SmallGeneral","ZoneC","EHP","MUL",701886.392987334,0,0,0,0,2
"1041938","Osaka","Retail","SmallGeneral","ZoneC","EHP","MUL",391835.175762291,1,0,0,0,2
"1041941","Osaka","Retail","SmallGeneral","ZoneC","EHP","MUL",96939.807842231,1,0,1,0,2
"1041985","Osaka","Retail","SmallGeneral","ZoneC","GHP","MUL",181939.911209328,0,0,0,0,1
"1041986","Osaka","Retail","SmallGeneral","ZoneC","GHP","MUL",101569.795053955,1,0,0,0,1
"1042001","Osaka","Retail","SmallGeneral","ZoneC","GHP","MUL",193810.186740634,0,0,0,0,2
"1042002","Osaka","Retail","SmallGeneral","ZoneC","GHP","MUL",108196.496391417,1,0,0,0,2
"1042049","Osaka","Retail","SmallGeneral","ZoneC","ABCH","CAV",106525.882526006,0,0,0,0,1
"1042065","Osaka","Retail","SmallGeneral","ZoneC","ABCH","CAV",75573.3408811536,0,0,0,0,2
"1042066","Osaka","Retail","SmallGeneral","ZoneC","ABCH","CAV",37902.5921774397,1,0,0,0,2
"1042114","Osaka","Retail","SmallGeneral","ZoneC","ABCH","VAV",53275.5306759241,1,0,0,0,1
"1042130","Osaka","Retail","SmallGeneral","ZoneC","ABCH","VAV",56751.3773112024,1,0,0,0,2
"1042177","Osaka","Retail","SmallGeneral","ZoneC","ABCH","FCU",61174.2247286406,0,0,0,0,1
"1042193","Osaka","Retail","SmallGeneral","ZoneC","ABCH","FCU",65165.4045534317,0,0,0,0,2
"1042369","Osaka","Retail","SmallGeneral","ZoneC","ABCH","OHUFCU",55335.1092000255,0,0,0,0,1
"1042385","Osaka","Retail","SmallGeneral","ZoneC","ABCH","OHUFCU",58945.3285762649,0,0,0,0,2
"1042433","Osaka","Retail","SmallGeneral","ZoneC","AHP","CAV",85885.8231656777,0,0,0,0,1
"1042434","Osaka","Retail","SmallGeneral","ZoneC","AHP","CAV",43074.6516075247,1,0,0,0,1
"1042437","Osaka","Retail","SmallGeneral","ZoneC","AHP","CAV",38336.5078829429,1,0,1,0,1
"1042449","Osaka","Retail","SmallGeneral","ZoneC","AHP","CAV",91489.2577196094,0,0,0,0,2
"1042450","Osaka","Retail","SmallGeneral","ZoneC","AHP","CAV",45884.9639771291,1,0,0,0,2
"1042453","Osaka","Retail","SmallGeneral","ZoneC","AHP","CAV",40837.690325288,1,0,1,0,2
"1042498","Osaka","Retail","SmallGeneral","ZoneC","AHP","VAV",83668.2627746466,1,0,0,0,1
"1042514","Osaka","Retail","SmallGeneral","ZoneC","AHP","VAV",89127.0174028055,1,0,0,0,2
"1042561","Osaka","Retail","SmallGeneral","ZoneC","AHP","FCU",61654.0326229092,0,0,0,0,1
"1042562","Osaka","Retail","SmallGeneral","ZoneC","AHP","FCU",34418.9871047801,1,0,0,0,1
"1042577","Osaka","Retail","SmallGeneral","ZoneC","AHP","FCU",65676.5164747785,0,0,0,0,2
"1042578","Osaka","Retail","SmallGeneral","ZoneC","AHP","FCU",36664.5793870151,1,0,0,0,2
"1042753","Osaka","Retail","SmallGeneral","ZoneC","AHP","OHUFCU",86902.7938055577,0,0,0,0,1
"1042769","Osaka","Retail","SmallGeneral","ZoneC","AHP","OHUFCU",40221.9717528015,0,0,0,0,2
"1042770","Osaka","Retail","SmallGeneral","ZoneC","AHP","OHUFCU",26076.1457427273,1,0,0,0,2
"1042773","Osaka","Retail","SmallGeneral","ZoneC","AHP","OHUFCU",26274.4609111951,1,0,1,0,2
"1043585","Osaka","Retail","SmallGeneral","ZoneC","COM","CAV",61816.7897603868,0,0,0,0,1
"1043601","Osaka","Retail","SmallGeneral","ZoneC","COM","CAV",65849.8923492538,0,0,0,0,2
"1044737","Osaka","Retail","SmallGrocery","ZoneC","EHP","MUL",546302.386451052,0,0,0,0,1
"1044738","Osaka","Retail","SmallGrocery","ZoneC","EHP","MUL",276226.557716723,1,0,0,0,1
"1044741","Osaka","Retail","SmallGrocery","ZoneC","EHP","MUL",29976.3694728573,1,0,1,0,1
"1044753","Osaka","Retail","SmallGrocery","ZoneC","EHP","MUL",292323.46004229,0,0,0,0,2
"1044754","Osaka","Retail","SmallGrocery","ZoneC","EHP","MUL",147807.340970784,1,0,0,0,2
"1044801","Osaka","Retail","SmallGrocery","ZoneC","GHP","MUL",119039.561071704,0,0,0,0,1
"1044802","Osaka","Retail","SmallGrocery","ZoneC","GHP","MUL",60189.9039844162,1,0,0,0,1
"1044817","Osaka","Retail","SmallGrocery","ZoneC","GHP","MUL",61457.6549006939,0,0,0,0,2
"1044818","Osaka","Retail","SmallGrocery","ZoneC","GHP","MUL",31074.7982794726,1,0,0,0,2
"1045249","Osaka","Retail","SmallGrocery","ZoneC","AHP","CAV",45407.0616959179,0,0,0,0,1
"1045250","Osaka","Retail","SmallGrocery","ZoneC","AHP","CAV",31822.0012317125,1,0,0,0,1
"1047553","Osaka","Retail","SpecialityShop","ZoneC","EHP","MUL",2989723.96444476,0,0,0,0,1
"1047554","Osaka","Retail","SpecialityShop","ZoneC","EHP","MUL",1297888.52833079,1,0,0,0,1
"1047557","Osaka","Retail","SpecialityShop","ZoneC","EHP","MUL",50713.3361119186,1,0,1,0,1
"1047569","Osaka","Retail","SpecialityShop","ZoneC","EHP","MUL",1453024.98938321,0,0,0,0,2
"1047570","Osaka","Retail","SpecialityShop","ZoneC","EHP","MUL",630782.134914811,1,0,0,0,2
"1047617","Osaka","Retail","SpecialityShop","ZoneC","GHP","MUL",597474.089413735,0,0,0,0,1
"1047618","Osaka","Retail","SpecialityShop","ZoneC","GHP","MUL",259373.365517036,1,0,0,0,1
"1047633","Osaka","Retail","SpecialityShop","ZoneC","GHP","MUL",286981.848116071,0,0,0,0,2
"1047634","Osaka","Retail","SpecialityShop","ZoneC","GHP","MUL",124583.557859728,1,0,0,0,2
"1050369","Osaka","Retail","SuperDrugStore","ZoneC","EHP","MUL",105684.303835417,0,0,0,0,1
"1050370","Osaka","Retail","SuperDrugStore","ZoneC","EHP","MUL",56372.8906868791,1,0,0,0,1
"1050385","Osaka","Retail","SuperDrugStore","ZoneC","EHP","MUL",112579.447388704,0,0,0,0,2
"1050386","Osaka","Retail","SuperDrugStore","ZoneC","EHP","MUL",60050.8178689998,1,0,0,0,2
"1050433","Osaka","Retail","SuperDrugStore","ZoneC","GHP","MUL",35323.1104575196,0,0,0,0,1
"1050449","Osaka","Retail","SuperDrugStore","ZoneC","GHP","MUL",37627.6903101011,0,0,0,0,2
"1053185","Hiroshima","Retail","ConvenienceDrug","ZoneC","EHP","MUL",282536.375334125,0,0,0,0,1
"1053186","Hiroshima","Retail","ConvenienceDrug","ZoneC","EHP","MUL",135757.439279469,1,0,0,0,1
"1053201","Hiroshima","Retail","ConvenienceDrug","ZoneC","EHP","MUL",135709.334664144,0,0,0,0,2
"1053202","Hiroshima","Retail","ConvenienceDrug","ZoneC","EHP","MUL",65207.716134027,1,0,0,0,2
"1053249","Hiroshima","Retail","ConvenienceDrug","ZoneC","GHP","MUL",58354.1299773973,0,0,0,0,1
"1053250","Hiroshima","Retail","ConvenienceDrug","ZoneC","GHP","MUL",28038.893214172,1,0,0,0,1
"1053265","Hiroshima","Retail","ConvenienceDrug","ZoneC","GHP","MUL",41496.7442089065,0,0,0,0,2
"1056001","Hiroshima","Retail","ConvenienceStore","ZoneC","EHP","MUL",208678.816967309,0,0,0,0,1
"1056002","Hiroshima","Retail","ConvenienceStore","ZoneC","EHP","MUL",89715.3257697047,1,0,0,0,1
"1056017","Hiroshima","Retail","ConvenienceStore","ZoneC","EHP","MUL",100233.689823633,0,0,0,0,2
"1056018","Hiroshima","Retail","ConvenienceStore","ZoneC","EHP","MUL",43092.5297848296,1,0,0,0,2
"1056065","Hiroshima","Retail","ConvenienceStore","ZoneC","GHP","MUL",61376.0166946114,0,0,0,0,1
"1056081","Hiroshima","Retail","ConvenienceStore","ZoneC","GHP","MUL",29480.446119941,0,0,0,0,2
"1058817","Hiroshima","Retail","HomeCenter","ZoneC","EHP","MUL",320058.281208666,0,0,0,0,1
"1058818","Hiroshima","Retail","HomeCenter","ZoneC","EHP","MUL",178267.409783501,1,0,0,0,1
"1058821","Hiroshima","Retail","HomeCenter","ZoneC","EHP","MUL",45292.6208924172,1,0,1,0,1
"1058833","Hiroshima","Retail","HomeCenter","ZoneC","EHP","MUL",340939.790706887,0,0,0,0,2
"1058834","Hiroshima","Retail","HomeCenter","ZoneC","EHP","MUL",189898.08091177,1,0,0,0,2
"1058837","Hiroshima","Retail","HomeCenter","ZoneC","EHP","MUL",48247.6398651889,1,0,1,0,2
"1058881","Hiroshima","Retail","HomeCenter","ZoneC","GHP","MUL",91047.6562562255,0,0,0,0,1
"1058882","Hiroshima","Retail","HomeCenter","ZoneC","GHP","MUL",50712.1071398682,1,0,0,0,1
"1058897","Hiroshima","Retail","HomeCenter","ZoneC","GHP","MUL",96987.8634326354,0,0,0,0,2
"1058898","Hiroshima","Retail","HomeCenter","ZoneC","GHP","MUL",54020.7087574138,1,0,0,0,2
"1058945","Hiroshima","Retail","HomeCenter","ZoneC","ABCH","CAV",69153.6712673171,0,0,0,0,1
"1058946","Hiroshima","Retail","HomeCenter","ZoneC","ABCH","CAV",50185.9658338819,1,0,0,0,1
"1058949","Hiroshima","Retail","HomeCenter","ZoneC","ABCH","CAV",28843.6930754474,1,0,1,0,1
"1058961","Hiroshima","Retail","HomeCenter","ZoneC","ABCH","CAV",73665.4528027052,0,0,0,0,2
"1058962","Hiroshima","Retail","HomeCenter","ZoneC","ABCH","CAV",53460.2405012332,1,0,0,0,2
"1058965","Hiroshima","Retail","HomeCenter","ZoneC","ABCH","CAV",30725.5373715681,1,0,1,0,2
"1059329","Hiroshima","Retail","HomeCenter","ZoneC","AHP","CAV",65115.7003205962,0,0,0,0,1
"1059330","Hiroshima","Retail","HomeCenter","ZoneC","AHP","CAV",44774.7861025241,1,0,0,0,1
"1059345","Hiroshima","Retail","HomeCenter","ZoneC","AHP","CAV",69364.0331854513,0,0,0,0,2
"1059346","Hiroshima","Retail","HomeCenter","ZoneC","AHP","CAV",47696.0200657569,1,0,0,0,2
"1059457","Hiroshima","Retail","HomeCenter","ZoneC","AHP","FCU",43881.0540206285,0,0,0,0,1
"1059458","Hiroshima","Retail","HomeCenter","ZoneC","AHP","FCU",30821.2785733619,1,0,0,0,1
"1059473","Hiroshima","Retail","HomeCenter","ZoneC","AHP","FCU",46743.9783694795,0,0,0,0,2
"1059474","Hiroshima","Retail","HomeCenter","ZoneC","AHP","FCU",32832.1461529992,1,0,0,0,2
"1059649","Hiroshima","Retail","HomeCenter","ZoneC","AHP","OHUFCU",62413.7157271893,0,0,0,0,1
"1059665","Hiroshima","Retail","HomeCenter","ZoneC","AHP","OHUFCU",66485.7634581675,0,0,0,0,2
"1061633","Hiroshima","Retail","HousingClothingSuper","ZoneC","EHP","MUL",515569.833899568,0,0,0,0,1
"1061634","Hiroshima","Retail","HousingClothingSuper","ZoneC","EHP","MUL",287164.258036694,1,0,0,0,1
"1061637","Hiroshima","Retail","HousingClothingSuper","ZoneC","EHP","MUL",72960.1775720195,1,0,1,0,1
"1061649","Hiroshima","Retail","HousingClothingSuper","ZoneC","EHP","MUL",549207.071289314,0,0,0,0,2
"1061650","Hiroshima","Retail","HousingClothingSuper","ZoneC","EHP","MUL",305899.668222293,1,0,0,0,2
"1061653","Hiroshima","Retail","HousingClothingSuper","ZoneC","EHP","MUL",77720.3063685892,1,0,1,0,2
"1061697","Hiroshima","Retail","HousingClothingSuper","ZoneC","GHP","MUL",146665.241204501,0,0,0,0,1
"1061698","Hiroshima","Retail","HousingClothingSuper","ZoneC","GHP","MUL",81690.2239056673,1,0,0,0,1
"1061713","Hiroshima","Retail","HousingClothingSuper","ZoneC","GHP","MUL",156234.097275668,0,0,0,0,2
"1061714","Hiroshima","Retail","HousingClothingSuper","ZoneC","GHP","MUL",87019.9256710959,1,0,0,0,2
"1061761","Hiroshima","Retail","HousingClothingSuper","ZoneC","ABCH","CAV",57788.1832002799,0,0,0,0,1
"1061762","Hiroshima","Retail","HousingClothingSuper","ZoneC","ABCH","CAV",41781.7569693481,1,0,0,0,1
"1061765","Hiroshima","Retail","HousingClothingSuper","ZoneC","ABCH","CAV",30531.7831615477,1,0,1,0,1
"1061777","Hiroshima","Retail","HousingClothingSuper","ZoneC","ABCH","CAV",61558.4480777408,0,0,0,0,2
"1061778","Hiroshima","Retail","HousingClothingSuper","ZoneC","ABCH","CAV",44507.7172279392,1,0,0,0,2
"1061781","Hiroshima","Retail","HousingClothingSuper","ZoneC","ABCH","CAV",32523.7632399191,1,0,1,0,2
"1061889","Hiroshima","Retail","HousingClothingSuper","ZoneC","ABCH","FCU",51150.7051785793,0,0,0,0,1
"1061890","Hiroshima","Retail","HousingClothingSuper","ZoneC","ABCH","FCU",37291.0018670636,1,0,0,0,1
"1061905","Hiroshima","Retail","HousingClothingSuper","ZoneC","ABCH","FCU",54487.9221754138,0,0,0,0,2
"1061906","Hiroshima","Retail","HousingClothingSuper","ZoneC","ABCH","FCU",39723.9725333577,1,0,0,0,2
"1062145","Hiroshima","Retail","HousingClothingSuper","ZoneC","AHP","CAV",68980.5108599096,0,0,0,0,1
"1062146","Hiroshima","Retail","HousingClothingSuper","ZoneC","AHP","CAV",34524.8790422352,1,0,0,0,1
"1062149","Hiroshima","Retail","HousingClothingSuper","ZoneC","AHP","CAV",31545.212814771,1,0,1,0,1
"1062161","Hiroshima","Retail","HousingClothingSuper","ZoneC","AHP","CAV",73480.9949194806,0,0,0,0,2
"1062162","Hiroshima","Retail","HousingClothingSuper","ZoneC","AHP","CAV",36777.3800146295,1,0,0,0,2
"1062165","Hiroshima","Retail","HousingClothingSuper","ZoneC","AHP","CAV",33603.3119163704,1,0,1,0,2
"1062210","Hiroshima","Retail","HousingClothingSuper","ZoneC","AHP","VAV",60729.4325743442,1,0,0,0,1
"1062226","Hiroshima","Retail","HousingClothingSuper","ZoneC","AHP","VAV",64691.5928981884,1,0,0,0,2
"1062273","Hiroshima","Retail","HousingClothingSuper","ZoneC","AHP","FCU",58963.9249751789,0,0,0,0,1
"1062274","Hiroshima","Retail","HousingClothingSuper","ZoneC","AHP","FCU",32841.9753311767,1,0,0,0,1
"1062289","Hiroshima","Retail","HousingClothingSuper","ZoneC","AHP","FCU",62810.8985787734,0,0,0,0,2
"1062290","Hiroshima","Retail","HousingClothingSuper","ZoneC","AHP","FCU",34984.6788951291,1,0,0,0,2
"1062465","Hiroshima","Retail","HousingClothingSuper","ZoneC","AHP","OHUFCU",76703.7275119908,0,0,0,0,1
"1062481","Hiroshima","Retail","HousingClothingSuper","ZoneC","AHP","OHUFCU",81708.096118052,0,0,0,0,2
"1063297","Hiroshima","Retail","HousingClothingSuper","ZoneC","COM","CAV",53763.3796516946,0,0,0,0,1
"1063313","Hiroshima","Retail","HousingClothingSuper","ZoneC","COM","CAV",57271.0549370011,0,0,0,0,2
"1064481","Hiroshima","Retail","LargeDepartment","ZoneC","EHP","MUL",23391.6440917625,0,0,0,0,3
"1064609","Hiroshima","Retail","LargeDepartment","ZoneC","ABCH","CAV",59765.6439687711,0,0,0,0,3
"1064610","Hiroshima","Retail","LargeDepartment","ZoneC","ABCH","CAV",48646.2629682483,1,0,0,0,3
"1064613","Hiroshima","Retail","LargeDepartment","ZoneC","ABCH","CAV",78491.5124541366,1,0,1,0,3
"1067297","Hiroshima","Retail","LargeGeneral","ZoneC","EHP","MUL",24360.6282682846,0,0,0,0,3
"1067429","Hiroshima","Retail","LargeGeneral","ZoneC","ABCH","CAV",103761.655085577,1,0,1,0,3
"1067813","Hiroshima","Retail","LargeGeneral","ZoneC","AHP","CAV",90884.1211581987,1,0,1,0,3
"1070081","Hiroshima","Retail","LargeGrocery","ZoneC","EHP","MUL",174937.386381517,0,0,0,0,1
"1070082","Hiroshima","Retail","LargeGrocery","ZoneC","EHP","MUL",92141.9927878467,1,0,0,0,1
"1070097","Hiroshima","Retail","LargeGrocery","ZoneC","EHP","MUL",186350.79734381,0,0,0,0,2
"1070098","Hiroshima","Retail","LargeGrocery","ZoneC","EHP","MUL",98153.5975815683,1,0,0,0,2
"1070145","Hiroshima","Retail","LargeGrocery","ZoneC","GHP","MUL",59741.4090380757,0,0,0,0,1
"1070161","Hiroshima","Retail","LargeGrocery","ZoneC","GHP","MUL",63639.1079057776,0,0,0,0,2
"1070593","Hiroshima","Retail","LargeGrocery","ZoneC","AHP","CAV",64344.9509055186,0,0,0,0,1
"1070609","Hiroshima","Retail","LargeGrocery","ZoneC","AHP","CAV",68542.9978937798,0,0,0,0,2
"1072929","Hiroshima","Retail","MediumDepartment","ZoneC","EHP","MUL",101084.87941376,0,0,0,0,3
"1072930","Hiroshima","Retail","MediumDepartment","ZoneC","EHP","MUL",64744.5056934689,1,0,0,0,3
"1072993","Hiroshima","Retail","MediumDepartment","ZoneC","GHP","MUL",51212.5868892904,0,0,0,0,3
"1073057","Hiroshima","Retail","MediumDepartment","ZoneC","ABCH","CAV",68295.7906971316,0,0,0,0,3
"1073058","Hiroshima","Retail","MediumDepartment","ZoneC","ABCH","CAV",57370.2604626986,1,0,0,0,3
"1073061","Hiroshima","Retail","MediumDepartment","ZoneC","ABCH","CAV",49283.4598607937,1,0,1,0,3
"1073441","Hiroshima","Retail","MediumDepartment","ZoneC","AHP","CAV",102117.319330135,0,0,0,0,3
"1073506","Hiroshima","Retail","MediumDepartment","ZoneC","AHP","VAV",50347.176721497,1,0,0,0,3
"1073569","Hiroshima","Retail","MediumDepartment","ZoneC","AHP","FCU",65252.0238997246,0,0,0,0,3
"1073765","Hiroshima","Retail","MediumDepartment","ZoneC","AHP","OHUFCU",55676.148203643,1,0,1,0,3
"1074593","Hiroshima","Retail","MediumDepartment","ZoneC","COM","CAV",49080.138952435,0,0,0,0,3
"1074594","Hiroshima","Retail","MediumDepartment","ZoneC","COM","CAV",41228.6075979922,1,0,0,0,3
"1074597","Hiroshima","Retail","MediumDepartment","ZoneC","COM","CAV",35417.1030649786,1,0,1,0,3
"1075745","Hiroshima","Retail","MediumGeneral","ZoneC","EHP","MUL",109700.918778673,0,0,0,0,3
"1075746","Hiroshima","Retail","MediumGeneral","ZoneC","EHP","MUL",70263.0482584104,1,0,0,0,3
"1075809","Hiroshima","Retail","MediumGeneral","ZoneC","GHP","MUL",55577.727028708,0,0,0,0,3
"1075873","Hiroshima","Retail","MediumGeneral","ZoneC","ABCH","CAV",74117.0294869193,0,0,0,0,3
"1075874","Hiroshima","Retail","MediumGeneral","ZoneC","ABCH","CAV",62260.2541530379,1,0,0,0,3
"1075877","Hiroshima","Retail","MediumGeneral","ZoneC","ABCH","CAV",53484.1695283758,1,0,1,0,3
"1076257","Hiroshima","Retail","MediumGeneral","ZoneC","AHP","CAV",60364.1632973766,0,0,0,0,3
"1076261","Hiroshima","Retail","MediumGeneral","ZoneC","AHP","CAV",50457.1961255063,1,0,1,0,3
"1076322","Hiroshima","Retail","MediumGeneral","ZoneC","AHP","VAV",54638.5530288189,1,0,0,0,3
"1076385","Hiroshima","Retail","MediumGeneral","ZoneC","AHP","FCU",70813.8251287598,0,0,0,0,3
"1076581","Hiroshima","Retail","MediumGeneral","ZoneC","AHP","OHUFCU",60421.743067993,1,0,1,0,3
"1077409","Hiroshima","Retail","MediumGeneral","ZoneC","COM","CAV",53263.5184222637,0,0,0,0,3
"1077410","Hiroshima","Retail","MediumGeneral","ZoneC","COM","CAV",44742.7563815197,1,0,0,0,3
"1077413","Hiroshima","Retail","MediumGeneral","ZoneC","COM","CAV",38435.9042543237,1,0,1,0,3
"1078529","Hiroshima","Retail","MediumGrocery","ZoneC","EHP","MUL",189515.501892118,0,0,0,0,1
"1078530","Hiroshima","Retail","MediumGrocery","ZoneC","EHP","MUL",99820.4921756713,1,0,0,0,1
"1078545","Hiroshima","Retail","MediumGrocery","ZoneC","EHP","MUL",201880.030433219,0,0,0,0,2
"1078546","Hiroshima","Retail","MediumGrocery","ZoneC","EHP","MUL",106333.064034808,1,0,0,0,2
"1078593","Hiroshima","Retail","MediumGrocery","ZoneC","GHP","MUL",64719.8597840112,0,0,0,0,1
"1078609","Hiroshima","Retail","MediumGrocery","ZoneC","GHP","MUL",68942.3668902161,0,0,0,0,2
"1079041","Hiroshima","Retail","MediumGrocery","ZoneC","AHP","CAV",69707.0301398499,0,0,0,0,1
"1079057","Hiroshima","Retail","MediumGrocery","ZoneC","AHP","CAV",44097.9388285058,0,0,0,0,2
"1079058","Hiroshima","Retail","MediumGrocery","ZoneC","AHP","CAV",30156.9755481185,1,0,0,0,2
"1081345","Hiroshima","Retail","SmallGeneral","ZoneC","EHP","MUL",254455.360143806,0,0,0,0,1
"1081346","Hiroshima","Retail","SmallGeneral","ZoneC","EHP","MUL",141727.618442063,1,0,0,0,1
"1081349","Hiroshima","Retail","SmallGeneral","ZoneC","EHP","MUL",36008.9109943167,1,0,1,0,1
"1081361","Hiroshima","Retail","SmallGeneral","ZoneC","EHP","MUL",271056.749114748,0,0,0,0,2
"1081362","Hiroshima","Retail","SmallGeneral","ZoneC","EHP","MUL",150974.3300081,1,0,0,0,2
"1081365","Hiroshima","Retail","SmallGeneral","ZoneC","EHP","MUL",38358.2344178784,1,0,1,0,2
"1081409","Hiroshima","Retail","SmallGeneral","ZoneC","GHP","MUL",72385.4545348349,0,0,0,0,1
"1081410","Hiroshima","Retail","SmallGeneral","ZoneC","GHP","MUL",40317.555406459,1,0,0,0,1
"1081425","Hiroshima","Retail","SmallGeneral","ZoneC","GHP","MUL",77108.0867713579,0,0,0,0,2
"1081426","Hiroshima","Retail","SmallGeneral","ZoneC","GHP","MUL",42947.9870046842,1,0,0,0,2
"1081473","Hiroshima","Retail","SmallGeneral","ZoneC","ABCH","CAV",68267.25085315,0,0,0,0,1
"1081474","Hiroshima","Retail","SmallGeneral","ZoneC","ABCH","CAV",49542.6758421201,1,0,0,0,1
"1081489","Hiroshima","Retail","SmallGeneral","ZoneC","ABCH","CAV",72721.1998080845,0,0,0,0,2
"1081490","Hiroshima","Retail","SmallGeneral","ZoneC","ABCH","CAV",52774.9804469492,1,0,0,0,2
"1081857","Hiroshima","Retail","SmallGeneral","ZoneC","AHP","CAV",91644.5976063419,0,0,0,0,1
"1081858","Hiroshima","Retail","SmallGeneral","ZoneC","AHP","CAV",66508.0039865562,1,0,0,0,1
"1081861","Hiroshima","Retail","SmallGeneral","ZoneC","AHP","CAV",38224.5598380761,1,0,1,0,1
"1081873","Hiroshima","Retail","SmallGeneral","ZoneC","AHP","CAV",55314.7412153233,0,0,0,0,2
"1081874","Hiroshima","Retail","SmallGeneral","ZoneC","AHP","CAV",39993.4198704801,1,0,0,0,2
"1081877","Hiroshima","Retail","SmallGeneral","ZoneC","AHP","CAV",29224.9659168243,1,0,1,0,2
"1082001","Hiroshima","Retail","SmallGeneral","ZoneC","AHP","FCU",48961.3596282902,0,0,0,0,2
"1082002","Hiroshima","Retail","SmallGeneral","ZoneC","AHP","FCU",35694.8774594244,1,0,0,0,2
"1084161","Hiroshima","Retail","SmallGrocery","ZoneC","EHP","MUL",305439.901594122,0,0,0,0,1
"1084162","Hiroshima","Retail","SmallGrocery","ZoneC","EHP","MUL",154269.875155987,1,0,0,0,1
"1084177","Hiroshima","Retail","SmallGrocery","ZoneC","EHP","MUL",146710.474982913,0,0,0,0,2
"1084178","Hiroshima","Retail","SmallGrocery","ZoneC","EHP","MUL",74099.7051844427,1,0,0,0,2
"1084225","Hiroshima","Retail","SmallGrocery","ZoneC","GHP","MUL",65321.7860965611,0,0,0,0,1
"1084226","Hiroshima","Retail","SmallGrocery","ZoneC","GHP","MUL",32992.3619457992,1,0,0,0,1
"1084241","Hiroshima","Retail","SmallGrocery","ZoneC","GHP","MUL",47222.7606201948,0,0,0,0,2
"1086977","Hiroshima","Retail","SpecialityShop","ZoneC","EHP","MUL",1399239.2740956,0,0,0,0,1
"1086978","Hiroshima","Retail","SpecialityShop","ZoneC","EHP","MUL",601561.812212677,1,0,0,0,1
"1086993","Hiroshima","Retail","SpecialityShop","ZoneC","EHP","MUL",672089.852851307,0,0,0,0,2
"1086994","Hiroshima","Retail","SpecialityShop","ZoneC","EHP","MUL",288945.284295502,1,0,0,0,2
"1087041","Hiroshima","Retail","SpecialityShop","ZoneC","GHP","MUL",287806.363284874,0,0,0,0,1
"1087042","Hiroshima","Retail","SpecialityShop","ZoneC","GHP","MUL",123733.889313458,1,0,0,0,1
"1087057","Hiroshima","Retail","SpecialityShop","ZoneC","GHP","MUL",138240.642562599,0,0,0,0,2
"1087058","Hiroshima","Retail","SpecialityShop","ZoneC","GHP","MUL",59432.5023610797,1,0,0,0,2
"1089793","Hiroshima","Retail","SuperDrugStore","ZoneC","EHP","MUL",54524.8552095209,0,0,0,0,1
"1089794","Hiroshima","Retail","SuperDrugStore","ZoneC","EHP","MUL",28719.0115240276,1,0,0,0,1
"1089809","Hiroshima","Retail","SuperDrugStore","ZoneC","EHP","MUL",58082.2113186866,0,0,0,0,2
"1089810","Hiroshima","Retail","SuperDrugStore","ZoneC","EHP","MUL",30592.7212423132,1,0,0,0,2
"1089857","Hiroshima","Retail","SuperDrugStore","ZoneC","GHP","MUL",18620.3289370624,0,0,0,0,1
"1089873","Hiroshima","Retail","SuperDrugStore","ZoneC","GHP","MUL",19835.1719778078,0,0,0,0,2
"1092609","Matsuyama","Retail","ConvenienceDrug","ZoneC","EHP","MUL",184998.475447419,0,0,0,0,1
"1092610","Matsuyama","Retail","ConvenienceDrug","ZoneC","EHP","MUL",87717.578579118,1,0,0,0,1
"1092625","Matsuyama","Retail","ConvenienceDrug","ZoneC","EHP","MUL",88859.4255771851,0,0,0,0,2
"1092626","Matsuyama","Retail","ConvenienceDrug","ZoneC","EHP","MUL",42132.9615106878,1,0,0,0,2
"1092673","Matsuyama","Retail","ConvenienceDrug","ZoneC","GHP","MUL",57598.4808671232,0,0,0,0,1
"1092689","Matsuyama","Retail","ConvenienceDrug","ZoneC","GHP","MUL",27666.0005526681,0,0,0,0,2
"1095425","Matsuyama","Retail","ConvenienceStore","ZoneC","EHP","MUL",91334.2079236463,0,0,0,0,1
"1095426","Matsuyama","Retail","ConvenienceStore","ZoneC","EHP","MUL",39127.3652605179,1,0,0,0,1
"1095441","Matsuyama","Retail","ConvenienceStore","ZoneC","EHP","MUL",62663.9783111922,0,0,0,0,2
"1095489","Matsuyama","Retail","ConvenienceStore","ZoneC","GHP","MUL",26600.6431962253,0,0,0,0,1
"1095505","Matsuyama","Retail","ConvenienceStore","ZoneC","GHP","MUL",12776.9586678138,0,0,0,0,2
"1098241","Matsuyama","Retail","HomeCenter","ZoneC","EHP","MUL",167827.614727007,0,0,0,0,1
"1098242","Matsuyama","Retail","HomeCenter","ZoneC","EHP","MUL",96456.7007518108,1,0,0,0,1
"1098257","Matsuyama","Retail","HomeCenter","ZoneC","EHP","MUL",178777.164033312,0,0,0,0,2
"1098258","Matsuyama","Retail","HomeCenter","ZoneC","EHP","MUL",102749.809323505,1,0,0,0,2
"1098305","Matsuyama","Retail","HomeCenter","ZoneC","GHP","MUL",66259.2937409471,0,0,0,0,1
"1098321","Matsuyama","Retail","HomeCenter","ZoneC","GHP","MUL",70582.2378821578,0,0,0,0,2
"1098753","Matsuyama","Retail","HomeCenter","ZoneC","AHP","CAV",72883.8133375507,0,0,0,0,1
"1098754","Matsuyama","Retail","HomeCenter","ZoneC","AHP","CAV",55350.4749122947,1,0,0,0,1
"1098757","Matsuyama","Retail","HomeCenter","ZoneC","AHP","CAV",28201.7929211968,1,0,1,0,1
"1098769","Matsuyama","Retail","HomeCenter","ZoneC","AHP","CAV",77638.9599150028,0,0,0,0,2
"1098770","Matsuyama","Retail","HomeCenter","ZoneC","AHP","CAV",58961.6967911581,1,0,0,0,2
"1098773","Matsuyama","Retail","HomeCenter","ZoneC","AHP","CAV",30041.7578317341,1,0,1,0,2
"1101057","Matsuyama","Retail","HousingClothingSuper","ZoneC","EHP","MUL",267250.401432207,0,0,0,0,1
"1101058","Matsuyama","Retail","HousingClothingSuper","ZoneC","EHP","MUL",153598.63177868,1,0,0,0,1
"1101061","Matsuyama","Retail","HousingClothingSuper","ZoneC","EHP","MUL",35136.3938636494,1,0,1,0,1
"1101073","Matsuyama","Retail","HousingClothingSuper","ZoneC","EHP","MUL",284686.575165425,0,0,0,0,2
"1101074","Matsuyama","Retail","HousingClothingSuper","ZoneC","EHP","MUL",163619.841904187,1,0,0,0,2
"1101077","Matsuyama","Retail","HousingClothingSuper","ZoneC","EHP","MUL",37428.7917963831,1,0,1,0,2
"1101121","Matsuyama","Retail","HousingClothingSuper","ZoneC","GHP","MUL",72596.9555288547,0,0,0,0,1
"1101122","Matsuyama","Retail","HousingClothingSuper","ZoneC","GHP","MUL",41724.1395364504,1,0,0,0,1
"1101137","Matsuyama","Retail","HousingClothingSuper","ZoneC","GHP","MUL",77333.3866897447,0,0,0,0,2
"1101138","Matsuyama","Retail","HousingClothingSuper","ZoneC","GHP","MUL",44446.340670398,1,0,0,0,2
"1101185","Matsuyama","Retail","HousingClothingSuper","ZoneC","ABCH","CAV",51850.2203489718,0,0,0,0,1
"1101186","Matsuyama","Retail","HousingClothingSuper","ZoneC","ABCH","CAV",39376.8408814045,1,0,0,0,1
"1101201","Matsuyama","Retail","HousingClothingSuper","ZoneC","ABCH","CAV",55233.0756983574,0,0,0,0,2
"1101202","Matsuyama","Retail","HousingClothingSuper","ZoneC","ABCH","CAV",41945.8975974809,1,0,0,0,2
"1101569","Matsuyama","Retail","HousingClothingSuper","ZoneC","AHP","CAV",83247.9425942418,0,0,0,0,1
"1101570","Matsuyama","Retail","HousingClothingSuper","ZoneC","AHP","CAV",63221.3511760467,1,0,0,0,1
"1101573","Matsuyama","Retail","HousingClothingSuper","ZoneC","AHP","CAV",32212.1076086574,1,0,1,0,1
"1101585","Matsuyama","Retail","HousingClothingSuper","ZoneC","AHP","CAV",88679.2743423982,0,0,0,0,2
"1101586","Matsuyama","Retail","HousingClothingSuper","ZoneC","AHP","CAV",67346.0913330192,1,0,0,0,2
"1101589","Matsuyama","Retail","HousingClothingSuper","ZoneC","AHP","CAV",34313.7168169795,1,0,1,0,2
"1103905","Matsuyama","Retail","LargeDepartment","ZoneC","EHP","MUL",5057.61414909715,0,0,0,0,3
"1104037","Matsuyama","Retail","LargeDepartment","ZoneC","ABCH","CAV",39894.9172558549,1,0,1,0,3
"1106721","Matsuyama","Retail","LargeGeneral","ZoneC","EHP","MUL",9966.38084947333,0,0,0,0,3
"1106853","Matsuyama","Retail","LargeGeneral","ZoneC","ABCH","CAV",78615.7123910004,1,0,1,0,3
"1109505","Matsuyama","Retail","LargeGrocery","ZoneC","EHP","MUL",137139.964077075,0,0,0,0,1
"1109506","Matsuyama","Retail","LargeGrocery","ZoneC","EHP","MUL",72617.2405737578,1,0,0,0,1
"1109521","Matsuyama","Retail","LargeGrocery","ZoneC","EHP","MUL",146087.364068247,0,0,0,0,2
"1109522","Matsuyama","Retail","LargeGrocery","ZoneC","EHP","MUL",77354.9951884769,1,0,0,0,2
"1109569","Matsuyama","Retail","LargeGrocery","ZoneC","GHP","MUL",44588.5128810396,0,0,0,0,1
"1109585","Matsuyama","Retail","LargeGrocery","ZoneC","GHP","MUL",47497.5938512954,0,0,0,0,2
"1112353","Matsuyama","Retail","MediumDepartment","ZoneC","EHP","MUL",37444.2802278792,0,0,0,0,3
"1112865","Matsuyama","Retail","MediumDepartment","ZoneC","AHP","CAV",49420.1912594711,0,0,0,0,3
"1112866","Matsuyama","Retail","MediumDepartment","ZoneC","AHP","CAV",37784.4513181019,1,0,0,0,3
"1112869","Matsuyama","Retail","MediumDepartment","ZoneC","AHP","CAV",44458.2191744729,1,0,1,0,3
"1115169","Matsuyama","Retail","MediumGeneral","ZoneC","EHP","MUL",66847.7793902903,0,0,0,0,3
"1115233","Matsuyama","Retail","MediumGeneral","ZoneC","GHP","MUL",23589.4523936741,0,0,0,0,3
"1115297","Matsuyama","Retail","MediumGeneral","ZoneC","ABCH","CAV",57001.6118577948,0,0,0,0,3
"1115298","Matsuyama","Retail","MediumGeneral","ZoneC","ABCH","CAV",43580.8638818536,1,0,0,0,3
"1115301","Matsuyama","Retail","MediumGeneral","ZoneC","ABCH","CAV",51278.4367823832,1,0,1,0,3
"1115681","Matsuyama","Retail","MediumGeneral","ZoneC","AHP","CAV",62360.417924605,0,0,0,0,3
"1115682","Matsuyama","Retail","MediumGeneral","ZoneC","AHP","CAV",47677.9655278481,1,0,0,0,3
"1115685","Matsuyama","Retail","MediumGeneral","ZoneC","AHP","CAV",56099.1986726173,1,0,1,0,3
"1117953","Matsuyama","Retail","MediumGrocery","ZoneC","EHP","MUL",148568.294400571,0,0,0,0,1
"1117954","Matsuyama","Retail","MediumGrocery","ZoneC","EHP","MUL",78668.6772796277,1,0,0,0,1
"1117969","Matsuyama","Retail","MediumGrocery","ZoneC","EHP","MUL",158261.311056614,0,0,0,0,2
"1117970","Matsuyama","Retail","MediumGrocery","ZoneC","EHP","MUL",83801.2447783451,1,0,0,0,2
"1118017","Matsuyama","Retail","MediumGrocery","ZoneC","GHP","MUL",48304.2222825063,0,0,0,0,1
"1118033","Matsuyama","Retail","MediumGrocery","ZoneC","GHP","MUL",51455.7266666053,0,0,0,0,2
"1120769","Matsuyama","Retail","SmallGeneral","ZoneC","EHP","MUL",166147.4497711,0,0,0,0,1
"1120770","Matsuyama","Retail","SmallGeneral","ZoneC","EHP","MUL",95491.0481765226,1,0,0,0,1
"1120785","Matsuyama","Retail","SmallGeneral","ZoneC","EHP","MUL",176987.380353111,0,0,0,0,2
"1120786","Matsuyama","Retail","SmallGeneral","ZoneC","EHP","MUL",101721.154836982,1,0,0,0,2
"1120833","Matsuyama","Retail","SmallGeneral","ZoneC","GHP","MUL",65595.9550911797,0,0,0,0,1
"1120849","Matsuyama","Retail","SmallGeneral","ZoneC","GHP","MUL",69875.6211385902,0,0,0,0,2
"1121281","Matsuyama","Retail","SmallGeneral","ZoneC","AHP","CAV",72154.1549364478,0,0,0,0,1
"1121282","Matsuyama","Retail","SmallGeneral","ZoneC","AHP","CAV",54796.3472236439,1,0,0,0,1
"1121285","Matsuyama","Retail","SmallGeneral","ZoneC","AHP","CAV",27919.4575961252,1,0,1,0,1
"1121297","Matsuyama","Retail","SmallGeneral","ZoneC","AHP","CAV",76861.6965315338,0,0,0,0,2
"1121298","Matsuyama","Retail","SmallGeneral","ZoneC","AHP","CAV",58371.4162413781,1,0,0,0,2
"1121301","Matsuyama","Retail","SmallGeneral","ZoneC","AHP","CAV",29741.0021497516,1,0,1,0,2
"1123585","Matsuyama","Retail","SmallGrocery","ZoneC","EHP","MUL",200634.337229651,0,0,0,0,1
"1123586","Matsuyama","Retail","SmallGrocery","ZoneC","EHP","MUL",101831.968762806,1,0,0,0,1
"1123601","Matsuyama","Retail","SmallGrocery","ZoneC","EHP","MUL",96369.723664848,0,0,0,0,2
"1123602","Matsuyama","Retail","SmallGrocery","ZoneC","EHP","MUL",48912.4584825491,1,0,0,0,2
"1123649","Matsuyama","Retail","SmallGrocery","ZoneC","GHP","MUL",60374.7646660321,0,0,0,0,1
"1123665","Matsuyama","Retail","SmallGrocery","ZoneC","GHP","MUL",28999.5195614797,0,0,0,0,2
"1126401","Matsuyama","Retail","SpecialityShop","ZoneC","EHP","MUL",900088.474646021,0,0,0,0,1
"1126402","Matsuyama","Retail","SpecialityShop","ZoneC","EHP","MUL",385595.838786919,1,0,0,0,1
"1126417","Matsuyama","Retail","SpecialityShop","ZoneC","EHP","MUL",432335.156450641,0,0,0,0,2
"1126418","Matsuyama","Retail","SpecialityShop","ZoneC","EHP","MUL",185211.389751679,1,0,0,0,2
"1126465","Matsuyama","Retail","SpecialityShop","ZoneC","GHP","MUL",183524.78645413,0,0,0,0,1
"1126466","Matsuyama","Retail","SpecialityShop","ZoneC","GHP","MUL",78621.597725491,1,0,0,0,1
"1126481","Matsuyama","Retail","SpecialityShop","ZoneC","GHP","MUL",88151.5756497386,0,0,0,0,2
"1126482","Matsuyama","Retail","SpecialityShop","ZoneC","GHP","MUL",37763.9328916161,1,0,0,0,2
"1129217","Matsuyama","Retail","SuperDrugStore","ZoneC","EHP","MUL",66669.5104309728,0,0,0,0,1
"1129233","Matsuyama","Retail","SuperDrugStore","ZoneC","EHP","MUL",71019.2182718344,0,0,0,0,2
"1132033","Fukuoka","Retail","ConvenienceDrug","ZoneC","EHP","MUL",528683.872416815,0,0,0,0,1
"1132034","Fukuoka","Retail","ConvenienceDrug","ZoneC","EHP","MUL",255602.590733971,1,0,0,0,1
"1132049","Fukuoka","Retail","ConvenienceDrug","ZoneC","EHP","MUL",253940.174919075,0,0,0,0,2
"1132050","Fukuoka","Retail","ConvenienceDrug","ZoneC","EHP","MUL",122772.359792318,1,0,0,0,2
"1132097","Fukuoka","Retail","ConvenienceDrug","ZoneC","GHP","MUL",107930.528027606,0,0,0,0,1
"1132098","Fukuoka","Retail","ConvenienceDrug","ZoneC","GHP","MUL",52181.1313385242,1,0,0,0,1
"1132113","Fukuoka","Retail","ConvenienceDrug","ZoneC","GHP","MUL",76905.6612227485,0,0,0,0,2
"1134849","Fukuoka","Retail","ConvenienceStore","ZoneC","EHP","MUL",364429.267177753,0,0,0,0,1
"1134850","Fukuoka","Retail","ConvenienceStore","ZoneC","EHP","MUL",155993.704422257,1,0,0,0,1
"1134865","Fukuoka","Retail","ConvenienceStore","ZoneC","EHP","MUL",175044.552484075,0,0,0,0,2
"1134866","Fukuoka","Retail","ConvenienceStore","ZoneC","EHP","MUL",74927.7037829357,1,0,0,0,2
"1134913","Fukuoka","Retail","ConvenienceStore","ZoneC","GHP","MUL",74395.757503582,0,0,0,0,1
"1134914","Fukuoka","Retail","ConvenienceStore","ZoneC","GHP","MUL",31845.0543123451,1,0,0,0,1
"1134929","Fukuoka","Retail","ConvenienceStore","ZoneC","GHP","MUL",51030.1368051018,0,0,0,0,2
"1137665","Fukuoka","Retail","HomeCenter","ZoneC","EHP","MUL",494031.185360751,0,0,0,0,1
"1137666","Fukuoka","Retail","HomeCenter","ZoneC","EHP","MUL",277715.237041891,1,0,0,0,1
"1137669","Fukuoka","Retail","HomeCenter","ZoneC","EHP","MUL",68021.8369590009,1,0,1,0,1
"1137681","Fukuoka","Retail","HomeCenter","ZoneC","EHP","MUL",526263.180266711,0,0,0,0,2
"1137682","Fukuoka","Retail","HomeCenter","ZoneC","EHP","MUL",295834.166313745,1,0,0,0,2
"1137685","Fukuoka","Retail","HomeCenter","ZoneC","EHP","MUL",72459.7744158347,1,0,1,0,2
"1137729","Fukuoka","Retail","HomeCenter","ZoneC","GHP","MUL",135808.154781807,0,0,0,0,1
"1137730","Fukuoka","Retail","HomeCenter","ZoneC","GHP","MUL",76343.3463616484,1,0,0,0,1
"1137745","Fukuoka","Retail","HomeCenter","ZoneC","GHP","MUL",144668.663759431,0,0,0,0,2
"1137746","Fukuoka","Retail","HomeCenter","ZoneC","GHP","MUL",81324.2026799304,1,0,0,0,2
"1137793","Fukuoka","Retail","HomeCenter","ZoneC","ABCH","CAV",86245.7868868761,0,0,0,0,1
"1137794","Fukuoka","Retail","HomeCenter","ZoneC","ABCH","CAV",65167.6950392479,1,0,0,0,1
"1137797","Fukuoka","Retail","HomeCenter","ZoneC","ABCH","CAV",35158.5409775706,1,0,1,0,1
"1137809","Fukuoka","Retail","HomeCenter","ZoneC","ABCH","CAV",91872.7064943262,0,0,0,0,2
"1137810","Fukuoka","Retail","HomeCenter","ZoneC","ABCH","CAV",69419.4201869312,1,0,0,0,2
"1137813","Fukuoka","Retail","HomeCenter","ZoneC","ABCH","CAV",37452.3838507943,1,0,1,0,2
"1138177","Fukuoka","Retail","HomeCenter","ZoneC","AHP","CAV",117436.743548576,0,0,0,0,1
"1138193","Fukuoka","Retail","HomeCenter","ZoneC","AHP","CAV",125098.64958203,0,0,0,0,2
"1138242","Fukuoka","Retail","HomeCenter","ZoneC","AHP","VAV",54902.3826296819,1,0,0,0,1
"1138258","Fukuoka","Retail","HomeCenter","ZoneC","AHP","VAV",58484.3696978721,1,0,0,0,2
"1138305","Fukuoka","Retail","HomeCenter","ZoneC","AHP","FCU",75807.5619584357,0,0,0,0,1
"1138321","Fukuoka","Retail","HomeCenter","ZoneC","AHP","FCU",51694.0895175253,0,0,0,0,2
"1138322","Fukuoka","Retail","HomeCenter","ZoneC","AHP","FCU",29059.3726660009,1,0,0,0,2
"1138497","Fukuoka","Retail","HomeCenter","ZoneC","AHP","OHUFCU",64844.9666937942,0,0,0,0,1
"1138513","Fukuoka","Retail","HomeCenter","ZoneC","AHP","OHUFCU",69075.6361294196,0,0,0,0,2
"1139329","Fukuoka","Retail","HomeCenter","ZoneC","COM","CAV",64433.8807624337,0,0,0,0,1
"1139345","Fukuoka","Retail","HomeCenter","ZoneC","COM","CAV",68637.7297866392,0,0,0,0,2
"1140481","Fukuoka","Retail","HousingClothingSuper","ZoneC","EHP","MUL",862754.379476492,0,0,0,0,1
"1140482","Fukuoka","Retail","HousingClothingSuper","ZoneC","EHP","MUL",484989.701268116,1,0,0,0,1
"1140485","Fukuoka","Retail","HousingClothingSuper","ZoneC","EHP","MUL",118790.350640639,1,0,1,0,1
"1140497","Fukuoka","Retail","HousingClothingSuper","ZoneC","EHP","MUL",919042.920743528,0,0,0,0,2
"1140498","Fukuoka","Retail","HousingClothingSuper","ZoneC","EHP","MUL",516631.804123022,1,0,0,0,2
"1140501","Fukuoka","Retail","HousingClothingSuper","ZoneC","EHP","MUL",126540.569837692,1,0,1,0,2
"1140545","Fukuoka","Retail","HousingClothingSuper","ZoneC","GHP","MUL",217958.507818769,0,0,0,0,1
"1140546","Fukuoka","Retail","HousingClothingSuper","ZoneC","GHP","MUL",122523.436693548,1,0,0,0,1
"1140549","Fukuoka","Retail","HousingClothingSuper","ZoneC","GHP","MUL",30010.1259232233,1,0,1,0,1
"1140561","Fukuoka","Retail","HousingClothingSuper","ZoneC","GHP","MUL",232178.738690622,0,0,0,0,2
"1140562","Fukuoka","Retail","HousingClothingSuper","ZoneC","GHP","MUL",130517.21300644,1,0,0,0,2
"1140565","Fukuoka","Retail","HousingClothingSuper","ZoneC","GHP","MUL",31968.0716046851,1,0,1,0,2
"1140609","Fukuoka","Retail","HousingClothingSuper","ZoneC","ABCH","CAV",122250.479245613,0,0,0,0,1
"1140625","Fukuoka","Retail","HousingClothingSuper","ZoneC","ABCH","CAV",86529.4104906235,0,0,0,0,2
"1140626","Fukuoka","Retail","HousingClothingSuper","ZoneC","ABCH","CAV",43697.0365502573,1,0,0,0,2
"1140674","Fukuoka","Retail","HousingClothingSuper","ZoneC","ABCH","VAV",57152.8329668675,1,0,0,0,1
"1140690","Fukuoka","Retail","HousingClothingSuper","ZoneC","ABCH","VAV",60881.6457941468,1,0,0,0,2
"1140737","Fukuoka","Retail","HousingClothingSuper","ZoneC","ABCH","FCU",50517.1497757786,0,0,0,0,1
"1140738","Fukuoka","Retail","HousingClothingSuper","ZoneC","ABCH","FCU",28397.7664576307,1,0,0,0,1
"1140753","Fukuoka","Retail","HousingClothingSuper","ZoneC","ABCH","FCU",53813.0318222683,0,0,0,0,2
"1140754","Fukuoka","Retail","HousingClothingSuper","ZoneC","ABCH","FCU",30250.5172371885,1,0,0,0,2
"1140929","Fukuoka","Retail","HousingClothingSuper","ZoneC","ABCH","OHUFCU",67502.9638547761,0,0,0,0,1
"1140945","Fukuoka","Retail","HousingClothingSuper","ZoneC","ABCH","OHUFCU",71907.0485595009,0,0,0,0,2
"1140993","Fukuoka","Retail","HousingClothingSuper","ZoneC","AHP","CAV",105212.229981749,0,0,0,0,1
"1140994","Fukuoka","Retail","HousingClothingSuper","ZoneC","AHP","CAV",53131.7922193033,1,0,0,0,1
"1140997","Fukuoka","Retail","HousingClothingSuper","ZoneC","AHP","CAV",46742.3525264991,1,0,1,0,1
"1141009","Fukuoka","Retail","HousingClothingSuper","ZoneC","AHP","CAV",112076.57409869,0,0,0,0,2
"1141010","Fukuoka","Retail","HousingClothingSuper","ZoneC","AHP","CAV",56598.2609502326,1,0,0,0,2
"1141013","Fukuoka","Retail","HousingClothingSuper","ZoneC","AHP","CAV",49791.9561004649,1,0,1,0,2
"1141058","Fukuoka","Retail","HousingClothingSuper","ZoneC","AHP","VAV",95879.1114023778,1,0,0,0,1
"1141074","Fukuoka","Retail","HousingClothingSuper","ZoneC","AHP","VAV",102134.536407689,1,0,0,0,2
"1141121","Fukuoka","Retail","HousingClothingSuper","ZoneC","AHP","FCU",84747.1451483493,0,0,0,0,1
"1141122","Fukuoka","Retail","HousingClothingSuper","ZoneC","AHP","FCU",47639.8539219973,1,0,0,0,1
"1141137","Fukuoka","Retail","HousingClothingSuper","ZoneC","AHP","FCU",90276.2891207518,0,0,0,0,2
"1141138","Fukuoka","Retail","HousingClothingSuper","ZoneC","AHP","FCU",50748.0130310486,1,0,0,0,2
"1141313","Fukuoka","Retail","HousingClothingSuper","ZoneC","AHP","OHUFCU",49204.4327130879,0,0,0,0,1
"1141314","Fukuoka","Retail","HousingClothingSuper","ZoneC","AHP","OHUFCU",32117.2348051819,1,0,0,0,1
"1141317","Fukuoka","Retail","HousingClothingSuper","ZoneC","AHP","OHUFCU",31920.7363215323,1,0,1,0,1
"1141329","Fukuoka","Retail","HousingClothingSuper","ZoneC","AHP","OHUFCU",52414.6693774005,0,0,0,0,2
"1141330","Fukuoka","Retail","HousingClothingSuper","ZoneC","AHP","OHUFCU",34212.6542428801,1,0,0,0,2
"1141333","Fukuoka","Retail","HousingClothingSuper","ZoneC","AHP","OHUFCU",34003.3356411661,1,0,1,0,2
"1142145","Fukuoka","Retail","HousingClothingSuper","ZoneC","COM","CAV",64094.4521243102,0,0,0,0,1
"1142146","Fukuoka","Retail","HousingClothingSuper","ZoneC","COM","CAV",48430.0492871996,1,0,0,0,1
"1142161","Fukuoka","Retail","HousingClothingSuper","ZoneC","COM","CAV",68276.1558620257,0,0,0,0,2
"1142162","Fukuoka","Retail","HousingClothingSuper","ZoneC","COM","CAV",51589.7629817521,1,0,0,0,2
"1143329","Fukuoka","Retail","LargeDepartment","ZoneC","EHP","MUL",26639.7060252658,0,0,0,0,3
"1143461","Fukuoka","Retail","LargeDepartment","ZoneC","ABCH","CAV",89635.7791245161,1,0,1,0,3
"1144997","Fukuoka","Retail","LargeDepartment","ZoneC","COM","CAV",112546.052936419,1,0,1,0,3
"1146145","Fukuoka","Retail","LargeGeneral","ZoneC","EHP","MUL",44183.7922438787,0,0,0,0,3
"1146277","Fukuoka","Retail","LargeGeneral","ZoneC","ABCH","CAV",117243.531135037,1,0,1,0,3
"1146661","Fukuoka","Retail","LargeGeneral","ZoneC","AHP","CAV",70878.8485816003,1,0,1,0,3
"1147813","Fukuoka","Retail","LargeGeneral","ZoneC","COM","CAV",147210.151910952,1,0,1,0,3
"1148929","Fukuoka","Retail","LargeGrocery","ZoneC","EHP","MUL",232877.218340066,0,0,0,0,1
"1148930","Fukuoka","Retail","LargeGrocery","ZoneC","EHP","MUL",122827.920874461,1,0,0,0,1
"1148945","Fukuoka","Retail","LargeGrocery","ZoneC","EHP","MUL",248070.78817467,0,0,0,0,2
"1148946","Fukuoka","Retail","LargeGrocery","ZoneC","EHP","MUL",130841.562598401,1,0,0,0,2
"1148993","Fukuoka","Retail","LargeGrocery","ZoneC","GHP","MUL",52086.1008922114,0,0,0,0,1
"1148994","Fukuoka","Retail","LargeGrocery","ZoneC","GHP","MUL",27472.1053637173,1,0,0,0,1
"1149009","Fukuoka","Retail","LargeGrocery","ZoneC","GHP","MUL",55484.3457568611,0,0,0,0,2
"1149010","Fukuoka","Retail","LargeGrocery","ZoneC","GHP","MUL",29264.4633896436,1,0,0,0,2
"1149441","Fukuoka","Retail","LargeGrocery","ZoneC","AHP","CAV",49572.170884757,0,0,0,0,1
"1149442","Fukuoka","Retail","LargeGrocery","ZoneC","AHP","CAV",34742.7573223312,1,0,0,0,1
"1149457","Fukuoka","Retail","LargeGrocery","ZoneC","AHP","CAV",52806.399829774,0,0,0,0,2
"1149458","Fukuoka","Retail","LargeGrocery","ZoneC","AHP","CAV",37009.4732913132,1,0,0,0,2
"1151777","Fukuoka","Retail","MediumDepartment","ZoneC","EHP","MUL",100335.97173658,0,0,0,0,3
"1151778","Fukuoka","Retail","MediumDepartment","ZoneC","EHP","MUL",58619.4503498183,1,0,0,0,3
"1151781","Fukuoka","Retail","MediumDepartment","ZoneC","EHP","MUL",30790.9991443905,1,0,1,0,3
"1151841","Fukuoka","Retail","MediumDepartment","ZoneC","GHP","MUL",63974.0355597843,0,0,0,0,3
"1151905","Fukuoka","Retail","MediumDepartment","ZoneC","ABCH","CAV",63175.5799952613,0,0,0,0,3
"1151909","Fukuoka","Retail","MediumDepartment","ZoneC","ABCH","CAV",71483.0383639918,1,0,1,0,3
"1152033","Fukuoka","Retail","MediumDepartment","ZoneC","ABCH","FCU",85939.8392820434,0,0,0,0,3
"1152289","Fukuoka","Retail","MediumDepartment","ZoneC","AHP","CAV",73898.4870052466,0,0,0,0,3
"1152290","Fukuoka","Retail","MediumDepartment","ZoneC","AHP","CAV",56121.7001517404,1,0,0,0,3
"1152293","Fukuoka","Retail","MediumDepartment","ZoneC","AHP","CAV",60500.0717212426,1,0,1,0,3
"1153441","Fukuoka","Retail","MediumDepartment","ZoneC","COM","CAV",52888.2314811076,0,0,0,0,3
"1153442","Fukuoka","Retail","MediumDepartment","ZoneC","COM","CAV",40165.6054003895,1,0,0,0,3
"1153445","Fukuoka","Retail","MediumDepartment","ZoneC","COM","CAV",43299.1516807308,1,0,1,0,3
"1153825","Fukuoka","Retail","MediumDepartment","ZoneC","AHP+TESICE","CAV",59612.6719872915,0,0,0,0,3
"1154593","Fukuoka","Retail","MediumGeneral","ZoneC","EHP","MUL",170866.561215962,0,0,0,0,3
"1154594","Fukuoka","Retail","MediumGeneral","ZoneC","EHP","MUL",99825.6530363749,1,0,0,0,3
"1154597","Fukuoka","Retail","MediumGeneral","ZoneC","EHP","MUL",52435.3534345409,1,0,1,0,3
"1154657","Fukuoka","Retail","MediumGeneral","ZoneC","GHP","MUL",68767.855287545,0,0,0,0,3
"1154658","Fukuoka","Retail","MediumGeneral","ZoneC","GHP","MUL",40176.3575806592,1,0,0,0,3
"1154721","Fukuoka","Retail","MediumGeneral","ZoneC","ABCH","CAV",68677.3867869867,0,0,0,0,3
"1154725","Fukuoka","Retail","MediumGeneral","ZoneC","ABCH","CAV",66463.7740601959,1,0,1,0,3
"1154786","Fukuoka","Retail","MediumGeneral","ZoneC","ABCH","VAV",55869.3827811213,1,0,0,0,3
"1154849","Fukuoka","Retail","MediumGeneral","ZoneC","ABCH","FCU",86247.8004386684,0,0,0,0,3
"1155045","Fukuoka","Retail","MediumGeneral","ZoneC","ABCH","OHUFCU",76079.08950416,1,0,1,0,3
"1155105","Fukuoka","Retail","MediumGeneral","ZoneC","AHP","CAV",68497.2932935181,0,0,0,0,3
"1155109","Fukuoka","Retail","MediumGeneral","ZoneC","AHP","CAV",70138.5916729479,1,0,1,0,3
"1155233","Fukuoka","Retail","MediumGeneral","ZoneC","AHP","FCU",52141.3713400328,0,0,0,0,3
"1155234","Fukuoka","Retail","MediumGeneral","ZoneC","AHP","FCU",36336.7804330377,1,0,0,0,3
"1155429","Fukuoka","Retail","MediumGeneral","ZoneC","AHP","OHUFCU",78046.4799527589,1,0,1,0,3
"1156257","Fukuoka","Retail","MediumGeneral","ZoneC","COM","CAV",62545.8653934492,0,0,0,0,3
"1156261","Fukuoka","Retail","MediumGeneral","ZoneC","COM","CAV",70770.5175918346,1,0,1,0,3
"1156385","Fukuoka","Retail","MediumGeneral","ZoneC","COM","FCU",85083.2175988339,0,0,0,0,3
"1156641","Fukuoka","Retail","MediumGeneral","ZoneC","AHP+TESICE","CAV",95482.9365242316,0,0,0,0,3
"1157025","Fukuoka","Retail","MediumGeneral","ZoneC","COM+TESICE","CAV",61450.3320481484,0,0,0,0,3
"1157377","Fukuoka","Retail","MediumGrocery","ZoneC","EHP","MUL",252283.653375518,0,0,0,0,1
"1157378","Fukuoka","Retail","MediumGrocery","ZoneC","EHP","MUL",133063.581038991,1,0,0,0,1
"1157393","Fukuoka","Retail","MediumGrocery","ZoneC","EHP","MUL",268743.354041011,0,0,0,0,2
"1157394","Fukuoka","Retail","MediumGrocery","ZoneC","EHP","MUL",141745.026245906,1,0,0,0,2
"1157441","Fukuoka","Retail","MediumGrocery","ZoneC","GHP","MUL",56426.6093387639,0,0,0,0,1
"1157442","Fukuoka","Retail","MediumGrocery","ZoneC","GHP","MUL",29761.4474978609,1,0,0,0,1
"1157457","Fukuoka","Retail","MediumGrocery","ZoneC","GHP","MUL",60108.0412780037,0,0,0,0,2
"1157458","Fukuoka","Retail","MediumGrocery","ZoneC","GHP","MUL",31703.168693952,1,0,0,0,2
"1157889","Fukuoka","Retail","MediumGrocery","ZoneC","AHP","CAV",53703.1851621456,0,0,0,0,1
"1157890","Fukuoka","Retail","MediumGrocery","ZoneC","AHP","CAV",37637.9871251182,1,0,0,0,1
"1157905","Fukuoka","Retail","MediumGrocery","ZoneC","AHP","CAV",57206.9331883275,0,0,0,0,2
"1157906","Fukuoka","Retail","MediumGrocery","ZoneC","AHP","CAV",40093.5960932069,1,0,0,0,2
"1160193","Fukuoka","Retail","SmallGeneral","ZoneC","EHP","MUL",407846.869534466,0,0,0,0,1
"1160194","Fukuoka","Retail","SmallGeneral","ZoneC","EHP","MUL",229267.490405184,1,0,0,0,1
"1160197","Fukuoka","Retail","SmallGeneral","ZoneC","EHP","MUL",56155.3482569208,1,0,1,0,1
"1160209","Fukuoka","Retail","SmallGeneral","ZoneC","EHP","MUL",434455.955379214,0,0,0,0,2
"1160210","Fukuoka","Retail","SmallGeneral","ZoneC","EHP","MUL",244225.551357238,1,0,0,0,2
"1160213","Fukuoka","Retail","SmallGeneral","ZoneC","EHP","MUL",59819.0823542688,1,0,1,0,2
"1160257","Fukuoka","Retail","SmallGeneral","ZoneC","GHP","MUL",112116.263965333,0,0,0,0,1
"1160258","Fukuoka","Retail","SmallGeneral","ZoneC","GHP","MUL",63025.1606498229,1,0,0,0,1
"1160273","Fukuoka","Retail","SmallGeneral","ZoneC","GHP","MUL",119431.046829429,0,0,0,0,2
"1160274","Fukuoka","Retail","SmallGeneral","ZoneC","GHP","MUL",67137.1007807458,1,0,0,0,2
"1160321","Fukuoka","Retail","SmallGeneral","ZoneC","ABCH","CAV",80383.5213967915,0,0,0,0,1
"1160322","Fukuoka","Retail","SmallGeneral","ZoneC","ABCH","CAV",60738.141509891,1,0,0,0,1
"1160325","Fukuoka","Retail","SmallGeneral","ZoneC","ABCH","CAV",32768.7581383825,1,0,1,0,1
"1160337","Fukuoka","Retail","SmallGeneral","ZoneC","ABCH","CAV",75845.4058158464,0,0,0,0,2
"1160338","Fukuoka","Retail","SmallGeneral","ZoneC","ABCH","CAV",57309.1214625718,1,0,0,0,2
"1160341","Fukuoka","Retail","SmallGeneral","ZoneC","ABCH","CAV",30918.7718564683,1,0,1,0,2
"1160705","Fukuoka","Retail","SmallGeneral","ZoneC","AHP","CAV",109454.37833605,0,0,0,0,1
"1160721","Fukuoka","Retail","SmallGeneral","ZoneC","AHP","CAV",72266.2073604315,0,0,0,0,2
"1160722","Fukuoka","Retail","SmallGeneral","ZoneC","AHP","CAV",52978.157821241,1,0,0,0,2
"1160770","Fukuoka","Retail","SmallGeneral","ZoneC","AHP","VAV",51170.5789714284,1,0,0,0,1
"1160833","Fukuoka","Retail","SmallGeneral","ZoneC","AHP","FCU",70654.7994827535,0,0,0,0,1
"1160849","Fukuoka","Retail","SmallGeneral","ZoneC","AHP","FCU",47063.7703698715,0,0,0,0,2
"1160850","Fukuoka","Retail","SmallGeneral","ZoneC","AHP","FCU",33783.753893498,1,0,0,0,2
"1161025","Fukuoka","Retail","SmallGeneral","ZoneC","AHP","OHUFCU",60437.3495315401,0,0,0,0,1
"1161041","Fukuoka","Retail","SmallGeneral","ZoneC","AHP","OHUFCU",69156.0958128206,0,0,0,0,2
"1161873","Fukuoka","Retail","SmallGeneral","ZoneC","COM","CAV",56663.7978632703,0,0,0,0,2
"1163009","Fukuoka","Retail","SmallGrocery","ZoneC","EHP","MUL",379168.143026153,0,0,0,0,1
"1163010","Fukuoka","Retail","SmallGrocery","ZoneC","EHP","MUL",190089.776208042,1,0,0,0,1
"1163025","Fukuoka","Retail","SmallGrocery","ZoneC","EHP","MUL",195432.263499409,0,0,0,0,2
"1163026","Fukuoka","Retail","SmallGrocery","ZoneC","EHP","MUL",97976.7839564288,1,0,0,0,2
"1163073","Fukuoka","Retail","SmallGrocery","ZoneC","GHP","MUL",80915.3850800129,0,0,0,0,1
"1163074","Fukuoka","Retail","SmallGrocery","ZoneC","GHP","MUL",40565.6111267404,1,0,0,0,1
"1163089","Fukuoka","Retail","SmallGrocery","ZoneC","GHP","MUL",62614.1897664945,0,0,0,0,2
"1163521","Fukuoka","Retail","SmallGrocery","ZoneC","AHP","CAV",50474.024910279,0,0,0,0,1
"1165825","Fukuoka","Retail","SpecialityShop","ZoneC","EHP","MUL",2439741.38860882,0,0,0,0,1
"1165826","Fukuoka","Retail","SpecialityShop","ZoneC","EHP","MUL",1044329.67195184,1,0,0,0,1
"1165829","Fukuoka","Retail","SpecialityShop","ZoneC","EHP","MUL",42532.1338467116,1,0,1,0,1
"1165841","Fukuoka","Retail","SpecialityShop","ZoneC","EHP","MUL",1186174.92240216,0,0,0,0,2
"1165842","Fukuoka","Retail","SpecialityShop","ZoneC","EHP","MUL",507741.383317725,1,0,0,0,2
"1165889","Fukuoka","Retail","SpecialityShop","ZoneC","GHP","MUL",504136.693382047,0,0,0,0,1
"1165890","Fukuoka","Retail","SpecialityShop","ZoneC","GHP","MUL",215795.374901914,1,0,0,0,1
"1165905","Fukuoka","Retail","SpecialityShop","ZoneC","GHP","MUL",242149.546789333,0,0,0,0,2
"1165906","Fukuoka","Retail","SpecialityShop","ZoneC","GHP","MUL",103651.951777556,1,0,0,0,2
"1168641","Fukuoka","Retail","SuperDrugStore","ZoneC","EHP","MUL",101983.427994574,0,0,0,0,1
"1168642","Fukuoka","Retail","SuperDrugStore","ZoneC","EHP","MUL",53789.7717669045,1,0,0,0,1
"1168657","Fukuoka","Retail","SuperDrugStore","ZoneC","EHP","MUL",108637.11591756,0,0,0,0,2
"1168658","Fukuoka","Retail","SuperDrugStore","ZoneC","EHP","MUL",57299.1689486176,1,0,0,0,2
"1168705","Fukuoka","Retail","SuperDrugStore","ZoneC","GHP","MUL",34840.7571033024,0,0,0,0,1
"1168721","Fukuoka","Retail","SuperDrugStore","ZoneC","GHP","MUL",37113.8668557836,0,0,0,0,2
"1171457","Naha","Retail","ConvenienceDrug","ZoneC","EHP","MUL",40050.5271361577,0,0,0,0,1
"1171473","Naha","Retail","ConvenienceDrug","ZoneC","EHP","MUL",19237.2765601193,0,0,0,0,2
"1174273","Naha","Retail","ConvenienceStore","ZoneC","EHP","MUL",51130.96674765,0,0,0,0,1
"1174289","Naha","Retail","ConvenienceStore","ZoneC","EHP","MUL",29519.5496731546,0,0,0,0,2
"1174337","Naha","Retail","ConvenienceStore","ZoneC","GHP","MUL",10326.4605309494,0,0,0,0,1
"1177089","Naha","Retail","HomeCenter","ZoneC","EHP","MUL",58533.8140887991,0,0,0,0,1
"1177105","Naha","Retail","HomeCenter","ZoneC","EHP","MUL",62352.7260389807,0,0,0,0,2
"1179905","Naha","Retail","HousingClothingSuper","ZoneC","EHP","MUL",73473.434534046,0,0,0,0,1
"1179921","Naha","Retail","HousingClothingSuper","ZoneC","EHP","MUL",50116.3648478968,0,0,0,0,2
"1179922","Naha","Retail","HousingClothingSuper","ZoneC","EHP","MUL",28150.6848217916,1,0,0,0,2
"1179969","Naha","Retail","HousingClothingSuper","ZoneC","GHP","MUL",18891.9000352576,0,0,0,0,1
"1179985","Naha","Retail","HousingClothingSuper","ZoneC","GHP","MUL",20124.4611442404,0,0,0,0,2
"1180417","Naha","Retail","HousingClothingSuper","ZoneC","AHP","CAV",53552.7488510537,0,0,0,0,1
"1180433","Naha","Retail","HousingClothingSuper","ZoneC","AHP","CAV",57046.6819858756,0,0,0,0,2
"1182753","Naha","Retail","LargeDepartment","ZoneC","EHP","MUL",1259.22252652232,0,0,0,0,3
"1182885","Naha","Retail","LargeDepartment","ZoneC","ABCH","CAV",9978.91032204654,1,0,1,0,3
"1185569","Naha","Retail","LargeGeneral","ZoneC","EHP","MUL",3122.37383737033,0,0,0,0,3
"1185701","Naha","Retail","LargeGeneral","ZoneC","ABCH","CAV",24743.7508929209,1,0,1,0,3
"1188353","Naha","Retail","LargeGrocery","ZoneC","EHP","MUL",31245.9136604104,0,0,0,0,1
"1188369","Naha","Retail","LargeGrocery","ZoneC","EHP","MUL",33284.4856367908,0,0,0,0,2
"1191201","Naha","Retail","MediumDepartment","ZoneC","EHP","MUL",9406.90132600532,0,0,0,0,3
"1191329","Naha","Retail","MediumDepartment","ZoneC","ABCH","CAV",32869.884152961,0,0,0,0,3
"1194017","Naha","Retail","MediumGeneral","ZoneC","EHP","MUL",37617.8069250118,0,0,0,0,3
"1194145","Naha","Retail","MediumGeneral","ZoneC","ABCH","CAV",48049.7910203332,0,0,0,0,3
"1194146","Naha","Retail","MediumGeneral","ZoneC","ABCH","CAV",38468.5947213373,1,0,0,0,3
"1194149","Naha","Retail","MediumGeneral","ZoneC","ABCH","CAV",44926.9130726495,1,0,1,0,3
"1196801","Naha","Retail","MediumGrocery","ZoneC","EHP","MUL",33849.7397931775,0,0,0,0,1
"1196817","Naha","Retail","MediumGrocery","ZoneC","EHP","MUL",36058.1927672242,0,0,0,0,2
"1199617","Naha","Retail","SmallGeneral","ZoneC","EHP","MUL",72598.3788241401,0,0,0,0,1
"1199633","Naha","Retail","SmallGeneral","ZoneC","EHP","MUL",77334.9028448492,0,0,0,0,2
"1199681","Naha","Retail","SmallGeneral","ZoneC","GHP","MUL",18666.9008215736,0,0,0,0,1
"1199697","Naha","Retail","SmallGeneral","ZoneC","GHP","MUL",19884.7823440764,0,0,0,0,2
"1200129","Naha","Retail","SmallGeneral","ZoneC","AHP","CAV",52914.9450113332,0,0,0,0,1
"1200145","Naha","Retail","SmallGeneral","ZoneC","AHP","CAV",56367.2660157429,0,0,0,0,2
"1202433","Naha","Retail","SmallGrocery","ZoneC","EHP","MUL",44574.3725379118,0,0,0,0,1
"1202449","Naha","Retail","SmallGrocery","ZoneC","EHP","MUL",21410.1934062049,0,0,0,0,2
"1205249","Naha","Retail","SpecialityShop","ZoneC","EHP","MUL",289136.101546489,0,0,0,0,1
"1205250","Naha","Retail","SpecialityShop","ZoneC","EHP","MUL",122702.678392312,1,0,0,0,1
"1205265","Naha","Retail","SpecialityShop","ZoneC","EHP","MUL",138879.349329287,0,0,0,0,2
"1205266","Naha","Retail","SpecialityShop","ZoneC","EHP","MUL",58937.185792225,1,0,0,0,2
"1205313","Naha","Retail","SpecialityShop","ZoneC","GHP","MUL",83175.3666450647,0,0,0,0,1
"1205329","Naha","Retail","SpecialityShop","ZoneC","GHP","MUL",39951.2227567133,0,0,0,0,2
"1208065","Naha","Retail","SuperDrugStore","ZoneC","EHP","MUL",8083.65589293513,0,0,0,0,1
"1208081","Naha","Retail","SuperDrugStore","ZoneC","EHP","MUL",8611.056517194,0,0,0,0,2
"1210913","Sapporo","School","ElementarySchool","ZoneC","EHP","MUL",2181181.49100831,0,0,0,0,3
"1210914","Sapporo","School","ElementarySchool","ZoneC","EHP","MUL",2737174.95581618,1,0,0,0,3
"1210977","Sapporo","School","ElementarySchool","ZoneC","GHP","MUL",566381.504465195,0,0,0,0,3
"1210978","Sapporo","School","ElementarySchool","ZoneC","GHP","MUL",710754.825240593,1,0,0,0,3
"1211169","Sapporo","School","ElementarySchool","ZoneC","ABCH","FCU",153607.317272173,0,0,0,0,3
"1211170","Sapporo","School","ElementarySchool","ZoneC","ABCH","FCU",192762.548004724,1,0,0,0,3
"1211361","Sapporo","School","ElementarySchool","ZoneC","ABCH","OHUFCU",101780.109007641,0,0,0,0,3
"1211362","Sapporo","School","ElementarySchool","ZoneC","ABCH","OHUFCU",127724.339549191,1,0,0,0,3
"1211553","Sapporo","School","ElementarySchool","ZoneC","AHP","FCU",76128.9891835825,0,0,0,0,3
"1211554","Sapporo","School","ElementarySchool","ZoneC","AHP","FCU",95534.628119632,1,0,0,0,3
"1211745","Sapporo","School","ElementarySchool","ZoneC","AHP","OHUFCU",50443.018961247,0,0,0,0,3
"1211746","Sapporo","School","ElementarySchool","ZoneC","AHP","OHUFCU",63301.1827606601,1,0,0,0,3
"1213729","Sapporo","School","JuniorHighSchool","ZoneC","EHP","MUL",1286628.9272653,0,0,0,0,3
"1213730","Sapporo","School","JuniorHighSchool","ZoneC","EHP","MUL",1614596.71818103,1,0,0,0,3
"1213793","Sapporo","School","JuniorHighSchool","ZoneC","GHP","MUL",334095.457217588,0,0,0,0,3
"1213794","Sapporo","School","JuniorHighSchool","ZoneC","GHP","MUL",419257.967352913,1,0,0,0,3
"1213985","Sapporo","School","JuniorHighSchool","ZoneC","ABCH","FCU",90609.4328494577,0,0,0,0,3
"1213986","Sapporo","School","JuniorHighSchool","ZoneC","ABCH","FCU",113706.20527391,1,0,0,0,3
"1214177","Sapporo","School","JuniorHighSchool","ZoneC","ABCH","OHUFCU",60037.7515623011,0,0,0,0,3
"1214178","Sapporo","School","JuniorHighSchool","ZoneC","ABCH","OHUFCU",75341.6580221745,1,0,0,0,3
"1214369","Sapporo","School","JuniorHighSchool","ZoneC","AHP","FCU",44906.7443909881,0,0,0,0,3
"1214370","Sapporo","School","JuniorHighSchool","ZoneC","AHP","FCU",56353.685652004,1,0,0,0,3
"1214561","Sapporo","School","JuniorHighSchool","ZoneC","AHP","OHUFCU",29755.1797691672,0,0,0,0,3
"1214562","Sapporo","School","JuniorHighSchool","ZoneC","AHP","OHUFCU",37339.9156400885,1,0,0,0,3
"1216545","Sapporo","School","HighSchool","ZoneC","EHP","MUL",1140480.99611062,0,0,0,0,3
"1216546","Sapporo","School","HighSchool","ZoneC","EHP","MUL",1431194.98904935,1,0,0,0,3
"1216609","Sapporo","School","HighSchool","ZoneC","GHP","MUL",296145.618809781,0,0,0,0,3
"1216610","Sapporo","School","HighSchool","ZoneC","GHP","MUL",371634.535879954,1,0,0,0,3
"1216801","Sapporo","School","HighSchool","ZoneC","ABCH","FCU",80317.1248860469,0,0,0,0,3
"1216802","Sapporo","School","HighSchool","ZoneC","ABCH","FCU",100790.339395197,1,0,0,0,3
"1216993","Sapporo","School","HighSchool","ZoneC","ABCH","OHUFCU",53218.0749670773,0,0,0,0,3
"1216994","Sapporo","School","HighSchool","ZoneC","ABCH","OHUFCU",66783.6136502761,1,0,0,0,3
"1217185","Sapporo","School","HighSchool","ZoneC","AHP","FCU",39805.795975671,0,0,0,0,3
"1217186","Sapporo","School","HighSchool","ZoneC","AHP","FCU",49952.4813914351,1,0,0,0,3
"1217377","Sapporo","School","HighSchool","ZoneC","AHP","OHUFCU",26375.2946505865,0,0,0,0,3
"1217378","Sapporo","School","HighSchool","ZoneC","AHP","OHUFCU",33098.4818399887,1,0,0,0,3
"1219361","Sendai","School","ElementarySchool","ZoneC","EHP","MUL",4757292.37378052,0,0,0,0,3
"1219362","Sendai","School","ElementarySchool","ZoneC","EHP","MUL",5969948.67079485,1,0,0,0,3
"1219425","Sendai","School","ElementarySchool","ZoneC","GHP","MUL",885745.503077069,0,0,0,0,3
"1219426","Sendai","School","ElementarySchool","ZoneC","GHP","MUL",1111526.21560556,1,0,0,0,3
"1219489","Sendai","School","ElementarySchool","ZoneC","ABCH","CAV",44984.6280971907,0,0,0,0,3
"1219490","Sendai","School","ElementarySchool","ZoneC","ABCH","CAV",56451.4222827991,1,0,0,0,3
"1219554","Sendai","School","ElementarySchool","ZoneC","ABCH","VAV",50302.6750592051,1,0,0,0,3
"1219617","Sendai","School","ElementarySchool","ZoneC","ABCH","FCU",208381.718314638,0,0,0,0,3
"1219618","Sendai","School","ElementarySchool","ZoneC","ABCH","FCU",261499.202598266,1,0,0,0,3
"1219809","Sendai","School","ElementarySchool","ZoneC","ABCH","OHUFCU",164796.403180844,0,0,0,0,3
"1219810","Sendai","School","ElementarySchool","ZoneC","ABCH","OHUFCU",206803.784762849,1,0,0,0,3
"1220001","Sendai","School","ElementarySchool","ZoneC","AHP","FCU",118240.798279517,0,0,0,0,3
"1220002","Sendai","School","ElementarySchool","ZoneC","AHP","FCU",148380.936268074,1,0,0,0,3
"1220193","Sendai","School","ElementarySchool","ZoneC","AHP","OHUFCU",93509.4423027766,0,0,0,0,3
"1220194","Sendai","School","ElementarySchool","ZoneC","AHP","OHUFCU",117345.440834994,1,0,0,0,3
"1222177","Sendai","School","JuniorHighSchool","ZoneC","EHP","MUL",3047539.46630155,0,0,0,0,3
"1222178","Sendai","School","JuniorHighSchool","ZoneC","EHP","MUL",3824371.67122937,1,0,0,0,3
"1222241","Sendai","School","JuniorHighSchool","ZoneC","GHP","MUL",567411.915358352,0,0,0,0,3
"1222242","Sendai","School","JuniorHighSchool","ZoneC","GHP","MUL",712047.892737532,1,0,0,0,3
"1222305","Sendai","School","JuniorHighSchool","ZoneC","ABCH","CAV",30354.6671034654,0,0,0,0,3
"1222306","Sendai","School","JuniorHighSchool","ZoneC","ABCH","CAV",38092.2151275611,1,0,0,0,3
"1222433","Sendai","School","JuniorHighSchool","ZoneC","ABCH","FCU",140611.536817039,0,0,0,0,3
"1222434","Sendai","School","JuniorHighSchool","ZoneC","ABCH","FCU",176454.081726369,1,0,0,0,3
"1222625","Sendai","School","JuniorHighSchool","ZoneC","ABCH","OHUFCU",111201.096241038,0,0,0,0,3
"1222626","Sendai","School","JuniorHighSchool","ZoneC","ABCH","OHUFCU",139546.780928151,1,0,0,0,3
"1222817","Sendai","School","JuniorHighSchool","ZoneC","AHP","FCU",75745.5020569756,0,0,0,0,3
"1222818","Sendai","School","JuniorHighSchool","ZoneC","AHP","FCU",95053.3883130623,1,0,0,0,3
"1223009","Sendai","School","JuniorHighSchool","ZoneC","AHP","OHUFCU",59902.5019904539,0,0,0,0,3
"1223010","Sendai","School","JuniorHighSchool","ZoneC","AHP","OHUFCU",75171.9326956159,1,0,0,0,3
"1224993","Sendai","School","HighSchool","ZoneC","EHP","MUL",2891163.81600215,0,0,0,0,3
"1224994","Sendai","School","HighSchool","ZoneC","EHP","MUL",3628135.12903265,1,0,0,0,3
"1225057","Sendai","School","HighSchool","ZoneC","GHP","MUL",538296.8183324,0,0,0,0,3
"1225058","Sendai","School","HighSchool","ZoneC","GHP","MUL",675511.219955317,1,0,0,0,3
"1225121","Sendai","School","HighSchool","ZoneC","ABCH","CAV",28797.1053850977,0,0,0,0,3
"1225122","Sendai","School","HighSchool","ZoneC","ABCH","CAV",36137.6235700822,1,0,0,0,3
"1225249","Sendai","School","HighSchool","ZoneC","ABCH","FCU",133396.46355794,0,0,0,0,3
"1225250","Sendai","School","HighSchool","ZoneC","ABCH","FCU",167399.852213329,1,0,0,0,3
"1225441","Sendai","School","HighSchool","ZoneC","ABCH","OHUFCU",105495.134454167,0,0,0,0,3
"1225442","Sendai","School","HighSchool","ZoneC","ABCH","OHUFCU",132386.342529856,1,0,0,0,3
"1225633","Sendai","School","HighSchool","ZoneC","AHP","FCU",71858.8412696789,0,0,0,0,3
"1225634","Sendai","School","HighSchool","ZoneC","AHP","FCU",90175.99933255,1,0,0,0,3
"1225825","Sendai","School","HighSchool","ZoneC","AHP","OHUFCU",56828.7788092129,0,0,0,0,3
"1225826","Sendai","School","HighSchool","ZoneC","AHP","OHUFCU",71314.702956831,1,0,0,0,3
"1227777","Tokyo","School","ElementarySchool","ZoneC","EHP","MUL",5389665.36920226,0,0,0,0,1
"1227778","Tokyo","School","ElementarySchool","ZoneC","EHP","MUL",6763516.52974576,1,0,0,0,1
"1227793","Tokyo","School","ElementarySchool","ZoneC","EHP","MUL",5741302.41534964,0,0,0,0,2
"1227794","Tokyo","School","ElementarySchool","ZoneC","EHP","MUL",7204787.51990389,1,0,0,0,2
"1227841","Tokyo","School","ElementarySchool","ZoneC","GHP","MUL",2334514.69475497,0,0,0,0,1
"1227842","Tokyo","School","ElementarySchool","ZoneC","GHP","MUL",2929593.51746298,1,0,0,0,1
"1227857","Tokyo","School","ElementarySchool","ZoneC","GHP","MUL",2486825.0508194,0,0,0,0,2
"1227858","Tokyo","School","ElementarySchool","ZoneC","GHP","MUL",3120728.50272195,1,0,0,0,2
"1227905","Tokyo","School","ElementarySchool","ZoneC","ABCH","CAV",129159.012881559,0,0,0,0,1
"1227906","Tokyo","School","ElementarySchool","ZoneC","ABCH","CAV",162082.255344059,1,0,0,0,1
"1227921","Tokyo","School","ElementarySchool","ZoneC","ABCH","CAV",137585.712994057,0,0,0,0,2
"1227922","Tokyo","School","ElementarySchool","ZoneC","ABCH","CAV",172656.961118516,1,0,0,0,2
"1227969","Tokyo","School","ElementarySchool","ZoneC","ABCH","VAV",69252.6916480721,0,0,0,0,1
"1227970","Tokyo","School","ElementarySchool","ZoneC","ABCH","VAV",86905.5298623206,1,0,0,0,1
"1227985","Tokyo","School","ElementarySchool","ZoneC","ABCH","VAV",73770.9335537821,0,0,0,0,2
"1227986","Tokyo","School","ElementarySchool","ZoneC","ABCH","VAV",92575.4929715858,1,0,0,0,2
"1228033","Tokyo","School","ElementarySchool","ZoneC","ABCH","FCU",646749.20615201,0,0,0,0,1
"1228034","Tokyo","School","ElementarySchool","ZoneC","ABCH","FCU",811608.633701971,1,0,0,0,1
"1228049","Tokyo","School","ElementarySchool","ZoneC","ABCH","FCU",688944.957626489,0,0,0,0,2
"1228050","Tokyo","School","ElementarySchool","ZoneC","ABCH","FCU",864560.281537749,1,0,0,0,2
"1228225","Tokyo","School","ElementarySchool","ZoneC","ABCH","OHUFCU",534042.681298804,0,0,0,0,1
"1228226","Tokyo","School","ElementarySchool","ZoneC","ABCH","OHUFCU",670172.683297559,1,0,0,0,1
"1228241","Tokyo","School","ElementarySchool","ZoneC","ABCH","OHUFCU",568885.139615717,0,0,0,0,2
"1228242","Tokyo","School","ElementarySchool","ZoneC","ABCH","OHUFCU",713896.648816834,1,0,0,0,2
"1228289","Tokyo","School","ElementarySchool","ZoneC","AHP","CAV",64619.6548956393,0,0,0,0,1
"1228290","Tokyo","School","ElementarySchool","ZoneC","AHP","CAV",81091.510157673,1,0,0,0,1
"1228305","Tokyo","School","ElementarySchool","ZoneC","AHP","CAV",68835.6243508877,0,0,0,0,2
"1228306","Tokyo","School","ElementarySchool","ZoneC","AHP","CAV",86382.1501410783,1,0,0,0,2
"1228353","Tokyo","School","ElementarySchool","ZoneC","AHP","VAV",34647.8726884996,0,0,0,0,1
"1228354","Tokyo","School","ElementarySchool","ZoneC","AHP","VAV",43479.7790950571,1,0,0,0,1
"1228369","Tokyo","School","ElementarySchool","ZoneC","AHP","VAV",36908.3981150119,0,0,0,0,2
"1228370","Tokyo","School","ElementarySchool","ZoneC","AHP","VAV",46316.5231303162,1,0,0,0,2
"1228417","Tokyo","School","ElementarySchool","ZoneC","AHP","FCU",323575.641940653,0,0,0,0,1
"1228418","Tokyo","School","ElementarySchool","ZoneC","AHP","FCU",406056.601471834,1,0,0,0,1
"1228433","Tokyo","School","ElementarySchool","ZoneC","AHP","FCU",344686.634023283,0,0,0,0,2
"1228434","Tokyo","School","ElementarySchool","ZoneC","AHP","FCU",432548.885153508,1,0,0,0,2
"1228609","Tokyo","School","ElementarySchool","ZoneC","AHP","OHUFCU",267187.34523557,0,0,0,0,1
"1228610","Tokyo","School","ElementarySchool","ZoneC","AHP","OHUFCU",335294.661588079,1,0,0,0,1
"1228625","Tokyo","School","ElementarySchool","ZoneC","AHP","OHUFCU",284619.405003782,0,0,0,0,2
"1228626","Tokyo","School","ElementarySchool","ZoneC","AHP","OHUFCU",357170.235731058,1,0,0,0,2
"1229953","Tokyo","School","ElementarySchool","ZoneC","AHP+TESICE","FCU",33902.0871361625,0,0,0,0,1
"1229954","Tokyo","School","ElementarySchool","ZoneC","AHP+TESICE","FCU",42543.8892827321,1,0,0,0,1
"1229969","Tokyo","School","ElementarySchool","ZoneC","AHP+TESICE","FCU",36113.9553992484,0,0,0,0,2
"1229970","Tokyo","School","ElementarySchool","ZoneC","AHP+TESICE","FCU",45319.5732137767,1,0,0,0,2
"1230145","Tokyo","School","ElementarySchool","ZoneC","AHP+TESICE","OHUFCU",27994.0993256767,0,0,0,0,1
"1230146","Tokyo","School","ElementarySchool","ZoneC","AHP+TESICE","OHUFCU",35129.927473138,1,0,0,0,1
"1230161","Tokyo","School","ElementarySchool","ZoneC","AHP+TESICE","OHUFCU",29820.5137173172,0,0,0,0,2
"1230162","Tokyo","School","ElementarySchool","ZoneC","AHP+TESICE","OHUFCU",37421.9035202251,1,0,0,0,2
"1230593","Tokyo","School","JuniorHighSchool","ZoneC","EHP","MUL",3286854.99518185,0,0,0,0,1
"1230594","Tokyo","School","JuniorHighSchool","ZoneC","EHP","MUL",4124689.85882147,1,0,0,0,1
"1230609","Tokyo","School","JuniorHighSchool","ZoneC","EHP","MUL",3501298.73193495,0,0,0,0,2
"1230610","Tokyo","School","JuniorHighSchool","ZoneC","EHP","MUL",4393796.31699195,1,0,0,0,2
"1230657","Tokyo","School","JuniorHighSchool","ZoneC","GHP","MUL",1423689.73955735,0,0,0,0,1
"1230658","Tokyo","School","JuniorHighSchool","ZoneC","GHP","MUL",1786594.97892924,1,0,0,0,1
"1230673","Tokyo","School","JuniorHighSchool","ZoneC","GHP","MUL",1516575.2937346,0,0,0,0,2
"1230674","Tokyo","School","JuniorHighSchool","ZoneC","GHP","MUL",1903157.49960859,1,0,0,0,2
"1230721","Tokyo","School","JuniorHighSchool","ZoneC","ABCH","CAV",78766.8468414294,0,0,0,0,1
"1230722","Tokyo","School","JuniorHighSchool","ZoneC","ABCH","CAV",98844.8881543109,1,0,0,0,1
"1230737","Tokyo","School","JuniorHighSchool","ZoneC","ABCH","CAV",83905.8192006286,0,0,0,0,2
"1230738","Tokyo","School","JuniorHighSchool","ZoneC","ABCH","CAV",105293.808841663,1,0,0,0,2
"1230785","Tokyo","School","JuniorHighSchool","ZoneC","ABCH","VAV",42233.3373002979,0,0,0,0,1
"1230786","Tokyo","School","JuniorHighSchool","ZoneC","ABCH","VAV",52998.8144661332,1,0,0,0,1
"1230801","Tokyo","School","JuniorHighSchool","ZoneC","ABCH","VAV",44988.7599397226,0,0,0,0,2
"1230802","Tokyo","School","JuniorHighSchool","ZoneC","ABCH","VAV",56456.6073515092,1,0,0,0,2
"1230849","Tokyo","School","JuniorHighSchool","ZoneC","ABCH","FCU",394416.111808676,0,0,0,0,1
"1230850","Tokyo","School","JuniorHighSchool","ZoneC","ABCH","FCU",494954.641722198,1,0,0,0,1
"1230865","Tokyo","School","JuniorHighSchool","ZoneC","ABCH","FCU",420148.936948778,0,0,0,0,2
"1230866","Tokyo","School","JuniorHighSchool","ZoneC","ABCH","FCU",527246.885538792,1,0,0,0,2
"1231041","Tokyo","School","JuniorHighSchool","ZoneC","ABCH","OHUFCU",325682.715794856,0,0,0,0,1
"1231042","Tokyo","School","JuniorHighSchool","ZoneC","ABCH","OHUFCU",408700.778404178,1,0,0,0,1
"1231057","Tokyo","School","JuniorHighSchool","ZoneC","ABCH","OHUFCU",346931.179348414,0,0,0,0,2
"1231058","Tokyo","School","JuniorHighSchool","ZoneC","ABCH","OHUFCU",435365.575684061,1,0,0,0,2
"1231105","Tokyo","School","JuniorHighSchool","ZoneC","AHP","CAV",41491.2710531756,0,0,0,0,1
"1231106","Tokyo","School","JuniorHighSchool","ZoneC","AHP","CAV",52067.5920274902,1,0,0,0,1
"1231121","Tokyo","School","JuniorHighSchool","ZoneC","AHP","CAV",41978.9913186511,0,0,0,0,2
"1231122","Tokyo","School","JuniorHighSchool","ZoneC","AHP","CAV",52679.6344923685,1,0,0,0,2
"1231186","Tokyo","School","JuniorHighSchool","ZoneC","AHP","VAV",50754.2174476987,1,0,0,0,2
"1231233","Tokyo","School","JuniorHighSchool","ZoneC","AHP","FCU",207762.865457069,0,0,0,0,1
"1231234","Tokyo","School","JuniorHighSchool","ZoneC","AHP","FCU",260722.601224169,1,0,0,0,1
"1231249","Tokyo","School","JuniorHighSchool","ZoneC","AHP","FCU",210205.069740635,0,0,0,0,2
"1231250","Tokyo","School","JuniorHighSchool","ZoneC","AHP","FCU",263787.3349153,1,0,0,0,2
"1231425","Tokyo","School","JuniorHighSchool","ZoneC","AHP","OHUFCU",171556.820924705,0,0,0,0,1
"1231426","Tokyo","School","JuniorHighSchool","ZoneC","AHP","OHUFCU",215287.464922265,1,0,0,0,1
"1231441","Tokyo","School","JuniorHighSchool","ZoneC","AHP","OHUFCU",173573.431554403,0,0,0,0,2
"1231442","Tokyo","School","JuniorHighSchool","ZoneC","AHP","OHUFCU",217818.119126878,1,0,0,0,2
"1232769","Tokyo","School","JuniorHighSchool","ZoneC","AHP+TESICE","FCU",37747.0168773977,0,0,0,0,1
"1232770","Tokyo","School","JuniorHighSchool","ZoneC","AHP+TESICE","FCU",47368.9097764264,1,0,0,0,1
"1232785","Tokyo","School","JuniorHighSchool","ZoneC","AHP+TESICE","FCU",40209.7392555791,0,0,0,0,2
"1232786","Tokyo","School","JuniorHighSchool","ZoneC","AHP+TESICE","FCU",50459.3917214066,1,0,0,0,2
"1233409","Tokyo","School","HighSchool","ZoneC","EHP","MUL",2899346.61085353,0,0,0,0,1
"1233410","Tokyo","School","HighSchool","ZoneC","EHP","MUL",3638403.75694283,1,0,0,0,1
"1233425","Tokyo","School","HighSchool","ZoneC","EHP","MUL",3088508.20218788,0,0,0,0,2
"1233426","Tokyo","School","HighSchool","ZoneC","EHP","MUL",3875783.53140782,1,0,0,0,2
"1233473","Tokyo","School","HighSchool","ZoneC","GHP","MUL",1255841.83888348,0,0,0,0,1
"1233474","Tokyo","School","HighSchool","ZoneC","GHP","MUL",1575961.85554874,1,0,0,0,1
"1233489","Tokyo","School","HighSchool","ZoneC","GHP","MUL",1337776.52024175,0,0,0,0,2
"1233490","Tokyo","School","HighSchool","ZoneC","GHP","MUL",1678782.07420141,1,0,0,0,2
"1233537","Tokyo","School","HighSchool","ZoneC","ABCH","CAV",69480.5188461568,0,0,0,0,1
"1233538","Tokyo","School","HighSchool","ZoneC","ABCH","CAV",87191.4312893326,1,0,0,0,1
"1233553","Tokyo","School","HighSchool","ZoneC","ABCH","CAV",74013.6248440653,0,0,0,0,2
"1233554","Tokyo","School","HighSchool","ZoneC","ABCH","CAV",92880.0474181077,1,0,0,0,2
"1233601","Tokyo","School","HighSchool","ZoneC","ABCH","VAV",37254.1787046125,0,0,0,0,1
"1233602","Tokyo","School","HighSchool","ZoneC","ABCH","VAV",46750.4448254909,1,0,0,0,1
"1233617","Tokyo","School","HighSchool","ZoneC","ABCH","VAV",39684.74692341,0,0,0,0,2
"1233618","Tokyo","School","HighSchool","ZoneC","ABCH","VAV",49800.5763639812,1,0,0,0,2
"1233665","Tokyo","School","HighSchool","ZoneC","ABCH","FCU",347915.870555539,0,0,0,0,1
"1233666","Tokyo","School","HighSchool","ZoneC","ABCH","FCU",436601.269331044,1,0,0,0,1
"1233681","Tokyo","School","HighSchool","ZoneC","ABCH","FCU",370614.888147433,0,0,0,0,2
"1233682","Tokyo","School","HighSchool","ZoneC","ABCH","FCU",465086.373725288,1,0,0,0,2
"1233857","Tokyo","School","HighSchool","ZoneC","ABCH","OHUFCU",287285.894764928,0,0,0,0,1
"1233858","Tokyo","School","HighSchool","ZoneC","ABCH","OHUFCU",360516.426327409,1,0,0,0,1
"1233873","Tokyo","School","HighSchool","ZoneC","ABCH","OHUFCU",306029.240875468,0,0,0,0,2
"1233874","Tokyo","School","HighSchool","ZoneC","ABCH","OHUFCU",384037.539895198,1,0,0,0,2
"1233921","Tokyo","School","HighSchool","ZoneC","AHP","CAV",36599.5993995392,0,0,0,0,1
"1233922","Tokyo","School","HighSchool","ZoneC","AHP","CAV",45929.0101636674,1,0,0,0,1
"1233937","Tokyo","School","HighSchool","ZoneC","AHP","CAV",38987.4610090136,0,0,0,0,2
"1233938","Tokyo","School","HighSchool","ZoneC","AHP","CAV",48925.5489763945,1,0,0,0,2
"1234049","Tokyo","School","HighSchool","ZoneC","AHP","FCU",183268.370739563,0,0,0,0,1
"1234050","Tokyo","School","HighSchool","ZoneC","AHP","FCU",229984.344104108,1,0,0,0,1
"1234065","Tokyo","School","HighSchool","ZoneC","AHP","FCU",195225.318736252,0,0,0,0,2
"1234066","Tokyo","School","HighSchool","ZoneC","AHP","FCU",244989.174623463,1,0,0,0,2
"1234241","Tokyo","School","HighSchool","ZoneC","AHP","OHUFCU",151330.888659824,0,0,0,0,1
"1234242","Tokyo","School","HighSchool","ZoneC","AHP","OHUFCU",189905.846986439,1,0,0,0,1
"1234257","Tokyo","School","HighSchool","ZoneC","AHP","OHUFCU",161204.144796146,0,0,0,0,2
"1234258","Tokyo","School","HighSchool","ZoneC","AHP","OHUFCU",202295.84274796,1,0,0,0,2
"1235585","Tokyo","School","HighSchool","ZoneC","AHP+TESICE","FCU",33296.7793266642,0,0,0,0,1
"1235586","Tokyo","School","HighSchool","ZoneC","AHP+TESICE","FCU",41784.2856534381,1,0,0,0,1
"1235601","Tokyo","School","HighSchool","ZoneC","AHP+TESICE","FCU",35469.1555924624,0,0,0,0,2
"1235602","Tokyo","School","HighSchool","ZoneC","AHP+TESICE","FCU",44510.4108905469,1,0,0,0,2
"1236225","Nigata","School","ElementarySchool","ZoneC","EHP","MUL",1528228.47170467,0,0,0,0,1
"1236226","Nigata","School","ElementarySchool","ZoneC","EHP","MUL",1917781.12768669,1,0,0,0,1
"1236241","Nigata","School","ElementarySchool","ZoneC","EHP","MUL",1627934.42909105,0,0,0,0,2
"1236242","Nigata","School","ElementarySchool","ZoneC","EHP","MUL",2042902.60456918,1,0,0,0,2
"1236289","Nigata","School","ElementarySchool","ZoneC","GHP","MUL",290361.60780076,0,0,0,0,1
"1236290","Nigata","School","ElementarySchool","ZoneC","GHP","MUL",364376.153144119,1,0,0,0,1
"1236305","Nigata","School","ElementarySchool","ZoneC","GHP","MUL",309305.622148125,0,0,0,0,2
"1236306","Nigata","School","ElementarySchool","ZoneC","GHP","MUL",388149.086230151,1,0,0,0,2
"1236481","Nigata","School","ElementarySchool","ZoneC","ABCH","FCU",93377.8035312257,0,0,0,0,1
"1236482","Nigata","School","ElementarySchool","ZoneC","ABCH","FCU",117180.246718782,1,0,0,0,1
"1236497","Nigata","School","ElementarySchool","ZoneC","ABCH","FCU",99470.0361208552,0,0,0,0,2
"1236498","Nigata","School","ElementarySchool","ZoneC","ABCH","FCU",124825.418171999,1,0,0,0,2
"1236673","Nigata","School","ElementarySchool","ZoneC","ABCH","OHUFCU",70426.4808749121,0,0,0,0,1
"1236674","Nigata","School","ElementarySchool","ZoneC","ABCH","OHUFCU",88378.5235074427,1,0,0,0,1
"1236689","Nigata","School","ElementarySchool","ZoneC","ABCH","OHUFCU",75021.3041169857,0,0,0,0,2
"1236690","Nigata","School","ElementarySchool","ZoneC","ABCH","OHUFCU",94144.5888974403,1,0,0,0,2
"1236865","Nigata","School","ElementarySchool","ZoneC","AHP","FCU",43798.5243126098,0,0,0,0,1
"1236866","Nigata","School","ElementarySchool","ZoneC","AHP","FCU",54962.9750410004,1,0,0,0,1
"1236881","Nigata","School","ElementarySchool","ZoneC","AHP","FCU",46656.0641893722,0,0,0,0,2
"1236882","Nigata","School","ElementarySchool","ZoneC","AHP","FCU",58548.9153298594,1,0,0,0,2
"1237057","Nigata","School","ElementarySchool","ZoneC","AHP","OHUFCU",33033.2886211004,0,0,0,0,1
"1237058","Nigata","School","ElementarySchool","ZoneC","AHP","OHUFCU",41453.6299224351,1,0,0,0,1
"1237073","Nigata","School","ElementarySchool","ZoneC","AHP","OHUFCU",35188.474006381,0,0,0,0,2
"1237074","Nigata","School","ElementarySchool","ZoneC","AHP","OHUFCU",44158.1822423818,1,0,0,0,2
"1239041","Nigata","School","JuniorHighSchool","ZoneC","EHP","MUL",955106.963969755,0,0,0,0,1
"1239042","Nigata","School","JuniorHighSchool","ZoneC","EHP","MUL",1198568.24050672,1,0,0,0,1
"1239057","Nigata","School","JuniorHighSchool","ZoneC","EHP","MUL",1017420.84963031,0,0,0,0,2
"1239058","Nigata","School","JuniorHighSchool","ZoneC","EHP","MUL",1276766.22996005,1,0,0,0,2
"1239105","Nigata","School","JuniorHighSchool","ZoneC","GHP","MUL",181469.197057045,0,0,0,0,1
"1239106","Nigata","School","JuniorHighSchool","ZoneC","GHP","MUL",227726.55255157,1,0,0,0,1
"1239121","Nigata","School","JuniorHighSchool","ZoneC","GHP","MUL",193308.761862776,0,0,0,0,2
"1239122","Nigata","School","JuniorHighSchool","ZoneC","GHP","MUL",242584.078350136,1,0,0,0,2
"1239297","Nigata","School","JuniorHighSchool","ZoneC","ABCH","FCU",58358.9378709786,0,0,0,0,1
"1239298","Nigata","School","JuniorHighSchool","ZoneC","ABCH","FCU",73234.9067911042,1,0,0,0,1
"1239313","Nigata","School","JuniorHighSchool","ZoneC","ABCH","FCU",62166.440401008,0,0,0,0,2
"1239314","Nigata","School","JuniorHighSchool","ZoneC","ABCH","FCU",78012.9597006702,1,0,0,0,2
"1239489","Nigata","School","JuniorHighSchool","ZoneC","ABCH","OHUFCU",44014.8993275072,0,0,0,0,1
"1239490","Nigata","School","JuniorHighSchool","ZoneC","ABCH","OHUFCU",55234.5050692366,1,0,0,0,1
"1239505","Nigata","School","JuniorHighSchool","ZoneC","ABCH","OHUFCU",46886.5561235748,0,0,0,0,2
"1239506","Nigata","School","JuniorHighSchool","ZoneC","ABCH","OHUFCU",58838.1607468125,1,0,0,0,2
"1239681","Nigata","School","JuniorHighSchool","ZoneC","AHP","FCU",48018.0816848368,0,0,0,0,1
"1239682","Nigata","School","JuniorHighSchool","ZoneC","AHP","FCU",60258.1175183695,1,0,0,0,1
"1239697","Nigata","School","JuniorHighSchool","ZoneC","AHP","FCU",51150.9174452542,0,0,0,0,2
"1239698","Nigata","School","JuniorHighSchool","ZoneC","AHP","FCU",64189.5279119796,1,0,0,0,2
"1241857","Nigata","School","HighSchool","ZoneC","EHP","MUL",855122.120129174,0,0,0,0,1
"1241858","Nigata","School","HighSchool","ZoneC","EHP","MUL",1073096.78769555,1,0,0,0,1
"1241873","Nigata","School","HighSchool","ZoneC","EHP","MUL",910912.711162105,0,0,0,0,2
"1241874","Nigata","School","HighSchool","ZoneC","EHP","MUL",1143108.66390808,1,0,0,0,2
"1241921","Nigata","School","HighSchool","ZoneC","GHP","MUL",162472.194612197,0,0,0,0,1
"1241922","Nigata","School","HighSchool","ZoneC","GHP","MUL",203887.12445172,1,0,0,0,1
"1241937","Nigata","School","HighSchool","ZoneC","GHP","MUL",173072.341129823,0,0,0,0,2
"1241938","Nigata","School","HighSchool","ZoneC","GHP","MUL",217189.298386185,1,0,0,0,2
"1242113","Nigata","School","HighSchool","ZoneC","ABCH","FCU",52249.6647635147,0,0,0,0,1
"1242114","Nigata","School","HighSchool","ZoneC","ABCH","FCU",65568.3511115669,1,0,0,0,1
"1242129","Nigata","School","HighSchool","ZoneC","ABCH","FCU",55658.5809987638,0,0,0,0,2
"1242130","Nigata","School","HighSchool","ZoneC","ABCH","FCU",69846.2161971018,1,0,0,0,2
"1242305","Nigata","School","HighSchool","ZoneC","ABCH","OHUFCU",39407.2239550774,0,0,0,0,1
"1242306","Nigata","School","HighSchool","ZoneC","ABCH","OHUFCU",49452.3114801485,1,0,0,0,1
"1242321","Nigata","School","HighSchool","ZoneC","ABCH","OHUFCU",41978.2629490035,0,0,0,0,2
"1242322","Nigata","School","HighSchool","ZoneC","ABCH","OHUFCU",52678.7204578573,1,0,0,0,2
"1242497","Nigata","School","HighSchool","ZoneC","AHP","FCU",42991.3353832208,0,0,0,0,1
"1242498","Nigata","School","HighSchool","ZoneC","AHP","FCU",53950.0298407758,1,0,0,0,1
"1242513","Nigata","School","HighSchool","ZoneC","AHP","FCU",45796.2119661848,0,0,0,0,2
"1242514","Nigata","School","HighSchool","ZoneC","AHP","FCU",57469.8827134937,1,0,0,0,2
"1244673","Nagoya","School","ElementarySchool","ZoneC","EHP","MUL",3064262.96110949,0,0,0,0,1
"1244674","Nagoya","School","ElementarySchool","ZoneC","EHP","MUL",3845358.06385682,1,0,0,0,1
"1244689","Nagoya","School","ElementarySchool","ZoneC","EHP","MUL",3264184.16260384,0,0,0,0,2
"1244690","Nagoya","School","ElementarySchool","ZoneC","EHP","MUL",4096240.12393429,1,0,0,0,2
"1244737","Nagoya","School","ElementarySchool","ZoneC","GHP","MUL",918155.48692939,0,0,0,0,1
"1244738","Nagoya","School","ElementarySchool","ZoneC","GHP","MUL",1152197.65742949,1,0,0,0,1
"1244753","Nagoya","School","ElementarySchool","ZoneC","GHP","MUL",978058.553485756,0,0,0,0,2
"1244754","Nagoya","School","ElementarySchool","ZoneC","GHP","MUL",1227370.29860154,1,0,0,0,2
"1244801","Nagoya","School","ElementarySchool","ZoneC","ABCH","CAV",45556.3203843618,0,0,0,0,1
"1244802","Nagoya","School","ElementarySchool","ZoneC","ABCH","CAV",57168.8416343427,1,0,0,0,1
"1244817","Nagoya","School","ElementarySchool","ZoneC","ABCH","CAV",47124.7577513142,0,0,0,0,2
"1244818","Nagoya","School","ElementarySchool","ZoneC","ABCH","CAV",59137.0810946014,1,0,0,0,2
"1244865","Nagoya","School","ElementarySchool","ZoneC","ABCH","VAV",25124.1783852895,0,0,0,0,1
"1244866","Nagoya","School","ElementarySchool","ZoneC","ABCH","VAV",31528.4501290547,1,0,0,0,1
"1244881","Nagoya","School","ElementarySchool","ZoneC","ABCH","VAV",25989.1670380384,0,0,0,0,2
"1244882","Nagoya","School","ElementarySchool","ZoneC","ABCH","VAV",32613.9284751391,1,0,0,0,2
"1244929","Nagoya","School","ElementarySchool","ZoneC","ABCH","FCU",235299.36597297,0,0,0,0,1
"1244930","Nagoya","School","ElementarySchool","ZoneC","ABCH","FCU",295278.285789463,1,0,0,0,1
"1244945","Nagoya","School","ElementarySchool","ZoneC","ABCH","FCU",243400.37840985,0,0,0,0,2
"1244946","Nagoya","School","ElementarySchool","ZoneC","ABCH","FCU",305444.284561411,1,0,0,0,2
"1245121","Nagoya","School","ElementarySchool","ZoneC","ABCH","OHUFCU",187057.251391429,0,0,0,0,1
"1245122","Nagoya","School","ElementarySchool","ZoneC","ABCH","OHUFCU",234739.028330807,1,0,0,0,1
"1245137","Nagoya","School","ElementarySchool","ZoneC","ABCH","OHUFCU",193497.358502065,0,0,0,0,2
"1245138","Nagoya","School","ElementarySchool","ZoneC","ABCH","OHUFCU",242820.74916361,1,0,0,0,2
"1245186","Nagoya","School","ElementarySchool","ZoneC","AHP","CAV",53214.9508570447,1,0,0,0,1
"1245202","Nagoya","School","ElementarySchool","ZoneC","AHP","CAV",55047.0636506271,1,0,0,0,2
"1245313","Nagoya","School","ElementarySchool","ZoneC","AHP","FCU",121892.669243641,0,0,0,0,1
"1245314","Nagoya","School","ElementarySchool","ZoneC","AHP","FCU",152963.686390464,1,0,0,0,1
"1245329","Nagoya","School","ElementarySchool","ZoneC","AHP","FCU",126089.255262579,0,0,0,0,2
"1245330","Nagoya","School","ElementarySchool","ZoneC","AHP","FCU",158230.002008087,1,0,0,0,2
"1245505","Nagoya","School","ElementarySchool","ZoneC","AHP","OHUFCU",96901.6961826377,0,0,0,0,1
"1245506","Nagoya","School","ElementarySchool","ZoneC","AHP","OHUFCU",121602.396252048,1,0,0,0,1
"1245521","Nagoya","School","ElementarySchool","ZoneC","AHP","OHUFCU",100237.879612985,0,0,0,0,2
"1245522","Nagoya","School","ElementarySchool","ZoneC","AHP","OHUFCU",125788.98859716,1,0,0,0,2
"1246866","Nagoya","School","ElementarySchool","ZoneC","AHP+TESICE","FCU",51100.1888544026,1,0,0,0,2
"1247489","Nagoya","School","JuniorHighSchool","ZoneC","EHP","MUL",1925871.8549258,0,0,0,0,1
"1247490","Nagoya","School","JuniorHighSchool","ZoneC","EHP","MUL",2416785.68754831,1,0,0,0,1
"1247505","Nagoya","School","JuniorHighSchool","ZoneC","EHP","MUL",2051521.19378721,0,0,0,0,2
"1247506","Nagoya","School","JuniorHighSchool","ZoneC","EHP","MUL",2574463.63638664,1,0,0,0,2
"1247553","Nagoya","School","JuniorHighSchool","ZoneC","GHP","MUL",577055.505080665,0,0,0,0,1
"1247554","Nagoya","School","JuniorHighSchool","ZoneC","GHP","MUL",724149.679031288,1,0,0,0,1
"1247569","Nagoya","School","JuniorHighSchool","ZoneC","GHP","MUL",614704.24194458,0,0,0,0,2
"1247570","Nagoya","School","JuniorHighSchool","ZoneC","GHP","MUL",771395.256754574,1,0,0,0,2
"1247617","Nagoya","School","JuniorHighSchool","ZoneC","ABCH","CAV",30169.2527931883,0,0,0,0,1
"1247618","Nagoya","School","JuniorHighSchool","ZoneC","ABCH","CAV",37859.537833795,1,0,0,0,1
"1247633","Nagoya","School","JuniorHighSchool","ZoneC","ABCH","CAV",32137.5803627051,0,0,0,0,2
"1247634","Nagoya","School","JuniorHighSchool","ZoneC","ABCH","CAV",40329.601398122,1,0,0,0,2
"1247745","Nagoya","School","JuniorHighSchool","ZoneC","ABCH","FCU",155824.833836937,0,0,0,0,1
"1247746","Nagoya","School","JuniorHighSchool","ZoneC","ABCH","FCU",195545.320016223,1,0,0,0,1
"1247761","Nagoya","School","JuniorHighSchool","ZoneC","ABCH","FCU",165991.287695081,0,0,0,0,2
"1247762","Nagoya","School","JuniorHighSchool","ZoneC","ABCH","FCU",208303.250983769,1,0,0,0,2
"1247937","Nagoya","School","JuniorHighSchool","ZoneC","ABCH","OHUFCU",123876.938620446,0,0,0,0,1
"1247938","Nagoya","School","JuniorHighSchool","ZoneC","ABCH","OHUFCU",155453.755404058,1,0,0,0,1
"1247953","Nagoya","School","JuniorHighSchool","ZoneC","ABCH","OHUFCU",131959.021235665,0,0,0,0,2
"1247954","Nagoya","School","JuniorHighSchool","ZoneC","ABCH","OHUFCU",165595.999053388,1,0,0,0,2
"1248129","Nagoya","School","JuniorHighSchool","ZoneC","AHP","FCU",84872.0500789098,0,0,0,0,1
"1248130","Nagoya","School","JuniorHighSchool","ZoneC","AHP","FCU",106506.336534782,1,0,0,0,1
"1248145","Nagoya","School","JuniorHighSchool","ZoneC","AHP","FCU",90409.3432030353,0,0,0,0,2
"1248146","Nagoya","School","JuniorHighSchool","ZoneC","AHP","FCU",113455.111831497,1,0,0,0,2
"1248321","Nagoya","School","JuniorHighSchool","ZoneC","AHP","OHUFCU",67471.2077615217,0,0,0,0,1
"1248322","Nagoya","School","JuniorHighSchool","ZoneC","AHP","OHUFCU",84669.9373182991,1,0,0,0,1
"1248337","Nagoya","School","JuniorHighSchool","ZoneC","AHP","OHUFCU",71873.220608707,0,0,0,0,2
"1248338","Nagoya","School","JuniorHighSchool","ZoneC","AHP","OHUFCU",90194.0440330168,1,0,0,0,2
"1250305","Nagoya","School","HighSchool","ZoneC","EHP","MUL",1525499.92912322,0,0,0,0,1
"1250306","Nagoya","School","HighSchool","ZoneC","EHP","MUL",1914357.06671304,1,0,0,0,1
"1250321","Nagoya","School","HighSchool","ZoneC","EHP","MUL",1625027.86865731,0,0,0,0,2
"1250322","Nagoya","School","HighSchool","ZoneC","EHP","MUL",2039255.14815182,1,0,0,0,2
"1250369","Nagoya","School","HighSchool","ZoneC","GHP","MUL",457090.709254191,0,0,0,0,1
"1250370","Nagoya","School","HighSchool","ZoneC","GHP","MUL",573605.290098283,1,0,0,0,1
"1250385","Nagoya","School","HighSchool","ZoneC","GHP","MUL",486912.602788065,0,0,0,0,2
"1250386","Nagoya","School","HighSchool","ZoneC","GHP","MUL",611028.925156824,1,0,0,0,2
"1250434","Nagoya","School","HighSchool","ZoneC","ABCH","CAV",53886.1996525723,1,0,0,0,1
"1250449","Nagoya","School","HighSchool","ZoneC","ABCH","CAV",25456.4582997072,0,0,0,0,2
"1250450","Nagoya","School","HighSchool","ZoneC","ABCH","CAV",31945.4297631725,1,0,0,0,2
"1250561","Nagoya","School","HighSchool","ZoneC","ABCH","FCU",123430.212849258,0,0,0,0,1
"1250562","Nagoya","School","HighSchool","ZoneC","ABCH","FCU",154893.157123696,1,0,0,0,1
"1250577","Nagoya","School","HighSchool","ZoneC","ABCH","FCU",131483.149808881,0,0,0,0,2
"1250578","Nagoya","School","HighSchool","ZoneC","ABCH","FCU",164998.825752152,1,0,0,0,2
"1250753","Nagoya","School","HighSchool","ZoneC","ABCH","OHUFCU",98124.0058117853,0,0,0,0,1
"1250754","Nagoya","School","HighSchool","ZoneC","ABCH","OHUFCU",123136.27837921,1,0,0,0,1
"1250769","Nagoya","School","HighSchool","ZoneC","ABCH","OHUFCU",104525.894091709,0,0,0,0,2
"1250770","Nagoya","School","HighSchool","ZoneC","ABCH","OHUFCU",131170.038220827,1,0,0,0,2
"1250945","Nagoya","School","HighSchool","ZoneC","AHP","FCU",67227.8926807971,0,0,0,0,1
"1250946","Nagoya","School","HighSchool","ZoneC","AHP","FCU",84364.6000742058,1,0,0,0,1
"1250961","Nagoya","School","HighSchool","ZoneC","AHP","FCU",71614.0309624188,0,0,0,0,2
"1250962","Nagoya","School","HighSchool","ZoneC","AHP","FCU",89868.7857216149,1,0,0,0,2
"1251137","Nagoya","School","HighSchool","ZoneC","AHP","OHUFCU",53444.5333913584,0,0,0,0,1
"1251138","Nagoya","School","HighSchool","ZoneC","AHP","OHUFCU",67067.7973965766,1,0,0,0,1
"1251153","Nagoya","School","HighSchool","ZoneC","AHP","OHUFCU",56931.4062428438,0,0,0,0,2
"1251154","Nagoya","School","HighSchool","ZoneC","AHP","OHUFCU",71443.4906080523,1,0,0,0,2
"1253121","Osaka","School","ElementarySchool","ZoneC","EHP","MUL",3468366.23261892,0,0,0,0,1
"1253122","Osaka","School","ElementarySchool","ZoneC","EHP","MUL",4352469.16804452,1,0,0,0,1
"1253137","Osaka","School","ElementarySchool","ZoneC","EHP","MUL",3694652.27701132,0,0,0,0,2
"1253138","Osaka","School","ElementarySchool","ZoneC","EHP","MUL",4636436.59400836,1,0,0,0,2
"1253185","Osaka","School","ElementarySchool","ZoneC","GHP","MUL",1322909.23658773,0,0,0,0,1
"1253186","Osaka","School","ElementarySchool","ZoneC","GHP","MUL",1660125.04971878,1,0,0,0,1
"1253201","Osaka","School","ElementarySchool","ZoneC","GHP","MUL",1409219.58508042,0,0,0,0,2
"1253202","Osaka","School","ElementarySchool","ZoneC","GHP","MUL",1768436.31372677,1,0,0,0,2
"1253249","Osaka","School","ElementarySchool","ZoneC","ABCH","CAV",73524.2299937937,0,0,0,0,1
"1253250","Osaka","School","ElementarySchool","ZoneC","ABCH","CAV",92265.9035088588,1,0,0,0,1
"1253265","Osaka","School","ElementarySchool","ZoneC","ABCH","CAV",78321.159169214,0,0,0,0,2
"1253266","Osaka","School","ElementarySchool","ZoneC","ABCH","CAV",98285.5925892549,1,0,0,0,2
"1253313","Osaka","School","ElementarySchool","ZoneC","ABCH","VAV",37526.1428901272,0,0,0,0,1
"1253314","Osaka","School","ElementarySchool","ZoneC","ABCH","VAV",47091.7339665086,1,0,0,0,1
"1253329","Osaka","School","ElementarySchool","ZoneC","ABCH","VAV",39974.4548232933,0,0,0,0,2
"1253330","Osaka","School","ElementarySchool","ZoneC","ABCH","VAV",50164.1321759717,1,0,0,0,2
"1253377","Osaka","School","ElementarySchool","ZoneC","ABCH","FCU",348615.74822188,0,0,0,0,1
"1253378","Osaka","School","ElementarySchool","ZoneC","ABCH","FCU",437479.549120388,1,0,0,0,1
"1253393","Osaka","School","ElementarySchool","ZoneC","ABCH","FCU",371360.427816588,0,0,0,0,2
"1253394","Osaka","School","ElementarySchool","ZoneC","ABCH","FCU",466021.954977648,1,0,0,0,2
"1253569","Osaka","School","ElementarySchool","ZoneC","ABCH","OHUFCU",286924.829351288,0,0,0,0,1
"1253570","Osaka","School","ElementarySchool","ZoneC","ABCH","OHUFCU",360063.323634349,1,0,0,0,1
"1253585","Osaka","School","ElementarySchool","ZoneC","ABCH","OHUFCU",305644.618530772,0,0,0,0,2
"1253586","Osaka","School","ElementarySchool","ZoneC","ABCH","OHUFCU",383554.875498086,1,0,0,0,2
"1253633","Osaka","School","ElementarySchool","ZoneC","AHP","CAV",38564.411509904,0,0,0,0,1
"1253634","Osaka","School","ElementarySchool","ZoneC","AHP","CAV",48394.6621616993,1,0,0,0,1
"1253649","Osaka","School","ElementarySchool","ZoneC","AHP","CAV",41080.4630308841,0,0,0,0,2
"1253650","Osaka","School","ElementarySchool","ZoneC","AHP","CAV",51552.0670998763,1,0,0,0,2
"1253761","Osaka","School","ElementarySchool","ZoneC","AHP","FCU",182853.478022096,0,0,0,0,1
"1253762","Osaka","School","ElementarySchool","ZoneC","AHP","FCU",229463.693273224,1,0,0,0,1
"1253777","Osaka","School","ElementarySchool","ZoneC","AHP","FCU",194783.357241849,0,0,0,0,2
"1253778","Osaka","School","ElementarySchool","ZoneC","AHP","FCU",244434.555056543,1,0,0,0,2
"1253953","Osaka","School","ElementarySchool","ZoneC","AHP","OHUFCU",150495.791556689,0,0,0,0,1
"1253954","Osaka","School","ElementarySchool","ZoneC","AHP","OHUFCU",188857.879687158,1,0,0,0,1
"1253969","Osaka","School","ElementarySchool","ZoneC","AHP","OHUFCU",160314.56359085,0,0,0,0,2
"1253970","Osaka","School","ElementarySchool","ZoneC","AHP","OHUFCU",201179.503091522,1,0,0,0,2
"1255297","Osaka","School","ElementarySchool","ZoneC","AHP+TESICE","FCU",33008.5366968065,0,0,0,0,1
"1255298","Osaka","School","ElementarySchool","ZoneC","AHP+TESICE","FCU",41422.5686157235,1,0,0,0,1
"1255313","Osaka","School","ElementarySchool","ZoneC","AHP+TESICE","FCU",35162.1071963848,0,0,0,0,2
"1255314","Osaka","School","ElementarySchool","ZoneC","AHP+TESICE","FCU",44125.0944079746,1,0,0,0,2
"1255937","Osaka","School","JuniorHighSchool","ZoneC","EHP","MUL",2078626.01914856,0,0,0,0,1
"1255938","Osaka","School","JuniorHighSchool","ZoneC","EHP","MUL",2608477.60976147,1,0,0,0,1
"1255953","Osaka","School","JuniorHighSchool","ZoneC","EHP","MUL",2214241.47267841,0,0,0,0,2
"1255954","Osaka","School","JuniorHighSchool","ZoneC","EHP","MUL",2778662.0829719,1,0,0,0,2
"1256001","Osaka","School","JuniorHighSchool","ZoneC","GHP","MUL",792832.525666369,0,0,0,0,1
"1256002","Osaka","School","JuniorHighSchool","ZoneC","GHP","MUL",994929.281381019,1,0,0,0,1
"1256017","Osaka","School","JuniorHighSchool","ZoneC","GHP","MUL",844559.166991442,0,0,0,0,2
"1256018","Osaka","School","JuniorHighSchool","ZoneC","GHP","MUL",1059841.2879092,1,0,0,0,2
"1256065","Osaka","School","JuniorHighSchool","ZoneC","ABCH","CAV",45364.1749621501,0,0,0,0,1
"1256066","Osaka","School","JuniorHighSchool","ZoneC","ABCH","CAV",56927.7174364156,1,0,0,0,1
"1256081","Osaka","School","JuniorHighSchool","ZoneC","ABCH","CAV",48323.8623252571,0,0,0,0,2
"1256082","Osaka","School","JuniorHighSchool","ZoneC","ABCH","CAV",60641.8430883794,1,0,0,0,2
"1256130","Osaka","School","JuniorHighSchool","ZoneC","ABCH","VAV",52208.9135918068,1,0,0,0,1
"1256146","Osaka","School","JuniorHighSchool","ZoneC","ABCH","VAV",55615.1711051011,1,0,0,0,2
"1256193","Osaka","School","JuniorHighSchool","ZoneC","ABCH","FCU",215094.613003539,0,0,0,0,1
"1256194","Osaka","School","JuniorHighSchool","ZoneC","ABCH","FCU",269923.245851538,1,0,0,0,1
"1256209","Osaka","School","JuniorHighSchool","ZoneC","ABCH","FCU",229127.995259695,0,0,0,0,2
"1256210","Osaka","School","JuniorHighSchool","ZoneC","ABCH","FCU",287533.803531077,1,0,0,0,2
"1256385","Osaka","School","JuniorHighSchool","ZoneC","ABCH","OHUFCU",177031.546753711,0,0,0,0,1
"1256386","Osaka","School","JuniorHighSchool","ZoneC","ABCH","OHUFCU",222157.724224799,1,0,0,0,1
"1256401","Osaka","School","JuniorHighSchool","ZoneC","ABCH","OHUFCU",188581.586674759,0,0,0,0,2
"1256402","Osaka","School","JuniorHighSchool","ZoneC","ABCH","OHUFCU",236651.923878013,1,0,0,0,2
"1256450","Osaka","School","JuniorHighSchool","ZoneC","AHP","CAV",53653.4232717309,1,0,0,0,1
"1256465","Osaka","School","JuniorHighSchool","ZoneC","AHP","CAV",25346.4920695731,0,0,0,0,2
"1256466","Osaka","School","JuniorHighSchool","ZoneC","AHP","CAV",31807.4326215548,1,0,0,0,2
"1256577","Osaka","School","JuniorHighSchool","ZoneC","AHP","FCU",112819.912158648,0,0,0,0,1
"1256578","Osaka","School","JuniorHighSchool","ZoneC","AHP","FCU",141578.240669591,1,0,0,0,1
"1256593","Osaka","School","JuniorHighSchool","ZoneC","AHP","FCU",120180.603025425,0,0,0,0,2
"1256594","Osaka","School","JuniorHighSchool","ZoneC","AHP","FCU",150815.206406328,1,0,0,0,2
"1256769","Osaka","School","JuniorHighSchool","ZoneC","AHP","OHUFCU",92855.3406111319,0,0,0,0,1
"1256770","Osaka","School","JuniorHighSchool","ZoneC","AHP","OHUFCU",116524.605532518,1,0,0,0,1
"1256785","Osaka","School","JuniorHighSchool","ZoneC","AHP","OHUFCU",98913.4862388892,0,0,0,0,2
"1256786","Osaka","School","JuniorHighSchool","ZoneC","AHP","OHUFCU",124127.001096272,1,0,0,0,2
"1258753","Osaka","School","HighSchool","ZoneC","EHP","MUL",1775381.19570934,0,0,0,0,1
"1258754","Osaka","School","HighSchool","ZoneC","EHP","MUL",2227934.24845915,1,0,0,0,1
"1258769","Osaka","School","HighSchool","ZoneC","EHP","MUL",1891212.09738501,0,0,0,0,2
"1258770","Osaka","School","HighSchool","ZoneC","EHP","MUL",2373290.99409598,1,0,0,0,2
"1258817","Osaka","School","HighSchool","ZoneC","GHP","MUL",677168.448988907,0,0,0,0,1
"1258818","Osaka","School","HighSchool","ZoneC","GHP","MUL",849781.885222436,1,0,0,0,1
"1258833","Osaka","School","HighSchool","ZoneC","GHP","MUL",721348.838091971,0,0,0,0,2
"1258834","Osaka","School","HighSchool","ZoneC","GHP","MUL",905224.064192707,1,0,0,0,2
"1258881","Osaka","School","HighSchool","ZoneC","ABCH","CAV",40796.7027065235,0,0,0,0,1
"1258882","Osaka","School","HighSchool","ZoneC","ABCH","CAV",51195.9749285023,1,0,0,0,1
"1258897","Osaka","School","HighSchool","ZoneC","ABCH","CAV",43458.3952327886,0,0,0,0,2
"1258898","Osaka","School","HighSchool","ZoneC","ABCH","CAV",54536.1454521427,1,0,0,0,2
"1259009","Osaka","School","HighSchool","ZoneC","ABCH","FCU",193437.905303066,0,0,0,0,1
"1259010","Osaka","School","HighSchool","ZoneC","ABCH","FCU",242746.141063361,1,0,0,0,1
"1259025","Osaka","School","HighSchool","ZoneC","ABCH","FCU",206058.34256108,0,0,0,0,2
"1259026","Osaka","School","HighSchool","ZoneC","ABCH","FCU",258583.587390726,1,0,0,0,2
"1259201","Osaka","School","HighSchool","ZoneC","ABCH","OHUFCU",159207.202348839,0,0,0,0,1
"1259202","Osaka","School","HighSchool","ZoneC","ABCH","OHUFCU",199789.870238332,1,0,0,0,1
"1259217","Osaka","School","HighSchool","ZoneC","ABCH","OHUFCU",169594.331516307,0,0,0,0,2
"1259218","Osaka","School","HighSchool","ZoneC","ABCH","OHUFCU",212824.727693903,1,0,0,0,2
"1259393","Osaka","School","HighSchool","ZoneC","AHP","FCU",107508.712345823,0,0,0,0,1
"1259394","Osaka","School","HighSchool","ZoneC","AHP","FCU",134913.190937174,1,0,0,0,1
"1259409","Osaka","School","HighSchool","ZoneC","AHP","FCU",114522.885481768,0,0,0,0,2
"1259410","Osaka","School","HighSchool","ZoneC","AHP","FCU",143715.309936723,1,0,0,0,2
"1259585","Osaka","School","HighSchool","ZoneC","AHP","OHUFCU",88484.0088290249,0,0,0,0,1
"1259586","Osaka","School","HighSchool","ZoneC","AHP","OHUFCU",111039.000631288,1,0,0,0,1
"1259601","Osaka","School","HighSchool","ZoneC","AHP","OHUFCU",94256.9563804093,0,0,0,0,2
"1259602","Osaka","School","HighSchool","ZoneC","AHP","OHUFCU",118283.499781877,1,0,0,0,2
"1261569","Hiroshima","School","ElementarySchool","ZoneC","EHP","MUL",859872.357893925,0,0,0,0,1
"1261570","Hiroshima","School","ElementarySchool","ZoneC","EHP","MUL",1079057.88350415,1,0,0,0,1
"1261585","Hiroshima","School","ElementarySchool","ZoneC","EHP","MUL",915972.867903578,0,0,0,0,2
"1261586","Hiroshima","School","ElementarySchool","ZoneC","EHP","MUL",1149458.67850446,1,0,0,0,2
"1261633","Hiroshima","School","ElementarySchool","ZoneC","GHP","MUL",196542.211171578,0,0,0,0,1
"1261634","Hiroshima","School","ElementarySchool","ZoneC","GHP","MUL",246641.749160858,1,0,0,0,1
"1261649","Hiroshima","School","ElementarySchool","ZoneC","GHP","MUL",209365.18214387,0,0,0,0,2
"1261650","Hiroshima","School","ElementarySchool","ZoneC","GHP","MUL",262733.356002934,1,0,0,0,2
"1261825","Hiroshima","School","ElementarySchool","ZoneC","ABCH","FCU",52936.2055221726,0,0,0,0,1
"1261826","Hiroshima","School","ElementarySchool","ZoneC","ABCH","FCU",66429.8943524629,1,0,0,0,1
"1261841","Hiroshima","School","ElementarySchool","ZoneC","ABCH","FCU",56389.9136225743,0,0,0,0,2
"1261842","Hiroshima","School","ElementarySchool","ZoneC","ABCH","FCU",70763.9689611508,1,0,0,0,2
"1262017","Hiroshima","School","ElementarySchool","ZoneC","ABCH","OHUFCU",43871.8289336245,0,0,0,0,1
"1262018","Hiroshima","School","ElementarySchool","ZoneC","ABCH","OHUFCU",55054.965356164,1,0,0,0,1
"1262033","Hiroshima","School","ElementarySchool","ZoneC","ABCH","OHUFCU",46734.1514116499,0,0,0,0,2
"1262034","Hiroshima","School","ElementarySchool","ZoneC","ABCH","OHUFCU",58646.9073539386,1,0,0,0,2
"1262209","Hiroshima","School","ElementarySchool","ZoneC","AHP","FCU",47976.0577010715,0,0,0,0,1
"1262210","Hiroshima","School","ElementarySchool","ZoneC","AHP","FCU",60205.3814226433,1,0,0,0,1
"1262225","Hiroshima","School","ElementarySchool","ZoneC","AHP","FCU",51106.1516976674,0,0,0,0,2
"1262226","Hiroshima","School","ElementarySchool","ZoneC","AHP","FCU",64133.3511638834,1,0,0,0,2
"1264385","Hiroshima","School","JuniorHighSchool","ZoneC","EHP","MUL",546086.633267056,0,0,0,0,1
"1264386","Hiroshima","School","JuniorHighSchool","ZoneC","EHP","MUL",685286.69551179,1,0,0,0,1
"1264401","Hiroshima","School","JuniorHighSchool","ZoneC","EHP","MUL",581714.873149975,0,0,0,0,2
"1264402","Hiroshima","School","JuniorHighSchool","ZoneC","EHP","MUL",729996.742029863,1,0,0,0,2
"1264449","Hiroshima","School","JuniorHighSchool","ZoneC","GHP","MUL",124819.775177364,0,0,0,0,1
"1264450","Hiroshima","School","JuniorHighSchool","ZoneC","GHP","MUL",156636.925452796,1,0,0,0,1
"1264465","Hiroshima","School","JuniorHighSchool","ZoneC","GHP","MUL",132963.371122106,0,0,0,0,2
"1264466","Hiroshima","School","JuniorHighSchool","ZoneC","GHP","MUL",166856.362469901,1,0,0,0,2
"1264641","Hiroshima","School","JuniorHighSchool","ZoneC","ABCH","FCU",33618.6574509031,0,0,0,0,1
"1264642","Hiroshima","School","JuniorHighSchool","ZoneC","ABCH","FCU",42188.2120319279,1,0,0,0,1
"1264657","Hiroshima","School","JuniorHighSchool","ZoneC","ABCH","FCU",35812.0339579173,0,0,0,0,2
"1264658","Hiroshima","School","JuniorHighSchool","ZoneC","ABCH","FCU",44940.6905709327,1,0,0,0,2
"1264833","Hiroshima","School","JuniorHighSchool","ZoneC","ABCH","OHUFCU",27862.0648026305,0,0,0,0,1
"1264834","Hiroshima","School","JuniorHighSchool","ZoneC","ABCH","OHUFCU",34964.2367265059,1,0,0,0,1
"1264849","Hiroshima","School","JuniorHighSchool","ZoneC","ABCH","OHUFCU",29679.8648877245,0,0,0,0,2
"1264850","Hiroshima","School","JuniorHighSchool","ZoneC","ABCH","OHUFCU",37245.4026396184,1,0,0,0,2
"1265025","Hiroshima","School","JuniorHighSchool","ZoneC","AHP","FCU",30468.5731398242,0,0,0,0,1
"1265026","Hiroshima","School","JuniorHighSchool","ZoneC","AHP","FCU",38235.1563506197,1,0,0,0,1
"1265041","Hiroshima","School","JuniorHighSchool","ZoneC","AHP","FCU",32456.4292172043,0,0,0,0,2
"1265042","Hiroshima","School","JuniorHighSchool","ZoneC","AHP","FCU",40729.7263317066,1,0,0,0,2
"1267201","Hiroshima","School","HighSchool","ZoneC","EHP","MUL",486145.597802539,0,0,0,0,1
"1267202","Hiroshima","School","HighSchool","ZoneC","EHP","MUL",610066.406977561,1,0,0,0,1
"1267217","Hiroshima","School","HighSchool","ZoneC","EHP","MUL",517863.114623837,0,0,0,0,2
"1267218","Hiroshima","School","HighSchool","ZoneC","EHP","MUL",649868.868653414,1,0,0,0,2
"1267265","Hiroshima","School","HighSchool","ZoneC","GHP","MUL",111118.970003251,0,0,0,0,1
"1267266","Hiroshima","School","HighSchool","ZoneC","GHP","MUL",139443.720324431,1,0,0,0,1
"1267281","Hiroshima","School","HighSchool","ZoneC","GHP","MUL",118368.686582346,0,0,0,0,2
"1267282","Hiroshima","School","HighSchool","ZoneC","GHP","MUL",148541.423903372,1,0,0,0,2
"1267457","Hiroshima","School","HighSchool","ZoneC","ABCH","FCU",54732.3092207227,0,0,0,0,1
"1267458","Hiroshima","School","HighSchool","ZoneC","ABCH","FCU",68683.833367619,1,0,0,0,1
"1267473","Hiroshima","School","HighSchool","ZoneC","ABCH","FCU",31881.1367947959,0,0,0,0,2
"1267474","Hiroshima","School","HighSchool","ZoneC","ABCH","FCU",40007.7891534487,1,0,0,0,2
"1267665","Hiroshima","School","HighSchool","ZoneC","ABCH","OHUFCU",26422.0634228291,0,0,0,0,2
"1267666","Hiroshima","School","HighSchool","ZoneC","ABCH","OHUFCU",33157.172193187,1,0,0,0,2
"1267841","Hiroshima","School","HighSchool","ZoneC","AHP","FCU",27124.1993502642,0,0,0,0,1
"1267842","Hiroshima","School","HighSchool","ZoneC","AHP","FCU",34038.2858850446,1,0,0,0,1
"1267857","Hiroshima","School","HighSchool","ZoneC","AHP","FCU",28893.859001704,0,0,0,0,2
"1267858","Hiroshima","School","HighSchool","ZoneC","AHP","FCU",36259.0401405745,1,0,0,0,2
"1270017","Matsuyama","School","ElementarySchool","ZoneC","EHP","MUL",1802293.97081561,0,0,0,0,1
"1270018","Matsuyama","School","ElementarySchool","ZoneC","EHP","MUL",2261707.21706174,1,0,0,0,1
"1270033","Matsuyama","School","ElementarySchool","ZoneC","EHP","MUL",1919880.73822574,0,0,0,0,2
"1270034","Matsuyama","School","ElementarySchool","ZoneC","EHP","MUL",2409267.40690254,1,0,0,0,2
"1270081","Matsuyama","School","ElementarySchool","ZoneC","GHP","MUL",418025.769755517,0,0,0,0,1
"1270082","Matsuyama","School","ElementarySchool","ZoneC","GHP","MUL",524582.512999247,1,0,0,0,1
"1270097","Matsuyama","School","ElementarySchool","ZoneC","GHP","MUL",445298.955903635,0,0,0,0,2
"1270098","Matsuyama","School","ElementarySchool","ZoneC","GHP","MUL",558807.763120654,1,0,0,0,2
"1270273","Matsuyama","School","ElementarySchool","ZoneC","ABCH","FCU",105140.159038812,0,0,0,0,1
"1270274","Matsuyama","School","ElementarySchool","ZoneC","ABCH","FCU",131940.882204409,1,0,0,0,1
"1270289","Matsuyama","School","ElementarySchool","ZoneC","ABCH","FCU",111999.801043144,0,0,0,0,2
"1270290","Matsuyama","School","ElementarySchool","ZoneC","ABCH","FCU",140549.079356973,1,0,0,0,2
"1270465","Matsuyama","School","ElementarySchool","ZoneC","ABCH","OHUFCU",87729.2290180983,0,0,0,0,1
"1270466","Matsuyama","School","ElementarySchool","ZoneC","ABCH","OHUFCU",110091.823881375,1,0,0,0,1
"1270481","Matsuyama","School","ElementarySchool","ZoneC","ABCH","OHUFCU",93452.9325951309,0,0,0,0,2
"1270482","Matsuyama","School","ElementarySchool","ZoneC","ABCH","OHUFCU",117274.526535947,1,0,0,0,2
"1270657","Matsuyama","School","ElementarySchool","ZoneC","AHP","FCU",54051.9244527925,0,0,0,0,1
"1270658","Matsuyama","School","ElementarySchool","ZoneC","AHP","FCU",67830.0153085649,1,0,0,0,1
"1270673","Matsuyama","School","ElementarySchool","ZoneC","AHP","FCU",57578.425218827,0,0,0,0,2
"1270674","Matsuyama","School","ElementarySchool","ZoneC","AHP","FCU",72255.4377771897,1,0,0,0,2
"1270849","Matsuyama","School","ElementarySchool","ZoneC","AHP","OHUFCU",45101.0698722411,0,0,0,0,1
"1270850","Matsuyama","School","ElementarySchool","ZoneC","AHP","OHUFCU",56597.5456163193,1,0,0,0,1
"1270865","Matsuyama","School","ElementarySchool","ZoneC","AHP","OHUFCU",48043.591513489,0,0,0,0,2
"1270866","Matsuyama","School","ElementarySchool","ZoneC","AHP","OHUFCU",60290.1299228402,1,0,0,0,2
"1272833","Matsuyama","School","JuniorHighSchool","ZoneC","EHP","MUL",1130868.84704042,0,0,0,0,1
"1272834","Matsuyama","School","JuniorHighSchool","ZoneC","EHP","MUL",1419132.65777844,1,0,0,0,1
"1272849","Matsuyama","School","JuniorHighSchool","ZoneC","EHP","MUL",1204649.93616437,0,0,0,0,2
"1272850","Matsuyama","School","JuniorHighSchool","ZoneC","EHP","MUL",1511720.895023,1,0,0,0,2
"1272897","Matsuyama","School","JuniorHighSchool","ZoneC","GHP","MUL",262294.790933954,0,0,0,0,1
"1272898","Matsuyama","School","JuniorHighSchool","ZoneC","GHP","MUL",329154.972085138,1,0,0,0,1
"1272913","Matsuyama","School","JuniorHighSchool","ZoneC","GHP","MUL",279407.646591171,0,0,0,0,2
"1272914","Matsuyama","School","JuniorHighSchool","ZoneC","GHP","MUL",350629.975481477,1,0,0,0,2
"1273089","Matsuyama","School","JuniorHighSchool","ZoneC","ABCH","FCU",65971.3300689012,0,0,0,0,1
"1273090","Matsuyama","School","JuniorHighSchool","ZoneC","ABCH","FCU",82787.7337171993,1,0,0,0,1
"1273105","Matsuyama","School","JuniorHighSchool","ZoneC","ABCH","FCU",70275.4866438903,0,0,0,0,2
"1273106","Matsuyama","School","JuniorHighSchool","ZoneC","ABCH","FCU",88189.0401337166,1,0,0,0,2
"1273281","Matsuyama","School","JuniorHighSchool","ZoneC","ABCH","OHUFCU",55046.653696869,0,0,0,0,1
"1273282","Matsuyama","School","JuniorHighSchool","ZoneC","ABCH","OHUFCU",69078.3057355323,1,0,0,0,1
"1273297","Matsuyama","School","JuniorHighSchool","ZoneC","ABCH","OHUFCU",58638.053418431,0,0,0,0,2
"1273298","Matsuyama","School","JuniorHighSchool","ZoneC","ABCH","OHUFCU",73585.1702099968,1,0,0,0,2
"1273473","Matsuyama","School","JuniorHighSchool","ZoneC","AHP","FCU",33915.4646667233,0,0,0,0,1
"1273474","Matsuyama","School","JuniorHighSchool","ZoneC","AHP","FCU",42560.6768090213,1,0,0,0,1
"1273489","Matsuyama","School","JuniorHighSchool","ZoneC","AHP","FCU",36128.2057178228,0,0,0,0,2
"1273490","Matsuyama","School","JuniorHighSchool","ZoneC","AHP","FCU",45337.4560058666,1,0,0,0,2
"1273665","Matsuyama","School","JuniorHighSchool","ZoneC","AHP","OHUFCU",28299.1541405588,0,0,0,0,1
"1273666","Matsuyama","School","JuniorHighSchool","ZoneC","AHP","OHUFCU",35512.7422012514,1,0,0,0,1
"1273681","Matsuyama","School","JuniorHighSchool","ZoneC","AHP","OHUFCU",30145.4711730258,0,0,0,0,2
"1273682","Matsuyama","School","JuniorHighSchool","ZoneC","AHP","OHUFCU",37829.6941663213,1,0,0,0,2
"1275649","Matsuyama","School","HighSchool","ZoneC","EHP","MUL",1018873.67660298,0,0,0,0,1
"1275650","Matsuyama","School","HighSchool","ZoneC","EHP","MUL",1278589.38939043,1,0,0,0,1
"1275665","Matsuyama","School","HighSchool","ZoneC","EHP","MUL",1085347.88334784,0,0,0,0,2
"1275666","Matsuyama","School","HighSchool","ZoneC","EHP","MUL",1362008.18542363,1,0,0,0,2
"1275713","Matsuyama","School","HighSchool","ZoneC","GHP","MUL",236318.525081039,0,0,0,0,1
"1275714","Matsuyama","School","HighSchool","ZoneC","GHP","MUL",296557.233368149,1,0,0,0,1
"1275729","Matsuyama","School","HighSchool","ZoneC","GHP","MUL",251736.615522097,0,0,0,0,2
"1275730","Matsuyama","School","HighSchool","ZoneC","GHP","MUL",315905.467889554,1,0,0,0,2
"1275905","Matsuyama","School","HighSchool","ZoneC","ABCH","FCU",59437.8842370635,0,0,0,0,1
"1275906","Matsuyama","School","HighSchool","ZoneC","ABCH","FCU",74588.8816822772,1,0,0,0,1
"1275921","Matsuyama","School","HighSchool","ZoneC","ABCH","FCU",63315.7802863807,0,0,0,0,2
"1275922","Matsuyama","School","HighSchool","ZoneC","ABCH","FCU",79455.2717516992,1,0,0,0,2
"1276097","Matsuyama","School","HighSchool","ZoneC","ABCH","OHUFCU",49595.1290758433,0,0,0,0,1
"1276098","Matsuyama","School","HighSchool","ZoneC","ABCH","OHUFCU",62237.1617384829,1,0,0,0,1
"1276113","Matsuyama","School","HighSchool","ZoneC","ABCH","OHUFCU",52830.8558783237,0,0,0,0,2
"1276114","Matsuyama","School","HighSchool","ZoneC","ABCH","OHUFCU",66297.6905867808,1,0,0,0,2
"1276289","Matsuyama","School","HighSchool","ZoneC","AHP","FCU",56053.2174606474,0,0,0,0,1
"1276290","Matsuyama","School","HighSchool","ZoneC","AHP","FCU",70341.4473571736,1,0,0,0,1
"1276305","Matsuyama","School","HighSchool","ZoneC","AHP","FCU",32550.2624686514,0,0,0,0,2
"1276306","Matsuyama","School","HighSchool","ZoneC","AHP","FCU",40847.4781221663,1,0,0,0,2
"1276497","Matsuyama","School","HighSchool","ZoneC","AHP","OHUFCU",27160.0257866968,0,0,0,0,2
"1276498","Matsuyama","School","HighSchool","ZoneC","AHP","OHUFCU",34083.2446493491,1,0,0,0,2
"1278465","Fukuoka","School","ElementarySchool","ZoneC","EHP","MUL",2700833.41954733,0,0,0,0,1
"1278466","Fukuoka","School","ElementarySchool","ZoneC","EHP","MUL",3389288.61550117,1,0,0,0,1
"1278481","Fukuoka","School","ElementarySchool","ZoneC","EHP","MUL",2877043.4475785,0,0,0,0,2
"1278482","Fukuoka","School","ElementarySchool","ZoneC","EHP","MUL",3610415.41200064,1,0,0,0,2
"1278529","Fukuoka","School","ElementarySchool","ZoneC","GHP","MUL",716462.628987971,0,0,0,0,1
"1278530","Fukuoka","School","ElementarySchool","ZoneC","GHP","MUL",899092.337308223,1,0,0,0,1
"1278545","Fukuoka","School","ElementarySchool","ZoneC","GHP","MUL",763206.681776838,0,0,0,0,2
"1278546","Fukuoka","School","ElementarySchool","ZoneC","GHP","MUL",957751.669947203,1,0,0,0,2
"1278593","Fukuoka","School","ElementarySchool","ZoneC","ABCH","CAV",36308.4608394408,0,0,0,0,1
"1278594","Fukuoka","School","ElementarySchool","ZoneC","ABCH","CAV",45563.6590094151,1,0,0,0,1
"1278609","Fukuoka","School","ElementarySchool","ZoneC","ABCH","CAV",38677.3277439977,0,0,0,0,2
"1278610","Fukuoka","School","ElementarySchool","ZoneC","ABCH","CAV",48536.3612772202,1,0,0,0,2
"1278721","Fukuoka","School","ElementarySchool","ZoneC","ABCH","FCU",176636.541919158,0,0,0,0,1
"1278722","Fukuoka","School","ElementarySchool","ZoneC","ABCH","FCU",221662.030792124,1,0,0,0,1
"1278737","Fukuoka","School","ElementarySchool","ZoneC","ABCH","FCU",188160.810605126,0,0,0,0,2
"1278738","Fukuoka","School","ElementarySchool","ZoneC","ABCH","FCU",236123.890000707,1,0,0,0,2
"1278913","Fukuoka","School","ElementarySchool","ZoneC","ABCH","OHUFCU",149733.705224529,0,0,0,0,1
"1278914","Fukuoka","School","ElementarySchool","ZoneC","ABCH","OHUFCU",187901.533949236,1,0,0,0,1
"1278929","Fukuoka","School","ElementarySchool","ZoneC","ABCH","OHUFCU",159502.756586182,0,0,0,0,2
"1278930","Fukuoka","School","ElementarySchool","ZoneC","ABCH","OHUFCU",200160.762646815,1,0,0,0,2
"1279105","Fukuoka","School","ElementarySchool","ZoneC","AHP","FCU",99377.9522793067,0,0,0,0,1
"1279106","Fukuoka","School","ElementarySchool","ZoneC","AHP","FCU",124709.861724284,1,0,0,0,1
"1279121","Fukuoka","School","ElementarySchool","ZoneC","AHP","FCU",105861.651581188,0,0,0,0,2
"1279122","Fukuoka","School","ElementarySchool","ZoneC","AHP","FCU",132846.286603788,1,0,0,0,2
"1279297","Fukuoka","School","ElementarySchool","ZoneC","AHP","OHUFCU",84242.0761340385,0,0,0,0,1
"1279298","Fukuoka","School","ElementarySchool","ZoneC","AHP","OHUFCU",105715.779255699,1,0,0,0,1
"1279313","Fukuoka","School","ElementarySchool","ZoneC","AHP","OHUFCU",89738.2679722864,0,0,0,0,2
"1279314","Fukuoka","School","ElementarySchool","ZoneC","AHP","OHUFCU",112612.976354625,1,0,0,0,2
"1281281","Fukuoka","School","JuniorHighSchool","ZoneC","EHP","MUL",1752831.80323964,0,0,0,0,1
"1281282","Fukuoka","School","JuniorHighSchool","ZoneC","EHP","MUL",2199636.90933749,1,0,0,0,1
"1281297","Fukuoka","School","JuniorHighSchool","ZoneC","EHP","MUL",1867191.51863243,0,0,0,0,2
"1281298","Fukuoka","School","JuniorHighSchool","ZoneC","EHP","MUL",2343147.45635884,1,0,0,0,2
"1281345","Fukuoka","School","JuniorHighSchool","ZoneC","GHP","MUL",464981.835915404,0,0,0,0,1
"1281346","Fukuoka","School","JuniorHighSchool","ZoneC","GHP","MUL",583507.902218957,1,0,0,0,1
"1281361","Fukuoka","School","JuniorHighSchool","ZoneC","GHP","MUL",495318.568920719,0,0,0,0,2
"1281362","Fukuoka","School","JuniorHighSchool","ZoneC","GHP","MUL",621577.611762039,1,0,0,0,2
"1281410","Fukuoka","School","JuniorHighSchool","ZoneC","ABCH","CAV",53134.7303506687,1,0,0,0,1
"1281425","Fukuoka","School","JuniorHighSchool","ZoneC","ABCH","CAV",25101.4555889806,0,0,0,0,2
"1281426","Fukuoka","School","JuniorHighSchool","ZoneC","ABCH","CAV",31499.9351846362,1,0,0,0,2
"1281537","Fukuoka","School","JuniorHighSchool","ZoneC","ABCH","FCU",114636.521471237,0,0,0,0,1
"1281538","Fukuoka","School","JuniorHighSchool","ZoneC","ABCH","FCU",143857.912276663,1,0,0,0,1
"1281553","Fukuoka","School","JuniorHighSchool","ZoneC","ABCH","FCU",122115.733078901,0,0,0,0,2
"1281554","Fukuoka","School","JuniorHighSchool","ZoneC","ABCH","FCU",153243.610250967,1,0,0,0,2
"1281729","Fukuoka","School","JuniorHighSchool","ZoneC","ABCH","OHUFCU",97176.6709619774,0,0,0,0,1
"1281730","Fukuoka","School","JuniorHighSchool","ZoneC","ABCH","OHUFCU",121947.463401477,1,0,0,0,1
"1281745","Fukuoka","School","JuniorHighSchool","ZoneC","ABCH","OHUFCU",103516.752430999,0,0,0,0,2
"1281746","Fukuoka","School","JuniorHighSchool","ZoneC","ABCH","OHUFCU",129903.66158415,1,0,0,0,2
"1281921","Fukuoka","School","JuniorHighSchool","ZoneC","AHP","FCU",64495.95670554,0,0,0,0,1
"1281922","Fukuoka","School","JuniorHighSchool","ZoneC","AHP","FCU",80936.2807146324,1,0,0,0,1
"1281937","Fukuoka","School","JuniorHighSchool","ZoneC","AHP","FCU",68703.8557402332,0,0,0,0,2
"1281938","Fukuoka","School","JuniorHighSchool","ZoneC","AHP","FCU",86216.7930891627,1,0,0,0,2
"1282113","Fukuoka","School","JuniorHighSchool","ZoneC","AHP","OHUFCU",54672.8240068306,0,0,0,0,1
"1282114","Fukuoka","School","JuniorHighSchool","ZoneC","AHP","OHUFCU",68609.185091729,1,0,0,0,1
"1282129","Fukuoka","School","JuniorHighSchool","ZoneC","AHP","OHUFCU",58239.8340197626,0,0,0,0,2
"1282130","Fukuoka","School","JuniorHighSchool","ZoneC","AHP","OHUFCU",73085.4428056298,1,0,0,0,2
"1284097","Fukuoka","School","HighSchool","ZoneC","EHP","MUL",1614411.65250599,0,0,0,0,1
"1284098","Fukuoka","School","HighSchool","ZoneC","EHP","MUL",2025932.80835812,1,0,0,0,1
"1284113","Fukuoka","School","HighSchool","ZoneC","EHP","MUL",1719740.44490134,0,0,0,0,2
"1284114","Fukuoka","School","HighSchool","ZoneC","EHP","MUL",2158110.40745266,1,0,0,0,2
"1284161","Fukuoka","School","HighSchool","ZoneC","GHP","MUL",428262.479445,0,0,0,0,1
"1284162","Fukuoka","School","HighSchool","ZoneC","GHP","MUL",537428.608341392,1,0,0,0,1
"1284177","Fukuoka","School","HighSchool","ZoneC","GHP","MUL",456203.537550076,0,0,0,0,2
"1284178","Fukuoka","School","HighSchool","ZoneC","GHP","MUL",572491.97413626,1,0,0,0,2
"1284353","Fukuoka","School","HighSchool","ZoneC","ABCH","FCU",117329.856109999,0,0,0,0,1
"1284354","Fukuoka","School","HighSchool","ZoneC","ABCH","FCU",147237.790636736,1,0,0,0,1
"1284369","Fukuoka","School","HighSchool","ZoneC","ABCH","FCU",124984.788503979,0,0,0,0,2
"1284370","Fukuoka","School","HighSchool","ZoneC","ABCH","FCU",156844.001455801,1,0,0,0,2
"1284545","Fukuoka","School","HighSchool","ZoneC","ABCH","OHUFCU",99459.7940943127,0,0,0,0,1
"1284546","Fukuoka","School","HighSchool","ZoneC","ABCH","OHUFCU",124812.565404513,1,0,0,0,1
"1284561","Fukuoka","School","HighSchool","ZoneC","ABCH","OHUFCU",105948.832988193,0,0,0,0,2
"1284562","Fukuoka","School","HighSchool","ZoneC","ABCH","OHUFCU",132955.690963237,1,0,0,0,2
"1284737","Fukuoka","School","HighSchool","ZoneC","AHP","FCU",59402.7469449734,0,0,0,0,1
"1284738","Fukuoka","School","HighSchool","ZoneC","AHP","FCU",74544.7877284634,1,0,0,0,1
"1284753","Fukuoka","School","HighSchool","ZoneC","AHP","FCU",63278.3505377551,0,0,0,0,2
"1284754","Fukuoka","School","HighSchool","ZoneC","AHP","FCU",79408.3009833505,1,0,0,0,2
"1284929","Fukuoka","School","HighSchool","ZoneC","AHP","OHUFCU",50355.3415615255,0,0,0,0,1
"1284930","Fukuoka","School","HighSchool","ZoneC","AHP","OHUFCU",63191.1559776079,1,0,0,0,1
"1284945","Fukuoka","School","HighSchool","ZoneC","AHP","OHUFCU",53640.6667814581,0,0,0,0,2
"1284946","Fukuoka","School","HighSchool","ZoneC","AHP","OHUFCU",67313.9261142434,1,0,0,0,2
"1286913","Naha","School","ElementarySchool","ZoneC","EHP","MUL",263621.197234067,0,0,0,0,1
"1286914","Naha","School","ElementarySchool","ZoneC","EHP","MUL",330819.485616394,1,0,0,0,1
"1286929","Naha","School","ElementarySchool","ZoneC","EHP","MUL",280820.591398115,0,0,0,0,2
"1286930","Naha","School","ElementarySchool","ZoneC","EHP","MUL",352403.086593715,1,0,0,0,2
"1286977","Naha","School","ElementarySchool","ZoneC","GHP","MUL",118076.94119936,0,0,0,0,1
"1286978","Naha","School","ElementarySchool","ZoneC","GHP","MUL",148175.311244211,1,0,0,0,1
"1286993","Naha","School","ElementarySchool","ZoneC","GHP","MUL",125780.615542246,0,0,0,0,2
"1286994","Naha","School","ElementarySchool","ZoneC","GHP","MUL",157842.688565189,1,0,0,0,2
"1287169","Naha","School","ElementarySchool","ZoneC","ABCH","FCU",38336.1036537478,0,0,0,0,1
"1287170","Naha","School","ElementarySchool","ZoneC","ABCH","FCU",48108.157554603,1,0,0,0,1
"1287185","Naha","School","ElementarySchool","ZoneC","ABCH","FCU",40837.2597230344,0,0,0,0,2
"1287186","Naha","School","ElementarySchool","ZoneC","ABCH","FCU",51246.8701200917,1,0,0,0,2
"1287361","Naha","School","ElementarySchool","ZoneC","ABCH","OHUFCU",29550.3022932843,0,0,0,0,1
"1287362","Naha","School","ElementarySchool","ZoneC","ABCH","OHUFCU",37082.81392787,1,0,0,0,1
"1287377","Naha","School","ElementarySchool","ZoneC","ABCH","OHUFCU",31478.24777772,0,0,0,0,2
"1287378","Naha","School","ElementarySchool","ZoneC","ABCH","OHUFCU",39502.2018228851,1,0,0,0,2
"1287553","Naha","School","ElementarySchool","ZoneC","AHP","FCU",34473.3122558586,0,0,0,0,1
"1287554","Naha","School","ElementarySchool","ZoneC","AHP","FCU",43260.7223836045,1,0,0,0,1
"1287569","Naha","School","ElementarySchool","ZoneC","AHP","FCU",36722.4488649393,0,0,0,0,2
"1287570","Naha","School","ElementarySchool","ZoneC","AHP","FCU",46083.1745380739,1,0,0,0,2
"1289729","Naha","School","JuniorHighSchool","ZoneC","EHP","MUL",180871.764505577,0,0,0,0,1
"1289730","Naha","School","JuniorHighSchool","ZoneC","EHP","MUL",226976.831620777,1,0,0,0,1
"1289745","Naha","School","JuniorHighSchool","ZoneC","EHP","MUL",192672.351118178,0,0,0,0,2
"1289746","Naha","School","JuniorHighSchool","ZoneC","EHP","MUL",241785.443500671,1,0,0,0,2
"1289793","Naha","School","JuniorHighSchool","ZoneC","GHP","MUL",81013.1542009008,0,0,0,0,1
"1289794","Naha","School","JuniorHighSchool","ZoneC","GHP","MUL",101663.789870082,1,0,0,0,1
"1289809","Naha","School","JuniorHighSchool","ZoneC","GHP","MUL",86298.6820195794,0,0,0,0,2
"1289810","Naha","School","JuniorHighSchool","ZoneC","GHP","MUL",108296.623695785,1,0,0,0,2
"1289985","Naha","School","JuniorHighSchool","ZoneC","ABCH","FCU",46577.1878680886,0,0,0,0,1
"1289986","Naha","School","JuniorHighSchool","ZoneC","ABCH","FCU",58449.9330617104,1,0,0,0,1
"1290001","Naha","School","JuniorHighSchool","ZoneC","ABCH","FCU",49616.0156315664,0,0,0,0,2
"1290002","Naha","School","JuniorHighSchool","ZoneC","ABCH","FCU",62263.3723759168,1,0,0,0,2
"1290370","Naha","School","JuniorHighSchool","ZoneC","AHP","FCU",53333.6930220132,1,0,0,0,1
"1290385","Naha","School","JuniorHighSchool","ZoneC","AHP","FCU",25195.4478352131,0,0,0,0,2
"1290386","Naha","School","JuniorHighSchool","ZoneC","AHP","FCU",31617.8864984032,1,0,0,0,2
"1292545","Naha","School","HighSchool","ZoneC","EHP","MUL",171514.25771392,0,0,0,0,1
"1292546","Naha","School","HighSchool","ZoneC","EHP","MUL",215234.052148005,1,0,0,0,1
"1292561","Naha","School","HighSchool","ZoneC","EHP","MUL",182704.334058792,0,0,0,0,2
"1292562","Naha","School","HighSchool","ZoneC","EHP","MUL",229276.531809198,1,0,0,0,2
"1292609","Naha","School","HighSchool","ZoneC","GHP","MUL",76821.8911658953,0,0,0,0,1
"1292610","Naha","School","HighSchool","ZoneC","GHP","MUL",96404.1540901394,1,0,0,0,1
"1292625","Naha","School","HighSchool","ZoneC","GHP","MUL",81833.9691036819,0,0,0,0,2
"1292626","Naha","School","HighSchool","ZoneC","GHP","MUL",102693.834368678,1,0,0,0,2
"1292801","Naha","School","HighSchool","ZoneC","ABCH","FCU",37607.4715377081,0,0,0,0,1
"1292802","Naha","School","HighSchool","ZoneC","ABCH","FCU",47193.7936705114,1,0,0,0,1
"1292817","Naha","School","HighSchool","ZoneC","ABCH","FCU",47049.1019702967,0,0,0,0,2
"1292818","Naha","School","HighSchool","ZoneC","ABCH","FCU",59042.1402976446,1,0,0,0,2
"1292993","Naha","School","HighSchool","ZoneC","ABCH","OHUFCU",28988.656814546,0,0,0,0,1
"1292994","Naha","School","HighSchool","ZoneC","ABCH","OHUFCU",36378.0023636847,1,0,0,0,1
"1293202","Naha","School","HighSchool","ZoneC","AHP","FCU",53874.0631691164,1,0,0,0,2
