"","Area","Building","Cluster","Zoning","Plant","HVAC","TFA","HEX","VWV","NaturalVentilation","CO2control","Insulation","Lighting","HSCOP","NoBuilding","Schedule_Sampling"
"1","Sapporo","Office","CL2","ZoneC","EHP","MUL","98107.3684210526","0","0","0","0","3","1","1",1,102
"2","Sapporo","Office","CL2","ZoneC","EHP","MUL","98107.3684210526","0","0","0","0","3","1","1",2,169
"3","Sapporo","Office","CL2","ZoneC","EHP","MUL","98107.3684210526","0","0","0","0","3","1","1",3,42
"4","Sapporo","Office","CL2","ZoneC","EHP","MUL","98107.3684210526","0","0","0","0","3","1","1",4,23
"5","Sapporo","Office","CL2","ZoneC","EHP","MUL","98107.3684210526","0","0","0","0","3","1","1",5,174
"6","Sapporo","Office","CL2","ZoneC","EHP","MUL","98107.3684210526","0","0","0","0","3","1","1",6,16
"7","Sapporo","Office","CL2","ZoneC","EHP","MUL","98107.3684210526","0","0","0","0","3","1","1",7,323
"8","Sapporo","Office","CL2","ZoneC","EHP","MUL","98107.3684210526","0","0","0","0","3","1","1",8,323
"9","Sapporo","Office","CL2","ZoneC","EHP","MUL","98107.3684210526","0","0","0","0","3","1","1",9,305
"10","Sapporo","Office","CL2","ZoneC","EHP","MUL","98107.3684210526","0","0","0","0","3","1","1",10,79
"11","Sapporo","Office","CL2","ZoneC","EHP","MUL","98107.3684210526","0","0","0","0","3","1","1",11,44
"12","Sapporo","Office","CL2","ZoneC","EHP","MUL","98107.3684210526","0","0","0","0","3","1","1",12,51
"13","Sapporo","Office","CL2","ZoneC","EHP","MUL","98107.3684210526","0","0","0","0","3","1","1",13,361
"14","Sapporo","Office","CL2","ZoneC","EHP","MUL","98107.3684210526","0","0","0","0","3","1","1",14,379
"15","Sapporo","Office","CL2","ZoneC","EHP","MUL","98107.3684210526","0","0","0","0","3","1","1",15,171
"16","Sapporo","Office","CL2","ZoneC","EHP","MUL","98107.3684210526","0","0","0","0","3","1","1",16,80
"17","Sapporo","Office","CL2","ZoneC","EHP","MUL","98107.3684210526","0","0","0","0","3","1","1",17,333
"18","Sapporo","Office","CL2","ZoneC","EHP","MUL","98107.3684210526","0","0","0","0","3","1","1",18,267
"19","Sapporo","Office","CL2","ZoneC","EHP","MUL","98107.3684210526","0","0","0","0","3","1","1",19,194
"20","Sapporo","Office","CL3","ZoneC","EHP","MUL","98646.2380952381","0","0","0","0","3","1","1",20,213
"21","Sapporo","Office","CL3","ZoneC","EHP","MUL","98646.2380952381","0","0","0","0","3","1","1",21,211
"22","Sapporo","Office","CL3","ZoneC","EHP","MUL","98646.2380952381","0","0","0","0","3","1","1",22,16
"23","Sapporo","Office","CL3","ZoneC","EHP","MUL","98646.2380952381","0","0","0","0","3","1","1",23,387
"24","Sapporo","Office","CL3","ZoneC","EHP","MUL","98646.2380952381","0","0","0","0","3","1","1",24,32
"25","Sapporo","Office","CL3","ZoneC","EHP","MUL","98646.2380952381","0","0","0","0","3","1","1",25,80
"26","Sapporo","Office","CL3","ZoneC","EHP","MUL","98646.2380952381","0","0","0","0","3","1","1",26,94
"27","Sapporo","Office","CL3","ZoneC","EHP","MUL","98646.2380952381","0","0","0","0","3","1","1",27,321
"28","Sapporo","Office","CL3","ZoneC","EHP","MUL","98646.2380952381","0","0","0","0","3","1","1",28,17
"29","Sapporo","Office","CL3","ZoneC","EHP","MUL","98646.2380952381","0","0","0","0","3","1","1",29,60
"30","Sapporo","Office","CL3","ZoneC","EHP","MUL","98646.2380952381","0","0","0","0","3","1","1",30,224
"31","Sapporo","Office","CL3","ZoneC","EHP","MUL","98646.2380952381","0","0","0","0","3","1","1",31,232
"32","Sapporo","Office","CL3","ZoneC","EHP","MUL","98646.2380952381","0","0","0","0","3","1","1",32,17
"33","Sapporo","Office","CL3","ZoneC","EHP","MUL","98646.2380952381","0","0","0","0","3","1","1",33,325
"34","Sapporo","Office","CL3","ZoneC","EHP","MUL","98646.2380952381","0","0","0","0","3","1","1",34,127
"35","Sapporo","Office","CL3","ZoneC","EHP","MUL","98646.2380952381","0","0","0","0","3","1","1",35,168
"36","Sapporo","Office","CL3","ZoneC","EHP","MUL","98646.2380952381","0","0","0","0","3","1","1",36,128
"37","Sapporo","Office","CL3","ZoneC","EHP","MUL","98646.2380952381","0","0","0","0","3","1","1",37,212
"38","Sapporo","Office","CL3","ZoneC","EHP","MUL","98646.2380952381","0","0","0","0","3","1","1",38,220
"39","Sapporo","Office","CL3","ZoneC","EHP","MUL","98646.2380952381","0","0","0","0","3","1","1",39,384
"40","Sapporo","Office","CL3","ZoneC","EHP","MUL","98646.2380952381","0","0","0","0","3","1","1",40,358
"41","Sapporo","Office","CL3","ZoneC","ABCH","FCU","112789.85","0","0","0","0","3","1","1",41,86
"42","Sapporo","Office","CL3","ZoneC","ABCH","FCU","112789.85","0","0","0","0","3","1","1",42,220
"43","Sapporo","Office","CL4","ZoneC","EHP","MUL","97736.1666666667","0","0","0","0","3","1","1",43,95
"44","Sapporo","Office","CL4","ZoneC","EHP","MUL","97736.1666666667","0","0","0","0","3","1","1",44,115
"45","Sapporo","Office","CL4","ZoneC","EHP","MUL","97736.1666666667","0","0","0","0","3","1","1",45,104
"46","Sapporo","Office","CL4","ZoneC","EHP","MUL","97736.1666666667","0","0","0","0","3","1","1",46,106
"47","Sapporo","Office","CL4","ZoneC","EHP","MUL","97736.1666666667","0","0","0","0","3","1","1",47,386
"48","Sapporo","Office","CL4","ZoneC","EHP","MUL","97736.1666666667","0","0","0","0","3","1","1",48,105
"49","Sapporo","Office","CL4","ZoneC","EHP","MUL","97736.1666666667","0","0","0","0","3","1","1",49,233
"50","Sapporo","Office","CL4","ZoneC","EHP","MUL","97736.1666666667","0","0","0","0","3","1","1",50,172
"51","Sapporo","Office","CL4","ZoneC","EHP","MUL","97736.1666666667","0","0","0","0","3","1","1",51,246
"52","Sapporo","Office","CL4","ZoneC","EHP","MUL","97736.1666666667","0","0","0","0","3","1","1",52,397
"53","Sapporo","Office","CL4","ZoneC","EHP","MUL","97736.1666666667","0","0","0","0","3","1","1",53,321
"54","Sapporo","Office","CL4","ZoneC","EHP","MUL","97736.1666666667","0","0","0","0","3","1","1",54,157
"55","Sapporo","Office","CL4","ZoneC","EHP","MUL","97736.1666666667","0","0","0","0","3","1","1",55,392
"56","Sapporo","Office","CL4","ZoneC","EHP","MUL","97736.1666666667","0","0","0","0","3","1","1",56,4
"57","Sapporo","Office","CL4","ZoneC","EHP","MUL","97736.1666666667","0","0","0","0","3","1","1",57,20
"58","Sapporo","Office","CL4","ZoneC","EHP","MUL","97736.1666666667","0","0","0","0","3","1","1",58,385
"59","Sapporo","Office","CL4","ZoneC","EHP","MUL","97736.1666666667","0","0","0","0","3","1","1",59,98
"60","Sapporo","Office","CL4","ZoneC","EHP","MUL","97736.1666666667","0","0","0","0","3","1","1",60,162
"61","Sapporo","Office","CL4","ZoneC","ABCH","FCU","104262.675","0","0","0","0","3","1","1",61,272
"62","Sapporo","Office","CL4","ZoneC","ABCH","FCU","104262.675","0","0","0","0","3","1","1",62,206
"63","Sapporo","Office","CL4","ZoneC","ABCH","FCU","104262.675","0","0","0","0","3","1","1",63,191
"64","Sapporo","Office","CL4","ZoneC","ABCH","FCU","104262.675","0","0","0","0","3","1","1",64,29
"65","Sapporo","Office","CL5","ZoneC","EHP","MUL","100662.666666667","0","0","0","0","3","1","1",65,354
"66","Sapporo","Office","CL5","ZoneC","EHP","MUL","100662.666666667","0","0","0","0","3","1","1",66,100
"67","Sapporo","Office","CL5","ZoneC","EHP","MUL","100662.666666667","0","0","0","0","3","1","1",67,125
"68","Sapporo","Office","CL5","ZoneC","EHP","MUL","100662.666666667","0","0","0","0","3","1","1",68,179
"69","Sapporo","Office","CL5","ZoneC","EHP","MUL","100662.666666667","0","0","0","0","3","1","1",69,344
"70","Sapporo","Office","CL5","ZoneC","EHP","MUL","100662.666666667","0","0","0","0","3","1","1",70,275
"71","Sapporo","Office","CL5","ZoneC","EHP","MUL","100662.666666667","0","0","0","0","3","1","1",71,133
"72","Sapporo","Office","CL5","ZoneC","EHP","MUL","100662.666666667","0","0","0","0","3","1","1",72,272
"73","Sapporo","Office","CL5","ZoneC","EHP","MUL","100662.666666667","0","0","0","0","3","1","1",73,68
"74","Sapporo","Office","CL5","ZoneC","EHP","MUL","100662.666666667","0","0","0","0","3","1","1",74,255
"75","Sapporo","Office","CL5","ZoneC","EHP","MUL","100662.666666667","0","0","0","0","3","1","1",75,78
"76","Sapporo","Office","CL5","ZoneC","EHP","MUL","100662.666666667","0","0","0","0","3","1","1",76,83
"77","Sapporo","Office","CL5","ZoneC","ABCH","FCU","98993.7142857143","0","0","0","0","3","1","1",77,224
"78","Sapporo","Office","CL5","ZoneC","ABCH","FCU","98993.7142857143","0","0","0","0","3","1","1",78,250
"79","Sapporo","Office","CL5","ZoneC","ABCH","FCU","98993.7142857143","0","0","0","0","3","1","1",79,14
"80","Sapporo","Office","CL5","ZoneC","ABCH","FCU","98993.7142857143","0","0","0","0","3","1","1",80,195
"81","Sapporo","Office","CL5","ZoneC","ABCH","FCU","98993.7142857143","0","0","0","0","3","1","1",81,177
"82","Sapporo","Office","CL5","ZoneC","ABCH","FCU","98993.7142857143","0","0","0","0","3","1","1",82,377
"83","Sapporo","Office","CL5","ZoneC","ABCH","FCU","98993.7142857143","0","0","0","0","3","1","1",83,52
"84","Sapporo","Office","CL5","ZoneC","ABCH","OHUFCU","85411.3666666667","0","0","0","0","3","1","1",84,255
"85","Sapporo","Office","CL5","ZoneC","ABCH","OHUFCU","85411.3666666667","0","0","0","0","3","1","1",85,170
"86","Sapporo","Office","CL5","ZoneC","ABCH","OHUFCU","85411.3666666667","0","0","0","0","3","1","1",86,182
"87","Sapporo","Office","CL5","ZoneC","AHP","FCU","98610.5","0","0","0","0","3","1","1",87,3
"88","Sapporo","Office","CL5","ZoneC","AHP","FCU","98610.5","0","0","0","0","3","1","1",88,256
"89","Sapporo","Office","CL6","ZoneC","EHP","MUL","101936.625","0","0","0","0","3","1","1",89,2
"90","Sapporo","Office","CL6","ZoneC","EHP","MUL","101936.625","0","0","0","0","3","1","1",90,141
"91","Sapporo","Office","CL6","ZoneC","EHP","MUL","101936.625","0","0","0","0","3","1","1",91,293
"92","Sapporo","Office","CL6","ZoneC","EHP","MUL","101936.625","0","0","0","0","3","1","1",92,76
"93","Sapporo","Office","CL6","ZoneC","ABCH","VAV","79456.95","0","0","0","0","3","1","1",93,359
"94","Sapporo","Office","CL6","ZoneC","ABCH","VAV","79456.95","0","0","0","0","3","1","1",94,310
"95","Sapporo","Office","CL6","ZoneC","ABCH","FCU","96156.0333333333","0","0","0","0","3","1","1",95,226
"96","Sapporo","Office","CL6","ZoneC","ABCH","FCU","96156.0333333333","0","0","0","0","3","1","1",96,233
"97","Sapporo","Office","CL6","ZoneC","ABCH","FCU","96156.0333333333","0","0","0","0","3","1","1",97,91
"98","Sapporo","Office","CL6","ZoneC","ABCH","FCU","96156.0333333333","0","0","0","0","3","1","1",98,222
"99","Sapporo","Office","CL6","ZoneC","ABCH","FCU","96156.0333333333","0","0","0","0","3","1","1",99,119
"100","Sapporo","Office","CL6","ZoneC","ABCH","FCU","96156.0333333333","0","0","0","0","3","1","1",100,257
"101","Sapporo","Office","CL6","ZoneC","ABCH","OHUFCU","83418.8666666667","0","0","0","0","3","1","1",101,389
"102","Sapporo","Office","CL6","ZoneC","ABCH","OHUFCU","83418.8666666667","0","0","0","0","3","1","1",102,298
"103","Sapporo","Office","CL6","ZoneC","ABCH","OHUFCU","83418.8666666667","0","0","0","0","3","1","1",103,84
"104","Sapporo","Office","CL6","ZoneC","AHP","FCU","75417.7","0","0","0","0","3","1","1",104,58
"105","Sapporo","Office","CL6","ZoneC","AHP","FCU","75417.7","0","0","0","0","3","1","1",105,8
"106","Sapporo","Office","CL7","ZoneC","ABCH","FCU","117347.05","0","0","0","0","3","1","1",106,35
"107","Sapporo","Office","CL7","ZoneC","ABCH","FCU","117347.05","0","0","0","0","3","1","1",107,340
"108","Sapporo","Office","CL7","ZoneC","COM","FCU","77200.9","0","0","0","0","3","1","1",108,110
"109","Sapporo","Office","CL7","ZoneC","COM","FCU","77200.9","0","0","0","0","3","1","1",109,353
"110","Sendai","Office","CL2","ZoneC","EHP","MUL","99238.65625","0","0","0","0","3","1","1",110,332
"111","Sendai","Office","CL2","ZoneC","EHP","MUL","99238.65625","0","0","0","0","3","1","1",111,356
"112","Sendai","Office","CL2","ZoneC","EHP","MUL","99238.65625","0","0","0","0","3","1","1",112,150
"113","Sendai","Office","CL2","ZoneC","EHP","MUL","99238.65625","0","0","0","0","3","1","1",113,390
"114","Sendai","Office","CL2","ZoneC","EHP","MUL","99238.65625","0","0","0","0","3","1","1",114,152
"115","Sendai","Office","CL2","ZoneC","EHP","MUL","99238.65625","0","0","0","0","3","1","1",115,87
"116","Sendai","Office","CL2","ZoneC","EHP","MUL","99238.65625","0","0","0","0","3","1","1",116,123
"117","Sendai","Office","CL2","ZoneC","EHP","MUL","99238.65625","0","0","0","0","3","1","1",117,200
"118","Sendai","Office","CL2","ZoneC","EHP","MUL","99238.65625","0","0","0","0","3","1","1",118,106
"119","Sendai","Office","CL2","ZoneC","EHP","MUL","99238.65625","0","0","0","0","3","1","1",119,157
"120","Sendai","Office","CL2","ZoneC","EHP","MUL","99238.65625","0","0","0","0","3","1","1",120,286
"121","Sendai","Office","CL2","ZoneC","EHP","MUL","99238.65625","0","0","0","0","3","1","1",121,135
"122","Sendai","Office","CL2","ZoneC","EHP","MUL","99238.65625","0","0","0","0","3","1","1",122,229
"123","Sendai","Office","CL2","ZoneC","EHP","MUL","99238.65625","0","0","0","0","3","1","1",123,149
"124","Sendai","Office","CL2","ZoneC","EHP","MUL","99238.65625","0","0","0","0","3","1","1",124,128
"125","Sendai","Office","CL2","ZoneC","EHP","MUL","99238.65625","0","0","0","0","3","1","1",125,170
"126","Sendai","Office","CL2","ZoneC","EHP","MUL","99238.65625","0","0","0","0","3","1","1",126,284
"127","Sendai","Office","CL2","ZoneC","EHP","MUL","99238.65625","0","0","0","0","3","1","1",127,193
"128","Sendai","Office","CL2","ZoneC","EHP","MUL","99238.65625","0","0","0","0","3","1","1",128,162
"129","Sendai","Office","CL2","ZoneC","EHP","MUL","99238.65625","0","0","0","0","3","1","1",129,369
"130","Sendai","Office","CL2","ZoneC","EHP","MUL","99238.65625","0","0","0","0","3","1","1",130,94
"131","Sendai","Office","CL2","ZoneC","EHP","MUL","99238.65625","0","0","0","0","3","1","1",131,138
"132","Sendai","Office","CL2","ZoneC","EHP","MUL","99238.65625","0","0","0","0","3","1","1",132,163
"133","Sendai","Office","CL2","ZoneC","EHP","MUL","99238.65625","0","0","0","0","3","1","1",133,388
"134","Sendai","Office","CL2","ZoneC","EHP","MUL","99238.65625","0","0","0","0","3","1","1",134,111
"135","Sendai","Office","CL2","ZoneC","EHP","MUL","99238.65625","0","0","0","0","3","1","1",135,382
"136","Sendai","Office","CL2","ZoneC","EHP","MUL","99238.65625","0","0","0","0","3","1","1",136,130
"137","Sendai","Office","CL2","ZoneC","EHP","MUL","99238.65625","0","0","0","0","3","1","1",137,244
"138","Sendai","Office","CL2","ZoneC","EHP","MUL","99238.65625","0","0","0","0","3","1","1",138,42
"139","Sendai","Office","CL2","ZoneC","EHP","MUL","99238.65625","0","0","0","0","3","1","1",139,273
"140","Sendai","Office","CL2","ZoneC","EHP","MUL","99238.65625","0","0","0","0","3","1","1",140,74
"141","Sendai","Office","CL2","ZoneC","EHP","MUL","99238.65625","0","0","0","0","3","1","1",141,290
"142","Sendai","Office","CL2","ZoneC","ABCH","FCU","100765.1","0","0","0","0","3","1","1",142,209
"143","Sendai","Office","CL2","ZoneC","ABCH","FCU","100765.1","0","0","0","0","3","1","1",143,372
"144","Sendai","Office","CL3","ZoneC","EHP","MUL","99104.6153846154","0","0","0","0","3","1","1",144,356
"145","Sendai","Office","CL3","ZoneC","EHP","MUL","99104.6153846154","0","0","0","0","3","1","1",145,112
"146","Sendai","Office","CL3","ZoneC","EHP","MUL","99104.6153846154","0","0","0","0","3","1","1",146,12
"147","Sendai","Office","CL3","ZoneC","EHP","MUL","99104.6153846154","0","0","0","0","3","1","1",147,201
"148","Sendai","Office","CL3","ZoneC","EHP","MUL","99104.6153846154","0","0","0","0","3","1","1",148,156
"149","Sendai","Office","CL3","ZoneC","EHP","MUL","99104.6153846154","0","0","0","0","3","1","1",149,73
"150","Sendai","Office","CL3","ZoneC","EHP","MUL","99104.6153846154","0","0","0","0","3","1","1",150,313
"151","Sendai","Office","CL3","ZoneC","EHP","MUL","99104.6153846154","0","0","0","0","3","1","1",151,287
"152","Sendai","Office","CL3","ZoneC","EHP","MUL","99104.6153846154","0","0","0","0","3","1","1",152,267
"153","Sendai","Office","CL3","ZoneC","EHP","MUL","99104.6153846154","0","0","0","0","3","1","1",153,216
"154","Sendai","Office","CL3","ZoneC","EHP","MUL","99104.6153846154","0","0","0","0","3","1","1",154,15
"155","Sendai","Office","CL3","ZoneC","EHP","MUL","99104.6153846154","0","0","0","0","3","1","1",155,286
"156","Sendai","Office","CL3","ZoneC","EHP","MUL","99104.6153846154","0","0","0","0","3","1","1",156,63
"157","Sendai","Office","CL3","ZoneC","EHP","MUL","99104.6153846154","0","0","0","0","3","1","1",157,398
"158","Sendai","Office","CL3","ZoneC","EHP","MUL","99104.6153846154","0","0","0","0","3","1","1",158,299
"159","Sendai","Office","CL3","ZoneC","EHP","MUL","99104.6153846154","0","0","0","0","3","1","1",159,364
"160","Sendai","Office","CL3","ZoneC","EHP","MUL","99104.6153846154","0","0","0","0","3","1","1",160,279
"161","Sendai","Office","CL3","ZoneC","EHP","MUL","99104.6153846154","0","0","0","0","3","1","1",161,36
"162","Sendai","Office","CL3","ZoneC","EHP","MUL","99104.6153846154","0","0","0","0","3","1","1",162,369
"163","Sendai","Office","CL3","ZoneC","EHP","MUL","99104.6153846154","0","0","0","0","3","1","1",163,38
"164","Sendai","Office","CL3","ZoneC","EHP","MUL","99104.6153846154","0","0","0","0","3","1","1",164,179
"165","Sendai","Office","CL3","ZoneC","EHP","MUL","99104.6153846154","0","0","0","0","3","1","1",165,135
"166","Sendai","Office","CL3","ZoneC","EHP","MUL","99104.6153846154","0","0","0","0","3","1","1",166,173
"167","Sendai","Office","CL3","ZoneC","EHP","MUL","99104.6153846154","0","0","0","0","3","1","1",167,73
"168","Sendai","Office","CL3","ZoneC","EHP","MUL","99104.6153846154","0","0","0","0","3","1","1",168,200
"169","Sendai","Office","CL3","ZoneC","EHP","MUL","99104.6153846154","0","0","0","0","3","1","1",169,251
"170","Sendai","Office","CL3","ZoneC","ABCH","FCU","88487.4333333333","0","0","0","0","3","1","1",170,147
"171","Sendai","Office","CL3","ZoneC","ABCH","FCU","88487.4333333333","0","0","0","0","3","1","1",171,223
"172","Sendai","Office","CL3","ZoneC","ABCH","FCU","88487.4333333333","0","0","0","0","3","1","1",172,349
"173","Sendai","Office","CL4","ZoneC","EHP","MUL","102383.8","0","0","0","0","3","1","1",173,229
"174","Sendai","Office","CL4","ZoneC","EHP","MUL","102383.8","0","0","0","0","3","1","1",174,331
"175","Sendai","Office","CL4","ZoneC","EHP","MUL","102383.8","0","0","0","0","3","1","1",175,174
"176","Sendai","Office","CL4","ZoneC","EHP","MUL","102383.8","0","0","0","0","3","1","1",176,56
"177","Sendai","Office","CL4","ZoneC","EHP","MUL","102383.8","0","0","0","0","3","1","1",177,311
"178","Sendai","Office","CL4","ZoneC","EHP","MUL","102383.8","0","0","0","0","3","1","1",178,162
"179","Sendai","Office","CL4","ZoneC","EHP","MUL","102383.8","0","0","0","0","3","1","1",179,305
"180","Sendai","Office","CL4","ZoneC","EHP","MUL","102383.8","0","0","0","0","3","1","1",180,94
"181","Sendai","Office","CL4","ZoneC","EHP","MUL","102383.8","0","0","0","0","3","1","1",181,72
"182","Sendai","Office","CL4","ZoneC","EHP","MUL","102383.8","0","0","0","0","3","1","1",182,56
"183","Sendai","Office","CL4","ZoneC","EHP","MUL","102383.8","0","0","0","0","3","1","1",183,245
"184","Sendai","Office","CL4","ZoneC","EHP","MUL","102383.8","0","0","0","0","3","1","1",184,108
"185","Sendai","Office","CL4","ZoneC","EHP","MUL","102383.8","0","0","0","0","3","1","1",185,54
"186","Sendai","Office","CL4","ZoneC","EHP","MUL","102383.8","0","0","0","0","3","1","1",186,363
"187","Sendai","Office","CL4","ZoneC","EHP","MUL","102383.8","0","0","0","0","3","1","1",187,316
"188","Sendai","Office","CL4","ZoneC","EHP","MUL","102383.8","0","0","0","0","3","1","1",188,125
"189","Sendai","Office","CL4","ZoneC","EHP","MUL","102383.8","0","0","0","0","3","1","1",189,148
"190","Sendai","Office","CL4","ZoneC","EHP","MUL","102383.8","0","0","0","0","3","1","1",190,171
"191","Sendai","Office","CL4","ZoneC","EHP","MUL","102383.8","0","0","0","0","3","1","1",191,282
"192","Sendai","Office","CL4","ZoneC","EHP","MUL","102383.8","0","0","0","0","3","1","1",192,80
"193","Sendai","Office","CL4","ZoneC","ABCH","FCU","99566.025","0","0","0","0","3","1","1",193,56
"194","Sendai","Office","CL4","ZoneC","ABCH","FCU","99566.025","0","0","0","0","3","1","1",194,227
"195","Sendai","Office","CL4","ZoneC","ABCH","FCU","99566.025","0","0","0","0","3","1","1",195,180
"196","Sendai","Office","CL4","ZoneC","ABCH","FCU","99566.025","0","0","0","0","3","1","1",196,316
"197","Sendai","Office","CL4","ZoneC","AHP","FCU","89176.65","0","0","0","0","3","1","1",197,397
"198","Sendai","Office","CL4","ZoneC","AHP","FCU","89176.65","0","0","0","0","3","1","1",198,46
"199","Sendai","Office","CL5","ZoneC","EHP","MUL","96229.4615384615","0","0","0","0","3","1","1",199,172
"200","Sendai","Office","CL5","ZoneC","EHP","MUL","96229.4615384615","0","0","0","0","3","1","1",200,33
"201","Sendai","Office","CL5","ZoneC","EHP","MUL","96229.4615384615","0","0","0","0","3","1","1",201,321
"202","Sendai","Office","CL5","ZoneC","EHP","MUL","96229.4615384615","0","0","0","0","3","1","1",202,177
"203","Sendai","Office","CL5","ZoneC","EHP","MUL","96229.4615384615","0","0","0","0","3","1","1",203,108
"204","Sendai","Office","CL5","ZoneC","EHP","MUL","96229.4615384615","0","0","0","0","3","1","1",204,8
"205","Sendai","Office","CL5","ZoneC","EHP","MUL","96229.4615384615","0","0","0","0","3","1","1",205,225
"206","Sendai","Office","CL5","ZoneC","EHP","MUL","96229.4615384615","0","0","0","0","3","1","1",206,70
"207","Sendai","Office","CL5","ZoneC","EHP","MUL","96229.4615384615","0","0","0","0","3","1","1",207,297
"208","Sendai","Office","CL5","ZoneC","EHP","MUL","96229.4615384615","0","0","0","0","3","1","1",208,347
"209","Sendai","Office","CL5","ZoneC","EHP","MUL","96229.4615384615","0","0","0","0","3","1","1",209,137
"210","Sendai","Office","CL5","ZoneC","EHP","MUL","96229.4615384615","0","0","0","0","3","1","1",210,158
"211","Sendai","Office","CL5","ZoneC","EHP","MUL","96229.4615384615","0","0","0","0","3","1","1",211,289
"212","Sendai","Office","CL5","ZoneC","ABCH","FCU","93379.6","0","0","0","0","3","1","1",212,191
"213","Sendai","Office","CL5","ZoneC","ABCH","FCU","93379.6","0","0","0","0","3","1","1",213,210
"214","Sendai","Office","CL5","ZoneC","ABCH","FCU","93379.6","0","0","0","0","3","1","1",214,248
"215","Sendai","Office","CL5","ZoneC","ABCH","FCU","93379.6","0","0","0","0","3","1","1",215,131
"216","Sendai","Office","CL5","ZoneC","ABCH","FCU","93379.6","0","0","0","0","3","1","1",216,78
"217","Sendai","Office","CL5","ZoneC","ABCH","FCU","93379.6","0","0","0","0","3","1","1",217,394
"218","Sendai","Office","CL5","ZoneC","ABCH","FCU","93379.6","0","0","0","0","3","1","1",218,165
"219","Sendai","Office","CL5","ZoneC","ABCH","OHUFCU","84584.0333333333","0","0","0","0","3","1","1",219,173
"220","Sendai","Office","CL5","ZoneC","ABCH","OHUFCU","84584.0333333333","0","0","0","0","3","1","1",220,258
"221","Sendai","Office","CL5","ZoneC","ABCH","OHUFCU","84584.0333333333","0","0","0","0","3","1","1",221,55
"222","Sendai","Office","CL5","ZoneC","AHP","FCU","98816.4","0","0","0","0","3","1","1",222,82
"223","Sendai","Office","CL5","ZoneC","AHP","FCU","98816.4","0","0","0","0","3","1","1",223,398
"224","Sendai","Office","CL6","ZoneC","EHP","MUL","96600.6","0","0","0","0","3","1","1",224,12
"225","Sendai","Office","CL6","ZoneC","EHP","MUL","96600.6","0","0","0","0","3","1","1",225,103
"226","Sendai","Office","CL6","ZoneC","EHP","MUL","96600.6","0","0","0","0","3","1","1",226,308
"227","Sendai","Office","CL6","ZoneC","EHP","MUL","96600.6","0","0","0","0","3","1","1",227,52
"228","Sendai","Office","CL6","ZoneC","ABCH","FCU","102685.92","0","0","0","0","3","1","1",228,315
"229","Sendai","Office","CL6","ZoneC","ABCH","FCU","102685.92","0","0","0","0","3","1","1",229,281
"230","Sendai","Office","CL6","ZoneC","ABCH","FCU","102685.92","0","0","0","0","3","1","1",230,341
"231","Sendai","Office","CL6","ZoneC","ABCH","FCU","102685.92","0","0","0","0","3","1","1",231,226
"232","Sendai","Office","CL6","ZoneC","ABCH","FCU","102685.92","0","0","0","0","3","1","1",232,266
"233","Sendai","Office","CL6","ZoneC","ABCH","OHUFCU","114384.55","0","0","0","0","3","1","1",233,71
"234","Sendai","Office","CL6","ZoneC","ABCH","OHUFCU","114384.55","0","0","0","0","3","1","1",234,248
"235","Sendai","Office","CL6","ZoneC","AHP","FCU","103260.95","0","0","0","0","3","1","1",235,240
"236","Sendai","Office","CL6","ZoneC","AHP","FCU","103260.95","0","0","0","0","3","1","1",236,53
"237","Sendai","Office","CL6","ZoneC","AHP+TESICE","FCU","82233.35","0","0","0","0","3","1","1",237,385
"238","Sendai","Office","CL6","ZoneC","AHP+TESICE","FCU","82233.35","0","0","0","0","3","1","1",238,48
"239","Sendai","Office","CL7","ZoneC","ABCH","FCU","109804.4","0","0","0","0","3","1","1",239,298
"240","Sendai","Office","CL7","ZoneC","ABCH","FCU","109804.4","0","0","0","0","3","1","1",240,284
"241","Sendai","Office","CL7","ZoneC","ABCH","FCU","109804.4","0","0","0","0","3","1","1",241,370
"242","Sendai","Office","CL7","ZoneC","ABCH","OHUFCU","82535.15","0","0","0","0","3","1","1",242,384
"243","Sendai","Office","CL7","ZoneC","ABCH","OHUFCU","82535.15","0","0","0","0","3","1","1",243,49
"244","Tokyo","Office","CL2","ZoneC","EHP","MUL","99189.8360655738","0","0","0","0","1","1","1",244,165
"245","Tokyo","Office","CL2","ZoneC","EHP","MUL","99189.8360655738","0","0","0","0","1","1","1",245,31
"246","Tokyo","Office","CL2","ZoneC","EHP","MUL","99189.8360655738","0","0","0","0","1","1","1",246,33
"247","Tokyo","Office","CL2","ZoneC","EHP","MUL","99189.8360655738","0","0","0","0","1","1","1",247,295
"248","Tokyo","Office","CL2","ZoneC","EHP","MUL","99189.8360655738","0","0","0","0","1","1","1",248,109
"249","Tokyo","Office","CL2","ZoneC","EHP","MUL","99189.8360655738","0","0","0","0","1","1","1",249,188
"250","Tokyo","Office","CL2","ZoneC","EHP","MUL","99189.8360655738","0","0","0","0","1","1","1",250,245
"251","Tokyo","Office","CL2","ZoneC","EHP","MUL","99189.8360655738","0","0","0","0","1","1","1",251,20
"252","Tokyo","Office","CL2","ZoneC","EHP","MUL","99189.8360655738","0","0","0","0","1","1","1",252,371
"253","Tokyo","Office","CL2","ZoneC","EHP","MUL","99189.8360655738","0","0","0","0","1","1","1",253,320
"254","Tokyo","Office","CL2","ZoneC","EHP","MUL","99189.8360655738","0","0","0","0","1","1","1",254,206
"255","Tokyo","Office","CL2","ZoneC","EHP","MUL","99189.8360655738","0","0","0","0","1","1","1",255,293
"256","Tokyo","Office","CL2","ZoneC","EHP","MUL","99189.8360655738","0","0","0","0","1","1","1",256,38
"257","Tokyo","Office","CL2","ZoneC","EHP","MUL","99189.8360655738","0","0","0","0","1","1","1",257,193
"258","Tokyo","Office","CL2","ZoneC","EHP","MUL","99189.8360655738","0","0","0","0","1","1","1",258,63
"259","Tokyo","Office","CL2","ZoneC","EHP","MUL","99189.8360655738","0","0","0","0","1","1","1",259,382
"260","Tokyo","Office","CL2","ZoneC","EHP","MUL","99189.8360655738","0","0","0","0","1","1","1",260,201
"261","Tokyo","Office","CL2","ZoneC","EHP","MUL","99189.8360655738","0","0","0","0","1","1","1",261,244
"262","Tokyo","Office","CL2","ZoneC","EHP","MUL","99189.8360655738","0","0","0","0","1","1","1",262,390
"263","Tokyo","Office","CL2","ZoneC","EHP","MUL","99189.8360655738","0","0","0","0","1","1","1",263,204
"264","Tokyo","Office","CL2","ZoneC","EHP","MUL","99189.8360655738","0","0","0","0","1","1","1",264,30
"265","Tokyo","Office","CL2","ZoneC","EHP","MUL","99189.8360655738","0","0","0","0","1","1","1",265,158
"266","Tokyo","Office","CL2","ZoneC","EHP","MUL","99189.8360655738","0","0","0","0","1","1","1",266,273
"267","Tokyo","Office","CL2","ZoneC","EHP","MUL","99189.8360655738","0","0","0","0","1","1","1",267,79
"268","Tokyo","Office","CL2","ZoneC","EHP","MUL","99189.8360655738","0","0","0","0","1","1","1",268,32
"269","Tokyo","Office","CL2","ZoneC","EHP","MUL","99189.8360655738","0","0","0","0","1","1","1",269,230
"270","Tokyo","Office","CL2","ZoneC","EHP","MUL","99189.8360655738","0","0","0","0","1","1","1",270,199
"271","Tokyo","Office","CL2","ZoneC","EHP","MUL","99189.8360655738","0","0","0","0","1","1","1",271,300
"272","Tokyo","Office","CL2","ZoneC","EHP","MUL","99189.8360655738","0","0","0","0","1","1","1",272,381
"273","Tokyo","Office","CL2","ZoneC","EHP","MUL","99189.8360655738","0","0","0","0","1","1","1",273,118
"274","Tokyo","Office","CL2","ZoneC","EHP","MUL","99189.8360655738","0","0","0","0","1","1","1",274,328
"275","Tokyo","Office","CL2","ZoneC","EHP","MUL","99189.8360655738","0","0","0","0","1","1","1",275,129
"276","Tokyo","Office","CL2","ZoneC","EHP","MUL","99189.8360655738","0","0","0","0","1","1","1",276,64
"277","Tokyo","Office","CL2","ZoneC","EHP","MUL","99189.8360655738","0","0","0","0","1","1","1",277,271
"278","Tokyo","Office","CL2","ZoneC","EHP","MUL","99189.8360655738","0","0","0","0","1","1","1",278,380
"279","Tokyo","Office","CL2","ZoneC","EHP","MUL","99189.8360655738","0","0","0","0","1","1","1",279,351
"280","Tokyo","Office","CL2","ZoneC","EHP","MUL","99189.8360655738","0","0","0","0","1","1","1",280,77
"281","Tokyo","Office","CL2","ZoneC","EHP","MUL","99189.8360655738","0","0","0","0","1","1","1",281,167
"282","Tokyo","Office","CL2","ZoneC","EHP","MUL","99189.8360655738","0","0","0","0","1","1","1",282,174
"283","Tokyo","Office","CL2","ZoneC","EHP","MUL","99189.8360655738","0","0","0","0","1","1","1",283,12
"284","Tokyo","Office","CL2","ZoneC","EHP","MUL","99189.8360655738","0","0","0","0","1","1","1",284,378
"285","Tokyo","Office","CL2","ZoneC","EHP","MUL","99189.8360655738","0","0","0","0","1","1","1",285,71
"286","Tokyo","Office","CL2","ZoneC","EHP","MUL","99189.8360655738","0","0","0","0","1","1","1",286,314
"287","Tokyo","Office","CL2","ZoneC","EHP","MUL","99189.8360655738","0","0","0","0","1","1","1",287,7
"288","Tokyo","Office","CL2","ZoneC","EHP","MUL","99189.8360655738","0","0","0","0","1","1","1",288,125
"289","Tokyo","Office","CL2","ZoneC","EHP","MUL","99189.8360655738","0","0","0","0","1","1","1",289,374
"290","Tokyo","Office","CL2","ZoneC","EHP","MUL","99189.8360655738","0","0","0","0","1","1","1",290,268
"291","Tokyo","Office","CL2","ZoneC","EHP","MUL","99189.8360655738","0","0","0","0","1","1","1",291,262
"292","Tokyo","Office","CL2","ZoneC","EHP","MUL","99189.8360655738","0","0","0","0","1","1","1",292,13
"293","Tokyo","Office","CL2","ZoneC","EHP","MUL","99189.8360655738","0","0","0","0","1","1","1",293,81
"294","Tokyo","Office","CL2","ZoneC","EHP","MUL","99189.8360655738","0","0","0","0","1","1","1",294,211
"295","Tokyo","Office","CL2","ZoneC","EHP","MUL","99189.8360655738","0","0","0","0","1","1","1",295,95
"296","Tokyo","Office","CL2","ZoneC","EHP","MUL","99189.8360655738","0","0","0","0","1","1","1",296,44
"297","Tokyo","Office","CL2","ZoneC","EHP","MUL","99189.8360655738","0","0","0","0","1","1","1",297,386
"298","Tokyo","Office","CL2","ZoneC","EHP","MUL","99189.8360655738","0","0","0","0","1","1","1",298,308
"299","Tokyo","Office","CL2","ZoneC","EHP","MUL","99189.8360655738","0","0","0","0","1","1","1",299,214
"300","Tokyo","Office","CL2","ZoneC","EHP","MUL","99189.8360655738","0","0","0","0","1","1","1",300,301
"301","Tokyo","Office","CL2","ZoneC","EHP","MUL","99189.8360655738","0","0","0","0","1","1","1",301,171
"302","Tokyo","Office","CL2","ZoneC","EHP","MUL","99189.8360655738","0","0","0","0","1","1","1",302,252
"303","Tokyo","Office","CL2","ZoneC","EHP","MUL","99189.8360655738","0","0","0","0","1","1","1",303,24
"304","Tokyo","Office","CL2","ZoneC","EHP","MUL","99189.8360655738","0","0","0","0","1","1","1",304,111
"305","Tokyo","Office","CL2","ZoneC","EHP","MUL","100223.909090909","0","0","0","0","2","1","1",305,27
"306","Tokyo","Office","CL2","ZoneC","EHP","MUL","100223.909090909","0","0","0","0","2","1","1",306,16
"307","Tokyo","Office","CL2","ZoneC","EHP","MUL","100223.909090909","0","0","0","0","2","1","1",307,324
"308","Tokyo","Office","CL2","ZoneC","EHP","MUL","100223.909090909","0","0","0","0","2","1","1",308,334
"309","Tokyo","Office","CL2","ZoneC","EHP","MUL","100223.909090909","0","0","0","0","2","1","1",309,399
"310","Tokyo","Office","CL2","ZoneC","EHP","MUL","100223.909090909","0","0","0","0","2","1","1",310,51
"311","Tokyo","Office","CL2","ZoneC","EHP","MUL","100223.909090909","0","0","0","0","2","1","1",311,361
"312","Tokyo","Office","CL2","ZoneC","EHP","MUL","100223.909090909","0","0","0","0","2","1","1",312,250
"313","Tokyo","Office","CL2","ZoneC","EHP","MUL","100223.909090909","0","0","0","0","2","1","1",313,20
"314","Tokyo","Office","CL2","ZoneC","EHP","MUL","100223.909090909","0","0","0","0","2","1","1",314,6
"315","Tokyo","Office","CL2","ZoneC","EHP","MUL","100223.909090909","0","0","0","0","2","1","1",315,94
"316","Tokyo","Office","CL3","ZoneC","EHP","MUL","100141.358974359","0","0","0","0","1","1","1",316,181
"317","Tokyo","Office","CL3","ZoneC","EHP","MUL","100141.358974359","0","0","0","0","1","1","1",317,245
"318","Tokyo","Office","CL3","ZoneC","EHP","MUL","100141.358974359","0","0","0","0","1","1","1",318,266
"319","Tokyo","Office","CL3","ZoneC","EHP","MUL","100141.358974359","0","0","0","0","1","1","1",319,260
"320","Tokyo","Office","CL3","ZoneC","EHP","MUL","100141.358974359","0","0","0","0","1","1","1",320,69
"321","Tokyo","Office","CL3","ZoneC","EHP","MUL","100141.358974359","0","0","0","0","1","1","1",321,271
"322","Tokyo","Office","CL3","ZoneC","EHP","MUL","100141.358974359","0","0","0","0","1","1","1",322,108
"323","Tokyo","Office","CL3","ZoneC","EHP","MUL","100141.358974359","0","0","0","0","1","1","1",323,333
"324","Tokyo","Office","CL3","ZoneC","EHP","MUL","100141.358974359","0","0","0","0","1","1","1",324,304
"325","Tokyo","Office","CL3","ZoneC","EHP","MUL","100141.358974359","0","0","0","0","1","1","1",325,329
"326","Tokyo","Office","CL3","ZoneC","EHP","MUL","100141.358974359","0","0","0","0","1","1","1",326,256
"327","Tokyo","Office","CL3","ZoneC","EHP","MUL","100141.358974359","0","0","0","0","1","1","1",327,336
"328","Tokyo","Office","CL3","ZoneC","EHP","MUL","100141.358974359","0","0","0","0","1","1","1",328,122
"329","Tokyo","Office","CL3","ZoneC","EHP","MUL","100141.358974359","0","0","0","0","1","1","1",329,302
"330","Tokyo","Office","CL3","ZoneC","EHP","MUL","100141.358974359","0","0","0","0","1","1","1",330,183
"331","Tokyo","Office","CL3","ZoneC","EHP","MUL","100141.358974359","0","0","0","0","1","1","1",331,365
"332","Tokyo","Office","CL3","ZoneC","EHP","MUL","100141.358974359","0","0","0","0","1","1","1",332,156
"333","Tokyo","Office","CL3","ZoneC","EHP","MUL","100141.358974359","0","0","0","0","1","1","1",333,202
"334","Tokyo","Office","CL3","ZoneC","EHP","MUL","100141.358974359","0","0","0","0","1","1","1",334,343
"335","Tokyo","Office","CL3","ZoneC","EHP","MUL","100141.358974359","0","0","0","0","1","1","1",335,107
"336","Tokyo","Office","CL3","ZoneC","EHP","MUL","100141.358974359","0","0","0","0","1","1","1",336,68
"337","Tokyo","Office","CL3","ZoneC","EHP","MUL","100141.358974359","0","0","0","0","1","1","1",337,152
"338","Tokyo","Office","CL3","ZoneC","EHP","MUL","100141.358974359","0","0","0","0","1","1","1",338,219
"339","Tokyo","Office","CL3","ZoneC","EHP","MUL","100141.358974359","0","0","0","0","1","1","1",339,176
"340","Tokyo","Office","CL3","ZoneC","EHP","MUL","100141.358974359","0","0","0","0","1","1","1",340,139
"341","Tokyo","Office","CL3","ZoneC","EHP","MUL","100141.358974359","0","0","0","0","1","1","1",341,215
"342","Tokyo","Office","CL3","ZoneC","EHP","MUL","100141.358974359","0","0","0","0","1","1","1",342,151
"343","Tokyo","Office","CL3","ZoneC","EHP","MUL","100141.358974359","0","0","0","0","1","1","1",343,221
"344","Tokyo","Office","CL3","ZoneC","EHP","MUL","100141.358974359","0","0","0","0","1","1","1",344,157
"345","Tokyo","Office","CL3","ZoneC","EHP","MUL","100141.358974359","0","0","0","0","1","1","1",345,386
"346","Tokyo","Office","CL3","ZoneC","EHP","MUL","100141.358974359","0","0","0","0","1","1","1",346,326
"347","Tokyo","Office","CL3","ZoneC","EHP","MUL","100141.358974359","0","0","0","0","1","1","1",347,100
"348","Tokyo","Office","CL3","ZoneC","EHP","MUL","100141.358974359","0","0","0","0","1","1","1",348,359
"349","Tokyo","Office","CL3","ZoneC","EHP","MUL","100141.358974359","0","0","0","0","1","1","1",349,205
"350","Tokyo","Office","CL3","ZoneC","EHP","MUL","100141.358974359","0","0","0","0","1","1","1",350,398
"351","Tokyo","Office","CL3","ZoneC","EHP","MUL","100141.358974359","0","0","0","0","1","1","1",351,126
"352","Tokyo","Office","CL3","ZoneC","EHP","MUL","100141.358974359","0","0","0","0","1","1","1",352,187
"353","Tokyo","Office","CL3","ZoneC","EHP","MUL","100141.358974359","0","0","0","0","1","1","1",353,308
"354","Tokyo","Office","CL3","ZoneC","EHP","MUL","100141.358974359","0","0","0","0","1","1","1",354,293
"355","Tokyo","Office","CL3","ZoneC","EHP","MUL","100141.358974359","0","0","0","0","1","1","1",355,352
"356","Tokyo","Office","CL3","ZoneC","EHP","MUL","100141.358974359","0","0","0","0","1","1","1",356,383
"357","Tokyo","Office","CL3","ZoneC","EHP","MUL","100141.358974359","0","0","0","0","1","1","1",357,340
"358","Tokyo","Office","CL3","ZoneC","EHP","MUL","100141.358974359","0","0","0","0","1","1","1",358,28
"359","Tokyo","Office","CL3","ZoneC","EHP","MUL","100141.358974359","0","0","0","0","1","1","1",359,27
"360","Tokyo","Office","CL3","ZoneC","EHP","MUL","100141.358974359","0","0","0","0","1","1","1",360,32
"361","Tokyo","Office","CL3","ZoneC","EHP","MUL","100141.358974359","0","0","0","0","1","1","1",361,316
"362","Tokyo","Office","CL3","ZoneC","EHP","MUL","100141.358974359","0","0","0","0","1","1","1",362,155
"363","Tokyo","Office","CL3","ZoneC","EHP","MUL","100141.358974359","0","0","0","0","1","1","1",363,207
"364","Tokyo","Office","CL3","ZoneC","EHP","MUL","100141.358974359","0","0","0","0","1","1","1",364,278
"365","Tokyo","Office","CL3","ZoneC","EHP","MUL","100141.358974359","0","0","0","0","1","1","1",365,220
"366","Tokyo","Office","CL3","ZoneC","EHP","MUL","100141.358974359","0","0","0","0","1","1","1",366,80
"367","Tokyo","Office","CL3","ZoneC","EHP","MUL","100141.358974359","0","0","0","0","1","1","1",367,83
"368","Tokyo","Office","CL3","ZoneC","EHP","MUL","100141.358974359","0","0","0","0","1","1","1",368,360
"369","Tokyo","Office","CL3","ZoneC","EHP","MUL","100141.358974359","0","0","0","0","1","1","1",369,202
"370","Tokyo","Office","CL3","ZoneC","EHP","MUL","100141.358974359","0","0","0","0","1","1","1",370,24
"371","Tokyo","Office","CL3","ZoneC","EHP","MUL","100141.358974359","0","0","0","0","1","1","1",371,387
"372","Tokyo","Office","CL3","ZoneC","EHP","MUL","100141.358974359","0","0","0","0","1","1","1",372,63
"373","Tokyo","Office","CL3","ZoneC","EHP","MUL","100141.358974359","0","0","0","0","1","1","1",373,222
"374","Tokyo","Office","CL3","ZoneC","EHP","MUL","100141.358974359","0","0","0","0","1","1","1",374,214
"375","Tokyo","Office","CL3","ZoneC","EHP","MUL","100141.358974359","0","0","0","0","1","1","1",375,198
"376","Tokyo","Office","CL3","ZoneC","EHP","MUL","100141.358974359","0","0","0","0","1","1","1",376,23
"377","Tokyo","Office","CL3","ZoneC","EHP","MUL","100141.358974359","0","0","0","0","1","1","1",377,212
"378","Tokyo","Office","CL3","ZoneC","EHP","MUL","100141.358974359","0","0","0","0","1","1","1",378,300
"379","Tokyo","Office","CL3","ZoneC","EHP","MUL","100141.358974359","0","0","0","0","1","1","1",379,383
"380","Tokyo","Office","CL3","ZoneC","EHP","MUL","100141.358974359","0","0","0","0","1","1","1",380,106
"381","Tokyo","Office","CL3","ZoneC","EHP","MUL","100141.358974359","0","0","0","0","1","1","1",381,62
"382","Tokyo","Office","CL3","ZoneC","EHP","MUL","100141.358974359","0","0","0","0","1","1","1",382,315
"383","Tokyo","Office","CL3","ZoneC","EHP","MUL","100141.358974359","0","0","0","0","1","1","1",383,14
"384","Tokyo","Office","CL3","ZoneC","EHP","MUL","100141.358974359","0","0","0","0","1","1","1",384,200
"385","Tokyo","Office","CL3","ZoneC","EHP","MUL","100141.358974359","0","0","0","0","1","1","1",385,319
"386","Tokyo","Office","CL3","ZoneC","EHP","MUL","100141.358974359","0","0","0","0","1","1","1",386,219
"387","Tokyo","Office","CL3","ZoneC","EHP","MUL","100141.358974359","0","0","0","0","1","1","1",387,218
"388","Tokyo","Office","CL3","ZoneC","EHP","MUL","100141.358974359","0","0","0","0","1","1","1",388,94
"389","Tokyo","Office","CL3","ZoneC","EHP","MUL","100141.358974359","0","0","0","0","1","1","1",389,196
"390","Tokyo","Office","CL3","ZoneC","EHP","MUL","100141.358974359","0","0","0","0","1","1","1",390,138
"391","Tokyo","Office","CL3","ZoneC","EHP","MUL","100141.358974359","0","0","0","0","1","1","1",391,254
"392","Tokyo","Office","CL3","ZoneC","EHP","MUL","100141.358974359","0","0","0","0","1","1","1",392,357
"393","Tokyo","Office","CL3","ZoneC","EHP","MUL","100141.358974359","0","0","0","0","1","1","1",393,125
"394","Tokyo","Office","CL3","ZoneC","EHP","MUL","99060.2857142857","0","0","0","0","2","1","1",394,359
"395","Tokyo","Office","CL3","ZoneC","EHP","MUL","99060.2857142857","0","0","0","0","2","1","1",395,361
"396","Tokyo","Office","CL3","ZoneC","EHP","MUL","99060.2857142857","0","0","0","0","2","1","1",396,152
"397","Tokyo","Office","CL3","ZoneC","EHP","MUL","99060.2857142857","0","0","0","0","2","1","1",397,44
"398","Tokyo","Office","CL3","ZoneC","EHP","MUL","99060.2857142857","0","0","0","0","2","1","1",398,309
"399","Tokyo","Office","CL3","ZoneC","EHP","MUL","99060.2857142857","0","0","0","0","2","1","1",399,81
"400","Tokyo","Office","CL3","ZoneC","EHP","MUL","99060.2857142857","0","0","0","0","2","1","1",400,15
"401","Tokyo","Office","CL3","ZoneC","EHP","MUL","99060.2857142857","0","0","0","0","2","1","1",401,391
"402","Tokyo","Office","CL3","ZoneC","EHP","MUL","99060.2857142857","0","0","0","0","2","1","1",402,364
"403","Tokyo","Office","CL3","ZoneC","EHP","MUL","99060.2857142857","0","0","0","0","2","1","1",403,224
"404","Tokyo","Office","CL3","ZoneC","EHP","MUL","99060.2857142857","0","0","0","0","2","1","1",404,309
"405","Tokyo","Office","CL3","ZoneC","EHP","MUL","99060.2857142857","0","0","0","0","2","1","1",405,17
"406","Tokyo","Office","CL3","ZoneC","EHP","MUL","99060.2857142857","0","0","0","0","2","1","1",406,179
"407","Tokyo","Office","CL3","ZoneC","EHP","MUL","99060.2857142857","0","0","0","0","2","1","1",407,344
"408","Tokyo","Office","CL3","ZoneC","ABCH","FCU","96559.6333333333","0","0","0","0","1","1","1",408,186
"409","Tokyo","Office","CL3","ZoneC","ABCH","FCU","96559.6333333333","0","0","0","0","1","1","1",409,371
"410","Tokyo","Office","CL3","ZoneC","ABCH","FCU","96559.6333333333","0","0","0","0","1","1","1",410,61
"411","Tokyo","Office","CL3","ZoneC","AHP","FCU","110944.8","0","0","0","0","1","1","1",411,112
"412","Tokyo","Office","CL3","ZoneC","AHP","FCU","110944.8","0","0","0","0","1","1","1",412,121
"413","Tokyo","Office","CL4","ZoneC","EHP","MUL","99956.5862068966","0","0","0","0","1","1","1",413,148
"414","Tokyo","Office","CL4","ZoneC","EHP","MUL","99956.5862068966","0","0","0","0","1","1","1",414,164
"415","Tokyo","Office","CL4","ZoneC","EHP","MUL","99956.5862068966","0","0","0","0","1","1","1",415,343
"416","Tokyo","Office","CL4","ZoneC","EHP","MUL","99956.5862068966","0","0","0","0","1","1","1",416,94
"417","Tokyo","Office","CL4","ZoneC","EHP","MUL","99956.5862068966","0","0","0","0","1","1","1",417,112
"418","Tokyo","Office","CL4","ZoneC","EHP","MUL","99956.5862068966","0","0","0","0","1","1","1",418,352
"419","Tokyo","Office","CL4","ZoneC","EHP","MUL","99956.5862068966","0","0","0","0","1","1","1",419,15
"420","Tokyo","Office","CL4","ZoneC","EHP","MUL","99956.5862068966","0","0","0","0","1","1","1",420,314
"421","Tokyo","Office","CL4","ZoneC","EHP","MUL","99956.5862068966","0","0","0","0","1","1","1",421,81
"422","Tokyo","Office","CL4","ZoneC","EHP","MUL","99956.5862068966","0","0","0","0","1","1","1",422,262
"423","Tokyo","Office","CL4","ZoneC","EHP","MUL","99956.5862068966","0","0","0","0","1","1","1",423,211
"424","Tokyo","Office","CL4","ZoneC","EHP","MUL","99956.5862068966","0","0","0","0","1","1","1",424,256
"425","Tokyo","Office","CL4","ZoneC","EHP","MUL","99956.5862068966","0","0","0","0","1","1","1",425,64
"426","Tokyo","Office","CL4","ZoneC","EHP","MUL","99956.5862068966","0","0","0","0","1","1","1",426,204
"427","Tokyo","Office","CL4","ZoneC","EHP","MUL","99956.5862068966","0","0","0","0","1","1","1",427,313
"428","Tokyo","Office","CL4","ZoneC","EHP","MUL","99956.5862068966","0","0","0","0","1","1","1",428,353
"429","Tokyo","Office","CL4","ZoneC","EHP","MUL","99956.5862068966","0","0","0","0","1","1","1",429,88
"430","Tokyo","Office","CL4","ZoneC","EHP","MUL","99956.5862068966","0","0","0","0","1","1","1",430,80
"431","Tokyo","Office","CL4","ZoneC","EHP","MUL","99956.5862068966","0","0","0","0","1","1","1",431,392
"432","Tokyo","Office","CL4","ZoneC","EHP","MUL","99956.5862068966","0","0","0","0","1","1","1",432,223
"433","Tokyo","Office","CL4","ZoneC","EHP","MUL","99956.5862068966","0","0","0","0","1","1","1",433,191
"434","Tokyo","Office","CL4","ZoneC","EHP","MUL","99956.5862068966","0","0","0","0","1","1","1",434,147
"435","Tokyo","Office","CL4","ZoneC","EHP","MUL","99956.5862068966","0","0","0","0","1","1","1",435,366
"436","Tokyo","Office","CL4","ZoneC","EHP","MUL","99956.5862068966","0","0","0","0","1","1","1",436,281
"437","Tokyo","Office","CL4","ZoneC","EHP","MUL","99956.5862068966","0","0","0","0","1","1","1",437,31
"438","Tokyo","Office","CL4","ZoneC","EHP","MUL","99956.5862068966","0","0","0","0","1","1","1",438,170
"439","Tokyo","Office","CL4","ZoneC","EHP","MUL","99956.5862068966","0","0","0","0","1","1","1",439,124
"440","Tokyo","Office","CL4","ZoneC","EHP","MUL","99956.5862068966","0","0","0","0","1","1","1",440,366
"441","Tokyo","Office","CL4","ZoneC","EHP","MUL","99956.5862068966","0","0","0","0","1","1","1",441,10
"442","Tokyo","Office","CL4","ZoneC","EHP","MUL","99956.5862068966","0","0","0","0","1","1","1",442,101
"443","Tokyo","Office","CL4","ZoneC","EHP","MUL","99956.5862068966","0","0","0","0","1","1","1",443,391
"444","Tokyo","Office","CL4","ZoneC","EHP","MUL","99956.5862068966","0","0","0","0","1","1","1",444,194
"445","Tokyo","Office","CL4","ZoneC","EHP","MUL","99956.5862068966","0","0","0","0","1","1","1",445,61
"446","Tokyo","Office","CL4","ZoneC","EHP","MUL","99956.5862068966","0","0","0","0","1","1","1",446,126
"447","Tokyo","Office","CL4","ZoneC","EHP","MUL","99956.5862068966","0","0","0","0","1","1","1",447,177
"448","Tokyo","Office","CL4","ZoneC","EHP","MUL","99956.5862068966","0","0","0","0","1","1","1",448,221
"449","Tokyo","Office","CL4","ZoneC","EHP","MUL","99956.5862068966","0","0","0","0","1","1","1",449,112
"450","Tokyo","Office","CL4","ZoneC","EHP","MUL","99956.5862068966","0","0","0","0","1","1","1",450,376
"451","Tokyo","Office","CL4","ZoneC","EHP","MUL","99956.5862068966","0","0","0","0","1","1","1",451,368
"452","Tokyo","Office","CL4","ZoneC","EHP","MUL","99956.5862068966","0","0","0","0","1","1","1",452,107
"453","Tokyo","Office","CL4","ZoneC","EHP","MUL","99956.5862068966","0","0","0","0","1","1","1",453,177
"454","Tokyo","Office","CL4","ZoneC","EHP","MUL","99956.5862068966","0","0","0","0","1","1","1",454,30
"455","Tokyo","Office","CL4","ZoneC","EHP","MUL","99956.5862068966","0","0","0","0","1","1","1",455,125
"456","Tokyo","Office","CL4","ZoneC","EHP","MUL","99956.5862068966","0","0","0","0","1","1","1",456,25
"457","Tokyo","Office","CL4","ZoneC","EHP","MUL","99956.5862068966","0","0","0","0","1","1","1",457,131
"458","Tokyo","Office","CL4","ZoneC","EHP","MUL","99956.5862068966","0","0","0","0","1","1","1",458,27
"459","Tokyo","Office","CL4","ZoneC","EHP","MUL","99956.5862068966","0","0","0","0","1","1","1",459,59
"460","Tokyo","Office","CL4","ZoneC","EHP","MUL","99956.5862068966","0","0","0","0","1","1","1",460,292
"461","Tokyo","Office","CL4","ZoneC","EHP","MUL","99956.5862068966","0","0","0","0","1","1","1",461,294
"462","Tokyo","Office","CL4","ZoneC","EHP","MUL","99956.5862068966","0","0","0","0","1","1","1",462,28
"463","Tokyo","Office","CL4","ZoneC","EHP","MUL","99956.5862068966","0","0","0","0","1","1","1",463,42
"464","Tokyo","Office","CL4","ZoneC","EHP","MUL","99956.5862068966","0","0","0","0","1","1","1",464,378
"465","Tokyo","Office","CL4","ZoneC","EHP","MUL","99956.5862068966","0","0","0","0","1","1","1",465,231
"466","Tokyo","Office","CL4","ZoneC","EHP","MUL","99956.5862068966","0","0","0","0","1","1","1",466,244
"467","Tokyo","Office","CL4","ZoneC","EHP","MUL","99956.5862068966","0","0","0","0","1","1","1",467,185
"468","Tokyo","Office","CL4","ZoneC","EHP","MUL","99956.5862068966","0","0","0","0","1","1","1",468,360
"469","Tokyo","Office","CL4","ZoneC","EHP","MUL","99956.5862068966","0","0","0","0","1","1","1",469,387
"470","Tokyo","Office","CL4","ZoneC","EHP","MUL","99956.5862068966","0","0","0","0","1","1","1",470,99
"471","Tokyo","Office","CL4","ZoneC","EHP","MUL","99956.5862068966","0","0","0","0","1","1","1",471,254
"472","Tokyo","Office","CL4","ZoneC","EHP","MUL","99956.5862068966","0","0","0","0","1","1","1",472,338
"473","Tokyo","Office","CL4","ZoneC","EHP","MUL","99956.5862068966","0","0","0","0","1","1","1",473,53
"474","Tokyo","Office","CL4","ZoneC","EHP","MUL","99956.5862068966","0","0","0","0","1","1","1",474,133
"475","Tokyo","Office","CL4","ZoneC","EHP","MUL","99956.5862068966","0","0","0","0","1","1","1",475,101
"476","Tokyo","Office","CL4","ZoneC","EHP","MUL","99956.5862068966","0","0","0","0","1","1","1",476,232
"477","Tokyo","Office","CL4","ZoneC","EHP","MUL","99956.5862068966","0","0","0","0","1","1","1",477,36
"478","Tokyo","Office","CL4","ZoneC","EHP","MUL","99956.5862068966","0","0","0","0","1","1","1",478,375
"479","Tokyo","Office","CL4","ZoneC","EHP","MUL","99956.5862068966","0","0","0","0","1","1","1",479,343
"480","Tokyo","Office","CL4","ZoneC","EHP","MUL","99956.5862068966","0","0","0","0","1","1","1",480,170
"481","Tokyo","Office","CL4","ZoneC","EHP","MUL","99956.5862068966","0","0","0","0","1","1","1",481,355
"482","Tokyo","Office","CL4","ZoneC","EHP","MUL","99956.5862068966","0","0","0","0","1","1","1",482,342
"483","Tokyo","Office","CL4","ZoneC","EHP","MUL","99956.5862068966","0","0","0","0","1","1","1",483,3
"484","Tokyo","Office","CL4","ZoneC","EHP","MUL","99956.5862068966","0","0","0","0","1","1","1",484,6
"485","Tokyo","Office","CL4","ZoneC","EHP","MUL","99956.5862068966","0","0","0","0","1","1","1",485,303
"486","Tokyo","Office","CL4","ZoneC","EHP","MUL","99956.5862068966","0","0","0","0","1","1","1",486,265
"487","Tokyo","Office","CL4","ZoneC","EHP","MUL","99956.5862068966","0","0","0","0","1","1","1",487,96
"488","Tokyo","Office","CL4","ZoneC","EHP","MUL","99956.5862068966","0","0","0","0","1","1","1",488,253
"489","Tokyo","Office","CL4","ZoneC","EHP","MUL","99956.5862068966","0","0","0","0","1","1","1",489,80
"490","Tokyo","Office","CL4","ZoneC","EHP","MUL","99956.5862068966","0","0","0","0","1","1","1",490,369
"491","Tokyo","Office","CL4","ZoneC","EHP","MUL","99956.5862068966","0","0","0","0","1","1","1",491,387
"492","Tokyo","Office","CL4","ZoneC","EHP","MUL","99956.5862068966","0","0","0","0","1","1","1",492,23
"493","Tokyo","Office","CL4","ZoneC","EHP","MUL","99956.5862068966","0","0","0","0","1","1","1",493,246
"494","Tokyo","Office","CL4","ZoneC","EHP","MUL","99956.5862068966","0","0","0","0","1","1","1",494,194
"495","Tokyo","Office","CL4","ZoneC","EHP","MUL","99956.5862068966","0","0","0","0","1","1","1",495,237
"496","Tokyo","Office","CL4","ZoneC","EHP","MUL","99956.5862068966","0","0","0","0","1","1","1",496,240
"497","Tokyo","Office","CL4","ZoneC","EHP","MUL","99956.5862068966","0","0","0","0","1","1","1",497,102
"498","Tokyo","Office","CL4","ZoneC","EHP","MUL","99956.5862068966","0","0","0","0","1","1","1",498,295
"499","Tokyo","Office","CL4","ZoneC","EHP","MUL","99956.5862068966","0","0","0","0","1","1","1",499,172
"500","Tokyo","Office","CL4","ZoneC","EHP","MUL","103105.8","0","0","0","0","2","1","1",500,297
"501","Tokyo","Office","CL4","ZoneC","EHP","MUL","103105.8","0","0","0","0","2","1","1",501,272
"502","Tokyo","Office","CL4","ZoneC","EHP","MUL","103105.8","0","0","0","0","2","1","1",502,167
"503","Tokyo","Office","CL4","ZoneC","EHP","MUL","103105.8","0","0","0","0","2","1","1",503,272
"504","Tokyo","Office","CL4","ZoneC","EHP","MUL","103105.8","0","0","0","0","2","1","1",504,232
"505","Tokyo","Office","CL4","ZoneC","EHP","MUL","103105.8","0","0","0","0","2","1","1",505,16
"506","Tokyo","Office","CL4","ZoneC","EHP","MUL","103105.8","0","0","0","0","2","1","1",506,114
"507","Tokyo","Office","CL4","ZoneC","EHP","MUL","103105.8","0","0","0","0","2","1","1",507,19
"508","Tokyo","Office","CL4","ZoneC","EHP","MUL","103105.8","0","0","0","0","2","1","1",508,149
"509","Tokyo","Office","CL4","ZoneC","EHP","MUL","103105.8","0","0","0","0","2","1","1",509,344
"510","Tokyo","Office","CL4","ZoneC","EHP","MUL","103105.8","0","0","0","0","2","1","1",510,317
"511","Tokyo","Office","CL4","ZoneC","EHP","MUL","103105.8","0","0","0","0","2","1","1",511,170
"512","Tokyo","Office","CL4","ZoneC","EHP","MUL","103105.8","0","0","0","0","2","1","1",512,54
"513","Tokyo","Office","CL4","ZoneC","EHP","MUL","103105.8","0","0","0","0","2","1","1",513,345
"514","Tokyo","Office","CL4","ZoneC","EHP","MUL","103105.8","0","0","0","0","2","1","1",514,398
"515","Tokyo","Office","CL4","ZoneC","ABCH","VAV","76162.55","0","0","0","0","1","1","1",515,364
"516","Tokyo","Office","CL4","ZoneC","ABCH","VAV","76162.55","0","0","0","0","1","1","1",516,255
"517","Tokyo","Office","CL4","ZoneC","ABCH","FCU","92639.9166666667","0","0","0","0","1","1","1",517,88
"518","Tokyo","Office","CL4","ZoneC","ABCH","FCU","92639.9166666667","0","0","0","0","1","1","1",518,80
"519","Tokyo","Office","CL4","ZoneC","ABCH","FCU","92639.9166666667","0","0","0","0","1","1","1",519,203
"520","Tokyo","Office","CL4","ZoneC","ABCH","FCU","92639.9166666667","0","0","0","0","1","1","1",520,351
"521","Tokyo","Office","CL4","ZoneC","ABCH","FCU","92639.9166666667","0","0","0","0","1","1","1",521,78
"522","Tokyo","Office","CL4","ZoneC","ABCH","FCU","92639.9166666667","0","0","0","0","1","1","1",522,156
"523","Tokyo","Office","CL4","ZoneC","ABCH","FCU","93071.8","0","0","0","0","2","1","1",523,26
"524","Tokyo","Office","CL4","ZoneC","ABCH","FCU","93071.8","0","0","0","0","2","1","1",524,134
"525","Tokyo","Office","CL4","ZoneC","ABCH","OHUFCU","86962.75","0","0","0","0","1","1","1",525,22
"526","Tokyo","Office","CL4","ZoneC","ABCH","OHUFCU","86962.75","0","0","0","0","1","1","1",526,225
"527","Tokyo","Office","CL4","ZoneC","AHP","FCU","104405.7","0","0","0","0","1","1","1",527,372
"528","Tokyo","Office","CL4","ZoneC","AHP","FCU","104405.7","0","0","0","0","1","1","1",528,260
"529","Tokyo","Office","CL4","ZoneC","AHP","FCU","104405.7","0","0","0","0","1","1","1",529,82
"530","Tokyo","Office","CL5","ZoneC","EHP","MUL","99811.5384615385","0","0","0","0","1","1","1",530,139
"531","Tokyo","Office","CL5","ZoneC","EHP","MUL","99811.5384615385","0","0","0","0","1","1","1",531,399
"532","Tokyo","Office","CL5","ZoneC","EHP","MUL","99811.5384615385","0","0","0","0","1","1","1",532,97
"533","Tokyo","Office","CL5","ZoneC","EHP","MUL","99811.5384615385","0","0","0","0","1","1","1",533,52
"534","Tokyo","Office","CL5","ZoneC","EHP","MUL","99811.5384615385","0","0","0","0","1","1","1",534,57
"535","Tokyo","Office","CL5","ZoneC","EHP","MUL","99811.5384615385","0","0","0","0","1","1","1",535,29
"536","Tokyo","Office","CL5","ZoneC","EHP","MUL","99811.5384615385","0","0","0","0","1","1","1",536,363
"537","Tokyo","Office","CL5","ZoneC","EHP","MUL","99811.5384615385","0","0","0","0","1","1","1",537,205
"538","Tokyo","Office","CL5","ZoneC","EHP","MUL","99811.5384615385","0","0","0","0","1","1","1",538,135
"539","Tokyo","Office","CL5","ZoneC","EHP","MUL","99811.5384615385","0","0","0","0","1","1","1",539,281
"540","Tokyo","Office","CL5","ZoneC","EHP","MUL","99811.5384615385","0","0","0","0","1","1","1",540,351
"541","Tokyo","Office","CL5","ZoneC","EHP","MUL","99811.5384615385","0","0","0","0","1","1","1",541,336
"542","Tokyo","Office","CL5","ZoneC","EHP","MUL","99811.5384615385","0","0","0","0","1","1","1",542,9
"543","Tokyo","Office","CL5","ZoneC","EHP","MUL","99811.5384615385","0","0","0","0","1","1","1",543,181
"544","Tokyo","Office","CL5","ZoneC","EHP","MUL","99811.5384615385","0","0","0","0","1","1","1",544,34
"545","Tokyo","Office","CL5","ZoneC","EHP","MUL","99811.5384615385","0","0","0","0","1","1","1",545,280
"546","Tokyo","Office","CL5","ZoneC","EHP","MUL","99811.5384615385","0","0","0","0","1","1","1",546,72
"547","Tokyo","Office","CL5","ZoneC","EHP","MUL","99811.5384615385","0","0","0","0","1","1","1",547,397
"548","Tokyo","Office","CL5","ZoneC","EHP","MUL","99811.5384615385","0","0","0","0","1","1","1",548,165
"549","Tokyo","Office","CL5","ZoneC","EHP","MUL","99811.5384615385","0","0","0","0","1","1","1",549,306
"550","Tokyo","Office","CL5","ZoneC","EHP","MUL","99811.5384615385","0","0","0","0","1","1","1",550,249
"551","Tokyo","Office","CL5","ZoneC","EHP","MUL","99811.5384615385","0","0","0","0","1","1","1",551,303
"552","Tokyo","Office","CL5","ZoneC","EHP","MUL","99811.5384615385","0","0","0","0","1","1","1",552,236
"553","Tokyo","Office","CL5","ZoneC","EHP","MUL","99811.5384615385","0","0","0","0","1","1","1",553,318
"554","Tokyo","Office","CL5","ZoneC","EHP","MUL","99811.5384615385","0","0","0","0","1","1","1",554,29
"555","Tokyo","Office","CL5","ZoneC","EHP","MUL","99811.5384615385","0","0","0","0","1","1","1",555,159
"556","Tokyo","Office","CL5","ZoneC","EHP","MUL","99811.5384615385","0","0","0","0","1","1","1",556,141
"557","Tokyo","Office","CL5","ZoneC","EHP","MUL","99811.5384615385","0","0","0","0","1","1","1",557,341
"558","Tokyo","Office","CL5","ZoneC","EHP","MUL","99811.5384615385","0","0","0","0","1","1","1",558,274
"559","Tokyo","Office","CL5","ZoneC","EHP","MUL","99811.5384615385","0","0","0","0","1","1","1",559,41
"560","Tokyo","Office","CL5","ZoneC","EHP","MUL","99811.5384615385","0","0","0","0","1","1","1",560,10
"561","Tokyo","Office","CL5","ZoneC","EHP","MUL","99811.5384615385","0","0","0","0","1","1","1",561,397
"562","Tokyo","Office","CL5","ZoneC","EHP","MUL","99811.5384615385","0","0","0","0","1","1","1",562,391
"563","Tokyo","Office","CL5","ZoneC","EHP","MUL","99811.5384615385","0","0","0","0","1","1","1",563,334
"564","Tokyo","Office","CL5","ZoneC","EHP","MUL","99811.5384615385","0","0","0","0","1","1","1",564,204
"565","Tokyo","Office","CL5","ZoneC","EHP","MUL","99811.5384615385","0","0","0","0","1","1","1",565,43
"566","Tokyo","Office","CL5","ZoneC","EHP","MUL","99811.5384615385","0","0","0","0","1","1","1",566,94
"567","Tokyo","Office","CL5","ZoneC","EHP","MUL","99811.5384615385","0","0","0","0","1","1","1",567,98
"568","Tokyo","Office","CL5","ZoneC","EHP","MUL","99811.5384615385","0","0","0","0","1","1","1",568,293
"569","Tokyo","Office","CL5","ZoneC","EHP","MUL","99811.5384615385","0","0","0","0","1","1","1",569,62
"570","Tokyo","Office","CL5","ZoneC","EHP","MUL","99811.5384615385","0","0","0","0","1","1","1",570,182
"571","Tokyo","Office","CL5","ZoneC","EHP","MUL","99811.5384615385","0","0","0","0","1","1","1",571,327
"572","Tokyo","Office","CL5","ZoneC","EHP","MUL","99811.5384615385","0","0","0","0","1","1","1",572,128
"573","Tokyo","Office","CL5","ZoneC","EHP","MUL","99811.5384615385","0","0","0","0","1","1","1",573,201
"574","Tokyo","Office","CL5","ZoneC","EHP","MUL","99811.5384615385","0","0","0","0","1","1","1",574,117
"575","Tokyo","Office","CL5","ZoneC","EHP","MUL","99811.5384615385","0","0","0","0","1","1","1",575,346
"576","Tokyo","Office","CL5","ZoneC","EHP","MUL","99811.5384615385","0","0","0","0","1","1","1",576,212
"577","Tokyo","Office","CL5","ZoneC","EHP","MUL","99811.5384615385","0","0","0","0","1","1","1",577,283
"578","Tokyo","Office","CL5","ZoneC","EHP","MUL","99811.5384615385","0","0","0","0","1","1","1",578,338
"579","Tokyo","Office","CL5","ZoneC","EHP","MUL","99811.5384615385","0","0","0","0","1","1","1",579,87
"580","Tokyo","Office","CL5","ZoneC","EHP","MUL","99811.5384615385","0","0","0","0","1","1","1",580,298
"581","Tokyo","Office","CL5","ZoneC","EHP","MUL","99811.5384615385","0","0","0","0","1","1","1",581,152
"582","Tokyo","Office","CL5","ZoneC","EHP","MUL","99811.5384615385","0","0","0","0","1","1","1",582,49
"583","Tokyo","Office","CL5","ZoneC","EHP","MUL","99811.5384615385","0","0","0","0","1","1","1",583,335
"584","Tokyo","Office","CL5","ZoneC","EHP","MUL","99811.5384615385","0","0","0","0","1","1","1",584,362
"585","Tokyo","Office","CL5","ZoneC","EHP","MUL","99811.5384615385","0","0","0","0","1","1","1",585,20
"586","Tokyo","Office","CL5","ZoneC","EHP","MUL","99811.5384615385","0","0","0","0","1","1","1",586,323
"587","Tokyo","Office","CL5","ZoneC","EHP","MUL","99811.5384615385","0","0","0","0","1","1","1",587,238
"588","Tokyo","Office","CL5","ZoneC","EHP","MUL","99811.5384615385","0","0","0","0","1","1","1",588,175
"589","Tokyo","Office","CL5","ZoneC","EHP","MUL","99811.5384615385","0","0","0","0","1","1","1",589,245
"590","Tokyo","Office","CL5","ZoneC","EHP","MUL","99811.5384615385","0","0","0","0","1","1","1",590,117
"591","Tokyo","Office","CL5","ZoneC","EHP","MUL","99811.5384615385","0","0","0","0","1","1","1",591,211
"592","Tokyo","Office","CL5","ZoneC","EHP","MUL","99811.5384615385","0","0","0","0","1","1","1",592,156
"593","Tokyo","Office","CL5","ZoneC","EHP","MUL","99811.5384615385","0","0","0","0","1","1","1",593,263
"594","Tokyo","Office","CL5","ZoneC","EHP","MUL","99811.5384615385","0","0","0","0","1","1","1",594,323
"595","Tokyo","Office","CL5","ZoneC","EHP","MUL","99811.5384615385","0","0","0","0","1","1","1",595,339
"596","Tokyo","Office","CL5","ZoneC","EHP","MUL","99811.5384615385","0","0","0","0","1","1","1",596,278
"597","Tokyo","Office","CL5","ZoneC","EHP","MUL","99811.5384615385","0","0","0","0","1","1","1",597,316
"598","Tokyo","Office","CL5","ZoneC","EHP","MUL","99811.5384615385","0","0","0","0","1","1","1",598,101
"599","Tokyo","Office","CL5","ZoneC","EHP","MUL","99811.5384615385","0","0","0","0","1","1","1",599,195
"600","Tokyo","Office","CL5","ZoneC","EHP","MUL","99811.5384615385","0","0","0","0","1","1","1",600,177
"601","Tokyo","Office","CL5","ZoneC","EHP","MUL","99811.5384615385","0","0","0","0","1","1","1",601,53
"602","Tokyo","Office","CL5","ZoneC","EHP","MUL","99811.5384615385","0","0","0","0","1","1","1",602,23
"603","Tokyo","Office","CL5","ZoneC","EHP","MUL","99811.5384615385","0","0","0","0","1","1","1",603,46
"604","Tokyo","Office","CL5","ZoneC","EHP","MUL","99811.5384615385","0","0","0","0","1","1","1",604,284
"605","Tokyo","Office","CL5","ZoneC","EHP","MUL","99811.5384615385","0","0","0","0","1","1","1",605,163
"606","Tokyo","Office","CL5","ZoneC","EHP","MUL","99811.5384615385","0","0","0","0","1","1","1",606,372
"607","Tokyo","Office","CL5","ZoneC","EHP","MUL","99811.5384615385","0","0","0","0","1","1","1",607,249
"608","Tokyo","Office","CL5","ZoneC","EHP","MUL","100265.225","0","0","0","0","2","1","1",608,266
"609","Tokyo","Office","CL5","ZoneC","EHP","MUL","100265.225","0","0","0","0","2","1","1",609,75
"610","Tokyo","Office","CL5","ZoneC","EHP","MUL","100265.225","0","0","0","0","2","1","1",610,396
"611","Tokyo","Office","CL5","ZoneC","EHP","MUL","100265.225","0","0","0","0","2","1","1",611,96
"612","Tokyo","Office","CL5","ZoneC","EHP","MUL","100265.225","0","0","0","0","2","1","1",612,371
"613","Tokyo","Office","CL5","ZoneC","EHP","MUL","100265.225","0","0","0","0","2","1","1",613,200
"614","Tokyo","Office","CL5","ZoneC","EHP","MUL","100265.225","0","0","0","0","2","1","1",614,99
"615","Tokyo","Office","CL5","ZoneC","EHP","MUL","100265.225","0","0","0","0","2","1","1",615,173
"616","Tokyo","Office","CL5","ZoneC","EHP","MUL","100265.225","0","0","0","0","2","1","1",616,221
"617","Tokyo","Office","CL5","ZoneC","EHP","MUL","100265.225","0","0","0","0","2","1","1",617,266
"618","Tokyo","Office","CL5","ZoneC","EHP","MUL","100265.225","0","0","0","0","2","1","1",618,191
"619","Tokyo","Office","CL5","ZoneC","EHP","MUL","100265.225","0","0","0","0","2","1","1",619,48
"620","Tokyo","Office","CL5","ZoneC","EHP","MUL","100265.225","0","0","0","0","2","1","1",620,322
"621","Tokyo","Office","CL5","ZoneC","EHP","MUL","100265.225","0","0","0","0","2","1","1",621,333
"622","Tokyo","Office","CL5","ZoneC","EHP","MUL","100265.225","0","0","0","0","2","1","1",622,332
"623","Tokyo","Office","CL5","ZoneC","EHP","MUL","100265.225","0","0","0","0","2","1","1",623,175
"624","Tokyo","Office","CL5","ZoneC","EHP","MUL","100265.225","0","0","0","0","2","1","1",624,348
"625","Tokyo","Office","CL5","ZoneC","EHP","MUL","100265.225","0","0","0","0","2","1","1",625,139
"626","Tokyo","Office","CL5","ZoneC","EHP","MUL","100265.225","0","0","0","0","2","1","1",626,341
"627","Tokyo","Office","CL5","ZoneC","EHP","MUL","100265.225","0","0","0","0","2","1","1",627,179
"628","Tokyo","Office","CL5","ZoneC","EHP","MUL","100265.225","0","0","0","0","2","1","1",628,118
"629","Tokyo","Office","CL5","ZoneC","EHP","MUL","100265.225","0","0","0","0","2","1","1",629,171
"630","Tokyo","Office","CL5","ZoneC","EHP","MUL","100265.225","0","0","0","0","2","1","1",630,376
"631","Tokyo","Office","CL5","ZoneC","EHP","MUL","100265.225","0","0","0","0","2","1","1",631,326
"632","Tokyo","Office","CL5","ZoneC","EHP","MUL","100265.225","0","0","0","0","2","1","1",632,137
"633","Tokyo","Office","CL5","ZoneC","EHP","MUL","100265.225","0","0","0","0","2","1","1",633,163
"634","Tokyo","Office","CL5","ZoneC","EHP","MUL","100265.225","0","0","0","0","2","1","1",634,191
"635","Tokyo","Office","CL5","ZoneC","EHP","MUL","100265.225","0","0","0","0","2","1","1",635,270
"636","Tokyo","Office","CL5","ZoneC","EHP","MUL","100265.225","0","0","0","0","2","1","1",636,238
"637","Tokyo","Office","CL5","ZoneC","EHP","MUL","100265.225","0","0","0","0","2","1","1",637,2
"638","Tokyo","Office","CL5","ZoneC","EHP","MUL","100265.225","0","0","0","0","2","1","1",638,393
"639","Tokyo","Office","CL5","ZoneC","EHP","MUL","100265.225","0","0","0","0","2","1","1",639,216
"640","Tokyo","Office","CL5","ZoneC","EHP","MUL","100265.225","0","0","0","0","2","1","1",640,234
"641","Tokyo","Office","CL5","ZoneC","EHP","MUL","100265.225","0","0","0","0","2","1","1",641,126
"642","Tokyo","Office","CL5","ZoneC","EHP","MUL","100265.225","0","0","0","0","2","1","1",642,43
"643","Tokyo","Office","CL5","ZoneC","EHP","MUL","100265.225","0","0","0","0","2","1","1",643,120
"644","Tokyo","Office","CL5","ZoneC","EHP","MUL","100265.225","0","0","0","0","2","1","1",644,141
"645","Tokyo","Office","CL5","ZoneC","EHP","MUL","100265.225","0","0","0","0","2","1","1",645,100
"646","Tokyo","Office","CL5","ZoneC","EHP","MUL","100265.225","0","0","0","0","2","1","1",646,104
"647","Tokyo","Office","CL5","ZoneC","EHP","MUL","100265.225","0","0","0","0","2","1","1",647,80
"648","Tokyo","Office","CL5","ZoneC","ABCH","VAV","98535.3","0","0","0","0","1","1","1",648,208
"649","Tokyo","Office","CL5","ZoneC","ABCH","VAV","98535.3","0","0","0","0","1","1","1",649,68
"650","Tokyo","Office","CL5","ZoneC","ABCH","VAV","98535.3","0","0","0","0","1","1","1",650,217
"651","Tokyo","Office","CL5","ZoneC","ABCH","VAV","98535.3","0","0","0","0","1","1","1",651,310
"652","Tokyo","Office","CL5","ZoneC","ABCH","VAV","104992.15","0","0","0","0","2","1","1",652,298
"653","Tokyo","Office","CL5","ZoneC","ABCH","VAV","104992.15","0","0","0","0","2","1","1",653,161
"654","Tokyo","Office","CL5","ZoneC","ABCH","FCU","101220.461538462","0","0","0","0","1","1","1",654,122
"655","Tokyo","Office","CL5","ZoneC","ABCH","FCU","101220.461538462","0","0","0","0","1","1","1",655,20
"656","Tokyo","Office","CL5","ZoneC","ABCH","FCU","101220.461538462","0","0","0","0","1","1","1",656,247
"657","Tokyo","Office","CL5","ZoneC","ABCH","FCU","101220.461538462","0","0","0","0","1","1","1",657,227
"658","Tokyo","Office","CL5","ZoneC","ABCH","FCU","101220.461538462","0","0","0","0","1","1","1",658,221
"659","Tokyo","Office","CL5","ZoneC","ABCH","FCU","101220.461538462","0","0","0","0","1","1","1",659,233
"660","Tokyo","Office","CL5","ZoneC","ABCH","FCU","101220.461538462","0","0","0","0","1","1","1",660,250
"661","Tokyo","Office","CL5","ZoneC","ABCH","FCU","101220.461538462","0","0","0","0","1","1","1",661,74
"662","Tokyo","Office","CL5","ZoneC","ABCH","FCU","101220.461538462","0","0","0","0","1","1","1",662,269
"663","Tokyo","Office","CL5","ZoneC","ABCH","FCU","101220.461538462","0","0","0","0","1","1","1",663,198
"664","Tokyo","Office","CL5","ZoneC","ABCH","FCU","101220.461538462","0","0","0","0","1","1","1",664,239
"665","Tokyo","Office","CL5","ZoneC","ABCH","FCU","101220.461538462","0","0","0","0","1","1","1",665,371
"666","Tokyo","Office","CL5","ZoneC","ABCH","FCU","101220.461538462","0","0","0","0","1","1","1",666,27
"667","Tokyo","Office","CL5","ZoneC","ABCH","FCU","102127.185714286","0","0","0","0","2","1","1",667,42
"668","Tokyo","Office","CL5","ZoneC","ABCH","FCU","102127.185714286","0","0","0","0","2","1","1",668,123
"669","Tokyo","Office","CL5","ZoneC","ABCH","FCU","102127.185714286","0","0","0","0","2","1","1",669,246
"670","Tokyo","Office","CL5","ZoneC","ABCH","FCU","102127.185714286","0","0","0","0","2","1","1",670,144
"671","Tokyo","Office","CL5","ZoneC","ABCH","FCU","102127.185714286","0","0","0","0","2","1","1",671,236
"672","Tokyo","Office","CL5","ZoneC","ABCH","FCU","102127.185714286","0","0","0","0","2","1","1",672,49
"673","Tokyo","Office","CL5","ZoneC","ABCH","FCU","102127.185714286","0","0","0","0","2","1","1",673,245
"674","Tokyo","Office","CL5","ZoneC","ABCH","OHUFCU","96780.54","0","0","0","0","1","1","1",674,395
"675","Tokyo","Office","CL5","ZoneC","ABCH","OHUFCU","96780.54","0","0","0","0","1","1","1",675,356
"676","Tokyo","Office","CL5","ZoneC","ABCH","OHUFCU","96780.54","0","0","0","0","1","1","1",676,321
"677","Tokyo","Office","CL5","ZoneC","ABCH","OHUFCU","96780.54","0","0","0","0","1","1","1",677,200
"678","Tokyo","Office","CL5","ZoneC","ABCH","OHUFCU","96780.54","0","0","0","0","1","1","1",678,158
"679","Tokyo","Office","CL5","ZoneC","ABCH","OHUFCU","85935.3333333333","0","0","0","0","2","1","1",679,75
"680","Tokyo","Office","CL5","ZoneC","ABCH","OHUFCU","85935.3333333333","0","0","0","0","2","1","1",680,286
"681","Tokyo","Office","CL5","ZoneC","ABCH","OHUFCU","85935.3333333333","0","0","0","0","2","1","1",681,211
"682","Tokyo","Office","CL5","ZoneC","AHP","VAV","102827.85","0","0","0","0","1","1","1",682,13
"683","Tokyo","Office","CL5","ZoneC","AHP","VAV","102827.85","0","0","0","0","1","1","1",683,183
"684","Tokyo","Office","CL5","ZoneC","AHP","FCU","100021.928571429","0","0","0","0","1","1","1",684,172
"685","Tokyo","Office","CL5","ZoneC","AHP","FCU","100021.928571429","0","0","0","0","1","1","1",685,253
"686","Tokyo","Office","CL5","ZoneC","AHP","FCU","100021.928571429","0","0","0","0","1","1","1",686,259
"687","Tokyo","Office","CL5","ZoneC","AHP","FCU","100021.928571429","0","0","0","0","1","1","1",687,298
"688","Tokyo","Office","CL5","ZoneC","AHP","FCU","100021.928571429","0","0","0","0","1","1","1",688,294
"689","Tokyo","Office","CL5","ZoneC","AHP","FCU","100021.928571429","0","0","0","0","1","1","1",689,27
"690","Tokyo","Office","CL5","ZoneC","AHP","FCU","100021.928571429","0","0","0","0","1","1","1",690,143
"691","Tokyo","Office","CL5","ZoneC","AHP","FCU","101399.775","0","0","0","0","2","1","1",691,338
"692","Tokyo","Office","CL5","ZoneC","AHP","FCU","101399.775","0","0","0","0","2","1","1",692,344
"693","Tokyo","Office","CL5","ZoneC","AHP","FCU","101399.775","0","0","0","0","2","1","1",693,18
"694","Tokyo","Office","CL5","ZoneC","AHP","FCU","101399.775","0","0","0","0","2","1","1",694,192
"695","Tokyo","Office","CL5","ZoneC","AHP","OHUFCU","84163.8666666667","0","0","0","0","1","1","1",695,377
"696","Tokyo","Office","CL5","ZoneC","AHP","OHUFCU","84163.8666666667","0","0","0","0","1","1","1",696,96
"697","Tokyo","Office","CL5","ZoneC","AHP","OHUFCU","84163.8666666667","0","0","0","0","1","1","1",697,50
"698","Tokyo","Office","CL5","ZoneC","COM","FCU","124462.65","0","0","0","0","1","1","1",698,199
"699","Tokyo","Office","CL5","ZoneC","COM","FCU","124462.65","0","0","0","0","1","1","1",699,223
"700","Tokyo","Office","CL5","ZoneC","AHP+TESICE","FCU","85617.9666666667","0","0","0","0","1","1","1",700,330
"701","Tokyo","Office","CL5","ZoneC","AHP+TESICE","FCU","85617.9666666667","0","0","0","0","1","1","1",701,286
"702","Tokyo","Office","CL5","ZoneC","AHP+TESICE","FCU","85617.9666666667","0","0","0","0","1","1","1",702,249
"703","Tokyo","Office","CL5","ZoneC","AHP+TESICE","FCU","109450.85","0","0","0","0","2","1","1",703,92
"704","Tokyo","Office","CL5","ZoneC","AHP+TESICE","FCU","109450.85","0","0","0","0","2","1","1",704,179
"705","Tokyo","Office","CL6","ZoneC","EHP","MUL","98764.8055555556","0","0","0","0","1","1","1",705,172
"706","Tokyo","Office","CL6","ZoneC","EHP","MUL","98764.8055555556","0","0","0","0","1","1","1",706,91
"707","Tokyo","Office","CL6","ZoneC","EHP","MUL","98764.8055555556","0","0","0","0","1","1","1",707,63
"708","Tokyo","Office","CL6","ZoneC","EHP","MUL","98764.8055555556","0","0","0","0","1","1","1",708,136
"709","Tokyo","Office","CL6","ZoneC","EHP","MUL","98764.8055555556","0","0","0","0","1","1","1",709,364
"710","Tokyo","Office","CL6","ZoneC","EHP","MUL","98764.8055555556","0","0","0","0","1","1","1",710,151
"711","Tokyo","Office","CL6","ZoneC","EHP","MUL","98764.8055555556","0","0","0","0","1","1","1",711,127
"712","Tokyo","Office","CL6","ZoneC","EHP","MUL","98764.8055555556","0","0","0","0","1","1","1",712,120
"713","Tokyo","Office","CL6","ZoneC","EHP","MUL","98764.8055555556","0","0","0","0","1","1","1",713,131
"714","Tokyo","Office","CL6","ZoneC","EHP","MUL","98764.8055555556","0","0","0","0","1","1","1",714,138
"715","Tokyo","Office","CL6","ZoneC","EHP","MUL","98764.8055555556","0","0","0","0","1","1","1",715,344
"716","Tokyo","Office","CL6","ZoneC","EHP","MUL","98764.8055555556","0","0","0","0","1","1","1",716,32
"717","Tokyo","Office","CL6","ZoneC","EHP","MUL","98764.8055555556","0","0","0","0","1","1","1",717,39
"718","Tokyo","Office","CL6","ZoneC","EHP","MUL","98764.8055555556","0","0","0","0","1","1","1",718,161
"719","Tokyo","Office","CL6","ZoneC","EHP","MUL","98764.8055555556","0","0","0","0","1","1","1",719,138
"720","Tokyo","Office","CL6","ZoneC","EHP","MUL","98764.8055555556","0","0","0","0","1","1","1",720,186
"721","Tokyo","Office","CL6","ZoneC","EHP","MUL","98764.8055555556","0","0","0","0","1","1","1",721,349
"722","Tokyo","Office","CL6","ZoneC","EHP","MUL","98764.8055555556","0","0","0","0","1","1","1",722,169
"723","Tokyo","Office","CL6","ZoneC","EHP","MUL","98764.8055555556","0","0","0","0","1","1","1",723,392
"724","Tokyo","Office","CL6","ZoneC","EHP","MUL","98764.8055555556","0","0","0","0","1","1","1",724,95
"725","Tokyo","Office","CL6","ZoneC","EHP","MUL","98764.8055555556","0","0","0","0","1","1","1",725,51
"726","Tokyo","Office","CL6","ZoneC","EHP","MUL","98764.8055555556","0","0","0","0","1","1","1",726,325
"727","Tokyo","Office","CL6","ZoneC","EHP","MUL","98764.8055555556","0","0","0","0","1","1","1",727,206
"728","Tokyo","Office","CL6","ZoneC","EHP","MUL","98764.8055555556","0","0","0","0","1","1","1",728,277
"729","Tokyo","Office","CL6","ZoneC","EHP","MUL","98764.8055555556","0","0","0","0","1","1","1",729,292
"730","Tokyo","Office","CL6","ZoneC","EHP","MUL","98764.8055555556","0","0","0","0","1","1","1",730,120
"731","Tokyo","Office","CL6","ZoneC","EHP","MUL","98764.8055555556","0","0","0","0","1","1","1",731,27
"732","Tokyo","Office","CL6","ZoneC","EHP","MUL","98764.8055555556","0","0","0","0","1","1","1",732,160
"733","Tokyo","Office","CL6","ZoneC","EHP","MUL","98764.8055555556","0","0","0","0","1","1","1",733,183
"734","Tokyo","Office","CL6","ZoneC","EHP","MUL","98764.8055555556","0","0","0","0","1","1","1",734,168
"735","Tokyo","Office","CL6","ZoneC","EHP","MUL","98764.8055555556","0","0","0","0","1","1","1",735,369
"736","Tokyo","Office","CL6","ZoneC","EHP","MUL","98764.8055555556","0","0","0","0","1","1","1",736,128
"737","Tokyo","Office","CL6","ZoneC","EHP","MUL","98764.8055555556","0","0","0","0","1","1","1",737,205
"738","Tokyo","Office","CL6","ZoneC","EHP","MUL","98764.8055555556","0","0","0","0","1","1","1",738,342
"739","Tokyo","Office","CL6","ZoneC","EHP","MUL","98764.8055555556","0","0","0","0","1","1","1",739,277
"740","Tokyo","Office","CL6","ZoneC","EHP","MUL","98764.8055555556","0","0","0","0","1","1","1",740,155
"741","Tokyo","Office","CL6","ZoneC","EHP","MUL","102545.777777778","0","0","0","0","2","1","1",741,78
"742","Tokyo","Office","CL6","ZoneC","EHP","MUL","102545.777777778","0","0","0","0","2","1","1",742,144
"743","Tokyo","Office","CL6","ZoneC","EHP","MUL","102545.777777778","0","0","0","0","2","1","1",743,118
"744","Tokyo","Office","CL6","ZoneC","EHP","MUL","102545.777777778","0","0","0","0","2","1","1",744,228
"745","Tokyo","Office","CL6","ZoneC","EHP","MUL","102545.777777778","0","0","0","0","2","1","1",745,397
"746","Tokyo","Office","CL6","ZoneC","EHP","MUL","102545.777777778","0","0","0","0","2","1","1",746,351
"747","Tokyo","Office","CL6","ZoneC","EHP","MUL","102545.777777778","0","0","0","0","2","1","1",747,246
"748","Tokyo","Office","CL6","ZoneC","EHP","MUL","102545.777777778","0","0","0","0","2","1","1",748,36
"749","Tokyo","Office","CL6","ZoneC","EHP","MUL","102545.777777778","0","0","0","0","2","1","1",749,80
"750","Tokyo","Office","CL6","ZoneC","EHP","MUL","102545.777777778","0","0","0","0","2","1","1",750,388
"751","Tokyo","Office","CL6","ZoneC","EHP","MUL","102545.777777778","0","0","0","0","2","1","1",751,7
"752","Tokyo","Office","CL6","ZoneC","EHP","MUL","102545.777777778","0","0","0","0","2","1","1",752,102
"753","Tokyo","Office","CL6","ZoneC","EHP","MUL","102545.777777778","0","0","0","0","2","1","1",753,33
"754","Tokyo","Office","CL6","ZoneC","EHP","MUL","102545.777777778","0","0","0","0","2","1","1",754,89
"755","Tokyo","Office","CL6","ZoneC","EHP","MUL","102545.777777778","0","0","0","0","2","1","1",755,377
"756","Tokyo","Office","CL6","ZoneC","EHP","MUL","102545.777777778","0","0","0","0","2","1","1",756,332
"757","Tokyo","Office","CL6","ZoneC","EHP","MUL","102545.777777778","0","0","0","0","2","1","1",757,96
"758","Tokyo","Office","CL6","ZoneC","EHP","MUL","102545.777777778","0","0","0","0","2","1","1",758,145
"759","Tokyo","Office","CL6","ZoneC","ABCH","VAV","99864.1833333333","0","0","0","0","1","1","1",759,188
"760","Tokyo","Office","CL6","ZoneC","ABCH","VAV","99864.1833333333","0","0","0","0","1","1","1",760,286
"761","Tokyo","Office","CL6","ZoneC","ABCH","VAV","99864.1833333333","0","0","0","0","1","1","1",761,83
"762","Tokyo","Office","CL6","ZoneC","ABCH","VAV","99864.1833333333","0","0","0","0","1","1","1",762,195
"763","Tokyo","Office","CL6","ZoneC","ABCH","VAV","99864.1833333333","0","0","0","0","1","1","1",763,279
"764","Tokyo","Office","CL6","ZoneC","ABCH","VAV","99864.1833333333","0","0","0","0","1","1","1",764,62
"765","Tokyo","Office","CL6","ZoneC","ABCH","VAV","104212.833333333","0","0","0","0","2","1","1",765,111
"766","Tokyo","Office","CL6","ZoneC","ABCH","VAV","104212.833333333","0","0","0","0","2","1","1",766,65
"767","Tokyo","Office","CL6","ZoneC","ABCH","VAV","104212.833333333","0","0","0","0","2","1","1",767,346
"768","Tokyo","Office","CL6","ZoneC","ABCH","FCU","99473.9375","0","0","0","0","1","1","1",768,72
"769","Tokyo","Office","CL6","ZoneC","ABCH","FCU","99473.9375","0","0","0","0","1","1","1",769,174
"770","Tokyo","Office","CL6","ZoneC","ABCH","FCU","99473.9375","0","0","0","0","1","1","1",770,125
"771","Tokyo","Office","CL6","ZoneC","ABCH","FCU","99473.9375","0","0","0","0","1","1","1",771,397
"772","Tokyo","Office","CL6","ZoneC","ABCH","FCU","99473.9375","0","0","0","0","1","1","1",772,32
"773","Tokyo","Office","CL6","ZoneC","ABCH","FCU","99473.9375","0","0","0","0","1","1","1",773,210
"774","Tokyo","Office","CL6","ZoneC","ABCH","FCU","99473.9375","0","0","0","0","1","1","1",774,157
"775","Tokyo","Office","CL6","ZoneC","ABCH","FCU","99473.9375","0","0","0","0","1","1","1",775,285
"776","Tokyo","Office","CL6","ZoneC","ABCH","FCU","99473.9375","0","0","0","0","1","1","1",776,138
"777","Tokyo","Office","CL6","ZoneC","ABCH","FCU","99473.9375","0","0","0","0","1","1","1",777,279
"778","Tokyo","Office","CL6","ZoneC","ABCH","FCU","99473.9375","0","0","0","0","1","1","1",778,261
"779","Tokyo","Office","CL6","ZoneC","ABCH","FCU","99473.9375","0","0","0","0","1","1","1",779,380
"780","Tokyo","Office","CL6","ZoneC","ABCH","FCU","99473.9375","0","0","0","0","1","1","1",780,293
"781","Tokyo","Office","CL6","ZoneC","ABCH","FCU","99473.9375","0","0","0","0","1","1","1",781,99
"782","Tokyo","Office","CL6","ZoneC","ABCH","FCU","99473.9375","0","0","0","0","1","1","1",782,18
"783","Tokyo","Office","CL6","ZoneC","ABCH","FCU","99473.9375","0","0","0","0","1","1","1",783,294
"784","Tokyo","Office","CL6","ZoneC","ABCH","FCU","106028.275","0","0","0","0","2","1","1",784,203
"785","Tokyo","Office","CL6","ZoneC","ABCH","FCU","106028.275","0","0","0","0","2","1","1",785,23
"786","Tokyo","Office","CL6","ZoneC","ABCH","FCU","106028.275","0","0","0","0","2","1","1",786,211
"787","Tokyo","Office","CL6","ZoneC","ABCH","FCU","106028.275","0","0","0","0","2","1","1",787,141
"788","Tokyo","Office","CL6","ZoneC","ABCH","FCU","106028.275","0","0","0","0","2","1","1",788,54
"789","Tokyo","Office","CL6","ZoneC","ABCH","FCU","106028.275","0","0","0","0","2","1","1",789,262
"790","Tokyo","Office","CL6","ZoneC","ABCH","FCU","106028.275","0","0","0","0","2","1","1",790,88
"791","Tokyo","Office","CL6","ZoneC","ABCH","FCU","106028.275","0","0","0","0","2","1","1",791,225
"792","Tokyo","Office","CL6","ZoneC","ABCH","VAVFCU","100726.466666667","0","0","0","0","1","1","1",792,319
"793","Tokyo","Office","CL6","ZoneC","ABCH","VAVFCU","100726.466666667","0","0","0","0","1","1","1",793,351
"794","Tokyo","Office","CL6","ZoneC","ABCH","VAVFCU","100726.466666667","0","0","0","0","1","1","1",794,168
"795","Tokyo","Office","CL6","ZoneC","ABCH","VAVFCU","78834.5","0","0","0","0","2","1","1",795,204
"796","Tokyo","Office","CL6","ZoneC","ABCH","VAVFCU","78834.5","0","0","0","0","2","1","1",796,350
"797","Tokyo","Office","CL6","ZoneC","ABCH","OHUFCU","95641.1285714286","0","0","0","0","1","1","1",797,71
"798","Tokyo","Office","CL6","ZoneC","ABCH","OHUFCU","95641.1285714286","0","0","0","0","1","1","1",798,288
"799","Tokyo","Office","CL6","ZoneC","ABCH","OHUFCU","95641.1285714286","0","0","0","0","1","1","1",799,17
"800","Tokyo","Office","CL6","ZoneC","ABCH","OHUFCU","95641.1285714286","0","0","0","0","1","1","1",800,312
"801","Tokyo","Office","CL6","ZoneC","ABCH","OHUFCU","95641.1285714286","0","0","0","0","1","1","1",801,190
"802","Tokyo","Office","CL6","ZoneC","ABCH","OHUFCU","95641.1285714286","0","0","0","0","1","1","1",802,351
"803","Tokyo","Office","CL6","ZoneC","ABCH","OHUFCU","95641.1285714286","0","0","0","0","1","1","1",803,135
"804","Tokyo","Office","CL6","ZoneC","ABCH","OHUFCU","116440.2","0","0","0","0","2","1","1",804,399
"805","Tokyo","Office","CL6","ZoneC","ABCH","OHUFCU","116440.2","0","0","0","0","2","1","1",805,388
"806","Tokyo","Office","CL6","ZoneC","ABCH","OHUFCU","116440.2","0","0","0","0","2","1","1",806,381
"807","Tokyo","Office","CL6","ZoneC","AHP","VAV","88555.6333333333","0","0","0","0","1","1","1",807,339
"808","Tokyo","Office","CL6","ZoneC","AHP","VAV","88555.6333333333","0","0","0","0","1","1","1",808,37
"809","Tokyo","Office","CL6","ZoneC","AHP","VAV","88555.6333333333","0","0","0","0","1","1","1",809,45
"810","Tokyo","Office","CL6","ZoneC","AHP","FCU","102969.471428571","0","0","0","0","1","1","1",810,201
"811","Tokyo","Office","CL6","ZoneC","AHP","FCU","102969.471428571","0","0","0","0","1","1","1",811,237
"812","Tokyo","Office","CL6","ZoneC","AHP","FCU","102969.471428571","0","0","0","0","1","1","1",812,353
"813","Tokyo","Office","CL6","ZoneC","AHP","FCU","102969.471428571","0","0","0","0","1","1","1",813,337
"814","Tokyo","Office","CL6","ZoneC","AHP","FCU","102969.471428571","0","0","0","0","1","1","1",814,325
"815","Tokyo","Office","CL6","ZoneC","AHP","FCU","102969.471428571","0","0","0","0","1","1","1",815,361
"816","Tokyo","Office","CL6","ZoneC","AHP","FCU","102969.471428571","0","0","0","0","1","1","1",816,167
"817","Tokyo","Office","CL6","ZoneC","AHP","FCU","97956.3","0","0","0","0","2","1","1",817,20
"818","Tokyo","Office","CL6","ZoneC","AHP","FCU","97956.3","0","0","0","0","2","1","1",818,160
"819","Tokyo","Office","CL6","ZoneC","AHP","FCU","97956.3","0","0","0","0","2","1","1",819,45
"820","Tokyo","Office","CL6","ZoneC","AHP","FCU","97956.3","0","0","0","0","2","1","1",820,186
"821","Tokyo","Office","CL6","ZoneC","AHP","OHUFCU","98945.9","0","0","0","0","1","1","1",821,245
"822","Tokyo","Office","CL6","ZoneC","AHP","OHUFCU","98945.9","0","0","0","0","1","1","1",822,187
"823","Tokyo","Office","CL6","ZoneC","AHP","OHUFCU","98945.9","0","0","0","0","1","1","1",823,278
"824","Tokyo","Office","CL6","ZoneC","AHP","OHUFCU","80681.65","0","0","0","0","2","1","1",824,217
"825","Tokyo","Office","CL6","ZoneC","AHP","OHUFCU","80681.65","0","0","0","0","2","1","1",825,200
"826","Tokyo","Office","CL6","ZoneC","COM","FCU","108319.266666667","0","0","0","0","1","1","1",826,169
"827","Tokyo","Office","CL6","ZoneC","COM","FCU","108319.266666667","0","0","0","0","1","1","1",827,398
"828","Tokyo","Office","CL6","ZoneC","COM","FCU","108319.266666667","0","0","0","0","1","1","1",828,137
"829","Tokyo","Office","CL6","ZoneC","COM","FCU","93628.1","0","0","0","0","2","1","1",829,14
"830","Tokyo","Office","CL6","ZoneC","COM","FCU","93628.1","0","0","0","0","2","1","1",830,284
"831","Tokyo","Office","CL6","ZoneC","AHP+TESICE","VAV","75401.7","0","0","0","0","1","1","1",831,357
"832","Tokyo","Office","CL6","ZoneC","AHP+TESICE","VAV","75401.7","0","0","0","0","1","1","1",832,341
"833","Tokyo","Office","CL6","ZoneC","AHP+TESICE","FCU","102286.95","0","0","0","0","1","1","1",833,223
"834","Tokyo","Office","CL6","ZoneC","AHP+TESICE","FCU","102286.95","0","0","0","0","1","1","1",834,379
"835","Tokyo","Office","CL6","ZoneC","AHP+TESICE","FCU","102286.95","0","0","0","0","1","1","1",835,390
"836","Tokyo","Office","CL6","ZoneC","AHP+TESICE","FCU","102286.95","0","0","0","0","1","1","1",836,398
"837","Tokyo","Office","CL6","ZoneC","AHP+TESICE","FCU","117885.3","0","0","0","0","2","1","1",837,78
"838","Tokyo","Office","CL6","ZoneC","AHP+TESICE","FCU","117885.3","0","0","0","0","2","1","1",838,258
"839","Tokyo","Office","CL6","ZoneC","AHP+TESICE","OHUFCU","84248.6","0","0","0","0","1","1","1",839,393
"840","Tokyo","Office","CL6","ZoneC","AHP+TESICE","OHUFCU","84248.6","0","0","0","0","1","1","1",840,160
"841","Tokyo","Office","CL7","ZoneC","EHP","MUL","97399.1111111111","0","0","0","0","1","1","1",841,309
"842","Tokyo","Office","CL7","ZoneC","EHP","MUL","97399.1111111111","0","0","0","0","1","1","1",842,265
"843","Tokyo","Office","CL7","ZoneC","EHP","MUL","97399.1111111111","0","0","0","0","1","1","1",843,297
"844","Tokyo","Office","CL7","ZoneC","EHP","MUL","97399.1111111111","0","0","0","0","1","1","1",844,128
"845","Tokyo","Office","CL7","ZoneC","EHP","MUL","97399.1111111111","0","0","0","0","1","1","1",845,96
"846","Tokyo","Office","CL7","ZoneC","EHP","MUL","97399.1111111111","0","0","0","0","1","1","1",846,152
"847","Tokyo","Office","CL7","ZoneC","EHP","MUL","97399.1111111111","0","0","0","0","1","1","1",847,66
"848","Tokyo","Office","CL7","ZoneC","EHP","MUL","97399.1111111111","0","0","0","0","1","1","1",848,297
"849","Tokyo","Office","CL7","ZoneC","EHP","MUL","97399.1111111111","0","0","0","0","1","1","1",849,75
"850","Tokyo","Office","CL7","ZoneC","EHP","MUL","97399.1111111111","0","0","0","0","1","1","1",850,190
"851","Tokyo","Office","CL7","ZoneC","EHP","MUL","97399.1111111111","0","0","0","0","1","1","1",851,48
"852","Tokyo","Office","CL7","ZoneC","EHP","MUL","97399.1111111111","0","0","0","0","1","1","1",852,240
"853","Tokyo","Office","CL7","ZoneC","EHP","MUL","97399.1111111111","0","0","0","0","1","1","1",853,384
"854","Tokyo","Office","CL7","ZoneC","EHP","MUL","97399.1111111111","0","0","0","0","1","1","1",854,39
"855","Tokyo","Office","CL7","ZoneC","EHP","MUL","97399.1111111111","0","0","0","0","1","1","1",855,36
"856","Tokyo","Office","CL7","ZoneC","EHP","MUL","97399.1111111111","0","0","0","0","1","1","1",856,96
"857","Tokyo","Office","CL7","ZoneC","EHP","MUL","97399.1111111111","0","0","0","0","1","1","1",857,339
"858","Tokyo","Office","CL7","ZoneC","EHP","MUL","97399.1111111111","0","0","0","0","1","1","1",858,394
"859","Tokyo","Office","CL7","ZoneC","EHP","MUL","100350.611111111","0","0","0","0","2","1","1",859,355
"860","Tokyo","Office","CL7","ZoneC","EHP","MUL","100350.611111111","0","0","0","0","2","1","1",860,53
"861","Tokyo","Office","CL7","ZoneC","EHP","MUL","100350.611111111","0","0","0","0","2","1","1",861,72
"862","Tokyo","Office","CL7","ZoneC","EHP","MUL","100350.611111111","0","0","0","0","2","1","1",862,382
"863","Tokyo","Office","CL7","ZoneC","EHP","MUL","100350.611111111","0","0","0","0","2","1","1",863,370
"864","Tokyo","Office","CL7","ZoneC","EHP","MUL","100350.611111111","0","0","0","0","2","1","1",864,52
"865","Tokyo","Office","CL7","ZoneC","EHP","MUL","100350.611111111","0","0","0","0","2","1","1",865,345
"866","Tokyo","Office","CL7","ZoneC","EHP","MUL","100350.611111111","0","0","0","0","2","1","1",866,164
"867","Tokyo","Office","CL7","ZoneC","EHP","MUL","100350.611111111","0","0","0","0","2","1","1",867,24
"868","Tokyo","Office","CL7","ZoneC","ABCH","VAV","96632.75","0","0","0","0","1","1","1",868,216
"869","Tokyo","Office","CL7","ZoneC","ABCH","VAV","96632.75","0","0","0","0","1","1","1",869,329
"870","Tokyo","Office","CL7","ZoneC","ABCH","VAV","96632.75","0","0","0","0","1","1","1",870,49
"871","Tokyo","Office","CL7","ZoneC","ABCH","VAV","96632.75","0","0","0","0","1","1","1",871,164
"872","Tokyo","Office","CL7","ZoneC","ABCH","VAV","96632.75","0","0","0","0","1","1","1",872,4
"873","Tokyo","Office","CL7","ZoneC","ABCH","VAV","96632.75","0","0","0","0","1","1","1",873,278
"874","Tokyo","Office","CL7","ZoneC","ABCH","VAV","96632.75","0","0","0","0","1","1","1",874,259
"875","Tokyo","Office","CL7","ZoneC","ABCH","VAV","96632.75","0","0","0","0","1","1","1",875,168
"876","Tokyo","Office","CL7","ZoneC","ABCH","VAV","99561.025","0","0","0","0","2","1","1",876,152
"877","Tokyo","Office","CL7","ZoneC","ABCH","VAV","99561.025","0","0","0","0","2","1","1",877,336
"878","Tokyo","Office","CL7","ZoneC","ABCH","VAV","99561.025","0","0","0","0","2","1","1",878,154
"879","Tokyo","Office","CL7","ZoneC","ABCH","VAV","99561.025","0","0","0","0","2","1","1",879,263
"880","Tokyo","Office","CL7","ZoneC","ABCH","FCU","98952.5625","0","0","0","0","1","1","1",880,282
"881","Tokyo","Office","CL7","ZoneC","ABCH","FCU","98952.5625","0","0","0","0","1","1","1",881,96
"882","Tokyo","Office","CL7","ZoneC","ABCH","FCU","98952.5625","0","0","0","0","1","1","1",882,272
"883","Tokyo","Office","CL7","ZoneC","ABCH","FCU","98952.5625","0","0","0","0","1","1","1",883,77
"884","Tokyo","Office","CL7","ZoneC","ABCH","FCU","98952.5625","0","0","0","0","1","1","1",884,1
"885","Tokyo","Office","CL7","ZoneC","ABCH","FCU","98952.5625","0","0","0","0","1","1","1",885,10
"886","Tokyo","Office","CL7","ZoneC","ABCH","FCU","98952.5625","0","0","0","0","1","1","1",886,337
"887","Tokyo","Office","CL7","ZoneC","ABCH","FCU","98952.5625","0","0","0","0","1","1","1",887,125
"888","Tokyo","Office","CL7","ZoneC","ABCH","FCU","98952.5625","0","0","0","0","1","1","1",888,138
"889","Tokyo","Office","CL7","ZoneC","ABCH","FCU","98952.5625","0","0","0","0","1","1","1",889,95
"890","Tokyo","Office","CL7","ZoneC","ABCH","FCU","98952.5625","0","0","0","0","1","1","1",890,238
"891","Tokyo","Office","CL7","ZoneC","ABCH","FCU","98952.5625","0","0","0","0","1","1","1",891,374
"892","Tokyo","Office","CL7","ZoneC","ABCH","FCU","98952.5625","0","0","0","0","1","1","1",892,263
"893","Tokyo","Office","CL7","ZoneC","ABCH","FCU","98952.5625","0","0","0","0","1","1","1",893,74
"894","Tokyo","Office","CL7","ZoneC","ABCH","FCU","98952.5625","0","0","0","0","1","1","1",894,146
"895","Tokyo","Office","CL7","ZoneC","ABCH","FCU","98952.5625","0","0","0","0","1","1","1",895,208
"896","Tokyo","Office","CL7","ZoneC","ABCH","FCU","104500.975","0","0","0","0","2","1","1",896,247
"897","Tokyo","Office","CL7","ZoneC","ABCH","FCU","104500.975","0","0","0","0","2","1","1",897,365
"898","Tokyo","Office","CL7","ZoneC","ABCH","FCU","104500.975","0","0","0","0","2","1","1",898,154
"899","Tokyo","Office","CL7","ZoneC","ABCH","FCU","104500.975","0","0","0","0","2","1","1",899,21
"900","Tokyo","Office","CL7","ZoneC","ABCH","FCU","104500.975","0","0","0","0","2","1","1",900,226
"901","Tokyo","Office","CL7","ZoneC","ABCH","FCU","104500.975","0","0","0","0","2","1","1",901,297
"902","Tokyo","Office","CL7","ZoneC","ABCH","FCU","104500.975","0","0","0","0","2","1","1",902,154
"903","Tokyo","Office","CL7","ZoneC","ABCH","FCU","104500.975","0","0","0","0","2","1","1",903,183
"904","Tokyo","Office","CL7","ZoneC","ABCH","VAVFCU","103804.5","0","0","0","0","1","1","1",904,82
"905","Tokyo","Office","CL7","ZoneC","ABCH","VAVFCU","103804.5","0","0","0","0","1","1","1",905,361
"906","Tokyo","Office","CL7","ZoneC","ABCH","VAVFCU","103804.5","0","0","0","0","1","1","1",906,118
"907","Tokyo","Office","CL7","ZoneC","ABCH","VAVFCU","103804.5","0","0","0","0","1","1","1",907,69
"908","Tokyo","Office","CL7","ZoneC","ABCH","VAVFCU","103804.5","0","0","0","0","1","1","1",908,296
"909","Tokyo","Office","CL7","ZoneC","ABCH","VAVFCU","89125.0666666667","0","0","0","0","2","1","1",909,172
"910","Tokyo","Office","CL7","ZoneC","ABCH","VAVFCU","89125.0666666667","0","0","0","0","2","1","1",910,129
"911","Tokyo","Office","CL7","ZoneC","ABCH","VAVFCU","89125.0666666667","0","0","0","0","2","1","1",911,112
"912","Tokyo","Office","CL7","ZoneC","ABCH","OHUFCU","106636.428571429","0","0","0","0","1","1","1",912,325
"913","Tokyo","Office","CL7","ZoneC","ABCH","OHUFCU","106636.428571429","0","0","0","0","1","1","1",913,107
"914","Tokyo","Office","CL7","ZoneC","ABCH","OHUFCU","106636.428571429","0","0","0","0","1","1","1",914,260
"915","Tokyo","Office","CL7","ZoneC","ABCH","OHUFCU","106636.428571429","0","0","0","0","1","1","1",915,370
"916","Tokyo","Office","CL7","ZoneC","ABCH","OHUFCU","106636.428571429","0","0","0","0","1","1","1",916,360
"917","Tokyo","Office","CL7","ZoneC","ABCH","OHUFCU","106636.428571429","0","0","0","0","1","1","1",917,108
"918","Tokyo","Office","CL7","ZoneC","ABCH","OHUFCU","106636.428571429","0","0","0","0","1","1","1",918,196
"919","Tokyo","Office","CL7","ZoneC","ABCH","OHUFCU","96134.35","0","0","0","0","2","1","1",919,308
"920","Tokyo","Office","CL7","ZoneC","ABCH","OHUFCU","96134.35","0","0","0","0","2","1","1",920,29
"921","Tokyo","Office","CL7","ZoneC","ABCH","OHUFCU","96134.35","0","0","0","0","2","1","1",921,341
"922","Tokyo","Office","CL7","ZoneC","ABCH","OHUFCU","96134.35","0","0","0","0","2","1","1",922,8
"923","Tokyo","Office","CL7","ZoneC","AHP","VAV","98533.3333333333","0","0","0","0","1","1","1",923,70
"924","Tokyo","Office","CL7","ZoneC","AHP","VAV","98533.3333333333","0","0","0","0","1","1","1",924,47
"925","Tokyo","Office","CL7","ZoneC","AHP","VAV","98533.3333333333","0","0","0","0","1","1","1",925,164
"926","Tokyo","Office","CL7","ZoneC","AHP","VAV","76139.4","0","0","0","0","2","1","1",926,322
"927","Tokyo","Office","CL7","ZoneC","AHP","VAV","76139.4","0","0","0","0","2","1","1",927,187
"928","Tokyo","Office","CL7","ZoneC","AHP","FCU","103422.3","0","0","0","0","1","1","1",928,370
"929","Tokyo","Office","CL7","ZoneC","AHP","FCU","103422.3","0","0","0","0","1","1","1",929,24
"930","Tokyo","Office","CL7","ZoneC","AHP","FCU","103422.3","0","0","0","0","1","1","1",930,266
"931","Tokyo","Office","CL7","ZoneC","AHP","FCU","103422.3","0","0","0","0","1","1","1",931,30
"932","Tokyo","Office","CL7","ZoneC","AHP","FCU","103422.3","0","0","0","0","1","1","1",932,262
"933","Tokyo","Office","CL7","ZoneC","AHP","FCU","103422.3","0","0","0","0","1","1","1",933,63
"934","Tokyo","Office","CL7","ZoneC","AHP","FCU","106556.3","0","0","0","0","2","1","1",934,280
"935","Tokyo","Office","CL7","ZoneC","AHP","FCU","106556.3","0","0","0","0","2","1","1",935,217
"936","Tokyo","Office","CL7","ZoneC","AHP","FCU","106556.3","0","0","0","0","2","1","1",936,305
"937","Tokyo","Office","CL7","ZoneC","AHP","VAVFCU","99230.75","0","0","0","0","1","1","1",937,227
"938","Tokyo","Office","CL7","ZoneC","AHP","VAVFCU","99230.75","0","0","0","0","1","1","1",938,323
"939","Tokyo","Office","CL7","ZoneC","AHP","OHUFCU","95142.0333333333","0","0","0","0","1","1","1",939,270
"940","Tokyo","Office","CL7","ZoneC","AHP","OHUFCU","95142.0333333333","0","0","0","0","1","1","1",940,154
"941","Tokyo","Office","CL7","ZoneC","AHP","OHUFCU","95142.0333333333","0","0","0","0","1","1","1",941,329
"942","Tokyo","Office","CL7","ZoneC","AB","FCU","85599.95","0","0","0","0","1","1","1",942,257
"943","Tokyo","Office","CL7","ZoneC","AB","FCU","85599.95","0","0","0","0","1","1","1",943,378
"944","Tokyo","Office","CL7","ZoneC","COM","VAV","86655.1","0","0","0","0","1","1","1",944,73
"945","Tokyo","Office","CL7","ZoneC","COM","VAV","86655.1","0","0","0","0","1","1","1",945,97
"946","Tokyo","Office","CL7","ZoneC","COM","VAV","86655.1","0","0","0","0","1","1","1",946,59
"947","Tokyo","Office","CL7","ZoneC","COM","FCU","109145.64","0","0","0","0","1","1","1",947,291
"948","Tokyo","Office","CL7","ZoneC","COM","FCU","109145.64","0","0","0","0","1","1","1",948,8
"949","Tokyo","Office","CL7","ZoneC","COM","FCU","109145.64","0","0","0","0","1","1","1",949,147
"950","Tokyo","Office","CL7","ZoneC","COM","FCU","109145.64","0","0","0","0","1","1","1",950,5
"951","Tokyo","Office","CL7","ZoneC","COM","FCU","109145.64","0","0","0","0","1","1","1",951,301
"952","Tokyo","Office","CL7","ZoneC","COM","FCU","93710.9","0","0","0","0","2","1","1",952,277
"953","Tokyo","Office","CL7","ZoneC","COM","FCU","93710.9","0","0","0","0","2","1","1",953,362
"954","Tokyo","Office","CL7","ZoneC","COM","FCU","93710.9","0","0","0","0","2","1","1",954,20
"955","Tokyo","Office","CL7","ZoneC","COM","VAVFCU","87268.45","0","0","0","0","1","1","1",955,153
"956","Tokyo","Office","CL7","ZoneC","COM","VAVFCU","87268.45","0","0","0","0","1","1","1",956,134
"957","Tokyo","Office","CL7","ZoneC","COM","OHUFCU","83672.6333333333","0","0","0","0","1","1","1",957,161
"958","Tokyo","Office","CL7","ZoneC","COM","OHUFCU","83672.6333333333","0","0","0","0","1","1","1",958,273
"959","Tokyo","Office","CL7","ZoneC","COM","OHUFCU","83672.6333333333","0","0","0","0","1","1","1",959,82
"960","Tokyo","Office","CL7","ZoneC","AHP+TESICE","VAV","118271.85","0","0","0","0","1","1","1",960,338
"961","Tokyo","Office","CL7","ZoneC","AHP+TESICE","VAV","118271.85","0","0","0","0","1","1","1",961,145
"962","Tokyo","Office","CL7","ZoneC","AHP+TESICE","FCU","99312.16","0","0","0","0","1","1","1",962,200
"963","Tokyo","Office","CL7","ZoneC","AHP+TESICE","FCU","99312.16","0","0","0","0","1","1","1",963,341
"964","Tokyo","Office","CL7","ZoneC","AHP+TESICE","FCU","99312.16","0","0","0","0","1","1","1",964,102
"965","Tokyo","Office","CL7","ZoneC","AHP+TESICE","FCU","99312.16","0","0","0","0","1","1","1",965,106
"966","Tokyo","Office","CL7","ZoneC","AHP+TESICE","FCU","99312.16","0","0","0","0","1","1","1",966,138
"967","Tokyo","Office","CL7","ZoneC","AHP+TESICE","FCU","85268.0333333333","0","0","0","0","2","1","1",967,83
"968","Tokyo","Office","CL7","ZoneC","AHP+TESICE","FCU","85268.0333333333","0","0","0","0","2","1","1",968,89
"969","Tokyo","Office","CL7","ZoneC","AHP+TESICE","FCU","85268.0333333333","0","0","0","0","2","1","1",969,152
"970","Tokyo","Office","CL7","ZoneC","AHP+TESICE","VAVFCU","79406","0","0","0","0","1","1","1",970,126
"971","Tokyo","Office","CL7","ZoneC","AHP+TESICE","VAVFCU","79406","0","0","0","0","1","1","1",971,390
"972","Tokyo","Office","CL7","ZoneC","AHP+TESICE","OHUFCU","114201.2","0","0","0","0","1","1","1",972,400
"973","Tokyo","Office","CL7","ZoneC","AHP+TESICE","OHUFCU","114201.2","0","0","0","0","1","1","1",973,18
"974","Tokyo","Office","CL7","ZoneC","COM+TESICE","FCU","90601.85","0","0","0","0","1","1","1",974,241
"975","Tokyo","Office","CL7","ZoneC","COM+TESICE","FCU","90601.85","0","0","0","0","1","1","1",975,346
"976","Tokyo","Office","CL7","ZoneC","COM+TESICE","FCU","90375.75","0","0","0","0","2","1","1",976,347
"977","Tokyo","Office","CL7","ZoneC","COM+TESICE","FCU","90375.75","0","0","0","0","2","1","1",977,35
"978","Nigata","Office","CL1","ZoneC","EHP","MUL","111454.6","0","0","0","0","1","1","1",978,382
"979","Nigata","Office","CL1","ZoneC","EHP","MUL","111454.6","0","0","0","0","1","1","1",979,323
"980","Nigata","Office","CL2","ZoneC","EHP","MUL","100064.157894737","0","0","0","0","1","1","1",980,227
"981","Nigata","Office","CL2","ZoneC","EHP","MUL","100064.157894737","0","0","0","0","1","1","1",981,372
"982","Nigata","Office","CL2","ZoneC","EHP","MUL","100064.157894737","0","0","0","0","1","1","1",982,13
"983","Nigata","Office","CL2","ZoneC","EHP","MUL","100064.157894737","0","0","0","0","1","1","1",983,42
"984","Nigata","Office","CL2","ZoneC","EHP","MUL","100064.157894737","0","0","0","0","1","1","1",984,163
"985","Nigata","Office","CL2","ZoneC","EHP","MUL","100064.157894737","0","0","0","0","1","1","1",985,86
"986","Nigata","Office","CL2","ZoneC","EHP","MUL","100064.157894737","0","0","0","0","1","1","1",986,260
"987","Nigata","Office","CL2","ZoneC","EHP","MUL","100064.157894737","0","0","0","0","1","1","1",987,55
"988","Nigata","Office","CL2","ZoneC","EHP","MUL","100064.157894737","0","0","0","0","1","1","1",988,5
"989","Nigata","Office","CL2","ZoneC","EHP","MUL","100064.157894737","0","0","0","0","1","1","1",989,17
"990","Nigata","Office","CL2","ZoneC","EHP","MUL","100064.157894737","0","0","0","0","1","1","1",990,216
"991","Nigata","Office","CL2","ZoneC","EHP","MUL","100064.157894737","0","0","0","0","1","1","1",991,110
"992","Nigata","Office","CL2","ZoneC","EHP","MUL","100064.157894737","0","0","0","0","1","1","1",992,344
"993","Nigata","Office","CL2","ZoneC","EHP","MUL","100064.157894737","0","0","0","0","1","1","1",993,273
"994","Nigata","Office","CL2","ZoneC","EHP","MUL","100064.157894737","0","0","0","0","1","1","1",994,57
"995","Nigata","Office","CL2","ZoneC","EHP","MUL","100064.157894737","0","0","0","0","1","1","1",995,327
"996","Nigata","Office","CL2","ZoneC","EHP","MUL","100064.157894737","0","0","0","0","1","1","1",996,194
"997","Nigata","Office","CL2","ZoneC","EHP","MUL","100064.157894737","0","0","0","0","1","1","1",997,153
"998","Nigata","Office","CL2","ZoneC","EHP","MUL","100064.157894737","0","0","0","0","1","1","1",998,71
"999","Nigata","Office","CL2","ZoneC","EHP","MUL","88412.95","0","0","0","0","2","1","1",999,80
"1000","Nigata","Office","CL2","ZoneC","EHP","MUL","88412.95","0","0","0","0","2","1","1",1000,82
"1001","Nigata","Office","CL2","ZoneC","EHP","MUL","88412.95","0","0","0","0","2","1","1",1001,113
"1002","Nigata","Office","CL2","ZoneC","EHP","MUL","88412.95","0","0","0","0","2","1","1",1002,319
"1003","Nigata","Office","CL3","ZoneC","EHP","MUL","98897.6666666667","0","0","0","0","1","1","1",1003,134
"1004","Nigata","Office","CL3","ZoneC","EHP","MUL","98897.6666666667","0","0","0","0","1","1","1",1004,137
"1005","Nigata","Office","CL3","ZoneC","EHP","MUL","98897.6666666667","0","0","0","0","1","1","1",1005,292
"1006","Nigata","Office","CL3","ZoneC","EHP","MUL","98897.6666666667","0","0","0","0","1","1","1",1006,309
"1007","Nigata","Office","CL3","ZoneC","EHP","MUL","98897.6666666667","0","0","0","0","1","1","1",1007,308
"1008","Nigata","Office","CL3","ZoneC","EHP","MUL","98897.6666666667","0","0","0","0","1","1","1",1008,252
"1009","Nigata","Office","CL3","ZoneC","EHP","MUL","98897.6666666667","0","0","0","0","1","1","1",1009,242
"1010","Nigata","Office","CL3","ZoneC","EHP","MUL","98897.6666666667","0","0","0","0","1","1","1",1010,122
"1011","Nigata","Office","CL3","ZoneC","EHP","MUL","98897.6666666667","0","0","0","0","1","1","1",1011,398
"1012","Nigata","Office","CL3","ZoneC","EHP","MUL","98897.6666666667","0","0","0","0","1","1","1",1012,154
"1013","Nigata","Office","CL3","ZoneC","EHP","MUL","98897.6666666667","0","0","0","0","1","1","1",1013,93
"1014","Nigata","Office","CL3","ZoneC","EHP","MUL","98897.6666666667","0","0","0","0","1","1","1",1014,62
"1015","Nigata","Office","CL3","ZoneC","EHP","MUL","98897.6666666667","0","0","0","0","1","1","1",1015,13
"1016","Nigata","Office","CL3","ZoneC","EHP","MUL","98897.6666666667","0","0","0","0","1","1","1",1016,201
"1017","Nigata","Office","CL3","ZoneC","EHP","MUL","98897.6666666667","0","0","0","0","1","1","1",1017,244
"1018","Nigata","Office","CL3","ZoneC","EHP","MUL","98897.6666666667","0","0","0","0","1","1","1",1018,345
"1019","Nigata","Office","CL3","ZoneC","EHP","MUL","98897.6666666667","0","0","0","0","1","1","1",1019,135
"1020","Nigata","Office","CL3","ZoneC","EHP","MUL","98897.6666666667","0","0","0","0","1","1","1",1020,287
"1021","Nigata","Office","CL3","ZoneC","EHP","MUL","98897.6666666667","0","0","0","0","1","1","1",1021,398
"1022","Nigata","Office","CL3","ZoneC","EHP","MUL","98897.6666666667","0","0","0","0","1","1","1",1022,284
"1023","Nigata","Office","CL3","ZoneC","EHP","MUL","98897.6666666667","0","0","0","0","1","1","1",1023,296
"1024","Nigata","Office","CL3","ZoneC","EHP","MUL","91625.775","0","0","0","0","2","1","1",1024,215
"1025","Nigata","Office","CL3","ZoneC","EHP","MUL","91625.775","0","0","0","0","2","1","1",1025,336
"1026","Nigata","Office","CL3","ZoneC","EHP","MUL","91625.775","0","0","0","0","2","1","1",1026,99
"1027","Nigata","Office","CL3","ZoneC","EHP","MUL","91625.775","0","0","0","0","2","1","1",1027,299
"1028","Nigata","Office","CL3","ZoneC","ABCH","FCU","106969.1","0","0","0","0","1","1","1",1028,248
"1029","Nigata","Office","CL3","ZoneC","ABCH","FCU","106969.1","0","0","0","0","1","1","1",1029,274
"1030","Nigata","Office","CL4","ZoneC","EHP","MUL","97199","0","0","0","0","1","1","1",1030,333
"1031","Nigata","Office","CL4","ZoneC","EHP","MUL","97199","0","0","0","0","1","1","1",1031,219
"1032","Nigata","Office","CL4","ZoneC","EHP","MUL","97199","0","0","0","0","1","1","1",1032,342
"1033","Nigata","Office","CL4","ZoneC","EHP","MUL","97199","0","0","0","0","1","1","1",1033,99
"1034","Nigata","Office","CL4","ZoneC","EHP","MUL","97199","0","0","0","0","1","1","1",1034,173
"1035","Nigata","Office","CL4","ZoneC","EHP","MUL","97199","0","0","0","0","1","1","1",1035,346
"1036","Nigata","Office","CL4","ZoneC","EHP","MUL","97199","0","0","0","0","1","1","1",1036,8
"1037","Nigata","Office","CL4","ZoneC","EHP","MUL","97199","0","0","0","0","1","1","1",1037,116
"1038","Nigata","Office","CL4","ZoneC","EHP","MUL","97199","0","0","0","0","1","1","1",1038,299
"1039","Nigata","Office","CL4","ZoneC","EHP","MUL","97199","0","0","0","0","1","1","1",1039,79
"1040","Nigata","Office","CL4","ZoneC","EHP","MUL","97199","0","0","0","0","1","1","1",1040,356
"1041","Nigata","Office","CL4","ZoneC","EHP","MUL","97199","0","0","0","0","1","1","1",1041,199
"1042","Nigata","Office","CL4","ZoneC","EHP","MUL","97199","0","0","0","0","1","1","1",1042,308
"1043","Nigata","Office","CL4","ZoneC","EHP","MUL","111492.95","0","0","0","0","2","1","1",1043,381
"1044","Nigata","Office","CL4","ZoneC","EHP","MUL","111492.95","0","0","0","0","2","1","1",1044,172
"1045","Nigata","Office","CL4","ZoneC","ABCH","FCU","85201.6333333333","0","0","0","0","1","1","1",1045,36
"1046","Nigata","Office","CL4","ZoneC","ABCH","FCU","85201.6333333333","0","0","0","0","1","1","1",1046,290
"1047","Nigata","Office","CL4","ZoneC","ABCH","FCU","85201.6333333333","0","0","0","0","1","1","1",1047,373
"1048","Nigata","Office","CL5","ZoneC","EHP","MUL","94893.2625","0","0","0","0","1","1","1",1048,358
"1049","Nigata","Office","CL5","ZoneC","EHP","MUL","94893.2625","0","0","0","0","1","1","1",1049,240
"1050","Nigata","Office","CL5","ZoneC","EHP","MUL","94893.2625","0","0","0","0","1","1","1",1050,116
"1051","Nigata","Office","CL5","ZoneC","EHP","MUL","94893.2625","0","0","0","0","1","1","1",1051,128
"1052","Nigata","Office","CL5","ZoneC","EHP","MUL","94893.2625","0","0","0","0","1","1","1",1052,173
"1053","Nigata","Office","CL5","ZoneC","EHP","MUL","94893.2625","0","0","0","0","1","1","1",1053,371
"1054","Nigata","Office","CL5","ZoneC","EHP","MUL","94893.2625","0","0","0","0","1","1","1",1054,384
"1055","Nigata","Office","CL5","ZoneC","EHP","MUL","94893.2625","0","0","0","0","1","1","1",1055,369
"1056","Nigata","Office","CL5","ZoneC","EHP","MUL","97768.8","0","0","0","0","2","1","1",1056,45
"1057","Nigata","Office","CL5","ZoneC","EHP","MUL","97768.8","0","0","0","0","2","1","1",1057,11
"1058","Nigata","Office","CL5","ZoneC","EHP","MUL","97768.8","0","0","0","0","2","1","1",1058,245
"1059","Nigata","Office","CL5","ZoneC","EHP","MUL","97768.8","0","0","0","0","2","1","1",1059,337
"1060","Nigata","Office","CL5","ZoneC","ABCH","FCU","113617.833333333","0","0","0","0","1","1","1",1060,398
"1061","Nigata","Office","CL5","ZoneC","ABCH","FCU","113617.833333333","0","0","0","0","1","1","1",1061,70
"1062","Nigata","Office","CL5","ZoneC","ABCH","FCU","113617.833333333","0","0","0","0","1","1","1",1062,3
"1063","Nigata","Office","CL5","ZoneC","ABCH","FCU","111708.55","0","0","0","0","2","1","1",1063,350
"1064","Nigata","Office","CL5","ZoneC","ABCH","FCU","111708.55","0","0","0","0","2","1","1",1064,336
"1065","Nigata","Office","CL5","ZoneC","AHP","FCU","90760.7","0","0","0","0","1","1","1",1065,122
"1066","Nigata","Office","CL5","ZoneC","AHP","FCU","90760.7","0","0","0","0","1","1","1",1066,78
"1067","Nigata","Office","CL6","ZoneC","EHP","MUL","88378.7","0","0","0","0","1","1","1",1067,391
"1068","Nigata","Office","CL6","ZoneC","EHP","MUL","88378.7","0","0","0","0","1","1","1",1068,123
"1069","Nigata","Office","CL6","ZoneC","EHP","MUL","88378.7","0","0","0","0","1","1","1",1069,327
"1070","Nigata","Office","CL6","ZoneC","ABCH","FCU","110780.466666667","0","0","0","0","1","1","1",1070,277
"1071","Nigata","Office","CL6","ZoneC","ABCH","FCU","110780.466666667","0","0","0","0","1","1","1",1071,41
"1072","Nigata","Office","CL6","ZoneC","ABCH","FCU","110780.466666667","0","0","0","0","1","1","1",1072,298
"1073","Nigata","Office","CL6","ZoneC","ABCH","FCU","122592.2","0","0","0","0","2","1","1",1073,103
"1074","Nigata","Office","CL6","ZoneC","ABCH","FCU","122592.2","0","0","0","0","2","1","1",1074,23
"1075","Nigata","Office","CL6","ZoneC","AHP","FCU","81669.65","0","0","0","0","1","1","1",1075,332
"1076","Nigata","Office","CL6","ZoneC","AHP","FCU","81669.65","0","0","0","0","1","1","1",1076,49
"1077","Nigata","Office","CL7","ZoneC","ABCH","FCU","76680.05","0","0","0","0","1","1","1",1077,190
"1078","Nigata","Office","CL7","ZoneC","ABCH","FCU","76680.05","0","0","0","0","1","1","1",1078,328
"1079","Nagoya","Office","CL2","ZoneC","EHP","MUL","99115.488372093","0","0","0","0","1","1","1",1079,227
"1080","Nagoya","Office","CL2","ZoneC","EHP","MUL","99115.488372093","0","0","0","0","1","1","1",1080,269
"1081","Nagoya","Office","CL2","ZoneC","EHP","MUL","99115.488372093","0","0","0","0","1","1","1",1081,249
"1082","Nagoya","Office","CL2","ZoneC","EHP","MUL","99115.488372093","0","0","0","0","1","1","1",1082,162
"1083","Nagoya","Office","CL2","ZoneC","EHP","MUL","99115.488372093","0","0","0","0","1","1","1",1083,42
"1084","Nagoya","Office","CL2","ZoneC","EHP","MUL","99115.488372093","0","0","0","0","1","1","1",1084,321
"1085","Nagoya","Office","CL2","ZoneC","EHP","MUL","99115.488372093","0","0","0","0","1","1","1",1085,155
"1086","Nagoya","Office","CL2","ZoneC","EHP","MUL","99115.488372093","0","0","0","0","1","1","1",1086,148
"1087","Nagoya","Office","CL2","ZoneC","EHP","MUL","99115.488372093","0","0","0","0","1","1","1",1087,3
"1088","Nagoya","Office","CL2","ZoneC","EHP","MUL","99115.488372093","0","0","0","0","1","1","1",1088,124
"1089","Nagoya","Office","CL2","ZoneC","EHP","MUL","99115.488372093","0","0","0","0","1","1","1",1089,51
"1090","Nagoya","Office","CL2","ZoneC","EHP","MUL","99115.488372093","0","0","0","0","1","1","1",1090,138
"1091","Nagoya","Office","CL2","ZoneC","EHP","MUL","99115.488372093","0","0","0","0","1","1","1",1091,376
"1092","Nagoya","Office","CL2","ZoneC","EHP","MUL","99115.488372093","0","0","0","0","1","1","1",1092,93
"1093","Nagoya","Office","CL2","ZoneC","EHP","MUL","99115.488372093","0","0","0","0","1","1","1",1093,329
"1094","Nagoya","Office","CL2","ZoneC","EHP","MUL","99115.488372093","0","0","0","0","1","1","1",1094,118
"1095","Nagoya","Office","CL2","ZoneC","EHP","MUL","99115.488372093","0","0","0","0","1","1","1",1095,116
"1096","Nagoya","Office","CL2","ZoneC","EHP","MUL","99115.488372093","0","0","0","0","1","1","1",1096,19
"1097","Nagoya","Office","CL2","ZoneC","EHP","MUL","99115.488372093","0","0","0","0","1","1","1",1097,384
"1098","Nagoya","Office","CL2","ZoneC","EHP","MUL","99115.488372093","0","0","0","0","1","1","1",1098,309
"1099","Nagoya","Office","CL2","ZoneC","EHP","MUL","99115.488372093","0","0","0","0","1","1","1",1099,348
"1100","Nagoya","Office","CL2","ZoneC","EHP","MUL","99115.488372093","0","0","0","0","1","1","1",1100,339
"1101","Nagoya","Office","CL2","ZoneC","EHP","MUL","99115.488372093","0","0","0","0","1","1","1",1101,27
"1102","Nagoya","Office","CL2","ZoneC","EHP","MUL","99115.488372093","0","0","0","0","1","1","1",1102,143
"1103","Nagoya","Office","CL2","ZoneC","EHP","MUL","99115.488372093","0","0","0","0","1","1","1",1103,354
"1104","Nagoya","Office","CL2","ZoneC","EHP","MUL","99115.488372093","0","0","0","0","1","1","1",1104,111
"1105","Nagoya","Office","CL2","ZoneC","EHP","MUL","99115.488372093","0","0","0","0","1","1","1",1105,115
"1106","Nagoya","Office","CL2","ZoneC","EHP","MUL","99115.488372093","0","0","0","0","1","1","1",1106,350
"1107","Nagoya","Office","CL2","ZoneC","EHP","MUL","99115.488372093","0","0","0","0","1","1","1",1107,361
"1108","Nagoya","Office","CL2","ZoneC","EHP","MUL","99115.488372093","0","0","0","0","1","1","1",1108,256
"1109","Nagoya","Office","CL2","ZoneC","EHP","MUL","99115.488372093","0","0","0","0","1","1","1",1109,386
"1110","Nagoya","Office","CL2","ZoneC","EHP","MUL","99115.488372093","0","0","0","0","1","1","1",1110,14
"1111","Nagoya","Office","CL2","ZoneC","EHP","MUL","99115.488372093","0","0","0","0","1","1","1",1111,122
"1112","Nagoya","Office","CL2","ZoneC","EHP","MUL","99115.488372093","0","0","0","0","1","1","1",1112,346
"1113","Nagoya","Office","CL2","ZoneC","EHP","MUL","99115.488372093","0","0","0","0","1","1","1",1113,384
"1114","Nagoya","Office","CL2","ZoneC","EHP","MUL","99115.488372093","0","0","0","0","1","1","1",1114,190
"1115","Nagoya","Office","CL2","ZoneC","EHP","MUL","99115.488372093","0","0","0","0","1","1","1",1115,375
"1116","Nagoya","Office","CL2","ZoneC","EHP","MUL","99115.488372093","0","0","0","0","1","1","1",1116,346
"1117","Nagoya","Office","CL2","ZoneC","EHP","MUL","99115.488372093","0","0","0","0","1","1","1",1117,125
"1118","Nagoya","Office","CL2","ZoneC","EHP","MUL","99115.488372093","0","0","0","0","1","1","1",1118,175
"1119","Nagoya","Office","CL2","ZoneC","EHP","MUL","99115.488372093","0","0","0","0","1","1","1",1119,176
"1120","Nagoya","Office","CL2","ZoneC","EHP","MUL","99115.488372093","0","0","0","0","1","1","1",1120,393
"1121","Nagoya","Office","CL2","ZoneC","EHP","MUL","99115.488372093","0","0","0","0","1","1","1",1121,39
"1122","Nagoya","Office","CL2","ZoneC","EHP","MUL","97899.7625","0","0","0","0","2","1","1",1122,232
"1123","Nagoya","Office","CL2","ZoneC","EHP","MUL","97899.7625","0","0","0","0","2","1","1",1123,14
"1124","Nagoya","Office","CL2","ZoneC","EHP","MUL","97899.7625","0","0","0","0","2","1","1",1124,349
"1125","Nagoya","Office","CL2","ZoneC","EHP","MUL","97899.7625","0","0","0","0","2","1","1",1125,57
"1126","Nagoya","Office","CL2","ZoneC","EHP","MUL","97899.7625","0","0","0","0","2","1","1",1126,157
"1127","Nagoya","Office","CL2","ZoneC","EHP","MUL","97899.7625","0","0","0","0","2","1","1",1127,100
"1128","Nagoya","Office","CL2","ZoneC","EHP","MUL","97899.7625","0","0","0","0","2","1","1",1128,367
"1129","Nagoya","Office","CL2","ZoneC","EHP","MUL","97899.7625","0","0","0","0","2","1","1",1129,21
"1130","Nagoya","Office","CL3","ZoneC","EHP","MUL","99569.8723404255","0","0","0","0","1","1","1",1130,375
"1131","Nagoya","Office","CL3","ZoneC","EHP","MUL","99569.8723404255","0","0","0","0","1","1","1",1131,285
"1132","Nagoya","Office","CL3","ZoneC","EHP","MUL","99569.8723404255","0","0","0","0","1","1","1",1132,206
"1133","Nagoya","Office","CL3","ZoneC","EHP","MUL","99569.8723404255","0","0","0","0","1","1","1",1133,298
"1134","Nagoya","Office","CL3","ZoneC","EHP","MUL","99569.8723404255","0","0","0","0","1","1","1",1134,238
"1135","Nagoya","Office","CL3","ZoneC","EHP","MUL","99569.8723404255","0","0","0","0","1","1","1",1135,283
"1136","Nagoya","Office","CL3","ZoneC","EHP","MUL","99569.8723404255","0","0","0","0","1","1","1",1136,386
"1137","Nagoya","Office","CL3","ZoneC","EHP","MUL","99569.8723404255","0","0","0","0","1","1","1",1137,74
"1138","Nagoya","Office","CL3","ZoneC","EHP","MUL","99569.8723404255","0","0","0","0","1","1","1",1138,301
"1139","Nagoya","Office","CL3","ZoneC","EHP","MUL","99569.8723404255","0","0","0","0","1","1","1",1139,13
"1140","Nagoya","Office","CL3","ZoneC","EHP","MUL","99569.8723404255","0","0","0","0","1","1","1",1140,9
"1141","Nagoya","Office","CL3","ZoneC","EHP","MUL","99569.8723404255","0","0","0","0","1","1","1",1141,192
"1142","Nagoya","Office","CL3","ZoneC","EHP","MUL","99569.8723404255","0","0","0","0","1","1","1",1142,389
"1143","Nagoya","Office","CL3","ZoneC","EHP","MUL","99569.8723404255","0","0","0","0","1","1","1",1143,375
"1144","Nagoya","Office","CL3","ZoneC","EHP","MUL","99569.8723404255","0","0","0","0","1","1","1",1144,24
"1145","Nagoya","Office","CL3","ZoneC","EHP","MUL","99569.8723404255","0","0","0","0","1","1","1",1145,97
"1146","Nagoya","Office","CL3","ZoneC","EHP","MUL","99569.8723404255","0","0","0","0","1","1","1",1146,367
"1147","Nagoya","Office","CL3","ZoneC","EHP","MUL","99569.8723404255","0","0","0","0","1","1","1",1147,179
"1148","Nagoya","Office","CL3","ZoneC","EHP","MUL","99569.8723404255","0","0","0","0","1","1","1",1148,382
"1149","Nagoya","Office","CL3","ZoneC","EHP","MUL","99569.8723404255","0","0","0","0","1","1","1",1149,243
"1150","Nagoya","Office","CL3","ZoneC","EHP","MUL","99569.8723404255","0","0","0","0","1","1","1",1150,10
"1151","Nagoya","Office","CL3","ZoneC","EHP","MUL","99569.8723404255","0","0","0","0","1","1","1",1151,216
"1152","Nagoya","Office","CL3","ZoneC","EHP","MUL","99569.8723404255","0","0","0","0","1","1","1",1152,207
"1153","Nagoya","Office","CL3","ZoneC","EHP","MUL","99569.8723404255","0","0","0","0","1","1","1",1153,116
"1154","Nagoya","Office","CL3","ZoneC","EHP","MUL","99569.8723404255","0","0","0","0","1","1","1",1154,184
"1155","Nagoya","Office","CL3","ZoneC","EHP","MUL","99569.8723404255","0","0","0","0","1","1","1",1155,321
"1156","Nagoya","Office","CL3","ZoneC","EHP","MUL","99569.8723404255","0","0","0","0","1","1","1",1156,182
"1157","Nagoya","Office","CL3","ZoneC","EHP","MUL","99569.8723404255","0","0","0","0","1","1","1",1157,128
"1158","Nagoya","Office","CL3","ZoneC","EHP","MUL","99569.8723404255","0","0","0","0","1","1","1",1158,28
"1159","Nagoya","Office","CL3","ZoneC","EHP","MUL","99569.8723404255","0","0","0","0","1","1","1",1159,310
"1160","Nagoya","Office","CL3","ZoneC","EHP","MUL","99569.8723404255","0","0","0","0","1","1","1",1160,263
"1161","Nagoya","Office","CL3","ZoneC","EHP","MUL","99569.8723404255","0","0","0","0","1","1","1",1161,349
"1162","Nagoya","Office","CL3","ZoneC","EHP","MUL","99569.8723404255","0","0","0","0","1","1","1",1162,248
"1163","Nagoya","Office","CL3","ZoneC","EHP","MUL","99569.8723404255","0","0","0","0","1","1","1",1163,351
"1164","Nagoya","Office","CL3","ZoneC","EHP","MUL","99569.8723404255","0","0","0","0","1","1","1",1164,320
"1165","Nagoya","Office","CL3","ZoneC","EHP","MUL","99569.8723404255","0","0","0","0","1","1","1",1165,343
"1166","Nagoya","Office","CL3","ZoneC","EHP","MUL","99569.8723404255","0","0","0","0","1","1","1",1166,379
"1167","Nagoya","Office","CL3","ZoneC","EHP","MUL","99569.8723404255","0","0","0","0","1","1","1",1167,397
"1168","Nagoya","Office","CL3","ZoneC","EHP","MUL","99569.8723404255","0","0","0","0","1","1","1",1168,131
"1169","Nagoya","Office","CL3","ZoneC","EHP","MUL","99569.8723404255","0","0","0","0","1","1","1",1169,378
"1170","Nagoya","Office","CL3","ZoneC","EHP","MUL","99569.8723404255","0","0","0","0","1","1","1",1170,306
"1171","Nagoya","Office","CL3","ZoneC","EHP","MUL","99569.8723404255","0","0","0","0","1","1","1",1171,348
"1172","Nagoya","Office","CL3","ZoneC","EHP","MUL","99569.8723404255","0","0","0","0","1","1","1",1172,302
"1173","Nagoya","Office","CL3","ZoneC","EHP","MUL","99569.8723404255","0","0","0","0","1","1","1",1173,123
"1174","Nagoya","Office","CL3","ZoneC","EHP","MUL","99569.8723404255","0","0","0","0","1","1","1",1174,75
"1175","Nagoya","Office","CL3","ZoneC","EHP","MUL","99569.8723404255","0","0","0","0","1","1","1",1175,264
"1176","Nagoya","Office","CL3","ZoneC","EHP","MUL","99569.8723404255","0","0","0","0","1","1","1",1176,169
"1177","Nagoya","Office","CL3","ZoneC","EHP","MUL","103830.525","0","0","0","0","2","1","1",1177,304
"1178","Nagoya","Office","CL3","ZoneC","EHP","MUL","103830.525","0","0","0","0","2","1","1",1178,71
"1179","Nagoya","Office","CL3","ZoneC","EHP","MUL","103830.525","0","0","0","0","2","1","1",1179,229
"1180","Nagoya","Office","CL3","ZoneC","EHP","MUL","103830.525","0","0","0","0","2","1","1",1180,373
"1181","Nagoya","Office","CL3","ZoneC","EHP","MUL","103830.525","0","0","0","0","2","1","1",1181,227
"1182","Nagoya","Office","CL3","ZoneC","EHP","MUL","103830.525","0","0","0","0","2","1","1",1182,298
"1183","Nagoya","Office","CL3","ZoneC","EHP","MUL","103830.525","0","0","0","0","2","1","1",1183,299
"1184","Nagoya","Office","CL3","ZoneC","EHP","MUL","103830.525","0","0","0","0","2","1","1",1184,399
"1185","Nagoya","Office","CL3","ZoneC","ABCH","FCU","87269.7333333333","0","0","0","0","1","1","1",1185,26
"1186","Nagoya","Office","CL3","ZoneC","ABCH","FCU","87269.7333333333","0","0","0","0","1","1","1",1186,9
"1187","Nagoya","Office","CL3","ZoneC","ABCH","FCU","87269.7333333333","0","0","0","0","1","1","1",1187,144
"1188","Nagoya","Office","CL3","ZoneC","AHP","FCU","84167.9","0","0","0","0","1","1","1",1188,108
"1189","Nagoya","Office","CL3","ZoneC","AHP","FCU","84167.9","0","0","0","0","1","1","1",1189,45
"1190","Nagoya","Office","CL4","ZoneC","EHP","MUL","98987.1052631579","0","0","0","0","1","1","1",1190,210
"1191","Nagoya","Office","CL4","ZoneC","EHP","MUL","98987.1052631579","0","0","0","0","1","1","1",1191,266
"1192","Nagoya","Office","CL4","ZoneC","EHP","MUL","98987.1052631579","0","0","0","0","1","1","1",1192,65
"1193","Nagoya","Office","CL4","ZoneC","EHP","MUL","98987.1052631579","0","0","0","0","1","1","1",1193,126
"1194","Nagoya","Office","CL4","ZoneC","EHP","MUL","98987.1052631579","0","0","0","0","1","1","1",1194,230
"1195","Nagoya","Office","CL4","ZoneC","EHP","MUL","98987.1052631579","0","0","0","0","1","1","1",1195,376
"1196","Nagoya","Office","CL4","ZoneC","EHP","MUL","98987.1052631579","0","0","0","0","1","1","1",1196,97
"1197","Nagoya","Office","CL4","ZoneC","EHP","MUL","98987.1052631579","0","0","0","0","1","1","1",1197,30
"1198","Nagoya","Office","CL4","ZoneC","EHP","MUL","98987.1052631579","0","0","0","0","1","1","1",1198,150
"1199","Nagoya","Office","CL4","ZoneC","EHP","MUL","98987.1052631579","0","0","0","0","1","1","1",1199,126
"1200","Nagoya","Office","CL4","ZoneC","EHP","MUL","98987.1052631579","0","0","0","0","1","1","1",1200,119
"1201","Nagoya","Office","CL4","ZoneC","EHP","MUL","98987.1052631579","0","0","0","0","1","1","1",1201,220
"1202","Nagoya","Office","CL4","ZoneC","EHP","MUL","98987.1052631579","0","0","0","0","1","1","1",1202,384
"1203","Nagoya","Office","CL4","ZoneC","EHP","MUL","98987.1052631579","0","0","0","0","1","1","1",1203,47
"1204","Nagoya","Office","CL4","ZoneC","EHP","MUL","98987.1052631579","0","0","0","0","1","1","1",1204,136
"1205","Nagoya","Office","CL4","ZoneC","EHP","MUL","98987.1052631579","0","0","0","0","1","1","1",1205,65
"1206","Nagoya","Office","CL4","ZoneC","EHP","MUL","98987.1052631579","0","0","0","0","1","1","1",1206,372
"1207","Nagoya","Office","CL4","ZoneC","EHP","MUL","98987.1052631579","0","0","0","0","1","1","1",1207,292
"1208","Nagoya","Office","CL4","ZoneC","EHP","MUL","98987.1052631579","0","0","0","0","1","1","1",1208,83
"1209","Nagoya","Office","CL4","ZoneC","EHP","MUL","98987.1052631579","0","0","0","0","1","1","1",1209,396
"1210","Nagoya","Office","CL4","ZoneC","EHP","MUL","98987.1052631579","0","0","0","0","1","1","1",1210,202
"1211","Nagoya","Office","CL4","ZoneC","EHP","MUL","98987.1052631579","0","0","0","0","1","1","1",1211,219
"1212","Nagoya","Office","CL4","ZoneC","EHP","MUL","98987.1052631579","0","0","0","0","1","1","1",1212,52
"1213","Nagoya","Office","CL4","ZoneC","EHP","MUL","98987.1052631579","0","0","0","0","1","1","1",1213,294
"1214","Nagoya","Office","CL4","ZoneC","EHP","MUL","98987.1052631579","0","0","0","0","1","1","1",1214,189
"1215","Nagoya","Office","CL4","ZoneC","EHP","MUL","98987.1052631579","0","0","0","0","1","1","1",1215,356
"1216","Nagoya","Office","CL4","ZoneC","EHP","MUL","98987.1052631579","0","0","0","0","1","1","1",1216,337
"1217","Nagoya","Office","CL4","ZoneC","EHP","MUL","98987.1052631579","0","0","0","0","1","1","1",1217,92
"1218","Nagoya","Office","CL4","ZoneC","EHP","MUL","98987.1052631579","0","0","0","0","1","1","1",1218,302
"1219","Nagoya","Office","CL4","ZoneC","EHP","MUL","98987.1052631579","0","0","0","0","1","1","1",1219,187
"1220","Nagoya","Office","CL4","ZoneC","EHP","MUL","98987.1052631579","0","0","0","0","1","1","1",1220,93
"1221","Nagoya","Office","CL4","ZoneC","EHP","MUL","98987.1052631579","0","0","0","0","1","1","1",1221,185
"1222","Nagoya","Office","CL4","ZoneC","EHP","MUL","98987.1052631579","0","0","0","0","1","1","1",1222,345
"1223","Nagoya","Office","CL4","ZoneC","EHP","MUL","98987.1052631579","0","0","0","0","1","1","1",1223,164
"1224","Nagoya","Office","CL4","ZoneC","EHP","MUL","98987.1052631579","0","0","0","0","1","1","1",1224,318
"1225","Nagoya","Office","CL4","ZoneC","EHP","MUL","98987.1052631579","0","0","0","0","1","1","1",1225,308
"1226","Nagoya","Office","CL4","ZoneC","EHP","MUL","98987.1052631579","0","0","0","0","1","1","1",1226,233
"1227","Nagoya","Office","CL4","ZoneC","EHP","MUL","98987.1052631579","0","0","0","0","1","1","1",1227,288
"1228","Nagoya","Office","CL4","ZoneC","EHP","MUL","95484.4","0","0","0","0","2","1","1",1228,218
"1229","Nagoya","Office","CL4","ZoneC","EHP","MUL","95484.4","0","0","0","0","2","1","1",1229,59
"1230","Nagoya","Office","CL4","ZoneC","EHP","MUL","95484.4","0","0","0","0","2","1","1",1230,334
"1231","Nagoya","Office","CL4","ZoneC","EHP","MUL","95484.4","0","0","0","0","2","1","1",1231,231
"1232","Nagoya","Office","CL4","ZoneC","EHP","MUL","95484.4","0","0","0","0","2","1","1",1232,95
"1233","Nagoya","Office","CL4","ZoneC","EHP","MUL","95484.4","0","0","0","0","2","1","1",1233,74
"1234","Nagoya","Office","CL4","ZoneC","EHP","MUL","95484.4","0","0","0","0","2","1","1",1234,9
"1235","Nagoya","Office","CL4","ZoneC","ABCH","FCU","90908.075","0","0","0","0","1","1","1",1235,118
"1236","Nagoya","Office","CL4","ZoneC","ABCH","FCU","90908.075","0","0","0","0","1","1","1",1236,345
"1237","Nagoya","Office","CL4","ZoneC","ABCH","FCU","90908.075","0","0","0","0","1","1","1",1237,326
"1238","Nagoya","Office","CL4","ZoneC","ABCH","FCU","90908.075","0","0","0","0","1","1","1",1238,76
"1239","Nagoya","Office","CL4","ZoneC","ABCH","FCU","86446.35","0","0","0","0","2","1","1",1239,265
"1240","Nagoya","Office","CL4","ZoneC","ABCH","FCU","86446.35","0","0","0","0","2","1","1",1240,78
"1241","Nagoya","Office","CL4","ZoneC","AHP","FCU","107901.7","0","0","0","0","1","1","1",1241,34
"1242","Nagoya","Office","CL4","ZoneC","AHP","FCU","107901.7","0","0","0","0","1","1","1",1242,271
"1243","Nagoya","Office","CL5","ZoneC","EHP","MUL","98271.1428571429","0","0","0","0","1","1","1",1243,57
"1244","Nagoya","Office","CL5","ZoneC","EHP","MUL","98271.1428571429","0","0","0","0","1","1","1",1244,338
"1245","Nagoya","Office","CL5","ZoneC","EHP","MUL","98271.1428571429","0","0","0","0","1","1","1",1245,78
"1246","Nagoya","Office","CL5","ZoneC","EHP","MUL","98271.1428571429","0","0","0","0","1","1","1",1246,273
"1247","Nagoya","Office","CL5","ZoneC","EHP","MUL","98271.1428571429","0","0","0","0","1","1","1",1247,288
"1248","Nagoya","Office","CL5","ZoneC","EHP","MUL","98271.1428571429","0","0","0","0","1","1","1",1248,76
"1249","Nagoya","Office","CL5","ZoneC","EHP","MUL","98271.1428571429","0","0","0","0","1","1","1",1249,367
"1250","Nagoya","Office","CL5","ZoneC","EHP","MUL","98271.1428571429","0","0","0","0","1","1","1",1250,210
"1251","Nagoya","Office","CL5","ZoneC","EHP","MUL","98271.1428571429","0","0","0","0","1","1","1",1251,291
"1252","Nagoya","Office","CL5","ZoneC","EHP","MUL","98271.1428571429","0","0","0","0","1","1","1",1252,23
"1253","Nagoya","Office","CL5","ZoneC","EHP","MUL","98271.1428571429","0","0","0","0","1","1","1",1253,1
"1254","Nagoya","Office","CL5","ZoneC","EHP","MUL","98271.1428571429","0","0","0","0","1","1","1",1254,372
"1255","Nagoya","Office","CL5","ZoneC","EHP","MUL","98271.1428571429","0","0","0","0","1","1","1",1255,62
"1256","Nagoya","Office","CL5","ZoneC","EHP","MUL","98271.1428571429","0","0","0","0","1","1","1",1256,316
"1257","Nagoya","Office","CL5","ZoneC","EHP","MUL","98271.1428571429","0","0","0","0","1","1","1",1257,256
"1258","Nagoya","Office","CL5","ZoneC","EHP","MUL","98271.1428571429","0","0","0","0","1","1","1",1258,19
"1259","Nagoya","Office","CL5","ZoneC","EHP","MUL","98271.1428571429","0","0","0","0","1","1","1",1259,34
"1260","Nagoya","Office","CL5","ZoneC","EHP","MUL","98271.1428571429","0","0","0","0","1","1","1",1260,225
"1261","Nagoya","Office","CL5","ZoneC","EHP","MUL","98271.1428571429","0","0","0","0","1","1","1",1261,357
"1262","Nagoya","Office","CL5","ZoneC","EHP","MUL","98271.1428571429","0","0","0","0","1","1","1",1262,209
"1263","Nagoya","Office","CL5","ZoneC","EHP","MUL","98271.1428571429","0","0","0","0","1","1","1",1263,226
"1264","Nagoya","Office","CL5","ZoneC","EHP","MUL","98271.1428571429","0","0","0","0","1","1","1",1264,52
"1265","Nagoya","Office","CL5","ZoneC","EHP","MUL","98271.1428571429","0","0","0","0","1","1","1",1265,364
"1266","Nagoya","Office","CL5","ZoneC","EHP","MUL","98271.1428571429","0","0","0","0","1","1","1",1266,316
"1267","Nagoya","Office","CL5","ZoneC","EHP","MUL","98271.1428571429","0","0","0","0","1","1","1",1267,250
"1268","Nagoya","Office","CL5","ZoneC","EHP","MUL","98271.1428571429","0","0","0","0","1","1","1",1268,114
"1269","Nagoya","Office","CL5","ZoneC","EHP","MUL","98271.1428571429","0","0","0","0","1","1","1",1269,391
"1270","Nagoya","Office","CL5","ZoneC","EHP","MUL","98271.1428571429","0","0","0","0","1","1","1",1270,262
"1271","Nagoya","Office","CL5","ZoneC","EHP","MUL","101249.071428571","0","0","0","0","2","1","1",1271,187
"1272","Nagoya","Office","CL5","ZoneC","EHP","MUL","101249.071428571","0","0","0","0","2","1","1",1272,38
"1273","Nagoya","Office","CL5","ZoneC","EHP","MUL","101249.071428571","0","0","0","0","2","1","1",1273,382
"1274","Nagoya","Office","CL5","ZoneC","EHP","MUL","101249.071428571","0","0","0","0","2","1","1",1274,60
"1275","Nagoya","Office","CL5","ZoneC","EHP","MUL","101249.071428571","0","0","0","0","2","1","1",1275,266
"1276","Nagoya","Office","CL5","ZoneC","EHP","MUL","101249.071428571","0","0","0","0","2","1","1",1276,382
"1277","Nagoya","Office","CL5","ZoneC","EHP","MUL","101249.071428571","0","0","0","0","2","1","1",1277,109
"1278","Nagoya","Office","CL5","ZoneC","EHP","MUL","101249.071428571","0","0","0","0","2","1","1",1278,122
"1279","Nagoya","Office","CL5","ZoneC","EHP","MUL","101249.071428571","0","0","0","0","2","1","1",1279,149
"1280","Nagoya","Office","CL5","ZoneC","EHP","MUL","101249.071428571","0","0","0","0","2","1","1",1280,240
"1281","Nagoya","Office","CL5","ZoneC","EHP","MUL","101249.071428571","0","0","0","0","2","1","1",1281,261
"1282","Nagoya","Office","CL5","ZoneC","EHP","MUL","101249.071428571","0","0","0","0","2","1","1",1282,86
"1283","Nagoya","Office","CL5","ZoneC","EHP","MUL","101249.071428571","0","0","0","0","2","1","1",1283,385
"1284","Nagoya","Office","CL5","ZoneC","EHP","MUL","101249.071428571","0","0","0","0","2","1","1",1284,266
"1285","Nagoya","Office","CL5","ZoneC","ABCH","VAV","81497.65","0","0","0","0","1","1","1",1285,348
"1286","Nagoya","Office","CL5","ZoneC","ABCH","VAV","81497.65","0","0","0","0","1","1","1",1286,187
"1287","Nagoya","Office","CL5","ZoneC","ABCH","FCU","98448.3142857143","0","0","0","0","1","1","1",1287,354
"1288","Nagoya","Office","CL5","ZoneC","ABCH","FCU","98448.3142857143","0","0","0","0","1","1","1",1288,67
"1289","Nagoya","Office","CL5","ZoneC","ABCH","FCU","98448.3142857143","0","0","0","0","1","1","1",1289,59
"1290","Nagoya","Office","CL5","ZoneC","ABCH","FCU","98448.3142857143","0","0","0","0","1","1","1",1290,109
"1291","Nagoya","Office","CL5","ZoneC","ABCH","FCU","98448.3142857143","0","0","0","0","1","1","1",1291,275
"1292","Nagoya","Office","CL5","ZoneC","ABCH","FCU","98448.3142857143","0","0","0","0","1","1","1",1292,195
"1293","Nagoya","Office","CL5","ZoneC","ABCH","FCU","98448.3142857143","0","0","0","0","1","1","1",1293,307
"1294","Nagoya","Office","CL5","ZoneC","ABCH","FCU","98633.35","0","0","0","0","2","1","1",1294,228
"1295","Nagoya","Office","CL5","ZoneC","ABCH","FCU","98633.35","0","0","0","0","2","1","1",1295,36
"1296","Nagoya","Office","CL5","ZoneC","ABCH","FCU","98633.35","0","0","0","0","2","1","1",1296,13
"1297","Nagoya","Office","CL5","ZoneC","ABCH","FCU","98633.35","0","0","0","0","2","1","1",1297,231
"1298","Nagoya","Office","CL5","ZoneC","ABCH","OHUFCU","86742.8666666667","0","0","0","0","1","1","1",1298,262
"1299","Nagoya","Office","CL5","ZoneC","ABCH","OHUFCU","86742.8666666667","0","0","0","0","1","1","1",1299,46
"1300","Nagoya","Office","CL5","ZoneC","ABCH","OHUFCU","86742.8666666667","0","0","0","0","1","1","1",1300,352
"1301","Nagoya","Office","CL5","ZoneC","AHP","FCU","108809.866666667","0","0","0","0","1","1","1",1301,116
"1302","Nagoya","Office","CL5","ZoneC","AHP","FCU","108809.866666667","0","0","0","0","1","1","1",1302,226
"1303","Nagoya","Office","CL5","ZoneC","AHP","FCU","108809.866666667","0","0","0","0","1","1","1",1303,356
"1304","Nagoya","Office","CL5","ZoneC","AHP","FCU","98516","0","0","0","0","2","1","1",1304,75
"1305","Nagoya","Office","CL5","ZoneC","AHP","FCU","98516","0","0","0","0","2","1","1",1305,140
"1306","Nagoya","Office","CL5","ZoneC","AHP+TESICE","FCU","104250.65","0","0","0","0","1","1","1",1306,107
"1307","Nagoya","Office","CL5","ZoneC","AHP+TESICE","FCU","104250.65","0","0","0","0","1","1","1",1307,12
"1308","Nagoya","Office","CL6","ZoneC","EHP","MUL","96926.0444444444","0","0","0","0","1","1","1",1308,9
"1309","Nagoya","Office","CL6","ZoneC","EHP","MUL","96926.0444444444","0","0","0","0","1","1","1",1309,172
"1310","Nagoya","Office","CL6","ZoneC","EHP","MUL","96926.0444444444","0","0","0","0","1","1","1",1310,194
"1311","Nagoya","Office","CL6","ZoneC","EHP","MUL","96926.0444444444","0","0","0","0","1","1","1",1311,11
"1312","Nagoya","Office","CL6","ZoneC","EHP","MUL","96926.0444444444","0","0","0","0","1","1","1",1312,241
"1313","Nagoya","Office","CL6","ZoneC","EHP","MUL","96926.0444444444","0","0","0","0","1","1","1",1313,87
"1314","Nagoya","Office","CL6","ZoneC","EHP","MUL","96926.0444444444","0","0","0","0","1","1","1",1314,156
"1315","Nagoya","Office","CL6","ZoneC","EHP","MUL","96926.0444444444","0","0","0","0","1","1","1",1315,38
"1316","Nagoya","Office","CL6","ZoneC","EHP","MUL","96926.0444444444","0","0","0","0","1","1","1",1316,242
"1317","Nagoya","Office","CL6","ZoneC","EHP","MUL","112346.1","0","0","0","0","2","1","1",1317,214
"1318","Nagoya","Office","CL6","ZoneC","EHP","MUL","112346.1","0","0","0","0","2","1","1",1318,203
"1319","Nagoya","Office","CL6","ZoneC","EHP","MUL","112346.1","0","0","0","0","2","1","1",1319,321
"1320","Nagoya","Office","CL6","ZoneC","EHP","MUL","112346.1","0","0","0","0","2","1","1",1320,24
"1321","Nagoya","Office","CL6","ZoneC","ABCH","VAV","92611.45","0","0","0","0","1","1","1",1321,54
"1322","Nagoya","Office","CL6","ZoneC","ABCH","VAV","92611.45","0","0","0","0","1","1","1",1322,38
"1323","Nagoya","Office","CL6","ZoneC","ABCH","FCU","101756.4","0","0","0","0","1","1","1",1323,294
"1324","Nagoya","Office","CL6","ZoneC","ABCH","FCU","101756.4","0","0","0","0","1","1","1",1324,7
"1325","Nagoya","Office","CL6","ZoneC","ABCH","FCU","101756.4","0","0","0","0","1","1","1",1325,203
"1326","Nagoya","Office","CL6","ZoneC","ABCH","FCU","101756.4","0","0","0","0","1","1","1",1326,319
"1327","Nagoya","Office","CL6","ZoneC","ABCH","FCU","101756.4","0","0","0","0","1","1","1",1327,82
"1328","Nagoya","Office","CL6","ZoneC","ABCH","FCU","101756.4","0","0","0","0","1","1","1",1328,383
"1329","Nagoya","Office","CL6","ZoneC","ABCH","FCU","104839.933333333","0","0","0","0","2","1","1",1329,73
"1330","Nagoya","Office","CL6","ZoneC","ABCH","FCU","104839.933333333","0","0","0","0","2","1","1",1330,354
"1331","Nagoya","Office","CL6","ZoneC","ABCH","FCU","104839.933333333","0","0","0","0","2","1","1",1331,235
"1332","Nagoya","Office","CL6","ZoneC","ABCH","OHUFCU","88284.6","0","0","0","0","1","1","1",1332,240
"1333","Nagoya","Office","CL6","ZoneC","ABCH","OHUFCU","88284.6","0","0","0","0","1","1","1",1333,168
"1334","Nagoya","Office","CL6","ZoneC","ABCH","OHUFCU","88284.6","0","0","0","0","1","1","1",1334,3
"1335","Nagoya","Office","CL6","ZoneC","AHP","FCU","119780.45","0","0","0","0","1","1","1",1335,349
"1336","Nagoya","Office","CL6","ZoneC","AHP","FCU","119780.45","0","0","0","0","1","1","1",1336,114
"1337","Nagoya","Office","CL6","ZoneC","AHP","FCU","107192.85","0","0","0","0","2","1","1",1337,77
"1338","Nagoya","Office","CL6","ZoneC","AHP","FCU","107192.85","0","0","0","0","2","1","1",1338,395
"1339","Nagoya","Office","CL6","ZoneC","COM","FCU","97714","0","0","0","0","1","1","1",1339,179
"1340","Nagoya","Office","CL6","ZoneC","COM","FCU","97714","0","0","0","0","1","1","1",1340,323
"1341","Nagoya","Office","CL6","ZoneC","AHP+TESICE","FCU","93955.55","0","0","0","0","1","1","1",1341,273
"1342","Nagoya","Office","CL6","ZoneC","AHP+TESICE","FCU","93955.55","0","0","0","0","1","1","1",1342,62
"1343","Nagoya","Office","CL7","ZoneC","EHP","MUL","99766.5666666667","0","0","0","0","1","1","1",1343,187
"1344","Nagoya","Office","CL7","ZoneC","EHP","MUL","99766.5666666667","0","0","0","0","1","1","1",1344,318
"1345","Nagoya","Office","CL7","ZoneC","EHP","MUL","99766.5666666667","0","0","0","0","1","1","1",1345,100
"1346","Nagoya","Office","CL7","ZoneC","EHP","MUL","77092.35","0","0","0","0","2","1","1",1346,300
"1347","Nagoya","Office","CL7","ZoneC","EHP","MUL","77092.35","0","0","0","0","2","1","1",1347,98
"1348","Nagoya","Office","CL7","ZoneC","ABCH","VAV","88251.8","0","0","0","0","1","1","1",1348,310
"1349","Nagoya","Office","CL7","ZoneC","ABCH","VAV","88251.8","0","0","0","0","1","1","1",1349,162
"1350","Nagoya","Office","CL7","ZoneC","ABCH","FCU","109016.475","0","0","0","0","1","1","1",1350,57
"1351","Nagoya","Office","CL7","ZoneC","ABCH","FCU","109016.475","0","0","0","0","1","1","1",1351,278
"1352","Nagoya","Office","CL7","ZoneC","ABCH","FCU","109016.475","0","0","0","0","1","1","1",1352,345
"1353","Nagoya","Office","CL7","ZoneC","ABCH","FCU","109016.475","0","0","0","0","1","1","1",1353,69
"1354","Nagoya","Office","CL7","ZoneC","ABCH","FCU","117508.9","0","0","0","0","2","1","1",1354,68
"1355","Nagoya","Office","CL7","ZoneC","ABCH","FCU","117508.9","0","0","0","0","2","1","1",1355,58
"1356","Nagoya","Office","CL7","ZoneC","ABCH","OHUFCU","108739.85","0","0","0","0","1","1","1",1356,113
"1357","Nagoya","Office","CL7","ZoneC","ABCH","OHUFCU","108739.85","0","0","0","0","1","1","1",1357,39
"1358","Nagoya","Office","CL7","ZoneC","AHP","FCU","94071.5","0","0","0","0","1","1","1",1358,342
"1359","Nagoya","Office","CL7","ZoneC","AHP","FCU","94071.5","0","0","0","0","1","1","1",1359,281
"1360","Nagoya","Office","CL7","ZoneC","AHP","FCU","75985.45","0","0","0","0","2","1","1",1360,28
"1361","Nagoya","Office","CL7","ZoneC","AHP","FCU","75985.45","0","0","0","0","2","1","1",1361,303
"1362","Nagoya","Office","CL7","ZoneC","COM","FCU","96403.6","0","0","0","0","1","1","1",1362,270
"1363","Nagoya","Office","CL7","ZoneC","COM","FCU","96403.6","0","0","0","0","1","1","1",1363,311
"1364","Nagoya","Office","CL7","ZoneC","COM","FCU","77869.2","0","0","0","0","2","1","1",1364,348
"1365","Nagoya","Office","CL7","ZoneC","COM","FCU","77869.2","0","0","0","0","2","1","1",1365,41
"1366","Nagoya","Office","CL7","ZoneC","AHP+TESICE","FCU","92555.15","0","0","0","0","1","1","1",1366,7
"1367","Nagoya","Office","CL7","ZoneC","AHP+TESICE","FCU","92555.15","0","0","0","0","1","1","1",1367,221
"1368","Osaka","Office","CL2","ZoneC","EHP","MUL","98980.1794871795","0","0","0","0","1","1","1",1368,21
"1369","Osaka","Office","CL2","ZoneC","EHP","MUL","98980.1794871795","0","0","0","0","1","1","1",1369,316
"1370","Osaka","Office","CL2","ZoneC","EHP","MUL","98980.1794871795","0","0","0","0","1","1","1",1370,326
"1371","Osaka","Office","CL2","ZoneC","EHP","MUL","98980.1794871795","0","0","0","0","1","1","1",1371,357
"1372","Osaka","Office","CL2","ZoneC","EHP","MUL","98980.1794871795","0","0","0","0","1","1","1",1372,387
"1373","Osaka","Office","CL2","ZoneC","EHP","MUL","98980.1794871795","0","0","0","0","1","1","1",1373,62
"1374","Osaka","Office","CL2","ZoneC","EHP","MUL","98980.1794871795","0","0","0","0","1","1","1",1374,259
"1375","Osaka","Office","CL2","ZoneC","EHP","MUL","98980.1794871795","0","0","0","0","1","1","1",1375,45
"1376","Osaka","Office","CL2","ZoneC","EHP","MUL","98980.1794871795","0","0","0","0","1","1","1",1376,230
"1377","Osaka","Office","CL2","ZoneC","EHP","MUL","98980.1794871795","0","0","0","0","1","1","1",1377,265
"1378","Osaka","Office","CL2","ZoneC","EHP","MUL","98980.1794871795","0","0","0","0","1","1","1",1378,295
"1379","Osaka","Office","CL2","ZoneC","EHP","MUL","98980.1794871795","0","0","0","0","1","1","1",1379,161
"1380","Osaka","Office","CL2","ZoneC","EHP","MUL","98980.1794871795","0","0","0","0","1","1","1",1380,379
"1381","Osaka","Office","CL2","ZoneC","EHP","MUL","98980.1794871795","0","0","0","0","1","1","1",1381,363
"1382","Osaka","Office","CL2","ZoneC","EHP","MUL","98980.1794871795","0","0","0","0","1","1","1",1382,304
"1383","Osaka","Office","CL2","ZoneC","EHP","MUL","98980.1794871795","0","0","0","0","1","1","1",1383,309
"1384","Osaka","Office","CL2","ZoneC","EHP","MUL","98980.1794871795","0","0","0","0","1","1","1",1384,335
"1385","Osaka","Office","CL2","ZoneC","EHP","MUL","98980.1794871795","0","0","0","0","1","1","1",1385,154
"1386","Osaka","Office","CL2","ZoneC","EHP","MUL","98980.1794871795","0","0","0","0","1","1","1",1386,186
"1387","Osaka","Office","CL2","ZoneC","EHP","MUL","98980.1794871795","0","0","0","0","1","1","1",1387,88
"1388","Osaka","Office","CL2","ZoneC","EHP","MUL","98980.1794871795","0","0","0","0","1","1","1",1388,312
"1389","Osaka","Office","CL2","ZoneC","EHP","MUL","98980.1794871795","0","0","0","0","1","1","1",1389,309
"1390","Osaka","Office","CL2","ZoneC","EHP","MUL","98980.1794871795","0","0","0","0","1","1","1",1390,298
"1391","Osaka","Office","CL2","ZoneC","EHP","MUL","98980.1794871795","0","0","0","0","1","1","1",1391,334
"1392","Osaka","Office","CL2","ZoneC","EHP","MUL","98980.1794871795","0","0","0","0","1","1","1",1392,261
"1393","Osaka","Office","CL2","ZoneC","EHP","MUL","98980.1794871795","0","0","0","0","1","1","1",1393,242
"1394","Osaka","Office","CL2","ZoneC","EHP","MUL","98980.1794871795","0","0","0","0","1","1","1",1394,144
"1395","Osaka","Office","CL2","ZoneC","EHP","MUL","98980.1794871795","0","0","0","0","1","1","1",1395,5
"1396","Osaka","Office","CL2","ZoneC","EHP","MUL","98980.1794871795","0","0","0","0","1","1","1",1396,35
"1397","Osaka","Office","CL2","ZoneC","EHP","MUL","98980.1794871795","0","0","0","0","1","1","1",1397,343
"1398","Osaka","Office","CL2","ZoneC","EHP","MUL","98980.1794871795","0","0","0","0","1","1","1",1398,152
"1399","Osaka","Office","CL2","ZoneC","EHP","MUL","98980.1794871795","0","0","0","0","1","1","1",1399,234
"1400","Osaka","Office","CL2","ZoneC","EHP","MUL","98980.1794871795","0","0","0","0","1","1","1",1400,38
"1401","Osaka","Office","CL2","ZoneC","EHP","MUL","98980.1794871795","0","0","0","0","1","1","1",1401,200
"1402","Osaka","Office","CL2","ZoneC","EHP","MUL","98980.1794871795","0","0","0","0","1","1","1",1402,233
"1403","Osaka","Office","CL2","ZoneC","EHP","MUL","98980.1794871795","0","0","0","0","1","1","1",1403,326
"1404","Osaka","Office","CL2","ZoneC","EHP","MUL","98980.1794871795","0","0","0","0","1","1","1",1404,77
"1405","Osaka","Office","CL2","ZoneC","EHP","MUL","98980.1794871795","0","0","0","0","1","1","1",1405,375
"1406","Osaka","Office","CL2","ZoneC","EHP","MUL","98980.1794871795","0","0","0","0","1","1","1",1406,166
"1407","Osaka","Office","CL2","ZoneC","EHP","MUL","100464.385714286","0","0","0","0","2","1","1",1407,348
"1408","Osaka","Office","CL2","ZoneC","EHP","MUL","100464.385714286","0","0","0","0","2","1","1",1408,69
"1409","Osaka","Office","CL2","ZoneC","EHP","MUL","100464.385714286","0","0","0","0","2","1","1",1409,3
"1410","Osaka","Office","CL2","ZoneC","EHP","MUL","100464.385714286","0","0","0","0","2","1","1",1410,117
"1411","Osaka","Office","CL2","ZoneC","EHP","MUL","100464.385714286","0","0","0","0","2","1","1",1411,268
"1412","Osaka","Office","CL2","ZoneC","EHP","MUL","100464.385714286","0","0","0","0","2","1","1",1412,180
"1413","Osaka","Office","CL2","ZoneC","EHP","MUL","100464.385714286","0","0","0","0","2","1","1",1413,256
"1414","Osaka","Office","CL3","ZoneC","EHP","MUL","99565.1632653061","0","0","0","0","1","1","1",1414,71
"1415","Osaka","Office","CL3","ZoneC","EHP","MUL","99565.1632653061","0","0","0","0","1","1","1",1415,292
"1416","Osaka","Office","CL3","ZoneC","EHP","MUL","99565.1632653061","0","0","0","0","1","1","1",1416,275
"1417","Osaka","Office","CL3","ZoneC","EHP","MUL","99565.1632653061","0","0","0","0","1","1","1",1417,74
"1418","Osaka","Office","CL3","ZoneC","EHP","MUL","99565.1632653061","0","0","0","0","1","1","1",1418,349
"1419","Osaka","Office","CL3","ZoneC","EHP","MUL","99565.1632653061","0","0","0","0","1","1","1",1419,398
"1420","Osaka","Office","CL3","ZoneC","EHP","MUL","99565.1632653061","0","0","0","0","1","1","1",1420,329
"1421","Osaka","Office","CL3","ZoneC","EHP","MUL","99565.1632653061","0","0","0","0","1","1","1",1421,342
"1422","Osaka","Office","CL3","ZoneC","EHP","MUL","99565.1632653061","0","0","0","0","1","1","1",1422,330
"1423","Osaka","Office","CL3","ZoneC","EHP","MUL","99565.1632653061","0","0","0","0","1","1","1",1423,183
"1424","Osaka","Office","CL3","ZoneC","EHP","MUL","99565.1632653061","0","0","0","0","1","1","1",1424,176
"1425","Osaka","Office","CL3","ZoneC","EHP","MUL","99565.1632653061","0","0","0","0","1","1","1",1425,355
"1426","Osaka","Office","CL3","ZoneC","EHP","MUL","99565.1632653061","0","0","0","0","1","1","1",1426,211
"1427","Osaka","Office","CL3","ZoneC","EHP","MUL","99565.1632653061","0","0","0","0","1","1","1",1427,188
"1428","Osaka","Office","CL3","ZoneC","EHP","MUL","99565.1632653061","0","0","0","0","1","1","1",1428,211
"1429","Osaka","Office","CL3","ZoneC","EHP","MUL","99565.1632653061","0","0","0","0","1","1","1",1429,197
"1430","Osaka","Office","CL3","ZoneC","EHP","MUL","99565.1632653061","0","0","0","0","1","1","1",1430,244
"1431","Osaka","Office","CL3","ZoneC","EHP","MUL","99565.1632653061","0","0","0","0","1","1","1",1431,396
"1432","Osaka","Office","CL3","ZoneC","EHP","MUL","99565.1632653061","0","0","0","0","1","1","1",1432,112
"1433","Osaka","Office","CL3","ZoneC","EHP","MUL","99565.1632653061","0","0","0","0","1","1","1",1433,223
"1434","Osaka","Office","CL3","ZoneC","EHP","MUL","99565.1632653061","0","0","0","0","1","1","1",1434,36
"1435","Osaka","Office","CL3","ZoneC","EHP","MUL","99565.1632653061","0","0","0","0","1","1","1",1435,234
"1436","Osaka","Office","CL3","ZoneC","EHP","MUL","99565.1632653061","0","0","0","0","1","1","1",1436,325
"1437","Osaka","Office","CL3","ZoneC","EHP","MUL","99565.1632653061","0","0","0","0","1","1","1",1437,336
"1438","Osaka","Office","CL3","ZoneC","EHP","MUL","99565.1632653061","0","0","0","0","1","1","1",1438,83
"1439","Osaka","Office","CL3","ZoneC","EHP","MUL","99565.1632653061","0","0","0","0","1","1","1",1439,119
"1440","Osaka","Office","CL3","ZoneC","EHP","MUL","99565.1632653061","0","0","0","0","1","1","1",1440,298
"1441","Osaka","Office","CL3","ZoneC","EHP","MUL","99565.1632653061","0","0","0","0","1","1","1",1441,358
"1442","Osaka","Office","CL3","ZoneC","EHP","MUL","99565.1632653061","0","0","0","0","1","1","1",1442,400
"1443","Osaka","Office","CL3","ZoneC","EHP","MUL","99565.1632653061","0","0","0","0","1","1","1",1443,123
"1444","Osaka","Office","CL3","ZoneC","EHP","MUL","99565.1632653061","0","0","0","0","1","1","1",1444,105
"1445","Osaka","Office","CL3","ZoneC","EHP","MUL","99565.1632653061","0","0","0","0","1","1","1",1445,341
"1446","Osaka","Office","CL3","ZoneC","EHP","MUL","99565.1632653061","0","0","0","0","1","1","1",1446,344
"1447","Osaka","Office","CL3","ZoneC","EHP","MUL","99565.1632653061","0","0","0","0","1","1","1",1447,186
"1448","Osaka","Office","CL3","ZoneC","EHP","MUL","99565.1632653061","0","0","0","0","1","1","1",1448,184
"1449","Osaka","Office","CL3","ZoneC","EHP","MUL","99565.1632653061","0","0","0","0","1","1","1",1449,369
"1450","Osaka","Office","CL3","ZoneC","EHP","MUL","99565.1632653061","0","0","0","0","1","1","1",1450,134
"1451","Osaka","Office","CL3","ZoneC","EHP","MUL","99565.1632653061","0","0","0","0","1","1","1",1451,357
"1452","Osaka","Office","CL3","ZoneC","EHP","MUL","99565.1632653061","0","0","0","0","1","1","1",1452,274
"1453","Osaka","Office","CL3","ZoneC","EHP","MUL","99565.1632653061","0","0","0","0","1","1","1",1453,185
"1454","Osaka","Office","CL3","ZoneC","EHP","MUL","99565.1632653061","0","0","0","0","1","1","1",1454,356
"1455","Osaka","Office","CL3","ZoneC","EHP","MUL","99565.1632653061","0","0","0","0","1","1","1",1455,317
"1456","Osaka","Office","CL3","ZoneC","EHP","MUL","99565.1632653061","0","0","0","0","1","1","1",1456,108
"1457","Osaka","Office","CL3","ZoneC","EHP","MUL","99565.1632653061","0","0","0","0","1","1","1",1457,159
"1458","Osaka","Office","CL3","ZoneC","EHP","MUL","99565.1632653061","0","0","0","0","1","1","1",1458,65
"1459","Osaka","Office","CL3","ZoneC","EHP","MUL","99565.1632653061","0","0","0","0","1","1","1",1459,194
"1460","Osaka","Office","CL3","ZoneC","EHP","MUL","99565.1632653061","0","0","0","0","1","1","1",1460,354
"1461","Osaka","Office","CL3","ZoneC","EHP","MUL","99565.1632653061","0","0","0","0","1","1","1",1461,138
"1462","Osaka","Office","CL3","ZoneC","EHP","MUL","99565.1632653061","0","0","0","0","1","1","1",1462,341
"1463","Osaka","Office","CL3","ZoneC","EHP","MUL","96239.7333333333","0","0","0","0","2","1","1",1463,339
"1464","Osaka","Office","CL3","ZoneC","EHP","MUL","96239.7333333333","0","0","0","0","2","1","1",1464,255
"1465","Osaka","Office","CL3","ZoneC","EHP","MUL","96239.7333333333","0","0","0","0","2","1","1",1465,170
"1466","Osaka","Office","CL3","ZoneC","EHP","MUL","96239.7333333333","0","0","0","0","2","1","1",1466,162
"1467","Osaka","Office","CL3","ZoneC","EHP","MUL","96239.7333333333","0","0","0","0","2","1","1",1467,189
"1468","Osaka","Office","CL3","ZoneC","EHP","MUL","96239.7333333333","0","0","0","0","2","1","1",1468,106
"1469","Osaka","Office","CL3","ZoneC","EHP","MUL","96239.7333333333","0","0","0","0","2","1","1",1469,360
"1470","Osaka","Office","CL3","ZoneC","EHP","MUL","96239.7333333333","0","0","0","0","2","1","1",1470,252
"1471","Osaka","Office","CL3","ZoneC","EHP","MUL","96239.7333333333","0","0","0","0","2","1","1",1471,120
"1472","Osaka","Office","CL3","ZoneC","ABCH","FCU","87531.9","0","0","0","0","1","1","1",1472,74
"1473","Osaka","Office","CL3","ZoneC","ABCH","FCU","87531.9","0","0","0","0","1","1","1",1473,186
"1474","Osaka","Office","CL3","ZoneC","ABCH","FCU","87531.9","0","0","0","0","1","1","1",1474,85
"1475","Osaka","Office","CL3","ZoneC","AHP","FCU","77367.55","0","0","0","0","1","1","1",1475,280
"1476","Osaka","Office","CL3","ZoneC","AHP","FCU","77367.55","0","0","0","0","1","1","1",1476,75
"1477","Osaka","Office","CL4","ZoneC","EHP","MUL","100639.06122449","0","0","0","0","1","1","1",1477,176
"1478","Osaka","Office","CL4","ZoneC","EHP","MUL","100639.06122449","0","0","0","0","1","1","1",1478,144
"1479","Osaka","Office","CL4","ZoneC","EHP","MUL","100639.06122449","0","0","0","0","1","1","1",1479,201
"1480","Osaka","Office","CL4","ZoneC","EHP","MUL","100639.06122449","0","0","0","0","1","1","1",1480,144
"1481","Osaka","Office","CL4","ZoneC","EHP","MUL","100639.06122449","0","0","0","0","1","1","1",1481,236
"1482","Osaka","Office","CL4","ZoneC","EHP","MUL","100639.06122449","0","0","0","0","1","1","1",1482,261
"1483","Osaka","Office","CL4","ZoneC","EHP","MUL","100639.06122449","0","0","0","0","1","1","1",1483,352
"1484","Osaka","Office","CL4","ZoneC","EHP","MUL","100639.06122449","0","0","0","0","1","1","1",1484,272
"1485","Osaka","Office","CL4","ZoneC","EHP","MUL","100639.06122449","0","0","0","0","1","1","1",1485,26
"1486","Osaka","Office","CL4","ZoneC","EHP","MUL","100639.06122449","0","0","0","0","1","1","1",1486,210
"1487","Osaka","Office","CL4","ZoneC","EHP","MUL","100639.06122449","0","0","0","0","1","1","1",1487,266
"1488","Osaka","Office","CL4","ZoneC","EHP","MUL","100639.06122449","0","0","0","0","1","1","1",1488,79
"1489","Osaka","Office","CL4","ZoneC","EHP","MUL","100639.06122449","0","0","0","0","1","1","1",1489,144
"1490","Osaka","Office","CL4","ZoneC","EHP","MUL","100639.06122449","0","0","0","0","1","1","1",1490,74
"1491","Osaka","Office","CL4","ZoneC","EHP","MUL","100639.06122449","0","0","0","0","1","1","1",1491,264
"1492","Osaka","Office","CL4","ZoneC","EHP","MUL","100639.06122449","0","0","0","0","1","1","1",1492,156
"1493","Osaka","Office","CL4","ZoneC","EHP","MUL","100639.06122449","0","0","0","0","1","1","1",1493,219
"1494","Osaka","Office","CL4","ZoneC","EHP","MUL","100639.06122449","0","0","0","0","1","1","1",1494,219
"1495","Osaka","Office","CL4","ZoneC","EHP","MUL","100639.06122449","0","0","0","0","1","1","1",1495,110
"1496","Osaka","Office","CL4","ZoneC","EHP","MUL","100639.06122449","0","0","0","0","1","1","1",1496,144
"1497","Osaka","Office","CL4","ZoneC","EHP","MUL","100639.06122449","0","0","0","0","1","1","1",1497,220
"1498","Osaka","Office","CL4","ZoneC","EHP","MUL","100639.06122449","0","0","0","0","1","1","1",1498,137
"1499","Osaka","Office","CL4","ZoneC","EHP","MUL","100639.06122449","0","0","0","0","1","1","1",1499,45
"1500","Osaka","Office","CL4","ZoneC","EHP","MUL","100639.06122449","0","0","0","0","1","1","1",1500,68
"1501","Osaka","Office","CL4","ZoneC","EHP","MUL","100639.06122449","0","0","0","0","1","1","1",1501,312
"1502","Osaka","Office","CL4","ZoneC","EHP","MUL","100639.06122449","0","0","0","0","1","1","1",1502,76
"1503","Osaka","Office","CL4","ZoneC","EHP","MUL","100639.06122449","0","0","0","0","1","1","1",1503,395
"1504","Osaka","Office","CL4","ZoneC","EHP","MUL","100639.06122449","0","0","0","0","1","1","1",1504,19
"1505","Osaka","Office","CL4","ZoneC","EHP","MUL","100639.06122449","0","0","0","0","1","1","1",1505,61
"1506","Osaka","Office","CL4","ZoneC","EHP","MUL","100639.06122449","0","0","0","0","1","1","1",1506,257
"1507","Osaka","Office","CL4","ZoneC","EHP","MUL","100639.06122449","0","0","0","0","1","1","1",1507,124
"1508","Osaka","Office","CL4","ZoneC","EHP","MUL","100639.06122449","0","0","0","0","1","1","1",1508,385
"1509","Osaka","Office","CL4","ZoneC","EHP","MUL","100639.06122449","0","0","0","0","1","1","1",1509,187
"1510","Osaka","Office","CL4","ZoneC","EHP","MUL","100639.06122449","0","0","0","0","1","1","1",1510,235
"1511","Osaka","Office","CL4","ZoneC","EHP","MUL","100639.06122449","0","0","0","0","1","1","1",1511,236
"1512","Osaka","Office","CL4","ZoneC","EHP","MUL","100639.06122449","0","0","0","0","1","1","1",1512,257
"1513","Osaka","Office","CL4","ZoneC","EHP","MUL","100639.06122449","0","0","0","0","1","1","1",1513,237
"1514","Osaka","Office","CL4","ZoneC","EHP","MUL","100639.06122449","0","0","0","0","1","1","1",1514,379
"1515","Osaka","Office","CL4","ZoneC","EHP","MUL","100639.06122449","0","0","0","0","1","1","1",1515,24
"1516","Osaka","Office","CL4","ZoneC","EHP","MUL","100639.06122449","0","0","0","0","1","1","1",1516,321
"1517","Osaka","Office","CL4","ZoneC","EHP","MUL","100639.06122449","0","0","0","0","1","1","1",1517,7
"1518","Osaka","Office","CL4","ZoneC","EHP","MUL","100639.06122449","0","0","0","0","1","1","1",1518,322
"1519","Osaka","Office","CL4","ZoneC","EHP","MUL","100639.06122449","0","0","0","0","1","1","1",1519,39
"1520","Osaka","Office","CL4","ZoneC","EHP","MUL","100639.06122449","0","0","0","0","1","1","1",1520,373
"1521","Osaka","Office","CL4","ZoneC","EHP","MUL","100639.06122449","0","0","0","0","1","1","1",1521,54
"1522","Osaka","Office","CL4","ZoneC","EHP","MUL","100639.06122449","0","0","0","0","1","1","1",1522,349
"1523","Osaka","Office","CL4","ZoneC","EHP","MUL","100639.06122449","0","0","0","0","1","1","1",1523,126
"1524","Osaka","Office","CL4","ZoneC","EHP","MUL","100639.06122449","0","0","0","0","1","1","1",1524,207
"1525","Osaka","Office","CL4","ZoneC","EHP","MUL","100639.06122449","0","0","0","0","1","1","1",1525,155
"1526","Osaka","Office","CL4","ZoneC","EHP","MUL","97434.9111111111","0","0","0","0","2","1","1",1526,181
"1527","Osaka","Office","CL4","ZoneC","EHP","MUL","97434.9111111111","0","0","0","0","2","1","1",1527,219
"1528","Osaka","Office","CL4","ZoneC","EHP","MUL","97434.9111111111","0","0","0","0","2","1","1",1528,97
"1529","Osaka","Office","CL4","ZoneC","EHP","MUL","97434.9111111111","0","0","0","0","2","1","1",1529,214
"1530","Osaka","Office","CL4","ZoneC","EHP","MUL","97434.9111111111","0","0","0","0","2","1","1",1530,18
"1531","Osaka","Office","CL4","ZoneC","EHP","MUL","97434.9111111111","0","0","0","0","2","1","1",1531,247
"1532","Osaka","Office","CL4","ZoneC","EHP","MUL","97434.9111111111","0","0","0","0","2","1","1",1532,294
"1533","Osaka","Office","CL4","ZoneC","EHP","MUL","97434.9111111111","0","0","0","0","2","1","1",1533,312
"1534","Osaka","Office","CL4","ZoneC","EHP","MUL","97434.9111111111","0","0","0","0","2","1","1",1534,45
"1535","Osaka","Office","CL4","ZoneC","ABCH","FCU","89098.825","0","0","0","0","1","1","1",1535,263
"1536","Osaka","Office","CL4","ZoneC","ABCH","FCU","89098.825","0","0","0","0","1","1","1",1536,305
"1537","Osaka","Office","CL4","ZoneC","ABCH","FCU","89098.825","0","0","0","0","1","1","1",1537,197
"1538","Osaka","Office","CL4","ZoneC","ABCH","FCU","89098.825","0","0","0","0","1","1","1",1538,144
"1539","Osaka","Office","CL4","ZoneC","AHP","FCU","85783.4","0","0","0","0","1","1","1",1539,159
"1540","Osaka","Office","CL4","ZoneC","AHP","FCU","85783.4","0","0","0","0","1","1","1",1540,283
"1541","Osaka","Office","CL4","ZoneC","AHP","FCU","85783.4","0","0","0","0","1","1","1",1541,268
"1542","Osaka","Office","CL5","ZoneC","EHP","MUL","98899.9756097561","0","0","0","0","1","1","1",1542,103
"1543","Osaka","Office","CL5","ZoneC","EHP","MUL","98899.9756097561","0","0","0","0","1","1","1",1543,63
"1544","Osaka","Office","CL5","ZoneC","EHP","MUL","98899.9756097561","0","0","0","0","1","1","1",1544,51
"1545","Osaka","Office","CL5","ZoneC","EHP","MUL","98899.9756097561","0","0","0","0","1","1","1",1545,361
"1546","Osaka","Office","CL5","ZoneC","EHP","MUL","98899.9756097561","0","0","0","0","1","1","1",1546,365
"1547","Osaka","Office","CL5","ZoneC","EHP","MUL","98899.9756097561","0","0","0","0","1","1","1",1547,158
"1548","Osaka","Office","CL5","ZoneC","EHP","MUL","98899.9756097561","0","0","0","0","1","1","1",1548,243
"1549","Osaka","Office","CL5","ZoneC","EHP","MUL","98899.9756097561","0","0","0","0","1","1","1",1549,133
"1550","Osaka","Office","CL5","ZoneC","EHP","MUL","98899.9756097561","0","0","0","0","1","1","1",1550,310
"1551","Osaka","Office","CL5","ZoneC","EHP","MUL","98899.9756097561","0","0","0","0","1","1","1",1551,286
"1552","Osaka","Office","CL5","ZoneC","EHP","MUL","98899.9756097561","0","0","0","0","1","1","1",1552,35
"1553","Osaka","Office","CL5","ZoneC","EHP","MUL","98899.9756097561","0","0","0","0","1","1","1",1553,80
"1554","Osaka","Office","CL5","ZoneC","EHP","MUL","98899.9756097561","0","0","0","0","1","1","1",1554,291
"1555","Osaka","Office","CL5","ZoneC","EHP","MUL","98899.9756097561","0","0","0","0","1","1","1",1555,77
"1556","Osaka","Office","CL5","ZoneC","EHP","MUL","98899.9756097561","0","0","0","0","1","1","1",1556,344
"1557","Osaka","Office","CL5","ZoneC","EHP","MUL","98899.9756097561","0","0","0","0","1","1","1",1557,16
"1558","Osaka","Office","CL5","ZoneC","EHP","MUL","98899.9756097561","0","0","0","0","1","1","1",1558,313
"1559","Osaka","Office","CL5","ZoneC","EHP","MUL","98899.9756097561","0","0","0","0","1","1","1",1559,258
"1560","Osaka","Office","CL5","ZoneC","EHP","MUL","98899.9756097561","0","0","0","0","1","1","1",1560,85
"1561","Osaka","Office","CL5","ZoneC","EHP","MUL","98899.9756097561","0","0","0","0","1","1","1",1561,273
"1562","Osaka","Office","CL5","ZoneC","EHP","MUL","98899.9756097561","0","0","0","0","1","1","1",1562,273
"1563","Osaka","Office","CL5","ZoneC","EHP","MUL","98899.9756097561","0","0","0","0","1","1","1",1563,167
"1564","Osaka","Office","CL5","ZoneC","EHP","MUL","98899.9756097561","0","0","0","0","1","1","1",1564,242
"1565","Osaka","Office","CL5","ZoneC","EHP","MUL","98899.9756097561","0","0","0","0","1","1","1",1565,105
"1566","Osaka","Office","CL5","ZoneC","EHP","MUL","98899.9756097561","0","0","0","0","1","1","1",1566,309
"1567","Osaka","Office","CL5","ZoneC","EHP","MUL","98899.9756097561","0","0","0","0","1","1","1",1567,23
"1568","Osaka","Office","CL5","ZoneC","EHP","MUL","98899.9756097561","0","0","0","0","1","1","1",1568,136
"1569","Osaka","Office","CL5","ZoneC","EHP","MUL","98899.9756097561","0","0","0","0","1","1","1",1569,289
"1570","Osaka","Office","CL5","ZoneC","EHP","MUL","98899.9756097561","0","0","0","0","1","1","1",1570,300
"1571","Osaka","Office","CL5","ZoneC","EHP","MUL","98899.9756097561","0","0","0","0","1","1","1",1571,111
"1572","Osaka","Office","CL5","ZoneC","EHP","MUL","98899.9756097561","0","0","0","0","1","1","1",1572,327
"1573","Osaka","Office","CL5","ZoneC","EHP","MUL","98899.9756097561","0","0","0","0","1","1","1",1573,224
"1574","Osaka","Office","CL5","ZoneC","EHP","MUL","98899.9756097561","0","0","0","0","1","1","1",1574,308
"1575","Osaka","Office","CL5","ZoneC","EHP","MUL","98899.9756097561","0","0","0","0","1","1","1",1575,212
"1576","Osaka","Office","CL5","ZoneC","EHP","MUL","98899.9756097561","0","0","0","0","1","1","1",1576,131
"1577","Osaka","Office","CL5","ZoneC","EHP","MUL","98899.9756097561","0","0","0","0","1","1","1",1577,96
"1578","Osaka","Office","CL5","ZoneC","EHP","MUL","98899.9756097561","0","0","0","0","1","1","1",1578,101
"1579","Osaka","Office","CL5","ZoneC","EHP","MUL","98899.9756097561","0","0","0","0","1","1","1",1579,126
"1580","Osaka","Office","CL5","ZoneC","EHP","MUL","98899.9756097561","0","0","0","0","1","1","1",1580,397
"1581","Osaka","Office","CL5","ZoneC","EHP","MUL","98899.9756097561","0","0","0","0","1","1","1",1581,166
"1582","Osaka","Office","CL5","ZoneC","EHP","MUL","98899.9756097561","0","0","0","0","1","1","1",1582,60
"1583","Osaka","Office","CL5","ZoneC","EHP","MUL","100277.095238095","0","0","0","0","2","1","1",1583,218
"1584","Osaka","Office","CL5","ZoneC","EHP","MUL","100277.095238095","0","0","0","0","2","1","1",1584,19
"1585","Osaka","Office","CL5","ZoneC","EHP","MUL","100277.095238095","0","0","0","0","2","1","1",1585,87
"1586","Osaka","Office","CL5","ZoneC","EHP","MUL","100277.095238095","0","0","0","0","2","1","1",1586,168
"1587","Osaka","Office","CL5","ZoneC","EHP","MUL","100277.095238095","0","0","0","0","2","1","1",1587,234
"1588","Osaka","Office","CL5","ZoneC","EHP","MUL","100277.095238095","0","0","0","0","2","1","1",1588,382
"1589","Osaka","Office","CL5","ZoneC","EHP","MUL","100277.095238095","0","0","0","0","2","1","1",1589,47
"1590","Osaka","Office","CL5","ZoneC","EHP","MUL","100277.095238095","0","0","0","0","2","1","1",1590,269
"1591","Osaka","Office","CL5","ZoneC","EHP","MUL","100277.095238095","0","0","0","0","2","1","1",1591,11
"1592","Osaka","Office","CL5","ZoneC","EHP","MUL","100277.095238095","0","0","0","0","2","1","1",1592,178
"1593","Osaka","Office","CL5","ZoneC","EHP","MUL","100277.095238095","0","0","0","0","2","1","1",1593,180
"1594","Osaka","Office","CL5","ZoneC","EHP","MUL","100277.095238095","0","0","0","0","2","1","1",1594,169
"1595","Osaka","Office","CL5","ZoneC","EHP","MUL","100277.095238095","0","0","0","0","2","1","1",1595,263
"1596","Osaka","Office","CL5","ZoneC","EHP","MUL","100277.095238095","0","0","0","0","2","1","1",1596,328
"1597","Osaka","Office","CL5","ZoneC","EHP","MUL","100277.095238095","0","0","0","0","2","1","1",1597,17
"1598","Osaka","Office","CL5","ZoneC","EHP","MUL","100277.095238095","0","0","0","0","2","1","1",1598,349
"1599","Osaka","Office","CL5","ZoneC","EHP","MUL","100277.095238095","0","0","0","0","2","1","1",1599,114
"1600","Osaka","Office","CL5","ZoneC","EHP","MUL","100277.095238095","0","0","0","0","2","1","1",1600,318
"1601","Osaka","Office","CL5","ZoneC","EHP","MUL","100277.095238095","0","0","0","0","2","1","1",1601,259
"1602","Osaka","Office","CL5","ZoneC","EHP","MUL","100277.095238095","0","0","0","0","2","1","1",1602,256
"1603","Osaka","Office","CL5","ZoneC","EHP","MUL","100277.095238095","0","0","0","0","2","1","1",1603,71
"1604","Osaka","Office","CL5","ZoneC","ABCH","VAV","107527.25","0","0","0","0","1","1","1",1604,245
"1605","Osaka","Office","CL5","ZoneC","ABCH","VAV","107527.25","0","0","0","0","1","1","1",1605,4
"1606","Osaka","Office","CL5","ZoneC","ABCH","FCU","97492.3","0","0","0","0","1","1","1",1606,207
"1607","Osaka","Office","CL5","ZoneC","ABCH","FCU","97492.3","0","0","0","0","1","1","1",1607,222
"1608","Osaka","Office","CL5","ZoneC","ABCH","FCU","97492.3","0","0","0","0","1","1","1",1608,328
"1609","Osaka","Office","CL5","ZoneC","ABCH","FCU","97492.3","0","0","0","0","1","1","1",1609,277
"1610","Osaka","Office","CL5","ZoneC","ABCH","FCU","97492.3","0","0","0","0","1","1","1",1610,284
"1611","Osaka","Office","CL5","ZoneC","ABCH","FCU","97492.3","0","0","0","0","1","1","1",1611,362
"1612","Osaka","Office","CL5","ZoneC","ABCH","FCU","97492.3","0","0","0","0","1","1","1",1612,146
"1613","Osaka","Office","CL5","ZoneC","ABCH","FCU","97492.3","0","0","0","0","1","1","1",1613,60
"1614","Osaka","Office","CL5","ZoneC","ABCH","FCU","93240.38","0","0","0","0","2","1","1",1614,377
"1615","Osaka","Office","CL5","ZoneC","ABCH","FCU","93240.38","0","0","0","0","2","1","1",1615,298
"1616","Osaka","Office","CL5","ZoneC","ABCH","FCU","93240.38","0","0","0","0","2","1","1",1616,125
"1617","Osaka","Office","CL5","ZoneC","ABCH","FCU","93240.38","0","0","0","0","2","1","1",1617,171
"1618","Osaka","Office","CL5","ZoneC","ABCH","FCU","93240.38","0","0","0","0","2","1","1",1618,33
"1619","Osaka","Office","CL5","ZoneC","ABCH","OHUFCU","95973.2","0","0","0","0","1","1","1",1619,115
"1620","Osaka","Office","CL5","ZoneC","ABCH","OHUFCU","95973.2","0","0","0","0","1","1","1",1620,44
"1621","Osaka","Office","CL5","ZoneC","ABCH","OHUFCU","95973.2","0","0","0","0","1","1","1",1621,216
"1622","Osaka","Office","CL5","ZoneC","ABCH","OHUFCU","86050.8","0","0","0","0","2","1","1",1622,362
"1623","Osaka","Office","CL5","ZoneC","ABCH","OHUFCU","86050.8","0","0","0","0","2","1","1",1623,153
"1624","Osaka","Office","CL5","ZoneC","AHP","FCU","109309.3","0","0","0","0","1","1","1",1624,178
"1625","Osaka","Office","CL5","ZoneC","AHP","FCU","109309.3","0","0","0","0","1","1","1",1625,23
"1626","Osaka","Office","CL5","ZoneC","AHP","FCU","109309.3","0","0","0","0","1","1","1",1626,229
"1627","Osaka","Office","CL5","ZoneC","AHP","FCU","109309.3","0","0","0","0","1","1","1",1627,312
"1628","Osaka","Office","CL5","ZoneC","AHP","FCU","112621.7","0","0","0","0","2","1","1",1628,331
"1629","Osaka","Office","CL5","ZoneC","AHP","FCU","112621.7","0","0","0","0","2","1","1",1629,223
"1630","Osaka","Office","CL5","ZoneC","AHP","OHUFCU","80704.55","0","0","0","0","1","1","1",1630,92
"1631","Osaka","Office","CL5","ZoneC","AHP","OHUFCU","80704.55","0","0","0","0","1","1","1",1631,250
"1632","Osaka","Office","CL5","ZoneC","AHP+TESICE","FCU","84055.8666666667","0","0","0","0","1","1","1",1632,180
"1633","Osaka","Office","CL5","ZoneC","AHP+TESICE","FCU","84055.8666666667","0","0","0","0","1","1","1",1633,289
"1634","Osaka","Office","CL5","ZoneC","AHP+TESICE","FCU","84055.8666666667","0","0","0","0","1","1","1",1634,395
"1635","Osaka","Office","CL6","ZoneC","EHP","MUL","103074.4","0","0","0","0","1","1","1",1635,74
"1636","Osaka","Office","CL6","ZoneC","EHP","MUL","103074.4","0","0","0","0","1","1","1",1636,175
"1637","Osaka","Office","CL6","ZoneC","EHP","MUL","103074.4","0","0","0","0","1","1","1",1637,291
"1638","Osaka","Office","CL6","ZoneC","EHP","MUL","103074.4","0","0","0","0","1","1","1",1638,185
"1639","Osaka","Office","CL6","ZoneC","EHP","MUL","103074.4","0","0","0","0","1","1","1",1639,272
"1640","Osaka","Office","CL6","ZoneC","EHP","MUL","103074.4","0","0","0","0","1","1","1",1640,131
"1641","Osaka","Office","CL6","ZoneC","EHP","MUL","103074.4","0","0","0","0","1","1","1",1641,28
"1642","Osaka","Office","CL6","ZoneC","EHP","MUL","103074.4","0","0","0","0","1","1","1",1642,383
"1643","Osaka","Office","CL6","ZoneC","EHP","MUL","103074.4","0","0","0","0","1","1","1",1643,161
"1644","Osaka","Office","CL6","ZoneC","EHP","MUL","103074.4","0","0","0","0","1","1","1",1644,116
"1645","Osaka","Office","CL6","ZoneC","EHP","MUL","103074.4","0","0","0","0","1","1","1",1645,124
"1646","Osaka","Office","CL6","ZoneC","EHP","MUL","103074.4","0","0","0","0","1","1","1",1646,261
"1647","Osaka","Office","CL6","ZoneC","EHP","MUL","103074.4","0","0","0","0","1","1","1",1647,201
"1648","Osaka","Office","CL6","ZoneC","EHP","MUL","103074.4","0","0","0","0","1","1","1",1648,19
"1649","Osaka","Office","CL6","ZoneC","EHP","MUL","103074.4","0","0","0","0","1","1","1",1649,270
"1650","Osaka","Office","CL6","ZoneC","EHP","MUL","99560.5","0","0","0","0","2","1","1",1650,236
"1651","Osaka","Office","CL6","ZoneC","EHP","MUL","99560.5","0","0","0","0","2","1","1",1651,271
"1652","Osaka","Office","CL6","ZoneC","EHP","MUL","99560.5","0","0","0","0","2","1","1",1652,71
"1653","Osaka","Office","CL6","ZoneC","EHP","MUL","99560.5","0","0","0","0","2","1","1",1653,186
"1654","Osaka","Office","CL6","ZoneC","EHP","MUL","99560.5","0","0","0","0","2","1","1",1654,194
"1655","Osaka","Office","CL6","ZoneC","EHP","MUL","99560.5","0","0","0","0","2","1","1",1655,269
"1656","Osaka","Office","CL6","ZoneC","EHP","MUL","99560.5","0","0","0","0","2","1","1",1656,16
"1657","Osaka","Office","CL6","ZoneC","EHP","MUL","99560.5","0","0","0","0","2","1","1",1657,139
"1658","Osaka","Office","CL6","ZoneC","ABCH","VAV","88763.1","0","0","0","0","1","1","1",1658,95
"1659","Osaka","Office","CL6","ZoneC","ABCH","VAV","88763.1","0","0","0","0","1","1","1",1659,366
"1660","Osaka","Office","CL6","ZoneC","ABCH","VAV","88763.1","0","0","0","0","1","1","1",1660,22
"1661","Osaka","Office","CL6","ZoneC","ABCH","VAV","75416","0","0","0","0","2","1","1",1661,89
"1662","Osaka","Office","CL6","ZoneC","ABCH","VAV","75416","0","0","0","0","2","1","1",1662,111
"1663","Osaka","Office","CL6","ZoneC","ABCH","FCU","94161.0875","0","0","0","0","1","1","1",1663,289
"1664","Osaka","Office","CL6","ZoneC","ABCH","FCU","94161.0875","0","0","0","0","1","1","1",1664,344
"1665","Osaka","Office","CL6","ZoneC","ABCH","FCU","94161.0875","0","0","0","0","1","1","1",1665,207
"1666","Osaka","Office","CL6","ZoneC","ABCH","FCU","94161.0875","0","0","0","0","1","1","1",1666,42
"1667","Osaka","Office","CL6","ZoneC","ABCH","FCU","94161.0875","0","0","0","0","1","1","1",1667,151
"1668","Osaka","Office","CL6","ZoneC","ABCH","FCU","94161.0875","0","0","0","0","1","1","1",1668,312
"1669","Osaka","Office","CL6","ZoneC","ABCH","FCU","94161.0875","0","0","0","0","1","1","1",1669,313
"1670","Osaka","Office","CL6","ZoneC","ABCH","FCU","94161.0875","0","0","0","0","1","1","1",1670,3
"1671","Osaka","Office","CL6","ZoneC","ABCH","FCU","106669.725","0","0","0","0","2","1","1",1671,337
"1672","Osaka","Office","CL6","ZoneC","ABCH","FCU","106669.725","0","0","0","0","2","1","1",1672,335
"1673","Osaka","Office","CL6","ZoneC","ABCH","FCU","106669.725","0","0","0","0","2","1","1",1673,248
"1674","Osaka","Office","CL6","ZoneC","ABCH","FCU","106669.725","0","0","0","0","2","1","1",1674,95
"1675","Osaka","Office","CL6","ZoneC","ABCH","OHUFCU","107844.733333333","0","0","0","0","1","1","1",1675,32
"1676","Osaka","Office","CL6","ZoneC","ABCH","OHUFCU","107844.733333333","0","0","0","0","1","1","1",1676,142
"1677","Osaka","Office","CL6","ZoneC","ABCH","OHUFCU","107844.733333333","0","0","0","0","1","1","1",1677,223
"1678","Osaka","Office","CL6","ZoneC","ABCH","OHUFCU","91628.35","0","0","0","0","2","1","1",1678,248
"1679","Osaka","Office","CL6","ZoneC","ABCH","OHUFCU","91628.35","0","0","0","0","2","1","1",1679,270
"1680","Osaka","Office","CL6","ZoneC","AHP","FCU","110675.8","0","0","0","0","1","1","1",1680,307
"1681","Osaka","Office","CL6","ZoneC","AHP","FCU","110675.8","0","0","0","0","1","1","1",1681,351
"1682","Osaka","Office","CL6","ZoneC","AHP","FCU","110675.8","0","0","0","0","1","1","1",1682,297
"1683","Osaka","Office","CL6","ZoneC","AHP","FCU","96118.7","0","0","0","0","2","1","1",1683,25
"1684","Osaka","Office","CL6","ZoneC","AHP","FCU","96118.7","0","0","0","0","2","1","1",1684,78
"1685","Osaka","Office","CL6","ZoneC","COM","FCU","100165.4","0","0","0","0","1","1","1",1685,255
"1686","Osaka","Office","CL6","ZoneC","COM","FCU","100165.4","0","0","0","0","1","1","1",1686,364
"1687","Osaka","Office","CL6","ZoneC","COM","FCU","75171","0","0","0","0","2","1","1",1687,147
"1688","Osaka","Office","CL6","ZoneC","COM","FCU","75171","0","0","0","0","2","1","1",1688,88
"1689","Osaka","Office","CL6","ZoneC","AHP+TESICE","FCU","105190.6","0","0","0","0","1","1","1",1689,118
"1690","Osaka","Office","CL6","ZoneC","AHP+TESICE","FCU","105190.6","0","0","0","0","1","1","1",1690,318
"1691","Osaka","Office","CL6","ZoneC","AHP+TESICE","FCU","98463.95","0","0","0","0","2","1","1",1691,6
"1692","Osaka","Office","CL6","ZoneC","AHP+TESICE","FCU","98463.95","0","0","0","0","2","1","1",1692,17
"1693","Osaka","Office","CL7","ZoneC","EHP","MUL","104479.685714286","0","0","0","0","1","1","1",1693,339
"1694","Osaka","Office","CL7","ZoneC","EHP","MUL","104479.685714286","0","0","0","0","1","1","1",1694,315
"1695","Osaka","Office","CL7","ZoneC","EHP","MUL","104479.685714286","0","0","0","0","1","1","1",1695,190
"1696","Osaka","Office","CL7","ZoneC","EHP","MUL","104479.685714286","0","0","0","0","1","1","1",1696,285
"1697","Osaka","Office","CL7","ZoneC","EHP","MUL","104479.685714286","0","0","0","0","1","1","1",1697,295
"1698","Osaka","Office","CL7","ZoneC","EHP","MUL","104479.685714286","0","0","0","0","1","1","1",1698,125
"1699","Osaka","Office","CL7","ZoneC","EHP","MUL","104479.685714286","0","0","0","0","1","1","1",1699,227
"1700","Osaka","Office","CL7","ZoneC","EHP","MUL","94190.025","0","0","0","0","2","1","1",1700,358
"1701","Osaka","Office","CL7","ZoneC","EHP","MUL","94190.025","0","0","0","0","2","1","1",1701,354
"1702","Osaka","Office","CL7","ZoneC","EHP","MUL","94190.025","0","0","0","0","2","1","1",1702,360
"1703","Osaka","Office","CL7","ZoneC","EHP","MUL","94190.025","0","0","0","0","2","1","1",1703,226
"1704","Osaka","Office","CL7","ZoneC","ABCH","VAV","113763.366666667","0","0","0","0","1","1","1",1704,60
"1705","Osaka","Office","CL7","ZoneC","ABCH","VAV","113763.366666667","0","0","0","0","1","1","1",1705,309
"1706","Osaka","Office","CL7","ZoneC","ABCH","VAV","113763.366666667","0","0","0","0","1","1","1",1706,107
"1707","Osaka","Office","CL7","ZoneC","ABCH","VAV","95677.1","0","0","0","0","2","1","1",1707,19
"1708","Osaka","Office","CL7","ZoneC","ABCH","VAV","95677.1","0","0","0","0","2","1","1",1708,372
"1709","Osaka","Office","CL7","ZoneC","ABCH","FCU","105744.142857143","0","0","0","0","1","1","1",1709,91
"1710","Osaka","Office","CL7","ZoneC","ABCH","FCU","105744.142857143","0","0","0","0","1","1","1",1710,191
"1711","Osaka","Office","CL7","ZoneC","ABCH","FCU","105744.142857143","0","0","0","0","1","1","1",1711,312
"1712","Osaka","Office","CL7","ZoneC","ABCH","FCU","105744.142857143","0","0","0","0","1","1","1",1712,67
"1713","Osaka","Office","CL7","ZoneC","ABCH","FCU","105744.142857143","0","0","0","0","1","1","1",1713,174
"1714","Osaka","Office","CL7","ZoneC","ABCH","FCU","105744.142857143","0","0","0","0","1","1","1",1714,76
"1715","Osaka","Office","CL7","ZoneC","ABCH","FCU","105744.142857143","0","0","0","0","1","1","1",1715,54
"1716","Osaka","Office","CL7","ZoneC","ABCH","FCU","103754.9","0","0","0","0","2","1","1",1716,189
"1717","Osaka","Office","CL7","ZoneC","ABCH","FCU","103754.9","0","0","0","0","2","1","1",1717,399
"1718","Osaka","Office","CL7","ZoneC","ABCH","FCU","103754.9","0","0","0","0","2","1","1",1718,12
"1719","Osaka","Office","CL7","ZoneC","ABCH","FCU","103754.9","0","0","0","0","2","1","1",1719,33
"1720","Osaka","Office","CL7","ZoneC","ABCH","VAVFCU","119401.2","0","0","0","0","1","1","1",1720,240
"1721","Osaka","Office","CL7","ZoneC","ABCH","VAVFCU","119401.2","0","0","0","0","1","1","1",1721,181
"1722","Osaka","Office","CL7","ZoneC","ABCH","OHUFCU","88261.675","0","0","0","0","1","1","1",1722,94
"1723","Osaka","Office","CL7","ZoneC","ABCH","OHUFCU","88261.675","0","0","0","0","1","1","1",1723,1
"1724","Osaka","Office","CL7","ZoneC","ABCH","OHUFCU","88261.675","0","0","0","0","1","1","1",1724,315
"1725","Osaka","Office","CL7","ZoneC","ABCH","OHUFCU","88261.675","0","0","0","0","1","1","1",1725,313
"1726","Osaka","Office","CL7","ZoneC","ABCH","OHUFCU","98972.9","0","0","0","0","2","1","1",1726,349
"1727","Osaka","Office","CL7","ZoneC","ABCH","OHUFCU","98972.9","0","0","0","0","2","1","1",1727,71
"1728","Osaka","Office","CL7","ZoneC","AHP","FCU","89472.7333333333","0","0","0","0","1","1","1",1728,304
"1729","Osaka","Office","CL7","ZoneC","AHP","FCU","89472.7333333333","0","0","0","0","1","1","1",1729,177
"1730","Osaka","Office","CL7","ZoneC","AHP","FCU","89472.7333333333","0","0","0","0","1","1","1",1730,126
"1731","Osaka","Office","CL7","ZoneC","AHP","FCU","82441.3","0","0","0","0","2","1","1",1731,349
"1732","Osaka","Office","CL7","ZoneC","AHP","FCU","82441.3","0","0","0","0","2","1","1",1732,367
"1733","Osaka","Office","CL7","ZoneC","COM","FCU","123478.95","0","0","0","0","1","1","1",1733,176
"1734","Osaka","Office","CL7","ZoneC","COM","FCU","123478.95","0","0","0","0","1","1","1",1734,266
"1735","Osaka","Office","CL7","ZoneC","COM","FCU","75850","0","0","0","0","2","1","1",1735,216
"1736","Osaka","Office","CL7","ZoneC","COM","FCU","75850","0","0","0","0","2","1","1",1736,188
"1737","Osaka","Office","CL7","ZoneC","AHP+TESICE","FCU","114330.45","0","0","0","0","1","1","1",1737,258
"1738","Osaka","Office","CL7","ZoneC","AHP+TESICE","FCU","114330.45","0","0","0","0","1","1","1",1738,352
"1739","Osaka","Office","CL7","ZoneC","COM+TESICE","FCU","81141.5","0","0","0","0","1","1","1",1739,339
"1740","Osaka","Office","CL7","ZoneC","COM+TESICE","FCU","81141.5","0","0","0","0","1","1","1",1740,21
"1741","Hiroshima","Office","CL2","ZoneC","EHP","MUL","101170.45","0","0","0","0","1","1","1",1741,171
"1742","Hiroshima","Office","CL2","ZoneC","EHP","MUL","101170.45","0","0","0","0","1","1","1",1742,62
"1743","Hiroshima","Office","CL2","ZoneC","EHP","MUL","101170.45","0","0","0","0","1","1","1",1743,178
"1744","Hiroshima","Office","CL2","ZoneC","EHP","MUL","101170.45","0","0","0","0","1","1","1",1744,260
"1745","Hiroshima","Office","CL2","ZoneC","EHP","MUL","101170.45","0","0","0","0","1","1","1",1745,400
"1746","Hiroshima","Office","CL2","ZoneC","EHP","MUL","101170.45","0","0","0","0","1","1","1",1746,363
"1747","Hiroshima","Office","CL2","ZoneC","EHP","MUL","101170.45","0","0","0","0","1","1","1",1747,279
"1748","Hiroshima","Office","CL2","ZoneC","EHP","MUL","101170.45","0","0","0","0","1","1","1",1748,189
"1749","Hiroshima","Office","CL2","ZoneC","EHP","MUL","101170.45","0","0","0","0","1","1","1",1749,9
"1750","Hiroshima","Office","CL2","ZoneC","EHP","MUL","101170.45","0","0","0","0","1","1","1",1750,23
"1751","Hiroshima","Office","CL2","ZoneC","EHP","MUL","101170.45","0","0","0","0","1","1","1",1751,33
"1752","Hiroshima","Office","CL2","ZoneC","EHP","MUL","101170.45","0","0","0","0","1","1","1",1752,259
"1753","Hiroshima","Office","CL2","ZoneC","EHP","MUL","101170.45","0","0","0","0","1","1","1",1753,336
"1754","Hiroshima","Office","CL2","ZoneC","EHP","MUL","101170.45","0","0","0","0","1","1","1",1754,168
"1755","Hiroshima","Office","CL2","ZoneC","EHP","MUL","101170.45","0","0","0","0","1","1","1",1755,160
"1756","Hiroshima","Office","CL2","ZoneC","EHP","MUL","101170.45","0","0","0","0","1","1","1",1756,365
"1757","Hiroshima","Office","CL2","ZoneC","EHP","MUL","101170.45","0","0","0","0","1","1","1",1757,289
"1758","Hiroshima","Office","CL2","ZoneC","EHP","MUL","101170.45","0","0","0","0","1","1","1",1758,386
"1759","Hiroshima","Office","CL2","ZoneC","EHP","MUL","101170.45","0","0","0","0","1","1","1",1759,7
"1760","Hiroshima","Office","CL2","ZoneC","EHP","MUL","101170.45","0","0","0","0","1","1","1",1760,27
"1761","Hiroshima","Office","CL2","ZoneC","EHP","MUL","93133.125","0","0","0","0","2","1","1",1761,211
"1762","Hiroshima","Office","CL2","ZoneC","EHP","MUL","93133.125","0","0","0","0","2","1","1",1762,241
"1763","Hiroshima","Office","CL2","ZoneC","EHP","MUL","93133.125","0","0","0","0","2","1","1",1763,48
"1764","Hiroshima","Office","CL2","ZoneC","EHP","MUL","93133.125","0","0","0","0","2","1","1",1764,147
"1765","Hiroshima","Office","CL3","ZoneC","EHP","MUL","99124.1739130435","0","0","0","0","1","1","1",1765,232
"1766","Hiroshima","Office","CL3","ZoneC","EHP","MUL","99124.1739130435","0","0","0","0","1","1","1",1766,274
"1767","Hiroshima","Office","CL3","ZoneC","EHP","MUL","99124.1739130435","0","0","0","0","1","1","1",1767,247
"1768","Hiroshima","Office","CL3","ZoneC","EHP","MUL","99124.1739130435","0","0","0","0","1","1","1",1768,348
"1769","Hiroshima","Office","CL3","ZoneC","EHP","MUL","99124.1739130435","0","0","0","0","1","1","1",1769,236
"1770","Hiroshima","Office","CL3","ZoneC","EHP","MUL","99124.1739130435","0","0","0","0","1","1","1",1770,132
"1771","Hiroshima","Office","CL3","ZoneC","EHP","MUL","99124.1739130435","0","0","0","0","1","1","1",1771,240
"1772","Hiroshima","Office","CL3","ZoneC","EHP","MUL","99124.1739130435","0","0","0","0","1","1","1",1772,266
"1773","Hiroshima","Office","CL3","ZoneC","EHP","MUL","99124.1739130435","0","0","0","0","1","1","1",1773,348
"1774","Hiroshima","Office","CL3","ZoneC","EHP","MUL","99124.1739130435","0","0","0","0","1","1","1",1774,227
"1775","Hiroshima","Office","CL3","ZoneC","EHP","MUL","99124.1739130435","0","0","0","0","1","1","1",1775,262
"1776","Hiroshima","Office","CL3","ZoneC","EHP","MUL","99124.1739130435","0","0","0","0","1","1","1",1776,111
"1777","Hiroshima","Office","CL3","ZoneC","EHP","MUL","99124.1739130435","0","0","0","0","1","1","1",1777,315
"1778","Hiroshima","Office","CL3","ZoneC","EHP","MUL","99124.1739130435","0","0","0","0","1","1","1",1778,41
"1779","Hiroshima","Office","CL3","ZoneC","EHP","MUL","99124.1739130435","0","0","0","0","1","1","1",1779,145
"1780","Hiroshima","Office","CL3","ZoneC","EHP","MUL","99124.1739130435","0","0","0","0","1","1","1",1780,370
"1781","Hiroshima","Office","CL3","ZoneC","EHP","MUL","99124.1739130435","0","0","0","0","1","1","1",1781,215
"1782","Hiroshima","Office","CL3","ZoneC","EHP","MUL","99124.1739130435","0","0","0","0","1","1","1",1782,335
"1783","Hiroshima","Office","CL3","ZoneC","EHP","MUL","99124.1739130435","0","0","0","0","1","1","1",1783,178
"1784","Hiroshima","Office","CL3","ZoneC","EHP","MUL","99124.1739130435","0","0","0","0","1","1","1",1784,230
"1785","Hiroshima","Office","CL3","ZoneC","EHP","MUL","99124.1739130435","0","0","0","0","1","1","1",1785,238
"1786","Hiroshima","Office","CL3","ZoneC","EHP","MUL","99124.1739130435","0","0","0","0","1","1","1",1786,382
"1787","Hiroshima","Office","CL3","ZoneC","EHP","MUL","99124.1739130435","0","0","0","0","1","1","1",1787,185
"1788","Hiroshima","Office","CL3","ZoneC","EHP","MUL","111944.425","0","0","0","0","2","1","1",1788,195
"1789","Hiroshima","Office","CL3","ZoneC","EHP","MUL","111944.425","0","0","0","0","2","1","1",1789,99
"1790","Hiroshima","Office","CL3","ZoneC","EHP","MUL","111944.425","0","0","0","0","2","1","1",1790,312
"1791","Hiroshima","Office","CL3","ZoneC","EHP","MUL","111944.425","0","0","0","0","2","1","1",1791,241
"1792","Hiroshima","Office","CL3","ZoneC","ABCH","FCU","82360.95","0","0","0","0","1","1","1",1792,40
"1793","Hiroshima","Office","CL3","ZoneC","ABCH","FCU","82360.95","0","0","0","0","1","1","1",1793,205
"1794","Hiroshima","Office","CL4","ZoneC","EHP","MUL","101241","0","0","0","0","1","1","1",1794,379
"1795","Hiroshima","Office","CL4","ZoneC","EHP","MUL","101241","0","0","0","0","1","1","1",1795,356
"1796","Hiroshima","Office","CL4","ZoneC","EHP","MUL","101241","0","0","0","0","1","1","1",1796,266
"1797","Hiroshima","Office","CL4","ZoneC","EHP","MUL","101241","0","0","0","0","1","1","1",1797,141
"1798","Hiroshima","Office","CL4","ZoneC","EHP","MUL","101241","0","0","0","0","1","1","1",1798,327
"1799","Hiroshima","Office","CL4","ZoneC","EHP","MUL","101241","0","0","0","0","1","1","1",1799,151
"1800","Hiroshima","Office","CL4","ZoneC","EHP","MUL","101241","0","0","0","0","1","1","1",1800,151
"1801","Hiroshima","Office","CL4","ZoneC","EHP","MUL","101241","0","0","0","0","1","1","1",1801,363
"1802","Hiroshima","Office","CL4","ZoneC","EHP","MUL","101241","0","0","0","0","1","1","1",1802,10
"1803","Hiroshima","Office","CL4","ZoneC","EHP","MUL","101241","0","0","0","0","1","1","1",1803,98
"1804","Hiroshima","Office","CL4","ZoneC","EHP","MUL","101241","0","0","0","0","1","1","1",1804,310
"1805","Hiroshima","Office","CL4","ZoneC","EHP","MUL","101241","0","0","0","0","1","1","1",1805,263
"1806","Hiroshima","Office","CL4","ZoneC","EHP","MUL","101241","0","0","0","0","1","1","1",1806,102
"1807","Hiroshima","Office","CL4","ZoneC","EHP","MUL","101241","0","0","0","0","1","1","1",1807,304
"1808","Hiroshima","Office","CL4","ZoneC","EHP","MUL","101241","0","0","0","0","1","1","1",1808,133
"1809","Hiroshima","Office","CL4","ZoneC","EHP","MUL","101241","0","0","0","0","1","1","1",1809,322
"1810","Hiroshima","Office","CL4","ZoneC","EHP","MUL","101241","0","0","0","0","1","1","1",1810,243
"1811","Hiroshima","Office","CL4","ZoneC","EHP","MUL","101241","0","0","0","0","1","1","1",1811,210
"1812","Hiroshima","Office","CL4","ZoneC","EHP","MUL","107196.366666667","0","0","0","0","2","1","1",1812,124
"1813","Hiroshima","Office","CL4","ZoneC","EHP","MUL","107196.366666667","0","0","0","0","2","1","1",1813,304
"1814","Hiroshima","Office","CL4","ZoneC","EHP","MUL","107196.366666667","0","0","0","0","2","1","1",1814,203
"1815","Hiroshima","Office","CL4","ZoneC","ABCH","FCU","85405.2333333333","0","0","0","0","1","1","1",1815,362
"1816","Hiroshima","Office","CL4","ZoneC","ABCH","FCU","85405.2333333333","0","0","0","0","1","1","1",1816,104
"1817","Hiroshima","Office","CL4","ZoneC","ABCH","FCU","85405.2333333333","0","0","0","0","1","1","1",1817,394
"1818","Hiroshima","Office","CL4","ZoneC","AHP","FCU","87561.45","0","0","0","0","1","1","1",1818,111
"1819","Hiroshima","Office","CL4","ZoneC","AHP","FCU","87561.45","0","0","0","0","1","1","1",1819,15
"1820","Hiroshima","Office","CL5","ZoneC","EHP","MUL","103977.818181818","0","0","0","0","1","1","1",1820,238
"1821","Hiroshima","Office","CL5","ZoneC","EHP","MUL","103977.818181818","0","0","0","0","1","1","1",1821,265
"1822","Hiroshima","Office","CL5","ZoneC","EHP","MUL","103977.818181818","0","0","0","0","1","1","1",1822,12
"1823","Hiroshima","Office","CL5","ZoneC","EHP","MUL","103977.818181818","0","0","0","0","1","1","1",1823,363
"1824","Hiroshima","Office","CL5","ZoneC","EHP","MUL","103977.818181818","0","0","0","0","1","1","1",1824,70
"1825","Hiroshima","Office","CL5","ZoneC","EHP","MUL","103977.818181818","0","0","0","0","1","1","1",1825,162
"1826","Hiroshima","Office","CL5","ZoneC","EHP","MUL","103977.818181818","0","0","0","0","1","1","1",1826,227
"1827","Hiroshima","Office","CL5","ZoneC","EHP","MUL","103977.818181818","0","0","0","0","1","1","1",1827,314
"1828","Hiroshima","Office","CL5","ZoneC","EHP","MUL","103977.818181818","0","0","0","0","1","1","1",1828,42
"1829","Hiroshima","Office","CL5","ZoneC","EHP","MUL","103977.818181818","0","0","0","0","1","1","1",1829,303
"1830","Hiroshima","Office","CL5","ZoneC","EHP","MUL","103977.818181818","0","0","0","0","1","1","1",1830,178
"1831","Hiroshima","Office","CL5","ZoneC","EHP","MUL","98201.2333333333","0","0","0","0","2","1","1",1831,374
"1832","Hiroshima","Office","CL5","ZoneC","EHP","MUL","98201.2333333333","0","0","0","0","2","1","1",1832,136
"1833","Hiroshima","Office","CL5","ZoneC","EHP","MUL","98201.2333333333","0","0","0","0","2","1","1",1833,200
"1834","Hiroshima","Office","CL5","ZoneC","EHP","MUL","98201.2333333333","0","0","0","0","2","1","1",1834,350
"1835","Hiroshima","Office","CL5","ZoneC","EHP","MUL","98201.2333333333","0","0","0","0","2","1","1",1835,122
"1836","Hiroshima","Office","CL5","ZoneC","EHP","MUL","98201.2333333333","0","0","0","0","2","1","1",1836,65
"1837","Hiroshima","Office","CL5","ZoneC","ABCH","FCU","90607.875","0","0","0","0","1","1","1",1837,354
"1838","Hiroshima","Office","CL5","ZoneC","ABCH","FCU","90607.875","0","0","0","0","1","1","1",1838,276
"1839","Hiroshima","Office","CL5","ZoneC","ABCH","FCU","90607.875","0","0","0","0","1","1","1",1839,52
"1840","Hiroshima","Office","CL5","ZoneC","ABCH","FCU","90607.875","0","0","0","0","1","1","1",1840,392
"1841","Hiroshima","Office","CL5","ZoneC","ABCH","FCU","107133.25","0","0","0","0","2","1","1",1841,45
"1842","Hiroshima","Office","CL5","ZoneC","ABCH","FCU","107133.25","0","0","0","0","2","1","1",1842,10
"1843","Hiroshima","Office","CL5","ZoneC","AHP","FCU","92575.85","0","0","0","0","1","1","1",1843,217
"1844","Hiroshima","Office","CL5","ZoneC","AHP","FCU","92575.85","0","0","0","0","1","1","1",1844,62
"1845","Hiroshima","Office","CL6","ZoneC","EHP","MUL","109429.466666667","0","0","0","0","1","1","1",1845,255
"1846","Hiroshima","Office","CL6","ZoneC","EHP","MUL","109429.466666667","0","0","0","0","1","1","1",1846,347
"1847","Hiroshima","Office","CL6","ZoneC","EHP","MUL","109429.466666667","0","0","0","0","1","1","1",1847,252
"1848","Hiroshima","Office","CL6","ZoneC","EHP","MUL","84559.15","0","0","0","0","2","1","1",1848,69
"1849","Hiroshima","Office","CL6","ZoneC","EHP","MUL","84559.15","0","0","0","0","2","1","1",1849,243
"1850","Hiroshima","Office","CL6","ZoneC","ABCH","FCU","92106.8333333333","0","0","0","0","1","1","1",1850,272
"1851","Hiroshima","Office","CL6","ZoneC","ABCH","FCU","92106.8333333333","0","0","0","0","1","1","1",1851,126
"1852","Hiroshima","Office","CL6","ZoneC","ABCH","FCU","92106.8333333333","0","0","0","0","1","1","1",1852,211
"1853","Hiroshima","Office","CL6","ZoneC","ABCH","FCU","92769.25","0","0","0","0","2","1","1",1853,193
"1854","Hiroshima","Office","CL6","ZoneC","ABCH","FCU","92769.25","0","0","0","0","2","1","1",1854,5
"1855","Hiroshima","Office","CL6","ZoneC","AHP","FCU","85010.65","0","0","0","0","1","1","1",1855,169
"1856","Hiroshima","Office","CL6","ZoneC","AHP","FCU","85010.65","0","0","0","0","1","1","1",1856,216
"1857","Hiroshima","Office","CL7","ZoneC","ABCH","FCU","86022.6","0","0","0","0","1","1","1",1857,210
"1858","Hiroshima","Office","CL7","ZoneC","ABCH","FCU","86022.6","0","0","0","0","1","1","1",1858,384
"1859","Hiroshima","Office","CL7","ZoneC","ABCH","FCU","101408.7","0","0","0","0","2","1","1",1859,65
"1860","Hiroshima","Office","CL7","ZoneC","ABCH","FCU","101408.7","0","0","0","0","2","1","1",1860,285
"1861","Matsuyama","Office","CL2","ZoneC","EHP","MUL","102051.454545455","0","0","0","0","1","1","1",1861,117
"1862","Matsuyama","Office","CL2","ZoneC","EHP","MUL","102051.454545455","0","0","0","0","1","1","1",1862,276
"1863","Matsuyama","Office","CL2","ZoneC","EHP","MUL","102051.454545455","0","0","0","0","1","1","1",1863,89
"1864","Matsuyama","Office","CL2","ZoneC","EHP","MUL","102051.454545455","0","0","0","0","1","1","1",1864,221
"1865","Matsuyama","Office","CL2","ZoneC","EHP","MUL","102051.454545455","0","0","0","0","1","1","1",1865,400
"1866","Matsuyama","Office","CL2","ZoneC","EHP","MUL","102051.454545455","0","0","0","0","1","1","1",1866,257
"1867","Matsuyama","Office","CL2","ZoneC","EHP","MUL","102051.454545455","0","0","0","0","1","1","1",1867,254
"1868","Matsuyama","Office","CL2","ZoneC","EHP","MUL","102051.454545455","0","0","0","0","1","1","1",1868,332
"1869","Matsuyama","Office","CL2","ZoneC","EHP","MUL","102051.454545455","0","0","0","0","1","1","1",1869,156
"1870","Matsuyama","Office","CL2","ZoneC","EHP","MUL","102051.454545455","0","0","0","0","1","1","1",1870,123
"1871","Matsuyama","Office","CL2","ZoneC","EHP","MUL","102051.454545455","0","0","0","0","1","1","1",1871,336
"1872","Matsuyama","Office","CL2","ZoneC","EHP","MUL","99049.95","0","0","0","0","2","1","1",1872,394
"1873","Matsuyama","Office","CL2","ZoneC","EHP","MUL","99049.95","0","0","0","0","2","1","1",1873,276
"1874","Matsuyama","Office","CL3","ZoneC","EHP","MUL","100593","0","0","0","0","1","1","1",1874,76
"1875","Matsuyama","Office","CL3","ZoneC","EHP","MUL","100593","0","0","0","0","1","1","1",1875,85
"1876","Matsuyama","Office","CL3","ZoneC","EHP","MUL","100593","0","0","0","0","1","1","1",1876,115
"1877","Matsuyama","Office","CL3","ZoneC","EHP","MUL","100593","0","0","0","0","1","1","1",1877,306
"1878","Matsuyama","Office","CL3","ZoneC","EHP","MUL","100593","0","0","0","0","1","1","1",1878,175
"1879","Matsuyama","Office","CL3","ZoneC","EHP","MUL","100593","0","0","0","0","1","1","1",1879,8
"1880","Matsuyama","Office","CL3","ZoneC","EHP","MUL","100593","0","0","0","0","1","1","1",1880,140
"1881","Matsuyama","Office","CL3","ZoneC","EHP","MUL","100593","0","0","0","0","1","1","1",1881,298
"1882","Matsuyama","Office","CL3","ZoneC","EHP","MUL","100593","0","0","0","0","1","1","1",1882,331
"1883","Matsuyama","Office","CL3","ZoneC","EHP","MUL","100593","0","0","0","0","1","1","1",1883,110
"1884","Matsuyama","Office","CL3","ZoneC","EHP","MUL","100593","0","0","0","0","1","1","1",1884,8
"1885","Matsuyama","Office","CL3","ZoneC","EHP","MUL","108605.5","0","0","0","0","2","1","1",1885,326
"1886","Matsuyama","Office","CL3","ZoneC","EHP","MUL","108605.5","0","0","0","0","2","1","1",1886,223
"1887","Matsuyama","Office","CL4","ZoneC","EHP","MUL","101284.7","0","0","0","0","1","1","1",1887,60
"1888","Matsuyama","Office","CL4","ZoneC","EHP","MUL","101284.7","0","0","0","0","1","1","1",1888,283
"1889","Matsuyama","Office","CL4","ZoneC","EHP","MUL","101284.7","0","0","0","0","1","1","1",1889,187
"1890","Matsuyama","Office","CL4","ZoneC","EHP","MUL","101284.7","0","0","0","0","1","1","1",1890,360
"1891","Matsuyama","Office","CL4","ZoneC","EHP","MUL","101284.7","0","0","0","0","1","1","1",1891,317
"1892","Matsuyama","Office","CL4","ZoneC","EHP","MUL","101284.7","0","0","0","0","1","1","1",1892,100
"1893","Matsuyama","Office","CL4","ZoneC","EHP","MUL","101284.7","0","0","0","0","1","1","1",1893,139
"1894","Matsuyama","Office","CL4","ZoneC","EHP","MUL","101284.7","0","0","0","0","1","1","1",1894,13
"1895","Matsuyama","Office","CL4","ZoneC","EHP","MUL","101284.7","0","0","0","0","1","1","1",1895,312
"1896","Matsuyama","Office","CL4","ZoneC","EHP","MUL","101284.7","0","0","0","0","1","1","1",1896,262
"1897","Matsuyama","Office","CL4","ZoneC","EHP","MUL","89368.85","0","0","0","0","2","1","1",1897,129
"1898","Matsuyama","Office","CL4","ZoneC","EHP","MUL","89368.85","0","0","0","0","2","1","1",1898,386
"1899","Matsuyama","Office","CL4","ZoneC","ABCH","FCU","94929.1","0","0","0","0","1","1","1",1899,290
"1900","Matsuyama","Office","CL4","ZoneC","ABCH","FCU","94929.1","0","0","0","0","1","1","1",1900,17
"1901","Matsuyama","Office","CL5","ZoneC","EHP","MUL","99011.125","0","0","0","0","1","1","1",1901,73
"1902","Matsuyama","Office","CL5","ZoneC","EHP","MUL","99011.125","0","0","0","0","1","1","1",1902,326
"1903","Matsuyama","Office","CL5","ZoneC","EHP","MUL","99011.125","0","0","0","0","1","1","1",1903,42
"1904","Matsuyama","Office","CL5","ZoneC","EHP","MUL","99011.125","0","0","0","0","1","1","1",1904,372
"1905","Matsuyama","Office","CL5","ZoneC","EHP","MUL","99011.125","0","0","0","0","1","1","1",1905,91
"1906","Matsuyama","Office","CL5","ZoneC","EHP","MUL","99011.125","0","0","0","0","1","1","1",1906,100
"1907","Matsuyama","Office","CL5","ZoneC","EHP","MUL","99011.125","0","0","0","0","1","1","1",1907,105
"1908","Matsuyama","Office","CL5","ZoneC","EHP","MUL","99011.125","0","0","0","0","1","1","1",1908,358
"1909","Matsuyama","Office","CL5","ZoneC","EHP","MUL","102011.45","0","0","0","0","2","1","1",1909,159
"1910","Matsuyama","Office","CL5","ZoneC","EHP","MUL","102011.45","0","0","0","0","2","1","1",1910,288
"1911","Matsuyama","Office","CL5","ZoneC","EHP","MUL","102011.45","0","0","0","0","2","1","1",1911,393
"1912","Matsuyama","Office","CL5","ZoneC","EHP","MUL","102011.45","0","0","0","0","2","1","1",1912,164
"1913","Matsuyama","Office","CL5","ZoneC","ABCH","FCU","94917.3666666667","0","0","0","0","1","1","1",1913,188
"1914","Matsuyama","Office","CL5","ZoneC","ABCH","FCU","94917.3666666667","0","0","0","0","1","1","1",1914,276
"1915","Matsuyama","Office","CL5","ZoneC","ABCH","FCU","94917.3666666667","0","0","0","0","1","1","1",1915,378
"1916","Matsuyama","Office","CL5","ZoneC","ABCH","FCU","83842.15","0","0","0","0","2","1","1",1916,178
"1917","Matsuyama","Office","CL5","ZoneC","ABCH","FCU","83842.15","0","0","0","0","2","1","1",1917,161
"1918","Matsuyama","Office","CL5","ZoneC","AHP","FCU","92390.7","0","0","0","0","1","1","1",1918,65
"1919","Matsuyama","Office","CL5","ZoneC","AHP","FCU","92390.7","0","0","0","0","1","1","1",1919,241
"1920","Matsuyama","Office","CL6","ZoneC","EHP","MUL","94386.2","0","0","0","0","1","1","1",1920,42
"1921","Matsuyama","Office","CL6","ZoneC","EHP","MUL","94386.2","0","0","0","0","1","1","1",1921,49
"1922","Matsuyama","Office","CL6","ZoneC","ABCH","FCU","105098.7","0","0","0","0","1","1","1",1922,396
"1923","Matsuyama","Office","CL6","ZoneC","ABCH","FCU","105098.7","0","0","0","0","1","1","1",1923,214
"1924","Matsuyama","Office","CL6","ZoneC","ABCH","FCU","94673.15","0","0","0","0","2","1","1",1924,117
"1925","Matsuyama","Office","CL6","ZoneC","ABCH","FCU","94673.15","0","0","0","0","2","1","1",1925,139
"1926","Matsuyama","Office","CL7","ZoneC","ABCH","FCU","105369.65","0","0","0","0","1","1","1",1926,44
"1927","Matsuyama","Office","CL7","ZoneC","ABCH","FCU","105369.65","0","0","0","0","1","1","1",1927,217
"1928","Matsuyama","Office","CL7","ZoneC","ABCH","FCU","82312.8","0","0","0","0","2","1","1",1928,231
"1929","Matsuyama","Office","CL7","ZoneC","ABCH","FCU","82312.8","0","0","0","0","2","1","1",1929,155
"1930","Fukuoka","Office","CL2","ZoneC","EHP","MUL","99032.8095238095","0","0","0","0","1","1","1",1930,321
"1931","Fukuoka","Office","CL2","ZoneC","EHP","MUL","99032.8095238095","0","0","0","0","1","1","1",1931,143
"1932","Fukuoka","Office","CL2","ZoneC","EHP","MUL","99032.8095238095","0","0","0","0","1","1","1",1932,375
"1933","Fukuoka","Office","CL2","ZoneC","EHP","MUL","99032.8095238095","0","0","0","0","1","1","1",1933,20
"1934","Fukuoka","Office","CL2","ZoneC","EHP","MUL","99032.8095238095","0","0","0","0","1","1","1",1934,297
"1935","Fukuoka","Office","CL2","ZoneC","EHP","MUL","99032.8095238095","0","0","0","0","1","1","1",1935,64
"1936","Fukuoka","Office","CL2","ZoneC","EHP","MUL","99032.8095238095","0","0","0","0","1","1","1",1936,375
"1937","Fukuoka","Office","CL2","ZoneC","EHP","MUL","99032.8095238095","0","0","0","0","1","1","1",1937,158
"1938","Fukuoka","Office","CL2","ZoneC","EHP","MUL","99032.8095238095","0","0","0","0","1","1","1",1938,316
"1939","Fukuoka","Office","CL2","ZoneC","EHP","MUL","99032.8095238095","0","0","0","0","1","1","1",1939,70
"1940","Fukuoka","Office","CL2","ZoneC","EHP","MUL","99032.8095238095","0","0","0","0","1","1","1",1940,252
"1941","Fukuoka","Office","CL2","ZoneC","EHP","MUL","99032.8095238095","0","0","0","0","1","1","1",1941,361
"1942","Fukuoka","Office","CL2","ZoneC","EHP","MUL","99032.8095238095","0","0","0","0","1","1","1",1942,282
"1943","Fukuoka","Office","CL2","ZoneC","EHP","MUL","99032.8095238095","0","0","0","0","1","1","1",1943,78
"1944","Fukuoka","Office","CL2","ZoneC","EHP","MUL","99032.8095238095","0","0","0","0","1","1","1",1944,207
"1945","Fukuoka","Office","CL2","ZoneC","EHP","MUL","99032.8095238095","0","0","0","0","1","1","1",1945,165
"1946","Fukuoka","Office","CL2","ZoneC","EHP","MUL","99032.8095238095","0","0","0","0","1","1","1",1946,271
"1947","Fukuoka","Office","CL2","ZoneC","EHP","MUL","99032.8095238095","0","0","0","0","1","1","1",1947,351
"1948","Fukuoka","Office","CL2","ZoneC","EHP","MUL","99032.8095238095","0","0","0","0","1","1","1",1948,85
"1949","Fukuoka","Office","CL2","ZoneC","EHP","MUL","99032.8095238095","0","0","0","0","1","1","1",1949,80
"1950","Fukuoka","Office","CL2","ZoneC","EHP","MUL","99032.8095238095","0","0","0","0","1","1","1",1950,129
"1951","Fukuoka","Office","CL2","ZoneC","EHP","MUL","99032.8095238095","0","0","0","0","1","1","1",1951,5
"1952","Fukuoka","Office","CL2","ZoneC","EHP","MUL","99032.8095238095","0","0","0","0","1","1","1",1952,157
"1953","Fukuoka","Office","CL2","ZoneC","EHP","MUL","99032.8095238095","0","0","0","0","1","1","1",1953,19
"1954","Fukuoka","Office","CL2","ZoneC","EHP","MUL","99032.8095238095","0","0","0","0","1","1","1",1954,337
"1955","Fukuoka","Office","CL2","ZoneC","EHP","MUL","99032.8095238095","0","0","0","0","1","1","1",1955,260
"1956","Fukuoka","Office","CL2","ZoneC","EHP","MUL","99032.8095238095","0","0","0","0","1","1","1",1956,334
"1957","Fukuoka","Office","CL2","ZoneC","EHP","MUL","99032.8095238095","0","0","0","0","1","1","1",1957,269
"1958","Fukuoka","Office","CL2","ZoneC","EHP","MUL","99032.8095238095","0","0","0","0","1","1","1",1958,303
"1959","Fukuoka","Office","CL2","ZoneC","EHP","MUL","99032.8095238095","0","0","0","0","1","1","1",1959,184
"1960","Fukuoka","Office","CL2","ZoneC","EHP","MUL","99032.8095238095","0","0","0","0","1","1","1",1960,180
"1961","Fukuoka","Office","CL2","ZoneC","EHP","MUL","99032.8095238095","0","0","0","0","1","1","1",1961,390
"1962","Fukuoka","Office","CL2","ZoneC","EHP","MUL","99032.8095238095","0","0","0","0","1","1","1",1962,299
"1963","Fukuoka","Office","CL2","ZoneC","EHP","MUL","99032.8095238095","0","0","0","0","1","1","1",1963,67
"1964","Fukuoka","Office","CL2","ZoneC","EHP","MUL","99032.8095238095","0","0","0","0","1","1","1",1964,200
"1965","Fukuoka","Office","CL2","ZoneC","EHP","MUL","99032.8095238095","0","0","0","0","1","1","1",1965,88
"1966","Fukuoka","Office","CL2","ZoneC","EHP","MUL","99032.8095238095","0","0","0","0","1","1","1",1966,175
"1967","Fukuoka","Office","CL2","ZoneC","EHP","MUL","99032.8095238095","0","0","0","0","1","1","1",1967,222
"1968","Fukuoka","Office","CL2","ZoneC","EHP","MUL","99032.8095238095","0","0","0","0","1","1","1",1968,334
"1969","Fukuoka","Office","CL2","ZoneC","EHP","MUL","99032.8095238095","0","0","0","0","1","1","1",1969,120
"1970","Fukuoka","Office","CL2","ZoneC","EHP","MUL","99032.8095238095","0","0","0","0","1","1","1",1970,241
"1971","Fukuoka","Office","CL2","ZoneC","EHP","MUL","99032.8095238095","0","0","0","0","1","1","1",1971,291
"1972","Fukuoka","Office","CL2","ZoneC","EHP","MUL","95178.2375","0","0","0","0","2","1","1",1972,232
"1973","Fukuoka","Office","CL2","ZoneC","EHP","MUL","95178.2375","0","0","0","0","2","1","1",1973,93
"1974","Fukuoka","Office","CL2","ZoneC","EHP","MUL","95178.2375","0","0","0","0","2","1","1",1974,209
"1975","Fukuoka","Office","CL2","ZoneC","EHP","MUL","95178.2375","0","0","0","0","2","1","1",1975,241
"1976","Fukuoka","Office","CL2","ZoneC","EHP","MUL","95178.2375","0","0","0","0","2","1","1",1976,361
"1977","Fukuoka","Office","CL2","ZoneC","EHP","MUL","95178.2375","0","0","0","0","2","1","1",1977,58
"1978","Fukuoka","Office","CL2","ZoneC","EHP","MUL","95178.2375","0","0","0","0","2","1","1",1978,337
"1979","Fukuoka","Office","CL2","ZoneC","EHP","MUL","95178.2375","0","0","0","0","2","1","1",1979,149
"1980","Fukuoka","Office","CL3","ZoneC","EHP","MUL","100032.170731707","0","0","0","0","1","1","1",1980,249
"1981","Fukuoka","Office","CL3","ZoneC","EHP","MUL","100032.170731707","0","0","0","0","1","1","1",1981,28
"1982","Fukuoka","Office","CL3","ZoneC","EHP","MUL","100032.170731707","0","0","0","0","1","1","1",1982,146
"1983","Fukuoka","Office","CL3","ZoneC","EHP","MUL","100032.170731707","0","0","0","0","1","1","1",1983,87
"1984","Fukuoka","Office","CL3","ZoneC","EHP","MUL","100032.170731707","0","0","0","0","1","1","1",1984,312
"1985","Fukuoka","Office","CL3","ZoneC","EHP","MUL","100032.170731707","0","0","0","0","1","1","1",1985,354
"1986","Fukuoka","Office","CL3","ZoneC","EHP","MUL","100032.170731707","0","0","0","0","1","1","1",1986,5
"1987","Fukuoka","Office","CL3","ZoneC","EHP","MUL","100032.170731707","0","0","0","0","1","1","1",1987,92
"1988","Fukuoka","Office","CL3","ZoneC","EHP","MUL","100032.170731707","0","0","0","0","1","1","1",1988,296
"1989","Fukuoka","Office","CL3","ZoneC","EHP","MUL","100032.170731707","0","0","0","0","1","1","1",1989,121
"1990","Fukuoka","Office","CL3","ZoneC","EHP","MUL","100032.170731707","0","0","0","0","1","1","1",1990,242
"1991","Fukuoka","Office","CL3","ZoneC","EHP","MUL","100032.170731707","0","0","0","0","1","1","1",1991,80
"1992","Fukuoka","Office","CL3","ZoneC","EHP","MUL","100032.170731707","0","0","0","0","1","1","1",1992,247
"1993","Fukuoka","Office","CL3","ZoneC","EHP","MUL","100032.170731707","0","0","0","0","1","1","1",1993,385
"1994","Fukuoka","Office","CL3","ZoneC","EHP","MUL","100032.170731707","0","0","0","0","1","1","1",1994,203
"1995","Fukuoka","Office","CL3","ZoneC","EHP","MUL","100032.170731707","0","0","0","0","1","1","1",1995,104
"1996","Fukuoka","Office","CL3","ZoneC","EHP","MUL","100032.170731707","0","0","0","0","1","1","1",1996,124
"1997","Fukuoka","Office","CL3","ZoneC","EHP","MUL","100032.170731707","0","0","0","0","1","1","1",1997,324
"1998","Fukuoka","Office","CL3","ZoneC","EHP","MUL","100032.170731707","0","0","0","0","1","1","1",1998,131
"1999","Fukuoka","Office","CL3","ZoneC","EHP","MUL","100032.170731707","0","0","0","0","1","1","1",1999,211
"2000","Fukuoka","Office","CL3","ZoneC","EHP","MUL","100032.170731707","0","0","0","0","1","1","1",2000,223
"2001","Fukuoka","Office","CL3","ZoneC","EHP","MUL","100032.170731707","0","0","0","0","1","1","1",2001,106
"2002","Fukuoka","Office","CL3","ZoneC","EHP","MUL","100032.170731707","0","0","0","0","1","1","1",2002,8
"2003","Fukuoka","Office","CL3","ZoneC","EHP","MUL","100032.170731707","0","0","0","0","1","1","1",2003,346
"2004","Fukuoka","Office","CL3","ZoneC","EHP","MUL","100032.170731707","0","0","0","0","1","1","1",2004,166
"2005","Fukuoka","Office","CL3","ZoneC","EHP","MUL","100032.170731707","0","0","0","0","1","1","1",2005,275
"2006","Fukuoka","Office","CL3","ZoneC","EHP","MUL","100032.170731707","0","0","0","0","1","1","1",2006,243
"2007","Fukuoka","Office","CL3","ZoneC","EHP","MUL","100032.170731707","0","0","0","0","1","1","1",2007,168
"2008","Fukuoka","Office","CL3","ZoneC","EHP","MUL","100032.170731707","0","0","0","0","1","1","1",2008,201
"2009","Fukuoka","Office","CL3","ZoneC","EHP","MUL","100032.170731707","0","0","0","0","1","1","1",2009,270
"2010","Fukuoka","Office","CL3","ZoneC","EHP","MUL","100032.170731707","0","0","0","0","1","1","1",2010,390
"2011","Fukuoka","Office","CL3","ZoneC","EHP","MUL","100032.170731707","0","0","0","0","1","1","1",2011,399
"2012","Fukuoka","Office","CL3","ZoneC","EHP","MUL","100032.170731707","0","0","0","0","1","1","1",2012,394
"2013","Fukuoka","Office","CL3","ZoneC","EHP","MUL","100032.170731707","0","0","0","0","1","1","1",2013,246
"2014","Fukuoka","Office","CL3","ZoneC","EHP","MUL","100032.170731707","0","0","0","0","1","1","1",2014,213
"2015","Fukuoka","Office","CL3","ZoneC","EHP","MUL","100032.170731707","0","0","0","0","1","1","1",2015,109
"2016","Fukuoka","Office","CL3","ZoneC","EHP","MUL","100032.170731707","0","0","0","0","1","1","1",2016,5
"2017","Fukuoka","Office","CL3","ZoneC","EHP","MUL","100032.170731707","0","0","0","0","1","1","1",2017,57
"2018","Fukuoka","Office","CL3","ZoneC","EHP","MUL","100032.170731707","0","0","0","0","1","1","1",2018,152
"2019","Fukuoka","Office","CL3","ZoneC","EHP","MUL","100032.170731707","0","0","0","0","1","1","1",2019,349
"2020","Fukuoka","Office","CL3","ZoneC","EHP","MUL","100032.170731707","0","0","0","0","1","1","1",2020,364
"2021","Fukuoka","Office","CL3","ZoneC","EHP","MUL","103394.6","0","0","0","0","2","1","1",2021,356
"2022","Fukuoka","Office","CL3","ZoneC","EHP","MUL","103394.6","0","0","0","0","2","1","1",2022,206
"2023","Fukuoka","Office","CL3","ZoneC","EHP","MUL","103394.6","0","0","0","0","2","1","1",2023,368
"2024","Fukuoka","Office","CL3","ZoneC","EHP","MUL","103394.6","0","0","0","0","2","1","1",2024,311
"2025","Fukuoka","Office","CL3","ZoneC","EHP","MUL","103394.6","0","0","0","0","2","1","1",2025,51
"2026","Fukuoka","Office","CL3","ZoneC","EHP","MUL","103394.6","0","0","0","0","2","1","1",2026,82
"2027","Fukuoka","Office","CL3","ZoneC","EHP","MUL","103394.6","0","0","0","0","2","1","1",2027,87
"2028","Fukuoka","Office","CL3","ZoneC","ABCH","FCU","118115.6","0","0","0","0","1","1","1",2028,70
"2029","Fukuoka","Office","CL3","ZoneC","ABCH","FCU","118115.6","0","0","0","0","1","1","1",2029,125
"2030","Fukuoka","Office","CL3","ZoneC","AHP","FCU","77354.7","0","0","0","0","1","1","1",2030,128
"2031","Fukuoka","Office","CL3","ZoneC","AHP","FCU","77354.7","0","0","0","0","1","1","1",2031,178
"2032","Fukuoka","Office","CL4","ZoneC","EHP","MUL","99075.725","0","0","0","0","1","1","1",2032,313
"2033","Fukuoka","Office","CL4","ZoneC","EHP","MUL","99075.725","0","0","0","0","1","1","1",2033,290
"2034","Fukuoka","Office","CL4","ZoneC","EHP","MUL","99075.725","0","0","0","0","1","1","1",2034,173
"2035","Fukuoka","Office","CL4","ZoneC","EHP","MUL","99075.725","0","0","0","0","1","1","1",2035,167
"2036","Fukuoka","Office","CL4","ZoneC","EHP","MUL","99075.725","0","0","0","0","1","1","1",2036,276
"2037","Fukuoka","Office","CL4","ZoneC","EHP","MUL","99075.725","0","0","0","0","1","1","1",2037,343
"2038","Fukuoka","Office","CL4","ZoneC","EHP","MUL","99075.725","0","0","0","0","1","1","1",2038,11
"2039","Fukuoka","Office","CL4","ZoneC","EHP","MUL","99075.725","0","0","0","0","1","1","1",2039,291
"2040","Fukuoka","Office","CL4","ZoneC","EHP","MUL","99075.725","0","0","0","0","1","1","1",2040,163
"2041","Fukuoka","Office","CL4","ZoneC","EHP","MUL","99075.725","0","0","0","0","1","1","1",2041,207
"2042","Fukuoka","Office","CL4","ZoneC","EHP","MUL","99075.725","0","0","0","0","1","1","1",2042,386
"2043","Fukuoka","Office","CL4","ZoneC","EHP","MUL","99075.725","0","0","0","0","1","1","1",2043,221
"2044","Fukuoka","Office","CL4","ZoneC","EHP","MUL","99075.725","0","0","0","0","1","1","1",2044,245
"2045","Fukuoka","Office","CL4","ZoneC","EHP","MUL","99075.725","0","0","0","0","1","1","1",2045,28
"2046","Fukuoka","Office","CL4","ZoneC","EHP","MUL","99075.725","0","0","0","0","1","1","1",2046,355
"2047","Fukuoka","Office","CL4","ZoneC","EHP","MUL","99075.725","0","0","0","0","1","1","1",2047,12
"2048","Fukuoka","Office","CL4","ZoneC","EHP","MUL","99075.725","0","0","0","0","1","1","1",2048,89
"2049","Fukuoka","Office","CL4","ZoneC","EHP","MUL","99075.725","0","0","0","0","1","1","1",2049,378
"2050","Fukuoka","Office","CL4","ZoneC","EHP","MUL","99075.725","0","0","0","0","1","1","1",2050,354
"2051","Fukuoka","Office","CL4","ZoneC","EHP","MUL","99075.725","0","0","0","0","1","1","1",2051,52
"2052","Fukuoka","Office","CL4","ZoneC","EHP","MUL","99075.725","0","0","0","0","1","1","1",2052,129
"2053","Fukuoka","Office","CL4","ZoneC","EHP","MUL","99075.725","0","0","0","0","1","1","1",2053,219
"2054","Fukuoka","Office","CL4","ZoneC","EHP","MUL","99075.725","0","0","0","0","1","1","1",2054,102
"2055","Fukuoka","Office","CL4","ZoneC","EHP","MUL","99075.725","0","0","0","0","1","1","1",2055,136
"2056","Fukuoka","Office","CL4","ZoneC","EHP","MUL","99075.725","0","0","0","0","1","1","1",2056,316
"2057","Fukuoka","Office","CL4","ZoneC","EHP","MUL","99075.725","0","0","0","0","1","1","1",2057,223
"2058","Fukuoka","Office","CL4","ZoneC","EHP","MUL","99075.725","0","0","0","0","1","1","1",2058,340
"2059","Fukuoka","Office","CL4","ZoneC","EHP","MUL","99075.725","0","0","0","0","1","1","1",2059,341
"2060","Fukuoka","Office","CL4","ZoneC","EHP","MUL","99075.725","0","0","0","0","1","1","1",2060,346
"2061","Fukuoka","Office","CL4","ZoneC","EHP","MUL","99075.725","0","0","0","0","1","1","1",2061,114
"2062","Fukuoka","Office","CL4","ZoneC","EHP","MUL","99075.725","0","0","0","0","1","1","1",2062,23
"2063","Fukuoka","Office","CL4","ZoneC","EHP","MUL","99075.725","0","0","0","0","1","1","1",2063,203
"2064","Fukuoka","Office","CL4","ZoneC","EHP","MUL","99075.725","0","0","0","0","1","1","1",2064,96
"2065","Fukuoka","Office","CL4","ZoneC","EHP","MUL","99075.725","0","0","0","0","1","1","1",2065,296
"2066","Fukuoka","Office","CL4","ZoneC","EHP","MUL","99075.725","0","0","0","0","1","1","1",2066,254
"2067","Fukuoka","Office","CL4","ZoneC","EHP","MUL","99075.725","0","0","0","0","1","1","1",2067,343
"2068","Fukuoka","Office","CL4","ZoneC","EHP","MUL","99075.725","0","0","0","0","1","1","1",2068,144
"2069","Fukuoka","Office","CL4","ZoneC","EHP","MUL","99075.725","0","0","0","0","1","1","1",2069,371
"2070","Fukuoka","Office","CL4","ZoneC","EHP","MUL","99075.725","0","0","0","0","1","1","1",2070,24
"2071","Fukuoka","Office","CL4","ZoneC","EHP","MUL","99075.725","0","0","0","0","1","1","1",2071,52
"2072","Fukuoka","Office","CL4","ZoneC","EHP","MUL","99908.2857142857","0","0","0","0","2","1","1",2072,285
"2073","Fukuoka","Office","CL4","ZoneC","EHP","MUL","99908.2857142857","0","0","0","0","2","1","1",2073,103
"2074","Fukuoka","Office","CL4","ZoneC","EHP","MUL","99908.2857142857","0","0","0","0","2","1","1",2074,211
"2075","Fukuoka","Office","CL4","ZoneC","EHP","MUL","99908.2857142857","0","0","0","0","2","1","1",2075,207
"2076","Fukuoka","Office","CL4","ZoneC","EHP","MUL","99908.2857142857","0","0","0","0","2","1","1",2076,293
"2077","Fukuoka","Office","CL4","ZoneC","EHP","MUL","99908.2857142857","0","0","0","0","2","1","1",2077,19
"2078","Fukuoka","Office","CL4","ZoneC","EHP","MUL","99908.2857142857","0","0","0","0","2","1","1",2078,85
"2079","Fukuoka","Office","CL4","ZoneC","ABCH","FCU","87704.15","0","0","0","0","1","1","1",2079,172
"2080","Fukuoka","Office","CL4","ZoneC","ABCH","FCU","87704.15","0","0","0","0","1","1","1",2080,343
"2081","Fukuoka","Office","CL4","ZoneC","ABCH","FCU","87704.15","0","0","0","0","1","1","1",2081,261
"2082","Fukuoka","Office","CL4","ZoneC","ABCH","FCU","87704.15","0","0","0","0","1","1","1",2082,328
"2083","Fukuoka","Office","CL4","ZoneC","AHP","FCU","121717.9","0","0","0","0","1","1","1",2083,384
"2084","Fukuoka","Office","CL4","ZoneC","AHP","FCU","121717.9","0","0","0","0","1","1","1",2084,12
"2085","Fukuoka","Office","CL5","ZoneC","EHP","MUL","100541.785714286","0","0","0","0","1","1","1",2085,29
"2086","Fukuoka","Office","CL5","ZoneC","EHP","MUL","100541.785714286","0","0","0","0","1","1","1",2086,313
"2087","Fukuoka","Office","CL5","ZoneC","EHP","MUL","100541.785714286","0","0","0","0","1","1","1",2087,184
"2088","Fukuoka","Office","CL5","ZoneC","EHP","MUL","100541.785714286","0","0","0","0","1","1","1",2088,223
"2089","Fukuoka","Office","CL5","ZoneC","EHP","MUL","100541.785714286","0","0","0","0","1","1","1",2089,346
"2090","Fukuoka","Office","CL5","ZoneC","EHP","MUL","100541.785714286","0","0","0","0","1","1","1",2090,230
"2091","Fukuoka","Office","CL5","ZoneC","EHP","MUL","100541.785714286","0","0","0","0","1","1","1",2091,325
"2092","Fukuoka","Office","CL5","ZoneC","EHP","MUL","100541.785714286","0","0","0","0","1","1","1",2092,21
"2093","Fukuoka","Office","CL5","ZoneC","EHP","MUL","100541.785714286","0","0","0","0","1","1","1",2093,126
"2094","Fukuoka","Office","CL5","ZoneC","EHP","MUL","100541.785714286","0","0","0","0","1","1","1",2094,56
"2095","Fukuoka","Office","CL5","ZoneC","EHP","MUL","100541.785714286","0","0","0","0","1","1","1",2095,380
"2096","Fukuoka","Office","CL5","ZoneC","EHP","MUL","100541.785714286","0","0","0","0","1","1","1",2096,381
"2097","Fukuoka","Office","CL5","ZoneC","EHP","MUL","100541.785714286","0","0","0","0","1","1","1",2097,185
"2098","Fukuoka","Office","CL5","ZoneC","EHP","MUL","100541.785714286","0","0","0","0","1","1","1",2098,13
"2099","Fukuoka","Office","CL5","ZoneC","EHP","MUL","100541.785714286","0","0","0","0","1","1","1",2099,178
"2100","Fukuoka","Office","CL5","ZoneC","EHP","MUL","100541.785714286","0","0","0","0","1","1","1",2100,291
"2101","Fukuoka","Office","CL5","ZoneC","EHP","MUL","100541.785714286","0","0","0","0","1","1","1",2101,122
"2102","Fukuoka","Office","CL5","ZoneC","EHP","MUL","100541.785714286","0","0","0","0","1","1","1",2102,83
"2103","Fukuoka","Office","CL5","ZoneC","EHP","MUL","100541.785714286","0","0","0","0","1","1","1",2103,146
"2104","Fukuoka","Office","CL5","ZoneC","EHP","MUL","100541.785714286","0","0","0","0","1","1","1",2104,232
"2105","Fukuoka","Office","CL5","ZoneC","EHP","MUL","100541.785714286","0","0","0","0","1","1","1",2105,96
"2106","Fukuoka","Office","CL5","ZoneC","EHP","MUL","100541.785714286","0","0","0","0","1","1","1",2106,349
"2107","Fukuoka","Office","CL5","ZoneC","EHP","MUL","100541.785714286","0","0","0","0","1","1","1",2107,260
"2108","Fukuoka","Office","CL5","ZoneC","EHP","MUL","100541.785714286","0","0","0","0","1","1","1",2108,13
"2109","Fukuoka","Office","CL5","ZoneC","EHP","MUL","100541.785714286","0","0","0","0","1","1","1",2109,260
"2110","Fukuoka","Office","CL5","ZoneC","EHP","MUL","100541.785714286","0","0","0","0","1","1","1",2110,311
"2111","Fukuoka","Office","CL5","ZoneC","EHP","MUL","100541.785714286","0","0","0","0","1","1","1",2111,274
"2112","Fukuoka","Office","CL5","ZoneC","EHP","MUL","100541.785714286","0","0","0","0","1","1","1",2112,266
"2113","Fukuoka","Office","CL5","ZoneC","EHP","MUL","96682.6","0","0","0","0","2","1","1",2113,190
"2114","Fukuoka","Office","CL5","ZoneC","EHP","MUL","96682.6","0","0","0","0","2","1","1",2114,197
"2115","Fukuoka","Office","CL5","ZoneC","EHP","MUL","96682.6","0","0","0","0","2","1","1",2115,389
"2116","Fukuoka","Office","CL5","ZoneC","EHP","MUL","96682.6","0","0","0","0","2","1","1",2116,5
"2117","Fukuoka","Office","CL5","ZoneC","EHP","MUL","96682.6","0","0","0","0","2","1","1",2117,32
"2118","Fukuoka","Office","CL5","ZoneC","EHP","MUL","96682.6","0","0","0","0","2","1","1",2118,225
"2119","Fukuoka","Office","CL5","ZoneC","EHP","MUL","96682.6","0","0","0","0","2","1","1",2119,91
"2120","Fukuoka","Office","CL5","ZoneC","EHP","MUL","96682.6","0","0","0","0","2","1","1",2120,241
"2121","Fukuoka","Office","CL5","ZoneC","EHP","MUL","96682.6","0","0","0","0","2","1","1",2121,15
"2122","Fukuoka","Office","CL5","ZoneC","EHP","MUL","96682.6","0","0","0","0","2","1","1",2122,336
"2123","Fukuoka","Office","CL5","ZoneC","EHP","MUL","96682.6","0","0","0","0","2","1","1",2123,112
"2124","Fukuoka","Office","CL5","ZoneC","EHP","MUL","96682.6","0","0","0","0","2","1","1",2124,269
"2125","Fukuoka","Office","CL5","ZoneC","EHP","MUL","96682.6","0","0","0","0","2","1","1",2125,103
"2126","Fukuoka","Office","CL5","ZoneC","EHP","MUL","96682.6","0","0","0","0","2","1","1",2126,302
"2127","Fukuoka","Office","CL5","ZoneC","EHP","MUL","96682.6","0","0","0","0","2","1","1",2127,127
"2128","Fukuoka","Office","CL5","ZoneC","ABCH","FCU","100138.366666667","0","0","0","0","1","1","1",2128,154
"2129","Fukuoka","Office","CL5","ZoneC","ABCH","FCU","100138.366666667","0","0","0","0","1","1","1",2129,141
"2130","Fukuoka","Office","CL5","ZoneC","ABCH","FCU","100138.366666667","0","0","0","0","1","1","1",2130,149
"2131","Fukuoka","Office","CL5","ZoneC","ABCH","FCU","100138.366666667","0","0","0","0","1","1","1",2131,376
"2132","Fukuoka","Office","CL5","ZoneC","ABCH","FCU","100138.366666667","0","0","0","0","1","1","1",2132,170
"2133","Fukuoka","Office","CL5","ZoneC","ABCH","FCU","100138.366666667","0","0","0","0","1","1","1",2133,241
"2134","Fukuoka","Office","CL5","ZoneC","ABCH","FCU","109121.966666667","0","0","0","0","2","1","1",2134,378
"2135","Fukuoka","Office","CL5","ZoneC","ABCH","FCU","109121.966666667","0","0","0","0","2","1","1",2135,71
"2136","Fukuoka","Office","CL5","ZoneC","ABCH","FCU","109121.966666667","0","0","0","0","2","1","1",2136,94
"2137","Fukuoka","Office","CL5","ZoneC","ABCH","OHUFCU","110299.5","0","0","0","0","1","1","1",2137,102
"2138","Fukuoka","Office","CL5","ZoneC","ABCH","OHUFCU","110299.5","0","0","0","0","1","1","1",2138,102
"2139","Fukuoka","Office","CL5","ZoneC","AHP","FCU","112455.033333333","0","0","0","0","1","1","1",2139,307
"2140","Fukuoka","Office","CL5","ZoneC","AHP","FCU","112455.033333333","0","0","0","0","1","1","1",2140,229
"2141","Fukuoka","Office","CL5","ZoneC","AHP","FCU","112455.033333333","0","0","0","0","1","1","1",2141,230
"2142","Fukuoka","Office","CL5","ZoneC","AHP","FCU","101331.4","0","0","0","0","2","1","1",2142,98
"2143","Fukuoka","Office","CL5","ZoneC","AHP","FCU","101331.4","0","0","0","0","2","1","1",2143,91
"2144","Fukuoka","Office","CL5","ZoneC","AHP+TESICE","FCU","104573.25","0","0","0","0","1","1","1",2144,145
"2145","Fukuoka","Office","CL5","ZoneC","AHP+TESICE","FCU","104573.25","0","0","0","0","1","1","1",2145,369
"2146","Fukuoka","Office","CL6","ZoneC","EHP","MUL","98594.2","0","0","0","0","1","1","1",2146,193
"2147","Fukuoka","Office","CL6","ZoneC","EHP","MUL","98594.2","0","0","0","0","1","1","1",2147,90
"2148","Fukuoka","Office","CL6","ZoneC","EHP","MUL","98594.2","0","0","0","0","1","1","1",2148,347
"2149","Fukuoka","Office","CL6","ZoneC","EHP","MUL","98594.2","0","0","0","0","1","1","1",2149,192
"2150","Fukuoka","Office","CL6","ZoneC","EHP","MUL","98594.2","0","0","0","0","1","1","1",2150,16
"2151","Fukuoka","Office","CL6","ZoneC","EHP","MUL","98594.2","0","0","0","0","1","1","1",2151,379
"2152","Fukuoka","Office","CL6","ZoneC","EHP","MUL","98594.2","0","0","0","0","1","1","1",2152,376
"2153","Fukuoka","Office","CL6","ZoneC","EHP","MUL","98594.2","0","0","0","0","1","1","1",2153,19
"2154","Fukuoka","Office","CL6","ZoneC","EHP","MUL","98594.2","0","0","0","0","1","1","1",2154,14
"2155","Fukuoka","Office","CL6","ZoneC","EHP","MUL","98594.2","0","0","0","0","1","1","1",2155,9
"2156","Fukuoka","Office","CL6","ZoneC","EHP","MUL","101581.9","0","0","0","0","2","1","1",2156,224
"2157","Fukuoka","Office","CL6","ZoneC","EHP","MUL","101581.9","0","0","0","0","2","1","1",2157,62
"2158","Fukuoka","Office","CL6","ZoneC","EHP","MUL","101581.9","0","0","0","0","2","1","1",2158,52
"2159","Fukuoka","Office","CL6","ZoneC","EHP","MUL","101581.9","0","0","0","0","2","1","1",2159,352
"2160","Fukuoka","Office","CL6","ZoneC","EHP","MUL","101581.9","0","0","0","0","2","1","1",2160,354
"2161","Fukuoka","Office","CL6","ZoneC","ABCH","VAV","89794.45","0","0","0","0","1","1","1",2161,138
"2162","Fukuoka","Office","CL6","ZoneC","ABCH","VAV","89794.45","0","0","0","0","1","1","1",2162,277
"2163","Fukuoka","Office","CL6","ZoneC","ABCH","FCU","97504.2","0","0","0","0","1","1","1",2163,211
"2164","Fukuoka","Office","CL6","ZoneC","ABCH","FCU","97504.2","0","0","0","0","1","1","1",2164,395
"2165","Fukuoka","Office","CL6","ZoneC","ABCH","FCU","97504.2","0","0","0","0","1","1","1",2165,240
"2166","Fukuoka","Office","CL6","ZoneC","ABCH","FCU","97504.2","0","0","0","0","1","1","1",2166,173
"2167","Fukuoka","Office","CL6","ZoneC","ABCH","FCU","97504.2","0","0","0","0","1","1","1",2167,283
"2168","Fukuoka","Office","CL6","ZoneC","ABCH","FCU","97504.2","0","0","0","0","1","1","1",2168,230
"2169","Fukuoka","Office","CL6","ZoneC","ABCH","FCU","100458.866666667","0","0","0","0","2","1","1",2169,328
"2170","Fukuoka","Office","CL6","ZoneC","ABCH","FCU","100458.866666667","0","0","0","0","2","1","1",2170,139
"2171","Fukuoka","Office","CL6","ZoneC","ABCH","FCU","100458.866666667","0","0","0","0","2","1","1",2171,254
"2172","Fukuoka","Office","CL6","ZoneC","ABCH","OHUFCU","84794.6666666667","0","0","0","0","1","1","1",2172,100
"2173","Fukuoka","Office","CL6","ZoneC","ABCH","OHUFCU","84794.6666666667","0","0","0","0","1","1","1",2173,40
"2174","Fukuoka","Office","CL6","ZoneC","ABCH","OHUFCU","84794.6666666667","0","0","0","0","1","1","1",2174,129
"2175","Fukuoka","Office","CL6","ZoneC","AHP","FCU","92919.4666666667","0","0","0","0","1","1","1",2175,80
"2176","Fukuoka","Office","CL6","ZoneC","AHP","FCU","92919.4666666667","0","0","0","0","1","1","1",2176,365
"2177","Fukuoka","Office","CL6","ZoneC","AHP","FCU","92919.4666666667","0","0","0","0","1","1","1",2177,213
"2178","Fukuoka","Office","CL6","ZoneC","AHP","FCU","87163.05","0","0","0","0","2","1","1",2178,99
"2179","Fukuoka","Office","CL6","ZoneC","AHP","FCU","87163.05","0","0","0","0","2","1","1",2179,363
"2180","Fukuoka","Office","CL6","ZoneC","COM","FCU","108761.25","0","0","0","0","1","1","1",2180,50
"2181","Fukuoka","Office","CL6","ZoneC","COM","FCU","108761.25","0","0","0","0","1","1","1",2181,340
"2182","Fukuoka","Office","CL6","ZoneC","AHP+TESICE","FCU","110173.75","0","0","0","0","1","1","1",2182,288
"2183","Fukuoka","Office","CL6","ZoneC","AHP+TESICE","FCU","110173.75","0","0","0","0","1","1","1",2183,2
"2184","Fukuoka","Office","CL6","ZoneC","AHP+TESICE","FCU","81435.2","0","0","0","0","2","1","1",2184,31
"2185","Fukuoka","Office","CL6","ZoneC","AHP+TESICE","FCU","81435.2","0","0","0","0","2","1","1",2185,41
"2186","Fukuoka","Office","CL7","ZoneC","EHP","MUL","95344.65","0","0","0","0","1","1","1",2186,98
"2187","Fukuoka","Office","CL7","ZoneC","EHP","MUL","95344.65","0","0","0","0","1","1","1",2187,328
"2188","Fukuoka","Office","CL7","ZoneC","EHP","MUL","95344.65","0","0","0","0","1","1","1",2188,279
"2189","Fukuoka","Office","CL7","ZoneC","EHP","MUL","95344.65","0","0","0","0","1","1","1",2189,393
"2190","Fukuoka","Office","CL7","ZoneC","EHP","MUL","98233.9","0","0","0","0","2","1","1",2190,215
"2191","Fukuoka","Office","CL7","ZoneC","EHP","MUL","98233.9","0","0","0","0","2","1","1",2191,60
"2192","Fukuoka","Office","CL7","ZoneC","ABCH","VAV","84023","0","0","0","0","1","1","1",2192,70
"2193","Fukuoka","Office","CL7","ZoneC","ABCH","VAV","84023","0","0","0","0","1","1","1",2193,209
"2194","Fukuoka","Office","CL7","ZoneC","ABCH","FCU","112243.6","0","0","0","0","1","1","1",2194,95
"2195","Fukuoka","Office","CL7","ZoneC","ABCH","FCU","112243.6","0","0","0","0","1","1","1",2195,209
"2196","Fukuoka","Office","CL7","ZoneC","ABCH","FCU","112243.6","0","0","0","0","1","1","1",2196,374
"2197","Fukuoka","Office","CL7","ZoneC","ABCH","FCU","112243.6","0","0","0","0","1","1","1",2197,336
"2198","Fukuoka","Office","CL7","ZoneC","ABCH","FCU","120566.05","0","0","0","0","2","1","1",2198,82
"2199","Fukuoka","Office","CL7","ZoneC","ABCH","FCU","120566.05","0","0","0","0","2","1","1",2199,34
"2200","Fukuoka","Office","CL7","ZoneC","ABCH","OHUFCU","103918.4","0","0","0","0","1","1","1",2200,326
"2201","Fukuoka","Office","CL7","ZoneC","ABCH","OHUFCU","103918.4","0","0","0","0","1","1","1",2201,290
"2202","Fukuoka","Office","CL7","ZoneC","AHP","FCU","95224.6","0","0","0","0","1","1","1",2202,35
"2203","Fukuoka","Office","CL7","ZoneC","AHP","FCU","95224.6","0","0","0","0","1","1","1",2203,181
"2204","Fukuoka","Office","CL7","ZoneC","AHP","FCU","93959.25","0","0","0","0","2","1","1",2204,72
"2205","Fukuoka","Office","CL7","ZoneC","AHP","FCU","93959.25","0","0","0","0","2","1","1",2205,227
"2206","Fukuoka","Office","CL7","ZoneC","COM","FCU","84776.35","0","0","0","0","1","1","1",2206,86
"2207","Fukuoka","Office","CL7","ZoneC","COM","FCU","84776.35","0","0","0","0","1","1","1",2207,75
"2208","Fukuoka","Office","CL7","ZoneC","COM","FCU","83649.9","0","0","0","0","2","1","1",2208,275
"2209","Fukuoka","Office","CL7","ZoneC","COM","FCU","83649.9","0","0","0","0","2","1","1",2209,2
"2210","Fukuoka","Office","CL7","ZoneC","AHP+TESICE","FCU","89642.75","0","0","0","0","1","1","1",2210,262
"2211","Fukuoka","Office","CL7","ZoneC","AHP+TESICE","FCU","89642.75","0","0","0","0","1","1","1",2211,54
"2212","Fukuoka","Office","CL7","ZoneC","AHP+TESICE","FCU","88451.6","0","0","0","0","2","1","1",2212,340
"2213","Fukuoka","Office","CL7","ZoneC","AHP+TESICE","FCU","88451.6","0","0","0","0","2","1","1",2213,263
"2214","Naha","Office","CL3","ZoneC","EHP","MUL","87768.4666666667","0","0","0","0","1","1","1",2214,171
"2215","Naha","Office","CL3","ZoneC","EHP","MUL","87768.4666666667","0","0","0","0","1","1","1",2215,37
"2216","Naha","Office","CL3","ZoneC","EHP","MUL","87768.4666666667","0","0","0","0","1","1","1",2216,104
"2217","Naha","Office","CL4","ZoneC","EHP","MUL","123806.65","0","0","0","0","1","1","1",2217,25
"2218","Naha","Office","CL4","ZoneC","EHP","MUL","123806.65","0","0","0","0","1","1","1",2218,177
"2219","Naha","Office","CL5","ZoneC","EHP","MUL","92140.95","0","0","0","0","1","1","1",2219,227
"2220","Naha","Office","CL5","ZoneC","EHP","MUL","92140.95","0","0","0","0","1","1","1",2220,212
"2221","Sendai","Hotel","CL3","ZoneD","EHP","MUL","92504.3","0","0","0","0","3","1","1",2221,243
"2222","Sendai","Hotel","CL3","ZoneD","EHP","MUL","92504.3","0","0","0","0","3","1","1",2222,213
"2223","Sendai","Hotel","CL4","ZoneD","EHP","MUL","91840.65","0","0","0","0","3","1","1",2223,306
"2224","Sendai","Hotel","CL4","ZoneD","EHP","MUL","91840.65","0","0","0","0","3","1","1",2224,328
"2225","Sendai","Hotel","CL4","ZoneD","AHP","FCU","77205.35","0","0","0","0","3","1","1",2225,131
"2226","Sendai","Hotel","CL4","ZoneD","AHP","FCU","77205.35","0","0","0","0","3","1","1",2226,38
"2227","Sendai","Hotel","CL5","ZoneD","EHP","MUL","102075.15","0","0","0","0","3","1","1",2227,235
"2228","Sendai","Hotel","CL5","ZoneD","EHP","MUL","102075.15","0","0","0","0","3","1","1",2228,24
"2229","Sendai","Hotel","CL5","ZoneD","ABCH","FCU","93160.4333333333","0","0","0","0","3","1","1",2229,70
"2230","Sendai","Hotel","CL5","ZoneD","ABCH","FCU","93160.4333333333","0","0","0","0","3","1","1",2230,366
"2231","Sendai","Hotel","CL5","ZoneD","ABCH","FCU","93160.4333333333","0","0","0","0","3","1","1",2231,221
"2232","Sendai","Hotel","CL5","ZoneD","ABCH","OHUFCU","100072.25","0","0","0","0","3","1","1",2232,168
"2233","Sendai","Hotel","CL5","ZoneD","ABCH","OHUFCU","100072.25","0","0","0","0","3","1","1",2233,238
"2234","Sendai","Hotel","CL5","ZoneD","AHP","FCU","117852.15","0","0","0","0","3","1","1",2234,347
"2235","Sendai","Hotel","CL5","ZoneD","AHP","FCU","117852.15","0","0","0","0","3","1","1",2235,127
"2236","Sendai","Hotel","CL5","ZoneD","AHP","OHUFCU","84397.25","0","0","0","0","3","1","1",2236,43
"2237","Sendai","Hotel","CL5","ZoneD","AHP","OHUFCU","84397.25","0","0","0","0","3","1","1",2237,118
"2238","Tokyo","Hotel","CL2","ZoneD","EHP","MUL","95745.65","0","0","0","0","1","1","1",2238,4
"2239","Tokyo","Hotel","CL2","ZoneD","EHP","MUL","95745.65","0","0","0","0","1","1","1",2239,235
"2240","Tokyo","Hotel","CL3","ZoneD","EHP","MUL","108967.45","0","0","0","0","1","1","1",2240,332
"2241","Tokyo","Hotel","CL3","ZoneD","EHP","MUL","108967.45","0","0","0","0","1","1","1",2241,345
"2242","Tokyo","Hotel","CL4","ZoneD","EHP","MUL","113753.333333333","0","0","0","0","1","1","1",2242,324
"2243","Tokyo","Hotel","CL4","ZoneD","EHP","MUL","113753.333333333","0","0","0","0","1","1","1",2243,82
"2244","Tokyo","Hotel","CL4","ZoneD","EHP","MUL","113753.333333333","0","0","0","0","1","1","1",2244,315
"2245","Tokyo","Hotel","CL4","ZoneD","EHP","MUL","75633.25","1","0","0","0","1","1","1",2245,78
"2246","Tokyo","Hotel","CL4","ZoneD","EHP","MUL","75633.25","1","0","0","0","1","1","1",2246,24
"2247","Tokyo","Hotel","CL4","ZoneD","ABCH","FCU","81399.2","0","0","0","0","1","1","1",2247,334
"2248","Tokyo","Hotel","CL4","ZoneD","ABCH","FCU","81399.2","0","0","0","0","1","1","1",2248,167
"2249","Tokyo","Hotel","CL4","ZoneD","AHP","FCU","106425.25","0","0","0","0","1","1","1",2249,281
"2250","Tokyo","Hotel","CL4","ZoneD","AHP","FCU","106425.25","0","0","0","0","1","1","1",2250,287
"2251","Tokyo","Hotel","CL5","ZoneD","EHP","MUL","113226.6","0","0","0","0","1","1","1",2251,33
"2252","Tokyo","Hotel","CL5","ZoneD","EHP","MUL","113226.6","0","0","0","0","1","1","1",2252,367
"2253","Tokyo","Hotel","CL5","ZoneD","EHP","MUL","113226.6","0","0","0","0","1","1","1",2253,392
"2254","Tokyo","Hotel","CL5","ZoneD","EHP","MUL","78469.1","1","0","0","0","1","1","1",2254,43
"2255","Tokyo","Hotel","CL5","ZoneD","EHP","MUL","78469.1","1","0","0","0","1","1","1",2255,109
"2256","Tokyo","Hotel","CL5","ZoneD","EHP","MUL","87493.3","0","0","0","0","2","1","1",2256,23
"2257","Tokyo","Hotel","CL5","ZoneD","EHP","MUL","87493.3","0","0","0","0","2","1","1",2257,266
"2258","Tokyo","Hotel","CL5","ZoneD","ABCH","FCU","116412.533333333","0","0","0","0","1","1","1",2258,210
"2259","Tokyo","Hotel","CL5","ZoneD","ABCH","FCU","116412.533333333","0","0","0","0","1","1","1",2259,359
"2260","Tokyo","Hotel","CL5","ZoneD","ABCH","FCU","116412.533333333","0","0","0","0","1","1","1",2260,361
"2261","Tokyo","Hotel","CL5","ZoneD","ABCH","FCU","81982.75","1","0","0","0","1","1","1",2261,366
"2262","Tokyo","Hotel","CL5","ZoneD","ABCH","FCU","81982.75","1","0","0","0","1","1","1",2262,392
"2263","Tokyo","Hotel","CL5","ZoneD","ABCH","FCU","93243.35","0","0","0","0","2","1","1",2263,317
"2264","Tokyo","Hotel","CL5","ZoneD","ABCH","FCU","93243.35","0","0","0","0","2","1","1",2264,146
"2265","Tokyo","Hotel","CL5","ZoneD","ABCH","OHUFCU","84639.1333333333","0","0","0","0","1","1","1",2265,79
"2266","Tokyo","Hotel","CL5","ZoneD","ABCH","OHUFCU","84639.1333333333","0","0","0","0","1","1","1",2266,348
"2267","Tokyo","Hotel","CL5","ZoneD","ABCH","OHUFCU","84639.1333333333","0","0","0","0","1","1","1",2267,251
"2268","Tokyo","Hotel","CL5","ZoneD","AHP","FCU","91483.5333333333","0","0","0","0","1","1","1",2268,87
"2269","Tokyo","Hotel","CL5","ZoneD","AHP","FCU","91483.5333333333","0","0","0","0","1","1","1",2269,2
"2270","Tokyo","Hotel","CL5","ZoneD","AHP","FCU","91483.5333333333","0","0","0","0","1","1","1",2270,37
"2271","Tokyo","Hotel","CL5","ZoneD","AHP","OHUFCU","99771.25","0","0","0","0","1","1","1",2271,396
"2272","Tokyo","Hotel","CL5","ZoneD","AHP","OHUFCU","99771.25","0","0","0","0","1","1","1",2272,65
"2273","Tokyo","Hotel","CL6m","ZoneD","ABCH","OHUFCU","76363.1","0","0","0","0","1","1","1",2273,7
"2274","Tokyo","Hotel","CL6m","ZoneD","ABCH","OHUFCU","76363.1","0","0","0","0","1","1","1",2274,400
"2275","Tokyo","Hotel","CL7m","ZoneD","ABCH","OHUFCU","94776.45","0","0","0","0","1","1","1",2275,92
"2276","Tokyo","Hotel","CL7m","ZoneD","ABCH","OHUFCU","94776.45","0","0","0","0","1","1","1",2276,380
"2277","Tokyo","Hotel","CL7m","ZoneD","ABCH","OHUFCU","78872.65","1","0","1","0","1","1","1",2277,350
"2278","Tokyo","Hotel","CL7m","ZoneD","ABCH","OHUFCU","78872.65","1","0","1","0","1","1","1",2278,275
"2279","Nagoya","Hotel","CL2","ZoneD","EHP","MUL","111507.7","0","0","0","0","1","1","1",2279,394
"2280","Nagoya","Hotel","CL2","ZoneD","EHP","MUL","111507.7","0","0","0","0","1","1","1",2280,297
"2281","Nagoya","Hotel","CL3","ZoneD","EHP","MUL","90365.1333333333","0","0","0","0","1","1","1",2281,306
"2282","Nagoya","Hotel","CL3","ZoneD","EHP","MUL","90365.1333333333","0","0","0","0","1","1","1",2282,249
"2283","Nagoya","Hotel","CL3","ZoneD","EHP","MUL","90365.1333333333","0","0","0","0","1","1","1",2283,16
"2284","Nagoya","Hotel","CL3","ZoneD","AHP","FCU","75688.35","0","0","0","0","1","1","1",2284,162
"2285","Nagoya","Hotel","CL3","ZoneD","AHP","FCU","75688.35","0","0","0","0","1","1","1",2285,334
"2286","Nagoya","Hotel","CL4","ZoneD","EHP","MUL","105435.4","0","0","0","0","1","1","1",2286,50
"2287","Nagoya","Hotel","CL4","ZoneD","EHP","MUL","105435.4","0","0","0","0","1","1","1",2287,169
"2288","Nagoya","Hotel","CL4","ZoneD","EHP","MUL","105435.4","0","0","0","0","1","1","1",2288,196
"2289","Nagoya","Hotel","CL4","ZoneD","ABCH","FCU","79900.5","0","0","0","0","1","1","1",2289,179
"2290","Nagoya","Hotel","CL4","ZoneD","ABCH","FCU","79900.5","0","0","0","0","1","1","1",2290,241
"2291","Nagoya","Hotel","CL4","ZoneD","AHP","FCU","108552.55","0","0","0","0","1","1","1",2291,186
"2292","Nagoya","Hotel","CL4","ZoneD","AHP","FCU","108552.55","0","0","0","0","1","1","1",2292,190
"2293","Nagoya","Hotel","CL5","ZoneD","EHP","MUL","111069.45","0","0","0","0","1","1","1",2293,271
"2294","Nagoya","Hotel","CL5","ZoneD","EHP","MUL","111069.45","0","0","0","0","1","1","1",2294,98
"2295","Nagoya","Hotel","CL5","ZoneD","ABCH","FCU","118416.15","0","0","0","0","1","1","1",2295,238
"2296","Nagoya","Hotel","CL5","ZoneD","ABCH","FCU","118416.15","0","0","0","0","1","1","1",2296,143
"2297","Nagoya","Hotel","CL5","ZoneD","ABCH","OHUFCU","84040.95","0","0","0","0","1","1","1",2297,235
"2298","Nagoya","Hotel","CL5","ZoneD","ABCH","OHUFCU","84040.95","0","0","0","0","1","1","1",2298,390
"2299","Nagoya","Hotel","CL5","ZoneD","AHP","FCU","95784.1","0","0","0","0","1","1","1",2299,10
"2300","Nagoya","Hotel","CL5","ZoneD","AHP","FCU","95784.1","0","0","0","0","1","1","1",2300,126
"2301","Nagoya","Hotel","CL6m","ZoneD","ABCH","FCU","86438.3","0","0","0","0","1","1","1",2301,68
"2302","Nagoya","Hotel","CL6m","ZoneD","ABCH","FCU","86438.3","0","0","0","0","1","1","1",2302,110
"2303","Nagoya","Hotel","CL6m","ZoneD","ABCH","OHUFCU","94075.7","0","0","0","0","1","1","1",2303,321
"2304","Nagoya","Hotel","CL6m","ZoneD","ABCH","OHUFCU","94075.7","0","0","0","0","1","1","1",2304,96
"2305","Nagoya","Hotel","CL7m","ZoneD","ABCH","OHUFCU","92859","0","0","0","0","1","1","1",2305,380
"2306","Nagoya","Hotel","CL7m","ZoneD","ABCH","OHUFCU","92859","0","0","0","0","1","1","1",2306,224
"2307","Nagoya","Hotel","CL7m","ZoneD","ABCH","OHUFCU","78172.7","1","0","1","0","1","1","1",2307,350
"2308","Nagoya","Hotel","CL7m","ZoneD","ABCH","OHUFCU","78172.7","1","0","1","0","1","1","1",2308,135
"2309","Osaka","Hotel","CL4","ZoneD","EHP","MUL","84770.5","0","0","0","0","1","1","1",2309,107
"2310","Osaka","Hotel","CL4","ZoneD","EHP","MUL","84770.5","0","0","0","0","1","1","1",2310,12
"2311","Osaka","Hotel","CL7m","ZoneD","ABCH","OHUFCU","75145.5","0","0","0","0","1","1","1",2311,144
"2312","Osaka","Hotel","CL7m","ZoneD","ABCH","OHUFCU","75145.5","0","0","0","0","1","1","1",2312,149
"2313","Fukuoka","Hotel","CL2","ZoneD","EHP","MUL","92931.68","0","0","0","0","1","1","1",2313,67
"2314","Fukuoka","Hotel","CL2","ZoneD","EHP","MUL","92931.68","0","0","0","0","1","1","1",2314,287
"2315","Fukuoka","Hotel","CL2","ZoneD","EHP","MUL","92931.68","0","0","0","0","1","1","1",2315,124
"2316","Fukuoka","Hotel","CL2","ZoneD","EHP","MUL","92931.68","0","0","0","0","1","1","1",2316,127
"2317","Fukuoka","Hotel","CL2","ZoneD","EHP","MUL","92931.68","0","0","0","0","1","1","1",2317,111
"2318","Fukuoka","Hotel","CL2","ZoneD","EHP","MUL","95875.9","1","0","0","0","1","1","1",2318,62
"2319","Fukuoka","Hotel","CL2","ZoneD","EHP","MUL","95875.9","1","0","0","0","1","1","1",2319,79
"2320","Fukuoka","Hotel","CL3","ZoneD","EHP","MUL","94301.225","0","0","0","0","1","1","1",2320,128
"2321","Fukuoka","Hotel","CL3","ZoneD","EHP","MUL","94301.225","0","0","0","0","1","1","1",2321,157
"2322","Fukuoka","Hotel","CL3","ZoneD","EHP","MUL","94301.225","0","0","0","0","1","1","1",2322,287
"2323","Fukuoka","Hotel","CL3","ZoneD","EHP","MUL","94301.225","0","0","0","0","1","1","1",2323,129
"2324","Fukuoka","Hotel","CL3","ZoneD","EHP","MUL","80916.05","1","0","0","0","1","1","1",2324,327
"2325","Fukuoka","Hotel","CL3","ZoneD","EHP","MUL","80916.05","1","0","0","0","1","1","1",2325,383
"2326","Fukuoka","Hotel","CL4","ZoneD","EHP","MUL","91845.75","0","0","0","0","1","1","1",2326,226
"2327","Fukuoka","Hotel","CL4","ZoneD","EHP","MUL","91845.75","0","0","0","0","1","1","1",2327,195
"2328","Fukuoka","Hotel","CL4","ZoneD","EHP","MUL","91845.75","0","0","0","0","1","1","1",2328,231
"2329","Fukuoka","Hotel","CL4","ZoneD","EHP","MUL","91845.75","0","0","0","0","1","1","1",2329,201
"2330","Fukuoka","Hotel","CL4","ZoneD","EHP","MUL","81627.55","1","0","0","0","1","1","1",2330,145
"2331","Fukuoka","Hotel","CL4","ZoneD","EHP","MUL","81627.55","1","0","0","0","1","1","1",2331,309
"2332","Fukuoka","Hotel","CL4","ZoneD","ABCH","FCU","81797.35","0","0","0","0","1","1","1",2332,250
"2333","Fukuoka","Hotel","CL4","ZoneD","ABCH","FCU","81797.35","0","0","0","0","1","1","1",2333,156
"2334","Fukuoka","Hotel","CL4","ZoneD","AHP","FCU","106349.25","0","0","0","0","1","1","1",2334,61
"2335","Fukuoka","Hotel","CL4","ZoneD","AHP","FCU","106349.25","0","0","0","0","1","1","1",2335,288
"2336","Fukuoka","Hotel","CL5","ZoneD","EHP","MUL","113490.35","0","0","0","0","1","1","1",2336,380
"2337","Fukuoka","Hotel","CL5","ZoneD","EHP","MUL","113490.35","0","0","0","0","1","1","1",2337,103
"2338","Fukuoka","Hotel","CL5","ZoneD","ABCH","FCU","104483.2","0","0","0","0","1","1","1",2338,83
"2339","Fukuoka","Hotel","CL5","ZoneD","ABCH","FCU","104483.2","0","0","0","0","1","1","1",2339,305
"2340","Fukuoka","Hotel","CL5","ZoneD","AHP","FCU","84832.6","0","0","0","0","1","1","1",2340,6
"2341","Fukuoka","Hotel","CL5","ZoneD","AHP","FCU","84832.6","0","0","0","0","1","1","1",2341,181
"2342","Sapporo","Hospital","CL2","ZoneC","EHP","MUL","113904.05","0","0","0","0","3","1","1",2342,337
"2343","Sapporo","Hospital","CL2","ZoneC","EHP","MUL","113904.05","0","0","0","0","3","1","1",2343,244
"2344","Sendai","Hospital","CL2","ZoneC","EHP","MUL","108822.9","0","0","0","0","3","1","1",2344,7
"2345","Sendai","Hospital","CL2","ZoneC","EHP","MUL","108822.9","0","0","0","0","3","1","1",2345,188
"2346","Sendai","Hospital","CL2","ZoneC","EHP","MUL","108822.9","0","0","0","0","3","1","1",2346,250
"2347","Sendai","Hospital","CL2","ZoneC","EHP","MUL","108822.9","0","0","0","0","3","1","1",2347,277
"2348","Sendai","Hospital","CL3","ZoneC","EHP","MUL","96350.55","0","0","0","0","3","1","1",2348,3
"2349","Sendai","Hospital","CL3","ZoneC","EHP","MUL","96350.55","0","0","0","0","3","1","1",2349,255
"2350","Sendai","Hospital","CL3","ZoneC","EHP","MUL","96350.55","0","0","0","0","3","1","1",2350,284
"2351","Sendai","Hospital","CL3","ZoneC","EHP","MUL","96350.55","0","0","0","0","3","1","1",2351,378
"2352","Sendai","Hospital","CL4","ZoneC","EHP","MUL","80883.4","0","0","0","0","3","1","1",2352,381
"2353","Sendai","Hospital","CL4","ZoneC","EHP","MUL","80883.4","0","0","0","0","3","1","1",2353,171
"2354","Sendai","Hospital","CL5","ZoneC","ABCH","FCU","110797.85","0","0","0","0","3","1","1",2354,203
"2355","Sendai","Hospital","CL5","ZoneC","ABCH","FCU","110797.85","0","0","0","0","3","1","1",2355,87
"2356","Sendai","Hospital","CL6","ZoneC","ABCH","FCU","95940.7","0","0","0","0","3","1","1",2356,170
"2357","Sendai","Hospital","CL6","ZoneC","ABCH","FCU","95940.7","0","0","0","0","3","1","1",2357,27
"2358","Sendai","Hospital","CL6","ZoneC","ABCH","OHUFCU","75937.9","0","0","0","0","3","1","1",2358,43
"2359","Sendai","Hospital","CL6","ZoneC","ABCH","OHUFCU","75937.9","0","0","0","0","3","1","1",2359,121
"2360","Sendai","Hospital","CL7","ZoneC","ABCH","FCU","78318.65","0","0","0","0","3","1","1",2360,280
"2361","Sendai","Hospital","CL7","ZoneC","ABCH","FCU","78318.65","0","0","0","0","3","1","1",2361,295
"2362","Sendai","Hospital","CL7","ZoneC","ABCH","OHUFCU","101508","0","0","0","0","3","1","1",2362,280
"2363","Sendai","Hospital","CL7","ZoneC","ABCH","OHUFCU","101508","0","0","0","0","3","1","1",2363,6
"2364","Sendai","Hospital","CL7","ZoneC","COM","OHUFCU","82044.7","0","0","0","0","3","1","1",2364,292
"2365","Sendai","Hospital","CL7","ZoneC","COM","OHUFCU","82044.7","0","0","0","0","3","1","1",2365,372
"2366","Tokyo","Hospital","CL2","ZoneC","EHP","MUL","92714.1333333333","0","0","0","0","1","1","1",2366,77
"2367","Tokyo","Hospital","CL2","ZoneC","EHP","MUL","92714.1333333333","0","0","0","0","1","1","1",2367,291
"2368","Tokyo","Hospital","CL2","ZoneC","EHP","MUL","92714.1333333333","0","0","0","0","1","1","1",2368,339
"2369","Tokyo","Hospital","CL3","ZoneC","EHP","MUL","106022.685714286","0","0","0","0","1","1","1",2369,250
"2370","Tokyo","Hospital","CL3","ZoneC","EHP","MUL","106022.685714286","0","0","0","0","1","1","1",2370,132
"2371","Tokyo","Hospital","CL3","ZoneC","EHP","MUL","106022.685714286","0","0","0","0","1","1","1",2371,121
"2372","Tokyo","Hospital","CL3","ZoneC","EHP","MUL","106022.685714286","0","0","0","0","1","1","1",2372,291
"2373","Tokyo","Hospital","CL3","ZoneC","EHP","MUL","106022.685714286","0","0","0","0","1","1","1",2373,321
"2374","Tokyo","Hospital","CL3","ZoneC","EHP","MUL","106022.685714286","0","0","0","0","1","1","1",2374,23
"2375","Tokyo","Hospital","CL3","ZoneC","EHP","MUL","106022.685714286","0","0","0","0","1","1","1",2375,143
"2376","Tokyo","Hospital","CL3","ZoneC","AHP","FCU","76539.4","0","0","0","0","1","1","1",2376,176
"2377","Tokyo","Hospital","CL3","ZoneC","AHP","FCU","76539.4","0","0","0","0","1","1","1",2377,382
"2378","Tokyo","Hospital","CL4","ZoneC","EHP","MUL","89295.725","0","0","0","0","1","1","1",2378,187
"2379","Tokyo","Hospital","CL4","ZoneC","EHP","MUL","89295.725","0","0","0","0","1","1","1",2379,118
"2380","Tokyo","Hospital","CL4","ZoneC","EHP","MUL","89295.725","0","0","0","0","1","1","1",2380,323
"2381","Tokyo","Hospital","CL4","ZoneC","EHP","MUL","89295.725","0","0","0","0","1","1","1",2381,19
"2382","Tokyo","Hospital","CL4","ZoneC","ABCH","FCU","123461.95","0","0","0","0","1","1","1",2382,164
"2383","Tokyo","Hospital","CL4","ZoneC","ABCH","FCU","123461.95","0","0","0","0","1","1","1",2383,378
"2384","Tokyo","Hospital","CL4","ZoneC","AHP","FCU","81413.75","0","0","0","0","1","1","1",2384,88
"2385","Tokyo","Hospital","CL4","ZoneC","AHP","FCU","81413.75","0","0","0","0","1","1","1",2385,149
"2386","Tokyo","Hospital","CL5","ZoneC","EHP","MUL","122575.95","0","0","0","0","1","1","1",2386,387
"2387","Tokyo","Hospital","CL5","ZoneC","EHP","MUL","122575.95","0","0","0","0","1","1","1",2387,374
"2388","Tokyo","Hospital","CL5","ZoneC","ABCH","FCU","95691.68","0","0","0","0","1","1","1",2388,387
"2389","Tokyo","Hospital","CL5","ZoneC","ABCH","FCU","95691.68","0","0","0","0","1","1","1",2389,311
"2390","Tokyo","Hospital","CL5","ZoneC","ABCH","FCU","95691.68","0","0","0","0","1","1","1",2390,173
"2391","Tokyo","Hospital","CL5","ZoneC","ABCH","FCU","95691.68","0","0","0","0","1","1","1",2391,225
"2392","Tokyo","Hospital","CL5","ZoneC","ABCH","FCU","95691.68","0","0","0","0","1","1","1",2392,64
"2393","Tokyo","Hospital","CL5","ZoneC","ABCH","FCU","123239.25","0","0","0","0","2","1","1",2393,91
"2394","Tokyo","Hospital","CL5","ZoneC","ABCH","FCU","123239.25","0","0","0","0","2","1","1",2394,73
"2395","Tokyo","Hospital","CL5","ZoneC","ABCH","OHUFCU","108587.9","0","0","0","0","1","1","1",2395,253
"2396","Tokyo","Hospital","CL5","ZoneC","ABCH","OHUFCU","108587.9","0","0","0","0","1","1","1",2396,18
"2397","Tokyo","Hospital","CL5","ZoneC","AHP","FCU","86478.05","0","0","0","0","1","1","1",2397,179
"2398","Tokyo","Hospital","CL5","ZoneC","AHP","FCU","86478.05","0","0","0","0","1","1","1",2398,234
"2399","Tokyo","Hospital","CL6","ZoneC","ABCH","FCU","106648.34","0","0","0","0","1","1","1",2399,318
"2400","Tokyo","Hospital","CL6","ZoneC","ABCH","FCU","106648.34","0","0","0","0","1","1","1",2400,260
"2401","Tokyo","Hospital","CL6","ZoneC","ABCH","FCU","106648.34","0","0","0","0","1","1","1",2401,328
"2402","Tokyo","Hospital","CL6","ZoneC","ABCH","FCU","106648.34","0","0","0","0","1","1","1",2402,29
"2403","Tokyo","Hospital","CL6","ZoneC","ABCH","FCU","106648.34","0","0","0","0","1","1","1",2403,367
"2404","Tokyo","Hospital","CL6","ZoneC","ABCH","FCU","91566.7333333333","0","0","0","0","2","1","1",2404,121
"2405","Tokyo","Hospital","CL6","ZoneC","ABCH","FCU","91566.7333333333","0","0","0","0","2","1","1",2405,126
"2406","Tokyo","Hospital","CL6","ZoneC","ABCH","FCU","91566.7333333333","0","0","0","0","2","1","1",2406,243
"2407","Tokyo","Hospital","CL6","ZoneC","ABCH","OHUFCU","103392.2","0","0","0","0","1","1","1",2407,26
"2408","Tokyo","Hospital","CL6","ZoneC","ABCH","OHUFCU","103392.2","0","0","0","0","1","1","1",2408,253
"2409","Tokyo","Hospital","CL6","ZoneC","ABCH","OHUFCU","103392.2","0","0","0","0","1","1","1",2409,197
"2410","Tokyo","Hospital","CL6","ZoneC","ABCH","OHUFCU","103392.2","0","0","0","0","1","1","1",2410,4
"2411","Tokyo","Hospital","CL6","ZoneC","ABCH","OHUFCU","106525.3","0","0","0","0","2","1","1",2411,86
"2412","Tokyo","Hospital","CL6","ZoneC","ABCH","OHUFCU","106525.3","0","0","0","0","2","1","1",2412,176
"2413","Tokyo","Hospital","CL7","ZoneC","ABCH","FCU","95721.8666666667","0","0","0","0","1","1","1",2413,1
"2414","Tokyo","Hospital","CL7","ZoneC","ABCH","FCU","95721.8666666667","0","0","0","0","1","1","1",2414,362
"2415","Tokyo","Hospital","CL7","ZoneC","ABCH","FCU","95721.8666666667","0","0","0","0","1","1","1",2415,358
"2416","Tokyo","Hospital","CL7","ZoneC","ABCH","FCU","93667.7","0","0","0","0","2","1","1",2416,56
"2417","Tokyo","Hospital","CL7","ZoneC","ABCH","FCU","93667.7","0","0","0","0","2","1","1",2417,131
"2418","Tokyo","Hospital","CL7","ZoneC","ABCH","OHUFCU","92548.325","0","0","0","0","1","1","1",2418,315
"2419","Tokyo","Hospital","CL7","ZoneC","ABCH","OHUFCU","92548.325","0","0","0","0","1","1","1",2419,270
"2420","Tokyo","Hospital","CL7","ZoneC","ABCH","OHUFCU","92548.325","0","0","0","0","1","1","1",2420,270
"2421","Tokyo","Hospital","CL7","ZoneC","ABCH","OHUFCU","92548.325","0","0","0","0","1","1","1",2421,214
"2422","Tokyo","Hospital","CL7","ZoneC","ABCH","OHUFCU","120749.7","0","0","0","0","2","1","1",2422,99
"2423","Tokyo","Hospital","CL7","ZoneC","ABCH","OHUFCU","120749.7","0","0","0","0","2","1","1",2423,223
"2424","Tokyo","Hospital","CL7","ZoneC","COM","FCU","83545.9","0","0","0","0","1","1","1",2424,171
"2425","Tokyo","Hospital","CL7","ZoneC","COM","FCU","83545.9","0","0","0","0","1","1","1",2425,221
"2426","Tokyo","Hospital","CL7","ZoneC","COM","OHUFCU","107701.4","0","0","0","0","1","1","1",2426,315
"2427","Tokyo","Hospital","CL7","ZoneC","COM","OHUFCU","107701.4","0","0","0","0","1","1","1",2427,238
"2428","Nigata","Hospital","CL1","ZoneC","EHP","MUL","112915.5","0","0","0","0","1","1","1",2428,69
"2429","Nigata","Hospital","CL1","ZoneC","EHP","MUL","112915.5","0","0","0","0","1","1","1",2429,277
"2430","Nigata","Hospital","CL1","ZoneC","EHP","MUL","112915.5","0","0","0","0","1","1","1",2430,42
"2431","Nigata","Hospital","CL2","ZoneC","EHP","MUL","99178","0","0","0","0","1","1","1",2431,215
"2432","Nigata","Hospital","CL2","ZoneC","EHP","MUL","99178","0","0","0","0","1","1","1",2432,354
"2433","Nigata","Hospital","CL2","ZoneC","EHP","MUL","99178","0","0","0","0","1","1","1",2433,93
"2434","Nigata","Hospital","CL2","ZoneC","EHP","MUL","99178","0","0","0","0","1","1","1",2434,207
"2435","Nigata","Hospital","CL2","ZoneC","EHP","MUL","99178","0","0","0","0","1","1","1",2435,107
"2436","Nigata","Hospital","CL2","ZoneC","EHP","MUL","99178","0","0","0","0","1","1","1",2436,229
"2437","Nigata","Hospital","CL2","ZoneC","EHP","MUL","99178","0","0","0","0","1","1","1",2437,228
"2438","Nigata","Hospital","CL2","ZoneC","EHP","MUL","99178","0","0","0","0","1","1","1",2438,185
"2439","Nigata","Hospital","CL2","ZoneC","EHP","MUL","99178","0","0","0","0","1","1","1",2439,254
"2440","Nigata","Hospital","CL2","ZoneC","EHP","MUL","99178","0","0","0","0","1","1","1",2440,139
"2441","Nigata","Hospital","CL2","ZoneC","EHP","MUL","99178","0","0","0","0","1","1","1",2441,57
"2442","Nigata","Hospital","CL2","ZoneC","EHP","MUL","99178","0","0","0","0","1","1","1",2442,214
"2443","Nigata","Hospital","CL2","ZoneC","EHP","MUL","124125.1","0","0","0","0","2","1","1",2443,348
"2444","Nigata","Hospital","CL2","ZoneC","EHP","MUL","124125.1","0","0","0","0","2","1","1",2444,266
"2445","Nigata","Hospital","CL3","ZoneC","EHP","MUL","104664.65","0","0","0","0","1","1","1",2445,80
"2446","Nigata","Hospital","CL3","ZoneC","EHP","MUL","104664.65","0","0","0","0","1","1","1",2446,39
"2447","Nigata","Hospital","CL6","ZoneC","ABCH","FCU","78862.1","0","0","0","0","1","1","1",2447,57
"2448","Nigata","Hospital","CL6","ZoneC","ABCH","FCU","78862.1","0","0","0","0","1","1","1",2448,207
"2449","Nagoya","Hospital","CL2","ZoneC","EHP","MUL","104981.414285714","0","0","0","0","1","1","1",2449,118
"2450","Nagoya","Hospital","CL2","ZoneC","EHP","MUL","104981.414285714","0","0","0","0","1","1","1",2450,206
"2451","Nagoya","Hospital","CL2","ZoneC","EHP","MUL","104981.414285714","0","0","0","0","1","1","1",2451,357
"2452","Nagoya","Hospital","CL2","ZoneC","EHP","MUL","104981.414285714","0","0","0","0","1","1","1",2452,102
"2453","Nagoya","Hospital","CL2","ZoneC","EHP","MUL","104981.414285714","0","0","0","0","1","1","1",2453,234
"2454","Nagoya","Hospital","CL2","ZoneC","EHP","MUL","104981.414285714","0","0","0","0","1","1","1",2454,250
"2455","Nagoya","Hospital","CL2","ZoneC","EHP","MUL","104981.414285714","0","0","0","0","1","1","1",2455,303
"2456","Nagoya","Hospital","CL2","ZoneC","EHP","MUL","75194.55","0","0","0","0","2","1","1",2456,377
"2457","Nagoya","Hospital","CL2","ZoneC","EHP","MUL","75194.55","0","0","0","0","2","1","1",2457,260
"2458","Nagoya","Hospital","CL3","ZoneC","EHP","MUL","94647.9571428571","0","0","0","0","1","1","1",2458,353
"2459","Nagoya","Hospital","CL3","ZoneC","EHP","MUL","94647.9571428571","0","0","0","0","1","1","1",2459,204
"2460","Nagoya","Hospital","CL3","ZoneC","EHP","MUL","94647.9571428571","0","0","0","0","1","1","1",2460,375
"2461","Nagoya","Hospital","CL3","ZoneC","EHP","MUL","94647.9571428571","0","0","0","0","1","1","1",2461,98
"2462","Nagoya","Hospital","CL3","ZoneC","EHP","MUL","94647.9571428571","0","0","0","0","1","1","1",2462,169
"2463","Nagoya","Hospital","CL3","ZoneC","EHP","MUL","94647.9571428571","0","0","0","0","1","1","1",2463,10
"2464","Nagoya","Hospital","CL3","ZoneC","EHP","MUL","94647.9571428571","0","0","0","0","1","1","1",2464,96
"2465","Nagoya","Hospital","CL4","ZoneC","EHP","MUL","90493.8666666667","0","0","0","0","1","1","1",2465,311
"2466","Nagoya","Hospital","CL4","ZoneC","EHP","MUL","90493.8666666667","0","0","0","0","1","1","1",2466,148
"2467","Nagoya","Hospital","CL4","ZoneC","EHP","MUL","90493.8666666667","0","0","0","0","1","1","1",2467,384
"2468","Nagoya","Hospital","CL4","ZoneC","ABCH","FCU","99962.55","0","0","0","0","1","1","1",2468,298
"2469","Nagoya","Hospital","CL4","ZoneC","ABCH","FCU","99962.55","0","0","0","0","1","1","1",2469,248
"2470","Nagoya","Hospital","CL5","ZoneC","ABCH","FCU","119323.05","0","0","0","0","1","1","1",2470,19
"2471","Nagoya","Hospital","CL5","ZoneC","ABCH","FCU","119323.05","0","0","0","0","1","1","1",2471,68
"2472","Nagoya","Hospital","CL6","ZoneC","ABCH","FCU","123969.4","0","0","0","0","1","1","1",2472,381
"2473","Nagoya","Hospital","CL6","ZoneC","ABCH","FCU","123969.4","0","0","0","0","1","1","1",2473,214
"2474","Nagoya","Hospital","CL6","ZoneC","ABCH","FCU","86536.75","0","0","0","0","2","1","1",2474,251
"2475","Nagoya","Hospital","CL6","ZoneC","ABCH","FCU","86536.75","0","0","0","0","2","1","1",2475,337
"2476","Nagoya","Hospital","CL6","ZoneC","ABCH","OHUFCU","97390.55","0","0","0","0","1","1","1",2476,301
"2477","Nagoya","Hospital","CL6","ZoneC","ABCH","OHUFCU","97390.55","0","0","0","0","1","1","1",2477,187
"2478","Nagoya","Hospital","CL7","ZoneC","ABCH","FCU","104791.3","0","0","0","0","1","1","1",2478,154
"2479","Nagoya","Hospital","CL7","ZoneC","ABCH","FCU","104791.3","0","0","0","0","1","1","1",2479,178
"2480","Nagoya","Hospital","CL7","ZoneC","ABCH","OHUFCU","88786.1666666667","0","0","0","0","1","1","1",2480,37
"2481","Nagoya","Hospital","CL7","ZoneC","ABCH","OHUFCU","88786.1666666667","0","0","0","0","1","1","1",2481,215
"2482","Nagoya","Hospital","CL7","ZoneC","ABCH","OHUFCU","88786.1666666667","0","0","0","0","1","1","1",2482,135
"2483","Nagoya","Hospital","CL7","ZoneC","COM","OHUFCU","77076.2","0","0","0","0","1","1","1",2483,74
"2484","Nagoya","Hospital","CL7","ZoneC","COM","OHUFCU","77076.2","0","0","0","0","1","1","1",2484,9
"2485","Osaka","Hospital","CL1","ZoneC","EHP","MUL","120324.5","0","0","0","0","1","1","1",2485,388
"2486","Osaka","Hospital","CL1","ZoneC","EHP","MUL","120324.5","0","0","0","0","1","1","1",2486,347
"2487","Osaka","Hospital","CL2","ZoneC","EHP","MUL","96153.2","0","0","0","0","1","1","1",2487,151
"2488","Osaka","Hospital","CL2","ZoneC","EHP","MUL","96153.2","0","0","0","0","1","1","1",2488,397
"2489","Osaka","Hospital","CL2","ZoneC","EHP","MUL","96153.2","0","0","0","0","1","1","1",2489,334
"2490","Osaka","Hospital","CL2","ZoneC","EHP","MUL","96153.2","0","0","0","0","1","1","1",2490,337
"2491","Osaka","Hospital","CL2","ZoneC","EHP","MUL","96153.2","0","0","0","0","1","1","1",2491,305
"2492","Osaka","Hospital","CL2","ZoneC","EHP","MUL","96153.2","0","0","0","0","1","1","1",2492,137
"2493","Osaka","Hospital","CL2","ZoneC","EHP","MUL","96153.2","0","0","0","0","1","1","1",2493,111
"2494","Osaka","Hospital","CL2","ZoneC","EHP","MUL","96153.2","0","0","0","0","1","1","1",2494,30
"2495","Osaka","Hospital","CL2","ZoneC","EHP","MUL","96153.2","0","0","0","0","1","1","1",2495,138
"2496","Osaka","Hospital","CL2","ZoneC","EHP","MUL","86830.5","0","0","0","0","2","1","1",2496,184
"2497","Osaka","Hospital","CL2","ZoneC","EHP","MUL","86830.5","0","0","0","0","2","1","1",2497,129
"2498","Osaka","Hospital","CL3","ZoneC","EHP","MUL","104722.9","0","0","0","0","1","1","1",2498,9
"2499","Osaka","Hospital","CL3","ZoneC","EHP","MUL","104722.9","0","0","0","0","1","1","1",2499,399
"2500","Osaka","Hospital","CL3","ZoneC","EHP","MUL","104722.9","0","0","0","0","1","1","1",2500,127
"2501","Osaka","Hospital","CL3","ZoneC","EHP","MUL","104722.9","0","0","0","0","1","1","1",2501,121
"2502","Osaka","Hospital","CL4","ZoneC","EHP","MUL","106972.65","0","0","0","0","1","1","1",2502,36
"2503","Osaka","Hospital","CL4","ZoneC","EHP","MUL","106972.65","0","0","0","0","1","1","1",2503,303
"2504","Osaka","Hospital","CL4","ZoneC","ABCH","FCU","75520.5","0","0","0","0","1","1","1",2504,195
"2505","Osaka","Hospital","CL4","ZoneC","ABCH","FCU","75520.5","0","0","0","0","1","1","1",2505,7
"2506","Osaka","Hospital","CL5","ZoneC","ABCH","FCU","99817.0666666667","0","0","0","0","1","1","1",2506,166
"2507","Osaka","Hospital","CL5","ZoneC","ABCH","FCU","99817.0666666667","0","0","0","0","1","1","1",2507,87
"2508","Osaka","Hospital","CL5","ZoneC","ABCH","FCU","99817.0666666667","0","0","0","0","1","1","1",2508,63
"2509","Osaka","Hospital","CL5","ZoneC","ABCH","FCU","77131.35","0","0","0","0","2","1","1",2509,217
"2510","Osaka","Hospital","CL5","ZoneC","ABCH","FCU","77131.35","0","0","0","0","2","1","1",2510,179
"2511","Osaka","Hospital","CL5","ZoneC","AHP","FCU","78518.85","0","0","0","0","1","1","1",2511,122
"2512","Osaka","Hospital","CL5","ZoneC","AHP","FCU","78518.85","0","0","0","0","1","1","1",2512,89
"2513","Osaka","Hospital","CL6","ZoneC","ABCH","FCU","111325.6","0","0","0","0","1","1","1",2513,210
"2514","Osaka","Hospital","CL6","ZoneC","ABCH","FCU","111325.6","0","0","0","0","1","1","1",2514,308
"2515","Osaka","Hospital","CL6","ZoneC","ABCH","FCU","111325.6","0","0","0","0","1","1","1",2515,265
"2516","Osaka","Hospital","CL6","ZoneC","ABCH","FCU","96249.85","0","0","0","0","2","1","1",2516,197
"2517","Osaka","Hospital","CL6","ZoneC","ABCH","FCU","96249.85","0","0","0","0","2","1","1",2517,49
"2518","Osaka","Hospital","CL6","ZoneC","ABCH","OHUFCU","85586.5","0","0","0","0","1","1","1",2518,140
"2519","Osaka","Hospital","CL6","ZoneC","ABCH","OHUFCU","85586.5","0","0","0","0","1","1","1",2519,284
"2520","Osaka","Hospital","CL6","ZoneC","ABCH","OHUFCU","85586.5","0","0","0","0","1","1","1",2520,325
"2521","Osaka","Hospital","CL7","ZoneC","ABCH","FCU","111777.85","0","0","0","0","1","1","1",2521,259
"2522","Osaka","Hospital","CL7","ZoneC","ABCH","FCU","111777.85","0","0","0","0","1","1","1",2522,395
"2523","Osaka","Hospital","CL7","ZoneC","ABCH","OHUFCU","96694.7333333333","0","0","0","0","1","1","1",2523,148
"2524","Osaka","Hospital","CL7","ZoneC","ABCH","OHUFCU","96694.7333333333","0","0","0","0","1","1","1",2524,81
"2525","Osaka","Hospital","CL7","ZoneC","ABCH","OHUFCU","96694.7333333333","0","0","0","0","1","1","1",2525,256
"2526","Osaka","Hospital","CL7","ZoneC","ABCH","OHUFCU","82766.95","0","0","0","0","2","1","1",2526,179
"2527","Osaka","Hospital","CL7","ZoneC","ABCH","OHUFCU","82766.95","0","0","0","0","2","1","1",2527,119
"2528","Osaka","Hospital","CL7","ZoneC","COM","OHUFCU","85145.9","0","0","0","0","1","1","1",2528,336
"2529","Osaka","Hospital","CL7","ZoneC","COM","OHUFCU","85145.9","0","0","0","0","1","1","1",2529,14
"2530","Hiroshima","Hospital","CL2","ZoneC","EHP","MUL","96697.425","0","0","0","0","1","1","1",2530,109
"2531","Hiroshima","Hospital","CL2","ZoneC","EHP","MUL","96697.425","0","0","0","0","1","1","1",2531,107
"2532","Hiroshima","Hospital","CL2","ZoneC","EHP","MUL","96697.425","0","0","0","0","1","1","1",2532,156
"2533","Hiroshima","Hospital","CL2","ZoneC","EHP","MUL","96697.425","0","0","0","0","1","1","1",2533,74
"2534","Hiroshima","Hospital","CL3","ZoneC","EHP","MUL","109034.633333333","0","0","0","0","1","1","1",2534,170
"2535","Hiroshima","Hospital","CL3","ZoneC","EHP","MUL","109034.633333333","0","0","0","0","1","1","1",2535,388
"2536","Hiroshima","Hospital","CL3","ZoneC","EHP","MUL","109034.633333333","0","0","0","0","1","1","1",2536,54
"2537","Hiroshima","Hospital","CL5","ZoneC","ABCH","FCU","82047.95","0","0","0","0","1","1","1",2537,45
"2538","Hiroshima","Hospital","CL5","ZoneC","ABCH","FCU","82047.95","0","0","0","0","1","1","1",2538,286
"2539","Hiroshima","Hospital","CL5","ZoneC","ABCH","FCU","82886.2","0","0","0","0","2","1","1",2539,269
"2540","Hiroshima","Hospital","CL5","ZoneC","ABCH","FCU","82886.2","0","0","0","0","2","1","1",2540,199
"2541","Hiroshima","Hospital","CL6","ZoneC","ABCH","FCU","107698.4","0","0","0","0","1","1","1",2541,267
"2542","Hiroshima","Hospital","CL6","ZoneC","ABCH","FCU","107698.4","0","0","0","0","1","1","1",2542,172
"2543","Hiroshima","Hospital","CL6","ZoneC","ABCH","OHUFCU","84164.7","0","0","0","0","1","1","1",2543,140
"2544","Hiroshima","Hospital","CL6","ZoneC","ABCH","OHUFCU","84164.7","0","0","0","0","1","1","1",2544,198
"2545","Hiroshima","Hospital","CL7","ZoneC","ABCH","FCU","79150.6","0","0","0","0","1","1","1",2545,121
"2546","Hiroshima","Hospital","CL7","ZoneC","ABCH","FCU","79150.6","0","0","0","0","1","1","1",2546,383
"2547","Hiroshima","Hospital","CL7","ZoneC","ABCH","OHUFCU","99564.95","0","0","0","0","1","1","1",2547,159
"2548","Hiroshima","Hospital","CL7","ZoneC","ABCH","OHUFCU","99564.95","0","0","0","0","1","1","1",2548,26
"2549","Matsuyama","Hospital","CL2","ZoneC","EHP","MUL","113070.95","0","0","0","0","1","1","1",2549,72
"2550","Matsuyama","Hospital","CL2","ZoneC","EHP","MUL","113070.95","0","0","0","0","1","1","1",2550,48
"2551","Matsuyama","Hospital","CL3","ZoneC","EHP","MUL","98630.7","0","0","0","0","1","1","1",2551,74
"2552","Matsuyama","Hospital","CL3","ZoneC","EHP","MUL","98630.7","0","0","0","0","1","1","1",2552,187
"2553","Matsuyama","Hospital","CL5","ZoneC","ABCH","FCU","86003.15","0","0","0","0","1","1","1",2553,188
"2554","Matsuyama","Hospital","CL5","ZoneC","ABCH","FCU","86003.15","0","0","0","0","1","1","1",2554,270
"2555","Fukuoka","Hospital","CL2","ZoneC","EHP","MUL","103750.85","0","0","0","0","1","1","1",2555,237
"2556","Fukuoka","Hospital","CL2","ZoneC","EHP","MUL","103750.85","0","0","0","0","1","1","1",2556,101
"2557","Fukuoka","Hospital","CL2","ZoneC","EHP","MUL","103750.85","0","0","0","0","1","1","1",2557,83
"2558","Fukuoka","Hospital","CL2","ZoneC","EHP","MUL","103750.85","0","0","0","0","1","1","1",2558,174
"2559","Fukuoka","Hospital","CL2","ZoneC","EHP","MUL","103750.85","0","0","0","0","1","1","1",2559,133
"2560","Fukuoka","Hospital","CL2","ZoneC","EHP","MUL","103750.85","0","0","0","0","1","1","1",2560,360
"2561","Fukuoka","Hospital","CL3","ZoneC","EHP","MUL","102404.866666667","0","0","0","0","1","1","1",2561,130
"2562","Fukuoka","Hospital","CL3","ZoneC","EHP","MUL","102404.866666667","0","0","0","0","1","1","1",2562,57
"2563","Fukuoka","Hospital","CL3","ZoneC","EHP","MUL","102404.866666667","0","0","0","0","1","1","1",2563,151
"2564","Fukuoka","Hospital","CL3","ZoneC","EHP","MUL","102404.866666667","0","0","0","0","1","1","1",2564,80
"2565","Fukuoka","Hospital","CL3","ZoneC","EHP","MUL","102404.866666667","0","0","0","0","1","1","1",2565,349
"2566","Fukuoka","Hospital","CL3","ZoneC","EHP","MUL","102404.866666667","0","0","0","0","1","1","1",2566,291
"2567","Fukuoka","Hospital","CL3","ZoneC","EHP","MUL","76753.2","0","0","0","0","2","1","1",2567,154
"2568","Fukuoka","Hospital","CL3","ZoneC","EHP","MUL","76753.2","0","0","0","0","2","1","1",2568,101
"2569","Fukuoka","Hospital","CL4","ZoneC","EHP","MUL","96257.175","0","0","0","0","1","1","1",2569,258
"2570","Fukuoka","Hospital","CL4","ZoneC","EHP","MUL","96257.175","0","0","0","0","1","1","1",2570,291
"2571","Fukuoka","Hospital","CL4","ZoneC","EHP","MUL","96257.175","0","0","0","0","1","1","1",2571,354
"2572","Fukuoka","Hospital","CL4","ZoneC","EHP","MUL","96257.175","0","0","0","0","1","1","1",2572,284
"2573","Fukuoka","Hospital","CL4","ZoneC","ABCH","FCU","88943.3666666667","0","0","0","0","1","1","1",2573,299
"2574","Fukuoka","Hospital","CL4","ZoneC","ABCH","FCU","88943.3666666667","0","0","0","0","1","1","1",2574,115
"2575","Fukuoka","Hospital","CL4","ZoneC","ABCH","FCU","88943.3666666667","0","0","0","0","1","1","1",2575,57
"2576","Fukuoka","Hospital","CL4","ZoneC","AHP","FCU","87585.35","0","0","0","0","1","1","1",2576,238
"2577","Fukuoka","Hospital","CL4","ZoneC","AHP","FCU","87585.35","0","0","0","0","1","1","1",2577,47
"2578","Fukuoka","Hospital","CL5","ZoneC","EHP","MUL","90975.85","0","0","0","0","1","1","1",2578,345
"2579","Fukuoka","Hospital","CL5","ZoneC","EHP","MUL","90975.85","0","0","0","0","1","1","1",2579,199
"2580","Fukuoka","Hospital","CL5","ZoneC","ABCH","FCU","88728.375","0","0","0","0","1","1","1",2580,36
"2581","Fukuoka","Hospital","CL5","ZoneC","ABCH","FCU","88728.375","0","0","0","0","1","1","1",2581,220
"2582","Fukuoka","Hospital","CL5","ZoneC","ABCH","FCU","88728.375","0","0","0","0","1","1","1",2582,37
"2583","Fukuoka","Hospital","CL5","ZoneC","ABCH","FCU","88728.375","0","0","0","0","1","1","1",2583,389
"2584","Fukuoka","Hospital","CL5","ZoneC","ABCH","FCU","91417.1","0","0","0","0","2","1","1",2584,7
"2585","Fukuoka","Hospital","CL5","ZoneC","ABCH","FCU","91417.1","0","0","0","0","2","1","1",2585,130
"2586","Fukuoka","Hospital","CL5","ZoneC","ABCH","OHUFCU","78643.65","0","0","0","0","1","1","1",2586,179
"2587","Fukuoka","Hospital","CL5","ZoneC","ABCH","OHUFCU","78643.65","0","0","0","0","1","1","1",2587,205
"2588","Fukuoka","Hospital","CL6","ZoneC","ABCH","FCU","96711.925","0","0","0","0","1","1","1",2588,226
"2589","Fukuoka","Hospital","CL6","ZoneC","ABCH","FCU","96711.925","0","0","0","0","1","1","1",2589,106
"2590","Fukuoka","Hospital","CL6","ZoneC","ABCH","FCU","96711.925","0","0","0","0","1","1","1",2590,285
"2591","Fukuoka","Hospital","CL6","ZoneC","ABCH","FCU","96711.925","0","0","0","0","1","1","1",2591,96
"2592","Fukuoka","Hospital","CL6","ZoneC","ABCH","FCU","112095.95","0","0","0","0","2","1","1",2592,258
"2593","Fukuoka","Hospital","CL6","ZoneC","ABCH","FCU","112095.95","0","0","0","0","2","1","1",2593,390
"2594","Fukuoka","Hospital","CL6","ZoneC","ABCH","OHUFCU","102044.1","0","0","0","0","1","1","1",2594,177
"2595","Fukuoka","Hospital","CL6","ZoneC","ABCH","OHUFCU","102044.1","0","0","0","0","1","1","1",2595,59
"2596","Fukuoka","Hospital","CL6","ZoneC","ABCH","OHUFCU","102044.1","0","0","0","0","1","1","1",2596,156
"2597","Fukuoka","Hospital","CL6","ZoneC","ABCH","OHUFCU","88707.25","0","0","0","0","2","1","1",2597,302
"2598","Fukuoka","Hospital","CL6","ZoneC","ABCH","OHUFCU","88707.25","0","0","0","0","2","1","1",2598,49
"2599","Fukuoka","Hospital","CL7","ZoneC","ABCH","FCU","114693.35","0","0","0","0","1","1","1",2599,227
"2600","Fukuoka","Hospital","CL7","ZoneC","ABCH","FCU","114693.35","0","0","0","0","1","1","1",2600,62
"2601","Fukuoka","Hospital","CL7","ZoneC","ABCH","OHUFCU","97077","0","0","0","0","1","1","1",2601,78
"2602","Fukuoka","Hospital","CL7","ZoneC","ABCH","OHUFCU","97077","0","0","0","0","1","1","1",2602,165
"2603","Fukuoka","Hospital","CL7","ZoneC","ABCH","OHUFCU","97077","0","0","0","0","1","1","1",2603,305
"2604","Fukuoka","Hospital","CL7","ZoneC","ABCH","OHUFCU","88794.6","0","0","0","0","2","1","1",2604,282
"2605","Fukuoka","Hospital","CL7","ZoneC","ABCH","OHUFCU","88794.6","0","0","0","0","2","1","1",2605,44
"2606","Fukuoka","Hospital","CL7","ZoneC","COM","OHUFCU","76246.85","0","0","0","0","1","1","1",2606,143
"2607","Fukuoka","Hospital","CL7","ZoneC","COM","OHUFCU","76246.85","0","0","0","0","1","1","1",2607,233
"2608","Sapporo","Office","CL1","ZoneC","EHP","MUL","9.837622e+03","0","0","0","0","3","1","1",2608,206
"2609","Sapporo","Office","CL2","ZoneC","GHP","MUL","9.961518e+03","0","0","0","0","3","1","1",2609,181
"2610","Sapporo","Office","CL2","ZoneC","ABCH","FCU","1.242979e+05","0","0","0","0","3","1","1",2610,122
"2611","Sapporo","Office","CL3","ZoneC","GHP","MUL","1.006131e+04","0","0","0","0","3","1","1",2611,104
"2612","Sapporo","Office","CL3","ZoneC","ABCH","OHUFCU","6.810775e+04","0","0","0","0","3","1","1",2612,16
"2613","Sapporo","Office","CL3","ZoneC","AHP","FCU","6.203074e+04","0","0","0","0","3","1","1",2613,394
"2614","Sapporo","Office","CL4","ZoneC","GHP","MUL","4.665137e+03","0","0","0","0","3","1","1",2614,319
"2615","Sapporo","Office","CL4","ZoneC","ABCH","VAV","8.385931e+04","0","0","0","0","3","1","1",2615,212
"2616","Sapporo","Office","CL4","ZoneC","ABCH","OHUFCU","1.358125e+05","0","0","0","0","3","1","1",2616,254
"2617","Sapporo","Office","CL4","ZoneC","AHP","FCU","1.239067e+05","0","0","0","0","3","1","1",2617,337
"2618","Sapporo","Office","CL5","ZoneC","GHP","MUL","2.121799e+03","0","0","0","0","3","1","1",2618,181
"2619","Sapporo","Office","CL5","ZoneC","ABCH","VAV","1.449919e+05","0","0","0","0","3","1","1",2619,357
"2620","Sapporo","Office","CL5","ZoneC","ABCH","VAVFCU","6.296012e+04","0","0","0","0","3","1","1",2620,350
"2621","Sapporo","Office","CL5","ZoneC","AB","FCU","6.454396e+04","0","0","0","0","3","1","1",2621,263
"2622","Sapporo","Office","CL5","ZoneC","AHP+TESICE","FCU","8.328914e+04","0","0","0","0","3","1","1",2622,368
"2623","Sapporo","Office","CL6","ZoneC","GHP","MUL","4.741104e+02","0","0","0","0","3","1","1",2623,222
"2624","Sapporo","Office","CL6","ZoneC","ABCH","VAVFCU","1.002370e+05","0","0","0","0","3","1","1",2624,156
"2625","Sapporo","Office","CL6","ZoneC","TB","FCU","5.733714e+04","0","0","0","0","3","1","1",2625,53
"2626","Sapporo","Office","CL6","ZoneC","AB","FCU","1.213016e+05","0","0","0","0","3","1","1",2626,285
"2627","Sapporo","Office","CL6","ZoneC","COM","FCU","9.731153e+04","0","0","0","0","3","1","1",2627,311
"2628","Sapporo","Office","CL6","ZoneC","AHP+TESICE","FCU","1.056721e+05","0","0","0","0","3","1","1",2628,40
"2629","Sapporo","Office","CL7","ZoneC","EHP","MUL","1.267330e+05","0","0","0","0","3","1","1",2629,65
"2630","Sapporo","Office","CL7","ZoneC","GHP","MUL","2.337496e+01","0","0","0","0","3","1","1",2630,378
"2631","Sapporo","Office","CL7","ZoneC","ABCH","VAV","9.304803e+04","0","0","0","0","3","1","1",2631,118
"2632","Sapporo","Office","CL7","ZoneC","ABCH","VAVFCU","7.841408e+04","0","0","0","0","3","1","1",2632,391
"2633","Sapporo","Office","CL7","ZoneC","ABCH","OHUFCU","1.181513e+05","0","0","0","0","3","1","1",2633,346
"2634","Sapporo","Office","CL7","ZoneC","AHP","FCU","1.343738e+05","0","0","0","0","3","1","1",2634,216
"2635","Sapporo","Office","CL7","ZoneC","AHP+TESICE","FCU","1.424014e+05","0","0","0","0","3","1","1",2635,42
"2636","Sapporo","Office","CL8c","ZoneA","EHP","MUL","2.713778e+04","0","0","0","0","3","1","1",2636,344
"2637","Sapporo","Office","CL8c","ZoneA","ABCH","VAV","5.529430e+04","0","0","0","0","3","1","1",2637,146
"2638","Sapporo","Office","CL8c","ZoneA","ABCH","FCU","1.082338e+05","0","0","0","0","3","1","1",2638,284
"2639","Sapporo","Office","CL8c","ZoneA","ABCH","VAVFCU","7.026884e+04","0","0","0","0","3","1","1",2639,247
"2640","Sapporo","Office","CL8c","ZoneA","ABCH","OHUFCU","6.279043e+04","0","0","0","0","3","1","1",2640,315
"2641","Sapporo","Office","CL8c","ZoneA","AHP","FCU","5.509186e+04","0","0","0","0","3","1","1",2641,219
"2642","Sapporo","Office","CL8c","ZoneA","COM","FCU","1.643356e+05","0","0","0","0","3","1","1",2642,90
"2643","Sapporo","Office","CL8c","ZoneA","AHP+TESICE","FCU","9.921815e+04","0","0","0","0","3","1","1",2643,130
"2644","Sapporo","Office","CL8c","ZoneA","COM+TESICE","FCU","7.878123e+04","0","0","0","0","3","1","1",2644,42
"2645","Sapporo","Office","CL9c","ZoneA","EHP","MUL","9.054473e+03","0","0","0","0","3","1","1",2645,361
"2646","Sapporo","Office","CL9c","ZoneA","ABCH","FCU","9.434066e+04","0","0","0","0","3","1","1",2646,157
"2647","Sapporo","Office","CL9c","ZoneA","ABCH","VAVFCU","1.115765e+05","0","0","0","0","3","1","1",2647,231
"2648","Sapporo","Office","CL9c","ZoneA","AB","VAVFCU","5.870365e+04","0","0","0","0","3","1","1",2648,195
"2649","Sapporo","Office","CL9c","ZoneA","COM","FCU","8.498764e+04","0","0","0","0","3","1","1",2649,71
"2650","Sapporo","Office","CL9c","ZoneA","COM","VAVFCU","1.005147e+05","0","0","0","0","3","1","1",2650,194
"2651","Sapporo","Office","CL9c","ZoneA","AHP+TESICE","VAVFCU","7.297421e+04","0","0","0","0","3","1","1",2651,5
"2652","Sapporo","Office","CL9c","ZoneA","COM+TESICE","VAVFCU","1.356576e+05","0","0","0","0","3","1","1",2652,244
"2653","Sendai","Office","CL1","ZoneC","EHP","MUL","1.284305e+05","0","0","0","0","3","1","1",2653,130
"2654","Sendai","Office","CL1","ZoneC","GHP","MUL","3.121005e+02","0","0","0","0","3","1","1",2654,154
"2655","Sendai","Office","CL2","ZoneC","GHP","MUL","4.964294e+03","0","0","0","0","3","1","1",2655,178
"2656","Sendai","Office","CL3","ZoneC","GHP","MUL","2.524948e+03","0","0","0","0","3","1","1",2656,382
"2657","Sendai","Office","CL3","ZoneC","ABCH","OHUFCU","8.194304e+04","0","0","0","0","3","1","1",2657,173
"2658","Sendai","Office","CL3","ZoneC","AHP","FCU","1.118315e+05","0","0","0","0","3","1","1",2658,270
"2659","Sendai","Office","CL4","ZoneC","GHP","MUL","1.471818e+03","0","0","0","0","3","1","1",2659,7
"2660","Sendai","Office","CL4","ZoneC","ABCH","VAV","7.054260e+04","0","0","0","0","3","1","1",2660,329
"2661","Sendai","Office","CL4","ZoneC","ABCH","OHUFCU","1.355213e+05","0","0","0","0","3","1","1",2661,161
"2662","Sendai","Office","CL4","ZoneC","AHP+TESICE","FCU","5.585622e+04","0","0","0","0","3","1","1",2662,356
"2663","Sendai","Office","CL5","ZoneC","GHP","MUL","5.816046e+02","0","0","0","0","3","1","1",2663,182
"2664","Sendai","Office","CL5","ZoneC","ABCH","VAV","1.167417e+05","0","0","0","0","3","1","1",2664,119
"2665","Sendai","Office","CL5","ZoneC","ABCH","VAVFCU","5.891306e+04","0","0","0","0","3","1","1",2665,79
"2666","Sendai","Office","CL5","ZoneC","AHP","OHUFCU","7.672178e+04","0","0","0","0","3","1","1",2666,370
"2667","Sendai","Office","CL5","ZoneC","COM","FCU","6.797444e+04","0","0","0","0","3","1","1",2667,276
"2668","Sendai","Office","CL5","ZoneC","AHP+TESICE","FCU","1.358435e+05","0","0","0","0","3","1","1",2668,61
"2669","Sendai","Office","CL6","ZoneC","GHP","MUL","1.088624e+02","0","0","0","0","3","1","1",2669,47
"2670","Sendai","Office","CL6","ZoneC","ABCH","VAV","1.214020e+05","0","0","0","0","3","1","1",2670,264
"2671","Sendai","Office","CL6","ZoneC","ABCH","VAVFCU","8.738831e+04","0","0","0","0","3","1","1",2671,185
"2672","Sendai","Office","CL6","ZoneC","COM","FCU","1.195238e+05","0","0","0","0","3","1","1",2672,400
"2673","Sendai","Office","CL7","ZoneC","EHP","MUL","1.238546e+05","0","0","0","0","3","1","1",2673,151
"2674","Sendai","Office","CL7","ZoneC","GHP","MUL","2.766743e+01","0","0","0","0","3","1","1",2674,285
"2675","Sendai","Office","CL7","ZoneC","ABCH","VAV","1.021193e+05","0","0","0","0","3","1","1",2675,287
"2676","Sendai","Office","CL7","ZoneC","ABCH","VAVFCU","9.737261e+04","0","0","0","0","3","1","1",2676,146
"2677","Sendai","Office","CL7","ZoneC","AHP","FCU","1.217761e+05","0","0","0","0","3","1","1",2677,244
"2678","Sendai","Office","CL7","ZoneC","AB","FCU","6.763134e+04","0","0","0","0","3","1","1",2678,317
"2679","Sendai","Office","CL7","ZoneC","COM","FCU","1.499398e+05","0","0","0","0","3","1","1",2679,319
"2680","Sendai","Office","CL7","ZoneC","AHP+TESICE","FCU","1.425101e+05","0","0","0","0","3","1","1",2680,173
"2681","Sendai","Office","CL8c","ZoneA","EHP","MUL","1.504162e+04","0","0","0","0","3","1","1",2681,132
"2682","Sendai","Office","CL8c","ZoneA","ABCH","FCU","1.418541e+05","0","0","0","0","3","1","1",2682,329
"2683","Sendai","Office","CL8c","ZoneA","ABCH","VAVFCU","9.089298e+04","0","0","0","0","3","1","1",2683,175
"2684","Sendai","Office","CL8c","ZoneA","COM","FCU","1.299071e+05","0","0","0","0","3","1","1",2684,311
"2685","Sendai","Office","CL8c","ZoneA","AHP+TESICE","FCU","8.187193e+04","0","0","0","0","3","1","1",2685,227
"2686","Sendai","Office","CL9c","ZoneA","EHP","MUL","7.312548e+02","0","0","0","0","3","1","1",2686,310
"2687","Sendai","Office","CL9c","ZoneA","ABCH","VAVFCU","6.594710e+04","0","0","0","0","3","1","1",2687,121
"2688","Tokyo","Office","CL1","ZoneC","EHP","MUL","7.982712e+04","0","0","0","0","1","1","1",2688,58
"2689","Tokyo","Office","CL1","ZoneC","EHP","MUL","1.409832e+04","0","0","0","0","2","1","1",2689,211
"2690","Tokyo","Office","CL1","ZoneC","GHP","MUL","6.334325e+01","0","0","0","0","1","1","1",2690,236
"2691","Tokyo","Office","CL2","ZoneC","EHP","MUL","3.011473e+04","1","0","0","0","1","1","1",2691,72
"2692","Tokyo","Office","CL2","ZoneC","GHP","MUL","3.606785e+03","0","0","0","0","1","1","1",2692,354
"2693","Tokyo","Office","CL2","ZoneC","GHP","MUL","6.539295e+02","0","0","0","0","2","1","1",2693,86
"2694","Tokyo","Office","CL2","ZoneC","ABCH","FCU","1.020045e+05","0","0","0","0","1","1","1",2694,71
"2695","Tokyo","Office","CL2","ZoneC","AHP","FCU","6.468714e+04","0","0","0","0","1","1","1",2695,252
"2696","Tokyo","Office","CL3","ZoneC","EHP","MUL","4.775808e+04","1","0","0","0","1","1","1",2696,369
"2697","Tokyo","Office","CL3","ZoneC","GHP","MUL","3.412823e+03","0","0","0","0","1","1","1",2697,5
"2698","Tokyo","Office","CL3","ZoneC","GHP","MUL","6.022629e+02","0","0","0","0","2","1","1",2698,181
"2699","Tokyo","Office","CL3","ZoneC","ABCH","FCU","1.040457e+05","0","0","0","0","2","1","1",2699,81
"2700","Tokyo","Office","CL3","ZoneC","ABCH","OHUFCU","7.802369e+04","0","0","0","0","1","1","1",2700,105
"2701","Tokyo","Office","CL4","ZoneC","EHP","MUL","6.777087e+04","1","0","0","0","1","1","1",2701,267
"2702","Tokyo","Office","CL4","ZoneC","GHP","MUL","3.089408e+03","0","0","0","0","1","1","1",2702,191
"2703","Tokyo","Office","CL4","ZoneC","GHP","MUL","5.451897e+02","0","0","0","0","2","1","1",2703,264
"2704","Tokyo","Office","CL4","ZoneC","ABCH","CAV","1.014429e+05","0","0","0","0","1","1","1",2704,153
"2705","Tokyo","Office","CL4","ZoneC","AHP","CAV","5.716338e+04","0","0","0","0","1","1","1",2705,287
"2706","Tokyo","Office","CL4","ZoneC","AHP","VAV","8.583561e+04","0","0","0","0","1","1","1",2706,311
"2707","Tokyo","Office","CL4","ZoneC","AHP","FCU","1.048924e+05","0","0","0","0","2","1","1",2707,119
"2708","Tokyo","Office","CL4","ZoneC","AHP","OHUFCU","9.800750e+04","0","0","0","0","1","1","1",2708,155
"2709","Tokyo","Office","CL4","ZoneC","AHP+TESICE","FCU","1.114472e+05","0","0","0","0","1","1","1",2709,380
"2710","Tokyo","Office","CL5","ZoneC","EHP","MUL","6.368886e+04","1","0","0","0","1","1","1",2710,26
"2711","Tokyo","Office","CL5","ZoneC","EHP","MUL","3.280941e+04","1","0","0","0","2","1","1",2711,241
"2712","Tokyo","Office","CL5","ZoneC","GHP","MUL","1.769706e+03","0","0","0","0","1","1","1",2712,202
"2713","Tokyo","Office","CL5","ZoneC","GHP","MUL","9.116668e+02","0","0","0","0","2","1","1",2713,331
"2714","Tokyo","Office","CL5","ZoneC","ABCH","CAV","1.420353e+05","0","0","0","0","1","1","1",2714,264
"2715","Tokyo","Office","CL5","ZoneC","ABCH","CAV","7.567132e+04","0","0","0","0","2","1","1",2715,222
"2716","Tokyo","Office","CL5","ZoneC","ABCH","FCU","2.598559e+04","0","1","0","0","1","1","1",2716,389
"2717","Tokyo","Office","CL5","ZoneC","ABCH","CAVFCU","8.534791e+04","0","0","0","0","1","1","1",2717,245
"2718","Tokyo","Office","CL5","ZoneC","ABCH","VAVFCU","1.343951e+05","0","0","0","0","1","1","1",2718,215
"2719","Tokyo","Office","CL5","ZoneC","ABCH","VAVFCU","7.160090e+04","0","0","0","0","2","1","1",2719,345
"2720","Tokyo","Office","CL5","ZoneC","AHP","CAV","7.411142e+04","0","0","0","0","1","1","1",2720,312
"2721","Tokyo","Office","CL5","ZoneC","AHP","VAV","1.191364e+05","0","0","0","0","2","1","1",2721,276
"2722","Tokyo","Office","CL5","ZoneC","AHP","VAVFCU","7.012491e+04","0","0","0","0","1","1","1",2722,117
"2723","Tokyo","Office","CL5","ZoneC","AHP","OHUFCU","1.462685e+05","0","0","0","0","2","1","1",2723,23
"2724","Tokyo","Office","CL5","ZoneC","COM","FCU","1.282342e+05","0","0","0","0","2","1","1",2724,273
"2725","Tokyo","Office","CL5","ZoneC","AHP+TESICE","VAV","7.544553e+04","0","0","0","0","1","1","1",2725,104
"2726","Tokyo","Office","CL5","ZoneC","AHP+TESICE","OHUFCU","9.262746e+04","0","0","0","0","1","1","1",2726,107
"2727","Tokyo","Office","CL6","ZoneC","EHP","MUL","2.753691e+04","1","0","0","0","1","1","1",2727,267
"2728","Tokyo","Office","CL6","ZoneC","GHP","MUL","5.255899e+02","0","0","0","0","1","1","1",2728,96
"2729","Tokyo","Office","CL6","ZoneC","GHP","MUL","2.707584e+02","0","0","0","0","2","1","1",2729,201
"2730","Tokyo","Office","CL6","ZoneC","ABCH","CAV","1.337672e+05","0","0","0","0","1","1","1",2730,228
"2731","Tokyo","Office","CL6","ZoneC","ABCH","CAV","6.979610e+04","0","0","0","0","2","1","1",2731,170
"2732","Tokyo","Office","CL6","ZoneC","ABCH","FCU","3.407826e+04","0","1","0","0","1","1","1",2732,20
"2733","Tokyo","Office","CL6","ZoneC","ABCH","CAVFCU","1.077194e+05","0","0","0","0","1","1","1",2733,83
"2734","Tokyo","Office","CL6","ZoneC","ABCH","CAVFCU","5.620505e+04","0","0","0","0","2","1","1",2734,60
"2735","Tokyo","Office","CL6","ZoneC","AHP","CAV","5.930974e+04","0","0","0","0","1","1","1",2735,84
"2736","Tokyo","Office","CL6","ZoneC","AHP","VAV","1.444186e+05","0","0","0","0","2","1","1",2736,214
"2737","Tokyo","Office","CL6","ZoneC","AHP","VAVFCU","1.339804e+05","0","0","0","0","1","1","1",2737,163
"2738","Tokyo","Office","CL6","ZoneC","AHP","VAVFCU","7.283281e+04","0","0","0","0","2","1","1",2738,231
"2739","Tokyo","Office","CL6","ZoneC","AB","FCU","8.330549e+04","0","0","0","0","1","1","1",2739,203
"2740","Tokyo","Office","CL6","ZoneC","COM","VAV","1.197727e+05","0","0","0","0","1","1","1",2740,150
"2741","Tokyo","Office","CL6","ZoneC","COM","VAV","6.901876e+04","0","0","0","0","2","1","1",2741,177
"2742","Tokyo","Office","CL6","ZoneC","COM","VAVFCU","6.040344e+04","0","0","0","0","1","1","1",2742,235
"2743","Tokyo","Office","CL6","ZoneC","COM","OHUFCU","1.338257e+05","0","0","0","0","1","1","1",2743,186
"2744","Tokyo","Office","CL6","ZoneC","COM","OHUFCU","7.711677e+04","0","0","0","0","2","1","1",2744,282
"2745","Tokyo","Office","CL6","ZoneC","AHP+TESICE","VAV","8.690013e+04","0","0","0","0","2","1","1",2745,26
"2746","Tokyo","Office","CL6","ZoneC","AHP+TESICE","VAVFCU","7.605275e+04","0","0","0","0","1","1","1",2746,348
"2747","Tokyo","Office","CL6","ZoneC","AHP+TESICE","OHUFCU","9.709617e+04","0","0","0","0","2","1","1",2747,213
"2748","Tokyo","Office","CL6","ZoneC","COM+TESICE","FCU","1.232357e+05","0","0","0","0","1","1","1",2748,180
"2749","Tokyo","Office","CL6","ZoneC","COM+TESICE","FCU","6.430106e+04","0","0","0","0","2","1","1",2749,152
"2750","Tokyo","Office","CL7","ZoneC","GHP","MUL","2.191676e+02","0","0","0","0","1","1","1",2750,21
"2751","Tokyo","Office","CL7","ZoneC","GHP","MUL","1.129045e+02","0","0","0","0","2","1","1",2751,68
"2752","Tokyo","Office","CL7","ZoneC","ABCH","CAV","1.186324e+05","0","0","0","0","1","1","1",2752,104
"2753","Tokyo","Office","CL7","ZoneC","ABCH","CAV","6.111366e+04","0","0","0","0","2","1","1",2753,294
"2754","Tokyo","Office","CL7","ZoneC","ABCH","FCU","3.959792e+04","0","1","0","0","1","1","1",2754,327
"2755","Tokyo","Office","CL7","ZoneC","ABCH","CAVFCU","1.136196e+05","0","0","0","0","1","1","1",2755,45
"2756","Tokyo","Office","CL7","ZoneC","ABCH","CAVFCU","5.853132e+04","0","0","0","0","2","1","1",2756,233
"2757","Tokyo","Office","CL7","ZoneC","AHP","VAVFCU","1.022378e+05","0","0","0","0","2","1","1",2757,16
"2758","Tokyo","Office","CL7","ZoneC","AHP","OHUFCU","1.470377e+05","0","0","0","0","2","1","1",2758,292
"2759","Tokyo","Office","CL7","ZoneC","AB","FCU","8.819386e+04","0","0","0","0","2","1","1",2759,354
"2760","Tokyo","Office","CL7","ZoneC","COM","VAV","1.339215e+05","0","0","0","0","2","1","1",2760,94
"2761","Tokyo","Office","CL7","ZoneC","COM","VAVFCU","8.991295e+04","0","0","0","0","2","1","1",2761,90
"2762","Tokyo","Office","CL7","ZoneC","COM","OHUFCU","1.293123e+05","0","0","0","0","2","1","1",2762,171
"2763","Tokyo","Office","CL7","ZoneC","AHP+TESICE","VAV","1.218559e+05","0","0","0","0","2","1","1",2763,221
"2764","Tokyo","Office","CL7","ZoneC","AHP+TESICE","VAVFCU","8.181224e+04","0","0","0","0","2","1","1",2764,169
"2765","Tokyo","Office","CL7","ZoneC","AHP+TESICE","OHUFCU","1.176619e+05","0","0","0","0","2","1","1",2765,199
"2766","Tokyo","Office","CL7","ZoneC","COM+TESICE","VAV","8.631893e+04","0","0","0","0","1","1","1",2766,97
"2767","Tokyo","Office","CL7","ZoneC","COM+TESICE","OHUFCU","8.334802e+04","0","0","0","0","1","1","1",2767,102
"2768","Tokyo","Office","CL8c","ZoneA","EHP","MUL","1.312946e+06","0","0","0","0","3","1","1",2768,86
"2769","Tokyo","Office","CL8c","ZoneA","GHP","MUL","1.382268e+02","0","0","0","0","3","1","1",2769,252
"2770","Tokyo","Office","CL8c","ZoneA","ABCH","CAV","1.439368e+05","0","0","0","0","3","1","1",2770,316
"2771","Tokyo","Office","CL8c","ZoneA","ABCH","VAV","1.531341e+06","0","0","0","0","3","1","1",2771,267
"2772","Tokyo","Office","CL8c","ZoneA","ABCH","FCU","2.373502e+06","0","0","0","0","3","1","1",2772,389
"2773","Tokyo","Office","CL8c","ZoneA","ABCH","FCU","6.367339e+04","0","1","0","0","3","1","1",2773,256
"2774","Tokyo","Office","CL8c","ZoneA","ABCH","CAVFCU","1.756856e+05","0","0","0","0","3","1","1",2774,44
"2775","Tokyo","Office","CL8c","ZoneA","ABCH","VAVFCU","1.447399e+06","0","0","0","0","3","1","1",2775,263
"2776","Tokyo","Office","CL8c","ZoneA","ABCH","OHUFCU","1.250496e+06","0","0","0","0","3","1","1",2776,235
"2777","Tokyo","Office","CL8c","ZoneA","AHP","VAV","4.478300e+05","0","0","0","0","3","1","1",2777,79
"2778","Tokyo","Office","CL8c","ZoneA","AHP","FCU","7.127352e+05","0","0","0","0","3","1","1",2778,387
"2779","Tokyo","Office","CL8c","ZoneA","AHP","CAVFCU","5.137803e+04","0","0","0","0","3","1","1",2779,326
"2780","Tokyo","Office","CL8c","ZoneA","AHP","VAVFCU","4.232818e+05","0","0","0","0","3","1","1",2780,242
"2781","Tokyo","Office","CL8c","ZoneA","AHP","OHUFCU","3.656988e+05","0","0","0","0","3","1","1",2781,41
"2782","Tokyo","Office","CL8c","ZoneA","TB","FCU","5.569750e+04","0","0","0","0","3","1","1",2782,329
"2783","Tokyo","Office","CL8c","ZoneA","AB","VAV","1.380342e+05","0","0","0","0","3","1","1",2783,294
"2784","Tokyo","Office","CL8c","ZoneA","AB","FCU","2.196856e+05","0","0","0","0","3","1","1",2784,38
"2785","Tokyo","Office","CL8c","ZoneA","AB","VAVFCU","1.304677e+05","0","0","0","0","3","1","1",2785,239
"2786","Tokyo","Office","CL8c","ZoneA","AB","OHUFCU","1.127189e+05","0","0","0","0","3","1","1",2786,243
"2787","Tokyo","Office","CL8c","ZoneA","COM","CAV","8.269634e+04","0","0","0","0","3","1","1",2787,250
"2788","Tokyo","Office","CL8c","ZoneA","COM","VAV","8.798049e+05","0","0","0","0","3","1","1",2788,80
"2789","Tokyo","Office","CL8c","ZoneA","COM","FCU","1.363654e+06","0","0","0","0","3","1","1",2789,140
"2790","Tokyo","Office","CL8c","ZoneA","COM","FCU","3.658243e+04","0","1","0","0","3","1","1",2790,399
"2791","Tokyo","Office","CL8c","ZoneA","COM","CAVFCU","1.009371e+05","0","0","0","0","3","1","1",2791,5
"2792","Tokyo","Office","CL8c","ZoneA","COM","VAVFCU","8.315777e+05","0","0","0","0","3","1","1",2792,399
"2793","Tokyo","Office","CL8c","ZoneA","COM","OHUFCU","7.184503e+05","0","0","0","0","3","1","1",2793,236
"2794","Tokyo","Office","CL8c","ZoneA","AHP+TESICE","CAV","5.150016e+04","0","0","0","0","3","1","1",2794,233
"2795","Tokyo","Office","CL8c","ZoneA","AHP+TESICE","VAV","5.479093e+05","0","0","0","0","3","1","1",2795,197
"2796","Tokyo","Office","CL8c","ZoneA","AHP+TESICE","FCU","8.720145e+05","0","0","0","0","3","1","1",2796,390
"2797","Tokyo","Office","CL8c","ZoneA","AHP+TESICE","CAVFCU","6.285980e+04","0","0","0","0","3","1","1",2797,256
"2798","Tokyo","Office","CL8c","ZoneA","AHP+TESICE","VAVFCU","5.178752e+05","0","0","0","0","3","1","1",2798,122
"2799","Tokyo","Office","CL8c","ZoneA","AHP+TESICE","OHUFCU","4.474237e+05","0","0","0","0","3","1","1",2799,58
"2800","Tokyo","Office","CL8c","ZoneA","COM+TESICE","VAV","4.054920e+05","0","0","0","0","3","1","1",2800,97
"2801","Tokyo","Office","CL8c","ZoneA","COM+TESICE","FCU","6.453530e+05","0","0","0","0","3","1","1",2801,334
"2802","Tokyo","Office","CL8c","ZoneA","COM+TESICE","VAVFCU","3.832647e+05","0","0","0","0","3","1","1",2802,128
"2803","Tokyo","Office","CL8c","ZoneA","COM+TESICE","OHUFCU","3.311255e+05","0","0","0","0","3","1","1",2803,302
"2804","Tokyo","Office","CL9c","ZoneA","EHP","MUL","3.887976e+05","0","0","0","0","3","1","1",2804,263
"2805","Tokyo","Office","CL9c","ZoneA","GHP","MUL","4.626708e+01","0","0","0","0","3","1","1",2805,350
"2806","Tokyo","Office","CL9c","ZoneA","ABCH","CAV","6.940415e+04","0","0","0","0","3","1","1",2806,140
"2807","Tokyo","Office","CL9c","ZoneA","ABCH","VAV","1.408548e+06","0","0","0","0","3","1","1",2807,82
"2808","Tokyo","Office","CL9c","ZoneA","ABCH","FCU","1.432477e+06","0","0","0","0","3","1","1",2808,343
"2809","Tokyo","Office","CL9c","ZoneA","ABCH","FCU","4.791020e+04","0","1","0","0","3","1","1",2809,393
"2810","Tokyo","Office","CL9c","ZoneA","ABCH","CAVFCU","1.158795e+05","0","0","0","0","3","1","1",2810,102
"2811","Tokyo","Office","CL9c","ZoneA","ABCH","VAVFCU","2.109063e+06","0","0","0","0","3","1","1",2811,236
"2812","Tokyo","Office","CL9c","ZoneA","ABCH","VAVFCU","2.676284e+04","1","0","1","0","3","1","1",2812,373
"2813","Tokyo","Office","CL9c","ZoneA","ABCH","VAVFCU","3.315994e+04","1","0","1","1","3","1","1",2813,1
"2814","Tokyo","Office","CL9c","ZoneA","ABCH","OHUFCU","9.114598e+05","0","0","0","0","3","1","1",2814,239
"2815","Tokyo","Office","CL9c","ZoneA","AHP","VAV","2.651034e+05","0","0","0","0","3","1","1",2815,158
"2816","Tokyo","Office","CL9c","ZoneA","AHP","FCU","2.786242e+05","0","0","0","0","3","1","1",2816,322
"2817","Tokyo","Office","CL9c","ZoneA","AHP","VAVFCU","4.082257e+05","0","0","0","0","3","1","1",2817,233
"2818","Tokyo","Office","CL9c","ZoneA","AHP","OHUFCU","1.715462e+05","0","0","0","0","3","1","1",2818,74
"2819","Tokyo","Office","CL9c","ZoneA","TB","VAVFCU","7.604175e+04","0","0","0","0","3","1","1",2819,200
"2820","Tokyo","Office","CL9c","ZoneA","AB","VAV","3.392114e+05","0","0","0","0","3","1","1",2820,27
"2821","Tokyo","Office","CL9c","ZoneA","AB","FCU","3.565118e+05","0","0","0","0","3","1","1",2821,39
"2822","Tokyo","Office","CL9c","ZoneA","AB","VAVFCU","5.223425e+05","0","0","0","0","3","1","1",2822,255
"2823","Tokyo","Office","CL9c","ZoneA","AB","OHUFCU","2.195008e+05","0","0","0","0","3","1","1",2823,323
"2824","Tokyo","Office","CL9c","ZoneA","COM","CAV","8.595897e+04","0","0","0","0","3","1","1",2824,239
"2825","Tokyo","Office","CL9c","ZoneA","COM","VAV","1.717522e+06","0","0","0","0","3","1","1",2825,336
"2826","Tokyo","Office","CL9c","ZoneA","COM","VAV","2.700390e+04","1","0","1","1","3","1","1",2826,132
"2827","Tokyo","Office","CL9c","ZoneA","COM","FCU","1.774162e+06","0","0","0","0","3","1","1",2827,235
"2828","Tokyo","Office","CL9c","ZoneA","COM","FCU","5.933812e+04","0","1","0","0","3","1","1",2828,267
"2829","Tokyo","Office","CL9c","ZoneA","COM","CAVFCU","1.435201e+05","0","0","0","0","3","1","1",2829,139
"2830","Tokyo","Office","CL9c","ZoneA","COM","VAVFCU","2.612133e+06","0","0","0","0","3","1","1",2830,133
"2831","Tokyo","Office","CL9c","ZoneA","COM","VAVFCU","3.314652e+04","1","0","1","0","3","1","1",2831,151
"2832","Tokyo","Office","CL9c","ZoneA","COM","VAVFCU","4.106950e+04","1","0","1","1","3","1","1",2832,104
"2833","Tokyo","Office","CL9c","ZoneA","COM","OHUFCU","1.128868e+06","0","0","0","0","3","1","1",2833,72
"2834","Tokyo","Office","CL9c","ZoneA","AHP+TESICE","VAV","6.235651e+05","0","0","0","0","3","1","1",2834,36
"2835","Tokyo","Office","CL9c","ZoneA","AHP+TESICE","FCU","6.553681e+05","0","0","0","0","3","1","1",2835,280
"2836","Tokyo","Office","CL9c","ZoneA","AHP+TESICE","CAVFCU","5.129994e+04","0","0","0","0","3","1","1",2836,341
"2837","Tokyo","Office","CL9c","ZoneA","AHP+TESICE","VAVFCU","9.602111e+05","0","0","0","0","3","1","1",2837,139
"2838","Tokyo","Office","CL9c","ZoneA","AHP+TESICE","OHUFCU","4.035037e+05","0","0","0","0","3","1","1",2838,219
"2839","Tokyo","Office","CL9c","ZoneA","COM+TESICE","CAV","7.194597e+04","0","0","0","0","3","1","1",2839,321
"2840","Tokyo","Office","CL9c","ZoneA","COM+TESICE","VAV","1.460134e+06","0","0","0","0","3","1","1",2840,161
"2841","Tokyo","Office","CL9c","ZoneA","COM+TESICE","FCU","1.484939e+06","0","0","0","0","3","1","1",2841,90
"2842","Tokyo","Office","CL9c","ZoneA","COM+TESICE","FCU","4.966484e+04","0","1","0","0","3","1","1",2842,313
"2843","Tokyo","Office","CL9c","ZoneA","COM+TESICE","CAVFCU","1.201235e+05","0","0","0","0","3","1","1",2843,280
"2844","Tokyo","Office","CL9c","ZoneA","COM+TESICE","VAVFCU","2.186304e+06","0","0","0","0","3","1","1",2844,259
"2845","Tokyo","Office","CL9c","ZoneA","COM+TESICE","VAVFCU","2.774299e+04","1","0","1","0","3","1","1",2845,44
"2846","Tokyo","Office","CL9c","ZoneA","COM+TESICE","VAVFCU","3.437437e+04","1","0","1","1","3","1","1",2846,249
"2847","Tokyo","Office","CL9c","ZoneA","COM+TESICE","OHUFCU","9.448406e+05","0","0","0","0","3","1","1",2847,223
"2848","Nigata","Office","CL1","ZoneC","EHP","MUL","3.938198e+04","0","0","0","0","2","1","1",2848,349
"2849","Nigata","Office","CL1","ZoneC","GHP","MUL","2.553565e+02","0","0","0","0","1","1","1",2849,14
"2850","Nigata","Office","CL2","ZoneC","GHP","MUL","1.378375e+03","0","0","0","0","1","1","1",2850,368
"2851","Nigata","Office","CL2","ZoneC","GHP","MUL","2.563958e+02","0","0","0","0","2","1","1",2851,34
"2852","Nigata","Office","CL2","ZoneC","ABCH","FCU","1.028822e+05","0","0","0","0","1","1","1",2852,18
"2853","Nigata","Office","CL3","ZoneC","GHP","MUL","9.690806e+02","0","0","0","0","1","1","1",2853,79
"2854","Nigata","Office","CL3","ZoneC","GHP","MUL","1.710142e+02","0","0","0","0","2","1","1",2854,399
"2855","Nigata","Office","CL3","ZoneC","ABCH","FCU","5.401500e+04","0","0","0","0","2","1","1",2855,195
"2856","Nigata","Office","CL3","ZoneC","AHP","FCU","9.214681e+04","0","0","0","0","1","1","1",2856,381
"2857","Nigata","Office","CL4","ZoneC","GHP","MUL","4.586064e+02","0","0","0","0","1","1","1",2857,350
"2858","Nigata","Office","CL4","ZoneC","GHP","MUL","8.093053e+01","0","0","0","0","2","1","1",2858,371
"2859","Nigata","Office","CL4","ZoneC","ABCH","FCU","8.421777e+04","0","0","0","0","2","1","1",2859,218
"2860","Nigata","Office","CL4","ZoneC","ABCH","OHUFCU","8.829417e+04","0","0","0","0","1","1","1",2860,143
"2861","Nigata","Office","CL4","ZoneC","AHP","FCU","1.333350e+05","0","0","0","0","1","1","1",2861,131
"2862","Nigata","Office","CL5","ZoneC","GHP","MUL","1.932756e+02","0","0","0","0","1","1","1",2862,262
"2863","Nigata","Office","CL5","ZoneC","GHP","MUL","9.956624e+01","0","0","0","0","2","1","1",2863,369
"2864","Nigata","Office","CL5","ZoneC","ABCH","VAV","6.293625e+04","0","0","0","0","1","1","1",2864,136
"2865","Nigata","Office","CL5","ZoneC","ABCH","OHUFCU","1.328926e+05","0","0","0","0","1","1","1",2865,58
"2866","Nigata","Office","CL5","ZoneC","ABCH","OHUFCU","8.710627e+04","0","0","0","0","2","1","1",2866,291
"2867","Nigata","Office","CL5","ZoneC","AHP","FCU","1.050279e+05","0","0","0","0","2","1","1",2867,199
"2868","Nigata","Office","CL5","ZoneC","AHP+TESICE","FCU","8.845447e+04","0","0","0","0","1","1","1",2868,107
"2869","Nigata","Office","CL6","ZoneC","EHP","MUL","1.365853e+05","0","0","0","0","2","1","1",2869,22
"2870","Nigata","Office","CL6","ZoneC","GHP","MUL","3.950437e+01","0","0","0","0","1","1","1",2870,365
"2871","Nigata","Office","CL6","ZoneC","GHP","MUL","2.035074e+01","0","0","0","0","2","1","1",2871,224
"2872","Nigata","Office","CL6","ZoneC","ABCH","VAV","8.040521e+04","0","0","0","0","1","1","1",2872,157
"2873","Nigata","Office","CL6","ZoneC","ABCH","VAVFCU","6.076206e+04","0","0","0","0","1","1","1",2873,39
"2874","Nigata","Office","CL6","ZoneC","ABCH","OHUFCU","1.468658e+05","0","0","0","0","1","1","1",2874,184
"2875","Nigata","Office","CL6","ZoneC","ABCH","OHUFCU","1.083500e+05","0","0","0","0","2","1","1",2875,363
"2876","Nigata","Office","CL6","ZoneC","AHP","FCU","9.308260e+04","0","0","0","0","2","1","1",2876,180
"2877","Nigata","Office","CL6","ZoneC","COM","FCU","9.773434e+04","0","0","0","0","1","1","1",2877,15
"2878","Nigata","Office","CL6","ZoneC","AHP+TESICE","FCU","1.363704e+05","0","0","0","0","1","1","1",2878,158
"2879","Nigata","Office","CL6","ZoneC","AHP+TESICE","FCU","7.771373e+04","0","0","0","0","2","1","1",2879,59
"2880","Nigata","Office","CL7","ZoneC","EHP","MUL","4.697947e+04","0","0","0","0","1","1","1",2880,179
"2881","Nigata","Office","CL7","ZoneC","EHP","MUL","2.420155e+04","0","0","0","0","2","1","1",2881,110
"2882","Nigata","Office","CL7","ZoneC","ABCH","FCU","1.451136e+05","0","0","0","0","2","1","1",2882,347
"2883","Nigata","Office","CL7","ZoneC","ABCH","OHUFCU","8.092566e+04","0","0","0","0","1","1","1",2883,268
"2884","Nigata","Office","CL7","ZoneC","ABCH","OHUFCU","7.657410e+04","0","0","0","0","2","1","1",2884,190
"2885","Nigata","Office","CL7","ZoneC","AHP","FCU","5.629365e+04","0","0","0","0","1","1","1",2885,271
"2886","Nigata","Office","CL7","ZoneC","COM","FCU","7.000833e+04","0","0","0","0","1","1","1",2886,73
"2887","Nigata","Office","CL7","ZoneC","AHP+TESICE","FCU","6.974717e+04","0","0","0","0","1","1","1",2887,156
"2888","Nigata","Office","CL8c","ZoneA","EHP","MUL","2.508508e+04","0","0","0","0","3","1","1",2888,335
"2889","Nigata","Office","CL8c","ZoneA","ABCH","VAV","5.281155e+04","0","0","0","0","3","1","1",2889,61
"2890","Nigata","Office","CL8c","ZoneA","ABCH","FCU","1.176131e+05","0","0","0","0","3","1","1",2890,290
"2891","Nigata","Office","CL8c","ZoneA","ABCH","VAVFCU","7.502073e+04","0","0","0","0","3","1","1",2891,91
"2892","Nigata","Office","CL8c","ZoneA","ABCH","OHUFCU","7.076853e+04","0","0","0","0","3","1","1",2892,383
"2893","Nigata","Office","CL8c","ZoneA","AHP","FCU","5.487627e+04","0","0","0","0","3","1","1",2893,383
"2894","Nigata","Office","CL8c","ZoneA","COM","FCU","1.761823e+05","0","0","0","0","3","1","1",2894,16
"2895","Nigata","Office","CL8c","ZoneA","AHP+TESICE","FCU","1.117542e+05","0","0","0","0","3","1","1",2895,377
"2896","Nigata","Office","CL8c","ZoneA","COM+TESICE","FCU","8.422816e+04","0","0","0","0","3","1","1",2896,139
"2897","Nigata","Office","CL9c","ZoneA","EHP","MUL","1.622648e+03","0","0","0","0","3","1","1",2897,148
"2898","Nigata","Office","CL9c","ZoneA","ABCH","VAVFCU","1.440439e+05","0","0","0","0","3","1","1",2898,382
"2899","Nagoya","Office","CL1","ZoneC","EHP","MUL","1.289387e+05","0","0","0","0","1","1","1",2899,194
"2900","Nagoya","Office","CL1","ZoneC","EHP","MUL","2.277461e+04","0","0","0","0","2","1","1",2900,266
"2901","Nagoya","Office","CL1","ZoneC","GHP","MUL","1.173988e+02","0","0","0","0","1","1","1",2901,250
"2902","Nagoya","Office","CL2","ZoneC","GHP","MUL","2.599601e+03","0","0","0","0","1","1","1",2902,67
"2903","Nagoya","Office","CL2","ZoneC","GHP","MUL","4.777143e+02","0","0","0","0","2","1","1",2903,200
"2904","Nagoya","Office","CL2","ZoneC","ABCH","FCU","1.143042e+05","0","0","0","0","1","1","1",2904,102
"2905","Nagoya","Office","CL2","ZoneC","AHP","FCU","6.195962e+04","0","0","0","0","1","1","1",2905,79
"2906","Nagoya","Office","CL3","ZoneC","EHP","MUL","2.719975e+04","1","0","0","0","1","1","1",2906,235
"2907","Nagoya","Office","CL3","ZoneC","GHP","MUL","2.388352e+03","0","0","0","0","1","1","1",2907,120
"2908","Nagoya","Office","CL3","ZoneC","GHP","MUL","4.214738e+02","0","0","0","0","2","1","1",2908,274
"2909","Nagoya","Office","CL3","ZoneC","ABCH","FCU","8.940334e+04","0","0","0","0","2","1","1",2909,214
"2910","Nagoya","Office","CL3","ZoneC","ABCH","OHUFCU","7.647393e+04","0","0","0","0","1","1","1",2910,141
"2911","Nagoya","Office","CL4","ZoneC","EHP","MUL","2.603771e+04","1","0","0","0","1","1","1",2911,291
"2912","Nagoya","Office","CL4","ZoneC","GHP","MUL","1.408621e+03","0","0","0","0","1","1","1",2912,162
"2913","Nagoya","Office","CL4","ZoneC","GHP","MUL","2.485801e+02","0","0","0","0","2","1","1",2913,1
"2914","Nagoya","Office","CL4","ZoneC","ABCH","CAV","5.568295e+04","0","0","0","0","1","1","1",2914,346
"2915","Nagoya","Office","CL4","ZoneC","ABCH","VAV","8.142521e+04","0","0","0","0","1","1","1",2915,227
"2916","Nagoya","Office","CL4","ZoneC","ABCH","OHUFCU","1.198193e+05","0","0","0","0","1","1","1",2916,310
"2917","Nagoya","Office","CL4","ZoneC","AHP","OHUFCU","7.110865e+04","0","0","0","0","1","1","1",2917,248
"2918","Nagoya","Office","CL4","ZoneC","AHP+TESICE","FCU","7.225374e+04","0","0","0","0","1","1","1",2918,193
"2919","Nagoya","Office","CL5","ZoneC","GHP","MUL","6.613592e+02","0","0","0","0","1","1","1",2919,360
"2920","Nagoya","Office","CL5","ZoneC","GHP","MUL","3.407002e+02","0","0","0","0","2","1","1",2920,57
"2921","Nagoya","Office","CL5","ZoneC","ABCH","CAV","5.809244e+04","0","0","0","0","1","1","1",2921,386
"2922","Nagoya","Office","CL5","ZoneC","ABCH","VAV","9.331526e+04","0","0","0","0","2","1","1",2922,21
"2923","Nagoya","Office","CL5","ZoneC","ABCH","VAVFCU","6.574523e+04","0","0","0","0","1","1","1",2923,63
"2924","Nagoya","Office","CL5","ZoneC","ABCH","OHUFCU","1.489816e+05","0","0","0","0","2","1","1",2924,225
"2925","Nagoya","Office","CL5","ZoneC","AHP","VAV","7.720731e+04","0","0","0","0","1","1","1",2925,99
"2926","Nagoya","Office","CL5","ZoneC","AHP","OHUFCU","1.232646e+05","0","0","0","0","1","1","1",2926,202
"2927","Nagoya","Office","CL5","ZoneC","AHP","OHUFCU","7.440214e+04","0","0","0","0","2","1","1",2927,199
"2928","Nagoya","Office","CL5","ZoneC","COM","FCU","1.075137e+05","0","0","0","0","1","1","1",2928,260
"2929","Nagoya","Office","CL5","ZoneC","COM","FCU","5.538584e+04","0","0","0","0","2","1","1",2929,143
"2930","Nagoya","Office","CL5","ZoneC","AHP+TESICE","FCU","1.074098e+05","0","0","0","0","2","1","1",2930,144
"2931","Nagoya","Office","CL6","ZoneC","GHP","MUL","1.477031e+02","0","0","0","0","1","1","1",2931,44
"2932","Nagoya","Office","CL6","ZoneC","GHP","MUL","7.608949e+01","0","0","0","0","2","1","1",2932,124
"2933","Nagoya","Office","CL6","ZoneC","ABCH","VAV","9.541785e+04","0","0","0","0","2","1","1",2933,373
"2934","Nagoya","Office","CL6","ZoneC","ABCH","VAVFCU","1.086759e+05","0","0","0","0","1","1","1",2934,39
"2935","Nagoya","Office","CL6","ZoneC","ABCH","VAVFCU","5.598455e+04","0","0","0","0","2","1","1",2935,71
"2936","Nagoya","Office","CL6","ZoneC","ABCH","OHUFCU","1.364398e+05","0","0","0","0","2","1","1",2936,182
"2937","Nagoya","Office","CL6","ZoneC","AHP","VAV","7.267711e+04","0","0","0","0","1","1","1",2937,287
"2938","Nagoya","Office","CL6","ZoneC","AHP","OHUFCU","1.039224e+05","0","0","0","0","1","1","1",2938,300
"2939","Nagoya","Office","CL6","ZoneC","COM","FCU","1.006750e+05","0","0","0","0","2","1","1",2939,376
"2940","Nagoya","Office","CL6","ZoneC","AHP+TESICE","FCU","1.387961e+05","0","0","0","0","2","1","1",2940,9
"2941","Nagoya","Office","CL6","ZoneC","AHP+TESICE","OHUFCU","8.151653e+04","0","0","0","0","1","1","1",2941,1
"2942","Nagoya","Office","CL7","ZoneC","GHP","MUL","4.801828e+01","0","0","0","0","1","1","1",2942,310
"2943","Nagoya","Office","CL7","ZoneC","GHP","MUL","2.473669e+01","0","0","0","0","2","1","1",2943,126
"2944","Nagoya","Office","CL7","ZoneC","ABCH","VAV","9.512664e+04","0","0","0","0","2","1","1",2944,2
"2945","Nagoya","Office","CL7","ZoneC","ABCH","VAVFCU","1.399655e+05","0","0","0","0","1","1","1",2945,338
"2946","Nagoya","Office","CL7","ZoneC","ABCH","VAVFCU","7.543441e+04","0","0","0","0","2","1","1",2946,384
"2947","Nagoya","Office","CL7","ZoneC","ABCH","OHUFCU","1.172107e+05","0","0","0","0","2","1","1",2947,69
"2948","Nagoya","Office","CL7","ZoneC","AHP","OHUFCU","9.383281e+04","0","0","0","0","1","1","1",2948,236
"2949","Nagoya","Office","CL7","ZoneC","COM","OHUFCU","9.615900e+04","0","0","0","0","1","1","1",2949,14
"2950","Nagoya","Office","CL7","ZoneC","AHP+TESICE","FCU","1.495213e+05","0","0","0","0","2","1","1",2950,201
"2951","Nagoya","Office","CL7","ZoneC","AHP+TESICE","OHUFCU","9.232030e+04","0","0","0","0","1","1","1",2951,40
"2952","Nagoya","Office","CL7","ZoneC","COM+TESICE","FCU","8.400474e+04","0","0","0","0","1","1","1",2952,236
"2953","Nagoya","Office","CL8c","ZoneA","EHP","MUL","1.087283e+05","0","0","0","0","3","1","1",2953,182
"2954","Nagoya","Office","CL8c","ZoneA","GHP","MUL","1.561842e+01","0","0","0","0","3","1","1",2954,112
"2955","Nagoya","Office","CL8c","ZoneA","ABCH","VAV","2.009466e+05","0","0","0","0","3","1","1",2955,223
"2956","Nagoya","Office","CL8c","ZoneA","ABCH","FCU","3.721154e+05","0","0","0","0","3","1","1",2956,115
"2957","Nagoya","Office","CL8c","ZoneA","ABCH","VAVFCU","2.418899e+05","0","0","0","0","3","1","1",2957,242
"2958","Nagoya","Office","CL8c","ZoneA","ABCH","OHUFCU","2.106187e+05","0","0","0","0","3","1","1",2958,176
"2959","Nagoya","Office","CL8c","ZoneA","AHP","FCU","2.027753e+05","0","0","0","0","3","1","1",2959,326
"2960","Nagoya","Office","CL8c","ZoneA","AB","FCU","1.315047e+05","0","0","0","0","3","1","1",2960,51
"2961","Nagoya","Office","CL8c","ZoneA","COM","VAV","1.121405e+05","0","0","0","0","3","1","1",2961,154
"2962","Nagoya","Office","CL8c","ZoneA","COM","FCU","2.076632e+05","0","0","0","0","3","1","1",2962,298
"2963","Nagoya","Office","CL8c","ZoneA","COM","VAVFCU","1.349894e+05","0","0","0","0","3","1","1",2963,182
"2964","Nagoya","Office","CL8c","ZoneA","COM","OHUFCU","1.175381e+05","0","0","0","0","3","1","1",2964,342
"2965","Nagoya","Office","CL8c","ZoneA","AHP+TESICE","VAV","6.675013e+04","0","0","0","0","3","1","1",2965,49
"2966","Nagoya","Office","CL8c","ZoneA","AHP+TESICE","FCU","1.236088e+05","0","0","0","0","3","1","1",2966,27
"2967","Nagoya","Office","CL8c","ZoneA","AHP+TESICE","VAVFCU","8.035063e+04","0","0","0","0","3","1","1",2967,202
"2968","Nagoya","Office","CL8c","ZoneA","AHP+TESICE","OHUFCU","6.996300e+04","0","0","0","0","3","1","1",2968,233
"2969","Nagoya","Office","CL8c","ZoneA","COM+TESICE","VAV","5.353495e+04","0","0","0","0","3","1","1",2969,376
"2970","Nagoya","Office","CL8c","ZoneA","COM+TESICE","FCU","9.913671e+04","0","0","0","0","3","1","1",2970,373
"2971","Nagoya","Office","CL8c","ZoneA","COM+TESICE","VAVFCU","6.444283e+04","0","0","0","0","3","1","1",2971,86
"2972","Nagoya","Office","CL8c","ZoneA","COM+TESICE","OHUFCU","5.611173e+04","0","0","0","0","3","1","1",2972,105
"2973","Nagoya","Office","CL9c","ZoneA","EHP","MUL","2.761742e+04","0","0","0","0","3","1","1",2973,286
"2974","Nagoya","Office","CL9c","ZoneA","ABCH","VAV","1.168909e+05","0","0","0","0","3","1","1",2974,195
"2975","Nagoya","Office","CL9c","ZoneA","ABCH","FCU","1.700970e+05","0","0","0","0","3","1","1",2975,242
"2976","Nagoya","Office","CL9c","ZoneA","ABCH","VAVFCU","2.025236e+05","0","0","0","0","3","1","1",2976,323
"2977","Nagoya","Office","CL9c","ZoneA","ABCH","OHUFCU","1.084250e+05","0","0","0","0","3","1","1",2977,138
"2978","Nagoya","Office","CL9c","ZoneA","AHP","VAVFCU","7.971751e+04","0","0","0","0","3","1","1",2978,210
"2979","Nagoya","Office","CL9c","ZoneA","AB","VAVFCU","1.645877e+05","0","0","0","0","3","1","1",2979,392
"2980","Nagoya","Office","CL9c","ZoneA","COM","VAV","1.068434e+05","0","0","0","0","3","1","1",2980,3
"2981","Nagoya","Office","CL9c","ZoneA","COM","FCU","1.554762e+05","0","0","0","0","3","1","1",2981,113
"2982","Nagoya","Office","CL9c","ZoneA","COM","VAVFCU","1.851156e+05","0","0","0","0","3","1","1",2982,156
"2983","Nagoya","Office","CL9c","ZoneA","COM","OHUFCU","9.910530e+04","0","0","0","0","3","1","1",2983,323
"2984","Nagoya","Office","CL9c","ZoneA","AHP+TESICE","FCU","9.794210e+04","0","0","0","0","3","1","1",2984,124
"2985","Nagoya","Office","CL9c","ZoneA","AHP+TESICE","VAVFCU","1.166134e+05","0","0","0","0","3","1","1",2985,22
"2986","Nagoya","Office","CL9c","ZoneA","COM+TESICE","VAV","7.822946e+04","0","0","0","0","3","1","1",2986,22
"2987","Nagoya","Office","CL9c","ZoneA","COM+TESICE","FCU","1.138378e+05","0","0","0","0","3","1","1",2987,20
"2988","Nagoya","Office","CL9c","ZoneA","COM+TESICE","VAVFCU","1.355393e+05","0","0","0","0","3","1","1",2988,277
"2989","Nagoya","Office","CL9c","ZoneA","COM+TESICE","OHUFCU","7.256369e+04","0","0","0","0","3","1","1",2989,392
"2990","Osaka","Office","CL1","ZoneC","EHP","MUL","1.206887e+05","0","0","0","0","1","1","1",2990,27
"2991","Osaka","Office","CL1","ZoneC","EHP","MUL","2.131512e+04","0","0","0","0","2","1","1",2991,370
"2992","Osaka","Office","CL1","ZoneC","GHP","MUL","9.701777e+01","0","0","0","0","1","1","1",2992,156
"2993","Osaka","Office","CL2","ZoneC","GHP","MUL","2.256813e+03","0","0","0","0","1","1","1",2993,277
"2994","Osaka","Office","CL2","ZoneC","GHP","MUL","4.111429e+02","0","0","0","0","2","1","1",2994,16
"2995","Osaka","Office","CL2","ZoneC","ABCH","FCU","1.249330e+05","0","0","0","0","1","1","1",2995,375
"2996","Osaka","Office","CL3","ZoneC","EHP","MUL","2.953297e+04","1","0","0","0","1","1","1",2996,271
"2997","Osaka","Office","CL3","ZoneC","GHP","MUL","2.043458e+03","0","0","0","0","1","1","1",2997,85
"2998","Osaka","Office","CL3","ZoneC","GHP","MUL","3.606103e+02","0","0","0","0","2","1","1",2998,75
"2999","Osaka","Office","CL3","ZoneC","ABCH","FCU","7.364662e+04","0","0","0","0","2","1","1",2999,237
"3000","Osaka","Office","CL4","ZoneC","EHP","MUL","3.786622e+04","1","0","0","0","1","1","1",3000,117
"3001","Osaka","Office","CL4","ZoneC","GHP","MUL","1.742266e+03","0","0","0","0","1","1","1",3001,72
"3002","Osaka","Office","CL4","ZoneC","GHP","MUL","3.074586e+02","0","0","0","0","2","1","1",3002,378
"3003","Osaka","Office","CL4","ZoneC","ABCH","CAV","6.187451e+04","0","0","0","0","1","1","1",3003,384
"3004","Osaka","Office","CL4","ZoneC","ABCH","VAV","9.066560e+04","0","0","0","0","1","1","1",3004,35
"3005","Osaka","Office","CL4","ZoneC","ABCH","FCU","1.186824e+05","0","0","0","0","2","1","1",3005,28
"3006","Osaka","Office","CL4","ZoneC","ABCH","OHUFCU","1.148747e+05","0","0","0","0","1","1","1",3006,322
"3007","Osaka","Office","CL4","ZoneC","AHP","FCU","6.474349e+04","0","0","0","0","2","1","1",3007,129
"3008","Osaka","Office","CL4","ZoneC","AHP","OHUFCU","8.295008e+04","0","0","0","0","1","1","1",3008,303
"3009","Osaka","Office","CL4","ZoneC","AHP+TESICE","FCU","7.530282e+04","0","0","0","0","1","1","1",3009,49
"3010","Osaka","Office","CL5","ZoneC","EHP","MUL","3.286775e+04","1","0","0","0","1","1","1",3010,321
"3011","Osaka","Office","CL5","ZoneC","GHP","MUL","9.718924e+02","0","0","0","0","1","1","1",3011,13
"3012","Osaka","Office","CL5","ZoneC","GHP","MUL","5.006718e+02","0","0","0","0","2","1","1",3012,332
"3013","Osaka","Office","CL5","ZoneC","ABCH","CAV","7.801049e+04","0","0","0","0","1","1","1",3013,28
"3014","Osaka","Office","CL5","ZoneC","ABCH","VAV","1.285471e+05","0","0","0","0","2","1","1",3014,66
"3015","Osaka","Office","CL5","ZoneC","ABCH","CAVFCU","5.004339e+04","0","0","0","0","1","1","1",3015,232
"3016","Osaka","Office","CL5","ZoneC","ABCH","VAVFCU","7.762600e+04","0","0","0","0","1","1","1",3016,225
"3017","Osaka","Office","CL5","ZoneC","AHP","VAV","1.205606e+05","0","0","0","0","1","1","1",3017,262
"3018","Osaka","Office","CL5","ZoneC","AHP","VAV","6.210696e+04","0","0","0","0","2","1","1",3018,105
"3019","Osaka","Office","CL5","ZoneC","AHP","OHUFCU","8.315013e+04","0","0","0","0","2","1","1",3019,303
"3020","Osaka","Office","CL5","ZoneC","COM","FCU","1.411443e+05","0","0","0","0","1","1","1",3020,310
"3021","Osaka","Office","CL5","ZoneC","COM","FCU","7.271070e+04","0","0","0","0","2","1","1",3021,339
"3022","Osaka","Office","CL5","ZoneC","AHP+TESICE","FCU","1.299045e+05","0","0","0","0","2","1","1",3022,207
"3023","Osaka","Office","CL6","ZoneC","GHP","MUL","2.673920e+02","0","0","0","0","1","1","1",3023,83
"3024","Osaka","Office","CL6","ZoneC","GHP","MUL","1.377474e+02","0","0","0","0","2","1","1",3024,363
"3025","Osaka","Office","CL6","ZoneC","ABCH","CAV","6.448356e+04","0","0","0","0","1","1","1",3025,68
"3026","Osaka","Office","CL6","ZoneC","ABCH","CAVFCU","5.241910e+04","0","0","0","0","1","1","1",3026,341
"3027","Osaka","Office","CL6","ZoneC","ABCH","VAVFCU","1.381319e+05","0","0","0","0","1","1","1",3027,19
"3028","Osaka","Office","CL6","ZoneC","ABCH","VAVFCU","7.824088e+04","0","0","0","0","2","1","1",3028,40
"3029","Osaka","Office","CL6","ZoneC","AHP","VAV","1.173725e+05","0","0","0","0","1","1","1",3029,210
"3030","Osaka","Office","CL6","ZoneC","AHP","VAV","6.795638e+04","0","0","0","0","2","1","1",3030,222
"3031","Osaka","Office","CL6","ZoneC","AHP","VAVFCU","6.088447e+04","0","0","0","0","1","1","1",3031,160
"3032","Osaka","Office","CL6","ZoneC","AHP","OHUFCU","1.426043e+05","0","0","0","0","1","1","1",3032,6
"3033","Osaka","Office","CL6","ZoneC","AHP","OHUFCU","8.256511e+04","0","0","0","0","2","1","1",3033,74
"3034","Osaka","Office","CL6","ZoneC","COM","OHUFCU","8.604120e+04","0","0","0","0","1","1","1",3034,231
"3035","Osaka","Office","CL6","ZoneC","AHP+TESICE","VAV","7.437024e+04","0","0","0","0","1","1","1",3035,166
"3036","Osaka","Office","CL6","ZoneC","AHP+TESICE","OHUFCU","9.035778e+04","0","0","0","0","1","1","1",3036,7
"3037","Osaka","Office","CL6","ZoneC","COM+TESICE","FCU","5.561440e+04","0","0","0","0","1","1","1",3037,176
"3038","Osaka","Office","CL7","ZoneC","GHP","MUL","1.023040e+02","0","0","0","0","1","1","1",3038,317
"3039","Osaka","Office","CL7","ZoneC","GHP","MUL","5.270207e+01","0","0","0","0","2","1","1",3039,393
"3040","Osaka","Office","CL7","ZoneC","ABCH","CAV","5.453992e+04","0","0","0","0","1","1","1",3040,316
"3041","Osaka","Office","CL7","ZoneC","ABCH","CAVFCU","5.370958e+04","0","0","0","0","1","1","1",3041,164
"3042","Osaka","Office","CL7","ZoneC","ABCH","VAVFCU","1.338915e+05","0","0","0","0","2","1","1",3042,384
"3043","Osaka","Office","CL7","ZoneC","AHP","VAV","1.237603e+05","0","0","0","0","1","1","1",3043,256
"3044","Osaka","Office","CL7","ZoneC","AHP","VAV","7.602286e+04","0","0","0","0","2","1","1",3044,343
"3045","Osaka","Office","CL7","ZoneC","AHP","VAVFCU","8.659570e+04","0","0","0","0","1","1","1",3045,170
"3046","Osaka","Office","CL7","ZoneC","AHP","OHUFCU","1.280235e+05","0","0","0","0","1","1","1",3046,203
"3047","Osaka","Office","CL7","ZoneC","AHP","OHUFCU","7.864165e+04","0","0","0","0","2","1","1",3047,316
"3048","Osaka","Office","CL7","ZoneC","AB","FCU","8.066596e+04","0","0","0","0","1","1","1",3048,20
"3049","Osaka","Office","CL7","ZoneC","COM","VAV","1.138655e+05","0","0","0","0","1","1","1",3049,108
"3050","Osaka","Office","CL7","ZoneC","COM","VAV","6.994474e+04","0","0","0","0","2","1","1",3050,46
"3051","Osaka","Office","CL7","ZoneC","COM","VAVFCU","7.967227e+04","0","0","0","0","1","1","1",3051,56
"3052","Osaka","Office","CL7","ZoneC","COM","OHUFCU","1.177879e+05","0","0","0","0","1","1","1",3052,265
"3053","Osaka","Office","CL7","ZoneC","COM","OHUFCU","7.235416e+04","0","0","0","0","2","1","1",3053,247
"3054","Osaka","Office","CL7","ZoneC","AHP+TESICE","VAV","1.054293e+05","0","0","0","0","1","1","1",3054,131
"3055","Osaka","Office","CL7","ZoneC","AHP+TESICE","VAV","6.476257e+04","0","0","0","0","2","1","1",3055,110
"3056","Osaka","Office","CL7","ZoneC","AHP+TESICE","FCU","1.404607e+05","0","0","0","0","2","1","1",3056,27
"3057","Osaka","Office","CL7","ZoneC","AHP+TESICE","VAVFCU","7.376940e+04","0","0","0","0","1","1","1",3057,136
"3058","Osaka","Office","CL7","ZoneC","AHP+TESICE","OHUFCU","1.090611e+05","0","0","0","0","1","1","1",3058,86
"3059","Osaka","Office","CL7","ZoneC","AHP+TESICE","OHUFCU","6.699348e+04","0","0","0","0","2","1","1",3059,221
"3060","Osaka","Office","CL7","ZoneC","COM+TESICE","FCU","8.546024e+04","0","0","0","0","2","1","1",3060,92
"3061","Osaka","Office","CL8c","ZoneA","EHP","MUL","4.378785e+05","0","0","0","0","3","1","1",3061,234
"3062","Osaka","Office","CL8c","ZoneA","GHP","MUL","5.624636e+01","0","0","0","0","3","1","1",3062,25
"3063","Osaka","Office","CL8c","ZoneA","ABCH","CAV","5.438285e+04","0","0","0","0","3","1","1",3063,231
"3064","Osaka","Office","CL8c","ZoneA","ABCH","VAV","5.353579e+05","0","0","0","0","3","1","1",3064,73
"3065","Osaka","Office","CL8c","ZoneA","ABCH","FCU","8.624255e+05","0","0","0","0","3","1","1",3065,110
"3066","Osaka","Office","CL8c","ZoneA","ABCH","FCU","2.603943e+04","0","1","0","0","3","1","1",3066,338
"3067","Osaka","Office","CL8c","ZoneA","ABCH","CAVFCU","6.721275e+04","0","0","0","0","3","1","1",3067,211
"3068","Osaka","Office","CL8c","ZoneA","ABCH","VAVFCU","5.257274e+05","0","0","0","0","3","1","1",3068,7
"3069","Osaka","Office","CL8c","ZoneA","ABCH","OHUFCU","4.761442e+05","0","0","0","0","3","1","1",3069,360
"3070","Osaka","Office","CL8c","ZoneA","AHP","VAV","1.506044e+05","0","0","0","0","3","1","1",3070,353
"3071","Osaka","Office","CL8c","ZoneA","AHP","FCU","2.499388e+05","0","0","0","0","3","1","1",3071,262
"3072","Osaka","Office","CL8c","ZoneA","AHP","VAVFCU","1.478952e+05","0","0","0","0","3","1","1",3072,183
"3073","Osaka","Office","CL8c","ZoneA","AHP","OHUFCU","1.339467e+05","0","0","0","0","3","1","1",3073,223
"3074","Osaka","Office","CL8c","ZoneA","AB","FCU","2.232579e+05","0","0","0","0","3","1","1",3074,189
"3075","Osaka","Office","CL8c","ZoneA","COM","VAV","3.141772e+05","0","0","0","0","3","1","1",3075,265
"3076","Osaka","Office","CL8c","ZoneA","COM","FCU","5.213996e+05","0","0","0","0","3","1","1",3076,71
"3077","Osaka","Office","CL8c","ZoneA","COM","VAVFCU","3.085255e+05","0","0","0","0","3","1","1",3077,262
"3078","Osaka","Office","CL8c","ZoneA","COM","OHUFCU","2.794274e+05","0","0","0","0","3","1","1",3078,263
"3079","Osaka","Office","CL8c","ZoneA","AHP+TESICE","VAV","2.001010e+05","0","0","0","0","3","1","1",3079,319
"3080","Osaka","Office","CL8c","ZoneA","AHP+TESICE","FCU","3.320820e+05","0","0","0","0","3","1","1",3080,133
"3081","Osaka","Office","CL8c","ZoneA","AHP+TESICE","VAVFCU","1.965014e+05","0","0","0","0","3","1","1",3081,275
"3082","Osaka","Office","CL8c","ZoneA","AHP+TESICE","OHUFCU","1.779687e+05","0","0","0","0","3","1","1",3082,262
"3083","Osaka","Office","CL8c","ZoneA","COM+TESICE","VAV","1.395855e+05","0","0","0","0","3","1","1",3083,108
"3084","Osaka","Office","CL8c","ZoneA","COM+TESICE","FCU","2.316522e+05","0","0","0","0","3","1","1",3084,8
"3085","Osaka","Office","CL8c","ZoneA","COM+TESICE","VAVFCU","1.370745e+05","0","0","0","0","3","1","1",3085,34
"3086","Osaka","Office","CL8c","ZoneA","COM+TESICE","OHUFCU","1.241465e+05","0","0","0","0","3","1","1",3086,305
"3087","Osaka","Office","CL9c","ZoneA","EHP","MUL","7.224192e+04","0","0","0","0","3","1","1",3087,56
"3088","Osaka","Office","CL9c","ZoneA","GHP","MUL","1.053072e+01","0","0","0","0","3","1","1",3088,394
"3089","Osaka","Office","CL9c","ZoneA","ABCH","VAV","2.832264e+05","0","0","0","0","3","1","1",3089,327
"3090","Osaka","Office","CL9c","ZoneA","ABCH","FCU","3.508270e+05","0","0","0","0","3","1","1",3090,81
"3091","Osaka","Office","CL9c","ZoneA","ABCH","VAVFCU","4.298348e+05","0","0","0","0","3","1","1",3091,134
"3092","Osaka","Office","CL9c","ZoneA","ABCH","OHUFCU","2.170075e+05","0","0","0","0","3","1","1",3092,135
"3093","Osaka","Office","CL9c","ZoneA","AHP","FCU","8.695053e+04","0","0","0","0","3","1","1",3093,387
"3094","Osaka","Office","CL9c","ZoneA","AHP","VAVFCU","1.065322e+05","0","0","0","0","3","1","1",3094,67
"3095","Osaka","Office","CL9c","ZoneA","AB","VAV","7.499584e+04","0","0","0","0","3","1","1",3095,290
"3096","Osaka","Office","CL9c","ZoneA","AB","FCU","9.289587e+04","0","0","0","0","3","1","1",3096,354
"3097","Osaka","Office","CL9c","ZoneA","AB","VAVFCU","1.138164e+05","0","0","0","0","3","1","1",3097,216
"3098","Osaka","Office","CL9c","ZoneA","AB","OHUFCU","5.746165e+04","0","0","0","0","3","1","1",3098,171
"3099","Osaka","Office","CL9c","ZoneA","COM","VAV","2.641896e+05","0","0","0","0","3","1","1",3099,292
"3100","Osaka","Office","CL9c","ZoneA","COM","FCU","3.272464e+05","0","0","0","0","3","1","1",3100,120
"3101","Osaka","Office","CL9c","ZoneA","COM","VAVFCU","4.009438e+05","0","0","0","0","3","1","1",3101,163
"3102","Osaka","Office","CL9c","ZoneA","COM","OHUFCU","2.024215e+05","0","0","0","0","3","1","1",3102,154
"3103","Osaka","Office","CL9c","ZoneA","AHP+TESICE","VAV","9.987249e+04","0","0","0","0","3","1","1",3103,302
"3104","Osaka","Office","CL9c","ZoneA","AHP+TESICE","FCU","1.237101e+05","0","0","0","0","3","1","1",3104,22
"3105","Osaka","Office","CL9c","ZoneA","AHP+TESICE","VAVFCU","1.515702e+05","0","0","0","0","3","1","1",3105,177
"3106","Osaka","Office","CL9c","ZoneA","AHP+TESICE","OHUFCU","7.652208e+04","0","0","0","0","3","1","1",3106,393
"3107","Osaka","Office","CL9c","ZoneA","COM+TESICE","VAV","1.963477e+05","0","0","0","0","3","1","1",3107,229
"3108","Osaka","Office","CL9c","ZoneA","COM+TESICE","FCU","2.432120e+05","0","0","0","0","3","1","1",3108,157
"3109","Osaka","Office","CL9c","ZoneA","COM+TESICE","VAVFCU","2.979844e+05","0","0","0","0","3","1","1",3109,15
"3110","Osaka","Office","CL9c","ZoneA","COM+TESICE","OHUFCU","1.504412e+05","0","0","0","0","3","1","1",3110,37
"3111","Hiroshima","Office","CL1","ZoneC","EHP","MUL","7.720757e+04","0","0","0","0","1","1","1",3111,378
"3112","Hiroshima","Office","CL1","ZoneC","EHP","MUL","1.363301e+04","0","0","0","0","2","1","1",3112,355
"3113","Hiroshima","Office","CL1","ZoneC","GHP","MUL","4.612247e+01","0","0","0","0","1","1","1",3113,229
"3114","Hiroshima","Office","CL2","ZoneC","GHP","MUL","8.050643e+02","0","0","0","0","1","1","1",3114,120
"3115","Hiroshima","Office","CL2","ZoneC","GHP","MUL","1.482214e+02","0","0","0","0","2","1","1",3115,359
"3116","Hiroshima","Office","CL2","ZoneC","ABCH","FCU","8.764307e+04","0","0","0","0","1","1","1",3116,121
"3117","Hiroshima","Office","CL3","ZoneC","GHP","MUL","7.482222e+02","0","0","0","0","1","1","1",3117,197
"3118","Hiroshima","Office","CL3","ZoneC","GHP","MUL","1.469555e+02","0","0","0","0","2","1","1",3118,110
"3119","Hiroshima","Office","CL3","ZoneC","AHP","FCU","9.291420e+04","0","0","0","0","1","1","1",3119,31
"3120","Hiroshima","Office","CL4","ZoneC","GHP","MUL","5.018124e+02","0","0","0","0","1","1","1",3120,172
"3121","Hiroshima","Office","CL4","ZoneC","GHP","MUL","8.855513e+01","0","0","0","0","2","1","1",3121,127
"3122","Hiroshima","Office","CL4","ZoneC","ABCH","FCU","9.162553e+04","0","0","0","0","2","1","1",3122,381
"3123","Hiroshima","Office","CL4","ZoneC","ABCH","OHUFCU","8.787273e+04","0","0","0","0","1","1","1",3123,259
"3124","Hiroshima","Office","CL5","ZoneC","GHP","MUL","2.097430e+02","0","0","0","0","1","1","1",3124,194
"3125","Hiroshima","Office","CL5","ZoneC","GHP","MUL","1.080494e+02","0","0","0","0","2","1","1",3125,138
"3126","Hiroshima","Office","CL5","ZoneC","ABCH","VAV","7.420097e+04","0","0","0","0","1","1","1",3126,110
"3127","Hiroshima","Office","CL5","ZoneC","ABCH","OHUFCU","1.402604e+05","0","0","0","0","1","1","1",3127,153
"3128","Hiroshima","Office","CL5","ZoneC","ABCH","OHUFCU","8.292076e+04","0","0","0","0","2","1","1",3128,46
"3129","Hiroshima","Office","CL5","ZoneC","AHP","FCU","1.322935e+05","0","0","0","0","2","1","1",3129,380
"3130","Hiroshima","Office","CL5","ZoneC","AHP","OHUFCU","7.165338e+04","0","0","0","0","1","1","1",3130,102
"3131","Hiroshima","Office","CL5","ZoneC","AHP+TESICE","FCU","1.143958e+05","0","0","0","0","1","1","1",3131,215
"3132","Hiroshima","Office","CL5","ZoneC","AHP+TESICE","FCU","5.893117e+04","0","0","0","0","2","1","1",3132,211
"3133","Hiroshima","Office","CL6","ZoneC","GHP","MUL","4.225024e+01","0","0","0","0","1","1","1",3133,86
"3134","Hiroshima","Office","CL6","ZoneC","GHP","MUL","2.176528e+01","0","0","0","0","2","1","1",3134,390
"3135","Hiroshima","Office","CL6","ZoneC","ABCH","VAV","7.144175e+04","0","0","0","0","1","1","1",3135,293
"3136","Hiroshima","Office","CL6","ZoneC","ABCH","OHUFCU","1.204035e+05","0","0","0","0","1","1","1",3136,51
"3137","Hiroshima","Office","CL6","ZoneC","ABCH","OHUFCU","8.084627e+04","0","0","0","0","2","1","1",3137,375
"3138","Hiroshima","Office","CL6","ZoneC","AHP","FCU","9.674158e+04","0","0","0","0","2","1","1",3138,355
"3139","Hiroshima","Office","CL6","ZoneC","COM","FCU","7.951380e+04","0","0","0","0","1","1","1",3139,7
"3140","Hiroshima","Office","CL6","ZoneC","AHP+TESICE","FCU","1.225426e+05","0","0","0","0","1","1","1",3140,380
"3141","Hiroshima","Office","CL6","ZoneC","AHP+TESICE","FCU","6.972631e+04","0","0","0","0","2","1","1",3141,172
"3142","Hiroshima","Office","CL7","ZoneC","EHP","MUL","7.259714e+04","0","0","0","0","1","1","1",3142,74
"3143","Hiroshima","Office","CL7","ZoneC","EHP","MUL","3.740459e+04","0","0","0","0","2","1","1",3143,370
"3144","Hiroshima","Office","CL7","ZoneC","GHP","MUL","1.177828e+01","0","0","0","0","1","1","1",3144,206
"3145","Hiroshima","Office","CL7","ZoneC","ABCH","VAV","6.326215e+04","0","0","0","0","1","1","1",3145,144
"3146","Hiroshima","Office","CL7","ZoneC","ABCH","OHUFCU","8.853601e+04","0","0","0","0","1","1","1",3146,337
"3147","Hiroshima","Office","CL7","ZoneC","ABCH","OHUFCU","1.043717e+05","0","0","0","0","2","1","1",3147,185
"3148","Hiroshima","Office","CL7","ZoneC","AHP","FCU","8.184444e+04","0","0","0","0","1","1","1",3148,53
"3149","Hiroshima","Office","CL7","ZoneC","COM","FCU","9.722729e+04","0","0","0","0","1","1","1",3149,6
"3150","Hiroshima","Office","CL7","ZoneC","AHP+TESICE","FCU","9.339329e+04","0","0","0","0","1","1","1",3150,158
"3151","Hiroshima","Office","CL8c","ZoneA","EHP","MUL","3.450782e+04","0","0","0","0","3","1","1",3151,188
"3152","Hiroshima","Office","CL8c","ZoneA","ABCH","VAV","6.990064e+04","0","0","0","0","3","1","1",3152,108
"3153","Hiroshima","Office","CL8c","ZoneA","ABCH","FCU","1.411845e+05","0","0","0","0","3","1","1",3153,54
"3154","Hiroshima","Office","CL8c","ZoneA","ABCH","VAVFCU","9.121398e+04","0","0","0","0","3","1","1",3154,310
"3155","Hiroshima","Office","CL8c","ZoneA","ABCH","OHUFCU","8.228372e+04","0","0","0","0","3","1","1",3155,248
"3156","Hiroshima","Office","CL8c","ZoneA","AHP","FCU","7.158404e+04","0","0","0","0","3","1","1",3156,275
"3157","Hiroshima","Office","CL8c","ZoneA","COM","FCU","2.156414e+05","0","0","0","0","3","1","1",3157,149
"3158","Hiroshima","Office","CL8c","ZoneA","AHP+TESICE","FCU","1.322641e+05","0","0","0","0","3","1","1",3158,181
"3159","Hiroshima","Office","CL8c","ZoneA","COM+TESICE","FCU","1.031233e+05","0","0","0","0","3","1","1",3159,159
"3160","Matsuyama","Office","CL1","ZoneC","EHP","MUL","8.140852e+04","0","0","0","0","1","1","1",3160,35
"3161","Matsuyama","Office","CL1","ZoneC","EHP","MUL","1.437590e+04","0","0","0","0","2","1","1",3161,109
"3162","Matsuyama","Office","CL1","ZoneC","GHP","MUL","5.493864e+01","0","0","0","0","1","1","1",3162,305
"3163","Matsuyama","Office","CL2","ZoneC","GHP","MUL","5.027265e+02","0","0","0","0","1","1","1",3163,34
"3164","Matsuyama","Office","CL2","ZoneC","GHP","MUL","8.871644e+01","0","0","0","0","2","1","1",3164,50
"3165","Matsuyama","Office","CL3","ZoneC","GHP","MUL","2.948232e+02","0","0","0","0","1","1","1",3165,85
"3166","Matsuyama","Office","CL3","ZoneC","GHP","MUL","5.787393e+01","0","0","0","0","2","1","1",3166,8
"3167","Matsuyama","Office","CL3","ZoneC","ABCH","FCU","1.243725e+05","0","0","0","0","1","1","1",3167,364
"3168","Matsuyama","Office","CL4","ZoneC","GHP","MUL","2.262027e+02","0","0","0","0","1","1","1",3168,237
"3169","Matsuyama","Office","CL4","ZoneC","GHP","MUL","3.991812e+01","0","0","0","0","2","1","1",3169,123
"3170","Matsuyama","Office","CL4","ZoneC","ABCH","FCU","5.157040e+04","0","0","0","0","2","1","1",3170,3
"3171","Matsuyama","Office","CL4","ZoneC","AHP","FCU","1.023741e+05","0","0","0","0","1","1","1",3171,26
"3172","Matsuyama","Office","CL5","ZoneC","GHP","MUL","1.326721e+02","0","0","0","0","1","1","1",3172,396
"3173","Matsuyama","Office","CL5","ZoneC","GHP","MUL","6.834625e+01","0","0","0","0","2","1","1",3173,167
"3174","Matsuyama","Office","CL5","ZoneC","ABCH","OHUFCU","1.114181e+05","0","0","0","0","1","1","1",3174,205
"3175","Matsuyama","Office","CL5","ZoneC","ABCH","OHUFCU","6.561165e+04","0","0","0","0","2","1","1",3175,15
"3176","Matsuyama","Office","CL5","ZoneC","AHP","FCU","1.088137e+05","0","0","0","0","2","1","1",3176,196
"3177","Matsuyama","Office","CL5","ZoneC","AHP+TESICE","FCU","8.314360e+04","0","0","0","0","1","1","1",3177,154
"3178","Matsuyama","Office","CL6","ZoneC","EHP","MUL","9.724640e+04","0","0","0","0","2","1","1",3178,274
"3179","Matsuyama","Office","CL6","ZoneC","GHP","MUL","2.342026e+01","0","0","0","0","1","1","1",3179,161
"3180","Matsuyama","Office","CL6","ZoneC","GHP","MUL","1.206498e+01","0","0","0","0","2","1","1",3180,257
"3181","Matsuyama","Office","CL6","ZoneC","ABCH","OHUFCU","9.451198e+04","0","0","0","0","1","1","1",3181,338
"3182","Matsuyama","Office","CL6","ZoneC","AHP","FCU","1.168937e+05","0","0","0","0","1","1","1",3182,6
"3183","Matsuyama","Office","CL6","ZoneC","AHP","FCU","7.263770e+04","0","0","0","0","2","1","1",3183,151
"3184","Matsuyama","Office","CL6","ZoneC","AHP+TESICE","FCU","8.695403e+04","0","0","0","0","1","1","1",3184,396
"3185","Matsuyama","Office","CL7","ZoneC","EHP","MUL","3.791069e+04","0","0","0","0","1","1","1",3185,361
"3186","Matsuyama","Office","CL7","ZoneC","EHP","MUL","1.952975e+04","0","0","0","0","2","1","1",3186,394
"3187","Matsuyama","Office","CL7","ZoneC","ABCH","OHUFCU","1.088280e+05","0","0","0","0","1","1","1",3187,13
"3188","Matsuyama","Office","CL8c","ZoneA","EHP","MUL","6.109906e+03","0","0","0","0","3","1","1",3188,76
"3189","Matsuyama","Office","CL8c","ZoneA","ABCH","FCU","1.723829e+05","0","0","0","0","3","1","1",3189,74
"3190","Fukuoka","Office","CL1","ZoneC","EHP","MUL","9.655135e+04","0","0","0","0","1","1","1",3190,295
"3191","Fukuoka","Office","CL1","ZoneC","EHP","MUL","1.704653e+04","0","0","0","0","2","1","1",3191,82
"3192","Fukuoka","Office","CL1","ZoneC","GHP","MUL","4.563443e+01","0","0","0","0","1","1","1",3192,316
"3193","Fukuoka","Office","CL2","ZoneC","GHP","MUL","1.344436e+03","0","0","0","0","1","1","1",3193,58
"3194","Fukuoka","Office","CL2","ZoneC","GHP","MUL","2.461158e+02","0","0","0","0","2","1","1",3194,234
"3195","Fukuoka","Office","CL2","ZoneC","ABCH","FCU","9.148572e+04","0","0","0","0","1","1","1",3195,46
"3196","Fukuoka","Office","CL2","ZoneC","AHP","FCU","6.393324e+04","0","0","0","0","1","1","1",3196,179
"3197","Fukuoka","Office","CL3","ZoneC","GHP","MUL","8.867305e+02","0","0","0","0","1","1","1",3197,200
"3198","Fukuoka","Office","CL3","ZoneC","GHP","MUL","1.564819e+02","0","0","0","0","2","1","1",3198,179
"3199","Fukuoka","Office","CL3","ZoneC","ABCH","FCU","6.898953e+04","0","0","0","0","2","1","1",3199,174
"3200","Fukuoka","Office","CL4","ZoneC","GHP","MUL","6.766043e+02","0","0","0","0","1","1","1",3200,262
"3201","Fukuoka","Office","CL4","ZoneC","GHP","MUL","1.194008e+02","0","0","0","0","2","1","1",3201,152
"3202","Fukuoka","Office","CL4","ZoneC","ABCH","VAV","7.417311e+04","0","0","0","0","1","1","1",3202,236
"3203","Fukuoka","Office","CL4","ZoneC","ABCH","FCU","1.039112e+05","0","0","0","0","2","1","1",3203,339
"3204","Fukuoka","Office","CL4","ZoneC","ABCH","OHUFCU","1.121223e+05","0","0","0","0","1","1","1",3204,56
"3205","Fukuoka","Office","CL4","ZoneC","AHP","FCU","6.214774e+04","0","0","0","0","2","1","1",3205,148
"3206","Fukuoka","Office","CL4","ZoneC","AHP","OHUFCU","7.780300e+04","0","0","0","0","1","1","1",3206,167
"3207","Fukuoka","Office","CL4","ZoneC","AHP+TESICE","FCU","8.264968e+04","0","0","0","0","1","1","1",3207,208
"3208","Fukuoka","Office","CL5","ZoneC","GHP","MUL","3.981340e+02","0","0","0","0","1","1","1",3208,167
"3209","Fukuoka","Office","CL5","ZoneC","GHP","MUL","2.050993e+02","0","0","0","0","2","1","1",3209,102
"3210","Fukuoka","Office","CL5","ZoneC","ABCH","VAV","1.364465e+05","0","0","0","0","1","1","1",3210,50
"3211","Fukuoka","Office","CL5","ZoneC","ABCH","VAV","7.434368e+04","0","0","0","0","2","1","1",3211,32
"3212","Fukuoka","Office","CL5","ZoneC","ABCH","VAVFCU","5.523259e+04","0","0","0","0","1","1","1",3212,220
"3213","Fukuoka","Office","CL5","ZoneC","ABCH","OHUFCU","1.201947e+05","0","0","0","0","2","1","1",3213,98
"3214","Fukuoka","Office","CL5","ZoneC","AHP","VAV","7.661446e+04","0","0","0","0","1","1","1",3214,316
"3215","Fukuoka","Office","CL5","ZoneC","AHP","OHUFCU","1.238659e+05","0","0","0","0","1","1","1",3215,86
"3216","Fukuoka","Office","CL5","ZoneC","AHP","OHUFCU","7.440908e+04","0","0","0","0","2","1","1",3216,38
"3217","Fukuoka","Office","CL5","ZoneC","COM","FCU","9.862765e+04","0","0","0","0","1","1","1",3217,40
"3218","Fukuoka","Office","CL5","ZoneC","COM","FCU","5.080818e+04","0","0","0","0","2","1","1",3218,315
"3219","Fukuoka","Office","CL5","ZoneC","AHP+TESICE","FCU","1.077421e+05","0","0","0","0","2","1","1",3219,122
"3220","Fukuoka","Office","CL6","ZoneC","GHP","MUL","1.251816e+02","0","0","0","0","1","1","1",3220,300
"3221","Fukuoka","Office","CL6","ZoneC","GHP","MUL","6.448751e+01","0","0","0","0","2","1","1",3221,189
"3222","Fukuoka","Office","CL6","ZoneC","ABCH","VAV","9.251550e+04","0","0","0","0","2","1","1",3222,380
"3223","Fukuoka","Office","CL6","ZoneC","ABCH","VAVFCU","1.056742e+05","0","0","0","0","1","1","1",3223,39
"3224","Fukuoka","Office","CL6","ZoneC","ABCH","VAVFCU","5.443820e+04","0","0","0","0","2","1","1",3224,168
"3225","Fukuoka","Office","CL6","ZoneC","ABCH","OHUFCU","1.310463e+05","0","0","0","0","2","1","1",3225,290
"3226","Fukuoka","Office","CL6","ZoneC","AHP","VAV","8.557223e+04","0","0","0","0","1","1","1",3226,156
"3227","Fukuoka","Office","CL6","ZoneC","AHP","OHUFCU","1.212113e+05","0","0","0","0","1","1","1",3227,164
"3228","Fukuoka","Office","CL6","ZoneC","AHP","OHUFCU","7.580149e+04","0","0","0","0","2","1","1",3228,116
"3229","Fukuoka","Office","CL6","ZoneC","COM","FCU","1.120570e+05","0","0","0","0","2","1","1",3229,308
"3230","Fukuoka","Office","CL6","ZoneC","AHP+TESICE","OHUFCU","9.581274e+04","0","0","0","0","1","1","1",3230,17
"3231","Fukuoka","Office","CL7","ZoneC","GHP","MUL","3.456980e+01","0","0","0","0","1","1","1",3231,323
"3232","Fukuoka","Office","CL7","ZoneC","GHP","MUL","1.780869e+01","0","0","0","0","2","1","1",3232,187
"3233","Fukuoka","Office","CL7","ZoneC","ABCH","VAV","9.025298e+04","0","0","0","0","2","1","1",3233,210
"3234","Fukuoka","Office","CL7","ZoneC","ABCH","VAVFCU","1.336536e+05","0","0","0","0","1","1","1",3234,178
"3235","Fukuoka","Office","CL7","ZoneC","ABCH","VAVFCU","7.178177e+04","0","0","0","0","2","1","1",3235,160
"3236","Fukuoka","Office","CL7","ZoneC","ABCH","OHUFCU","1.116236e+05","0","0","0","0","2","1","1",3236,324
"3237","Fukuoka","Office","CL7","ZoneC","AHP","VAV","7.128294e+04","0","0","0","0","1","1","1",3237,45
"3238","Fukuoka","Office","CL7","ZoneC","AHP","OHUFCU","8.816171e+04","0","0","0","0","1","1","1",3238,246
"3239","Fukuoka","Office","CL7","ZoneC","COM","VAV","6.346164e+04","0","0","0","0","1","1","1",3239,326
"3240","Fukuoka","Office","CL7","ZoneC","COM","OHUFCU","7.848844e+04","0","0","0","0","1","1","1",3240,247
"3241","Fukuoka","Office","CL7","ZoneC","AHP+TESICE","VAV","6.710450e+04","0","0","0","0","1","1","1",3241,321
"3242","Fukuoka","Office","CL7","ZoneC","AHP+TESICE","OHUFCU","8.299388e+04","0","0","0","0","1","1","1",3242,122
"3243","Fukuoka","Office","CL7","ZoneC","COM+TESICE","FCU","8.294941e+04","0","0","0","0","1","1","1",3243,392
"3244","Fukuoka","Office","CL8c","ZoneA","EHP","MUL","8.420322e+04","0","0","0","0","3","1","1",3244,382
"3245","Fukuoka","Office","CL8c","ZoneA","GHP","MUL","1.186427e+01","0","0","0","0","3","1","1",3245,195
"3246","Fukuoka","Office","CL8c","ZoneA","ABCH","VAV","1.520252e+05","0","0","0","0","3","1","1",3246,107
"3247","Fukuoka","Office","CL8c","ZoneA","ABCH","FCU","2.789808e+05","0","0","0","0","3","1","1",3247,309
"3248","Fukuoka","Office","CL8c","ZoneA","ABCH","VAVFCU","1.810536e+05","0","0","0","0","3","1","1",3248,281
"3249","Fukuoka","Office","CL8c","ZoneA","ABCH","OHUFCU","1.573246e+05","0","0","0","0","3","1","1",3249,273
"3250","Fukuoka","Office","CL8c","ZoneA","AHP","FCU","1.551395e+05","0","0","0","0","3","1","1",3250,178
"3251","Fukuoka","Office","CL8c","ZoneA","AB","FCU","9.773104e+04","0","0","0","0","3","1","1",3251,59
"3252","Fukuoka","Office","CL8c","ZoneA","COM","VAV","8.520904e+04","0","0","0","0","3","1","1",3252,396
"3253","Fukuoka","Office","CL8c","ZoneA","COM","FCU","1.563667e+05","0","0","0","0","3","1","1",3253,332
"3254","Fukuoka","Office","CL8c","ZoneA","COM","VAVFCU","1.014792e+05","0","0","0","0","3","1","1",3254,311
"3255","Fukuoka","Office","CL8c","ZoneA","COM","OHUFCU","8.817927e+04","0","0","0","0","3","1","1",3255,157
"3256","Fukuoka","Office","CL8c","ZoneA","AHP+TESICE","FCU","1.162070e+05","0","0","0","0","3","1","1",3256,90
"3257","Fukuoka","Office","CL8c","ZoneA","AHP+TESICE","VAVFCU","7.541626e+04","0","0","0","0","3","1","1",3257,233
"3258","Fukuoka","Office","CL8c","ZoneA","AHP+TESICE","OHUFCU","6.553214e+04","0","0","0","0","3","1","1",3258,182
"3259","Fukuoka","Office","CL8c","ZoneA","COM+TESICE","FCU","2.054912e+05","0","0","0","0","3","1","1",3259,240
"3260","Fukuoka","Office","CL9c","ZoneA","EHP","MUL","1.937492e+04","0","0","0","0","3","1","1",3260,11
"3261","Fukuoka","Office","CL9c","ZoneA","ABCH","VAV","8.031153e+04","0","0","0","0","3","1","1",3261,309
"3262","Fukuoka","Office","CL9c","ZoneA","ABCH","FCU","1.161059e+05","0","0","0","0","3","1","1",3262,232
"3263","Fukuoka","Office","CL9c","ZoneA","ABCH","VAVFCU","1.373840e+05","0","0","0","0","3","1","1",3263,106
"3264","Fukuoka","Office","CL9c","ZoneA","ABCH","OHUFCU","7.403451e+04","0","0","0","0","3","1","1",3264,2
"3265","Fukuoka","Office","CL9c","ZoneA","AHP","VAVFCU","5.522900e+04","0","0","0","0","3","1","1",3265,88
"3266","Fukuoka","Office","CL9c","ZoneA","AB","VAVFCU","1.101922e+05","0","0","0","0","3","1","1",3266,88
"3267","Fukuoka","Office","CL9c","ZoneA","COM","VAV","7.315349e+04","0","0","0","0","3","1","1",3267,296
"3268","Fukuoka","Office","CL9c","ZoneA","COM","FCU","1.057576e+05","0","0","0","0","3","1","1",3268,242
"3269","Fukuoka","Office","CL9c","ZoneA","COM","VAVFCU","1.251392e+05","0","0","0","0","3","1","1",3269,69
"3270","Fukuoka","Office","CL9c","ZoneA","COM","OHUFCU","6.743593e+04","0","0","0","0","3","1","1",3270,77
"3271","Fukuoka","Office","CL9c","ZoneA","AHP+TESICE","VAVFCU","1.466171e+05","0","0","0","0","3","1","1",3271,81
"3272","Fukuoka","Office","CL9c","ZoneA","COM+TESICE","VAV","6.521264e+04","0","0","0","0","3","1","1",3272,371
"3273","Fukuoka","Office","CL9c","ZoneA","COM+TESICE","FCU","9.427752e+04","0","0","0","0","3","1","1",3273,163
"3274","Fukuoka","Office","CL9c","ZoneA","COM+TESICE","VAVFCU","1.115552e+05","0","0","0","0","3","1","1",3274,176
"3275","Naha","Office","CL1","ZoneC","EHP","MUL","1.354135e+03","0","0","0","0","1","1","1",3275,280
"3276","Naha","Office","CL1","ZoneC","EHP","MUL","2.389650e+02","0","0","0","0","2","1","1",3276,275
"3277","Naha","Office","CL2","ZoneC","EHP","MUL","1.377412e+05","0","0","0","0","1","1","1",3277,195
"3278","Naha","Office","CL2","ZoneC","EHP","MUL","2.431195e+04","0","0","0","0","2","1","1",3278,166
"3279","Naha","Office","CL2","ZoneC","GHP","MUL","2.656290e+01","0","0","0","0","1","1","1",3279,187
"3280","Naha","Office","CL3","ZoneC","EHP","MUL","4.646968e+04","0","0","0","0","2","1","1",3280,338
"3281","Naha","Office","CL3","ZoneC","GHP","MUL","2.277179e+01","0","0","0","0","1","1","1",3281,125
"3282","Naha","Office","CL4","ZoneC","EHP","MUL","4.369997e+04","0","0","0","0","2","1","1",3282,220
"3283","Naha","Office","CL4","ZoneC","GHP","MUL","1.982633e+01","0","0","0","0","1","1","1",3283,147
"3284","Naha","Office","CL5","ZoneC","EHP","MUL","1.429950e+05","0","0","0","0","2","1","1",3284,94
"3285","Naha","Office","CL5","ZoneC","GHP","MUL","5.689347e+00","0","0","0","0","1","1","1",3285,269
"3286","Naha","Office","CL5","ZoneC","GHP","MUL","4.414694e+00","0","0","0","0","2","1","1",3286,234
"3287","Naha","Office","CL5","ZoneC","ABCH","FCU","9.329953e+04","0","0","0","0","1","1","1",3287,201
"3288","Naha","Office","CL6","ZoneC","EHP","MUL","6.291642e+04","0","0","0","0","1","1","1",3288,232
"3289","Naha","Office","CL6","ZoneC","EHP","MUL","3.241769e+04","0","0","0","0","2","1","1",3289,225
"3290","Naha","Office","CL6","ZoneC","GHP","MUL","1.203762e+01","0","0","0","0","1","1","1",3290,25
"3291","Naha","Office","CL6","ZoneC","ABCH","FCU","1.469545e+05","0","0","0","0","1","1","1",3291,9
"3292","Naha","Office","CL6","ZoneC","ABCH","FCU","7.570382e+04","0","0","0","0","2","1","1",3292,38
"3293","Naha","Office","CL7","ZoneC","EHP","MUL","1.398094e+04","0","0","0","0","1","1","1",3293,66
"3294","Naha","Office","CL7","ZoneC","EHP","MUL","7.202301e+03","0","0","0","0","2","1","1",3294,65
"3295","Naha","Office","CL7","ZoneC","ABCH","FCU","8.825237e+04","0","0","0","0","1","1","1",3295,168
"3296","Naha","Office","CL7","ZoneC","ABCH","FCU","4.546334e+04","0","0","0","0","2","1","1",3296,350
"3297","Naha","Office","CL8c","ZoneA","EHP","MUL","2.595581e+03","0","0","0","0","3","1","1",3297,94
"3298","Naha","Office","CL8c","ZoneA","ABCH","FCU","5.177292e+04","0","0","0","0","3","1","1",3298,181
"3299","Sapporo","Hotel","CL1","ZoneD","EHP","MUL","1.795803e+01","0","0","0","0","3","1","1",3299,395
"3300","Sapporo","Hotel","CL2","ZoneD","EHP","MUL","5.387408e+04","0","0","0","0","3","1","1",3300,390
"3301","Sapporo","Hotel","CL3","ZoneD","EHP","MUL","5.971734e+04","0","0","0","0","3","1","1",3301,76
"3302","Sapporo","Hotel","CL3","ZoneD","GHP","MUL","2.844747e+04","0","0","0","0","3","1","1",3302,127
"3303","Sapporo","Hotel","CL3","ZoneD","AHP","FCU","7.847851e+04","0","0","0","0","3","1","1",3303,176
"3304","Sapporo","Hotel","CL3","ZoneD","AHP","FCU","3.388798e+04","1","0","0","0","3","1","1",3304,114
"3305","Sapporo","Hotel","CL4","ZoneD","EHP","MUL","8.034910e+04","0","0","0","0","3","1","1",3305,97
"3306","Sapporo","Hotel","CL4","ZoneD","GHP","MUL","4.562805e+04","0","0","0","0","3","1","1",3306,143
"3307","Sapporo","Hotel","CL4","ZoneD","ABCH","FCU","9.470367e+04","0","0","0","0","3","1","1",3307,278
"3308","Sapporo","Hotel","CL4","ZoneD","ABCH","FCU","4.250555e+04","1","0","0","0","3","1","1",3308,192
"3309","Sapporo","Hotel","CL4","ZoneD","AHP","FCU","9.475320e+04","0","0","0","0","3","1","1",3309,266
"3310","Sapporo","Hotel","CL4","ZoneD","AHP","FCU","4.253077e+04","1","0","0","0","3","1","1",3310,221
"3311","Sapporo","Hotel","CL4","ZoneD","AHP","OHUFCU","6.045235e+04","0","0","0","0","3","1","1",3311,186
"3312","Sapporo","Hotel","CL5","ZoneD","EHP","MUL","8.585423e+04","0","0","0","0","3","1","1",3312,357
"3313","Sapporo","Hotel","CL5","ZoneD","EHP","MUL","3.972373e+04","1","0","0","0","3","1","1",3313,357
"3314","Sapporo","Hotel","CL5","ZoneD","GHP","MUL","6.393281e+03","0","0","0","0","3","1","1",3314,114
"3315","Sapporo","Hotel","CL5","ZoneD","ABCH","FCU","1.098246e+05","0","0","0","0","3","1","1",3315,15
"3316","Sapporo","Hotel","CL5","ZoneD","ABCH","FCU","5.165912e+04","1","0","0","0","3","1","1",3316,168
"3317","Sapporo","Hotel","CL5","ZoneD","ABCH","OHUFCU","8.127420e+04","0","0","0","0","3","1","1",3317,44
"3318","Sapporo","Hotel","CL5","ZoneD","ABCH","OHUFCU","3.820198e+04","1","0","0","0","3","1","1",3318,33
"3319","Sapporo","Hotel","CL5","ZoneD","AHP","FCU","8.544589e+04","0","0","0","0","3","1","1",3319,83
"3320","Sapporo","Hotel","CL5","ZoneD","AHP","FCU","4.019189e+04","1","0","0","0","3","1","1",3320,183
"3321","Sapporo","Hotel","CL5","ZoneD","AHP","OHUFCU","9.295500e+04","0","0","0","0","3","1","1",3321,145
"3322","Sapporo","Hotel","CL6b","ZoneD","EHP","MUL","3.556714e+04","0","0","0","0","3","1","1",3322,348
"3323","Sapporo","Hotel","CL6b","ZoneD","ABCH","FCU","9.097593e+04","0","0","0","0","3","1","1",3323,116
"3324","Sapporo","Hotel","CL6b","ZoneD","ABCH","OHUFCU","6.919919e+04","0","0","0","0","3","1","1",3324,194
"3325","Sapporo","Hotel","CL6b","ZoneD","ABCH","OHUFCU","3.765486e+04","1","0","1","0","3","1","1",3325,304
"3326","Sapporo","Hotel","CL6b","ZoneD","AHP","OHUFCU","9.222681e+04","0","0","0","0","3","1","1",3326,242
"3327","Sapporo","Hotel","CL6m","ZoneD","EHP","MUL","5.242122e+04","0","0","0","0","3","1","1",3327,349
"3328","Sapporo","Hotel","CL6m","ZoneD","GHP","MUL","2.895080e+03","0","0","0","0","3","1","1",3328,111
"3329","Sapporo","Hotel","CL6m","ZoneD","ABCH","FCU","6.929577e+04","0","0","0","0","3","1","1",3329,357
"3330","Sapporo","Hotel","CL6m","ZoneD","ABCH","FCU","3.395508e+04","1","0","0","0","3","1","1",3330,232
"3331","Sapporo","Hotel","CL6m","ZoneD","ABCH","FCU","3.824078e+04","1","0","1","0","3","1","1",3331,31
"3332","Sapporo","Hotel","CL6m","ZoneD","ABCH","OHUFCU","8.173217e+04","0","0","0","0","3","1","1",3332,253
"3333","Sapporo","Hotel","CL6m","ZoneD","ABCH","OHUFCU","3.997943e+04","1","0","0","0","3","1","1",3333,165
"3334","Sapporo","Hotel","CL6m","ZoneD","ABCH","OHUFCU","4.447471e+04","1","0","1","0","3","1","1",3334,250
"3335","Sapporo","Hotel","CL6m","ZoneD","AHP","FCU","6.596231e+04","0","0","0","0","3","1","1",3335,135
"3336","Sapporo","Hotel","CL6m","ZoneD","AHP","OHUFCU","7.747478e+04","0","0","0","0","3","1","1",3336,80
"3337","Sapporo","Hotel","CL7b","ZoneD","EHP","MUL","5.778441e+03","0","0","0","0","3","1","1",3337,22
"3338","Sapporo","Hotel","CL7b","ZoneD","ABCH","OHUFCU","4.728715e+04","0","0","0","0","3","1","1",3338,66
"3339","Sapporo","Hotel","CL7b","ZoneD","ABCH","OHUFCU","4.800368e+04","1","0","1","0","3","1","1",3339,385
"3340","Sapporo","Hotel","CL7m","ZoneD","EHP","MUL","3.383567e+04","0","0","0","0","3","1","1",3340,240
"3341","Sapporo","Hotel","CL7m","ZoneD","ABCH","FCU","6.617137e+04","0","0","0","0","3","1","1",3341,23
"3342","Sapporo","Hotel","CL7m","ZoneD","ABCH","FCU","6.852310e+04","1","0","1","0","3","1","1",3342,107
"3343","Sapporo","Hotel","CL7m","ZoneD","ABCH","OHUFCU","9.570667e+04","0","0","0","0","3","1","1",3343,90
"3344","Sapporo","Hotel","CL7m","ZoneD","ABCH","OHUFCU","4.844129e+04","1","0","0","0","3","1","1",3344,225
"3345","Sapporo","Hotel","CL7m","ZoneD","ABCH","OHUFCU","9.623285e+04","1","0","1","0","3","1","1",3345,152
"3346","Sapporo","Hotel","CL7m","ZoneD","AHP","OHUFCU","5.431537e+04","0","0","0","0","3","1","1",3346,349
"3347","Sapporo","Hotel","CL7m","ZoneD","AHP","OHUFCU","5.513838e+04","1","0","1","0","3","1","1",3347,73
"3348","Sapporo","Hotel","CL7m","ZoneD","COM","OHUFCU","7.344659e+04","1","0","1","0","3","1","1",3348,71
"3349","Sapporo","Hotel","CL8","ZoneD","EHP","MUL","3.020924e+04","1","0","1","0","3","1","1",3349,109
"3350","Sapporo","Hotel","CL8","ZoneD","ABCH","VAV","5.643746e+04","1","0","1","0","3","1","1",3350,119
"3351","Sapporo","Hotel","CL8","ZoneD","ABCH","VAV","5.208841e+04","1","0","1","1","3","1","1",3351,166
"3352","Sapporo","Hotel","CL8","ZoneD","ABCH","FCU","7.606963e+04","1","0","1","0","3","1","1",3352,194
"3353","Sapporo","Hotel","CL8","ZoneD","ABCH","FCU","5.224684e+04","1","1","1","0","3","1","1",3353,221
"3354","Sapporo","Hotel","CL8","ZoneD","ABCH","OHUFCU","1.037859e+05","0","0","0","0","3","1","1",3354,30
"3355","Sapporo","Hotel","CL8","ZoneD","ABCH","OHUFCU","5.379580e+04","1","0","0","0","3","1","1",3355,34
"3356","Sapporo","Hotel","CL8","ZoneD","ABCH","OHUFCU","1.774545e+05","1","0","1","0","3","1","1",3356,49
"3357","Sapporo","Hotel","CL8","ZoneD","ABCH","OHUFCU","3.900490e+04","1","1","1","0","3","1","1",3357,355
"3358","Sapporo","Hotel","CL8","ZoneD","AHP","OHUFCU","9.187173e+04","1","0","1","0","3","1","1",3358,248
"3359","Sapporo","Hotel","CL8","ZoneD","TB","OHUFCU","8.017306e+04","1","0","1","0","3","1","1",3359,331
"3360","Sapporo","Hotel","CL8","ZoneD","AB","OHUFCU","4.298162e+04","0","0","0","0","3","1","1",3360,282
"3361","Sapporo","Hotel","CL8","ZoneD","AB","OHUFCU","8.858978e+04","1","0","1","0","3","1","1",3361,43
"3362","Sapporo","Hotel","CL8","ZoneD","COM","OHUFCU","6.284975e+04","0","0","0","0","3","1","1",3362,167
"3363","Sapporo","Hotel","CL8","ZoneD","COM","OHUFCU","1.295401e+05","1","0","1","0","3","1","1",3363,107
"3364","Sapporo","Hotel","CL8","ZoneD","COM+TESICE","OHUFCU","5.561351e+04","1","0","1","0","3","1","1",3364,348
"3365","Sapporo","Hotel","CL9","ZoneD","EHP","MUL","1.797120e+03","1","0","1","0","3","1","1",3365,188
"3366","Sapporo","Hotel","CL9","ZoneD","ABCH","OHUFCU","7.977847e+04","1","0","1","0","3","1","1",3366,383
"3367","Sapporo","Hotel","CL9","ZoneD","ABCH","OHUFCU","4.240344e+04","1","0","1","1","3","1","1",3367,63
"3368","Sapporo","Hotel","CL9","ZoneD","ABCH","OHUFCU","4.213271e+04","1","1","1","0","3","1","1",3368,374
"3369","Sendai","Hotel","CL1","ZoneD","EHP","MUL","1.496502e+00","0","0","0","0","3","1","1",3369,203
"3370","Sendai","Hotel","CL2","ZoneD","EHP","MUL","1.017772e+05","0","0","0","0","3","1","1",3370,92
"3371","Sendai","Hotel","CL2","ZoneD","EHP","MUL","4.209874e+04","1","0","0","0","3","1","1",3371,244
"3372","Sendai","Hotel","CL2","ZoneD","GHP","MUL","1.576190e+04","0","0","0","0","3","1","1",3372,357
"3373","Sendai","Hotel","CL2","ZoneD","AHP","FCU","7.531298e+04","0","0","0","0","3","1","1",3373,14
"3374","Sendai","Hotel","CL3","ZoneD","EHP","MUL","7.918644e+04","1","0","0","0","3","1","1",3374,117
"3375","Sendai","Hotel","CL3","ZoneD","GHP","MUL","2.653326e+04","0","0","0","0","3","1","1",3375,244
"3376","Sendai","Hotel","CL3","ZoneD","ABCH","FCU","8.467352e+04","0","0","0","0","3","1","1",3376,374
"3377","Sendai","Hotel","CL3","ZoneD","AHP","FCU","1.308475e+05","0","0","0","0","3","1","1",3377,247
"3378","Sendai","Hotel","CL3","ZoneD","AHP","FCU","5.643554e+04","1","0","0","0","3","1","1",3378,231
"3379","Sendai","Hotel","CL4","ZoneD","EHP","MUL","8.132746e+04","1","0","0","0","3","1","1",3379,397
"3380","Sendai","Hotel","CL4","ZoneD","GHP","MUL","3.589626e+04","0","0","0","0","3","1","1",3380,45
"3381","Sendai","Hotel","CL4","ZoneD","ABCH","FCU","1.071181e+05","0","0","0","0","3","1","1",3381,177
"3382","Sendai","Hotel","CL4","ZoneD","ABCH","FCU","4.796199e+04","1","0","0","0","3","1","1",3382,346
"3383","Sendai","Hotel","CL4","ZoneD","ABCH","OHUFCU","6.643244e+04","0","0","0","0","3","1","1",3383,388
"3384","Sendai","Hotel","CL4","ZoneD","AHP","FCU","6.913717e+04","1","0","0","0","3","1","1",3384,373
"3385","Sendai","Hotel","CL4","ZoneD","AHP","OHUFCU","6.615003e+04","0","0","0","0","3","1","1",3385,270
"3386","Sendai","Hotel","CL4","ZoneD","AHP","OHUFCU","2.961230e+04","1","0","0","0","3","1","1",3386,177
"3387","Sendai","Hotel","CL4","ZoneD","TB","FCU","5.318065e+04","0","0","0","0","3","1","1",3387,244
"3388","Sendai","Hotel","CL5","ZoneD","EHP","MUL","9.421760e+04","1","0","0","0","3","1","1",3388,54
"3389","Sendai","Hotel","CL5","ZoneD","EHP","MUL","4.714970e+04","1","0","1","0","3","1","1",3389,226
"3390","Sendai","Hotel","CL5","ZoneD","GHP","MUL","4.432755e+04","0","0","0","0","3","1","1",3390,153
"3391","Sendai","Hotel","CL5","ZoneD","ABCH","FCU","1.310334e+05","1","0","0","0","3","1","1",3391,326
"3392","Sendai","Hotel","CL5","ZoneD","ABCH","FCU","7.328583e+04","1","0","1","0","3","1","1",3392,332
"3393","Sendai","Hotel","CL5","ZoneD","ABCH","OHUFCU","9.377481e+04","1","0","0","0","3","1","1",3393,359
"3394","Sendai","Hotel","CL5","ZoneD","ABCH","OHUFCU","5.221817e+04","1","0","1","0","3","1","1",3394,220
"3395","Sendai","Hotel","CL5","ZoneD","AHP","FCU","1.105087e+05","1","0","0","0","3","1","1",3395,323
"3396","Sendai","Hotel","CL5","ZoneD","AHP","FCU","6.180659e+04","1","0","1","0","3","1","1",3396,384
"3397","Sendai","Hotel","CL5","ZoneD","AHP","OHUFCU","7.908624e+04","1","0","0","0","3","1","1",3397,17
"3398","Sendai","Hotel","CL5","ZoneD","AHP","OHUFCU","4.403889e+04","1","0","1","0","3","1","1",3398,209
"3399","Sendai","Hotel","CL5","ZoneD","TB","FCU","7.405536e+04","0","0","0","0","3","1","1",3399,67
"3400","Sendai","Hotel","CL5","ZoneD","TB","FCU","3.472047e+04","1","0","0","0","3","1","1",3400,33
"3401","Sendai","Hotel","CL5","ZoneD","TB","OHUFCU","7.782421e+04","0","0","0","0","3","1","1",3401,14
"3402","Sendai","Hotel","CL5","ZoneD","AB","FCU","6.210928e+04","0","0","0","0","3","1","1",3402,45
"3403","Sendai","Hotel","CL6b","ZoneD","EHP","MUL","5.181217e+04","0","0","0","0","3","1","1",3403,237
"3404","Sendai","Hotel","CL6b","ZoneD","ABCH","FCU","7.028906e+04","0","0","0","0","3","1","1",3404,186
"3405","Sendai","Hotel","CL6b","ZoneD","ABCH","FCU","3.444812e+04","1","0","0","0","3","1","1",3405,168
"3406","Sendai","Hotel","CL6b","ZoneD","ABCH","FCU","3.907093e+04","1","0","1","0","3","1","1",3406,140
"3407","Sendai","Hotel","CL6b","ZoneD","ABCH","OHUFCU","8.325741e+04","0","0","0","0","3","1","1",3407,216
"3408","Sendai","Hotel","CL6b","ZoneD","ABCH","OHUFCU","4.073335e+04","1","0","0","0","3","1","1",3408,7
"3409","Sendai","Hotel","CL6b","ZoneD","ABCH","OHUFCU","4.563171e+04","1","0","1","0","3","1","1",3409,250
"3410","Sendai","Hotel","CL6b","ZoneD","AHP","FCU","6.995723e+04","0","0","0","0","3","1","1",3410,387
"3411","Sendai","Hotel","CL6b","ZoneD","AHP","OHUFCU","8.251495e+04","0","0","0","0","3","1","1",3411,260
"3412","Sendai","Hotel","CL6b","ZoneD","TB","OHUFCU","6.451125e+04","0","0","0","0","3","1","1",3412,160
"3413","Sendai","Hotel","CL6m","ZoneD","EHP","MUL","7.770810e+04","0","0","0","0","3","1","1",3413,337
"3414","Sendai","Hotel","CL6m","ZoneD","GHP","MUL","9.113224e+03","0","0","0","0","3","1","1",3414,184
"3415","Sendai","Hotel","CL6m","ZoneD","ABCH","FCU","1.096001e+05","0","0","0","0","3","1","1",3415,7
"3416","Sendai","Hotel","CL6m","ZoneD","ABCH","FCU","5.371414e+04","1","0","0","0","3","1","1",3416,353
"3417","Sendai","Hotel","CL6m","ZoneD","ABCH","FCU","6.092238e+04","1","0","1","0","3","1","1",3417,281
"3418","Sendai","Hotel","CL6m","ZoneD","ABCH","OHUFCU","1.298213e+05","0","0","0","0","3","1","1",3418,101
"3419","Sendai","Hotel","CL6m","ZoneD","ABCH","OHUFCU","6.351455e+04","1","0","0","0","3","1","1",3419,264
"3420","Sendai","Hotel","CL6m","ZoneD","ABCH","OHUFCU","7.115245e+04","1","0","1","0","3","1","1",3420,125
"3421","Sendai","Hotel","CL6m","ZoneD","AHP","FCU","7.011081e+04","0","0","0","0","3","1","1",3421,286
"3422","Sendai","Hotel","CL6m","ZoneD","AHP","FCU","3.897185e+04","1","0","1","0","3","1","1",3422,38
"3423","Sendai","Hotel","CL6m","ZoneD","AHP","OHUFCU","6.315318e+04","0","0","0","0","3","1","1",3423,268
"3424","Sendai","Hotel","CL6m","ZoneD","AHP","OHUFCU","3.089744e+04","1","0","0","0","3","1","1",3424,162
"3425","Sendai","Hotel","CL6m","ZoneD","AHP","OHUFCU","3.461299e+04","1","0","1","0","3","1","1",3425,383
"3426","Sendai","Hotel","CL6m","ZoneD","TB","OHUFCU","1.005909e+05","0","0","0","0","3","1","1",3426,372
"3427","Sendai","Hotel","CL6m","ZoneD","AB","OHUFCU","6.174932e+04","0","0","0","0","3","1","1",3427,5
"3428","Sendai","Hotel","CL7b","ZoneD","EHP","MUL","7.064213e+03","0","0","0","0","3","1","1",3428,292
"3429","Sendai","Hotel","CL7b","ZoneD","ABCH","OHUFCU","5.742570e+04","0","0","0","0","3","1","1",3429,318
"3430","Sendai","Hotel","CL7b","ZoneD","ABCH","OHUFCU","5.856447e+04","1","0","1","0","3","1","1",3430,254
"3431","Sendai","Hotel","CL7m","ZoneD","EHP","MUL","4.456774e+04","0","0","0","0","3","1","1",3431,223
"3432","Sendai","Hotel","CL7m","ZoneD","ABCH","FCU","6.890343e+04","0","0","0","0","3","1","1",3432,340
"3433","Sendai","Hotel","CL7m","ZoneD","ABCH","FCU","3.499938e+04","1","0","0","0","3","1","1",3433,3
"3434","Sendai","Hotel","CL7m","ZoneD","ABCH","FCU","7.168828e+04","1","0","1","0","3","1","1",3434,12
"3435","Sendai","Hotel","CL7m","ZoneD","ABCH","OHUFCU","1.249011e+05","0","0","0","0","3","1","1",3435,9
"3436","Sendai","Hotel","CL7m","ZoneD","ABCH","OHUFCU","6.323005e+04","1","0","0","0","3","1","1",3436,281
"3437","Sendai","Hotel","CL7m","ZoneD","ABCH","OHUFCU","1.261649e+05","1","0","1","0","3","1","1",3437,320
"3438","Sendai","Hotel","CL7m","ZoneD","AHP","OHUFCU","7.194489e+04","0","0","0","0","3","1","1",3438,194
"3439","Sendai","Hotel","CL7m","ZoneD","AHP","OHUFCU","7.337158e+04","1","0","1","0","3","1","1",3439,309
"3440","Sendai","Hotel","CL7m","ZoneD","COM","OHUFCU","4.781200e+04","0","0","0","0","3","1","1",3440,56
"3441","Sendai","Hotel","CL7m","ZoneD","COM","OHUFCU","4.876013e+04","1","0","1","0","3","1","1",3441,393
"3442","Sendai","Hotel","CL8","ZoneD","EHP","MUL","1.621870e+04","1","0","1","0","3","1","1",3442,271
"3443","Sendai","Hotel","CL8","ZoneD","ABCH","VAV","3.426992e+04","1","0","1","0","3","1","1",3443,117
"3444","Sendai","Hotel","CL8","ZoneD","ABCH","VAV","3.221769e+04","1","0","1","1","3","1","1",3444,318
"3445","Sendai","Hotel","CL8","ZoneD","ABCH","FCU","7.708469e+04","1","0","1","0","3","1","1",3445,369
"3446","Sendai","Hotel","CL8","ZoneD","ABCH","OHUFCU","6.980968e+04","0","0","0","0","3","1","1",3446,210
"3447","Sendai","Hotel","CL8","ZoneD","ABCH","OHUFCU","3.621897e+04","1","0","0","0","3","1","1",3447,343
"3448","Sendai","Hotel","CL8","ZoneD","ABCH","OHUFCU","1.212652e+05","1","0","1","0","3","1","1",3448,154
"3449","Sendai","Hotel","CL8","ZoneD","AHP","OHUFCU","5.812025e+04","1","0","1","0","3","1","1",3449,231
"3450","Sendai","Hotel","CL8","ZoneD","AB","OHUFCU","6.440308e+04","1","0","1","0","3","1","1",3450,174
"3451","Sendai","Hotel","CL8","ZoneD","COM","OHUFCU","1.189228e+05","1","0","1","0","3","1","1",3451,394
"3452","Sendai","Hotel","CL9","ZoneD","EHP","MUL","3.991278e+03","1","0","1","0","3","1","1",3452,374
"3453","Sendai","Hotel","CL9","ZoneD","ABCH","VAV","6.617094e+04","1","0","1","1","3","1","1",3453,100
"3454","Sendai","Hotel","CL9","ZoneD","ABCH","OHUFCU","8.808318e+04","1","0","1","0","3","1","1",3454,339
"3455","Sendai","Hotel","CL9","ZoneD","ABCH","OHUFCU","4.402179e+04","1","1","1","0","3","1","1",3455,385
"3456","Sendai","Hotel","CL9","ZoneD","AB","OHUFCU","9.211010e+04","1","0","1","0","3","1","1",3456,305
"3457","Sendai","Hotel","CL9","ZoneD","COM","OHUFCU","7.525876e+04","1","0","1","0","3","1","1",3457,44
"3458","Tokyo","Hotel","CL2","ZoneD","EHP","MUL","7.925482e+04","1","0","0","0","1","1","1",3458,110
"3459","Tokyo","Hotel","CL2","ZoneD","EHP","MUL","6.577127e+04","0","0","0","0","2","1","1",3459,360
"3460","Tokyo","Hotel","CL2","ZoneD","GHP","MUL","7.153079e+03","0","0","0","0","1","1","1",3460,284
"3461","Tokyo","Hotel","CL2","ZoneD","AHP","FCU","6.695562e+04","0","0","0","0","1","1","1",3461,112
"3462","Tokyo","Hotel","CL2","ZoneD","AHP","FCU","2.784903e+04","1","0","0","0","1","1","1",3462,233
"3463","Tokyo","Hotel","CL3","ZoneD","EHP","MUL","9.347534e+04","1","0","0","0","1","1","1",3463,74
"3464","Tokyo","Hotel","CL3","ZoneD","EHP","MUL","6.584853e+04","0","0","0","0","2","1","1",3464,52
"3465","Tokyo","Hotel","CL3","ZoneD","EHP","MUL","2.824336e+04","1","0","0","0","2","1","1",3465,202
"3466","Tokyo","Hotel","CL3","ZoneD","GHP","MUL","8.050712e+03","0","0","0","0","1","1","1",3466,394
"3467","Tokyo","Hotel","CL3","ZoneD","GHP","MUL","2.432504e+03","0","0","0","0","2","1","1",3467,167
"3468","Tokyo","Hotel","CL3","ZoneD","ABCH","FCU","7.488591e+04","0","0","0","0","1","1","1",3468,198
"3469","Tokyo","Hotel","CL3","ZoneD","AHP","FCU","1.065497e+05","0","0","0","0","1","1","1",3469,330
"3470","Tokyo","Hotel","CL3","ZoneD","AHP","FCU","4.607500e+04","1","0","0","0","1","1","1",3470,382
"3471","Tokyo","Hotel","CL4","ZoneD","EHP","MUL","3.899055e+04","1","0","1","0","1","1","1",3471,292
"3472","Tokyo","Hotel","CL4","ZoneD","EHP","MUL","6.498983e+04","0","0","0","0","2","1","1",3472,360
"3473","Tokyo","Hotel","CL4","ZoneD","EHP","MUL","2.880731e+04","1","0","0","0","2","1","1",3473,220
"3474","Tokyo","Hotel","CL4","ZoneD","GHP","MUL","1.714664e+04","0","0","0","0","1","1","1",3474,272
"3475","Tokyo","Hotel","CL4","ZoneD","GHP","MUL","3.025877e+03","0","0","0","0","2","1","1",3475,63
"3476","Tokyo","Hotel","CL4","ZoneD","ABCH","FCU","7.304958e+04","1","0","0","0","1","1","1",3476,129
"3477","Tokyo","Hotel","CL4","ZoneD","ABCH","FCU","5.979688e+04","0","0","0","0","2","1","1",3477,148
"3478","Tokyo","Hotel","CL4","ZoneD","ABCH","OHUFCU","7.110352e+04","0","0","0","0","1","1","1",3478,317
"3479","Tokyo","Hotel","CL4","ZoneD","ABCH","OHUFCU","3.189745e+04","1","0","0","0","1","1","1",3479,102
"3480","Tokyo","Hotel","CL4","ZoneD","AHP","FCU","9.550854e+04","1","0","0","0","1","1","1",3480,207
"3481","Tokyo","Hotel","CL4","ZoneD","AHP","FCU","7.818132e+04","0","0","0","0","2","1","1",3481,176
"3482","Tokyo","Hotel","CL4","ZoneD","AHP","OHUFCU","9.296417e+04","0","0","0","0","1","1","1",3482,95
"3483","Tokyo","Hotel","CL4","ZoneD","AHP","OHUFCU","4.170427e+04","1","0","0","0","1","1","1",3483,107
"3484","Tokyo","Hotel","CL5","ZoneD","EHP","MUL","7.997754e+04","1","0","1","0","1","1","1",3484,142
"3485","Tokyo","Hotel","CL5","ZoneD","EHP","MUL","8.084694e+04","1","0","0","0","2","1","1",3485,393
"3486","Tokyo","Hotel","CL5","ZoneD","EHP","MUL","4.120055e+04","1","0","1","0","2","1","1",3486,143
"3487","Tokyo","Hotel","CL5","ZoneD","GHP","MUL","2.444531e+04","0","0","0","0","1","1","1",3487,163
"3488","Tokyo","Hotel","CL5","ZoneD","GHP","MUL","1.259304e+04","0","0","0","0","2","1","1",3488,5
"3489","Tokyo","Hotel","CL5","ZoneD","ABCH","FCU","9.354217e+04","1","0","1","0","1","1","1",3489,38
"3490","Tokyo","Hotel","CL5","ZoneD","ABCH","FCU","8.755470e+04","1","0","0","0","2","1","1",3490,117
"3491","Tokyo","Hotel","CL5","ZoneD","ABCH","FCU","4.994987e+04","1","0","1","0","2","1","1",3491,187
"3492","Tokyo","Hotel","CL5","ZoneD","ABCH","OHUFCU","1.191314e+05","1","0","0","0","1","1","1",3492,336
"3493","Tokyo","Hotel","CL5","ZoneD","ABCH","OHUFCU","6.765693e+04","1","0","1","0","1","1","1",3493,4
"3494","Tokyo","Hotel","CL5","ZoneD","ABCH","OHUFCU","1.355874e+05","0","0","0","0","2","1","1",3494,393
"3495","Tokyo","Hotel","CL5","ZoneD","ABCH","OHUFCU","6.361405e+04","1","0","0","0","2","1","1",3495,149
"3496","Tokyo","Hotel","CL5","ZoneD","ABCH","OHUFCU","3.612761e+04","1","0","1","0","2","1","1",3496,113
"3497","Tokyo","Hotel","CL5","ZoneD","AHP","FCU","1.288533e+05","1","0","0","0","1","1","1",3497,104
"3498","Tokyo","Hotel","CL5","ZoneD","AHP","FCU","7.351069e+04","1","0","1","0","1","1","1",3498,126
"3499","Tokyo","Hotel","CL5","ZoneD","AHP","FCU","1.465518e+05","0","0","0","0","2","1","1",3499,71
"3500","Tokyo","Hotel","CL5","ZoneD","AHP","FCU","6.880540e+04","1","0","0","0","2","1","1",3500,137
"3501","Tokyo","Hotel","CL5","ZoneD","AHP","FCU","3.925342e+04","1","0","1","0","2","1","1",3501,19
"3502","Tokyo","Hotel","CL5","ZoneD","AHP","OHUFCU","9.362012e+04","1","0","0","0","1","1","1",3502,272
"3503","Tokyo","Hotel","CL5","ZoneD","AHP","OHUFCU","5.316862e+04","1","0","1","0","1","1","1",3503,264
"3504","Tokyo","Hotel","CL5","ZoneD","AHP","OHUFCU","1.065522e+05","0","0","0","0","2","1","1",3504,336
"3505","Tokyo","Hotel","CL5","ZoneD","AHP","OHUFCU","4.999150e+04","1","0","0","0","2","1","1",3505,161
"3506","Tokyo","Hotel","CL5","ZoneD","AHP","OHUFCU","2.839110e+04","1","0","1","0","2","1","1",3506,173
"3507","Tokyo","Hotel","CL5","ZoneD","TB","FCU","7.543935e+04","0","0","0","0","1","1","1",3507,78
"3508","Tokyo","Hotel","CL5","ZoneD","TB","FCU","3.540797e+04","1","0","0","0","1","1","1",3508,230
"3509","Tokyo","Hotel","CL5","ZoneD","TB","FCU","5.919052e+04","0","0","0","0","2","1","1",3509,140
"3510","Tokyo","Hotel","CL5","ZoneD","COM","FCU","7.242981e+04","0","0","0","0","1","1","1",3510,280
"3511","Tokyo","Hotel","CL6b","ZoneD","EHP","MUL","9.803977e+04","0","0","0","0","1","1","1",3511,85
"3512","Tokyo","Hotel","CL6b","ZoneD","EHP","MUL","5.050534e+04","0","0","0","0","2","1","1",3512,316
"3513","Tokyo","Hotel","CL6b","ZoneD","GHP","MUL","4.220172e+03","0","0","0","0","1","1","1",3513,346
"3514","Tokyo","Hotel","CL6b","ZoneD","GHP","MUL","2.174028e+03","0","0","0","0","2","1","1",3514,127
"3515","Tokyo","Hotel","CL6b","ZoneD","ABCH","FCU","1.106964e+05","0","0","0","0","1","1","1",3515,5
"3516","Tokyo","Hotel","CL6b","ZoneD","ABCH","FCU","5.394568e+04","1","0","0","0","1","1","1",3516,247
"3517","Tokyo","Hotel","CL6b","ZoneD","ABCH","FCU","5.562653e+04","1","0","1","0","1","1","1",3517,374
"3518","Tokyo","Hotel","CL6b","ZoneD","ABCH","FCU","1.134717e+05","0","0","0","0","2","1","1",3518,31
"3519","Tokyo","Hotel","CL6b","ZoneD","ABCH","OHUFCU","1.226214e+05","0","0","0","0","1","1","1",3519,108
"3520","Tokyo","Hotel","CL6b","ZoneD","ABCH","OHUFCU","5.966435e+04","1","0","0","0","1","1","1",3520,9
"3521","Tokyo","Hotel","CL6b","ZoneD","ABCH","OHUFCU","6.085656e+04","1","0","1","0","1","1","1",3521,160
"3522","Tokyo","Hotel","CL6b","ZoneD","ABCH","OHUFCU","6.316861e+04","0","0","0","0","2","1","1",3522,335
"3523","Tokyo","Hotel","CL6b","ZoneD","ABCH","OHUFCU","3.073618e+04","1","0","0","0","2","1","1",3523,397
"3524","Tokyo","Hotel","CL6b","ZoneD","ABCH","OHUFCU","3.135035e+04","1","0","1","0","2","1","1",3524,354
"3525","Tokyo","Hotel","CL6b","ZoneD","AHP","FCU","1.065987e+05","0","0","0","0","1","1","1",3525,170
"3526","Tokyo","Hotel","CL6b","ZoneD","AHP","OHUFCU","5.934245e+04","0","0","0","0","1","1","1",3526,365
"3527","Tokyo","Hotel","CL6b","ZoneD","AHP","OHUFCU","2.887447e+04","1","0","0","0","1","1","1",3527,159
"3528","Tokyo","Hotel","CL6b","ZoneD","AHP","OHUFCU","2.945144e+04","1","0","1","0","1","1","1",3528,91
"3529","Tokyo","Hotel","CL6b","ZoneD","AHP","OHUFCU","5.817176e+04","0","0","0","0","2","1","1",3529,176
"3530","Tokyo","Hotel","CL6b","ZoneD","AHP","OHUFCU","2.832485e+04","1","0","0","0","2","1","1",3530,148
"3531","Tokyo","Hotel","CL6b","ZoneD","AHP","OHUFCU","2.903488e+04","1","0","1","0","2","1","1",3531,49
"3532","Tokyo","Hotel","CL6m","ZoneD","EHP","MUL","7.353187e+04","0","0","0","0","1","1","1",3532,252
"3533","Tokyo","Hotel","CL6m","ZoneD","EHP","MUL","3.513770e+04","1","0","0","0","1","1","1",3533,79
"3534","Tokyo","Hotel","CL6m","ZoneD","EHP","MUL","3.122450e+04","1","0","1","0","1","1","1",3534,272
"3535","Tokyo","Hotel","CL6m","ZoneD","EHP","MUL","7.206664e+04","0","0","0","0","2","1","1",3535,131
"3536","Tokyo","Hotel","CL6m","ZoneD","GHP","MUL","6.021811e+03","0","0","0","0","1","1","1",3536,250
"3537","Tokyo","Hotel","CL6m","ZoneD","GHP","MUL","3.102145e+03","0","0","0","0","2","1","1",3537,321
"3538","Tokyo","Hotel","CL6m","ZoneD","ABCH","FCU","1.378735e+05","0","0","0","0","1","1","1",3538,18
"3539","Tokyo","Hotel","CL6m","ZoneD","ABCH","FCU","6.718991e+04","1","0","0","0","1","1","1",3539,107
"3540","Tokyo","Hotel","CL6m","ZoneD","ABCH","FCU","6.928342e+04","1","0","1","0","1","1","1",3540,158
"3541","Tokyo","Hotel","CL6m","ZoneD","ABCH","FCU","8.137021e+04","0","0","0","0","2","1","1",3541,97
"3542","Tokyo","Hotel","CL6m","ZoneD","ABCH","FCU","3.965415e+04","1","0","0","0","2","1","1",3542,55
"3543","Tokyo","Hotel","CL6m","ZoneD","ABCH","FCU","4.088970e+04","1","0","1","0","2","1","1",3543,212
"3544","Tokyo","Hotel","CL6m","ZoneD","ABCH","OHUFCU","7.431257e+04","1","0","0","0","1","1","1",3544,341
"3545","Tokyo","Hotel","CL6m","ZoneD","ABCH","OHUFCU","7.579748e+04","1","0","1","0","1","1","1",3545,312
"3546","Tokyo","Hotel","CL6m","ZoneD","ABCH","OHUFCU","9.013600e+04","0","0","0","0","2","1","1",3546,268
"3547","Tokyo","Hotel","CL6m","ZoneD","ABCH","OHUFCU","4.385780e+04","1","0","0","0","2","1","1",3547,312
"3548","Tokyo","Hotel","CL6m","ZoneD","ABCH","OHUFCU","4.473417e+04","1","0","1","0","2","1","1",3548,126
"3549","Tokyo","Hotel","CL6m","ZoneD","AHP","FCU","6.672368e+04","0","0","0","0","1","1","1",3549,253
"3550","Tokyo","Hotel","CL6m","ZoneD","AHP","FCU","3.251645e+04","1","0","0","0","1","1","1",3550,48
"3551","Tokyo","Hotel","CL6m","ZoneD","AHP","FCU","3.352961e+04","1","0","1","0","1","1","1",3551,375
"3552","Tokyo","Hotel","CL6m","ZoneD","AHP","FCU","7.835806e+04","0","0","0","0","2","1","1",3552,286
"3553","Tokyo","Hotel","CL6m","ZoneD","AHP","OHUFCU","7.391164e+04","0","0","0","0","1","1","1",3553,324
"3554","Tokyo","Hotel","CL6m","ZoneD","AHP","OHUFCU","3.596346e+04","1","0","0","0","1","1","1",3554,256
"3555","Tokyo","Hotel","CL6m","ZoneD","AHP","OHUFCU","3.668207e+04","1","0","1","0","1","1","1",3555,354
"3556","Tokyo","Hotel","CL6m","ZoneD","AHP","OHUFCU","8.649513e+04","0","0","0","0","2","1","1",3556,380
"3557","Tokyo","Hotel","CL6m","ZoneD","TB","OHUFCU","5.645714e+04","0","0","0","0","1","1","1",3557,321
"3558","Tokyo","Hotel","CL6m","ZoneD","COM","OHUFCU","6.828825e+04","0","0","0","0","1","1","1",3558,128
"3559","Tokyo","Hotel","CL7b","ZoneD","EHP","MUL","1.597292e+04","0","0","0","0","1","1","1",3559,281
"3560","Tokyo","Hotel","CL7b","ZoneD","EHP","MUL","8.228475e+03","0","0","0","0","2","1","1",3560,42
"3561","Tokyo","Hotel","CL7b","ZoneD","ABCH","FCU","8.165421e+04","1","0","1","0","1","1","1",3561,114
"3562","Tokyo","Hotel","CL7b","ZoneD","ABCH","OHUFCU","5.770222e+04","0","0","0","0","1","1","1",3562,115
"3563","Tokyo","Hotel","CL7b","ZoneD","ABCH","OHUFCU","2.918161e+04","1","0","0","0","1","1","1",3563,355
"3564","Tokyo","Hotel","CL7b","ZoneD","ABCH","OHUFCU","5.666552e+04","1","0","1","0","1","1","1",3564,158
"3565","Tokyo","Hotel","CL7b","ZoneD","ABCH","OHUFCU","5.825583e+04","0","0","0","0","2","1","1",3565,394
"3566","Tokyo","Hotel","CL7b","ZoneD","ABCH","OHUFCU","5.775812e+04","1","0","1","0","2","1","1",3566,316
"3567","Tokyo","Hotel","CL7m","ZoneD","EHP","MUL","4.571380e+04","0","0","0","0","1","1","1",3567,317
"3568","Tokyo","Hotel","CL7m","ZoneD","EHP","MUL","3.744762e+04","1","0","1","0","1","1","1",3568,149
"3569","Tokyo","Hotel","CL7m","ZoneD","EHP","MUL","4.420580e+04","0","0","0","0","2","1","1",3569,19
"3570","Tokyo","Hotel","CL7m","ZoneD","GHP","MUL","2.649839e+03","0","0","0","0","1","1","1",3570,258
"3571","Tokyo","Hotel","CL7m","ZoneD","ABCH","VAV","7.800809e+04","1","0","1","0","1","1","1",3571,5
"3572","Tokyo","Hotel","CL7m","ZoneD","ABCH","FCU","1.076917e+05","0","0","0","0","1","1","1",3572,319
"3573","Tokyo","Hotel","CL7m","ZoneD","ABCH","FCU","5.374753e+04","1","0","0","0","1","1","1",3573,207
"3574","Tokyo","Hotel","CL7m","ZoneD","ABCH","FCU","8.987488e+04","1","0","1","0","1","1","1",3574,298
"3575","Tokyo","Hotel","CL7m","ZoneD","ABCH","FCU","7.583100e+04","0","0","0","0","2","1","1",3575,240
"3576","Tokyo","Hotel","CL7m","ZoneD","ABCH","FCU","7.666247e+04","1","0","1","0","2","1","1",3576,369
"3577","Tokyo","Hotel","CL7m","ZoneD","ABCH","OHUFCU","9.451593e+04","1","0","0","0","1","1","1",3577,92
"3578","Tokyo","Hotel","CL7m","ZoneD","ABCH","OHUFCU","1.077619e+05","0","0","0","0","2","1","1",3578,57
"3579","Tokyo","Hotel","CL7m","ZoneD","ABCH","OHUFCU","5.449816e+04","1","0","0","0","2","1","1",3579,245
"3580","Tokyo","Hotel","CL7m","ZoneD","ABCH","OHUFCU","1.058258e+05","1","0","1","0","2","1","1",3580,45
"3581","Tokyo","Hotel","CL7m","ZoneD","AHP","FCU","7.624013e+04","1","0","1","0","1","1","1",3581,348
"3582","Tokyo","Hotel","CL7m","ZoneD","AHP","OHUFCU","6.762313e+04","0","0","0","0","1","1","1",3582,170
"3583","Tokyo","Hotel","CL7m","ZoneD","AHP","OHUFCU","6.640819e+04","1","0","1","0","1","1","1",3583,250
"3584","Tokyo","Hotel","CL7m","ZoneD","AHP","OHUFCU","5.758724e+04","0","0","0","0","2","1","1",3584,274
"3585","Tokyo","Hotel","CL7m","ZoneD","AHP","OHUFCU","5.709524e+04","1","0","1","0","2","1","1",3585,164
"3586","Tokyo","Hotel","CL7m","ZoneD","TB","OHUFCU","6.710441e+04","0","0","0","0","1","1","1",3586,297
"3587","Tokyo","Hotel","CL7m","ZoneD","COM","OHUFCU","6.459754e+04","0","0","0","0","1","1","1",3587,68
"3588","Tokyo","Hotel","CL7m","ZoneD","COM","OHUFCU","3.270481e+04","1","0","0","0","1","1","1",3588,354
"3589","Tokyo","Hotel","CL7m","ZoneD","COM","OHUFCU","6.404564e+04","1","0","1","0","1","1","1",3589,118
"3590","Tokyo","Hotel","CL7m","ZoneD","COM","OHUFCU","4.418852e+04","0","0","0","0","2","1","1",3590,57
"3591","Tokyo","Hotel","CL7m","ZoneD","COM","OHUFCU","4.381100e+04","1","0","1","0","2","1","1",3591,308
"3592","Tokyo","Hotel","CL8","ZoneD","EHP","MUL","6.367809e+04","1","0","1","0","3","1","1",3592,211
"3593","Tokyo","Hotel","CL8","ZoneD","GHP","MUL","3.738671e+03","1","0","1","0","3","1","1",3593,228
"3594","Tokyo","Hotel","CL8","ZoneD","ABCH","CAV","7.836674e+04","1","1","1","0","3","1","1",3594,142
"3595","Tokyo","Hotel","CL8","ZoneD","ABCH","VAV","1.096170e+05","1","0","1","0","3","1","1",3595,42
"3596","Tokyo","Hotel","CL8","ZoneD","ABCH","VAV","1.015383e+05","1","0","1","1","3","1","1",3596,337
"3597","Tokyo","Hotel","CL8","ZoneD","ABCH","FCU","5.893358e+04","0","0","0","0","3","1","1",3597,291
"3598","Tokyo","Hotel","CL8","ZoneD","ABCH","FCU","9.907034e+04","1","0","1","0","3","1","1",3598,303
"3599","Tokyo","Hotel","CL8","ZoneD","ABCH","FCU","3.542450e+04","0","1","0","0","3","1","1",3599,254
"3600","Tokyo","Hotel","CL8","ZoneD","ABCH","FCU","5.955038e+04","1","1","1","0","3","1","1",3600,165
"3601","Tokyo","Hotel","CL8","ZoneD","ABCH","OHUFCU","2.030665e+05","0","0","0","0","3","1","1",3601,50
"3602","Tokyo","Hotel","CL8","ZoneD","ABCH","OHUFCU","1.049189e+05","1","0","0","0","3","1","1",3602,319
"3603","Tokyo","Hotel","CL8","ZoneD","ABCH","OHUFCU","3.413651e+05","1","0","1","0","3","1","1",3603,217
"3604","Tokyo","Hotel","CL8","ZoneD","ABCH","OHUFCU","3.103010e+04","0","1","0","0","3","1","1",3604,213
"3605","Tokyo","Hotel","CL8","ZoneD","ABCH","OHUFCU","5.216318e+04","1","1","1","0","3","1","1",3605,60
"3606","Tokyo","Hotel","CL8","ZoneD","AHP","OHUFCU","5.705084e+04","0","0","0","0","3","1","1",3606,40
"3607","Tokyo","Hotel","CL8","ZoneD","AHP","OHUFCU","1.165830e+05","1","0","1","0","3","1","1",3607,312
"3608","Tokyo","Hotel","CL8","ZoneD","TB","OHUFCU","4.480409e+04","0","0","0","0","3","1","1",3608,321
"3609","Tokyo","Hotel","CL8","ZoneD","TB","OHUFCU","9.155686e+04","1","0","1","0","3","1","1",3609,14
"3610","Tokyo","Hotel","CL8","ZoneD","AB","OHUFCU","6.449385e+04","0","0","0","0","3","1","1",3610,234
"3611","Tokyo","Hotel","CL8","ZoneD","AB","OHUFCU","1.317928e+05","1","0","1","0","3","1","1",3611,58
"3612","Tokyo","Hotel","CL8","ZoneD","COM","VAV","3.787248e+04","1","0","1","0","3","1","1",3612,24
"3613","Tokyo","Hotel","CL8","ZoneD","COM","VAV","3.460318e+04","1","0","1","1","3","1","1",3613,226
"3614","Tokyo","Hotel","CL8","ZoneD","COM","FCU","8.683087e+04","1","0","1","0","3","1","1",3614,323
"3615","Tokyo","Hotel","CL8","ZoneD","COM","OHUFCU","7.824293e+04","0","0","0","0","3","1","1",3615,295
"3616","Tokyo","Hotel","CL8","ZoneD","COM","OHUFCU","4.053624e+04","1","0","0","0","3","1","1",3616,245
"3617","Tokyo","Hotel","CL8","ZoneD","COM","OHUFCU","1.326546e+05","1","0","1","0","3","1","1",3617,124
"3618","Tokyo","Hotel","CL8","ZoneD","AHP+TESICE","OHUFCU","7.658810e+04","1","0","1","0","3","1","1",3618,128
"3619","Tokyo","Hotel","CL8","ZoneD","COM+TESICE","OHUFCU","1.151994e+05","1","0","1","0","3","1","1",3619,288
"3620","Tokyo","Hotel","CL9","ZoneD","EHP","MUL","5.387968e+04","1","0","1","0","3","1","1",3620,83
"3621","Tokyo","Hotel","CL9","ZoneD","GHP","MUL","5.716984e+03","1","0","1","0","3","1","1",3621,30
"3622","Tokyo","Hotel","CL9","ZoneD","ABCH","CAV","1.048587e+05","1","1","1","0","3","1","1",3622,308
"3623","Tokyo","Hotel","CL9","ZoneD","ABCH","CAV","5.449614e+04","1","1","1","1","3","1","1",3623,316
"3624","Tokyo","Hotel","CL9","ZoneD","ABCH","VAV","1.321296e+05","1","0","1","0","3","1","1",3624,55
"3625","Tokyo","Hotel","CL9","ZoneD","ABCH","VAV","2.923730e+05","1","0","1","1","3","1","1",3625,70
"3626","Tokyo","Hotel","CL9","ZoneD","ABCH","VAV","4.377622e+04","1","1","1","0","3","1","1",3626,192
"3627","Tokyo","Hotel","CL9","ZoneD","ABCH","VAV","9.686689e+04","1","1","1","1","3","1","1",3627,291
"3628","Tokyo","Hotel","CL9","ZoneD","ABCH","FCU","9.082084e+04","1","0","1","0","3","1","1",3628,283
"3629","Tokyo","Hotel","CL9","ZoneD","ABCH","FCU","3.562175e+04","0","1","0","0","3","1","1",3629,225
"3630","Tokyo","Hotel","CL9","ZoneD","ABCH","FCU","1.185450e+05","1","1","1","0","3","1","1",3630,241
"3631","Tokyo","Hotel","CL9","ZoneD","ABCH","OHUFCU","1.615511e+05","0","0","0","0","3","1","1",3631,195
"3632","Tokyo","Hotel","CL9","ZoneD","ABCH","OHUFCU","8.677049e+04","1","0","0","0","3","1","1",3632,234
"3633","Tokyo","Hotel","CL9","ZoneD","ABCH","OHUFCU","5.376230e+05","1","0","1","0","3","1","1",3633,238
"3634","Tokyo","Hotel","CL9","ZoneD","ABCH","OHUFCU","8.139494e+04","1","0","1","1","3","1","1",3634,376
"3635","Tokyo","Hotel","CL9","ZoneD","ABCH","OHUFCU","5.352393e+04","0","1","0","0","3","1","1",3635,125
"3636","Tokyo","Hotel","CL9","ZoneD","ABCH","OHUFCU","2.874817e+04","1","1","0","0","3","1","1",3636,76
"3637","Tokyo","Hotel","CL9","ZoneD","ABCH","OHUFCU","1.781214e+05","1","1","1","0","3","1","1",3637,327
"3638","Tokyo","Hotel","CL9","ZoneD","ABCH","OHUFCU","2.696718e+04","1","1","1","1","3","1","1",3638,99
"3639","Tokyo","Hotel","CL9","ZoneD","AHP","OHUFCU","9.680884e+04","1","0","1","0","3","1","1",3639,238
"3640","Tokyo","Hotel","CL9","ZoneD","TB","VAV","7.997227e+04","1","0","1","1","3","1","1",3640,326
"3641","Tokyo","Hotel","CL9","ZoneD","TB","OHUFCU","1.094927e+05","1","0","1","0","3","1","1",3641,81
"3642","Tokyo","Hotel","CL9","ZoneD","TB","OHUFCU","5.390589e+04","1","1","1","0","3","1","1",3642,114
"3643","Tokyo","Hotel","CL9","ZoneD","AB","CAV","5.628381e+04","1","1","1","0","3","1","1",3643,388
"3644","Tokyo","Hotel","CL9","ZoneD","AB","VAV","5.058634e+04","1","0","1","0","3","1","1",3644,307
"3645","Tokyo","Hotel","CL9","ZoneD","AB","VAV","1.119361e+05","1","0","1","1","3","1","1",3645,395
"3646","Tokyo","Hotel","CL9","ZoneD","AB","VAV","3.708587e+04","1","1","1","1","3","1","1",3646,179
"3647","Tokyo","Hotel","CL9","ZoneD","AB","FCU","8.652914e+04","1","1","1","0","3","1","1",3647,170
"3648","Tokyo","Hotel","CL9","ZoneD","AB","OHUFCU","6.302162e+04","0","0","0","0","3","1","1",3648,186
"3649","Tokyo","Hotel","CL9","ZoneD","AB","OHUFCU","3.384947e+04","1","0","0","0","3","1","1",3649,283
"3650","Tokyo","Hotel","CL9","ZoneD","AB","OHUFCU","2.097286e+05","1","0","1","0","3","1","1",3650,74
"3651","Tokyo","Hotel","CL9","ZoneD","AB","OHUFCU","3.175244e+04","1","0","1","1","3","1","1",3651,75
"3652","Tokyo","Hotel","CL9","ZoneD","AB","OHUFCU","6.948575e+04","1","1","1","0","3","1","1",3652,169
"3653","Tokyo","Hotel","CL9","ZoneD","COM","CAV","6.470453e+04","1","1","1","0","3","1","1",3653,181
"3654","Tokyo","Hotel","CL9","ZoneD","COM","VAV","5.815466e+04","1","0","1","0","3","1","1",3654,31
"3655","Tokyo","Hotel","CL9","ZoneD","COM","VAV","1.286831e+05","1","0","1","1","3","1","1",3655,353
"3656","Tokyo","Hotel","CL9","ZoneD","COM","VAV","4.263436e+04","1","1","1","1","3","1","1",3656,19
"3657","Tokyo","Hotel","CL9","ZoneD","COM","FCU","4.315124e+04","1","0","1","0","3","1","1",3657,19
"3658","Tokyo","Hotel","CL9","ZoneD","COM","FCU","5.632368e+04","1","1","1","0","3","1","1",3658,20
"3659","Tokyo","Hotel","CL9","ZoneD","COM","OHUFCU","7.245040e+04","0","0","0","0","3","1","1",3659,170
"3660","Tokyo","Hotel","CL9","ZoneD","COM","OHUFCU","3.891375e+04","1","0","0","0","3","1","1",3660,11
"3661","Tokyo","Hotel","CL9","ZoneD","COM","OHUFCU","2.411065e+05","1","0","1","0","3","1","1",3661,135
"3662","Tokyo","Hotel","CL9","ZoneD","COM","OHUFCU","3.650298e+04","1","0","1","1","3","1","1",3662,84
"3663","Tokyo","Hotel","CL9","ZoneD","COM","OHUFCU","7.988164e+04","1","1","1","0","3","1","1",3663,57
"3664","Tokyo","Hotel","CL9","ZoneD","AHP+TESICE","OHUFCU","7.096543e+04","1","0","1","0","3","1","1",3664,218
"3665","Tokyo","Hotel","CL9","ZoneD","AHP+TESICE","OHUFCU","3.719707e+04","1","0","1","1","3","1","1",3665,166
"3666","Tokyo","Hotel","CL9","ZoneD","AHP+TESICE","OHUFCU","3.692736e+04","1","1","1","0","3","1","1",3666,199
"3667","Tokyo","Hotel","CL9","ZoneD","COM+TESICE","CAV","5.375101e+04","1","1","1","0","3","1","1",3667,330
"3668","Tokyo","Hotel","CL9","ZoneD","COM+TESICE","VAV","4.830993e+04","1","0","1","0","3","1","1",3668,102
"3669","Tokyo","Hotel","CL9","ZoneD","COM+TESICE","VAV","1.068990e+05","1","0","1","1","3","1","1",3669,179
"3670","Tokyo","Hotel","CL9","ZoneD","COM+TESICE","VAV","3.541699e+04","1","1","1","1","3","1","1",3670,8
"3671","Tokyo","Hotel","CL9","ZoneD","COM+TESICE","FCU","8.263529e+04","1","1","1","0","3","1","1",3671,112
"3672","Tokyo","Hotel","CL9","ZoneD","COM+TESICE","OHUFCU","6.018562e+04","0","0","0","0","3","1","1",3672,149
"3673","Tokyo","Hotel","CL9","ZoneD","COM+TESICE","OHUFCU","3.232622e+04","1","0","0","0","3","1","1",3673,69
"3674","Tokyo","Hotel","CL9","ZoneD","COM+TESICE","OHUFCU","2.002907e+05","1","0","1","0","3","1","1",3674,117
"3675","Tokyo","Hotel","CL9","ZoneD","COM+TESICE","OHUFCU","3.032357e+04","1","0","1","1","3","1","1",3675,228
"3676","Tokyo","Hotel","CL9","ZoneD","COM+TESICE","OHUFCU","6.635886e+04","1","1","1","0","3","1","1",3676,319
"3677","Nigata","Hotel","CL1","ZoneD","EHP","MUL","8.064651e+02","0","0","0","0","1","1","1",3677,182
"3678","Nigata","Hotel","CL1","ZoneD","EHP","MUL","1.423174e+02","0","0","0","0","2","1","1",3678,90
"3679","Nigata","Hotel","CL2","ZoneD","EHP","MUL","9.182809e+04","0","0","0","0","1","1","1",3679,125
"3680","Nigata","Hotel","CL2","ZoneD","EHP","MUL","3.793398e+04","1","0","0","0","1","1","1",3680,40
"3681","Nigata","Hotel","CL2","ZoneD","EHP","MUL","2.379439e+04","0","0","0","0","2","1","1",3681,194
"3682","Nigata","Hotel","CL2","ZoneD","GHP","MUL","5.072782e+03","0","0","0","0","1","1","1",3682,102
"3683","Nigata","Hotel","CL3","ZoneD","EHP","MUL","1.365685e+05","0","0","0","0","1","1","1",3683,238
"3684","Nigata","Hotel","CL3","ZoneD","EHP","MUL","5.845589e+04","1","0","0","0","1","1","1",3684,291
"3685","Nigata","Hotel","CL3","ZoneD","EHP","MUL","6.375100e+04","0","0","0","0","2","1","1",3685,334
"3686","Nigata","Hotel","CL3","ZoneD","GHP","MUL","7.173232e+03","0","0","0","0","1","1","1",3686,61
"3687","Nigata","Hotel","CL3","ZoneD","AHP","FCU","1.111277e+05","0","0","0","0","1","1","1",3687,367
"3688","Nigata","Hotel","CL3","ZoneD","AHP","FCU","4.793028e+04","1","0","0","0","1","1","1",3688,259
"3689","Nigata","Hotel","CL4","ZoneD","EHP","MUL","1.286157e+05","0","0","0","0","1","1","1",3689,54
"3690","Nigata","Hotel","CL4","ZoneD","EHP","MUL","5.706140e+04","1","0","0","0","1","1","1",3690,180
"3691","Nigata","Hotel","CL4","ZoneD","EHP","MUL","3.410704e+04","0","0","0","0","2","1","1",3691,119
"3692","Nigata","Hotel","CL4","ZoneD","GHP","MUL","7.596083e+03","0","0","0","0","1","1","1",3692,286
"3693","Nigata","Hotel","CL4","ZoneD","ABCH","FCU","9.477270e+04","0","0","0","0","1","1","1",3693,8
"3694","Nigata","Hotel","CL4","ZoneD","ABCH","FCU","4.253399e+04","1","0","0","0","1","1","1",3694,276
"3695","Nigata","Hotel","CL4","ZoneD","AHP","FCU","8.971807e+04","0","0","0","0","1","1","1",3695,214
"3696","Nigata","Hotel","CL4","ZoneD","AHP","FCU","4.026832e+04","1","0","0","0","1","1","1",3696,310
"3697","Nigata","Hotel","CL4","ZoneD","AHP","FCU","5.725443e+04","0","0","0","0","2","1","1",3697,58
"3698","Nigata","Hotel","CL4","ZoneD","AHP","OHUFCU","5.714867e+04","0","0","0","0","1","1","1",3698,309
"3699","Nigata","Hotel","CL5","ZoneD","EHP","MUL","8.366175e+04","0","0","0","0","1","1","1",3699,355
"3700","Nigata","Hotel","CL5","ZoneD","EHP","MUL","3.843686e+04","1","0","0","0","1","1","1",3700,40
"3701","Nigata","Hotel","CL5","ZoneD","EHP","MUL","6.289928e+04","0","0","0","0","2","1","1",3701,53
"3702","Nigata","Hotel","CL5","ZoneD","GHP","MUL","5.318168e+03","0","0","0","0","1","1","1",3702,180
"3703","Nigata","Hotel","CL5","ZoneD","GHP","MUL","2.739662e+03","0","0","0","0","2","1","1",3703,272
"3704","Nigata","Hotel","CL5","ZoneD","ABCH","FCU","9.472211e+04","0","0","0","0","1","1","1",3704,388
"3705","Nigata","Hotel","CL5","ZoneD","ABCH","FCU","4.419612e+04","1","0","0","0","1","1","1",3705,126
"3706","Nigata","Hotel","CL5","ZoneD","ABCH","FCU","8.184825e+04","0","0","0","0","2","1","1",3706,279
"3707","Nigata","Hotel","CL5","ZoneD","ABCH","FCU","3.817997e+04","1","0","0","0","2","1","1",3707,307
"3708","Nigata","Hotel","CL5","ZoneD","ABCH","OHUFCU","6.415950e+04","0","0","0","0","1","1","1",3708,323
"3709","Nigata","Hotel","CL5","ZoneD","ABCH","OHUFCU","2.991822e+04","1","0","0","0","1","1","1",3709,12
"3710","Nigata","Hotel","CL5","ZoneD","AHP","FCU","8.235334e+04","0","0","0","0","1","1","1",3710,259
"3711","Nigata","Hotel","CL5","ZoneD","AHP","FCU","3.842500e+04","1","0","0","0","1","1","1",3711,201
"3712","Nigata","Hotel","CL5","ZoneD","AHP","FCU","7.116054e+04","0","0","0","0","2","1","1",3712,247
"3713","Nigata","Hotel","CL5","ZoneD","AHP","FCU","3.319444e+04","1","0","0","0","2","1","1",3713,337
"3714","Nigata","Hotel","CL5","ZoneD","AHP","OHUFCU","8.179309e+04","0","0","0","0","1","1","1",3714,120
"3715","Nigata","Hotel","CL6b","ZoneD","EHP","MUL","3.218590e+04","0","0","0","0","1","1","1",3715,50
"3716","Nigata","Hotel","CL6b","ZoneD","EHP","MUL","1.658061e+04","0","0","0","0","2","1","1",3716,5
"3717","Nigata","Hotel","CL6b","ZoneD","ABCH","FCU","7.996333e+04","0","0","0","0","1","1","1",3717,113
"3718","Nigata","Hotel","CL6b","ZoneD","ABCH","FCU","6.074722e+04","0","0","0","0","2","1","1",3718,74
"3719","Nigata","Hotel","CL6b","ZoneD","ABCH","OHUFCU","9.357344e+04","0","0","0","0","1","1","1",3719,272
"3720","Nigata","Hotel","CL6b","ZoneD","ABCH","OHUFCU","7.108667e+04","0","0","0","0","2","1","1",3720,85
"3721","Nigata","Hotel","CL6b","ZoneD","AHP","OHUFCU","8.237608e+04","0","0","0","0","1","1","1",3721,280
"3722","Nigata","Hotel","CL6m","ZoneD","EHP","MUL","5.367046e+04","0","0","0","0","1","1","1",3722,245
"3723","Nigata","Hotel","CL6m","ZoneD","EHP","MUL","2.849625e+04","0","0","0","0","2","1","1",3723,174
"3724","Nigata","Hotel","CL6m","ZoneD","GHP","MUL","1.645793e+03","0","0","0","0","1","1","1",3724,291
"3725","Nigata","Hotel","CL6m","ZoneD","ABCH","FCU","6.740918e+04","0","0","0","0","1","1","1",3725,260
"3726","Nigata","Hotel","CL6m","ZoneD","ABCH","FCU","3.301803e+04","1","0","0","0","1","1","1",3726,327
"3727","Nigata","Hotel","CL6m","ZoneD","ABCH","FCU","3.700168e+04","1","0","1","0","1","1","1",3727,393
"3728","Nigata","Hotel","CL6m","ZoneD","ABCH","FCU","7.079670e+04","0","0","0","0","2","1","1",3728,395
"3729","Nigata","Hotel","CL6m","ZoneD","ABCH","OHUFCU","7.921030e+04","0","0","0","0","1","1","1",3729,100
"3730","Nigata","Hotel","CL6m","ZoneD","ABCH","OHUFCU","3.873168e+04","1","0","0","0","1","1","1",3730,254
"3731","Nigata","Hotel","CL6m","ZoneD","ABCH","OHUFCU","4.287791e+04","1","0","1","0","1","1","1",3731,148
"3732","Nigata","Hotel","CL6m","ZoneD","ABCH","OHUFCU","8.284661e+04","0","0","0","0","2","1","1",3732,87
"3733","Nigata","Hotel","CL6m","ZoneD","AHP","FCU","6.523605e+04","0","0","0","0","1","1","1",3733,217
"3734","Nigata","Hotel","CL6m","ZoneD","AHP","OHUFCU","7.633951e+04","0","0","0","0","1","1","1",3734,185
"3735","Nigata","Hotel","CL6m","ZoneD","AHP","OHUFCU","7.293287e+04","0","0","0","0","2","1","1",3735,225
"3736","Nigata","Hotel","CL7b","ZoneD","EHP","MUL","5.908705e+03","0","0","0","0","1","1","1",3736,258
"3737","Nigata","Hotel","CL7b","ZoneD","EHP","MUL","3.043879e+03","0","0","0","0","2","1","1",3737,288
"3738","Nigata","Hotel","CL7b","ZoneD","ABCH","OHUFCU","4.746867e+04","0","0","0","0","1","1","1",3738,259
"3739","Nigata","Hotel","CL7b","ZoneD","ABCH","OHUFCU","4.802693e+04","1","0","1","0","1","1","1",3739,324
"3740","Nigata","Hotel","CL7b","ZoneD","ABCH","OHUFCU","4.919471e+04","1","0","1","0","2","1","1",3740,203
"3741","Nigata","Hotel","CL7m","ZoneD","EHP","MUL","3.823335e+04","0","0","0","0","1","1","1",3741,365
"3742","Nigata","Hotel","CL7m","ZoneD","EHP","MUL","1.969597e+04","0","0","0","0","2","1","1",3742,115
"3743","Nigata","Hotel","CL7m","ZoneD","ABCH","FCU","7.311702e+04","0","0","0","0","1","1","1",3743,72
"3744","Nigata","Hotel","CL7m","ZoneD","ABCH","FCU","7.545123e+04","1","0","1","0","1","1","1",3744,12
"3745","Nigata","Hotel","CL7m","ZoneD","ABCH","FCU","4.338644e+04","0","0","0","0","2","1","1",3745,103
"3746","Nigata","Hotel","CL7m","ZoneD","ABCH","FCU","4.477152e+04","1","0","1","0","2","1","1",3746,384
"3747","Nigata","Hotel","CL7m","ZoneD","ABCH","OHUFCU","1.054199e+05","0","0","0","0","1","1","1",3747,348
"3748","Nigata","Hotel","CL7m","ZoneD","ABCH","OHUFCU","5.334171e+04","1","0","0","0","1","1","1",3748,142
"3749","Nigata","Hotel","CL7m","ZoneD","ABCH","OHUFCU","1.056500e+05","1","0","1","0","1","1","1",3749,157
"3750","Nigata","Hotel","CL7m","ZoneD","ABCH","OHUFCU","6.255444e+04","0","0","0","0","2","1","1",3750,385
"3751","Nigata","Hotel","CL7m","ZoneD","ABCH","OHUFCU","3.165209e+04","1","0","0","0","2","1","1",3751,246
"3752","Nigata","Hotel","CL7m","ZoneD","ABCH","OHUFCU","6.269096e+04","1","0","1","0","2","1","1",3752,69
"3753","Nigata","Hotel","CL7m","ZoneD","AHP","OHUFCU","6.137644e+04","0","0","0","0","1","1","1",3753,260
"3754","Nigata","Hotel","CL7m","ZoneD","AHP","OHUFCU","6.209826e+04","1","0","1","0","1","1","1",3754,332
"3755","Nigata","Hotel","CL7m","ZoneD","AHP","OHUFCU","7.326786e+04","1","0","1","0","2","1","1",3755,19
"3756","Nigata","Hotel","CL7m","ZoneD","COM","OHUFCU","4.049546e+04","0","0","0","0","1","1","1",3756,204
"3757","Nigata","Hotel","CL7m","ZoneD","COM","OHUFCU","4.097171e+04","1","0","1","0","1","1","1",3757,92
"3758","Nigata","Hotel","CL8","ZoneD","EHP","MUL","2.342895e+04","1","0","1","0","3","1","1",3758,242
"3759","Nigata","Hotel","CL8","ZoneD","ABCH","VAV","4.595980e+04","1","0","1","0","3","1","1",3759,136
"3760","Nigata","Hotel","CL8","ZoneD","ABCH","VAV","4.291999e+04","1","0","1","1","3","1","1",3760,18
"3761","Nigata","Hotel","CL8","ZoneD","ABCH","FCU","1.035574e+05","1","0","1","0","3","1","1",3761,286
"3762","Nigata","Hotel","CL8","ZoneD","ABCH","OHUFCU","8.383247e+04","0","0","0","0","3","1","1",3762,15
"3763","Nigata","Hotel","CL8","ZoneD","ABCH","OHUFCU","4.348002e+04","1","0","0","0","3","1","1",3763,135
"3764","Nigata","Hotel","CL8","ZoneD","ABCH","OHUFCU","1.448028e+05","1","0","1","0","3","1","1",3764,236
"3765","Nigata","Hotel","CL8","ZoneD","ABCH","OHUFCU","3.210105e+04","1","1","1","0","3","1","1",3765,4
"3766","Nigata","Hotel","CL8","ZoneD","AHP","OHUFCU","7.594813e+04","1","0","1","0","3","1","1",3766,241
"3767","Nigata","Hotel","CL8","ZoneD","TB","OHUFCU","5.557109e+04","1","0","1","0","3","1","1",3767,45
"3768","Nigata","Hotel","CL8","ZoneD","AB","OHUFCU","8.236545e+04","1","0","1","0","3","1","1",3768,369
"3769","Nigata","Hotel","CL8","ZoneD","COM","OHUFCU","5.172932e+04","0","0","0","0","3","1","1",3769,301
"3770","Nigata","Hotel","CL8","ZoneD","COM","OHUFCU","1.077154e+05","1","0","1","0","3","1","1",3770,146
"3771","Nagoya","Hotel","CL2","ZoneD","EHP","MUL","9.221744e+04","1","0","0","0","1","1","1",3771,197
"3772","Nagoya","Hotel","CL2","ZoneD","EHP","MUL","7.634835e+04","0","0","0","0","2","1","1",3772,361
"3773","Nagoya","Hotel","CL2","ZoneD","GHP","MUL","1.193844e+04","0","0","0","0","1","1","1",3773,118
"3774","Nagoya","Hotel","CL2","ZoneD","GHP","MUL","2.891449e+03","0","0","0","0","2","1","1",3774,228
"3775","Nagoya","Hotel","CL2","ZoneD","AHP","FCU","8.608363e+04","0","0","0","0","1","1","1",3775,281
"3776","Nagoya","Hotel","CL2","ZoneD","AHP","FCU","3.577057e+04","1","0","0","0","1","1","1",3776,109
"3777","Nagoya","Hotel","CL3","ZoneD","EHP","MUL","1.162264e+05","1","0","0","0","1","1","1",3777,45
"3778","Nagoya","Hotel","CL3","ZoneD","EHP","MUL","6.835091e+04","0","0","0","0","2","1","1",3778,390
"3779","Nagoya","Hotel","CL3","ZoneD","GHP","MUL","1.554784e+04","0","0","0","0","1","1","1",3779,194
"3780","Nagoya","Hotel","CL3","ZoneD","GHP","MUL","2.743736e+03","0","0","0","0","2","1","1",3780,290
"3781","Nagoya","Hotel","CL3","ZoneD","ABCH","FCU","7.269152e+04","0","0","0","0","1","1","1",3781,38
"3782","Nagoya","Hotel","CL3","ZoneD","ABCH","FCU","3.141832e+04","1","0","0","0","1","1","1",3782,15
"3783","Nagoya","Hotel","CL3","ZoneD","AHP","FCU","6.542716e+04","1","0","0","0","1","1","1",3783,157
"3784","Nagoya","Hotel","CL3","ZoneD","AHP","FCU","5.663182e+04","0","0","0","0","2","1","1",3784,109
"3785","Nagoya","Hotel","CL4","ZoneD","EHP","MUL","1.400272e+05","1","0","0","0","1","1","1",3785,220
"3786","Nagoya","Hotel","CL4","ZoneD","EHP","MUL","3.534892e+04","1","0","1","0","1","1","1",3786,51
"3787","Nagoya","Hotel","CL4","ZoneD","EHP","MUL","8.676748e+04","0","0","0","0","2","1","1",3787,255
"3788","Nagoya","Hotel","CL4","ZoneD","GHP","MUL","1.936569e+04","0","0","0","0","1","1","1",3788,119
"3789","Nagoya","Hotel","CL4","ZoneD","GHP","MUL","3.417475e+03","0","0","0","0","2","1","1",3789,292
"3790","Nagoya","Hotel","CL4","ZoneD","ABCH","FCU","7.158779e+04","1","0","0","0","1","1","1",3790,279
"3791","Nagoya","Hotel","CL4","ZoneD","ABCH","FCU","5.836416e+04","0","0","0","0","2","1","1",3791,248
"3792","Nagoya","Hotel","CL4","ZoneD","ABCH","OHUFCU","6.861162e+04","0","0","0","0","1","1","1",3792,309
"3793","Nagoya","Hotel","CL4","ZoneD","ABCH","OHUFCU","3.072981e+04","1","0","0","0","1","1","1",3793,397
"3794","Nagoya","Hotel","CL4","ZoneD","AHP","FCU","9.725895e+04","1","0","0","0","1","1","1",3794,35
"3795","Nagoya","Hotel","CL4","ZoneD","AHP","FCU","7.929336e+04","0","0","0","0","2","1","1",3795,233
"3796","Nagoya","Hotel","CL4","ZoneD","AHP","OHUFCU","9.321553e+04","0","0","0","0","1","1","1",3796,156
"3797","Nagoya","Hotel","CL4","ZoneD","AHP","OHUFCU","4.174943e+04","1","0","0","0","1","1","1",3797,51
"3798","Nagoya","Hotel","CL5","ZoneD","EHP","MUL","1.024206e+05","1","0","0","0","1","1","1",3798,124
"3799","Nagoya","Hotel","CL5","ZoneD","EHP","MUL","5.044307e+04","1","0","1","0","1","1","1",3799,165
"3800","Nagoya","Hotel","CL5","ZoneD","EHP","MUL","1.144352e+05","0","0","0","0","2","1","1",3800,217
"3801","Nagoya","Hotel","CL5","ZoneD","EHP","MUL","5.276211e+04","1","0","0","0","2","1","1",3801,244
"3802","Nagoya","Hotel","CL5","ZoneD","EHP","MUL","2.598583e+04","1","0","1","0","2","1","1",3802,167
"3803","Nagoya","Hotel","CL5","ZoneD","GHP","MUL","1.474294e+04","0","0","0","0","1","1","1",3803,110
"3804","Nagoya","Hotel","CL5","ZoneD","GHP","MUL","7.594849e+03","0","0","0","0","2","1","1",3804,107
"3805","Nagoya","Hotel","CL5","ZoneD","ABCH","FCU","1.109840e+05","1","0","0","0","1","1","1",3805,211
"3806","Nagoya","Hotel","CL5","ZoneD","ABCH","FCU","6.115418e+04","1","0","1","0","1","1","1",3806,16
"3807","Nagoya","Hotel","CL5","ZoneD","ABCH","FCU","1.300416e+05","0","0","0","0","2","1","1",3807,321
"3808","Nagoya","Hotel","CL5","ZoneD","ABCH","FCU","6.093987e+04","1","0","0","0","2","1","1",3808,205
"3809","Nagoya","Hotel","CL5","ZoneD","ABCH","FCU","3.357898e+04","1","0","1","0","2","1","1",3809,127
"3810","Nagoya","Hotel","CL5","ZoneD","ABCH","OHUFCU","7.871376e+04","1","0","0","0","1","1","1",3810,278
"3811","Nagoya","Hotel","CL5","ZoneD","ABCH","OHUFCU","4.318526e+04","1","0","1","0","1","1","1",3811,276
"3812","Nagoya","Hotel","CL5","ZoneD","ABCH","OHUFCU","1.084411e+05","0","0","0","0","2","1","1",3812,281
"3813","Nagoya","Hotel","CL5","ZoneD","ABCH","OHUFCU","5.078365e+04","1","0","0","0","2","1","1",3813,310
"3814","Nagoya","Hotel","CL5","ZoneD","AHP","FCU","8.977235e+04","1","0","0","0","1","1","1",3814,376
"3815","Nagoya","Hotel","CL5","ZoneD","AHP","FCU","4.946620e+04","1","0","1","0","1","1","1",3815,148
"3816","Nagoya","Hotel","CL5","ZoneD","AHP","FCU","1.051876e+05","0","0","0","0","2","1","1",3816,331
"3817","Nagoya","Hotel","CL5","ZoneD","AHP","FCU","4.929285e+04","1","0","0","0","2","1","1",3817,230
"3818","Nagoya","Hotel","CL5","ZoneD","AHP","FCU","2.716125e+04","1","0","1","0","2","1","1",3818,389
"3819","Nagoya","Hotel","CL5","ZoneD","AHP","OHUFCU","1.359575e+05","0","0","0","0","1","1","1",3819,40
"3820","Nagoya","Hotel","CL5","ZoneD","AHP","OHUFCU","6.366974e+04","1","0","0","0","1","1","1",3820,253
"3821","Nagoya","Hotel","CL5","ZoneD","AHP","OHUFCU","3.493155e+04","1","0","1","0","1","1","1",3821,52
"3822","Nagoya","Hotel","CL5","ZoneD","AHP","OHUFCU","8.771552e+04","0","0","0","0","2","1","1",3822,38
"3823","Nagoya","Hotel","CL5","ZoneD","AHP","OHUFCU","4.107771e+04","1","0","0","0","2","1","1",3823,171
"3824","Nagoya","Hotel","CL5","ZoneD","TB","FCU","8.328698e+04","0","0","0","0","1","1","1",3824,114
"3825","Nagoya","Hotel","CL6b","ZoneD","EHP","MUL","6.949269e+04","0","0","0","0","1","1","1",3825,134
"3826","Nagoya","Hotel","CL6b","ZoneD","EHP","MUL","3.315826e+04","1","0","0","0","1","1","1",3826,273
"3827","Nagoya","Hotel","CL6b","ZoneD","EHP","MUL","2.875128e+04","1","0","1","0","1","1","1",3827,19
"3828","Nagoya","Hotel","CL6b","ZoneD","EHP","MUL","6.769206e+04","0","0","0","0","2","1","1",3828,285
"3829","Nagoya","Hotel","CL6b","ZoneD","GHP","MUL","3.871998e+03","0","0","0","0","1","1","1",3829,5
"3830","Nagoya","Hotel","CL6b","ZoneD","GHP","MUL","1.994666e+03","0","0","0","0","2","1","1",3830,32
"3831","Nagoya","Hotel","CL6b","ZoneD","ABCH","FCU","1.273068e+05","0","0","0","0","1","1","1",3831,167
"3832","Nagoya","Hotel","CL6b","ZoneD","ABCH","FCU","6.194828e+04","1","0","0","0","1","1","1",3832,301
"3833","Nagoya","Hotel","CL6b","ZoneD","ABCH","FCU","6.226319e+04","1","0","1","0","1","1","1",3833,243
"3834","Nagoya","Hotel","CL6b","ZoneD","ABCH","FCU","7.502925e+04","0","0","0","0","2","1","1",3834,233
"3835","Nagoya","Hotel","CL6b","ZoneD","ABCH","FCU","3.650969e+04","1","0","0","0","2","1","1",3835,392
"3836","Nagoya","Hotel","CL6b","ZoneD","ABCH","FCU","3.669529e+04","1","0","1","0","2","1","1",3836,143
"3837","Nagoya","Hotel","CL6b","ZoneD","ABCH","OHUFCU","1.385552e+05","0","0","0","0","1","1","1",3837,71
"3838","Nagoya","Hotel","CL6b","ZoneD","ABCH","OHUFCU","6.731996e+04","1","0","0","0","1","1","1",3838,319
"3839","Nagoya","Hotel","CL6b","ZoneD","ABCH","OHUFCU","6.695309e+04","1","0","1","0","1","1","1",3839,207
"3840","Nagoya","Hotel","CL6b","ZoneD","ABCH","OHUFCU","8.165858e+04","0","0","0","0","2","1","1",3840,125
"3841","Nagoya","Hotel","CL6b","ZoneD","ABCH","OHUFCU","3.967553e+04","1","0","0","0","2","1","1",3841,155
"3842","Nagoya","Hotel","CL6b","ZoneD","ABCH","OHUFCU","3.945931e+04","1","0","1","0","2","1","1",3842,219
"3843","Nagoya","Hotel","CL6b","ZoneD","AHP","FCU","6.444381e+04","0","0","0","0","1","1","1",3843,223
"3844","Nagoya","Hotel","CL6b","ZoneD","AHP","FCU","3.135875e+04","1","0","0","0","1","1","1",3844,272
"3845","Nagoya","Hotel","CL6b","ZoneD","AHP","FCU","3.151816e+04","1","0","1","0","1","1","1",3845,251
"3846","Nagoya","Hotel","CL6b","ZoneD","AHP","FCU","7.503743e+04","0","0","0","0","2","1","1",3846,167
"3847","Nagoya","Hotel","CL6b","ZoneD","AHP","OHUFCU","7.013785e+04","0","0","0","0","1","1","1",3847,313
"3848","Nagoya","Hotel","CL6b","ZoneD","AHP","OHUFCU","3.407794e+04","1","0","0","0","1","1","1",3848,328
"3849","Nagoya","Hotel","CL6b","ZoneD","AHP","OHUFCU","3.389222e+04","1","0","1","0","1","1","1",3849,268
"3850","Nagoya","Hotel","CL6b","ZoneD","AHP","OHUFCU","8.139501e+04","0","0","0","0","2","1","1",3850,359
"3851","Nagoya","Hotel","CL6b","ZoneD","TB","OHUFCU","5.415274e+04","0","0","0","0","1","1","1",3851,50
"3852","Nagoya","Hotel","CL6b","ZoneD","COM","OHUFCU","5.961213e+04","0","0","0","0","1","1","1",3852,82
"3853","Nagoya","Hotel","CL6m","ZoneD","EHP","MUL","9.436776e+04","0","0","0","0","1","1","1",3853,377
"3854","Nagoya","Hotel","CL6m","ZoneD","EHP","MUL","4.502733e+04","1","0","0","0","1","1","1",3854,32
"3855","Nagoya","Hotel","CL6m","ZoneD","EHP","MUL","3.904287e+04","1","0","1","0","1","1","1",3855,316
"3856","Nagoya","Hotel","CL6m","ZoneD","EHP","MUL","9.192259e+04","0","0","0","0","2","1","1",3856,48
"3857","Nagoya","Hotel","CL6m","ZoneD","GHP","MUL","5.257990e+03","0","0","0","0","1","1","1",3857,56
"3858","Nagoya","Hotel","CL6m","ZoneD","GHP","MUL","2.708661e+03","0","0","0","0","2","1","1",3858,31
"3859","Nagoya","Hotel","CL6m","ZoneD","ABCH","FCU","8.412282e+04","1","0","0","0","1","1","1",3859,51
"3860","Nagoya","Hotel","CL6m","ZoneD","ABCH","FCU","8.455045e+04","1","0","1","0","1","1","1",3860,389
"3861","Nagoya","Hotel","CL6m","ZoneD","ABCH","FCU","1.018861e+05","0","0","0","0","2","1","1",3861,117
"3862","Nagoya","Hotel","CL6m","ZoneD","ABCH","FCU","4.957842e+04","1","0","0","0","2","1","1",3862,204
"3863","Nagoya","Hotel","CL6m","ZoneD","ABCH","FCU","4.983045e+04","1","0","1","0","2","1","1",3863,274
"3864","Nagoya","Hotel","CL6m","ZoneD","ABCH","OHUFCU","9.141730e+04","1","0","0","0","1","1","1",3864,228
"3865","Nagoya","Hotel","CL6m","ZoneD","ABCH","OHUFCU","9.091910e+04","1","0","1","0","1","1","1",3865,81
"3866","Nagoya","Hotel","CL6m","ZoneD","ABCH","OHUFCU","1.108885e+05","0","0","0","0","2","1","1",3866,17
"3867","Nagoya","Hotel","CL6m","ZoneD","ABCH","OHUFCU","5.387748e+04","1","0","0","0","2","1","1",3867,236
"3868","Nagoya","Hotel","CL6m","ZoneD","ABCH","OHUFCU","5.358387e+04","1","0","1","0","2","1","1",3868,366
"3869","Nagoya","Hotel","CL6m","ZoneD","AHP","FCU","8.751162e+04","0","0","0","0","1","1","1",3869,283
"3870","Nagoya","Hotel","CL6m","ZoneD","AHP","FCU","4.258369e+04","1","0","0","0","1","1","1",3870,347
"3871","Nagoya","Hotel","CL6m","ZoneD","AHP","FCU","4.280016e+04","1","0","1","0","1","1","1",3871,142
"3872","Nagoya","Hotel","CL6m","ZoneD","AHP","FCU","1.018973e+05","0","0","0","0","2","1","1",3872,100
"3873","Nagoya","Hotel","CL6m","ZoneD","AHP","OHUFCU","9.524385e+04","0","0","0","0","1","1","1",3873,211
"3874","Nagoya","Hotel","CL6m","ZoneD","AHP","OHUFCU","4.627622e+04","1","0","0","0","1","1","1",3874,344
"3875","Nagoya","Hotel","CL6m","ZoneD","AHP","OHUFCU","4.602403e+04","1","0","1","0","1","1","1",3875,60
"3876","Nagoya","Hotel","CL6m","ZoneD","AHP","OHUFCU","5.613269e+04","0","0","0","0","2","1","1",3876,26
"3877","Nagoya","Hotel","CL6m","ZoneD","AHP","OHUFCU","2.727324e+04","1","0","0","0","2","1","1",3877,330
"3878","Nagoya","Hotel","CL6m","ZoneD","AHP","OHUFCU","2.712461e+04","1","0","1","0","2","1","1",3878,138
"3879","Nagoya","Hotel","CL6m","ZoneD","TB","OHUFCU","7.353684e+04","0","0","0","0","1","1","1",3879,400
"3880","Nagoya","Hotel","CL6m","ZoneD","COM","OHUFCU","8.095043e+04","0","0","0","0","1","1","1",3880,48
"3881","Nagoya","Hotel","CL7b","ZoneD","EHP","MUL","1.571386e+04","0","0","0","0","1","1","1",3881,262
"3882","Nagoya","Hotel","CL7b","ZoneD","EHP","MUL","8.095018e+03","0","0","0","0","2","1","1",3882,312
"3883","Nagoya","Hotel","CL7b","ZoneD","ABCH","FCU","4.512917e+04","0","0","0","0","1","1","1",3883,63
"3884","Nagoya","Hotel","CL7b","ZoneD","ABCH","FCU","4.602402e+04","1","0","1","0","1","1","1",3884,340
"3885","Nagoya","Hotel","CL7b","ZoneD","ABCH","OHUFCU","6.444050e+04","0","0","0","0","1","1","1",3885,163
"3886","Nagoya","Hotel","CL7b","ZoneD","ABCH","OHUFCU","3.258629e+04","1","0","0","0","1","1","1",3886,375
"3887","Nagoya","Hotel","CL7b","ZoneD","ABCH","OHUFCU","6.384661e+04","1","0","1","0","1","1","1",3887,5
"3888","Nagoya","Hotel","CL7b","ZoneD","ABCH","OHUFCU","6.490936e+04","0","0","0","0","2","1","1",3888,377
"3889","Nagoya","Hotel","CL7b","ZoneD","ABCH","OHUFCU","6.492252e+04","1","0","1","0","2","1","1",3889,394
"3890","Nagoya","Hotel","CL7m","ZoneD","EHP","MUL","4.214973e+04","0","0","0","0","1","1","1",3890,289
"3891","Nagoya","Hotel","CL7m","ZoneD","EHP","MUL","3.498415e+04","1","0","1","0","1","1","1",3891,154
"3892","Nagoya","Hotel","CL7m","ZoneD","EHP","MUL","4.138703e+04","0","0","0","0","2","1","1",3892,329
"3893","Nagoya","Hotel","CL7m","ZoneD","GHP","MUL","3.205646e+03","0","0","0","0","1","1","1",3893,270
"3894","Nagoya","Hotel","CL7m","ZoneD","ABCH","VAV","7.586809e+04","1","0","1","0","1","1","1",3894,186
"3895","Nagoya","Hotel","CL7m","ZoneD","ABCH","FCU","1.051136e+05","0","0","0","0","1","1","1",3895,1
"3896","Nagoya","Hotel","CL7m","ZoneD","ABCH","FCU","5.246655e+04","1","0","0","0","1","1","1",3896,109
"3897","Nagoya","Hotel","CL7m","ZoneD","ABCH","FCU","8.871848e+04","1","0","1","0","1","1","1",3897,118
"3898","Nagoya","Hotel","CL7m","ZoneD","ABCH","FCU","7.970404e+04","0","0","0","0","2","1","1",3898,57
"3899","Nagoya","Hotel","CL7m","ZoneD","ABCH","FCU","8.128447e+04","1","0","1","0","2","1","1",3899,347
"3900","Nagoya","Hotel","CL7m","ZoneD","ABCH","OHUFCU","9.262132e+04","1","0","0","0","1","1","1",3900,207
"3901","Nagoya","Hotel","CL7m","ZoneD","ABCH","OHUFCU","1.138104e+05","0","0","0","0","2","1","1",3901,27
"3902","Nagoya","Hotel","CL7m","ZoneD","ABCH","OHUFCU","5.755167e+04","1","0","0","0","2","1","1",3902,330
"3903","Nagoya","Hotel","CL7m","ZoneD","ABCH","OHUFCU","1.127615e+05","1","0","1","0","2","1","1",3903,283
"3904","Nagoya","Hotel","CL7m","ZoneD","AHP","FCU","8.109118e+04","1","0","1","0","1","1","1",3904,216
"3905","Nagoya","Hotel","CL7m","ZoneD","AHP","OHUFCU","5.732718e+04","0","0","0","0","1","1","1",3905,308
"3906","Nagoya","Hotel","CL7m","ZoneD","AHP","OHUFCU","2.898923e+04","1","0","0","0","1","1","1",3906,375
"3907","Nagoya","Hotel","CL7m","ZoneD","AHP","OHUFCU","5.679886e+04","1","0","1","0","1","1","1",3907,333
"3908","Nagoya","Hotel","CL7m","ZoneD","AHP","OHUFCU","6.592237e+04","0","0","0","0","2","1","1",3908,71
"3909","Nagoya","Hotel","CL7m","ZoneD","AHP","OHUFCU","6.593574e+04","1","0","1","0","2","1","1",3909,189
"3910","Nagoya","Hotel","CL7m","ZoneD","TB","OHUFCU","4.470249e+04","0","0","0","0","1","1","1",3910,130
"3911","Nagoya","Hotel","CL7m","ZoneD","TB","OHUFCU","4.471156e+04","1","0","1","0","1","1","1",3911,398
"3912","Nagoya","Hotel","CL7m","ZoneD","AB","OHUFCU","7.043548e+04","1","0","1","0","1","1","1",3912,234
"3913","Nagoya","Hotel","CL7m","ZoneD","COM","OHUFCU","7.380124e+04","0","0","0","0","1","1","1",3913,204
"3914","Nagoya","Hotel","CL7m","ZoneD","COM","OHUFCU","7.381622e+04","1","0","1","0","1","1","1",3914,83
"3915","Nagoya","Hotel","CL7m","ZoneD","COM","OHUFCU","4.340327e+04","0","0","0","0","2","1","1",3915,29
"3916","Nagoya","Hotel","CL7m","ZoneD","COM","OHUFCU","4.341207e+04","1","0","1","0","2","1","1",3916,388
"3917","Nagoya","Hotel","CL8","ZoneD","EHP","MUL","5.108222e+04","1","0","1","0","3","1","1",3917,80
"3918","Nagoya","Hotel","CL8","ZoneD","GHP","MUL","2.029070e+03","1","0","1","0","3","1","1",3918,321
"3919","Nagoya","Hotel","CL8","ZoneD","ABCH","CAV","6.852105e+04","1","1","1","0","3","1","1",3919,11
"3920","Nagoya","Hotel","CL8","ZoneD","ABCH","VAV","9.482332e+04","1","0","1","0","3","1","1",3920,326
"3921","Nagoya","Hotel","CL8","ZoneD","ABCH","VAV","9.291732e+04","1","0","1","1","3","1","1",3921,281
"3922","Nagoya","Hotel","CL8","ZoneD","ABCH","FCU","5.413262e+04","0","0","0","0","3","1","1",3922,194
"3923","Nagoya","Hotel","CL8","ZoneD","ABCH","FCU","9.536825e+04","1","0","1","0","3","1","1",3923,268
"3924","Nagoya","Hotel","CL8","ZoneD","ABCH","FCU","6.042056e+04","1","1","1","0","3","1","1",3924,360
"3925","Nagoya","Hotel","CL8","ZoneD","ABCH","OHUFCU","1.688926e+05","0","0","0","0","3","1","1",3925,149
"3926","Nagoya","Hotel","CL8","ZoneD","ABCH","OHUFCU","8.750252e+04","1","0","0","0","3","1","1",3926,233
"3927","Nagoya","Hotel","CL8","ZoneD","ABCH","OHUFCU","2.975468e+05","1","0","1","0","3","1","1",3927,11
"3928","Nagoya","Hotel","CL8","ZoneD","ABCH","OHUFCU","2.718005e+04","0","1","0","0","3","1","1",3928,358
"3929","Nagoya","Hotel","CL8","ZoneD","ABCH","OHUFCU","4.788451e+04","1","1","1","0","3","1","1",3929,322
"3930","Nagoya","Hotel","CL8","ZoneD","AHP","OHUFCU","5.023904e+04","0","0","0","0","3","1","1",3930,366
"3931","Nagoya","Hotel","CL8","ZoneD","AHP","OHUFCU","1.076116e+05","1","0","1","0","3","1","1",3931,89
"3932","Nagoya","Hotel","CL8","ZoneD","TB","OHUFCU","1.196085e+05","1","0","1","0","3","1","1",3932,282
"3933","Nagoya","Hotel","CL8","ZoneD","AB","OHUFCU","5.747326e+04","0","0","0","0","3","1","1",3933,351
"3934","Nagoya","Hotel","CL8","ZoneD","AB","OHUFCU","1.231072e+05","1","0","1","0","3","1","1",3934,67
"3935","Nagoya","Hotel","CL8","ZoneD","COM","VAV","3.341447e+04","1","0","1","0","3","1","1",3935,46
"3936","Nagoya","Hotel","CL8","ZoneD","COM","VAV","3.229200e+04","1","0","1","1","3","1","1",3936,14
"3937","Nagoya","Hotel","CL8","ZoneD","COM","FCU","7.346942e+04","1","0","1","0","3","1","1",3937,104
"3938","Nagoya","Hotel","CL8","ZoneD","COM","OHUFCU","6.679407e+04","0","0","0","0","3","1","1",3938,214
"3939","Nagoya","Hotel","CL8","ZoneD","COM","OHUFCU","3.469720e+04","1","0","0","0","3","1","1",3939,70
"3940","Nagoya","Hotel","CL8","ZoneD","COM","OHUFCU","1.186517e+05","1","0","1","0","3","1","1",3940,390
"3941","Nagoya","Hotel","CL8","ZoneD","COM+TESICE","OHUFCU","1.084928e+05","1","0","1","0","3","1","1",3941,388
"3942","Osaka","Hotel","CL2","ZoneD","EHP","MUL","1.142906e+05","0","0","0","0","1","1","1",3942,370
"3943","Osaka","Hotel","CL2","ZoneD","EHP","MUL","4.715045e+04","1","0","0","0","1","1","1",3943,50
"3944","Osaka","Hotel","CL2","ZoneD","EHP","MUL","2.918179e+04","0","0","0","0","2","1","1",3944,60
"3945","Osaka","Hotel","CL2","ZoneD","GHP","MUL","3.922414e+03","0","0","0","0","1","1","1",3945,213
"3946","Osaka","Hotel","CL3","ZoneD","EHP","MUL","1.269684e+05","0","0","0","0","1","1","1",3946,142
"3947","Osaka","Hotel","CL3","ZoneD","EHP","MUL","5.429823e+04","1","0","0","0","1","1","1",3947,173
"3948","Osaka","Hotel","CL3","ZoneD","EHP","MUL","5.454751e+04","0","0","0","0","2","1","1",3948,255
"3949","Osaka","Hotel","CL3","ZoneD","GHP","MUL","4.268251e+03","0","0","0","0","1","1","1",3949,224
"3950","Osaka","Hotel","CL3","ZoneD","AHP","FCU","8.635077e+04","0","0","0","0","1","1","1",3950,50
"3951","Osaka","Hotel","CL3","ZoneD","AHP","FCU","3.721693e+04","1","0","0","0","1","1","1",3951,350
"3952","Osaka","Hotel","CL4","ZoneD","EHP","MUL","7.507541e+04","1","0","0","0","1","1","1",3952,244
"3953","Osaka","Hotel","CL4","ZoneD","EHP","MUL","4.424552e+04","0","0","0","0","2","1","1",3953,173
"3954","Osaka","Hotel","CL4","ZoneD","GHP","MUL","6.108186e+03","0","0","0","0","1","1","1",3954,201
"3955","Osaka","Hotel","CL4","ZoneD","ABCH","FCU","1.019651e+05","0","0","0","0","1","1","1",3955,140
"3956","Osaka","Hotel","CL4","ZoneD","ABCH","FCU","4.571552e+04","1","0","0","0","1","1","1",3956,357
"3957","Osaka","Hotel","CL4","ZoneD","AHP","FCU","9.245792e+04","0","0","0","0","1","1","1",3957,44
"3958","Osaka","Hotel","CL4","ZoneD","AHP","FCU","4.145603e+04","1","0","0","0","1","1","1",3958,325
"3959","Osaka","Hotel","CL4","ZoneD","AHP","FCU","5.991104e+04","0","0","0","0","2","1","1",3959,336
"3960","Osaka","Hotel","CL4","ZoneD","AHP","OHUFCU","5.790132e+04","0","0","0","0","1","1","1",3960,32
"3961","Osaka","Hotel","CL5","ZoneD","EHP","MUL","1.450040e+05","0","0","0","0","1","1","1",3961,138
"3962","Osaka","Hotel","CL5","ZoneD","EHP","MUL","6.673195e+04","1","0","0","0","1","1","1",3962,175
"3963","Osaka","Hotel","CL5","ZoneD","EHP","MUL","3.187372e+04","1","0","1","0","1","1","1",3963,83
"3964","Osaka","Hotel","CL5","ZoneD","EHP","MUL","8.594388e+04","0","0","0","0","2","1","1",3964,341
"3965","Osaka","Hotel","CL5","ZoneD","EHP","MUL","3.955203e+04","1","0","0","0","2","1","1",3965,298
"3966","Osaka","Hotel","CL5","ZoneD","GHP","MUL","7.678616e+03","0","0","0","0","1","1","1",3966,111
"3967","Osaka","Hotel","CL5","ZoneD","GHP","MUL","3.955651e+03","0","0","0","0","2","1","1",3967,370
"3968","Osaka","Hotel","CL5","ZoneD","ABCH","FCU","1.464355e+05","0","0","0","0","1","1","1",3968,135
"3969","Osaka","Hotel","CL5","ZoneD","ABCH","FCU","6.856556e+04","1","0","0","0","1","1","1",3969,319
"3970","Osaka","Hotel","CL5","ZoneD","ABCH","FCU","3.672757e+04","1","0","1","0","1","1","1",3970,60
"3971","Osaka","Hotel","CL5","ZoneD","ABCH","FCU","8.832289e+04","0","0","0","0","2","1","1",3971,158
"3972","Osaka","Hotel","CL5","ZoneD","ABCH","FCU","4.135547e+04","1","0","0","0","2","1","1",3972,199
"3973","Osaka","Hotel","CL5","ZoneD","ABCH","OHUFCU","1.195529e+05","0","0","0","0","1","1","1",3973,6
"3974","Osaka","Hotel","CL5","ZoneD","ABCH","OHUFCU","5.594017e+04","1","0","0","0","1","1","1",3974,256
"3975","Osaka","Hotel","CL5","ZoneD","ABCH","OHUFCU","9.040554e+04","0","0","0","0","2","1","1",3975,120
"3976","Osaka","Hotel","CL5","ZoneD","AHP","FCU","1.141008e+05","0","0","0","0","1","1","1",3976,197
"3977","Osaka","Hotel","CL5","ZoneD","AHP","FCU","5.342547e+04","1","0","0","0","1","1","1",3977,54
"3978","Osaka","Hotel","CL5","ZoneD","AHP","FCU","2.861769e+04","1","0","1","0","1","1","1",3978,170
"3979","Osaka","Hotel","CL5","ZoneD","AHP","FCU","6.882015e+04","0","0","0","0","2","1","1",3979,305
"3980","Osaka","Hotel","CL5","ZoneD","AHP","FCU","3.222370e+04","1","0","0","0","2","1","1",3980,216
"3981","Osaka","Hotel","CL5","ZoneD","AHP","OHUFCU","9.315423e+04","0","0","0","0","1","1","1",3981,30
"3982","Osaka","Hotel","CL5","ZoneD","AHP","OHUFCU","4.358792e+04","1","0","0","0","1","1","1",3982,245
"3983","Osaka","Hotel","CL5","ZoneD","AHP","OHUFCU","7.044292e+04","0","0","0","0","2","1","1",3983,194
"3984","Osaka","Hotel","CL6b","ZoneD","EHP","MUL","3.742679e+04","0","0","0","0","1","1","1",3984,393
"3985","Osaka","Hotel","CL6b","ZoneD","EHP","MUL","1.928047e+04","0","0","0","0","2","1","1",3985,399
"3986","Osaka","Hotel","CL6b","ZoneD","ABCH","FCU","8.743938e+04","0","0","0","0","1","1","1",3986,68
"3987","Osaka","Hotel","CL6b","ZoneD","ABCH","FCU","6.448824e+04","0","0","0","0","2","1","1",3987,337
"3988","Osaka","Hotel","CL6b","ZoneD","ABCH","OHUFCU","6.708271e+04","0","0","0","0","1","1","1",3988,235
"3989","Osaka","Hotel","CL6b","ZoneD","ABCH","OHUFCU","3.725058e+04","1","0","1","0","1","1","1",3989,108
"3990","Osaka","Hotel","CL6b","ZoneD","ABCH","OHUFCU","7.694783e+04","0","0","0","0","2","1","1",3990,268
"3991","Osaka","Hotel","CL6b","ZoneD","AHP","OHUFCU","8.277970e+04","0","0","0","0","1","1","1",3991,49
"3992","Osaka","Hotel","CL6m","ZoneD","EHP","MUL","6.158123e+04","0","0","0","0","1","1","1",3992,196
"3993","Osaka","Hotel","CL6m","ZoneD","EHP","MUL","3.266442e+04","0","0","0","0","2","1","1",3993,95
"3994","Osaka","Hotel","CL6m","ZoneD","GHP","MUL","1.826186e+03","0","0","0","0","1","1","1",3994,295
"3995","Osaka","Hotel","CL6m","ZoneD","ABCH","FCU","7.210663e+04","0","0","0","0","1","1","1",3995,83
"3996","Osaka","Hotel","CL6m","ZoneD","ABCH","FCU","3.539917e+04","1","0","0","0","1","1","1",3996,339
"3997","Osaka","Hotel","CL6m","ZoneD","ABCH","FCU","4.063153e+04","1","0","1","0","1","1","1",3997,360
"3998","Osaka","Hotel","CL6m","ZoneD","ABCH","FCU","7.631317e+04","0","0","0","0","2","1","1",3998,267
"3999","Osaka","Hotel","CL6m","ZoneD","ABCH","OHUFCU","8.642124e+04","0","0","0","0","1","1","1",3999,142
"4000","Osaka","Hotel","CL6m","ZoneD","ABCH","OHUFCU","4.234815e+04","1","0","0","0","1","1","1",4000,395
"4001","Osaka","Hotel","CL6m","ZoneD","ABCH","OHUFCU","4.798914e+04","1","0","1","0","1","1","1",4001,308
"4002","Osaka","Hotel","CL6m","ZoneD","ABCH","OHUFCU","9.105742e+04","0","0","0","0","2","1","1",4002,58
"4003","Osaka","Hotel","CL6m","ZoneD","AHP","FCU","6.394427e+04","0","0","0","0","1","1","1",4003,375
"4004","Osaka","Hotel","CL6m","ZoneD","AHP","OHUFCU","7.629876e+04","0","0","0","0","1","1","1",4004,123
"4005","Osaka","Hotel","CL6m","ZoneD","AHP","OHUFCU","7.224641e+04","0","0","0","0","2","1","1",4005,172
"4006","Osaka","Hotel","CL7b","ZoneD","EHP","MUL","9.961013e+03","0","0","0","0","1","1","1",4006,36
"4007","Osaka","Hotel","CL7b","ZoneD","EHP","MUL","5.131431e+03","0","0","0","0","2","1","1",4007,115
"4008","Osaka","Hotel","CL7b","ZoneD","ABCH","OHUFCU","6.115616e+04","0","0","0","0","1","1","1",4008,272
"4009","Osaka","Hotel","CL7b","ZoneD","ABCH","OHUFCU","3.093967e+04","1","0","0","0","1","1","1",4009,77
"4010","Osaka","Hotel","CL7b","ZoneD","ABCH","OHUFCU","6.045001e+04","1","0","1","0","1","1","1",4010,168
"4011","Osaka","Hotel","CL7b","ZoneD","ABCH","OHUFCU","3.952028e+04","0","0","0","0","2","1","1",4011,226
"4012","Osaka","Hotel","CL7b","ZoneD","ABCH","OHUFCU","3.906395e+04","1","0","1","0","2","1","1",4012,171
"4013","Osaka","Hotel","CL7m","ZoneD","EHP","MUL","6.046186e+04","0","0","0","0","1","1","1",4013,55
"4014","Osaka","Hotel","CL7m","ZoneD","EHP","MUL","3.273085e+04","0","0","0","0","2","1","1",4014,70
"4015","Osaka","Hotel","CL7m","ZoneD","GHP","MUL","3.074496e+03","0","0","0","0","1","1","1",4015,245
"4016","Osaka","Hotel","CL7m","ZoneD","ABCH","VAV","6.082248e+04","1","0","1","0","1","1","1",4016,249
"4017","Osaka","Hotel","CL7m","ZoneD","ABCH","FCU","8.572625e+04","0","0","0","0","1","1","1",4017,80
"4018","Osaka","Hotel","CL7m","ZoneD","ABCH","FCU","4.276187e+04","1","0","0","0","1","1","1",4018,395
"4019","Osaka","Hotel","CL7m","ZoneD","ABCH","FCU","7.150762e+04","1","0","1","0","1","1","1",4019,86
"4020","Osaka","Hotel","CL7m","ZoneD","ABCH","FCU","6.124099e+04","0","0","0","0","2","1","1",4020,121
"4021","Osaka","Hotel","CL7m","ZoneD","ABCH","FCU","6.170463e+04","1","0","1","0","2","1","1",4021,367
"4022","Osaka","Hotel","CL7m","ZoneD","ABCH","OHUFCU","7.490417e+04","1","0","0","0","1","1","1",4022,204
"4023","Osaka","Hotel","CL7m","ZoneD","ABCH","OHUFCU","1.250371e+05","1","0","1","0","1","1","1",4023,164
"4024","Osaka","Hotel","CL7m","ZoneD","ABCH","OHUFCU","8.665610e+04","0","0","0","0","2","1","1",4024,76
"4025","Osaka","Hotel","CL7m","ZoneD","ABCH","OHUFCU","4.379345e+04","1","0","0","0","2","1","1",4025,36
"4026","Osaka","Hotel","CL7m","ZoneD","ABCH","OHUFCU","8.485266e+04","1","0","1","0","2","1","1",4026,191
"4027","Osaka","Hotel","CL7m","ZoneD","AHP","FCU","6.340712e+04","1","0","1","0","1","1","1",4027,362
"4028","Osaka","Hotel","CL7m","ZoneD","AHP","OHUFCU","5.610302e+04","0","0","0","0","1","1","1",4028,360
"4029","Osaka","Hotel","CL7m","ZoneD","AHP","OHUFCU","5.493544e+04","1","0","1","0","1","1","1",4029,318
"4030","Osaka","Hotel","CL7m","ZoneD","AHP","OHUFCU","4.856267e+04","0","0","0","0","2","1","1",4030,399
"4031","Osaka","Hotel","CL7m","ZoneD","AHP","OHUFCU","4.800193e+04","1","0","1","0","2","1","1",4031,237
"4032","Osaka","Hotel","CL7m","ZoneD","TB","OHUFCU","6.749801e+04","0","0","0","0","1","1","1",4032,199
"4033","Osaka","Hotel","CL7m","ZoneD","COM","OHUFCU","6.035857e+04","0","0","0","0","1","1","1",4033,278
"4034","Osaka","Hotel","CL7m","ZoneD","COM","OHUFCU","5.966163e+04","1","0","1","0","1","1","1",4034,285
"4035","Osaka","Hotel","CL7m","ZoneD","COM","OHUFCU","6.643734e+04","0","0","0","0","2","1","1",4035,379
"4036","Osaka","Hotel","CL8","ZoneD","EHP","MUL","6.466820e+04","1","0","1","0","3","1","1",4036,191
"4037","Osaka","Hotel","CL8","ZoneD","GHP","MUL","3.511635e+03","1","0","1","0","3","1","1",4037,311
"4038","Osaka","Hotel","CL8","ZoneD","ABCH","CAV","8.262799e+04","1","1","1","0","3","1","1",4038,264
"4039","Osaka","Hotel","CL8","ZoneD","ABCH","VAV","1.139781e+05","1","0","1","0","3","1","1",4039,157
"4040","Osaka","Hotel","CL8","ZoneD","ABCH","VAV","1.075312e+05","1","0","1","1","3","1","1",4040,225
"4041","Osaka","Hotel","CL8","ZoneD","ABCH","FCU","5.922661e+04","0","0","0","0","3","1","1",4041,176
"4042","Osaka","Hotel","CL8","ZoneD","ABCH","FCU","1.011704e+05","1","0","1","0","3","1","1",4042,282
"4043","Osaka","Hotel","CL8","ZoneD","ABCH","FCU","3.622192e+04","0","1","0","0","3","1","1",4043,151
"4044","Osaka","Hotel","CL8","ZoneD","ABCH","FCU","6.187398e+04","1","1","1","0","3","1","1",4044,246
"4045","Osaka","Hotel","CL8","ZoneD","ABCH","OHUFCU","2.081082e+05","0","0","0","0","3","1","1",4045,254
"4046","Osaka","Hotel","CL8","ZoneD","ABCH","OHUFCU","1.076322e+05","1","0","0","0","3","1","1",4046,242
"4047","Osaka","Hotel","CL8","ZoneD","ABCH","OHUFCU","3.554887e+05","1","0","1","0","3","1","1",4047,378
"4048","Osaka","Hotel","CL8","ZoneD","ABCH","OHUFCU","3.232293e+04","0","1","0","0","3","1","1",4048,219
"4049","Osaka","Hotel","CL8","ZoneD","ABCH","OHUFCU","5.521375e+04","1","1","1","0","3","1","1",4049,46
"4050","Osaka","Hotel","CL8","ZoneD","AHP","OHUFCU","5.826028e+04","0","0","0","0","3","1","1",4050,17
"4051","Osaka","Hotel","CL8","ZoneD","AHP","OHUFCU","1.210326e+05","1","0","1","0","3","1","1",4051,384
"4052","Osaka","Hotel","CL8","ZoneD","TB","OHUFCU","4.603780e+04","0","0","0","0","3","1","1",4052,162
"4053","Osaka","Hotel","CL8","ZoneD","TB","OHUFCU","9.564105e+04","1","0","1","0","3","1","1",4053,229
"4054","Osaka","Hotel","CL8","ZoneD","AB","OHUFCU","6.744307e+04","0","0","0","0","3","1","1",4054,130
"4055","Osaka","Hotel","CL8","ZoneD","AB","OHUFCU","1.401093e+05","1","0","1","0","3","1","1",4055,352
"4056","Osaka","Hotel","CL8","ZoneD","COM","VAV","3.970274e+04","1","0","1","0","3","1","1",4056,315
"4057","Osaka","Hotel","CL8","ZoneD","COM","VAV","3.693879e+04","1","0","1","1","3","1","1",4057,163
"4058","Osaka","Hotel","CL8","ZoneD","COM","FCU","8.943774e+04","1","0","1","0","3","1","1",4058,391
"4059","Osaka","Hotel","CL8","ZoneD","COM","OHUFCU","8.099216e+04","0","0","0","0","3","1","1",4059,359
"4060","Osaka","Hotel","CL8","ZoneD","COM","OHUFCU","4.200290e+04","1","0","0","0","3","1","1",4060,249
"4061","Osaka","Hotel","CL8","ZoneD","COM","OHUFCU","1.395355e+05","1","0","1","0","3","1","1",4061,238
"4062","Osaka","Hotel","CL8","ZoneD","AHP+TESICE","OHUFCU","7.473526e+04","1","0","1","0","3","1","1",4062,396
"4063","Osaka","Hotel","CL8","ZoneD","COM+TESICE","OHUFCU","1.226087e+05","1","0","1","0","3","1","1",4063,93
"4064","Osaka","Hotel","CL9","ZoneD","EHP","MUL","3.716060e+04","1","0","1","0","3","1","1",4064,391
"4065","Osaka","Hotel","CL9","ZoneD","ABCH","CAV","7.494147e+04","1","1","1","0","3","1","1",4065,59
"4066","Osaka","Hotel","CL9","ZoneD","ABCH","CAV","3.727417e+04","1","1","1","1","3","1","1",4066,349
"4067","Osaka","Hotel","CL9","ZoneD","ABCH","VAV","8.361695e+04","1","0","1","0","3","1","1",4067,84
"4068","Osaka","Hotel","CL9","ZoneD","ABCH","VAV","1.772458e+05","1","0","1","1","3","1","1",4068,400
"4069","Osaka","Hotel","CL9","ZoneD","ABCH","VAV","2.674599e+04","1","1","1","0","3","1","1",4069,90
"4070","Osaka","Hotel","CL9","ZoneD","ABCH","VAV","5.669442e+04","1","1","1","1","3","1","1",4070,295
"4071","Osaka","Hotel","CL9","ZoneD","ABCH","FCU","6.558717e+04","1","0","1","0","3","1","1",4071,25
"4072","Osaka","Hotel","CL9","ZoneD","ABCH","FCU","8.254289e+04","1","1","1","0","3","1","1",4072,327
"4073","Osaka","Hotel","CL9","ZoneD","ABCH","OHUFCU","1.050118e+05","0","0","0","0","3","1","1",4073,191
"4074","Osaka","Hotel","CL9","ZoneD","ABCH","OHUFCU","5.629252e+04","1","0","0","0","3","1","1",4074,347
"4075","Osaka","Hotel","CL9","ZoneD","ABCH","OHUFCU","3.381101e+05","1","0","1","0","3","1","1",4075,217
"4076","Osaka","Hotel","CL9","ZoneD","ABCH","OHUFCU","4.899664e+04","1","0","1","1","3","1","1",4076,157
"4077","Osaka","Hotel","CL9","ZoneD","ABCH","OHUFCU","3.358941e+04","0","1","0","0","3","1","1",4077,151
"4078","Osaka","Hotel","CL9","ZoneD","ABCH","OHUFCU","1.081490e+05","1","1","1","0","3","1","1",4078,203
"4079","Osaka","Hotel","CL9","ZoneD","AHP","OHUFCU","5.888846e+04","1","0","1","0","3","1","1",4079,341
"4080","Osaka","Hotel","CL9","ZoneD","TB","OHUFCU","7.094731e+04","1","0","1","0","3","1","1",4080,304
"4081","Osaka","Hotel","CL9","ZoneD","TB","OHUFCU","3.665558e+04","1","0","1","1","3","1","1",4081,64
"4082","Osaka","Hotel","CL9","ZoneD","TB","OHUFCU","3.711704e+04","1","1","1","0","3","1","1",4082,268
"4083","Osaka","Hotel","CL9","ZoneD","AB","VAV","4.429165e+04","1","0","1","0","3","1","1",4083,255
"4084","Osaka","Hotel","CL9","ZoneD","AB","VAV","9.223656e+04","1","0","1","1","3","1","1",4084,120
"4085","Osaka","Hotel","CL9","ZoneD","AB","FCU","5.873874e+04","1","1","1","0","3","1","1",4085,116
"4086","Osaka","Hotel","CL9","ZoneD","AB","OHUFCU","4.895505e+04","0","0","0","0","3","1","1",4086,213
"4087","Osaka","Hotel","CL9","ZoneD","AB","OHUFCU","1.585860e+05","1","0","1","0","3","1","1",4087,191
"4088","Osaka","Hotel","CL9","ZoneD","AB","OHUFCU","6.612727e+04","1","1","1","0","3","1","1",4088,376
"4089","Osaka","Hotel","CL9","ZoneD","COM","VAV","3.935531e+04","1","0","1","0","3","1","1",4089,249
"4090","Osaka","Hotel","CL9","ZoneD","COM","VAV","8.195671e+04","1","0","1","1","3","1","1",4090,77
"4091","Osaka","Hotel","CL9","ZoneD","COM","VAV","2.980559e+04","1","1","1","1","3","1","1",4091,78
"4092","Osaka","Hotel","CL9","ZoneD","COM","FCU","6.501556e+04","1","1","1","0","3","1","1",4092,1
"4093","Osaka","Hotel","CL9","ZoneD","COM","OHUFCU","5.418639e+04","0","0","0","0","3","1","1",4093,279
"4094","Osaka","Hotel","CL9","ZoneD","COM","OHUFCU","1.755325e+05","1","0","1","0","3","1","1",4094,1
"4095","Osaka","Hotel","CL9","ZoneD","COM","OHUFCU","7.319362e+04","1","1","1","0","3","1","1",4095,387
"4096","Osaka","Hotel","CL9","ZoneD","AHP+TESICE","OHUFCU","8.191770e+04","1","0","1","0","3","1","1",4096,34
"4097","Osaka","Hotel","CL9","ZoneD","COM+TESICE","VAV","4.808640e+04","1","0","1","0","3","1","1",4097,245
"4098","Osaka","Hotel","CL9","ZoneD","COM+TESICE","VAV","8.737561e+04","1","0","1","1","3","1","1",4098,20
"4099","Osaka","Hotel","CL9","ZoneD","COM+TESICE","OHUFCU","4.648986e+04","0","0","0","0","3","1","1",4099,179
"4100","Osaka","Hotel","CL9","ZoneD","COM+TESICE","OHUFCU","1.506501e+05","1","0","1","0","3","1","1",4100,390
"4101","Osaka","Hotel","CL9","ZoneD","COM+TESICE","OHUFCU","7.439114e+04","1","1","1","0","3","1","1",4101,302
"4102","Hiroshima","Hotel","CL2","ZoneD","EHP","MUL","7.711104e+04","0","0","0","0","1","1","1",4102,380
"4103","Hiroshima","Hotel","CL2","ZoneD","EHP","MUL","3.192522e+04","1","0","0","0","1","1","1",4103,105
"4104","Hiroshima","Hotel","CL2","ZoneD","EHP","MUL","1.952935e+04","0","0","0","0","2","1","1",4104,118
"4105","Hiroshima","Hotel","CL2","ZoneD","GHP","MUL","1.630079e+03","0","0","0","0","1","1","1",4105,30
"4106","Hiroshima","Hotel","CL3","ZoneD","EHP","MUL","8.388333e+04","0","0","0","0","1","1","1",4106,32
"4107","Hiroshima","Hotel","CL3","ZoneD","EHP","MUL","3.590231e+04","1","0","0","0","1","1","1",4107,324
"4108","Hiroshima","Hotel","CL3","ZoneD","EHP","MUL","3.591605e+04","0","0","0","0","2","1","1",4108,393
"4109","Hiroshima","Hotel","CL3","ZoneD","GHP","MUL","2.079484e+03","0","0","0","0","1","1","1",4109,236
"4110","Hiroshima","Hotel","CL3","ZoneD","AHP","FCU","8.165918e+04","0","0","0","0","1","1","1",4110,154
"4111","Hiroshima","Hotel","CL4","ZoneD","EHP","MUL","1.175028e+05","0","0","0","0","1","1","1",4111,292
"4112","Hiroshima","Hotel","CL4","ZoneD","EHP","MUL","5.197028e+04","1","0","0","0","1","1","1",4112,35
"4113","Hiroshima","Hotel","CL4","ZoneD","EHP","MUL","3.046181e+04","0","0","0","0","2","1","1",4113,352
"4114","Hiroshima","Hotel","CL4","ZoneD","GHP","MUL","3.143877e+03","0","0","0","0","1","1","1",4114,281
"4115","Hiroshima","Hotel","CL4","ZoneD","ABCH","FCU","6.678059e+04","0","0","0","0","1","1","1",4115,196
"4116","Hiroshima","Hotel","CL4","ZoneD","ABCH","FCU","2.988874e+04","1","0","0","0","1","1","1",4116,61
"4117","Hiroshima","Hotel","CL4","ZoneD","AHP","FCU","8.989584e+04","0","0","0","0","1","1","1",4117,168
"4118","Hiroshima","Hotel","CL4","ZoneD","AHP","FCU","4.023434e+04","1","0","0","0","1","1","1",4118,232
"4119","Hiroshima","Hotel","CL4","ZoneD","AHP","FCU","4.002344e+04","0","0","0","0","2","1","1",4119,92
"4120","Hiroshima","Hotel","CL5","ZoneD","EHP","MUL","9.717749e+04","0","0","0","0","1","1","1",4120,346
"4121","Hiroshima","Hotel","CL5","ZoneD","EHP","MUL","4.498335e+04","1","0","0","0","1","1","1",4121,240
"4122","Hiroshima","Hotel","CL5","ZoneD","EHP","MUL","7.323437e+04","0","0","0","0","2","1","1",4122,79
"4123","Hiroshima","Hotel","CL5","ZoneD","GHP","MUL","3.221484e+03","0","0","0","0","1","1","1",4123,352
"4124","Hiroshima","Hotel","CL5","ZoneD","GHP","MUL","1.659552e+03","0","0","0","0","2","1","1",4124,345
"4125","Hiroshima","Hotel","CL5","ZoneD","ABCH","FCU","1.110166e+05","0","0","0","0","1","1","1",4125,254
"4126","Hiroshima","Hotel","CL5","ZoneD","ABCH","FCU","5.226571e+04","1","0","0","0","1","1","1",4126,62
"4127","Hiroshima","Hotel","CL5","ZoneD","ABCH","FCU","8.411515e+04","0","0","0","0","2","1","1",4127,236
"4128","Hiroshima","Hotel","CL5","ZoneD","ABCH","OHUFCU","8.277344e+04","0","0","0","0","1","1","1",4128,374
"4129","Hiroshima","Hotel","CL5","ZoneD","ABCH","OHUFCU","3.893996e+04","1","0","0","0","1","1","1",4129,232
"4130","Hiroshima","Hotel","CL5","ZoneD","ABCH","OHUFCU","6.270084e+04","0","0","0","0","2","1","1",4130,374
"4131","Hiroshima","Hotel","CL5","ZoneD","AHP","FCU","8.397352e+04","0","0","0","0","1","1","1",4131,288
"4132","Hiroshima","Hotel","CL5","ZoneD","AHP","FCU","3.953404e+04","1","0","0","0","1","1","1",4132,70
"4133","Hiroshima","Hotel","CL5","ZoneD","AHP","FCU","7.551304e+04","0","0","0","0","2","1","1",4133,177
"4134","Hiroshima","Hotel","CL5","ZoneD","AHP","FCU","3.553929e+04","1","0","0","0","2","1","1",4134,389
"4135","Hiroshima","Hotel","CL5","ZoneD","AHP","OHUFCU","9.206461e+04","0","0","0","0","1","1","1",4135,259
"4136","Hiroshima","Hotel","CL6b","ZoneD","EHP","MUL","2.310480e+04","0","0","0","0","1","1","1",4136,233
"4137","Hiroshima","Hotel","CL6b","ZoneD","EHP","MUL","1.190247e+04","0","0","0","0","2","1","1",4137,370
"4138","Hiroshima","Hotel","CL6b","ZoneD","ABCH","FCU","8.397464e+04","0","0","0","0","1","1","1",4138,69
"4139","Hiroshima","Hotel","CL6b","ZoneD","ABCH","OHUFCU","9.872188e+04","0","0","0","0","1","1","1",4139,377
"4140","Hiroshima","Hotel","CL6b","ZoneD","ABCH","OHUFCU","9.411639e+04","0","0","0","0","2","1","1",4140,326
"4141","Hiroshima","Hotel","CL6m","ZoneD","EHP","MUL","4.675316e+04","0","0","0","0","1","1","1",4141,53
"4142","Hiroshima","Hotel","CL6m","ZoneD","EHP","MUL","2.408496e+04","0","0","0","0","2","1","1",4142,367
"4143","Hiroshima","Hotel","CL6m","ZoneD","ABCH","FCU","7.466079e+04","0","0","0","0","1","1","1",4143,102
"4144","Hiroshima","Hotel","CL6m","ZoneD","ABCH","FCU","4.124454e+04","1","0","1","0","1","1","1",4144,215
"4145","Hiroshima","Hotel","CL6m","ZoneD","ABCH","FCU","8.753705e+04","0","0","0","0","2","1","1",4145,360
"4146","Hiroshima","Hotel","CL6m","ZoneD","ABCH","OHUFCU","6.699460e+04","0","0","0","0","1","1","1",4146,66
"4147","Hiroshima","Hotel","CL6m","ZoneD","ABCH","OHUFCU","3.277309e+04","1","0","0","0","1","1","1",4147,191
"4148","Hiroshima","Hotel","CL6m","ZoneD","ABCH","OHUFCU","3.649240e+04","1","0","1","0","1","1","1",4148,233
"4149","Hiroshima","Hotel","CL6m","ZoneD","ABCH","OHUFCU","6.662100e+04","0","0","0","0","2","1","1",4149,65
"4150","Hiroshima","Hotel","CL6m","ZoneD","ABCH","OHUFCU","3.628890e+04","1","0","1","0","2","1","1",4150,192
"4151","Hiroshima","Hotel","CL6m","ZoneD","AHP","OHUFCU","5.767730e+04","0","0","0","0","1","1","1",4151,104
"4152","Hiroshima","Hotel","CL6m","ZoneD","AHP","OHUFCU","2.823665e+04","1","0","0","0","1","1","1",4152,58
"4153","Hiroshima","Hotel","CL6m","ZoneD","AHP","OHUFCU","3.161179e+04","1","0","1","0","1","1","1",4153,14
"4154","Hiroshima","Hotel","CL7b","ZoneD","EHP","MUL","3.005154e+03","0","0","0","0","1","1","1",4154,236
"4155","Hiroshima","Hotel","CL7b","ZoneD","EHP","MUL","1.548110e+03","0","0","0","0","2","1","1",4155,210
"4156","Hiroshima","Hotel","CL7b","ZoneD","ABCH","OHUFCU","4.707574e+04","0","0","0","0","1","1","1",4156,345
"4157","Hiroshima","Hotel","CL7b","ZoneD","ABCH","OHUFCU","2.425114e+04","0","0","0","0","2","1","1",4157,96
"4158","Hiroshima","Hotel","CL7m","ZoneD","EHP","MUL","2.289471e+04","0","0","0","0","1","1","1",4158,211
"4159","Hiroshima","Hotel","CL7m","ZoneD","EHP","MUL","1.179424e+04","0","0","0","0","2","1","1",4159,31
"4160","Hiroshima","Hotel","CL7m","ZoneD","ABCH","FCU","4.970032e+04","0","0","0","0","1","1","1",4160,26
"4161","Hiroshima","Hotel","CL7m","ZoneD","ABCH","FCU","5.056080e+04","1","0","1","0","1","1","1",4161,113
"4162","Hiroshima","Hotel","CL7m","ZoneD","ABCH","FCU","6.688161e+04","1","0","1","0","2","1","1",4162,38
"4163","Hiroshima","Hotel","CL7m","ZoneD","ABCH","OHUFCU","7.085212e+04","0","0","0","0","1","1","1",4163,117
"4164","Hiroshima","Hotel","CL7m","ZoneD","ABCH","OHUFCU","3.582380e+04","1","0","0","0","1","1","1",4164,330
"4165","Hiroshima","Hotel","CL7m","ZoneD","ABCH","OHUFCU","7.002888e+04","1","0","1","0","1","1","1",4165,303
"4166","Hiroshima","Hotel","CL7m","ZoneD","ABCH","OHUFCU","5.928201e+04","0","0","0","0","2","1","1",4166,174
"4167","Hiroshima","Hotel","CL7m","ZoneD","ABCH","OHUFCU","5.859320e+04","1","0","1","0","2","1","1",4167,252
"4168","Hiroshima","Hotel","CL7m","ZoneD","AHP","OHUFCU","4.088532e+04","0","0","0","0","1","1","1",4168,247
"4169","Hiroshima","Hotel","CL7m","ZoneD","AHP","OHUFCU","4.079434e+04","1","0","1","0","1","1","1",4169,391
"4170","Hiroshima","Hotel","CL8","ZoneD","EHP","MUL","1.026077e+04","1","0","1","0","3","1","1",4170,105
"4171","Hiroshima","Hotel","CL8","ZoneD","ABCH","FCU","7.250332e+04","1","0","1","0","3","1","1",4171,185
"4172","Hiroshima","Hotel","CL8","ZoneD","ABCH","OHUFCU","6.966971e+04","0","0","0","0","3","1","1",4172,229
"4173","Hiroshima","Hotel","CL8","ZoneD","ABCH","OHUFCU","1.432379e+05","1","0","1","0","3","1","1",4173,367
"4174","Hiroshima","Hotel","CL8","ZoneD","COM","OHUFCU","9.192234e+04","1","0","1","0","3","1","1",4174,393
"4175","Matsuyama","Hotel","CL2","ZoneD","EHP","MUL","7.269298e+04","0","0","0","0","1","1","1",4175,74
"4176","Matsuyama","Hotel","CL2","ZoneD","EHP","MUL","3.011833e+04","1","0","0","0","1","1","1",4176,348
"4177","Matsuyama","Hotel","CL2","ZoneD","EHP","MUL","1.840698e+04","0","0","0","0","2","1","1",4177,168
"4178","Matsuyama","Hotel","CL2","ZoneD","GHP","MUL","1.494893e+03","0","0","0","0","1","1","1",4178,361
"4179","Matsuyama","Hotel","CL3","ZoneD","EHP","MUL","6.695738e+04","0","0","0","0","1","1","1",4179,156
"4180","Matsuyama","Hotel","CL3","ZoneD","EHP","MUL","2.881181e+04","1","0","0","0","1","1","1",4180,205
"4181","Matsuyama","Hotel","CL3","ZoneD","EHP","MUL","2.963074e+04","0","0","0","0","2","1","1",4181,362
"4182","Matsuyama","Hotel","CL3","ZoneD","GHP","MUL","1.475028e+03","0","0","0","0","1","1","1",4182,209
"4183","Matsuyama","Hotel","CL3","ZoneD","AHP","FCU","7.066334e+04","0","0","0","0","1","1","1",4183,140
"4184","Matsuyama","Hotel","CL4","ZoneD","EHP","MUL","7.829516e+04","0","0","0","0","1","1","1",4184,231
"4185","Matsuyama","Hotel","CL4","ZoneD","EHP","MUL","3.464596e+04","1","0","0","0","1","1","1",4185,172
"4186","Matsuyama","Hotel","CL4","ZoneD","EHP","MUL","2.023840e+04","0","0","0","0","2","1","1",4186,220
"4187","Matsuyama","Hotel","CL4","ZoneD","GHP","MUL","1.743155e+03","0","0","0","0","1","1","1",4187,126
"4188","Matsuyama","Hotel","CL4","ZoneD","ABCH","FCU","6.296527e+04","0","0","0","0","1","1","1",4188,70
"4189","Matsuyama","Hotel","CL4","ZoneD","AHP","FCU","8.438800e+04","0","0","0","0","1","1","1",4189,299
"4190","Matsuyama","Hotel","CL4","ZoneD","AHP","FCU","2.600352e+04","0","0","0","0","2","1","1",4190,59
"4191","Matsuyama","Hotel","CL5","ZoneD","EHP","MUL","5.564620e+04","0","0","0","0","1","1","1",4191,381
"4192","Matsuyama","Hotel","CL5","ZoneD","EHP","MUL","2.969032e+04","0","0","0","0","2","1","1",4192,365
"4193","Matsuyama","Hotel","CL5","ZoneD","GHP","MUL","1.987962e+03","0","0","0","0","1","1","1",4193,229
"4194","Matsuyama","Hotel","CL5","ZoneD","ABCH","FCU","8.163525e+04","0","0","0","0","1","1","1",4194,193
"4195","Matsuyama","Hotel","CL5","ZoneD","ABCH","FCU","3.839444e+04","1","0","0","0","1","1","1",4195,22
"4196","Matsuyama","Hotel","CL5","ZoneD","ABCH","FCU","7.462597e+04","0","0","0","0","2","1","1",4196,11
"4197","Matsuyama","Hotel","CL5","ZoneD","ABCH","FCU","3.509786e+04","1","0","0","0","2","1","1",4197,247
"4198","Matsuyama","Hotel","CL5","ZoneD","AHP","FCU","9.296362e+04","0","0","0","0","1","1","1",4198,206
"4199","Matsuyama","Hotel","CL6b","ZoneD","EHP","MUL","1.150591e+04","0","0","0","0","1","1","1",4199,172
"4200","Matsuyama","Hotel","CL6b","ZoneD","EHP","MUL","5.927285e+03","0","0","0","0","2","1","1",4200,371
"4201","Matsuyama","Hotel","CL6b","ZoneD","ABCH","OHUFCU","9.089597e+04","0","0","0","0","1","1","1",4201,394
"4202","Matsuyama","Hotel","CL6b","ZoneD","ABCH","OHUFCU","4.682520e+04","0","0","0","0","2","1","1",4202,52
"4203","Matsuyama","Hotel","CL6m","ZoneD","EHP","MUL","2.589345e+04","0","0","0","0","1","1","1",4203,271
"4204","Matsuyama","Hotel","CL6m","ZoneD","EHP","MUL","1.333905e+04","0","0","0","0","2","1","1",4204,30
"4205","Matsuyama","Hotel","CL6m","ZoneD","ABCH","FCU","6.419610e+04","0","0","0","0","1","1","1",4205,177
"4206","Matsuyama","Hotel","CL6m","ZoneD","ABCH","OHUFCU","7.543675e+04","0","0","0","0","1","1","1",4206,250
"4207","Matsuyama","Hotel","CL6m","ZoneD","ABCH","OHUFCU","6.808332e+04","0","0","0","0","2","1","1",4207,274
"4208","Matsuyama","Hotel","CL6m","ZoneD","ABCH","OHUFCU","3.729438e+04","1","0","1","0","2","1","1",4208,41
"4209","Matsuyama","Hotel","CL6m","ZoneD","AHP","OHUFCU","6.492386e+04","0","0","0","0","1","1","1",4209,112
"4210","Matsuyama","Hotel","CL7b","ZoneD","EHP","MUL","1.588923e+03","0","0","0","0","1","1","1",4210,309
"4211","Matsuyama","Hotel","CL7b","ZoneD","EHP","MUL","8.185362e+02","0","0","0","0","2","1","1",4211,371
"4212","Matsuyama","Hotel","CL7b","ZoneD","ABCH","OHUFCU","2.541555e+04","1","0","1","0","1","1","1",4212,36
"4213","Matsuyama","Hotel","CL7b","ZoneD","ABCH","OHUFCU","1.309286e+04","1","0","1","0","2","1","1",4213,92
"4214","Matsuyama","Hotel","CL7m","ZoneD","EHP","MUL","1.346287e+04","0","0","0","0","1","1","1",4214,67
"4215","Matsuyama","Hotel","CL7m","ZoneD","EHP","MUL","6.935418e+03","0","0","0","0","2","1","1",4215,48
"4216","Matsuyama","Hotel","CL7m","ZoneD","ABCH","FCU","7.745121e+04","1","0","1","0","1","1","1",4216,186
"4217","Matsuyama","Hotel","CL7m","ZoneD","ABCH","OHUFCU","6.887490e+04","0","0","0","0","1","1","1",4217,36
"4218","Matsuyama","Hotel","CL7m","ZoneD","ABCH","OHUFCU","6.901864e+04","1","0","1","0","1","1","1",4218,274
"4219","Matsuyama","Hotel","CL7m","ZoneD","ABCH","OHUFCU","5.514537e+04","0","0","0","0","2","1","1",4219,292
"4220","Matsuyama","Hotel","CL7m","ZoneD","ABCH","OHUFCU","5.578981e+04","1","0","1","0","2","1","1",4220,400
"4221","Matsuyama","Hotel","CL8","ZoneD","EHP","MUL","5.869713e+03","1","0","1","0","3","1","1",4221,50
"4222","Matsuyama","Hotel","CL8","ZoneD","ABCH","OHUFCU","5.882047e+04","0","0","0","0","3","1","1",4222,148
"4223","Matsuyama","Hotel","CL8","ZoneD","ABCH","OHUFCU","1.240356e+05","1","0","1","0","3","1","1",4223,37
"4224","Matsuyama","Hotel","CL8","ZoneD","ABCH","OHUFCU","3.724610e+04","1","1","1","0","3","1","1",4224,348
"4225","Fukuoka","Hotel","CL1","ZoneD","EHP","MUL","1.399230e+02","0","0","0","0","1","1","1",4225,44
"4226","Fukuoka","Hotel","CL1","ZoneD","EHP","MUL","2.469229e+01","0","0","0","0","2","1","1",4226,277
"4227","Fukuoka","Hotel","CL2","ZoneD","EHP","MUL","1.058565e+05","0","0","0","0","2","1","1",4227,159
"4228","Fukuoka","Hotel","CL2","ZoneD","EHP","MUL","4.368408e+04","1","0","0","0","2","1","1",4228,85
"4229","Fukuoka","Hotel","CL2","ZoneD","GHP","MUL","8.692292e+03","0","0","0","0","1","1","1",4229,324
"4230","Fukuoka","Hotel","CL2","ZoneD","GHP","MUL","1.980242e+03","0","0","0","0","2","1","1",4230,250
"4231","Fukuoka","Hotel","CL2","ZoneD","AHP","FCU","1.367946e+05","0","0","0","0","1","1","1",4231,272
"4232","Fukuoka","Hotel","CL2","ZoneD","AHP","FCU","5.672113e+04","1","0","0","0","1","1","1",4232,92
"4233","Fukuoka","Hotel","CL3","ZoneD","EHP","MUL","6.656557e+04","0","0","0","0","2","1","1",4233,147
"4234","Fukuoka","Hotel","CL3","ZoneD","EHP","MUL","2.855860e+04","1","0","0","0","2","1","1",4234,126
"4235","Fukuoka","Hotel","CL3","ZoneD","GHP","MUL","7.016086e+03","0","0","0","0","1","1","1",4235,196
"4236","Fukuoka","Hotel","CL3","ZoneD","GHP","MUL","1.238133e+03","0","0","0","0","2","1","1",4236,107
"4237","Fukuoka","Hotel","CL3","ZoneD","ABCH","FCU","8.191322e+04","0","0","0","0","1","1","1",4237,170
"4238","Fukuoka","Hotel","CL3","ZoneD","ABCH","FCU","3.541678e+04","1","0","0","0","1","1","1",4238,124
"4239","Fukuoka","Hotel","CL3","ZoneD","AHP","FCU","1.311584e+05","0","0","0","0","1","1","1",4239,197
"4240","Fukuoka","Hotel","CL3","ZoneD","AHP","FCU","5.670994e+04","1","0","0","0","1","1","1",4240,15
"4241","Fukuoka","Hotel","CL3","ZoneD","AHP","FCU","6.346414e+04","0","0","0","0","2","1","1",4241,224
"4242","Fukuoka","Hotel","CL3","ZoneD","AHP","OHUFCU","5.443174e+04","0","0","0","0","1","1","1",4242,69
"4243","Fukuoka","Hotel","CL4","ZoneD","EHP","MUL","4.385111e+04","1","0","1","0","1","1","1",4243,371
"4244","Fukuoka","Hotel","CL4","ZoneD","EHP","MUL","7.018994e+04","0","0","0","0","2","1","1",4244,255
"4245","Fukuoka","Hotel","CL4","ZoneD","EHP","MUL","3.119051e+04","1","0","0","0","2","1","1",4245,308
"4246","Fukuoka","Hotel","CL4","ZoneD","GHP","MUL","7.998609e+03","0","0","0","0","1","1","1",4246,33
"4247","Fukuoka","Hotel","CL4","ZoneD","GHP","MUL","1.411519e+03","0","0","0","0","2","1","1",4247,21
"4248","Fukuoka","Hotel","CL4","ZoneD","ABCH","FCU","7.355483e+04","1","0","0","0","1","1","1",4248,26
"4249","Fukuoka","Hotel","CL4","ZoneD","ABCH","FCU","6.061195e+04","0","0","0","0","2","1","1",4249,242
"4250","Fukuoka","Hotel","CL4","ZoneD","ABCH","OHUFCU","7.334774e+04","0","0","0","0","1","1","1",4250,208
"4251","Fukuoka","Hotel","CL4","ZoneD","ABCH","OHUFCU","3.297048e+04","1","0","0","0","1","1","1",4251,265
"4252","Fukuoka","Hotel","CL4","ZoneD","AHP","FCU","9.563273e+04","1","0","0","0","1","1","1",4252,55
"4253","Fukuoka","Hotel","CL4","ZoneD","AHP","FCU","7.880497e+04","0","0","0","0","2","1","1",4253,5
"4254","Fukuoka","Hotel","CL4","ZoneD","AHP","OHUFCU","9.536349e+04","0","0","0","0","1","1","1",4254,386
"4255","Fukuoka","Hotel","CL4","ZoneD","AHP","OHUFCU","4.286676e+04","1","0","0","0","1","1","1",4255,7
"4256","Fukuoka","Hotel","CL5","ZoneD","EHP","MUL","1.045900e+05","1","0","0","0","1","1","1",4256,175
"4257","Fukuoka","Hotel","CL5","ZoneD","EHP","MUL","5.100854e+04","1","0","1","0","1","1","1",4257,333
"4258","Fukuoka","Hotel","CL5","ZoneD","EHP","MUL","1.169294e+05","0","0","0","0","2","1","1",4258,55
"4259","Fukuoka","Hotel","CL5","ZoneD","EHP","MUL","5.387967e+04","1","0","0","0","2","1","1",4259,182
"4260","Fukuoka","Hotel","CL5","ZoneD","EHP","MUL","2.627712e+04","1","0","1","0","2","1","1",4260,206
"4261","Fukuoka","Hotel","CL5","ZoneD","GHP","MUL","6.418860e+03","0","0","0","0","1","1","1",4261,371
"4262","Fukuoka","Hotel","CL5","ZoneD","GHP","MUL","3.306686e+03","0","0","0","0","2","1","1",4262,168
"4263","Fukuoka","Hotel","CL5","ZoneD","ABCH","FCU","9.781401e+04","1","0","0","0","1","1","1",4263,389
"4264","Fukuoka","Hotel","CL5","ZoneD","ABCH","FCU","5.325168e+04","1","0","1","0","1","1","1",4264,393
"4265","Fukuoka","Hotel","CL5","ZoneD","ABCH","FCU","1.076494e+05","0","0","0","0","2","1","1",4265,262
"4266","Fukuoka","Hotel","CL5","ZoneD","ABCH","FCU","5.038904e+04","1","0","0","0","2","1","1",4266,212
"4267","Fukuoka","Hotel","CL5","ZoneD","ABCH","FCU","2.743269e+04","1","0","1","0","2","1","1",4267,91
"4268","Fukuoka","Hotel","CL5","ZoneD","ABCH","OHUFCU","1.468299e+05","0","0","0","0","1","1","1",4268,210
"4269","Fukuoka","Hotel","CL5","ZoneD","ABCH","OHUFCU","6.868500e+04","1","0","0","0","1","1","1",4269,260
"4270","Fukuoka","Hotel","CL5","ZoneD","ABCH","OHUFCU","3.723625e+04","1","0","1","0","1","1","1",4270,98
"4271","Fukuoka","Hotel","CL5","ZoneD","ABCH","OHUFCU","8.870854e+04","0","0","0","0","2","1","1",4271,71
"4272","Fukuoka","Hotel","CL5","ZoneD","ABCH","OHUFCU","4.149662e+04","1","0","0","0","2","1","1",4272,21
"4273","Fukuoka","Hotel","CL5","ZoneD","AHP","FCU","7.941768e+04","1","0","0","0","1","1","1",4273,225
"4274","Fukuoka","Hotel","CL5","ZoneD","AHP","FCU","4.323639e+04","1","0","1","0","1","1","1",4274,379
"4275","Fukuoka","Hotel","CL5","ZoneD","AHP","FCU","1.025749e+05","0","0","0","0","2","1","1",4275,371
"4276","Fukuoka","Hotel","CL5","ZoneD","AHP","FCU","4.801376e+04","1","0","0","0","2","1","1",4276,209
"4277","Fukuoka","Hotel","CL5","ZoneD","AHP","OHUFCU","1.192150e+05","0","0","0","0","1","1","1",4277,170
"4278","Fukuoka","Hotel","CL5","ZoneD","AHP","OHUFCU","5.576710e+04","1","0","0","0","1","1","1",4278,170
"4279","Fukuoka","Hotel","CL5","ZoneD","AHP","OHUFCU","3.023305e+04","1","0","1","0","1","1","1",4279,254
"4280","Fukuoka","Hotel","CL5","ZoneD","AHP","OHUFCU","7.202471e+04","0","0","0","0","2","1","1",4280,356
"4281","Fukuoka","Hotel","CL5","ZoneD","AHP","OHUFCU","3.369216e+04","1","0","0","0","2","1","1",4281,74
"4282","Fukuoka","Hotel","CL6b","ZoneD","EHP","MUL","6.713801e+04","0","0","0","0","1","1","1",4282,16
"4283","Fukuoka","Hotel","CL6b","ZoneD","EHP","MUL","3.517925e+04","0","0","0","0","2","1","1",4283,29
"4284","Fukuoka","Hotel","CL6b","ZoneD","GHP","MUL","1.151119e+03","0","0","0","0","1","1","1",4284,375
"4285","Fukuoka","Hotel","CL6b","ZoneD","ABCH","FCU","6.455307e+04","0","0","0","0","1","1","1",4285,129
"4286","Fukuoka","Hotel","CL6b","ZoneD","ABCH","FCU","3.140598e+04","1","0","0","0","1","1","1",4286,15
"4287","Fukuoka","Hotel","CL6b","ZoneD","ABCH","FCU","3.142163e+04","1","0","1","0","1","1","1",4287,319
"4288","Fukuoka","Hotel","CL6b","ZoneD","ABCH","FCU","6.562035e+04","0","0","0","0","2","1","1",4288,246
"4289","Fukuoka","Hotel","CL6b","ZoneD","ABCH","OHUFCU","7.002763e+04","0","0","0","0","1","1","1",4289,127
"4290","Fukuoka","Hotel","CL6b","ZoneD","ABCH","OHUFCU","3.401796e+04","1","0","0","0","1","1","1",4290,265
"4291","Fukuoka","Hotel","CL6b","ZoneD","ABCH","OHUFCU","3.367973e+04","1","0","1","0","1","1","1",4291,89
"4292","Fukuoka","Hotel","CL6b","ZoneD","ABCH","OHUFCU","7.094940e+04","0","0","0","0","2","1","1",4292,146
"4293","Fukuoka","Hotel","CL6b","ZoneD","AHP","FCU","6.295014e+04","0","0","0","0","1","1","1",4293,75
"4294","Fukuoka","Hotel","CL6b","ZoneD","AHP","OHUFCU","6.806234e+04","0","0","0","0","1","1","1",4294,74
"4295","Fukuoka","Hotel","CL6b","ZoneD","AHP","OHUFCU","6.749128e+04","0","0","0","0","2","1","1",4295,63
"4296","Fukuoka","Hotel","CL6m","ZoneD","EHP","MUL","6.787732e+04","0","0","0","0","1","1","1",4296,149
"4297","Fukuoka","Hotel","CL6m","ZoneD","EHP","MUL","3.237782e+04","1","0","0","0","1","1","1",4297,18
"4298","Fukuoka","Hotel","CL6m","ZoneD","EHP","MUL","2.794026e+04","1","0","1","0","1","1","1",4298,287
"4299","Fukuoka","Hotel","CL6m","ZoneD","EHP","MUL","6.604006e+04","0","0","0","0","2","1","1",4299,156
"4300","Fukuoka","Hotel","CL6m","ZoneD","GHP","MUL","2.197982e+03","0","0","0","0","1","1","1",4300,285
"4301","Fukuoka","Hotel","CL6m","ZoneD","GHP","MUL","1.132294e+03","0","0","0","0","2","1","1",4301,276
"4302","Fukuoka","Hotel","CL6m","ZoneD","ABCH","FCU","1.137762e+05","0","0","0","0","1","1","1",4302,334
"4303","Fukuoka","Hotel","CL6m","ZoneD","ABCH","FCU","5.535374e+04","1","0","0","0","1","1","1",4303,286
"4304","Fukuoka","Hotel","CL6m","ZoneD","ABCH","FCU","5.538133e+04","1","0","1","0","1","1","1",4304,373
"4305","Fukuoka","Hotel","CL6m","ZoneD","ABCH","FCU","6.349739e+04","0","0","0","0","2","1","1",4305,320
"4306","Fukuoka","Hotel","CL6m","ZoneD","ABCH","FCU","3.089238e+04","1","0","0","0","2","1","1",4306,122
"4307","Fukuoka","Hotel","CL6m","ZoneD","ABCH","FCU","3.090778e+04","1","0","1","0","2","1","1",4307,35
"4308","Fukuoka","Hotel","CL6m","ZoneD","ABCH","OHUFCU","1.234252e+05","0","0","0","0","1","1","1",4308,103
"4309","Fukuoka","Hotel","CL6m","ZoneD","ABCH","OHUFCU","5.995740e+04","1","0","0","0","1","1","1",4309,156
"4310","Fukuoka","Hotel","CL6m","ZoneD","ABCH","OHUFCU","5.936127e+04","1","0","1","0","1","1","1",4310,373
"4311","Fukuoka","Hotel","CL6m","ZoneD","ABCH","OHUFCU","6.888242e+04","0","0","0","0","2","1","1",4311,203
"4312","Fukuoka","Hotel","CL6m","ZoneD","ABCH","OHUFCU","3.346164e+04","1","0","0","0","2","1","1",4312,298
"4313","Fukuoka","Hotel","CL6m","ZoneD","ABCH","OHUFCU","3.312894e+04","1","0","1","0","2","1","1",4313,20
"4314","Fukuoka","Hotel","CL6m","ZoneD","AHP","FCU","1.109510e+05","0","0","0","0","1","1","1",4314,282
"4315","Fukuoka","Hotel","CL6m","ZoneD","AHP","FCU","6.192068e+04","0","0","0","0","2","1","1",4315,274
"4316","Fukuoka","Hotel","CL6m","ZoneD","AHP","OHUFCU","6.099540e+04","0","0","0","0","1","1","1",4316,122
"4317","Fukuoka","Hotel","CL6m","ZoneD","AHP","OHUFCU","2.963029e+04","1","0","0","0","1","1","1",4317,157
"4318","Fukuoka","Hotel","CL6m","ZoneD","AHP","OHUFCU","2.933569e+04","1","0","1","0","1","1","1",4318,150
"4319","Fukuoka","Hotel","CL6m","ZoneD","AHP","OHUFCU","6.694927e+04","0","0","0","0","2","1","1",4319,302
"4320","Fukuoka","Hotel","CL6m","ZoneD","COM","OHUFCU","5.819338e+04","0","0","0","0","1","1","1",4320,108
"4321","Fukuoka","Hotel","CL7b","ZoneD","EHP","MUL","5.950725e+03","0","0","0","0","1","1","1",4321,179
"4322","Fukuoka","Hotel","CL7b","ZoneD","EHP","MUL","3.065525e+03","0","0","0","0","2","1","1",4322,325
"4323","Fukuoka","Hotel","CL7b","ZoneD","ABCH","OHUFCU","4.620556e+04","0","0","0","0","1","1","1",4323,255
"4324","Fukuoka","Hotel","CL7b","ZoneD","ABCH","OHUFCU","4.626322e+04","1","0","1","0","1","1","1",4324,391
"4325","Fukuoka","Hotel","CL7b","ZoneD","ABCH","OHUFCU","4.763543e+04","1","0","1","0","2","1","1",4325,388
"4326","Fukuoka","Hotel","CL7m","ZoneD","EHP","MUL","4.277970e+04","0","0","0","0","1","1","1",4326,32
"4327","Fukuoka","Hotel","CL7m","ZoneD","EHP","MUL","2.203803e+04","0","0","0","0","2","1","1",4327,135
"4328","Fukuoka","Hotel","CL7m","ZoneD","ABCH","FCU","7.990132e+04","0","0","0","0","1","1","1",4328,143
"4329","Fukuoka","Hotel","CL7m","ZoneD","ABCH","FCU","8.157404e+04","1","0","1","0","1","1","1",4329,13
"4330","Fukuoka","Hotel","CL7m","ZoneD","ABCH","FCU","4.750817e+04","0","0","0","0","2","1","1",4330,120
"4331","Fukuoka","Hotel","CL7m","ZoneD","ABCH","FCU","4.850275e+04","1","0","1","0","2","1","1",4331,127
"4332","Fukuoka","Hotel","CL7m","ZoneD","ABCH","OHUFCU","1.142540e+05","0","0","0","0","1","1","1",4332,124
"4333","Fukuoka","Hotel","CL7m","ZoneD","ABCH","OHUFCU","5.777906e+04","1","0","0","0","1","1","1",4333,67
"4334","Fukuoka","Hotel","CL7m","ZoneD","ABCH","OHUFCU","1.133187e+05","1","0","1","0","1","1","1",4334,173
"4335","Fukuoka","Hotel","CL7m","ZoneD","ABCH","OHUFCU","6.793380e+04","0","0","0","0","2","1","1",4335,317
"4336","Fukuoka","Hotel","CL7m","ZoneD","ABCH","OHUFCU","3.435459e+04","1","0","0","0","2","1","1",4336,285
"4337","Fukuoka","Hotel","CL7m","ZoneD","ABCH","OHUFCU","6.737766e+04","1","0","1","0","2","1","1",4337,162
"4338","Fukuoka","Hotel","CL7m","ZoneD","AHP","OHUFCU","6.452037e+04","0","0","0","0","1","1","1",4338,19
"4339","Fukuoka","Hotel","CL7m","ZoneD","AHP","OHUFCU","6.460089e+04","1","0","1","0","1","1","1",4339,30
"4340","Fukuoka","Hotel","CL7m","ZoneD","AHP","OHUFCU","3.836288e+04","0","0","0","0","2","1","1",4340,90
"4341","Fukuoka","Hotel","CL7m","ZoneD","AHP","OHUFCU","3.841075e+04","1","0","1","0","2","1","1",4341,305
"4342","Fukuoka","Hotel","CL7m","ZoneD","COM","OHUFCU","4.437664e+04","0","0","0","0","1","1","1",4342,362
"4343","Fukuoka","Hotel","CL7m","ZoneD","COM","OHUFCU","4.443201e+04","1","0","1","0","1","1","1",4343,144
"4344","Fukuoka","Hotel","CL8","ZoneD","EHP","MUL","2.582904e+04","1","0","1","0","3","1","1",4344,308
"4345","Fukuoka","Hotel","CL8","ZoneD","ABCH","VAV","5.070487e+04","1","0","1","0","3","1","1",4345,85
"4346","Fukuoka","Hotel","CL8","ZoneD","ABCH","VAV","4.777969e+04","1","0","1","1","3","1","1",4346,17
"4347","Fukuoka","Hotel","CL8","ZoneD","ABCH","FCU","1.135829e+05","1","0","1","0","3","1","1",4347,126
"4348","Fukuoka","Hotel","CL8","ZoneD","ABCH","OHUFCU","9.200228e+04","0","0","0","0","3","1","1",4348,15
"4349","Fukuoka","Hotel","CL8","ZoneD","ABCH","OHUFCU","4.774076e+04","1","0","0","0","3","1","1",4349,161
"4350","Fukuoka","Hotel","CL8","ZoneD","ABCH","OHUFCU","1.601765e+05","1","0","1","0","3","1","1",4350,51
"4351","Fukuoka","Hotel","CL8","ZoneD","ABCH","OHUFCU","3.570388e+04","1","1","1","0","3","1","1",4351,194
"4352","Fukuoka","Hotel","CL8","ZoneD","AHP","OHUFCU","7.828889e+04","1","0","1","0","3","1","1",4352,147
"4353","Fukuoka","Hotel","CL8","ZoneD","TB","OHUFCU","5.924325e+04","1","0","1","0","3","1","1",4353,373
"4354","Fukuoka","Hotel","CL8","ZoneD","AB","OHUFCU","8.749428e+04","1","0","1","0","3","1","1",4354,100
"4355","Fukuoka","Hotel","CL8","ZoneD","COM","OHUFCU","5.766133e+04","0","0","0","0","3","1","1",4355,226
"4356","Fukuoka","Hotel","CL8","ZoneD","COM","OHUFCU","1.210084e+05","1","0","1","0","3","1","1",4356,332
"4357","Naha","Hotel","CL2","ZoneD","EHP","MUL","1.526432e+04","0","0","0","0","1","1","1",4357,147
"4358","Naha","Hotel","CL2","ZoneD","EHP","MUL","2.693704e+03","0","0","0","0","2","1","1",4358,358
"4359","Naha","Hotel","CL3","ZoneD","EHP","MUL","2.289648e+04","0","0","0","0","1","1","1",4359,162
"4360","Naha","Hotel","CL3","ZoneD","EHP","MUL","4.040556e+03","0","0","0","0","2","1","1",4360,118
"4361","Naha","Hotel","CL4","ZoneD","EHP","MUL","5.477994e+04","0","0","0","0","1","1","1",4361,361
"4362","Naha","Hotel","CL4","ZoneD","EHP","MUL","1.012198e+04","0","0","0","0","2","1","1",4362,126
"4363","Naha","Hotel","CL4","ZoneD","GHP","MUL","2.577933e+03","0","0","0","0","1","1","1",4363,151
"4364","Naha","Hotel","CL4","ZoneD","AHP","FCU","6.309919e+04","0","0","0","0","1","1","1",4364,368
"4365","Naha","Hotel","CL4","ZoneD","AHP","FCU","2.837009e+04","1","0","0","0","1","1","1",4365,72
"4366","Naha","Hotel","CL4","ZoneD","AHP","FCU","1.614164e+04","0","0","0","0","2","1","1",4366,33
"4367","Naha","Hotel","CL5","ZoneD","EHP","MUL","2.637409e+04","0","0","0","0","1","1","1",4367,397
"4368","Naha","Hotel","CL5","ZoneD","EHP","MUL","1.358665e+04","0","0","0","0","2","1","1",4368,93
"4369","Naha","Hotel","CL5","ZoneD","ABCH","FCU","9.807504e+04","0","0","0","0","1","1","1",4369,142
"4370","Naha","Hotel","CL5","ZoneD","ABCH","FCU","5.052350e+04","0","0","0","0","2","1","1",4370,215
"4371","Naha","Hotel","CL6b","ZoneD","EHP","MUL","3.668000e+03","0","0","0","0","1","1","1",4371,70
"4372","Naha","Hotel","CL6b","ZoneD","EHP","MUL","1.889576e+03","0","0","0","0","2","1","1",4372,370
"4373","Naha","Hotel","CL6b","ZoneD","ABCH","OHUFCU","2.916188e+04","0","0","0","0","1","1","1",4373,202
"4374","Naha","Hotel","CL6b","ZoneD","ABCH","OHUFCU","1.502279e+04","0","0","0","0","2","1","1",4374,239
"4375","Naha","Hotel","CL6m","ZoneD","EHP","MUL","3.835956e+03","0","0","0","0","1","1","1",4375,20
"4376","Naha","Hotel","CL6m","ZoneD","EHP","MUL","1.976099e+03","0","0","0","0","2","1","1",4376,76
"4377","Naha","Hotel","CL6m","ZoneD","ABCH","OHUFCU","3.049719e+04","0","0","0","0","1","1","1",4377,244
"4378","Naha","Hotel","CL6m","ZoneD","ABCH","OHUFCU","1.571067e+04","0","0","0","0","2","1","1",4378,315
"4379","Naha","Hotel","CL7b","ZoneD","EHP","MUL","2.452567e+03","0","0","0","0","1","1","1",4379,32
"4380","Naha","Hotel","CL7b","ZoneD","EHP","MUL","1.263444e+03","0","0","0","0","2","1","1",4380,270
"4381","Naha","Hotel","CL7b","ZoneD","ABCH","OHUFCU","3.875590e+04","1","0","1","0","1","1","1",4381,255
"4382","Naha","Hotel","CL7b","ZoneD","ABCH","OHUFCU","1.996516e+04","1","0","1","0","2","1","1",4382,294
"4383","Naha","Hotel","CL7m","ZoneD","EHP","MUL","9.656844e+03","0","0","0","0","1","1","1",4383,246
"4384","Naha","Hotel","CL7m","ZoneD","EHP","MUL","4.974738e+03","0","0","0","0","2","1","1",4384,36
"4385","Naha","Hotel","CL7m","ZoneD","ABCH","OHUFCU","6.072239e+04","0","0","0","0","1","1","1",4385,148
"4386","Naha","Hotel","CL7m","ZoneD","ABCH","OHUFCU","3.075030e+04","1","0","0","0","1","1","1",4386,311
"4387","Naha","Hotel","CL7m","ZoneD","ABCH","OHUFCU","6.112645e+04","1","0","1","0","1","1","1",4387,135
"4388","Naha","Hotel","CL7m","ZoneD","ABCH","OHUFCU","3.917550e+04","0","0","0","0","2","1","1",4388,354
"4389","Naha","Hotel","CL7m","ZoneD","ABCH","OHUFCU","3.943618e+04","1","0","1","0","2","1","1",4389,83
"4390","Naha","Hotel","CL8","ZoneD","EHP","MUL","2.339660e+04","1","0","1","0","3","1","1",4390,254
"4391","Naha","Hotel","CL8","ZoneD","ABCH","VAV","4.734925e+04","1","0","1","0","3","1","1",4391,181
"4392","Naha","Hotel","CL8","ZoneD","ABCH","VAV","4.417950e+04","1","0","1","1","3","1","1",4392,254
"4393","Naha","Hotel","CL8","ZoneD","ABCH","FCU","1.078061e+05","1","0","1","0","3","1","1",4393,102
"4394","Naha","Hotel","CL8","ZoneD","ABCH","OHUFCU","8.721125e+04","0","0","0","0","3","1","1",4394,5
"4395","Naha","Hotel","CL8","ZoneD","ABCH","OHUFCU","4.522641e+04","1","0","0","0","3","1","1",4395,24
"4396","Naha","Hotel","CL8","ZoneD","ABCH","OHUFCU","1.504509e+05","1","0","1","0","3","1","1",4396,384
"4397","Naha","Hotel","CL8","ZoneD","ABCH","OHUFCU","3.296303e+04","1","1","1","0","3","1","1",4397,285
"4398","Naha","Hotel","CL8","ZoneD","AHP","OHUFCU","7.151047e+04","1","0","1","0","3","1","1",4398,264
"4399","Naha","Hotel","CL8","ZoneD","AB","OHUFCU","8.022004e+04","1","0","1","0","3","1","1",4399,96
"4400","Naha","Hotel","CL8","ZoneD","COM","OHUFCU","5.481706e+04","0","0","0","0","3","1","1",4400,143
"4401","Naha","Hotel","CL8","ZoneD","COM","OHUFCU","1.138617e+05","1","0","1","0","3","1","1",4401,342
"4402","Sapporo","Hospital","CL1","ZoneC","EHP","MUL","4.464838e+04","0","0","0","0","3","1","1",4402,284
"4403","Sapporo","Hospital","CL2","ZoneC","GHP","MUL","1.918483e+02","0","0","0","0","3","1","1",4403,155
"4404","Sapporo","Hospital","CL3","ZoneC","EHP","MUL","1.061056e+05","0","0","0","0","3","1","1",4404,175
"4405","Sapporo","Hospital","CL3","ZoneC","GHP","MUL","8.197406e+01","0","0","0","0","3","1","1",4405,117
"4406","Sapporo","Hospital","CL3","ZoneC","TB","FCU","7.355515e+04","0","0","0","0","3","1","1",4406,225
"4407","Sapporo","Hospital","CL4","ZoneC","EHP","MUL","5.429824e+04","0","0","0","0","3","1","1",4407,136
"4408","Sapporo","Hospital","CL4","ZoneC","GHP","MUL","3.317075e+01","0","0","0","0","3","1","1",4408,62
"4409","Sapporo","Hospital","CL4","ZoneC","TB","FCU","9.986373e+04","0","0","0","0","3","1","1",4409,114
"4410","Sapporo","Hospital","CL5","ZoneC","EHP","MUL","3.739680e+04","0","0","0","0","3","1","1",4410,50
"4411","Sapporo","Hospital","CL5","ZoneC","ABCH","FCU","1.354711e+05","0","0","0","0","3","1","1",4411,331
"4412","Sapporo","Hospital","CL5","ZoneC","TB","FCU","1.173439e+05","0","0","0","0","3","1","1",4412,349
"4413","Sapporo","Hospital","CL6","ZoneC","EHP","MUL","2.255927e+04","0","0","0","0","3","1","1",4413,54
"4414","Sapporo","Hospital","CL6","ZoneC","ABCH","FCU","9.100771e+04","0","0","0","0","3","1","1",4414,26
"4415","Sapporo","Hospital","CL6","ZoneC","ABCH","OHUFCU","7.223128e+04","0","0","0","0","3","1","1",4415,170
"4416","Sapporo","Hospital","CL6","ZoneC","TB","FCU","1.030904e+05","0","0","0","0","3","1","1",4416,213
"4417","Sapporo","Hospital","CL6","ZoneC","AB","FCU","7.422886e+04","0","0","0","0","3","1","1",4417,398
"4418","Sapporo","Hospital","CL6","ZoneC","AB","OHUFCU","5.891419e+04","0","0","0","0","3","1","1",4418,323
"4419","Sapporo","Hospital","CL6","ZoneC","COM","FCU","6.032667e+04","0","0","0","0","3","1","1",4419,368
"4420","Sapporo","Hospital","CL7","ZoneC","EHP","MUL","1.149867e+04","0","0","0","0","3","1","1",4420,371
"4421","Sapporo","Hospital","CL7","ZoneC","ABCH","FCU","6.206706e+04","0","0","0","0","3","1","1",4421,32
"4422","Sapporo","Hospital","CL7","ZoneC","ABCH","OHUFCU","7.522272e+04","0","0","0","0","3","1","1",4422,302
"4423","Sapporo","Hospital","CL7","ZoneC","TB","OHUFCU","6.648302e+04","0","0","0","0","3","1","1",4423,115
"4424","Sapporo","Hospital","CL7","ZoneC","AB","FCU","1.032604e+05","0","0","0","0","3","1","1",4424,312
"4425","Sapporo","Hospital","CL7","ZoneC","AB","OHUFCU","1.251473e+05","0","0","0","0","3","1","1",4425,145
"4426","Sapporo","Hospital","CL7","ZoneC","COM","FCU","6.371095e+04","0","0","0","0","3","1","1",4426,288
"4427","Sapporo","Hospital","CL7","ZoneC","COM","OHUFCU","7.721504e+04","0","0","0","0","3","1","1",4427,254
"4428","Sapporo","Hospital","CL8","ZoneA","EHP","MUL","5.545298e+03","0","0","0","0","3","1","1",4428,370
"4429","Sapporo","Hospital","CL8","ZoneA","ABCH","OHUFCU","1.647225e+05","0","0","0","0","3","1","1",4429,47
"4430","Sapporo","Hospital","CL8","ZoneA","AB","OHUFCU","6.516058e+04","0","0","0","0","3","1","1",4430,180
"4431","Sapporo","Hospital","CL8","ZoneA","COM","FCU","1.114077e+05","0","0","0","0","3","1","1",4431,366
"4432","Sapporo","Hospital","CL8","ZoneA","COM","VAVFCU","8.837468e+04","0","0","0","0","3","1","1",4432,136
"4433","Sapporo","Hospital","CL8","ZoneA","COM","OHUFCU","2.663026e+05","0","0","0","0","3","1","1",4433,157
"4434","Sapporo","Hospital","CL8","ZoneA","COM+TESICE","OHUFCU","7.982178e+04","0","0","0","0","3","1","1",4434,108
"4435","Sapporo","Hospital","CL9","ZoneA","EHP","MUL","1.288048e+03","0","0","0","0","3","1","1",4435,318
"4436","Sapporo","Hospital","CL9","ZoneA","COM","FCU","6.547366e+04","0","0","0","0","3","1","1",4436,363
"4437","Sapporo","Hospital","CL9","ZoneA","COM","VAVFCU","1.508280e+05","0","0","0","0","3","1","1",4437,338
"4438","Sapporo","Hospital","CL9","ZoneA","COM","OHUFCU","2.719321e+05","0","0","0","0","3","1","1",4438,159
"4439","Sapporo","Hospital","CL9","ZoneA","COM+TESICE","OHUFCU","8.222488e+04","0","0","0","0","3","1","1",4439,317
"4440","Sendai","Hospital","CL1","ZoneC","EHP","MUL","7.240071e+04","0","0","0","0","3","1","1",4440,108
"4441","Sendai","Hospital","CL1","ZoneC","GHP","MUL","5.290677e+01","0","0","0","0","3","1","1",4441,281
"4442","Sendai","Hospital","CL2","ZoneC","GHP","MUL","3.326956e+02","0","0","0","0","3","1","1",4442,97
"4443","Sendai","Hospital","CL2","ZoneC","AHP","FCU","9.275125e+04","0","0","0","0","3","1","1",4443,87
"4444","Sendai","Hospital","CL3","ZoneC","GHP","MUL","2.959749e+02","0","0","0","0","3","1","1",4444,303
"4445","Sendai","Hospital","CL3","ZoneC","ABCH","FCU","1.116403e+05","0","0","0","0","3","1","1",4445,48
"4446","Sendai","Hospital","CL3","ZoneC","AHP","FCU","1.153520e+05","0","0","0","0","3","1","1",4446,64
"4447","Sendai","Hospital","CL4","ZoneC","GHP","MUL","1.068701e+02","0","0","0","0","3","1","1",4447,14
"4448","Sendai","Hospital","CL4","ZoneC","ABCH","FCU","1.485665e+05","0","0","0","0","3","1","1",4448,382
"4449","Sendai","Hospital","CL4","ZoneC","AHP","FCU","9.801107e+04","0","0","0","0","3","1","1",4449,19
"4450","Sendai","Hospital","CL5","ZoneC","EHP","MUL","7.702855e+04","0","0","0","0","3","1","1",4450,288
"4451","Sendai","Hospital","CL5","ZoneC","GHP","MUL","2.519386e+01","0","0","0","0","3","1","1",4451,283
"4452","Sendai","Hospital","CL5","ZoneC","ABCH","OHUFCU","9.978588e+04","0","0","0","0","3","1","1",4452,82
"4453","Sendai","Hospital","CL5","ZoneC","AHP","FCU","1.130736e+05","0","0","0","0","3","1","1",4453,55
"4454","Sendai","Hospital","CL6","ZoneC","EHP","MUL","3.115347e+04","0","0","0","0","3","1","1",4454,293
"4455","Sendai","Hospital","CL6","ZoneC","AHP","FCU","6.049059e+04","0","0","0","0","3","1","1",4455,141
"4456","Sendai","Hospital","CL6","ZoneC","AB","FCU","6.291073e+04","0","0","0","0","3","1","1",4456,75
"4457","Sendai","Hospital","CL6","ZoneC","COM","FCU","8.630087e+04","0","0","0","0","3","1","1",4457,362
"4458","Sendai","Hospital","CL7","ZoneC","EHP","MUL","1.655171e+04","0","0","0","0","3","1","1",4458,265
"4459","Sendai","Hospital","CL7","ZoneC","AB","FCU","6.403504e+04","0","0","0","0","3","1","1",4459,266
"4460","Sendai","Hospital","CL7","ZoneC","AB","OHUFCU","8.299516e+04","0","0","0","0","3","1","1",4460,102
"4461","Sendai","Hospital","CL7","ZoneC","COM","FCU","1.266034e+05","0","0","0","0","3","1","1",4461,153
"4462","Sendai","Hospital","CL8","ZoneA","EHP","MUL","7.102080e+03","0","0","0","0","3","1","1",4462,223
"4463","Sendai","Hospital","CL8","ZoneA","ABCH","OHUFCU","2.139495e+05","0","0","0","0","3","1","1",4463,129
"4464","Sendai","Hospital","CL8","ZoneA","AB","OHUFCU","6.824571e+04","0","0","0","0","3","1","1",4464,133
"4465","Sendai","Hospital","CL8","ZoneA","COM","FCU","1.437896e+05","0","0","0","0","3","1","1",4465,219
"4466","Sendai","Hospital","CL8","ZoneA","COM","VAVFCU","1.136487e+05","0","0","0","0","3","1","1",4466,246
"4467","Sendai","Hospital","CL8","ZoneA","COM","OHUFCU","3.421860e+05","0","0","0","0","3","1","1",4467,206
"4468","Sendai","Hospital","CL8","ZoneA","COM+TESICE","OHUFCU","1.013604e+05","0","0","0","0","3","1","1",4468,270
"4469","Sendai","Hospital","CL9","ZoneA","EHP","MUL","2.181101e+03","0","0","0","0","3","1","1",4469,387
"4470","Sendai","Hospital","CL9","ZoneA","ABCH","OHUFCU","6.385739e+04","0","0","0","0","3","1","1",4470,362
"4471","Sendai","Hospital","CL9","ZoneA","AB","OHUFCU","5.135535e+04","0","0","0","0","3","1","1",4471,263
"4472","Sendai","Hospital","CL9","ZoneA","COM","VAV","6.062961e+04","0","0","0","0","3","1","1",4472,222
"4473","Sendai","Hospital","CL9","ZoneA","COM","FCU","8.681079e+04","0","0","0","0","3","1","1",4473,106
"4474","Sendai","Hospital","CL9","ZoneA","COM","VAVFCU","1.964116e+05","0","0","0","0","3","1","1",4474,136
"4475","Sendai","Hospital","CL9","ZoneA","COM","OHUFCU","3.572470e+05","0","0","0","0","3","1","1",4475,61
"4476","Sendai","Hospital","CL9","ZoneA","COM+TESICE","OHUFCU","1.182668e+05","0","0","0","0","3","1","1",4476,374
"4477","Tokyo","Hospital","CL1","ZoneC","EHP","MUL","3.678151e+04","0","0","0","0","1","1","1",4477,304
"4478","Tokyo","Hospital","CL1","ZoneC","EHP","MUL","6.490855e+03","0","0","0","0","2","1","1",4478,347
"4479","Tokyo","Hospital","CL2","ZoneC","EHP","MUL","4.914761e+04","0","0","0","0","2","1","1",4479,17
"4480","Tokyo","Hospital","CL2","ZoneC","GHP","MUL","3.607333e+02","0","0","0","0","1","1","1",4480,111
"4481","Tokyo","Hospital","CL3","ZoneC","EHP","MUL","1.309692e+05","0","0","0","0","2","1","1",4481,169
"4482","Tokyo","Hospital","CL3","ZoneC","GHP","MUL","8.933138e+02","0","0","0","0","1","1","1",4482,180
"4483","Tokyo","Hospital","CL3","ZoneC","GHP","MUL","1.576436e+02","0","0","0","0","2","1","1",4483,139
"4484","Tokyo","Hospital","CL3","ZoneC","ABCH","FCU","1.455082e+05","0","0","0","0","1","1","1",4484,121
"4485","Tokyo","Hospital","CL3","ZoneC","AHP","FCU","5.269183e+04","0","0","0","0","2","1","1",4485,55
"4486","Tokyo","Hospital","CL4","ZoneC","EHP","MUL","6.303227e+04","0","0","0","0","2","1","1",4486,230
"4487","Tokyo","Hospital","CL4","ZoneC","GHP","MUL","2.844825e+02","0","0","0","0","1","1","1",4487,167
"4488","Tokyo","Hospital","CL4","ZoneC","GHP","MUL","5.020279e+01","0","0","0","0","2","1","1",4488,16
"4489","Tokyo","Hospital","CL4","ZoneC","ABCH","FCU","7.230908e+04","0","0","0","0","2","1","1",4489,226
"4490","Tokyo","Hospital","CL5","ZoneC","EHP","MUL","1.262904e+05","0","0","0","0","2","1","1",4490,115
"4491","Tokyo","Hospital","CL5","ZoneC","GHP","MUL","1.599991e+02","0","0","0","0","1","1","1",4491,140
"4492","Tokyo","Hospital","CL5","ZoneC","GHP","MUL","8.242378e+01","0","0","0","0","2","1","1",4492,9
"4493","Tokyo","Hospital","CL5","ZoneC","ABCH","OHUFCU","1.118785e+05","0","0","0","0","2","1","1",4493,326
"4494","Tokyo","Hospital","CL5","ZoneC","AHP","FCU","1.295411e+05","0","0","0","0","2","1","1",4494,215
"4495","Tokyo","Hospital","CL5","ZoneC","AHP","OHUFCU","7.850606e+04","0","0","0","0","1","1","1",4495,284
"4496","Tokyo","Hospital","CL6","ZoneC","EHP","MUL","1.091948e+05","0","0","0","0","1","1","1",4496,6
"4497","Tokyo","Hospital","CL6","ZoneC","EHP","MUL","5.625188e+04","0","0","0","0","2","1","1",4497,157
"4498","Tokyo","Hospital","CL6","ZoneC","GHP","MUL","8.708067e+01","0","0","0","0","1","1","1",4498,328
"4499","Tokyo","Hospital","CL6","ZoneC","GHP","MUL","4.485974e+01","0","0","0","0","2","1","1",4499,329
"4500","Tokyo","Hospital","CL6","ZoneC","AHP","FCU","1.053019e+05","0","0","0","0","1","1","1",4500,166
"4501","Tokyo","Hospital","CL6","ZoneC","AHP","FCU","9.631859e+04","0","0","0","0","2","1","1",4501,74
"4502","Tokyo","Hospital","CL6","ZoneC","AHP","OHUFCU","8.166949e+04","0","0","0","0","1","1","1",4502,35
"4503","Tokyo","Hospital","CL6","ZoneC","COM","FCU","7.893231e+04","0","0","0","0","1","1","1",4503,123
"4504","Tokyo","Hospital","CL6","ZoneC","COM","FCU","7.219860e+04","0","0","0","0","2","1","1",4504,20
"4505","Tokyo","Hospital","CL6","ZoneC","COM","OHUFCU","6.121792e+04","0","0","0","0","1","1","1",4505,323
"4506","Tokyo","Hospital","CL7","ZoneC","EHP","MUL","3.764251e+04","0","0","0","0","1","1","1",4506,348
"4507","Tokyo","Hospital","CL7","ZoneC","EHP","MUL","1.939160e+04","0","0","0","0","2","1","1",4507,329
"4508","Tokyo","Hospital","CL7","ZoneC","ABCH","VAVFCU","7.047472e+04","0","0","0","0","1","1","1",4508,372
"4509","Tokyo","Hospital","CL7","ZoneC","AHP","OHUFCU","7.834434e+04","0","0","0","0","1","1","1",4509,231
"4510","Tokyo","Hospital","CL7","ZoneC","COM","FCU","9.844939e+04","0","0","0","0","2","1","1",4510,301
"4511","Tokyo","Hospital","CL7","ZoneC","COM","OHUFCU","1.269139e+05","0","0","0","0","2","1","1",4511,266
"4512","Tokyo","Hospital","CL7","ZoneC","COM+TESICE","OHUFCU","8.124139e+04","0","0","0","0","1","1","1",4512,319
"4513","Tokyo","Hospital","CL8","ZoneA","EHP","MUL","1.813710e+04","0","0","0","0","3","1","1",4513,267
"4514","Tokyo","Hospital","CL8","ZoneA","ABCH","FCU","1.316169e+05","0","0","0","0","3","1","1",4514,118
"4515","Tokyo","Hospital","CL8","ZoneA","ABCH","VAVFCU","1.027351e+05","0","0","0","0","3","1","1",4515,388
"4516","Tokyo","Hospital","CL8","ZoneA","ABCH","OHUFCU","3.117550e+05","0","0","0","0","3","1","1",4516,6
"4517","Tokyo","Hospital","CL8","ZoneA","AB","OHUFCU","1.338767e+05","0","0","0","0","3","1","1",4517,301
"4518","Tokyo","Hospital","CL8","ZoneA","COM","VAV","1.027066e+05","0","0","0","0","3","1","1",4518,11
"4519","Tokyo","Hospital","CL8","ZoneA","COM","FCU","3.162993e+05","0","0","0","0","3","1","1",4519,16
"4520","Tokyo","Hospital","CL8","ZoneA","COM","VAVFCU","2.468912e+05","0","0","0","0","3","1","1",4520,153
"4521","Tokyo","Hospital","CL8","ZoneA","COM","OHUFCU","7.492040e+05","0","0","0","0","3","1","1",4521,379
"4522","Tokyo","Hospital","CL8","ZoneA","COM+TESICE","FCU","7.548072e+04","0","0","0","0","3","1","1",4522,256
"4523","Tokyo","Hospital","CL8","ZoneA","COM+TESICE","OHUFCU","1.787878e+05","0","0","0","0","3","1","1",4523,44
"4524","Tokyo","Hospital","CL9","ZoneA","EHP","MUL","5.760108e+03","0","0","0","0","3","1","1",4524,300
"4525","Tokyo","Hospital","CL9","ZoneA","ABCH","OHUFCU","1.690290e+05","0","0","0","0","3","1","1",4525,385
"4526","Tokyo","Hospital","CL9","ZoneA","AB","OHUFCU","1.079648e+05","0","0","0","0","3","1","1",4526,377
"4527","Tokyo","Hospital","CL9","ZoneA","COM","VAV","1.503610e+05","0","0","0","0","3","1","1",4527,81
"4528","Tokyo","Hospital","CL9","ZoneA","COM","FCU","2.167830e+05","0","0","0","0","3","1","1",4528,80
"4529","Tokyo","Hospital","CL9","ZoneA","COM","VAVFCU","4.857421e+05","0","0","0","0","3","1","1",4529,115
"4530","Tokyo","Hospital","CL9","ZoneA","COM","OHUFCU","8.874689e+05","0","0","0","0","3","1","1",4530,98
"4531","Tokyo","Hospital","CL9","ZoneA","COM+TESICE","VAVFCU","1.108934e+05","0","0","0","0","3","1","1",4531,175
"4532","Tokyo","Hospital","CL9","ZoneA","COM+TESICE","OHUFCU","2.026064e+05","0","0","0","0","3","1","1",4532,315
"4533","Nigata","Hospital","CL1","ZoneC","EHP","MUL","5.977879e+04","0","0","0","0","2","1","1",4533,260
"4534","Nigata","Hospital","CL1","ZoneC","GHP","MUL","2.793003e+02","0","0","0","0","1","1","1",4534,188
"4535","Nigata","Hospital","CL1","ZoneC","GHP","MUL","4.928830e+01","0","0","0","0","2","1","1",4535,93
"4536","Nigata","Hospital","CL2","ZoneC","GHP","MUL","1.143870e+03","0","0","0","0","1","1","1",4536,185
"4537","Nigata","Hospital","CL2","ZoneC","GHP","MUL","2.385996e+02","0","0","0","0","2","1","1",4537,63
"4538","Nigata","Hospital","CL2","ZoneC","ABCH","FCU","8.172100e+04","0","0","0","0","1","1","1",4538,400
"4539","Nigata","Hospital","CL2","ZoneC","AHP","FCU","1.351018e+05","0","0","0","0","1","1","1",4539,164
"4540","Nigata","Hospital","CL3","ZoneC","EHP","MUL","5.526078e+04","0","0","0","0","2","1","1",4540,114
"4541","Nigata","Hospital","CL3","ZoneC","GHP","MUL","1.769271e+02","0","0","0","0","1","1","1",4541,381
"4542","Nigata","Hospital","CL3","ZoneC","AHP","FCU","1.036381e+05","0","0","0","0","1","1","1",4542,340
"4543","Nigata","Hospital","CL4","ZoneC","EHP","MUL","9.037293e+04","0","0","0","0","1","1","1",4543,206
"4544","Nigata","Hospital","CL4","ZoneC","EHP","MUL","1.595951e+04","0","0","0","0","2","1","1",4544,65
"4545","Nigata","Hospital","CL4","ZoneC","GHP","MUL","6.427459e+01","0","0","0","0","1","1","1",4545,349
"4546","Nigata","Hospital","CL4","ZoneC","ABCH","FCU","1.202148e+05","0","0","0","0","1","1","1",4546,103
"4547","Nigata","Hospital","CL4","ZoneC","ABCH","FCU","2.121437e+04","0","0","0","0","2","1","1",4547,211
"4548","Nigata","Hospital","CL5","ZoneC","EHP","MUL","4.048570e+04","0","0","0","0","1","1","1",4548,234
"4549","Nigata","Hospital","CL5","ZoneC","EHP","MUL","2.085627e+04","0","0","0","0","2","1","1",4549,155
"4550","Nigata","Hospital","CL5","ZoneC","ABCH","FCU","1.370665e+05","0","0","0","0","1","1","1",4550,181
"4551","Nigata","Hospital","CL5","ZoneC","ABCH","FCU","1.029643e+05","0","0","0","0","2","1","1",4551,4
"4552","Nigata","Hospital","CL5","ZoneC","ABCH","OHUFCU","6.280534e+04","0","0","0","0","1","1","1",4552,135
"4553","Nigata","Hospital","CL6","ZoneC","EHP","MUL","1.937942e+04","0","0","0","0","1","1","1",4553,20
"4554","Nigata","Hospital","CL6","ZoneC","EHP","MUL","9.983336e+03","0","0","0","0","2","1","1",4554,13
"4555","Nigata","Hospital","CL6","ZoneC","ABCH","FCU","8.125187e+04","0","0","0","0","2","1","1",4555,356
"4556","Nigata","Hospital","CL6","ZoneC","ABCH","OHUFCU","1.277242e+05","0","0","0","0","1","1","1",4556,387
"4557","Nigata","Hospital","CL6","ZoneC","ABCH","OHUFCU","6.579734e+04","0","0","0","0","2","1","1",4557,194
"4558","Nigata","Hospital","CL7","ZoneC","EHP","MUL","9.800945e+03","0","0","0","0","1","1","1",4558,51
"4559","Nigata","Hospital","CL7","ZoneC","EHP","MUL","5.048972e+03","0","0","0","0","2","1","1",4559,240
"4560","Nigata","Hospital","CL7","ZoneC","ABCH","FCU","1.031092e+05","0","0","0","0","1","1","1",4560,43
"4561","Nigata","Hospital","CL7","ZoneC","ABCH","OHUFCU","1.265823e+05","0","0","0","0","1","1","1",4561,285
"4562","Nigata","Hospital","CL7","ZoneC","ABCH","OHUFCU","1.183260e+05","0","0","0","0","2","1","1",4562,5
"4563","Nigata","Hospital","CL7","ZoneC","COM","FCU","6.378472e+04","0","0","0","0","1","1","1",4563,2
"4564","Nigata","Hospital","CL7","ZoneC","COM","OHUFCU","7.830549e+04","0","0","0","0","1","1","1",4564,300
"4565","Nigata","Hospital","CL7","ZoneC","COM","OHUFCU","7.319799e+04","0","0","0","0","2","1","1",4565,362
"4566","Nigata","Hospital","CL8","ZoneA","EHP","MUL","5.217598e+03","0","0","0","0","3","1","1",4566,191
"4567","Nigata","Hospital","CL8","ZoneA","ABCH","OHUFCU","1.695271e+05","0","0","0","0","3","1","1",4567,397
"4568","Nigata","Hospital","CL8","ZoneA","COM","FCU","1.114673e+05","0","0","0","0","3","1","1",4568,146
"4569","Nigata","Hospital","CL8","ZoneA","COM","VAVFCU","8.816122e+04","0","0","0","0","3","1","1",4569,304
"4570","Nigata","Hospital","CL8","ZoneA","COM","OHUFCU","2.661676e+05","0","0","0","0","3","1","1",4570,355
"4571","Nigata","Hospital","CL8","ZoneA","COM+TESICE","OHUFCU","7.960166e+04","0","0","0","0","3","1","1",4571,375
"4572","Nigata","Hospital","CL9","ZoneA","EHP","MUL","1.217545e+03","0","0","0","0","3","1","1",4572,287
"4573","Nigata","Hospital","CL9","ZoneA","COM","FCU","5.958452e+04","0","0","0","0","3","1","1",4573,203
"4574","Nigata","Hospital","CL9","ZoneA","COM","VAVFCU","1.342300e+05","0","0","0","0","3","1","1",4574,359
"4575","Nigata","Hospital","CL9","ZoneA","COM","OHUFCU","2.446405e+05","0","0","0","0","3","1","1",4575,297
"4576","Nigata","Hospital","CL9","ZoneA","COM+TESICE","OHUFCU","7.489751e+04","0","0","0","0","3","1","1",4576,150
"4577","Nagoya","Hospital","CL1","ZoneC","EHP","MUL","1.033426e+05","0","0","0","0","1","1","1",4577,160
"4578","Nagoya","Hospital","CL1","ZoneC","EHP","MUL","1.825627e+04","0","0","0","0","2","1","1",4578,318
"4579","Nagoya","Hospital","CL1","ZoneC","GHP","MUL","1.096534e+02","0","0","0","0","1","1","1",4579,121
"4580","Nagoya","Hospital","CL2","ZoneC","GHP","MUL","7.515365e+02","0","0","0","0","1","1","1",4580,204
"4581","Nagoya","Hospital","CL2","ZoneC","GHP","MUL","1.537999e+02","0","0","0","0","2","1","1",4581,351
"4582","Nagoya","Hospital","CL2","ZoneC","AHP","FCU","1.174552e+05","0","0","0","0","1","1","1",4582,128
"4583","Nagoya","Hospital","CL3","ZoneC","EHP","MUL","1.169181e+05","0","0","0","0","2","1","1",4583,170
"4584","Nagoya","Hospital","CL3","ZoneC","GHP","MUL","7.261810e+02","0","0","0","0","1","1","1",4584,173
"4585","Nagoya","Hospital","CL3","ZoneC","GHP","MUL","1.281496e+02","0","0","0","0","2","1","1",4585,393
"4586","Nagoya","Hospital","CL3","ZoneC","ABCH","FCU","1.389761e+05","0","0","0","0","1","1","1",4586,151
"4587","Nagoya","Hospital","CL3","ZoneC","AHP","FCU","1.451481e+05","0","0","0","0","1","1","1",4587,131
"4588","Nagoya","Hospital","CL3","ZoneC","AHP","FCU","5.013957e+04","0","0","0","0","2","1","1",4588,139
"4589","Nagoya","Hospital","CL4","ZoneC","EHP","MUL","4.794599e+04","0","0","0","0","2","1","1",4589,224
"4590","Nagoya","Hospital","CL4","ZoneC","GHP","MUL","2.123879e+02","0","0","0","0","1","1","1",4590,240
"4591","Nagoya","Hospital","CL4","ZoneC","ABCH","FCU","5.836745e+04","0","0","0","0","2","1","1",4591,319
"4592","Nagoya","Hospital","CL4","ZoneC","AHP","FCU","1.308238e+05","0","0","0","0","1","1","1",4592,359
"4593","Nagoya","Hospital","CL5","ZoneC","EHP","MUL","1.119402e+05","0","0","0","0","1","1","1",4593,158
"4594","Nagoya","Hospital","CL5","ZoneC","EHP","MUL","5.766617e+04","0","0","0","0","2","1","1",4594,345
"4595","Nagoya","Hospital","CL5","ZoneC","GHP","MUL","5.708787e+01","0","0","0","0","1","1","1",4595,27
"4596","Nagoya","Hospital","CL5","ZoneC","GHP","MUL","2.940891e+01","0","0","0","0","2","1","1",4596,129
"4597","Nagoya","Hospital","CL5","ZoneC","ABCH","FCU","1.229389e+05","0","0","0","0","2","1","1",4597,248
"4598","Nagoya","Hospital","CL5","ZoneC","ABCH","OHUFCU","1.071847e+05","0","0","0","0","1","1","1",4598,109
"4599","Nagoya","Hospital","CL5","ZoneC","ABCH","OHUFCU","5.521638e+04","0","0","0","0","2","1","1",4599,373
"4600","Nagoya","Hospital","CL5","ZoneC","AHP","FCU","1.244912e+05","0","0","0","0","1","1","1",4600,374
"4601","Nagoya","Hospital","CL5","ZoneC","AHP","FCU","6.413182e+04","0","0","0","0","2","1","1",4601,212
"4602","Nagoya","Hospital","CL6","ZoneC","EHP","MUL","4.516634e+04","0","0","0","0","1","1","1",4602,188
"4603","Nagoya","Hospital","CL6","ZoneC","EHP","MUL","2.326751e+04","0","0","0","0","2","1","1",4603,365
"4604","Nagoya","Hospital","CL6","ZoneC","ABCH","OHUFCU","1.359668e+05","0","0","0","0","2","1","1",4604,128
"4605","Nagoya","Hospital","CL6","ZoneC","AHP","FCU","8.311838e+04","0","0","0","0","1","1","1",4605,198
"4606","Nagoya","Hospital","CL6","ZoneC","COM","FCU","7.406338e+04","0","0","0","0","1","1","1",4606,326
"4607","Nagoya","Hospital","CL7","ZoneC","EHP","MUL","2.027447e+04","0","0","0","0","1","1","1",4607,142
"4608","Nagoya","Hospital","CL7","ZoneC","EHP","MUL","1.044442e+04","0","0","0","0","2","1","1",4608,204
"4609","Nagoya","Hospital","CL7","ZoneC","ABCH","FCU","1.079668e+05","0","0","0","0","2","1","1",4609,247
"4610","Nagoya","Hospital","CL7","ZoneC","ABCH","OHUFCU","1.372150e+05","0","0","0","0","2","1","1",4610,58
"4611","Nagoya","Hospital","CL7","ZoneC","COM","FCU","1.212939e+05","0","0","0","0","1","1","1",4611,32
"4612","Nagoya","Hospital","CL7","ZoneC","COM","FCU","6.248471e+04","0","0","0","0","2","1","1",4612,28
"4613","Nagoya","Hospital","CL7","ZoneC","COM","OHUFCU","7.941182e+04","0","0","0","0","2","1","1",4613,125
"4614","Nagoya","Hospital","CL8","ZoneA","EHP","MUL","1.077020e+04","0","0","0","0","3","1","1",4614,229
"4615","Nagoya","Hospital","CL8","ZoneA","ABCH","FCU","7.855436e+04","0","0","0","0","3","1","1",4615,345
"4616","Nagoya","Hospital","CL8","ZoneA","ABCH","VAVFCU","6.169306e+04","0","0","0","0","3","1","1",4616,121
"4617","Nagoya","Hospital","CL8","ZoneA","ABCH","OHUFCU","1.870384e+05","0","0","0","0","3","1","1",4617,275
"4618","Nagoya","Hospital","CL8","ZoneA","AB","OHUFCU","8.756741e+04","0","0","0","0","3","1","1",4618,346
"4619","Nagoya","Hospital","CL8","ZoneA","COM","VAV","6.397095e+04","0","0","0","0","3","1","1",4619,49
"4620","Nagoya","Hospital","CL8","ZoneA","COM","FCU","1.961948e+05","0","0","0","0","3","1","1",4620,333
"4621","Nagoya","Hospital","CL8","ZoneA","COM","VAVFCU","1.540825e+05","0","0","0","0","3","1","1",4621,374
"4622","Nagoya","Hospital","CL8","ZoneA","COM","OHUFCU","4.671410e+05","0","0","0","0","3","1","1",4622,10
"4623","Nagoya","Hospital","CL8","ZoneA","COM+TESICE","OHUFCU","1.529980e+05","0","0","0","0","3","1","1",4623,55
"4624","Nagoya","Hospital","CL9","ZoneA","EHP","MUL","3.118985e+03","0","0","0","0","3","1","1",4624,351
"4625","Nagoya","Hospital","CL9","ZoneA","ABCH","OHUFCU","9.176912e+04","0","0","0","0","3","1","1",4625,11
"4626","Nagoya","Hospital","CL9","ZoneA","AB","OHUFCU","6.339709e+04","0","0","0","0","3","1","1",4626,150
"4627","Nagoya","Hospital","CL9","ZoneA","COM","VAV","8.554897e+04","0","0","0","0","3","1","1",4627,15
"4628","Nagoya","Hospital","CL9","ZoneA","COM","FCU","1.218993e+05","0","0","0","0","3","1","1",4628,239
"4629","Nagoya","Hospital","CL9","ZoneA","COM","VAVFCU","2.777193e+05","0","0","0","0","3","1","1",4629,246
"4630","Nagoya","Hospital","CL9","ZoneA","COM","OHUFCU","5.034601e+05","0","0","0","0","3","1","1",4630,369
"4631","Nagoya","Hospital","CL9","ZoneA","COM+TESICE","OHUFCU","1.717513e+05","0","0","0","0","3","1","1",4631,284
"4632","Osaka","Hospital","CL1","ZoneC","EHP","MUL","4.251656e+04","0","0","0","0","2","1","1",4632,185
"4633","Osaka","Hospital","CL1","ZoneC","GHP","MUL","2.781501e+02","0","0","0","0","1","1","1",4633,63
"4634","Osaka","Hospital","CL2","ZoneC","GHP","MUL","1.012790e+03","0","0","0","0","1","1","1",4634,175
"4635","Osaka","Hospital","CL2","ZoneC","GHP","MUL","2.032429e+02","0","0","0","0","2","1","1",4635,301
"4636","Osaka","Hospital","CL2","ZoneC","AHP","FCU","1.188388e+05","0","0","0","0","1","1","1",4636,363
"4637","Osaka","Hospital","CL3","ZoneC","EHP","MUL","1.037960e+05","0","0","0","0","2","1","1",4637,215
"4638","Osaka","Hospital","CL3","ZoneC","GHP","MUL","4.263079e+02","0","0","0","0","1","1","1",4638,139
"4639","Osaka","Hospital","CL3","ZoneC","GHP","MUL","1.056337e+02","0","0","0","0","2","1","1",4639,345
"4640","Osaka","Hospital","CL3","ZoneC","ABCH","FCU","8.231763e+04","0","0","0","0","1","1","1",4640,273
"4641","Osaka","Hospital","CL3","ZoneC","AHP","FCU","8.714035e+04","0","0","0","0","1","1","1",4641,292
"4642","Osaka","Hospital","CL4","ZoneC","EHP","MUL","3.778195e+04","0","0","0","0","2","1","1",4642,119
"4643","Osaka","Hospital","CL4","ZoneC","GHP","MUL","1.524231e+02","0","0","0","0","1","1","1",4643,383
"4644","Osaka","Hospital","CL4","ZoneC","ABCH","FCU","4.408621e+04","0","0","0","0","2","1","1",4644,65
"4645","Osaka","Hospital","CL4","ZoneC","AHP","FCU","9.878083e+04","0","0","0","0","1","1","1",4645,101
"4646","Osaka","Hospital","CL5","ZoneC","EHP","MUL","1.498438e+05","0","0","0","0","1","1","1",4646,222
"4647","Osaka","Hospital","CL5","ZoneC","EHP","MUL","7.719228e+04","0","0","0","0","2","1","1",4647,120
"4648","Osaka","Hospital","CL5","ZoneC","GHP","MUL","9.131657e+01","0","0","0","0","1","1","1",4648,253
"4649","Osaka","Hospital","CL5","ZoneC","GHP","MUL","4.704187e+01","0","0","0","0","2","1","1",4649,67
"4650","Osaka","Hospital","CL5","ZoneC","ABCH","OHUFCU","1.363607e+05","0","0","0","0","1","1","1",4650,184
"4651","Osaka","Hospital","CL5","ZoneC","ABCH","OHUFCU","7.024643e+04","0","0","0","0","2","1","1",4651,397
"4652","Osaka","Hospital","CL5","ZoneC","AHP","FCU","8.089820e+04","0","0","0","0","2","1","1",4652,35
"4653","Osaka","Hospital","CL6","ZoneC","EHP","MUL","6.796978e+04","0","0","0","0","1","1","1",4653,54
"4654","Osaka","Hospital","CL6","ZoneC","EHP","MUL","3.504498e+04","0","0","0","0","2","1","1",4654,54
"4655","Osaka","Hospital","CL6","ZoneC","GHP","MUL","5.870923e+01","0","0","0","0","1","1","1",4655,355
"4656","Osaka","Hospital","CL6","ZoneC","ABCH","OHUFCU","1.479926e+05","0","0","0","0","2","1","1",4656,172
"4657","Osaka","Hospital","CL6","ZoneC","AHP","FCU","1.147398e+05","0","0","0","0","1","1","1",4657,288
"4658","Osaka","Hospital","CL6","ZoneC","AHP","FCU","6.613444e+04","0","0","0","0","2","1","1",4658,4
"4659","Osaka","Hospital","CL6","ZoneC","COM","FCU","8.385809e+04","0","0","0","0","1","1","1",4659,263
"4660","Osaka","Hospital","CL7","ZoneC","EHP","MUL","2.502520e+04","0","0","0","0","1","1","1",4660,19
"4661","Osaka","Hospital","CL7","ZoneC","EHP","MUL","1.289177e+04","0","0","0","0","2","1","1",4661,325
"4662","Osaka","Hospital","CL7","ZoneC","ABCH","FCU","1.275700e+05","0","0","0","0","2","1","1",4662,378
"4663","Osaka","Hospital","CL7","ZoneC","ABCH","VAVFCU","5.532651e+04","0","0","0","0","1","1","1",4663,183
"4664","Osaka","Hospital","CL7","ZoneC","COM","FCU","1.312367e+05","0","0","0","0","1","1","1",4664,64
"4665","Osaka","Hospital","CL7","ZoneC","COM","FCU","6.760678e+04","0","0","0","0","2","1","1",4665,315
"4666","Osaka","Hospital","CL7","ZoneC","COM","OHUFCU","8.772607e+04","0","0","0","0","2","1","1",4666,215
"4667","Osaka","Hospital","CL8","ZoneA","EHP","MUL","1.058034e+04","0","0","0","0","3","1","1",4667,258
"4668","Osaka","Hospital","CL8","ZoneA","ABCH","FCU","7.671630e+04","0","0","0","0","3","1","1",4668,325
"4669","Osaka","Hospital","CL8","ZoneA","ABCH","VAVFCU","6.038798e+04","0","0","0","0","3","1","1",4669,322
"4670","Osaka","Hospital","CL8","ZoneA","ABCH","OHUFCU","1.819192e+05","0","0","0","0","3","1","1",4670,179
"4671","Osaka","Hospital","CL8","ZoneA","AB","OHUFCU","8.086910e+04","0","0","0","0","3","1","1",4671,397
"4672","Osaka","Hospital","CL8","ZoneA","COM","VAV","6.160552e+04","0","0","0","0","3","1","1",4672,121
"4673","Osaka","Hospital","CL8","ZoneA","COM","FCU","1.884094e+05","0","0","0","0","3","1","1",4673,137
"4674","Osaka","Hospital","CL8","ZoneA","COM","VAVFCU","1.483083e+05","0","0","0","0","3","1","1",4674,357
"4675","Osaka","Hospital","CL8","ZoneA","COM","OHUFCU","4.467799e+05","0","0","0","0","3","1","1",4675,248
"4676","Osaka","Hospital","CL8","ZoneA","COM+TESICE","OHUFCU","1.481438e+05","0","0","0","0","3","1","1",4676,15
"4677","Osaka","Hospital","CL9","ZoneA","EHP","MUL","2.316824e+03","0","0","0","0","3","1","1",4677,166
"4678","Osaka","Hospital","CL9","ZoneA","ABCH","OHUFCU","7.114564e+04","0","0","0","0","3","1","1",4678,238
"4679","Osaka","Hospital","CL9","ZoneA","COM","VAV","7.026833e+04","0","0","0","0","3","1","1",4679,28
"4680","Osaka","Hospital","CL9","ZoneA","COM","FCU","9.625615e+04","0","0","0","0","3","1","1",4680,184
"4681","Osaka","Hospital","CL9","ZoneA","COM","VAVFCU","2.325835e+05","0","0","0","0","3","1","1",4681,202
"4682","Osaka","Hospital","CL9","ZoneA","COM","OHUFCU","4.091196e+05","0","0","0","0","3","1","1",4682,373
"4683","Osaka","Hospital","CL9","ZoneA","COM+TESICE","OHUFCU","1.436489e+05","0","0","0","0","3","1","1",4683,290
"4684","Hiroshima","Hospital","CL1","ZoneC","EHP","MUL","6.539155e+04","0","0","0","0","1","1","1",4684,176
"4685","Hiroshima","Hospital","CL1","ZoneC","EHP","MUL","1.154866e+04","0","0","0","0","2","1","1",4685,207
"4686","Hiroshima","Hospital","CL1","ZoneC","GHP","MUL","5.088553e+01","0","0","0","0","1","1","1",4686,48
"4687","Hiroshima","Hospital","CL2","ZoneC","EHP","MUL","7.938458e+04","0","0","0","0","2","1","1",4687,19
"4688","Hiroshima","Hospital","CL2","ZoneC","GHP","MUL","3.571903e+02","0","0","0","0","1","1","1",4688,129
"4689","Hiroshima","Hospital","CL2","ZoneC","GHP","MUL","7.330963e+01","0","0","0","0","2","1","1",4689,223
"4690","Hiroshima","Hospital","CL2","ZoneC","AHP","FCU","6.311454e+04","0","0","0","0","1","1","1",4690,22
"4691","Hiroshima","Hospital","CL3","ZoneC","EHP","MUL","8.295671e+04","0","0","0","0","2","1","1",4691,125
"4692","Hiroshima","Hospital","CL3","ZoneC","GHP","MUL","3.073832e+02","0","0","0","0","1","1","1",4692,46
"4693","Hiroshima","Hospital","CL3","ZoneC","GHP","MUL","7.795537e+01","0","0","0","0","2","1","1",4693,258
"4694","Hiroshima","Hospital","CL3","ZoneC","ABCH","FCU","7.052096e+04","0","0","0","0","1","1","1",4694,381
"4695","Hiroshima","Hospital","CL3","ZoneC","AHP","FCU","7.259755e+04","0","0","0","0","1","1","1",4695,76
"4696","Hiroshima","Hospital","CL4","ZoneC","EHP","MUL","1.459165e+05","0","0","0","0","1","1","1",4696,296
"4697","Hiroshima","Hospital","CL4","ZoneC","EHP","MUL","2.576622e+04","0","0","0","0","2","1","1",4697,137
"4698","Hiroshima","Hospital","CL4","ZoneC","GHP","MUL","9.200340e+01","0","0","0","0","1","1","1",4698,23
"4699","Hiroshima","Hospital","CL4","ZoneC","ABCH","FCU","1.051781e+05","0","0","0","0","1","1","1",4699,37
"4700","Hiroshima","Hospital","CL4","ZoneC","ABCH","FCU","3.081897e+04","0","0","0","0","2","1","1",4700,326
"4701","Hiroshima","Hospital","CL4","ZoneC","AHP","FCU","6.946274e+04","0","0","0","0","1","1","1",4701,107
"4702","Hiroshima","Hospital","CL5","ZoneC","EHP","MUL","7.500599e+04","0","0","0","0","1","1","1",4702,156
"4703","Hiroshima","Hospital","CL5","ZoneC","EHP","MUL","3.866470e+04","0","0","0","0","2","1","1",4703,241
"4704","Hiroshima","Hospital","CL5","ZoneC","GHP","MUL","4.901448e+01","0","0","0","0","1","1","1",4704,256
"4705","Hiroshima","Hospital","CL5","ZoneC","ABCH","OHUFCU","7.461429e+04","0","0","0","0","1","1","1",4705,88
"4706","Hiroshima","Hospital","CL5","ZoneC","AHP","FCU","8.308321e+04","0","0","0","0","1","1","1",4706,157
"4707","Hiroshima","Hospital","CL6","ZoneC","EHP","MUL","3.462716e+04","0","0","0","0","1","1","1",4707,329
"4708","Hiroshima","Hospital","CL6","ZoneC","EHP","MUL","1.783823e+04","0","0","0","0","2","1","1",4708,117
"4709","Hiroshima","Hospital","CL6","ZoneC","ABCH","FCU","1.308533e+05","0","0","0","0","2","1","1",4709,328
"4710","Hiroshima","Hospital","CL6","ZoneC","ABCH","OHUFCU","1.022599e+05","0","0","0","0","2","1","1",4710,229
"4711","Hiroshima","Hospital","CL6","ZoneC","AHP","FCU","6.878770e+04","0","0","0","0","1","1","1",4711,115
"4712","Hiroshima","Hospital","CL7","ZoneC","EHP","MUL","1.526353e+04","0","0","0","0","1","1","1",4712,130
"4713","Hiroshima","Hospital","CL7","ZoneC","EHP","MUL","7.863029e+03","0","0","0","0","2","1","1",4713,164
"4714","Hiroshima","Hospital","CL7","ZoneC","ABCH","FCU","8.154909e+04","0","0","0","0","2","1","1",4714,327
"4715","Hiroshima","Hospital","CL7","ZoneC","ABCH","OHUFCU","1.025821e+05","0","0","0","0","2","1","1",4715,334
"4716","Hiroshima","Hospital","CL7","ZoneC","COM","FCU","8.281162e+04","0","0","0","0","1","1","1",4716,56
"4717","Hiroshima","Hospital","CL7","ZoneC","COM","OHUFCU","1.041702e+05","0","0","0","0","1","1","1",4717,226
"4718","Hiroshima","Hospital","CL7","ZoneC","COM","OHUFCU","9.632398e+04","0","0","0","0","2","1","1",4718,307
"4719","Hiroshima","Hospital","CL8","ZoneA","EHP","MUL","6.429565e+03","0","0","0","0","3","1","1",4719,283
"4720","Hiroshima","Hospital","CL8","ZoneA","ABCH","OHUFCU","1.968099e+05","0","0","0","0","3","1","1",4720,157
"4721","Hiroshima","Hospital","CL8","ZoneA","AB","OHUFCU","5.163415e+04","0","0","0","0","3","1","1",4721,139
"4722","Hiroshima","Hospital","CL8","ZoneA","COM","FCU","1.279892e+05","0","0","0","0","3","1","1",4722,338
"4723","Hiroshima","Hospital","CL8","ZoneA","COM","VAVFCU","1.018259e+05","0","0","0","0","3","1","1",4723,160
"4724","Hiroshima","Hospital","CL8","ZoneA","COM","OHUFCU","3.055599e+05","0","0","0","0","3","1","1",4724,377
"4725","Hiroshima","Hospital","CL8","ZoneA","COM+TESICE","OHUFCU","9.108475e+04","0","0","0","0","3","1","1",4725,299
"4726","Hiroshima","Hospital","CL9","ZoneA","EHP","MUL","1.071635e+03","0","0","0","0","3","1","1",4726,387
"4727","Hiroshima","Hospital","CL9","ZoneA","COM","VAVFCU","1.355317e+05","0","0","0","0","3","1","1",4727,7
"4728","Hiroshima","Hospital","CL9","ZoneA","COM","OHUFCU","2.473606e+05","0","0","0","0","3","1","1",4728,55
"4729","Hiroshima","Hospital","CL9","ZoneA","COM+TESICE","OHUFCU","6.517912e+04","0","0","0","0","3","1","1",4729,226
"4730","Matsuyama","Hospital","CL1","ZoneC","EHP","MUL","3.612510e+04","0","0","0","0","1","1","1",4730,200
"4731","Matsuyama","Hospital","CL1","ZoneC","EHP","MUL","6.375018e+03","0","0","0","0","2","1","1",4731,61
"4732","Matsuyama","Hospital","CL2","ZoneC","EHP","MUL","3.994070e+04","0","0","0","0","2","1","1",4732,393
"4733","Matsuyama","Hospital","CL2","ZoneC","GHP","MUL","1.886785e+02","0","0","0","0","1","1","1",4733,328
"4734","Matsuyama","Hospital","CL3","ZoneC","EHP","MUL","4.973427e+04","0","0","0","0","2","1","1",4734,334
"4735","Matsuyama","Hospital","CL3","ZoneC","GHP","MUL","2.063476e+02","0","0","0","0","1","1","1",4735,370
"4736","Matsuyama","Hospital","CL3","ZoneC","AHP","FCU","8.435974e+04","0","0","0","0","1","1","1",4736,358
"4737","Matsuyama","Hospital","CL4","ZoneC","EHP","MUL","1.136846e+05","0","0","0","0","1","1","1",4737,76
"4738","Matsuyama","Hospital","CL4","ZoneC","EHP","MUL","2.007790e+04","0","0","0","0","2","1","1",4738,352
"4739","Matsuyama","Hospital","CL4","ZoneC","GHP","MUL","9.022226e+01","0","0","0","0","1","1","1",4739,271
"4740","Matsuyama","Hospital","CL4","ZoneC","ABCH","FCU","8.210107e+04","0","0","0","0","1","1","1",4740,182
"4741","Matsuyama","Hospital","CL4","ZoneC","ABCH","FCU","2.377999e+04","0","0","0","0","2","1","1",4741,143
"4742","Matsuyama","Hospital","CL4","ZoneC","AHP","FCU","5.265220e+04","0","0","0","0","1","1","1",4742,306
"4743","Matsuyama","Hospital","CL5","ZoneC","EHP","MUL","5.511952e+04","0","0","0","0","1","1","1",4743,68
"4744","Matsuyama","Hospital","CL5","ZoneC","EHP","MUL","2.841024e+04","0","0","0","0","2","1","1",4744,186
"4745","Matsuyama","Hospital","CL5","ZoneC","GHP","MUL","2.977550e+01","0","0","0","0","1","1","1",4745,231
"4746","Matsuyama","Hospital","CL5","ZoneC","ABCH","FCU","1.192597e+05","0","0","0","0","2","1","1",4746,25
"4747","Matsuyama","Hospital","CL5","ZoneC","AHP","FCU","5.949783e+04","0","0","0","0","1","1","1",4747,215
"4748","Matsuyama","Hospital","CL6","ZoneC","EHP","MUL","1.916191e+04","0","0","0","0","1","1","1",4748,149
"4749","Matsuyama","Hospital","CL6","ZoneC","EHP","MUL","9.871287e+03","0","0","0","0","2","1","1",4749,67
"4750","Matsuyama","Hospital","CL6","ZoneC","ABCH","FCU","1.412296e+05","0","0","0","0","1","1","1",4750,227
"4751","Matsuyama","Hospital","CL6","ZoneC","ABCH","FCU","7.275463e+04","0","0","0","0","2","1","1",4751,11
"4752","Matsuyama","Hospital","CL6","ZoneC","ABCH","OHUFCU","1.139022e+05","0","0","0","0","1","1","1",4752,142
"4753","Matsuyama","Hospital","CL6","ZoneC","ABCH","OHUFCU","5.867687e+04","0","0","0","0","2","1","1",4753,303
"4754","Matsuyama","Hospital","CL7","ZoneC","EHP","MUL","6.342309e+03","0","0","0","0","1","1","1",4754,156
"4755","Matsuyama","Hospital","CL7","ZoneC","EHP","MUL","3.267250e+03","0","0","0","0","2","1","1",4755,41
"4756","Matsuyama","Hospital","CL7","ZoneC","ABCH","FCU","6.745678e+04","0","0","0","0","1","1","1",4756,120
"4757","Matsuyama","Hospital","CL7","ZoneC","ABCH","OHUFCU","8.875182e+04","0","0","0","0","1","1","1",4757,44
"4758","Matsuyama","Hospital","CL7","ZoneC","ABCH","OHUFCU","1.310883e+05","0","0","0","0","2","1","1",4758,256
"4759","Matsuyama","Hospital","CL7","ZoneC","COM","OHUFCU","9.825700e+04","0","0","0","0","1","1","1",4759,67
"4760","Matsuyama","Hospital","CL8","ZoneA","EHP","MUL","3.035849e+03","0","0","0","0","3","1","1",4760,28
"4761","Matsuyama","Hospital","CL8","ZoneA","ABCH","OHUFCU","1.107406e+05","0","0","0","0","3","1","1",4761,255
"4762","Matsuyama","Hospital","CL8","ZoneA","COM","FCU","7.230766e+04","0","0","0","0","3","1","1",4762,289
"4763","Matsuyama","Hospital","CL8","ZoneA","COM","VAVFCU","5.755371e+04","0","0","0","0","3","1","1",4763,287
"4764","Matsuyama","Hospital","CL8","ZoneA","COM","OHUFCU","1.728077e+05","0","0","0","0","3","1","1",4764,301
"4765","Matsuyama","Hospital","CL9","ZoneA","EHP","MUL","8.153876e+02","0","0","0","0","3","1","1",4765,307
"4766","Matsuyama","Hospital","CL9","ZoneA","COM","VAVFCU","1.182980e+05","0","0","0","0","3","1","1",4766,1
"4767","Matsuyama","Hospital","CL9","ZoneA","COM","OHUFCU","2.168321e+05","0","0","0","0","3","1","1",4767,338
"4768","Fukuoka","Hospital","CL1","ZoneC","EHP","MUL","1.287566e+05","0","0","0","0","1","1","1",4768,392
"4769","Fukuoka","Hospital","CL1","ZoneC","EHP","MUL","2.274466e+04","0","0","0","0","2","1","1",4769,68
"4770","Fukuoka","Hospital","CL1","ZoneC","GHP","MUL","1.298687e+02","0","0","0","0","1","1","1",4770,320
"4771","Fukuoka","Hospital","CL2","ZoneC","EHP","MUL","1.258538e+05","0","0","0","0","2","1","1",4771,40
"4772","Fukuoka","Hospital","CL2","ZoneC","GHP","MUL","5.634939e+02","0","0","0","0","1","1","1",4772,381
"4773","Fukuoka","Hospital","CL2","ZoneC","GHP","MUL","1.139233e+02","0","0","0","0","2","1","1",4773,280
"4774","Fukuoka","Hospital","CL2","ZoneC","AHP","FCU","9.074840e+04","0","0","0","0","1","1","1",4774,328
"4775","Fukuoka","Hospital","CL3","ZoneC","GHP","MUL","6.226110e+02","0","0","0","0","1","1","1",4775,143
"4776","Fukuoka","Hospital","CL3","ZoneC","GHP","MUL","1.555505e+02","0","0","0","0","2","1","1",4776,3
"4777","Fukuoka","Hospital","CL3","ZoneC","ABCH","FCU","1.263720e+05","0","0","0","0","1","1","1",4777,100
"4778","Fukuoka","Hospital","CL3","ZoneC","AHP","FCU","1.293273e+05","0","0","0","0","1","1","1",4778,25
"4779","Fukuoka","Hospital","CL4","ZoneC","EHP","MUL","6.794624e+04","0","0","0","0","2","1","1",4779,88
"4780","Fukuoka","Hospital","CL4","ZoneC","GHP","MUL","2.449654e+02","0","0","0","0","1","1","1",4780,183
"4781","Fukuoka","Hospital","CL4","ZoneC","GHP","MUL","4.322919e+01","0","0","0","0","2","1","1",4781,72
"4782","Fukuoka","Hospital","CL4","ZoneC","ABCH","FCU","7.800013e+04","0","0","0","0","2","1","1",4782,257
"4783","Fukuoka","Hospital","CL5","ZoneC","EHP","MUL","9.373271e+04","0","0","0","0","2","1","1",4783,228
"4784","Fukuoka","Hospital","CL5","ZoneC","GHP","MUL","5.402527e+01","0","0","0","0","1","1","1",4784,84
"4785","Fukuoka","Hospital","CL5","ZoneC","GHP","MUL","2.783120e+01","0","0","0","0","2","1","1",4785,87
"4786","Fukuoka","Hospital","CL5","ZoneC","ABCH","OHUFCU","8.102677e+04","0","0","0","0","2","1","1",4786,44
"4787","Fukuoka","Hospital","CL5","ZoneC","AHP","FCU","1.310941e+05","0","0","0","0","1","1","1",4787,144
"4788","Fukuoka","Hospital","CL5","ZoneC","AHP","FCU","9.746211e+04","0","0","0","0","2","1","1",4788,212
"4789","Fukuoka","Hospital","CL5","ZoneC","AHP","OHUFCU","5.809706e+04","0","0","0","0","1","1","1",4789,37
"4790","Fukuoka","Hospital","CL6","ZoneC","EHP","MUL","7.271917e+04","0","0","0","0","1","1","1",4790,38
"4791","Fukuoka","Hospital","CL6","ZoneC","EHP","MUL","3.747986e+04","0","0","0","0","2","1","1",4791,156
"4792","Fukuoka","Hospital","CL6","ZoneC","GHP","MUL","3.585231e+01","0","0","0","0","1","1","1",4792,35
"4793","Fukuoka","Hospital","CL6","ZoneC","AHP","FCU","1.284281e+05","0","0","0","0","1","1","1",4793,179
"4794","Fukuoka","Hospital","CL6","ZoneC","AHP","FCU","7.442861e+04","0","0","0","0","2","1","1",4794,366
"4795","Fukuoka","Hospital","CL6","ZoneC","COM","FCU","1.026601e+05","0","0","0","0","1","1","1",4795,64
"4796","Fukuoka","Hospital","CL7","ZoneC","EHP","MUL","2.722149e+04","0","0","0","0","1","1","1",4796,370
"4797","Fukuoka","Hospital","CL7","ZoneC","EHP","MUL","1.402319e+04","0","0","0","0","2","1","1",4797,109
"4798","Fukuoka","Hospital","CL7","ZoneC","ABCH","FCU","1.398773e+05","0","0","0","0","2","1","1",4798,148
"4799","Fukuoka","Hospital","CL7","ZoneC","ABCH","VAVFCU","5.539548e+04","0","0","0","0","1","1","1",4799,218
"4800","Fukuoka","Hospital","CL7","ZoneC","AHP","OHUFCU","5.929166e+04","0","0","0","0","1","1","1",4800,280
"4801","Fukuoka","Hospital","CL7","ZoneC","COM","FCU","1.201110e+05","0","0","0","0","1","1","1",4801,10
"4802","Fukuoka","Hospital","CL7","ZoneC","COM","FCU","6.619849e+04","0","0","0","0","2","1","1",4802,17
"4803","Fukuoka","Hospital","CL7","ZoneC","COM","OHUFCU","8.404607e+04","0","0","0","0","2","1","1",4803,181
"4804","Fukuoka","Hospital","CL8","ZoneA","EHP","MUL","1.061968e+04","0","0","0","0","3","1","1",4804,318
"4805","Fukuoka","Hospital","CL8","ZoneA","ABCH","FCU","7.800753e+04","0","0","0","0","3","1","1",4805,237
"4806","Fukuoka","Hospital","CL8","ZoneA","ABCH","VAVFCU","6.155667e+04","0","0","0","0","3","1","1",4806,357
"4807","Fukuoka","Hospital","CL8","ZoneA","ABCH","OHUFCU","1.854100e+05","0","0","0","0","3","1","1",4807,286
"4808","Fukuoka","Hospital","CL8","ZoneA","AB","OHUFCU","8.094354e+04","0","0","0","0","3","1","1",4808,284
"4809","Fukuoka","Hospital","CL8","ZoneA","COM","VAV","6.262099e+04","0","0","0","0","3","1","1",4809,35
"4810","Fukuoka","Hospital","CL8","ZoneA","COM","FCU","1.912239e+05","0","0","0","0","3","1","1",4810,242
"4811","Fukuoka","Hospital","CL8","ZoneA","COM","VAVFCU","1.508970e+05","0","0","0","0","3","1","1",4811,57
"4812","Fukuoka","Hospital","CL8","ZoneA","COM","OHUFCU","4.545050e+05","0","0","0","0","3","1","1",4812,397
"4813","Fukuoka","Hospital","CL8","ZoneA","COM+TESICE","OHUFCU","1.473755e+05","0","0","0","0","3","1","1",4813,367
"4814","Fukuoka","Hospital","CL9","ZoneA","EHP","MUL","1.758865e+03","0","0","0","0","3","1","1",4814,377
"4815","Fukuoka","Hospital","CL9","ZoneA","ABCH","OHUFCU","5.434826e+04","0","0","0","0","3","1","1",4815,225
"4816","Fukuoka","Hospital","CL9","ZoneA","COM","VAV","5.315254e+04","0","0","0","0","3","1","1",4816,366
"4817","Fukuoka","Hospital","CL9","ZoneA","COM","FCU","7.333982e+04","0","0","0","0","3","1","1",4817,283
"4818","Fukuoka","Hospital","CL9","ZoneA","COM","VAVFCU","1.756668e+05","0","0","0","0","3","1","1",4818,247
"4819","Fukuoka","Hospital","CL9","ZoneA","COM","OHUFCU","3.098952e+05","0","0","0","0","3","1","1",4819,20
"4820","Fukuoka","Hospital","CL9","ZoneA","COM+TESICE","OHUFCU","1.062021e+05","0","0","0","0","3","1","1",4820,93
"4821","Naha","Hospital","CL1","ZoneC","EHP","MUL","7.362344e+03","0","0","0","0","1","1","1",4821,58
"4822","Naha","Hospital","CL1","ZoneC","EHP","MUL","1.299237e+03","0","0","0","0","2","1","1",4822,259
"4823","Naha","Hospital","CL2","ZoneC","EHP","MUL","3.577881e+04","0","0","0","0","1","1","1",4823,208
"4824","Naha","Hospital","CL2","ZoneC","EHP","MUL","6.313907e+03","0","0","0","0","2","1","1",4824,146
"4825","Naha","Hospital","CL3","ZoneC","EHP","MUL","4.694219e+04","0","0","0","0","1","1","1",4825,341
"4826","Naha","Hospital","CL3","ZoneC","EHP","MUL","8.283916e+03","0","0","0","0","2","1","1",4826,137
"4827","Naha","Hospital","CL4","ZoneC","EHP","MUL","5.149622e+04","0","0","0","0","1","1","1",4827,214
"4828","Naha","Hospital","CL4","ZoneC","EHP","MUL","9.087568e+03","0","0","0","0","2","1","1",4828,242
"4829","Naha","Hospital","CL5","ZoneC","EHP","MUL","1.389937e+04","0","0","0","0","1","1","1",4829,351
"4830","Naha","Hospital","CL5","ZoneC","EHP","MUL","7.160280e+03","0","0","0","0","2","1","1",4830,180
"4831","Naha","Hospital","CL5","ZoneC","ABCH","FCU","4.911665e+04","0","0","0","0","1","1","1",4831,73
"4832","Naha","Hospital","CL5","ZoneC","ABCH","FCU","2.530252e+04","0","0","0","0","2","1","1",4832,105
"4833","Naha","Hospital","CL6","ZoneC","EHP","MUL","5.220850e+03","0","0","0","0","1","1","1",4833,256
"4834","Naha","Hospital","CL6","ZoneC","EHP","MUL","2.689529e+03","0","0","0","0","2","1","1",4834,231
"4835","Naha","Hospital","CL6","ZoneC","ABCH","FCU","7.642239e+04","0","0","0","0","1","1","1",4835,248
"4836","Naha","Hospital","CL6","ZoneC","ABCH","FCU","3.936911e+04","0","0","0","0","2","1","1",4836,255
"4837","Naha","Hospital","CL7","ZoneC","EHP","MUL","1.560205e+03","0","0","0","0","1","1","1",4837,97
"4838","Naha","Hospital","CL7","ZoneC","EHP","MUL","8.037422e+02","0","0","0","0","2","1","1",4838,252
"4839","Naha","Hospital","CL7","ZoneC","ABCH","OHUFCU","6.293080e+04","0","0","0","0","1","1","1",4839,266
"4840","Naha","Hospital","CL7","ZoneC","ABCH","OHUFCU","3.241890e+04","0","0","0","0","2","1","1",4840,400
"4841","Naha","Hospital","CL8","ZoneA","EHP","MUL","1.182793e+03","0","0","0","0","3","1","1",4841,288
"4842","Naha","Hospital","CL8","ZoneA","COM","OHUFCU","1.612173e+05","0","0","0","0","3","1","1",4842,397
"4843","Naha","Hospital","CL9","ZoneA","EHP","MUL","2.190371e+02","0","0","0","0","3","1","1",4843,69
"4844","Naha","Hospital","CL9","ZoneA","COM","OHUFCU","9.165404e+04","0","0","0","0","3","1","1",4844,310
"4845","Sapporo","Retail","ConvenienceDrug","ZoneC","EHP","MUL","2.488794e+05","0","0","0","0","3","1","1",4845,360
"4846","Sapporo","Retail","ConvenienceDrug","ZoneC","EHP","MUL","1.274334e+05","1","0","0","0","3","1","1",4846,184
"4847","Sapporo","Retail","ConvenienceDrug","ZoneC","GHP","MUL","2.437840e+02","0","0","0","0","3","1","1",4847,323
"4848","Sapporo","Retail","ConvenienceStore","ZoneC","EHP","MUL","2.240149e+05","0","0","0","0","3","1","1",4848,365
"4849","Sapporo","Retail","ConvenienceStore","ZoneC","EHP","MUL","1.045786e+05","1","0","0","0","3","1","1",4849,347
"4850","Sapporo","Retail","ConvenienceStore","ZoneC","GHP","MUL","1.578663e+02","0","0","0","0","3","1","1",4850,50
"4851","Sapporo","Retail","HomeCenter","ZoneC","EHP","MUL","2.219780e+05","0","0","0","0","3","1","1",4851,32
"4852","Sapporo","Retail","HomeCenter","ZoneC","EHP","MUL","1.325189e+05","1","0","0","0","3","1","1",4852,328
"4853","Sapporo","Retail","HomeCenter","ZoneC","GHP","MUL","2.435316e+02","0","0","0","0","3","1","1",4853,331
"4854","Sapporo","Retail","HomeCenter","ZoneC","ABCH","FCU","1.153775e+05","0","0","0","0","3","1","1",4854,114
"4855","Sapporo","Retail","HomeCenter","ZoneC","ABCH","FCU","7.803564e+04","1","0","0","0","3","1","1",4855,72
"4856","Sapporo","Retail","HomeCenter","ZoneC","ABCH","OHUFCU","4.616464e+04","0","0","0","0","3","1","1",4856,251
"4857","Sapporo","Retail","HomeCenter","ZoneC","ABCH","OHUFCU","3.471152e+04","1","0","0","0","3","1","1",4857,348
"4858","Sapporo","Retail","HousingClothingSuper","ZoneC","EHP","MUL","4.718055e+05","0","0","0","0","3","1","1",4858,388
"4859","Sapporo","Retail","HousingClothingSuper","ZoneC","EHP","MUL","2.816637e+05","1","0","0","0","3","1","1",4859,161
"4860","Sapporo","Retail","HousingClothingSuper","ZoneC","GHP","MUL","5.176167e+02","0","0","0","0","3","1","1",4860,337
"4861","Sapporo","Retail","HousingClothingSuper","ZoneC","ABCH","FCU","2.182672e+05","0","0","0","0","3","1","1",4861,324
"4862","Sapporo","Retail","HousingClothingSuper","ZoneC","ABCH","FCU","1.476251e+05","1","0","0","0","3","1","1",4862,321
"4863","Sapporo","Retail","HousingClothingSuper","ZoneC","ABCH","OHUFCU","8.733268e+04","0","0","0","0","3","1","1",4863,123
"4864","Sapporo","Retail","HousingClothingSuper","ZoneC","ABCH","OHUFCU","6.566605e+04","1","0","0","0","3","1","1",4864,153
"4865","Sapporo","Retail","HousingClothingSuper","ZoneC","AB","FCU","3.775748e+04","0","0","0","0","3","1","1",4865,272
"4866","Sapporo","Retail","HousingClothingSuper","ZoneC","AB","FCU","2.634251e+04","1","0","0","0","3","1","1",4866,354
"4867","Sapporo","Retail","LargeDepartment","ZoneC","EHP","MUL","2.839227e+03","0","0","0","0","3","1","1",4867,270
"4868","Sapporo","Retail","LargeDepartment","ZoneC","ABCH","FCU","5.295366e+04","0","0","0","0","3","1","1",4868,182
"4869","Sapporo","Retail","LargeGeneral","ZoneC","EHP","MUL","6.247732e+03","0","0","0","0","3","1","1",4869,371
"4870","Sapporo","Retail","LargeGeneral","ZoneC","ABCH","FCU","6.561623e+04","0","0","0","0","3","1","1",4870,60
"4871","Sapporo","Retail","LargeGeneral","ZoneC","ABCH","FCU","5.090854e+04","1","0","0","0","3","1","1",4871,379
"4872","Sapporo","Retail","LargeGrocery","ZoneC","EHP","MUL","1.558007e+05","0","0","0","0","3","1","1",4872,282
"4873","Sapporo","Retail","LargeGrocery","ZoneC","EHP","MUL","8.880751e+04","1","0","0","0","3","1","1",4873,339
"4874","Sapporo","Retail","LargeGrocery","ZoneC","GHP","MUL","1.435440e+02","0","0","0","0","3","1","1",4874,82
"4875","Sapporo","Retail","LargeGrocery","ZoneC","ABCH","FCU","4.194899e+04","0","0","0","0","3","1","1",4875,326
"4876","Sapporo","Retail","LargeGrocery","ZoneC","ABCH","FCU","2.816390e+04","1","0","0","0","3","1","1",4876,252
"4877","Sapporo","Retail","MediumDepartment","ZoneC","EHP","MUL","2.743593e+04","0","0","0","0","3","1","1",4877,15
"4878","Sapporo","Retail","MediumDepartment","ZoneC","ABCH","FCU","1.045249e+05","0","0","0","0","3","1","1",4878,136
"4879","Sapporo","Retail","MediumDepartment","ZoneC","ABCH","FCU","7.792668e+04","1","0","0","0","3","1","1",4879,349
"4880","Sapporo","Retail","MediumGeneral","ZoneC","EHP","MUL","5.952833e+04","0","0","0","0","3","1","1",4880,98
"4881","Sapporo","Retail","MediumGeneral","ZoneC","GHP","MUL","5.724600e+01","0","0","0","0","3","1","1",4881,191
"4882","Sapporo","Retail","MediumGeneral","ZoneC","ABCH","FCU","1.610140e+05","0","0","0","0","3","1","1",4882,396
"4883","Sapporo","Retail","MediumGeneral","ZoneC","ABCH","FCU","1.162804e+05","1","0","0","0","3","1","1",4883,5
"4884","Sapporo","Retail","MediumGeneral","ZoneC","ABCH","OHUFCU","6.582901e+04","0","0","0","0","3","1","1",4884,397
"4885","Sapporo","Retail","MediumGeneral","ZoneC","ABCH","OHUFCU","5.312637e+04","1","0","0","0","3","1","1",4885,254
"4886","Sapporo","Retail","MediumGrocery","ZoneC","EHP","MUL","1.687840e+05","0","0","0","0","3","1","1",4886,266
"4887","Sapporo","Retail","MediumGrocery","ZoneC","EHP","MUL","9.620814e+04","1","0","0","0","3","1","1",4887,348
"4888","Sapporo","Retail","MediumGrocery","ZoneC","GHP","MUL","1.555060e+02","0","0","0","0","3","1","1",4888,53
"4889","Sapporo","Retail","MediumGrocery","ZoneC","ABCH","FCU","4.544474e+04","0","0","0","0","3","1","1",4889,305
"4890","Sapporo","Retail","MediumGrocery","ZoneC","ABCH","FCU","3.051089e+04","1","0","0","0","3","1","1",4890,209
"4891","Sapporo","Retail","SmallGeneral","ZoneC","EHP","MUL","2.933475e+05","0","0","0","0","3","1","1",4891,120
"4892","Sapporo","Retail","SmallGeneral","ZoneC","EHP","MUL","1.751259e+05","1","0","0","0","3","1","1",4892,161
"4893","Sapporo","Retail","SmallGeneral","ZoneC","GHP","MUL","3.218308e+02","0","0","0","0","3","1","1",4893,357
"4894","Sapporo","Retail","SmallGeneral","ZoneC","ABCH","FCU","1.524732e+05","0","0","0","0","3","1","1",4894,181
"4895","Sapporo","Retail","SmallGeneral","ZoneC","ABCH","FCU","1.031253e+05","1","0","0","0","3","1","1",4895,373
"4896","Sapporo","Retail","SmallGeneral","ZoneC","ABCH","OHUFCU","6.100731e+04","0","0","0","0","3","1","1",4896,199
"4897","Sapporo","Retail","SmallGeneral","ZoneC","ABCH","OHUFCU","4.587182e+04","1","0","0","0","3","1","1",4897,201
"4898","Sapporo","Retail","SmallGrocery","ZoneC","EHP","MUL","2.089854e+05","0","0","0","0","3","1","1",4898,163
"4899","Sapporo","Retail","SmallGrocery","ZoneC","EHP","MUL","1.128014e+05","1","0","0","0","3","1","1",4899,179
"4900","Sapporo","Retail","SmallGrocery","ZoneC","GHP","MUL","1.731393e+02","0","0","0","0","3","1","1",4900,134
"4901","Sapporo","Retail","SpecialityShop","ZoneC","EHP","MUL","9.466911e+05","0","0","0","0","3","1","1",4901,66
"4902","Sapporo","Retail","SpecialityShop","ZoneC","EHP","MUL","4.419510e+05","1","0","0","0","3","1","1",4902,325
"4903","Sapporo","Retail","SpecialityShop","ZoneC","GHP","MUL","6.671458e+02","0","0","0","0","3","1","1",4903,271
"4904","Sapporo","Retail","SuperDrugStore","ZoneC","EHP","MUL","6.749745e+04","0","0","0","0","3","1","1",4904,4
"4905","Sapporo","Retail","SuperDrugStore","ZoneC","EHP","MUL","3.847404e+04","1","0","0","0","3","1","1",4905,285
"4906","Sapporo","Retail","SuperDrugStore","ZoneC","GHP","MUL","6.218749e+01","0","0","0","0","3","1","1",4906,204
"4907","Sendai","Retail","ConvenienceDrug","ZoneC","EHP","MUL","4.780481e+05","0","0","0","0","3","1","1",4907,58
"4908","Sendai","Retail","ConvenienceDrug","ZoneC","EHP","MUL","2.473707e+05","1","0","0","0","3","1","1",4908,261
"4909","Sendai","Retail","ConvenienceDrug","ZoneC","GHP","MUL","3.731578e+02","0","0","0","0","3","1","1",4909,145
"4910","Sendai","Retail","ConvenienceStore","ZoneC","EHP","MUL","2.832212e+05","0","0","0","0","3","1","1",4910,46
"4911","Sendai","Retail","ConvenienceStore","ZoneC","EHP","MUL","1.319568e+05","1","0","0","0","3","1","1",4911,330
"4912","Sendai","Retail","ConvenienceStore","ZoneC","GHP","MUL","2.084240e+02","0","0","0","0","3","1","1",4912,340
"4913","Sendai","Retail","HomeCenter","ZoneC","EHP","MUL","5.540741e+05","0","0","0","0","3","1","1",4913,40
"4914","Sendai","Retail","HomeCenter","ZoneC","EHP","MUL","3.325381e+05","1","0","0","0","3","1","1",4914,310
"4915","Sendai","Retail","HomeCenter","ZoneC","GHP","MUL","5.896015e+02","0","0","0","0","3","1","1",4915,222
"4916","Sendai","Retail","HomeCenter","ZoneC","ABCH","VAV","6.543827e+04","1","0","0","0","3","1","1",4916,322
"4917","Sendai","Retail","HomeCenter","ZoneC","ABCH","FCU","2.971248e+05","0","0","0","0","3","1","1",4917,204
"4918","Sendai","Retail","HomeCenter","ZoneC","ABCH","FCU","1.771393e+05","1","0","0","0","3","1","1",4918,9
"4919","Sendai","Retail","HomeCenter","ZoneC","ABCH","OHUFCU","1.127721e+05","0","0","0","0","3","1","1",4919,29
"4920","Sendai","Retail","HomeCenter","ZoneC","ABCH","OHUFCU","7.570063e+04","1","0","0","0","3","1","1",4920,16
"4921","Sendai","Retail","HousingClothingSuper","ZoneC","EHP","MUL","1.001421e+06","0","0","0","0","3","1","1",4921,313
"4922","Sendai","Retail","HousingClothingSuper","ZoneC","EHP","MUL","6.010220e+05","1","0","0","0","3","1","1",4922,390
"4923","Sendai","Retail","HousingClothingSuper","ZoneC","GHP","MUL","1.065633e+03","0","0","0","0","3","1","1",4923,207
"4924","Sendai","Retail","HousingClothingSuper","ZoneC","ABCH","CAV","6.508401e+04","0","0","0","0","3","1","1",4924,171
"4925","Sendai","Retail","HousingClothingSuper","ZoneC","ABCH","VAV","9.867665e+04","1","0","0","0","3","1","1",4925,109
"4926","Sendai","Retail","HousingClothingSuper","ZoneC","ABCH","FCU","4.469274e+05","0","0","0","0","3","1","1",4926,39
"4927","Sendai","Retail","HousingClothingSuper","ZoneC","ABCH","FCU","2.682320e+05","1","0","0","0","3","1","1",4927,93
"4928","Sendai","Retail","HousingClothingSuper","ZoneC","ABCH","OHUFCU","1.691241e+05","0","0","0","0","3","1","1",4928,281
"4929","Sendai","Retail","HousingClothingSuper","ZoneC","ABCH","OHUFCU","1.150805e+05","1","0","0","0","3","1","1",4929,270
"4930","Sendai","Retail","HousingClothingSuper","ZoneC","AHP","FCU","4.764178e+04","0","0","0","0","3","1","1",4930,85
"4931","Sendai","Retail","HousingClothingSuper","ZoneC","AHP","FCU","3.301532e+04","1","0","0","0","3","1","1",4931,74
"4932","Sendai","Retail","HousingClothingSuper","ZoneC","AB","FCU","4.270894e+04","0","0","0","0","3","1","1",4932,174
"4933","Sendai","Retail","HousingClothingSuper","ZoneC","AB","FCU","2.959690e+04","1","0","0","0","3","1","1",4933,213
"4934","Sendai","Retail","LargeDepartment","ZoneC","EHP","MUL","3.918333e+03","0","0","0","0","3","1","1",4934,189
"4935","Sendai","Retail","LargeDepartment","ZoneC","ABCH","FCU","7.193167e+04","0","0","0","0","3","1","1",4935,98
"4936","Sendai","Retail","LargeGeneral","ZoneC","EHP","MUL","8.406224e+03","0","0","0","0","3","1","1",4936,56
"4937","Sendai","Retail","LargeGeneral","ZoneC","ABCH","FCU","6.897206e+04","0","0","0","0","3","1","1",4937,167
"4938","Sendai","Retail","LargeGeneral","ZoneC","ABCH","FCU","5.324695e+04","1","0","0","0","3","1","1",4938,193
"4939","Sendai","Retail","LargeGeneral","ZoneC","ABCH","FCU","3.210012e+04","1","0","0","1","3","1","1",4939,285
"4940","Sendai","Retail","LargeGrocery","ZoneC","EHP","MUL","2.139607e+05","0","0","0","0","3","1","1",4940,92
"4941","Sendai","Retail","LargeGrocery","ZoneC","EHP","MUL","1.219213e+05","1","0","0","0","3","1","1",4941,183
"4942","Sendai","Retail","LargeGrocery","ZoneC","GHP","MUL","1.915640e+02","0","0","0","0","3","1","1",4942,225
"4943","Sendai","Retail","LargeGrocery","ZoneC","ABCH","FCU","5.606670e+04","0","0","0","0","3","1","1",4943,122
"4944","Sendai","Retail","LargeGrocery","ZoneC","ABCH","FCU","3.722517e+04","1","0","0","0","3","1","1",4944,171
"4945","Sendai","Retail","MediumDepartment","ZoneC","EHP","MUL","3.776928e+04","0","0","0","0","3","1","1",4945,62
"4946","Sendai","Retail","MediumDepartment","ZoneC","ABCH","FCU","1.024997e+05","0","0","0","0","3","1","1",4946,41
"4947","Sendai","Retail","MediumDepartment","ZoneC","ABCH","FCU","7.339292e+04","1","0","0","0","3","1","1",4947,81
"4948","Sendai","Retail","MediumDepartment","ZoneC","ABCH","OHUFCU","3.978247e+04","0","0","0","0","3","1","1",4948,313
"4949","Sendai","Retail","MediumDepartment","ZoneC","ABCH","OHUFCU","3.189611e+04","1","0","0","0","3","1","1",4949,316
"4950","Sendai","Retail","MediumGeneral","ZoneC","EHP","MUL","5.195227e+04","0","0","0","0","3","1","1",4950,262
"4951","Sendai","Retail","MediumGeneral","ZoneC","EHP","MUL","3.450631e+04","1","0","0","0","3","1","1",4951,80
"4952","Sendai","Retail","MediumGeneral","ZoneC","GHP","MUL","8.220005e+01","0","0","0","0","3","1","1",4952,382
"4953","Sendai","Retail","MediumGeneral","ZoneC","ABCH","FCU","1.847622e+05","0","0","0","0","3","1","1",4953,153
"4954","Sendai","Retail","MediumGeneral","ZoneC","ABCH","FCU","1.322953e+05","1","0","0","0","3","1","1",4954,167
"4955","Sendai","Retail","MediumGeneral","ZoneC","ABCH","FCU","2.990622e+04","1","0","0","1","3","1","1",4955,305
"4956","Sendai","Retail","MediumGeneral","ZoneC","ABCH","OHUFCU","7.847442e+04","0","0","0","0","3","1","1",4956,237
"4957","Sendai","Retail","MediumGeneral","ZoneC","ABCH","OHUFCU","6.291788e+04","1","0","0","0","3","1","1",4957,373
"4958","Sendai","Retail","MediumGeneral","ZoneC","COM","FCU","4.538037e+04","0","0","0","0","3","1","1",4958,67
"4959","Sendai","Retail","MediumGeneral","ZoneC","COM","FCU","3.352377e+04","1","0","0","0","3","1","1",4959,278
"4960","Sendai","Retail","MediumGrocery","ZoneC","EHP","MUL","2.317907e+05","0","0","0","0","3","1","1",4960,57
"4961","Sendai","Retail","MediumGrocery","ZoneC","EHP","MUL","1.320814e+05","1","0","0","0","3","1","1",4961,162
"4962","Sendai","Retail","MediumGrocery","ZoneC","GHP","MUL","2.075276e+02","0","0","0","0","3","1","1",4962,257
"4963","Sendai","Retail","MediumGrocery","ZoneC","ABCH","FCU","6.073892e+04","0","0","0","0","3","1","1",4963,168
"4964","Sendai","Retail","MediumGrocery","ZoneC","ABCH","FCU","4.032727e+04","1","0","0","0","3","1","1",4964,208
"4965","Sendai","Retail","SmallGeneral","ZoneC","EHP","MUL","4.113180e+05","0","0","0","0","3","1","1",4965,308
"4966","Sendai","Retail","SmallGeneral","ZoneC","EHP","MUL","2.468603e+05","1","0","0","0","3","1","1",4966,5
"4967","Sendai","Retail","SmallGeneral","ZoneC","GHP","MUL","4.376918e+02","0","0","0","0","3","1","1",4967,270
"4968","Sendai","Retail","SmallGeneral","ZoneC","ABCH","FCU","2.313571e+05","0","0","0","0","3","1","1",4968,93
"4969","Sendai","Retail","SmallGeneral","ZoneC","ABCH","FCU","1.554771e+05","1","0","0","0","3","1","1",4969,322
"4970","Sendai","Retail","SmallGeneral","ZoneC","ABCH","OHUFCU","8.788344e+04","0","0","0","0","3","1","1",4970,145
"4971","Sendai","Retail","SmallGeneral","ZoneC","ABCH","OHUFCU","6.584460e+04","1","0","0","0","3","1","1",4971,186
"4972","Sendai","Retail","SmallGrocery","ZoneC","EHP","MUL","2.849543e+05","0","0","0","0","3","1","1",4972,30
"4973","Sendai","Retail","SmallGrocery","ZoneC","EHP","MUL","1.538514e+05","1","0","0","0","3","1","1",4973,106
"4974","Sendai","Retail","SmallGrocery","ZoneC","GHP","MUL","2.352541e+02","0","0","0","0","3","1","1",4974,15
"4975","Sendai","Retail","SpecialityShop","ZoneC","EHP","MUL","1.759386e+06","0","0","0","0","3","1","1",4975,156
"4976","Sendai","Retail","SpecialityShop","ZoneC","EHP","MUL","8.197230e+05","1","0","0","0","3","1","1",4976,258
"4977","Sendai","Retail","SpecialityShop","ZoneC","GHP","MUL","1.294742e+03","0","0","0","0","3","1","1",4977,93
"4978","Sendai","Retail","SuperDrugStore","ZoneC","EHP","MUL","1.301144e+05","0","0","0","0","3","1","1",4978,254
"4979","Sendai","Retail","SuperDrugStore","ZoneC","EHP","MUL","7.414316e+04","1","0","0","0","3","1","1",4979,116
"4980","Sendai","Retail","SuperDrugStore","ZoneC","GHP","MUL","1.164944e+02","0","0","0","0","3","1","1",4980,175
"4981","Tokyo","Retail","ConvenienceDrug","ZoneC","EHP","MUL","9.710946e+05","0","0","0","0","1","1","1",4981,181
"4982","Tokyo","Retail","ConvenienceDrug","ZoneC","EHP","MUL","4.973006e+05","1","0","0","0","1","1","1",4982,207
"4983","Tokyo","Retail","ConvenienceDrug","ZoneC","EHP","MUL","1.783942e+05","0","0","0","0","2","1","1",4983,215
"4984","Tokyo","Retail","ConvenienceDrug","ZoneC","EHP","MUL","9.135624e+04","1","0","0","0","2","1","1",4984,313
"4985","Tokyo","Retail","ConvenienceDrug","ZoneC","GHP","MUL","9.178106e+02","0","0","0","0","1","1","1",4985,327
"4986","Tokyo","Retail","ConvenienceDrug","ZoneC","GHP","MUL","1.686057e+02","0","0","0","0","2","1","1",4986,10
"4987","Tokyo","Retail","ConvenienceDrug","ZoneC","ABCH","FCU","6.022832e+04","0","0","0","0","1","1","1",4987,296
"4988","Tokyo","Retail","ConvenienceStore","ZoneC","EHP","MUL","1.071034e+06","0","0","0","0","1","1","1",4988,101
"4989","Tokyo","Retail","ConvenienceStore","ZoneC","EHP","MUL","4.989025e+05","1","0","0","0","1","1","1",4989,22
"4990","Tokyo","Retail","ConvenienceStore","ZoneC","EHP","MUL","1.890061e+05","0","0","0","0","2","1","1",4990,314
"4991","Tokyo","Retail","ConvenienceStore","ZoneC","EHP","MUL","8.804161e+04","1","0","0","0","2","1","1",4991,29
"4992","Tokyo","Retail","ConvenienceStore","ZoneC","GHP","MUL","7.918156e+02","0","0","0","0","1","1","1",4992,236
"4993","Tokyo","Retail","ConvenienceStore","ZoneC","GHP","MUL","1.397322e+02","0","0","0","0","2","1","1",4993,213
"4994","Tokyo","Retail","HomeCenter","ZoneC","EHP","MUL","8.687743e+05","0","0","0","0","1","1","1",4994,146
"4995","Tokyo","Retail","HomeCenter","ZoneC","EHP","MUL","5.168601e+05","1","0","0","0","1","1","1",4995,233
"4996","Tokyo","Retail","HomeCenter","ZoneC","EHP","MUL","4.475504e+05","0","0","0","0","2","1","1",4996,168
"4997","Tokyo","Retail","HomeCenter","ZoneC","EHP","MUL","2.662613e+05","1","0","0","0","2","1","1",4997,202
"4998","Tokyo","Retail","HomeCenter","ZoneC","GHP","MUL","1.070647e+03","0","0","0","0","1","1","1",4998,41
"4999","Tokyo","Retail","HomeCenter","ZoneC","GHP","MUL","5.515457e+02","0","0","0","0","2","1","1",4999,83
"5000","Tokyo","Retail","HomeCenter","ZoneC","ABCH","CAV","6.599727e+04","0","0","0","0","1","1","1",5000,78
"5001","Tokyo","Retail","HomeCenter","ZoneC","ABCH","CAV","3.470847e+04","1","0","0","0","1","1","1",5001,254
"5002","Tokyo","Retail","HomeCenter","ZoneC","ABCH","CAV","5.933700e+04","0","0","0","0","2","1","1",5002,220
"5003","Tokyo","Retail","HomeCenter","ZoneC","ABCH","VAV","1.116424e+05","1","0","0","0","1","1","1",5003,268
"5004","Tokyo","Retail","HomeCenter","ZoneC","ABCH","VAV","6.578102e+04","1","0","0","0","2","1","1",5004,251
"5005","Tokyo","Retail","HomeCenter","ZoneC","ABCH","FCU","3.365587e+05","0","0","0","0","1","1","1",5005,385
"5006","Tokyo","Retail","HomeCenter","ZoneC","ABCH","FCU","2.002290e+05","1","0","0","0","1","1","1",5006,118
"5007","Tokyo","Retail","HomeCenter","ZoneC","ABCH","FCU","1.983043e+05","0","0","0","0","2","1","1",5007,376
"5008","Tokyo","Retail","HomeCenter","ZoneC","ABCH","FCU","1.179772e+05","1","0","0","0","2","1","1",5008,229
"5009","Tokyo","Retail","HomeCenter","ZoneC","ABCH","OHUFCU","1.505938e+05","0","0","0","0","1","1","1",5009,141
"5010","Tokyo","Retail","HomeCenter","ZoneC","ABCH","OHUFCU","1.015673e+05","1","0","0","0","1","1","1",5010,252
"5011","Tokyo","Retail","HomeCenter","ZoneC","ABCH","OHUFCU","8.873165e+04","0","0","0","0","2","1","1",5011,398
"5012","Tokyo","Retail","HomeCenter","ZoneC","ABCH","OHUFCU","5.984467e+04","1","0","0","0","2","1","1",5012,390
"5013","Tokyo","Retail","HomeCenter","ZoneC","AHP","FCU","6.395359e+04","0","0","0","0","1","1","1",5013,322
"5014","Tokyo","Retail","HomeCenter","ZoneC","COM","FCU","4.663014e+04","0","0","0","0","1","1","1",5014,114
"5015","Tokyo","Retail","HomeCenter","ZoneC","COM","FCU","3.336658e+04","1","0","0","0","1","1","1",5015,28
"5016","Tokyo","Retail","HousingClothingSuper","ZoneC","EHP","MUL","1.849884e+06","0","0","0","0","1","1","1",5016,61
"5017","Tokyo","Retail","HousingClothingSuper","ZoneC","EHP","MUL","1.100552e+06","1","0","0","0","1","1","1",5017,88
"5018","Tokyo","Retail","HousingClothingSuper","ZoneC","EHP","MUL","3.643558e+04","1","0","0","1","1","1","1",5018,84
"5019","Tokyo","Retail","HousingClothingSuper","ZoneC","EHP","MUL","9.647391e+05","0","0","0","0","2","1","1",5019,188
"5020","Tokyo","Retail","HousingClothingSuper","ZoneC","EHP","MUL","5.739525e+05","1","0","0","0","2","1","1",5020,82
"5021","Tokyo","Retail","HousingClothingSuper","ZoneC","GHP","MUL","2.307886e+03","0","0","0","0","1","1","1",5021,344
"5022","Tokyo","Retail","HousingClothingSuper","ZoneC","GHP","MUL","1.188911e+03","0","0","0","0","2","1","1",5022,338
"5023","Tokyo","Retail","HousingClothingSuper","ZoneC","ABCH","CAV","1.094910e+05","0","0","0","0","1","1","1",5023,161
"5024","Tokyo","Retail","HousingClothingSuper","ZoneC","ABCH","CAV","5.758214e+04","1","0","0","0","1","1","1",5024,151
"5025","Tokyo","Retail","HousingClothingSuper","ZoneC","ABCH","CAV","3.602959e+04","0","1","0","0","1","1","1",5025,330
"5026","Tokyo","Retail","HousingClothingSuper","ZoneC","ABCH","CAV","7.328733e+04","0","0","0","0","2","1","1",5026,171
"5027","Tokyo","Retail","HousingClothingSuper","ZoneC","ABCH","CAV","3.854236e+04","1","0","0","0","2","1","1",5027,362
"5028","Tokyo","Retail","HousingClothingSuper","ZoneC","ABCH","VAV","5.539040e+04","0","0","0","0","1","1","1",5028,93
"5029","Tokyo","Retail","HousingClothingSuper","ZoneC","ABCH","VAV","1.697693e+05","1","0","0","0","1","1","1",5029,250
"5030","Tokyo","Retail","HousingClothingSuper","ZoneC","ABCH","VAV","3.049832e+04","0","0","0","0","2","1","1",5030,1
"5031","Tokyo","Retail","HousingClothingSuper","ZoneC","ABCH","VAV","9.347612e+04","1","0","0","0","2","1","1",5031,324
"5032","Tokyo","Retail","HousingClothingSuper","ZoneC","ABCH","FCU","6.787695e+05","0","0","0","0","1","1","1",5032,90
"5033","Tokyo","Retail","HousingClothingSuper","ZoneC","ABCH","FCU","4.038205e+05","1","0","0","0","1","1","1",5033,343
"5034","Tokyo","Retail","HousingClothingSuper","ZoneC","ABCH","FCU","3.737350e+05","0","0","0","0","2","1","1",5034,227
"5035","Tokyo","Retail","HousingClothingSuper","ZoneC","ABCH","FCU","2.223462e+05","1","0","0","0","2","1","1",5035,367
"5036","Tokyo","Retail","HousingClothingSuper","ZoneC","ABCH","OHUFCU","3.037167e+05","0","0","0","0","1","1","1",5036,300
"5037","Tokyo","Retail","HousingClothingSuper","ZoneC","ABCH","OHUFCU","2.048404e+05","1","0","0","0","1","1","1",5037,290
"5038","Tokyo","Retail","HousingClothingSuper","ZoneC","ABCH","OHUFCU","1.672284e+05","0","0","0","0","2","1","1",5038,244
"5039","Tokyo","Retail","HousingClothingSuper","ZoneC","ABCH","OHUFCU","1.127865e+05","1","0","0","0","2","1","1",5039,58
"5040","Tokyo","Retail","HousingClothingSuper","ZoneC","AHP","FCU","7.518321e+04","0","0","0","0","1","1","1",5040,140
"5041","Tokyo","Retail","HousingClothingSuper","ZoneC","AHP","FCU","5.379798e+04","1","0","0","0","1","1","1",5041,349
"5042","Tokyo","Retail","HousingClothingSuper","ZoneC","AHP","FCU","4.139638e+04","0","0","0","0","2","1","1",5042,229
"5043","Tokyo","Retail","HousingClothingSuper","ZoneC","AHP","FCU","2.962152e+04","1","0","0","0","2","1","1",5043,183
"5044","Tokyo","Retail","HousingClothingSuper","ZoneC","COM","FCU","9.404336e+04","0","0","0","0","1","1","1",5044,349
"5045","Tokyo","Retail","HousingClothingSuper","ZoneC","COM","FCU","6.729352e+04","1","0","0","0","1","1","1",5045,52
"5046","Tokyo","Retail","HousingClothingSuper","ZoneC","COM","FCU","5.178090e+04","0","0","0","0","2","1","1",5046,33
"5047","Tokyo","Retail","HousingClothingSuper","ZoneC","COM","FCU","3.705226e+04","1","0","0","0","2","1","1",5047,184
"5048","Tokyo","Retail","HousingClothingSuper","ZoneC","AHP+TESICE","FCU","4.066816e+04","0","0","0","0","1","1","1",5048,84
"5049","Tokyo","Retail","HousingClothingSuper","ZoneC","AHP+TESICE","FCU","2.910044e+04","1","0","0","0","1","1","1",5049,269
"5050","Tokyo","Retail","HousingClothingSuper","ZoneC","COM+TESICE","FCU","5.199329e+04","0","0","0","0","1","1","1",5050,180
"5051","Tokyo","Retail","HousingClothingSuper","ZoneC","COM+TESICE","FCU","3.720424e+04","1","0","0","0","1","1","1",5051,207
"5052","Tokyo","Retail","LargeDepartment","ZoneC","EHP","MUL","2.243096e+04","0","0","0","0","3","1","1",5052,111
"5053","Tokyo","Retail","LargeDepartment","ZoneC","ABCH","FCU","1.021823e+05","0","0","0","0","3","1","1",5053,388
"5054","Tokyo","Retail","LargeDepartment","ZoneC","ABCH","FCU","7.836166e+04","1","0","0","0","3","1","1",5054,368
"5055","Tokyo","Retail","LargeDepartment","ZoneC","ABCH","OHUFCU","8.626888e+04","0","0","0","0","3","1","1",5055,262
"5056","Tokyo","Retail","LargeDepartment","ZoneC","COM","FCU","5.535259e+04","0","0","0","0","3","1","1",5056,158
"5057","Tokyo","Retail","LargeDepartment","ZoneC","COM","FCU","4.391717e+04","1","0","0","0","3","1","1",5057,341
"5058","Tokyo","Retail","LargeDepartment","ZoneC","COM+TESICE","FCU","6.694589e+04","0","0","0","0","3","1","1",5058,207
"5059","Tokyo","Retail","LargeGeneral","ZoneC","EHP","MUL","3.949999e+04","0","0","0","0","3","1","1",5059,209
"5060","Tokyo","Retail","LargeGeneral","ZoneC","ABCH","VAV","6.418291e+04","1","0","0","1","3","1","1",5060,136
"5061","Tokyo","Retail","LargeGeneral","ZoneC","ABCH","FCU","1.391454e+05","0","0","0","0","3","1","1",5061,247
"5062","Tokyo","Retail","LargeGeneral","ZoneC","ABCH","FCU","9.811385e+04","1","0","0","0","3","1","1",5062,280
"5063","Tokyo","Retail","LargeGeneral","ZoneC","ABCH","FCU","3.724049e+04","1","0","0","1","3","1","1",5063,358
"5064","Tokyo","Retail","LargeGeneral","ZoneC","ABCH","OHUFCU","5.212218e+04","0","0","0","0","3","1","1",5064,88
"5065","Tokyo","Retail","LargeGeneral","ZoneC","ABCH","OHUFCU","4.110401e+04","1","0","0","0","3","1","1",5065,21
"5066","Tokyo","Retail","LargeGeneral","ZoneC","ABCH","OHUFCU","3.793737e+04","1","0","0","1","3","1","1",5066,195
"5067","Tokyo","Retail","LargeGeneral","ZoneC","COM","FCU","7.527614e+04","0","0","0","0","3","1","1",5067,210
"5068","Tokyo","Retail","LargeGeneral","ZoneC","COM","FCU","5.972466e+04","1","0","0","0","3","1","1",5068,133
"5069","Tokyo","Retail","LargeGeneral","ZoneC","COM","FCU","3.980910e+04","1","0","0","1","3","1","1",5069,282
"5070","Tokyo","Retail","LargeGeneral","ZoneC","COM+TESICE","FCU","6.573459e+04","0","0","0","0","3","1","1",5070,267
"5071","Tokyo","Retail","LargeGeneral","ZoneC","COM+TESICE","FCU","5.215433e+04","1","0","0","0","3","1","1",5071,290
"5072","Tokyo","Retail","LargeGrocery","ZoneC","EHP","MUL","5.566209e+05","0","0","0","0","1","1","1",5072,200
"5073","Tokyo","Retail","LargeGrocery","ZoneC","EHP","MUL","3.127460e+05","1","0","0","0","1","1","1",5073,176
"5074","Tokyo","Retail","LargeGrocery","ZoneC","EHP","MUL","2.867441e+05","0","0","0","0","2","1","1",5074,286
"5075","Tokyo","Retail","LargeGrocery","ZoneC","EHP","MUL","1.611116e+05","1","0","0","0","2","1","1",5075,78
"5076","Tokyo","Retail","LargeGrocery","ZoneC","GHP","MUL","6.309554e+02","0","0","0","0","1","1","1",5076,21
"5077","Tokyo","Retail","LargeGrocery","ZoneC","GHP","MUL","3.250376e+02","0","0","0","0","2","1","1",5077,292
"5078","Tokyo","Retail","LargeGrocery","ZoneC","ABCH","FCU","9.800518e+04","0","0","0","0","1","1","1",5078,11
"5079","Tokyo","Retail","LargeGrocery","ZoneC","ABCH","FCU","6.487952e+04","1","0","0","0","1","1","1",5079,231
"5080","Tokyo","Retail","LargeGrocery","ZoneC","ABCH","FCU","7.329838e+04","0","0","0","0","2","1","1",5080,246
"5081","Tokyo","Retail","LargeGrocery","ZoneC","ABCH","FCU","5.008668e+04","1","0","0","0","2","1","1",5081,20
"5082","Tokyo","Retail","LargeGrocery","ZoneC","ABCH","OHUFCU","4.426985e+04","0","0","0","0","1","1","1",5082,168
"5083","Tokyo","Retail","LargeGrocery","ZoneC","ABCH","OHUFCU","3.235762e+04","1","0","0","0","1","1","1",5083,266
"5084","Tokyo","Retail","MediumDepartment","ZoneC","EHP","MUL","1.491140e+05","0","0","0","0","3","1","1",5084,316
"5085","Tokyo","Retail","MediumDepartment","ZoneC","EHP","MUL","9.904795e+04","1","0","0","0","3","1","1",5085,86
"5086","Tokyo","Retail","MediumDepartment","ZoneC","GHP","MUL","2.131974e+02","0","0","0","0","3","1","1",5086,219
"5087","Tokyo","Retail","MediumDepartment","ZoneC","ABCH","CAV","5.151523e+04","0","0","0","0","3","1","1",5087,295
"5088","Tokyo","Retail","MediumDepartment","ZoneC","ABCH","CAV","5.421880e+04","0","1","0","0","3","1","1",5088,121
"5089","Tokyo","Retail","MediumDepartment","ZoneC","ABCH","VAV","7.222271e+04","1","0","0","0","3","1","1",5089,262
"5090","Tokyo","Retail","MediumDepartment","ZoneC","ABCH","VAV","5.022274e+04","1","0","0","1","3","1","1",5090,331
"5091","Tokyo","Retail","MediumDepartment","ZoneC","ABCH","FCU","3.126734e+05","0","0","0","0","3","1","1",5091,350
"5092","Tokyo","Retail","MediumDepartment","ZoneC","ABCH","FCU","2.076911e+05","1","0","0","0","3","1","1",5092,112
"5093","Tokyo","Retail","MediumDepartment","ZoneC","ABCH","FCU","3.075629e+04","1","0","0","1","3","1","1",5093,68
"5094","Tokyo","Retail","MediumDepartment","ZoneC","ABCH","OHUFCU","1.275013e+05","0","0","0","0","3","1","1",5094,34
"5095","Tokyo","Retail","MediumDepartment","ZoneC","ABCH","OHUFCU","9.573623e+04","1","0","0","0","3","1","1",5095,272
"5096","Tokyo","Retail","MediumDepartment","ZoneC","ABCH","OHUFCU","3.681075e+04","1","0","0","1","3","1","1",5096,243
"5097","Tokyo","Retail","MediumDepartment","ZoneC","COM","FCU","8.774200e+04","0","0","0","0","3","1","1",5097,76
"5098","Tokyo","Retail","MediumDepartment","ZoneC","COM","FCU","6.530879e+04","1","0","0","0","3","1","1",5098,387
"5099","Tokyo","Retail","MediumDepartment","ZoneC","COM","OHUFCU","7.221755e+04","0","0","0","0","3","1","1",5099,284
"5100","Tokyo","Retail","MediumDepartment","ZoneC","AHP+TESICE","FCU","6.173041e+04","0","0","0","0","3","1","1",5100,89
"5101","Tokyo","Retail","MediumDepartment","ZoneC","COM+TESICE","FCU","7.833562e+04","0","0","0","0","3","1","1",5101,267
"5102","Tokyo","Retail","MediumDepartment","ZoneC","COM+TESICE","FCU","6.033707e+04","1","0","0","0","3","1","1",5102,377
"5103","Tokyo","Retail","MediumGeneral","ZoneC","EHP","MUL","2.172637e+05","0","0","0","0","3","1","1",5103,347
"5104","Tokyo","Retail","MediumGeneral","ZoneC","EHP","MUL","1.443159e+05","1","0","0","0","3","1","1",5104,23
"5105","Tokyo","Retail","MediumGeneral","ZoneC","GHP","MUL","3.106352e+02","0","0","0","0","3","1","1",5105,223
"5106","Tokyo","Retail","MediumGeneral","ZoneC","ABCH","CAV","7.296148e+04","0","0","0","0","3","1","1",5106,28
"5107","Tokyo","Retail","MediumGeneral","ZoneC","ABCH","CAV","7.679057e+04","0","1","0","0","3","1","1",5107,216
"5108","Tokyo","Retail","MediumGeneral","ZoneC","ABCH","VAV","1.022897e+05","1","0","0","0","3","1","1",5108,11
"5109","Tokyo","Retail","MediumGeneral","ZoneC","ABCH","VAV","7.113092e+04","1","0","0","1","3","1","1",5109,326
"5110","Tokyo","Retail","MediumGeneral","ZoneC","ABCH","FCU","4.227085e+05","0","0","0","0","3","1","1",5110,127
"5111","Tokyo","Retail","MediumGeneral","ZoneC","ABCH","FCU","2.807812e+05","1","0","0","0","3","1","1",5111,12
"5112","Tokyo","Retail","MediumGeneral","ZoneC","ABCH","FCU","4.157995e+04","1","0","0","1","3","1","1",5112,382
"5113","Tokyo","Retail","MediumGeneral","ZoneC","ABCH","FCU","3.548763e+04","0","1","0","0","3","1","1",5113,89
"5114","Tokyo","Retail","MediumGeneral","ZoneC","ABCH","OHUFCU","1.805812e+05","0","0","0","0","3","1","1",5114,290
"5115","Tokyo","Retail","MediumGeneral","ZoneC","ABCH","OHUFCU","1.355921e+05","1","0","0","0","3","1","1",5115,3
"5116","Tokyo","Retail","MediumGeneral","ZoneC","ABCH","OHUFCU","5.213539e+04","1","0","0","1","3","1","1",5116,329
"5117","Tokyo","Retail","MediumGeneral","ZoneC","AB","FCU","5.965819e+04","0","0","0","0","3","1","1",5117,23
"5118","Tokyo","Retail","MediumGeneral","ZoneC","COM","FCU","1.242698e+05","0","0","0","0","3","1","1",5118,79
"5119","Tokyo","Retail","MediumGeneral","ZoneC","COM","FCU","9.249742e+04","1","0","0","0","3","1","1",5119,133
"5120","Tokyo","Retail","MediumGeneral","ZoneC","COM","OHUFCU","5.583035e+04","0","0","0","0","3","1","1",5120,131
"5121","Tokyo","Retail","MediumGeneral","ZoneC","COM","OHUFCU","4.645202e+04","1","0","0","0","3","1","1",5121,227
"5122","Tokyo","Retail","MediumGeneral","ZoneC","AHP+TESICE","FCU","4.938847e+04","0","0","0","0","3","1","1",5122,44
"5123","Tokyo","Retail","MediumGeneral","ZoneC","AHP+TESICE","FCU","3.804087e+04","1","0","0","0","3","1","1",5123,244
"5124","Tokyo","Retail","MediumGeneral","ZoneC","COM+TESICE","FCU","1.109474e+05","0","0","0","0","3","1","1",5124,318
"5125","Tokyo","Retail","MediumGeneral","ZoneC","COM+TESICE","FCU","8.545593e+04","1","0","0","0","3","1","1",5125,265
"5126","Tokyo","Retail","MediumGrocery","ZoneC","EHP","MUL","6.030060e+05","0","0","0","0","1","1","1",5126,229
"5127","Tokyo","Retail","MediumGrocery","ZoneC","EHP","MUL","3.388081e+05","1","0","0","0","1","1","1",5127,109
"5128","Tokyo","Retail","MediumGrocery","ZoneC","EHP","MUL","3.106395e+05","0","0","0","0","2","1","1",5128,189
"5129","Tokyo","Retail","MediumGrocery","ZoneC","EHP","MUL","1.745375e+05","1","0","0","0","2","1","1",5129,97
"5130","Tokyo","Retail","MediumGrocery","ZoneC","GHP","MUL","6.835351e+02","0","0","0","0","1","1","1",5130,387
"5131","Tokyo","Retail","MediumGrocery","ZoneC","GHP","MUL","3.521241e+02","0","0","0","0","2","1","1",5131,9
"5132","Tokyo","Retail","MediumGrocery","ZoneC","ABCH","FCU","1.061723e+05","0","0","0","0","1","1","1",5132,157
"5133","Tokyo","Retail","MediumGrocery","ZoneC","ABCH","FCU","7.028615e+04","1","0","0","0","1","1","1",5133,113
"5134","Tokyo","Retail","MediumGrocery","ZoneC","ABCH","FCU","7.940658e+04","0","0","0","0","2","1","1",5134,315
"5135","Tokyo","Retail","MediumGrocery","ZoneC","ABCH","FCU","5.426057e+04","1","0","0","0","2","1","1",5135,111
"5136","Tokyo","Retail","MediumGrocery","ZoneC","ABCH","OHUFCU","4.795900e+04","0","0","0","0","1","1","1",5136,75
"5137","Tokyo","Retail","MediumGrocery","ZoneC","ABCH","OHUFCU","3.505409e+04","1","0","0","0","1","1","1",5137,63
"5138","Tokyo","Retail","SmallGeneral","ZoneC","EHP","MUL","9.653967e+05","0","0","0","0","1","1","1",5138,394
"5139","Tokyo","Retail","SmallGeneral","ZoneC","EHP","MUL","5.743437e+05","1","0","0","0","1","1","1",5139,343
"5140","Tokyo","Retail","SmallGeneral","ZoneC","EHP","MUL","4.973256e+05","0","0","0","0","2","1","1",5140,322
"5141","Tokyo","Retail","SmallGeneral","ZoneC","EHP","MUL","2.958740e+05","1","0","0","0","2","1","1",5141,88
"5142","Tokyo","Retail","SmallGeneral","ZoneC","GHP","MUL","1.189722e+03","0","0","0","0","1","1","1",5142,114
"5143","Tokyo","Retail","SmallGeneral","ZoneC","GHP","MUL","6.128869e+02","0","0","0","0","2","1","1",5143,336
"5144","Tokyo","Retail","SmallGeneral","ZoneC","ABCH","CAV","7.333728e+04","0","0","0","0","1","1","1",5144,163
"5145","Tokyo","Retail","SmallGeneral","ZoneC","ABCH","CAV","3.856864e+04","1","0","0","0","1","1","1",5145,236
"5146","Tokyo","Retail","SmallGeneral","ZoneC","ABCH","CAV","6.593628e+04","0","0","0","0","2","1","1",5146,329
"5147","Tokyo","Retail","SmallGeneral","ZoneC","ABCH","VAV","3.051911e+04","0","0","0","0","1","1","1",5147,325
"5148","Tokyo","Retail","SmallGeneral","ZoneC","ABCH","VAV","9.353984e+04","1","0","0","0","1","1","1",5148,139
"5149","Tokyo","Retail","SmallGeneral","ZoneC","ABCH","VAV","7.309698e+04","1","0","0","0","2","1","1",5149,85
"5150","Tokyo","Retail","SmallGeneral","ZoneC","ABCH","FCU","3.739897e+05","0","0","0","0","1","1","1",5150,97
"5151","Tokyo","Retail","SmallGeneral","ZoneC","ABCH","FCU","2.224978e+05","1","0","0","0","1","1","1",5151,148
"5152","Tokyo","Retail","SmallGeneral","ZoneC","ABCH","FCU","2.203591e+05","0","0","0","0","2","1","1",5152,187
"5153","Tokyo","Retail","SmallGeneral","ZoneC","ABCH","FCU","1.310983e+05","1","0","0","0","2","1","1",5153,266
"5154","Tokyo","Retail","SmallGeneral","ZoneC","ABCH","OHUFCU","1.673424e+05","0","0","0","0","1","1","1",5154,91
"5155","Tokyo","Retail","SmallGeneral","ZoneC","ABCH","OHUFCU","1.128634e+05","1","0","0","0","1","1","1",5155,34
"5156","Tokyo","Retail","SmallGeneral","ZoneC","ABCH","OHUFCU","9.860011e+04","0","0","0","0","2","1","1",5156,174
"5157","Tokyo","Retail","SmallGeneral","ZoneC","ABCH","OHUFCU","6.650041e+04","1","0","0","0","2","1","1",5157,102
"5158","Tokyo","Retail","SmallGeneral","ZoneC","AHP","FCU","4.142459e+04","0","0","0","0","1","1","1",5158,105
"5159","Tokyo","Retail","SmallGeneral","ZoneC","AHP","FCU","2.964172e+04","1","0","0","0","1","1","1",5159,203
"5160","Tokyo","Retail","SmallGeneral","ZoneC","COM","FCU","5.181620e+04","0","0","0","0","1","1","1",5160,229
"5161","Tokyo","Retail","SmallGeneral","ZoneC","COM","FCU","3.707751e+04","1","0","0","0","1","1","1",5161,21
"5162","Tokyo","Retail","SmallGrocery","ZoneC","EHP","MUL","8.687827e+05","0","0","0","0","1","1","1",5162,11
"5163","Tokyo","Retail","SmallGrocery","ZoneC","EHP","MUL","4.610769e+05","1","0","0","0","1","1","1",5163,45
"5164","Tokyo","Retail","SmallGrocery","ZoneC","EHP","MUL","1.683222e+05","0","0","0","0","2","1","1",5164,286
"5165","Tokyo","Retail","SmallGrocery","ZoneC","EHP","MUL","8.933129e+04","1","0","0","0","2","1","1",5165,24
"5166","Tokyo","Retail","SmallGrocery","ZoneC","GHP","MUL","9.818201e+02","0","0","0","0","1","1","1",5166,71
"5167","Tokyo","Retail","SmallGrocery","ZoneC","GHP","MUL","1.902226e+02","0","0","0","0","2","1","1",5167,342
"5168","Tokyo","Retail","SmallGrocery","ZoneC","ABCH","FCU","7.898037e+04","0","0","0","0","1","1","1",5168,107
"5169","Tokyo","Retail","SmallGrocery","ZoneC","ABCH","FCU","5.129268e+04","1","0","0","0","1","1","1",5169,387
"5170","Tokyo","Retail","SpecialityShop","ZoneC","EHP","MUL","4.643095e+06","0","0","0","0","1","1","1",5170,348
"5171","Tokyo","Retail","SpecialityShop","ZoneC","EHP","MUL","2.162817e+06","1","0","0","0","1","1","1",5171,398
"5172","Tokyo","Retail","SpecialityShop","ZoneC","EHP","MUL","8.193697e+05","0","0","0","0","2","1","1",5172,367
"5173","Tokyo","Retail","SpecialityShop","ZoneC","EHP","MUL","3.816736e+05","1","0","0","0","2","1","1",5173,38
"5174","Tokyo","Retail","SpecialityShop","ZoneC","GHP","MUL","3.432640e+03","0","0","0","0","1","1","1",5174,394
"5175","Tokyo","Retail","SpecialityShop","ZoneC","GHP","MUL","6.057600e+02","0","0","0","0","2","1","1",5175,144
"5176","Tokyo","Retail","SuperDrugStore","ZoneC","EHP","MUL","1.677753e+05","0","0","0","0","1","1","1",5176,203
"5177","Tokyo","Retail","SuperDrugStore","ZoneC","EHP","MUL","9.426713e+04","1","0","0","0","1","1","1",5177,298
"5178","Tokyo","Retail","SuperDrugStore","ZoneC","EHP","MUL","1.102240e+05","0","0","0","0","2","1","1",5178,8
"5179","Tokyo","Retail","SuperDrugStore","ZoneC","EHP","MUL","6.193103e+04","1","0","0","0","2","1","1",5179,313
"5180","Tokyo","Retail","SuperDrugStore","ZoneC","GHP","MUL","1.901811e+02","0","0","0","0","1","1","1",5180,282
"5181","Tokyo","Retail","SuperDrugStore","ZoneC","GHP","MUL","1.249440e+02","0","0","0","0","2","1","1",5181,154
"5182","Tokyo","Retail","SuperDrugStore","ZoneC","ABCH","FCU","4.288723e+04","0","0","0","0","1","1","1",5182,114
"5183","Tokyo","Retail","SuperDrugStore","ZoneC","ABCH","FCU","2.930595e+04","1","0","0","0","1","1","1",5183,52
"5184","Nigata","Retail","ConvenienceDrug","ZoneC","EHP","MUL","2.602645e+05","0","0","0","0","1","1","1",5184,100
"5185","Nigata","Retail","ConvenienceDrug","ZoneC","EHP","MUL","1.351643e+05","1","0","0","0","1","1","1",5185,283
"5186","Nigata","Retail","ConvenienceDrug","ZoneC","EHP","MUL","6.978154e+04","0","0","0","0","2","1","1",5186,34
"5187","Nigata","Retail","ConvenienceDrug","ZoneC","GHP","MUL","1.918718e+02","0","0","0","0","1","1","1",5187,167
"5188","Nigata","Retail","ConvenienceDrug","ZoneC","GHP","MUL","3.385972e+01","0","0","0","0","2","1","1",5188,338
"5189","Nigata","Retail","ConvenienceStore","ZoneC","EHP","MUL","1.422276e+05","0","0","0","0","1","1","1",5189,292
"5190","Nigata","Retail","ConvenienceStore","ZoneC","EHP","MUL","6.636667e+04","1","0","0","0","1","1","1",5190,252
"5191","Nigata","Retail","ConvenienceStore","ZoneC","EHP","MUL","3.682862e+04","0","0","0","0","2","1","1",5191,135
"5192","Nigata","Retail","ConvenienceStore","ZoneC","GHP","MUL","1.012601e+02","0","0","0","0","1","1","1",5192,391
"5193","Nigata","Retail","HomeCenter","ZoneC","EHP","MUL","1.839237e+05","0","0","0","0","1","1","1",5193,138
"5194","Nigata","Retail","HomeCenter","ZoneC","EHP","MUL","1.106932e+05","1","0","0","0","1","1","1",5194,73
"5195","Nigata","Retail","HomeCenter","ZoneC","EHP","MUL","9.474856e+04","0","0","0","0","2","1","1",5195,178
"5196","Nigata","Retail","HomeCenter","ZoneC","EHP","MUL","5.702376e+04","1","0","0","0","2","1","1",5196,233
"5197","Nigata","Retail","HomeCenter","ZoneC","GHP","MUL","1.821521e+02","0","0","0","0","1","1","1",5197,394
"5198","Nigata","Retail","HomeCenter","ZoneC","GHP","MUL","9.383594e+01","0","0","0","0","2","1","1",5198,125
"5199","Nigata","Retail","HomeCenter","ZoneC","ABCH","FCU","9.976082e+04","0","0","0","0","1","1","1",5199,398
"5200","Nigata","Retail","HomeCenter","ZoneC","ABCH","FCU","6.761088e+04","1","0","0","0","1","1","1",5200,169
"5201","Nigata","Retail","HomeCenter","ZoneC","ABCH","FCU","7.102085e+04","0","0","0","0","2","1","1",5201,20
"5202","Nigata","Retail","HomeCenter","ZoneC","ABCH","FCU","4.963319e+04","1","0","0","0","2","1","1",5202,227
"5203","Nigata","Retail","HomeCenter","ZoneC","ABCH","OHUFCU","3.808033e+04","0","0","0","0","1","1","1",5203,349
"5204","Nigata","Retail","HomeCenter","ZoneC","ABCH","OHUFCU","2.875877e+04","1","0","0","0","1","1","1",5204,216
"5205","Nigata","Retail","HousingClothingSuper","ZoneC","EHP","MUL","3.921677e+05","0","0","0","0","1","1","1",5205,173
"5206","Nigata","Retail","HousingClothingSuper","ZoneC","EHP","MUL","2.360234e+05","1","0","0","0","1","1","1",5206,307
"5207","Nigata","Retail","HousingClothingSuper","ZoneC","EHP","MUL","2.020258e+05","0","0","0","0","2","1","1",5207,12
"5208","Nigata","Retail","HousingClothingSuper","ZoneC","EHP","MUL","1.215878e+05","1","0","0","0","2","1","1",5208,70
"5209","Nigata","Retail","HousingClothingSuper","ZoneC","GHP","MUL","3.883903e+02","0","0","0","0","1","1","1",5209,35
"5210","Nigata","Retail","HousingClothingSuper","ZoneC","GHP","MUL","2.000799e+02","0","0","0","0","2","1","1",5210,287
"5211","Nigata","Retail","HousingClothingSuper","ZoneC","ABCH","FCU","2.127131e+05","0","0","0","0","1","1","1",5211,208
"5212","Nigata","Retail","HousingClothingSuper","ZoneC","ABCH","FCU","1.441620e+05","1","0","0","0","1","1","1",5212,207
"5213","Nigata","Retail","HousingClothingSuper","ZoneC","ABCH","FCU","1.095795e+05","0","0","0","0","2","1","1",5213,29
"5214","Nigata","Retail","HousingClothingSuper","ZoneC","ABCH","FCU","7.426527e+04","1","0","0","0","2","1","1",5214,140
"5215","Nigata","Retail","HousingClothingSuper","ZoneC","ABCH","OHUFCU","8.119604e+04","0","0","0","0","1","1","1",5215,198
"5216","Nigata","Retail","HousingClothingSuper","ZoneC","ABCH","OHUFCU","6.132032e+04","1","0","0","0","1","1","1",5216,242
"5217","Nigata","Retail","HousingClothingSuper","ZoneC","ABCH","OHUFCU","4.182826e+04","0","0","0","0","2","1","1",5217,88
"5218","Nigata","Retail","HousingClothingSuper","ZoneC","ABCH","OHUFCU","3.158926e+04","1","0","0","0","2","1","1",5218,253
"5219","Nigata","Retail","LargeDepartment","ZoneC","EHP","MUL","2.273639e+03","0","0","0","0","3","1","1",5219,192
"5220","Nigata","Retail","LargeDepartment","ZoneC","ABCH","FCU","4.173884e+04","0","0","0","0","3","1","1",5220,323
"5221","Nigata","Retail","LargeGeneral","ZoneC","EHP","MUL","5.665430e+03","0","0","0","0","3","1","1",5221,77
"5222","Nigata","Retail","LargeGeneral","ZoneC","ABCH","FCU","5.867733e+04","0","0","0","0","3","1","1",5222,221
"5223","Nigata","Retail","LargeGeneral","ZoneC","ABCH","FCU","4.532706e+04","1","0","0","0","3","1","1",5223,274
"5224","Nigata","Retail","LargeGrocery","ZoneC","EHP","MUL","1.120744e+05","0","0","0","0","1","1","1",5224,208
"5225","Nigata","Retail","LargeGrocery","ZoneC","EHP","MUL","6.367196e+04","1","0","0","0","1","1","1",5225,88
"5226","Nigata","Retail","LargeGrocery","ZoneC","EHP","MUL","5.773532e+04","0","0","0","0","2","1","1",5226,384
"5227","Nigata","Retail","LargeGrocery","ZoneC","EHP","MUL","3.280071e+04","1","0","0","0","2","1","1",5227,20
"5228","Nigata","Retail","LargeGrocery","ZoneC","GHP","MUL","1.052287e+02","0","0","0","0","1","1","1",5228,377
"5229","Nigata","Retail","LargeGrocery","ZoneC","GHP","MUL","5.420875e+01","0","0","0","0","2","1","1",5229,87
"5230","Nigata","Retail","MediumDepartment","ZoneC","EHP","MUL","2.148494e+04","0","0","0","0","3","1","1",5230,338
"5231","Nigata","Retail","MediumDepartment","ZoneC","ABCH","FCU","8.266449e+04","0","0","0","0","3","1","1",5231,267
"5232","Nigata","Retail","MediumDepartment","ZoneC","ABCH","FCU","6.142131e+04","1","0","0","0","3","1","1",5232,358
"5233","Nigata","Retail","MediumGeneral","ZoneC","EHP","MUL","6.081531e+04","0","0","0","0","3","1","1",5233,242
"5234","Nigata","Retail","MediumGeneral","ZoneC","GHP","MUL","5.786177e+01","0","0","0","0","3","1","1",5234,356
"5235","Nigata","Retail","MediumGeneral","ZoneC","ABCH","FCU","1.672750e+05","0","0","0","0","3","1","1",5235,47
"5236","Nigata","Retail","MediumGeneral","ZoneC","ABCH","FCU","1.204237e+05","1","0","0","0","3","1","1",5236,139
"5237","Nigata","Retail","MediumGeneral","ZoneC","ABCH","OHUFCU","6.676503e+04","0","0","0","0","3","1","1",5237,13
"5238","Nigata","Retail","MediumGeneral","ZoneC","ABCH","OHUFCU","5.377385e+04","1","0","0","0","3","1","1",5238,133
"5239","Nigata","Retail","MediumGrocery","ZoneC","EHP","MUL","1.214140e+05","0","0","0","0","1","1","1",5239,166
"5240","Nigata","Retail","MediumGrocery","ZoneC","EHP","MUL","6.897795e+04","1","0","0","0","1","1","1",5240,216
"5241","Nigata","Retail","MediumGrocery","ZoneC","EHP","MUL","6.254659e+04","0","0","0","0","2","1","1",5241,352
"5242","Nigata","Retail","MediumGrocery","ZoneC","EHP","MUL","3.553410e+04","1","0","0","0","2","1","1",5242,219
"5243","Nigata","Retail","MediumGrocery","ZoneC","GHP","MUL","1.139978e+02","0","0","0","0","1","1","1",5243,89
"5244","Nigata","Retail","MediumGrocery","ZoneC","GHP","MUL","5.872615e+01","0","0","0","0","2","1","1",5244,225
"5245","Nigata","Retail","SmallGeneral","ZoneC","EHP","MUL","1.923882e+05","0","0","0","0","1","1","1",5245,350
"5246","Nigata","Retail","SmallGeneral","ZoneC","EHP","MUL","1.157875e+05","1","0","0","0","1","1","1",5246,21
"5247","Nigata","Retail","SmallGeneral","ZoneC","EHP","MUL","9.910906e+04","0","0","0","0","2","1","1",5247,248
"5248","Nigata","Retail","SmallGeneral","ZoneC","EHP","MUL","5.964810e+04","1","0","0","0","2","1","1",5248,230
"5249","Nigata","Retail","SmallGeneral","ZoneC","GHP","MUL","1.905351e+02","0","0","0","0","1","1","1",5249,216
"5250","Nigata","Retail","SmallGeneral","ZoneC","GHP","MUL","9.815444e+01","0","0","0","0","2","1","1",5250,322
"5251","Nigata","Retail","SmallGeneral","ZoneC","ABCH","FCU","1.043520e+05","0","0","0","0","1","1","1",5251,345
"5252","Nigata","Retail","SmallGeneral","ZoneC","ABCH","FCU","7.072246e+04","1","0","0","0","1","1","1",5252,353
"5253","Nigata","Retail","SmallGeneral","ZoneC","ABCH","FCU","7.428936e+04","0","0","0","0","2","1","1",5253,386
"5254","Nigata","Retail","SmallGeneral","ZoneC","ABCH","FCU","5.191740e+04","1","0","0","0","2","1","1",5254,189
"5255","Nigata","Retail","SmallGeneral","ZoneC","ABCH","OHUFCU","3.983285e+04","0","0","0","0","1","1","1",5255,359
"5256","Nigata","Retail","SmallGeneral","ZoneC","ABCH","OHUFCU","3.008230e+04","1","0","0","0","1","1","1",5256,261
"5257","Nigata","Retail","SmallGrocery","ZoneC","EHP","MUL","1.502978e+05","0","0","0","0","1","1","1",5257,10
"5258","Nigata","Retail","SmallGrocery","ZoneC","EHP","MUL","8.115174e+04","1","0","0","0","1","1","1",5258,332
"5259","Nigata","Retail","SmallGrocery","ZoneC","EHP","MUL","4.086690e+04","0","0","0","0","2","1","1",5259,79
"5260","Nigata","Retail","SmallGrocery","ZoneC","GHP","MUL","1.295605e+02","0","0","0","0","1","1","1",5260,39
"5261","Nigata","Retail","SpecialityShop","ZoneC","EHP","MUL","1.006845e+06","0","0","0","0","1","1","1",5261,281
"5262","Nigata","Retail","SpecialityShop","ZoneC","EHP","MUL","4.698170e+05","1","0","0","0","1","1","1",5262,286
"5263","Nigata","Retail","SpecialityShop","ZoneC","EHP","MUL","1.776785e+05","0","0","0","0","2","1","1",5263,48
"5264","Nigata","Retail","SpecialityShop","ZoneC","EHP","MUL","8.290888e+04","1","0","0","0","2","1","1",5264,347
"5265","Nigata","Retail","SpecialityShop","ZoneC","GHP","MUL","7.168316e+02","0","0","0","0","1","1","1",5265,173
"5266","Nigata","Retail","SpecialityShop","ZoneC","GHP","MUL","1.264997e+02","0","0","0","0","2","1","1",5266,230
"5267","Nigata","Retail","SuperDrugStore","ZoneC","EHP","MUL","5.512869e+04","0","0","0","0","1","1","1",5267,314
"5268","Nigata","Retail","SuperDrugStore","ZoneC","EHP","MUL","3.131982e+04","1","0","0","0","1","1","1",5268,214
"5269","Nigata","Retail","SuperDrugStore","ZoneC","EHP","MUL","4.456075e+04","0","0","0","0","2","1","1",5269,178
"5270","Nigata","Retail","SuperDrugStore","ZoneC","GHP","MUL","5.176134e+01","0","0","0","0","1","1","1",5270,205
"5271","Nagoya","Retail","ConvenienceDrug","ZoneC","EHP","MUL","6.330184e+05","0","0","0","0","1","1","1",5271,184
"5272","Nagoya","Retail","ConvenienceDrug","ZoneC","EHP","MUL","3.245592e+05","1","0","0","0","1","1","1",5272,215
"5273","Nagoya","Retail","ConvenienceDrug","ZoneC","EHP","MUL","1.117091e+05","0","0","0","0","2","1","1",5273,121
"5274","Nagoya","Retail","ConvenienceDrug","ZoneC","EHP","MUL","5.727515e+04","1","0","0","0","2","1","1",5274,337
"5275","Nagoya","Retail","ConvenienceDrug","ZoneC","GHP","MUL","5.862403e+02","0","0","0","0","1","1","1",5275,238
"5276","Nagoya","Retail","ConvenienceDrug","ZoneC","GHP","MUL","1.034542e+02","0","0","0","0","2","1","1",5276,99
"5277","Nagoya","Retail","ConvenienceStore","ZoneC","EHP","MUL","4.784480e+05","0","0","0","0","1","1","1",5277,286
"5278","Nagoya","Retail","ConvenienceStore","ZoneC","EHP","MUL","2.233004e+05","1","0","0","0","1","1","1",5278,343
"5279","Nagoya","Retail","ConvenienceStore","ZoneC","EHP","MUL","8.443200e+04","0","0","0","0","2","1","1",5279,309
"5280","Nagoya","Retail","ConvenienceStore","ZoneC","EHP","MUL","3.940596e+04","1","0","0","0","2","1","1",5280,206
"5281","Nagoya","Retail","ConvenienceStore","ZoneC","GHP","MUL","3.390972e+02","0","0","0","0","1","1","1",5281,264
"5282","Nagoya","Retail","ConvenienceStore","ZoneC","GHP","MUL","5.984069e+01","0","0","0","0","2","1","1",5282,221
"5283","Nagoya","Retail","HomeCenter","ZoneC","EHP","MUL","5.225006e+05","0","0","0","0","1","1","1",5283,126
"5284","Nagoya","Retail","HomeCenter","ZoneC","EHP","MUL","3.096712e+05","1","0","0","0","1","1","1",5284,268
"5285","Nagoya","Retail","HomeCenter","ZoneC","EHP","MUL","2.691670e+05","0","0","0","0","2","1","1",5285,53
"5286","Nagoya","Retail","HomeCenter","ZoneC","EHP","MUL","1.595276e+05","1","0","0","0","2","1","1",5286,138
"5287","Nagoya","Retail","HomeCenter","ZoneC","GHP","MUL","6.787476e+02","0","0","0","0","1","1","1",5287,278
"5288","Nagoya","Retail","HomeCenter","ZoneC","GHP","MUL","3.496579e+02","0","0","0","0","2","1","1",5288,116
"5289","Nagoya","Retail","HomeCenter","ZoneC","ABCH","CAV","5.477882e+04","0","0","0","0","1","1","1",5289,278
"5290","Nagoya","Retail","HomeCenter","ZoneC","ABCH","VAV","6.641437e+04","1","0","0","0","1","1","1",5290,76
"5291","Nagoya","Retail","HomeCenter","ZoneC","ABCH","FCU","2.446764e+05","0","0","0","0","1","1","1",5291,252
"5292","Nagoya","Retail","HomeCenter","ZoneC","ABCH","FCU","1.450128e+05","1","0","0","0","1","1","1",5292,83
"5293","Nagoya","Retail","HomeCenter","ZoneC","ABCH","FCU","1.456967e+05","0","0","0","0","2","1","1",5293,227
"5294","Nagoya","Retail","HomeCenter","ZoneC","ABCH","FCU","9.836381e+04","1","0","0","0","2","1","1",5294,337
"5295","Nagoya","Retail","HomeCenter","ZoneC","ABCH","OHUFCU","1.029039e+05","0","0","0","0","1","1","1",5295,152
"5296","Nagoya","Retail","HomeCenter","ZoneC","ABCH","OHUFCU","6.913712e+04","1","0","0","0","1","1","1",5296,317
"5297","Nagoya","Retail","HomeCenter","ZoneC","ABCH","OHUFCU","6.158001e+04","0","0","0","0","2","1","1",5297,247
"5298","Nagoya","Retail","HomeCenter","ZoneC","ABCH","OHUFCU","4.616846e+04","1","0","0","0","2","1","1",5298,157
"5299","Nagoya","Retail","HousingClothingSuper","ZoneC","EHP","MUL","1.028200e+06","0","0","0","0","1","1","1",5299,364
"5300","Nagoya","Retail","HousingClothingSuper","ZoneC","EHP","MUL","6.093851e+05","1","0","0","0","1","1","1",5300,242
"5301","Nagoya","Retail","HousingClothingSuper","ZoneC","EHP","MUL","5.296790e+05","0","0","0","0","2","1","1",5301,373
"5302","Nagoya","Retail","HousingClothingSuper","ZoneC","EHP","MUL","3.139257e+05","1","0","0","0","2","1","1",5302,118
"5303","Nagoya","Retail","HousingClothingSuper","ZoneC","GHP","MUL","1.335670e+03","0","0","0","0","1","1","1",5303,231
"5304","Nagoya","Retail","HousingClothingSuper","ZoneC","GHP","MUL","6.880726e+02","0","0","0","0","2","1","1",5304,212
"5305","Nagoya","Retail","HousingClothingSuper","ZoneC","ABCH","CAV","6.241772e+04","0","0","0","0","1","1","1",5305,245
"5306","Nagoya","Retail","HousingClothingSuper","ZoneC","ABCH","CAV","3.270149e+04","1","0","0","0","1","1","1",5306,334
"5307","Nagoya","Retail","HousingClothingSuper","ZoneC","ABCH","CAV","5.553140e+04","0","0","0","0","2","1","1",5307,109
"5308","Nagoya","Retail","HousingClothingSuper","ZoneC","ABCH","VAV","1.153234e+05","1","0","0","0","1","1","1",5308,342
"5309","Nagoya","Retail","HousingClothingSuper","ZoneC","ABCH","VAV","6.732681e+04","1","0","0","0","2","1","1",5309,216
"5310","Nagoya","Retail","HousingClothingSuper","ZoneC","ABCH","FCU","4.248618e+05","0","0","0","0","1","1","1",5310,87
"5311","Nagoya","Retail","HousingClothingSuper","ZoneC","ABCH","FCU","2.518035e+05","1","0","0","0","1","1","1",5311,295
"5312","Nagoya","Retail","HousingClothingSuper","ZoneC","ABCH","FCU","2.480380e+05","0","0","0","0","2","1","1",5312,135
"5313","Nagoya","Retail","HousingClothingSuper","ZoneC","ABCH","FCU","1.470050e+05","1","0","0","0","2","1","1",5313,193
"5314","Nagoya","Retail","HousingClothingSuper","ZoneC","ABCH","OHUFCU","1.786846e+05","0","0","0","0","1","1","1",5314,253
"5315","Nagoya","Retail","HousingClothingSuper","ZoneC","ABCH","OHUFCU","1.200513e+05","1","0","0","0","1","1","1",5315,296
"5316","Nagoya","Retail","HousingClothingSuper","ZoneC","ABCH","OHUFCU","1.043176e+05","0","0","0","0","2","1","1",5316,331
"5317","Nagoya","Retail","HousingClothingSuper","ZoneC","ABCH","OHUFCU","7.008696e+04","1","0","0","0","2","1","1",5317,369
"5318","Nagoya","Retail","HousingClothingSuper","ZoneC","AHP","FCU","5.015545e+04","0","0","0","0","1","1","1",5318,131
"5319","Nagoya","Retail","HousingClothingSuper","ZoneC","AHP","FCU","3.495926e+04","1","0","0","0","1","1","1",5319,5
"5320","Nagoya","Retail","HousingClothingSuper","ZoneC","COM","FCU","4.297482e+04","0","0","0","0","1","1","1",5320,363
"5321","Nagoya","Retail","HousingClothingSuper","ZoneC","COM","FCU","2.995423e+04","1","0","0","0","1","1","1",5321,378
"5322","Nagoya","Retail","LargeDepartment","ZoneC","EHP","MUL","5.612064e+03","0","0","0","0","3","1","1",5322,204
"5323","Nagoya","Retail","LargeDepartment","ZoneC","ABCH","FCU","5.744343e+04","0","0","0","0","3","1","1",5323,79
"5324","Nagoya","Retail","LargeDepartment","ZoneC","ABCH","FCU","4.486944e+04","1","0","0","0","3","1","1",5324,44
"5325","Nagoya","Retail","LargeGeneral","ZoneC","EHP","MUL","1.795604e+04","0","0","0","0","3","1","1",5325,93
"5326","Nagoya","Retail","LargeGeneral","ZoneC","ABCH","FCU","1.055362e+05","0","0","0","0","3","1","1",5326,172
"5327","Nagoya","Retail","LargeGeneral","ZoneC","ABCH","FCU","7.985060e+04","1","0","0","0","3","1","1",5327,124
"5328","Nagoya","Retail","LargeGeneral","ZoneC","ABCH","FCU","3.962916e+04","1","0","0","1","3","1","1",5328,45
"5329","Nagoya","Retail","LargeGeneral","ZoneC","ABCH","OHUFCU","3.841906e+04","0","0","0","0","3","1","1",5329,372
"5330","Nagoya","Retail","LargeGeneral","ZoneC","ABCH","OHUFCU","3.250075e+04","1","0","0","0","3","1","1",5330,131
"5331","Nagoya","Retail","LargeGeneral","ZoneC","ABCH","OHUFCU","3.141854e+04","1","0","0","1","3","1","1",5331,212
"5332","Nagoya","Retail","LargeGrocery","ZoneC","EHP","MUL","2.706341e+05","0","0","0","0","1","1","1",5332,86
"5333","Nagoya","Retail","LargeGrocery","ZoneC","EHP","MUL","1.518629e+05","1","0","0","0","1","1","1",5333,371
"5334","Nagoya","Retail","LargeGrocery","ZoneC","EHP","MUL","1.394176e+05","0","0","0","0","2","1","1",5334,274
"5335","Nagoya","Retail","LargeGrocery","ZoneC","EHP","MUL","7.823241e+04","1","0","0","0","2","1","1",5335,76
"5336","Nagoya","Retail","LargeGrocery","ZoneC","GHP","MUL","3.146688e+02","0","0","0","0","1","1","1",5336,160
"5337","Nagoya","Retail","LargeGrocery","ZoneC","GHP","MUL","1.621021e+02","0","0","0","0","2","1","1",5337,308
"5338","Nagoya","Retail","LargeGrocery","ZoneC","ABCH","FCU","7.022069e+04","0","0","0","0","1","1","1",5338,138
"5339","Nagoya","Retail","LargeGrocery","ZoneC","ABCH","FCU","4.693545e+04","1","0","0","0","1","1","1",5339,106
"5340","Nagoya","Retail","LargeGrocery","ZoneC","ABCH","FCU","6.035316e+04","0","0","0","0","2","1","1",5340,71
"5341","Nagoya","Retail","MediumDepartment","ZoneC","EHP","MUL","5.224407e+04","0","0","0","0","3","1","1",5341,26
"5342","Nagoya","Retail","MediumDepartment","ZoneC","GHP","MUL","6.066137e+01","0","0","0","0","3","1","1",5342,124
"5343","Nagoya","Retail","MediumDepartment","ZoneC","ABCH","FCU","1.408032e+05","0","0","0","0","3","1","1",5343,69
"5344","Nagoya","Retail","MediumDepartment","ZoneC","ABCH","FCU","1.009172e+05","1","0","0","0","3","1","1",5344,374
"5345","Nagoya","Retail","MediumDepartment","ZoneC","ABCH","OHUFCU","6.223685e+04","0","0","0","0","3","1","1",5345,305
"5346","Nagoya","Retail","MediumDepartment","ZoneC","ABCH","OHUFCU","4.974138e+04","1","0","0","0","3","1","1",5346,256
"5347","Nagoya","Retail","MediumGeneral","ZoneC","EHP","MUL","1.105631e+05","0","0","0","0","3","1","1",5347,126
"5348","Nagoya","Retail","MediumGeneral","ZoneC","EHP","MUL","7.246372e+04","1","0","0","0","3","1","1",5348,376
"5349","Nagoya","Retail","MediumGeneral","ZoneC","GHP","MUL","2.125152e+02","0","0","0","0","3","1","1",5349,165
"5350","Nagoya","Retail","MediumGeneral","ZoneC","ABCH","CAV","9.218117e+04","0","0","0","0","3","1","1",5350,270
"5351","Nagoya","Retail","MediumGeneral","ZoneC","ABCH","VAV","5.819536e+04","1","0","0","0","3","1","1",5351,339
"5352","Nagoya","Retail","MediumGeneral","ZoneC","ABCH","VAV","4.216898e+04","1","0","0","1","3","1","1",5352,154
"5353","Nagoya","Retail","MediumGeneral","ZoneC","ABCH","FCU","3.086802e+05","0","0","0","0","3","1","1",5353,396
"5354","Nagoya","Retail","MediumGeneral","ZoneC","ABCH","FCU","2.023108e+05","1","0","0","0","3","1","1",5354,61
"5355","Nagoya","Retail","MediumGeneral","ZoneC","ABCH","FCU","3.129711e+04","1","0","0","1","3","1","1",5355,361
"5356","Nagoya","Retail","MediumGeneral","ZoneC","ABCH","OHUFCU","1.233911e+05","0","0","0","0","3","1","1",5356,58
"5357","Nagoya","Retail","MediumGeneral","ZoneC","ABCH","OHUFCU","9.129731e+04","1","0","0","0","3","1","1",5357,361
"5358","Nagoya","Retail","MediumGeneral","ZoneC","ABCH","OHUFCU","3.652950e+04","1","0","0","1","3","1","1",5358,331
"5359","Nagoya","Retail","MediumGeneral","ZoneC","COM","FCU","1.002768e+05","0","0","0","0","3","1","1",5359,6
"5360","Nagoya","Retail","MediumGeneral","ZoneC","COM","FCU","7.428638e+04","1","0","0","0","3","1","1",5360,106
"5361","Nagoya","Retail","MediumGeneral","ZoneC","COM+TESICE","FCU","4.509310e+04","0","0","0","0","3","1","1",5361,159
"5362","Nagoya","Retail","MediumGeneral","ZoneC","COM+TESICE","FCU","3.340556e+04","1","0","0","0","3","1","1",5362,260
"5363","Nagoya","Retail","MediumGrocery","ZoneC","EHP","MUL","2.931869e+05","0","0","0","0","1","1","1",5363,50
"5364","Nagoya","Retail","MediumGrocery","ZoneC","EHP","MUL","1.645182e+05","1","0","0","0","1","1","1",5364,14
"5365","Nagoya","Retail","MediumGrocery","ZoneC","EHP","MUL","1.510357e+05","0","0","0","0","2","1","1",5365,33
"5366","Nagoya","Retail","MediumGrocery","ZoneC","EHP","MUL","8.475178e+04","1","0","0","0","2","1","1",5366,62
"5367","Nagoya","Retail","MediumGrocery","ZoneC","GHP","MUL","3.408912e+02","0","0","0","0","1","1","1",5367,141
"5368","Nagoya","Retail","MediumGrocery","ZoneC","GHP","MUL","1.756106e+02","0","0","0","0","2","1","1",5368,346
"5369","Nagoya","Retail","MediumGrocery","ZoneC","ABCH","FCU","7.607242e+04","0","0","0","0","1","1","1",5369,47
"5370","Nagoya","Retail","MediumGrocery","ZoneC","ABCH","FCU","5.084673e+04","1","0","0","0","1","1","1",5370,362
"5371","Nagoya","Retail","MediumGrocery","ZoneC","ABCH","FCU","3.918882e+04","0","0","0","0","2","1","1",5371,335
"5372","Nagoya","Retail","MediumGrocery","ZoneC","ABCH","FCU","2.619377e+04","1","0","0","0","2","1","1",5372,13
"5373","Nagoya","Retail","SmallGeneral","ZoneC","EHP","MUL","5.746938e+05","0","0","0","0","1","1","1",5373,55
"5374","Nagoya","Retail","SmallGeneral","ZoneC","EHP","MUL","3.406047e+05","1","0","0","0","1","1","1",5374,113
"5375","Nagoya","Retail","SmallGeneral","ZoneC","EHP","MUL","2.960544e+05","0","0","0","0","2","1","1",5375,194
"5376","Nagoya","Retail","SmallGeneral","ZoneC","EHP","MUL","1.754630e+05","1","0","0","0","2","1","1",5376,305
"5377","Nagoya","Retail","SmallGeneral","ZoneC","GHP","MUL","7.465485e+02","0","0","0","0","1","1","1",5377,341
"5378","Nagoya","Retail","SmallGeneral","ZoneC","GHP","MUL","3.845856e+02","0","0","0","0","2","1","1",5378,202
"5379","Nagoya","Retail","SmallGeneral","ZoneC","ABCH","CAV","6.025074e+04","0","0","0","0","1","1","1",5379,105
"5380","Nagoya","Retail","SmallGeneral","ZoneC","ABCH","VAV","7.304858e+04","1","0","0","0","1","1","1",5380,383
"5381","Nagoya","Retail","SmallGeneral","ZoneC","ABCH","FCU","2.691175e+05","0","0","0","0","1","1","1",5381,299
"5382","Nagoya","Retail","SmallGeneral","ZoneC","ABCH","FCU","1.594983e+05","1","0","0","0","1","1","1",5382,184
"5383","Nagoya","Retail","SmallGeneral","ZoneC","ABCH","FCU","1.602506e+05","0","0","0","0","2","1","1",5383,182
"5384","Nagoya","Retail","SmallGeneral","ZoneC","ABCH","FCU","1.081895e+05","1","0","0","0","2","1","1",5384,124
"5385","Nagoya","Retail","SmallGeneral","ZoneC","ABCH","OHUFCU","1.131831e+05","0","0","0","0","1","1","1",5385,203
"5386","Nagoya","Retail","SmallGeneral","ZoneC","ABCH","OHUFCU","7.604330e+04","1","0","0","0","1","1","1",5386,253
"5387","Nagoya","Retail","SmallGeneral","ZoneC","ABCH","OHUFCU","6.773131e+04","0","0","0","0","2","1","1",5387,376
"5388","Nagoya","Retail","SmallGeneral","ZoneC","ABCH","OHUFCU","5.078028e+04","1","0","0","0","2","1","1",5388,319
"5389","Nagoya","Retail","SmallGrocery","ZoneC","EHP","MUL","4.236913e+05","0","0","0","0","1","1","1",5389,90
"5390","Nagoya","Retail","SmallGrocery","ZoneC","EHP","MUL","2.248974e+05","1","0","0","0","1","1","1",5390,306
"5391","Nagoya","Retail","SmallGrocery","ZoneC","EHP","MUL","8.191432e+04","0","0","0","0","2","1","1",5391,10
"5392","Nagoya","Retail","SmallGrocery","ZoneC","EHP","MUL","4.348051e+04","1","0","0","0","2","1","1",5392,377
"5393","Nagoya","Retail","SmallGrocery","ZoneC","GHP","MUL","4.684779e+02","0","0","0","0","1","1","1",5393,9
"5394","Nagoya","Retail","SmallGrocery","ZoneC","GHP","MUL","9.057313e+01","0","0","0","0","2","1","1",5394,4
"5395","Nagoya","Retail","SmallGrocery","ZoneC","ABCH","FCU","6.202677e+04","0","0","0","0","1","1","1",5395,389
"5396","Nagoya","Retail","SpecialityShop","ZoneC","EHP","MUL","2.961915e+06","0","0","0","0","1","1","1",5396,318
"5397","Nagoya","Retail","SpecialityShop","ZoneC","EHP","MUL","1.382380e+06","1","0","0","0","1","1","1",5397,149
"5398","Nagoya","Retail","SpecialityShop","ZoneC","EHP","MUL","5.226909e+05","0","0","0","0","2","1","1",5398,340
"5399","Nagoya","Retail","SpecialityShop","ZoneC","EHP","MUL","2.439494e+05","1","0","0","0","2","1","1",5399,110
"5400","Nagoya","Retail","SpecialityShop","ZoneC","GHP","MUL","2.099240e+03","0","0","0","0","1","1","1",5400,136
"5401","Nagoya","Retail","SpecialityShop","ZoneC","GHP","MUL","3.704541e+02","0","0","0","0","2","1","1",5401,105
"5402","Nagoya","Retail","SuperDrugStore","ZoneC","EHP","MUL","1.340954e+05","0","0","0","0","1","1","1",5402,357
"5403","Nagoya","Retail","SuperDrugStore","ZoneC","EHP","MUL","7.524595e+04","1","0","0","0","1","1","1",5403,29
"5404","Nagoya","Retail","SuperDrugStore","ZoneC","EHP","MUL","6.907945e+04","0","0","0","0","2","1","1",5404,127
"5405","Nagoya","Retail","SuperDrugStore","ZoneC","EHP","MUL","3.876306e+04","1","0","0","0","2","1","1",5405,316
"5406","Nagoya","Retail","SuperDrugStore","ZoneC","GHP","MUL","1.559140e+02","0","0","0","0","1","1","1",5406,276
"5407","Nagoya","Retail","SuperDrugStore","ZoneC","GHP","MUL","8.031933e+01","0","0","0","0","2","1","1",5407,213
"5408","Osaka","Retail","ConvenienceDrug","ZoneC","EHP","MUL","4.699467e+05","0","0","0","0","1","1","1",5408,191
"5409","Osaka","Retail","ConvenienceDrug","ZoneC","EHP","MUL","2.407937e+05","1","0","0","0","1","1","1",5409,53
"5410","Osaka","Retail","ConvenienceDrug","ZoneC","EHP","MUL","8.293177e+04","0","0","0","0","2","1","1",5410,219
"5411","Osaka","Retail","ConvenienceDrug","ZoneC","EHP","MUL","4.249301e+04","1","0","0","0","2","1","1",5411,41
"5412","Osaka","Retail","ConvenienceDrug","ZoneC","GHP","MUL","4.395355e+02","0","0","0","0","1","1","1",5412,305
"5413","Osaka","Retail","ConvenienceDrug","ZoneC","GHP","MUL","7.756510e+01","0","0","0","0","2","1","1",5413,339
"5414","Osaka","Retail","ConvenienceStore","ZoneC","EHP","MUL","3.946432e+05","0","0","0","0","1","1","1",5414,364
"5415","Osaka","Retail","ConvenienceStore","ZoneC","EHP","MUL","1.826224e+05","1","0","0","0","1","1","1",5415,33
"5416","Osaka","Retail","ConvenienceStore","ZoneC","EHP","MUL","6.964292e+04","0","0","0","0","2","1","1",5416,14
"5417","Osaka","Retail","ConvenienceStore","ZoneC","EHP","MUL","3.222748e+04","1","0","0","0","2","1","1",5417,208
"5418","Osaka","Retail","ConvenienceStore","ZoneC","GHP","MUL","3.325626e+02","0","0","0","0","1","1","1",5418,251
"5419","Osaka","Retail","ConvenienceStore","ZoneC","GHP","MUL","5.868751e+01","0","0","0","0","2","1","1",5419,346
"5420","Osaka","Retail","HomeCenter","ZoneC","EHP","MUL","3.985230e+05","0","0","0","0","1","1","1",5420,100
"5421","Osaka","Retail","HomeCenter","ZoneC","EHP","MUL","2.339159e+05","1","0","0","0","1","1","1",5421,266
"5422","Osaka","Retail","HomeCenter","ZoneC","EHP","MUL","2.052997e+05","0","0","0","0","2","1","1",5422,277
"5423","Osaka","Retail","HomeCenter","ZoneC","EHP","MUL","1.205021e+05","1","0","0","0","2","1","1",5423,49
"5424","Osaka","Retail","HomeCenter","ZoneC","GHP","MUL","5.935319e+02","0","0","0","0","1","1","1",5424,270
"5425","Osaka","Retail","HomeCenter","ZoneC","GHP","MUL","3.057589e+02","0","0","0","0","2","1","1",5425,130
"5426","Osaka","Retail","HomeCenter","ZoneC","ABCH","CAV","5.239820e+04","0","0","0","0","1","1","1",5426,174
"5427","Osaka","Retail","HomeCenter","ZoneC","ABCH","VAV","5.457741e+04","1","0","0","0","1","1","1",5427,85
"5428","Osaka","Retail","HomeCenter","ZoneC","ABCH","FCU","1.788634e+05","0","0","0","0","1","1","1",5428,62
"5429","Osaka","Retail","HomeCenter","ZoneC","ABCH","FCU","1.049851e+05","1","0","0","0","1","1","1",5429,28
"5430","Osaka","Retail","HomeCenter","ZoneC","ABCH","FCU","1.095760e+05","0","0","0","0","2","1","1",5430,377
"5431","Osaka","Retail","HomeCenter","ZoneC","ABCH","FCU","7.411053e+04","1","0","0","0","2","1","1",5431,229
"5432","Osaka","Retail","HomeCenter","ZoneC","ABCH","OHUFCU","8.029265e+04","0","0","0","0","1","1","1",5432,161
"5433","Osaka","Retail","HomeCenter","ZoneC","ABCH","OHUFCU","5.342007e+04","1","0","0","0","1","1","1",5433,96
"5434","Osaka","Retail","HomeCenter","ZoneC","ABCH","OHUFCU","4.945695e+04","0","0","0","0","2","1","1",5434,246
"5435","Osaka","Retail","HomeCenter","ZoneC","ABCH","OHUFCU","3.707242e+04","1","0","0","0","2","1","1",5435,65
"5436","Osaka","Retail","HousingClothingSuper","ZoneC","EHP","MUL","7.901109e+05","0","0","0","0","1","1","1",5436,333
"5437","Osaka","Retail","HousingClothingSuper","ZoneC","EHP","MUL","4.637612e+05","1","0","0","0","1","1","1",5437,354
"5438","Osaka","Retail","HousingClothingSuper","ZoneC","EHP","MUL","4.070268e+05","0","0","0","0","2","1","1",5438,281
"5439","Osaka","Retail","HousingClothingSuper","ZoneC","EHP","MUL","2.389073e+05","1","0","0","0","2","1","1",5439,395
"5440","Osaka","Retail","HousingClothingSuper","ZoneC","GHP","MUL","1.176735e+03","0","0","0","0","1","1","1",5440,371
"5441","Osaka","Retail","HousingClothingSuper","ZoneC","GHP","MUL","6.061970e+02","0","0","0","0","2","1","1",5441,40
"5442","Osaka","Retail","HousingClothingSuper","ZoneC","ABCH","CAV","9.040562e+04","0","0","0","0","1","1","1",5442,37
"5443","Osaka","Retail","HousingClothingSuper","ZoneC","ABCH","CAV","5.351630e+04","0","0","0","0","2","1","1",5443,333
"5444","Osaka","Retail","HousingClothingSuper","ZoneC","ABCH","VAV","9.416552e+04","1","0","0","0","1","1","1",5444,204
"5445","Osaka","Retail","HousingClothingSuper","ZoneC","ABCH","VAV","5.574200e+04","1","0","0","0","2","1","1",5445,318
"5446","Osaka","Retail","HousingClothingSuper","ZoneC","ABCH","FCU","3.086032e+05","0","0","0","0","1","1","1",5446,315
"5447","Osaka","Retail","HousingClothingSuper","ZoneC","ABCH","FCU","1.811369e+05","1","0","0","0","1","1","1",5447,343
"5448","Osaka","Retail","HousingClothingSuper","ZoneC","ABCH","FCU","1.826800e+05","0","0","0","0","2","1","1",5448,199
"5449","Osaka","Retail","HousingClothingSuper","ZoneC","ABCH","FCU","1.072254e+05","1","0","0","0","2","1","1",5449,298
"5450","Osaka","Retail","HousingClothingSuper","ZoneC","ABCH","OHUFCU","1.385335e+05","0","0","0","0","1","1","1",5450,398
"5451","Osaka","Retail","HousingClothingSuper","ZoneC","ABCH","OHUFCU","9.216870e+04","1","0","0","0","1","1","1",5451,308
"5452","Osaka","Retail","HousingClothingSuper","ZoneC","ABCH","OHUFCU","8.200598e+04","0","0","0","0","2","1","1",5452,281
"5453","Osaka","Retail","HousingClothingSuper","ZoneC","ABCH","OHUFCU","5.455997e+04","1","0","0","0","2","1","1",5453,10
"5454","Osaka","Retail","HousingClothingSuper","ZoneC","AHP","FCU","6.092147e+04","0","0","0","0","1","1","1",5454,377
"5455","Osaka","Retail","HousingClothingSuper","ZoneC","COM","FCU","4.356526e+04","0","0","0","0","1","1","1",5455,153
"5456","Osaka","Retail","HousingClothingSuper","ZoneC","COM","FCU","3.044562e+04","1","0","0","0","1","1","1",5456,234
"5457","Osaka","Retail","LargeDepartment","ZoneC","EHP","MUL","9.539923e+03","0","0","0","0","3","1","1",5457,125
"5458","Osaka","Retail","LargeDepartment","ZoneC","ABCH","FCU","7.045812e+04","0","0","0","0","3","1","1",5458,118
"5459","Osaka","Retail","LargeDepartment","ZoneC","ABCH","FCU","5.370393e+04","1","0","0","0","3","1","1",5459,256
"5460","Osaka","Retail","LargeDepartment","ZoneC","ABCH","FCU","3.956181e+04","1","0","0","1","3","1","1",5460,326
"5461","Osaka","Retail","LargeDepartment","ZoneC","COM","FCU","6.799426e+04","0","0","0","0","3","1","1",5461,271
"5462","Osaka","Retail","LargeGeneral","ZoneC","EHP","MUL","1.602420e+04","0","0","0","0","3","1","1",5462,169
"5463","Osaka","Retail","LargeGeneral","ZoneC","ABCH","FCU","8.896755e+04","0","0","0","0","3","1","1",5463,345
"5464","Osaka","Retail","LargeGeneral","ZoneC","ABCH","FCU","6.562462e+04","1","0","0","0","3","1","1",5464,28
"5465","Osaka","Retail","LargeGeneral","ZoneC","ABCH","OHUFCU","7.759169e+04","0","0","0","0","3","1","1",5465,243
"5466","Osaka","Retail","LargeGeneral","ZoneC","COM","FCU","9.642559e+04","0","0","0","0","3","1","1",5466,148
"5467","Osaka","Retail","LargeGeneral","ZoneC","COM+TESICE","FCU","6.060729e+04","0","0","0","0","3","1","1",5467,354
"5468","Osaka","Retail","LargeGrocery","ZoneC","EHP","MUL","3.106516e+05","0","0","0","0","1","1","1",5468,224
"5469","Osaka","Retail","LargeGrocery","ZoneC","EHP","MUL","1.727751e+05","1","0","0","0","1","1","1",5469,225
"5470","Osaka","Retail","LargeGrocery","ZoneC","EHP","MUL","1.600326e+05","0","0","0","0","2","1","1",5470,145
"5471","Osaka","Retail","LargeGrocery","ZoneC","EHP","MUL","8.900534e+04","1","0","0","0","2","1","1",5471,302
"5472","Osaka","Retail","LargeGrocery","ZoneC","GHP","MUL","3.962501e+02","0","0","0","0","1","1","1",5472,71
"5473","Osaka","Retail","LargeGrocery","ZoneC","GHP","MUL","2.041289e+02","0","0","0","0","2","1","1",5473,98
"5474","Osaka","Retail","LargeGrocery","ZoneC","ABCH","FCU","7.699135e+04","0","0","0","0","1","1","1",5474,258
"5475","Osaka","Retail","LargeGrocery","ZoneC","ABCH","FCU","5.159210e+04","1","0","0","0","1","1","1",5475,299
"5476","Osaka","Retail","LargeGrocery","ZoneC","ABCH","FCU","3.966221e+04","0","0","0","0","2","1","1",5476,171
"5477","Osaka","Retail","LargeGrocery","ZoneC","ABCH","FCU","2.657775e+04","1","0","0","0","2","1","1",5477,140
"5478","Osaka","Retail","MediumDepartment","ZoneC","EHP","MUL","8.634315e+04","0","0","0","0","3","1","1",5478,255
"5479","Osaka","Retail","MediumDepartment","ZoneC","EHP","MUL","5.652680e+04","1","0","0","0","3","1","1",5479,94
"5480","Osaka","Retail","MediumDepartment","ZoneC","GHP","MUL","1.388407e+02","0","0","0","0","3","1","1",5480,26
"5481","Osaka","Retail","MediumDepartment","ZoneC","ABCH","CAV","5.458751e+04","0","0","0","0","3","1","1",5481,87
"5482","Osaka","Retail","MediumDepartment","ZoneC","ABCH","VAV","6.217259e+04","1","0","0","0","3","1","1",5482,379
"5483","Osaka","Retail","MediumDepartment","ZoneC","ABCH","FCU","1.916595e+05","0","0","0","0","3","1","1",5483,362
"5484","Osaka","Retail","MediumDepartment","ZoneC","ABCH","FCU","1.254749e+05","1","0","0","0","3","1","1",5484,151
"5485","Osaka","Retail","MediumDepartment","ZoneC","ABCH","OHUFCU","8.379962e+04","0","0","0","0","3","1","1",5485,397
"5486","Osaka","Retail","MediumDepartment","ZoneC","ABCH","OHUFCU","6.200950e+04","1","0","0","0","3","1","1",5486,335
"5487","Osaka","Retail","MediumDepartment","ZoneC","COM","FCU","7.050655e+04","0","0","0","0","3","1","1",5487,245
"5488","Osaka","Retail","MediumDepartment","ZoneC","COM","FCU","5.303905e+04","1","0","0","0","3","1","1",5488,56
"5489","Osaka","Retail","MediumDepartment","ZoneC","COM+TESICE","FCU","6.133175e+04","0","0","0","0","3","1","1",5489,377
"5490","Osaka","Retail","MediumGeneral","ZoneC","EHP","MUL","1.402168e+05","0","0","0","0","3","1","1",5490,102
"5491","Osaka","Retail","MediumGeneral","ZoneC","EHP","MUL","9.179658e+04","1","0","0","0","3","1","1",5491,298
"5492","Osaka","Retail","MediumGeneral","ZoneC","GHP","MUL","2.254701e+02","0","0","0","0","3","1","1",5492,171
"5493","Osaka","Retail","MediumGeneral","ZoneC","ABCH","CAV","8.864728e+04","0","0","0","0","3","1","1",5493,385
"5494","Osaka","Retail","MediumGeneral","ZoneC","ABCH","VAV","6.200789e+04","1","0","0","0","3","1","1",5494,262
"5495","Osaka","Retail","MediumGeneral","ZoneC","ABCH","VAV","3.895716e+04","1","0","0","1","3","1","1",5495,102
"5496","Osaka","Retail","MediumGeneral","ZoneC","ABCH","FCU","3.112451e+05","0","0","0","0","3","1","1",5496,344
"5497","Osaka","Retail","MediumGeneral","ZoneC","ABCH","FCU","2.037647e+05","1","0","0","0","3","1","1",5497,247
"5498","Osaka","Retail","MediumGeneral","ZoneC","ABCH","OHUFCU","1.185542e+05","0","0","0","0","3","1","1",5498,332
"5499","Osaka","Retail","MediumGeneral","ZoneC","ABCH","OHUFCU","8.772698e+04","1","0","0","0","3","1","1",5499,71
"5500","Osaka","Retail","MediumGeneral","ZoneC","ABCH","OHUFCU","3.050524e+04","1","0","0","1","3","1","1",5500,368
"5501","Osaka","Retail","MediumGeneral","ZoneC","COM","FCU","7.956607e+04","0","0","0","0","3","1","1",5501,386
"5502","Osaka","Retail","MediumGeneral","ZoneC","COM","FCU","5.787444e+04","1","0","0","0","3","1","1",5502,296
"5503","Osaka","Retail","MediumGeneral","ZoneC","COM","OHUFCU","6.319112e+04","0","0","0","0","3","1","1",5503,264
"5504","Osaka","Retail","MediumGeneral","ZoneC","COM+TESICE","FCU","5.684073e+04","0","0","0","0","3","1","1",5504,398
"5505","Osaka","Retail","MediumGeneral","ZoneC","COM+TESICE","FCU","4.275884e+04","1","0","0","0","3","1","1",5505,140
"5506","Osaka","Retail","MediumGrocery","ZoneC","EHP","MUL","3.365392e+05","0","0","0","0","1","1","1",5506,134
"5507","Osaka","Retail","MediumGrocery","ZoneC","EHP","MUL","1.871730e+05","1","0","0","0","1","1","1",5507,174
"5508","Osaka","Retail","MediumGrocery","ZoneC","EHP","MUL","1.733687e+05","0","0","0","0","2","1","1",5508,197
"5509","Osaka","Retail","MediumGrocery","ZoneC","EHP","MUL","9.642245e+04","1","0","0","0","2","1","1",5509,90
"5510","Osaka","Retail","MediumGrocery","ZoneC","GHP","MUL","4.292710e+02","0","0","0","0","1","1","1",5510,210
"5511","Osaka","Retail","MediumGrocery","ZoneC","GHP","MUL","2.211396e+02","0","0","0","0","2","1","1",5511,347
"5512","Osaka","Retail","MediumGrocery","ZoneC","ABCH","FCU","8.340729e+04","0","0","0","0","1","1","1",5512,41
"5513","Osaka","Retail","MediumGrocery","ZoneC","ABCH","FCU","5.589144e+04","1","0","0","0","1","1","1",5513,261
"5514","Osaka","Retail","MediumGrocery","ZoneC","ABCH","FCU","4.296739e+04","0","0","0","0","2","1","1",5514,177
"5515","Osaka","Retail","MediumGrocery","ZoneC","ABCH","FCU","2.879256e+04","1","0","0","0","2","1","1",5515,178
"5516","Osaka","Retail","SmallGeneral","ZoneC","EHP","MUL","5.894452e+05","0","0","0","0","1","1","1",5516,152
"5517","Osaka","Retail","SmallGeneral","ZoneC","EHP","MUL","3.459791e+05","1","0","0","0","1","1","1",5517,114
"5518","Osaka","Retail","SmallGeneral","ZoneC","EHP","MUL","3.036536e+05","0","0","0","0","2","1","1",5518,317
"5519","Osaka","Retail","SmallGeneral","ZoneC","EHP","MUL","1.782316e+05","1","0","0","0","2","1","1",5519,121
"5520","Osaka","Retail","SmallGeneral","ZoneC","GHP","MUL","8.778779e+02","0","0","0","0","1","1","1",5520,334
"5521","Osaka","Retail","SmallGeneral","ZoneC","GHP","MUL","4.522402e+02","0","0","0","0","2","1","1",5521,292
"5522","Osaka","Retail","SmallGeneral","ZoneC","ABCH","CAV","7.164205e+04","0","0","0","0","1","1","1",5522,133
"5523","Osaka","Retail","SmallGeneral","ZoneC","ABCH","VAV","7.462159e+04","1","0","0","0","1","1","1",5523,349
"5524","Osaka","Retail","SmallGeneral","ZoneC","ABCH","FCU","2.445530e+05","0","0","0","0","1","1","1",5524,394
"5525","Osaka","Retail","SmallGeneral","ZoneC","ABCH","FCU","1.435421e+05","1","0","0","0","1","1","1",5525,134
"5526","Osaka","Retail","SmallGeneral","ZoneC","ABCH","FCU","1.620711e+05","0","0","0","0","2","1","1",5526,331
"5527","Osaka","Retail","SmallGeneral","ZoneC","ABCH","FCU","1.096150e+05","1","0","0","0","2","1","1",5527,231
"5528","Osaka","Retail","SmallGeneral","ZoneC","ABCH","OHUFCU","1.097811e+05","0","0","0","0","1","1","1",5528,13
"5529","Osaka","Retail","SmallGeneral","ZoneC","ABCH","OHUFCU","7.303921e+04","1","0","0","0","1","1","1",5529,26
"5530","Osaka","Retail","SmallGeneral","ZoneC","ABCH","OHUFCU","7.315052e+04","0","0","0","0","2","1","1",5530,121
"5531","Osaka","Retail","SmallGeneral","ZoneC","ABCH","OHUFCU","5.483287e+04","1","0","0","0","2","1","1",5531,221
"5532","Osaka","Retail","SmallGeneral","ZoneC","COM","FCU","5.865002e+04","0","0","0","0","1","1","1",5532,120
"5533","Osaka","Retail","SmallGrocery","ZoneC","EHP","MUL","4.808099e+05","0","0","0","0","1","1","1",5533,69
"5534","Osaka","Retail","SmallGrocery","ZoneC","EHP","MUL","2.538056e+05","1","0","0","0","1","1","1",5534,119
"5535","Osaka","Retail","SmallGrocery","ZoneC","EHP","MUL","9.307535e+04","0","0","0","0","2","1","1",5535,149
"5536","Osaka","Retail","SmallGrocery","ZoneC","EHP","MUL","4.913178e+04","1","0","0","0","2","1","1",5536,254
"5537","Osaka","Retail","SmallGrocery","ZoneC","GHP","MUL","5.814825e+02","0","0","0","0","1","1","1",5537,292
"5538","Osaka","Retail","SmallGrocery","ZoneC","GHP","MUL","1.125636e+02","0","0","0","0","2","1","1",5538,368
"5539","Osaka","Retail","SmallGrocery","ZoneC","ABCH","FCU","4.344677e+04","0","0","0","0","1","1","1",5539,33
"5540","Osaka","Retail","SmallGrocery","ZoneC","ABCH","FCU","2.783454e+04","1","0","0","0","1","1","1",5540,132
"5541","Osaka","Retail","SpecialityShop","ZoneC","EHP","MUL","2.581393e+06","0","0","0","0","1","1","1",5541,241
"5542","Osaka","Retail","SpecialityShop","ZoneC","EHP","MUL","1.194548e+06","1","0","0","0","1","1","1",5542,143
"5543","Osaka","Retail","SpecialityShop","ZoneC","EHP","MUL","4.555400e+05","0","0","0","0","2","1","1",5543,306
"5544","Osaka","Retail","SpecialityShop","ZoneC","EHP","MUL","2.108026e+05","1","0","0","0","2","1","1",5544,25
"5545","Osaka","Retail","SpecialityShop","ZoneC","GHP","MUL","2.175319e+03","0","0","0","0","1","1","1",5545,264
"5546","Osaka","Retail","SpecialityShop","ZoneC","GHP","MUL","3.838798e+02","0","0","0","0","2","1","1",5546,392
"5547","Osaka","Retail","SuperDrugStore","ZoneC","EHP","MUL","9.984016e+04","0","0","0","0","1","1","1",5547,114
"5548","Osaka","Retail","SuperDrugStore","ZoneC","EHP","MUL","5.552810e+04","1","0","0","0","1","1","1",5548,257
"5549","Osaka","Retail","SuperDrugStore","ZoneC","EHP","MUL","5.143281e+04","0","0","0","0","2","1","1",5549,326
"5550","Osaka","Retail","SuperDrugStore","ZoneC","EHP","MUL","2.860538e+04","1","0","0","0","2","1","1",5550,232
"5551","Osaka","Retail","SuperDrugStore","ZoneC","GHP","MUL","1.273506e+02","0","0","0","0","1","1","1",5551,257
"5552","Osaka","Retail","SuperDrugStore","ZoneC","GHP","MUL","6.560488e+01","0","0","0","0","2","1","1",5552,364
"5553","Hiroshima","Retail","ConvenienceDrug","ZoneC","EHP","MUL","2.421098e+05","0","0","0","0","1","1","1",5553,366
"5554","Hiroshima","Retail","ConvenienceDrug","ZoneC","EHP","MUL","1.247065e+05","1","0","0","0","1","1","1",5554,327
"5555","Hiroshima","Retail","ConvenienceDrug","ZoneC","EHP","MUL","6.473228e+04","0","0","0","0","2","1","1",5555,17
"5556","Hiroshima","Retail","ConvenienceDrug","ZoneC","GHP","MUL","2.101078e+02","0","0","0","0","1","1","1",5556,333
"5557","Hiroshima","Retail","ConvenienceDrug","ZoneC","GHP","MUL","3.707784e+01","0","0","0","0","2","1","1",5557,338
"5558","Hiroshima","Retail","ConvenienceStore","ZoneC","EHP","MUL","1.782420e+05","0","0","0","0","1","1","1",5558,110
"5559","Hiroshima","Retail","ConvenienceStore","ZoneC","EHP","MUL","8.327230e+04","1","0","0","0","1","1","1",5559,270
"5560","Hiroshima","Retail","ConvenienceStore","ZoneC","EHP","MUL","4.617137e+04","0","0","0","0","2","1","1",5560,195
"5561","Hiroshima","Retail","ConvenienceStore","ZoneC","GHP","MUL","1.235067e+02","0","0","0","0","1","1","1",5561,120
"5562","Hiroshima","Retail","HomeCenter","ZoneC","EHP","MUL","2.861355e+05","0","0","0","0","1","1","1",5562,65
"5563","Hiroshima","Retail","HomeCenter","ZoneC","EHP","MUL","1.719444e+05","1","0","0","0","1","1","1",5563,67
"5564","Hiroshima","Retail","HomeCenter","ZoneC","EHP","MUL","1.474031e+05","0","0","0","0","2","1","1",5564,161
"5565","Hiroshima","Retail","HomeCenter","ZoneC","EHP","MUL","8.857742e+04","1","0","0","0","2","1","1",5565,8
"5566","Hiroshima","Retail","HomeCenter","ZoneC","GHP","MUL","3.106511e+02","0","0","0","0","1","1","1",5566,177
"5567","Hiroshima","Retail","HomeCenter","ZoneC","GHP","MUL","1.600324e+02","0","0","0","0","2","1","1",5567,399
"5568","Hiroshima","Retail","HomeCenter","ZoneC","ABCH","FCU","1.651367e+05","0","0","0","0","1","1","1",5568,345
"5569","Hiroshima","Retail","HomeCenter","ZoneC","ABCH","FCU","1.124565e+05","1","0","0","0","1","1","1",5569,335
"5570","Hiroshima","Retail","HomeCenter","ZoneC","ABCH","FCU","1.188581e+05","0","0","0","0","2","1","1",5570,266
"5571","Hiroshima","Retail","HomeCenter","ZoneC","ABCH","FCU","8.353342e+04","1","0","0","0","2","1","1",5571,295
"5572","Hiroshima","Retail","HomeCenter","ZoneC","ABCH","OHUFCU","6.554724e+04","0","0","0","0","1","1","1",5572,92
"5573","Hiroshima","Retail","HomeCenter","ZoneC","ABCH","OHUFCU","4.973718e+04","1","0","0","0","1","1","1",5573,124
"5574","Hiroshima","Retail","HousingClothingSuper","ZoneC","EHP","MUL","4.609248e+05","0","0","0","0","1","1","1",5574,331
"5575","Hiroshima","Retail","HousingClothingSuper","ZoneC","EHP","MUL","2.769788e+05","1","0","0","0","1","1","1",5575,39
"5576","Hiroshima","Retail","HousingClothingSuper","ZoneC","EHP","MUL","2.374461e+05","0","0","0","0","2","1","1",5576,129
"5577","Hiroshima","Retail","HousingClothingSuper","ZoneC","EHP","MUL","1.426860e+05","1","0","0","0","2","1","1",5577,107
"5578","Hiroshima","Retail","HousingClothingSuper","ZoneC","GHP","MUL","5.004161e+02","0","0","0","0","1","1","1",5578,170
"5579","Hiroshima","Retail","HousingClothingSuper","ZoneC","GHP","MUL","2.577901e+02","0","0","0","0","2","1","1",5579,263
"5580","Hiroshima","Retail","HousingClothingSuper","ZoneC","ABCH","VAV","6.252738e+04","1","0","0","0","1","1","1",5580,74
"5581","Hiroshima","Retail","HousingClothingSuper","ZoneC","ABCH","FCU","2.523195e+05","0","0","0","0","1","1","1",5581,140
"5582","Hiroshima","Retail","HousingClothingSuper","ZoneC","ABCH","FCU","1.506654e+05","1","0","0","0","1","1","1",5582,110
"5583","Hiroshima","Retail","HousingClothingSuper","ZoneC","ABCH","FCU","1.370368e+05","0","0","0","0","2","1","1",5583,13
"5584","Hiroshima","Retail","HousingClothingSuper","ZoneC","ABCH","FCU","9.332068e+04","1","0","0","0","2","1","1",5584,399
"5585","Hiroshima","Retail","HousingClothingSuper","ZoneC","ABCH","OHUFCU","1.000633e+05","0","0","0","0","1","1","1",5585,143
"5586","Hiroshima","Retail","HousingClothingSuper","ZoneC","ABCH","OHUFCU","6.729624e+04","1","0","0","0","1","1","1",5586,350
"5587","Hiroshima","Retail","HousingClothingSuper","ZoneC","ABCH","OHUFCU","5.439360e+04","0","0","0","0","2","1","1",5587,148
"5588","Hiroshima","Retail","HousingClothingSuper","ZoneC","ABCH","OHUFCU","4.127381e+04","1","0","0","0","2","1","1",5588,314
"5589","Hiroshima","Retail","LargeDepartment","ZoneC","EHP","MUL","6.238983e+03","0","0","0","0","3","1","1",5589,87
"5590","Hiroshima","Retail","LargeDepartment","ZoneC","ABCH","FCU","6.477791e+04","0","0","0","0","3","1","1",5590,306
"5591","Hiroshima","Retail","LargeDepartment","ZoneC","ABCH","FCU","5.052566e+04","1","0","0","0","3","1","1",5591,287
"5592","Hiroshima","Retail","LargeGeneral","ZoneC","EHP","MUL","6.497429e+03","0","0","0","0","3","1","1",5592,130
"5593","Hiroshima","Retail","LargeGeneral","ZoneC","ABCH","FCU","6.746129e+04","0","0","0","0","3","1","1",5593,71
"5594","Hiroshima","Retail","LargeGeneral","ZoneC","ABCH","FCU","5.261865e+04","1","0","0","0","3","1","1",5594,394
"5595","Hiroshima","Retail","LargeGrocery","ZoneC","EHP","MUL","1.545958e+05","0","0","0","0","1","1","1",5595,281
"5596","Hiroshima","Retail","LargeGrocery","ZoneC","EHP","MUL","8.703931e+04","1","0","0","0","1","1","1",5596,326
"5597","Hiroshima","Retail","LargeGrocery","ZoneC","EHP","MUL","1.014947e+05","0","0","0","0","2","1","1",5597,373
"5598","Hiroshima","Retail","LargeGrocery","ZoneC","EHP","MUL","5.714274e+04","1","0","0","0","2","1","1",5598,396
"5599","Hiroshima","Retail","LargeGrocery","ZoneC","GHP","MUL","1.694150e+02","0","0","0","0","1","1","1",5599,21
"5600","Hiroshima","Retail","LargeGrocery","ZoneC","GHP","MUL","1.112238e+02","0","0","0","0","2","1","1",5600,95
"5601","Hiroshima","Retail","LargeGrocery","ZoneC","ABCH","FCU","3.988853e+04","0","0","0","0","1","1","1",5601,208
"5602","Hiroshima","Retail","LargeGrocery","ZoneC","ABCH","FCU","2.646609e+04","1","0","0","0","1","1","1",5602,170
"5603","Hiroshima","Retail","MediumDepartment","ZoneC","EHP","MUL","4.873042e+04","0","0","0","0","3","1","1",5603,160
"5604","Hiroshima","Retail","MediumDepartment","ZoneC","EHP","MUL","3.212305e+04","1","0","0","0","3","1","1",5604,349
"5605","Hiroshima","Retail","MediumDepartment","ZoneC","GHP","MUL","6.677898e+01","0","0","0","0","3","1","1",5605,296
"5606","Hiroshima","Retail","MediumDepartment","ZoneC","ABCH","FCU","1.264387e+05","0","0","0","0","3","1","1",5606,253
"5607","Hiroshima","Retail","MediumDepartment","ZoneC","ABCH","FCU","9.174268e+04","1","0","0","0","3","1","1",5607,249
"5608","Hiroshima","Retail","MediumDepartment","ZoneC","ABCH","OHUFCU","4.990917e+04","0","0","0","0","3","1","1",5608,130
"5609","Hiroshima","Retail","MediumDepartment","ZoneC","ABCH","OHUFCU","4.059055e+04","1","0","0","0","3","1","1",5609,174
"5610","Hiroshima","Retail","MediumDepartment","ZoneC","COM","FCU","6.763014e+04","0","0","0","0","3","1","1",5610,170
"5611","Hiroshima","Retail","MediumGeneral","ZoneC","EHP","MUL","5.288400e+04","0","0","0","0","3","1","1",5611,17
"5612","Hiroshima","Retail","MediumGeneral","ZoneC","EHP","MUL","3.486108e+04","1","0","0","0","3","1","1",5612,357
"5613","Hiroshima","Retail","MediumGeneral","ZoneC","GHP","MUL","7.247093e+01","0","0","0","0","3","1","1",5613,242
"5614","Hiroshima","Retail","MediumGeneral","ZoneC","ABCH","FCU","1.372158e+05","0","0","0","0","3","1","1",5614,293
"5615","Hiroshima","Retail","MediumGeneral","ZoneC","ABCH","FCU","9.956243e+04","1","0","0","0","3","1","1",5615,380
"5616","Hiroshima","Retail","MediumGeneral","ZoneC","ABCH","OHUFCU","5.416321e+04","0","0","0","0","3","1","1",5616,278
"5617","Hiroshima","Retail","MediumGeneral","ZoneC","ABCH","OHUFCU","4.405031e+04","1","0","0","0","3","1","1",5617,72
"5618","Hiroshima","Retail","MediumGeneral","ZoneC","COM","FCU","4.195670e+04","0","0","0","0","3","1","1",5618,252
"5619","Hiroshima","Retail","MediumGeneral","ZoneC","COM","FCU","3.143793e+04","1","0","0","0","3","1","1",5619,298
"5620","Hiroshima","Retail","MediumGrocery","ZoneC","EHP","MUL","1.674788e+05","0","0","0","0","1","1","1",5620,149
"5621","Hiroshima","Retail","MediumGrocery","ZoneC","EHP","MUL","9.429259e+04","1","0","0","0","1","1","1",5621,58
"5622","Hiroshima","Retail","MediumGrocery","ZoneC","EHP","MUL","1.099526e+05","0","0","0","0","2","1","1",5622,6
"5623","Hiroshima","Retail","MediumGrocery","ZoneC","EHP","MUL","6.190463e+04","1","0","0","0","2","1","1",5623,369
"5624","Hiroshima","Retail","MediumGrocery","ZoneC","GHP","MUL","1.835330e+02","0","0","0","0","1","1","1",5624,359
"5625","Hiroshima","Retail","MediumGrocery","ZoneC","GHP","MUL","1.204924e+02","0","0","0","0","2","1","1",5625,342
"5626","Hiroshima","Retail","MediumGrocery","ZoneC","ABCH","FCU","4.321258e+04","0","0","0","0","1","1","1",5626,154
"5627","Hiroshima","Retail","MediumGrocery","ZoneC","ABCH","FCU","2.867160e+04","1","0","0","0","1","1","1",5627,385
"5628","Hiroshima","Retail","SmallGeneral","ZoneC","EHP","MUL","2.274858e+05","0","0","0","0","1","1","1",5628,131
"5629","Hiroshima","Retail","SmallGeneral","ZoneC","EHP","MUL","1.367006e+05","1","0","0","0","1","1","1",5629,391
"5630","Hiroshima","Retail","SmallGeneral","ZoneC","EHP","MUL","1.171896e+05","0","0","0","0","2","1","1",5630,239
"5631","Hiroshima","Retail","SmallGeneral","ZoneC","EHP","MUL","7.042155e+04","1","0","0","0","2","1","1",5631,111
"5632","Hiroshima","Retail","SmallGeneral","ZoneC","GHP","MUL","2.469764e+02","0","0","0","0","1","1","1",5632,330
"5633","Hiroshima","Retail","SmallGeneral","ZoneC","GHP","MUL","1.272302e+02","0","0","0","0","2","1","1",5633,83
"5634","Hiroshima","Retail","SmallGeneral","ZoneC","ABCH","FCU","1.312884e+05","0","0","0","0","1","1","1",5634,139
"5635","Hiroshima","Retail","SmallGeneral","ZoneC","ABCH","FCU","8.940607e+04","1","0","0","0","1","1","1",5635,296
"5636","Hiroshima","Retail","SmallGeneral","ZoneC","ABCH","FCU","9.449553e+04","0","0","0","0","2","1","1",5636,244
"5637","Hiroshima","Retail","SmallGeneral","ZoneC","ABCH","FCU","6.641143e+04","1","0","0","0","2","1","1",5637,326
"5638","Hiroshima","Retail","SmallGeneral","ZoneC","ABCH","OHUFCU","5.211191e+04","0","0","0","0","1","1","1",5638,140
"5639","Hiroshima","Retail","SmallGeneral","ZoneC","ABCH","OHUFCU","3.954246e+04","1","0","0","0","1","1","1",5639,105
"5640","Hiroshima","Retail","SmallGrocery","ZoneC","EHP","MUL","2.646945e+05","0","0","0","0","1","1","1",5640,302
"5641","Hiroshima","Retail","SmallGrocery","ZoneC","EHP","MUL","1.408403e+05","1","0","0","0","1","1","1",5641,291
"5642","Hiroshima","Retail","SmallGrocery","ZoneC","EHP","MUL","7.156497e+04","0","0","0","0","2","1","1",5642,327
"5643","Hiroshima","Retail","SmallGrocery","ZoneC","GHP","MUL","2.801988e+02","0","0","0","0","1","1","1",5643,288
"5644","Hiroshima","Retail","SmallGrocery","ZoneC","GHP","MUL","4.944685e+01","0","0","0","0","2","1","1",5644,331
"5645","Hiroshima","Retail","SpecialityShop","ZoneC","EHP","MUL","1.195153e+06","0","0","0","0","1","1","1",5645,52
"5646","Hiroshima","Retail","SpecialityShop","ZoneC","EHP","MUL","5.583599e+05","1","0","0","0","1","1","1",5646,250
"5647","Hiroshima","Retail","SpecialityShop","ZoneC","EHP","MUL","2.109094e+05","0","0","0","0","2","1","1",5647,82
"5648","Hiroshima","Retail","SpecialityShop","ZoneC","EHP","MUL","9.853410e+04","1","0","0","0","2","1","1",5648,206
"5649","Hiroshima","Retail","SpecialityShop","ZoneC","GHP","MUL","8.281408e+02","0","0","0","0","1","1","1",5649,300
"5650","Hiroshima","Retail","SpecialityShop","ZoneC","GHP","MUL","1.461425e+02","0","0","0","0","2","1","1",5650,330
"5651","Hiroshima","Retail","SuperDrugStore","ZoneC","EHP","MUL","5.130612e+04","0","0","0","0","1","1","1",5651,378
"5652","Hiroshima","Retail","SuperDrugStore","ZoneC","EHP","MUL","2.888596e+04","1","0","0","0","1","1","1",5652,393
"5653","Hiroshima","Retail","SuperDrugStore","ZoneC","EHP","MUL","4.134004e+04","0","0","0","0","2","1","1",5653,150
"5654","Hiroshima","Retail","SuperDrugStore","ZoneC","GHP","MUL","5.622421e+01","0","0","0","0","1","1","1",5654,148
"5655","Matsuyama","Retail","ConvenienceDrug","ZoneC","EHP","MUL","1.582969e+05","0","0","0","0","1","1","1",5655,69
"5656","Matsuyama","Retail","ConvenienceDrug","ZoneC","EHP","MUL","8.178402e+04","1","0","0","0","1","1","1",5656,295
"5657","Matsuyama","Retail","ConvenienceDrug","ZoneC","EHP","MUL","4.239116e+04","0","0","0","0","2","1","1",5657,261
"5658","Matsuyama","Retail","ConvenienceDrug","ZoneC","GHP","MUL","1.356674e+02","0","0","0","0","1","1","1",5658,275
"5659","Matsuyama","Retail","ConvenienceStore","ZoneC","EHP","MUL","7.816115e+04","0","0","0","0","1","1","1",5659,113
"5660","Matsuyama","Retail","ConvenienceStore","ZoneC","EHP","MUL","3.598814e+04","1","0","0","0","1","1","1",5660,103
"5661","Matsuyama","Retail","ConvenienceStore","ZoneC","EHP","MUL","2.015670e+04","0","0","0","0","2","1","1",5661,241
"5662","Matsuyama","Retail","ConvenienceStore","ZoneC","GHP","MUL","7.198703e+01","0","0","0","0","1","1","1",5662,255
"5663","Matsuyama","Retail","HomeCenter","ZoneC","EHP","MUL","1.330237e+05","0","0","0","0","1","1","1",5663,171
"5664","Matsuyama","Retail","HomeCenter","ZoneC","EHP","MUL","7.877272e+04","1","0","0","0","1","1","1",5664,164
"5665","Matsuyama","Retail","HomeCenter","ZoneC","EHP","MUL","6.852734e+04","0","0","0","0","2","1","1",5665,205
"5666","Matsuyama","Retail","HomeCenter","ZoneC","EHP","MUL","4.057988e+04","1","0","0","0","2","1","1",5666,6
"5667","Matsuyama","Retail","HomeCenter","ZoneC","GHP","MUL","1.724537e+02","0","0","0","0","1","1","1",5667,121
"5668","Matsuyama","Retail","HomeCenter","ZoneC","GHP","MUL","8.883978e+01","0","0","0","0","2","1","1",5668,12
"5669","Matsuyama","Retail","HomeCenter","ZoneC","ABCH","FCU","1.014925e+05","0","0","0","0","1","1","1",5669,394
"5670","Matsuyama","Retail","HomeCenter","ZoneC","ABCH","FCU","7.017983e+04","1","0","0","0","1","1","1",5670,222
"5671","Matsuyama","Retail","HomeCenter","ZoneC","ABCH","FCU","5.228400e+04","0","0","0","0","2","1","1",5671,333
"5672","Matsuyama","Retail","HomeCenter","ZoneC","ABCH","FCU","3.615324e+04","1","0","0","0","2","1","1",5672,272
"5673","Matsuyama","Retail","HousingClothingSuper","ZoneC","EHP","MUL","2.295136e+05","0","0","0","0","1","1","1",5673,137
"5674","Matsuyama","Retail","HousingClothingSuper","ZoneC","EHP","MUL","1.359112e+05","1","0","0","0","1","1","1",5674,306
"5675","Matsuyama","Retail","HousingClothingSuper","ZoneC","EHP","MUL","1.182343e+05","0","0","0","0","2","1","1",5675,109
"5676","Matsuyama","Retail","HousingClothingSuper","ZoneC","EHP","MUL","7.001488e+04","1","0","0","0","2","1","1",5676,337
"5677","Matsuyama","Retail","HousingClothingSuper","ZoneC","GHP","MUL","2.975446e+02","0","0","0","0","1","1","1",5677,86
"5678","Matsuyama","Retail","HousingClothingSuper","ZoneC","GHP","MUL","1.532805e+02","0","0","0","0","2","1","1",5678,57
"5679","Matsuyama","Retail","HousingClothingSuper","ZoneC","ABCH","FCU","1.246247e+05","0","0","0","0","1","1","1",5679,360
"5680","Matsuyama","Retail","HousingClothingSuper","ZoneC","ABCH","FCU","8.345210e+04","1","0","0","0","1","1","1",5680,177
"5681","Matsuyama","Retail","HousingClothingSuper","ZoneC","ABCH","FCU","9.020870e+04","0","0","0","0","2","1","1",5681,8
"5682","Matsuyama","Retail","HousingClothingSuper","ZoneC","ABCH","FCU","6.237734e+04","1","0","0","0","2","1","1",5682,224
"5683","Matsuyama","Retail","HousingClothingSuper","ZoneC","ABCH","OHUFCU","5.045700e+04","0","0","0","0","1","1","1",5683,44
"5684","Matsuyama","Retail","HousingClothingSuper","ZoneC","ABCH","OHUFCU","3.766263e+04","1","0","0","0","1","1","1",5684,135
"5685","Matsuyama","Retail","LargeDepartment","ZoneC","EHP","MUL","1.342144e+03","0","0","0","0","3","1","1",5685,83
"5686","Matsuyama","Retail","LargeDepartment","ZoneC","ABCH","FCU","2.463871e+04","0","0","0","0","3","1","1",5686,3
"5687","Matsuyama","Retail","LargeGeneral","ZoneC","EHP","MUL","2.644788e+03","0","0","0","0","3","1","1",5687,315
"5688","Matsuyama","Retail","LargeGeneral","ZoneC","ABCH","FCU","4.855229e+04","0","0","0","0","3","1","1",5688,241
"5689","Matsuyama","Retail","LargeGrocery","ZoneC","EHP","MUL","1.283661e+05","0","0","0","0","1","1","1",5689,324
"5690","Matsuyama","Retail","LargeGrocery","ZoneC","EHP","MUL","7.186089e+04","1","0","0","0","1","1","1",5690,285
"5691","Matsuyama","Retail","LargeGrocery","ZoneC","EHP","MUL","6.612798e+04","0","0","0","0","2","1","1",5691,98
"5692","Matsuyama","Retail","LargeGrocery","ZoneC","EHP","MUL","3.701925e+04","1","0","0","0","2","1","1",5692,388
"5693","Matsuyama","Retail","LargeGrocery","ZoneC","GHP","MUL","1.458055e+02","0","0","0","0","1","1","1",5693,290
"5694","Matsuyama","Retail","LargeGrocery","ZoneC","GHP","MUL","7.511195e+01","0","0","0","0","2","1","1",5694,61
"5695","Matsuyama","Retail","MediumDepartment","ZoneC","EHP","MUL","1.258765e+04","0","0","0","0","3","1","1",5695,137
"5696","Matsuyama","Retail","MediumDepartment","ZoneC","ABCH","FCU","4.882384e+04","0","0","0","0","3","1","1",5696,59
"5697","Matsuyama","Retail","MediumDepartment","ZoneC","ABCH","FCU","3.632600e+04","1","0","0","0","3","1","1",5697,28
"5698","Matsuyama","Retail","MediumGeneral","ZoneC","EHP","MUL","3.040229e+04","0","0","0","0","3","1","1",5698,81
"5699","Matsuyama","Retail","MediumGeneral","ZoneC","ABCH","FCU","8.402487e+04","0","0","0","0","3","1","1",5699,382
"5700","Matsuyama","Retail","MediumGeneral","ZoneC","ABCH","FCU","6.056247e+04","1","0","0","0","3","1","1",5700,299
"5701","Matsuyama","Retail","MediumGeneral","ZoneC","ABCH","OHUFCU","6.107068e+04","0","0","0","0","3","1","1",5701,273
"5702","Matsuyama","Retail","MediumGrocery","ZoneC","EHP","MUL","1.390633e+05","0","0","0","0","1","1","1",5702,60
"5703","Matsuyama","Retail","MediumGrocery","ZoneC","EHP","MUL","7.784930e+04","1","0","0","0","1","1","1",5703,333
"5704","Matsuyama","Retail","MediumGrocery","ZoneC","EHP","MUL","7.163865e+04","0","0","0","0","2","1","1",5704,164
"5705","Matsuyama","Retail","MediumGrocery","ZoneC","EHP","MUL","4.010419e+04","1","0","0","0","2","1","1",5705,136
"5706","Matsuyama","Retail","MediumGrocery","ZoneC","GHP","MUL","1.579560e+02","0","0","0","0","1","1","1",5706,14
"5707","Matsuyama","Retail","MediumGrocery","ZoneC","GHP","MUL","8.137128e+01","0","0","0","0","2","1","1",5707,100
"5708","Matsuyama","Retail","SmallGeneral","ZoneC","EHP","MUL","1.316919e+05","0","0","0","0","1","1","1",5708,18
"5709","Matsuyama","Retail","SmallGeneral","ZoneC","EHP","MUL","7.798410e+04","1","0","0","0","1","1","1",5709,118
"5710","Matsuyama","Retail","SmallGeneral","ZoneC","EHP","MUL","6.784129e+04","0","0","0","0","2","1","1",5710,87
"5711","Matsuyama","Retail","SmallGeneral","ZoneC","EHP","MUL","4.017363e+04","1","0","0","0","2","1","1",5711,291
"5712","Matsuyama","Retail","SmallGeneral","ZoneC","GHP","MUL","1.707272e+02","0","0","0","0","1","1","1",5712,92
"5713","Matsuyama","Retail","SmallGeneral","ZoneC","GHP","MUL","8.795038e+01","0","0","0","0","2","1","1",5713,173
"5714","Matsuyama","Retail","SmallGeneral","ZoneC","ABCH","FCU","1.004764e+05","0","0","0","0","1","1","1",5714,248
"5715","Matsuyama","Retail","SmallGeneral","ZoneC","ABCH","FCU","6.947724e+04","1","0","0","0","1","1","1",5715,63
"5716","Matsuyama","Retail","SmallGeneral","ZoneC","ABCH","FCU","5.176058e+04","0","0","0","0","2","1","1",5716,399
"5717","Matsuyama","Retail","SmallGeneral","ZoneC","ABCH","FCU","3.579130e+04","1","0","0","0","2","1","1",5717,247
"5718","Matsuyama","Retail","SmallGrocery","ZoneC","EHP","MUL","1.717566e+05","0","0","0","0","1","1","1",5718,159
"5719","Matsuyama","Retail","SmallGrocery","ZoneC","EHP","MUL","9.194413e+04","1","0","0","0","1","1","1",5719,380
"5720","Matsuyama","Retail","SmallGrocery","ZoneC","EHP","MUL","4.656548e+04","0","0","0","0","2","1","1",5720,205
"5721","Matsuyama","Retail","SmallGrocery","ZoneC","GHP","MUL","1.703134e+02","0","0","0","0","1","1","1",5721,95
"5722","Matsuyama","Retail","SpecialityShop","ZoneC","EHP","MUL","7.702695e+05","0","0","0","0","1","1","1",5722,51
"5723","Matsuyama","Retail","SpecialityShop","ZoneC","EHP","MUL","3.546591e+05","1","0","0","0","1","1","1",5723,207
"5724","Matsuyama","Retail","SpecialityShop","ZoneC","EHP","MUL","1.359299e+05","0","0","0","0","2","1","1",5724,67
"5725","Matsuyama","Retail","SpecialityShop","ZoneC","EHP","MUL","6.258690e+04","1","0","0","0","2","1","1",5725,331
"5726","Matsuyama","Retail","SpecialityShop","ZoneC","GHP","MUL","7.094242e+02","0","0","0","0","1","1","1",5726,125
"5727","Matsuyama","Retail","SpecialityShop","ZoneC","GHP","MUL","1.251925e+02","0","0","0","0","2","1","1",5727,382
"5728","Matsuyama","Retail","SuperDrugStore","ZoneC","EHP","MUL","5.252204e+04","0","0","0","0","1","1","1",5728,387
"5729","Matsuyama","Retail","SuperDrugStore","ZoneC","EHP","MUL","2.705681e+04","0","0","0","0","2","1","1",5729,2
"5730","Fukuoka","Retail","ConvenienceDrug","ZoneC","EHP","MUL","4.520632e+05","0","0","0","0","1","1","1",5730,136
"5731","Fukuoka","Retail","ConvenienceDrug","ZoneC","EHP","MUL","2.344009e+05","1","0","0","0","1","1","1",5731,113
"5732","Fukuoka","Retail","ConvenienceDrug","ZoneC","EHP","MUL","7.977586e+04","0","0","0","0","2","1","1",5732,61
"5733","Fukuoka","Retail","ConvenienceDrug","ZoneC","EHP","MUL","4.136487e+04","1","0","0","0","2","1","1",5733,66
"5734","Fukuoka","Retail","ConvenienceDrug","ZoneC","GHP","MUL","3.360734e+02","0","0","0","0","1","1","1",5734,395
"5735","Fukuoka","Retail","ConvenienceDrug","ZoneC","GHP","MUL","5.930707e+01","0","0","0","0","2","1","1",5735,329
"5736","Fukuoka","Retail","ConvenienceStore","ZoneC","EHP","MUL","3.106395e+05","0","0","0","0","1","1","1",5736,371
"5737","Fukuoka","Retail","ConvenienceStore","ZoneC","EHP","MUL","1.448689e+05","1","0","0","0","1","1","1",5737,114
"5738","Fukuoka","Retail","ConvenienceStore","ZoneC","EHP","MUL","5.481874e+04","0","0","0","0","2","1","1",5738,138
"5739","Fukuoka","Retail","ConvenienceStore","ZoneC","EHP","MUL","2.556510e+04","1","0","0","0","2","1","1",5739,98
"5740","Fukuoka","Retail","ConvenienceStore","ZoneC","GHP","MUL","2.239547e+02","0","0","0","0","1","1","1",5740,114
"5741","Fukuoka","Retail","ConvenienceStore","ZoneC","GHP","MUL","3.952141e+01","0","0","0","0","2","1","1",5741,184
"5742","Fukuoka","Retail","HomeCenter","ZoneC","EHP","MUL","4.367640e+05","0","0","0","0","1","1","1",5742,27
"5743","Fukuoka","Retail","HomeCenter","ZoneC","EHP","MUL","2.571564e+05","1","0","0","0","1","1","1",5743,31
"5744","Fukuoka","Retail","HomeCenter","ZoneC","EHP","MUL","2.249996e+05","0","0","0","0","2","1","1",5744,323
"5745","Fukuoka","Retail","HomeCenter","ZoneC","EHP","MUL","1.324745e+05","1","0","0","0","2","1","1",5745,190
"5746","Fukuoka","Retail","HomeCenter","ZoneC","GHP","MUL","6.349434e+02","0","0","0","0","1","1","1",5746,283
"5747","Fukuoka","Retail","HomeCenter","ZoneC","GHP","MUL","3.270920e+02","0","0","0","0","2","1","1",5747,84
"5748","Fukuoka","Retail","HomeCenter","ZoneC","ABCH","FCU","2.125060e+05","0","0","0","0","1","1","1",5748,217
"5749","Fukuoka","Retail","HomeCenter","ZoneC","ABCH","FCU","1.428705e+05","1","0","0","0","1","1","1",5749,265
"5750","Fukuoka","Retail","HomeCenter","ZoneC","ABCH","FCU","1.236177e+05","0","0","0","0","2","1","1",5750,159
"5751","Fukuoka","Retail","HomeCenter","ZoneC","ABCH","FCU","8.310973e+04","1","0","0","0","2","1","1",5751,315
"5752","Fukuoka","Retail","HomeCenter","ZoneC","ABCH","OHUFCU","8.970681e+04","0","0","0","0","1","1","1",5752,28
"5753","Fukuoka","Retail","HomeCenter","ZoneC","ABCH","OHUFCU","6.718617e+04","1","0","0","0","1","1","1",5753,231
"5754","Fukuoka","Retail","HomeCenter","ZoneC","ABCH","OHUFCU","5.218369e+04","0","0","0","0","2","1","1",5754,296
"5755","Fukuoka","Retail","HomeCenter","ZoneC","ABCH","OHUFCU","3.908313e+04","1","0","0","0","2","1","1",5755,80
"5756","Fukuoka","Retail","HomeCenter","ZoneC","COM","FCU","6.618995e+04","0","0","0","0","1","1","1",5756,212
"5757","Fukuoka","Retail","HousingClothingSuper","ZoneC","EHP","MUL","7.627455e+05","0","0","0","0","1","1","1",5757,212
"5758","Fukuoka","Retail","HousingClothingSuper","ZoneC","EHP","MUL","4.490866e+05","1","0","0","0","1","1","1",5758,306
"5759","Fukuoka","Retail","HousingClothingSuper","ZoneC","EHP","MUL","3.929295e+05","0","0","0","0","2","1","1",5759,52
"5760","Fukuoka","Retail","HousingClothingSuper","ZoneC","EHP","MUL","2.313477e+05","1","0","0","0","2","1","1",5760,33
"5761","Fukuoka","Retail","HousingClothingSuper","ZoneC","GHP","MUL","1.108837e+03","0","0","0","0","1","1","1",5761,192
"5762","Fukuoka","Retail","HousingClothingSuper","ZoneC","GHP","MUL","5.712192e+02","0","0","0","0","2","1","1",5762,54
"5763","Fukuoka","Retail","HousingClothingSuper","ZoneC","ABCH","CAV","6.747549e+04","0","0","0","0","1","1","1",5763,239
"5764","Fukuoka","Retail","HousingClothingSuper","ZoneC","ABCH","VAV","7.878731e+04","1","0","0","0","1","1","1",5764,155
"5765","Fukuoka","Retail","HousingClothingSuper","ZoneC","ABCH","FCU","3.015204e+05","0","0","0","0","1","1","1",5765,190
"5766","Fukuoka","Retail","HousingClothingSuper","ZoneC","ABCH","FCU","1.775281e+05","1","0","0","0","1","1","1",5766,163
"5767","Fukuoka","Retail","HousingClothingSuper","ZoneC","ABCH","FCU","1.911785e+05","0","0","0","0","2","1","1",5767,362
"5768","Fukuoka","Retail","HousingClothingSuper","ZoneC","ABCH","FCU","1.285317e+05","1","0","0","0","2","1","1",5768,384
"5769","Fukuoka","Retail","HousingClothingSuper","ZoneC","ABCH","OHUFCU","1.268414e+05","0","0","0","0","1","1","1",5769,66
"5770","Fukuoka","Retail","HousingClothingSuper","ZoneC","ABCH","OHUFCU","8.465075e+04","1","0","0","0","1","1","1",5770,298
"5771","Fukuoka","Retail","HousingClothingSuper","ZoneC","ABCH","OHUFCU","8.070366e+04","0","0","0","0","2","1","1",5771,95
"5772","Fukuoka","Retail","HousingClothingSuper","ZoneC","ABCH","OHUFCU","6.044323e+04","1","0","0","0","2","1","1",5772,355
"5773","Fukuoka","Retail","HousingClothingSuper","ZoneC","AHP","FCU","6.526996e+04","0","0","0","0","1","1","1",5773,75
"5774","Fukuoka","Retail","HousingClothingSuper","ZoneC","COM","FCU","6.379781e+04","0","0","0","0","1","1","1",5774,291
"5775","Fukuoka","Retail","HousingClothingSuper","ZoneC","COM","FCU","4.432493e+04","1","0","0","0","1","1","1",5775,170
"5776","Fukuoka","Retail","HousingClothingSuper","ZoneC","COM","FCU","5.954699e+04","0","0","0","0","2","1","1",5776,235
"5777","Fukuoka","Retail","LargeDepartment","ZoneC","EHP","MUL","6.581478e+03","0","0","0","0","3","1","1",5777,302
"5778","Fukuoka","Retail","LargeDepartment","ZoneC","ABCH","FCU","6.857115e+04","0","0","0","0","3","1","1",5778,241
"5779","Fukuoka","Retail","LargeDepartment","ZoneC","ABCH","FCU","5.709751e+04","1","0","0","0","3","1","1",5779,225
"5780","Fukuoka","Retail","LargeGeneral","ZoneC","EHP","MUL","1.091584e+04","0","0","0","0","3","1","1",5780,27
"5781","Fukuoka","Retail","LargeGeneral","ZoneC","ABCH","FCU","7.266843e+04","0","0","0","0","3","1","1",5781,328
"5782","Fukuoka","Retail","LargeGeneral","ZoneC","ABCH","FCU","6.050922e+04","1","0","0","0","3","1","1",5782,179
"5783","Fukuoka","Retail","LargeGeneral","ZoneC","COM","FCU","7.525251e+04","0","0","0","0","3","1","1",5783,308
"5784","Fukuoka","Retail","LargeGrocery","ZoneC","EHP","MUL","2.048019e+05","0","0","0","0","1","1","1",5784,324
"5785","Fukuoka","Retail","LargeGrocery","ZoneC","EHP","MUL","1.159394e+05","1","0","0","0","1","1","1",5785,77
"5786","Fukuoka","Retail","LargeGrocery","ZoneC","EHP","MUL","1.345555e+05","0","0","0","0","2","1","1",5786,330
"5787","Fukuoka","Retail","LargeGrocery","ZoneC","EHP","MUL","7.617260e+04","1","0","0","0","2","1","1",5787,266
"5788","Fukuoka","Retail","LargeGrocery","ZoneC","GHP","MUL","2.051716e+02","0","0","0","0","1","1","1",5788,172
"5789","Fukuoka","Retail","LargeGrocery","ZoneC","GHP","MUL","1.347984e+02","0","0","0","0","2","1","1",5789,169
"5790","Fukuoka","Retail","LargeGrocery","ZoneC","ABCH","FCU","5.276696e+04","0","0","0","0","1","1","1",5790,139
"5791","Fukuoka","Retail","LargeGrocery","ZoneC","ABCH","FCU","3.560869e+04","1","0","0","0","1","1","1",5791,253
"5792","Fukuoka","Retail","MediumDepartment","ZoneC","EHP","MUL","5.551818e+04","0","0","0","0","3","1","1",5792,351
"5793","Fukuoka","Retail","MediumDepartment","ZoneC","EHP","MUL","3.586792e+04","1","0","0","0","3","1","1",5793,174
"5794","Fukuoka","Retail","MediumDepartment","ZoneC","GHP","MUL","8.773709e+01","0","0","0","0","3","1","1",5794,6
"5795","Fukuoka","Retail","MediumDepartment","ZoneC","ABCH","FCU","1.260001e+05","0","0","0","0","3","1","1",5795,89
"5796","Fukuoka","Retail","MediumDepartment","ZoneC","ABCH","FCU","9.101330e+04","1","0","0","0","3","1","1",5796,214
"5797","Fukuoka","Retail","MediumDepartment","ZoneC","ABCH","OHUFCU","5.499350e+04","0","0","0","0","3","1","1",5797,352
"5798","Fukuoka","Retail","MediumDepartment","ZoneC","ABCH","OHUFCU","4.447555e+04","1","0","0","0","3","1","1",5798,380
"5799","Fukuoka","Retail","MediumDepartment","ZoneC","COM","FCU","5.124613e+04","0","0","0","0","3","1","1",5799,399
"5800","Fukuoka","Retail","MediumDepartment","ZoneC","COM","FCU","3.831008e+04","1","0","0","0","3","1","1",5800,292
"5801","Fukuoka","Retail","MediumGeneral","ZoneC","EHP","MUL","9.454436e+04","0","0","0","0","3","1","1",5801,167
"5802","Fukuoka","Retail","MediumGeneral","ZoneC","EHP","MUL","6.108106e+04","1","0","0","0","3","1","1",5802,210
"5803","Fukuoka","Retail","MediumGeneral","ZoneC","GHP","MUL","1.494114e+02","0","0","0","0","3","1","1",5803,258
"5804","Fukuoka","Retail","MediumGeneral","ZoneC","ABCH","VAV","5.592587e+04","1","0","0","0","3","1","1",5804,274
"5805","Fukuoka","Retail","MediumGeneral","ZoneC","ABCH","FCU","1.574128e+05","0","0","0","0","3","1","1",5805,125
"5806","Fukuoka","Retail","MediumGeneral","ZoneC","ABCH","FCU","1.012571e+05","1","0","0","0","3","1","1",5806,18
"5807","Fukuoka","Retail","MediumGeneral","ZoneC","ABCH","FCU","3.832989e+04","0","1","0","0","3","1","1",5807,55
"5808","Fukuoka","Retail","MediumGeneral","ZoneC","ABCH","OHUFCU","7.896326e+04","0","0","0","0","3","1","1",5808,223
"5809","Fukuoka","Retail","MediumGeneral","ZoneC","ABCH","OHUFCU","5.716796e+04","1","0","0","0","3","1","1",5809,86
"5810","Fukuoka","Retail","MediumGeneral","ZoneC","COM","FCU","7.919010e+04","0","0","0","0","3","1","1",5810,133
"5811","Fukuoka","Retail","MediumGeneral","ZoneC","COM","FCU","5.920015e+04","1","0","0","0","3","1","1",5811,127
"5812","Fukuoka","Retail","MediumGeneral","ZoneC","COM+TESICE","FCU","6.401393e+04","0","0","0","0","3","1","1",5812,342
"5813","Fukuoka","Retail","MediumGrocery","ZoneC","EHP","MUL","2.218687e+05","0","0","0","0","1","1","1",5813,171
"5814","Fukuoka","Retail","MediumGrocery","ZoneC","EHP","MUL","1.256011e+05","1","0","0","0","1","1","1",5814,259
"5815","Fukuoka","Retail","MediumGrocery","ZoneC","EHP","MUL","1.457685e+05","0","0","0","0","2","1","1",5815,306
"5816","Fukuoka","Retail","MediumGrocery","ZoneC","EHP","MUL","8.252032e+04","1","0","0","0","2","1","1",5816,80
"5817","Fukuoka","Retail","MediumGrocery","ZoneC","GHP","MUL","2.222692e+02","0","0","0","0","1","1","1",5817,56
"5818","Fukuoka","Retail","MediumGrocery","ZoneC","GHP","MUL","1.460316e+02","0","0","0","0","2","1","1",5818,156
"5819","Fukuoka","Retail","MediumGrocery","ZoneC","ABCH","FCU","5.716421e+04","0","0","0","0","1","1","1",5819,30
"5820","Fukuoka","Retail","MediumGrocery","ZoneC","ABCH","FCU","3.857608e+04","1","0","0","0","1","1","1",5820,247
"5821","Fukuoka","Retail","SmallGeneral","ZoneC","EHP","MUL","3.605700e+05","0","0","0","0","1","1","1",5821,117
"5822","Fukuoka","Retail","SmallGeneral","ZoneC","EHP","MUL","2.122952e+05","1","0","0","0","1","1","1",5822,258
"5823","Fukuoka","Retail","SmallGeneral","ZoneC","EHP","MUL","1.857482e+05","0","0","0","0","2","1","1",5823,126
"5824","Fukuoka","Retail","SmallGeneral","ZoneC","EHP","MUL","1.093642e+05","1","0","0","0","2","1","1",5824,398
"5825","Fukuoka","Retail","SmallGeneral","ZoneC","GHP","MUL","5.241768e+02","0","0","0","0","1","1","1",5825,18
"5826","Fukuoka","Retail","SmallGeneral","ZoneC","GHP","MUL","2.700305e+02","0","0","0","0","2","1","1",5826,67
"5827","Fukuoka","Retail","SmallGeneral","ZoneC","ABCH","FCU","1.981018e+05","0","0","0","0","1","1","1",5827,269
"5828","Fukuoka","Retail","SmallGeneral","ZoneC","ABCH","FCU","1.331863e+05","1","0","0","0","1","1","1",5828,367
"5829","Fukuoka","Retail","SmallGeneral","ZoneC","ABCH","FCU","1.020524e+05","0","0","0","0","2","1","1",5829,56
"5830","Fukuoka","Retail","SmallGeneral","ZoneC","ABCH","FCU","6.861114e+04","1","0","0","0","2","1","1",5830,201
"5831","Fukuoka","Retail","SmallGeneral","ZoneC","ABCH","OHUFCU","8.362625e+04","0","0","0","0","1","1","1",5831,286
"5832","Fukuoka","Retail","SmallGeneral","ZoneC","ABCH","OHUFCU","6.263212e+04","1","0","0","0","1","1","1",5832,110
"5833","Fukuoka","Retail","SmallGeneral","ZoneC","ABCH","OHUFCU","4.308019e+04","0","0","0","0","2","1","1",5833,152
"5834","Fukuoka","Retail","SmallGeneral","ZoneC","ABCH","OHUFCU","3.226503e+04","1","0","0","0","2","1","1",5834,77
"5835","Fukuoka","Retail","SmallGrocery","ZoneC","EHP","MUL","3.497937e+05","0","0","0","0","1","1","1",5835,33
"5836","Fukuoka","Retail","SmallGrocery","ZoneC","EHP","MUL","1.889495e+05","1","0","0","0","1","1","1",5836,389
"5837","Fukuoka","Retail","SmallGrocery","ZoneC","EHP","MUL","6.172829e+04","0","0","0","0","2","1","1",5837,110
"5838","Fukuoka","Retail","SmallGrocery","ZoneC","EHP","MUL","3.334402e+04","1","0","0","0","2","1","1",5838,35
"5839","Fukuoka","Retail","SmallGrocery","ZoneC","GHP","MUL","2.935332e+02","0","0","0","0","1","1","1",5839,99
"5840","Fukuoka","Retail","SmallGrocery","ZoneC","GHP","MUL","5.179998e+01","0","0","0","0","2","1","1",5840,372
"5841","Fukuoka","Retail","SpecialityShop","ZoneC","EHP","MUL","2.105023e+06","0","0","0","0","1","1","1",5841,75
"5842","Fukuoka","Retail","SpecialityShop","ZoneC","EHP","MUL","9.816922e+05","1","0","0","0","1","1","1",5842,297
"5843","Fukuoka","Retail","SpecialityShop","ZoneC","EHP","MUL","3.714746e+05","0","0","0","0","2","1","1",5843,59
"5844","Fukuoka","Retail","SpecialityShop","ZoneC","EHP","MUL","1.732398e+05","1","0","0","0","2","1","1",5844,347
"5845","Fukuoka","Retail","SpecialityShop","ZoneC","GHP","MUL","1.517610e+03","0","0","0","0","1","1","1",5845,130
"5846","Fukuoka","Retail","SpecialityShop","ZoneC","GHP","MUL","2.678136e+02","0","0","0","0","2","1","1",5846,265
"5847","Fukuoka","Retail","SuperDrugStore","ZoneC","EHP","MUL","9.582313e+04","0","0","0","0","1","1","1",5847,135
"5848","Fukuoka","Retail","SuperDrugStore","ZoneC","EHP","MUL","5.424598e+04","1","0","0","0","1","1","1",5848,51
"5849","Fukuoka","Retail","SuperDrugStore","ZoneC","EHP","MUL","4.936343e+04","0","0","0","0","2","1","1",5849,186
"5850","Fukuoka","Retail","SuperDrugStore","ZoneC","EHP","MUL","2.794490e+04","1","0","0","0","2","1","1",5850,132
"5851","Fukuoka","Retail","SuperDrugStore","ZoneC","GHP","MUL","9.599609e+01","0","0","0","0","1","1","1",5851,101
"5852","Fukuoka","Retail","SuperDrugStore","ZoneC","GHP","MUL","4.945253e+01","0","0","0","0","2","1","1",5852,332
"5853","Naha","Retail","ConvenienceDrug","ZoneC","EHP","MUL","2.912618e+04","0","0","0","0","1","1","1",5853,248
"5854","Naha","Retail","ConvenienceDrug","ZoneC","EHP","MUL","5.139914e+03","0","0","0","0","2","1","1",5854,362
"5855","Naha","Retail","ConvenienceStore","ZoneC","EHP","MUL","4.469405e+04","0","0","0","0","1","1","1",5855,294
"5856","Naha","Retail","ConvenienceStore","ZoneC","EHP","MUL","7.887185e+03","0","0","0","0","2","1","1",5856,337
"5857","Naha","Retail","HomeCenter","ZoneC","EHP","MUL","4.611276e+04","0","0","0","0","1","1","1",5857,71
"5858","Naha","Retail","HomeCenter","ZoneC","EHP","MUL","2.375506e+04","0","0","0","0","2","1","1",5858,200
"5859","Naha","Retail","HousingClothingSuper","ZoneC","EHP","MUL","6.043488e+04","0","0","0","0","1","1","1",5859,303
"5860","Naha","Retail","HousingClothingSuper","ZoneC","EHP","MUL","5.921864e+04","0","0","0","0","2","1","1",5860,321
"5861","Naha","Retail","HousingClothingSuper","ZoneC","GHP","MUL","4.819606e+01","0","0","0","0","1","1","1",5861,236
"5862","Naha","Retail","HousingClothingSuper","ZoneC","ABCH","FCU","5.447074e+04","0","0","0","0","1","1","1",5862,177
"5863","Naha","Retail","LargeDepartment","ZoneC","EHP","MUL","3.355360e+02","0","0","0","0","3","1","1",5863,54
"5864","Naha","Retail","LargeDepartment","ZoneC","ABCH","FCU","6.159677e+03","0","0","0","0","3","1","1",5864,379
"5865","Naha","Retail","LargeGeneral","ZoneC","EHP","MUL","8.319966e+02","0","0","0","0","3","1","1",5865,312
"5866","Naha","Retail","LargeGeneral","ZoneC","ABCH","FCU","1.527356e+04","0","0","0","0","3","1","1",5866,256
"5867","Naha","Retail","LargeGrocery","ZoneC","EHP","MUL","2.461544e+04","0","0","0","0","1","1","1",5867,22
"5868","Naha","Retail","LargeGrocery","ZoneC","EHP","MUL","1.268068e+04","0","0","0","0","2","1","1",5868,124
"5869","Naha","Retail","MediumDepartment","ZoneC","EHP","MUL","3.166088e+03","0","0","0","0","3","1","1",5869,106
"5870","Naha","Retail","MediumDepartment","ZoneC","ABCH","FCU","2.126828e+04","0","0","0","0","3","1","1",5870,246
"5871","Naha","Retail","MediumGeneral","ZoneC","EHP","MUL","1.266106e+04","0","0","0","0","3","1","1",5871,374
"5872","Naha","Retail","MediumGeneral","ZoneC","ABCH","FCU","4.839737e+04","0","0","0","0","3","1","1",5872,357
"5873","Naha","Retail","MediumGeneral","ZoneC","ABCH","FCU","3.665362e+04","1","0","0","0","3","1","1",5873,168
"5874","Naha","Retail","MediumGrocery","ZoneC","EHP","MUL","2.666672e+04","0","0","0","0","1","1","1",5874,22
"5875","Naha","Retail","MediumGrocery","ZoneC","EHP","MUL","1.373740e+04","0","0","0","0","2","1","1",5875,334
"5876","Naha","Retail","SmallGeneral","ZoneC","EHP","MUL","5.971512e+04","0","0","0","0","1","1","1",5876,4
"5877","Naha","Retail","SmallGeneral","ZoneC","EHP","MUL","5.851335e+04","0","0","0","0","2","1","1",5877,177
"5878","Naha","Retail","SmallGeneral","ZoneC","GHP","MUL","4.762205e+01","0","0","0","0","1","1","1",5878,29
"5879","Naha","Retail","SmallGeneral","ZoneC","ABCH","FCU","5.382201e+04","0","0","0","0","1","1","1",5879,201
"5880","Naha","Retail","SmallGrocery","ZoneC","EHP","MUL","3.241608e+04","0","0","0","0","1","1","1",5880,309
"5881","Naha","Retail","SmallGrocery","ZoneC","EHP","MUL","5.720485e+03","0","0","0","0","2","1","1",5881,123
"5882","Naha","Retail","SpecialityShop","ZoneC","EHP","MUL","2.449069e+05","0","0","0","0","1","1","1",5882,347
"5883","Naha","Retail","SpecialityShop","ZoneC","EHP","MUL","1.149328e+05","1","0","0","0","1","1","1",5883,58
"5884","Naha","Retail","SpecialityShop","ZoneC","EHP","MUL","6.350113e+04","0","0","0","0","2","1","1",5884,376
"5885","Naha","Retail","SpecialityShop","ZoneC","GHP","MUL","1.522883e+02","0","0","0","0","1","1","1",5885,107
"5886","Naha","Retail","SpecialityShop","ZoneC","GHP","MUL","2.687440e+01","0","0","0","0","2","1","1",5886,63
"5887","Naha","Retail","SuperDrugStore","ZoneC","EHP","MUL","6.368280e+03","0","0","0","0","1","1","1",5887,164
"5888","Naha","Retail","SuperDrugStore","ZoneC","EHP","MUL","3.280629e+03","0","0","0","0","2","1","1",5888,274
"5889","Sapporo","School","ElementarySchool","ZoneC","EHP","MUL","2138251.82","0","0","0","0","3","1","1",5889,278
"5890","Sapporo","School","ElementarySchool","ZoneC","EHP","MUL","2683302.30","1","0","0","0","3","1","1",5890,230
"5891","Sapporo","School","ElementarySchool","ZoneC","GHP","MUL"," 110717.29","0","0","0","0","3","1","1",5891,342
"5892","Sapporo","School","ElementarySchool","ZoneC","GHP","MUL"," 138939.65","1","0","0","0","3","1","1",5892,231
"5893","Sapporo","School","ElementarySchool","ZoneC","ABCH","CAV"," 166077.83","0","0","0","0","3","1","1",5893,331
"5894","Sapporo","School","ElementarySchool","ZoneC","ABCH","CAV"," 208411.85","1","0","0","0","3","1","1",5894,55
"5895","Sapporo","School","ElementarySchool","ZoneC","ABCH","FCU","  73074.24","0","0","0","0","3","1","1",5895,252
"5896","Sapporo","School","ElementarySchool","ZoneC","ABCH","FCU","  91701.21","1","0","0","0","3","1","1",5896,18
"5897","Sapporo","School","ElementarySchool","ZoneC","ABCH","OHUFCU"," 112932.92","0","0","0","0","3","1","1",5897,246
"5898","Sapporo","School","ElementarySchool","ZoneC","ABCH","OHUFCU"," 141720.06","1","0","0","0","3","1","1",5898,289
"5899","Sapporo","School","ElementarySchool","ZoneC","AHP","CAV","  61977.60","0","0","0","0","3","1","1",5899,257
"5900","Sapporo","School","ElementarySchool","ZoneC","AHP","CAV","  77775.98","1","0","0","0","3","1","1",5900,385
"5901","Sapporo","School","ElementarySchool","ZoneC","AHP","FCU","  27270.14","0","0","0","0","3","1","1",5901,117
"5902","Sapporo","School","ElementarySchool","ZoneC","AHP","FCU","  34221.43","1","0","0","0","3","1","1",5902,228
"5903","Sapporo","School","ElementarySchool","ZoneC","AHP","OHUFCU","  42144.77","0","0","0","0","3","1","1",5903,72
"5904","Sapporo","School","ElementarySchool","ZoneC","AHP","OHUFCU","  52887.67","1","0","0","0","3","1","1",5904,98
"5905","Sapporo","School","JuniorHighSchool","ZoneC","EHP","MUL","1261305.70","0","0","0","0","3","1","1",5905,77
"5906","Sapporo","School","JuniorHighSchool","ZoneC","EHP","MUL","1582818.48","1","0","0","0","3","1","1",5906,127
"5907","Sapporo","School","JuniorHighSchool","ZoneC","GHP","MUL","  65309.59","0","0","0","0","3","1","1",5907,95
"5908","Sapporo","School","JuniorHighSchool","ZoneC","GHP","MUL","  81957.31","1","0","0","0","3","1","1",5908,142
"5909","Sapporo","School","JuniorHighSchool","ZoneC","ABCH","CAV","  97965.50","0","0","0","0","3","1","1",5909,59
"5910","Sapporo","School","JuniorHighSchool","ZoneC","ABCH","CAV"," 122937.37","1","0","0","0","3","1","1",5910,348
"5911","Sapporo","School","JuniorHighSchool","ZoneC","ABCH","FCU","  43104.82","0","0","0","0","3","1","1",5911,230
"5912","Sapporo","School","JuniorHighSchool","ZoneC","ABCH","FCU","  54092.44","1","0","0","0","3","1","1",5912,391
"5913","Sapporo","School","JuniorHighSchool","ZoneC","ABCH","OHUFCU","  66616.54","0","0","0","0","3","1","1",5913,95
"5914","Sapporo","School","JuniorHighSchool","ZoneC","ABCH","OHUFCU","  83597.41","1","0","0","0","3","1","1",5914,294
"5915","Sapporo","School","JuniorHighSchool","ZoneC","AHP","CAV","  46134.18","0","0","0","0","3","1","1",5915,188
"5916","Sapporo","School","JuniorHighSchool","ZoneC","AHP","CAV","  57894.00","1","0","0","0","3","1","1",5916,24
"5917","Sapporo","School","JuniorHighSchool","ZoneC","AHP","OHUFCU","  31371.24","0","0","0","0","3","1","1",5917,292
"5918","Sapporo","School","JuniorHighSchool","ZoneC","AHP","OHUFCU","  39367.92","1","0","0","0","3","1","1",5918,192
"5919","Sapporo","School","HighSchool","ZoneC","EHP","MUL","1118034.23","0","0","0","0","3","1","1",5919,65
"5920","Sapporo","School","HighSchool","ZoneC","EHP","MUL","1403026.43","1","0","0","0","3","1","1",5920,81
"5921","Sapporo","School","HighSchool","ZoneC","GHP","MUL","  57891.08","0","0","0","0","3","1","1",5921,323
"5922","Sapporo","School","HighSchool","ZoneC","GHP","MUL","  72647.80","1","0","0","0","3","1","1",5922,180
"5923","Sapporo","School","HighSchool","ZoneC","ABCH","CAV","  86837.62","0","0","0","0","3","1","1",5923,302
"5924","Sapporo","School","HighSchool","ZoneC","ABCH","CAV"," 108972.94","1","0","0","0","3","1","1",5924,27
"5925","Sapporo","School","HighSchool","ZoneC","ABCH","FCU","  38208.55","0","0","0","0","3","1","1",5925,275
"5926","Sapporo","School","HighSchool","ZoneC","ABCH","FCU","  47948.09","1","0","0","0","3","1","1",5926,120
"5927","Sapporo","School","HighSchool","ZoneC","ABCH","OHUFCU","  59049.58","0","0","0","0","3","1","1",5927,245
"5928","Sapporo","School","HighSchool","ZoneC","ABCH","OHUFCU","  74101.60","1","0","0","0","3","1","1",5928,8
"5929","Sapporo","School","HighSchool","ZoneC","AHP","CAV","  68701.60","0","0","0","0","3","1","1",5929,214
"5930","Sapporo","School","HighSchool","ZoneC","AHP","CAV","  86213.96","1","0","0","0","3","1","1",5930,59
"5931","Sendai","School","ElementarySchool","ZoneC","EHP","MUL","4541467.19","0","0","0","0","3","1","1",5931,109
"5932","Sendai","School","ElementarySchool","ZoneC","EHP","MUL","5699108.63","1","0","0","0","3","1","1",5932,294
"5933","Sendai","School","ElementarySchool","ZoneC","GHP","MUL"," 169921.58","0","0","0","0","3","1","1",5933,367
"5934","Sendai","School","ElementarySchool","ZoneC","GHP","MUL"," 213235.40","1","0","0","0","3","1","1",5934,317
"5935","Sendai","School","ElementarySchool","ZoneC","ABCH","CAV"," 271572.51","0","0","0","0","3","1","1",5935,102
"5936","Sendai","School","ElementarySchool","ZoneC","ABCH","CAV"," 340797.62","1","0","0","0","3","1","1",5936,372
"5937","Sendai","School","ElementarySchool","ZoneC","ABCH","FCU"," 119491.90","0","0","0","0","3","1","1",5937,323
"5938","Sendai","School","ElementarySchool","ZoneC","ABCH","FCU"," 149950.95","1","0","0","0","3","1","1",5938,350
"5939","Sendai","School","ElementarySchool","ZoneC","ABCH","OHUFCU"," 184669.30","0","0","0","0","3","1","1",5939,132
"5940","Sendai","School","ElementarySchool","ZoneC","ABCH","OHUFCU"," 231742.38","1","0","0","0","3","1","1",5940,255
"5941","Sendai","School","ElementarySchool","ZoneC","AHP","CAV","  98768.86","0","0","0","0","3","1","1",5941,35
"5942","Sendai","School","ElementarySchool","ZoneC","AHP","CAV"," 123945.50","1","0","0","0","3","1","1",5942,308
"5943","Sendai","School","ElementarySchool","ZoneC","AHP","FCU","  43458.30","0","0","0","0","3","1","1",5943,164
"5944","Sendai","School","ElementarySchool","ZoneC","AHP","FCU","  54536.02","1","0","0","0","3","1","1",5944,354
"5945","Sendai","School","ElementarySchool","ZoneC","AHP","OHUFCU","  67162.82","0","0","0","0","3","1","1",5945,9
"5946","Sendai","School","ElementarySchool","ZoneC","AHP","OHUFCU","  84282.94","1","0","0","0","3","1","1",5946,258
"5947","Sendai","School","JuniorHighSchool","ZoneC","EHP","MUL","2909281.04","0","0","0","0","3","1","1",5947,60
"5948","Sendai","School","JuniorHighSchool","ZoneC","EHP","MUL","3650870.52","1","0","0","0","3","1","1",5948,333
"5949","Sendai","School","JuniorHighSchool","ZoneC","GHP","MUL"," 108852.41","0","0","0","0","3","1","1",5949,59
"5950","Sendai","School","JuniorHighSchool","ZoneC","GHP","MUL"," 136599.40","1","0","0","0","3","1","1",5950,327
"5951","Sendai","School","JuniorHighSchool","ZoneC","ABCH","CAV"," 173970.37","0","0","0","0","3","1","1",5951,123
"5952","Sendai","School","JuniorHighSchool","ZoneC","ABCH","CAV"," 218316.24","1","0","0","0","3","1","1",5952,81
"5953","Sendai","School","JuniorHighSchool","ZoneC","ABCH","FCU","  76546.96","0","0","0","0","3","1","1",5953,36
"5954","Sendai","School","JuniorHighSchool","ZoneC","ABCH","FCU","  96059.15","1","0","0","0","3","1","1",5954,8
"5955","Sendai","School","JuniorHighSchool","ZoneC","ABCH","OHUFCU"," 118299.85","0","0","0","0","3","1","1",5955,267
"5956","Sendai","School","JuniorHighSchool","ZoneC","ABCH","OHUFCU"," 148455.04","1","0","0","0","3","1","1",5956,305
"5957","Sendai","School","JuniorHighSchool","ZoneC","AHP","CAV","  63271.70","0","0","0","0","3","1","1",5957,259
"5958","Sendai","School","JuniorHighSchool","ZoneC","AHP","CAV","  79399.96","1","0","0","0","3","1","1",5958,210
"5959","Sendai","School","JuniorHighSchool","ZoneC","AHP","FCU","  27839.55","0","0","0","0","3","1","1",5959,287
"5960","Sendai","School","JuniorHighSchool","ZoneC","AHP","FCU","  34935.98","1","0","0","0","3","1","1",5960,334
"5961","Sendai","School","JuniorHighSchool","ZoneC","AHP","OHUFCU","  43024.76","0","0","0","0","3","1","1",5961,308
"5962","Sendai","School","JuniorHighSchool","ZoneC","AHP","OHUFCU","  53991.97","1","0","0","0","3","1","1",5962,348
"5963","Sendai","School","HighSchool","ZoneC","EHP","MUL","2759999.72","0","0","0","0","3","1","1",5963,222
"5964","Sendai","School","HighSchool","ZoneC","EHP","MUL","3463536.69","1","0","0","0","3","1","1",5964,47
"5965","Sendai","School","HighSchool","ZoneC","GHP","MUL"," 103266.96","0","0","0","0","3","1","1",5965,235
"5966","Sendai","School","HighSchool","ZoneC","GHP","MUL"," 129590.20","1","0","0","0","3","1","1",5966,290
"5967","Sendai","School","HighSchool","ZoneC","ABCH","CAV"," 165043.59","0","0","0","0","3","1","1",5967,144
"5968","Sendai","School","HighSchool","ZoneC","ABCH","CAV"," 207113.98","1","0","0","0","3","1","1",5968,168
"5969","Sendai","School","HighSchool","ZoneC","ABCH","FCU","  72619.18","0","0","0","0","3","1","1",5969,33
"5970","Sendai","School","HighSchool","ZoneC","ABCH","FCU","  91130.15","1","0","0","0","3","1","1",5970,32
"5971","Sendai","School","HighSchool","ZoneC","ABCH","OHUFCU"," 112229.64","0","0","0","0","3","1","1",5971,89
"5972","Sendai","School","HighSchool","ZoneC","ABCH","OHUFCU"," 140837.50","1","0","0","0","3","1","1",5972,180
"5973","Sendai","School","HighSchool","ZoneC","AHP","CAV","  60025.10","0","0","0","0","3","1","1",5973,321
"5974","Sendai","School","HighSchool","ZoneC","AHP","CAV","  75325.78","1","0","0","0","3","1","1",5974,338
"5975","Sendai","School","HighSchool","ZoneC","AHP","FCU","  26411.04","0","0","0","0","3","1","1",5975,355
"5976","Sendai","School","HighSchool","ZoneC","AHP","FCU","  33143.34","1","0","0","0","3","1","1",5976,280
"5977","Sendai","School","HighSchool","ZoneC","AHP","OHUFCU","  40817.07","0","0","0","0","3","1","1",5977,347
"5978","Sendai","School","HighSchool","ZoneC","AHP","OHUFCU","  51221.53","1","0","0","0","3","1","1",5978,330
"5979","Tokyo","School","ElementarySchool","ZoneC","EHP","MUL","7554870.47","0","0","0","0","1","1","1",5979,252
"5980","Tokyo","School","ElementarySchool","ZoneC","EHP","MUL","9480642.64","1","0","0","0","1","1","1",5980,144
"5981","Tokyo","School","ElementarySchool","ZoneC","EHP","MUL","3891902.97","0","0","0","0","2","1","1",5981,229
"5982","Tokyo","School","ElementarySchool","ZoneC","EHP","MUL","4883967.42","1","0","0","0","2","1","1",5982,268
"5983","Tokyo","School","ElementarySchool","ZoneC","GHP","MUL"," 713869.50","0","0","0","0","1","1","1",5983,85
"5984","Tokyo","School","ElementarySchool","ZoneC","GHP","MUL"," 895838.21","1","0","0","0","1","1","1",5984,338
"5985","Tokyo","School","ElementarySchool","ZoneC","GHP","MUL"," 367750.96","0","0","0","0","2","1","1",5985,33
"5986","Tokyo","School","ElementarySchool","ZoneC","GHP","MUL"," 461492.41","1","0","0","0","2","1","1",5986,340
"5987","Tokyo","School","ElementarySchool","ZoneC","ABCH","CAV","1155754.48","0","0","0","0","1","1","1",5987,70
"5988","Tokyo","School","ElementarySchool","ZoneC","ABCH","CAV","1450361.75","1","0","0","0","1","1","1",5988,201
"5989","Tokyo","School","ElementarySchool","ZoneC","ABCH","CAV"," 595388.67","0","0","0","0","2","1","1",5989,144
"5990","Tokyo","School","ElementarySchool","ZoneC","ABCH","CAV"," 747156.05","1","0","0","0","2","1","1",5990,201
"5991","Tokyo","School","ElementarySchool","ZoneC","ABCH","VAV","  82378.07","0","0","0","0","1","1","1",5991,100
"5992","Tokyo","School","ElementarySchool","ZoneC","ABCH","VAV"," 103376.63","1","0","0","0","1","1","1",5992,189
"5993","Tokyo","School","ElementarySchool","ZoneC","ABCH","VAV","  42437.19","0","0","0","0","2","1","1",5993,228
"5994","Tokyo","School","ElementarySchool","ZoneC","ABCH","VAV","  53254.63","1","0","0","0","2","1","1",5994,238
"5995","Tokyo","School","ElementarySchool","ZoneC","ABCH","FCU"," 508531.97","0","0","0","0","1","1","1",5995,243
"5996","Tokyo","School","ElementarySchool","ZoneC","ABCH","FCU"," 638159.17","1","0","0","0","1","1","1",5996,342
"5997","Tokyo","School","ElementarySchool","ZoneC","ABCH","FCU"," 261971.01","0","0","0","0","2","1","1",5997,295
"5998","Tokyo","School","ElementarySchool","ZoneC","ABCH","FCU"," 328748.66","1","0","0","0","2","1","1",5998,185
"5999","Tokyo","School","ElementarySchool","ZoneC","ABCH","OHUFCU"," 785913.04","0","0","0","0","1","1","1",5999,15
"6000","Tokyo","School","ElementarySchool","ZoneC","ABCH","OHUFCU"," 986245.99","1","0","0","0","1","1","1",6000,185
"6001","Tokyo","School","ElementarySchool","ZoneC","ABCH","OHUFCU"," 404864.29","0","0","0","0","2","1","1",6001,260
"6002","Tokyo","School","ElementarySchool","ZoneC","ABCH","OHUFCU"," 508066.12","1","0","0","0","2","1","1",6002,351
"6003","Tokyo","School","ElementarySchool","ZoneC","AHP","CAV"," 423327.83","0","0","0","0","1","1","1",6003,220
"6004","Tokyo","School","ElementarySchool","ZoneC","AHP","CAV"," 531236.09","1","0","0","0","1","1","1",6004,292
"6005","Tokyo","School","ElementarySchool","ZoneC","AHP","CAV"," 225409.96","0","0","0","0","2","1","1",6005,291
"6006","Tokyo","School","ElementarySchool","ZoneC","AHP","CAV"," 282868.03","1","0","0","0","2","1","1",6006,361
"6007","Tokyo","School","ElementarySchool","ZoneC","AHP","VAV","  30173.30","0","0","0","0","1","1","1",6007,116
"6008","Tokyo","School","ElementarySchool","ZoneC","AHP","VAV","  37864.62","1","0","0","0","1","1","1",6008,19
"6009","Tokyo","School","ElementarySchool","ZoneC","AHP","FCU"," 186264.24","0","0","0","0","1","1","1",6009,12
"6010","Tokyo","School","ElementarySchool","ZoneC","AHP","FCU"," 233743.88","1","0","0","0","1","1","1",6010,93
"6011","Tokyo","School","ElementarySchool","ZoneC","AHP","FCU","  99180.38","0","0","0","0","2","1","1",6011,89
"6012","Tokyo","School","ElementarySchool","ZoneC","AHP","FCU"," 124461.93","1","0","0","0","2","1","1",6012,388
"6013","Tokyo","School","ElementarySchool","ZoneC","AHP","OHUFCU"," 287862.92","0","0","0","0","1","1","1",6013,205
"6014","Tokyo","School","ElementarySchool","ZoneC","AHP","OHUFCU"," 361240.54","1","0","0","0","1","1","1",6014,107
"6015","Tokyo","School","ElementarySchool","ZoneC","AHP","OHUFCU"," 153278.78","0","0","0","0","2","1","1",6015,257
"6016","Tokyo","School","ElementarySchool","ZoneC","AHP","OHUFCU"," 192350.26","1","0","0","0","2","1","1",6016,397
"6017","Tokyo","School","JuniorHighSchool","ZoneC","EHP","MUL","4607292.30","0","0","0","0","1","1","1",6017,30
"6018","Tokyo","School","JuniorHighSchool","ZoneC","EHP","MUL","5781712.87","1","0","0","0","1","1","1",6018,202
"6019","Tokyo","School","JuniorHighSchool","ZoneC","EHP","MUL","2373453.61","0","0","0","0","2","1","1",6019,170
"6020","Tokyo","School","JuniorHighSchool","ZoneC","EHP","MUL","2978458.15","1","0","0","0","2","1","1",6020,31
"6021","Tokyo","School","JuniorHighSchool","ZoneC","GHP","MUL"," 435349.02","0","0","0","0","1","1","1",6021,21
"6022","Tokyo","School","JuniorHighSchool","ZoneC","GHP","MUL"," 546321.54","1","0","0","0","1","1","1",6022,195
"6023","Tokyo","School","JuniorHighSchool","ZoneC","GHP","MUL"," 224270.71","0","0","0","0","2","1","1",6023,77
"6024","Tokyo","School","JuniorHighSchool","ZoneC","GHP","MUL"," 281438.37","1","0","0","0","2","1","1",6024,305
"6025","Tokyo","School","JuniorHighSchool","ZoneC","ABCH","CAV"," 704829.91","0","0","0","0","1","1","1",6025,243
"6026","Tokyo","School","JuniorHighSchool","ZoneC","ABCH","CAV"," 884494.39","1","0","0","0","1","1","1",6026,177
"6027","Tokyo","School","JuniorHighSchool","ZoneC","ABCH","CAV"," 363094.20","0","0","0","0","2","1","1",6027,58
"6028","Tokyo","School","JuniorHighSchool","ZoneC","ABCH","CAV"," 455648.62","1","0","0","0","2","1","1",6028,274
"6029","Tokyo","School","JuniorHighSchool","ZoneC","ABCH","VAV","  50237.77","0","0","0","0","1","1","1",6029,240
"6030","Tokyo","School","JuniorHighSchool","ZoneC","ABCH","VAV","  63043.62","1","0","0","0","1","1","1",6030,233
"6031","Tokyo","School","JuniorHighSchool","ZoneC","ABCH","VAV","  25880.06","0","0","0","0","2","1","1",6031,341
"6032","Tokyo","School","JuniorHighSchool","ZoneC","ABCH","VAV","  32477.01","1","0","0","0","2","1","1",6032,147
"6033","Tokyo","School","JuniorHighSchool","ZoneC","ABCH","FCU"," 310125.16","0","0","0","0","1","1","1",6033,290
"6034","Tokyo","School","JuniorHighSchool","ZoneC","ABCH","FCU"," 389177.53","1","0","0","0","1","1","1",6034,301
"6035","Tokyo","School","JuniorHighSchool","ZoneC","ABCH","FCU"," 159761.45","0","0","0","0","2","1","1",6035,264
"6036","Tokyo","School","JuniorHighSchool","ZoneC","ABCH","FCU"," 200485.39","1","0","0","0","2","1","1",6036,108
"6037","Tokyo","School","JuniorHighSchool","ZoneC","ABCH","OHUFCU"," 479284.34","0","0","0","0","1","1","1",6037,324
"6038","Tokyo","School","JuniorHighSchool","ZoneC","ABCH","OHUFCU"," 601456.18","1","0","0","0","1","1","1",6038,113
"6039","Tokyo","School","JuniorHighSchool","ZoneC","ABCH","OHUFCU"," 246904.05","0","0","0","0","2","1","1",6039,7
"6040","Tokyo","School","JuniorHighSchool","ZoneC","ABCH","OHUFCU"," 309841.06","1","0","0","0","2","1","1",6040,219
"6041","Tokyo","School","JuniorHighSchool","ZoneC","AHP","CAV"," 266843.65","0","0","0","0","1","1","1",6041,169
"6042","Tokyo","School","JuniorHighSchool","ZoneC","AHP","CAV"," 334863.36","1","0","0","0","1","1","1",6042,242
"6043","Tokyo","School","JuniorHighSchool","ZoneC","AHP","CAV"," 137464.91","0","0","0","0","2","1","1",6043,370
"6044","Tokyo","School","JuniorHighSchool","ZoneC","AHP","CAV"," 172505.37","1","0","0","0","2","1","1",6044,73
"6045","Tokyo","School","JuniorHighSchool","ZoneC","AHP","FCU"," 117411.21","0","0","0","0","1","1","1",6045,369
"6046","Tokyo","School","JuniorHighSchool","ZoneC","AHP","FCU"," 147339.88","1","0","0","0","1","1","1",6046,26
"6047","Tokyo","School","JuniorHighSchool","ZoneC","AHP","FCU","  60484.56","0","0","0","0","2","1","1",6047,331
"6048","Tokyo","School","JuniorHighSchool","ZoneC","AHP","FCU","  75902.36","1","0","0","0","2","1","1",6048,310
"6049","Tokyo","School","JuniorHighSchool","ZoneC","AHP","OHUFCU"," 181453.68","0","0","0","0","1","1","1",6049,99
"6050","Tokyo","School","JuniorHighSchool","ZoneC","AHP","OHUFCU"," 227707.08","1","0","0","0","1","1","1",6050,221
"6051","Tokyo","School","JuniorHighSchool","ZoneC","AHP","OHUFCU","  93476.14","0","0","0","0","2","1","1",6051,297
"6052","Tokyo","School","JuniorHighSchool","ZoneC","AHP","OHUFCU"," 117303.65","1","0","0","0","2","1","1",6052,364
"6053","Tokyo","School","HighSchool","ZoneC","EHP","MUL","4064109.11","0","0","0","0","1","1","1",6053,124
"6054","Tokyo","School","HighSchool","ZoneC","EHP","MUL","5100069.71","1","0","0","0","1","1","1",6054,118
"6055","Tokyo","School","HighSchool","ZoneC","EHP","MUL","2093631.96","0","0","0","0","2","1","1",6055,324
"6056","Tokyo","School","HighSchool","ZoneC","EHP","MUL","2627308.64","1","0","0","0","2","1","1",6056,76
"6057","Tokyo","School","HighSchool","ZoneC","GHP","MUL"," 384022.94","0","0","0","0","1","1","1",6057,274
"6058","Tokyo","School","HighSchool","ZoneC","GHP","MUL"," 481912.20","1","0","0","0","1","1","1",6058,201
"6059","Tokyo","School","HighSchool","ZoneC","GHP","MUL"," 197830.00","0","0","0","0","2","1","1",6059,187
"6060","Tokyo","School","HighSchool","ZoneC","GHP","MUL"," 248257.80","1","0","0","0","2","1","1",6060,370
"6061","Tokyo","School","HighSchool","ZoneC","ABCH","CAV"," 621733.00","0","0","0","0","1","1","1",6061,384
"6062","Tokyo","School","HighSchool","ZoneC","ABCH","CAV"," 780215.68","1","0","0","0","1","1","1",6062,206
"6063","Tokyo","School","HighSchool","ZoneC","ABCH","CAV"," 320286.70","0","0","0","0","2","1","1",6063,148
"6064","Tokyo","School","HighSchool","ZoneC","ABCH","CAV"," 401929.29","1","0","0","0","2","1","1",6064,72
"6065","Tokyo","School","HighSchool","ZoneC","ABCH","VAV","  44314.92","0","0","0","0","1","1","1",6065,144
"6066","Tokyo","School","HighSchool","ZoneC","ABCH","VAV","  55611.00","1","0","0","0","1","1","1",6066,140
"6067","Tokyo","School","HighSchool","ZoneC","ABCH","VAV","  51476.99","1","0","0","0","2","1","1",6067,107
"6068","Tokyo","School","HighSchool","ZoneC","ABCH","FCU"," 273562.52","0","0","0","0","1","1","1",6068,94
"6069","Tokyo","School","HighSchool","ZoneC","ABCH","FCU"," 343294.90","1","0","0","0","1","1","1",6069,29
"6070","Tokyo","School","HighSchool","ZoneC","ABCH","FCU"," 140926.15","0","0","0","0","2","1","1",6070,198
"6071","Tokyo","School","HighSchool","ZoneC","ABCH","FCU"," 176848.89","1","0","0","0","2","1","1",6071,53
"6072","Tokyo","School","HighSchool","ZoneC","ABCH","OHUFCU"," 422778.44","0","0","0","0","1","1","1",6072,107
"6073","Tokyo","School","HighSchool","ZoneC","ABCH","OHUFCU"," 530546.66","1","0","0","0","1","1","1",6073,201
"6074","Tokyo","School","HighSchool","ZoneC","ABCH","OHUFCU"," 217794.95","0","0","0","0","2","1","1",6074,334
"6075","Tokyo","School","HighSchool","ZoneC","ABCH","OHUFCU"," 273311.92","1","0","0","0","2","1","1",6075,54
"6076","Tokyo","School","HighSchool","ZoneC","AHP","CAV"," 235383.74","0","0","0","0","1","1","1",6076,80
"6077","Tokyo","School","HighSchool","ZoneC","AHP","CAV"," 295384.17","1","0","0","0","1","1","1",6077,7
"6078","Tokyo","School","HighSchool","ZoneC","AHP","CAV"," 121258.29","0","0","0","0","2","1","1",6078,366
"6079","Tokyo","School","HighSchool","ZoneC","AHP","CAV"," 152167.60","1","0","0","0","2","1","1",6079,10
"6080","Tokyo","School","HighSchool","ZoneC","AHP","FCU"," 103568.85","0","0","0","0","1","1","1",6080,119
"6081","Tokyo","School","HighSchool","ZoneC","AHP","FCU"," 129969.03","1","0","0","0","1","1","1",6081,183
"6082","Tokyo","School","HighSchool","ZoneC","AHP","FCU","  53353.65","0","0","0","0","2","1","1",6082,246
"6083","Tokyo","School","HighSchool","ZoneC","AHP","FCU","  66953.75","1","0","0","0","2","1","1",6083,25
"6084","Tokyo","School","HighSchool","ZoneC","AHP","OHUFCU"," 160060.94","0","0","0","0","1","1","1",6084,382
"6085","Tokyo","School","HighSchool","ZoneC","AHP","OHUFCU"," 200861.24","1","0","0","0","1","1","1",6085,262
"6086","Tokyo","School","HighSchool","ZoneC","AHP","OHUFCU","  82455.64","0","0","0","0","2","1","1",6086,82
"6087","Tokyo","School","HighSchool","ZoneC","AHP","OHUFCU"," 103473.97","1","0","0","0","2","1","1",6087,394
"6088","Nigata","School","ElementarySchool","ZoneC","EHP","MUL","2005221.10","0","0","0","0","1","1","1",6088,351
"6089","Nigata","School","ElementarySchool","ZoneC","EHP","MUL","2516361.43","1","0","0","0","1","1","1",6089,17
"6090","Nigata","School","ElementarySchool","ZoneC","EHP","MUL","1032992.69","0","0","0","0","2","1","1",6090,184
"6091","Nigata","School","ElementarySchool","ZoneC","EHP","MUL","1296307.40","1","0","0","0","2","1","1",6091,384
"6092","Nigata","School","ElementarySchool","ZoneC","GHP","MUL","  79868.59","0","0","0","0","1","1","1",6092,360
"6093","Nigata","School","ElementarySchool","ZoneC","GHP","MUL"," 100227.47","1","0","0","0","1","1","1",6093,338
"6094","Nigata","School","ElementarySchool","ZoneC","GHP","MUL","  41144.43","0","0","0","0","2","1","1",6094,319
"6095","Nigata","School","ElementarySchool","ZoneC","GHP","MUL","  51632.33","1","0","0","0","2","1","1",6095,316
"6096","Nigata","School","ElementarySchool","ZoneC","ABCH","CAV"," 126324.92","0","0","0","0","1","1","1",6096,386
"6097","Nigata","School","ElementarySchool","ZoneC","ABCH","CAV"," 158525.74","1","0","0","0","1","1","1",6097,256
"6098","Nigata","School","ElementarySchool","ZoneC","ABCH","CAV","  65076.47","0","0","0","0","2","1","1",6098,386
"6099","Nigata","School","ElementarySchool","ZoneC","ABCH","CAV","  81664.77","1","0","0","0","2","1","1",6099,112
"6100","Nigata","School","ElementarySchool","ZoneC","ABCH","FCU","  55582.96","0","0","0","0","1","1","1",6100,362
"6101","Nigata","School","ElementarySchool","ZoneC","ABCH","FCU","  69751.32","1","0","0","0","1","1","1",6101,237
"6102","Nigata","School","ElementarySchool","ZoneC","ABCH","FCU","  28633.65","0","0","0","0","2","1","1",6102,145
"6103","Nigata","School","ElementarySchool","ZoneC","ABCH","FCU","  35932.50","1","0","0","0","2","1","1",6103,230
"6104","Nigata","School","ElementarySchool","ZoneC","ABCH","OHUFCU","  85900.94","0","0","0","0","1","1","1",6104,235
"6105","Nigata","School","ElementarySchool","ZoneC","ABCH","OHUFCU"," 107797.50","1","0","0","0","1","1","1",6105,108
"6106","Nigata","School","ElementarySchool","ZoneC","ABCH","OHUFCU","  44252.00","0","0","0","0","2","1","1",6106,66
"6107","Nigata","School","ElementarySchool","ZoneC","ABCH","OHUFCU","  55532.05","1","0","0","0","2","1","1",6107,274
"6108","Nigata","School","ElementarySchool","ZoneC","AHP","CAV","  58223.82","0","0","0","0","1","1","1",6108,100
"6109","Nigata","School","ElementarySchool","ZoneC","AHP","CAV","  73065.34","1","0","0","0","1","1","1",6109,327
"6110","Nigata","School","ElementarySchool","ZoneC","AHP","CAV","  50390.07","0","0","0","0","2","1","1",6110,70
"6111","Nigata","School","ElementarySchool","ZoneC","AHP","CAV","  63234.73","1","0","0","0","2","1","1",6111,384
"6112","Nigata","School","ElementarySchool","ZoneC","AHP","OHUFCU","  39592.20","0","0","0","0","1","1","1",6112,147
"6113","Nigata","School","ElementarySchool","ZoneC","AHP","OHUFCU","  49684.43","1","0","0","0","1","1","1",6113,179
"6114","Nigata","School","JuniorHighSchool","ZoneC","EHP","MUL","1253216.17","0","0","0","0","1","1","1",6114,135
"6115","Nigata","School","JuniorHighSchool","ZoneC","EHP","MUL","1572666.89","1","0","0","0","1","1","1",6115,84
"6116","Nigata","School","JuniorHighSchool","ZoneC","EHP","MUL"," 645596.21","0","0","0","0","2","1","1",6116,122
"6117","Nigata","School","JuniorHighSchool","ZoneC","EHP","MUL"," 810161.73","1","0","0","0","2","1","1",6117,261
"6118","Nigata","School","JuniorHighSchool","ZoneC","GHP","MUL","  49916.00","0","0","0","0","1","1","1",6118,125
"6119","Nigata","School","JuniorHighSchool","ZoneC","GHP","MUL","  62639.82","1","0","0","0","1","1","1",6119,114
"6120","Nigata","School","JuniorHighSchool","ZoneC","GHP","MUL","  25714.30","0","0","0","0","2","1","1",6120,255
"6121","Nigata","School","JuniorHighSchool","ZoneC","GHP","MUL","  32269.00","1","0","0","0","2","1","1",6121,67
"6122","Nigata","School","JuniorHighSchool","ZoneC","ABCH","CAV","  78950.11","0","0","0","0","1","1","1",6122,337
"6123","Nigata","School","JuniorHighSchool","ZoneC","ABCH","CAV","  99074.87","1","0","0","0","1","1","1",6123,268
"6124","Nigata","School","JuniorHighSchool","ZoneC","ABCH","CAV","  51323.27","0","0","0","0","2","1","1",6124,75
"6125","Nigata","School","JuniorHighSchool","ZoneC","ABCH","CAV","  64405.81","1","0","0","0","2","1","1",6125,144
"6126","Nigata","School","JuniorHighSchool","ZoneC","ABCH","FCU","  34738.05","0","0","0","0","1","1","1",6126,55
"6127","Nigata","School","JuniorHighSchool","ZoneC","ABCH","FCU","  43592.94","1","0","0","0","1","1","1",6127,236
"6128","Nigata","School","JuniorHighSchool","ZoneC","ABCH","OHUFCU","  53686.08","0","0","0","0","1","1","1",6128,121
"6129","Nigata","School","JuniorHighSchool","ZoneC","ABCH","OHUFCU","  67370.91","1","0","0","0","1","1","1",6129,235
"6130","Nigata","School","JuniorHighSchool","ZoneC","ABCH","OHUFCU","  34899.82","0","0","0","0","2","1","1",6130,103
"6131","Nigata","School","JuniorHighSchool","ZoneC","ABCH","OHUFCU","  43795.95","1","0","0","0","2","1","1",6131,80
"6132","Nigata","School","JuniorHighSchool","ZoneC","AHP","CAV","  61132.72","0","0","0","0","1","1","1",6132,344
"6133","Nigata","School","JuniorHighSchool","ZoneC","AHP","CAV","  76715.73","1","0","0","0","1","1","1",6133,126
"6134","Nigata","School","JuniorHighSchool","ZoneC","AHP","CAV","  31492.61","0","0","0","0","2","1","1",6134,358
"6135","Nigata","School","JuniorHighSchool","ZoneC","AHP","CAV","  39520.23","1","0","0","0","2","1","1",6135,365
"6136","Nigata","School","HighSchool","ZoneC","EHP","MUL","1122023.93","0","0","0","0","1","1","1",6136,164
"6137","Nigata","School","HighSchool","ZoneC","EHP","MUL","1408033.13","1","0","0","0","1","1","1",6137,345
"6138","Nigata","School","HighSchool","ZoneC","EHP","MUL"," 578012.33","0","0","0","0","2","1","1",6138,328
"6139","Nigata","School","HighSchool","ZoneC","EHP","MUL"," 725350.40","1","0","0","0","2","1","1",6139,365
"6140","Nigata","School","HighSchool","ZoneC","GHP","MUL","  44690.57","0","0","0","0","1","1","1",6140,116
"6141","Nigata","School","HighSchool","ZoneC","GHP","MUL","  56082.41","1","0","0","0","1","1","1",6141,298
"6142","Nigata","School","HighSchool","ZoneC","GHP","MUL","  51913.35","1","0","0","0","2","1","1",6142,51
"6143","Nigata","School","HighSchool","ZoneC","ABCH","CAV","  70685.26","0","0","0","0","1","1","1",6143,31
"6144","Nigata","School","HighSchool","ZoneC","ABCH","CAV","  88703.27","1","0","0","0","1","1","1",6144,42
"6145","Nigata","School","HighSchool","ZoneC","ABCH","CAV","  45950.52","0","0","0","0","2","1","1",6145,324
"6146","Nigata","School","HighSchool","ZoneC","ABCH","CAV","  57663.53","1","0","0","0","2","1","1",6146,312
"6147","Nigata","School","HighSchool","ZoneC","ABCH","FCU","  31101.52","0","0","0","0","1","1","1",6147,220
"6148","Nigata","School","HighSchool","ZoneC","ABCH","FCU","  39029.44","1","0","0","0","1","1","1",6148,70
"6149","Nigata","School","HighSchool","ZoneC","ABCH","OHUFCU","  48065.98","0","0","0","0","1","1","1",6149,246
"6150","Nigata","School","HighSchool","ZoneC","ABCH","OHUFCU","  60318.22","1","0","0","0","1","1","1",6150,3
"6151","Nigata","School","HighSchool","ZoneC","ABCH","OHUFCU","  31246.35","0","0","0","0","2","1","1",6151,321
"6152","Nigata","School","HighSchool","ZoneC","ABCH","OHUFCU","  39211.20","1","0","0","0","2","1","1",6152,67
"6153","Nigata","School","HighSchool","ZoneC","AHP","CAV","  54733.07","0","0","0","0","1","1","1",6153,309
"6154","Nigata","School","HighSchool","ZoneC","AHP","CAV","  68684.79","1","0","0","0","1","1","1",6154,322
"6155","Nigata","School","HighSchool","ZoneC","AHP","CAV","  28195.82","0","0","0","0","2","1","1",6155,256
"6156","Nigata","School","HighSchool","ZoneC","AHP","CAV","  35383.07","1","0","0","0","2","1","1",6156,140
"6157","Nagoya","School","ElementarySchool","ZoneC","EHP","MUL","4143426.49","0","0","0","0","1","1","1",6157,211
"6158","Nagoya","School","ElementarySchool","ZoneC","EHP","MUL","5199605.48","1","0","0","0","1","1","1",6158,372
"6159","Nagoya","School","ElementarySchool","ZoneC","EHP","MUL","2134492.44","0","0","0","0","2","1","1",6159,118
"6160","Nagoya","School","ElementarySchool","ZoneC","EHP","MUL","2678584.64","1","0","0","0","2","1","1",6160,103
"6161","Nagoya","School","ElementarySchool","ZoneC","GHP","MUL"," 258309.47","0","0","0","0","1","1","1",6161,180
"6162","Nagoya","School","ElementarySchool","ZoneC","GHP","MUL"," 324153.77","1","0","0","0","1","1","1",6162,91
"6163","Nagoya","School","ElementarySchool","ZoneC","GHP","MUL"," 133068.51","0","0","0","0","2","1","1",6163,173
"6164","Nagoya","School","ElementarySchool","ZoneC","GHP","MUL"," 166988.31","1","0","0","0","2","1","1",6164,270
"6165","Nagoya","School","ElementarySchool","ZoneC","ABCH","CAV"," 405405.90","0","0","0","0","1","1","1",6165,73
"6166","Nagoya","School","ElementarySchool","ZoneC","ABCH","CAV"," 508745.78","1","0","0","0","1","1","1",6166,265
"6167","Nagoya","School","ElementarySchool","ZoneC","ABCH","CAV"," 215858.43","0","0","0","0","2","1","1",6167,295
"6168","Nagoya","School","ElementarySchool","ZoneC","ABCH","CAV"," 270881.76","1","0","0","0","2","1","1",6168,258
"6169","Nagoya","School","ElementarySchool","ZoneC","ABCH","VAV","  28860.40","0","0","0","0","1","1","1",6169,162
"6170","Nagoya","School","ElementarySchool","ZoneC","ABCH","VAV","  36217.06","1","0","0","0","1","1","1",6170,217
"6171","Nagoya","School","ElementarySchool","ZoneC","ABCH","FCU"," 178378.60","0","0","0","0","1","1","1",6171,395
"6172","Nagoya","School","ElementarySchool","ZoneC","ABCH","FCU"," 223848.14","1","0","0","0","1","1","1",6172,214
"6173","Nagoya","School","ElementarySchool","ZoneC","ABCH","FCU","  94977.71","0","0","0","0","2","1","1",6173,198
"6174","Nagoya","School","ElementarySchool","ZoneC","ABCH","FCU"," 119187.97","1","0","0","0","2","1","1",6174,62
"6175","Nagoya","School","ElementarySchool","ZoneC","ABCH","OHUFCU"," 275676.01","0","0","0","0","1","1","1",6175,348
"6176","Nagoya","School","ElementarySchool","ZoneC","ABCH","OHUFCU"," 345947.13","1","0","0","0","1","1","1",6176,259
"6177","Nagoya","School","ElementarySchool","ZoneC","ABCH","OHUFCU"," 146783.73","0","0","0","0","2","1","1",6177,184
"6178","Nagoya","School","ElementarySchool","ZoneC","ABCH","OHUFCU"," 184199.60","1","0","0","0","2","1","1",6178,269
"6179","Nagoya","School","ElementarySchool","ZoneC","AHP","CAV"," 153171.41","0","0","0","0","1","1","1",6179,309
"6180","Nagoya","School","ElementarySchool","ZoneC","AHP","CAV"," 192215.53","1","0","0","0","1","1","1",6180,262
"6181","Nagoya","School","ElementarySchool","ZoneC","AHP","CAV","  78906.49","0","0","0","0","2","1","1",6181,26
"6182","Nagoya","School","ElementarySchool","ZoneC","AHP","CAV","  99020.12","1","0","0","0","2","1","1",6182,123
"6183","Nagoya","School","ElementarySchool","ZoneC","AHP","FCU","  67395.42","0","0","0","0","1","1","1",6183,167
"6184","Nagoya","School","ElementarySchool","ZoneC","AHP","FCU","  84574.83","1","0","0","0","1","1","1",6184,30
"6185","Nagoya","School","ElementarySchool","ZoneC","AHP","FCU","  34718.85","0","0","0","0","2","1","1",6185,51
"6186","Nagoya","School","ElementarySchool","ZoneC","AHP","FCU","  43568.85","1","0","0","0","2","1","1",6186,269
"6187","Nagoya","School","ElementarySchool","ZoneC","AHP","OHUFCU"," 104156.56","0","0","0","0","1","1","1",6187,63
"6188","Nagoya","School","ElementarySchool","ZoneC","AHP","OHUFCU"," 130706.56","1","0","0","0","1","1","1",6188,228
"6189","Nagoya","School","ElementarySchool","ZoneC","AHP","OHUFCU","  53656.41","0","0","0","0","2","1","1",6189,363
"6190","Nagoya","School","ElementarySchool","ZoneC","AHP","OHUFCU","  67333.68","1","0","0","0","2","1","1",6190,3
"6191","Nagoya","School","JuniorHighSchool","ZoneC","EHP","MUL","2604120.00","0","0","0","0","1","1","1",6191,256
"6192","Nagoya","School","JuniorHighSchool","ZoneC","EHP","MUL","3267922.49","1","0","0","0","1","1","1",6192,95
"6193","Nagoya","School","JuniorHighSchool","ZoneC","EHP","MUL","1341516.36","0","0","0","0","2","1","1",6193,116
"6194","Nagoya","School","JuniorHighSchool","ZoneC","EHP","MUL","1683475.22","1","0","0","0","2","1","1",6194,193
"6195","Nagoya","School","JuniorHighSchool","ZoneC","GHP","MUL"," 162346.03","0","0","0","0","1","1","1",6195,262
"6196","Nagoya","School","JuniorHighSchool","ZoneC","GHP","MUL"," 203728.80","1","0","0","0","1","1","1",6196,230
"6197","Nagoya","School","JuniorHighSchool","ZoneC","GHP","MUL","  83632.80","0","0","0","0","2","1","1",6197,265
"6198","Nagoya","School","JuniorHighSchool","ZoneC","GHP","MUL"," 104951.20","1","0","0","0","2","1","1",6198,153
"6199","Nagoya","School","JuniorHighSchool","ZoneC","ABCH","CAV"," 263351.25","0","0","0","0","1","1","1",6199,64
"6200","Nagoya","School","JuniorHighSchool","ZoneC","ABCH","CAV"," 330480.72","1","0","0","0","1","1","1",6200,282
"6201","Nagoya","School","JuniorHighSchool","ZoneC","ABCH","CAV"," 135665.79","0","0","0","0","2","1","1",6201,202
"6202","Nagoya","School","JuniorHighSchool","ZoneC","ABCH","CAV"," 170247.65","1","0","0","0","2","1","1",6202,231
"6203","Nagoya","School","JuniorHighSchool","ZoneC","ABCH","FCU"," 115874.55","0","0","0","0","1","1","1",6203,282
"6204","Nagoya","School","JuniorHighSchool","ZoneC","ABCH","FCU"," 145411.52","1","0","0","0","1","1","1",6204,148
"6205","Nagoya","School","JuniorHighSchool","ZoneC","ABCH","FCU","  59692.95","0","0","0","0","2","1","1",6205,353
"6206","Nagoya","School","JuniorHighSchool","ZoneC","ABCH","FCU","  74908.96","1","0","0","0","2","1","1",6206,372
"6207","Nagoya","School","JuniorHighSchool","ZoneC","ABCH","OHUFCU"," 179078.85","0","0","0","0","1","1","1",6207,367
"6208","Nagoya","School","JuniorHighSchool","ZoneC","ABCH","OHUFCU"," 224726.89","1","0","0","0","1","1","1",6208,346
"6209","Nagoya","School","JuniorHighSchool","ZoneC","ABCH","OHUFCU","  92252.74","0","0","0","0","2","1","1",6209,326
"6210","Nagoya","School","JuniorHighSchool","ZoneC","ABCH","OHUFCU"," 115768.40","1","0","0","0","2","1","1",6210,241
"6211","Nagoya","School","JuniorHighSchool","ZoneC","AHP","CAV","  96267.36","0","0","0","0","1","1","1",6211,313
"6212","Nagoya","School","JuniorHighSchool","ZoneC","AHP","CAV"," 120806.37","1","0","0","0","1","1","1",6212,251
"6213","Nagoya","School","JuniorHighSchool","ZoneC","AHP","CAV","  62580.73","0","0","0","0","2","1","1",6213,106
"6214","Nagoya","School","JuniorHighSchool","ZoneC","AHP","CAV","  78532.86","1","0","0","0","2","1","1",6214,221
"6215","Nagoya","School","JuniorHighSchool","ZoneC","AHP","FCU","  42357.64","0","0","0","0","1","1","1",6215,214
"6216","Nagoya","School","JuniorHighSchool","ZoneC","AHP","FCU","  53154.80","1","0","0","0","1","1","1",6216,98
"6217","Nagoya","School","JuniorHighSchool","ZoneC","AHP","OHUFCU","  65461.81","0","0","0","0","1","1","1",6217,341
"6218","Nagoya","School","JuniorHighSchool","ZoneC","AHP","OHUFCU","  82148.33","1","0","0","0","1","1","1",6218,46
"6219","Nagoya","School","JuniorHighSchool","ZoneC","AHP","OHUFCU","  42554.90","0","0","0","0","2","1","1",6219,29
"6220","Nagoya","School","JuniorHighSchool","ZoneC","AHP","OHUFCU","  53402.34","1","0","0","0","2","1","1",6220,215
"6221","Nagoya","School","HighSchool","ZoneC","EHP","MUL","2062746.21","0","0","0","0","1","1","1",6221,206
"6222","Nagoya","School","HighSchool","ZoneC","EHP","MUL","2588549.97","1","0","0","0","1","1","1",6222,368
"6223","Nagoya","School","HighSchool","ZoneC","EHP","MUL","1062626.84","0","0","0","0","2","1","1",6223,381
"6224","Nagoya","School","HighSchool","ZoneC","EHP","MUL","1333495.44","1","0","0","0","2","1","1",6224,54
"6225","Nagoya","School","HighSchool","ZoneC","GHP","MUL"," 128595.71","0","0","0","0","1","1","1",6225,265
"6226","Nagoya","School","HighSchool","ZoneC","GHP","MUL"," 161375.36","1","0","0","0","1","1","1",6226,102
"6227","Nagoya","School","HighSchool","ZoneC","GHP","MUL","  66246.28","0","0","0","0","2","1","1",6227,232
"6228","Nagoya","School","HighSchool","ZoneC","GHP","MUL","  83132.76","1","0","0","0","2","1","1",6228,235
"6229","Nagoya","School","HighSchool","ZoneC","ABCH","CAV"," 208602.82","0","0","0","0","1","1","1",6229,360
"6230","Nagoya","School","HighSchool","ZoneC","ABCH","CAV"," 261776.67","1","0","0","0","1","1","1",6230,292
"6231","Nagoya","School","HighSchool","ZoneC","ABCH","CAV"," 107462.06","0","0","0","0","2","1","1",6231,140
"6232","Nagoya","School","HighSchool","ZoneC","ABCH","CAV"," 134854.65","1","0","0","0","2","1","1",6232,80
"6233","Nagoya","School","HighSchool","ZoneC","ABCH","FCU","  91785.24","0","0","0","0","1","1","1",6233,370
"6234","Nagoya","School","HighSchool","ZoneC","ABCH","FCU"," 115181.73","1","0","0","0","1","1","1",6234,109
"6235","Nagoya","School","HighSchool","ZoneC","ABCH","FCU","  47283.31","0","0","0","0","2","1","1",6235,373
"6236","Nagoya","School","HighSchool","ZoneC","ABCH","FCU","  59336.05","1","0","0","0","2","1","1",6236,149
"6237","Nagoya","School","HighSchool","ZoneC","ABCH","OHUFCU"," 141849.92","0","0","0","0","1","1","1",6237,6
"6238","Nagoya","School","HighSchool","ZoneC","ABCH","OHUFCU"," 178008.14","1","0","0","0","1","1","1",6238,345
"6239","Nagoya","School","HighSchool","ZoneC","ABCH","OHUFCU","  73074.20","0","0","0","0","2","1","1",6239,357
"6240","Nagoya","School","HighSchool","ZoneC","ABCH","OHUFCU","  91701.16","1","0","0","0","2","1","1",6240,259
"6241","Nagoya","School","HighSchool","ZoneC","AHP","CAV","  76254.22","0","0","0","0","1","1","1",6241,216
"6242","Nagoya","School","HighSchool","ZoneC","AHP","CAV","  95691.78","1","0","0","0","1","1","1",6242,108
"6243","Nagoya","School","HighSchool","ZoneC","AHP","CAV","  49570.74","0","0","0","0","2","1","1",6243,22
"6244","Nagoya","School","HighSchool","ZoneC","AHP","CAV","  62206.56","1","0","0","0","2","1","1",6244,374
"6245","Nagoya","School","HighSchool","ZoneC","AHP","FCU","  33551.86","0","0","0","0","1","1","1",6245,31
"6246","Nagoya","School","HighSchool","ZoneC","AHP","FCU","  42104.38","1","0","0","0","1","1","1",6246,398
"6247","Nagoya","School","HighSchool","ZoneC","AHP","OHUFCU","  51852.87","0","0","0","0","1","1","1",6247,331
"6248","Nagoya","School","HighSchool","ZoneC","AHP","OHUFCU","  65070.41","1","0","0","0","1","1","1",6248,296
"6249","Nagoya","School","HighSchool","ZoneC","AHP","OHUFCU","  33708.11","0","0","0","0","2","1","1",6249,108
"6250","Nagoya","School","HighSchool","ZoneC","AHP","OHUFCU","  42300.46","1","0","0","0","2","1","1",6250,386
"6251","Osaka","School","ElementarySchool","ZoneC","EHP","MUL","4856144.81","0","0","0","0","1","1","1",6251,299
"6252","Osaka","School","ElementarySchool","ZoneC","EHP","MUL","6093999.06","1","0","0","0","1","1","1",6252,150
"6253","Osaka","School","ElementarySchool","ZoneC","EHP","MUL","2501650.36","0","0","0","0","2","1","1",6253,278
"6254","Osaka","School","ElementarySchool","ZoneC","EHP","MUL","3139332.85","1","0","0","0","2","1","1",6254,229
"6255","Osaka","School","ElementarySchool","ZoneC","GHP","MUL"," 387690.63","0","0","0","0","1","1","1",6255,78
"6256","Osaka","School","ElementarySchool","ZoneC","GHP","MUL"," 486514.80","1","0","0","0","1","1","1",6256,392
"6257","Osaka","School","ElementarySchool","ZoneC","GHP","MUL"," 199719.41","0","0","0","0","2","1","1",6257,327
"6258","Osaka","School","ElementarySchool","ZoneC","GHP","MUL"," 250628.83","1","0","0","0","2","1","1",6258,376
"6259","Osaka","School","ElementarySchool","ZoneC","ABCH","CAV"," 610182.99","0","0","0","0","1","1","1",6259,247
"6260","Osaka","School","ElementarySchool","ZoneC","ABCH","CAV"," 765721.51","1","0","0","0","1","1","1",6260,121
"6261","Osaka","School","ElementarySchool","ZoneC","ABCH","CAV"," 314336.69","0","0","0","0","2","1","1",6261,323
"6262","Osaka","School","ElementarySchool","ZoneC","ABCH","CAV"," 394462.60","1","0","0","0","2","1","1",6262,137
"6263","Osaka","School","ElementarySchool","ZoneC","ABCH","VAV","  43588.23","0","0","0","0","1","1","1",6263,293
"6264","Osaka","School","ElementarySchool","ZoneC","ABCH","VAV","  54699.08","1","0","0","0","1","1","1",6264,345
"6265","Osaka","School","ElementarySchool","ZoneC","ABCH","VAV","  50632.86","1","0","0","0","2","1","1",6265,336
"6266","Osaka","School","ElementarySchool","ZoneC","ABCH","FCU"," 268480.51","0","0","0","0","1","1","1",6266,194
"6267","Osaka","School","ElementarySchool","ZoneC","ABCH","FCU"," 336917.47","1","0","0","0","1","1","1",6267,285
"6268","Osaka","School","ElementarySchool","ZoneC","ABCH","FCU"," 138308.14","0","0","0","0","2","1","1",6268,243
"6269","Osaka","School","ElementarySchool","ZoneC","ABCH","FCU"," 173563.54","1","0","0","0","2","1","1",6269,218
"6270","Osaka","School","ElementarySchool","ZoneC","ABCH","OHUFCU"," 414924.43","0","0","0","0","1","1","1",6270,110
"6271","Osaka","School","ElementarySchool","ZoneC","ABCH","OHUFCU"," 520690.63","1","0","0","0","1","1","1",6271,268
"6272","Osaka","School","ElementarySchool","ZoneC","ABCH","OHUFCU"," 213748.95","0","0","0","0","2","1","1",6272,373
"6273","Osaka","School","ElementarySchool","ZoneC","ABCH","OHUFCU"," 268234.57","1","0","0","0","2","1","1",6273,101
"6274","Osaka","School","ElementarySchool","ZoneC","AHP","CAV"," 231880.27","0","0","0","0","1","1","1",6274,3
"6275","Osaka","School","ElementarySchool","ZoneC","AHP","CAV"," 290987.64","1","0","0","0","1","1","1",6275,285
"6276","Osaka","School","ElementarySchool","ZoneC","AHP","CAV"," 119453.47","0","0","0","0","2","1","1",6276,180
"6277","Osaka","School","ElementarySchool","ZoneC","AHP","CAV"," 149902.73","1","0","0","0","2","1","1",6277,240
"6278","Osaka","School","ElementarySchool","ZoneC","AHP","FCU"," 102027.32","0","0","0","0","1","1","1",6278,310
"6279","Osaka","School","ElementarySchool","ZoneC","AHP","FCU"," 128034.56","1","0","0","0","1","1","1",6279,108
"6280","Osaka","School","ElementarySchool","ZoneC","AHP","FCU","  52559.53","0","0","0","0","2","1","1",6280,293
"6281","Osaka","School","ElementarySchool","ZoneC","AHP","FCU","  65957.20","1","0","0","0","2","1","1",6281,345
"6282","Osaka","School","ElementarySchool","ZoneC","AHP","OHUFCU"," 157678.58","0","0","0","0","1","1","1",6282,288
"6283","Osaka","School","ElementarySchool","ZoneC","AHP","OHUFCU"," 197871.60","1","0","0","0","1","1","1",6283,361
"6284","Osaka","School","ElementarySchool","ZoneC","AHP","OHUFCU","  81228.36","0","0","0","0","2","1","1",6284,352
"6285","Osaka","School","ElementarySchool","ZoneC","AHP","OHUFCU"," 101933.85","1","0","0","0","2","1","1",6285,306
"6286","Osaka","School","JuniorHighSchool","ZoneC","EHP","MUL","2910335.38","0","0","0","0","1","1","1",6286,7
"6287","Osaka","School","JuniorHighSchool","ZoneC","EHP","MUL","3652193.61","1","0","0","0","1","1","1",6287,372
"6288","Osaka","School","JuniorHighSchool","ZoneC","EHP","MUL","1499263.68","0","0","0","0","2","1","1",6288,235
"6289","Osaka","School","JuniorHighSchool","ZoneC","EHP","MUL","1881433.07","1","0","0","0","2","1","1",6289,154
"6290","Osaka","School","JuniorHighSchool","ZoneC","GHP","MUL"," 232346.81","0","0","0","0","1","1","1",6290,222
"6291","Osaka","School","JuniorHighSchool","ZoneC","GHP","MUL"," 291573.11","1","0","0","0","1","1","1",6291,204
"6292","Osaka","School","JuniorHighSchool","ZoneC","GHP","MUL"," 119693.81","0","0","0","0","2","1","1",6292,81
"6293","Osaka","School","JuniorHighSchool","ZoneC","GHP","MUL"," 150204.33","1","0","0","0","2","1","1",6293,296
"6294","Osaka","School","JuniorHighSchool","ZoneC","ABCH","CAV"," 365688.67","0","0","0","0","1","1","1",6294,306
"6295","Osaka","School","JuniorHighSchool","ZoneC","ABCH","CAV"," 458904.44","1","0","0","0","1","1","1",6295,124
"6296","Osaka","School","JuniorHighSchool","ZoneC","ABCH","CAV"," 194732.82","0","0","0","0","2","1","1",6296,334
"6297","Osaka","School","JuniorHighSchool","ZoneC","ABCH","CAV"," 244371.14","1","0","0","0","2","1","1",6297,190
"6298","Osaka","School","JuniorHighSchool","ZoneC","ABCH","VAV","  26122.86","0","0","0","0","1","1","1",6298,41
"6299","Osaka","School","JuniorHighSchool","ZoneC","ABCH","VAV","  32781.69","1","0","0","0","1","1","1",6299,166
"6300","Osaka","School","JuniorHighSchool","ZoneC","ABCH","FCU"," 160903.01","0","0","0","0","1","1","1",6300,184
"6301","Osaka","School","JuniorHighSchool","ZoneC","ABCH","FCU"," 201917.95","1","0","0","0","1","1","1",6301,93
"6302","Osaka","School","JuniorHighSchool","ZoneC","ABCH","FCU","  85682.44","0","0","0","0","2","1","1",6302,338
"6303","Osaka","School","JuniorHighSchool","ZoneC","ABCH","FCU"," 107523.30","1","0","0","0","2","1","1",6303,20
"6304","Osaka","School","JuniorHighSchool","ZoneC","ABCH","OHUFCU"," 248668.30","0","0","0","0","1","1","1",6304,111
"6305","Osaka","School","JuniorHighSchool","ZoneC","ABCH","OHUFCU"," 312055.02","1","0","0","0","1","1","1",6305,256
"6306","Osaka","School","JuniorHighSchool","ZoneC","ABCH","OHUFCU"," 132418.32","0","0","0","0","2","1","1",6306,38
"6307","Osaka","School","JuniorHighSchool","ZoneC","ABCH","OHUFCU"," 166172.37","1","0","0","0","2","1","1",6307,34
"6308","Osaka","School","JuniorHighSchool","ZoneC","AHP","CAV"," 138968.13","0","0","0","0","1","1","1",6308,146
"6309","Osaka","School","JuniorHighSchool","ZoneC","AHP","CAV"," 174391.76","1","0","0","0","1","1","1",6309,156
"6310","Osaka","School","JuniorHighSchool","ZoneC","AHP","CAV","  71589.64","0","0","0","0","2","1","1",6310,192
"6311","Osaka","School","JuniorHighSchool","ZoneC","AHP","CAV","  89838.18","1","0","0","0","2","1","1",6311,48
"6312","Osaka","School","JuniorHighSchool","ZoneC","AHP","FCU","  61145.98","0","0","0","0","1","1","1",6312,387
"6313","Osaka","School","JuniorHighSchool","ZoneC","AHP","FCU","  76732.37","1","0","0","0","1","1","1",6313,153
"6314","Osaka","School","JuniorHighSchool","ZoneC","AHP","FCU","  31499.44","0","0","0","0","2","1","1",6314,247
"6315","Osaka","School","JuniorHighSchool","ZoneC","AHP","FCU","  39528.80","1","0","0","0","2","1","1",6315,219
"6316","Osaka","School","JuniorHighSchool","ZoneC","AHP","OHUFCU","  94498.33","0","0","0","0","1","1","1",6316,368
"6317","Osaka","School","JuniorHighSchool","ZoneC","AHP","OHUFCU"," 118586.40","1","0","0","0","1","1","1",6317,191
"6318","Osaka","School","JuniorHighSchool","ZoneC","AHP","OHUFCU","  48680.96","0","0","0","0","2","1","1",6318,312
"6319","Osaka","School","JuniorHighSchool","ZoneC","AHP","OHUFCU","  61089.96","1","0","0","0","2","1","1",6319,84
"6320","Osaka","School","HighSchool","ZoneC","EHP","MUL","2485754.85","0","0","0","0","1","1","1",6320,162
"6321","Osaka","School","HighSchool","ZoneC","EHP","MUL","3119385.50","1","0","0","0","1","1","1",6321,331
"6322","Osaka","School","HighSchool","ZoneC","EHP","MUL","1280540.38","0","0","0","0","2","1","1",6322,392
"6323","Osaka","School","HighSchool","ZoneC","EHP","MUL","1606956.17","1","0","0","0","2","1","1",6323,235
"6324","Osaka","School","HighSchool","ZoneC","GHP","MUL"," 198450.39","0","0","0","0","1","1","1",6324,19
"6325","Osaka","School","HighSchool","ZoneC","GHP","MUL"," 249036.34","1","0","0","0","1","1","1",6325,259
"6326","Osaka","School","HighSchool","ZoneC","GHP","MUL"," 102232.02","0","0","0","0","2","1","1",6326,193
"6327","Osaka","School","HighSchool","ZoneC","GHP","MUL"," 128291.45","1","0","0","0","2","1","1",6327,94
"6328","Osaka","School","HighSchool","ZoneC","ABCH","CAV"," 312339.39","0","0","0","0","1","1","1",6328,381
"6329","Osaka","School","HighSchool","ZoneC","ABCH","CAV"," 391956.18","1","0","0","0","1","1","1",6329,293
"6330","Osaka","School","HighSchool","ZoneC","ABCH","CAV"," 166323.81","0","0","0","0","2","1","1",6330,106
"6331","Osaka","School","HighSchool","ZoneC","ABCH","CAV"," 208720.53","1","0","0","0","2","1","1",6331,118
"6332","Osaka","School","HighSchool","ZoneC","ABCH","VAV","  50311.13","1","0","0","0","1","1","1",6332,141
"6333","Osaka","School","HighSchool","ZoneC","ABCH","FCU"," 137429.33","0","0","0","0","1","1","1",6333,86
"6334","Osaka","School","HighSchool","ZoneC","ABCH","FCU"," 172460.72","1","0","0","0","1","1","1",6334,295
"6335","Osaka","School","HighSchool","ZoneC","ABCH","FCU","  73182.47","0","0","0","0","2","1","1",6335,96
"6336","Osaka","School","HighSchool","ZoneC","ABCH","FCU","  91837.03","1","0","0","0","2","1","1",6336,15
"6337","Osaka","School","HighSchool","ZoneC","ABCH","OHUFCU"," 212390.79","0","0","0","0","1","1","1",6337,234
"6338","Osaka","School","HighSchool","ZoneC","ABCH","OHUFCU"," 266530.20","1","0","0","0","1","1","1",6338,248
"6339","Osaka","School","HighSchool","ZoneC","ABCH","OHUFCU"," 113100.19","0","0","0","0","2","1","1",6339,337
"6340","Osaka","School","HighSchool","ZoneC","ABCH","OHUFCU"," 141929.96","1","0","0","0","2","1","1",6340,245
"6341","Osaka","School","HighSchool","ZoneC","AHP","CAV"," 118694.46","0","0","0","0","1","1","1",6341,267
"6342","Osaka","School","HighSchool","ZoneC","AHP","CAV"," 148950.24","1","0","0","0","1","1","1",6342,192
"6343","Osaka","School","HighSchool","ZoneC","AHP","CAV","  61145.63","0","0","0","0","2","1","1",6343,246
"6344","Osaka","School","HighSchool","ZoneC","AHP","CAV","  76731.94","1","0","0","0","2","1","1",6344,399
"6345","Osaka","School","HighSchool","ZoneC","AHP","FCU","  52225.56","0","0","0","0","1","1","1",6345,388
"6346","Osaka","School","HighSchool","ZoneC","AHP","FCU","  65538.11","1","0","0","0","1","1","1",6346,66
"6347","Osaka","School","HighSchool","ZoneC","AHP","FCU","  26904.08","0","0","0","0","2","1","1",6347,140
"6348","Osaka","School","HighSchool","ZoneC","AHP","FCU","  33762.05","1","0","0","0","2","1","1",6348,78
"6349","Osaka","School","HighSchool","ZoneC","AHP","OHUFCU","  80712.24","0","0","0","0","1","1","1",6349,209
"6350","Osaka","School","HighSchool","ZoneC","AHP","OHUFCU"," 101286.16","1","0","0","0","1","1","1",6350,319
"6351","Osaka","School","HighSchool","ZoneC","AHP","OHUFCU","  41579.03","0","0","0","0","2","1","1",6351,141
"6352","Osaka","School","HighSchool","ZoneC","AHP","OHUFCU","  52177.72","1","0","0","0","2","1","1",6352,354
"6353","Hiroshima","School","ElementarySchool","ZoneC","EHP","MUL","1134690.04","0","0","0","0","1","1","1",6353,253
"6354","Hiroshima","School","ElementarySchool","ZoneC","EHP","MUL","1423927.89","1","0","0","0","1","1","1",6354,257
"6355","Hiroshima","School","ElementarySchool","ZoneC","EHP","MUL"," 584537.29","0","0","0","0","2","1","1",6355,76
"6356","Hiroshima","School","ElementarySchool","ZoneC","EHP","MUL"," 733538.61","1","0","0","0","2","1","1",6356,387
"6357","Hiroshima","School","ElementarySchool","ZoneC","GHP","MUL","  52656.90","0","0","0","0","1","1","1",6357,95
"6358","Hiroshima","School","ElementarySchool","ZoneC","GHP","MUL","  66079.39","1","0","0","0","1","1","1",6358,338
"6359","Hiroshima","School","ElementarySchool","ZoneC","GHP","MUL","  27126.28","0","0","0","0","2","1","1",6359,62
"6360","Hiroshima","School","ElementarySchool","ZoneC","GHP","MUL","  34040.90","1","0","0","0","2","1","1",6360,239
"6361","Hiroshima","School","ElementarySchool","ZoneC","ABCH","CAV","  83657.21","0","0","0","0","1","1","1",6361,303
"6362","Hiroshima","School","ElementarySchool","ZoneC","ABCH","CAV"," 104981.83","1","0","0","0","1","1","1",6362,93
"6363","Hiroshima","School","ElementarySchool","ZoneC","ABCH","CAV","  54383.22","0","0","0","0","2","1","1",6363,241
"6364","Hiroshima","School","ElementarySchool","ZoneC","ABCH","CAV","  68245.76","1","0","0","0","2","1","1",6364,279
"6365","Hiroshima","School","ElementarySchool","ZoneC","ABCH","FCU","  36809.17","0","0","0","0","1","1","1",6365,376
"6366","Hiroshima","School","ElementarySchool","ZoneC","ABCH","FCU","  46192.01","1","0","0","0","1","1","1",6366,194
"6367","Hiroshima","School","ElementarySchool","ZoneC","ABCH","OHUFCU","  56886.90","0","0","0","0","1","1","1",6367,388
"6368","Hiroshima","School","ElementarySchool","ZoneC","ABCH","OHUFCU","  71387.65","1","0","0","0","1","1","1",6368,260
"6369","Hiroshima","School","ElementarySchool","ZoneC","ABCH","OHUFCU","  36980.59","0","0","0","0","2","1","1",6369,135
"6370","Hiroshima","School","ElementarySchool","ZoneC","ABCH","OHUFCU","  46407.12","1","0","0","0","2","1","1",6370,319
"6371","Hiroshima","School","ElementarySchool","ZoneC","AHP","CAV","  64863.48","0","0","0","0","1","1","1",6371,37
"6372","Hiroshima","School","ElementarySchool","ZoneC","AHP","CAV","  81397.49","1","0","0","0","1","1","1",6372,224
"6373","Hiroshima","School","ElementarySchool","ZoneC","AHP","CAV","  33414.52","0","0","0","0","2","1","1",6373,160
"6374","Hiroshima","School","ElementarySchool","ZoneC","AHP","CAV","  41932.04","1","0","0","0","2","1","1",6374,160
"6375","Hiroshima","School","JuniorHighSchool","ZoneC","EHP","MUL"," 720617.49","0","0","0","0","1","1","1",6375,400
"6376","Hiroshima","School","JuniorHighSchool","ZoneC","EHP","MUL"," 904306.30","1","0","0","0","1","1","1",6376,286
"6377","Hiroshima","School","JuniorHighSchool","ZoneC","EHP","MUL"," 371227.19","0","0","0","0","2","1","1",6377,277
"6378","Hiroshima","School","JuniorHighSchool","ZoneC","EHP","MUL"," 465854.76","1","0","0","0","2","1","1",6378,346
"6379","Hiroshima","School","JuniorHighSchool","ZoneC","GHP","MUL","  33441.27","0","0","0","0","1","1","1",6379,237
"6380","Hiroshima","School","JuniorHighSchool","ZoneC","GHP","MUL","  41965.61","1","0","0","0","1","1","1",6380,117
"6381","Hiroshima","School","JuniorHighSchool","ZoneC","GHP","MUL","  38845.97","1","0","0","0","2","1","1",6381,140
"6382","Hiroshima","School","JuniorHighSchool","ZoneC","ABCH","CAV","  53128.92","0","0","0","0","1","1","1",6382,389
"6383","Hiroshima","School","JuniorHighSchool","ZoneC","ABCH","CAV","  66671.73","1","0","0","0","1","1","1",6383,372
"6384","Hiroshima","School","JuniorHighSchool","ZoneC","ABCH","CAV","  47169.09","0","0","0","0","2","1","1",6384,15
"6385","Hiroshima","School","JuniorHighSchool","ZoneC","ABCH","CAV","  59192.71","1","0","0","0","2","1","1",6385,301
"6386","Hiroshima","School","JuniorHighSchool","ZoneC","ABCH","FCU","  52712.28","1","0","0","0","1","1","1",6386,342
"6387","Hiroshima","School","JuniorHighSchool","ZoneC","ABCH","OHUFCU","  36127.66","0","0","0","0","1","1","1",6387,222
"6388","Hiroshima","School","JuniorHighSchool","ZoneC","ABCH","OHUFCU","  45336.77","1","0","0","0","1","1","1",6388,129
"6389","Hiroshima","School","JuniorHighSchool","ZoneC","ABCH","OHUFCU","  32074.98","0","0","0","0","2","1","1",6389,41
"6390","Hiroshima","School","JuniorHighSchool","ZoneC","ABCH","OHUFCU","  40251.04","1","0","0","0","2","1","1",6390,250
"6391","Hiroshima","School","JuniorHighSchool","ZoneC","AHP","CAV","  41193.42","0","0","0","0","1","1","1",6391,155
"6392","Hiroshima","School","JuniorHighSchool","ZoneC","AHP","CAV","  51693.81","1","0","0","0","1","1","1",6392,364
"6393","Hiroshima","School","HighSchool","ZoneC","EHP","MUL"," 641519.13","0","0","0","0","1","1","1",6393,279
"6394","Hiroshima","School","HighSchool","ZoneC","EHP","MUL"," 805045.39","1","0","0","0","1","1","1",6394,20
"6395","Hiroshima","School","HighSchool","ZoneC","EHP","MUL"," 330479.55","0","0","0","0","2","1","1",6395,182
"6396","Hiroshima","School","HighSchool","ZoneC","EHP","MUL"," 414720.35","1","0","0","0","2","1","1",6396,139
"6397","Hiroshima","School","HighSchool","ZoneC","GHP","MUL","  29770.60","0","0","0","0","1","1","1",6397,282
"6398","Hiroshima","School","HighSchool","ZoneC","GHP","MUL","  37359.27","1","0","0","0","1","1","1",6398,138
"6399","Hiroshima","School","HighSchool","ZoneC","GHP","MUL","  34582.06","1","0","0","0","2","1","1",6399,245
"6400","Hiroshima","School","HighSchool","ZoneC","ABCH","CAV","  59684.61","0","0","0","0","1","1","1",6400,15
"6401","Hiroshima","School","HighSchool","ZoneC","ABCH","CAV","  74898.50","1","0","0","0","1","1","1",6401,236
"6402","Hiroshima","School","HighSchool","ZoneC","ABCH","CAV","  70545.87","0","0","0","0","2","1","1",6402,242
"6403","Hiroshima","School","HighSchool","ZoneC","ABCH","CAV","  88528.34","1","0","0","0","2","1","1",6403,108
"6404","Hiroshima","School","HighSchool","ZoneC","ABCH","OHUFCU","  40585.53","0","0","0","0","1","1","1",6404,188
"6405","Hiroshima","School","HighSchool","ZoneC","ABCH","OHUFCU","  50930.98","1","0","0","0","1","1","1",6405,239
"6406","Hiroshima","School","HighSchool","ZoneC","AHP","CAV","  36671.83","0","0","0","0","1","1","1",6406,357
"6407","Hiroshima","School","HighSchool","ZoneC","AHP","CAV","  46019.66","1","0","0","0","1","1","1",6407,81
"6408","Matsuyama","School","ElementarySchool","ZoneC","EHP","MUL","2379381.09","0","0","0","0","1","1","1",6408,251
"6409","Matsuyama","School","ElementarySchool","ZoneC","EHP","MUL","2985896.57","1","0","0","0","1","1","1",6409,379
"6410","Matsuyama","School","ElementarySchool","ZoneC","EHP","MUL","1225741.77","0","0","0","0","2","1","1",6410,381
"6411","Matsuyama","School","ElementarySchool","ZoneC","EHP","MUL","1538189.14","1","0","0","0","2","1","1",6411,227
"6412","Matsuyama","School","ElementarySchool","ZoneC","GHP","MUL"," 109848.93","0","0","0","0","1","1","1",6412,322
"6413","Matsuyama","School","ElementarySchool","ZoneC","GHP","MUL"," 137849.95","1","0","0","0","1","1","1",6413,295
"6414","Matsuyama","School","ElementarySchool","ZoneC","GHP","MUL","  56588.84","0","0","0","0","2","1","1",6414,140
"6415","Matsuyama","School","ElementarySchool","ZoneC","GHP","MUL","  71013.61","1","0","0","0","2","1","1",6415,83
"6416","Matsuyama","School","ElementarySchool","ZoneC","ABCH","CAV"," 172810.66","0","0","0","0","1","1","1",6416,327
"6417","Matsuyama","School","ElementarySchool","ZoneC","ABCH","CAV"," 216860.92","1","0","0","0","1","1","1",6417,386
"6418","Matsuyama","School","ElementarySchool","ZoneC","ABCH","CAV","  89023.67","0","0","0","0","2","1","1",6418,166
"6419","Matsuyama","School","ElementarySchool","ZoneC","ABCH","CAV"," 111716.23","1","0","0","0","2","1","1",6419,201
"6420","Matsuyama","School","ElementarySchool","ZoneC","ABCH","FCU","  76036.69","0","0","0","0","1","1","1",6420,305
"6421","Matsuyama","School","ElementarySchool","ZoneC","ABCH","FCU","  95418.80","1","0","0","0","1","1","1",6421,296
"6422","Matsuyama","School","ElementarySchool","ZoneC","ABCH","FCU","  39170.42","0","0","0","0","2","1","1",6422,171
"6423","Matsuyama","School","ElementarySchool","ZoneC","ABCH","FCU","  49155.14","1","0","0","0","2","1","1",6423,201
"6424","Matsuyama","School","ElementarySchool","ZoneC","ABCH","OHUFCU"," 117511.25","0","0","0","0","1","1","1",6424,357
"6425","Matsuyama","School","ElementarySchool","ZoneC","ABCH","OHUFCU"," 147465.42","1","0","0","0","1","1","1",6425,379
"6426","Matsuyama","School","ElementarySchool","ZoneC","ABCH","OHUFCU","  60536.10","0","0","0","0","2","1","1",6426,13
"6427","Matsuyama","School","ElementarySchool","ZoneC","ABCH","OHUFCU","  75967.04","1","0","0","0","2","1","1",6427,1
"6428","Matsuyama","School","ElementarySchool","ZoneC","AHP","CAV","  63389.47","0","0","0","0","1","1","1",6428,305
"6429","Matsuyama","School","ElementarySchool","ZoneC","AHP","CAV","  79547.74","1","0","0","0","1","1","1",6429,245
"6430","Matsuyama","School","ElementarySchool","ZoneC","AHP","CAV","  69228.98","0","0","0","0","2","1","1",6430,270
"6431","Matsuyama","School","ElementarySchool","ZoneC","AHP","CAV","  86875.78","1","0","0","0","2","1","1",6431,280
"6432","Matsuyama","School","ElementarySchool","ZoneC","AHP","FCU","  27891.37","0","0","0","0","1","1","1",6432,385
"6433","Matsuyama","School","ElementarySchool","ZoneC","AHP","FCU","  35001.01","1","0","0","0","1","1","1",6433,75
"6434","Matsuyama","School","ElementarySchool","ZoneC","AHP","OHUFCU","  43104.84","0","0","0","0","1","1","1",6434,352
"6435","Matsuyama","School","ElementarySchool","ZoneC","AHP","OHUFCU","  54092.46","1","0","0","0","1","1","1",6435,95
"6436","Matsuyama","School","JuniorHighSchool","ZoneC","EHP","MUL","1492968.40","0","0","0","0","1","1","1",6436,105
"6437","Matsuyama","School","JuniorHighSchool","ZoneC","EHP","MUL","1873533.10","1","0","0","0","1","1","1",6437,5
"6438","Matsuyama","School","JuniorHighSchool","ZoneC","EHP","MUL"," 769104.93","0","0","0","0","2","1","1",6438,136
"6439","Matsuyama","School","JuniorHighSchool","ZoneC","EHP","MUL"," 965153.41","1","0","0","0","2","1","1",6439,381
"6440","Matsuyama","School","JuniorHighSchool","ZoneC","GHP","MUL","  68925.90","0","0","0","0","1","1","1",6440,298
"6441","Matsuyama","School","JuniorHighSchool","ZoneC","GHP","MUL","  86495.44","1","0","0","0","1","1","1",6441,128
"6442","Matsuyama","School","JuniorHighSchool","ZoneC","GHP","MUL","  35507.28","0","0","0","0","2","1","1",6442,71
"6443","Matsuyama","School","JuniorHighSchool","ZoneC","GHP","MUL","  44558.26","1","0","0","0","2","1","1",6443,241
"6444","Matsuyama","School","JuniorHighSchool","ZoneC","ABCH","CAV"," 108431.92","0","0","0","0","1","1","1",6444,323
"6445","Matsuyama","School","JuniorHighSchool","ZoneC","ABCH","CAV"," 136071.73","1","0","0","0","1","1","1",6445,101
"6446","Matsuyama","School","JuniorHighSchool","ZoneC","ABCH","CAV","  55858.87","0","0","0","0","2","1","1",6446,90
"6447","Matsuyama","School","JuniorHighSchool","ZoneC","ABCH","CAV","  70097.56","1","0","0","0","2","1","1",6447,48
"6448","Matsuyama","School","JuniorHighSchool","ZoneC","ABCH","FCU","  47710.04","0","0","0","0","1","1","1",6448,293
"6449","Matsuyama","School","JuniorHighSchool","ZoneC","ABCH","FCU","  59871.56","1","0","0","0","1","1","1",6449,373
"6450","Matsuyama","School","JuniorHighSchool","ZoneC","ABCH","FCU","  55420.83","1","0","0","0","2","1","1",6450,195
"6451","Matsuyama","School","JuniorHighSchool","ZoneC","ABCH","OHUFCU","  73733.71","0","0","0","0","1","1","1",6451,100
"6452","Matsuyama","School","JuniorHighSchool","ZoneC","ABCH","OHUFCU","  92528.78","1","0","0","0","1","1","1",6452,91
"6453","Matsuyama","School","JuniorHighSchool","ZoneC","ABCH","OHUFCU","  37984.03","0","0","0","0","2","1","1",6453,252
"6454","Matsuyama","School","JuniorHighSchool","ZoneC","ABCH","OHUFCU","  47666.34","1","0","0","0","2","1","1",6454,299
"6455","Matsuyama","School","JuniorHighSchool","ZoneC","AHP","CAV","  50191.51","0","0","0","0","1","1","1",6455,385
"6456","Matsuyama","School","JuniorHighSchool","ZoneC","AHP","CAV","  62985.57","1","0","0","0","1","1","1",6456,161
"6457","Matsuyama","School","JuniorHighSchool","ZoneC","AHP","CAV","  43438.47","0","0","0","0","2","1","1",6457,98
"6458","Matsuyama","School","JuniorHighSchool","ZoneC","AHP","CAV","  54511.15","1","0","0","0","2","1","1",6458,237
"6459","Matsuyama","School","JuniorHighSchool","ZoneC","AHP","OHUFCU","  34130.23","0","0","0","0","1","1","1",6459,170
"6460","Matsuyama","School","JuniorHighSchool","ZoneC","AHP","OHUFCU","  42830.19","1","0","0","0","1","1","1",6460,171
"6461","Matsuyama","School","HighSchool","ZoneC","EHP","MUL","1345112.84","0","0","0","0","1","1","1",6461,292
"6462","Matsuyama","School","HighSchool","ZoneC","EHP","MUL","1687988.45","1","0","0","0","1","1","1",6462,218
"6463","Matsuyama","School","HighSchool","ZoneC","EHP","MUL"," 692936.92","0","0","0","0","2","1","1",6463,288
"6464","Matsuyama","School","HighSchool","ZoneC","EHP","MUL"," 869569.81","1","0","0","0","2","1","1",6464,212
"6465","Matsuyama","School","HighSchool","ZoneC","GHP","MUL","  62099.85","0","0","0","0","1","1","1",6465,180
"6466","Matsuyama","School","HighSchool","ZoneC","GHP","MUL","  77929.40","1","0","0","0","1","1","1",6466,239
"6467","Matsuyama","School","HighSchool","ZoneC","GHP","MUL","  31990.83","0","0","0","0","2","1","1",6467,102
"6468","Matsuyama","School","HighSchool","ZoneC","GHP","MUL","  40145.45","1","0","0","0","2","1","1",6468,46
"6469","Matsuyama","School","HighSchool","ZoneC","ABCH","CAV","  97693.41","0","0","0","0","1","1","1",6469,166
"6470","Matsuyama","School","HighSchool","ZoneC","ABCH","CAV"," 122595.92","1","0","0","0","1","1","1",6470,396
"6471","Matsuyama","School","HighSchool","ZoneC","ABCH","CAV","  63507.76","0","0","0","0","2","1","1",6471,109
"6472","Matsuyama","School","HighSchool","ZoneC","ABCH","CAV","  79696.19","1","0","0","0","2","1","1",6472,207
"6473","Matsuyama","School","HighSchool","ZoneC","ABCH","FCU","  42985.10","0","0","0","0","1","1","1",6473,218
"6474","Matsuyama","School","HighSchool","ZoneC","ABCH","FCU","  53942.20","1","0","0","0","1","1","1",6474,334
"6475","Matsuyama","School","HighSchool","ZoneC","ABCH","OHUFCU","  66431.52","0","0","0","0","1","1","1",6475,220
"6476","Matsuyama","School","HighSchool","ZoneC","ABCH","OHUFCU","  83365.22","1","0","0","0","1","1","1",6476,149
"6477","Matsuyama","School","HighSchool","ZoneC","ABCH","OHUFCU","  43185.28","0","0","0","0","2","1","1",6477,322
"6478","Matsuyama","School","HighSchool","ZoneC","ABCH","OHUFCU","  54193.41","1","0","0","0","2","1","1",6478,157
"6479","Matsuyama","School","HighSchool","ZoneC","AHP","CAV","  45220.82","0","0","0","0","1","1","1",6479,67
"6480","Matsuyama","School","HighSchool","ZoneC","AHP","CAV","  56747.81","1","0","0","0","1","1","1",6480,365
"6481","Matsuyama","School","HighSchool","ZoneC","AHP","CAV","  39136.56","0","0","0","0","2","1","1",6481,177
"6482","Matsuyama","School","HighSchool","ZoneC","AHP","CAV","  49112.65","1","0","0","0","2","1","1",6482,158
"6483","Matsuyama","School","HighSchool","ZoneC","AHP","OHUFCU","  30750.15","0","0","0","0","1","1","1",6483,318
"6484","Matsuyama","School","HighSchool","ZoneC","AHP","OHUFCU","  38588.51","1","0","0","0","1","1","1",6484,99
"6485","Fukuoka","School","ElementarySchool","ZoneC","EHP","MUL","3618850.80","0","0","0","0","1","1","1",6485,283
"6486","Fukuoka","School","ElementarySchool","ZoneC","EHP","MUL","4541312.96","1","0","0","0","1","1","1",6486,343
"6487","Fukuoka","School","ElementarySchool","ZoneC","EHP","MUL","1864256.47","0","0","0","0","2","1","1",6487,158
"6488","Fukuoka","School","ElementarySchool","ZoneC","EHP","MUL","2339464.25","1","0","0","0","2","1","1",6488,355
"6489","Fukuoka","School","ElementarySchool","ZoneC","GHP","MUL"," 197609.45","0","0","0","0","1","1","1",6489,300
"6490","Fukuoka","School","ElementarySchool","ZoneC","GHP","MUL"," 247981.03","1","0","0","0","1","1","1",6490,340
"6491","Fukuoka","School","ElementarySchool","ZoneC","GHP","MUL"," 101798.81","0","0","0","0","2","1","1",6491,287
"6492","Fukuoka","School","ElementarySchool","ZoneC","GHP","MUL"," 127747.80","1","0","0","0","2","1","1",6492,128
"6493","Fukuoka","School","ElementarySchool","ZoneC","ABCH","CAV"," 310511.15","0","0","0","0","1","1","1",6493,200
"6494","Fukuoka","School","ElementarySchool","ZoneC","ABCH","CAV"," 389661.91","1","0","0","0","1","1","1",6494,126
"6495","Fukuoka","School","ElementarySchool","ZoneC","ABCH","CAV"," 159960.29","0","0","0","0","2","1","1",6495,305
"6496","Fukuoka","School","ElementarySchool","ZoneC","ABCH","CAV"," 200734.92","1","0","0","0","2","1","1",6496,301
"6497","Fukuoka","School","ElementarySchool","ZoneC","ABCH","FCU"," 136624.91","0","0","0","0","1","1","1",6497,356
"6498","Fukuoka","School","ElementarySchool","ZoneC","ABCH","FCU"," 171451.24","1","0","0","0","1","1","1",6498,123
"6499","Fukuoka","School","ElementarySchool","ZoneC","ABCH","FCU","  70382.53","0","0","0","0","2","1","1",6499,25
"6500","Fukuoka","School","ElementarySchool","ZoneC","ABCH","FCU","  88323.37","1","0","0","0","2","1","1",6500,161
"6501","Fukuoka","School","ElementarySchool","ZoneC","ABCH","OHUFCU"," 211147.58","0","0","0","0","1","1","1",6501,39
"6502","Fukuoka","School","ElementarySchool","ZoneC","ABCH","OHUFCU"," 264970.10","1","0","0","0","1","1","1",6502,2
"6503","Fukuoka","School","ElementarySchool","ZoneC","ABCH","OHUFCU"," 108773.00","0","0","0","0","2","1","1",6503,366
"6504","Fukuoka","School","ElementarySchool","ZoneC","ABCH","OHUFCU"," 136499.75","1","0","0","0","2","1","1",6504,142
"6505","Fukuoka","School","ElementarySchool","ZoneC","AHP","CAV"," 114333.47","0","0","0","0","1","1","1",6505,79
"6506","Fukuoka","School","ElementarySchool","ZoneC","AHP","CAV"," 143477.62","1","0","0","0","1","1","1",6506,113
"6507","Fukuoka","School","ElementarySchool","ZoneC","AHP","CAV","  58899.06","0","0","0","0","2","1","1",6507,130
"6508","Fukuoka","School","ElementarySchool","ZoneC","AHP","CAV","  73912.71","1","0","0","0","2","1","1",6508,143
"6509","Fukuoka","School","ElementarySchool","ZoneC","AHP","FCU","  50306.73","0","0","0","0","1","1","1",6509,233
"6510","Fukuoka","School","ElementarySchool","ZoneC","AHP","FCU","  63130.15","1","0","0","0","1","1","1",6510,382
"6511","Fukuoka","School","ElementarySchool","ZoneC","AHP","FCU","  25915.59","0","0","0","0","2","1","1",6511,315
"6512","Fukuoka","School","ElementarySchool","ZoneC","AHP","FCU","  32521.59","1","0","0","0","2","1","1",6512,121
"6513","Fukuoka","School","ElementarySchool","ZoneC","AHP","OHUFCU","  77746.76","0","0","0","0","1","1","1",6513,121
"6514","Fukuoka","School","ElementarySchool","ZoneC","AHP","OHUFCU","  97564.78","1","0","0","0","1","1","1",6514,225
"6515","Fukuoka","School","ElementarySchool","ZoneC","AHP","OHUFCU","  40051.36","0","0","0","0","2","1","1",6515,341
"6516","Fukuoka","School","ElementarySchool","ZoneC","AHP","OHUFCU","  50260.64","1","0","0","0","2","1","1",6516,66
"6517","Fukuoka","School","JuniorHighSchool","ZoneC","EHP","MUL","2348622.00","0","0","0","0","1","1","1",6517,309
"6518","Fukuoka","School","JuniorHighSchool","ZoneC","EHP","MUL","2947296.84","1","0","0","0","1","1","1",6518,137
"6519","Fukuoka","School","JuniorHighSchool","ZoneC","EHP","MUL","1209896.18","0","0","0","0","2","1","1",6519,14
"6520","Fukuoka","School","JuniorHighSchool","ZoneC","EHP","MUL","1518304.43","1","0","0","0","2","1","1",6520,341
"6521","Fukuoka","School","JuniorHighSchool","ZoneC","GHP","MUL"," 128247.87","0","0","0","0","1","1","1",6521,24
"6522","Fukuoka","School","JuniorHighSchool","ZoneC","GHP","MUL"," 160938.86","1","0","0","0","1","1","1",6522,365
"6523","Fukuoka","School","JuniorHighSchool","ZoneC","GHP","MUL","  66067.08","0","0","0","0","2","1","1",6523,196
"6524","Fukuoka","School","JuniorHighSchool","ZoneC","GHP","MUL","  82907.90","1","0","0","0","2","1","1",6524,161
"6525","Fukuoka","School","JuniorHighSchool","ZoneC","ABCH","CAV"," 201520.69","0","0","0","0","1","1","1",6525,221
"6526","Fukuoka","School","JuniorHighSchool","ZoneC","ABCH","CAV"," 252889.27","1","0","0","0","1","1","1",6526,175
"6527","Fukuoka","School","JuniorHighSchool","ZoneC","ABCH","CAV"," 103813.69","0","0","0","0","2","1","1",6527,318
"6528","Fukuoka","School","JuniorHighSchool","ZoneC","ABCH","CAV"," 130276.29","1","0","0","0","2","1","1",6528,256
"6529","Fukuoka","School","JuniorHighSchool","ZoneC","ABCH","FCU","  88669.10","0","0","0","0","1","1","1",6529,88
"6530","Fukuoka","School","JuniorHighSchool","ZoneC","ABCH","FCU"," 111271.28","1","0","0","0","1","1","1",6530,109
"6531","Fukuoka","School","JuniorHighSchool","ZoneC","ABCH","FCU","  45678.02","0","0","0","0","2","1","1",6531,81
"6532","Fukuoka","School","JuniorHighSchool","ZoneC","ABCH","FCU","  57321.57","1","0","0","0","2","1","1",6532,268
"6533","Fukuoka","School","JuniorHighSchool","ZoneC","ABCH","OHUFCU"," 137034.07","0","0","0","0","1","1","1",6533,28
"6534","Fukuoka","School","JuniorHighSchool","ZoneC","ABCH","OHUFCU"," 171964.70","1","0","0","0","1","1","1",6534,283
"6535","Fukuoka","School","JuniorHighSchool","ZoneC","ABCH","OHUFCU","  70593.31","0","0","0","0","2","1","1",6535,153
"6536","Fukuoka","School","JuniorHighSchool","ZoneC","ABCH","OHUFCU","  88587.88","1","0","0","0","2","1","1",6536,94
"6537","Fukuoka","School","JuniorHighSchool","ZoneC","AHP","CAV","  74202.04","0","0","0","0","1","1","1",6537,136
"6538","Fukuoka","School","JuniorHighSchool","ZoneC","AHP","CAV","  93116.49","1","0","0","0","1","1","1",6538,291
"6539","Fukuoka","School","JuniorHighSchool","ZoneC","AHP","CAV","  48236.68","0","0","0","0","2","1","1",6539,296
"6540","Fukuoka","School","JuniorHighSchool","ZoneC","AHP","CAV","  60532.44","1","0","0","0","2","1","1",6540,14
"6541","Fukuoka","School","JuniorHighSchool","ZoneC","AHP","FCU","  32648.90","0","0","0","0","1","1","1",6541,373
"6542","Fukuoka","School","JuniorHighSchool","ZoneC","AHP","FCU","  40971.26","1","0","0","0","1","1","1",6542,10
"6543","Fukuoka","School","JuniorHighSchool","ZoneC","AHP","OHUFCU","  50457.39","0","0","0","0","1","1","1",6543,368
"6544","Fukuoka","School","JuniorHighSchool","ZoneC","AHP","OHUFCU","  63319.21","1","0","0","0","1","1","1",6544,234
"6545","Fukuoka","School","JuniorHighSchool","ZoneC","AHP","OHUFCU","  32800.94","0","0","0","0","2","1","1",6545,245
"6546","Fukuoka","School","JuniorHighSchool","ZoneC","AHP","OHUFCU","  41162.06","1","0","0","0","2","1","1",6546,103
"6547","Fukuoka","School","HighSchool","ZoneC","EHP","MUL","2163152.63","0","0","0","0","1","1","1",6547,159
"6548","Fukuoka","School","HighSchool","ZoneC","EHP","MUL","2714550.45","1","0","0","0","1","1","1",6548,67
"6549","Fukuoka","School","HighSchool","ZoneC","EHP","MUL","1114351.35","0","0","0","0","2","1","1",6549,97
"6550","Fukuoka","School","HighSchool","ZoneC","EHP","MUL","1398404.78","1","0","0","0","2","1","1",6550,201
"6551","Fukuoka","School","HighSchool","ZoneC","GHP","MUL"," 118120.21","0","0","0","0","1","1","1",6551,52
"6552","Fukuoka","School","HighSchool","ZoneC","GHP","MUL"," 148229.60","1","0","0","0","1","1","1",6552,89
"6553","Fukuoka","School","HighSchool","ZoneC","GHP","MUL","  60849.80","0","0","0","0","2","1","1",6553,36
"6554","Fukuoka","School","HighSchool","ZoneC","GHP","MUL","  76360.70","1","0","0","0","2","1","1",6554,225
"6555","Fukuoka","School","HighSchool","ZoneC","ABCH","CAV"," 185606.71","0","0","0","0","1","1","1",6555,317
"6556","Fukuoka","School","HighSchool","ZoneC","ABCH","CAV"," 232918.74","1","0","0","0","1","1","1",6556,351
"6557","Fukuoka","School","HighSchool","ZoneC","ABCH","CAV","  95615.58","0","0","0","0","2","1","1",6557,353
"6558","Fukuoka","School","HighSchool","ZoneC","ABCH","CAV"," 119988.44","1","0","0","0","2","1","1",6558,270
"6559","Fukuoka","School","HighSchool","ZoneC","ABCH","FCU","  81666.95","0","0","0","0","1","1","1",6559,355
"6560","Fukuoka","School","HighSchool","ZoneC","ABCH","FCU"," 102484.25","1","0","0","0","1","1","1",6560,320
"6561","Fukuoka","School","HighSchool","ZoneC","ABCH","FCU","  42070.86","0","0","0","0","2","1","1",6561,288
"6562","Fukuoka","School","HighSchool","ZoneC","ABCH","FCU","  52794.92","1","0","0","0","2","1","1",6562,336
"6563","Fukuoka","School","HighSchool","ZoneC","ABCH","OHUFCU"," 126212.57","0","0","0","0","1","1","1",6563,116
"6564","Fukuoka","School","HighSchool","ZoneC","ABCH","OHUFCU"," 158384.75","1","0","0","0","1","1","1",6564,53
"6565","Fukuoka","School","HighSchool","ZoneC","ABCH","OHUFCU","  65018.59","0","0","0","0","2","1","1",6565,345
"6566","Fukuoka","School","HighSchool","ZoneC","ABCH","OHUFCU","  81592.14","1","0","0","0","2","1","1",6566,241
"6567","Fukuoka","School","HighSchool","ZoneC","AHP","CAV","  68342.35","0","0","0","0","1","1","1",6567,166
"6568","Fukuoka","School","HighSchool","ZoneC","AHP","CAV","  85763.13","1","0","0","0","1","1","1",6568,35
"6569","Fukuoka","School","HighSchool","ZoneC","AHP","CAV","  44427.46","0","0","0","0","2","1","1",6569,288
"6570","Fukuoka","School","HighSchool","ZoneC","AHP","CAV","  55752.22","1","0","0","0","2","1","1",6570,361
"6571","Fukuoka","School","HighSchool","ZoneC","AHP","FCU","  30070.63","0","0","0","0","1","1","1",6571,161
"6572","Fukuoka","School","HighSchool","ZoneC","AHP","FCU","  37735.78","1","0","0","0","1","1","1",6572,78
"6573","Fukuoka","School","HighSchool","ZoneC","AHP","OHUFCU","  46472.80","0","0","0","0","1","1","1",6573,221
"6574","Fukuoka","School","HighSchool","ZoneC","AHP","OHUFCU","  58318.93","1","0","0","0","1","1","1",6574,398
"6575","Fukuoka","School","HighSchool","ZoneC","AHP","OHUFCU","  30210.67","0","0","0","0","2","1","1",6575,220
"6576","Fukuoka","School","HighSchool","ZoneC","AHP","OHUFCU","  37911.51","1","0","0","0","2","1","1",6576,334
"6577","Naha","School","ElementarySchool","ZoneC","EHP","MUL"," 372188.26","0","0","0","0","1","1","1",6577,387
"6578","Naha","School","ElementarySchool","ZoneC","EHP","MUL"," 467060.81","1","0","0","0","1","1","1",6578,389
"6579","Naha","School","ElementarySchool","ZoneC","EHP","MUL"," 191733.35","0","0","0","0","2","1","1",6579,242
"6580","Naha","School","ElementarySchool","ZoneC","EHP","MUL"," 240607.08","1","0","0","0","2","1","1",6580,121
"6581","Naha","School","ElementarySchool","ZoneC","GHP","MUL","  34162.96","0","0","0","0","1","1","1",6581,375
"6582","Naha","School","ElementarySchool","ZoneC","GHP","MUL","  42871.26","1","0","0","0","1","1","1",6582,263
"6583","Naha","School","ElementarySchool","ZoneC","GHP","MUL","  39684.30","1","0","0","0","2","1","1",6583,110
"6584","Naha","School","ElementarySchool","ZoneC","ABCH","CAV","  58759.08","0","0","0","0","1","1","1",6584,210
"6585","Naha","School","ElementarySchool","ZoneC","ABCH","CAV","  73737.04","1","0","0","0","1","1","1",6585,176
"6586","Naha","School","ElementarySchool","ZoneC","ABCH","CAV","  64172.03","0","0","0","0","2","1","1",6586,172
"6587","Naha","School","ElementarySchool","ZoneC","ABCH","CAV","  80529.79","1","0","0","0","2","1","1",6587,270
"6588","Naha","School","ElementarySchool","ZoneC","ABCH","FCU","  25853.99","0","0","0","0","1","1","1",6588,299
"6589","Naha","School","ElementarySchool","ZoneC","ABCH","FCU","  32444.30","1","0","0","0","1","1","1",6589,193
"6590","Naha","School","ElementarySchool","ZoneC","ABCH","OHUFCU","  39956.17","0","0","0","0","1","1","1",6590,35
"6591","Naha","School","ElementarySchool","ZoneC","ABCH","OHUFCU","  50141.19","1","0","0","0","1","1","1",6591,253
"6592","Naha","School","ElementarySchool","ZoneC","AHP","CAV","  45163.71","0","0","0","0","1","1","1",6592,241
"6593","Naha","School","ElementarySchool","ZoneC","AHP","CAV","  56676.16","1","0","0","0","1","1","1",6593,172
"6594","Naha","School","ElementarySchool","ZoneC","AHP","CAV","  52462.96","1","0","0","0","2","1","1",6594,85
"6595","Naha","School","JuniorHighSchool","ZoneC","EHP","MUL"," 255360.15","0","0","0","0","1","1","1",6595,248
"6596","Naha","School","JuniorHighSchool","ZoneC","EHP","MUL"," 320452.66","1","0","0","0","1","1","1",6596,262
"6597","Naha","School","JuniorHighSchool","ZoneC","EHP","MUL"," 131549.17","0","0","0","0","2","1","1",6597,131
"6598","Naha","School","JuniorHighSchool","ZoneC","EHP","MUL"," 165081.67","1","0","0","0","2","1","1",6598,382
"6599","Naha","School","JuniorHighSchool","ZoneC","GHP","MUL","  52853.55","1","0","0","0","1","1","1",6599,277
"6600","Naha","School","JuniorHighSchool","ZoneC","GHP","MUL","  27227.59","1","0","0","0","2","1","1",6600,116
"6601","Naha","School","JuniorHighSchool","ZoneC","ABCH","CAV","  50873.54","0","0","0","0","1","1","1",6601,323
"6602","Naha","School","JuniorHighSchool","ZoneC","ABCH","CAV","  63841.45","1","0","0","0","1","1","1",6602,156
"6603","Naha","School","JuniorHighSchool","ZoneC","ABCH","CAV","  59991.76","0","0","0","0","2","1","1",6603,199
"6604","Naha","School","JuniorHighSchool","ZoneC","ABCH","CAV","  75283.94","1","0","0","0","2","1","1",6604,361
"6605","Naha","School","JuniorHighSchool","ZoneC","ABCH","OHUFCU","  34594.01","0","0","0","0","1","1","1",6605,348
"6606","Naha","School","JuniorHighSchool","ZoneC","ABCH","OHUFCU","  43412.19","1","0","0","0","1","1","1",6606,365
"6607","Naha","School","JuniorHighSchool","ZoneC","AHP","CAV","  30987.04","0","0","0","0","1","1","1",6607,59
"6608","Naha","School","JuniorHighSchool","ZoneC","AHP","CAV","  38885.78","1","0","0","0","1","1","1",6608,336
"6609","Naha","School","HighSchool","ZoneC","EHP","MUL"," 242148.94","0","0","0","0","1","1","1",6609,30
"6610","Naha","School","HighSchool","ZoneC","EHP","MUL"," 303873.85","1","0","0","0","1","1","1",6610,298
"6611","Naha","School","HighSchool","ZoneC","EHP","MUL"," 124743.39","0","0","0","0","2","1","1",6611,49
"6612","Naha","School","HighSchool","ZoneC","EHP","MUL"," 156541.07","1","0","0","0","2","1","1",6612,260
"6613","Naha","School","HighSchool","ZoneC","GHP","MUL","  50119.14","1","0","0","0","1","1","1",6613,66
"6614","Naha","School","HighSchool","ZoneC","GHP","MUL","  25818.95","1","0","0","0","2","1","1",6614,178
"6615","Naha","School","HighSchool","ZoneC","ABCH","CAV","  48241.57","0","0","0","0","1","1","1",6615,71
"6616","Naha","School","HighSchool","ZoneC","ABCH","CAV","  60538.57","1","0","0","0","1","1","1",6616,154
"6617","Naha","School","HighSchool","ZoneC","ABCH","CAV","  56888.05","0","0","0","0","2","1","1",6617,315
"6618","Naha","School","HighSchool","ZoneC","ABCH","CAV","  71389.08","1","0","0","0","2","1","1",6618,7
"6619","Naha","School","HighSchool","ZoneC","ABCH","OHUFCU","  32804.27","0","0","0","0","1","1","1",6619,162
"6620","Naha","School","HighSchool","ZoneC","ABCH","OHUFCU","  41166.23","1","0","0","0","1","1","1",6620,316
"6621","Naha","School","HighSchool","ZoneC","AHP","CAV","  29383.91","0","0","0","0","1","1","1",6621,152
"6622","Naha","School","HighSchool","ZoneC","AHP","CAV","  36874.00","1","0","0","0","1","1","1",6622,12
