"","Area","Building","Cluster","Zoning","Plant","HVAC","TFA","HEX","VWV","NaturalVentilation","CO2control","Insulation"
"98","Sapporo","Office","CL1","ZoneC","GHP","MUL",15257.7129240377,1,0,0,0,3
"2849","Sapporo","Office","CL2","ZoneC","EHP","MUL",323783.772327614,0,0,0,0,3
"2850","Sapporo","Office","CL2","ZoneC","EHP","MUL",862775.651143721,1,0,0,0,3
"2913","Sapporo","Office","CL2","ZoneC","GHP","MUL",476410.334195819,0,0,0,0,3
"2914","Sapporo","Office","CL2","ZoneC","GHP","MUL",1269474.48089368,1,0,0,0,3
"2917","Sapporo","Office","CL2","ZoneC","GHP","MUL",26376.3597358613,1,0,1,0,3
"2977","Sapporo","Office","CL2","ZoneC","ABCH","CAV",69375.3885400852,0,0,0,0,3
"2978","Sapporo","Office","CL2","ZoneC","ABCH","CAV",71076.669209246,1,0,0,0,3
"5665","Sapporo","Office","CL3","ZoneC","EHP","MUL",436628.81688764,0,0,0,0,3
"5666","Sapporo","Office","CL3","ZoneC","EHP","MUL",1191037.07051161,1,0,0,0,3
"5669","Sapporo","Office","CL3","ZoneC","EHP","MUL",41066.4014834521,1,0,1,0,3
"5729","Sapporo","Office","CL3","ZoneC","GHP","MUL",445799.552851095,0,0,0,0,3
"5730","Sapporo","Office","CL3","ZoneC","GHP","MUL",1216053.02473609,1,0,0,0,3
"5733","Sapporo","Office","CL3","ZoneC","GHP","MUL",41928.9398922966,1,0,1,0,3
"5793","Sapporo","Office","CL3","ZoneC","ABCH","CAV",63058.3195774203,0,0,0,0,3
"5794","Sapporo","Office","CL3","ZoneC","ABCH","CAV",105221.381417674,1,0,0,0,3
"5802","Sapporo","Office","CL3","ZoneC","ABCH","CAV",33182.261406872,1,1,0,0,3
"6113","Sapporo","Office","CL3","ZoneC","ABCH","OHUFCU",80125.048522213,0,0,0,0,3
"6177","Sapporo","Office","CL3","ZoneC","AHP","CAV",63658.9220282353,0,0,0,0,3
"6178","Sapporo","Office","CL3","ZoneC","AHP","CAV",62461.9402669965,1,0,0,0,3
"8481","Sapporo","Office","CL4","ZoneC","EHP","MUL",444057.592585285,0,0,0,0,3
"8482","Sapporo","Office","CL4","ZoneC","EHP","MUL",1252650.97090548,1,0,0,0,3
"8485","Sapporo","Office","CL4","ZoneC","EHP","MUL",67277.8425859261,1,0,1,0,3
"8545","Sapporo","Office","CL4","ZoneC","GHP","MUL",315870.771010227,0,0,0,0,3
"8546","Sapporo","Office","CL4","ZoneC","GHP","MUL",891046.194442963,1,0,0,0,3
"8549","Sapporo","Office","CL4","ZoneC","GHP","MUL",47856.6392386133,1,0,1,0,3
"8609","Sapporo","Office","CL4","ZoneC","ABCH","CAV",67546.0785466327,0,0,0,0,3
"8610","Sapporo","Office","CL4","ZoneC","ABCH","CAV",131112.214651504,1,0,0,0,3
"8618","Sapporo","Office","CL4","ZoneC","ABCH","CAV",37638.2342373075,1,1,0,0,3
"8673","Sapporo","Office","CL4","ZoneC","ABCH","VAV",57886.5857881429,0,0,0,0,3
"8674","Sapporo","Office","CL4","ZoneC","ABCH","VAV",41393.3216203531,1,0,0,0,3
"8738","Sapporo","Office","CL4","ZoneC","ABCH","FCU",42986.0819248232,1,0,0,0,3
"8746","Sapporo","Office","CL4","ZoneC","ABCH","FCU",41742.6947478159,1,1,0,0,3
"8929","Sapporo","Office","CL4","ZoneC","ABCH","OHUFCU",77673.5781357158,0,0,0,0,3
"8933","Sapporo","Office","CL4","ZoneC","ABCH","OHUFCU",32327.4737132676,1,0,1,0,3
"8993","Sapporo","Office","CL4","ZoneC","AHP","CAV",87854.914895516,0,0,0,0,3
"8994","Sapporo","Office","CL4","ZoneC","AHP","CAV",82978.2763917273,1,0,0,0,3
"8997","Sapporo","Office","CL4","ZoneC","AHP","CAV",31656.0870844466,1,0,1,0,3
"9002","Sapporo","Office","CL4","ZoneC","AHP","CAV",31348.4929658173,1,1,0,0,3
"9377","Sapporo","Office","CL4","ZoneC","TB","CAV",68168.3585804159,0,0,0,0,3
"9378","Sapporo","Office","CL4","ZoneC","TB","CAV",64384.478730453,1,0,0,0,3
"11297","Sapporo","Office","CL5","ZoneC","EHP","MUL",379196.596918266,0,0,0,0,3
"11298","Sapporo","Office","CL5","ZoneC","EHP","MUL",1089404.64266209,1,0,0,0,3
"11301","Sapporo","Office","CL5","ZoneC","EHP","MUL",100329.018282738,1,0,1,0,3
"11302","Sapporo","Office","CL5","ZoneC","EHP","MUL",39282.1897917615,1,0,0,1,3
"11361","Sapporo","Office","CL5","ZoneC","GHP","MUL",186944.523038073,0,0,0,0,3
"11362","Sapporo","Office","CL5","ZoneC","GHP","MUL",537078.21476526,1,0,0,0,3
"11365","Sapporo","Office","CL5","ZoneC","GHP","MUL",49462.3649636478,1,0,1,0,3
"11425","Sapporo","Office","CL5","ZoneC","ABCH","CAV",71463.6716610965,0,0,0,0,3
"11426","Sapporo","Office","CL5","ZoneC","ABCH","CAV",134691.409887605,1,0,0,0,3
"11429","Sapporo","Office","CL5","ZoneC","ABCH","CAV",43738.8628120684,1,0,1,0,3
"11434","Sapporo","Office","CL5","ZoneC","ABCH","CAV",45646.9933294403,1,1,0,0,3
"11489","Sapporo","Office","CL5","ZoneC","ABCH","VAV",89384.5379156689,0,0,0,0,3
"11490","Sapporo","Office","CL5","ZoneC","ABCH","VAV",64943.2388720609,1,0,0,0,3
"11493","Sapporo","Office","CL5","ZoneC","ABCH","VAV",47287.1662758417,1,0,1,0,3
"11554","Sapporo","Office","CL5","ZoneC","ABCH","FCU",72834.795247001,1,0,0,0,3
"11562","Sapporo","Office","CL5","ZoneC","ABCH","FCU",78905.6423408727,1,1,0,0,3
"11618","Sapporo","Office","CL5","ZoneC","ABCH","CAVFCU",70586.338882478,1,0,0,0,3
"11745","Sapporo","Office","CL5","ZoneC","ABCH","OHUFCU",131710.848425275,0,0,0,0,3
"11749","Sapporo","Office","CL5","ZoneC","ABCH","OHUFCU",86705.2845695972,1,0,1,0,3
"11810","Sapporo","Office","CL5","ZoneC","AHP","CAV",113633.437611444,1,0,0,0,3
"11873","Sapporo","Office","CL5","ZoneC","AHP","VAV",77519.5451202228,0,0,0,0,3
"11946","Sapporo","Office","CL5","ZoneC","AHP","FCU",58343.144210529,1,1,0,0,3
"12129","Sapporo","Office","CL5","ZoneC","AHP","OHUFCU",83979.4859418822,0,0,0,0,3
"12194","Sapporo","Office","CL5","ZoneC","TB","CAV",119698.808317837,1,0,0,0,3
"12257","Sapporo","Office","CL5","ZoneC","TB","VAV",81657.2777104563,0,0,0,0,3
"12513","Sapporo","Office","CL5","ZoneC","TB","OHUFCU",88462.0284458908,0,0,0,0,3
"12577","Sapporo","Office","CL5","ZoneC","AB","CAV",76981.1283854901,0,0,0,0,3
"12961","Sapporo","Office","CL5","ZoneC","COM","CAV",69123.9990255627,0,0,0,0,3
"13345","Sapporo","Office","CL5","ZoneC","AHP+TESICE","CAV",62038.8375616906,0,0,0,0,3
"13346","Sapporo","Office","CL5","ZoneC","AHP+TESICE","CAV",55576.2868105867,1,0,0,0,3
"14113","Sapporo","Office","CL6","ZoneC","EHP","MUL",162264.704948745,0,0,0,0,3
"14114","Sapporo","Office","CL6","ZoneC","EHP","MUL",475347.701977615,1,0,0,0,3
"14117","Sapporo","Office","CL6","ZoneC","EHP","MUL",76448.7429811385,1,0,1,0,3
"14118","Sapporo","Office","CL6","ZoneC","EHP","MUL",30541.2567748558,1,0,0,1,3
"14120","Sapporo","Office","CL6","ZoneC","EHP","MUL",27950.7028573804,1,0,1,1,3
"14177","Sapporo","Office","CL6","ZoneC","GHP","MUL",64731.5607220175,0,0,0,0,3
"14178","Sapporo","Office","CL6","ZoneC","GHP","MUL",189628.413920051,1,0,0,0,3
"14241","Sapporo","Office","CL6","ZoneC","ABCH","CAV",44795.6400279978,0,0,0,0,3
"14242","Sapporo","Office","CL6","ZoneC","ABCH","CAV",89788.8086942614,1,0,0,0,3
"14245","Sapporo","Office","CL6","ZoneC","ABCH","CAV",47857.6851203732,1,0,1,0,3
"14250","Sapporo","Office","CL6","ZoneC","ABCH","CAV",39121.0398903101,1,1,0,0,3
"14305","Sapporo","Office","CL6","ZoneC","ABCH","VAV",87050.0764685275,0,0,0,0,3
"14306","Sapporo","Office","CL6","ZoneC","ABCH","VAV",64192.8053740574,1,0,0,0,3
"14309","Sapporo","Office","CL6","ZoneC","ABCH","VAV",79203.4219310478,1,0,1,0,3
"14370","Sapporo","Office","CL6","ZoneC","ABCH","FCU",55378.0860579807,1,0,0,0,3
"14378","Sapporo","Office","CL6","ZoneC","ABCH","FCU",77570.8851777572,1,1,0,0,3
"14434","Sapporo","Office","CL6","ZoneC","ABCH","CAVFCU",69071.8925086214,1,0,0,0,3
"14497","Sapporo","Office","CL6","ZoneC","ABCH","VAVFCU",66108.9359652542,0,0,0,0,3
"14561","Sapporo","Office","CL6","ZoneC","ABCH","OHUFCU",88277.8863012255,0,0,0,0,3
"14565","Sapporo","Office","CL6","ZoneC","ABCH","OHUFCU",95435.853586211,1,0,1,0,3
"14568","Sapporo","Office","CL6","ZoneC","ABCH","OHUFCU",47446.4325364622,1,0,1,1,3
"14626","Sapporo","Office","CL6","ZoneC","AHP","CAV",85273.9106724002,1,0,0,0,3
"14689","Sapporo","Office","CL6","ZoneC","AHP","VAV",88692.7966940193,0,0,0,0,3
"14945","Sapporo","Office","CL6","ZoneC","AHP","OHUFCU",43542.2055681496,0,0,0,0,3
"14949","Sapporo","Office","CL6","ZoneC","AHP","OHUFCU",45425.3406272826,1,0,1,0,3
"15010","Sapporo","Office","CL6","ZoneC","TB","CAV",102925.876065084,1,0,0,0,3
"15073","Sapporo","Office","CL6","ZoneC","TB","VAV",55859.7884739769,0,0,0,0,3
"15077","Sapporo","Office","CL6","ZoneC","TB","VAV",51192.693679266,1,0,1,0,3
"15146","Sapporo","Office","CL6","ZoneC","TB","FCU",61760.6667472802,1,1,0,0,3
"15329","Sapporo","Office","CL6","ZoneC","TB","OHUFCU",51858.9005113691,0,0,0,0,3
"15333","Sapporo","Office","CL6","ZoneC","TB","OHUFCU",55525.2051467465,1,0,1,0,3
"15713","Sapporo","Office","CL6","ZoneC","AB","OHUFCU",56218.6937498637,0,0,0,0,3
"15714","Sapporo","Office","CL6","ZoneC","AB","OHUFCU",47378.4220184444,1,0,0,0,3
"15717","Sapporo","Office","CL6","ZoneC","AB","OHUFCU",55157.4915722719,1,0,1,0,3
"16097","Sapporo","Office","CL6","ZoneC","COM","OHUFCU",60844.7099271389,0,0,0,0,3
"16101","Sapporo","Office","CL6","ZoneC","COM","OHUFCU",59696.1855776244,1,0,1,0,3
"16481","Sapporo","Office","CL6","ZoneC","AHP+TESICE","OHUFCU",55593.7569715043,0,0,0,0,3
"16482","Sapporo","Office","CL6","ZoneC","AHP+TESICE","OHUFCU",46851.7552383215,1,0,0,0,3
"16485","Sapporo","Office","CL6","ZoneC","AHP+TESICE","OHUFCU",54544.3513019035,1,0,1,0,3
"16865","Sapporo","Office","CL6","ZoneC","COM+TESICE","OHUFCU",87265.4389178868,0,0,0,0,3
"16929","Sapporo","Office","CL7","ZoneC","EHP","MUL",67121.8776506325,0,0,0,0,3
"16930","Sapporo","Office","CL7","ZoneC","EHP","MUL",201443.826007222,1,0,0,0,3
"16933","Sapporo","Office","CL7","ZoneC","EHP","MUL",55333.5880646093,1,0,1,0,3
"16936","Sapporo","Office","CL7","ZoneC","EHP","MUL",31211.498848341,1,0,1,1,3
"16994","Sapporo","Office","CL7","ZoneC","GHP","MUL",29904.0853352515,1,0,0,0,3
"17058","Sapporo","Office","CL7","ZoneC","ABCH","CAV",90575.7193122749,1,0,0,0,3
"17121","Sapporo","Office","CL7","ZoneC","ABCH","VAV",40604.8757883043,0,0,0,0,3
"17125","Sapporo","Office","CL7","ZoneC","ABCH","VAV",63013.362606273,1,0,1,0,3
"17128","Sapporo","Office","CL7","ZoneC","ABCH","VAV",41233.6175079245,1,0,1,1,3
"17194","Sapporo","Office","CL7","ZoneC","ABCH","FCU",59493.4460351419,1,1,0,0,3
"17317","Sapporo","Office","CL7","ZoneC","ABCH","VAVFCU",56014.1176085603,1,0,1,0,3
"17381","Sapporo","Office","CL7","ZoneC","ABCH","OHUFCU",68509.5846968306,1,0,1,0,3
"17384","Sapporo","Office","CL7","ZoneC","ABCH","OHUFCU",49753.9101619039,1,0,1,1,3
"17509","Sapporo","Office","CL7","ZoneC","AHP","VAV",136419.27416505,1,0,1,0,3
"17765","Sapporo","Office","CL7","ZoneC","AHP","OHUFCU",111378.760239771,1,0,1,0,3
"18657","Sapporo","Office","CL7","ZoneC","COM","VAV",48181.2419212811,0,0,0,0,3
"18661","Sapporo","Office","CL7","ZoneC","COM","VAV",77430.0321455189,1,0,1,0,3
"18664","Sapporo","Office","CL7","ZoneC","COM","VAV",50088.6180013792,1,0,1,1,3
"19045","Sapporo","Office","CL7","ZoneC","AHP+TESICE","VAV",117771.853347878,1,0,1,0,3
"19301","Sapporo","Office","CL7","ZoneC","AHP+TESICE","OHUFCU",96154.1768735447,1,0,1,0,3
"19425","Sapporo","Office","CL7","ZoneC","COM+TESICE","VAV",41629.1330781273,0,0,0,0,3
"19426","Sapporo","Office","CL7","ZoneC","COM+TESICE","VAV",35063.3797358403,1,0,0,0,3
"19429","Sapporo","Office","CL7","ZoneC","COM+TESICE","VAV",66900.41567828,1,0,1,0,3
"19432","Sapporo","Office","CL7","ZoneC","COM+TESICE","VAV",43277.1273908968,1,0,1,1,3
"19746","Sapporo","Office","CL8c","ZoneA","EHP","MUL",70688.6414819467,1,0,0,0,3
"19762","Sapporo","Office","CL8c","ZoneA","EHP","MUL",25455.39986928,1,0,0,0,4
"19810","Sapporo","Office","CL8c","ZoneA","GHP","MUL",6947.52347856943,1,0,0,0,3
"19941","Sapporo","Office","CL8c","ZoneA","ABCH","VAV",107442.012309586,1,0,1,0,3
"19944","Sapporo","Office","CL8c","ZoneA","ABCH","VAV",102096.262127701,1,0,1,1,3
"19957","Sapporo","Office","CL8c","ZoneA","ABCH","VAV",63207.0183355547,1,0,1,0,4
"19960","Sapporo","Office","CL8c","ZoneA","ABCH","VAV",60062.1691047886,1,0,1,1,4
"20325","Sapporo","Office","CL8c","ZoneA","AHP","VAV",86524.9874253736,1,0,1,0,3
"21477","Sapporo","Office","CL8c","ZoneA","COM","VAV",68737.2724641209,1,0,1,0,3
"21480","Sapporo","Office","CL8c","ZoneA","COM","VAV",65317.2668361678,1,0,1,1,3
"21861","Sapporo","Office","CL8c","ZoneA","AHP+TESICE","VAV",60455.1864116663,1,0,1,0,3
"21864","Sapporo","Office","CL8c","ZoneA","AHP+TESICE","VAV",57447.2538831421,1,0,1,1,3
"22245","Sapporo","Office","CL8c","ZoneA","COM+TESICE","VAV",111085.60456777,1,0,1,0,3
"22248","Sapporo","Office","CL8c","ZoneA","COM+TESICE","VAV",105558.568373474,1,0,1,1,3
"22261","Sapporo","Office","CL8c","ZoneA","COM+TESICE","VAV",65350.5057639799,1,0,1,0,4
"22264","Sapporo","Office","CL8c","ZoneA","COM+TESICE","VAV",62099.0078576719,1,0,1,1,4
"22568","Sapporo","Office","CL9c","ZoneA","EHP","MUL",33084.0498185577,1,0,1,1,3
"22584","Sapporo","Office","CL9c","ZoneA","EHP","MUL",10847.6213096676,1,0,1,1,4
"22757","Sapporo","Office","CL9c","ZoneA","ABCH","VAV",53969.6194409998,1,0,1,0,3
"22760","Sapporo","Office","CL9c","ZoneA","ABCH","VAV",82072.9356203053,1,0,1,1,3
"23912","Sapporo","Office","CL9c","ZoneA","AB","VAV",60743.3153819889,1,0,1,1,3
"24293","Sapporo","Office","CL9c","ZoneA","COM","VAV",53625.1447348187,1,0,1,0,3
"24296","Sapporo","Office","CL9c","ZoneA","COM","VAV",81549.0844114947,1,0,1,1,3
"24680","Sapporo","Office","CL9c","ZoneA","AHP+TESICE","VAV",89362.707526853,1,0,1,1,3
"25061","Sapporo","Office","CL9c","ZoneA","COM+TESICE","VAV",56446.2008904263,1,0,1,0,3
"25064","Sapporo","Office","CL9c","ZoneA","COM+TESICE","VAV",83971.2397877297,1,0,1,1,3
"25077","Sapporo","Office","CL9c","ZoneA","COM+TESICE","VAV",55931.2293244351,1,0,1,0,4
"25080","Sapporo","Office","CL9c","ZoneA","COM+TESICE","VAV",85056.004304926,1,0,1,1,4
"25256","Sapporo","Office","CL9c","ZoneA","COM+TESICE","VAVFCU",103491.05400287,1,0,1,1,3
"25269","Sapporo","Office","CL9c","ZoneA","COM+TESICE","VAVFCU",41222.6703926991,1,0,1,0,4
"25272","Sapporo","Office","CL9c","ZoneA","COM+TESICE","VAVFCU",62688.3348128049,1,0,1,1,4
"25320","Sapporo","Office","CL9c","ZoneA","COM+TESICE","OHUFCU",81681.344099256,1,0,1,1,3
"25377","Sendai","Office","CL1","ZoneC","EHP","MUL",33330.205550089,0,0,0,0,3
"25378","Sendai","Office","CL1","ZoneC","EHP","MUL",86181.4694149774,1,0,0,0,3
"25442","Sendai","Office","CL1","ZoneC","GHP","MUL",80162.3070240546,1,0,0,0,3
"28193","Sendai","Office","CL2","ZoneC","EHP","MUL",922876.11176405,0,0,0,0,3
"28194","Sendai","Office","CL2","ZoneC","EHP","MUL",2456661.59102506,1,0,0,0,3
"28196","Sendai","Office","CL2","ZoneC","EHP","MUL",32703.1368830972,0,0,0,1,3
"28197","Sendai","Office","CL2","ZoneC","EHP","MUL",50506.7045730445,1,0,1,0,3
"28257","Sendai","Office","CL2","ZoneC","GHP","MUL",425410.546664898,0,0,0,0,3
"28258","Sendai","Office","CL2","ZoneC","GHP","MUL",1132426.91742337,1,0,0,0,3
"28321","Sendai","Office","CL2","ZoneC","ABCH","CAV",64983.520616137,0,0,0,0,3
"28322","Sendai","Office","CL2","ZoneC","ABCH","CAV",63699.051939714,1,0,0,0,3
"28705","Sendai","Office","CL2","ZoneC","AHP","CAV",48614.1047327589,0,0,0,0,3
"28706","Sendai","Office","CL2","ZoneC","AHP","CAV",47653.1950410474,1,0,0,0,3
"31009","Sendai","Office","CL3","ZoneC","EHP","MUL",823011.315678183,0,0,0,0,3
"31010","Sendai","Office","CL3","ZoneC","EHP","MUL",2256568.21077662,1,0,0,0,3
"31012","Sendai","Office","CL3","ZoneC","EHP","MUL",33991.0725016163,0,0,0,1,3
"31013","Sendai","Office","CL3","ZoneC","EHP","MUL",77659.3389924692,1,0,1,0,3
"31014","Sendai","Office","CL3","ZoneC","EHP","MUL",26690.6257120366,1,0,0,1,3
"31073","Sendai","Office","CL3","ZoneC","GHP","MUL",264311.017923679,0,0,0,0,3
"31074","Sendai","Office","CL3","ZoneC","GHP","MUL",724699.441481077,1,0,0,0,3
"31137","Sendai","Office","CL3","ZoneC","ABCH","CAV",62478.7786511726,0,0,0,0,3
"31138","Sendai","Office","CL3","ZoneC","ABCH","CAV",102225.515060193,1,0,0,0,3
"31266","Sendai","Office","CL3","ZoneC","ABCH","FCU",59411.6811274068,1,0,0,0,3
"31457","Sendai","Office","CL3","ZoneC","ABCH","OHUFCU",76685.7533438311,0,0,0,0,3
"31521","Sendai","Office","CL3","ZoneC","AHP","CAV",106722.127515931,0,0,0,0,3
"31522","Sendai","Office","CL3","ZoneC","AHP","CAV",98094.201647915,1,0,0,0,3
"33825","Sendai","Office","CL4","ZoneC","EHP","MUL",716236.697163332,0,0,0,0,3
"33826","Sendai","Office","CL4","ZoneC","EHP","MUL",2004916.51975562,1,0,0,0,3
"33828","Sendai","Office","CL4","ZoneC","EHP","MUL",32840.2402608353,0,0,0,1,3
"33829","Sendai","Office","CL4","ZoneC","EHP","MUL",107335.157517408,1,0,1,0,3
"33830","Sendai","Office","CL4","ZoneC","EHP","MUL",39084.6654809722,1,0,0,1,3
"33889","Sendai","Office","CL4","ZoneC","GHP","MUL",174908.017848177,0,0,0,0,3
"33890","Sendai","Office","CL4","ZoneC","GHP","MUL",489609.057746387,1,0,0,0,3
"33953","Sendai","Office","CL4","ZoneC","ABCH","CAV",62855.6269633441,0,0,0,0,3
"33954","Sendai","Office","CL4","ZoneC","ABCH","CAV",121059.479280805,1,0,0,0,3
"33962","Sendai","Office","CL4","ZoneC","ABCH","CAV",38724.8754915373,1,1,0,0,3
"34017","Sendai","Office","CL4","ZoneC","ABCH","VAV",87350.5725241065,0,0,0,0,3
"34082","Sendai","Office","CL4","ZoneC","ABCH","FCU",40215.0894671799,1,0,0,0,3
"34090","Sendai","Office","CL4","ZoneC","ABCH","FCU",45249.6663949145,1,1,0,0,3
"34273","Sendai","Office","CL4","ZoneC","ABCH","OHUFCU",85622.8941609155,0,0,0,0,3
"34277","Sendai","Office","CL4","ZoneC","ABCH","OHUFCU",35806.7703717744,1,0,1,0,3
"34337","Sendai","Office","CL4","ZoneC","AHP","CAV",45045.4802130352,0,0,0,0,3
"34338","Sendai","Office","CL4","ZoneC","AHP","CAV",86757.2664850516,1,0,0,0,3
"34401","Sendai","Office","CL4","ZoneC","AHP","VAV",51711.4908767632,0,0,0,0,3
"34474","Sendai","Office","CL4","ZoneC","AHP","FCU",50595.0884503682,1,1,0,0,3
"34657","Sendai","Office","CL4","ZoneC","AHP","OHUFCU",71886.2945966115,0,0,0,0,3
"35873","Sendai","Office","CL4","ZoneC","AHP+TESICE","CAV",48395.078678968,0,0,0,0,3
"35874","Sendai","Office","CL4","ZoneC","AHP+TESICE","CAV",42465.6989664468,1,0,0,0,3
"36641","Sendai","Office","CL5","ZoneC","EHP","MUL",517059.534548719,0,0,0,0,3
"36642","Sendai","Office","CL5","ZoneC","EHP","MUL",1483630.9283287,1,0,0,0,3
"36644","Sendai","Office","CL5","ZoneC","EHP","MUL",26805.5736136356,0,0,0,1,3
"36645","Sendai","Office","CL5","ZoneC","EHP","MUL",138374.852825157,1,0,1,0,3
"36646","Sendai","Office","CL5","ZoneC","EHP","MUL",53549.1437535518,1,0,0,1,3
"36648","Sendai","Office","CL5","ZoneC","EHP","MUL",33584.4896226985,1,0,1,1,3
"36705","Sendai","Office","CL5","ZoneC","GHP","MUL",94100.9810551737,0,0,0,0,3
"36706","Sendai","Office","CL5","ZoneC","GHP","MUL",270009.76976738,1,0,0,0,3
"36769","Sendai","Office","CL5","ZoneC","ABCH","CAV",63629.2917619631,0,0,0,0,3
"36770","Sendai","Office","CL5","ZoneC","ABCH","CAV",119535.48436772,1,0,0,0,3
"36773","Sendai","Office","CL5","ZoneC","ABCH","CAV",39375.7153221919,1,0,1,0,3
"36778","Sendai","Office","CL5","ZoneC","ABCH","CAV",43520.9331975291,1,1,0,0,3
"36833","Sendai","Office","CL5","ZoneC","ABCH","VAV",77778.5313678461,0,0,0,0,3
"36834","Sendai","Office","CL5","ZoneC","ABCH","VAV",56438.4284513145,1,0,0,0,3
"36837","Sendai","Office","CL5","ZoneC","ABCH","VAV",41620.7113282451,1,0,1,0,3
"36898","Sendai","Office","CL5","ZoneC","ABCH","FCU",67157.1036729063,1,0,0,0,3
"36906","Sendai","Office","CL5","ZoneC","ABCH","FCU",81845.9896123322,1,1,0,0,3
"36962","Sendai","Office","CL5","ZoneC","ABCH","CAVFCU",74295.8292270837,1,0,0,0,3
"37089","Sendai","Office","CL5","ZoneC","ABCH","OHUFCU",141524.299468747,0,0,0,0,3
"37093","Sendai","Office","CL5","ZoneC","ABCH","OHUFCU",94313.9944000618,1,0,1,0,3
"37153","Sendai","Office","CL5","ZoneC","AHP","CAV",51693.2836573671,0,0,0,0,3
"37154","Sendai","Office","CL5","ZoneC","AHP","CAV",97112.2187507227,1,0,0,0,3
"37217","Sendai","Office","CL5","ZoneC","AHP","VAV",55202.6372273076,0,0,0,0,3
"37218","Sendai","Office","CL5","ZoneC","AHP","VAV",43141.6192985577,1,0,0,0,3
"37290","Sendai","Office","CL5","ZoneC","AHP","FCU",83335.9446446874,1,1,0,0,3
"37473","Sendai","Office","CL5","ZoneC","AHP","OHUFCU",79233.9655784341,0,0,0,0,3
"37477","Sendai","Office","CL5","ZoneC","AHP","OHUFCU",52668.0410820924,1,0,1,0,3
"37537","Sendai","Office","CL5","ZoneC","TB","CAV",90293.3802433387,0,0,0,0,3
"38305","Sendai","Office","CL5","ZoneC","COM","CAV",89153.837577151,0,0,0,0,3
"38690","Sendai","Office","CL5","ZoneC","AHP+TESICE","CAV",107369.304964872,1,0,0,0,3
"39009","Sendai","Office","CL5","ZoneC","AHP+TESICE","OHUFCU",95172.7358829353,0,0,0,0,3
"39457","Sendai","Office","CL6","ZoneC","EHP","MUL",193657.972424819,0,0,0,0,3
"39458","Sendai","Office","CL6","ZoneC","EHP","MUL",571160.04161303,1,0,0,0,3
"39461","Sendai","Office","CL6","ZoneC","EHP","MUL",91504.4285122349,1,0,1,0,3
"39462","Sendai","Office","CL6","ZoneC","EHP","MUL",38443.2055819746,1,0,0,1,3
"39464","Sendai","Office","CL6","ZoneC","EHP","MUL",35387.4519398101,1,0,1,1,3
"39522","Sendai","Office","CL6","ZoneC","GHP","MUL",110476.872001985,1,0,0,0,3
"39586","Sendai","Office","CL6","ZoneC","ABCH","CAV",112375.682504503,1,0,0,0,3
"39589","Sendai","Office","CL6","ZoneC","ABCH","CAV",59528.3861478352,1,0,1,0,3
"39649","Sendai","Office","CL6","ZoneC","ABCH","VAV",67768.633646905,0,0,0,0,3
"39650","Sendai","Office","CL6","ZoneC","ABCH","VAV",50294.5666271952,1,0,0,0,3
"39653","Sendai","Office","CL6","ZoneC","ABCH","VAV",61671.198798754,1,0,1,0,3
"39714","Sendai","Office","CL6","ZoneC","ABCH","FCU",48869.9848891106,1,0,0,0,3
"39722","Sendai","Office","CL6","ZoneC","ABCH","FCU",69123.9917355625,1,1,0,0,3
"39778","Sendai","Office","CL6","ZoneC","ABCH","CAVFCU",60517.6423010709,1,0,0,0,3
"39841","Sendai","Office","CL6","ZoneC","ABCH","VAVFCU",58066.2586581611,0,0,0,0,3
"39905","Sendai","Office","CL6","ZoneC","ABCH","OHUFCU",78445.6824969238,0,0,0,0,3
"39909","Sendai","Office","CL6","ZoneC","ABCH","OHUFCU",84127.6005819963,1,0,1,0,3
"39912","Sendai","Office","CL6","ZoneC","ABCH","OHUFCU",44603.1979815744,1,0,1,1,3
"39970","Sendai","Office","CL6","ZoneC","AHP","CAV",92465.6796591439,1,0,0,0,3
"40033","Sendai","Office","CL6","ZoneC","AHP","VAV",96677.5452069745,0,0,0,0,3
"40106","Sendai","Office","CL6","ZoneC","AHP","FCU",63467.9174833896,1,1,0,0,3
"40289","Sendai","Office","CL6","ZoneC","AHP","OHUFCU",54033.7262154982,0,0,0,0,3
"40293","Sendai","Office","CL6","ZoneC","AHP","OHUFCU",57404.6724264283,1,0,1,0,3
"40673","Sendai","Office","CL6","ZoneC","TB","OHUFCU",95771.0156312351,0,0,0,0,3
"41057","Sendai","Office","CL6","ZoneC","AB","OHUFCU",62554.1885546733,0,0,0,0,3
"41441","Sendai","Office","CL6","ZoneC","COM","OHUFCU",51843.5850417728,0,0,0,0,3
"41442","Sendai","Office","CL6","ZoneC","COM","OHUFCU",42659.1139781013,1,0,0,0,3
"41445","Sendai","Office","CL6","ZoneC","COM","OHUFCU",50774.8675104626,1,0,1,0,3
"41570","Sendai","Office","CL6","ZoneC","AHP+TESICE","VAV",107328.619616132,1,0,0,0,3
"41825","Sendai","Office","CL6","ZoneC","AHP+TESICE","OHUFCU",61051.4552494533,0,0,0,0,3
"41829","Sendai","Office","CL6","ZoneC","AHP+TESICE","OHUFCU",62664.237705558,1,0,1,0,3
"42209","Sendai","Office","CL6","ZoneC","COM+TESICE","OHUFCU",100446.836963925,0,0,0,0,3
"42273","Sendai","Office","CL7","ZoneC","EHP","MUL",69707.3419234516,0,0,0,0,3
"42274","Sendai","Office","CL7","ZoneC","EHP","MUL",210617.694361888,1,0,0,0,3
"42277","Sendai","Office","CL7","ZoneC","EHP","MUL",53764.0389077073,1,0,1,0,3
"42280","Sendai","Office","CL7","ZoneC","EHP","MUL",31152.9144784904,1,0,1,1,3
"42338","Sendai","Office","CL7","ZoneC","GHP","MUL",40851.6965137624,1,0,0,0,3
"42402","Sendai","Office","CL7","ZoneC","ABCH","CAV",114408.280585148,1,0,0,0,3
"42465","Sendai","Office","CL7","ZoneC","ABCH","VAV",40059.4585308791,0,0,0,0,3
"42466","Sendai","Office","CL7","ZoneC","ABCH","VAV",32493.3039505214,1,0,0,0,3
"42469","Sendai","Office","CL7","ZoneC","ABCH","VAV",58241.9513857416,1,0,1,0,3
"42472","Sendai","Office","CL7","ZoneC","ABCH","VAV",39179.8870177742,1,0,1,1,3
"42538","Sendai","Office","CL7","ZoneC","ABCH","FCU",80107.4234639781,1,1,0,0,3
"42661","Sendai","Office","CL7","ZoneC","ABCH","VAVFCU",71118.4767410174,1,0,1,0,3
"42721","Sendai","Office","CL7","ZoneC","ABCH","OHUFCU",44095.5619820512,0,0,0,0,3
"42725","Sendai","Office","CL7","ZoneC","ABCH","OHUFCU",71143.5157762263,1,0,1,0,3
"42728","Sendai","Office","CL7","ZoneC","ABCH","OHUFCU",53760.6895305643,1,0,1,1,3
"42853","Sendai","Office","CL7","ZoneC","AHP","VAV",119972.909056871,1,0,1,0,3
"43109","Sendai","Office","CL7","ZoneC","AHP","OHUFCU",119284.84377089,1,0,1,0,3
"43237","Sendai","Office","CL7","ZoneC","TB","VAV",99924.1160835338,1,0,1,0,3
"43621","Sendai","Office","CL7","ZoneC","AB","VAV",92500.2237431453,1,0,1,0,3
"44001","Sendai","Office","CL7","ZoneC","COM","VAV",49726.7848822289,0,0,0,0,3
"44005","Sendai","Office","CL7","ZoneC","COM","VAV",75076.6870983954,1,0,1,0,3
"44008","Sendai","Office","CL7","ZoneC","COM","VAV",50479.4152474219,1,0,1,1,3
"44389","Sendai","Office","CL7","ZoneC","AHP+TESICE","VAV",108973.709598166,1,0,1,0,3
"44645","Sendai","Office","CL7","ZoneC","AHP+TESICE","OHUFCU",108348.726614519,1,0,1,0,3
"44769","Sendai","Office","CL7","ZoneC","COM+TESICE","VAV",51294.9033343464,0,0,0,0,3
"44773","Sendai","Office","CL7","ZoneC","COM+TESICE","VAV",77444.2067086349,1,0,1,0,3
"44776","Sendai","Office","CL7","ZoneC","COM+TESICE","VAV",52071.267660343,1,0,1,1,3
"45090","Sendai","Office","CL8c","ZoneA","EHP","MUL",43753.8618783366,1,0,0,0,3
"45106","Sendai","Office","CL8c","ZoneA","EHP","MUL",14346.0467232602,1,0,0,0,4
"45285","Sendai","Office","CL8c","ZoneA","ABCH","VAV",77120.4546626181,1,0,1,0,3
"45288","Sendai","Office","CL8c","ZoneA","ABCH","VAV",73384.9334666723,1,0,1,1,3
"46821","Sendai","Office","CL8c","ZoneA","COM","VAV",49643.3195051268,1,0,1,0,3
"46824","Sendai","Office","CL8c","ZoneA","COM","VAV",47238.7217488017,1,0,1,1,3
"47205","Sendai","Office","CL8c","ZoneA","AHP+TESICE","VAV",89060.8823708907,1,0,1,0,3
"47589","Sendai","Office","CL8c","ZoneA","COM+TESICE","VAV",80227.8918992867,1,0,1,0,3
"47592","Sendai","Office","CL8c","ZoneA","COM+TESICE","VAV",76341.8542455034,1,0,1,1,3
"47605","Sendai","Office","CL8c","ZoneA","COM+TESICE","VAV",82831.6302980571,1,0,1,0,4
"47608","Sendai","Office","CL8c","ZoneA","COM+TESICE","VAV",78819.4740934968,1,0,1,1,4
"47912","Sendai","Office","CL9c","ZoneA","EHP","MUL",2709.7377635084,1,0,1,1,3
"47928","Sendai","Office","CL9c","ZoneA","EHP","MUL",888.470706224024,1,0,1,1,4
"50408","Sendai","Office","CL9c","ZoneA","COM+TESICE","VAV",75170.1166383143,1,0,1,1,3
"50424","Sendai","Office","CL9c","ZoneA","COM+TESICE","VAV",24646.8302268905,1,0,1,1,4
"50690","Tokyo","Office","CL1","ZoneC","EHP","MUL",88084.3848062581,1,0,0,0,1
"50706","Tokyo","Office","CL1","ZoneC","EHP","MUL",36090.2607319992,1,0,0,0,2
"50754","Tokyo","Office","CL1","ZoneC","GHP","MUL",21597.7664742949,1,0,0,0,1
"53505","Tokyo","Office","CL2","ZoneC","EHP","MUL",1866290.43922451,0,0,0,0,1
"53506","Tokyo","Office","CL2","ZoneC","EHP","MUL",5001870.17286134,1,0,0,0,1
"53508","Tokyo","Office","CL2","ZoneC","EHP","MUL",68703.6104559679,0,0,0,1,1
"53509","Tokyo","Office","CL2","ZoneC","EHP","MUL",103535.090266943,1,0,1,0,1
"53510","Tokyo","Office","CL2","ZoneC","EHP","MUL",33427.5942826896,1,0,0,1,1
"53521","Tokyo","Office","CL2","ZoneC","EHP","MUL",623087.869761761,0,0,0,0,2
"53522","Tokyo","Office","CL2","ZoneC","EHP","MUL",1669946.20201135,1,0,0,0,2
"53525","Tokyo","Office","CL2","ZoneC","EHP","MUL",34566.6770209827,1,0,1,0,2
"53569","Tokyo","Office","CL2","ZoneC","GHP","MUL",364270.097167176,0,0,0,0,1
"53570","Tokyo","Office","CL2","ZoneC","GHP","MUL",976285.199554951,1,0,0,0,1
"53585","Tokyo","Office","CL2","ZoneC","GHP","MUL",119860.912921071,0,0,0,0,2
"53586","Tokyo","Office","CL2","ZoneC","GHP","MUL",321240.849029346,1,0,0,0,2
"53633","Tokyo","Office","CL2","ZoneC","ABCH","CAV",33770.7088381197,0,0,0,0,1
"53634","Tokyo","Office","CL2","ZoneC","ABCH","CAV",38714.9979744583,1,0,0,0,1
"54017","Tokyo","Office","CL2","ZoneC","AHP","CAV",44335.5540755293,0,0,0,0,1
"54018","Tokyo","Office","CL2","ZoneC","AHP","CAV",50826.6170680168,1,0,0,0,1
"54034","Tokyo","Office","CL2","ZoneC","AHP","CAV",55163.5389711367,1,0,0,0,2
"56321","Tokyo","Office","CL3","ZoneC","EHP","MUL",2494066.25673875,0,0,0,0,1
"56322","Tokyo","Office","CL3","ZoneC","EHP","MUL",6851574.78659315,1,0,0,0,1
"56324","Tokyo","Office","CL3","ZoneC","EHP","MUL",104110.160856221,0,0,0,1,1
"56325","Tokyo","Office","CL3","ZoneC","EHP","MUL",238466.625146582,1,0,1,0,1
"56326","Tokyo","Office","CL3","ZoneC","EHP","MUL",82825.8897960559,1,0,0,1,1
"56328","Tokyo","Office","CL3","ZoneC","EHP","MUL",26254.1382853846,1,0,1,1,1
"56337","Tokyo","Office","CL3","ZoneC","EHP","MUL",822862.747443557,0,0,0,0,2
"56338","Tokyo","Office","CL3","ZoneC","EHP","MUL",2260527.61749129,1,0,0,0,2
"56340","Tokyo","Office","CL3","ZoneC","EHP","MUL",34348.8761645657,0,0,0,1,2
"56341","Tokyo","Office","CL3","ZoneC","EHP","MUL",78676.8602524194,1,0,1,0,2
"56342","Tokyo","Office","CL3","ZoneC","EHP","MUL",27326.59529509,1,0,0,1,2
"56385","Tokyo","Office","CL3","ZoneC","GHP","MUL",316407.226760804,0,0,0,0,1
"56386","Tokyo","Office","CL3","ZoneC","GHP","MUL",869218.197917853,1,0,0,0,1
"56389","Tokyo","Office","CL3","ZoneC","GHP","MUL",30252.8304265261,1,0,1,0,1
"56401","Tokyo","Office","CL3","ZoneC","GHP","MUL",106768.475485877,0,0,0,0,2
"56402","Tokyo","Office","CL3","ZoneC","GHP","MUL",293309.046087084,1,0,0,0,2
"56449","Tokyo","Office","CL3","ZoneC","ABCH","CAV",110099.149630753,0,0,0,0,1
"56450","Tokyo","Office","CL3","ZoneC","ABCH","CAV",119559.176081055,1,0,0,0,1
"56458","Tokyo","Office","CL3","ZoneC","ABCH","CAV",38299.8755716554,1,1,0,0,1
"56465","Tokyo","Office","CL3","ZoneC","ABCH","CAV",42269.0885998988,0,0,0,0,2
"56466","Tokyo","Office","CL3","ZoneC","ABCH","CAV",45900.966752693,1,0,0,0,2
"56833","Tokyo","Office","CL3","ZoneC","AHP","CAV",90597.5725731826,0,0,0,0,1
"56834","Tokyo","Office","CL3","ZoneC","AHP","CAV",117035.702913295,1,0,0,0,1
"56842","Tokyo","Office","CL3","ZoneC","AHP","CAV",39637.4019143144,1,1,0,0,1
"56849","Tokyo","Office","CL3","ZoneC","AHP","CAV",50854.37721562,0,0,0,0,2
"56850","Tokyo","Office","CL3","ZoneC","AHP","CAV",55223.927345542,1,0,0,0,2
"56897","Tokyo","Office","CL3","ZoneC","AHP","VAV",75112.6030875623,0,0,0,0,1
"59137","Tokyo","Office","CL4","ZoneC","EHP","MUL",2850020.6021361,0,0,0,0,1
"59138","Tokyo","Office","CL4","ZoneC","EHP","MUL",7988192.75665168,1,0,0,0,1
"59140","Tokyo","Office","CL4","ZoneC","EHP","MUL",131578.990110988,0,0,0,1,1
"59141","Tokyo","Office","CL4","ZoneC","EHP","MUL",435622.634144379,1,0,1,0,1
"59142","Tokyo","Office","CL4","ZoneC","EHP","MUL",159495.56914988,1,0,0,1,1
"59144","Tokyo","Office","CL4","ZoneC","EHP","MUL",68960.5401265129,1,0,1,1,1
"59153","Tokyo","Office","CL4","ZoneC","EHP","MUL",943374.272875695,0,0,0,0,2
"59154","Tokyo","Office","CL4","ZoneC","EHP","MUL",2644140.72226321,1,0,0,0,2
"59156","Tokyo","Office","CL4","ZoneC","EHP","MUL",43553.4515184335,0,0,0,1,2
"59157","Tokyo","Office","CL4","ZoneC","EHP","MUL",144193.759661294,1,0,1,0,2
"59158","Tokyo","Office","CL4","ZoneC","EHP","MUL",52794.0101418526,1,0,0,1,2
"59201","Tokyo","Office","CL4","ZoneC","GHP","MUL",256081.942123712,0,0,0,0,1
"59202","Tokyo","Office","CL4","ZoneC","GHP","MUL",717760.395713886,1,0,0,0,1
"59205","Tokyo","Office","CL4","ZoneC","GHP","MUL",39141.8539575219,1,0,1,0,1
"59217","Tokyo","Office","CL4","ZoneC","GHP","MUL",87649.0131784739,0,0,0,0,2
"59218","Tokyo","Office","CL4","ZoneC","GHP","MUL",245667.42137765,1,0,0,0,2
"59265","Tokyo","Office","CL4","ZoneC","ABCH","CAV",86317.4939204587,0,0,0,0,1
"59266","Tokyo","Office","CL4","ZoneC","ABCH","CAV",166455.189570538,1,0,0,0,1
"59269","Tokyo","Office","CL4","ZoneC","ABCH","CAV",31921.6377564212,1,0,1,0,1
"59274","Tokyo","Office","CL4","ZoneC","ABCH","CAV",46906.2496989954,1,1,0,0,1
"59281","Tokyo","Office","CL4","ZoneC","ABCH","CAV",78645.4063231903,0,0,0,0,2
"59282","Tokyo","Office","CL4","ZoneC","ABCH","CAV",100790.795070415,1,0,0,0,2
"59329","Tokyo","Office","CL4","ZoneC","ABCH","VAV",85731.4566614481,0,0,0,0,1
"59330","Tokyo","Office","CL4","ZoneC","ABCH","VAV",60907.8451171426,1,0,0,0,1
"59345","Tokyo","Office","CL4","ZoneC","ABCH","VAV",79349.6802827068,0,0,0,0,2
"59394","Tokyo","Office","CL4","ZoneC","ABCH","FCU",51382.6826791422,1,0,0,0,1
"59402","Tokyo","Office","CL4","ZoneC","ABCH","FCU",48546.9804239198,1,1,0,0,1
"59585","Tokyo","Office","CL4","ZoneC","ABCH","OHUFCU",80280.4282280312,0,0,0,0,1
"59589","Tokyo","Office","CL4","ZoneC","ABCH","OHUFCU",34081.6279796631,1,0,1,0,1
"59649","Tokyo","Office","CL4","ZoneC","AHP","CAV",95183.1658961461,0,0,0,0,1
"59650","Tokyo","Office","CL4","ZoneC","AHP","CAV",183551.806285837,1,0,0,0,1
"59653","Tokyo","Office","CL4","ZoneC","AHP","CAV",35200.3099747775,1,0,1,0,1
"59658","Tokyo","Office","CL4","ZoneC","AHP","CAV",51723.9917875712,1,1,0,0,1
"59665","Tokyo","Office","CL4","ZoneC","AHP","CAV",71540.0711291912,0,0,0,0,2
"59666","Tokyo","Office","CL4","ZoneC","AHP","CAV",91684.7020774944,1,0,0,0,2
"59674","Tokyo","Office","CL4","ZoneC","AHP","CAV",34641.3249536743,1,1,0,0,2
"59713","Tokyo","Office","CL4","ZoneC","AHP","VAV",94536.936735495,0,0,0,0,1
"59714","Tokyo","Office","CL4","ZoneC","AHP","VAV",67163.6914239429,1,0,0,0,1
"59729","Tokyo","Office","CL4","ZoneC","AHP","VAV",87499.6879440784,0,0,0,0,2
"59778","Tokyo","Office","CL4","ZoneC","AHP","FCU",56660.1993119106,1,0,0,0,1
"59786","Tokyo","Office","CL4","ZoneC","AHP","FCU",53533.2420065973,1,1,0,0,1
"59969","Tokyo","Office","CL4","ZoneC","AHP","OHUFCU",88526.0330343212,0,0,0,0,1
"59973","Tokyo","Office","CL4","ZoneC","AHP","OHUFCU",37582.1528482783,1,0,1,0,1
"60802","Tokyo","Office","CL4","ZoneC","COM","CAV",55195.1427783332,1,0,0,0,1
"61185","Tokyo","Office","CL4","ZoneC","AHP+TESICE","CAV",70265.0494456783,0,0,0,0,1
"61186","Tokyo","Office","CL4","ZoneC","AHP+TESICE","CAV",72081.6369333761,1,0,0,0,1
"61953","Tokyo","Office","CL5","ZoneC","EHP","MUL",2502751.32750543,0,0,0,0,1
"61954","Tokyo","Office","CL5","ZoneC","EHP","MUL",7171782.64789066,1,0,0,0,1
"61956","Tokyo","Office","CL5","ZoneC","EHP","MUL",128639.914616178,0,0,0,1,1
"61957","Tokyo","Office","CL5","ZoneC","EHP","MUL",677311.46789425,1,0,1,0,1
"61958","Tokyo","Office","CL5","ZoneC","EHP","MUL",259163.921131328,1,0,0,1,1
"61960","Tokyo","Office","CL5","ZoneC","EHP","MUL",163670.631727729,1,0,1,1,1
"61969","Tokyo","Office","CL5","ZoneC","EHP","MUL",2107572.20891126,0,0,0,0,2
"61970","Tokyo","Office","CL5","ZoneC","EHP","MUL",6039373.40115688,1,0,0,0,2
"61972","Tokyo","Office","CL5","ZoneC","EHP","MUL",108327.945338463,0,0,0,1,2
"61973","Tokyo","Office","CL5","ZoneC","EHP","MUL",570365.425770695,1,0,1,0,2
"61974","Tokyo","Office","CL5","ZoneC","EHP","MUL",218242.488466993,1,0,0,1,2
"61976","Tokyo","Office","CL5","ZoneC","EHP","MUL",137827.386625795,1,0,1,1,2
"62017","Tokyo","Office","CL5","ZoneC","GHP","MUL",171308.615879165,0,0,0,0,1
"62018","Tokyo","Office","CL5","ZoneC","GHP","MUL",490895.01833206,1,0,0,0,1
"62021","Tokyo","Office","CL5","ZoneC","GHP","MUL",46360.6946518733,1,0,1,0,1
"62033","Tokyo","Office","CL5","ZoneC","GHP","MUL",144259.349303331,0,0,0,0,2
"62034","Tokyo","Office","CL5","ZoneC","GHP","MUL",413383.737632794,1,0,0,0,2
"62037","Tokyo","Office","CL5","ZoneC","GHP","MUL",39040.4394397016,1,0,1,0,2
"62081","Tokyo","Office","CL5","ZoneC","ABCH","CAV",126564.907394273,0,0,0,0,1
"62082","Tokyo","Office","CL5","ZoneC","ABCH","CAV",249024.831611314,1,0,0,0,1
"62085","Tokyo","Office","CL5","ZoneC","ABCH","CAV",80061.5727208079,1,0,1,0,1
"62089","Tokyo","Office","CL5","ZoneC","ABCH","CAV",42142.0732934142,0,1,0,0,1
"62090","Tokyo","Office","CL5","ZoneC","ABCH","CAV",82917.3182496161,1,1,0,0,1
"62097","Tokyo","Office","CL5","ZoneC","ABCH","CAV",106580.577349436,0,0,0,0,2
"62098","Tokyo","Office","CL5","ZoneC","ABCH","CAV",209704.339646054,1,0,0,0,2
"62101","Tokyo","Office","CL5","ZoneC","ABCH","CAV",67420.0204445746,1,0,1,0,2
"62105","Tokyo","Office","CL5","ZoneC","ABCH","CAV",35487.9294330962,0,1,0,0,2
"62106","Tokyo","Office","CL5","ZoneC","ABCH","CAV",69824.8498201871,1,1,0,0,2
"62145","Tokyo","Office","CL5","ZoneC","ABCH","VAV",181636.855913951,0,0,0,0,1
"62146","Tokyo","Office","CL5","ZoneC","ABCH","VAV",131617.610038899,1,0,0,0,1
"62149","Tokyo","Office","CL5","ZoneC","ABCH","VAV",98296.3658450679,1,0,1,0,1
"62161","Tokyo","Office","CL5","ZoneC","ABCH","VAV",152956.78217453,0,0,0,0,2
"62162","Tokyo","Office","CL5","ZoneC","ABCH","VAV",110835.46897877,1,0,0,0,2
"62165","Tokyo","Office","CL5","ZoneC","ABCH","VAV",82775.5784664905,1,0,1,0,2
"62209","Tokyo","Office","CL5","ZoneC","ABCH","FCU",30056.1991407849,0,0,0,0,1
"62210","Tokyo","Office","CL5","ZoneC","ABCH","FCU",86127.8246426019,1,0,0,0,1
"62217","Tokyo","Office","CL5","ZoneC","ABCH","FCU",32296.6281418092,0,1,0,0,1
"62218","Tokyo","Office","CL5","ZoneC","ABCH","FCU",92547.9070761982,1,1,0,0,1
"62226","Tokyo","Office","CL5","ZoneC","ABCH","FCU",97838.813210986,1,0,0,0,2
"62234","Tokyo","Office","CL5","ZoneC","ABCH","FCU",105131.848285612,1,1,0,0,2
"62274","Tokyo","Office","CL5","ZoneC","ABCH","CAVFCU",108011.485648865,1,0,0,0,1
"62290","Tokyo","Office","CL5","ZoneC","ABCH","CAVFCU",90956.7014888622,1,0,0,0,2
"62337","Tokyo","Office","CL5","ZoneC","ABCH","VAVFCU",65747.6873648628,0,0,0,0,1
"62353","Tokyo","Office","CL5","ZoneC","ABCH","VAVFCU",55366.2671826392,0,0,0,0,2
"62401","Tokyo","Office","CL5","ZoneC","ABCH","OHUFCU",166640.518843203,0,0,0,0,1
"62405","Tokyo","Office","CL5","ZoneC","ABCH","OHUFCU",113141.783208726,1,0,1,0,1
"62408","Tokyo","Office","CL5","ZoneC","ABCH","OHUFCU",37542.0305671892,1,0,1,1,1
"62417","Tokyo","Office","CL5","ZoneC","ABCH","OHUFCU",140328.334873983,0,0,0,0,2
"62421","Tokyo","Office","CL5","ZoneC","ABCH","OHUFCU",95276.9359611324,1,0,1,0,2
"62424","Tokyo","Office","CL5","ZoneC","ABCH","OHUFCU",31614.2236825298,1,0,1,1,2
"62465","Tokyo","Office","CL5","ZoneC","AHP","CAV",120016.732506274,0,0,0,0,1
"62466","Tokyo","Office","CL5","ZoneC","AHP","CAV",236140.864148157,1,0,0,0,1
"62469","Tokyo","Office","CL5","ZoneC","AHP","CAV",75919.3725582391,1,0,1,0,1
"62473","Tokyo","Office","CL5","ZoneC","AHP","CAV",39961.7401208983,0,1,0,0,1
"62474","Tokyo","Office","CL5","ZoneC","AHP","CAV",78627.3684339779,1,1,0,0,1
"62481","Tokyo","Office","CL5","ZoneC","AHP","CAV",101066.34536747,0,0,0,0,2
"62482","Tokyo","Office","CL5","ZoneC","AHP","CAV",198854.72327888,1,0,0,0,2
"62485","Tokyo","Office","CL5","ZoneC","AHP","CAV",63931.8648893524,1,0,1,0,2
"62489","Tokyo","Office","CL5","ZoneC","AHP","CAV",33651.8662373404,0,1,0,0,2
"62490","Tokyo","Office","CL5","ZoneC","AHP","CAV",66212.2739682847,1,1,0,0,2
"62529","Tokyo","Office","CL5","ZoneC","AHP","VAV",172239.386085087,0,0,0,0,1
"62530","Tokyo","Office","CL5","ZoneC","AHP","VAV",124808.020029954,1,0,0,0,1
"62533","Tokyo","Office","CL5","ZoneC","AHP","VAV",93210.7397607135,1,0,1,0,1
"62545","Tokyo","Office","CL5","ZoneC","AHP","VAV",145043.152870759,0,0,0,0,2
"62546","Tokyo","Office","CL5","ZoneC","AHP","VAV",105101.098768192,1,0,0,0,2
"62549","Tokyo","Office","CL5","ZoneC","AHP","VAV",78492.9619386301,1,0,1,0,2
"62593","Tokyo","Office","CL5","ZoneC","AHP","FCU",28501.1610777517,0,0,0,0,1
"62594","Tokyo","Office","CL5","ZoneC","AHP","FCU",81671.7706692385,1,0,0,0,1
"62601","Tokyo","Office","CL5","ZoneC","AHP","FCU",30625.6754763408,0,1,0,0,1
"62602","Tokyo","Office","CL5","ZoneC","AHP","FCU",87759.6929216591,1,1,0,0,1
"62610","Tokyo","Office","CL5","ZoneC","AHP","FCU",92776.8598391562,1,0,0,0,2
"62618","Tokyo","Office","CL5","ZoneC","AHP","FCU",99692.5701867616,1,1,0,0,2
"62658","Tokyo","Office","CL5","ZoneC","AHP","CAVFCU",102423.221788821,1,0,0,0,1
"62674","Tokyo","Office","CL5","ZoneC","AHP","CAVFCU",86250.8126224551,1,0,0,0,2
"62721","Tokyo","Office","CL5","ZoneC","AHP","VAVFCU",62346.054446147,0,0,0,0,1
"62737","Tokyo","Office","CL5","ZoneC","AHP","VAVFCU",52501.7448764823,0,0,0,0,2
"62785","Tokyo","Office","CL5","ZoneC","AHP","OHUFCU",158018.92472776,0,0,0,0,1
"62789","Tokyo","Office","CL5","ZoneC","AHP","OHUFCU",107288.089646712,1,0,1,0,1
"62792","Tokyo","Office","CL5","ZoneC","AHP","OHUFCU",35599.6929408617,1,0,1,1,1
"62801","Tokyo","Office","CL5","ZoneC","AHP","OHUFCU",133068.072156499,0,0,0,0,2
"62805","Tokyo","Office","CL5","ZoneC","AHP","OHUFCU",90347.5281789057,1,0,1,0,2
"62808","Tokyo","Office","CL5","ZoneC","AHP","OHUFCU",29978.5770417383,1,0,1,1,2
"63617","Tokyo","Office","CL5","ZoneC","COM","CAV",65222.4228892661,0,0,0,0,1
"63618","Tokyo","Office","CL5","ZoneC","COM","CAV",80567.2433171659,1,0,0,0,1
"63633","Tokyo","Office","CL5","ZoneC","COM","CAV",54923.9408520406,0,0,0,0,2
"63634","Tokyo","Office","CL5","ZoneC","COM","CAV",67845.8467278473,1,0,0,0,2
"63681","Tokyo","Office","CL5","ZoneC","COM","VAV",103321.426756897,0,0,0,0,1
"63697","Tokyo","Office","CL5","ZoneC","COM","VAV",87007.1929339227,0,0,0,0,2
"64001","Tokyo","Office","CL5","ZoneC","AHP+TESICE","CAV",63554.8763459369,0,0,0,0,1
"64002","Tokyo","Office","CL5","ZoneC","AHP+TESICE","CAV",119813.156560257,1,0,0,0,1
"64017","Tokyo","Office","CL5","ZoneC","AHP+TESICE","CAV",53519.6963659174,0,0,0,0,2
"64018","Tokyo","Office","CL5","ZoneC","AHP+TESICE","CAV",100894.91363092,1,0,0,0,2
"64065","Tokyo","Office","CL5","ZoneC","AHP+TESICE","VAV",73447.416410918,0,0,0,0,1
"64066","Tokyo","Office","CL5","ZoneC","AHP+TESICE","VAV",56505.8736573031,1,0,0,0,1
"64081","Tokyo","Office","CL5","ZoneC","AHP+TESICE","VAV",61850.2253670858,0,0,0,0,2
"64082","Tokyo","Office","CL5","ZoneC","AHP+TESICE","VAV",47583.7162292442,1,0,0,0,2
"64130","Tokyo","Office","CL5","ZoneC","AHP+TESICE","FCU",76108.3487689649,1,0,0,0,1
"64146","Tokyo","Office","CL5","ZoneC","AHP+TESICE","FCU",64091.0021578033,1,0,0,0,2
"64321","Tokyo","Office","CL5","ZoneC","AHP+TESICE","OHUFCU",59865.6047033061,0,0,0,0,1
"64325","Tokyo","Office","CL5","ZoneC","AHP+TESICE","OHUFCU",40334.2682076677,1,0,1,0,1
"64337","Tokyo","Office","CL5","ZoneC","AHP+TESICE","OHUFCU",50412.9528793871,0,0,0,0,2
"64341","Tokyo","Office","CL5","ZoneC","AHP+TESICE","OHUFCU",33965.572930485,1,0,1,0,2
"64385","Tokyo","Office","CL5","ZoneC","COM+TESICE","CAV",60952.4122496708,0,0,0,0,1
"64386","Tokyo","Office","CL5","ZoneC","COM+TESICE","CAV",58573.1330185131,1,0,0,0,1
"64401","Tokyo","Office","CL5","ZoneC","COM+TESICE","CAV",51328.1558226362,0,0,0,0,2
"64402","Tokyo","Office","CL5","ZoneC","COM+TESICE","CAV",49324.5597283226,1,0,0,0,2
"64769","Tokyo","Office","CL6","ZoneC","EHP","MUL",1266716.9240529,0,0,0,0,1
"64770","Tokyo","Office","CL6","ZoneC","EHP","MUL",3741725.52425267,1,0,0,0,1
"64772","Tokyo","Office","CL6","ZoneC","EHP","MUL",76193.9034720016,0,0,0,1,1
"64773","Tokyo","Office","CL6","ZoneC","EHP","MUL",601800.101742223,1,0,1,0,1
"64774","Tokyo","Office","CL6","ZoneC","EHP","MUL",255032.593829174,1,0,0,1,1
"64776","Tokyo","Office","CL6","ZoneC","EHP","MUL",235567.169744119,1,0,1,1,1
"64785","Tokyo","Office","CL6","ZoneC","EHP","MUL",1066705.01234032,0,0,0,0,2
"64786","Tokyo","Office","CL6","ZoneC","EHP","MUL",3150915.01166,1,0,0,0,2
"64788","Tokyo","Office","CL6","ZoneC","EHP","MUL",64163.0479549548,0,0,0,1,2
"64789","Tokyo","Office","CL6","ZoneC","EHP","MUL",506777.14394265,1,0,1,0,2
"64790","Tokyo","Office","CL6","ZoneC","EHP","MUL",214763.48897062,1,0,0,1,2
"64792","Tokyo","Office","CL6","ZoneC","EHP","MUL",198371.614002673,1,0,1,1,2
"64833","Tokyo","Office","CL6","ZoneC","GHP","MUL",81609.5234691915,0,0,0,0,1
"64834","Tokyo","Office","CL6","ZoneC","GHP","MUL",241064.46451332,1,0,0,0,1
"64837","Tokyo","Office","CL6","ZoneC","GHP","MUL",38771.5823435567,1,0,1,0,1
"64849","Tokyo","Office","CL6","ZoneC","GHP","MUL",68723.553057744,0,0,0,0,2
"64850","Tokyo","Office","CL6","ZoneC","GHP","MUL",203000.897604457,1,0,0,0,2
"64853","Tokyo","Office","CL6","ZoneC","GHP","MUL",32649.6318450629,1,0,1,0,2
"64897","Tokyo","Office","CL6","ZoneC","ABCH","CAV",94346.7854147282,0,0,0,0,1
"64898","Tokyo","Office","CL6","ZoneC","ABCH","CAV",190646.685934305,1,0,0,0,1
"64901","Tokyo","Office","CL6","ZoneC","ABCH","CAV",101314.195533947,1,0,1,0,1
"64902","Tokyo","Office","CL6","ZoneC","ABCH","CAV",37629.5285371034,1,0,0,1,1
"64904","Tokyo","Office","CL6","ZoneC","ABCH","CAV",30887.8986891521,1,0,1,1,1
"64905","Tokyo","Office","CL6","ZoneC","ABCH","CAV",38401.8030996814,0,1,0,0,1
"64906","Tokyo","Office","CL6","ZoneC","ABCH","CAV",77598.5791426138,1,1,0,0,1
"64909","Tokyo","Office","CL6","ZoneC","ABCH","CAV",41237.7355624232,1,1,1,0,1
"64913","Tokyo","Office","CL6","ZoneC","ABCH","CAV",83672.1616273763,0,0,0,0,2
"64914","Tokyo","Office","CL6","ZoneC","ABCH","CAV",169076.458186657,1,0,0,0,2
"64917","Tokyo","Office","CL6","ZoneC","ABCH","CAV",89851.2620922925,1,0,1,0,2
"64918","Tokyo","Office","CL6","ZoneC","ABCH","CAV",33372.0325486254,1,0,0,1,2
"64921","Tokyo","Office","CL6","ZoneC","ABCH","CAV",34056.9300969276,0,1,0,0,2
"64922","Tokyo","Office","CL6","ZoneC","ABCH","CAV",68818.8879730708,1,1,0,0,2
"64925","Tokyo","Office","CL6","ZoneC","ABCH","CAV",36571.9982928792,1,1,1,0,2
"64961","Tokyo","Office","CL6","ZoneC","ABCH","VAV",202541.324563905,0,0,0,0,1
"64962","Tokyo","Office","CL6","ZoneC","ABCH","VAV",150540.221941932,1,0,0,0,1
"64964","Tokyo","Office","CL6","ZoneC","ABCH","VAV",40070.7770899336,0,0,0,1,1
"64965","Tokyo","Office","CL6","ZoneC","ABCH","VAV",185175.201300967,1,0,1,0,1
"64968","Tokyo","Office","CL6","ZoneC","ABCH","VAV",85753.739349502,1,0,1,1,1
"64977","Tokyo","Office","CL6","ZoneC","ABCH","VAV",170560.479627209,0,0,0,0,2
"64978","Tokyo","Office","CL6","ZoneC","ABCH","VAV",126770.240655265,1,0,0,0,2
"64980","Tokyo","Office","CL6","ZoneC","ABCH","VAV",33743.6865005672,0,0,0,1,2
"64981","Tokyo","Office","CL6","ZoneC","ABCH","VAV",155936.430340629,1,0,1,0,2
"64984","Tokyo","Office","CL6","ZoneC","ABCH","VAV",72213.4060531581,1,0,1,1,2
"65025","Tokyo","Office","CL6","ZoneC","ABCH","FCU",32931.1851924373,0,0,0,0,1
"65026","Tokyo","Office","CL6","ZoneC","ABCH","FCU",97274.6584802785,1,0,0,0,1
"65033","Tokyo","Office","CL6","ZoneC","ABCH","FCU",42649.3827376794,0,1,0,0,1
"65034","Tokyo","Office","CL6","ZoneC","ABCH","FCU",125981.015136838,1,1,0,0,1
"65042","Tokyo","Office","CL6","ZoneC","ABCH","FCU",92060.0374830751,1,0,0,0,2
"65049","Tokyo","Office","CL6","ZoneC","ABCH","FCU",40363.0692186577,0,1,0,0,2
"65050","Tokyo","Office","CL6","ZoneC","ABCH","FCU",119227.527054279,1,1,0,0,2
"65090","Tokyo","Office","CL6","ZoneC","ABCH","CAVFCU",147908.776871895,1,0,0,0,1
"65106","Tokyo","Office","CL6","ZoneC","ABCH","CAVFCU",124554.295172414,1,0,0,0,2
"65153","Tokyo","Office","CL6","ZoneC","ABCH","VAVFCU",58175.4503652501,0,0,0,0,1
"65154","Tokyo","Office","CL6","ZoneC","ABCH","VAVFCU",43239.3005645297,1,0,0,0,1
"65157","Tokyo","Office","CL6","ZoneC","ABCH","VAVFCU",53187.4211613579,1,0,1,0,1
"65169","Tokyo","Office","CL6","ZoneC","ABCH","VAVFCU",48989.6703213043,0,0,0,0,2
"65170","Tokyo","Office","CL6","ZoneC","ABCH","VAVFCU",36411.9068486902,1,0,0,0,2
"65173","Tokyo","Office","CL6","ZoneC","ABCH","VAVFCU",44789.2403337836,1,0,1,0,2
"65217","Tokyo","Office","CL6","ZoneC","ABCH","OHUFCU",176680.642682375,0,0,0,0,1
"65221","Tokyo","Office","CL6","ZoneC","ABCH","OHUFCU",189931.127473145,1,0,1,0,1
"65224","Tokyo","Office","CL6","ZoneC","ABCH","OHUFCU",102143.975621279,1,0,1,1,1
"65233","Tokyo","Office","CL6","ZoneC","ABCH","OHUFCU",148783.144484875,0,0,0,0,2
"65237","Tokyo","Office","CL6","ZoneC","ABCH","OHUFCU",159941.40587214,1,0,1,0,2
"65240","Tokyo","Office","CL6","ZoneC","ABCH","OHUFCU",86015.6588316307,1,0,1,1,2
"65281","Tokyo","Office","CL6","ZoneC","AHP","CAV",82096.5529040325,0,0,0,0,1
"65282","Tokyo","Office","CL6","ZoneC","AHP","CAV",165892.62335737,1,0,0,0,1
"65285","Tokyo","Office","CL6","ZoneC","AHP","CAV",88159.2963344754,1,0,1,0,1
"65286","Tokyo","Office","CL6","ZoneC","AHP","CAV",32743.6124794334,1,0,0,1,1
"65289","Tokyo","Office","CL6","ZoneC","AHP","CAV",33415.6129000562,0,1,0,0,1
"65290","Tokyo","Office","CL6","ZoneC","AHP","CAV",67522.977384504,1,1,0,0,1
"65293","Tokyo","Office","CL6","ZoneC","AHP","CAV",35883.3205006526,1,1,1,0,1
"65297","Tokyo","Office","CL6","ZoneC","AHP","CAV",69133.6815793085,0,0,0,0,2
"65298","Tokyo","Office","CL6","ZoneC","AHP","CAV",139698.530496781,1,0,0,0,2
"65301","Tokyo","Office","CL6","ZoneC","AHP","CAV",74239.1306997756,1,0,1,0,2
"65302","Tokyo","Office","CL6","ZoneC","AHP","CAV",27573.4656186547,1,0,0,1,2
"65305","Tokyo","Office","CL6","ZoneC","AHP","CAV",28139.3586002373,0,1,0,0,2
"65306","Tokyo","Office","CL6","ZoneC","AHP","CAV",56861.2426790195,1,1,0,0,2
"65309","Tokyo","Office","CL6","ZoneC","AHP","CAV",30217.420412283,1,1,1,0,2
"65345","Tokyo","Office","CL6","ZoneC","AHP","VAV",167348.699575976,0,0,0,0,1
"65346","Tokyo","Office","CL6","ZoneC","AHP","VAV",124383.06320996,1,0,0,0,1
"65348","Tokyo","Office","CL6","ZoneC","AHP","VAV",33108.2679124252,0,0,0,1,1
"65349","Tokyo","Office","CL6","ZoneC","AHP","VAV",153000.031959696,1,0,1,0,1
"65352","Tokyo","Office","CL6","ZoneC","AHP","VAV",70853.5741770986,1,0,1,1,1
"65361","Tokyo","Office","CL6","ZoneC","AHP","VAV",149974.161962378,0,0,0,0,2
"65362","Tokyo","Office","CL6","ZoneC","AHP","VAV",111469.319537545,1,0,0,0,2
"65365","Tokyo","Office","CL6","ZoneC","AHP","VAV",137115.206939239,1,0,1,0,2
"65368","Tokyo","Office","CL6","ZoneC","AHP","VAV",63497.3886034005,1,0,1,1,2
"65410","Tokyo","Office","CL6","ZoneC","AHP","FCU",90326.4788500897,1,0,0,0,1
"65417","Tokyo","Office","CL6","ZoneC","AHP","FCU",39603.0027553929,0,1,0,0,1
"65418","Tokyo","Office","CL6","ZoneC","AHP","FCU",116982.384487913,1,1,0,0,1
"65426","Tokyo","Office","CL6","ZoneC","AHP","FCU",90594.9385633082,1,0,0,0,2
"65434","Tokyo","Office","CL6","ZoneC","AHP","FCU",117330.06833202,1,1,0,0,2
"65474","Tokyo","Office","CL6","ZoneC","AHP","CAVFCU",122208.845620417,1,0,0,0,1
"65490","Tokyo","Office","CL6","ZoneC","AHP","CAVFCU",102912.328477092,1,0,0,0,2
"65537","Tokyo","Office","CL6","ZoneC","AHP","VAVFCU",66730.3834763298,0,0,0,0,1
"65541","Tokyo","Office","CL6","ZoneC","AHP","VAVFCU",61008.8445887564,1,0,1,0,1
"65553","Tokyo","Office","CL6","ZoneC","AHP","VAVFCU",56193.7976654208,0,0,0,0,2
"65557","Tokyo","Office","CL6","ZoneC","AHP","VAVFCU",51375.6776152465,1,0,1,0,2
"65601","Tokyo","Office","CL6","ZoneC","AHP","OHUFCU",145981.447770252,0,0,0,0,1
"65605","Tokyo","Office","CL6","ZoneC","AHP","OHUFCU",156929.590838147,1,0,1,0,1
"65608","Tokyo","Office","CL6","ZoneC","AHP","OHUFCU",84395.9203216726,1,0,1,1,1
"65617","Tokyo","Office","CL6","ZoneC","AHP","OHUFCU",122931.287242139,0,0,0,0,2
"65621","Tokyo","Office","CL6","ZoneC","AHP","OHUFCU",132150.741774235,1,0,1,0,2
"65624","Tokyo","Office","CL6","ZoneC","AHP","OHUFCU",71069.9837657207,1,0,1,1,2
"65729","Tokyo","Office","CL6","ZoneC","TB","VAV",75529.7671045325,0,0,0,0,1
"65745","Tokyo","Office","CL6","ZoneC","TB","VAV",63603.7773092369,0,0,0,0,2
"66113","Tokyo","Office","CL6","ZoneC","AB","VAV",85002.7964463724,0,0,0,0,1
"66129","Tokyo","Office","CL6","ZoneC","AB","VAV",71581.0354393775,0,0,0,0,2
"66433","Tokyo","Office","CL6","ZoneC","COM","CAV",45957.615464764,0,0,0,0,1
"66434","Tokyo","Office","CL6","ZoneC","COM","CAV",86317.1066864144,1,0,0,0,1
"66437","Tokyo","Office","CL6","ZoneC","COM","CAV",48533.3114880609,1,0,1,0,1
"66450","Tokyo","Office","CL6","ZoneC","COM","CAV",152258.829176518,1,0,0,0,2
"66497","Tokyo","Office","CL6","ZoneC","COM","VAV",72393.0404390391,0,0,0,0,1
"66498","Tokyo","Office","CL6","ZoneC","COM","VAV",57174.7563221236,1,0,0,0,1
"66501","Tokyo","Office","CL6","ZoneC","COM","VAV",66606.7571538707,1,0,1,0,1
"66513","Tokyo","Office","CL6","ZoneC","COM","VAV",60962.3331215982,0,0,0,0,2
"66514","Tokyo","Office","CL6","ZoneC","COM","VAV",48146.983742043,1,0,0,0,2
"66517","Tokyo","Office","CL6","ZoneC","COM","VAV",56089.6916766871,1,0,1,0,2
"66570","Tokyo","Office","CL6","ZoneC","COM","FCU",88278.4525561256,1,1,0,0,1
"66586","Tokyo","Office","CL6","ZoneC","COM","FCU",74339.4724071234,1,1,0,0,2
"66753","Tokyo","Office","CL6","ZoneC","COM","OHUFCU",67018.9460270526,0,0,0,0,1
"66757","Tokyo","Office","CL6","ZoneC","COM","OHUFCU",71454.9942477851,1,0,1,0,1
"66769","Tokyo","Office","CL6","ZoneC","COM","OHUFCU",56436.7968023116,0,0,0,0,2
"66773","Tokyo","Office","CL6","ZoneC","COM","OHUFCU",60172.4024314673,1,0,1,0,2
"66817","Tokyo","Office","CL6","ZoneC","AHP+TESICE","CAV",49081.3395852527,0,0,0,0,1
"66818","Tokyo","Office","CL6","ZoneC","AHP+TESICE","CAV",99178.7339866689,1,0,0,0,1
"66821","Tokyo","Office","CL6","ZoneC","AHP+TESICE","CAV",52705.9444998546,1,0,1,0,1
"66826","Tokyo","Office","CL6","ZoneC","AHP+TESICE","CAV",40368.5424732784,1,1,0,0,1
"66833","Tokyo","Office","CL6","ZoneC","AHP+TESICE","CAV",44112.3692691706,0,0,0,0,2
"66834","Tokyo","Office","CL6","ZoneC","AHP+TESICE","CAV",89137.9284721749,1,0,0,0,2
"66837","Tokyo","Office","CL6","ZoneC","AHP+TESICE","CAV",47370.0209917779,1,0,1,0,2
"66842","Tokyo","Office","CL6","ZoneC","AHP+TESICE","CAV",36281.6513870073,1,1,0,0,2
"66881","Tokyo","Office","CL6","ZoneC","AHP+TESICE","VAV",84989.6866157324,0,0,0,0,1
"66882","Tokyo","Office","CL6","ZoneC","AHP+TESICE","VAV",63169.1646801238,1,0,0,0,1
"66885","Tokyo","Office","CL6","ZoneC","AHP+TESICE","VAV",77702.5743337078,1,0,1,0,1
"66888","Tokyo","Office","CL6","ZoneC","AHP+TESICE","VAV",35983.6860410276,1,0,1,1,1
"66897","Tokyo","Office","CL6","ZoneC","AHP+TESICE","VAV",75193.332593672,0,0,0,0,2
"66898","Tokyo","Office","CL6","ZoneC","AHP+TESICE","VAV",59386.3780553851,1,0,0,0,2
"66901","Tokyo","Office","CL6","ZoneC","AHP+TESICE","VAV",69183.2255322168,1,0,1,0,2
"66904","Tokyo","Office","CL6","ZoneC","AHP+TESICE","VAV",31573.1071081995,1,0,1,1,2
"66946","Tokyo","Office","CL6","ZoneC","AHP+TESICE","FCU",51339.7463717694,1,0,0,0,1
"66954","Tokyo","Office","CL6","ZoneC","AHP+TESICE","FCU",66490.4248015897,1,1,0,0,1
"66962","Tokyo","Office","CL6","ZoneC","AHP+TESICE","FCU",47437.7487902446,1,0,0,0,2
"66970","Tokyo","Office","CL6","ZoneC","AHP+TESICE","FCU",58463.3546794446,1,1,0,0,2
"67010","Tokyo","Office","CL6","ZoneC","AHP+TESICE","CAVFCU",58319.9561292265,1,0,0,0,1
"67073","Tokyo","Office","CL6","ZoneC","AHP+TESICE","VAVFCU",60959.1403872365,0,0,0,0,1
"67089","Tokyo","Office","CL6","ZoneC","AHP+TESICE","VAVFCU",54787.6674478738,0,0,0,0,2
"67137","Tokyo","Office","CL6","ZoneC","AHP+TESICE","OHUFCU",69664.6104986997,0,0,0,0,1
"67141","Tokyo","Office","CL6","ZoneC","AHP+TESICE","OHUFCU",74889.2341351862,1,0,1,0,1
"67144","Tokyo","Office","CL6","ZoneC","AHP+TESICE","OHUFCU",40275.041840534,1,0,1,1,1
"67153","Tokyo","Office","CL6","ZoneC","AHP+TESICE","OHUFCU",62784.0995541571,0,0,0,0,2
"67157","Tokyo","Office","CL6","ZoneC","AHP+TESICE","OHUFCU",67490.6236354108,1,0,1,0,2
"67160","Tokyo","Office","CL6","ZoneC","AHP+TESICE","OHUFCU",35842.1790927615,1,0,1,1,2
"67202","Tokyo","Office","CL6","ZoneC","COM+TESICE","CAV",129717.105153898,1,0,0,0,1
"67218","Tokyo","Office","CL6","ZoneC","COM+TESICE","CAV",127942.934223833,1,0,0,0,2
"67265","Tokyo","Office","CL6","ZoneC","COM+TESICE","VAV",51936.9380332848,0,0,0,0,1
"67266","Tokyo","Office","CL6","ZoneC","COM+TESICE","VAV",41018.8846629647,1,0,0,0,1
"67269","Tokyo","Office","CL6","ZoneC","COM+TESICE","VAV",47785.6848934489,1,0,1,0,1
"67281","Tokyo","Office","CL6","ZoneC","COM+TESICE","VAV",49554.7858399484,0,0,0,0,2
"67282","Tokyo","Office","CL6","ZoneC","COM+TESICE","VAV",44702.9427948455,1,0,0,0,2
"67285","Tokyo","Office","CL6","ZoneC","COM+TESICE","VAV",44558.8247160407,1,0,1,0,2
"67338","Tokyo","Office","CL6","ZoneC","COM+TESICE","FCU",63333.6090358387,1,1,0,0,1
"67521","Tokyo","Office","CL6","ZoneC","COM+TESICE","OHUFCU",48081.4015512192,0,0,0,0,1
"67525","Tokyo","Office","CL6","ZoneC","COM+TESICE","OHUFCU",51263.9555668481,1,0,1,0,1
"67537","Tokyo","Office","CL6","ZoneC","COM+TESICE","OHUFCU",48000.9799341175,0,0,0,0,2
"67541","Tokyo","Office","CL6","ZoneC","COM+TESICE","OHUFCU",49985.6076953255,1,0,1,0,2
"67585","Tokyo","Office","CL7","ZoneC","EHP","MUL",678119.053947524,0,0,0,0,1
"67586","Tokyo","Office","CL7","ZoneC","EHP","MUL",2035007.49600095,1,0,0,0,1
"67588","Tokyo","Office","CL7","ZoneC","EHP","MUL",43745.387127348,0,0,0,1,1
"67589","Tokyo","Office","CL7","ZoneC","EHP","MUL",524907.049870146,1,0,1,0,1
"67590","Tokyo","Office","CL7","ZoneC","EHP","MUL",224599.362992598,1,0,0,1,1
"67592","Tokyo","Office","CL7","ZoneC","EHP","MUL",287954.345385124,1,0,1,1,1
"67601","Tokyo","Office","CL7","ZoneC","EHP","MUL",571045.495701528,0,0,0,0,2
"67602","Tokyo","Office","CL7","ZoneC","EHP","MUL",1713684.13488071,1,0,0,0,2
"67604","Tokyo","Office","CL7","ZoneC","EHP","MUL",36838.0834182028,0,0,0,1,2
"67605","Tokyo","Office","CL7","ZoneC","EHP","MUL",442025.34163495,1,0,1,0,2
"67606","Tokyo","Office","CL7","ZoneC","EHP","MUL",189135.600640828,1,0,0,1,2
"67608","Tokyo","Office","CL7","ZoneC","EHP","MUL",242486.965883991,1,0,1,1,2
"67649","Tokyo","Office","CL7","ZoneC","GHP","MUL",50038.4922416055,0,0,0,0,1
"67650","Tokyo","Office","CL7","ZoneC","GHP","MUL",150163.464966039,1,0,0,0,1
"67653","Tokyo","Office","CL7","ZoneC","GHP","MUL",38732.958747571,1,0,1,0,1
"67665","Tokyo","Office","CL7","ZoneC","GHP","MUL",42137.5206019147,0,0,0,0,2
"67666","Tokyo","Office","CL7","ZoneC","GHP","MUL",126452.972805608,1,0,0,0,2
"67669","Tokyo","Office","CL7","ZoneC","GHP","MUL",32617.106832844,1,0,1,0,2
"67713","Tokyo","Office","CL7","ZoneC","ABCH","CAV",67935.1543962237,0,0,0,0,1
"67714","Tokyo","Office","CL7","ZoneC","ABCH","CAV",138914.948714759,1,0,0,0,1
"67717","Tokyo","Office","CL7","ZoneC","ABCH","CAV",116168.65787833,1,0,1,0,1
"67718","Tokyo","Office","CL7","ZoneC","ABCH","CAV",43264.3719756603,1,0,0,1,1
"67720","Tokyo","Office","CL7","ZoneC","ABCH","CAV",51058.7290490018,1,0,1,1,1
"67721","Tokyo","Office","CL7","ZoneC","ABCH","CAV",32899.2654841517,0,1,0,0,1
"67722","Tokyo","Office","CL7","ZoneC","ABCH","CAV",67272.9725589353,1,1,0,0,1
"67725","Tokyo","Office","CL7","ZoneC","ABCH","CAV",56257.523081293,1,1,1,0,1
"67729","Tokyo","Office","CL7","ZoneC","ABCH","CAV",57208.3378160813,0,0,0,0,2
"67730","Tokyo","Office","CL7","ZoneC","ABCH","CAV",116980.57337777,1,0,0,0,2
"67733","Tokyo","Office","CL7","ZoneC","ABCH","CAV",97825.8735496989,1,0,1,0,2
"67734","Tokyo","Office","CL7","ZoneC","ABCH","CAV",36433.0195372568,1,0,0,1,2
"67736","Tokyo","Office","CL7","ZoneC","ABCH","CAV",42996.6641844774,1,0,1,1,2
"67737","Tokyo","Office","CL7","ZoneC","ABCH","CAV",27704.541344546,0,1,0,0,2
"67738","Tokyo","Office","CL7","ZoneC","ABCH","CAV",56650.7130843801,1,1,0,0,2
"67741","Tokyo","Office","CL7","ZoneC","ABCH","CAV",47374.5796816721,1,1,1,0,2
"67777","Tokyo","Office","CL7","ZoneC","ABCH","VAV",183082.55947598,0,0,0,0,1
"67778","Tokyo","Office","CL7","ZoneC","ABCH","VAV",137506.516334333,1,0,0,0,1
"67780","Tokyo","Office","CL7","ZoneC","ABCH","VAV",37365.3917916781,0,0,0,1,1
"67781","Tokyo","Office","CL7","ZoneC","ABCH","VAV",265679.345307028,1,0,1,0,1
"67784","Tokyo","Office","CL7","ZoneC","ABCH","VAV",171796.221752778,1,0,1,1,1
"67785","Tokyo","Office","CL7","ZoneC","ABCH","VAV",28730.1583244014,0,1,0,0,1
"67789","Tokyo","Office","CL7","ZoneC","ABCH","VAV",41691.6263135136,1,1,1,0,1
"67792","Tokyo","Office","CL7","ZoneC","ABCH","VAV",26959.0542355227,1,1,1,1,1
"67793","Tokyo","Office","CL7","ZoneC","ABCH","VAV",164430.595337613,0,0,0,0,2
"67794","Tokyo","Office","CL7","ZoneC","ABCH","VAV",123497.718233626,1,0,0,0,2
"67796","Tokyo","Office","CL7","ZoneC","ABCH","VAV",33558.7050722594,0,0,0,1,2
"67797","Tokyo","Office","CL7","ZoneC","ABCH","VAV",238612.640345315,1,0,1,0,2
"67800","Tokyo","Office","CL7","ZoneC","ABCH","VAV",154294.07967867,1,0,1,1,2
"67805","Tokyo","Office","CL7","ZoneC","ABCH","VAV",37444.1943293008,1,1,1,0,2
"67842","Tokyo","Office","CL7","ZoneC","ABCH","FCU",88576.4594454578,1,0,0,0,1
"67849","Tokyo","Office","CL7","ZoneC","ABCH","FCU",44916.1570296878,0,1,0,0,1
"67850","Tokyo","Office","CL7","ZoneC","ABCH","FCU",134791.546874959,1,1,0,0,1
"67853","Tokyo","Office","CL7","ZoneC","ABCH","FCU",34767.9472221143,1,1,1,0,1
"67858","Tokyo","Office","CL7","ZoneC","ABCH","FCU",84256.8764918915,1,0,0,0,2
"67865","Tokyo","Office","CL7","ZoneC","ABCH","FCU",42725.743600885,0,1,0,0,2
"67866","Tokyo","Office","CL7","ZoneC","ABCH","FCU",128218.205923976,1,1,0,0,2
"67906","Tokyo","Office","CL7","ZoneC","ABCH","CAVFCU",89750.4553178994,1,0,0,0,1
"67909","Tokyo","Office","CL7","ZoneC","ABCH","CAVFCU",75054.4850263593,1,0,1,0,1
"67922","Tokyo","Office","CL7","ZoneC","ABCH","CAVFCU",75579.0490594499,1,0,0,0,2
"67925","Tokyo","Office","CL7","ZoneC","ABCH","CAVFCU",63203.5412616748,1,0,1,0,2
"67969","Tokyo","Office","CL7","ZoneC","ABCH","VAVFCU",66062.3804750284,0,0,0,0,1
"67970","Tokyo","Office","CL7","ZoneC","ABCH","VAVFCU",49617.002437997,1,0,0,0,1
"67973","Tokyo","Office","CL7","ZoneC","ABCH","VAVFCU",95866.09475127,1,0,1,0,1
"67976","Tokyo","Office","CL7","ZoneC","ABCH","VAVFCU",61989.8880488032,1,0,1,1,1
"67985","Tokyo","Office","CL7","ZoneC","ABCH","VAVFCU",55631.2709191399,0,0,0,0,2
"67986","Tokyo","Office","CL7","ZoneC","ABCH","VAVFCU",41782.5831430221,1,0,0,0,2
"67989","Tokyo","Office","CL7","ZoneC","ABCH","VAVFCU",80729.0420163374,1,0,1,0,2
"67992","Tokyo","Office","CL7","ZoneC","ABCH","VAVFCU",52201.8163967567,1,0,1,1,2
"68033","Tokyo","Office","CL7","ZoneC","ABCH","OHUFCU",135330.623463301,0,0,0,0,1
"68037","Tokyo","Office","CL7","ZoneC","ABCH","OHUFCU",220695.507340213,1,0,1,0,1
"68040","Tokyo","Office","CL7","ZoneC","ABCH","OHUFCU",159228.845979895,1,0,1,1,1
"68045","Tokyo","Office","CL7","ZoneC","ABCH","OHUFCU",34632.5553101101,1,1,1,0,1
"68049","Tokyo","Office","CL7","ZoneC","ABCH","OHUFCU",113962.205470158,0,0,0,0,2
"68053","Tokyo","Office","CL7","ZoneC","ABCH","OHUFCU",185848.155503893,1,0,1,0,2
"68056","Tokyo","Office","CL7","ZoneC","ABCH","OHUFCU",134086.94941288,1,0,1,1,2
"68061","Tokyo","Office","CL7","ZoneC","ABCH","OHUFCU",29164.1483886144,1,1,1,0,2
"68097","Tokyo","Office","CL7","ZoneC","AHP","CAV",51387.2841585054,0,0,0,0,1
"68098","Tokyo","Office","CL7","ZoneC","AHP","CAV",105077.584748469,1,0,0,0,1
"68101","Tokyo","Office","CL7","ZoneC","AHP","CAV",87871.9108797337,1,0,1,0,1
"68102","Tokyo","Office","CL7","ZoneC","AHP","CAV",32725.8927489258,1,0,0,1,1
"68104","Tokyo","Office","CL7","ZoneC","AHP","CAV",38621.6744737249,1,0,1,1,1
"68106","Tokyo","Office","CL7","ZoneC","AHP","CAV",50886.3987694934,1,1,0,0,1
"68109","Tokyo","Office","CL7","ZoneC","AHP","CAV",42554.1290120741,1,1,1,0,1
"68113","Tokyo","Office","CL7","ZoneC","AHP","CAV",47035.728363735,0,0,0,0,2
"68114","Tokyo","Office","CL7","ZoneC","AHP","CAV",96179.4501165189,1,0,0,0,2
"68117","Tokyo","Office","CL7","ZoneC","AHP","CAV",80430.7796884687,1,0,1,0,2
"68120","Tokyo","Office","CL7","ZoneC","AHP","CAV",35351.1305227841,1,0,1,1,2
"68122","Tokyo","Office","CL7","ZoneC","AHP","CAV",46577.2587348233,1,1,0,0,2
"68125","Tokyo","Office","CL7","ZoneC","AHP","CAV",38950.5786449693,1,1,1,0,2
"68161","Tokyo","Office","CL7","ZoneC","AHP","VAV",139230.597262017,0,0,0,0,1
"68162","Tokyo","Office","CL7","ZoneC","AHP","VAV",104570.934836424,1,0,0,0,1
"68164","Tokyo","Office","CL7","ZoneC","AHP","VAV",28415.6275233149,0,0,0,1,1
"68165","Tokyo","Office","CL7","ZoneC","AHP","VAV",202043.788513521,1,0,1,0,1
"68168","Tokyo","Office","CL7","ZoneC","AHP","VAV",130647.564849754,1,0,1,1,1
"68173","Tokyo","Office","CL7","ZoneC","AHP","VAV",31705.641701043,1,1,1,0,1
"68177","Tokyo","Office","CL7","ZoneC","AHP","VAV",129473.768110287,0,0,0,0,2
"68178","Tokyo","Office","CL7","ZoneC","AHP","VAV",97242.9425308566,1,0,0,0,2
"68181","Tokyo","Office","CL7","ZoneC","AHP","VAV",187885.214432388,1,0,1,0,2
"68184","Tokyo","Office","CL7","ZoneC","AHP","VAV",121492.20680062,1,0,1,1,2
"68226","Tokyo","Office","CL7","ZoneC","AHP","FCU",85690.264145832,1,0,0,0,1
"68234","Tokyo","Office","CL7","ZoneC","AHP","FCU",130399.468760126,1,1,0,0,1
"68242","Tokyo","Office","CL7","ZoneC","AHP","FCU",72159.9534493219,1,0,0,0,2
"68250","Tokyo","Office","CL7","ZoneC","AHP","FCU",109809.669620497,1,1,0,0,2
"68290","Tokyo","Office","CL7","ZoneC","AHP","CAVFCU",117513.306451916,1,0,0,0,1
"68306","Tokyo","Office","CL7","ZoneC","AHP","CAVFCU",98958.2049696439,1,0,0,0,2
"68353","Tokyo","Office","CL7","ZoneC","AHP","VAVFCU",47105.4371640113,0,0,0,0,1
"68354","Tokyo","Office","CL7","ZoneC","AHP","VAVFCU",35379.1457983132,1,0,0,0,1
"68357","Tokyo","Office","CL7","ZoneC","AHP","VAVFCU",68356.8207805057,1,0,1,0,1
"68360","Tokyo","Office","CL7","ZoneC","AHP","VAVFCU",44201.5675985333,1,0,1,1,1
"68369","Tokyo","Office","CL7","ZoneC","AHP","VAVFCU",48457.3405274259,0,0,0,0,2
"68373","Tokyo","Office","CL7","ZoneC","AHP","VAVFCU",70318.6286203042,1,0,1,0,2
"68376","Tokyo","Office","CL7","ZoneC","AHP","VAVFCU",45470.1313037502,1,0,1,1,2
"68417","Tokyo","Office","CL7","ZoneC","AHP","OHUFCU",102982.772536422,0,0,0,0,1
"68421","Tokyo","Office","CL7","ZoneC","AHP","OHUFCU",167943.032039537,1,0,1,0,1
"68424","Tokyo","Office","CL7","ZoneC","AHP","OHUFCU",121168.643187633,1,0,1,1,1
"68433","Tokyo","Office","CL7","ZoneC","AHP","OHUFCU",86722.0114955356,0,0,0,0,2
"68437","Tokyo","Office","CL7","ZoneC","AHP","OHUFCU",141425.184003244,1,0,1,0,2
"68440","Tokyo","Office","CL7","ZoneC","AHP","OHUFCU",102036.371798982,1,0,1,1,2
"68549","Tokyo","Office","CL7","ZoneC","TB","VAV",120752.79608025,1,0,1,0,1
"68565","Tokyo","Office","CL7","ZoneC","TB","VAV",101686.186066567,1,0,1,0,2
"68929","Tokyo","Office","CL7","ZoneC","AB","VAV",42959.776600748,0,0,0,0,1
"68930","Tokyo","Office","CL7","ZoneC","AB","VAV",37906.8773561079,1,0,0,0,1
"68933","Tokyo","Office","CL7","ZoneC","AB","VAV",65082.9274602226,1,0,1,0,1
"68936","Tokyo","Office","CL7","ZoneC","AB","VAV",40651.6141086125,1,0,1,1,1
"68945","Tokyo","Office","CL7","ZoneC","AB","VAV",62480.6809248773,0,0,0,0,2
"68949","Tokyo","Office","CL7","ZoneC","AB","VAV",94656.5821813028,1,0,1,0,2
"69249","Tokyo","Office","CL7","ZoneC","COM","CAV",40322.3118317971,0,0,0,0,1
"69250","Tokyo","Office","CL7","ZoneC","COM","CAV",82451.7428414941,1,0,0,0,1
"69253","Tokyo","Office","CL7","ZoneC","COM","CAV",68950.8824949655,1,0,1,0,1
"69258","Tokyo","Office","CL7","ZoneC","COM","CAV",39929.279641471,1,1,0,0,1
"69266","Tokyo","Office","CL7","ZoneC","COM","CAV",106235.925819446,1,0,0,0,2
"69269","Tokyo","Office","CL7","ZoneC","COM","CAV",88840.5822057907,1,0,1,0,2
"69313","Tokyo","Office","CL7","ZoneC","COM","VAV",87056.5293809416,0,0,0,0,1
"69314","Tokyo","Office","CL7","ZoneC","COM","VAV",65384.9286004838,1,0,0,0,1
"69317","Tokyo","Office","CL7","ZoneC","COM","VAV",126331.649485516,1,0,1,0,1
"69320","Tokyo","Office","CL7","ZoneC","COM","VAV",81689.828181136,1,0,1,1,1
"69329","Tokyo","Office","CL7","ZoneC","COM","VAV",73310.4883058507,0,0,0,0,2
"69330","Tokyo","Office","CL7","ZoneC","COM","VAV",55060.7872566308,1,0,0,0,2
"69333","Tokyo","Office","CL7","ZoneC","COM","VAV",106384.150369016,1,0,1,0,2
"69336","Tokyo","Office","CL7","ZoneC","COM","VAV",68791.1778262454,1,0,1,1,2
"69378","Tokyo","Office","CL7","ZoneC","COM","FCU",48519.4429672983,1,0,0,0,1
"69386","Tokyo","Office","CL7","ZoneC","COM","FCU",73834.6374648286,1,1,0,0,1
"69402","Tokyo","Office","CL7","ZoneC","COM","FCU",103034.631020522,1,1,0,0,2
"69442","Tokyo","Office","CL7","ZoneC","COM","CAVFCU",66538.2494397379,1,0,0,0,1
"69458","Tokyo","Office","CL7","ZoneC","COM","CAVFCU",56032.0011851006,1,0,0,0,2
"69509","Tokyo","Office","CL7","ZoneC","COM","VAVFCU",110437.007266828,1,0,1,0,1
"69525","Tokyo","Office","CL7","ZoneC","COM","VAVFCU",92999.2383953266,1,0,1,0,2
"69569","Tokyo","Office","CL7","ZoneC","COM","OHUFCU",58310.7872113875,0,0,0,0,1
"69573","Tokyo","Office","CL7","ZoneC","COM","OHUFCU",95092.5107539626,1,0,1,0,1
"69576","Tokyo","Office","CL7","ZoneC","COM","OHUFCU",68607.9700088453,1,0,1,1,1
"69585","Tokyo","Office","CL7","ZoneC","COM","OHUFCU",49103.6377669012,0,0,0,0,2
"69589","Tokyo","Office","CL7","ZoneC","COM","OHUFCU",80077.605289058,1,0,1,0,2
"69592","Tokyo","Office","CL7","ZoneC","COM","OHUFCU",57774.9172725774,1,0,1,1,2
"69633","Tokyo","Office","CL7","ZoneC","AHP+TESICE","CAV",42231.711924684,0,0,0,0,1
"69634","Tokyo","Office","CL7","ZoneC","AHP+TESICE","CAV",86356.1163331968,1,0,0,0,1
"69637","Tokyo","Office","CL7","ZoneC","AHP+TESICE","CAV",72215.9438334551,1,0,1,0,1
"69642","Tokyo","Office","CL7","ZoneC","AHP+TESICE","CAV",41820.0683089057,1,1,0,0,1
"69645","Tokyo","Office","CL7","ZoneC","AHP+TESICE","CAV",34972.3428095646,1,1,1,0,1
"69649","Tokyo","Office","CL7","ZoneC","AHP+TESICE","CAV",40689.6043663149,0,0,0,0,2
"69650","Tokyo","Office","CL7","ZoneC","AHP+TESICE","CAV",83202.7888065664,1,0,0,0,2
"69653","Tokyo","Office","CL7","ZoneC","AHP+TESICE","CAV",69578.9502628667,1,0,1,0,2
"69658","Tokyo","Office","CL7","ZoneC","AHP+TESICE","CAV",40292.9920789462,1,1,0,0,2
"69697","Tokyo","Office","CL7","ZoneC","AHP+TESICE","VAV",104321.693826499,0,0,0,0,1
"69698","Tokyo","Office","CL7","ZoneC","AHP+TESICE","VAV",78352.1529152576,1,0,0,0,1
"69701","Tokyo","Office","CL7","ZoneC","AHP+TESICE","VAV",151385.906972645,1,0,1,0,1
"69704","Tokyo","Office","CL7","ZoneC","AHP+TESICE","VAV",97890.6614455204,1,0,1,1,1
"69713","Tokyo","Office","CL7","ZoneC","AHP+TESICE","VAV",87849.5199578716,0,0,0,0,2
"69714","Tokyo","Office","CL7","ZoneC","AHP+TESICE","VAV",65980.5143953935,1,0,0,0,2
"69717","Tokyo","Office","CL7","ZoneC","AHP+TESICE","VAV",127482.393815922,1,0,1,0,2
"69720","Tokyo","Office","CL7","ZoneC","AHP+TESICE","VAV",82433.9339298869,1,0,1,1,2
"69762","Tokyo","Office","CL7","ZoneC","AHP+TESICE","FCU",58141.8821754092,1,0,0,0,1
"69770","Tokyo","Office","CL7","ZoneC","AHP+TESICE","FCU",88477.619061651,1,1,0,0,1
"69778","Tokyo","Office","CL7","ZoneC","AHP+TESICE","FCU",48961.4024773379,1,0,0,0,2
"69786","Tokyo","Office","CL7","ZoneC","AHP+TESICE","FCU",74507.1909444699,1,1,0,0,2
"69826","Tokyo","Office","CL7","ZoneC","AHP+TESICE","CAVFCU",79734.2018475082,1,0,0,0,1
"69842","Tokyo","Office","CL7","ZoneC","AHP+TESICE","CAVFCU",67144.3407368103,1,0,0,0,2
"69889","Tokyo","Office","CL7","ZoneC","AHP+TESICE","VAVFCU",53990.6930196677,0,0,0,0,1
"69893","Tokyo","Office","CL7","ZoneC","AHP+TESICE","VAVFCU",78348.3255597591,1,0,1,0,1
"69909","Tokyo","Office","CL7","ZoneC","AHP+TESICE","VAVFCU",111442.968643071,1,0,1,0,2
"69953","Tokyo","Office","CL7","ZoneC","AHP+TESICE","OHUFCU",69875.0585798126,0,0,0,0,1
"69957","Tokyo","Office","CL7","ZoneC","AHP+TESICE","OHUFCU",113951.381505907,1,0,1,0,1
"69960","Tokyo","Office","CL7","ZoneC","AHP+TESICE","OHUFCU",82214.3920992012,1,0,1,1,1
"69969","Tokyo","Office","CL7","ZoneC","AHP+TESICE","OHUFCU",58841.9352495736,0,0,0,0,2
"69973","Tokyo","Office","CL7","ZoneC","AHP+TESICE","OHUFCU",95958.7004068317,1,0,1,0,2
"69976","Tokyo","Office","CL7","ZoneC","AHP+TESICE","OHUFCU",69232.9142158586,1,0,1,1,2
"70017","Tokyo","Office","CL7","ZoneC","COM+TESICE","CAV",41389.4594519857,0,0,0,0,1
"70018","Tokyo","Office","CL7","ZoneC","COM+TESICE","CAV",84633.8642813742,1,0,0,0,1
"70021","Tokyo","Office","CL7","ZoneC","COM+TESICE","CAV",70775.697760304,1,0,1,0,1
"70026","Tokyo","Office","CL7","ZoneC","COM+TESICE","CAV",40986.0254928246,1,1,0,0,1
"70034","Tokyo","Office","CL7","ZoneC","COM+TESICE","CAV",109047.506065382,1,0,0,0,2
"70037","Tokyo","Office","CL7","ZoneC","COM+TESICE","CAV",91191.7870740173,1,0,1,0,2
"70081","Tokyo","Office","CL7","ZoneC","COM+TESICE","VAV",89360.518510788,0,0,0,0,1
"70082","Tokyo","Office","CL7","ZoneC","COM+TESICE","VAV",67115.3693362052,1,0,0,0,1
"70085","Tokyo","Office","CL7","ZoneC","COM+TESICE","VAV",129675.071848433,1,0,1,0,1
"70088","Tokyo","Office","CL7","ZoneC","COM+TESICE","VAV",83851.7852162573,1,0,1,1,1
"70097","Tokyo","Office","CL7","ZoneC","COM+TESICE","VAV",75250.6824459286,0,0,0,0,2
"70098","Tokyo","Office","CL7","ZoneC","COM+TESICE","VAV",56517.9950757589,1,0,0,0,2
"70101","Tokyo","Office","CL7","ZoneC","COM+TESICE","VAV",109199.653442491,1,0,1,0,2
"70104","Tokyo","Office","CL7","ZoneC","COM+TESICE","VAV",70611.7664376691,1,0,1,1,2
"70146","Tokyo","Office","CL7","ZoneC","COM+TESICE","FCU",49803.5312485311,1,0,0,0,1
"70154","Tokyo","Office","CL7","ZoneC","COM+TESICE","FCU",75788.7034416693,1,1,0,0,1
"70170","Tokyo","Office","CL7","ZoneC","COM+TESICE","FCU",105761.487599312,1,1,0,0,2
"70210","Tokyo","Office","CL7","ZoneC","COM+TESICE","CAVFCU",68299.2133159492,1,0,0,0,1
"70226","Tokyo","Office","CL7","ZoneC","COM+TESICE","CAVFCU",57514.9126056688,1,0,0,0,2
"70277","Tokyo","Office","CL7","ZoneC","COM+TESICE","VAVFCU",113359.770970882,1,0,1,0,1
"70293","Tokyo","Office","CL7","ZoneC","COM+TESICE","VAVFCU",95460.5039186653,1,0,1,0,2
"70337","Tokyo","Office","CL7","ZoneC","COM+TESICE","OHUFCU",59854.0077009151,0,0,0,0,1
"70341","Tokyo","Office","CL7","ZoneC","COM+TESICE","OHUFCU",97609.1756459001,1,0,1,0,1
"70344","Tokyo","Office","CL7","ZoneC","COM+TESICE","OHUFCU",70423.7099452437,1,0,1,1,1
"70353","Tokyo","Office","CL7","ZoneC","COM+TESICE","OHUFCU",50403.1870190408,0,0,0,0,2
"70357","Tokyo","Office","CL7","ZoneC","COM+TESICE","OHUFCU",82196.8941401309,1,0,1,0,2
"70360","Tokyo","Office","CL7","ZoneC","COM+TESICE","OHUFCU",59303.9557297771,1,0,1,1,2
"70433","Tokyo","Office","CL8c","ZoneA","EHP","MUL",617207.281520981,0,0,0,0,3
"70434","Tokyo","Office","CL8c","ZoneA","EHP","MUL",1887509.56234843,1,0,0,0,3
"70436","Tokyo","Office","CL8c","ZoneA","EHP","MUL",43102.956032347,0,0,0,1,3
"70437","Tokyo","Office","CL8c","ZoneA","EHP","MUL",846200.144652235,1,0,1,0,3
"70438","Tokyo","Office","CL8c","ZoneA","EHP","MUL",364304.422291952,1,0,0,1,3
"70440","Tokyo","Office","CL8c","ZoneA","EHP","MUL",687978.036626934,1,0,1,1,3
"70497","Tokyo","Office","CL8c","ZoneA","GHP","MUL",44228.431574257,0,0,0,0,3
"70498","Tokyo","Office","CL8c","ZoneA","GHP","MUL",135256.971237216,1,0,0,0,3
"70501","Tokyo","Office","CL8c","ZoneA","GHP","MUL",60637.8218734699,1,0,1,0,3
"70502","Tokyo","Office","CL8c","ZoneA","GHP","MUL",26105.6758336237,1,0,0,1,3
"70504","Tokyo","Office","CL8c","ZoneA","GHP","MUL",49299.7902464178,1,0,1,1,3
"70561","Tokyo","Office","CL8c","ZoneA","ABCH","CAV",64917.9337994656,0,0,0,0,3
"70562","Tokyo","Office","CL8c","ZoneA","ABCH","CAV",134815.755266496,1,0,0,0,3
"70565","Tokyo","Office","CL8c","ZoneA","ABCH","CAV",191478.067698094,1,0,1,0,3
"70566","Tokyo","Office","CL8c","ZoneA","ABCH","CAV",71420.9504309316,1,0,0,1,3
"70568","Tokyo","Office","CL8c","ZoneA","ABCH","CAV",129650.898917623,1,0,1,1,3
"70569","Tokyo","Office","CL8c","ZoneA","ABCH","CAV",36469.6776401196,0,1,0,0,3
"70570","Tokyo","Office","CL8c","ZoneA","ABCH","CAV",75736.9627715853,1,1,0,0,3
"70573","Tokyo","Office","CL8c","ZoneA","ABCH","CAV",107568.787165558,1,1,1,0,3
"70574","Tokyo","Office","CL8c","ZoneA","ABCH","CAV",40122.9504163375,1,1,0,1,3
"70576","Tokyo","Office","CL8c","ZoneA","ABCH","CAV",72835.4433442612,1,1,1,1,3
"70625","Tokyo","Office","CL8c","ZoneA","ABCH","VAV",266391.068369774,0,0,0,0,3
"70626","Tokyo","Office","CL8c","ZoneA","ABCH","VAV",202979.124412911,1,0,0,0,3
"70628","Tokyo","Office","CL8c","ZoneA","ABCH","VAV",56578.7605289163,0,0,0,1,3
"70629","Tokyo","Office","CL8c","ZoneA","ABCH","VAV",663854.734504412,1,0,1,0,3
"70630","Tokyo","Office","CL8c","ZoneA","ABCH","VAV",64590.0160492507,1,0,0,1,3
"70632","Tokyo","Office","CL8c","ZoneA","ABCH","VAV",637867.429151439,1,0,1,1,3
"70633","Tokyo","Office","CL8c","ZoneA","ABCH","VAV",49282.8875237833,0,1,0,0,3
"70634","Tokyo","Office","CL8c","ZoneA","ABCH","VAV",37551.5493793956,1,1,0,0,3
"70637","Tokyo","Office","CL8c","ZoneA","ABCH","VAV",122814.471269354,1,1,1,0,3
"70640","Tokyo","Office","CL8c","ZoneA","ABCH","VAV",118006.767112475,1,1,1,1,3
"70689","Tokyo","Office","CL8c","ZoneA","ABCH","FCU",29269.7589561661,0,0,0,0,3
"70690","Tokyo","Office","CL8c","ZoneA","ABCH","FCU",89511.1765066223,1,0,0,0,3
"70693","Tokyo","Office","CL8c","ZoneA","ABCH","FCU",40129.2645180854,1,0,1,0,3
"70696","Tokyo","Office","CL8c","ZoneA","ABCH","FCU",32625.9133715718,1,0,1,1,3
"70697","Tokyo","Office","CL8c","ZoneA","ABCH","FCU",49423.0540591151,0,1,0,0,3
"70698","Tokyo","Office","CL8c","ZoneA","ABCH","FCU",151142.881702817,1,1,0,0,3
"70701","Tokyo","Office","CL8c","ZoneA","ABCH","FCU",67759.724724759,1,1,1,0,3
"70702","Tokyo","Office","CL8c","ZoneA","ABCH","FCU",29171.7834445182,1,1,0,1,3
"70704","Tokyo","Office","CL8c","ZoneA","ABCH","FCU",55090.043027208,1,1,1,1,3
"70754","Tokyo","Office","CL8c","ZoneA","ABCH","CAVFCU",61124.9378895901,1,0,0,0,3
"70757","Tokyo","Office","CL8c","ZoneA","ABCH","CAVFCU",86815.4094610734,1,0,1,0,3
"70760","Tokyo","Office","CL8c","ZoneA","ABCH","CAVFCU",58783.2121550169,1,0,1,1,3
"70762","Tokyo","Office","CL8c","ZoneA","ABCH","CAVFCU",34338.8436774929,1,1,0,0,3
"70765","Tokyo","Office","CL8c","ZoneA","ABCH","CAVFCU",48771.268768668,1,1,1,0,3
"70768","Tokyo","Office","CL8c","ZoneA","ABCH","CAVFCU",33023.3060800508,1,1,1,1,3
"70817","Tokyo","Office","CL8c","ZoneA","ABCH","VAVFCU",120375.623114857,0,0,0,0,3
"70818","Tokyo","Office","CL8c","ZoneA","ABCH","VAVFCU",91721.3130681853,1,0,0,0,3
"70821","Tokyo","Office","CL8c","ZoneA","ABCH","VAVFCU",299979.754624477,1,0,1,0,3
"70822","Tokyo","Office","CL8c","ZoneA","ABCH","VAVFCU",29186.6520769936,1,0,0,1,3
"70824","Tokyo","Office","CL8c","ZoneA","ABCH","VAVFCU",288236.725497848,1,0,1,1,3
"70829","Tokyo","Office","CL8c","ZoneA","ABCH","VAVFCU",55496.8625526473,1,1,1,0,3
"70832","Tokyo","Office","CL8c","ZoneA","ABCH","VAVFCU",53324.378365479,1,1,1,1,3
"70881","Tokyo","Office","CL8c","ZoneA","ABCH","OHUFCU",151971.143942775,0,0,0,0,3
"70885","Tokyo","Office","CL8c","ZoneA","ABCH","OHUFCU",397903.111548116,1,0,1,0,3
"70888","Tokyo","Office","CL8c","ZoneA","ABCH","OHUFCU",415533.318815287,1,0,1,1,3
"70889","Tokyo","Office","CL8c","ZoneA","ABCH","OHUFCU",28114.9696182617,0,1,0,0,3
"70893","Tokyo","Office","CL8c","ZoneA","ABCH","OHUFCU",73612.8820376556,1,1,1,0,3
"70896","Tokyo","Office","CL8c","ZoneA","ABCH","OHUFCU",76874.5061119393,1,1,1,1,3
"70945","Tokyo","Office","CL8c","ZoneA","AHP","CAV",43846.3817284878,0,0,0,0,3
"70946","Tokyo","Office","CL8c","ZoneA","AHP","CAV",91056.2416648853,1,0,0,0,3
"70949","Tokyo","Office","CL8c","ZoneA","AHP","CAV",129326.673810327,1,0,1,0,3
"70950","Tokyo","Office","CL8c","ZoneA","AHP","CAV",48238.6002253173,1,0,0,1,3
"70952","Tokyo","Office","CL8c","ZoneA","AHP","CAV",87567.8333038768,1,0,1,1,3
"70954","Tokyo","Office","CL8c","ZoneA","AHP","CAV",51153.6887618339,1,1,0,0,3
"70957","Tokyo","Office","CL8c","ZoneA","AHP","CAV",72653.2997599859,1,1,1,0,3
"70960","Tokyo","Office","CL8c","ZoneA","AHP","CAV",49193.9663714683,1,1,1,1,3
"71009","Tokyo","Office","CL8c","ZoneA","AHP","VAV",167865.493238804,0,0,0,0,3
"71010","Tokyo","Office","CL8c","ZoneA","AHP","VAV",127906.656350269,1,0,0,0,3
"71012","Tokyo","Office","CL8c","ZoneA","AHP","VAV",35652.9278595902,0,0,0,1,3
"71013","Tokyo","Office","CL8c","ZoneA","AHP","VAV",418325.971394102,1,0,1,0,3
"71014","Tokyo","Office","CL8c","ZoneA","AHP","VAV",40701.1953094444,1,0,0,1,3
"71016","Tokyo","Office","CL8c","ZoneA","AHP","VAV",401950.152723752,1,0,1,1,3
"71017","Tokyo","Office","CL8c","ZoneA","AHP","VAV",31055.456449947,0,1,0,0,3
"71021","Tokyo","Office","CL8c","ZoneA","AHP","VAV",77391.1524986855,1,1,1,0,3
"71024","Tokyo","Office","CL8c","ZoneA","AHP","VAV",74361.5928569919,1,1,1,1,3
"71074","Tokyo","Office","CL8c","ZoneA","AHP","FCU",73069.1718033585,1,0,0,0,3
"71081","Tokyo","Office","CL8c","ZoneA","AHP","FCU",40344.7007293551,0,1,0,0,3
"71082","Tokyo","Office","CL8c","ZoneA","AHP","FCU",123379.957911522,1,1,0,0,3
"71085","Tokyo","Office","CL8c","ZoneA","AHP","FCU",55313.1704943615,1,1,1,0,3
"71088","Tokyo","Office","CL8c","ZoneA","AHP","FCU",44970.7396965301,1,1,1,1,3
"71138","Tokyo","Office","CL8c","ZoneA","AHP","CAVFCU",59138.6144338042,1,0,0,0,3
"71141","Tokyo","Office","CL8c","ZoneA","AHP","CAVFCU",83994.2452997673,1,0,1,0,3
"71144","Tokyo","Office","CL8c","ZoneA","AHP","CAVFCU",56872.9857050392,1,0,1,1,3
"71201","Tokyo","Office","CL8c","ZoneA","AHP","VAVFCU",76965.2040134933,0,0,0,0,3
"71202","Tokyo","Office","CL8c","ZoneA","AHP","VAVFCU",58644.3450094761,1,0,0,0,3
"71205","Tokyo","Office","CL8c","ZoneA","AHP","VAVFCU",191799.655255458,1,0,1,0,3
"71208","Tokyo","Office","CL8c","ZoneA","AHP","VAVFCU",184291.452107009,1,0,1,1,3
"71213","Tokyo","Office","CL8c","ZoneA","AHP","VAVFCU",35483.3249286508,1,1,1,0,3
"71216","Tokyo","Office","CL8c","ZoneA","AHP","VAVFCU",34094.2921298594,1,1,1,1,3
"71265","Tokyo","Office","CL8c","ZoneA","AHP","OHUFCU",96516.1793454774,0,0,0,0,3
"71269","Tokyo","Office","CL8c","ZoneA","AHP","OHUFCU",252706.44860555,1,0,1,0,3
"71272","Tokyo","Office","CL8c","ZoneA","AHP","OHUFCU",263903.312709811,1,0,1,1,3
"71277","Tokyo","Office","CL8c","ZoneA","AHP","OHUFCU",46751.2051337798,1,1,1,0,3
"71280","Tokyo","Office","CL8c","ZoneA","AHP","OHUFCU",48822.647684937,1,1,1,1,3
"71333","Tokyo","Office","CL8c","ZoneA","TB","CAV",63658.199977315,1,0,1,0,3
"71397","Tokyo","Office","CL8c","ZoneA","TB","VAV",78507.7455990571,1,0,1,0,3
"71400","Tokyo","Office","CL8c","ZoneA","TB","VAV",74263.3308393269,1,0,1,1,3
"71589","Tokyo","Office","CL8c","ZoneA","TB","VAVFCU",64573.7515616967,1,0,1,0,3
"71656","Tokyo","Office","CL8c","ZoneA","TB","OHUFCU",78728.9091760413,1,0,1,1,3
"71717","Tokyo","Office","CL8c","ZoneA","AB","CAV",126691.364182645,1,0,1,0,3
"71777","Tokyo","Office","CL8c","ZoneA","AB","VAV",45430.6149368065,0,0,0,0,3
"71778","Tokyo","Office","CL8c","ZoneA","AB","VAV",36526.996685385,1,0,0,0,3
"71781","Tokyo","Office","CL8c","ZoneA","AB","VAV",113879.386096545,1,0,1,0,3
"71784","Tokyo","Office","CL8c","ZoneA","AB","VAV",108205.153779849,1,0,1,1,3
"71850","Tokyo","Office","CL8c","ZoneA","AB","FCU",74523.7431875809,1,1,0,0,3
"71973","Tokyo","Office","CL8c","ZoneA","AB","VAVFCU",65898.490620639,1,0,1,0,3
"71976","Tokyo","Office","CL8c","ZoneA","AB","VAVFCU",62614.9872762838,1,0,1,1,3
"72037","Tokyo","Office","CL8c","ZoneA","AB","OHUFCU",77090.5892655975,1,0,1,0,3
"72040","Tokyo","Office","CL8c","ZoneA","AB","OHUFCU",79594.2197248959,1,0,1,1,3
"72097","Tokyo","Office","CL8c","ZoneA","COM","CAV",46160.9967553456,0,0,0,0,3
"72098","Tokyo","Office","CL8c","ZoneA","COM","CAV",95863.0270126899,1,0,0,0,3
"72101","Tokyo","Office","CL8c","ZoneA","COM","CAV",136153.724316536,1,0,1,0,3
"72102","Tokyo","Office","CL8c","ZoneA","COM","CAV",50785.0769140325,1,0,0,1,3
"72104","Tokyo","Office","CL8c","ZoneA","COM","CAV",92190.4683958586,1,0,1,1,3
"72106","Tokyo","Office","CL8c","ZoneA","COM","CAV",53854.0506165594,1,1,0,0,3
"72109","Tokyo","Office","CL8c","ZoneA","COM","CAV",76488.6086896167,1,1,1,0,3
"72110","Tokyo","Office","CL8c","ZoneA","COM","CAV",28530.1037107052,1,1,0,1,3
"72112","Tokyo","Office","CL8c","ZoneA","COM","CAV",51790.8760663031,1,1,1,1,3
"72161","Tokyo","Office","CL8c","ZoneA","COM","VAV",181953.747748007,0,0,0,0,3
"72162","Tokyo","Office","CL8c","ZoneA","COM","VAV",138641.331436354,1,0,0,0,3
"72164","Tokyo","Office","CL8c","ZoneA","COM","VAV",38645.1301996484,0,0,0,1,3
"72165","Tokyo","Office","CL8c","ZoneA","COM","VAV",453434.334876679,1,0,1,0,3
"72166","Tokyo","Office","CL8c","ZoneA","COM","VAV",44117.0777953852,1,0,0,1,3
"72168","Tokyo","Office","CL8c","ZoneA","COM","VAV",435684.161675369,1,0,1,1,3
"72169","Tokyo","Office","CL8c","ZoneA","COM","VAV",33661.8120857889,0,1,0,0,3
"72170","Tokyo","Office","CL8c","ZoneA","COM","VAV",25648.9272900136,1,1,0,0,3
"72173","Tokyo","Office","CL8c","ZoneA","COM","VAV",83886.2708945252,1,1,1,0,3
"72176","Tokyo","Office","CL8c","ZoneA","COM","VAV",80602.4528792998,1,1,1,1,3
"72226","Tokyo","Office","CL8c","ZoneA","COM","FCU",73428.4142282082,1,0,0,0,3
"72229","Tokyo","Office","CL8c","ZoneA","COM","FCU",32919.1099112557,1,0,1,0,3
"72233","Tokyo","Office","CL8c","ZoneA","COM","FCU",40543.0542587868,0,1,0,0,3
"72234","Tokyo","Office","CL8c","ZoneA","COM","FCU",123986.551830189,1,1,0,0,3
"72237","Tokyo","Office","CL8c","ZoneA","COM","FCU",55585.1160632534,1,1,1,0,3
"72240","Tokyo","Office","CL8c","ZoneA","COM","FCU",45191.8370098996,1,1,1,1,3
"72290","Tokyo","Office","CL8c","ZoneA","COM","CAVFCU",52757.9413041417,1,0,0,0,3
"72293","Tokyo","Office","CL8c","ZoneA","COM","CAVFCU",74931.8107269991,1,0,1,0,3
"72296","Tokyo","Office","CL8c","ZoneA","COM","CAVFCU",50736.759228208,1,0,1,1,3
"72301","Tokyo","Office","CL8c","ZoneA","COM","CAVFCU",42095.2858827218,1,1,1,0,3
"72353","Tokyo","Office","CL8c","ZoneA","COM","VAVFCU",84860.0453113814,0,0,0,0,3
"72354","Tokyo","Office","CL8c","ZoneA","COM","VAVFCU",64659.8919414019,1,0,0,0,3
"72357","Tokyo","Office","CL8c","ZoneA","COM","VAVFCU",211473.842553993,1,0,1,0,3
"72360","Tokyo","Office","CL8c","ZoneA","COM","VAVFCU",203195.472249502,1,0,1,1,3
"72365","Tokyo","Office","CL8c","ZoneA","COM","VAVFCU",39123.0894511223,1,1,1,0,3
"72368","Tokyo","Office","CL8c","ZoneA","COM","VAVFCU",37591.5741676213,1,1,1,1,3
"72417","Tokyo","Office","CL8c","ZoneA","COM","OHUFCU",106416.496357272,0,0,0,0,3
"72421","Tokyo","Office","CL8c","ZoneA","COM","OHUFCU",278628.25745756,1,0,1,0,3
"72424","Tokyo","Office","CL8c","ZoneA","COM","OHUFCU",290973.659609244,1,0,1,1,3
"72429","Tokyo","Office","CL8c","ZoneA","COM","OHUFCU",51546.7923052435,1,1,1,0,3
"72432","Tokyo","Office","CL8c","ZoneA","COM","OHUFCU",53830.7167228324,1,1,1,1,3
"72481","Tokyo","Office","CL8c","ZoneA","AHP+TESICE","CAV",42664.3574306293,0,0,0,0,3
"72482","Tokyo","Office","CL8c","ZoneA","AHP+TESICE","CAV",88601.5193850389,1,0,0,0,3
"72485","Tokyo","Office","CL8c","ZoneA","AHP+TESICE","CAV",125840.245403265,1,0,1,0,3
"72486","Tokyo","Office","CL8c","ZoneA","AHP+TESICE","CAV",46938.1691449583,1,0,0,1,3
"72488","Tokyo","Office","CL8c","ZoneA","AHP+TESICE","CAV",85207.1526138039,1,0,1,1,3
"72490","Tokyo","Office","CL8c","ZoneA","AHP+TESICE","CAV",49774.6718245641,1,1,0,0,3
"72493","Tokyo","Office","CL8c","ZoneA","AHP+TESICE","CAV",70694.6896706133,1,1,1,0,3
"72496","Tokyo","Office","CL8c","ZoneA","AHP+TESICE","CAV",47867.7802355362,1,1,1,1,3
"72545","Tokyo","Office","CL8c","ZoneA","AHP+TESICE","VAV",163340.123437277,0,0,0,0,3
"72546","Tokyo","Office","CL8c","ZoneA","AHP+TESICE","VAV",124458.509212381,1,0,0,0,3
"72548","Tokyo","Office","CL8c","ZoneA","AHP+TESICE","VAV",34691.7852211669,0,0,0,1,3
"72549","Tokyo","Office","CL8c","ZoneA","AHP+TESICE","VAV",407048.610683359,1,0,1,0,3
"72550","Tokyo","Office","CL8c","ZoneA","AHP+TESICE","VAV",39603.9599182652,1,0,0,1,3
"72552","Tokyo","Office","CL8c","ZoneA","AHP+TESICE","VAV",391114.256389375,1,0,1,1,3
"72553","Tokyo","Office","CL8c","ZoneA","AHP+TESICE","VAV",30218.2538654274,0,1,0,0,3
"72557","Tokyo","Office","CL8c","ZoneA","AHP+TESICE","VAV",75304.8179121925,1,1,1,0,3
"72560","Tokyo","Office","CL8c","ZoneA","AHP+TESICE","VAV",72356.9300748102,1,1,1,1,3
"72610","Tokyo","Office","CL8c","ZoneA","AHP+TESICE","FCU",71099.3505070244,1,0,0,0,3
"72617","Tokyo","Office","CL8c","ZoneA","AHP+TESICE","FCU",39257.0758291472,0,1,0,0,3
"72618","Tokyo","Office","CL8c","ZoneA","AHP+TESICE","FCU",120053.842907933,1,1,0,0,3
"72621","Tokyo","Office","CL8c","ZoneA","AHP+TESICE","FCU",53822.0209641497,1,1,1,0,3
"72624","Tokyo","Office","CL8c","ZoneA","AHP+TESICE","FCU",43758.4046093812,1,1,1,1,3
"72674","Tokyo","Office","CL8c","ZoneA","AHP+TESICE","CAVFCU",57544.337404623,1,0,0,0,3
"72677","Tokyo","Office","CL8c","ZoneA","AHP+TESICE","CAVFCU",81729.9024985891,1,0,1,0,3
"72680","Tokyo","Office","CL8c","ZoneA","AHP+TESICE","CAVFCU",55339.7861947261,1,0,1,1,3
"72737","Tokyo","Office","CL8c","ZoneA","AHP+TESICE","VAVFCU",74890.3522777918,0,0,0,0,3
"72738","Tokyo","Office","CL8c","ZoneA","AHP+TESICE","VAVFCU",57063.3926480602,1,0,0,0,3
"72741","Tokyo","Office","CL8c","ZoneA","AHP+TESICE","VAVFCU",186629.060923712,1,0,1,0,3
"72744","Tokyo","Office","CL8c","ZoneA","AHP+TESICE","VAVFCU",179323.26623418,1,0,1,1,3
"72749","Tokyo","Office","CL8c","ZoneA","AHP+TESICE","VAVFCU",34526.7544984112,1,1,1,0,3
"72752","Tokyo","Office","CL8c","ZoneA","AHP+TESICE","VAVFCU",33175.1676747257,1,1,1,1,3
"72801","Tokyo","Office","CL8c","ZoneA","AHP+TESICE","OHUFCU",93914.2663796761,0,0,0,0,3
"72805","Tokyo","Office","CL8c","ZoneA","AHP+TESICE","OHUFCU",245893.910131407,1,0,1,0,3
"72808","Tokyo","Office","CL8c","ZoneA","AHP+TESICE","OHUFCU",256788.925715691,1,0,1,1,3
"72813","Tokyo","Office","CL8c","ZoneA","AHP+TESICE","OHUFCU",45490.8717095877,1,1,1,0,3
"72816","Tokyo","Office","CL8c","ZoneA","AHP+TESICE","OHUFCU",47506.4716728148,1,1,1,1,3
"72865","Tokyo","Office","CL8c","ZoneA","COM+TESICE","CAV",66206.4964244835,0,0,0,0,3
"72866","Tokyo","Office","CL8c","ZoneA","COM+TESICE","CAV",137491.726809839,1,0,0,0,3
"72869","Tokyo","Office","CL8c","ZoneA","COM+TESICE","CAV",195278.735204065,1,0,1,0,3
"72870","Tokyo","Office","CL8c","ZoneA","COM+TESICE","CAV",72838.5920899042,1,0,0,1,3
"72872","Tokyo","Office","CL8c","ZoneA","COM+TESICE","CAV",132224.352705621,1,0,1,1,3
"72873","Tokyo","Office","CL8c","ZoneA","COM+TESICE","CAV",37193.5679552161,0,1,0,0,3
"72874","Tokyo","Office","CL8c","ZoneA","COM+TESICE","CAV",77240.2733954462,1,1,0,0,3
"72877","Tokyo","Office","CL8c","ZoneA","COM+TESICE","CAV",109703.930886986,1,1,1,0,3
"72878","Tokyo","Office","CL8c","ZoneA","COM+TESICE","CAV",40919.3549117677,1,1,0,1,3
"72880","Tokyo","Office","CL8c","ZoneA","COM+TESICE","CAV",74281.1614159413,1,1,1,1,3
"72929","Tokyo","Office","CL8c","ZoneA","COM+TESICE","VAV",271678.691592661,0,0,0,0,3
"72930","Tokyo","Office","CL8c","ZoneA","COM+TESICE","VAV",207008.077555278,1,0,0,0,3
"72932","Tokyo","Office","CL8c","ZoneA","COM+TESICE","VAV",57701.7980613894,0,0,0,1,3
"72933","Tokyo","Office","CL8c","ZoneA","COM+TESICE","VAV",677031.654182201,1,0,1,0,3
"72934","Tokyo","Office","CL8c","ZoneA","COM+TESICE","VAV",65872.0698017232,1,0,0,1,3
"72936","Tokyo","Office","CL8c","ZoneA","COM+TESICE","VAV",650528.524180431,1,0,1,1,3
"72937","Tokyo","Office","CL8c","ZoneA","COM+TESICE","VAV",50261.1085360582,0,1,0,0,3
"72938","Tokyo","Office","CL8c","ZoneA","COM+TESICE","VAV",38296.9138759193,1,1,0,0,3
"72941","Tokyo","Office","CL8c","ZoneA","COM+TESICE","VAV",125252.228114447,1,1,1,0,3
"72944","Tokyo","Office","CL8c","ZoneA","COM+TESICE","VAV",120349.095352157,1,1,1,1,3
"72993","Tokyo","Office","CL8c","ZoneA","COM+TESICE","FCU",29850.7373580774,0,0,0,0,3
"72994","Tokyo","Office","CL8c","ZoneA","COM+TESICE","FCU",91287.8928901737,1,0,0,0,3
"72997","Tokyo","Office","CL8c","ZoneA","COM+TESICE","FCU",40925.794342759,1,0,1,0,3
"73000","Tokyo","Office","CL8c","ZoneA","COM+TESICE","FCU",33273.5084214626,1,0,1,1,3
"73001","Tokyo","Office","CL8c","ZoneA","COM+TESICE","FCU",50404.0572511074,0,1,0,0,3
"73002","Tokyo","Office","CL8c","ZoneA","COM+TESICE","FCU",154142.932027915,1,1,0,0,3
"73005","Tokyo","Office","CL8c","ZoneA","COM+TESICE","FCU",69104.694344888,1,1,1,0,3
"73006","Tokyo","Office","CL8c","ZoneA","COM+TESICE","FCU",29750.8171206029,1,1,0,1,3
"73008","Tokyo","Office","CL8c","ZoneA","COM+TESICE","FCU",56183.5308556218,1,1,1,1,3
"73058","Tokyo","Office","CL8c","ZoneA","COM+TESICE","CAVFCU",56655.7427528428,1,0,0,0,3
"73061","Tokyo","Office","CL8c","ZoneA","COM+TESICE","CAVFCU",80467.8364547992,1,0,1,0,3
"73062","Tokyo","Office","CL8c","ZoneA","COM+TESICE","CAVFCU",30014.3480024251,1,0,0,1,3
"73064","Tokyo","Office","CL8c","ZoneA","COM+TESICE","CAVFCU",54485.2340309308,1,0,1,1,3
"73066","Tokyo","Office","CL8c","ZoneA","COM+TESICE","CAVFCU",31828.1336716655,1,1,0,0,3
"73069","Tokyo","Office","CL8c","ZoneA","COM+TESICE","CAVFCU",45205.3213056598,1,1,1,0,3
"73072","Tokyo","Office","CL8c","ZoneA","COM+TESICE","CAVFCU",30608.7825806754,1,1,1,1,3
"73121","Tokyo","Office","CL8c","ZoneA","COM+TESICE","VAVFCU",122764.971016598,0,0,0,0,3
"73122","Tokyo","Office","CL8c","ZoneA","COM+TESICE","VAVFCU",93541.8986755818,1,0,0,0,3
"73125","Tokyo","Office","CL8c","ZoneA","COM+TESICE","VAVFCU",305934.083073457,1,0,1,0,3
"73126","Tokyo","Office","CL8c","ZoneA","COM+TESICE","VAVFCU",29765.9808820661,1,0,0,1,3
"73128","Tokyo","Office","CL8c","ZoneA","COM+TESICE","VAVFCU",293957.965375588,1,0,1,1,3
"73133","Tokyo","Office","CL8c","ZoneA","COM+TESICE","VAVFCU",56598.4253829124,1,1,1,0,3
"73136","Tokyo","Office","CL8c","ZoneA","COM+TESICE","VAVFCU",54382.8193376813,1,1,1,1,3
"73185","Tokyo","Office","CL8c","ZoneA","COM+TESICE","OHUFCU",154987.634528732,0,0,0,0,3
"73189","Tokyo","Office","CL8c","ZoneA","COM+TESICE","OHUFCU",405801.130599417,1,0,1,0,3
"73192","Tokyo","Office","CL8c","ZoneA","COM+TESICE","OHUFCU",423781.281631372,1,0,1,1,3
"73193","Tokyo","Office","CL8c","ZoneA","COM+TESICE","OHUFCU",28673.0264899655,0,1,0,0,3
"73197","Tokyo","Office","CL8c","ZoneA","COM+TESICE","OHUFCU",75074.0315684861,1,1,1,0,3
"73200","Tokyo","Office","CL8c","ZoneA","COM+TESICE","OHUFCU",78400.3959484604,1,1,1,1,3
"73249","Tokyo","Office","CL9c","ZoneA","EHP","MUL",128107.903174995,0,0,0,0,3
"73250","Tokyo","Office","CL9c","ZoneA","EHP","MUL",403206.421495645,1,0,0,0,3
"73253","Tokyo","Office","CL9c","ZoneA","EHP","MUL",405545.006493297,1,0,1,0,3
"73254","Tokyo","Office","CL9c","ZoneA","EHP","MUL",175021.10914378,1,0,0,1,3
"73256","Tokyo","Office","CL9c","ZoneA","EHP","MUL",587124.475735731,1,0,1,1,3
"73314","Tokyo","Office","CL9c","ZoneA","GHP","MUL",47918.1733353543,1,0,0,0,3
"73317","Tokyo","Office","CL9c","ZoneA","GHP","MUL",48196.0972852292,1,0,1,0,3
"73320","Tokyo","Office","CL9c","ZoneA","GHP","MUL",69775.5067822938,1,0,1,1,3
"73381","Tokyo","Office","CL9c","ZoneA","ABCH","CAV",95729.1250146009,1,0,1,0,3
"73382","Tokyo","Office","CL9c","ZoneA","ABCH","CAV",36863.4785852812,1,0,0,1,3
"73384","Tokyo","Office","CL9c","ZoneA","ABCH","CAV",127306.853189441,1,0,1,1,3
"73389","Tokyo","Office","CL9c","ZoneA","ABCH","CAV",72091.8346027498,1,1,1,0,3
"73392","Tokyo","Office","CL9c","ZoneA","ABCH","CAV",95872.4380122555,1,1,1,1,3
"73441","Tokyo","Office","CL9c","ZoneA","ABCH","VAV",87532.7453030275,0,0,0,0,3
"73442","Tokyo","Office","CL9c","ZoneA","ABCH","VAV",68703.9270210626,1,0,0,0,3
"73445","Tokyo","Office","CL9c","ZoneA","ABCH","VAV",480079.556233884,1,0,1,0,3
"73446","Tokyo","Office","CL9c","ZoneA","ABCH","VAV",48767.5159019328,1,0,0,1,3
"73448","Tokyo","Office","CL9c","ZoneA","ABCH","VAV",879150.536105824,1,0,1,1,3
"73453","Tokyo","Office","CL9c","ZoneA","ABCH","VAV",118519.730948852,1,1,1,0,3
"73456","Tokyo","Office","CL9c","ZoneA","ABCH","VAV",217040.454336777,1,1,1,1,3
"73512","Tokyo","Office","CL9c","ZoneA","ABCH","FCU",42120.2665057586,1,0,1,1,3
"73514","Tokyo","Office","CL9c","ZoneA","ABCH","FCU",66286.0433357357,1,1,0,0,3
"73517","Tokyo","Office","CL9c","ZoneA","ABCH","FCU",66670.5003737056,1,1,1,0,3
"73520","Tokyo","Office","CL9c","ZoneA","ABCH","FCU",96521.6731859766,1,1,1,1,3
"73573","Tokyo","Office","CL9c","ZoneA","ABCH","CAVFCU",48113.0394185312,1,0,1,0,3
"73576","Tokyo","Office","CL9c","ZoneA","ABCH","CAVFCU",63983.8674470132,1,0,1,1,3
"73581","Tokyo","Office","CL9c","ZoneA","ABCH","CAVFCU",36233.0406704052,1,1,1,0,3
"73584","Tokyo","Office","CL9c","ZoneA","ABCH","CAVFCU",48185.0679041598,1,1,1,1,3
"73633","Tokyo","Office","CL9c","ZoneA","ABCH","VAVFCU",57876.7214434959,0,0,0,0,3
"73634","Tokyo","Office","CL9c","ZoneA","ABCH","VAVFCU",45427.0916844508,1,0,0,0,3
"73637","Tokyo","Office","CL9c","ZoneA","ABCH","VAVFCU",317428.987868208,1,0,1,0,3
"73638","Tokyo","Office","CL9c","ZoneA","ABCH","VAVFCU",32245.120652577,1,0,0,1,3
"73640","Tokyo","Office","CL9c","ZoneA","ABCH","VAVFCU",581295.040032716,1,0,1,1,3
"73645","Tokyo","Office","CL9c","ZoneA","ABCH","VAVFCU",78365.3412210241,1,1,1,0,3
"73648","Tokyo","Office","CL9c","ZoneA","ABCH","VAVFCU",143507.322592623,1,1,1,1,3
"73697","Tokyo","Office","CL9c","ZoneA","ABCH","OHUFCU",37270.518080265,0,0,0,0,3
"73701","Tokyo","Office","CL9c","ZoneA","ABCH","OHUFCU",189328.923753131,1,0,1,0,3
"73704","Tokyo","Office","CL9c","ZoneA","ABCH","OHUFCU",382198.894581646,1,0,1,1,3
"73709","Tokyo","Office","CL9c","ZoneA","ABCH","OHUFCU",46740.6137434537,1,1,1,0,3
"73712","Tokyo","Office","CL9c","ZoneA","ABCH","OHUFCU",94355.4241511939,1,1,1,1,3
"73765","Tokyo","Office","CL9c","ZoneA","AHP","CAV",53737.0152832848,1,0,1,0,3
"73768","Tokyo","Office","CL9c","ZoneA","AHP","CAV",71462.9984810213,1,0,1,1,3
"73773","Tokyo","Office","CL9c","ZoneA","AHP","CAV",40468.3529412509,1,1,1,0,3
"73776","Tokyo","Office","CL9c","ZoneA","AHP","CAV",53817.4632425039,1,1,1,1,3
"73825","Tokyo","Office","CL9c","ZoneA","AHP","VAV",46085.6206763192,0,0,0,0,3
"73826","Tokyo","Office","CL9c","ZoneA","AHP","VAV",36172.3273810846,1,0,0,0,3
"73829","Tokyo","Office","CL9c","ZoneA","AHP","VAV",252759.858570153,1,0,1,0,3
"73832","Tokyo","Office","CL9c","ZoneA","AHP","VAV",462869.043854315,1,0,1,1,3
"73837","Tokyo","Office","CL9c","ZoneA","AHP","VAV",62400.1377342754,1,1,1,0,3
"73840","Tokyo","Office","CL9c","ZoneA","AHP","VAV",114270.882460654,1,1,1,1,3
"73904","Tokyo","Office","CL9c","ZoneA","AHP","FCU",139324.776664135,1,1,1,1,3
"73960","Tokyo","Office","CL9c","ZoneA","AHP","CAVFCU",100808.407670304,1,0,1,1,3
"74017","Tokyo","Office","CL9c","ZoneA","AHP","VAVFCU",31646.4600895159,0,0,0,0,3
"74021","Tokyo","Office","CL9c","ZoneA","AHP","VAVFCU",173567.257185325,1,0,1,0,3
"74024","Tokyo","Office","CL9c","ZoneA","AHP","VAVFCU",317846.792731487,1,0,1,1,3
"74029","Tokyo","Office","CL9c","ZoneA","AHP","VAVFCU",42849.4493381696,1,1,1,0,3
"74032","Tokyo","Office","CL9c","ZoneA","AHP","VAVFCU",78468.48687541,1,1,1,1,3
"74085","Tokyo","Office","CL9c","ZoneA","AHP","OHUFCU",109375.484814574,1,0,1,0,3
"74088","Tokyo","Office","CL9c","ZoneA","AHP","OHUFCU",220796.635621135,1,0,1,1,3
"74096","Tokyo","Office","CL9c","ZoneA","AHP","OHUFCU",54509.2110430955,1,1,1,1,3
"74213","Tokyo","Office","CL9c","ZoneA","TB","VAV",76141.2121618502,1,0,1,0,3
"74216","Tokyo","Office","CL9c","ZoneA","TB","VAV",134962.998815986,1,0,1,1,3
"74224","Tokyo","Office","CL9c","ZoneA","TB","VAV",42698.163511315,1,1,1,1,3
"74405","Tokyo","Office","CL9c","ZoneA","TB","VAVFCU",60527.3894201649,1,0,1,0,3
"74408","Tokyo","Office","CL9c","ZoneA","TB","VAVFCU",107286.944280373,1,0,1,1,3
"74472","Tokyo","Office","CL9c","ZoneA","TB","OHUFCU",100181.875585454,1,0,1,1,3
"74533","Tokyo","Office","CL9c","ZoneA","AB","CAV",47991.1807255434,1,0,1,0,3
"74536","Tokyo","Office","CL9c","ZoneA","AB","CAV",63821.8117848969,1,0,1,1,3
"74544","Tokyo","Office","CL9c","ZoneA","AB","CAV",48063.0267804375,1,1,1,1,3
"74593","Tokyo","Office","CL9c","ZoneA","AB","VAV",34863.3089648539,0,0,0,0,3
"74597","Tokyo","Office","CL9c","ZoneA","AB","VAV",191210.293230835,1,0,1,0,3
"74600","Tokyo","Office","CL9c","ZoneA","AB","VAV",350155.780682618,1,0,1,1,3
"74605","Tokyo","Office","CL9c","ZoneA","AB","VAV",47205.0771879338,1,1,1,0,3
"74608","Tokyo","Office","CL9c","ZoneA","AB","VAV",86444.7743666693,1,1,1,1,3
"74672","Tokyo","Office","CL9c","ZoneA","AB","FCU",101485.780138624,1,1,1,1,3
"74728","Tokyo","Office","CL9c","ZoneA","AB","CAVFCU",73430.0111000067,1,0,1,1,3
"74789","Tokyo","Office","CL9c","ZoneA","AB","VAVFCU",132958.189499663,1,0,1,0,3
"74792","Tokyo","Office","CL9c","ZoneA","AB","VAVFCU",243481.02738485,1,0,1,1,3
"74797","Tokyo","Office","CL9c","ZoneA","AB","VAVFCU",32824.078097734,1,1,1,0,3
"74800","Tokyo","Office","CL9c","ZoneA","AB","VAVFCU",60109.4245361777,1,1,1,1,3
"74853","Tokyo","Office","CL9c","ZoneA","AB","OHUFCU",79670.3692639379,1,0,1,0,3
"74856","Tokyo","Office","CL9c","ZoneA","AB","OHUFCU",160830.825316964,1,0,1,1,3
"74864","Tokyo","Office","CL9c","ZoneA","AB","OHUFCU",39705.1403196222,1,1,1,1,3
"74914","Tokyo","Office","CL9c","ZoneA","COM","CAV",36233.0130010664,1,0,0,0,3
"74917","Tokyo","Office","CL9c","ZoneA","COM","CAV",110995.506861194,1,0,1,0,3
"74918","Tokyo","Office","CL9c","ZoneA","COM","CAV",42742.2739904494,1,0,0,1,3
"74920","Tokyo","Office","CL9c","ZoneA","COM","CAV",147609.086518972,1,0,1,1,3
"74922","Tokyo","Office","CL9c","ZoneA","COM","CAV",27286.4123644058,1,1,0,0,3
"74925","Tokyo","Office","CL9c","ZoneA","COM","CAV",83588.6645894351,1,1,1,0,3
"74926","Tokyo","Office","CL9c","ZoneA","COM","CAV",32188.4164991052,1,1,0,1,3
"74928","Tokyo","Office","CL9c","ZoneA","COM","CAV",111161.674668662,1,1,1,1,3
"74977","Tokyo","Office","CL9c","ZoneA","COM","VAV",118432.748309271,0,0,0,0,3
"74978","Tokyo","Office","CL9c","ZoneA","COM","VAV",92957.1541321536,1,0,0,0,3
"74980","Tokyo","Office","CL9c","ZoneA","COM","VAV",28043.8809147475,0,0,0,1,3
"74981","Tokyo","Office","CL9c","ZoneA","COM","VAV",649552.816549305,1,0,1,0,3
"74982","Tokyo","Office","CL9c","ZoneA","COM","VAV",65982.9749025619,1,0,0,1,3
"74984","Tokyo","Office","CL9c","ZoneA","COM","VAV",1189500.15572037,1,0,1,1,3
"74985","Tokyo","Office","CL9c","ZoneA","COM","VAV",29238.1070655497,0,1,0,0,3
"74989","Tokyo","Office","CL9c","ZoneA","COM","VAV",160358.474037972,1,1,1,0,3
"74992","Tokyo","Office","CL9c","ZoneA","COM","VAV",293658.075185589,1,1,1,1,3
"75042","Tokyo","Office","CL9c","ZoneA","COM","FCU",30320.1610894308,1,0,0,0,3
"75045","Tokyo","Office","CL9c","ZoneA","COM","FCU",30496.0171028026,1,0,1,0,3
"75048","Tokyo","Office","CL9c","ZoneA","COM","FCU",44150.3600508684,1,0,1,1,3
"75050","Tokyo","Office","CL9c","ZoneA","COM","FCU",69480.8680571878,1,1,0,0,3
"75053","Tokyo","Office","CL9c","ZoneA","COM","FCU",69883.8549815024,1,1,1,0,3
"75054","Tokyo","Office","CL9c","ZoneA","COM","FCU",30159.7840295632,1,1,0,1,3
"75056","Tokyo","Office","CL9c","ZoneA","COM","FCU",101173.781112959,1,1,1,1,3
"75109","Tokyo","Office","CL9c","ZoneA","COM","CAVFCU",66548.149958596,1,0,1,0,3
"75112","Tokyo","Office","CL9c","ZoneA","COM","CAVFCU",88500.0834961748,1,0,1,1,3
"75117","Tokyo","Office","CL9c","ZoneA","COM","CAVFCU",50116.1816657403,1,1,1,0,3
"75120","Tokyo","Office","CL9c","ZoneA","COM","CAVFCU",66647.7770559656,1,1,1,1,3
"75169","Tokyo","Office","CL9c","ZoneA","COM","VAVFCU",80052.9084065758,0,0,0,0,3
"75170","Tokyo","Office","CL9c","ZoneA","COM","VAVFCU",62833.0478833841,1,0,0,0,3
"75173","Tokyo","Office","CL9c","ZoneA","COM","VAVFCU",439055.859724434,1,0,1,0,3
"75174","Tokyo","Office","CL9c","ZoneA","COM","VAVFCU",44600.2404037318,1,0,0,1,3
"75176","Tokyo","Office","CL9c","ZoneA","COM","VAVFCU",804025.477537917,1,0,1,1,3
"75181","Tokyo","Office","CL9c","ZoneA","COM","VAVFCU",108391.998139378,1,1,1,0,3
"75184","Tokyo","Office","CL9c","ZoneA","COM","VAVFCU",198493.941340404,1,1,1,1,3
"75233","Tokyo","Office","CL9c","ZoneA","COM","OHUFCU",51551.1814721215,0,0,0,0,3
"75237","Tokyo","Office","CL9c","ZoneA","COM","OHUFCU",261872.659921172,1,0,1,0,3
"75240","Tokyo","Office","CL9c","ZoneA","COM","OHUFCU",528643.163225988,1,0,1,1,3
"75245","Tokyo","Office","CL9c","ZoneA","COM","OHUFCU",64649.8622857346,1,1,1,0,3
"75248","Tokyo","Office","CL9c","ZoneA","COM","OHUFCU",130508.880580138,1,1,1,1,3
"75301","Tokyo","Office","CL9c","ZoneA","AHP+TESICE","CAV",87103.4793553516,1,0,1,0,3
"75304","Tokyo","Office","CL9c","ZoneA","AHP+TESICE","CAV",115835.905288908,1,0,1,1,3
"75309","Tokyo","Office","CL9c","ZoneA","AHP+TESICE","CAV",65596.0202921761,1,1,1,0,3
"75312","Tokyo","Office","CL9c","ZoneA","AHP+TESICE","CAV",87233.8791759982,1,1,1,1,3
"75361","Tokyo","Office","CL9c","ZoneA","AHP+TESICE","VAV",72783.599059002,0,0,0,0,3
"75362","Tokyo","Office","CL9c","ZoneA","AHP+TESICE","VAV",57127.4105566869,1,0,0,0,3
"75365","Tokyo","Office","CL9c","ZoneA","AHP+TESICE","VAV",399186.816503767,1,0,1,0,3
"75366","Tokyo","Office","CL9c","ZoneA","AHP+TESICE","VAV",40550.2570749032,1,0,0,1,3
"75368","Tokyo","Office","CL9c","ZoneA","AHP+TESICE","VAV",731014.88946697,1,0,1,1,3
"75373","Tokyo","Office","CL9c","ZoneA","AHP+TESICE","VAV",98549.3205782457,1,1,1,0,3
"75376","Tokyo","Office","CL9c","ZoneA","AHP+TESICE","VAV",180469.438646583,1,1,1,1,3
"75434","Tokyo","Office","CL9c","ZoneA","AHP+TESICE","FCU",65233.5401585479,1,1,0,0,3
"75437","Tokyo","Office","CL9c","ZoneA","AHP+TESICE","FCU",65611.892710059,1,1,1,0,3
"75440","Tokyo","Office","CL9c","ZoneA","AHP+TESICE","FCU",94989.0825743877,1,1,1,1,3
"75493","Tokyo","Office","CL9c","ZoneA","AHP+TESICE","CAVFCU",49049.753147969,1,0,1,0,3
"75496","Tokyo","Office","CL9c","ZoneA","AHP+TESICE","CAVFCU",65229.5706456569,1,0,1,1,3
"75504","Tokyo","Office","CL9c","ZoneA","AHP+TESICE","CAVFCU",49123.1839576287,1,1,1,1,3
"75553","Tokyo","Office","CL9c","ZoneA","AHP+TESICE","VAVFCU",48124.5741100646,0,0,0,0,3
"75554","Tokyo","Office","CL9c","ZoneA","AHP+TESICE","VAVFCU",37772.6897075081,1,0,0,0,3
"75557","Tokyo","Office","CL9c","ZoneA","AHP+TESICE","VAVFCU",263942.643438437,1,0,1,0,3
"75558","Tokyo","Office","CL9c","ZoneA","AHP+TESICE","VAVFCU",26811.8625214094,1,0,0,1,3
"75560","Tokyo","Office","CL9c","ZoneA","AHP+TESICE","VAVFCU",483347.6315893,1,0,1,1,3
"75565","Tokyo","Office","CL9c","ZoneA","AHP+TESICE","VAVFCU",65160.8898567886,1,1,1,0,3
"75568","Tokyo","Office","CL9c","ZoneA","AHP+TESICE","VAVFCU",119326.53766831,1,1,1,1,3
"75617","Tokyo","Office","CL9c","ZoneA","AHP+TESICE","OHUFCU",30990.4874488322,0,0,0,0,3
"75621","Tokyo","Office","CL9c","ZoneA","AHP+TESICE","OHUFCU",157427.262552036,1,0,1,0,3
"75624","Tokyo","Office","CL9c","ZoneA","AHP+TESICE","OHUFCU",317798.910655921,1,0,1,1,3
"75629","Tokyo","Office","CL9c","ZoneA","AHP+TESICE","OHUFCU",38864.8851203979,1,1,1,0,3
"75632","Tokyo","Office","CL9c","ZoneA","AHP+TESICE","OHUFCU",78456.665978978,1,1,1,1,3
"75681","Tokyo","Office","CL9c","ZoneA","COM+TESICE","CAV",43882.4105384371,0,0,0,0,3
"75682","Tokyo","Office","CL9c","ZoneA","COM+TESICE","CAV",93782.9994202802,1,0,0,0,3
"75685","Tokyo","Office","CL9c","ZoneA","COM+TESICE","CAV",287293.015220973,1,0,1,0,3
"75686","Tokyo","Office","CL9c","ZoneA","COM+TESICE","CAV",110631.115793483,1,0,0,1,3
"75688","Tokyo","Office","CL9c","ZoneA","COM+TESICE","CAV",382061.046787067,1,0,1,1,3
"75689","Tokyo","Office","CL9c","ZoneA","COM+TESICE","CAV",33047.0322592467,0,1,0,0,3
"75690","Tokyo","Office","CL9c","ZoneA","COM+TESICE","CAV",70626.2433896206,1,1,0,0,3
"75693","Tokyo","Office","CL9c","ZoneA","COM+TESICE","CAV",216355.059473036,1,1,1,0,3
"75694","Tokyo","Office","CL9c","ZoneA","COM+TESICE","CAV",83314.2484117034,1,1,0,1,3
"75696","Tokyo","Office","CL9c","ZoneA","COM+TESICE","CAV",287723.112364451,1,1,1,1,3
"75745","Tokyo","Office","CL9c","ZoneA","COM+TESICE","VAV",317201.66594618,0,0,0,0,3
"75746","Tokyo","Office","CL9c","ZoneA","COM+TESICE","VAV",248969.685946456,1,0,0,0,3
"75748","Tokyo","Office","CL9c","ZoneA","COM+TESICE","VAV",75110.6925470023,0,0,0,1,3
"75749","Tokyo","Office","CL9c","ZoneA","COM+TESICE","VAV",1739715.05745546,1,0,1,0,3
"75750","Tokyo","Office","CL9c","ZoneA","COM+TESICE","VAV",176724.004652176,1,0,0,1,3
"75752","Tokyo","Office","CL9c","ZoneA","COM+TESICE","VAV",3185870.76990261,1,0,1,1,3
"75753","Tokyo","Office","CL9c","ZoneA","COM+TESICE","VAV",78309.2210786693,0,1,0,0,3
"75754","Tokyo","Office","CL9c","ZoneA","COM+TESICE","VAV",61464.4381532846,1,1,0,0,3
"75757","Tokyo","Office","CL9c","ZoneA","COM+TESICE","VAV",429492.482776824,1,1,1,0,3
"75758","Tokyo","Office","CL9c","ZoneA","COM+TESICE","VAV",43628.7719641519,1,1,0,1,3
"75760","Tokyo","Office","CL9c","ZoneA","COM+TESICE","VAV",786512.446913515,1,1,1,1,3
"75810","Tokyo","Office","CL9c","ZoneA","COM+TESICE","FCU",75352.0266229179,1,0,0,0,3
"75813","Tokyo","Office","CL9c","ZoneA","COM+TESICE","FCU",75789.0660885826,1,0,1,0,3
"75814","Tokyo","Office","CL9c","ZoneA","COM+TESICE","FCU",32708.296725173,1,0,0,1,3
"75816","Tokyo","Office","CL9c","ZoneA","COM+TESICE","FCU",109723.002333393,1,0,1,1,3
"75817","Tokyo","Office","CL9c","ZoneA","COM+TESICE","FCU",54862.6967593148,0,1,0,0,3
"75818","Tokyo","Office","CL9c","ZoneA","COM+TESICE","FCU",172674.683494795,1,1,0,0,3
"75821","Tokyo","Office","CL9c","ZoneA","COM+TESICE","FCU",173676.191414231,1,1,1,0,3
"75822","Tokyo","Office","CL9c","ZoneA","COM+TESICE","FCU",74953.4556374536,1,1,0,1,3
"75824","Tokyo","Office","CL9c","ZoneA","COM+TESICE","FCU",251438.289706926,1,1,1,1,3
"75874","Tokyo","Office","CL9c","ZoneA","COM+TESICE","CAVFCU",45237.1784906899,1,0,0,0,3
"75877","Tokyo","Office","CL9c","ZoneA","COM+TESICE","CAVFCU",138578.692183193,1,0,1,0,3
"75878","Tokyo","Office","CL9c","ZoneA","COM+TESICE","CAVFCU",53364.0378609148,1,0,0,1,3
"75880","Tokyo","Office","CL9c","ZoneA","COM+TESICE","CAVFCU",184291.010894122,1,0,1,1,3
"75882","Tokyo","Office","CL9c","ZoneA","COM+TESICE","CAVFCU",34067.2829627186,1,1,0,0,3
"75885","Tokyo","Office","CL9c","ZoneA","COM+TESICE","CAVFCU",104361.05161112,1,1,1,0,3
"75886","Tokyo","Office","CL9c","ZoneA","COM+TESICE","CAVFCU",40187.4705385344,1,1,0,1,3
"75888","Tokyo","Office","CL9c","ZoneA","COM+TESICE","CAVFCU",138786.153891265,1,1,1,1,3
"75937","Tokyo","Office","CL9c","ZoneA","COM+TESICE","VAVFCU",209733.996092831,0,0,0,0,3
"75938","Tokyo","Office","CL9c","ZoneA","COM+TESICE","VAVFCU",164618.956157649,1,0,0,0,3
"75940","Tokyo","Office","CL9c","ZoneA","COM+TESICE","VAVFCU",49663.2501919321,0,0,0,1,3
"75941","Tokyo","Office","CL9c","ZoneA","COM+TESICE","VAVFCU",1150300.99219249,1,0,1,0,3
"75942","Tokyo","Office","CL9c","ZoneA","COM+TESICE","VAVFCU",116850.053705322,1,0,0,1,3
"75944","Tokyo","Office","CL9c","ZoneA","COM+TESICE","VAVFCU",2106500.30987035,1,0,1,1,3
"75945","Tokyo","Office","CL9c","ZoneA","COM+TESICE","VAVFCU",51778.1198240395,0,1,0,0,3
"75946","Tokyo","Office","CL9c","ZoneA","COM+TESICE","VAVFCU",40640.3358350466,1,1,0,0,3
"75949","Tokyo","Office","CL9c","ZoneA","COM+TESICE","VAVFCU",283980.774299901,1,1,1,0,3
"75950","Tokyo","Office","CL9c","ZoneA","COM+TESICE","VAVFCU",28847.3790368334,1,1,0,1,3
"75952","Tokyo","Office","CL9c","ZoneA","COM+TESICE","VAVFCU",520042.661112349,1,1,1,1,3
"76001","Tokyo","Office","CL9c","ZoneA","COM+TESICE","OHUFCU",138434.096545629,0,0,0,0,3
"76005","Tokyo","Office","CL9c","ZoneA","COM+TESICE","OHUFCU",703225.494565882,1,0,1,0,3
"76008","Tokyo","Office","CL9c","ZoneA","COM+TESICE","OHUFCU",1419603.52035365,1,0,1,1,3
"76009","Tokyo","Office","CL9c","ZoneA","COM+TESICE","OHUFCU",34175.9436820136,0,1,0,0,3
"76013","Tokyo","Office","CL9c","ZoneA","COM+TESICE","OHUFCU",173608.926541577,1,1,1,0,3
"76016","Tokyo","Office","CL9c","ZoneA","COM+TESICE","OHUFCU",350464.886708044,1,1,1,1,3
"76033","Nigata","Office","CL1","ZoneC","EHP","MUL",62456.8146357874,0,0,0,0,1
"76034","Nigata","Office","CL1","ZoneC","EHP","MUL",160003.736151572,1,0,0,0,1
"76050","Nigata","Office","CL1","ZoneC","EHP","MUL",73199.3235614392,1,0,0,0,2
"76098","Nigata","Office","CL1","ZoneC","GHP","MUL",83923.5496266332,1,0,0,0,1
"76114","Nigata","Office","CL1","ZoneC","GHP","MUL",27614.5457781249,1,0,0,0,2
"78849","Nigata","Office","CL2","ZoneC","EHP","MUL",571518.781269574,0,0,0,0,1
"78850","Nigata","Office","CL2","ZoneC","EHP","MUL",1509331.91526266,1,0,0,0,1
"78853","Nigata","Office","CL2","ZoneC","EHP","MUL",32253.1884335387,1,0,1,0,1
"78865","Nigata","Office","CL2","ZoneC","EHP","MUL",198916.761435162,0,0,0,0,2
"78866","Nigata","Office","CL2","ZoneC","EHP","MUL",525322.047768656,1,0,0,0,2
"78913","Nigata","Office","CL2","ZoneC","GHP","MUL",145631.65213537,0,0,0,0,1
"78914","Nigata","Office","CL2","ZoneC","GHP","MUL",384600.659932933,1,0,0,0,1
"78929","Nigata","Office","CL2","ZoneC","GHP","MUL",49913.3502499868,0,0,0,0,2
"78930","Nigata","Office","CL2","ZoneC","GHP","MUL",131816.862365638,1,0,0,0,2
"78977","Nigata","Office","CL2","ZoneC","ABCH","CAV",55339.5003124839,0,0,0,0,1
"78978","Nigata","Office","CL2","ZoneC","ABCH","CAV",54660.7787900633,1,0,0,0,1
"81665","Nigata","Office","CL3","ZoneC","EHP","MUL",661806.43170981,0,0,0,0,1
"81666","Nigata","Office","CL3","ZoneC","EHP","MUL",1787329.54041865,1,0,0,0,1
"81669","Nigata","Office","CL3","ZoneC","EHP","MUL",62357.2182032157,1,0,1,0,1
"81681","Nigata","Office","CL3","ZoneC","EHP","MUL",223307.932627933,0,0,0,0,2
"81682","Nigata","Office","CL3","ZoneC","EHP","MUL",603083.991741456,1,0,0,0,2
"81729","Nigata","Office","CL3","ZoneC","GHP","MUL",118527.851967304,0,0,0,0,1
"81730","Nigata","Office","CL3","ZoneC","GHP","MUL",320106.183670971,1,0,0,0,1
"81745","Nigata","Office","CL3","ZoneC","GHP","MUL",39000.8860289582,0,0,0,0,2
"81746","Nigata","Office","CL3","ZoneC","GHP","MUL",105329.039371777,1,0,0,0,2
"81793","Nigata","Office","CL3","ZoneC","ABCH","CAV",91109.7721858444,0,0,0,0,1
"81794","Nigata","Office","CL3","ZoneC","ABCH","CAV",83850.9168821274,1,0,0,0,1
"81809","Nigata","Office","CL3","ZoneC","ABCH","CAV",55302.8241680207,0,0,0,0,2
"81810","Nigata","Office","CL3","ZoneC","ABCH","CAV",50896.7633373152,1,0,0,0,2
"82177","Nigata","Office","CL3","ZoneC","AHP","CAV",76961.4083379511,0,0,0,0,1
"82178","Nigata","Office","CL3","ZoneC","AHP","CAV",70829.7748842318,1,0,0,0,1
"84481","Nigata","Office","CL4","ZoneC","EHP","MUL",430110.089090644,0,0,0,0,1
"84482","Nigata","Office","CL4","ZoneC","EHP","MUL",1191286.89449979,1,0,0,0,1
"84485","Nigata","Office","CL4","ZoneC","EHP","MUL",66183.5220644985,1,0,1,0,1
"84497","Nigata","Office","CL4","ZoneC","EHP","MUL",147302.062801177,0,0,0,0,2
"84498","Nigata","Office","CL4","ZoneC","EHP","MUL",407986.28397402,1,0,0,0,2
"84545","Nigata","Office","CL4","ZoneC","GHP","MUL",57189.6235023083,0,0,0,0,1
"84546","Nigata","Office","CL4","ZoneC","GHP","MUL",158399.560270066,1,0,0,0,1
"84562","Nigata","Office","CL4","ZoneC","GHP","MUL",70938.341038205,1,0,0,0,2
"84609","Nigata","Office","CL4","ZoneC","ABCH","CAV",60033.64877384,0,0,0,0,1
"84610","Nigata","Office","CL4","ZoneC","ABCH","CAV",97820.6897991739,1,0,0,0,1
"84625","Nigata","Office","CL4","ZoneC","ABCH","CAV",48842.5420992119,0,0,0,0,2
"84626","Nigata","Office","CL4","ZoneC","ABCH","CAV",42691.4215713157,1,0,0,0,2
"84929","Nigata","Office","CL4","ZoneC","ABCH","OHUFCU",88372.6245234465,0,0,0,0,1
"84993","Nigata","Office","CL4","ZoneC","AHP","CAV",98836.2274001719,0,0,0,0,1
"84994","Nigata","Office","CL4","ZoneC","AHP","CAV",86389.0139437936,1,0,0,0,1
"85009","Nigata","Office","CL4","ZoneC","AHP","CAV",68856.7990232704,0,0,0,0,2
"86529","Nigata","Office","CL4","ZoneC","AHP+TESICE","CAV",55992.4285706786,0,0,0,0,1
"87297","Nigata","Office","CL5","ZoneC","EHP","MUL",267589.647802624,0,0,0,0,1
"87298","Nigata","Office","CL5","ZoneC","EHP","MUL",761516.65180719,1,0,0,0,1
"87301","Nigata","Office","CL5","ZoneC","EHP","MUL",71979.9355605208,1,0,1,0,1
"87302","Nigata","Office","CL5","ZoneC","EHP","MUL",26237.9190044976,1,0,0,1,1
"87313","Nigata","Office","CL5","ZoneC","EHP","MUL",230707.413136762,0,0,0,0,2
"87314","Nigata","Office","CL5","ZoneC","EHP","MUL",656555.805658794,1,0,0,0,2
"87317","Nigata","Office","CL5","ZoneC","EHP","MUL",62058.8459504513,1,0,1,0,2
"87361","Nigata","Office","CL5","ZoneC","GHP","MUL",28743.4291220355,0,0,0,0,1
"87362","Nigata","Office","CL5","ZoneC","GHP","MUL",81799.1282032513,1,0,0,0,1
"87378","Nigata","Office","CL5","ZoneC","GHP","MUL",93088.1223237503,1,0,0,0,2
"87426","Nigata","Office","CL5","ZoneC","ABCH","CAV",125795.948771322,1,0,0,0,1
"87442","Nigata","Office","CL5","ZoneC","ABCH","CAV",105933.035659728,1,0,0,0,2
"87489","Nigata","Office","CL5","ZoneC","ABCH","VAV",85329.4988978377,0,0,0,0,1
"87505","Nigata","Office","CL5","ZoneC","ABCH","VAV",71856.1522676951,0,0,0,0,2
"87562","Nigata","Office","CL5","ZoneC","ABCH","FCU",75687.0298229623,1,1,0,0,1
"87578","Nigata","Office","CL5","ZoneC","ABCH","FCU",63736.2085784637,1,1,0,0,2
"87745","Nigata","Office","CL5","ZoneC","ABCH","OHUFCU",67179.8592220253,0,0,0,0,1
"87749","Nigata","Office","CL5","ZoneC","ABCH","OHUFCU",45494.4130444456,1,0,1,0,1
"87761","Nigata","Office","CL5","ZoneC","ABCH","OHUFCU",56572.3021455892,0,0,0,0,2
"87765","Nigata","Office","CL5","ZoneC","ABCH","OHUFCU",38310.9418580441,1,0,1,0,2
"87809","Nigata","Office","CL5","ZoneC","AHP","CAV",51836.6934251542,0,0,0,0,1
"87810","Nigata","Office","CL5","ZoneC","AHP","CAV",81129.3799843105,1,0,0,0,1
"87826","Nigata","Office","CL5","ZoneC","AHP","CAV",111971.012847354,1,0,0,0,2
"88129","Nigata","Office","CL5","ZoneC","AHP","OHUFCU",73087.9357298878,0,0,0,0,1
"88133","Nigata","Office","CL5","ZoneC","AHP","OHUFCU",46008.5511114833,1,0,1,0,1
"88145","Nigata","Office","CL5","ZoneC","AHP","OHUFCU",100291.40453839,0,0,0,0,2
"89345","Nigata","Office","CL5","ZoneC","AHP+TESICE","CAV",58649.2095137885,0,0,0,0,1
"89346","Nigata","Office","CL5","ZoneC","AHP+TESICE","CAV",49646.2315875241,1,0,0,0,1
"89361","Nigata","Office","CL5","ZoneC","AHP+TESICE","CAV",91195.8209785097,0,0,0,0,2
"90113","Nigata","Office","CL6","ZoneC","EHP","MUL",105770.543620347,0,0,0,0,1
"90114","Nigata","Office","CL6","ZoneC","EHP","MUL",317220.192606081,1,0,0,0,1
"90117","Nigata","Office","CL6","ZoneC","EHP","MUL",53097.857355525,1,0,1,0,1
"90129","Nigata","Office","CL6","ZoneC","EHP","MUL",89069.5994467299,0,0,0,0,2
"90130","Nigata","Office","CL6","ZoneC","EHP","MUL",267131.797991465,1,0,0,0,2
"90133","Nigata","Office","CL6","ZoneC","EHP","MUL",44713.8184626518,1,0,1,0,2
"90178","Nigata","Office","CL6","ZoneC","GHP","MUL",39519.744513841,1,0,0,0,1
"90194","Nigata","Office","CL6","ZoneC","GHP","MUL",33279.660797808,1,0,0,0,2
"90242","Nigata","Office","CL6","ZoneC","ABCH","CAV",117595.141616223,1,0,0,0,1
"90258","Nigata","Office","CL6","ZoneC","ABCH","CAV",99027.1185353297,1,0,0,0,2
"90305","Nigata","Office","CL6","ZoneC","ABCH","VAV",48270.4536973324,0,0,0,0,1
"90306","Nigata","Office","CL6","ZoneC","ABCH","VAV",39030.0464005665,1,0,0,0,1
"90309","Nigata","Office","CL6","ZoneC","ABCH","VAV",46594.734857529,1,0,1,0,1
"90321","Nigata","Office","CL6","ZoneC","ABCH","VAV",57372.5814279619,0,0,0,0,2
"90325","Nigata","Office","CL6","ZoneC","ABCH","VAV",55380.8803308515,1,0,1,0,2
"90378","Nigata","Office","CL6","ZoneC","ABCH","FCU",83172.879734104,1,1,0,0,1
"90394","Nigata","Office","CL6","ZoneC","ABCH","FCU",70040.058689105,1,1,0,0,2
"90561","Nigata","Office","CL6","ZoneC","ABCH","OHUFCU",50889.8083839626,0,0,0,0,1
"90565","Nigata","Office","CL6","ZoneC","ABCH","OHUFCU",55711.3464418067,1,0,1,0,1
"90568","Nigata","Office","CL6","ZoneC","ABCH","OHUFCU",34208.2198857831,1,0,1,1,1
"90577","Nigata","Office","CL6","ZoneC","ABCH","OHUFCU",56606.3612814193,0,0,0,0,2
"90581","Nigata","Office","CL6","ZoneC","ABCH","OHUFCU",61969.5122521434,1,0,1,0,2
"90626","Nigata","Office","CL6","ZoneC","AHP","CAV",86092.2147289056,1,0,0,0,1
"90642","Nigata","Office","CL6","ZoneC","AHP","CAV",72498.4368890992,1,0,0,0,2
"90689","Nigata","Office","CL6","ZoneC","AHP","VAV",98025.6255533072,0,0,0,0,1
"90705","Nigata","Office","CL6","ZoneC","AHP","VAV",82547.5874917275,0,0,0,0,2
"90945","Nigata","Office","CL6","ZoneC","AHP","OHUFCU",49928.2294658741,0,0,0,0,1
"90949","Nigata","Office","CL6","ZoneC","AHP","OHUFCU",53159.2855189931,1,0,1,0,1
"90965","Nigata","Office","CL6","ZoneC","AHP","OHUFCU",86810.2153338514,1,0,1,0,2
"92101","Nigata","Office","CL6","ZoneC","COM","OHUFCU",113012.262037467,1,0,1,0,1
"92117","Nigata","Office","CL6","ZoneC","COM","OHUFCU",95167.8659077033,1,0,1,0,2
"92481","Nigata","Office","CL6","ZoneC","AHP+TESICE","OHUFCU",60209.2981280219,0,0,0,0,1
"92482","Nigata","Office","CL6","ZoneC","AHP+TESICE","OHUFCU",51044.2558750699,1,0,0,0,1
"92485","Nigata","Office","CL6","ZoneC","AHP+TESICE","OHUFCU",61234.5110494078,1,0,1,0,1
"92497","Nigata","Office","CL6","ZoneC","AHP+TESICE","OHUFCU",50702.3778423694,0,0,0,0,2
"92498","Nigata","Office","CL6","ZoneC","AHP+TESICE","OHUFCU",42984.4762939673,1,0,0,0,2
"92501","Nigata","Office","CL6","ZoneC","AHP+TESICE","OHUFCU",51565.7118210922,1,0,1,0,2
"92869","Nigata","Office","CL6","ZoneC","COM+TESICE","OHUFCU",72903.0248021574,1,0,1,0,1
"92885","Nigata","Office","CL6","ZoneC","COM+TESICE","OHUFCU",61391.7920370224,1,0,1,0,2
"92930","Nigata","Office","CL7","ZoneC","EHP","MUL",111536.267647823,1,0,0,0,1
"92946","Nigata","Office","CL7","ZoneC","EHP","MUL",93924.9278970679,1,0,0,0,2
"92994","Nigata","Office","CL7","ZoneC","GHP","MUL",10102.1671645337,1,0,0,0,1
"93010","Nigata","Office","CL7","ZoneC","GHP","MUL",8507.05642696374,1,0,0,0,2
"93121","Nigata","Office","CL7","ZoneC","ABCH","VAV",47593.630506437,0,0,0,0,1
"93125","Nigata","Office","CL7","ZoneC","ABCH","VAV",76778.5318099482,1,0,1,0,1
"93128","Nigata","Office","CL7","ZoneC","ABCH","VAV",50038.8126520452,1,0,1,1,1
"93141","Nigata","Office","CL7","ZoneC","ABCH","VAV",146871.85248203,1,0,1,0,2
"93509","Nigata","Office","CL7","ZoneC","AHP","VAV",88189.53454569,1,0,1,0,1
"93525","Nigata","Office","CL7","ZoneC","AHP","VAV",74264.5943616675,1,0,1,0,2
"94661","Nigata","Office","CL7","ZoneC","COM","VAV",66395.5155876598,1,0,1,0,1
"94677","Nigata","Office","CL7","ZoneC","COM","VAV",55911.8047050891,1,0,1,0,2
"95045","Nigata","Office","CL7","ZoneC","AHP+TESICE","VAV",87229.8501392885,1,0,1,0,1
"95061","Nigata","Office","CL7","ZoneC","AHP+TESICE","VAV",73456.4420846,1,0,1,0,2
"95429","Nigata","Office","CL7","ZoneC","COM+TESICE","VAV",71036.0710142158,1,0,1,0,1
"95445","Nigata","Office","CL7","ZoneC","COM+TESICE","VAV",59819.6262866563,1,0,1,0,2
"95778","Nigata","Office","CL8c","ZoneA","EHP","MUL",87311.2869356062,1,0,0,0,3
"95842","Nigata","Office","CL8c","ZoneA","GHP","MUL",9600.31292531355,1,0,0,0,3
"95973","Nigata","Office","CL8c","ZoneA","ABCH","VAV",59460.6652140742,1,0,1,0,3
"95976","Nigata","Office","CL8c","ZoneA","ABCH","VAV",54850.7840913663,1,0,1,1,3
"96165","Nigata","Office","CL8c","ZoneA","ABCH","VAVFCU",72475.4479135524,1,0,1,0,3
"96229","Nigata","Office","CL8c","ZoneA","ABCH","OHUFCU",48853.9713965302,1,0,1,0,3
"96232","Nigata","Office","CL8c","ZoneA","ABCH","OHUFCU",48499.2386977258,1,0,1,1,3
"96357","Nigata","Office","CL8c","ZoneA","AHP","VAV",57102.4121886315,1,0,1,0,3
"96360","Nigata","Office","CL8c","ZoneA","AHP","VAV",54163.760318333,1,0,1,1,3
"97125","Nigata","Office","CL8c","ZoneA","AB","VAV",55006.6819640782,1,0,1,0,3
"97509","Nigata","Office","CL8c","ZoneA","COM","VAV",93551.5948945679,1,0,1,0,3
"97512","Nigata","Office","CL8c","ZoneA","COM","VAV",88737.164842153,1,0,1,1,3
"97893","Nigata","Office","CL8c","ZoneA","AHP+TESICE","VAV",86436.4016232956,1,0,1,0,3
"97896","Nigata","Office","CL8c","ZoneA","AHP+TESICE","VAV",81988.1395699678,1,0,1,1,3
"98277","Nigata","Office","CL8c","ZoneA","COM+TESICE","VAV",61445.0905652647,1,0,1,0,3
"98280","Nigata","Office","CL8c","ZoneA","COM+TESICE","VAV",56681.3604243371,1,0,1,1,3
"98469","Nigata","Office","CL8c","ZoneA","COM+TESICE","VAVFCU",74894.2253634975,1,0,1,0,3
"98533","Nigata","Office","CL8c","ZoneA","COM+TESICE","OHUFCU",50484.4116042973,1,0,1,0,3
"98536","Nigata","Office","CL8c","ZoneA","COM+TESICE","OHUFCU",50117.8401452323,1,0,1,1,3
"98600","Nigata","Office","CL9c","ZoneA","EHP","MUL",7948.72439919041,1,0,1,1,3
"101093","Nigata","Office","CL9c","ZoneA","COM+TESICE","VAV",46597.0149280979,1,0,1,0,3
"101096","Nigata","Office","CL9c","ZoneA","COM+TESICE","VAV",71295.6911863206,1,0,1,1,3
"101288","Nigata","Office","CL9c","ZoneA","COM+TESICE","VAVFCU",100080.908957312,1,0,1,1,3
"101377","Nagoya","Office","CL1","ZoneC","EHP","MUL",38381.5177018687,0,0,0,0,1
"101378","Nagoya","Office","CL1","ZoneC","EHP","MUL",98619.7787202018,1,0,0,0,1
"101394","Nagoya","Office","CL1","ZoneC","EHP","MUL",58300.6821370743,1,0,0,0,2
"101442","Nagoya","Office","CL1","ZoneC","GHP","MUL",40180.6941820688,1,0,0,0,1
"104193","Nagoya","Office","CL2","ZoneC","EHP","MUL",1313876.0402185,0,0,0,0,1
"104194","Nagoya","Office","CL2","ZoneC","EHP","MUL",3477916.76222656,1,0,0,0,1
"104196","Nagoya","Office","CL2","ZoneC","EHP","MUL",45032.0759983638,0,0,0,1,1
"104197","Nagoya","Office","CL2","ZoneC","EHP","MUL",73126.6959484291,1,0,1,0,1
"104209","Nagoya","Office","CL2","ZoneC","EHP","MUL",442983.581914919,0,0,0,0,2
"104210","Nagoya","Office","CL2","ZoneC","EHP","MUL",1172606.8348707,1,0,0,0,2
"104257","Nagoya","Office","CL2","ZoneC","GHP","MUL",275817.512060241,0,0,0,0,1
"104258","Nagoya","Office","CL2","ZoneC","GHP","MUL",730107.193636327,1,0,0,0,1
"104273","Nagoya","Office","CL2","ZoneC","GHP","MUL",90756.1149055467,0,0,0,0,2
"104274","Nagoya","Office","CL2","ZoneC","GHP","MUL",240237.437659696,1,0,0,0,2
"104321","Nagoya","Office","CL2","ZoneC","ABCH","CAV",42839.6004842433,0,0,0,0,1
"104322","Nagoya","Office","CL2","ZoneC","ABCH","CAV",44327.5572550704,1,0,0,0,1
"104705","Nagoya","Office","CL2","ZoneC","AHP","CAV",46100.0004844678,0,0,0,0,1
"104706","Nagoya","Office","CL2","ZoneC","AHP","CAV",47701.2014079273,1,0,0,0,1
"104722","Nagoya","Office","CL2","ZoneC","AHP","CAV",59546.564387168,1,0,0,0,2
"107009","Nagoya","Office","CL3","ZoneC","EHP","MUL",1495249.91826807,0,0,0,0,1
"107010","Nagoya","Office","CL3","ZoneC","EHP","MUL",4039537.16390774,1,0,0,0,1
"107012","Nagoya","Office","CL3","ZoneC","EHP","MUL",56509.0906824526,0,0,0,1,1
"107013","Nagoya","Office","CL3","ZoneC","EHP","MUL",142930.371835191,1,0,1,0,1
"107014","Nagoya","Office","CL3","ZoneC","EHP","MUL",44155.815402831,1,0,0,1,1
"107025","Nagoya","Office","CL3","ZoneC","EHP","MUL",500726.235150763,0,0,0,0,2
"107026","Nagoya","Office","CL3","ZoneC","EHP","MUL",1352751.94542596,1,0,0,0,2
"107029","Nagoya","Office","CL3","ZoneC","EHP","MUL",47864.230656927,1,0,1,0,2
"107073","Nagoya","Office","CL3","ZoneC","GHP","MUL",235825.902472757,0,0,0,0,1
"107074","Nagoya","Office","CL3","ZoneC","GHP","MUL",637102.524208264,1,0,0,0,1
"107089","Nagoya","Office","CL3","ZoneC","GHP","MUL",77597.1131878211,0,0,0,0,2
"107090","Nagoya","Office","CL3","ZoneC","GHP","MUL",209634.803322534,1,0,0,0,2
"107137","Nagoya","Office","CL3","ZoneC","ABCH","CAV",112909.771377314,0,0,0,0,1
"107138","Nagoya","Office","CL3","ZoneC","ABCH","CAV",111613.796702724,1,0,0,0,1
"107146","Nagoya","Office","CL3","ZoneC","ABCH","CAV",37643.5969709668,1,1,0,0,1
"107153","Nagoya","Office","CL3","ZoneC","ABCH","CAV",43381.2388524693,0,0,0,0,2
"107154","Nagoya","Office","CL3","ZoneC","ABCH","CAV",42883.31040731,1,0,0,0,2
"107521","Nagoya","Office","CL3","ZoneC","AHP","CAV",106632.169056237,0,0,0,0,1
"107522","Nagoya","Office","CL3","ZoneC","AHP","CAV",105408.248496414,1,0,0,0,1
"107530","Nagoya","Office","CL3","ZoneC","AHP","CAV",35550.6733131111,1,1,0,0,1
"107537","Nagoya","Office","CL3","ZoneC","AHP","CAV",40969.311502077,0,0,0,0,2
"107538","Nagoya","Office","CL3","ZoneC","AHP","CAV",40499.0670804078,1,0,0,0,2
"109825","Nagoya","Office","CL4","ZoneC","EHP","MUL",1230368.95277487,0,0,0,0,1
"109826","Nagoya","Office","CL4","ZoneC","EHP","MUL",3438808.84756717,1,0,0,0,1
"109828","Nagoya","Office","CL4","ZoneC","EHP","MUL",55869.6893851483,0,0,0,1,1
"109829","Nagoya","Office","CL4","ZoneC","EHP","MUL",187071.107867742,1,0,1,0,1
"109830","Nagoya","Office","CL4","ZoneC","EHP","MUL",67196.8237888633,1,0,0,1,1
"109832","Nagoya","Office","CL4","ZoneC","EHP","MUL",28910.4694451556,1,0,1,1,1
"109841","Nagoya","Office","CL4","ZoneC","EHP","MUL",417515.298762923,0,0,0,0,2
"109842","Nagoya","Office","CL4","ZoneC","EHP","MUL",1166930.70004938,1,0,0,0,2
"109845","Nagoya","Office","CL4","ZoneC","EHP","MUL",63480.998374642,1,0,1,0,2
"109889","Nagoya","Office","CL4","ZoneC","GHP","MUL",146164.470423643,0,0,0,0,1
"109890","Nagoya","Office","CL4","ZoneC","GHP","MUL",408521.096829697,1,0,0,0,1
"109905","Nagoya","Office","CL4","ZoneC","GHP","MUL",48094.5512625001,0,0,0,0,2
"109906","Nagoya","Office","CL4","ZoneC","GHP","MUL",134421.441656389,1,0,0,0,2
"109953","Nagoya","Office","CL4","ZoneC","ABCH","CAV",60522.9109218215,0,0,0,0,1
"109954","Nagoya","Office","CL4","ZoneC","ABCH","CAV",116380.246276876,1,0,0,0,1
"109962","Nagoya","Office","CL4","ZoneC","ABCH","CAV",33285.3286132244,1,1,0,0,1
"109969","Nagoya","Office","CL4","ZoneC","ABCH","CAV",85996.5545202712,0,0,0,0,2
"109970","Nagoya","Office","CL4","ZoneC","ABCH","CAV",82500.2350876251,1,0,0,0,2
"110017","Nagoya","Office","CL4","ZoneC","ABCH","VAV",51507.3159335121,0,0,0,0,1
"110018","Nagoya","Office","CL4","ZoneC","ABCH","VAV",36490.1421801906,1,0,0,0,1
"110082","Nagoya","Office","CL4","ZoneC","ABCH","FCU",70949.1222338843,1,0,0,0,1
"110273","Nagoya","Office","CL4","ZoneC","ABCH","OHUFCU",90888.0241968316,0,0,0,0,1
"110337","Nagoya","Office","CL4","ZoneC","AHP","CAV",66277.2629080503,0,0,0,0,1
"110338","Nagoya","Office","CL4","ZoneC","AHP","CAV",127445.360150632,1,0,0,0,1
"110353","Nagoya","Office","CL4","ZoneC","AHP","CAV",79259.7085007925,0,0,0,0,2
"110354","Nagoya","Office","CL4","ZoneC","AHP","CAV",76037.2856885871,1,0,0,0,2
"110401","Nagoya","Office","CL4","ZoneC","AHP","VAV",81103.8641932882,0,0,0,0,1
"110466","Nagoya","Office","CL4","ZoneC","AHP","FCU",65391.0703517688,1,0,0,0,1
"110657","Nagoya","Office","CL4","ZoneC","AHP","OHUFCU",83767.9874994966,0,0,0,0,1
"111873","Nagoya","Office","CL4","ZoneC","AHP+TESICE","CAV",51055.4710916381,0,0,0,0,1
"111874","Nagoya","Office","CL4","ZoneC","AHP+TESICE","CAV",48979.7340261663,1,0,0,0,1
"112641","Nagoya","Office","CL5","ZoneC","EHP","MUL",915953.433657405,0,0,0,0,1
"112642","Nagoya","Office","CL5","ZoneC","EHP","MUL",2603229.79551343,1,0,0,0,1
"112644","Nagoya","Office","CL5","ZoneC","EHP","MUL",44734.1972138609,0,0,0,1,1
"112645","Nagoya","Office","CL5","ZoneC","EHP","MUL",245965.533202215,1,0,1,0,1
"112646","Nagoya","Office","CL5","ZoneC","EHP","MUL",88694.908555672,1,0,0,1,1
"112648","Nagoya","Office","CL5","ZoneC","EHP","MUL",55503.8262845143,1,0,1,1,1
"112657","Nagoya","Office","CL5","ZoneC","EHP","MUL",771326.332032081,0,0,0,0,2
"112658","Nagoya","Office","CL5","ZoneC","EHP","MUL",2192185.34024409,1,0,0,0,2
"112660","Nagoya","Office","CL5","ZoneC","EHP","MUL",37670.7624923571,0,0,0,1,2
"112661","Nagoya","Office","CL5","ZoneC","EHP","MUL",207128.097957589,1,0,1,0,2
"112662","Nagoya","Office","CL5","ZoneC","EHP","MUL",74690.1708889231,1,0,0,1,2
"112664","Nagoya","Office","CL5","ZoneC","EHP","MUL",46739.8900082001,1,0,1,1,2
"112705","Nagoya","Office","CL5","ZoneC","GHP","MUL",79047.1865538461,0,0,0,0,1
"112706","Nagoya","Office","CL5","ZoneC","GHP","MUL",224659.883054107,1,0,0,0,1
"112721","Nagoya","Office","CL5","ZoneC","GHP","MUL",66565.8036987488,0,0,0,0,2
"112722","Nagoya","Office","CL5","ZoneC","GHP","MUL",189186.564713175,1,0,0,0,2
"112769","Nagoya","Office","CL5","ZoneC","ABCH","CAV",65431.2507670471,0,0,0,0,1
"112770","Nagoya","Office","CL5","ZoneC","ABCH","CAV",121991.655200776,1,0,0,0,1
"112773","Nagoya","Office","CL5","ZoneC","ABCH","CAV",40803.0304934835,1,0,1,0,1
"112778","Nagoya","Office","CL5","ZoneC","ABCH","CAV",41842.261460034,1,1,0,0,1
"112785","Nagoya","Office","CL5","ZoneC","ABCH","CAV",56635.7207082782,0,0,0,0,2
"112786","Nagoya","Office","CL5","ZoneC","ABCH","CAV",105593.049677286,1,0,0,0,2
"112789","Nagoya","Office","CL5","ZoneC","ABCH","CAV",35318.124168339,1,0,1,0,2
"112794","Nagoya","Office","CL5","ZoneC","ABCH","CAV",36217.6575577052,1,1,0,0,2
"112833","Nagoya","Office","CL5","ZoneC","ABCH","VAV",82744.1098193767,0,0,0,0,1
"112834","Nagoya","Office","CL5","ZoneC","ABCH","VAV",59474.5788634304,1,0,0,0,1
"112837","Nagoya","Office","CL5","ZoneC","ABCH","VAV",44616.6375823558,1,0,1,0,1
"112849","Nagoya","Office","CL5","ZoneC","ABCH","VAV",71621.3160996985,0,0,0,0,2
"112850","Nagoya","Office","CL5","ZoneC","ABCH","VAV",51479.7684327338,1,0,0,0,2
"112853","Nagoya","Office","CL5","ZoneC","ABCH","VAV",38619.0909608806,1,0,1,0,2
"112898","Nagoya","Office","CL5","ZoneC","ABCH","FCU",65481.2467679973,1,0,0,0,1
"112906","Nagoya","Office","CL5","ZoneC","ABCH","FCU",71416.047417855,1,1,0,0,1
"112914","Nagoya","Office","CL5","ZoneC","ABCH","FCU",56678.996047098,1,0,0,0,2
"112922","Nagoya","Office","CL5","ZoneC","ABCH","FCU",61816.0170901672,1,1,0,0,2
"112962","Nagoya","Office","CL5","ZoneC","ABCH","CAVFCU",61599.6080268308,1,0,0,0,1
"112978","Nagoya","Office","CL5","ZoneC","ABCH","CAVFCU",53319.1426886804,1,0,0,0,2
"113089","Nagoya","Office","CL5","ZoneC","ABCH","OHUFCU",113079.652128145,0,0,0,0,1
"113093","Nagoya","Office","CL5","ZoneC","ABCH","OHUFCU",76876.3756720178,1,0,1,0,1
"113105","Nagoya","Office","CL5","ZoneC","ABCH","OHUFCU",97879.0336519794,0,0,0,0,2
"113109","Nagoya","Office","CL5","ZoneC","ABCH","OHUFCU",66542.3462120008,1,0,1,0,2
"113153","Nagoya","Office","CL5","ZoneC","AHP","CAV",55141.9888011706,0,0,0,0,1
"113154","Nagoya","Office","CL5","ZoneC","AHP","CAV",102808.098669348,1,0,0,0,1
"113157","Nagoya","Office","CL5","ZoneC","AHP","CAV",34386.6306107453,1,0,1,0,1
"113162","Nagoya","Office","CL5","ZoneC","AHP","CAV",35262.4393664633,1,1,0,0,1
"113169","Nagoya","Office","CL5","ZoneC","AHP","CAV",68776.2376113298,0,0,0,0,2
"113170","Nagoya","Office","CL5","ZoneC","AHP","CAV",128228.132067338,1,0,0,0,2
"113217","Nagoya","Office","CL5","ZoneC","AHP","VAV",68135.7533029964,0,0,0,0,1
"113218","Nagoya","Office","CL5","ZoneC","AHP","VAV",52332.185111766,1,0,0,0,1
"113221","Nagoya","Office","CL5","ZoneC","AHP","VAV",36986.9680374506,1,0,1,0,1
"113233","Nagoya","Office","CL5","ZoneC","AHP","VAV",77084.1328041081,0,0,0,0,2
"113234","Nagoya","Office","CL5","ZoneC","AHP","VAV",59205.0562521212,1,0,0,0,2
"113282","Nagoya","Office","CL5","ZoneC","AHP","FCU",56931.6925810906,1,0,0,0,1
"113290","Nagoya","Office","CL5","ZoneC","AHP","FCU",58438.0882868093,1,1,0,0,1
"113298","Nagoya","Office","CL5","ZoneC","AHP","FCU",49278.7070806858,1,0,0,0,2
"113306","Nagoya","Office","CL5","ZoneC","AHP","FCU",50582.6070591377,1,1,0,0,2
"113473","Nagoya","Office","CL5","ZoneC","AHP","OHUFCU",95399.5202199982,0,0,0,0,1
"113477","Nagoya","Office","CL5","ZoneC","AHP","OHUFCU",64685.3480177145,1,0,1,0,1
"113489","Nagoya","Office","CL5","ZoneC","AHP","OHUFCU",82575.5356888984,0,0,0,0,2
"113493","Nagoya","Office","CL5","ZoneC","AHP","OHUFCU",55990.0851856266,1,0,1,0,2
"114305","Nagoya","Office","CL5","ZoneC","COM","CAV",57799.5041002885,0,0,0,0,1
"114306","Nagoya","Office","CL5","ZoneC","COM","CAV",52136.9220254457,1,0,0,0,1
"114321","Nagoya","Office","CL5","ZoneC","COM","CAV",95158.3326427729,0,0,0,0,2
"114690","Nagoya","Office","CL5","ZoneC","AHP+TESICE","CAV",99372.815935825,1,0,0,0,1
"114705","Nagoya","Office","CL5","ZoneC","AHP+TESICE","CAV",82357.2583101241,0,0,0,0,2
"114706","Nagoya","Office","CL5","ZoneC","AHP+TESICE","CAV",74288.7680713337,1,0,0,0,2
"114709","Nagoya","Office","CL5","ZoneC","AHP+TESICE","CAV",49373.9603740979,1,0,1,0,2
"114753","Nagoya","Office","CL5","ZoneC","AHP+TESICE","VAV",68746.9040418653,0,0,0,0,1
"115009","Nagoya","Office","CL5","ZoneC","AHP+TESICE","OHUFCU",69895.1802980668,0,0,0,0,1
"115073","Nagoya","Office","CL5","ZoneC","COM+TESICE","CAV",51675.7627094142,0,0,0,0,1
"115457","Nagoya","Office","CL6","ZoneC","EHP","MUL",341349.833853757,0,0,0,0,1
"115458","Nagoya","Office","CL6","ZoneC","EHP","MUL",994469.859171634,1,0,0,0,1
"115461","Nagoya","Office","CL6","ZoneC","EHP","MUL",160736.370196308,1,0,1,0,1
"115462","Nagoya","Office","CL6","ZoneC","EHP","MUL",61582.6521689336,1,0,0,1,1
"115464","Nagoya","Office","CL6","ZoneC","EHP","MUL",56192.5849881844,1,0,1,1,1
"115473","Nagoya","Office","CL6","ZoneC","EHP","MUL",287451.42013918,0,0,0,0,2
"115474","Nagoya","Office","CL6","ZoneC","EHP","MUL",837445.180731994,1,0,0,0,2
"115477","Nagoya","Office","CL6","ZoneC","EHP","MUL",135356.438757608,1,0,1,0,2
"115478","Nagoya","Office","CL6","ZoneC","EHP","MUL",51858.8821973212,1,0,0,1,2
"115480","Nagoya","Office","CL6","ZoneC","EHP","MUL",47319.8951755323,1,0,1,1,2
"115522","Nagoya","Office","CL6","ZoneC","GHP","MUL",117345.793061169,1,0,0,0,1
"115538","Nagoya","Office","CL6","ZoneC","GHP","MUL",98817.141587485,1,0,0,0,2
"115585","Nagoya","Office","CL6","ZoneC","ABCH","CAV",48293.3834581212,0,0,0,0,1
"115586","Nagoya","Office","CL6","ZoneC","ABCH","CAV",96277.5464595213,1,0,0,0,1
"115589","Nagoya","Office","CL6","ZoneC","ABCH","CAV",51666.4974535523,1,0,1,0,1
"115601","Nagoya","Office","CL6","ZoneC","ABCH","CAV",49204.8235526468,0,0,0,0,2
"115602","Nagoya","Office","CL6","ZoneC","ABCH","CAV",90881.3250984839,1,0,0,0,2
"115605","Nagoya","Office","CL6","ZoneC","ABCH","CAV",51733.8716552659,1,0,1,0,2
"115649","Nagoya","Office","CL6","ZoneC","ABCH","VAV",77717.6360871975,0,0,0,0,1
"115650","Nagoya","Office","CL6","ZoneC","ABCH","VAV",57009.8515873832,1,0,0,0,1
"115653","Nagoya","Office","CL6","ZoneC","ABCH","VAV",70822.5653590278,1,0,1,0,1
"115665","Nagoya","Office","CL6","ZoneC","ABCH","VAV",74358.9444374233,0,0,0,0,2
"115666","Nagoya","Office","CL6","ZoneC","ABCH","VAV",58326.4834319815,1,0,0,0,2
"115669","Nagoya","Office","CL6","ZoneC","ABCH","VAV",68237.5860279702,1,0,1,0,2
"115714","Nagoya","Office","CL6","ZoneC","ABCH","FCU",49018.5296790497,1,0,0,0,1
"115722","Nagoya","Office","CL6","ZoneC","ABCH","FCU",64556.8555790948,1,1,0,0,1
"115730","Nagoya","Office","CL6","ZoneC","ABCH","FCU",50850.4389447817,1,0,0,0,2
"115738","Nagoya","Office","CL6","ZoneC","ABCH","FCU",60168.3050245556,1,1,0,0,2
"115778","Nagoya","Office","CL6","ZoneC","ABCH","CAVFCU",57238.8907737626,1,0,0,0,1
"115841","Nagoya","Office","CL6","ZoneC","ABCH","VAVFCU",56021.1678899654,0,0,0,0,1
"115905","Nagoya","Office","CL6","ZoneC","ABCH","OHUFCU",72615.1803714896,0,0,0,0,1
"115909","Nagoya","Office","CL6","ZoneC","ABCH","OHUFCU",79150.5930558779,1,0,1,0,1
"115912","Nagoya","Office","CL6","ZoneC","ABCH","OHUFCU",37342.8916876027,1,0,1,1,1
"115921","Nagoya","Office","CL6","ZoneC","ABCH","OHUFCU",71704.5043554122,0,0,0,0,2
"115925","Nagoya","Office","CL6","ZoneC","ABCH","OHUFCU",77374.9856684064,1,0,1,0,2
"115928","Nagoya","Office","CL6","ZoneC","ABCH","OHUFCU",35772.2401909946,1,0,1,1,2
"115970","Nagoya","Office","CL6","ZoneC","AHP","CAV",96428.024878819,1,0,0,0,1
"115973","Nagoya","Office","CL6","ZoneC","AHP","CAV",54891.3108127078,1,0,1,0,1
"115986","Nagoya","Office","CL6","ZoneC","AHP","CAV",127426.333998691,1,0,0,0,2
"116033","Nagoya","Office","CL6","ZoneC","AHP","VAV",58658.8722961303,0,0,0,0,1
"116034","Nagoya","Office","CL6","ZoneC","AHP","VAV",46011.48885321,1,0,0,0,1
"116037","Nagoya","Office","CL6","ZoneC","AHP","VAV",53829.9712952408,1,0,1,0,1
"116049","Nagoya","Office","CL6","ZoneC","AHP","VAV",49396.7609561204,0,0,0,0,2
"116050","Nagoya","Office","CL6","ZoneC","AHP","VAV",38746.3724949098,1,0,0,0,2
"116053","Nagoya","Office","CL6","ZoneC","AHP","VAV",45330.3331663478,1,0,1,0,2
"116106","Nagoya","Office","CL6","ZoneC","AHP","FCU",87578.3589216293,1,1,0,0,1
"116122","Nagoya","Office","CL6","ZoneC","AHP","FCU",73749.922070466,1,1,0,0,2
"116289","Nagoya","Office","CL6","ZoneC","AHP","OHUFCU",70137.8668177998,0,0,0,0,1
"116293","Nagoya","Office","CL6","ZoneC","AHP","OHUFCU",75684.4564874287,1,0,1,0,1
"116305","Nagoya","Office","CL6","ZoneC","AHP","OHUFCU",59063.2466250057,0,0,0,0,2
"116309","Nagoya","Office","CL6","ZoneC","AHP","OHUFCU",63734.0415671449,1,0,1,0,2
"117185","Nagoya","Office","CL6","ZoneC","COM","VAV",65795.0070774678,0,0,0,0,1
"117186","Nagoya","Office","CL6","ZoneC","COM","VAV",56654.9091499419,1,0,0,0,1
"117189","Nagoya","Office","CL6","ZoneC","COM","VAV",64629.6716070901,1,0,1,0,1
"117201","Nagoya","Office","CL6","ZoneC","COM","VAV",55406.1152131344,0,0,0,0,2
"117202","Nagoya","Office","CL6","ZoneC","COM","VAV",47709.2193341571,1,0,0,0,2
"117205","Nagoya","Office","CL6","ZoneC","COM","VAV",54424.7837382752,1,0,1,0,2
"117506","Nagoya","Office","CL6","ZoneC","AHP+TESICE","CAV",104061.178040155,1,0,0,0,1
"117522","Nagoya","Office","CL6","ZoneC","AHP+TESICE","CAV",87630.1390608375,1,0,0,0,2
"117569","Nagoya","Office","CL6","ZoneC","AHP+TESICE","VAV",108999.495924055,0,0,0,0,1
"117585","Nagoya","Office","CL6","ZoneC","AHP+TESICE","VAV",91788.7070402028,0,0,0,0,2
"117825","Nagoya","Office","CL6","ZoneC","AHP+TESICE","OHUFCU",48901.7649269028,0,0,0,0,1
"117829","Nagoya","Office","CL6","ZoneC","AHP+TESICE","OHUFCU",51379.1587128124,1,0,1,0,1
"117845","Nagoya","Office","CL6","ZoneC","AHP+TESICE","OHUFCU",84446.7788007026,1,0,1,0,2
"117953","Nagoya","Office","CL6","ZoneC","COM+TESICE","VAV",47652.2357151673,0,0,0,0,1
"117954","Nagoya","Office","CL6","ZoneC","COM+TESICE","VAV",41032.4917520826,1,0,0,0,1
"117957","Nagoya","Office","CL6","ZoneC","COM+TESICE","VAV",46808.2379258471,1,0,1,0,1
"117969","Nagoya","Office","CL6","ZoneC","COM+TESICE","VAV",57559.189923678,0,0,0,0,2
"117973","Nagoya","Office","CL6","ZoneC","COM+TESICE","VAV",56539.7240303877,1,0,1,0,2
"118273","Nagoya","Office","CL7","ZoneC","EHP","MUL",125946.615023128,0,0,0,0,1
"118274","Nagoya","Office","CL7","ZoneC","EHP","MUL",380947.027775848,1,0,0,0,1
"118277","Nagoya","Office","CL7","ZoneC","EHP","MUL",98246.8244576346,1,0,1,0,1
"118278","Nagoya","Office","CL7","ZoneC","EHP","MUL",44450.0663884881,1,0,0,1,1
"118280","Nagoya","Office","CL7","ZoneC","EHP","MUL",57460.9050057537,1,0,1,1,1
"118289","Nagoya","Office","CL7","ZoneC","EHP","MUL",106059.912030399,0,0,0,0,2
"118290","Nagoya","Office","CL7","ZoneC","EHP","MUL",320796.301248183,1,0,0,0,2
"118293","Nagoya","Office","CL7","ZoneC","EHP","MUL",82733.8595589036,1,0,1,0,2
"118294","Nagoya","Office","CL7","ZoneC","EHP","MUL",37431.4953207969,1,0,0,1,2
"118296","Nagoya","Office","CL7","ZoneC","EHP","MUL",48387.9501563279,1,0,1,1,2
"118338","Nagoya","Office","CL7","ZoneC","GHP","MUL",53978.1797577286,1,0,0,0,1
"118354","Nagoya","Office","CL7","ZoneC","GHP","MUL",45455.1398274139,1,0,0,0,2
"118402","Nagoya","Office","CL7","ZoneC","ABCH","CAV",75905.6478018688,1,0,0,0,1
"118405","Nagoya","Office","CL7","ZoneC","ABCH","CAV",63329.4715148618,1,0,1,0,1
"118418","Nagoya","Office","CL7","ZoneC","ABCH","CAV",120488.071537746,1,0,0,0,2
"118465","Nagoya","Office","CL7","ZoneC","ABCH","VAV",50313.8702016315,0,0,0,0,1
"118466","Nagoya","Office","CL7","ZoneC","ABCH","VAV",40601.7184067898,1,0,0,0,1
"118469","Nagoya","Office","CL7","ZoneC","ABCH","VAV",73887.0317415391,1,0,1,0,1
"118472","Nagoya","Office","CL7","ZoneC","ABCH","VAV",50305.5859769793,1,0,1,1,1
"118481","Nagoya","Office","CL7","ZoneC","ABCH","VAV",43539.4548584026,0,0,0,0,2
"118482","Nagoya","Office","CL7","ZoneC","ABCH","VAV",35134.977266938,1,0,0,0,2
"118485","Nagoya","Office","CL7","ZoneC","ABCH","VAV",63938.6529050544,1,0,1,0,2
"118488","Nagoya","Office","CL7","ZoneC","ABCH","VAV",43532.2860474196,1,0,1,1,2
"118538","Nagoya","Office","CL7","ZoneC","ABCH","FCU",85533.2111670894,1,1,0,0,1
"118554","Nagoya","Office","CL7","ZoneC","ABCH","FCU",74016.7546559146,1,1,0,0,2
"118661","Nagoya","Office","CL7","ZoneC","ABCH","VAVFCU",77598.3682080214,1,0,1,0,1
"118677","Nagoya","Office","CL7","ZoneC","ABCH","VAVFCU",67150.2835329347,1,0,1,0,2
"118721","Nagoya","Office","CL7","ZoneC","ABCH","OHUFCU",43005.8688433897,0,0,0,0,1
"118725","Nagoya","Office","CL7","ZoneC","ABCH","OHUFCU",69986.087275102,1,0,1,0,1
"118728","Nagoya","Office","CL7","ZoneC","ABCH","OHUFCU",53541.4491063922,1,0,1,1,1
"118737","Nagoya","Office","CL7","ZoneC","ABCH","OHUFCU",37215.4254413213,0,0,0,0,2
"118741","Nagoya","Office","CL7","ZoneC","ABCH","OHUFCU",60562.9436856897,1,0,1,0,2
"118744","Nagoya","Office","CL7","ZoneC","ABCH","OHUFCU",46332.4625412262,1,0,1,1,2
"118786","Nagoya","Office","CL7","ZoneC","AHP","CAV",99075.2822683435,1,0,0,0,1
"118802","Nagoya","Office","CL7","ZoneC","AHP","CAV",99814.1095282456,1,0,0,0,2
"118849","Nagoya","Office","CL7","ZoneC","AHP","VAV",44131.5979404776,0,0,0,0,1
"118853","Nagoya","Office","CL7","ZoneC","AHP","VAV",64808.2281240842,1,0,1,0,1
"118856","Nagoya","Office","CL7","ZoneC","AHP","VAV",44124.3316325959,1,0,1,1,1
"118865","Nagoya","Office","CL7","ZoneC","AHP","VAV",45234.5791771003,0,0,0,0,2
"118869","Nagoya","Office","CL7","ZoneC","AHP","VAV",64979.6412645379,1,0,1,0,2
"118872","Nagoya","Office","CL7","ZoneC","AHP","VAV",43991.3720274572,1,0,1,1,2
"118922","Nagoya","Office","CL7","ZoneC","AHP","FCU",60862.7125202523,1,1,0,0,1
"119105","Nagoya","Office","CL7","ZoneC","AHP","OHUFCU",30918.597376905,0,0,0,0,1
"119109","Nagoya","Office","CL7","ZoneC","AHP","OHUFCU",49833.1025043774,1,0,1,0,1
"119112","Nagoya","Office","CL7","ZoneC","AHP","OHUFCU",37748.1743654675,1,0,1,1,1
"119125","Nagoya","Office","CL7","ZoneC","AHP","OHUFCU",68166.4160304052,1,0,1,0,2
"119128","Nagoya","Office","CL7","ZoneC","AHP","OHUFCU",51217.1391444629,1,0,1,1,2
"119621","Nagoya","Office","CL7","ZoneC","AB","VAV",55027.547631839,1,0,1,0,1
"119938","Nagoya","Office","CL7","ZoneC","COM","CAV",71248.9843063407,1,0,0,0,1
"120005","Nagoya","Office","CL7","ZoneC","COM","VAV",110074.536452899,1,0,1,0,1
"120021","Nagoya","Office","CL7","ZoneC","COM","VAV",130005.391311608,1,0,1,0,2
"120261","Nagoya","Office","CL7","ZoneC","COM","OHUFCU",85217.9826007695,1,0,1,0,1
"120277","Nagoya","Office","CL7","ZoneC","COM","OHUFCU",100648.138359769,1,0,1,0,2
"120322","Nagoya","Office","CL7","ZoneC","AHP+TESICE","CAV",90417.537230914,1,0,0,0,1
"120338","Nagoya","Office","CL7","ZoneC","AHP+TESICE","CAV",78243.4399281342,1,0,0,0,2
"120389","Nagoya","Office","CL7","ZoneC","AHP+TESICE","VAV",139688.566718556,1,0,1,0,1
"120405","Nagoya","Office","CL7","ZoneC","AHP+TESICE","VAV",120880.465376728,1,0,1,0,2
"120645","Nagoya","Office","CL7","ZoneC","AHP+TESICE","OHUFCU",108144.701142957,1,0,1,0,1
"120661","Nagoya","Office","CL7","ZoneC","AHP+TESICE","OHUFCU",93583.7635769175,1,0,1,0,2
"120706","Nagoya","Office","CL7","ZoneC","COM+TESICE","CAV",72803.021852253,1,0,0,0,1
"120773","Nagoya","Office","CL7","ZoneC","COM+TESICE","VAV",112475.412257124,1,0,1,0,1
"120789","Nagoya","Office","CL7","ZoneC","COM+TESICE","VAV",132840.986250065,1,0,1,0,2
"121029","Nagoya","Office","CL7","ZoneC","COM+TESICE","OHUFCU",87076.703056055,1,0,1,0,1
"121045","Nagoya","Office","CL7","ZoneC","COM+TESICE","OHUFCU",102843.411562047,1,0,1,0,2
"121121","Nagoya","Office","CL8c","ZoneA","EHP","MUL",50624.008488683,0,0,0,0,3
"121122","Nagoya","Office","CL8c","ZoneA","EHP","MUL",154055.841008612,1,0,0,0,3
"121125","Nagoya","Office","CL8c","ZoneA","EHP","MUL",76737.5058656201,1,0,1,0,3
"121126","Nagoya","Office","CL8c","ZoneA","EHP","MUL",30889.2894696568,1,0,0,1,3
"121128","Nagoya","Office","CL8c","ZoneA","EHP","MUL",62289.2474120166,1,0,1,1,3
"121186","Nagoya","Office","CL8c","ZoneA","GHP","MUL",34345.8063965228,1,0,0,0,3
"121253","Nagoya","Office","CL8c","ZoneA","ABCH","CAV",120973.977170061,1,0,1,0,3
"121313","Nagoya","Office","CL8c","ZoneA","ABCH","VAV",42745.5022644177,0,0,0,0,3
"121314","Nagoya","Office","CL8c","ZoneA","ABCH","VAV",32440.2398646621,1,0,0,0,3
"121317","Nagoya","Office","CL8c","ZoneA","ABCH","VAV",117265.870775444,1,0,1,0,3
"121320","Nagoya","Office","CL8c","ZoneA","ABCH","VAV",112984.226988619,1,0,1,1,3
"121386","Nagoya","Office","CL8c","ZoneA","ABCH","FCU",88734.9965153359,1,1,0,0,3
"121445","Nagoya","Office","CL8c","ZoneA","ABCH","CAVFCU",54536.4563741322,1,0,1,0,3
"121509","Nagoya","Office","CL8c","ZoneA","ABCH","VAVFCU",84205.1648250271,1,0,1,0,3
"121512","Nagoya","Office","CL8c","ZoneA","ABCH","VAVFCU",81130.6426438715,1,0,1,1,3
"121569","Nagoya","Office","CL8c","ZoneA","ABCH","OHUFCU",29975.8091562875,0,0,0,0,3
"121573","Nagoya","Office","CL8c","ZoneA","ABCH","OHUFCU",85860.9270458732,1,0,1,0,3
"121576","Nagoya","Office","CL8c","ZoneA","ABCH","OHUFCU",89270.0537752467,1,0,1,1,3
"121637","Nagoya","Office","CL8c","ZoneA","AHP","CAV",61483.9095478228,1,0,1,0,3
"121701","Nagoya","Office","CL8c","ZoneA","AHP","VAV",79731.8561595443,1,0,1,0,3
"121704","Nagoya","Office","CL8c","ZoneA","AHP","VAV",75503.0959513043,1,0,1,1,3
"121893","Nagoya","Office","CL8c","ZoneA","AHP","VAVFCU",84030.4011592819,1,0,1,0,3
"121957","Nagoya","Office","CL8c","ZoneA","AHP","OHUFCU",51589.0639208923,1,0,1,0,3
"121960","Nagoya","Office","CL8c","ZoneA","AHP","OHUFCU",52654.5727488972,1,0,1,1,3
"122085","Nagoya","Office","CL8c","ZoneA","TB","VAV",90239.9266026888,1,0,1,0,3
"122469","Nagoya","Office","CL8c","ZoneA","AB","VAV",92417.1174933587,1,0,1,0,3
"122472","Nagoya","Office","CL8c","ZoneA","AB","VAV",86868.5200847543,1,0,1,1,3
"122789","Nagoya","Office","CL8c","ZoneA","COM","CAV",82517.2445745714,1,0,1,0,3
"122853","Nagoya","Office","CL8c","ZoneA","COM","VAV",106745.073112042,1,0,1,0,3
"122856","Nagoya","Office","CL8c","ZoneA","COM","VAV",101594.972341466,1,0,1,1,3
"122922","Nagoya","Office","CL8c","ZoneA","COM","FCU",60526.7974242632,1,1,0,0,3
"123045","Nagoya","Office","CL8c","ZoneA","COM","VAVFCU",57782.2918963297,1,0,1,0,3
"123048","Nagoya","Office","CL8c","ZoneA","COM","VAVFCU",54994.4852337341,1,0,1,1,3
"123109","Nagoya","Office","CL8c","ZoneA","COM","OHUFCU",69027.9156825532,1,0,1,0,3
"123112","Nagoya","Office","CL8c","ZoneA","COM","OHUFCU",70876.9427704235,1,0,1,1,3
"123173","Nagoya","Office","CL8c","ZoneA","AHP+TESICE","CAV",78945.3399855894,1,0,1,0,3
"123237","Nagoya","Office","CL8c","ZoneA","AHP+TESICE","VAV",102375.70347249,1,0,1,0,3
"123240","Nagoya","Office","CL8c","ZoneA","AHP+TESICE","VAV",96945.9753564313,1,0,1,1,3
"123429","Nagoya","Office","CL8c","ZoneA","AHP+TESICE","VAVFCU",55417.1036533973,1,0,1,0,3
"123432","Nagoya","Office","CL8c","ZoneA","AHP+TESICE","VAVFCU",52477.9316075781,1,0,1,1,3
"123493","Nagoya","Office","CL8c","ZoneA","AHP+TESICE","OHUFCU",66240.358180303,1,0,1,0,3
"123496","Nagoya","Office","CL8c","ZoneA","AHP+TESICE","OHUFCU",67608.4715176481,1,0,1,1,3
"123557","Nagoya","Office","CL8c","ZoneA","COM+TESICE","CAV",124799.555953988,1,0,1,0,3
"123617","Nagoya","Office","CL8c","ZoneA","COM+TESICE","VAV",44097.2498914398,0,0,0,0,3
"123618","Nagoya","Office","CL8c","ZoneA","COM+TESICE","VAV",33466.1025855123,1,0,0,0,3
"123621","Nagoya","Office","CL8c","ZoneA","COM+TESICE","VAV",120974.18753754,1,0,1,0,3
"123624","Nagoya","Office","CL8c","ZoneA","COM+TESICE","VAV",116557.144667257,1,0,1,1,3
"123690","Nagoya","Office","CL8c","ZoneA","COM+TESICE","FCU",91541.0770295252,1,1,0,0,3
"123749","Nagoya","Office","CL8c","ZoneA","COM+TESICE","CAVFCU",56261.0711659742,1,0,1,0,3
"123813","Nagoya","Office","CL8c","ZoneA","COM+TESICE","VAVFCU",86867.9977713132,1,0,1,0,3
"123816","Nagoya","Office","CL8c","ZoneA","COM+TESICE","VAVFCU",83696.2494998687,1,0,1,1,3
"123873","Nagoya","Office","CL8c","ZoneA","COM+TESICE","OHUFCU",30923.7388038192,0,0,0,0,3
"123877","Nagoya","Office","CL8c","ZoneA","COM+TESICE","OHUFCU",88576.1204168676,1,0,1,0,3
"123880","Nagoya","Office","CL8c","ZoneA","COM+TESICE","OHUFCU",92093.0544878918,1,0,1,1,3
"123938","Nagoya","Office","CL9c","ZoneA","EHP","MUL",40860.103616317,1,0,0,0,3
"123941","Nagoya","Office","CL9c","ZoneA","EHP","MUL",34756.76434632,1,0,1,0,3
"123944","Nagoya","Office","CL9c","ZoneA","EHP","MUL",43487.137491467,1,0,1,1,3
"124008","Nagoya","Office","CL9c","ZoneA","GHP","MUL",14111.6044375288,1,0,1,1,3
"124133","Nagoya","Office","CL9c","ZoneA","ABCH","VAV",85838.4589630721,1,0,1,0,3
"124136","Nagoya","Office","CL9c","ZoneA","ABCH","VAV",128487.185940892,1,0,1,1,3
"124325","Nagoya","Office","CL9c","ZoneA","ABCH","VAVFCU",63047.191015938,1,0,1,0,3
"124328","Nagoya","Office","CL9c","ZoneA","ABCH","VAVFCU",94372.1060812697,1,0,1,1,3
"124389","Nagoya","Office","CL9c","ZoneA","ABCH","OHUFCU",46603.1705116151,1,0,1,0,3
"124392","Nagoya","Office","CL9c","ZoneA","ABCH","OHUFCU",75776.4520682398,1,0,1,1,3
"124517","Nagoya","Office","CL9c","ZoneA","AHP","VAV",71672.8889060037,1,0,1,0,3
"124520","Nagoya","Office","CL9c","ZoneA","AHP","VAV",109656.308031371,1,0,1,1,3
"124904","Nagoya","Office","CL9c","ZoneA","TB","VAV",85657.203251655,1,0,1,1,3
"125285","Nagoya","Office","CL9c","ZoneA","AB","VAV",48391.0047868397,1,0,1,0,3
"125288","Nagoya","Office","CL9c","ZoneA","AB","VAV",74036.0686983377,1,0,1,1,3
"125480","Nagoya","Office","CL9c","ZoneA","AB","VAVFCU",89921.0351721584,1,0,1,1,3
"125669","Nagoya","Office","CL9c","ZoneA","COM","VAV",86748.7345007231,1,0,1,0,3
"125672","Nagoya","Office","CL9c","ZoneA","COM","VAV",129849.730698527,1,0,1,1,3
"125861","Nagoya","Office","CL9c","ZoneA","COM","VAVFCU",63715.7761279345,1,0,1,0,3
"125864","Nagoya","Office","CL9c","ZoneA","COM","VAVFCU",95372.8768388079,1,0,1,1,3
"125925","Nagoya","Office","CL9c","ZoneA","COM","OHUFCU",47097.3747017432,1,0,1,0,3
"125928","Nagoya","Office","CL9c","ZoneA","COM","OHUFCU",76580.0248662717,1,0,1,1,3
"126053","Nagoya","Office","CL9c","ZoneA","AHP+TESICE","VAV",57266.1589379052,1,0,1,0,3
"126056","Nagoya","Office","CL9c","ZoneA","AHP+TESICE","VAV",85718.7757149822,1,0,1,1,3
"126245","Nagoya","Office","CL9c","ZoneA","AHP+TESICE","VAVFCU",42061.2217987325,1,0,1,0,3
"126248","Nagoya","Office","CL9c","ZoneA","AHP+TESICE","VAVFCU",62959.2852835324,1,0,1,1,3
"126312","Nagoya","Office","CL9c","ZoneA","AHP+TESICE","OHUFCU",81644.1837618936,1,0,1,1,3
"126376","Nagoya","Office","CL9c","ZoneA","COM+TESICE","CAV",110074.395937864,1,0,1,1,3
"126437","Nagoya","Office","CL9c","ZoneA","COM+TESICE","VAV",132497.013841301,1,0,1,0,3
"126440","Nagoya","Office","CL9c","ZoneA","COM+TESICE","VAV",205550.790765439,1,0,1,1,3
"126445","Nagoya","Office","CL9c","ZoneA","COM+TESICE","VAV",30839.6505582772,1,1,1,0,3
"126448","Nagoya","Office","CL9c","ZoneA","COM+TESICE","VAV",47843.4522816975,1,1,1,1,3
"126512","Nagoya","Office","CL9c","ZoneA","COM+TESICE","FCU",83221.7349048548,1,1,1,1,3
"126568","Nagoya","Office","CL9c","ZoneA","COM+TESICE","CAVFCU",60432.9087644858,1,0,1,1,3
"126629","Nagoya","Office","CL9c","ZoneA","COM+TESICE","VAVFCU",105094.67051313,1,0,1,0,3
"126632","Nagoya","Office","CL9c","ZoneA","COM+TESICE","VAVFCU",163039.845223089,1,0,1,1,3
"126640","Nagoya","Office","CL9c","ZoneA","COM+TESICE","VAVFCU",37948.7182992524,1,1,1,1,3
"126693","Nagoya","Office","CL9c","ZoneA","COM+TESICE","OHUFCU",76973.4744252372,1,0,1,0,3
"126696","Nagoya","Office","CL9c","ZoneA","COM+TESICE","OHUFCU",130584.703842916,1,0,1,1,3
"126704","Nagoya","Office","CL9c","ZoneA","COM+TESICE","OHUFCU",30394.5463978171,1,1,1,1,3
"126721","Osaka","Office","CL1","ZoneC","EHP","MUL",37787.6165258344,0,0,0,0,1
"126722","Osaka","Office","CL1","ZoneC","EHP","MUL",97109.0740015167,1,0,0,0,1
"126738","Osaka","Office","CL1","ZoneC","EHP","MUL",54564.5446917955,1,0,0,0,2
"126786","Osaka","Office","CL1","ZoneC","GHP","MUL",30930.7799329454,1,0,0,0,1
"129537","Osaka","Office","CL2","ZoneC","EHP","MUL",1219019.56272461,0,0,0,0,1
"129538","Osaka","Office","CL2","ZoneC","EHP","MUL",3228795.67665187,1,0,0,0,1
"129540","Osaka","Office","CL2","ZoneC","EHP","MUL",41921.1323408266,0,0,0,1,1
"129541","Osaka","Office","CL2","ZoneC","EHP","MUL",68406.4215876868,1,0,1,0,1
"129553","Osaka","Office","CL2","ZoneC","EHP","MUL",420964.809723812,0,0,0,0,2
"129554","Osaka","Office","CL2","ZoneC","EHP","MUL",1115002.08792456,1,0,0,0,2
"129601","Osaka","Office","CL2","ZoneC","GHP","MUL",215807.210539308,0,0,0,0,1
"129602","Osaka","Office","CL2","ZoneC","GHP","MUL",571604.763111609,1,0,0,0,1
"129617","Osaka","Office","CL2","ZoneC","GHP","MUL",72721.00649174,0,0,0,0,2
"129618","Osaka","Office","CL2","ZoneC","GHP","MUL",192614.850936029,1,0,0,0,2
"129666","Osaka","Office","CL2","ZoneC","ABCH","CAV",58221.1200822036,1,0,0,0,1
"130049","Osaka","Office","CL2","ZoneC","AHP","CAV",33890.6363037733,0,0,0,0,1
"130050","Osaka","Office","CL2","ZoneC","AHP","CAV",36684.6527681784,1,0,0,0,1
"132353","Osaka","Office","CL3","ZoneC","EHP","MUL",1578848.32275261,0,0,0,0,1
"132354","Osaka","Office","CL3","ZoneC","EHP","MUL",4300871.46813793,1,0,0,0,1
"132356","Osaka","Office","CL3","ZoneC","EHP","MUL",62775.7555822961,0,0,0,1,1
"132357","Osaka","Office","CL3","ZoneC","EHP","MUL",149144.359766,1,0,1,0,1
"132358","Osaka","Office","CL3","ZoneC","EHP","MUL",49009.6704788329,1,0,0,1,1
"132369","Osaka","Office","CL3","ZoneC","EHP","MUL",529143.281512985,0,0,0,0,2
"132370","Osaka","Office","CL3","ZoneC","EHP","MUL",1441416.00508427,1,0,0,0,2
"132373","Osaka","Office","CL3","ZoneC","EHP","MUL",49985.0016042997,1,0,1,0,2
"132417","Osaka","Office","CL3","ZoneC","GHP","MUL",200461.536713687,0,0,0,0,1
"132418","Osaka","Office","CL3","ZoneC","GHP","MUL",546068.479971443,1,0,0,0,1
"132433","Osaka","Office","CL3","ZoneC","GHP","MUL",65960.6785814102,0,0,0,0,2
"132434","Osaka","Office","CL3","ZoneC","GHP","MUL",179680.591505594,1,0,0,0,2
"132481","Osaka","Office","CL3","ZoneC","ABCH","CAV",97685.0488797533,0,0,0,0,1
"132482","Osaka","Office","CL3","ZoneC","ABCH","CAV",100935.896150457,1,0,0,0,1
"132498","Osaka","Office","CL3","ZoneC","ABCH","CAV",65355.0428149499,1,0,0,0,2
"132865","Osaka","Office","CL3","ZoneC","AHP","CAV",96266.7453265496,0,0,0,0,1
"132866","Osaka","Office","CL3","ZoneC","AHP","CAV",99470.3930688926,1,0,0,0,1
"132874","Osaka","Office","CL3","ZoneC","AHP","CAV",32760.5263393674,1,1,0,0,1
"132881","Osaka","Office","CL3","ZoneC","AHP","CAV",36977.6135812032,0,0,0,0,2
"132882","Osaka","Office","CL3","ZoneC","AHP","CAV",38208.1864842843,1,0,0,0,2
"135169","Osaka","Office","CL4","ZoneC","EHP","MUL",1629357.72535873,0,0,0,0,1
"135170","Osaka","Office","CL4","ZoneC","EHP","MUL",4540753.81208392,1,0,0,0,1
"135172","Osaka","Office","CL4","ZoneC","EHP","MUL",72698.6148860649,0,0,0,1,1
"135173","Osaka","Office","CL4","ZoneC","EHP","MUL",249351.942453623,1,0,1,0,1
"135174","Osaka","Office","CL4","ZoneC","EHP","MUL",87697.6549166181,1,0,0,1,1
"135176","Osaka","Office","CL4","ZoneC","EHP","MUL",37853.4398711272,1,0,1,1,1
"135185","Osaka","Office","CL4","ZoneC","EHP","MUL",545238.963472394,0,0,0,0,2
"135186","Osaka","Office","CL4","ZoneC","EHP","MUL",1519491.92209395,1,0,0,0,2
"135189","Osaka","Office","CL4","ZoneC","EHP","MUL",83441.7099003283,1,0,1,0,2
"135190","Osaka","Office","CL4","ZoneC","EHP","MUL",29346.6423741718,1,0,0,1,2
"135233","Osaka","Office","CL4","ZoneC","GHP","MUL",152926.551979645,0,0,0,0,1
"135234","Osaka","Office","CL4","ZoneC","GHP","MUL",426181.318603648,1,0,0,0,1
"135249","Osaka","Office","CL4","ZoneC","GHP","MUL",50319.574054248,0,0,0,0,2
"135250","Osaka","Office","CL4","ZoneC","GHP","MUL",140232.432788178,1,0,0,0,2
"135297","Osaka","Office","CL4","ZoneC","ABCH","CAV",63266.7303935284,0,0,0,0,1
"135298","Osaka","Office","CL4","ZoneC","ABCH","CAV",121294.344700695,1,0,0,0,1
"135306","Osaka","Office","CL4","ZoneC","ABCH","CAV",33992.191523991,1,1,0,0,1
"135313","Osaka","Office","CL4","ZoneC","ABCH","CAV",85247.4807858555,0,0,0,0,2
"135314","Osaka","Office","CL4","ZoneC","ABCH","CAV",84789.9832059438,1,0,0,0,2
"135361","Osaka","Office","CL4","ZoneC","ABCH","VAV",55191.5693732302,0,0,0,0,1
"135362","Osaka","Office","CL4","ZoneC","ABCH","VAV",38984.9194165988,1,0,0,0,1
"135426","Osaka","Office","CL4","ZoneC","ABCH","FCU",69605.521722216,1,0,0,0,1
"135617","Osaka","Office","CL4","ZoneC","ABCH","OHUFCU",83842.9056200075,0,0,0,0,1
"135681","Osaka","Office","CL4","ZoneC","AHP","CAV",65872.5951811091,0,0,0,0,1
"135682","Osaka","Office","CL4","ZoneC","AHP","CAV",126290.282689305,1,0,0,0,1
"135690","Osaka","Office","CL4","ZoneC","AHP","CAV",35392.2805501519,1,1,0,0,1
"135697","Osaka","Office","CL4","ZoneC","AHP","CAV",88758.7007750671,0,0,0,0,2
"135698","Osaka","Office","CL4","ZoneC","AHP","CAV",88282.3595339378,1,0,0,0,2
"135745","Osaka","Office","CL4","ZoneC","AHP","VAV",57464.8300002046,0,0,0,0,1
"135746","Osaka","Office","CL4","ZoneC","AHP","VAV",40590.6516572644,1,0,0,0,1
"135810","Osaka","Office","CL4","ZoneC","AHP","FCU",72472.4721233017,1,0,0,0,1
"136001","Osaka","Office","CL4","ZoneC","AHP","OHUFCU",87296.2731970046,0,0,0,0,1
"137217","Osaka","Office","CL4","ZoneC","AHP+TESICE","CAV",51764.4431283333,0,0,0,0,1
"137218","Osaka","Office","CL4","ZoneC","AHP+TESICE","CAV",51486.6389370732,1,0,0,0,1
"137985","Osaka","Office","CL5","ZoneC","EHP","MUL",1315534.27179135,0,0,0,0,1
"137986","Osaka","Office","CL5","ZoneC","EHP","MUL",3777926.44764723,1,0,0,0,1
"137988","Osaka","Office","CL5","ZoneC","EHP","MUL",68516.8638434194,0,0,0,1,1
"137989","Osaka","Office","CL5","ZoneC","EHP","MUL",356414.575403146,1,0,1,0,1
"137990","Osaka","Office","CL5","ZoneC","EHP","MUL",138498.671598739,1,0,0,1,1
"137992","Osaka","Office","CL5","ZoneC","EHP","MUL",87622.8731020735,1,0,1,1,1
"138001","Osaka","Office","CL5","ZoneC","EHP","MUL",1107814.20456234,0,0,0,0,2
"138002","Osaka","Office","CL5","ZoneC","EHP","MUL",3181399.88614385,1,0,0,0,2
"138004","Osaka","Office","CL5","ZoneC","EHP","MUL",57698.1965771563,0,0,0,1,2
"138005","Osaka","Office","CL5","ZoneC","EHP","MUL",300137.470996486,1,0,1,0,2
"138006","Osaka","Office","CL5","ZoneC","EHP","MUL",116630.025534167,1,0,0,1,2
"138008","Osaka","Office","CL5","ZoneC","EHP","MUL",73787.4075563695,1,0,1,1,2
"138049","Osaka","Office","CL5","ZoneC","GHP","MUL",97030.0609698676,0,0,0,0,1
"138050","Osaka","Office","CL5","ZoneC","GHP","MUL",278649.094451739,1,0,0,0,1
"138065","Osaka","Office","CL5","ZoneC","GHP","MUL",81709.2204413643,0,0,0,0,2
"138066","Osaka","Office","CL5","ZoneC","GHP","MUL",234650.994307982,1,0,0,0,2
"138113","Osaka","Office","CL5","ZoneC","ABCH","CAV",81820.9031273017,0,0,0,0,1
"138114","Osaka","Office","CL5","ZoneC","ABCH","CAV",154357.416288915,1,0,0,0,1
"138117","Osaka","Office","CL5","ZoneC","ABCH","CAV",51253.6808107744,1,0,1,0,1
"138122","Osaka","Office","CL5","ZoneC","ABCH","CAV",52670.5022049673,1,1,0,0,1
"138129","Osaka","Office","CL5","ZoneC","ABCH","CAV",68901.556316824,0,0,0,0,2
"138130","Osaka","Office","CL5","ZoneC","ABCH","CAV",129984.708122849,1,0,0,0,2
"138133","Osaka","Office","CL5","ZoneC","ABCH","CAV",43160.8334771573,1,0,1,0,2
"138138","Osaka","Office","CL5","ZoneC","ABCH","CAV",44353.9417826351,1,1,0,0,2
"138177","Osaka","Office","CL5","ZoneC","ABCH","VAV",106042.109074444,0,0,0,0,1
"138178","Osaka","Office","CL5","ZoneC","ABCH","VAV",77004.869031543,1,0,0,0,1
"138181","Osaka","Office","CL5","ZoneC","ABCH","VAV",57390.0200632496,1,0,1,0,1
"138193","Osaka","Office","CL5","ZoneC","ABCH","VAV",89298.285292449,0,0,0,0,2
"138194","Osaka","Office","CL5","ZoneC","ABCH","VAV",64845.9637751923,1,0,0,0,2
"138197","Osaka","Office","CL5","ZoneC","ABCH","VAV",48328.2577956806,1,0,1,0,2
"138242","Osaka","Office","CL5","ZoneC","ABCH","FCU",72393.0376486238,1,0,0,0,1
"138250","Osaka","Office","CL5","ZoneC","ABCH","FCU",79179.4935140055,1,1,0,0,1
"138258","Osaka","Office","CL5","ZoneC","ABCH","FCU",60962.3307717832,1,0,0,0,2
"138266","Osaka","Office","CL5","ZoneC","ABCH","FCU",66677.2196709285,1,1,0,0,2
"138306","Osaka","Office","CL5","ZoneC","ABCH","CAVFCU",68016.9136138372,1,0,0,0,1
"138322","Osaka","Office","CL5","ZoneC","ABCH","CAVFCU",57277.187426896,1,0,0,0,2
"138433","Osaka","Office","CL5","ZoneC","ABCH","OHUFCU",121561.195979046,0,0,0,0,1
"138437","Osaka","Office","CL5","ZoneC","ABCH","OHUFCU",81827.3430988627,1,0,1,0,1
"138449","Osaka","Office","CL5","ZoneC","ABCH","OHUFCU",102366.94133844,0,0,0,0,2
"138453","Osaka","Office","CL5","ZoneC","ABCH","OHUFCU",68906.9794305543,1,0,1,0,2
"138497","Osaka","Office","CL5","ZoneC","AHP","CAV",74088.4918979137,0,0,0,0,1
"138498","Osaka","Office","CL5","ZoneC","AHP","CAV",139770.006795345,1,0,0,0,1
"138501","Osaka","Office","CL5","ZoneC","AHP","CAV",46409.997572127,1,0,1,0,1
"138506","Osaka","Office","CL5","ZoneC","AHP","CAV",47692.9235283602,1,1,0,0,1
"138513","Osaka","Office","CL5","ZoneC","AHP","CAV",66926.236575084,0,0,0,0,2
"138514","Osaka","Office","CL5","ZoneC","AHP","CAV",126258.212325007,1,0,0,0,2
"138517","Osaka","Office","CL5","ZoneC","AHP","CAV",41923.4674292069,1,0,1,0,2
"138522","Osaka","Office","CL5","ZoneC","AHP","CAV",43082.3708412711,1,1,0,0,2
"138561","Osaka","Office","CL5","ZoneC","AHP","VAV",96020.6944523217,0,0,0,0,1
"138562","Osaka","Office","CL5","ZoneC","AHP","VAV",69727.5927945568,1,0,0,0,1
"138565","Osaka","Office","CL5","ZoneC","AHP","VAV",51966.4275748919,1,0,1,0,1
"138577","Osaka","Office","CL5","ZoneC","AHP","VAV",84875.1131079155,0,0,0,0,2
"138578","Osaka","Office","CL5","ZoneC","AHP","VAV",65569.3299061996,1,0,0,0,2
"138581","Osaka","Office","CL5","ZoneC","AHP","VAV",46223.4353132757,1,0,1,0,2
"138626","Osaka","Office","CL5","ZoneC","AHP","FCU",65551.5984094014,1,0,0,0,1
"138634","Osaka","Office","CL5","ZoneC","AHP","FCU",71696.7063363527,1,1,0,0,1
"138642","Osaka","Office","CL5","ZoneC","AHP","FCU",60967.6849089306,1,0,0,0,2
"138650","Osaka","Office","CL5","ZoneC","AHP","FCU",63012.6024155872,1,1,0,0,2
"138690","Osaka","Office","CL5","ZoneC","AHP","CAVFCU",61589.0360603754,1,0,0,0,1
"138817","Osaka","Office","CL5","ZoneC","AHP","OHUFCU",110073.16393687,0,0,0,0,1
"138821","Osaka","Office","CL5","ZoneC","AHP","OHUFCU",74094.3232657254,1,0,1,0,1
"138833","Osaka","Office","CL5","ZoneC","AHP","OHUFCU",99513.9472861143,0,0,0,0,2
"138837","Osaka","Office","CL5","ZoneC","AHP","OHUFCU",66849.7686192261,1,0,1,0,2
"139649","Osaka","Office","CL5","ZoneC","COM","CAV",73521.6804320401,0,0,0,0,1
"139650","Osaka","Office","CL5","ZoneC","COM","CAV",69184.5645284644,1,0,0,0,1
"139665","Osaka","Office","CL5","ZoneC","COM","CAV",61912.7632570144,0,0,0,0,2
"139666","Osaka","Office","CL5","ZoneC","COM","CAV",58260.4687422758,1,0,0,0,2
"140034","Osaka","Office","CL5","ZoneC","AHP+TESICE","CAV",126224.37963163,1,0,0,0,1
"140049","Osaka","Office","CL5","ZoneC","AHP+TESICE","CAV",65251.0005961248,0,0,0,0,2
"140050","Osaka","Office","CL5","ZoneC","AHP+TESICE","CAV",78282.2205594626,1,0,0,0,2
"140097","Osaka","Office","CL5","ZoneC","AHP+TESICE","VAV",89234.8945314651,0,0,0,0,1
"140113","Osaka","Office","CL5","ZoneC","AHP+TESICE","VAV",101471.458120526,0,0,0,0,2
"140353","Osaka","Office","CL5","ZoneC","AHP+TESICE","OHUFCU",75484.8670201379,0,0,0,0,1
"140417","Osaka","Office","CL5","ZoneC","COM+TESICE","CAV",68064.2125291041,0,0,0,0,1
"140433","Osaka","Office","CL5","ZoneC","COM+TESICE","CAV",57317.0179439084,0,0,0,0,2
"140801","Osaka","Office","CL6","ZoneC","EHP","MUL",546321.840651353,0,0,0,0,1
"140802","Osaka","Office","CL6","ZoneC","EHP","MUL",1592562.16368033,1,0,0,0,1
"140804","Osaka","Office","CL6","ZoneC","EHP","MUL",30244.9745235794,0,0,0,1,1
"140805","Osaka","Office","CL6","ZoneC","EHP","MUL",255652.1549886,1,0,1,0,1
"140806","Osaka","Office","CL6","ZoneC","EHP","MUL",98544.6723917303,1,0,0,1,1
"140808","Osaka","Office","CL6","ZoneC","EHP","MUL",89583.2064404824,1,0,1,1,1
"140817","Osaka","Office","CL6","ZoneC","EHP","MUL",460058.782438318,0,0,0,0,2
"140818","Osaka","Office","CL6","ZoneC","EHP","MUL",1341099.98074867,1,0,0,0,2
"140820","Osaka","Office","CL6","ZoneC","EHP","MUL",25469.3572887483,0,0,0,1,2
"140821","Osaka","Office","CL6","ZoneC","EHP","MUL",215285.222738965,1,0,1,0,2
"140822","Osaka","Office","CL6","ZoneC","EHP","MUL",82984.6779368557,1,0,0,1,2
"140824","Osaka","Office","CL6","ZoneC","EHP","MUL",75438.2084245288,1,0,1,1,2
"140865","Osaka","Office","CL6","ZoneC","GHP","MUL",40642.7266854356,0,0,0,0,1
"140866","Osaka","Office","CL6","ZoneC","GHP","MUL",118476.07752759,1,0,0,0,1
"140881","Osaka","Office","CL6","ZoneC","GHP","MUL",34225.3264698005,0,0,0,0,2
"140882","Osaka","Office","CL6","ZoneC","GHP","MUL",99768.9565374622,1,0,0,0,2
"140929","Osaka","Office","CL6","ZoneC","ABCH","CAV",61041.5129317169,0,0,0,0,1
"140930","Osaka","Office","CL6","ZoneC","ABCH","CAV",121767.250658782,1,0,0,0,1
"140933","Osaka","Office","CL6","ZoneC","ABCH","CAV",64900.7408623915,1,0,1,0,1
"140938","Osaka","Office","CL6","ZoneC","ABCH","CAV",48335.9490471359,1,1,0,0,1
"140945","Osaka","Office","CL6","ZoneC","ABCH","CAV",51403.1876962434,0,0,0,0,2
"140946","Osaka","Office","CL6","ZoneC","ABCH","CAV",102540.460421921,1,0,0,0,2
"140949","Osaka","Office","CL6","ZoneC","ABCH","CAV",54653.0517339345,1,0,1,0,2
"140954","Osaka","Office","CL6","ZoneC","ABCH","CAV",40703.805361531,1,1,0,0,2
"140993","Osaka","Office","CL6","ZoneC","ABCH","VAV",104308.909090985,0,0,0,0,1
"140994","Osaka","Office","CL6","ZoneC","ABCH","VAV",76562.5416713531,1,0,0,0,1
"140997","Osaka","Office","CL6","ZoneC","ABCH","VAV",94468.3124890649,1,0,1,0,1
"141000","Osaka","Office","CL6","ZoneC","ABCH","VAV",38969.1541304178,1,0,1,1,1
"141009","Osaka","Office","CL6","ZoneC","ABCH","VAV",87838.75390494,0,0,0,0,2
"141010","Osaka","Office","CL6","ZoneC","ABCH","VAV",64473.4789656419,1,0,0,0,2
"141013","Osaka","Office","CL6","ZoneC","ABCH","VAV",79551.9666043473,1,0,1,0,2
"141016","Osaka","Office","CL6","ZoneC","ABCH","VAV",32816.0074664349,1,0,1,1,2
"141058","Osaka","Office","CL6","ZoneC","ABCH","FCU",70969.2712269366,1,0,0,0,1
"141066","Osaka","Office","CL6","ZoneC","ABCH","FCU",87189.6713565137,1,1,0,0,1
"141074","Osaka","Office","CL6","ZoneC","ABCH","FCU",59763.3740439011,1,0,0,0,2
"141082","Osaka","Office","CL6","ZoneC","ABCH","FCU",73422.6074462827,1,1,0,0,2
"141122","Osaka","Office","CL6","ZoneC","ABCH","CAVFCU",77201.9003184417,1,0,0,0,1
"141138","Osaka","Office","CL6","ZoneC","ABCH","CAVFCU",65011.8842403978,1,0,0,0,2
"141185","Osaka","Office","CL6","ZoneC","ABCH","VAVFCU",77811.4761431479,0,0,0,0,1
"141201","Osaka","Office","CL6","ZoneC","ABCH","VAVFCU",65525.2093371644,0,0,0,0,2
"141249","Osaka","Office","CL6","ZoneC","ABCH","OHUFCU",96398.3528276549,0,0,0,0,1
"141253","Osaka","Office","CL6","ZoneC","ABCH","OHUFCU",104386.010218054,1,0,1,0,1
"141256","Osaka","Office","CL6","ZoneC","ABCH","OHUFCU",49437.718660744,1,0,1,1,1
"141265","Osaka","Office","CL6","ZoneC","ABCH","OHUFCU",81177.2576730144,0,0,0,0,2
"141269","Osaka","Office","CL6","ZoneC","ABCH","OHUFCU",87903.680927813,1,0,1,0,2
"141272","Osaka","Office","CL6","ZoneC","ABCH","OHUFCU",41631.6078933862,1,0,1,1,2
"141313","Osaka","Office","CL6","ZoneC","AHP","CAV",45445.616794086,0,0,0,0,1
"141314","Osaka","Office","CL6","ZoneC","AHP","CAV",90656.1378597992,1,0,0,0,1
"141317","Osaka","Office","CL6","ZoneC","AHP","CAV",48318.8252916319,1,0,1,0,1
"141322","Osaka","Office","CL6","ZoneC","AHP","CAV",35986.2806846196,1,1,0,0,1
"141329","Osaka","Office","CL6","ZoneC","AHP","CAV",54843.3983590574,0,0,0,0,2
"141330","Osaka","Office","CL6","ZoneC","AHP","CAV",101660.630649546,1,0,0,0,2
"141333","Osaka","Office","CL6","ZoneC","AHP","CAV",57343.1997640604,1,0,1,0,2
"141377","Osaka","Office","CL6","ZoneC","AHP","VAV",88649.4171109706,0,0,0,0,1
"141378","Osaka","Office","CL6","ZoneC","AHP","VAV",65068.5042231585,1,0,0,0,1
"141381","Osaka","Office","CL6","ZoneC","AHP","VAV",80286.1511120567,1,0,1,0,1
"141393","Osaka","Office","CL6","ZoneC","AHP","VAV",84284.0580106999,0,0,0,0,2
"141394","Osaka","Office","CL6","ZoneC","AHP","VAV",65916.6716275618,1,0,0,0,2
"141397","Osaka","Office","CL6","ZoneC","AHP","VAV",76839.037958211,1,0,1,0,2
"141442","Osaka","Office","CL6","ZoneC","AHP","FCU",52836.8670668889,1,0,0,0,1
"141450","Osaka","Office","CL6","ZoneC","AHP","FCU",64913.0108767599,1,1,0,0,1
"141458","Osaka","Office","CL6","ZoneC","AHP","FCU",54049.455873215,1,0,0,0,2
"141466","Osaka","Office","CL6","ZoneC","AHP","FCU",60196.012777708,1,1,0,0,2
"141506","Osaka","Office","CL6","ZoneC","AHP","CAVFCU",57477.080910033,1,0,0,0,1
"141569","Osaka","Office","CL6","ZoneC","AHP","VAVFCU",57930.9122127978,0,0,0,0,1
"141633","Osaka","Office","CL6","ZoneC","AHP","OHUFCU",71768.905975304,0,0,0,0,1
"141637","Osaka","Office","CL6","ZoneC","AHP","OHUFCU",77715.7444367393,1,0,1,0,1
"141640","Osaka","Office","CL6","ZoneC","AHP","OHUFCU",36806.551959865,1,0,1,1,1
"141649","Osaka","Office","CL6","ZoneC","AHP","OHUFCU",70311.5123123159,0,0,0,0,2
"141653","Osaka","Office","CL6","ZoneC","AHP","OHUFCU",75406.0543870961,1,0,1,0,2
"141656","Osaka","Office","CL6","ZoneC","AHP","OHUFCU",35029.3359063634,1,0,1,1,2
"142466","Osaka","Office","CL6","ZoneC","COM","CAV",97632.6150718268,1,0,0,0,1
"142482","Osaka","Office","CL6","ZoneC","COM","CAV",82216.632530491,1,0,0,0,2
"142529","Osaka","Office","CL6","ZoneC","COM","VAV",103655.709559408,0,0,0,0,1
"142545","Osaka","Office","CL6","ZoneC","COM","VAV",87288.6931919571,0,0,0,0,2
"142789","Osaka","Office","CL6","ZoneC","COM","OHUFCU",82520.5585726555,1,0,1,0,1
"142805","Osaka","Office","CL6","ZoneC","COM","OHUFCU",69490.7376534736,1,0,1,0,2
"142850","Osaka","Office","CL6","ZoneC","AHP+TESICE","CAV",131972.483490466,1,0,0,0,1
"142866","Osaka","Office","CL6","ZoneC","AHP+TESICE","CAV",111134.308666111,1,0,0,0,2
"142913","Osaka","Office","CL6","ZoneC","AHP+TESICE","VAV",52014.5924647517,0,0,0,0,1
"142914","Osaka","Office","CL6","ZoneC","AHP+TESICE","VAV",40679.4462946389,1,0,0,0,1
"142917","Osaka","Office","CL6","ZoneC","AHP+TESICE","VAV",47420.0144026352,1,0,1,0,1
"142929","Osaka","Office","CL6","ZoneC","AHP+TESICE","VAV",61721.1626394603,0,0,0,0,2
"142933","Osaka","Office","CL6","ZoneC","AHP+TESICE","VAV",56269.1791403342,1,0,1,0,2
"142986","Osaka","Office","CL6","ZoneC","AHP+TESICE","FCU",70504.8099614276,1,1,0,0,1
"143002","Osaka","Office","CL6","ZoneC","AHP+TESICE","FCU",59372.2502256676,1,1,0,0,2
"143169","Osaka","Office","CL6","ZoneC","AHP+TESICE","OHUFCU",53822.6597159092,0,0,0,0,1
"143173","Osaka","Office","CL6","ZoneC","AHP+TESICE","OHUFCU",57722.47349436,1,0,1,0,1
"143185","Osaka","Office","CL6","ZoneC","AHP+TESICE","OHUFCU",45324.1760698623,0,0,0,0,2
"143189","Osaka","Office","CL6","ZoneC","AHP+TESICE","OHUFCU",48608.217536173,1,0,1,0,2
"143234","Osaka","Office","CL6","ZoneC","COM+TESICE","CAV",97731.8173201381,1,0,0,0,1
"143297","Osaka","Office","CL6","ZoneC","COM+TESICE","VAV",103761.031735107,0,0,0,0,1
"143313","Osaka","Office","CL6","ZoneC","COM+TESICE","VAV",59252.3754713052,0,0,0,0,2
"143314","Osaka","Office","CL6","ZoneC","COM+TESICE","VAV",52801.2695263957,1,0,0,0,2
"143317","Osaka","Office","CL6","ZoneC","COM+TESICE","VAV",57623.9111766309,1,0,1,0,2
"143617","Osaka","Office","CL7","ZoneC","EHP","MUL",277083.533066172,0,0,0,0,1
"143618","Osaka","Office","CL7","ZoneC","EHP","MUL",828331.930850522,1,0,0,0,1
"143621","Osaka","Office","CL7","ZoneC","EHP","MUL",215342.416982072,1,0,1,0,1
"143622","Osaka","Office","CL7","ZoneC","EHP","MUL",89094.1271949029,1,0,0,1,1
"143624","Osaka","Office","CL7","ZoneC","EHP","MUL",114080.288728437,1,0,1,1,1
"143633","Osaka","Office","CL7","ZoneC","EHP","MUL",233332.631739835,0,0,0,0,2
"143634","Osaka","Office","CL7","ZoneC","EHP","MUL",697540.078404204,1,0,0,0,2
"143637","Osaka","Office","CL7","ZoneC","EHP","MUL",181340.306742963,1,0,1,0,2
"143638","Osaka","Office","CL7","ZoneC","EHP","MUL",75026.3537529879,1,0,0,1,2
"143640","Osaka","Office","CL7","ZoneC","EHP","MUL",96067.2534527321,1,0,1,1,2
"143682","Osaka","Office","CL7","ZoneC","GHP","MUL",95113.1888566229,1,0,0,0,1
"143698","Osaka","Office","CL7","ZoneC","GHP","MUL",80095.0183632303,1,0,0,0,2
"143745","Osaka","Office","CL7","ZoneC","ABCH","CAV",46464.5978608036,0,0,0,0,1
"143746","Osaka","Office","CL7","ZoneC","ABCH","CAV",94675.5873407831,1,0,0,0,1
"143749","Osaka","Office","CL7","ZoneC","ABCH","CAV",79851.3289477141,1,0,1,0,1
"143754","Osaka","Office","CL7","ZoneC","ABCH","CAV",42694.0726464948,1,1,0,0,1
"143761","Osaka","Office","CL7","ZoneC","ABCH","CAV",47366.6090250766,0,0,0,0,2
"143762","Osaka","Office","CL7","ZoneC","ABCH","CAV",96513.5121415388,1,0,0,0,2
"143765","Osaka","Office","CL7","ZoneC","ABCH","CAV",81401.4723581584,1,0,1,0,2
"143809","Osaka","Office","CL7","ZoneC","ABCH","VAV",100908.020064045,0,0,0,0,1
"143810","Osaka","Office","CL7","ZoneC","ABCH","VAV",75535.5478281381,1,0,0,0,1
"143813","Osaka","Office","CL7","ZoneC","ABCH","VAV",147166.99098301,1,0,1,0,1
"143816","Osaka","Office","CL7","ZoneC","ABCH","VAV",91959.3992022162,1,0,1,1,1
"143825","Osaka","Office","CL7","ZoneC","ABCH","VAV",86211.4605341046,0,0,0,0,2
"143826","Osaka","Office","CL7","ZoneC","ABCH","VAV",64534.3144813898,1,0,0,0,2
"143829","Osaka","Office","CL7","ZoneC","ABCH","VAV",125733.130300269,1,0,1,0,2
"143832","Osaka","Office","CL7","ZoneC","ABCH","VAV",78566.1447923569,1,0,1,1,2
"143874","Osaka","Office","CL7","ZoneC","ABCH","FCU",66801.0504572755,1,0,0,0,1
"143882","Osaka","Office","CL7","ZoneC","ABCH","FCU",89558.7722591669,1,1,0,0,1
"143890","Osaka","Office","CL7","ZoneC","ABCH","FCU",57071.9366159296,1,0,0,0,2
"143898","Osaka","Office","CL7","ZoneC","ABCH","FCU",76515.152662827,1,1,0,0,2
"143938","Osaka","Office","CL7","ZoneC","ABCH","CAVFCU",81363.5990885271,1,0,0,0,1
"143954","Osaka","Office","CL7","ZoneC","ABCH","CAVFCU",69513.5501348779,1,0,0,0,2
"144001","Osaka","Office","CL7","ZoneC","ABCH","VAVFCU",55744.1797090667,0,0,0,0,1
"144005","Osaka","Office","CL7","ZoneC","ABCH","VAVFCU",81298.8223076098,1,0,1,0,1
"144021","Osaka","Office","CL7","ZoneC","ABCH","VAVFCU",117083.630739532,1,0,1,0,2
"144065","Osaka","Office","CL7","ZoneC","ABCH","OHUFCU",73396.8855236592,0,0,0,0,1
"144069","Osaka","Office","CL7","ZoneC","ABCH","OHUFCU",120721.540584668,1,0,1,0,1
"144072","Osaka","Office","CL7","ZoneC","ABCH","OHUFCU",83915.3037523708,1,0,1,1,1
"144081","Osaka","Office","CL7","ZoneC","ABCH","OHUFCU",62707.1336414394,0,0,0,0,2
"144085","Osaka","Office","CL7","ZoneC","ABCH","OHUFCU",103139.27797935,1,0,1,0,2
"144088","Osaka","Office","CL7","ZoneC","ABCH","OHUFCU",71693.6165536029,1,0,1,1,2
"144130","Osaka","Office","CL7","ZoneC","AHP","CAV",95119.3271178965,1,0,0,0,1
"144133","Osaka","Office","CL7","ZoneC","AHP","CAV",80225.5881617808,1,0,1,0,1
"144146","Osaka","Office","CL7","ZoneC","AHP","CAV",86552.5894593061,1,0,0,0,2
"144149","Osaka","Office","CL7","ZoneC","AHP","CAV",73000.2262073561,1,0,1,0,2
"144193","Osaka","Office","CL7","ZoneC","AHP","VAV",67101.5372670802,0,0,0,0,1
"144194","Osaka","Office","CL7","ZoneC","AHP","VAV",50229.4205590614,1,0,0,0,1
"144197","Osaka","Office","CL7","ZoneC","AHP","VAV",97862.7003449569,1,0,1,0,1
"144200","Osaka","Office","CL7","ZoneC","AHP","VAV",61150.9080121619,1,0,1,1,1
"144209","Osaka","Office","CL7","ZoneC","AHP","VAV",60332.5399123245,0,0,0,0,2
"144210","Osaka","Office","CL7","ZoneC","AHP","VAV",47981.0203488047,1,0,0,0,2
"144213","Osaka","Office","CL7","ZoneC","AHP","VAV",88559.3774745395,1,0,1,0,2
"144216","Osaka","Office","CL7","ZoneC","AHP","VAV",54583.1912224758,1,0,1,1,2
"144266","Osaka","Office","CL7","ZoneC","AHP","FCU",103975.724272682,1,1,0,0,1
"144282","Osaka","Office","CL7","ZoneC","AHP","FCU",94611.3523863881,1,1,0,0,2
"144322","Osaka","Office","CL7","ZoneC","AHP","CAVFCU",54104.9420349087,1,0,0,0,1
"144389","Osaka","Office","CL7","ZoneC","AHP","VAVFCU",91130.4780450364,1,0,1,0,1
"144405","Osaka","Office","CL7","ZoneC","AHP","VAVFCU",82922.988339541,1,0,1,0,2
"144449","Osaka","Office","CL7","ZoneC","AHP","OHUFCU",48807.2587900107,0,0,0,0,1
"144453","Osaka","Office","CL7","ZoneC","AHP","OHUFCU",80277.0775736169,1,0,1,0,1
"144456","Osaka","Office","CL7","ZoneC","AHP","OHUFCU",55801.7675745122,1,0,1,1,1
"144465","Osaka","Office","CL7","ZoneC","AHP","OHUFCU",44535.616706478,0,0,0,0,2
"144469","Osaka","Office","CL7","ZoneC","AHP","OHUFCU",73352.9478779131,1,0,1,0,2
"144472","Osaka","Office","CL7","ZoneC","AHP","OHUFCU",50346.1310947961,1,0,1,1,2
"144581","Osaka","Office","CL7","ZoneC","TB","VAV",57983.9634703728,1,0,1,0,1
"144965","Osaka","Office","CL7","ZoneC","AB","VAV",87332.1941205761,1,0,1,0,1
"144981","Osaka","Office","CL7","ZoneC","AB","VAV",74612.8603257126,1,0,1,0,2
"145282","Osaka","Office","CL7","ZoneC","COM","CAV",112075.445465545,1,0,0,0,1
"145298","Osaka","Office","CL7","ZoneC","COM","CAV",107535.492517007,1,0,0,0,2
"145345","Osaka","Office","CL7","ZoneC","COM","VAV",42379.6738308167,0,0,0,0,1
"145346","Osaka","Office","CL7","ZoneC","COM","VAV",33703.5370201072,1,0,0,0,1
"145349","Osaka","Office","CL7","ZoneC","COM","VAV",62207.1859975597,1,0,1,0,1
"145352","Osaka","Office","CL7","ZoneC","COM","VAV",38341.1314029742,1,0,1,1,1
"145361","Osaka","Office","CL7","ZoneC","COM","VAV",40662.9576994009,0,0,0,0,2
"145362","Osaka","Office","CL7","ZoneC","COM","VAV",32338.2739008306,1,0,0,0,2
"145365","Osaka","Office","CL7","ZoneC","COM","VAV",59687.2968611233,1,0,1,0,2
"145368","Osaka","Office","CL7","ZoneC","COM","VAV",36788.0085771832,1,0,1,1,2
"145418","Osaka","Office","CL7","ZoneC","COM","FCU",66458.3036062191,1,1,0,0,1
"145434","Osaka","Office","CL7","ZoneC","COM","FCU",63766.2101672091,1,1,0,0,2
"145541","Osaka","Office","CL7","ZoneC","COM","VAVFCU",58247.9902887113,1,0,1,0,1
"145601","Osaka","Office","CL7","ZoneC","COM","OHUFCU",31283.3657031114,0,0,0,0,1
"145605","Osaka","Office","CL7","ZoneC","COM","OHUFCU",51525.6611127659,1,0,1,0,1
"145608","Osaka","Office","CL7","ZoneC","COM","OHUFCU",35364.8730443245,1,0,1,1,1
"145621","Osaka","Office","CL7","ZoneC","COM","OHUFCU",67477.9794749511,1,0,1,0,2
"145624","Osaka","Office","CL7","ZoneC","COM","OHUFCU",45908.9312023654,1,0,1,1,2
"145666","Osaka","Office","CL7","ZoneC","AHP+TESICE","CAV",71833.0377691121,1,0,0,0,1
"145669","Osaka","Office","CL7","ZoneC","AHP+TESICE","CAV",60585.4549131915,1,0,1,0,1
"145682","Osaka","Office","CL7","ZoneC","AHP+TESICE","CAV",113132.649403094,1,0,0,0,2
"145729","Osaka","Office","CL7","ZoneC","AHP+TESICE","VAV",50072.0965750668,0,0,0,0,1
"145730","Osaka","Office","CL7","ZoneC","AHP+TESICE","VAV",39821.1361259933,1,0,0,0,1
"145733","Osaka","Office","CL7","ZoneC","AHP+TESICE","VAV",73498.5417152495,1,0,1,0,1
"145736","Osaka","Office","CL7","ZoneC","AHP+TESICE","VAV",45300.5099112169,1,0,1,1,1
"145745","Osaka","Office","CL7","ZoneC","AHP+TESICE","VAV",42779.4398800158,0,0,0,0,2
"145746","Osaka","Office","CL7","ZoneC","AHP+TESICE","VAV",34021.4613602601,1,0,0,0,2
"145749","Osaka","Office","CL7","ZoneC","AHP+TESICE","VAV",62793.9843074595,1,0,1,0,2
"145752","Osaka","Office","CL7","ZoneC","AHP+TESICE","VAV",38702.802016202,1,0,1,1,2
"145802","Osaka","Office","CL7","ZoneC","AHP+TESICE","FCU",78521.2885231302,1,1,0,0,1
"145818","Osaka","Office","CL7","ZoneC","AHP+TESICE","FCU",67085.2025666779,1,1,0,0,2
"145925","Osaka","Office","CL7","ZoneC","AHP+TESICE","VAVFCU",68820.7041583948,1,0,1,0,1
"145941","Osaka","Office","CL7","ZoneC","AHP+TESICE","VAVFCU",58797.4416375928,1,0,1,0,2
"145985","Osaka","Office","CL7","ZoneC","AHP+TESICE","OHUFCU",36961.6744794361,0,0,0,0,1
"145989","Osaka","Office","CL7","ZoneC","AHP+TESICE","OHUFCU",60878.1910316759,1,0,1,0,1
"145992","Osaka","Office","CL7","ZoneC","AHP+TESICE","OHUFCU",41784.024707447,1,0,1,1,1
"146001","Osaka","Office","CL7","ZoneC","AHP+TESICE","OHUFCU",31578.4606479829,0,0,0,0,2
"146005","Osaka","Office","CL7","ZoneC","AHP+TESICE","OHUFCU",52011.700954829,1,0,1,0,2
"146008","Osaka","Office","CL7","ZoneC","AHP+TESICE","OHUFCU",35698.4687117615,1,0,1,1,2
"146050","Osaka","Office","CL7","ZoneC","COM+TESICE","CAV",109550.302317729,1,0,0,0,1
"146066","Osaka","Office","CL7","ZoneC","COM+TESICE","CAV",105112.637885928,1,0,0,0,2
"146113","Osaka","Office","CL7","ZoneC","COM+TESICE","VAV",41424.8282574973,0,0,0,0,1
"146114","Osaka","Office","CL7","ZoneC","COM+TESICE","VAV",32944.1712624251,1,0,0,0,1
"146117","Osaka","Office","CL7","ZoneC","COM+TESICE","VAV",60805.6118274621,1,0,1,0,1
"146120","Osaka","Office","CL7","ZoneC","COM+TESICE","VAV",37477.2771944133,1,0,1,1,1
"146129","Osaka","Office","CL7","ZoneC","COM+TESICE","VAV",39746.791017412,0,0,0,0,2
"146130","Osaka","Office","CL7","ZoneC","COM+TESICE","VAV",31609.6685367055,1,0,0,0,2
"146133","Osaka","Office","CL7","ZoneC","COM+TESICE","VAV",58342.4976675578,1,0,1,0,2
"146136","Osaka","Office","CL7","ZoneC","COM+TESICE","VAV",35959.1473810968,1,0,1,1,2
"146186","Osaka","Office","CL7","ZoneC","COM+TESICE","FCU",64960.9485944261,1,1,0,0,1
"146202","Osaka","Office","CL7","ZoneC","COM+TESICE","FCU",62329.5100229706,1,1,0,0,2
"146309","Osaka","Office","CL7","ZoneC","COM+TESICE","VAVFCU",56935.6197427754,1,0,1,0,1
"146369","Osaka","Office","CL7","ZoneC","COM+TESICE","OHUFCU",30578.5282053194,0,0,0,0,1
"146373","Osaka","Office","CL7","ZoneC","COM+TESICE","OHUFCU",50364.7496432183,1,0,1,0,1
"146376","Osaka","Office","CL7","ZoneC","COM+TESICE","OHUFCU",34568.0761503186,1,0,1,1,1
"146389","Osaka","Office","CL7","ZoneC","COM+TESICE","OHUFCU",65957.6504074029,1,0,1,0,2
"146392","Osaka","Office","CL7","ZoneC","COM+TESICE","OHUFCU",44874.5688354109,1,0,1,1,2
"146465","Osaka","Office","CL8c","ZoneA","EHP","MUL",192665.070803346,0,0,0,0,3
"146466","Osaka","Office","CL8c","ZoneA","EHP","MUL",583316.010881843,1,0,0,0,3
"146469","Osaka","Office","CL8c","ZoneA","EHP","MUL",262788.05051833,1,0,1,0,3
"146470","Osaka","Office","CL8c","ZoneA","EHP","MUL",104226.930079229,1,0,0,1,3
"146472","Osaka","Office","CL8c","ZoneA","EHP","MUL",195189.255209291,1,0,1,1,3
"146530","Osaka","Office","CL8c","ZoneA","GHP","MUL",96525.2825973117,1,0,0,0,3
"146593","Osaka","Office","CL8c","ZoneA","ABCH","CAV",29931.828687953,0,0,0,0,3
"146594","Osaka","Office","CL8c","ZoneA","ABCH","CAV",61596.8105123845,1,0,0,0,3
"146597","Osaka","Office","CL8c","ZoneA","ABCH","CAV",88034.0493634389,1,0,1,0,3
"146598","Osaka","Office","CL8c","ZoneA","ABCH","CAV",30267.9723038633,1,0,0,1,3
"146600","Osaka","Office","CL8c","ZoneA","ABCH","CAV",54287.2682049699,1,0,1,1,3
"146602","Osaka","Office","CL8c","ZoneA","ABCH","CAV",32090.133546545,1,1,0,0,3
"146605","Osaka","Office","CL8c","ZoneA","ABCH","CAV",45863.1604009414,1,1,1,0,3
"146657","Osaka","Office","CL8c","ZoneA","ABCH","VAV",112709.733013662,0,0,0,0,3
"146658","Osaka","Office","CL8c","ZoneA","ABCH","VAV",85154.6652770081,1,0,0,0,3
"146661","Osaka","Office","CL8c","ZoneA","ABCH","VAV",280053.866198601,1,0,1,0,3
"146664","Osaka","Office","CL8c","ZoneA","ABCH","VAV",246146.33197192,1,0,1,1,3
"146669","Osaka","Office","CL8c","ZoneA","ABCH","VAV",49120.8476988456,1,1,1,0,3
"146672","Osaka","Office","CL8c","ZoneA","ABCH","VAV",43173.5388928637,1,1,1,1,3
"146722","Osaka","Office","CL8c","ZoneA","ABCH","FCU",72201.4159060803,1,0,0,0,3
"146730","Osaka","Office","CL8c","ZoneA","ABCH","FCU",106542.095611305,1,1,0,0,3
"146733","Osaka","Office","CL8c","ZoneA","ABCH","FCU",47997.9789368469,1,1,1,0,3
"146789","Osaka","Office","CL8c","ZoneA","ABCH","CAVFCU",129986.815610731,1,0,1,0,3
"146849","Osaka","Office","CL8c","ZoneA","ABCH","VAVFCU",58046.0877536851,0,0,0,0,3
"146850","Osaka","Office","CL8c","ZoneA","ABCH","VAVFCU",43855.0872328458,1,0,0,0,3
"146853","Osaka","Office","CL8c","ZoneA","ABCH","VAVFCU",144229.17044043,1,0,1,0,3
"146856","Osaka","Office","CL8c","ZoneA","ABCH","VAVFCU",126766.617255298,1,0,1,1,3
"146913","Osaka","Office","CL8c","ZoneA","ABCH","OHUFCU",67270.8111699141,0,0,0,0,3
"146917","Osaka","Office","CL8c","ZoneA","ABCH","OHUFCU",177305.145439188,1,0,1,0,3
"146920","Osaka","Office","CL8c","ZoneA","ABCH","OHUFCU",168182.76824029,1,0,1,1,3
"146925","Osaka","Office","CL8c","ZoneA","ABCH","OHUFCU",31098.9423697645,1,1,1,0,3
"146928","Osaka","Office","CL8c","ZoneA","ABCH","OHUFCU",29498.8969673535,1,1,1,1,3
"146978","Osaka","Office","CL8c","ZoneA","AHP","CAV",75907.5541901205,1,0,0,0,3
"146981","Osaka","Office","CL8c","ZoneA","AHP","CAV",108486.938155465,1,0,1,0,3
"147041","Osaka","Office","CL8c","ZoneA","AHP","VAV",68500.9648613358,0,0,0,0,3
"147042","Osaka","Office","CL8c","ZoneA","AHP","VAV",51753.9752597238,1,0,0,0,3
"147045","Osaka","Office","CL8c","ZoneA","AHP","VAV",170206.773938736,1,0,1,0,3
"147048","Osaka","Office","CL8c","ZoneA","AHP","VAV",149598.981261995,1,0,1,1,3
"147114","Osaka","Office","CL8c","ZoneA","AHP","FCU",122225.662997479,1,1,0,0,3
"147173","Osaka","Office","CL8c","ZoneA","AHP","CAVFCU",70069.7727933458,1,0,1,0,3
"147237","Osaka","Office","CL8c","ZoneA","AHP","VAVFCU",106982.025421586,1,0,1,0,3
"147240","Osaka","Office","CL8c","ZoneA","AHP","VAVFCU",94029.1719657094,1,0,1,1,3
"147297","Osaka","Office","CL8c","ZoneA","AHP","OHUFCU",41586.2931894987,0,0,0,0,3
"147301","Osaka","Office","CL8c","ZoneA","AHP","OHUFCU",109608.664352459,1,0,1,0,3
"147304","Osaka","Office","CL8c","ZoneA","AHP","OHUFCU",103969.281592225,1,0,1,1,3
"147429","Osaka","Office","CL8c","ZoneA","TB","VAV",74025.2955649829,1,0,1,0,3
"147432","Osaka","Office","CL8c","ZoneA","TB","VAV",63102.8349841337,1,0,1,1,3
"147813","Osaka","Office","CL8c","ZoneA","AB","VAV",104214.071372884,1,0,1,0,3
"147816","Osaka","Office","CL8c","ZoneA","AB","VAV",86742.7086510902,1,0,1,1,3
"148069","Osaka","Office","CL8c","ZoneA","AB","OHUFCU",58785.4132952529,1,0,1,0,3
"148072","Osaka","Office","CL8c","ZoneA","AB","OHUFCU",51938.7254436114,1,0,1,1,3
"148130","Osaka","Office","CL8c","ZoneA","COM","CAV",54690.151192452,1,0,0,0,3
"148133","Osaka","Office","CL8c","ZoneA","COM","CAV",78163.0644463686,1,0,1,0,3
"148136","Osaka","Office","CL8c","ZoneA","COM","CAV",48200.2051933852,1,0,1,1,3
"148141","Osaka","Office","CL8c","ZoneA","COM","CAV",40720.6664700092,1,1,1,0,3
"148193","Osaka","Office","CL8c","ZoneA","COM","VAV",73072.7886096189,0,0,0,0,3
"148194","Osaka","Office","CL8c","ZoneA","COM","VAV",55208.0879665948,1,0,0,0,3
"148197","Osaka","Office","CL8c","ZoneA","COM","VAV",181566.54635635,1,0,1,0,3
"148200","Osaka","Office","CL8c","ZoneA","COM","VAV",159583.368732112,1,0,1,1,3
"148205","Osaka","Office","CL8c","ZoneA","COM","VAV",31846.3829542383,1,1,1,0,3
"148208","Osaka","Office","CL8c","ZoneA","COM","VAV",27990.5807306365,1,1,1,1,3
"148258","Osaka","Office","CL8c","ZoneA","COM","FCU",59380.0673768369,1,0,0,0,3
"148266","Osaka","Office","CL8c","ZoneA","COM","FCU",87622.6142725255,1,1,0,0,3
"148325","Osaka","Office","CL8c","ZoneA","COM","CAVFCU",84273.9916526031,1,0,1,0,3
"148385","Osaka","Office","CL8c","ZoneA","COM","VAVFCU",42648.6106997052,0,0,0,0,3
"148389","Osaka","Office","CL8c","ZoneA","COM","VAVFCU",105970.513771013,1,0,1,0,3
"148392","Osaka","Office","CL8c","ZoneA","COM","VAVFCU",93140.1291329323,1,0,1,1,3
"148449","Osaka","Office","CL8c","ZoneA","COM","OHUFCU",50016.4733722003,0,0,0,0,3
"148453","Osaka","Office","CL8c","ZoneA","COM","OHUFCU",131828.023646301,1,0,1,0,3
"148456","Osaka","Office","CL8c","ZoneA","COM","OHUFCU",125045.451408434,1,0,1,1,3
"148514","Osaka","Office","CL8c","ZoneA","AHP+TESICE","CAV",59288.226826839,1,0,0,0,3
"148517","Osaka","Office","CL8c","ZoneA","AHP+TESICE","CAV",84734.6257659772,1,0,1,0,3
"148520","Osaka","Office","CL8c","ZoneA","AHP+TESICE","CAV",52252.6384787176,1,0,1,1,3
"148577","Osaka","Office","CL8c","ZoneA","AHP+TESICE","VAV",68282.3500658339,0,0,0,0,3
"148578","Osaka","Office","CL8c","ZoneA","AHP+TESICE","VAV",51588.8070063901,1,0,0,0,3
"148581","Osaka","Office","CL8c","ZoneA","AHP+TESICE","VAV",169663.574012239,1,0,1,0,3
"148584","Osaka","Office","CL8c","ZoneA","AHP+TESICE","VAV",149121.549290604,1,0,1,1,3
"148589","Osaka","Office","CL8c","ZoneA","AHP+TESICE","VAV",29758.6271249221,1,1,1,0,3
"148650","Osaka","Office","CL8c","ZoneA","AHP+TESICE","FCU",130100.968424875,1,1,0,0,3
"148709","Osaka","Office","CL8c","ZoneA","AHP+TESICE","CAVFCU",74584.5436560513,1,0,1,0,3
"148769","Osaka","Office","CL8c","ZoneA","AHP+TESICE","VAVFCU",37745.0635032766,0,0,0,0,3
"148773","Osaka","Office","CL8c","ZoneA","AHP+TESICE","VAVFCU",93786.4963509675,1,0,1,0,3
"148776","Osaka","Office","CL8c","ZoneA","AHP+TESICE","VAVFCU",82431.2921604785,1,0,1,1,3
"148833","Osaka","Office","CL8c","ZoneA","AHP+TESICE","OHUFCU",44265.8021602727,0,0,0,0,3
"148837","Osaka","Office","CL8c","ZoneA","AHP+TESICE","OHUFCU",116671.02497375,1,0,1,0,3
"148840","Osaka","Office","CL8c","ZoneA","AHP+TESICE","OHUFCU",110668.282665532,1,0,1,1,3
"148898","Osaka","Office","CL8c","ZoneA","COM+TESICE","CAV",70773.2105034945,1,0,0,0,3
"148901","Osaka","Office","CL8c","ZoneA","COM+TESICE","CAV",101148.943512603,1,0,1,0,3
"148904","Osaka","Office","CL8c","ZoneA","COM+TESICE","CAV",62374.7273336096,1,0,1,1,3
"148906","Osaka","Office","CL8c","ZoneA","COM+TESICE","CAV",36870.7690817571,1,1,0,0,3
"148909","Osaka","Office","CL8c","ZoneA","COM+TESICE","CAV",52695.6359982105,1,1,1,0,3
"148961","Osaka","Office","CL8c","ZoneA","COM+TESICE","VAV",106710.363485535,0,0,0,0,3
"148962","Osaka","Office","CL8c","ZoneA","COM+TESICE","VAV",80622.01055074,1,0,0,0,3
"148965","Osaka","Office","CL8c","ZoneA","COM+TESICE","VAV",265147.02021306,1,0,1,0,3
"148968","Osaka","Office","CL8c","ZoneA","COM+TESICE","VAV",233044.33302287,1,0,1,1,3
"148973","Osaka","Office","CL8c","ZoneA","COM+TESICE","VAV",46506.2188730944,1,1,1,0,3
"148976","Osaka","Office","CL8c","ZoneA","COM+TESICE","VAV",40875.476367741,1,1,1,1,3
"149026","Osaka","Office","CL8c","ZoneA","COM+TESICE","FCU",86714.4759922806,1,0,0,0,3
"149034","Osaka","Office","CL8c","ZoneA","COM+TESICE","FCU",127957.906034302,1,1,0,0,3
"149093","Osaka","Office","CL8c","ZoneA","COM+TESICE","CAVFCU",123067.812967554,1,0,1,0,3
"149153","Osaka","Office","CL8c","ZoneA","COM+TESICE","VAVFCU",54956.3818269196,0,0,0,0,3
"149154","Osaka","Office","CL8c","ZoneA","COM+TESICE","VAVFCU",41520.7469149051,1,0,0,0,3
"149157","Osaka","Office","CL8c","ZoneA","COM+TESICE","VAVFCU",136552.068675825,1,0,1,0,3
"149160","Osaka","Office","CL8c","ZoneA","COM+TESICE","VAVFCU",120019.020926124,1,0,1,1,3
"149217","Osaka","Office","CL8c","ZoneA","COM+TESICE","OHUFCU",63690.0870933493,0,0,0,0,3
"149221","Osaka","Office","CL8c","ZoneA","COM+TESICE","OHUFCU",167867.459284798,1,0,1,0,3
"149224","Osaka","Office","CL8c","ZoneA","COM+TESICE","OHUFCU",159230.65250052,1,0,1,1,3
"149229","Osaka","Office","CL8c","ZoneA","COM+TESICE","OHUFCU",29443.5924525789,1,1,1,0,3
"149232","Osaka","Office","CL8c","ZoneA","COM+TESICE","OHUFCU",27928.7150598348,1,1,1,1,3
"149281","Osaka","Office","CL9c","ZoneA","EHP","MUL",27794.1068281335,0,0,0,0,3
"149282","Osaka","Office","CL9c","ZoneA","EHP","MUL",86528.5142204062,1,0,0,0,3
"149285","Osaka","Office","CL9c","ZoneA","EHP","MUL",73782.6449134371,1,0,1,0,3
"149286","Osaka","Office","CL9c","ZoneA","EHP","MUL",30582.1299735573,1,0,0,1,3
"149288","Osaka","Office","CL9c","ZoneA","EHP","MUL",90727.6530281494,1,0,1,1,3
"149352","Osaka","Office","CL9c","ZoneA","GHP","MUL",31437.5670182435,1,0,1,1,3
"149416","Osaka","Office","CL9c","ZoneA","ABCH","CAV",108201.283569562,1,0,1,1,3
"149477","Osaka","Office","CL9c","ZoneA","ABCH","VAV",133501.47136174,1,0,1,0,3
"149480","Osaka","Office","CL9c","ZoneA","ABCH","VAV",201664.981235715,1,0,1,1,3
"149485","Osaka","Office","CL9c","ZoneA","ABCH","VAV",32574.515822761,1,1,1,0,3
"149488","Osaka","Office","CL9c","ZoneA","ABCH","VAV",48337.2287212162,1,1,1,1,3
"149552","Osaka","Office","CL9c","ZoneA","ABCH","FCU",73732.8277533459,1,1,1,1,3
"149669","Osaka","Office","CL9c","ZoneA","ABCH","VAVFCU",94811.0822966325,1,0,1,0,3
"149672","Osaka","Office","CL9c","ZoneA","ABCH","VAVFCU",143219.958081808,1,0,1,1,3
"149680","Osaka","Office","CL9c","ZoneA","ABCH","VAVFCU",34328.4978325096,1,1,1,1,3
"149733","Osaka","Office","CL9c","ZoneA","ABCH","OHUFCU",75586.4480297109,1,0,1,0,3
"149736","Osaka","Office","CL9c","ZoneA","ABCH","OHUFCU",124518.397298485,1,0,1,1,3
"149861","Osaka","Office","CL9c","ZoneA","AHP","VAV",79874.5695285464,1,0,1,0,3
"149864","Osaka","Office","CL9c","ZoneA","AHP","VAV",117462.487099654,1,0,1,1,3
"150053","Osaka","Office","CL9c","ZoneA","AHP","VAVFCU",52284.885439932,1,0,1,0,3
"150056","Osaka","Office","CL9c","ZoneA","AHP","VAVFCU",76889.4620371006,1,0,1,1,3
"150120","Osaka","Office","CL9c","ZoneA","AHP","OHUFCU",94905.4804250767,1,0,1,1,3
"150245","Osaka","Office","CL9c","ZoneA","TB","VAV",69789.736134522,1,0,1,0,3
"150248","Osaka","Office","CL9c","ZoneA","TB","VAV",104669.471510906,1,0,1,1,3
"150629","Osaka","Office","CL9c","ZoneA","AB","VAV",84322.8847188013,1,0,1,0,3
"150632","Osaka","Office","CL9c","ZoneA","AB","VAV",124004.120672575,1,0,1,1,3
"150821","Osaka","Office","CL9c","ZoneA","AB","VAVFCU",55196.6964393025,1,0,1,0,3
"150824","Osaka","Office","CL9c","ZoneA","AB","VAVFCU",81171.5328384704,1,0,1,1,3
"150885","Osaka","Office","CL9c","ZoneA","AB","OHUFCU",38600.0923728554,1,0,1,0,3
"150888","Osaka","Office","CL9c","ZoneA","AB","OHUFCU",61590.7935662058,1,0,1,1,3
"150952","Osaka","Office","CL9c","ZoneA","COM","CAV",104687.898601092,1,0,1,1,3
"151013","Osaka","Office","CL9c","ZoneA","COM","VAV",140119.216691938,1,0,1,0,3
"151016","Osaka","Office","CL9c","ZoneA","COM","VAV",213701.676364136,1,0,1,1,3
"151024","Osaka","Office","CL9c","ZoneA","COM","VAV",48746.9016638839,1,1,1,1,3
"151088","Osaka","Office","CL9c","ZoneA","COM","FCU",71338.6619896386,1,1,1,1,3
"151144","Osaka","Office","CL9c","ZoneA","COM","CAVFCU",50325.85304082,1,0,1,1,3
"151205","Osaka","Office","CL9c","ZoneA","COM","VAVFCU",104356.831665216,1,0,1,0,3
"151208","Osaka","Office","CL9c","ZoneA","COM","VAVFCU",159158.96758071,1,0,1,1,3
"151269","Osaka","Office","CL9c","ZoneA","COM","OHUFCU",72627.4242665803,1,0,1,0,3
"151272","Osaka","Office","CL9c","ZoneA","COM","OHUFCU",120979.851601248,1,0,1,1,3
"151336","Osaka","Office","CL9c","ZoneA","AHP+TESICE","CAV",74143.6193988189,1,0,1,1,3
"151397","Osaka","Office","CL9c","ZoneA","AHP+TESICE","VAV",97946.466263891,1,0,1,0,3
"151400","Osaka","Office","CL9c","ZoneA","AHP+TESICE","VAV",147299.25091348,1,0,1,1,3
"151408","Osaka","Office","CL9c","ZoneA","AHP+TESICE","VAV",39866.8292848722,1,1,1,1,3
"151589","Osaka","Office","CL9c","ZoneA","AHP+TESICE","VAVFCU",74536.8953499022,1,0,1,0,3
"151592","Osaka","Office","CL9c","ZoneA","AHP+TESICE","VAVFCU",112094.180313523,1,0,1,1,3
"151653","Osaka","Office","CL9c","ZoneA","AHP+TESICE","OHUFCU",51977.8307245587,1,0,1,0,3
"151656","Osaka","Office","CL9c","ZoneA","AHP+TESICE","OHUFCU",85141.5915449095,1,0,1,1,3
"151717","Osaka","Office","CL9c","ZoneA","COM+TESICE","CAV",71472.1152416014,1,0,1,0,3
"151720","Osaka","Office","CL9c","ZoneA","COM+TESICE","CAV",78684.5347209501,1,0,1,1,3
"151725","Osaka","Office","CL9c","ZoneA","COM+TESICE","CAV",49403.1973289159,1,1,1,0,3
"151728","Osaka","Office","CL9c","ZoneA","COM+TESICE","CAV",54388.5903252293,1,1,1,1,3
"151777","Osaka","Office","CL9c","ZoneA","COM+TESICE","VAV",58685.9829387675,0,0,0,0,3
"151778","Osaka","Office","CL9c","ZoneA","COM+TESICE","VAV",45562.7429769235,1,0,0,0,3
"151781","Osaka","Office","CL9c","ZoneA","COM+TESICE","VAV",272802.514727715,1,0,1,0,3
"151782","Osaka","Office","CL9c","ZoneA","COM+TESICE","VAV",26286.7531877178,1,0,0,1,3
"151784","Osaka","Office","CL9c","ZoneA","COM+TESICE","VAV",416062.522258012,1,0,1,1,3
"151789","Osaka","Office","CL9c","ZoneA","COM+TESICE","VAV",62228.2313613328,1,1,1,0,3
"151792","Osaka","Office","CL9c","ZoneA","COM+TESICE","VAV",94906.877679236,1,1,1,1,3
"151850","Osaka","Office","CL9c","ZoneA","COM+TESICE","FCU",59647.5208570163,1,1,0,0,3
"151853","Osaka","Office","CL9c","ZoneA","COM+TESICE","FCU",50861.2899575501,1,1,1,0,3
"151856","Osaka","Office","CL9c","ZoneA","COM+TESICE","FCU",62542.1530123586,1,1,1,1,3
"151912","Osaka","Office","CL9c","ZoneA","COM+TESICE","CAVFCU",122078.787732113,1,0,1,1,3
"151969","Osaka","Office","CL9c","ZoneA","COM+TESICE","VAVFCU",39477.7817690527,0,0,0,0,3
"151970","Osaka","Office","CL9c","ZoneA","COM+TESICE","VAVFCU",30649.8406258134,1,0,0,0,3
"151973","Osaka","Office","CL9c","ZoneA","COM+TESICE","VAVFCU",183512.954936897,1,0,1,0,3
"151976","Osaka","Office","CL9c","ZoneA","COM+TESICE","VAVFCU",279883.281040405,1,0,1,1,3
"151981","Osaka","Office","CL9c","ZoneA","COM+TESICE","VAVFCU",41860.6354454359,1,1,1,0,3
"151984","Osaka","Office","CL9c","ZoneA","COM+TESICE","VAVFCU",63843.4054910924,1,1,1,1,3
"152033","Osaka","Office","CL9c","ZoneA","COM+TESICE","OHUFCU",30178.3611094762,0,0,0,0,3
"152037","Osaka","Office","CL9c","ZoneA","COM+TESICE","OHUFCU",134236.21256075,1,0,1,0,3
"152040","Osaka","Office","CL9c","ZoneA","COM+TESICE","OHUFCU",223605.301153245,1,0,1,1,3
"152045","Osaka","Office","CL9c","ZoneA","COM+TESICE","OHUFCU",30620.2532650288,1,1,1,0,3
"152048","Osaka","Office","CL9c","ZoneA","COM+TESICE","OHUFCU",51005.9902771526,1,1,1,1,3
"152066","Hiroshima","Office","CL1","ZoneC","EHP","MUL",87177.2387200451,1,0,0,0,1
"152082","Hiroshima","Office","CL1","ZoneC","EHP","MUL",34899.1084038913,1,0,0,0,2
"152130","Hiroshima","Office","CL1","ZoneC","GHP","MUL",18884.8736026328,1,0,0,0,1
"154881","Hiroshima","Office","CL2","ZoneC","EHP","MUL",659756.911527657,0,0,0,0,1
"154882","Hiroshima","Office","CL2","ZoneC","EHP","MUL",1740352.52451278,1,0,0,0,1
"154885","Hiroshima","Office","CL2","ZoneC","EHP","MUL",36527.8163135198,1,0,1,0,1
"154897","Hiroshima","Office","CL2","ZoneC","EHP","MUL",227600.735614428,0,0,0,0,2
"154898","Hiroshima","Office","CL2","ZoneC","EHP","MUL",600381.000769453,1,0,0,0,2
"154945","Hiroshima","Office","CL2","ZoneC","GHP","MUL",101962.828152846,0,0,0,0,1
"154946","Hiroshima","Office","CL2","ZoneC","GHP","MUL",268964.617545853,1,0,0,0,1
"154961","Hiroshima","Office","CL2","ZoneC","GHP","MUL",34647.4878109354,0,0,0,0,2
"154962","Hiroshima","Office","CL2","ZoneC","GHP","MUL",91395.5455808207,1,0,0,0,2
"155393","Hiroshima","Office","CL2","ZoneC","AHP","CAV",45926.0677066489,0,0,0,0,1
"155394","Hiroshima","Office","CL2","ZoneC","AHP","CAV",45892.2534148457,1,0,0,0,1
"157697","Hiroshima","Office","CL3","ZoneC","EHP","MUL",755577.705351736,0,0,0,0,1
"157698","Hiroshima","Office","CL3","ZoneC","EHP","MUL",2047376.40103768,1,0,0,0,1
"157700","Hiroshima","Office","CL3","ZoneC","EHP","MUL",29107.3726110194,0,0,0,1,1
"157701","Hiroshima","Office","CL3","ZoneC","EHP","MUL",71092.9620538307,1,0,1,0,1
"157713","Hiroshima","Office","CL3","ZoneC","EHP","MUL",257505.996786348,0,0,0,0,2
"157714","Hiroshima","Office","CL3","ZoneC","EHP","MUL",697759.736969246,1,0,0,0,2
"157761","Hiroshima","Office","CL3","ZoneC","GHP","MUL",84524.4415400812,0,0,0,0,1
"157762","Hiroshima","Office","CL3","ZoneC","GHP","MUL",229034.480099557,1,0,0,0,1
"157777","Hiroshima","Office","CL3","ZoneC","GHP","MUL",27812.2656949473,0,0,0,0,2
"157778","Hiroshima","Office","CL3","ZoneC","GHP","MUL",75362.4359743612,1,0,0,0,2
"157825","Hiroshima","Office","CL3","ZoneC","ABCH","CAV",65988.1912765374,0,0,0,0,1
"157826","Hiroshima","Office","CL3","ZoneC","ABCH","CAV",63080.6684553054,1,0,0,0,1
"158209","Hiroshima","Office","CL3","ZoneC","AHP","CAV",71057.4780426729,0,0,0,0,1
"158210","Hiroshima","Office","CL3","ZoneC","AHP","CAV",67926.596061646,1,0,0,0,1
"158225","Hiroshima","Office","CL3","ZoneC","AHP","CAV",45094.0638944103,0,0,0,0,2
"158226","Hiroshima","Office","CL3","ZoneC","AHP","CAV",43107.1626422509,1,0,0,0,2
"160513","Hiroshima","Office","CL4","ZoneC","EHP","MUL",610869.73868682,0,0,0,0,1
"160514","Hiroshima","Office","CL4","ZoneC","EHP","MUL",1709602.64637054,1,0,0,0,1
"160516","Hiroshima","Office","CL4","ZoneC","EHP","MUL",27950.807528466,0,0,0,1,1
"160517","Hiroshima","Office","CL4","ZoneC","EHP","MUL",93491.2679602858,1,0,1,0,1
"160518","Hiroshima","Office","CL4","ZoneC","EHP","MUL",33859.2199600784,1,0,0,1,1
"160529","Hiroshima","Office","CL4","ZoneC","EHP","MUL",206149.785005519,0,0,0,0,2
"160530","Hiroshima","Office","CL4","ZoneC","EHP","MUL",576938.413665371,1,0,0,0,2
"160533","Hiroshima","Office","CL4","ZoneC","EHP","MUL",31550.433045411,1,0,1,0,2
"160577","Hiroshima","Office","CL4","ZoneC","GHP","MUL",55942.9378017425,0,0,0,0,1
"160578","Hiroshima","Office","CL4","ZoneC","GHP","MUL",156563.975025508,1,0,0,0,1
"160594","Hiroshima","Office","CL4","ZoneC","GHP","MUL",69924.1380821412,1,0,0,0,2
"160641","Hiroshima","Office","CL4","ZoneC","ABCH","CAV",59557.3737834349,0,0,0,0,1
"160642","Hiroshima","Office","CL4","ZoneC","ABCH","CAV",96942.2021055046,1,0,0,0,1
"160657","Hiroshima","Office","CL4","ZoneC","ABCH","CAV",45390.7253355929,0,0,0,0,2
"160658","Hiroshima","Office","CL4","ZoneC","ABCH","CAV",41856.783683576,1,0,0,0,2
"160961","Hiroshima","Office","CL4","ZoneC","ABCH","OHUFCU",76614.0083520435,0,0,0,0,1
"161025","Hiroshima","Office","CL4","ZoneC","AHP","CAV",58845.0333902886,0,0,0,0,1
"161026","Hiroshima","Office","CL4","ZoneC","AHP","CAV",95782.717696212,1,0,0,0,1
"161041","Hiroshima","Office","CL4","ZoneC","AHP","CAV",44847.8261935265,0,0,0,0,2
"161042","Hiroshima","Office","CL4","ZoneC","AHP","CAV",41356.1525131448,1,0,0,0,2
"161345","Hiroshima","Office","CL4","ZoneC","AHP","OHUFCU",75697.6608141472,0,0,0,0,1
"162561","Hiroshima","Office","CL4","ZoneC","AHP+TESICE","CAV",63698.5731282586,0,0,0,0,1
"163329","Hiroshima","Office","CL5","ZoneC","EHP","MUL",392104.619996043,0,0,0,0,1
"163330","Hiroshima","Office","CL5","ZoneC","EHP","MUL",1123594.79745307,1,0,0,0,1
"163333","Hiroshima","Office","CL5","ZoneC","EHP","MUL",103669.731671555,1,0,1,0,1
"163334","Hiroshima","Office","CL5","ZoneC","EHP","MUL",39848.7285613011,1,0,0,1,1
"163345","Hiroshima","Office","CL5","ZoneC","EHP","MUL",330192.133356314,0,0,0,0,2
"163346","Hiroshima","Office","CL5","ZoneC","EHP","MUL",946181.565529194,1,0,0,0,2
"163349","Hiroshima","Office","CL5","ZoneC","EHP","MUL",87300.5012423802,1,0,1,0,2
"163350","Hiroshima","Office","CL5","ZoneC","EHP","MUL",33556.6989629593,1,0,0,1,2
"163393","Hiroshima","Office","CL5","ZoneC","GHP","MUL",30133.4099243536,0,0,0,0,1
"163394","Hiroshima","Office","CL5","ZoneC","GHP","MUL",86348.7469769318,1,0,0,0,1
"163410","Hiroshima","Office","CL5","ZoneC","GHP","MUL",98089.8717428237,1,0,0,0,2
"163458","Hiroshima","Office","CL5","ZoneC","ABCH","CAV",128202.665975523,1,0,0,0,1
"163474","Hiroshima","Office","CL5","ZoneC","ABCH","CAV",114716.057859174,1,0,0,0,2
"163521","Hiroshima","Office","CL5","ZoneC","ABCH","VAV",85914.4785545658,0,0,0,0,1
"163537","Hiroshima","Office","CL5","ZoneC","ABCH","VAV",76876.4847268311,0,0,0,0,2
"163594","Hiroshima","Office","CL5","ZoneC","ABCH","FCU",67571.3416573525,1,1,0,0,1
"163610","Hiroshima","Office","CL5","ZoneC","ABCH","FCU",60463.0011412306,1,1,0,0,2
"163777","Hiroshima","Office","CL5","ZoneC","ABCH","OHUFCU",60744.859768838,0,0,0,0,1
"163781","Hiroshima","Office","CL5","ZoneC","ABCH","OHUFCU",40041.864962903,1,0,1,0,1
"163793","Hiroshima","Office","CL5","ZoneC","ABCH","OHUFCU",54354.6485158107,0,0,0,0,2
"163797","Hiroshima","Office","CL5","ZoneC","ABCH","OHUFCU",35829.5583240884,1,0,1,0,2
"163842","Hiroshima","Office","CL5","ZoneC","AHP","CAV",109769.55838066,1,0,0,0,1
"163858","Hiroshima","Office","CL5","ZoneC","AHP","CAV",119298.331799238,1,0,0,0,2
"163905","Hiroshima","Office","CL5","ZoneC","AHP","VAV",73561.6088610822,0,0,0,0,1
"163921","Hiroshima","Office","CL5","ZoneC","AHP","VAV",79947.2763765928,0,0,0,0,2
"163978","Hiroshima","Office","CL5","ZoneC","AHP","FCU",57855.8665412812,1,1,0,0,1
"164161","Hiroshima","Office","CL5","ZoneC","AHP","OHUFCU",52010.903049345,0,0,0,0,1
"164165","Hiroshima","Office","CL5","ZoneC","AHP","OHUFCU",34284.6055522363,1,0,1,0,1
"164177","Hiroshima","Office","CL5","ZoneC","AHP","OHUFCU",93786.5686061581,0,0,0,0,2
"164993","Hiroshima","Office","CL5","ZoneC","COM","CAV",52599.8912224015,0,0,0,0,1
"165377","Hiroshima","Office","CL5","ZoneC","AHP+TESICE","CAV",69711.5733029716,0,0,0,0,1
"165378","Hiroshima","Office","CL5","ZoneC","AHP+TESICE","CAV",60828.1623621318,1,0,0,0,1
"165393","Hiroshima","Office","CL5","ZoneC","AHP+TESICE","CAV",62378.0856320456,0,0,0,0,2
"165394","Hiroshima","Office","CL5","ZoneC","AHP+TESICE","CAV",54429.1878792429,1,0,0,0,2
"166145","Hiroshima","Office","CL6","ZoneC","EHP","MUL",135420.784346184,0,0,0,0,1
"166146","Hiroshima","Office","CL6","ZoneC","EHP","MUL",392349.105908633,1,0,0,0,1
"166149","Hiroshima","Office","CL6","ZoneC","EHP","MUL",63112.9029875045,1,0,1,0,1
"166161","Hiroshima","Office","CL6","ZoneC","EHP","MUL",114038.130141143,0,0,0,0,2
"166162","Hiroshima","Office","CL6","ZoneC","EHP","MUL",330398.015462613,1,0,0,0,2
"166165","Hiroshima","Office","CL6","ZoneC","EHP","MUL",53147.5096619995,1,0,1,0,2
"166210","Hiroshima","Office","CL6","ZoneC","GHP","MUL",42579.7243659887,1,0,0,0,1
"166226","Hiroshima","Office","CL6","ZoneC","GHP","MUL",35856.4763309129,1,0,0,0,2
"166274","Hiroshima","Office","CL6","ZoneC","ABCH","CAV",110117.381216965,1,0,0,0,1
"166290","Hiroshima","Office","CL6","ZoneC","ABCH","CAV",99471.6440779359,1,0,0,0,2
"166337","Hiroshima","Office","CL6","ZoneC","ABCH","VAV",112604.585188995,0,0,0,0,1
"166353","Hiroshima","Office","CL6","ZoneC","ABCH","VAV",101718.394459399,0,0,0,0,2
"166593","Hiroshima","Office","CL6","ZoneC","ABCH","OHUFCU",59192.9761664915,0,0,0,0,1
"166597","Hiroshima","Office","CL6","ZoneC","ABCH","OHUFCU",61982.7167076283,1,0,1,0,1
"166609","Hiroshima","Office","CL6","ZoneC","ABCH","OHUFCU",53470.4203103575,0,0,0,0,2
"166613","Hiroshima","Office","CL6","ZoneC","ABCH","OHUFCU",55990.4591553694,1,0,1,0,2
"166658","Hiroshima","Office","CL6","ZoneC","AHP","CAV",73045.5135786236,1,0,0,0,1
"166721","Hiroshima","Office","CL6","ZoneC","AHP","VAV",74695.3811063827,0,0,0,0,1
"166981","Hiroshima","Office","CL6","ZoneC","AHP","OHUFCU",80380.9591312002,1,0,1,0,1
"166993","Hiroshima","Office","CL6","ZoneC","AHP","OHUFCU",73164.8069527478,0,0,0,0,2
"166994","Hiroshima","Office","CL6","ZoneC","AHP","OHUFCU",61200.8205450111,1,0,0,0,2
"166997","Hiroshima","Office","CL6","ZoneC","AHP","OHUFCU",71702.2575030214,1,0,1,0,2
"168129","Hiroshima","Office","CL6","ZoneC","COM","OHUFCU",79941.2630312206,0,0,0,0,1
"168145","Hiroshima","Office","CL6","ZoneC","COM","OHUFCU",72212.8402937096,0,0,0,0,2
"168513","Hiroshima","Office","CL6","ZoneC","AHP+TESICE","OHUFCU",52264.7391736968,0,0,0,0,1
"168514","Hiroshima","Office","CL6","ZoneC","AHP+TESICE","OHUFCU",43718.3538947491,1,0,0,0,1
"168517","Hiroshima","Office","CL6","ZoneC","AHP+TESICE","OHUFCU",51219.977782227,1,0,1,0,1
"168529","Hiroshima","Office","CL6","ZoneC","AHP+TESICE","OHUFCU",47211.9793937777,0,0,0,0,2
"168530","Hiroshima","Office","CL6","ZoneC","AHP+TESICE","OHUFCU",39491.8267237339,1,0,0,0,2
"168533","Hiroshima","Office","CL6","ZoneC","AHP+TESICE","OHUFCU",46268.2216315595,1,0,1,0,2
"168897","Hiroshima","Office","CL6","ZoneC","COM+TESICE","OHUFCU",58099.957983605,0,0,0,0,1
"168961","Hiroshima","Office","CL7","ZoneC","EHP","MUL",42468.6431522359,0,0,0,0,1
"168962","Hiroshima","Office","CL7","ZoneC","EHP","MUL",127467.9341708,1,0,0,0,1
"168977","Hiroshima","Office","CL7","ZoneC","EHP","MUL",35762.9346048674,0,0,0,0,2
"168978","Hiroshima","Office","CL7","ZoneC","EHP","MUL",107341.018116042,1,0,0,0,2
"169026","Hiroshima","Office","CL7","ZoneC","GHP","MUL",14380.3025208872,1,0,0,0,1
"169042","Hiroshima","Office","CL7","ZoneC","GHP","MUL",12109.6832976078,1,0,0,0,2
"169157","Hiroshima","Office","CL7","ZoneC","ABCH","VAV",126296.165072255,1,0,1,0,1
"169169","Hiroshima","Office","CL7","ZoneC","ABCH","VAV",44837.360899211,0,0,0,0,2
"169170","Hiroshima","Office","CL7","ZoneC","ABCH","VAV",37227.4998499878,1,0,0,0,2
"169173","Hiroshima","Office","CL7","ZoneC","ABCH","VAV",72224.4011226315,1,0,1,0,2
"169176","Hiroshima","Office","CL7","ZoneC","ABCH","VAV",46918.2565960832,1,0,1,1,2
"169413","Hiroshima","Office","CL7","ZoneC","ABCH","OHUFCU",112638.653777811,1,0,1,0,1
"169541","Hiroshima","Office","CL7","ZoneC","AHP","VAV",125786.026156305,1,0,1,0,1
"169557","Hiroshima","Office","CL7","ZoneC","AHP","VAV",105924.679804545,1,0,1,0,2
"170693","Hiroshima","Office","CL7","ZoneC","COM","VAV",91310.8998927646,1,0,1,0,1
"170709","Hiroshima","Office","CL7","ZoneC","COM","VAV",76893.1027504374,1,0,1,0,2
"171077","Hiroshima","Office","CL7","ZoneC","AHP+TESICE","VAV",115657.434630735,1,0,1,0,1
"171093","Hiroshima","Office","CL7","ZoneC","AHP+TESICE","VAV",97395.3713670259,1,0,1,0,2
"171461","Hiroshima","Office","CL7","ZoneC","COM+TESICE","VAV",97318.1622273398,1,0,1,0,1
"171477","Hiroshima","Office","CL7","ZoneC","COM+TESICE","VAV",81951.8311222287,1,0,1,0,2
"171810","Hiroshima","Office","CL8c","ZoneA","EHP","MUL",119491.824251614,1,0,0,0,3
"171874","Hiroshima","Office","CL8c","ZoneA","GHP","MUL",11916.289904537,1,0,0,0,3
"172005","Hiroshima","Office","CL8c","ZoneA","ABCH","VAV",76168.730826503,1,0,1,0,3
"172008","Hiroshima","Office","CL8c","ZoneA","ABCH","VAV",70734.321612646,1,0,1,1,3
"172197","Hiroshima","Office","CL8c","ZoneA","ABCH","VAVFCU",85864.8284933268,1,0,1,0,3
"172261","Hiroshima","Office","CL8c","ZoneA","ABCH","OHUFCU",55141.8615644399,1,0,1,0,3
"172264","Hiroshima","Office","CL8c","ZoneA","ABCH","OHUFCU",55140.381555059,1,0,1,1,3
"172389","Hiroshima","Office","CL8c","ZoneA","AHP","VAV",72951.5598401118,1,0,1,0,3
"172392","Hiroshima","Office","CL8c","ZoneA","AHP","VAV",69560.9769235745,1,0,1,1,3
"173157","Hiroshima","Office","CL8c","ZoneA","AB","VAV",66179.6303364949,1,0,1,0,3
"173541","Hiroshima","Office","CL8c","ZoneA","COM","VAV",65790.2870731432,1,0,1,0,3
"173544","Hiroshima","Office","CL8c","ZoneA","COM","VAV",61096.3485189224,1,0,1,1,3
"173797","Hiroshima","Office","CL8c","ZoneA","COM","OHUFCU",48018.9821610457,1,0,1,0,3
"173800","Hiroshima","Office","CL8c","ZoneA","COM","OHUFCU",47236.6477434169,1,0,1,1,3
"173925","Hiroshima","Office","CL8c","ZoneA","AHP+TESICE","VAV",101212.209201981,1,0,1,0,3
"173928","Hiroshima","Office","CL8c","ZoneA","AHP+TESICE","VAV",96508.1509444558,1,0,1,1,3
"174309","Hiroshima","Office","CL8c","ZoneA","COM+TESICE","VAV",79383.1232797887,1,0,1,0,3
"174312","Hiroshima","Office","CL8c","ZoneA","COM+TESICE","VAV",73719.376859239,1,0,1,1,3
"174501","Hiroshima","Office","CL8c","ZoneA","COM+TESICE","VAVFCU",89488.40543516,1,0,1,0,3
"174565","Hiroshima","Office","CL8c","ZoneA","COM+TESICE","OHUFCU",57468.9002553772,1,0,1,0,3
"174568","Hiroshima","Office","CL8c","ZoneA","COM+TESICE","OHUFCU",57467.3577882012,1,0,1,1,3
"177409","Matsuyama","Office","CL1","ZoneC","EHP","MUL",26623.9577236498,0,0,0,0,1
"177410","Matsuyama","Office","CL1","ZoneC","EHP","MUL",67641.7030992027,1,0,0,0,1
"177426","Matsuyama","Office","CL1","ZoneC","EHP","MUL",36800.8555679331,1,0,0,0,2
"177474","Matsuyama","Office","CL1","ZoneC","GHP","MUL",17576.0639468713,1,0,0,0,1
"180225","Matsuyama","Office","CL2","ZoneC","EHP","MUL",377070.882078114,0,0,0,0,1
"180226","Matsuyama","Office","CL2","ZoneC","EHP","MUL",986574.038924785,1,0,0,0,1
"180241","Matsuyama","Office","CL2","ZoneC","EHP","MUL",124072.935201964,0,0,0,0,2
"180242","Matsuyama","Office","CL2","ZoneC","EHP","MUL",324626.330542532,1,0,0,0,2
"180289","Matsuyama","Office","CL2","ZoneC","GHP","MUL",49281.813301898,0,0,0,0,1
"180290","Matsuyama","Office","CL2","ZoneC","GHP","MUL",128941.692147733,1,0,0,0,1
"180306","Matsuyama","Office","CL2","ZoneC","GHP","MUL",58643.3864138524,1,0,0,0,2
"183041","Matsuyama","Office","CL3","ZoneC","EHP","MUL",374130.478627793,0,0,0,0,1
"183042","Matsuyama","Office","CL3","ZoneC","EHP","MUL",1014485.41761606,1,0,0,0,1
"183045","Matsuyama","Office","CL3","ZoneC","EHP","MUL",35348.9183212467,1,0,1,0,1
"183057","Matsuyama","Office","CL3","ZoneC","EHP","MUL",136680.857855181,0,0,0,0,2
"183058","Matsuyama","Office","CL3","ZoneC","EHP","MUL",370621.334219829,1,0,0,0,2
"183105","Matsuyama","Office","CL3","ZoneC","GHP","MUL",36969.2190188772,0,0,0,0,1
"183106","Matsuyama","Office","CL3","ZoneC","GHP","MUL",100245.063521321,1,0,0,0,1
"183122","Matsuyama","Office","CL3","ZoneC","GHP","MUL",48884.0072483827,1,0,0,0,2
"183169","Matsuyama","Office","CL3","ZoneC","ABCH","CAV",60051.9824062924,0,0,0,0,1
"183553","Matsuyama","Office","CL3","ZoneC","AHP","CAV",69078.0957905337,0,0,0,0,1
"185857","Matsuyama","Office","CL4","ZoneC","EHP","MUL",353477.940477839,0,0,0,0,1
"185858","Matsuyama","Office","CL4","ZoneC","EHP","MUL",993802.452330841,1,0,0,0,1
"185861","Matsuyama","Office","CL4","ZoneC","EHP","MUL",53933.8750413925,1,0,1,0,1
"185873","Matsuyama","Office","CL4","ZoneC","EHP","MUL",120965.893296635,0,0,0,0,2
"185874","Matsuyama","Office","CL4","ZoneC","EHP","MUL",340095.342991066,1,0,0,0,2
"185922","Matsuyama","Office","CL4","ZoneC","GHP","MUL",100804.910136874,1,0,0,0,1
"185938","Matsuyama","Office","CL4","ZoneC","GHP","MUL",33169.2572349332,1,0,0,0,2
"185985","Matsuyama","Office","CL4","ZoneC","ABCH","CAV",73771.718253377,0,0,0,0,1
"185986","Matsuyama","Office","CL4","ZoneC","ABCH","CAV",67612.113702826,1,0,0,0,1
"186369","Matsuyama","Office","CL4","ZoneC","AHP","CAV",77568.2512902288,0,0,0,0,1
"186370","Matsuyama","Office","CL4","ZoneC","AHP","CAV",71091.6534158978,1,0,0,0,1
"186385","Matsuyama","Office","CL4","ZoneC","AHP","CAV",49797.5185226875,0,0,0,0,2
"186386","Matsuyama","Office","CL4","ZoneC","AHP","CAV",45639.6511317588,1,0,0,0,2
"188673","Matsuyama","Office","CL5","ZoneC","EHP","MUL",273592.005161846,0,0,0,0,1
"188674","Matsuyama","Office","CL5","ZoneC","EHP","MUL",785818.739477321,1,0,0,0,1
"188677","Matsuyama","Office","CL5","ZoneC","EHP","MUL",72306.5940518436,1,0,1,0,1
"188678","Matsuyama","Office","CL5","ZoneC","EHP","MUL",28199.9480350696,1,0,0,1,1
"188689","Matsuyama","Office","CL5","ZoneC","EHP","MUL",236133.289132158,0,0,0,0,2
"188690","Matsuyama","Office","CL5","ZoneC","EHP","MUL",678228.749793687,1,0,0,0,2
"188693","Matsuyama","Office","CL5","ZoneC","EHP","MUL",62406.7719716638,1,0,1,0,2
"188738","Matsuyama","Office","CL5","ZoneC","GHP","MUL",71604.53765184,1,0,0,0,1
"188754","Matsuyama","Office","CL5","ZoneC","GHP","MUL",60298.3332496626,1,0,0,0,2
"188802","Matsuyama","Office","CL5","ZoneC","ABCH","CAV",112755.004311084,1,0,0,0,1
"188817","Matsuyama","Office","CL5","ZoneC","ABCH","CAV",51016.1702005983,0,0,0,0,2
"188818","Matsuyama","Office","CL5","ZoneC","ABCH","CAV",79729.457042207,1,0,0,0,2
"188865","Matsuyama","Office","CL5","ZoneC","ABCH","VAV",76868.3812256262,0,0,0,0,1
"189121","Matsuyama","Office","CL5","ZoneC","ABCH","OHUFCU",91152.5209721686,0,0,0,0,1
"189137","Matsuyama","Office","CL5","ZoneC","ABCH","OHUFCU",105696.360015993,0,0,0,0,2
"189185","Matsuyama","Office","CL5","ZoneC","AHP","CAV",53649.2230585381,0,0,0,0,1
"189186","Matsuyama","Office","CL5","ZoneC","AHP","CAV",83844.4635960409,1,0,0,0,1
"189201","Matsuyama","Office","CL5","ZoneC","AHP","CAV",85119.7204408107,0,0,0,0,2
"189202","Matsuyama","Office","CL5","ZoneC","AHP","CAV",74257.1851943459,1,0,0,0,2
"189205","Matsuyama","Office","CL5","ZoneC","AHP","CAV",50007.7961343137,1,0,1,0,2
"189505","Matsuyama","Office","CL5","ZoneC","AHP","OHUFCU",111151.573563376,0,0,0,0,1
"190721","Matsuyama","Office","CL5","ZoneC","AHP+TESICE","CAV",96850.9370931057,0,0,0,0,1
"190737","Matsuyama","Office","CL5","ZoneC","AHP+TESICE","CAV",81558.3798442713,0,0,0,0,2
"191489","Matsuyama","Office","CL6","ZoneC","EHP","MUL",83344.2876487174,0,0,0,0,1
"191490","Matsuyama","Office","CL6","ZoneC","EHP","MUL",251613.708062458,1,0,0,0,1
"191493","Matsuyama","Office","CL6","ZoneC","EHP","MUL",38973.8335147559,1,0,1,0,1
"191505","Matsuyama","Office","CL6","ZoneC","EHP","MUL",70184.4016580836,0,0,0,0,2
"191506","Matsuyama","Office","CL6","ZoneC","EHP","MUL",211884.438004518,1,0,0,0,2
"191509","Matsuyama","Office","CL6","ZoneC","EHP","MUL",32819.9479859254,1,0,1,0,2
"191554","Matsuyama","Office","CL6","ZoneC","GHP","MUL",26045.3782693189,1,0,0,0,1
"191570","Matsuyama","Office","CL6","ZoneC","GHP","MUL",21932.8683627993,1,0,0,0,2
"191682","Matsuyama","Office","CL6","ZoneC","ABCH","VAV",104430.080491207,1,0,0,0,1
"191937","Matsuyama","Office","CL6","ZoneC","ABCH","OHUFCU",104902.271084517,0,0,0,0,1
"191953","Matsuyama","Office","CL6","ZoneC","ABCH","OHUFCU",62784.1473813926,0,0,0,0,2
"191954","Matsuyama","Office","CL6","ZoneC","ABCH","OHUFCU",53846.4905845207,1,0,0,0,2
"191957","Matsuyama","Office","CL6","ZoneC","ABCH","OHUFCU",59648.5799325657,1,0,1,0,2
"192321","Matsuyama","Office","CL6","ZoneC","AHP","OHUFCU",62822.114223906,0,0,0,0,1
"192322","Matsuyama","Office","CL6","ZoneC","AHP","OHUFCU",53879.0526453781,1,0,0,0,1
"192325","Matsuyama","Office","CL6","ZoneC","AHP","OHUFCU",59684.6506340865,1,0,1,0,1
"192337","Matsuyama","Office","CL6","ZoneC","AHP","OHUFCU",52902.6358265174,0,0,0,0,2
"192338","Matsuyama","Office","CL6","ZoneC","AHP","OHUFCU",45371.6646755506,1,0,0,0,2
"192341","Matsuyama","Office","CL6","ZoneC","AHP","OHUFCU",50260.5710733383,1,0,1,0,2
"193857","Matsuyama","Office","CL6","ZoneC","AHP+TESICE","OHUFCU",103903.761868194,0,0,0,0,1
"193873","Matsuyama","Office","CL6","ZoneC","AHP+TESICE","OHUFCU",87497.5785680663,0,0,0,0,2
"194306","Matsuyama","Office","CL7","ZoneC","EHP","MUL",89608.9881082541,1,0,0,0,1
"194322","Matsuyama","Office","CL7","ZoneC","EHP","MUL",75459.9192217214,1,0,0,0,2
"194370","Matsuyama","Office","CL7","ZoneC","GHP","MUL",7663.78585261,1,0,0,0,1
"194386","Matsuyama","Office","CL7","ZoneC","GHP","MUL",6453.69034490026,1,0,0,0,2
"194497","Matsuyama","Office","CL7","ZoneC","ABCH","VAV",48873.7237666839,0,0,0,0,1
"194501","Matsuyama","Office","CL7","ZoneC","ABCH","VAV",78503.9492016346,1,0,1,0,1
"194504","Matsuyama","Office","CL7","ZoneC","ABCH","VAV",51050.4323298752,1,0,1,1,1
"194513","Matsuyama","Office","CL7","ZoneC","ABCH","VAV",44229.9650581427,0,0,0,0,2
"194514","Matsuyama","Office","CL7","ZoneC","ABCH","VAV",36650.4395851948,1,0,0,0,2
"194517","Matsuyama","Office","CL7","ZoneC","ABCH","VAV",71044.8613797142,1,0,1,0,2
"194520","Matsuyama","Office","CL7","ZoneC","ABCH","VAV",46199.8526842895,1,0,1,1,2
"194885","Matsuyama","Office","CL7","ZoneC","AHP","VAV",93645.3306185983,1,0,1,0,1
"194901","Matsuyama","Office","CL7","ZoneC","AHP","VAV",103983.014414634,1,0,1,0,2
"196421","Matsuyama","Office","CL7","ZoneC","AHP+TESICE","VAV",86681.3094837479,1,0,1,0,1
"197154","Matsuyama","Office","CL8c","ZoneA","EHP","MUL",23517.1565484972,1,0,0,0,3
"197349","Matsuyama","Office","CL8c","ZoneA","ABCH","VAV",63418.5082412098,1,0,1,0,3
"197352","Matsuyama","Office","CL8c","ZoneA","ABCH","VAV",60447.0254105475,1,0,1,1,3
"199653","Matsuyama","Office","CL8c","ZoneA","COM+TESICE","VAV",66278.6094990052,1,0,1,0,3
"199656","Matsuyama","Office","CL8c","ZoneA","COM+TESICE","VAV",63173.1162348403,1,0,1,1,3
"202753","Fukuoka","Office","CL1","ZoneC","EHP","MUL",32056.0479011574,0,0,0,0,1
"202754","Fukuoka","Office","CL1","ZoneC","EHP","MUL",81900.0981331062,1,0,0,0,1
"202770","Fukuoka","Office","CL1","ZoneC","EHP","MUL",43637.3765726217,1,0,0,0,2
"202818","Fukuoka","Office","CL1","ZoneC","GHP","MUL",18662.4951627799,1,0,0,0,1
"205569","Fukuoka","Office","CL2","ZoneC","EHP","MUL",1387098.73820777,0,0,0,0,1
"205570","Fukuoka","Office","CL2","ZoneC","EHP","MUL",3651554.23696986,1,0,0,0,1
"205572","Fukuoka","Office","CL2","ZoneC","EHP","MUL",45981.0252881575,0,0,0,1,1
"205573","Fukuoka","Office","CL2","ZoneC","EHP","MUL",77733.7016867474,1,0,1,0,1
"205585","Fukuoka","Office","CL2","ZoneC","EHP","MUL",460518.426281722,0,0,0,0,2
"205586","Fukuoka","Office","CL2","ZoneC","EHP","MUL",1212320.33767436,1,0,0,0,2
"205589","Fukuoka","Office","CL2","ZoneC","EHP","MUL",25807.6811576421,1,0,1,0,2
"205633","Fukuoka","Office","CL2","ZoneC","GHP","MUL",168126.907060647,0,0,0,0,1
"205634","Fukuoka","Office","CL2","ZoneC","GHP","MUL",442596.120171789,1,0,0,0,1
"205649","Fukuoka","Office","CL2","ZoneC","GHP","MUL",55321.1606541415,0,0,0,0,2
"205650","Fukuoka","Office","CL2","ZoneC","GHP","MUL",145633.625794895,1,0,0,0,2
"205698","Fukuoka","Office","CL2","ZoneC","ABCH","CAV",66141.380839856,1,0,0,0,1
"206081","Fukuoka","Office","CL2","ZoneC","AHP","CAV",42730.2748342366,0,0,0,0,1
"206082","Fukuoka","Office","CL2","ZoneC","AHP","CAV",43696.5521299638,1,0,0,0,1
"206098","Fukuoka","Office","CL2","ZoneC","AHP","CAV",50201.6630306421,1,0,0,0,2
"208385","Fukuoka","Office","CL3","ZoneC","EHP","MUL",1358190.87109919,0,0,0,0,1
"208386","Fukuoka","Office","CL3","ZoneC","EHP","MUL",3731007.17639791,1,0,0,0,1
"208388","Fukuoka","Office","CL3","ZoneC","EHP","MUL",56719.8640163689,0,0,0,1,1
"208389","Fukuoka","Office","CL3","ZoneC","EHP","MUL",127066.835327835,1,0,1,0,1
"208390","Fukuoka","Office","CL3","ZoneC","EHP","MUL",44299.4978474435,1,0,0,1,1
"208401","Fukuoka","Office","CL3","ZoneC","EHP","MUL",455559.499085284,0,0,0,0,2
"208402","Fukuoka","Office","CL3","ZoneC","EHP","MUL",1251441.01357997,1,0,0,0,2
"208405","Fukuoka","Office","CL3","ZoneC","EHP","MUL",42620.3010814325,1,0,1,0,2
"208449","Fukuoka","Office","CL3","ZoneC","GHP","MUL",121923.919490264,0,0,0,0,1
"208450","Fukuoka","Office","CL3","ZoneC","GHP","MUL",334930.110540783,1,0,0,0,1
"208465","Fukuoka","Office","CL3","ZoneC","GHP","MUL",40118.3418860519,0,0,0,0,2
"208466","Fukuoka","Office","CL3","ZoneC","GHP","MUL",110206.764503509,1,0,0,0,2
"208513","Fukuoka","Office","CL3","ZoneC","ABCH","CAV",85906.7463144802,0,0,0,0,1
"208514","Fukuoka","Office","CL3","ZoneC","ABCH","CAV",85672.4445589925,1,0,0,0,1
"208897","Fukuoka","Office","CL3","ZoneC","AHP","CAV",95162.2586945542,0,0,0,0,1
"208898","Fukuoka","Office","CL3","ZoneC","AHP","CAV",94902.7134873981,1,0,0,0,1
"208906","Fukuoka","Office","CL3","ZoneC","AHP","CAV",32888.3709409293,1,1,0,0,1
"208913","Fukuoka","Office","CL3","ZoneC","AHP","CAV",64997.9316149708,0,0,0,0,2
"208914","Fukuoka","Office","CL3","ZoneC","AHP","CAV",64820.6564866043,1,0,0,0,2
"211201","Fukuoka","Office","CL4","ZoneC","EHP","MUL",1331926.5556687,0,0,0,0,1
"211202","Fukuoka","Office","CL4","ZoneC","EHP","MUL",3724116.77390521,1,0,0,0,1
"211204","Fukuoka","Office","CL4","ZoneC","EHP","MUL",60614.7176029756,0,0,0,1,1
"211205","Fukuoka","Office","CL4","ZoneC","EHP","MUL",203642.306898753,1,0,1,0,1
"211206","Fukuoka","Office","CL4","ZoneC","EHP","MUL",73315.8861902039,1,0,0,1,1
"211208","Fukuoka","Office","CL4","ZoneC","EHP","MUL",31673.3270831242,1,0,1,1,1
"211217","Fukuoka","Office","CL4","ZoneC","EHP","MUL",452061.448922965,0,0,0,0,2
"211218","Fukuoka","Office","CL4","ZoneC","EHP","MUL",1263980.82357078,1,0,0,0,2
"211221","Fukuoka","Office","CL4","ZoneC","EHP","MUL",69117.0514822019,1,0,1,0,2
"211265","Fukuoka","Office","CL4","ZoneC","GHP","MUL",99950.2328415799,0,0,0,0,1
"211266","Fukuoka","Office","CL4","ZoneC","GHP","MUL",279464.612441923,1,0,0,0,1
"211281","Fukuoka","Office","CL4","ZoneC","GHP","MUL",32888.0307448548,0,0,0,0,2
"211282","Fukuoka","Office","CL4","ZoneC","GHP","MUL",91956.1716345037,1,0,0,0,2
"211329","Fukuoka","Office","CL4","ZoneC","ABCH","CAV",60038.5196938954,0,0,0,0,1
"211330","Fukuoka","Office","CL4","ZoneC","ABCH","CAV",115492.144164933,1,0,0,0,1
"211345","Fukuoka","Office","CL4","ZoneC","ABCH","CAV",73394.2898090785,0,0,0,0,2
"211346","Fukuoka","Office","CL4","ZoneC","ABCH","CAV",69459.4916007859,1,0,0,0,2
"211393","Fukuoka","Office","CL4","ZoneC","ABCH","VAV",72405.072646891,0,0,0,0,1
"211466","Fukuoka","Office","CL4","ZoneC","ABCH","FCU",57549.2792538938,1,1,0,0,1
"211649","Fukuoka","Office","CL4","ZoneC","ABCH","OHUFCU",76854.537496648,0,0,0,0,1
"211713","Fukuoka","Office","CL4","ZoneC","AHP","CAV",57020.3586467114,0,0,0,0,1
"211714","Fukuoka","Office","CL4","ZoneC","AHP","CAV",109686.306636767,1,0,0,0,1
"211722","Fukuoka","Office","CL4","ZoneC","AHP","CAV",33366.9451376782,1,1,0,0,1
"211729","Fukuoka","Office","CL4","ZoneC","AHP","CAV",83656.3835832635,0,0,0,0,2
"211730","Fukuoka","Office","CL4","ZoneC","AHP","CAV",79171.4163045837,1,0,0,0,2
"211777","Fukuoka","Office","CL4","ZoneC","AHP","VAV",82528.8526734015,0,0,0,0,1
"211850","Fukuoka","Office","CL4","ZoneC","AHP","FCU",65595.901162444,1,1,0,0,1
"212033","Fukuoka","Office","CL4","ZoneC","AHP","OHUFCU",87600.4480138537,0,0,0,0,1
"213249","Fukuoka","Office","CL4","ZoneC","AHP+TESICE","CAV",56957.0647125631,0,0,0,0,1
"213250","Fukuoka","Office","CL4","ZoneC","AHP+TESICE","CAV",53903.4953304818,1,0,0,0,1
"214017","Fukuoka","Office","CL5","ZoneC","EHP","MUL",928969.328397397,0,0,0,0,1
"214018","Fukuoka","Office","CL5","ZoneC","EHP","MUL",2666538.0120569,1,0,0,0,1
"214020","Fukuoka","Office","CL5","ZoneC","EHP","MUL",48320.9754267475,0,0,0,1,1
"214021","Fukuoka","Office","CL5","ZoneC","EHP","MUL",243523.902855826,1,0,1,0,1
"214022","Fukuoka","Office","CL5","ZoneC","EHP","MUL",94941.2492231028,1,0,0,1,1
"214024","Fukuoka","Office","CL5","ZoneC","EHP","MUL",58785.1094957683,1,0,1,1,1
"214033","Fukuoka","Office","CL5","ZoneC","EHP","MUL",782287.044639298,0,0,0,0,2
"214034","Fukuoka","Office","CL5","ZoneC","EHP","MUL",2245497.32386643,1,0,0,0,2
"214036","Fukuoka","Office","CL5","ZoneC","EHP","MUL",40691.1960439969,0,0,0,1,2
"214037","Fukuoka","Office","CL5","ZoneC","EHP","MUL",205071.9958567,1,0,1,0,2
"214038","Fukuoka","Office","CL5","ZoneC","EHP","MUL",79950.2276326308,1,0,0,1,2
"214040","Fukuoka","Office","CL5","ZoneC","EHP","MUL",49503.0655700722,1,0,1,1,2
"214081","Fukuoka","Office","CL5","ZoneC","GHP","MUL",60789.2583396276,0,0,0,0,1
"214082","Fukuoka","Office","CL5","ZoneC","GHP","MUL",174491.087199836,1,0,0,0,1
"214097","Fukuoka","Office","CL5","ZoneC","GHP","MUL",51190.7635684382,0,0,0,0,2
"214098","Fukuoka","Office","CL5","ZoneC","GHP","MUL",146939.315162261,1,0,0,0,2
"214145","Fukuoka","Office","CL5","ZoneC","ABCH","CAV",57336.3250311987,0,0,0,0,1
"214146","Fukuoka","Office","CL5","ZoneC","ABCH","CAV",108111.365365042,1,0,0,0,1
"214149","Fukuoka","Office","CL5","ZoneC","ABCH","CAV",34804.6262787814,1,0,1,0,1
"214154","Fukuoka","Office","CL5","ZoneC","ABCH","CAV",38861.3270361981,1,1,0,0,1
"214161","Fukuoka","Office","CL5","ZoneC","ABCH","CAV",56508.195432612,0,0,0,0,2
"214162","Fukuoka","Office","CL5","ZoneC","ABCH","CAV",106549.873212315,1,0,0,0,2
"214170","Fukuoka","Office","CL5","ZoneC","ABCH","CAV",38300.0386184014,1,1,0,0,2
"214209","Fukuoka","Office","CL5","ZoneC","ABCH","VAV",69837.4204714792,0,0,0,0,1
"214210","Fukuoka","Office","CL5","ZoneC","ABCH","VAV",54160.1075685133,1,0,0,0,1
"214213","Fukuoka","Office","CL5","ZoneC","ABCH","VAV",36882.7218150762,1,0,1,0,1
"214225","Fukuoka","Office","CL5","ZoneC","ABCH","VAV",76303.1834091518,0,0,0,0,2
"214226","Fukuoka","Office","CL5","ZoneC","ABCH","VAV",59174.4167147089,1,0,0,0,2
"214274","Fukuoka","Office","CL5","ZoneC","ABCH","FCU",52990.5842409415,1,0,0,0,1
"214282","Fukuoka","Office","CL5","ZoneC","ABCH","FCU",59226.9930662767,1,1,0,0,1
"214290","Fukuoka","Office","CL5","ZoneC","ABCH","FCU",44623.4835450054,1,0,0,0,2
"214298","Fukuoka","Office","CL5","ZoneC","ABCH","FCU",49875.176663389,1,1,0,0,2
"214465","Fukuoka","Office","CL5","ZoneC","ABCH","OHUFCU",97232.949842724,0,0,0,0,1
"214469","Fukuoka","Office","CL5","ZoneC","ABCH","OHUFCU",63445.3241287701,1,0,1,0,1
"214481","Fukuoka","Office","CL5","ZoneC","ABCH","OHUFCU",81880.0735921465,0,0,0,0,2
"214485","Fukuoka","Office","CL5","ZoneC","ABCH","OHUFCU",53427.442211145,1,0,1,0,2
"214529","Fukuoka","Office","CL5","ZoneC","AHP","CAV",57346.2560131501,0,0,0,0,1
"214530","Fukuoka","Office","CL5","ZoneC","AHP","CAV",108130.090876619,1,0,0,0,1
"214533","Fukuoka","Office","CL5","ZoneC","AHP","CAV",34810.6546406482,1,0,1,0,1
"214538","Fukuoka","Office","CL5","ZoneC","AHP","CAV",38868.0580420167,1,1,0,0,1
"214545","Fukuoka","Office","CL5","ZoneC","AHP","CAV",56517.982977744,0,0,0,0,2
"214546","Fukuoka","Office","CL5","ZoneC","AHP","CAV",106568.328264452,1,0,0,0,2
"214554","Fukuoka","Office","CL5","ZoneC","AHP","CAV",38306.6724058311,1,1,0,0,2
"214593","Fukuoka","Office","CL5","ZoneC","AHP","VAV",69849.5167152105,0,0,0,0,1
"214594","Fukuoka","Office","CL5","ZoneC","AHP","VAV",54169.4884112942,1,0,0,0,1
"214597","Fukuoka","Office","CL5","ZoneC","AHP","VAV",36889.1101150669,1,0,1,0,1
"214609","Fukuoka","Office","CL5","ZoneC","AHP","VAV",76316.3995602892,0,0,0,0,2
"214610","Fukuoka","Office","CL5","ZoneC","AHP","VAV",59184.6660647337,1,0,0,0,2
"214658","Fukuoka","Office","CL5","ZoneC","AHP","FCU",52999.7625155415,1,0,0,0,1
"214666","Fukuoka","Office","CL5","ZoneC","AHP","FCU",59237.2515228286,1,1,0,0,1
"214674","Fukuoka","Office","CL5","ZoneC","AHP","FCU",44631.2125895414,1,0,0,0,2
"214682","Fukuoka","Office","CL5","ZoneC","AHP","FCU",49883.8153314409,1,1,0,0,2
"214849","Fukuoka","Office","CL5","ZoneC","AHP","OHUFCU",97249.7911500357,0,0,0,0,1
"214853","Fukuoka","Office","CL5","ZoneC","AHP","OHUFCU",63456.3132245741,1,0,1,0,1
"214865","Fukuoka","Office","CL5","ZoneC","AHP","OHUFCU",81894.2556928058,0,0,0,0,2
"214869","Fukuoka","Office","CL5","ZoneC","AHP","OHUFCU",53436.6961520632,1,0,1,0,2
"215681","Fukuoka","Office","CL5","ZoneC","COM","CAV",100007.184372136,0,0,0,0,1
"215697","Fukuoka","Office","CL5","ZoneC","COM","CAV",84216.2623820328,0,0,0,0,2
"216066","Fukuoka","Office","CL5","ZoneC","AHP+TESICE","CAV",102628.707687165,1,0,0,0,1
"216081","Fukuoka","Office","CL5","ZoneC","AHP+TESICE","CAV",81452.592999775,0,0,0,0,2
"216082","Fukuoka","Office","CL5","ZoneC","AHP+TESICE","CAV",73756.962650997,1,0,0,0,2
"216085","Fukuoka","Office","CL5","ZoneC","AHP+TESICE","CAV",47436.550557253,1,0,1,0,2
"216129","Fukuoka","Office","CL5","ZoneC","AHP+TESICE","VAV",69050.5647388084,0,0,0,0,1
"216385","Fukuoka","Office","CL5","ZoneC","AHP+TESICE","OHUFCU",68963.8757335574,0,0,0,0,1
"216833","Fukuoka","Office","CL6","ZoneC","EHP","MUL",376843.802808492,0,0,0,0,1
"216834","Fukuoka","Office","CL6","ZoneC","EHP","MUL",1103858.01125566,1,0,0,0,1
"216837","Fukuoka","Office","CL6","ZoneC","EHP","MUL",179394.303555003,1,0,1,0,1
"216838","Fukuoka","Office","CL6","ZoneC","EHP","MUL",71556.470909979,1,0,0,1,1
"216840","Fukuoka","Office","CL6","ZoneC","EHP","MUL",65987.5717203594,1,0,1,1,1
"216849","Fukuoka","Office","CL6","ZoneC","EHP","MUL",317340.966787635,0,0,0,0,2
"216850","Fukuoka","Office","CL6","ZoneC","EHP","MUL",929561.175950042,1,0,0,0,2
"216853","Fukuoka","Office","CL6","ZoneC","EHP","MUL",151068.324069721,1,0,1,0,2
"216854","Fukuoka","Office","CL6","ZoneC","EHP","MUL",60257.8561442445,1,0,0,1,2
"216856","Fukuoka","Office","CL6","ZoneC","EHP","MUL",55568.274307934,1,0,1,1,2
"216898","Fukuoka","Office","CL6","ZoneC","GHP","MUL",108906.559629072,1,0,0,0,1
"216914","Fukuoka","Office","CL6","ZoneC","GHP","MUL",91710.4451887937,1,0,0,0,2
"216961","Fukuoka","Office","CL6","ZoneC","ABCH","CAV",45166.22091678,0,0,0,0,1
"216962","Fukuoka","Office","CL6","ZoneC","ABCH","CAV",90514.027776929,1,0,0,0,1
"216965","Fukuoka","Office","CL6","ZoneC","ABCH","CAV",48737.8849992529,1,0,1,0,1
"216977","Fukuoka","Office","CL6","ZoneC","ABCH","CAV",46072.3932071901,0,0,0,0,2
"216978","Fukuoka","Office","CL6","ZoneC","ABCH","CAV",85465.691158478,1,0,0,0,2
"216981","Fukuoka","Office","CL6","ZoneC","ABCH","CAV",48847.92239287,1,0,1,0,2
"217025","Fukuoka","Office","CL6","ZoneC","ABCH","VAV",73746.7129527514,0,0,0,0,1
"217026","Fukuoka","Office","CL6","ZoneC","ABCH","VAV",54370.2828614901,1,0,0,0,1
"217029","Fukuoka","Office","CL6","ZoneC","ABCH","VAV",67768.2863922041,1,0,1,0,1
"217041","Fukuoka","Office","CL6","ZoneC","ABCH","VAV",70608.8440937091,0,0,0,0,2
"217042","Fukuoka","Office","CL6","ZoneC","ABCH","VAV",55654.0401546028,1,0,0,0,2
"217045","Fukuoka","Office","CL6","ZoneC","ABCH","VAV",65339.5527377347,1,0,1,0,2
"217090","Fukuoka","Office","CL6","ZoneC","ABCH","FCU",46611.0245231752,1,0,0,0,1
"217098","Fukuoka","Office","CL6","ZoneC","ABCH","FCU",60832.7191939303,1,1,0,0,1
"217106","Fukuoka","Office","CL6","ZoneC","ABCH","FCU",48356.137635145,1,0,0,0,2
"217114","Fukuoka","Office","CL6","ZoneC","ABCH","FCU",56738.4509077825,1,1,0,0,2
"217154","Fukuoka","Office","CL6","ZoneC","ABCH","CAVFCU",53853.0018035666,1,0,0,0,1
"217217","Fukuoka","Office","CL6","ZoneC","ABCH","VAVFCU",53724.8074329037,0,0,0,0,1
"217281","Fukuoka","Office","CL6","ZoneC","ABCH","OHUFCU",67593.4809683166,0,0,0,0,1
"217285","Fukuoka","Office","CL6","ZoneC","ABCH","OHUFCU",73781.5449889717,1,0,1,0,1
"217288","Fukuoka","Office","CL6","ZoneC","ABCH","OHUFCU",36826.1529067359,1,0,1,1,1
"217297","Fukuoka","Office","CL6","ZoneC","ABCH","OHUFCU",66791.5503390331,0,0,0,0,2
"217301","Fukuoka","Office","CL6","ZoneC","ABCH","OHUFCU",72208.9689247217,1,0,1,0,2
"217304","Fukuoka","Office","CL6","ZoneC","ABCH","OHUFCU",35304.4604648851,1,0,1,1,2
"217345","Fukuoka","Office","CL6","ZoneC","AHP","CAV",42968.0244700325,0,0,0,0,1
"217346","Fukuoka","Office","CL6","ZoneC","AHP","CAV",79706.9927001887,1,0,0,0,1
"217349","Fukuoka","Office","CL6","ZoneC","AHP","CAV",45556.5378435675,1,0,1,0,1
"217362","Fukuoka","Office","CL6","ZoneC","AHP","CAV",141668.149812705,1,0,0,0,2
"217409","Fukuoka","Office","CL6","ZoneC","AHP","VAV",65851.2035000106,0,0,0,0,1
"217410","Fukuoka","Office","CL6","ZoneC","AHP","VAV",51904.0577828276,1,0,0,0,1
"217413","Fukuoka","Office","CL6","ZoneC","AHP","VAV",60936.9582402725,1,0,1,0,1
"217425","Fukuoka","Office","CL6","ZoneC","AHP","VAV",55453.4383399229,0,0,0,0,2
"217426","Fukuoka","Office","CL6","ZoneC","AHP","VAV",43708.5173067693,1,0,0,0,2
"217429","Fukuoka","Office","CL6","ZoneC","AHP","VAV",51315.1419684966,1,0,1,0,2
"217474","Fukuoka","Office","CL6","ZoneC","AHP","FCU",45097.8896589837,1,0,0,0,1
"217482","Fukuoka","Office","CL6","ZoneC","AHP","FCU",52915.400683307,1,1,0,0,1
"217498","Fukuoka","Office","CL6","ZoneC","AHP","FCU",82537.1999843293,1,1,0,0,2
"217665","Fukuoka","Office","CL6","ZoneC","AHP","OHUFCU",62291.1199002162,0,0,0,0,1
"217669","Fukuoka","Office","CL6","ZoneC","AHP","OHUFCU",67343.5115419408,1,0,1,0,1
"217672","Fukuoka","Office","CL6","ZoneC","AHP","OHUFCU",32925.6375794202,1,0,1,1,1
"217681","Fukuoka","Office","CL6","ZoneC","AHP","OHUFCU",65778.5466537033,0,0,0,0,2
"217685","Fukuoka","Office","CL6","ZoneC","AHP","OHUFCU",71113.8011787522,1,0,1,0,2
"218561","Fukuoka","Office","CL6","ZoneC","COM","VAV",71153.1685891244,0,0,0,0,1
"218562","Fukuoka","Office","CL6","ZoneC","COM","VAV",61626.2388851884,1,0,0,0,1
"218565","Fukuoka","Office","CL6","ZoneC","COM","VAV",70250.3073514751,1,0,1,0,1
"218577","Fukuoka","Office","CL6","ZoneC","COM","VAV",59918.2344032102,0,0,0,0,2
"218578","Fukuoka","Office","CL6","ZoneC","COM","VAV",51895.5866636604,1,0,0,0,2
"218581","Fukuoka","Office","CL6","ZoneC","COM","VAV",59157.9330372454,1,0,1,0,2
"218882","Fukuoka","Office","CL6","ZoneC","AHP+TESICE","CAV",117297.578578902,1,0,0,0,1
"218898","Fukuoka","Office","CL6","ZoneC","AHP+TESICE","CAV",98776.5400695578,1,0,0,0,2
"218945","Fukuoka","Office","CL6","ZoneC","AHP+TESICE","VAV",44284.5251568499,0,0,0,0,1
"218946","Fukuoka","Office","CL6","ZoneC","AHP+TESICE","VAV",40349.3866337115,1,0,0,0,1
"218949","Fukuoka","Office","CL6","ZoneC","AHP+TESICE","VAV",39957.2486444274,1,0,1,0,1
"218961","Fukuoka","Office","CL6","ZoneC","AHP+TESICE","VAV",104918.480842646,0,0,0,0,2
"219201","Fukuoka","Office","CL6","ZoneC","AHP+TESICE","OHUFCU",55216.9882401912,0,0,0,0,1
"219205","Fukuoka","Office","CL6","ZoneC","AHP+TESICE","OHUFCU",58126.3493269087,1,0,1,0,1
"219217","Fukuoka","Office","CL6","ZoneC","AHP+TESICE","OHUFCU",46498.3430818114,0,0,0,0,2
"219221","Fukuoka","Office","CL6","ZoneC","AHP+TESICE","OHUFCU",48948.322232623,1,0,1,0,2
"219329","Fukuoka","Office","CL6","ZoneC","COM+TESICE","VAV",51517.1207535492,0,0,0,0,1
"219330","Fukuoka","Office","CL6","ZoneC","COM+TESICE","VAV",44619.3255084439,1,0,0,0,1
"219333","Fukuoka","Office","CL6","ZoneC","COM+TESICE","VAV",50863.4209629992,1,0,1,0,1
"219345","Fukuoka","Office","CL6","ZoneC","COM+TESICE","VAV",62289.6462978597,0,0,0,0,2
"219349","Fukuoka","Office","CL6","ZoneC","COM+TESICE","VAV",61499.2541303097,1,0,1,0,2
"219649","Fukuoka","Office","CL7","ZoneC","EHP","MUL",162135.32137927,0,0,0,0,1
"219650","Fukuoka","Office","CL7","ZoneC","EHP","MUL",483956.408194575,1,0,0,0,1
"219653","Fukuoka","Office","CL7","ZoneC","EHP","MUL",121725.876728437,1,0,1,0,1
"219654","Fukuoka","Office","CL7","ZoneC","EHP","MUL",50205.7591926884,1,0,0,1,1
"219656","Fukuoka","Office","CL7","ZoneC","EHP","MUL",62919.2691890602,1,0,1,1,1
"219665","Fukuoka","Office","CL7","ZoneC","EHP","MUL",136534.498520251,0,0,0,0,2
"219666","Fukuoka","Office","CL7","ZoneC","EHP","MUL",407540.719297925,1,0,0,0,2
"219669","Fukuoka","Office","CL7","ZoneC","EHP","MUL",102505.619347295,1,0,1,0,2
"219670","Fukuoka","Office","CL7","ZoneC","EHP","MUL",42278.3764567083,1,0,0,1,2
"219672","Fukuoka","Office","CL7","ZoneC","EHP","MUL",52984.4502290378,1,0,1,1,2
"219714","Fukuoka","Office","CL7","ZoneC","GHP","MUL",60173.5981960943,1,0,0,0,1
"219730","Fukuoka","Office","CL7","ZoneC","GHP","MUL",50672.3148538639,1,0,0,0,2
"219778","Fukuoka","Office","CL7","ZoneC","ABCH","CAV",80235.9583682306,1,0,0,0,1
"219781","Fukuoka","Office","CL7","ZoneC","ABCH","CAV",65548.5043698827,1,0,1,0,1
"219794","Fukuoka","Office","CL7","ZoneC","ABCH","CAV",122765.405728165,1,0,0,0,2
"219841","Fukuoka","Office","CL7","ZoneC","ABCH","VAV",52724.3189945346,0,0,0,0,1
"219842","Fukuoka","Office","CL7","ZoneC","ABCH","VAV",42052.6793016486,1,0,0,0,1
"219845","Fukuoka","Office","CL7","ZoneC","ABCH","VAV",74914.0312396673,1,0,1,0,1
"219848","Fukuoka","Office","CL7","ZoneC","ABCH","VAV",44945.6229602156,1,0,1,1,1
"219857","Fukuoka","Office","CL7","ZoneC","ABCH","VAV",44399.2610154403,0,0,0,0,2
"219858","Fukuoka","Office","CL7","ZoneC","ABCH","VAV",35412.6505627516,1,0,0,0,2
"219861","Fukuoka","Office","CL7","ZoneC","ABCH","VAV",63085.2648295679,1,0,1,0,2
"219864","Fukuoka","Office","CL7","ZoneC","ABCH","VAV",37848.8045624455,1,0,1,1,2
"219914","Fukuoka","Office","CL7","ZoneC","ABCH","FCU",86211.8460784647,1,1,0,0,1
"219930","Fukuoka","Office","CL7","ZoneC","ABCH","FCU",72599.1787026683,1,1,0,0,2
"220037","Fukuoka","Office","CL7","ZoneC","ABCH","VAVFCU",74647.3755480736,1,0,1,0,1
"220053","Fukuoka","Office","CL7","ZoneC","ABCH","VAVFCU",62860.7135052815,1,0,1,0,2
"220097","Fukuoka","Office","CL7","ZoneC","ABCH","OHUFCU",46373.0141726844,0,0,0,0,1
"220101","Fukuoka","Office","CL7","ZoneC","ABCH","OHUFCU",74171.5264519016,1,0,1,0,1
"220104","Fukuoka","Office","CL7","ZoneC","ABCH","OHUFCU",49641.0470243416,1,0,1,1,1
"220113","Fukuoka","Office","CL7","ZoneC","ABCH","OHUFCU",39050.8137343444,0,0,0,0,2
"220117","Fukuoka","Office","CL7","ZoneC","ABCH","OHUFCU",62459.9999706582,1,0,1,0,2
"220120","Fukuoka","Office","CL7","ZoneC","ABCH","OHUFCU",41802.8311402553,1,0,1,1,2
"220162","Fukuoka","Office","CL7","ZoneC","AHP","CAV",112463.05956204,1,0,0,0,1
"220178","Fukuoka","Office","CL7","ZoneC","AHP","CAV",110092.909828476,1,0,0,0,2
"220225","Fukuoka","Office","CL7","ZoneC","AHP","VAV",40673.3208469695,0,0,0,0,1
"220226","Fukuoka","Office","CL7","ZoneC","AHP","VAV",32440.8574701167,1,0,0,0,1
"220229","Fukuoka","Office","CL7","ZoneC","AHP","VAV",57791.2145032491,1,0,1,0,1
"220232","Fukuoka","Office","CL7","ZoneC","AHP","VAV",34672.5719400427,1,0,1,1,1
"220241","Fukuoka","Office","CL7","ZoneC","AHP","VAV",49178.0344713813,0,0,0,0,2
"220242","Fukuoka","Office","CL7","ZoneC","AHP","VAV",44487.9436216884,1,0,0,0,2
"220245","Fukuoka","Office","CL7","ZoneC","AHP","VAV",68422.4446737932,1,0,1,0,2
"220298","Fukuoka","Office","CL7","ZoneC","AHP","FCU",66506.730541601,1,1,0,0,1
"220481","Fukuoka","Office","CL7","ZoneC","AHP","OHUFCU",36138.4695441342,0,0,0,0,1
"220485","Fukuoka","Office","CL7","ZoneC","AHP","OHUFCU",57199.0380787979,1,0,1,0,1
"220488","Fukuoka","Office","CL7","ZoneC","AHP","OHUFCU",37949.4040333833,1,0,1,1,1
"220497","Fukuoka","Office","CL7","ZoneC","AHP","OHUFCU",36035.5563219246,0,0,0,0,2
"220501","Fukuoka","Office","CL7","ZoneC","AHP","OHUFCU",55762.4875535457,1,0,1,0,2
"220504","Fukuoka","Office","CL7","ZoneC","AHP","OHUFCU",36722.00691209,1,0,1,1,2
"221314","Fukuoka","Office","CL7","ZoneC","COM","CAV",76520.7909013474,1,0,0,0,1
"221381","Fukuoka","Office","CL7","ZoneC","COM","VAV",112660.609347108,1,0,1,0,1
"221397","Fukuoka","Office","CL7","ZoneC","COM","VAV",130812.554664925,1,0,1,0,2
"221637","Fukuoka","Office","CL7","ZoneC","COM","OHUFCU",89328.694720373,1,0,1,0,1
"221653","Fukuoka","Office","CL7","ZoneC","COM","OHUFCU",103721.387883254,1,0,1,0,2
"221698","Fukuoka","Office","CL7","ZoneC","AHP+TESICE","CAV",108512.958862639,1,0,0,0,1
"221714","Fukuoka","Office","CL7","ZoneC","AHP+TESICE","CAV",91378.9931473453,1,0,0,0,2
"221761","Fukuoka","Office","CL7","ZoneC","AHP+TESICE","VAV",48472.2770962508,0,0,0,0,1
"221762","Fukuoka","Office","CL7","ZoneC","AHP+TESICE","VAV",43849.4940648306,1,0,0,0,1
"221765","Fukuoka","Office","CL7","ZoneC","AHP+TESICE","VAV",67440.509436404,1,0,1,0,1
"221781","Fukuoka","Office","CL7","ZoneC","AHP+TESICE","VAV",134536.155837405,1,0,1,0,2
"222017","Fukuoka","Office","CL7","ZoneC","AHP+TESICE","OHUFCU",35518.4075599925,0,0,0,0,1
"222021","Fukuoka","Office","CL7","ZoneC","AHP+TESICE","OHUFCU",54962.2362366811,1,0,1,0,1
"222024","Fukuoka","Office","CL7","ZoneC","AHP+TESICE","OHUFCU",36195.0068502457,1,0,1,1,1
"222037","Fukuoka","Office","CL7","ZoneC","AHP+TESICE","OHUFCU",106673.834477716,1,0,1,0,2
"222082","Fukuoka","Office","CL7","ZoneC","COM+TESICE","CAV",81648.0587094123,1,0,0,0,1
"222149","Fukuoka","Office","CL7","ZoneC","COM+TESICE","VAV",120209.422012768,1,0,1,0,1
"222165","Fukuoka","Office","CL7","ZoneC","COM+TESICE","VAV",139577.636579577,1,0,1,0,2
"222405","Fukuoka","Office","CL7","ZoneC","COM+TESICE","OHUFCU",95314.1548205791,1,0,1,0,1
"222421","Fukuoka","Office","CL7","ZoneC","COM+TESICE","OHUFCU",110671.228924328,1,0,1,0,2
"222497","Fukuoka","Office","CL8c","ZoneA","EHP","MUL",42808.1766734118,0,0,0,0,3
"222498","Fukuoka","Office","CL8c","ZoneA","EHP","MUL",130275.525633725,1,0,0,0,3
"222501","Fukuoka","Office","CL8c","ZoneA","EHP","MUL",64721.6619328213,1,0,1,0,3
"222504","Fukuoka","Office","CL8c","ZoneA","EHP","MUL",52557.2056965215,1,0,1,1,3
"222562","Fukuoka","Office","CL8c","ZoneA","GHP","MUL",26355.6753729639,1,0,0,0,3
"222629","Fukuoka","Office","CL8c","ZoneA","ABCH","CAV",96810.2068562764,1,0,1,0,3
"222689","Fukuoka","Office","CL8c","ZoneA","ABCH","VAV",38230.5815019508,0,0,0,0,3
"222693","Fukuoka","Office","CL8c","ZoneA","ABCH","VAV",105256.77719948,1,0,1,0,3
"222696","Fukuoka","Office","CL8c","ZoneA","ABCH","VAV",100176.145981507,1,0,1,1,3
"222762","Fukuoka","Office","CL8c","ZoneA","ABCH","FCU",69796.9910188618,1,1,0,0,3
"222885","Fukuoka","Office","CL8c","ZoneA","ABCH","VAVFCU",66784.2524589868,1,0,1,0,3
"222888","Fukuoka","Office","CL8c","ZoneA","ABCH","VAVFCU",63560.6485548978,1,0,1,1,3
"222949","Fukuoka","Office","CL8c","ZoneA","ABCH","OHUFCU",79881.8451383085,1,0,1,0,3
"222952","Fukuoka","Office","CL8c","ZoneA","ABCH","OHUFCU",82018.1419270763,1,0,1,1,3
"223077","Fukuoka","Office","CL8c","ZoneA","AHP","VAV",72882.4685710975,1,0,1,0,3
"223080","Fukuoka","Office","CL8c","ZoneA","AHP","VAV",66812.566819856,1,0,1,1,3
"223269","Fukuoka","Office","CL8c","ZoneA","AHP","VAVFCU",74728.2018448287,1,0,1,0,3
"223333","Fukuoka","Office","CL8c","ZoneA","AHP","OHUFCU",46727.3897206346,1,0,1,0,3
"223336","Fukuoka","Office","CL8c","ZoneA","AHP","OHUFCU",46091.698851219,1,0,1,1,3
"223461","Fukuoka","Office","CL8c","ZoneA","TB","VAV",67017.1230660917,1,0,1,0,3
"223845","Fukuoka","Office","CL8c","ZoneA","AB","VAV",68919.4186991756,1,0,1,0,3
"223848","Fukuoka","Office","CL8c","ZoneA","AB","VAV",64758.5003268822,1,0,1,1,3
"224165","Fukuoka","Office","CL8c","ZoneA","COM","CAV",69243.6936809754,1,0,1,0,3
"224229","Fukuoka","Office","CL8c","ZoneA","COM","VAV",89512.7516020232,1,0,1,0,3
"224232","Fukuoka","Office","CL8c","ZoneA","COM","VAV",84768.0564593264,1,0,1,1,3
"224421","Fukuoka","Office","CL8c","ZoneA","COM","VAVFCU",93229.4506103242,1,0,1,0,3
"224485","Fukuoka","Office","CL8c","ZoneA","COM","OHUFCU",57307.1434969896,1,0,1,0,3
"224488","Fukuoka","Office","CL8c","ZoneA","COM","OHUFCU",58492.1453936176,1,0,1,1,3
"224549","Fukuoka","Office","CL8c","ZoneA","AHP+TESICE","CAV",59988.464159269,1,0,1,0,3
"224613","Fukuoka","Office","CL8c","ZoneA","AHP+TESICE","VAV",77548.3254260719,1,0,1,0,3
"224616","Fukuoka","Office","CL8c","ZoneA","AHP+TESICE","VAV",73437.8142822603,1,0,1,1,3
"224805","Fukuoka","Office","CL8c","ZoneA","AHP+TESICE","VAVFCU",80768.2441420995,1,0,1,0,3
"224869","Fukuoka","Office","CL8c","ZoneA","AHP+TESICE","OHUFCU",49647.3735150233,1,0,1,0,3
"224872","Fukuoka","Office","CL8c","ZoneA","AHP+TESICE","OHUFCU",50673.9860486073,1,0,1,1,3
"224933","Fukuoka","Office","CL8c","ZoneA","COM+TESICE","CAV",100689.477015373,1,0,1,0,3
"224993","Fukuoka","Office","CL8c","ZoneA","COM+TESICE","VAV",39762.5145367142,0,0,0,0,3
"224997","Fukuoka","Office","CL8c","ZoneA","COM+TESICE","VAV",109474.508863237,1,0,1,0,3
"225000","Fukuoka","Office","CL8c","ZoneA","COM+TESICE","VAV",104190.292282592,1,0,1,1,3
"225066","Fukuoka","Office","CL8c","ZoneA","COM+TESICE","FCU",72593.8178540338,1,1,0,0,3
"225189","Fukuoka","Office","CL8c","ZoneA","COM+TESICE","VAVFCU",69460.3562095585,1,0,1,0,3
"225192","Fukuoka","Office","CL8c","ZoneA","COM+TESICE","VAVFCU",66107.5796610143,1,0,1,1,3
"225253","Fukuoka","Office","CL8c","ZoneA","COM+TESICE","OHUFCU",83082.7809503623,1,0,1,0,3
"225256","Fukuoka","Office","CL8c","ZoneA","COM+TESICE","OHUFCU",85304.6810308981,1,0,1,1,3
"225320","Fukuoka","Office","CL9c","ZoneA","EHP","MUL",85197.2056955553,1,0,1,1,3
"225384","Fukuoka","Office","CL9c","ZoneA","GHP","MUL",9867.43313538955,1,0,1,1,3
"225509","Fukuoka","Office","CL9c","ZoneA","ABCH","VAV",59151.5137685583,1,0,1,0,3
"225512","Fukuoka","Office","CL9c","ZoneA","ABCH","VAV",88313.417466149,1,0,1,1,3
"225701","Fukuoka","Office","CL9c","ZoneA","ABCH","VAVFCU",42989.14816528,1,0,1,0,3
"225704","Fukuoka","Office","CL9c","ZoneA","ABCH","VAVFCU",64182.9489485106,1,0,1,1,3
"225768","Fukuoka","Office","CL9c","ZoneA","ABCH","OHUFCU",83996.9907727239,1,0,1,1,3
"225893","Fukuoka","Office","CL9c","ZoneA","AHP","VAV",49837.1815471148,1,0,1,0,3
"225896","Fukuoka","Office","CL9c","ZoneA","AHP","VAV",76050.1167407097,1,0,1,1,3
"226280","Fukuoka","Office","CL9c","ZoneA","TB","VAV",57674.4860809101,1,0,1,1,3
"226661","Fukuoka","Office","CL9c","ZoneA","AB","VAV",56804.1348524603,1,0,1,0,3
"226664","Fukuoka","Office","CL9c","ZoneA","AB","VAV",86681.4886552252,1,0,1,1,3
"227045","Fukuoka","Office","CL9c","ZoneA","COM","VAV",59463.131724272,1,0,1,0,3
"227048","Fukuoka","Office","CL9c","ZoneA","COM","VAV",88778.6641666908,1,0,1,1,3
"227237","Fukuoka","Office","CL9c","ZoneA","COM","VAVFCU",43215.6206528911,1,0,1,0,3
"227240","Fukuoka","Office","CL9c","ZoneA","COM","VAVFCU",64521.0731666204,1,0,1,1,3
"227304","Fukuoka","Office","CL9c","ZoneA","COM","OHUFCU",84439.4979696336,1,0,1,1,3
"227429","Fukuoka","Office","CL9c","ZoneA","AHP+TESICE","VAV",51647.7758710872,1,0,1,0,3
"227432","Fukuoka","Office","CL9c","ZoneA","AHP+TESICE","VAV",78813.0320066541,1,0,1,1,3
"227624","Fukuoka","Office","CL9c","ZoneA","AHP+TESICE","VAVFCU",94814.1246488175,1,0,1,1,3
"227752","Fukuoka","Office","CL9c","ZoneA","COM+TESICE","CAV",78534.0871095988,1,0,1,1,3
"227813","Fukuoka","Office","CL9c","ZoneA","COM+TESICE","VAV",101702.042155348,1,0,1,0,3
"227816","Fukuoka","Office","CL9c","ZoneA","COM+TESICE","VAV",155785.969268678,1,0,1,1,3
"227824","Fukuoka","Office","CL9c","ZoneA","COM+TESICE","VAV",38134.5282474023,1,1,1,1,3
"227888","Fukuoka","Office","CL9c","ZoneA","COM+TESICE","FCU",59248.4651800686,1,1,1,1,3
"228005","Fukuoka","Office","CL9c","ZoneA","COM+TESICE","VAVFCU",84860.0298741244,1,0,1,0,3
"228008","Fukuoka","Office","CL9c","ZoneA","COM+TESICE","VAVFCU",129987.576708795,1,0,1,1,3
"228069","Fukuoka","Office","CL9c","ZoneA","COM+TESICE","OHUFCU",63025.9387717177,1,0,1,0,3
"228072","Fukuoka","Office","CL9c","ZoneA","COM+TESICE","OHUFCU",105362.596245249,1,0,1,1,3
"228098","Naha","Office","CL1","ZoneC","EHP","MUL",1859.10067278775,1,0,0,0,1
"228114","Naha","Office","CL1","ZoneC","EHP","MUL",611.726039511418,1,0,0,0,2
"230913","Naha","Office","CL2","ZoneC","EHP","MUL",47509.1540375947,0,0,0,0,1
"230914","Naha","Office","CL2","ZoneC","EHP","MUL",126819.635841129,1,0,0,0,1
"230930","Naha","Office","CL2","ZoneC","EHP","MUL",57361.8533768905,1,0,0,0,2
"230978","Naha","Office","CL2","ZoneC","GHP","MUL",14813.4550163714,1,0,0,0,1
"230994","Naha","Office","CL2","ZoneC","GHP","MUL",4874.27943052547,1,0,0,0,2
"233729","Naha","Office","CL3","ZoneC","EHP","MUL",89505.160330477,0,0,0,0,1
"233730","Naha","Office","CL3","ZoneC","EHP","MUL",250643.175943978,1,0,0,0,1
"233745","Naha","Office","CL3","ZoneC","EHP","MUL",29451.1416440374,0,0,0,0,2
"233746","Naha","Office","CL3","ZoneC","EHP","MUL",82472.6490582461,1,0,0,0,2
"233794","Naha","Office","CL3","ZoneC","GHP","MUL",21376.7140577758,1,0,0,0,1
"233810","Naha","Office","CL3","ZoneC","GHP","MUL",7033.88085418879,1,0,0,0,2
"236545","Naha","Office","CL4","ZoneC","EHP","MUL",83895.5644272264,0,0,0,0,1
"236546","Naha","Office","CL4","ZoneC","EHP","MUL",240236.18521804,1,0,0,0,1
"236561","Naha","Office","CL4","ZoneC","EHP","MUL",27605.3374143991,0,0,0,0,2
"236562","Naha","Office","CL4","ZoneC","EHP","MUL",79048.2905427579,1,0,0,0,2
"236610","Naha","Office","CL4","ZoneC","GHP","MUL",15845.449988158,1,0,0,0,1
"236626","Naha","Office","CL4","ZoneC","GHP","MUL",5213.85124937706,1,0,0,0,2
"239361","Naha","Office","CL5","ZoneC","EHP","MUL",66320.6705275902,0,0,0,0,1
"239362","Naha","Office","CL5","ZoneC","EHP","MUL",193522.307813614,1,0,0,0,1
"239377","Naha","Office","CL5","ZoneC","EHP","MUL",55848.7775210282,0,0,0,0,2
"239378","Naha","Office","CL5","ZoneC","EHP","MUL",162965.546464767,1,0,0,0,2
"239426","Naha","Office","CL5","ZoneC","GHP","MUL",11535.1558128921,1,0,0,0,1
"239442","Naha","Office","CL5","ZoneC","GHP","MUL",9713.77921151453,1,0,0,0,2
"239873","Naha","Office","CL5","ZoneC","AHP","CAV",82734.144125123,0,0,0,0,1
"239889","Naha","Office","CL5","ZoneC","AHP","CAV",69670.5985008771,0,0,0,0,2
"242178","Naha","Office","CL6","ZoneC","EHP","MUL",112850.487234406,1,0,0,0,1
"242194","Naha","Office","CL6","ZoneC","EHP","MUL",95031.6350024238,1,0,0,0,2
"242242","Naha","Office","CL6","ZoneC","GHP","MUL",7988.9804322002,1,0,0,0,1
"242258","Naha","Office","CL6","ZoneC","GHP","MUL",6727.5373911092,1,0,0,0,2
"242369","Naha","Office","CL6","ZoneC","ABCH","VAV",50149.8509165223,0,0,0,0,1
"242370","Naha","Office","CL6","ZoneC","ABCH","VAV",45112.2680335657,1,0,0,0,1
"242373","Naha","Office","CL6","ZoneC","ABCH","VAV",51641.8432990422,1,0,1,0,1
"242385","Naha","Office","CL6","ZoneC","ABCH","VAV",60947.4550746092,0,0,0,0,2
"242389","Naha","Office","CL6","ZoneC","ABCH","VAV",62760.6835696779,1,0,1,0,2
"244994","Naha","Office","CL7","ZoneC","EHP","MUL",33986.1459646839,1,0,0,0,1
"245010","Naha","Office","CL7","ZoneC","EHP","MUL",28619.8057058124,1,0,0,0,2
"245189","Naha","Office","CL7","ZoneC","ABCH","VAV",96430.8150741311,1,0,1,0,1
"245205","Naha","Office","CL7","ZoneC","ABCH","VAV",81204.5941997242,1,0,1,0,2
"247842","Naha","Office","CL8c","ZoneA","EHP","MUL",9637.22087080649,1,0,0,0,3
"250341","Naha","Office","CL8c","ZoneA","COM+TESICE","VAV",74685.9058159091,1,0,1,0,3
"253473","Sapporo","Hotel","CL1","ZoneD","EHP","MUL",20.1503057648485,0,0,0,0,3
"256289","Sapporo","Hotel","CL2","ZoneD","EHP","MUL",34640.4485213606,0,0,0,0,3
"256290","Sapporo","Hotel","CL2","ZoneD","EHP","MUL",25810.4687828818,1,0,0,0,3
"259105","Sapporo","Hotel","CL3","ZoneD","EHP","MUL",52325.2332938505,0,0,0,0,3
"259106","Sapporo","Hotel","CL3","ZoneD","EHP","MUL",39920.5091093767,1,0,0,0,3
"259169","Sapporo","Hotel","CL3","ZoneD","GHP","MUL",36122.1077990495,0,0,0,0,3
"259745","Sapporo","Hotel","CL3","ZoneD","AHP","FCU",53423.6784480983,0,0,0,0,3
"259746","Sapporo","Hotel","CL3","ZoneD","AHP","FCU",43220.2191314431,1,0,0,0,3
"261921","Sapporo","Hotel","CL4","ZoneD","EHP","MUL",84041.5154788887,0,0,0,0,3
"261922","Sapporo","Hotel","CL4","ZoneD","EHP","MUL",67857.205431052,1,0,0,0,3
"261985","Sapporo","Hotel","CL4","ZoneD","GHP","MUL",38868.6140611002,0,0,0,0,3
"261986","Sapporo","Hotel","CL4","ZoneD","GHP","MUL",31383.4836763134,1,0,0,0,3
"262177","Sapporo","Hotel","CL4","ZoneD","ABCH","FCU",63495.6518064224,0,0,0,0,3
"262178","Sapporo","Hotel","CL4","ZoneD","ABCH","FCU",55199.4338786438,1,0,0,0,3
"262561","Sapporo","Hotel","CL4","ZoneD","AHP","FCU",94335.4836016132,0,0,0,0,3
"262562","Sapporo","Hotel","CL4","ZoneD","AHP","FCU",82009.7934477844,1,0,0,0,3
"264737","Sapporo","Hotel","CL5","ZoneD","EHP","MUL",152494.102865372,0,0,0,0,3
"264738","Sapporo","Hotel","CL5","ZoneD","EHP","MUL",127961.733412424,1,0,0,0,3
"264801","Sapporo","Hotel","CL5","ZoneD","GHP","MUL",23538.3716172112,0,0,0,0,3
"264866","Sapporo","Hotel","CL5","ZoneD","ABCH","CAV",68062.1926284766,1,0,0,0,3
"264993","Sapporo","Hotel","CL5","ZoneD","ABCH","FCU",42878.1324200892,0,0,0,0,3
"264994","Sapporo","Hotel","CL5","ZoneD","ABCH","FCU",36485.6804135674,1,0,0,0,3
"265185","Sapporo","Hotel","CL5","ZoneD","ABCH","OHUFCU",37774.9856951837,0,0,0,0,3
"265186","Sapporo","Hotel","CL5","ZoneD","ABCH","OHUFCU",32123.3373631657,1,0,0,0,3
"265250","Sapporo","Hotel","CL5","ZoneD","AHP","CAV",58659.2683053608,1,0,0,0,3
"265377","Sapporo","Hotel","CL5","ZoneD","AHP","FCU",36954.4350090548,0,0,0,0,3
"265378","Sapporo","Hotel","CL5","ZoneD","AHP","FCU",31445.1126834203,1,0,0,0,3
"265569","Sapporo","Hotel","CL5","ZoneD","AHP","OHUFCU",60241.7337442496,0,0,0,0,3
"267553","Sapporo","Hotel","CL6b","ZoneD","EHP","MUL",56656.0616858222,0,0,0,0,3
"267554","Sapporo","Hotel","CL6b","ZoneD","EHP","MUL",48383.4792053227,1,0,0,0,3
"267617","Sapporo","Hotel","CL6b","ZoneD","GHP","MUL",10262.8768269403,0,0,0,0,3
"268001","Sapporo","Hotel","CL6b","ZoneD","ABCH","OHUFCU",81241.6733650831,0,0,0,0,3
"268002","Sapporo","Hotel","CL6b","ZoneD","ABCH","OHUFCU",74384.4500521111,1,0,0,0,3
"268385","Sapporo","Hotel","CL6b","ZoneD","AHP","OHUFCU",49304.2058840815,0,0,0,0,3
"268386","Sapporo","Hotel","CL6b","ZoneD","AHP","OHUFCU",45142.6723260935,1,0,0,0,3
"270369","Sapporo","Hotel","CL6m","ZoneD","EHP","MUL",88115.1607850688,0,0,0,0,3
"270370","Sapporo","Hotel","CL6m","ZoneD","EHP","MUL",75249.1070268817,1,0,0,0,3
"270433","Sapporo","Hotel","CL6m","ZoneD","GHP","MUL",15961.4878764068,0,0,0,0,3
"270498","Sapporo","Hotel","CL6m","ZoneD","ABCH","CAV",84902.6065888623,1,0,0,0,3
"270625","Sapporo","Hotel","CL6m","ZoneD","ABCH","FCU",65828.7524664598,0,0,0,0,3
"270817","Sapporo","Hotel","CL6m","ZoneD","ABCH","OHUFCU",48933.1646892131,0,0,0,0,3
"270818","Sapporo","Hotel","CL6m","ZoneD","ABCH","OHUFCU",42375.2594530081,1,0,0,0,3
"271201","Sapporo","Hotel","CL6m","ZoneD","AHP","OHUFCU",76681.080533756,0,0,0,0,3
"271202","Sapporo","Hotel","CL6m","ZoneD","AHP","OHUFCU",70208.7951742825,1,0,0,0,3
"273185","Sapporo","Hotel","CL7b","ZoneD","EHP","MUL",26722.7719264754,0,0,0,0,3
"273633","Sapporo","Hotel","CL7b","ZoneD","ABCH","OHUFCU",86684.8281704943,0,0,0,0,3
"276001","Sapporo","Hotel","CL7m","ZoneD","EHP","MUL",57751.4477110514,0,0,0,0,3
"276002","Sapporo","Hotel","CL7m","ZoneD","EHP","MUL",52663.8336401854,1,0,0,0,3
"276005","Sapporo","Hotel","CL7m","ZoneD","EHP","MUL",33552.2310090871,1,0,1,0,3
"276065","Sapporo","Hotel","CL7m","ZoneD","GHP","MUL",12507.7167927263,0,0,0,0,3
"276133","Sapporo","Hotel","CL7m","ZoneD","ABCH","CAV",138013.529101213,1,0,1,0,3
"276449","Sapporo","Hotel","CL7m","ZoneD","ABCH","OHUFCU",53570.5365422869,0,0,0,0,3
"276450","Sapporo","Hotel","CL7m","ZoneD","ABCH","OHUFCU",49450.5203962025,1,0,0,0,3
"276453","Sapporo","Hotel","CL7m","ZoneD","ABCH","OHUFCU",39147.7406478987,1,0,1,0,3
"276833","Sapporo","Hotel","CL7m","ZoneD","AHP","OHUFCU",47119.9903800202,0,0,0,0,3
"276834","Sapporo","Hotel","CL7m","ZoneD","AHP","OHUFCU",45398.5243330102,1,0,0,0,3
"276837","Sapporo","Hotel","CL7m","ZoneD","AHP","OHUFCU",41422.451251201,1,0,1,0,3
"277985","Sapporo","Hotel","CL7m","ZoneD","COM","OHUFCU",93459.8424132986,0,0,0,0,3
"278817","Sapporo","Hotel","CL8","ZoneD","EHP","MUL",40460.348875914,0,0,0,0,3
"278818","Sapporo","Hotel","CL8","ZoneD","EHP","MUL",36664.4196299523,1,0,0,0,3
"278821","Sapporo","Hotel","CL8","ZoneD","EHP","MUL",47538.0423389202,1,0,1,0,3
"278837","Sapporo","Hotel","CL8","ZoneD","EHP","MUL",45423.0862629867,1,0,1,0,4
"278885","Sapporo","Hotel","CL8","ZoneD","GHP","MUL",13872.5976044362,1,0,1,0,3
"278957","Sapporo","Hotel","CL8","ZoneD","ABCH","CAV",80040.3453557025,1,1,1,0,3
"278960","Sapporo","Hotel","CL8","ZoneD","ABCH","CAV",60587.5973764026,1,1,1,1,3
"278973","Sapporo","Hotel","CL8","ZoneD","ABCH","CAV",90069.0199571033,1,1,1,0,4
"279016","Sapporo","Hotel","CL8","ZoneD","ABCH","VAV",89809.8674553391,1,0,1,1,3
"279265","Sapporo","Hotel","CL8","ZoneD","ABCH","OHUFCU",47153.2302126604,0,0,0,0,3
"279266","Sapporo","Hotel","CL8","ZoneD","ABCH","OHUFCU",42729.3848781889,1,0,0,0,3
"279269","Sapporo","Hotel","CL8","ZoneD","ABCH","OHUFCU",55401.7035577444,1,0,1,0,3
"279285","Sapporo","Hotel","CL8","ZoneD","ABCH","OHUFCU",93051.3235249581,1,0,1,0,4
"279653","Sapporo","Hotel","CL8","ZoneD","AHP","OHUFCU",110071.683999457,1,0,1,0,3
"280421","Sapporo","Hotel","CL8","ZoneD","AB","OHUFCU",113897.28328328,1,0,1,0,3
"280493","Sapporo","Hotel","CL8","ZoneD","COM","CAV",102849.652542909,1,1,1,0,3
"280805","Sapporo","Hotel","CL8","ZoneD","COM","OHUFCU",106255.13964466,1,0,1,0,3
"280821","Sapporo","Hotel","CL8","ZoneD","COM","OHUFCU",101913.990234636,1,0,1,0,4
"281573","Sapporo","Hotel","CL8","ZoneD","COM+TESICE","OHUFCU",60527.4248405055,1,0,1,0,3
"281637","Sapporo","Hotel","CL9","ZoneD","EHP","MUL",12552.4710648182,1,0,1,0,3
"281653","Sapporo","Hotel","CL9","ZoneD","EHP","MUL",4115.71296012648,1,0,1,0,4
"281768","Sapporo","Hotel","CL9","ZoneD","ABCH","CAV",68058.6074584267,1,0,1,1,3
"281776","Sapporo","Hotel","CL9","ZoneD","ABCH","CAV",59755.6944701898,1,1,1,1,3
"281784","Sapporo","Hotel","CL9","ZoneD","ABCH","CAV",41907.8423858326,1,0,1,1,4
"284449","Sendai","Hotel","CL1","ZoneD","EHP","MUL",1.67919214739394,0,0,0,0,3
"287265","Sendai","Hotel","CL2","ZoneD","EHP","MUL",101533.985787724,0,0,0,0,3
"287266","Sendai","Hotel","CL2","ZoneD","EHP","MUL",76170.4911703948,1,0,0,0,3
"287329","Sendai","Hotel","CL2","ZoneD","GHP","MUL",23694.6312442421,0,0,0,0,3
"287905","Sendai","Hotel","CL2","ZoneD","AHP","FCU",34815.8412355542,0,0,0,0,3
"287906","Sendai","Hotel","CL2","ZoneD","AHP","FCU",27418.2176893575,1,0,0,0,3
"290081","Sendai","Hotel","CL3","ZoneD","EHP","MUL",205358.459483805,0,0,0,0,3
"290082","Sendai","Hotel","CL3","ZoneD","EHP","MUL",162702.954546204,1,0,0,0,3
"290145","Sendai","Hotel","CL3","ZoneD","GHP","MUL",45675.2123650001,0,0,0,0,3
"290337","Sendai","Hotel","CL3","ZoneD","ABCH","FCU",41627.1752782364,0,0,0,0,3
"290338","Sendai","Hotel","CL3","ZoneD","ABCH","FCU",35009.1736302289,1,0,0,0,3
"290721","Sendai","Hotel","CL3","ZoneD","AHP","FCU",76589.8689682632,0,0,0,0,3
"290722","Sendai","Hotel","CL3","ZoneD","AHP","FCU",64413.4030979584,1,0,0,0,3
"292897","Sendai","Hotel","CL4","ZoneD","EHP","MUL",258373.15302126,0,0,0,0,3
"292898","Sendai","Hotel","CL4","ZoneD","EHP","MUL",211635.29611421,1,0,0,0,3
"292961","Sendai","Hotel","CL4","ZoneD","GHP","MUL",38853.9236083003,0,0,0,0,3
"292962","Sendai","Hotel","CL4","ZoneD","GHP","MUL",31825.5264987415,1,0,0,0,3
"293026","Sendai","Hotel","CL4","ZoneD","ABCH","CAV",51310.1704592375,1,0,0,0,3
"293153","Sendai","Hotel","CL4","ZoneD","ABCH","FCU",55517.3228697526,0,0,0,0,3
"293154","Sendai","Hotel","CL4","ZoneD","ABCH","FCU",45927.5795962727,1,0,0,0,3
"293345","Sendai","Hotel","CL4","ZoneD","ABCH","OHUFCU",51917.2694406043,0,0,0,0,3
"293410","Sendai","Hotel","CL4","ZoneD","AHP","CAV",64878.823858965,1,0,0,0,3
"293537","Sendai","Hotel","CL4","ZoneD","AHP","FCU",70198.5313895896,0,0,0,0,3
"293538","Sendai","Hotel","CL4","ZoneD","AHP","FCU",58072.8405348482,1,0,0,0,3
"293729","Sendai","Hotel","CL4","ZoneD","AHP","OHUFCU",35929.1635035726,0,0,0,0,3
"293730","Sendai","Hotel","CL4","ZoneD","AHP","OHUFCU",29717.3028622197,1,0,0,0,3
"295713","Sendai","Hotel","CL5","ZoneD","EHP","MUL",439496.678372219,0,0,0,0,3
"295714","Sendai","Hotel","CL5","ZoneD","EHP","MUL",371170.19470997,1,0,0,0,3
"295717","Sendai","Hotel","CL5","ZoneD","EHP","MUL",70297.8587983935,1,0,1,0,3
"295777","Sendai","Hotel","CL5","ZoneD","GHP","MUL",73459.0503378011,0,0,0,0,3
"295778","Sendai","Hotel","CL5","ZoneD","GHP","MUL",62038.7169206298,1,0,0,0,3
"295841","Sendai","Hotel","CL5","ZoneD","ABCH","CAV",80509.7282969789,0,0,0,0,3
"295842","Sendai","Hotel","CL5","ZoneD","ABCH","CAV",89375.9004370907,1,0,0,0,3
"295850","Sendai","Hotel","CL5","ZoneD","ABCH","CAV",35343.5752683927,1,1,0,0,3
"295969","Sendai","Hotel","CL5","ZoneD","ABCH","FCU",132535.572727643,0,0,0,0,3
"295970","Sendai","Hotel","CL5","ZoneD","ABCH","FCU",113489.365752993,1,0,0,0,3
"296161","Sendai","Hotel","CL5","ZoneD","ABCH","OHUFCU",113344.10386646,0,0,0,0,3
"296162","Sendai","Hotel","CL5","ZoneD","ABCH","OHUFCU",96998.6524330406,1,0,0,0,3
"296225","Sendai","Hotel","CL5","ZoneD","AHP","CAV",88955.259905573,0,0,0,0,3
"296226","Sendai","Hotel","CL5","ZoneD","AHP","CAV",98751.500232977,1,0,0,0,3
"296353","Sendai","Hotel","CL5","ZoneD","AHP","FCU",121219.702043548,0,0,0,0,3
"296354","Sendai","Hotel","CL5","ZoneD","AHP","FCU",103799.657847027,1,0,0,0,3
"296545","Sendai","Hotel","CL5","ZoneD","AHP","OHUFCU",103666.798402264,0,0,0,0,3
"296546","Sendai","Hotel","CL5","ZoneD","AHP","OHUFCU",88716.9195754075,1,0,0,0,3
"296737","Sendai","Hotel","CL5","ZoneD","TB","FCU",43806.1488484062,0,0,0,0,3
"296738","Sendai","Hotel","CL5","ZoneD","TB","FCU",39899.6018916143,1,0,0,0,3
"297121","Sendai","Hotel","CL5","ZoneD","AB","FCU",66274.4349073263,0,0,0,0,3
"298529","Sendai","Hotel","CL6b","ZoneD","EHP","MUL",78472.7725658973,0,0,0,0,3
"298530","Sendai","Hotel","CL6b","ZoneD","EHP","MUL",67255.6877559853,1,0,0,0,3
"298533","Sendai","Hotel","CL6b","ZoneD","EHP","MUL",25780.7580229031,1,0,1,0,3
"298593","Sendai","Hotel","CL6b","ZoneD","GHP","MUL",26384.3816194242,0,0,0,0,3
"298658","Sendai","Hotel","CL6b","ZoneD","ABCH","CAV",97982.2491055798,1,0,0,0,3
"298785","Sendai","Hotel","CL6b","ZoneD","ABCH","FCU",74218.1590801858,0,0,0,0,3
"298977","Sendai","Hotel","CL6b","ZoneD","ABCH","OHUFCU",55487.1327802547,0,0,0,0,3
"298978","Sendai","Hotel","CL6b","ZoneD","ABCH","OHUFCU",48227.1397166465,1,0,0,0,3
"299042","Sendai","Hotel","CL6b","ZoneD","AHP","CAV",87196.8923295368,1,0,0,0,3
"299361","Sendai","Hotel","CL6b","ZoneD","AHP","OHUFCU",49371.61681012,0,0,0,0,3
"299362","Sendai","Hotel","CL6b","ZoneD","AHP","OHUFCU",42926.3487346773,1,0,0,0,3
"301345","Sendai","Hotel","CL6m","ZoneD","EHP","MUL",131496.322578616,0,0,0,0,3
"301346","Sendai","Hotel","CL6m","ZoneD","EHP","MUL",112699.925378335,1,0,0,0,3
"301349","Sendai","Hotel","CL6m","ZoneD","EHP","MUL",43200.6511615744,1,0,1,0,3
"301409","Sendai","Hotel","CL6m","ZoneD","GHP","MUL",44212.1393576562,0,0,0,0,3
"301474","Sendai","Hotel","CL6m","ZoneD","ABCH","CAV",136585.267720105,1,0,0,0,3
"301601","Sendai","Hotel","CL6m","ZoneD","ABCH","FCU",55315.5942428532,0,0,0,0,3
"301602","Sendai","Hotel","CL6m","ZoneD","ABCH","FCU",48143.0140274815,1,0,0,0,3
"301793","Sendai","Hotel","CL6m","ZoneD","ABCH","OHUFCU",77347.9375600546,0,0,0,0,3
"301794","Sendai","Hotel","CL6m","ZoneD","ABCH","OHUFCU",67227.6544956137,1,0,0,0,3
"301858","Sendai","Hotel","CL6m","ZoneD","AHP","CAV",88854.8342425631,1,0,0,0,3
"301985","Sendai","Hotel","CL6m","ZoneD","AHP","FCU",67304.4585428133,0,0,0,0,3
"302177","Sendai","Hotel","CL6m","ZoneD","AHP","OHUFCU",50318.2977609753,0,0,0,0,3
"302178","Sendai","Hotel","CL6m","ZoneD","AHP","OHUFCU",43734.6003447836,1,0,0,0,3
"302945","Sendai","Hotel","CL6m","ZoneD","AB","OHUFCU",66451.0921996518,0,0,0,0,3
"303329","Sendai","Hotel","CL6m","ZoneD","COM","OHUFCU",61844.0969323762,0,0,0,0,3
"304161","Sendai","Hotel","CL7b","ZoneD","EHP","MUL",32964.495320991,0,0,0,0,3
"304609","Sendai","Hotel","CL7b","ZoneD","ABCH","OHUFCU",105112.116557797,0,0,0,0,3
"306977","Sendai","Hotel","CL7m","ZoneD","EHP","MUL",78123.161027931,0,0,0,0,3
"306978","Sendai","Hotel","CL7m","ZoneD","EHP","MUL",71629.7502249822,1,0,0,0,3
"306981","Sendai","Hotel","CL7m","ZoneD","EHP","MUL",45503.8225520365,1,0,1,0,3
"307041","Sendai","Hotel","CL7m","ZoneD","GHP","MUL",12714.4824362289,0,0,0,0,3
"307117","Sendai","Hotel","CL7m","ZoneD","ABCH","CAV",145459.555296958,1,1,1,0,3
"307233","Sendai","Hotel","CL7m","ZoneD","ABCH","FCU",70082.5798236652,0,0,0,0,3
"307425","Sendai","Hotel","CL7m","ZoneD","ABCH","OHUFCU",56020.6529992852,0,0,0,0,3
"307426","Sendai","Hotel","CL7m","ZoneD","ABCH","OHUFCU",51971.0317650377,1,0,0,0,3
"307429","Sendai","Hotel","CL7m","ZoneD","ABCH","OHUFCU",40779.0331713248,1,0,1,0,3
"307493","Sendai","Hotel","CL7m","ZoneD","AHP","CAV",86928.6034148054,1,0,1,0,3
"307809","Sendai","Hotel","CL7m","ZoneD","AHP","OHUFCU",46112.5966626721,0,0,0,0,3
"307810","Sendai","Hotel","CL7m","ZoneD","AHP","OHUFCU",42794.8024611739,1,0,0,0,3
"308961","Sendai","Hotel","CL7m","ZoneD","COM","OHUFCU",62479.3047455504,0,0,0,0,3
"308962","Sendai","Hotel","CL7m","ZoneD","COM","OHUFCU",60518.4921213796,1,0,0,0,3
"309797","Sendai","Hotel","CL8","ZoneD","EHP","MUL",69386.8262533587,1,0,1,0,3
"309813","Sendai","Hotel","CL8","ZoneD","EHP","MUL",24234.4652041061,1,0,1,0,4
"309861","Sendai","Hotel","CL8","ZoneD","GHP","MUL",4525.62249927166,1,0,1,0,3
"309933","Sendai","Hotel","CL8","ZoneD","ABCH","CAV",92295.6980454314,1,1,1,0,3
"309949","Sendai","Hotel","CL8","ZoneD","ABCH","CAV",73807.7092944331,1,1,1,0,4
"309992","Sendai","Hotel","CL8","ZoneD","ABCH","VAV",59322.4503582621,1,0,1,1,3
"310245","Sendai","Hotel","CL8","ZoneD","ABCH","OHUFCU",95163.4417788298,1,0,1,0,3
"310261","Sendai","Hotel","CL8","ZoneD","ABCH","OHUFCU",76101.0079019306,1,0,1,0,4
"310629","Sendai","Hotel","CL8","ZoneD","AHP","OHUFCU",71441.2358163533,1,0,1,0,3
"311781","Sendai","Hotel","CL8","ZoneD","COM","OHUFCU",138982.24471469,1,0,1,0,3
"312613","Sendai","Hotel","CL9","ZoneD","EHP","MUL",27500.2138231035,1,0,1,0,3
"312629","Sendai","Hotel","CL9","ZoneD","EHP","MUL",9016.78927229103,1,0,1,0,4
"312744","Sendai","Hotel","CL9","ZoneD","ABCH","CAV",96193.4560951996,1,0,1,1,3
"312760","Sendai","Hotel","CL9","ZoneD","ABCH","CAV",93395.9870512448,1,0,1,1,4
"313896","Sendai","Hotel","CL9","ZoneD","AB","CAV",63041.0880317634,1,0,1,1,3
"314280","Sendai","Hotel","CL9","ZoneD","COM","CAV",68444.1200626321,1,0,1,1,3
"315048","Sendai","Hotel","CL9","ZoneD","COM+TESICE","CAV",57168.8060758871,1,0,1,1,3
"318209","Tokyo","Hotel","CL2","ZoneD","EHP","MUL",160543.21321263,0,0,0,0,1
"318210","Tokyo","Hotel","CL2","ZoneD","EHP","MUL",122265.336368195,1,0,0,0,1
"318225","Tokyo","Hotel","CL2","ZoneD","EHP","MUL",65385.3769284622,0,0,0,0,2
"318226","Tokyo","Hotel","CL2","ZoneD","EHP","MUL",49795.7213123147,1,0,0,0,2
"318273","Tokyo","Hotel","CL2","ZoneD","GHP","MUL",16276.0245649999,0,0,0,0,1
"318289","Tokyo","Hotel","CL2","ZoneD","GHP","MUL",6628.83207445172,0,0,0,0,2
"318849","Tokyo","Hotel","CL2","ZoneD","AHP","FCU",39450.175908819,0,0,0,0,1
"318850","Tokyo","Hotel","CL2","ZoneD","AHP","FCU",31658.6188301267,1,0,0,0,1
"321025","Tokyo","Hotel","CL3","ZoneD","EHP","MUL",198641.857732855,0,0,0,0,1
"321026","Tokyo","Hotel","CL3","ZoneD","EHP","MUL",155517.530863814,1,0,0,0,1
"321041","Tokyo","Hotel","CL3","ZoneD","EHP","MUL",65361.9240156035,0,0,0,0,2
"321042","Tokyo","Hotel","CL3","ZoneD","EHP","MUL",51172.1202742942,1,0,0,0,2
"321089","Tokyo","Hotel","CL3","ZoneD","GHP","MUL",20694.1823742783,0,0,0,0,1
"321105","Tokyo","Hotel","CL3","ZoneD","GHP","MUL",6809.29785570013,0,0,0,0,2
"321281","Tokyo","Hotel","CL3","ZoneD","ABCH","FCU",32934.4941032202,0,0,0,0,1
"321282","Tokyo","Hotel","CL3","ZoneD","ABCH","FCU",27442.4399329477,1,0,0,0,1
"321665","Tokyo","Hotel","CL3","ZoneD","AHP","FCU",58942.9147277782,0,0,0,0,1
"321666","Tokyo","Hotel","CL3","ZoneD","AHP","FCU",49113.776936132,1,0,0,0,1
"321681","Tokyo","Hotel","CL3","ZoneD","AHP","FCU",55422.0846015588,0,0,0,0,2
"323841","Tokyo","Hotel","CL4","ZoneD","EHP","MUL",370212.906823288,0,0,0,0,1
"323842","Tokyo","Hotel","CL4","ZoneD","EHP","MUL",296131.421131159,1,0,0,0,1
"323845","Tokyo","Hotel","CL4","ZoneD","EHP","MUL",29921.688208216,1,0,1,0,1
"323857","Tokyo","Hotel","CL4","ZoneD","EHP","MUL",127286.430657685,0,0,0,0,2
"323858","Tokyo","Hotel","CL4","ZoneD","EHP","MUL",101815.768458244,1,0,0,0,2
"323905","Tokyo","Hotel","CL4","ZoneD","GHP","MUL",50295.4321297149,0,0,0,0,1
"323921","Tokyo","Hotel","CL4","ZoneD","GHP","MUL",16549.4133548401,0,0,0,0,2
"323969","Tokyo","Hotel","CL4","ZoneD","ABCH","CAV",32888.7886102725,0,0,0,0,1
"323970","Tokyo","Hotel","CL4","ZoneD","ABCH","CAV",34414.8344815371,1,0,0,0,1
"324097","Tokyo","Hotel","CL4","ZoneD","ABCH","FCU",67064.5905480688,0,0,0,0,1
"324098","Tokyo","Hotel","CL4","ZoneD","ABCH","FCU",54198.0875105865,1,0,0,0,1
"324113","Tokyo","Hotel","CL4","ZoneD","ABCH","FCU",44632.9851917177,0,0,0,0,2
"324114","Tokyo","Hotel","CL4","ZoneD","ABCH","FCU",38322.4482165119,1,0,0,0,2
"324289","Tokyo","Hotel","CL4","ZoneD","ABCH","OHUFCU",35146.3746540825,0,0,0,0,1
"324290","Tokyo","Hotel","CL4","ZoneD","ABCH","OHUFCU",28397.7332665066,1,0,0,0,1
"324353","Tokyo","Hotel","CL4","ZoneD","AHP","CAV",42124.3286758858,0,0,0,0,1
"324354","Tokyo","Hotel","CL4","ZoneD","AHP","CAV",44078.9053134563,1,0,0,0,1
"324481","Tokyo","Hotel","CL4","ZoneD","AHP","FCU",85897.0784311035,0,0,0,0,1
"324482","Tokyo","Hotel","CL4","ZoneD","AHP","FCU",69417.5172869481,1,0,0,0,1
"324497","Tokyo","Hotel","CL4","ZoneD","AHP","FCU",57166.4271457728,0,0,0,0,2
"324498","Tokyo","Hotel","CL4","ZoneD","AHP","FCU",49083.8207349709,1,0,0,0,2
"324673","Tokyo","Hotel","CL4","ZoneD","AHP","OHUFCU",45015.8701567978,0,0,0,0,1
"324674","Tokyo","Hotel","CL4","ZoneD","AHP","OHUFCU",36372.1347096022,1,0,0,0,1
"326657","Tokyo","Hotel","CL5","ZoneD","EHP","MUL",489274.914058795,0,0,0,0,1
"326658","Tokyo","Hotel","CL5","ZoneD","EHP","MUL",414655.669319329,1,0,0,0,1
"326661","Tokyo","Hotel","CL5","ZoneD","EHP","MUL",81094.4841564144,1,0,1,0,1
"326673","Tokyo","Hotel","CL5","ZoneD","EHP","MUL",412019.444383064,0,0,0,0,2
"326674","Tokyo","Hotel","CL5","ZoneD","EHP","MUL",349182.419891462,1,0,0,0,2
"326677","Tokyo","Hotel","CL5","ZoneD","EHP","MUL",68289.837358475,1,0,1,0,2
"326721","Tokyo","Hotel","CL5","ZoneD","GHP","MUL",51600.8887053325,0,0,0,0,1
"326722","Tokyo","Hotel","CL5","ZoneD","GHP","MUL",43731.2448048597,1,0,0,0,1
"326737","Tokyo","Hotel","CL5","ZoneD","GHP","MUL",43453.2179826586,0,0,0,0,2
"326738","Tokyo","Hotel","CL5","ZoneD","GHP","MUL",36826.1741383962,1,0,0,0,2
"326785","Tokyo","Hotel","CL5","ZoneD","ABCH","CAV",73984.2619548997,0,0,0,0,1
"326786","Tokyo","Hotel","CL5","ZoneD","ABCH","CAV",82413.2335101841,1,0,0,0,1
"326793","Tokyo","Hotel","CL5","ZoneD","ABCH","CAV",30216.6931862011,0,1,0,0,1
"326794","Tokyo","Hotel","CL5","ZoneD","ABCH","CAV",33320.1587694189,1,1,0,0,1
"326801","Tokyo","Hotel","CL5","ZoneD","ABCH","CAV",87612.7623596737,0,0,0,0,2
"326802","Tokyo","Hotel","CL5","ZoneD","ABCH","CAV",97594.4187592435,1,0,0,0,2
"326913","Tokyo","Hotel","CL5","ZoneD","ABCH","FCU",132500.567274944,0,0,0,0,1
"326914","Tokyo","Hotel","CL5","ZoneD","ABCH","FCU",113861.984007624,1,0,0,0,1
"326929","Tokyo","Hotel","CL5","ZoneD","ABCH","FCU",111579.009142707,0,0,0,0,2
"326930","Tokyo","Hotel","CL5","ZoneD","ABCH","FCU",95883.4185836414,1,0,0,0,2
"327105","Tokyo","Hotel","CL5","ZoneD","ABCH","OHUFCU",115461.324439267,0,0,0,0,1
"327106","Tokyo","Hotel","CL5","ZoneD","ABCH","OHUFCU",99159.6970419766,1,0,0,0,1
"327121","Tokyo","Hotel","CL5","ZoneD","ABCH","OHUFCU",97230.2265582384,0,0,0,0,2
"327122","Tokyo","Hotel","CL5","ZoneD","ABCH","OHUFCU",83502.5915011834,1,0,0,0,2
"327169","Tokyo","Hotel","CL5","ZoneD","AHP","CAV",78117.6659136055,0,0,0,0,1
"327170","Tokyo","Hotel","CL5","ZoneD","AHP","CAV",87017.5530862637,1,0,0,0,1
"327178","Tokyo","Hotel","CL5","ZoneD","AHP","CAV",35181.7124637192,1,1,0,0,1
"327185","Tokyo","Hotel","CL5","ZoneD","AHP","CAV",79797.9938957289,0,0,0,0,2
"327186","Tokyo","Hotel","CL5","ZoneD","AHP","CAV",88889.3195769374,1,0,0,0,2
"327297","Tokyo","Hotel","CL5","ZoneD","AHP","FCU",120681.955160602,0,0,0,0,1
"327298","Tokyo","Hotel","CL5","ZoneD","AHP","FCU",103705.871839718,1,0,0,0,1
"327313","Tokyo","Hotel","CL5","ZoneD","AHP","FCU",101626.53077766,0,0,0,0,2
"327314","Tokyo","Hotel","CL5","ZoneD","AHP","FCU",87330.9349547544,1,0,0,0,2
"327489","Tokyo","Hotel","CL5","ZoneD","AHP","OHUFCU",105162.556397584,0,0,0,0,1
"327490","Tokyo","Hotel","CL5","ZoneD","AHP","OHUFCU",90314.9802168551,1,0,0,0,1
"327505","Tokyo","Hotel","CL5","ZoneD","AHP","OHUFCU",88557.6121150339,0,0,0,0,2
"327506","Tokyo","Hotel","CL5","ZoneD","AHP","OHUFCU",76054.4366759512,1,0,0,0,2
"328449","Tokyo","Hotel","CL5","ZoneD","COM","FCU",35915.9682851143,0,0,0,0,1
"328450","Tokyo","Hotel","CL5","ZoneD","COM","FCU",32907.9725741177,1,0,0,0,1
"328465","Tokyo","Hotel","CL5","ZoneD","COM","FCU",57956.7867844253,0,0,0,0,2
"329473","Tokyo","Hotel","CL6b","ZoneD","EHP","MUL",103533.286262599,0,0,0,0,1
"329474","Tokyo","Hotel","CL6b","ZoneD","EHP","MUL",87867.4147983072,1,0,0,0,1
"329477","Tokyo","Hotel","CL6b","ZoneD","EHP","MUL",30929.101807349,1,0,1,0,1
"329489","Tokyo","Hotel","CL6b","ZoneD","EHP","MUL",87185.6002736789,0,0,0,0,2
"329490","Tokyo","Hotel","CL6b","ZoneD","EHP","MUL",73993.3366381918,1,0,0,0,2
"329493","Tokyo","Hotel","CL6b","ZoneD","EHP","MUL",26045.4623275449,1,0,1,0,2
"329537","Tokyo","Hotel","CL6b","ZoneD","GHP","MUL",24142.8766611086,0,0,0,0,1
"329553","Tokyo","Hotel","CL6b","ZoneD","GHP","MUL",20330.7677174789,0,0,0,0,2
"329602","Tokyo","Hotel","CL6b","ZoneD","ABCH","CAV",103014.863998383,1,0,0,0,1
"329618","Tokyo","Hotel","CL6b","ZoneD","ABCH","CAV",86749.0357838172,1,0,0,0,2
"329729","Tokyo","Hotel","CL6b","ZoneD","ABCH","FCU",45535.054256064,0,0,0,0,1
"329730","Tokyo","Hotel","CL6b","ZoneD","ABCH","FCU",39237.0243010188,1,0,0,0,1
"329745","Tokyo","Hotel","CL6b","ZoneD","ABCH","FCU",71386.7474147457,0,0,0,0,2
"329921","Tokyo","Hotel","CL6b","ZoneD","ABCH","OHUFCU",59325.9790110358,0,0,0,0,1
"329922","Tokyo","Hotel","CL6b","ZoneD","ABCH","OHUFCU",51058.24763683,1,0,0,0,1
"329937","Tokyo","Hotel","CL6b","ZoneD","ABCH","OHUFCU",49958.5329377237,0,0,0,0,2
"329938","Tokyo","Hotel","CL6b","ZoneD","ABCH","OHUFCU",42996.2587862652,1,0,0,0,2
"329986","Tokyo","Hotel","CL6b","ZoneD","AHP","CAV",89019.8168612184,1,0,0,0,1
"330305","Tokyo","Hotel","CL6b","ZoneD","AHP","OHUFCU",51258.5364331153,0,0,0,0,1
"330306","Tokyo","Hotel","CL6b","ZoneD","AHP","OHUFCU",44129.4809768235,1,0,0,0,1
"330321","Tokyo","Hotel","CL6b","ZoneD","AHP","OHUFCU",81250.4647774066,0,0,0,0,2
"330322","Tokyo","Hotel","CL6b","ZoneD","AHP","OHUFCU",74039.7641574777,1,0,0,0,2
"332289","Tokyo","Hotel","CL6m","ZoneD","EHP","MUL",147732.819601234,0,0,0,0,1
"332290","Tokyo","Hotel","CL6m","ZoneD","EHP","MUL",125379.010053836,1,0,0,0,1
"332293","Tokyo","Hotel","CL6m","ZoneD","EHP","MUL",44133.0859154222,1,0,1,0,1
"332305","Tokyo","Hotel","CL6m","ZoneD","EHP","MUL",124406.121181045,0,0,0,0,2
"332306","Tokyo","Hotel","CL6m","ZoneD","EHP","MUL",105581.930680126,1,0,0,0,2
"332309","Tokyo","Hotel","CL6m","ZoneD","EHP","MUL",37164.5653911395,1,0,1,0,2
"332353","Tokyo","Hotel","CL6m","ZoneD","GHP","MUL",34449.744340037,0,0,0,0,1
"332369","Tokyo","Hotel","CL6m","ZoneD","GHP","MUL",29010.2028824126,0,0,0,0,2
"332418","Tokyo","Hotel","CL6m","ZoneD","ABCH","CAV",132498.102195251,1,0,0,0,1
"332434","Tokyo","Hotel","CL6m","ZoneD","ABCH","CAV",111576.933293861,1,0,0,0,2
"332545","Tokyo","Hotel","CL6m","ZoneD","ABCH","FCU",58567.3565746879,0,0,0,0,1
"332546","Tokyo","Hotel","CL6m","ZoneD","ABCH","FCU",50466.8069624938,1,0,0,0,1
"332561","Tokyo","Hotel","CL6m","ZoneD","ABCH","FCU",49319.695372708,0,0,0,0,2
"332562","Tokyo","Hotel","CL6m","ZoneD","ABCH","FCU",42498.2053381452,1,0,0,0,2
"332737","Tokyo","Hotel","CL6m","ZoneD","ABCH","OHUFCU",76305.2954179597,0,0,0,0,1
"332738","Tokyo","Hotel","CL6m","ZoneD","ABCH","OHUFCU",65671.3084958434,1,0,0,0,1
"332753","Tokyo","Hotel","CL6m","ZoneD","ABCH","OHUFCU",64256.8513492504,0,0,0,0,2
"332754","Tokyo","Hotel","CL6m","ZoneD","ABCH","OHUFCU",55301.948374804,1,0,0,0,2
"332802","Tokyo","Hotel","CL6m","ZoneD","AHP","CAV",81945.173090168,1,0,0,0,1
"332818","Tokyo","Hotel","CL6m","ZoneD","AHP","CAV",69006.2043165115,1,0,0,0,2
"332929","Tokyo","Hotel","CL6m","ZoneD","AHP","FCU",67433.5953176863,0,0,0,0,1
"332945","Tokyo","Hotel","CL6m","ZoneD","AHP","FCU",56785.9738506985,0,0,0,0,2
"333121","Tokyo","Hotel","CL6m","ZoneD","AHP","OHUFCU",47192.0015239676,0,0,0,0,1
"333122","Tokyo","Hotel","CL6m","ZoneD","AHP","OHUFCU",40615.2741253569,1,0,0,0,1
"333137","Tokyo","Hotel","CL6m","ZoneD","AHP","OHUFCU",39740.4847224463,0,0,0,0,2
"333138","Tokyo","Hotel","CL6m","ZoneD","AHP","OHUFCU",34202.2086106472,1,0,0,0,2
"334273","Tokyo","Hotel","CL6m","ZoneD","COM","OHUFCU",67902.5358435346,0,0,0,0,1
"334289","Tokyo","Hotel","CL6m","ZoneD","COM","OHUFCU",57180.8696635777,0,0,0,0,2
"335105","Tokyo","Hotel","CL7b","ZoneD","EHP","MUL",62213.5851678531,0,0,0,0,1
"335121","Tokyo","Hotel","CL7b","ZoneD","EHP","MUL",52390.1922158569,0,0,0,0,2
"335169","Tokyo","Hotel","CL7b","ZoneD","GHP","MUL",5242.15934897423,0,0,0,0,1
"335185","Tokyo","Hotel","CL7b","ZoneD","GHP","MUL",4414.43352248445,0,0,0,0,2
"335242","Tokyo","Hotel","CL7b","ZoneD","ABCH","CAV",79222.7890642081,1,1,0,0,1
"335249","Tokyo","Hotel","CL7b","ZoneD","ABCH","CAV",64504.559762709,0,0,0,0,2
"335250","Tokyo","Hotel","CL7b","ZoneD","ABCH","CAV",66132.033807963,1,0,0,0,2
"335553","Tokyo","Hotel","CL7b","ZoneD","ABCH","OHUFCU",75908.7440796482,0,0,0,0,1
"337921","Tokyo","Hotel","CL7m","ZoneD","EHP","MUL",132746.901697884,0,0,0,0,1
"337922","Tokyo","Hotel","CL7m","ZoneD","EHP","MUL",128371.391420347,1,0,0,0,1
"337925","Tokyo","Hotel","CL7m","ZoneD","EHP","MUL",73111.506208041,1,0,1,0,1
"337937","Tokyo","Hotel","CL7m","ZoneD","EHP","MUL",111786.447883495,0,0,0,0,2
"337938","Tokyo","Hotel","CL7m","ZoneD","EHP","MUL",108101.821384891,1,0,0,0,2
"337941","Tokyo","Hotel","CL7m","ZoneD","EHP","MUL",61567.354671746,1,0,1,0,2
"337985","Tokyo","Hotel","CL7m","ZoneD","GHP","MUL",28162.4320880535,0,0,0,0,1
"338001","Tokyo","Hotel","CL7m","ZoneD","GHP","MUL",23715.6438803261,0,0,0,0,2
"338057","Tokyo","Hotel","CL7m","ZoneD","ABCH","CAV",47457.6547713031,0,1,0,0,1
"338058","Tokyo","Hotel","CL7m","ZoneD","ABCH","CAV",58273.0033717557,1,1,0,0,1
"338061","Tokyo","Hotel","CL7m","ZoneD","ABCH","CAV",52066.618664851,1,1,1,0,1
"338074","Tokyo","Hotel","CL7m","ZoneD","ABCH","CAV",152943.064365829,1,1,0,0,2
"338120","Tokyo","Hotel","CL7m","ZoneD","ABCH","VAV",57618.8113280922,1,0,1,1,1
"338177","Tokyo","Hotel","CL7m","ZoneD","ABCH","FCU",72653.6133838931,0,0,0,0,1
"338193","Tokyo","Hotel","CL7m","ZoneD","ABCH","FCU",70418.6187047418,0,0,0,0,2
"338369","Tokyo","Hotel","CL7m","ZoneD","ABCH","OHUFCU",60051.0226320461,0,0,0,0,1
"338370","Tokyo","Hotel","CL7m","ZoneD","ABCH","OHUFCU",58071.6629382047,1,0,0,0,1
"338373","Tokyo","Hotel","CL7m","ZoneD","ABCH","OHUFCU",33073.6209870581,1,0,1,0,1
"338385","Tokyo","Hotel","CL7m","ZoneD","ABCH","OHUFCU",55013.811659007,0,0,0,0,2
"338386","Tokyo","Hotel","CL7m","ZoneD","ABCH","OHUFCU",53803.8915486591,1,0,0,0,2
"338389","Tokyo","Hotel","CL7m","ZoneD","ABCH","OHUFCU",37727.4521553124,1,0,1,0,2
"338442","Tokyo","Hotel","CL7m","ZoneD","AHP","CAV",119208.72319288,1,1,0,0,1
"338458","Tokyo","Hotel","CL7m","ZoneD","AHP","CAV",100385.919008394,1,1,0,0,2
"338753","Tokyo","Hotel","CL7m","ZoneD","AHP","OHUFCU",57736.5943764221,0,0,0,0,1
"338754","Tokyo","Hotel","CL7m","ZoneD","AHP","OHUFCU",56485.3936121099,1,0,0,0,1
"338769","Tokyo","Hotel","CL7m","ZoneD","AHP","OHUFCU",48620.1087609513,0,0,0,0,2
"338770","Tokyo","Hotel","CL7m","ZoneD","AHP","OHUFCU",47566.4699396859,1,0,0,0,2
"339594","Tokyo","Hotel","CL7m","ZoneD","COM","CAV",82074.5739522701,1,1,0,0,1
"339601","Tokyo","Hotel","CL7m","ZoneD","COM","CAV",66826.5321511502,0,0,0,0,2
"339602","Tokyo","Hotel","CL7m","ZoneD","COM","CAV",68512.5904237809,1,0,0,0,2
"339905","Tokyo","Hotel","CL7m","ZoneD","COM","OHUFCU",78641.2332004573,0,0,0,0,1
"340769","Tokyo","Hotel","CL8","ZoneD","EHP","MUL",105206.470805135,0,0,0,0,3
"340770","Tokyo","Hotel","CL8","ZoneD","EHP","MUL",96802.0050641819,1,0,0,0,3
"340773","Tokyo","Hotel","CL8","ZoneD","EHP","MUL",123632.902102765,1,0,1,0,3
"340776","Tokyo","Hotel","CL8","ZoneD","EHP","MUL",35552.9010524749,1,0,1,1,3
"340837","Tokyo","Hotel","CL8","ZoneD","GHP","MUL",44214.496838974,1,0,1,0,3
"340905","Tokyo","Hotel","CL8","ZoneD","ABCH","CAV",54033.6790998042,0,1,0,0,3
"340906","Tokyo","Hotel","CL8","ZoneD","ABCH","CAV",59823.405938819,1,1,0,0,3
"340909","Tokyo","Hotel","CL8","ZoneD","ABCH","CAV",127262.12971142,1,1,1,0,3
"340912","Tokyo","Hotel","CL8","ZoneD","ABCH","CAV",101709.611904129,1,1,1,1,3
"340965","Tokyo","Hotel","CL8","ZoneD","ABCH","VAV",68007.3728962844,1,0,1,0,3
"340968","Tokyo","Hotel","CL8","ZoneD","ABCH","VAV",147869.148860525,1,0,1,1,3
"341029","Tokyo","Hotel","CL8","ZoneD","ABCH","FCU",100261.231039286,1,0,1,0,3
"341217","Tokyo","Hotel","CL8","ZoneD","ABCH","OHUFCU",100744.352734303,0,0,0,0,3
"341218","Tokyo","Hotel","CL8","ZoneD","ABCH","OHUFCU",92696.3452812428,1,0,0,0,3
"341221","Tokyo","Hotel","CL8","ZoneD","ABCH","OHUFCU",118389.264497585,1,0,1,0,3
"341224","Tokyo","Hotel","CL8","ZoneD","ABCH","OHUFCU",34044.9972035703,1,0,1,1,3
"341293","Tokyo","Hotel","CL8","ZoneD","AHP","CAV",113457.014032269,1,1,1,0,3
"341352","Tokyo","Hotel","CL8","ZoneD","AHP","VAV",71442.9582752292,1,0,1,1,3
"341601","Tokyo","Hotel","CL8","ZoneD","AHP","OHUFCU",36980.774909805,0,0,0,0,3
"341602","Tokyo","Hotel","CL8","ZoneD","AHP","OHUFCU",34026.549248353,1,0,0,0,3
"341605","Tokyo","Hotel","CL8","ZoneD","AHP","OHUFCU",43457.7881865912,1,0,1,0,3
"341989","Tokyo","Hotel","CL8","ZoneD","TB","OHUFCU",71622.6606811751,1,0,1,0,3
"342061","Tokyo","Hotel","CL8","ZoneD","AB","CAV",111574.016885541,1,1,1,0,3
"342373","Tokyo","Hotel","CL8","ZoneD","AB","OHUFCU",112565.384224954,1,0,1,0,3
"342442","Tokyo","Hotel","CL8","ZoneD","COM","CAV",41062.2250634821,1,1,0,0,3
"342445","Tokyo","Hotel","CL8","ZoneD","COM","CAV",87351.5329035699,1,1,1,0,3
"342448","Tokyo","Hotel","CL8","ZoneD","COM","CAV",69812.5242049569,1,1,1,1,3
"342501","Tokyo","Hotel","CL8","ZoneD","COM","VAV",39322.389604987,1,0,1,0,3
"342504","Tokyo","Hotel","CL8","ZoneD","COM","VAV",85499.0868551704,1,0,1,1,3
"342565","Tokyo","Hotel","CL8","ZoneD","COM","FCU",57971.8201321349,1,0,1,0,3
"342753","Tokyo","Hotel","CL8","ZoneD","COM","OHUFCU",64610.9152857276,0,0,0,0,3
"342754","Tokyo","Hotel","CL8","ZoneD","COM","OHUFCU",59449.4435639333,1,0,0,0,3
"342757","Tokyo","Hotel","CL8","ZoneD","COM","OHUFCU",75927.2210459947,1,0,1,0,3
"343213","Tokyo","Hotel","CL8","ZoneD","COM+TESICE","CAV",81703.0806922532,1,1,1,0,3
"343525","Tokyo","Hotel","CL8","ZoneD","COM+TESICE","OHUFCU",82429.0361430713,1,0,1,0,3
"343585","Tokyo","Hotel","CL9","ZoneD","EHP","MUL",88574.5361519103,0,0,0,0,3
"343586","Tokyo","Hotel","CL9","ZoneD","EHP","MUL",83603.5557179108,1,0,0,0,3
"343589","Tokyo","Hotel","CL9","ZoneD","EHP","MUL",188832.675440872,1,0,1,0,3
"343592","Tokyo","Hotel","CL9","ZoneD","EHP","MUL",145517.197912704,1,0,1,1,3
"343653","Tokyo","Hotel","CL9","ZoneD","GHP","MUL",82289.5111999965,1,0,1,0,3
"343720","Tokyo","Hotel","CL9","ZoneD","ABCH","CAV",31519.0135670143,1,0,1,1,3
"343721","Tokyo","Hotel","CL9","ZoneD","ABCH","CAV",33572.9165109417,0,1,0,0,3
"343722","Tokyo","Hotel","CL9","ZoneD","ABCH","CAV",37109.3662043631,1,1,0,0,3
"343725","Tokyo","Hotel","CL9","ZoneD","ABCH","CAV",145945.243293535,1,1,1,0,3
"343728","Tokyo","Hotel","CL9","ZoneD","ABCH","CAV",267025.12810963,1,1,1,1,3
"343781","Tokyo","Hotel","CL9","ZoneD","ABCH","VAV",61611.6976004726,1,0,1,0,3
"343784","Tokyo","Hotel","CL9","ZoneD","ABCH","VAV",321096.227131539,1,0,1,1,3
"343792","Tokyo","Hotel","CL9","ZoneD","ABCH","VAV",104525.857861916,1,1,1,1,3
"343853","Tokyo","Hotel","CL9","ZoneD","ABCH","FCU",82678.8110639824,1,1,1,0,3
"344033","Tokyo","Hotel","CL9","ZoneD","ABCH","OHUFCU",65517.575374461,0,0,0,0,3
"344034","Tokyo","Hotel","CL9","ZoneD","ABCH","OHUFCU",61840.5977754933,1,0,0,0,3
"344037","Tokyo","Hotel","CL9","ZoneD","ABCH","OHUFCU",139677.37889296,1,0,1,0,3
"344040","Tokyo","Hotel","CL9","ZoneD","ABCH","OHUFCU",107637.413603552,1,0,1,1,3
"344045","Tokyo","Hotel","CL9","ZoneD","ABCH","OHUFCU",45468.917474105,1,1,1,0,3
"344048","Tokyo","Hotel","CL9","ZoneD","ABCH","OHUFCU",35039.0071395641,1,1,1,1,3
"344109","Tokyo","Hotel","CL9","ZoneD","AHP","CAV",43029.3106897627,1,1,1,0,3
"344112","Tokyo","Hotel","CL9","ZoneD","AHP","CAV",76804.1966679571,1,1,1,1,3
"344168","Tokyo","Hotel","CL9","ZoneD","AHP","VAV",113334.907048973,1,0,1,1,3
"344421","Tokyo","Hotel","CL9","ZoneD","AHP","OHUFCU",105879.119492615,1,0,1,0,3
"344488","Tokyo","Hotel","CL9","ZoneD","TB","CAV",69610.9570033356,1,0,1,1,3
"344496","Tokyo","Hotel","CL9","ZoneD","TB","CAV",61882.1417807899,1,1,1,1,3
"344877","Tokyo","Hotel","CL9","ZoneD","AB","CAV",96847.0423856237,1,1,1,0,3
"344880","Tokyo","Hotel","CL9","ZoneD","AB","CAV",172864.94184684,1,1,1,1,3
"344933","Tokyo","Hotel","CL9","ZoneD","AB","VAV",33798.3365561872,1,0,1,0,3
"344936","Tokyo","Hotel","CL9","ZoneD","AB","VAV",165625.640045994,1,0,1,1,3
"344944","Tokyo","Hotel","CL9","ZoneD","AB","VAV",55661.4609935925,1,1,1,1,3
"345185","Tokyo","Hotel","CL9","ZoneD","AB","OHUFCU",41671.3675808027,0,0,0,0,3
"345186","Tokyo","Hotel","CL9","ZoneD","AB","OHUFCU",39332.6869407268,1,0,0,0,3
"345189","Tokyo","Hotel","CL9","ZoneD","AB","OHUFCU",88839.48109045,1,0,1,0,3
"345192","Tokyo","Hotel","CL9","ZoneD","AB","OHUFCU",68460.9923686054,1,0,1,1,3
"345257","Tokyo","Hotel","CL9","ZoneD","COM","CAV",28803.8616013279,0,1,0,0,3
"345258","Tokyo","Hotel","CL9","ZoneD","COM","CAV",31837.9562858387,1,1,0,0,3
"345261","Tokyo","Hotel","CL9","ZoneD","COM","CAV",125213.62532889,1,1,1,0,3
"345264","Tokyo","Hotel","CL9","ZoneD","COM","CAV",229094.032734391,1,1,1,1,3
"345317","Tokyo","Hotel","CL9","ZoneD","COM","VAV",49625.6747708835,1,0,1,0,3
"345320","Tokyo","Hotel","CL9","ZoneD","COM","VAV",258629.733611905,1,0,1,1,3
"345328","Tokyo","Hotel","CL9","ZoneD","COM","VAV",84191.256359137,1,1,1,1,3
"345389","Tokyo","Hotel","CL9","ZoneD","COM","FCU",66594.3635397096,1,1,1,0,3
"345569","Tokyo","Hotel","CL9","ZoneD","COM","OHUFCU",52771.6978096203,0,0,0,0,3
"345570","Tokyo","Hotel","CL9","ZoneD","COM","OHUFCU",49810.0443968308,1,0,0,0,3
"345573","Tokyo","Hotel","CL9","ZoneD","COM","OHUFCU",112504.353032764,1,0,1,0,3
"345576","Tokyo","Hotel","CL9","ZoneD","COM","OHUFCU",86697.4858460639,1,0,1,1,3
"345581","Tokyo","Hotel","CL9","ZoneD","COM","OHUFCU",36623.3328837342,1,1,1,0,3
"345584","Tokyo","Hotel","CL9","ZoneD","COM","OHUFCU",28222.4713864943,1,1,1,1,3
"346029","Tokyo","Hotel","CL9","ZoneD","COM+TESICE","CAV",118812.269455232,1,1,1,0,3
"346032","Tokyo","Hotel","CL9","ZoneD","COM+TESICE","CAV",217381.949259353,1,1,1,1,3
"346085","Tokyo","Hotel","CL9","ZoneD","COM+TESICE","VAV",40206.9792221491,1,0,1,0,3
"346088","Tokyo","Hotel","CL9","ZoneD","COM+TESICE","VAV",209543.152281024,1,0,1,1,3
"346096","Tokyo","Hotel","CL9","ZoneD","COM+TESICE","VAV",68212.1927963094,1,1,1,1,3
"346157","Tokyo","Hotel","CL9","ZoneD","COM+TESICE","FCU",53955.0989183593,1,1,1,0,3
"346337","Tokyo","Hotel","CL9","ZoneD","COM+TESICE","OHUFCU",46321.6617091907,0,0,0,0,3
"346338","Tokyo","Hotel","CL9","ZoneD","COM+TESICE","OHUFCU",43721.9972454467,1,0,0,0,3
"346341","Tokyo","Hotel","CL9","ZoneD","COM+TESICE","OHUFCU",98753.4757891571,1,0,1,0,3
"346344","Tokyo","Hotel","CL9","ZoneD","COM+TESICE","OHUFCU",76100.8604439215,1,0,1,1,3
"346349","Tokyo","Hotel","CL9","ZoneD","COM+TESICE","OHUFCU",32147.035379145,1,1,1,0,3
"346369","Nigata","Hotel","CL1","ZoneD","EHP","MUL",801.032750493814,0,0,0,0,1
"346385","Nigata","Hotel","CL1","ZoneD","EHP","MUL",263.575071081943,0,0,0,0,2
"349185","Nigata","Hotel","CL2","ZoneD","EHP","MUL",72441.0461761765,0,0,0,0,1
"349186","Nigata","Hotel","CL2","ZoneD","EHP","MUL",53105.1615528269,1,0,0,0,1
"349201","Nigata","Hotel","CL2","ZoneD","EHP","MUL",44067.7563556787,0,0,0,0,2
"349249","Nigata","Hotel","CL2","ZoneD","GHP","MUL",8380.40352743887,0,0,0,0,1
"352001","Nigata","Hotel","CL3","ZoneD","EHP","MUL",126232.503239991,0,0,0,0,1
"352002","Nigata","Hotel","CL3","ZoneD","EHP","MUL",94782.4293564518,1,0,0,0,1
"352017","Nigata","Hotel","CL3","ZoneD","EHP","MUL",63330.7582968625,0,0,0,0,2
"352018","Nigata","Hotel","CL3","ZoneD","EHP","MUL",47552.2782983298,1,0,0,0,2
"352065","Nigata","Hotel","CL3","ZoneD","GHP","MUL",14321.9091473316,0,0,0,0,1
"352081","Nigata","Hotel","CL3","ZoneD","GHP","MUL",7185.29176938586,0,0,0,0,2
"352641","Nigata","Hotel","CL3","ZoneD","AHP","FCU",68791.4110197343,0,0,0,0,1
"352642","Nigata","Hotel","CL3","ZoneD","AHP","FCU",54693.988762822,1,0,0,0,1
"354817","Nigata","Hotel","CL4","ZoneD","EHP","MUL",142307.531845483,0,0,0,0,1
"354818","Nigata","Hotel","CL4","ZoneD","EHP","MUL",109394.684763382,1,0,0,0,1
"354833","Nigata","Hotel","CL4","ZoneD","EHP","MUL",46825.4485207327,0,0,0,0,2
"354834","Nigata","Hotel","CL4","ZoneD","EHP","MUL",35995.6715811184,1,0,0,0,2
"354881","Nigata","Hotel","CL4","ZoneD","GHP","MUL",18001.6903102076,0,0,0,0,1
"354897","Nigata","Hotel","CL4","ZoneD","GHP","MUL",5923.34932645769,0,0,0,0,2
"355073","Nigata","Hotel","CL4","ZoneD","ABCH","FCU",61242.5278586511,0,0,0,0,1
"355074","Nigata","Hotel","CL4","ZoneD","ABCH","FCU",50356.1737515954,1,0,0,0,1
"355457","Nigata","Hotel","CL4","ZoneD","AHP","FCU",72945.8799324229,0,0,0,0,1
"355458","Nigata","Hotel","CL4","ZoneD","AHP","FCU",59979.1604425291,1,0,0,0,1
"355473","Nigata","Hotel","CL4","ZoneD","AHP","FCU",44153.8989511991,0,0,0,0,2
"355474","Nigata","Hotel","CL4","ZoneD","AHP","FCU",36305.1866919777,1,0,0,0,2
"357633","Nigata","Hotel","CL5","ZoneD","EHP","MUL",115195.684188423,0,0,0,0,1
"357634","Nigata","Hotel","CL5","ZoneD","EHP","MUL",92395.7240211006,1,0,0,0,1
"357649","Nigata","Hotel","CL5","ZoneD","EHP","MUL",97006.530338764,0,0,0,0,2
"357650","Nigata","Hotel","CL5","ZoneD","EHP","MUL",77806.6354531515,1,0,0,0,2
"357697","Nigata","Hotel","CL5","ZoneD","GHP","MUL",16090.0248700276,0,0,0,0,1
"357713","Nigata","Hotel","CL5","ZoneD","GHP","MUL",13549.4441193889,0,0,0,0,2
"357889","Nigata","Hotel","CL5","ZoneD","ABCH","FCU",85618.4785675839,0,0,0,0,1
"357890","Nigata","Hotel","CL5","ZoneD","ABCH","FCU",73847.7332719382,1,0,0,0,1
"357905","Nigata","Hotel","CL5","ZoneD","ABCH","FCU",72099.5026614014,0,0,0,0,2
"357906","Nigata","Hotel","CL5","ZoneD","ABCH","FCU",62187.3330460518,1,0,0,0,2
"358273","Nigata","Hotel","CL5","ZoneD","AHP","FCU",73257.3055160838,0,0,0,0,1
"358274","Nigata","Hotel","CL5","ZoneD","AHP","FCU",63185.9622885296,1,0,0,0,1
"358289","Nigata","Hotel","CL5","ZoneD","AHP","FCU",61690.1325787368,0,0,0,0,2
"358290","Nigata","Hotel","CL5","ZoneD","AHP","FCU",53209.0330545759,1,0,0,0,2
"360449","Nigata","Hotel","CL6b","ZoneD","EHP","MUL",42479.2738552871,0,0,0,0,1
"360450","Nigata","Hotel","CL6b","ZoneD","EHP","MUL",36332.3904726069,1,0,0,0,1
"360465","Nigata","Hotel","CL6b","ZoneD","EHP","MUL",35771.8867424872,0,0,0,0,2
"360466","Nigata","Hotel","CL6b","ZoneD","EHP","MUL",30595.5831895218,1,0,0,0,2
"360513","Nigata","Hotel","CL6b","ZoneD","GHP","MUL",5009.83222533251,0,0,0,0,1
"360529","Nigata","Hotel","CL6b","ZoneD","GHP","MUL",4218.79035818668,0,0,0,0,2
"360897","Nigata","Hotel","CL6b","ZoneD","ABCH","OHUFCU",58645.0465438498,0,0,0,0,1
"360898","Nigata","Hotel","CL6b","ZoneD","ABCH","OHUFCU",53802.3626641633,1,0,0,0,1
"360913","Nigata","Hotel","CL6b","ZoneD","ABCH","OHUFCU",79962.8725980326,0,0,0,0,2
"360914","Nigata","Hotel","CL6b","ZoneD","ABCH","OHUFCU",73359.844091365,1,0,0,0,2
"361281","Nigata","Hotel","CL6b","ZoneD","AHP","OHUFCU",69623.9955621977,0,0,0,0,1
"363265","Nigata","Hotel","CL6m","ZoneD","EHP","MUL",73006.9603396402,0,0,0,0,1
"363266","Nigata","Hotel","CL6m","ZoneD","EHP","MUL",62442.6255334349,1,0,0,0,1
"363281","Nigata","Hotel","CL6m","ZoneD","EHP","MUL",61479.3163739029,0,0,0,0,2
"363282","Nigata","Hotel","CL6m","ZoneD","EHP","MUL",52583.0675942113,1,0,0,0,2
"363329","Nigata","Hotel","CL6m","ZoneD","GHP","MUL",8610.14300359981,0,0,0,0,1
"363345","Nigata","Hotel","CL6m","ZoneD","GHP","MUL",7250.61971187758,0,0,0,0,2
"363394","Nigata","Hotel","CL6m","ZoneD","ABCH","CAV",93628.6294957432,1,0,0,0,1
"363410","Nigata","Hotel","CL6m","ZoneD","ABCH","CAV",78844.8677721255,1,0,0,0,2
"363713","Nigata","Hotel","CL6m","ZoneD","ABCH","OHUFCU",53346.8995413376,0,0,0,0,1
"363714","Nigata","Hotel","CL6m","ZoneD","ABCH","OHUFCU",46282.0951942457,1,0,0,0,1
"363729","Nigata","Hotel","CL6m","ZoneD","ABCH","OHUFCU",44923.5374163077,0,0,0,0,2
"363730","Nigata","Hotel","CL6m","ZoneD","ABCH","OHUFCU",38974.2506694828,1,0,0,0,2
"364097","Nigata","Hotel","CL6m","ZoneD","AHP","OHUFCU",62406.2385707267,0,0,0,0,1
"364098","Nigata","Hotel","CL6m","ZoneD","AHP","OHUFCU",57252.9698237687,1,0,0,0,1
"364113","Nigata","Hotel","CL6m","ZoneD","AHP","OHUFCU",52552.4260556262,0,0,0,0,2
"364114","Nigata","Hotel","CL6m","ZoneD","AHP","OHUFCU",48212.8474979095,1,0,0,0,2
"366081","Nigata","Hotel","CL7b","ZoneD","EHP","MUL",21935.534298252,0,0,0,0,1
"366097","Nigata","Hotel","CL7b","ZoneD","EHP","MUL",18471.9600251677,0,0,0,0,2
"366529","Nigata","Hotel","CL7b","ZoneD","ABCH","OHUFCU",71652.8162830054,0,0,0,0,1
"366545","Nigata","Hotel","CL7b","ZoneD","ABCH","OHUFCU",60338.9887875141,0,0,0,0,2
"368897","Nigata","Hotel","CL7m","ZoneD","EHP","MUL",53711.0489073317,0,0,0,0,1
"368898","Nigata","Hotel","CL7m","ZoneD","EHP","MUL",48710.5291180402,1,0,0,0,1
"368901","Nigata","Hotel","CL7m","ZoneD","EHP","MUL",31261.5730728868,1,0,1,0,1
"368913","Nigata","Hotel","CL7m","ZoneD","EHP","MUL",45230.18837089,0,0,0,0,2
"368914","Nigata","Hotel","CL7m","ZoneD","EHP","MUL",41019.2400348738,1,0,0,0,2
"368917","Nigata","Hotel","CL7m","ZoneD","EHP","MUL",26325.4370864466,1,0,1,0,2
"368961","Nigata","Hotel","CL7m","ZoneD","GHP","MUL",8254.72016326782,0,0,0,0,1
"368977","Nigata","Hotel","CL7m","ZoneD","GHP","MUL",6951.31738309104,0,0,0,0,2
"369029","Nigata","Hotel","CL7m","ZoneD","ABCH","CAV",126031.425487769,1,0,1,0,1
"369045","Nigata","Hotel","CL7m","ZoneD","ABCH","CAV",106131.331102816,1,0,1,0,2
"369345","Nigata","Hotel","CL7m","ZoneD","ABCH","OHUFCU",49668.8065647962,0,0,0,0,1
"369346","Nigata","Hotel","CL7m","ZoneD","ABCH","OHUFCU",45603.0630711335,1,0,0,0,1
"369349","Nigata","Hotel","CL7m","ZoneD","ABCH","OHUFCU",36379.6654802534,1,0,1,0,1
"369361","Nigata","Hotel","CL7m","ZoneD","ABCH","OHUFCU",41826.2075082353,0,0,0,0,2
"369362","Nigata","Hotel","CL7m","ZoneD","ABCH","OHUFCU",38402.4362762983,1,0,0,0,2
"369365","Nigata","Hotel","CL7m","ZoneD","ABCH","OHUFCU",30635.3935738763,1,0,1,0,2
"369729","Nigata","Hotel","CL7m","ZoneD","AHP","OHUFCU",61359.3545245818,0,0,0,0,1
"369730","Nigata","Hotel","CL7m","ZoneD","AHP","OHUFCU",58774.9517373866,1,0,0,0,1
"369745","Nigata","Hotel","CL7m","ZoneD","AHP","OHUFCU",101165.354476876,0,0,0,0,2
"370881","Nigata","Hotel","CL7m","ZoneD","COM","OHUFCU",85825.3358088399,0,0,0,0,1
"370897","Nigata","Hotel","CL7m","ZoneD","COM","OHUFCU",72273.6975836425,0,0,0,0,2
"371745","Nigata","Hotel","CL8","ZoneD","EHP","MUL",42132.3085033345,0,0,0,0,3
"371746","Nigata","Hotel","CL8","ZoneD","EHP","MUL",38102.4265150595,1,0,0,0,3
"371749","Nigata","Hotel","CL8","ZoneD","EHP","MUL",50278.6664391943,1,0,1,0,3
"371813","Nigata","Hotel","CL8","ZoneD","GHP","MUL",9530.62655143174,1,0,1,0,3
"371885","Nigata","Hotel","CL8","ZoneD","ABCH","CAV",81649.8011748723,1,1,1,0,3
"371888","Nigata","Hotel","CL8","ZoneD","ABCH","CAV",61741.3907834313,1,1,1,1,3
"371944","Nigata","Hotel","CL8","ZoneD","ABCH","VAV",91989.3174787303,1,0,1,1,3
"372193","Nigata","Hotel","CL8","ZoneD","ABCH","OHUFCU",47893.4328220109,0,0,0,0,3
"372194","Nigata","Hotel","CL8","ZoneD","ABCH","OHUFCU",43312.5093183579,1,0,0,0,3
"372197","Nigata","Hotel","CL8","ZoneD","ABCH","OHUFCU",57153.7145489017,1,0,1,0,3
"372581","Nigata","Hotel","CL8","ZoneD","AHP","OHUFCU",110291.309310835,1,0,1,0,3
"373349","Nigata","Hotel","CL8","ZoneD","AB","OHUFCU",91250.1306314607,1,0,1,0,3
"373421","Nigata","Hotel","CL8","ZoneD","COM","CAV",105747.37917373,1,1,1,0,3
"373733","Nigata","Hotel","CL8","ZoneD","COM","OHUFCU",109411.496311202,1,0,1,0,3
"374501","Nigata","Hotel","CL8","ZoneD","COM+TESICE","OHUFCU",61993.2019525991,1,0,1,0,3
"380161","Nagoya","Hotel","CL2","ZoneD","EHP","MUL",190510.270003315,0,0,0,0,1
"380162","Nagoya","Hotel","CL2","ZoneD","EHP","MUL",141562.09225516,1,0,0,0,1
"380177","Nagoya","Hotel","CL2","ZoneD","EHP","MUL",79055.0996988911,0,0,0,0,2
"380178","Nagoya","Hotel","CL2","ZoneD","EHP","MUL",58743.3177047118,1,0,0,0,2
"380225","Nagoya","Hotel","CL2","ZoneD","GHP","MUL",21581.3991930181,0,0,0,0,1
"380241","Nagoya","Hotel","CL2","ZoneD","GHP","MUL",8955.52593997122,0,0,0,0,2
"380801","Nagoya","Hotel","CL2","ZoneD","AHP","FCU",51896.9010715234,0,0,0,0,1
"380802","Nagoya","Hotel","CL2","ZoneD","AHP","FCU",40450.2221576526,1,0,0,0,1
"382977","Nagoya","Hotel","CL3","ZoneD","EHP","MUL",255685.157784352,0,0,0,0,1
"382978","Nagoya","Hotel","CL3","ZoneD","EHP","MUL",191861.18001362,1,0,0,0,1
"382993","Nagoya","Hotel","CL3","ZoneD","EHP","MUL",84131.6832502329,0,0,0,0,2
"382994","Nagoya","Hotel","CL3","ZoneD","EHP","MUL",63130.7822667431,1,0,0,0,2
"383041","Nagoya","Hotel","CL3","ZoneD","GHP","MUL",30069.5158224489,0,0,0,0,1
"383057","Nagoya","Hotel","CL3","ZoneD","GHP","MUL",9894.19566854875,0,0,0,0,2
"383233","Nagoya","Hotel","CL3","ZoneD","ABCH","FCU",51206.5913656122,0,0,0,0,1
"383234","Nagoya","Hotel","CL3","ZoneD","ABCH","FCU",40656.0600346598,1,0,0,0,1
"383617","Nagoya","Hotel","CL3","ZoneD","AHP","FCU",83295.7897360624,0,0,0,0,1
"383618","Nagoya","Hotel","CL3","ZoneD","AHP","FCU",66133.6468183262,1,0,0,0,1
"383633","Nagoya","Hotel","CL3","ZoneD","AHP","FCU",44257.210005096,0,0,0,0,2
"383634","Nagoya","Hotel","CL3","ZoneD","AHP","FCU",35138.5190645997,1,0,0,0,2
"385793","Nagoya","Hotel","CL4","ZoneD","EHP","MUL",357942.050725709,0,0,0,0,1
"385794","Nagoya","Hotel","CL4","ZoneD","EHP","MUL",288573.768219417,1,0,0,0,1
"385797","Nagoya","Hotel","CL4","ZoneD","EHP","MUL",27998.7551694664,1,0,1,0,1
"385809","Nagoya","Hotel","CL4","ZoneD","EHP","MUL",122879.366496149,0,0,0,0,2
"385810","Nagoya","Hotel","CL4","ZoneD","EHP","MUL",99065.6497450231,1,0,0,0,2
"385857","Nagoya","Hotel","CL4","ZoneD","GHP","MUL",44417.2756512907,0,0,0,0,1
"385873","Nagoya","Hotel","CL4","ZoneD","GHP","MUL",14615.2408622968,0,0,0,0,2
"385922","Nagoya","Hotel","CL4","ZoneD","ABCH","CAV",64523.6988231576,1,0,0,0,1
"386049","Nagoya","Hotel","CL4","ZoneD","ABCH","FCU",65969.3794345795,0,0,0,0,1
"386050","Nagoya","Hotel","CL4","ZoneD","ABCH","FCU",53725.0859622053,1,0,0,0,1
"386065","Nagoya","Hotel","CL4","ZoneD","ABCH","FCU",43411.2742051776,0,0,0,0,2
"386066","Nagoya","Hotel","CL4","ZoneD","ABCH","FCU",37526.4887484698,1,0,0,0,2
"386241","Nagoya","Hotel","CL4","ZoneD","ABCH","OHUFCU",34042.0583355423,0,0,0,0,1
"386242","Nagoya","Hotel","CL4","ZoneD","ABCH","OHUFCU",27718.2708257056,1,0,0,0,1
"386305","Nagoya","Hotel","CL4","ZoneD","AHP","CAV",40537.9927716311,0,0,0,0,1
"386306","Nagoya","Hotel","CL4","ZoneD","AHP","CAV",42746.8614274276,1,0,0,0,1
"386433","Nagoya","Hotel","CL4","ZoneD","AHP","FCU",85150.8863878005,0,0,0,0,1
"386434","Nagoya","Hotel","CL4","ZoneD","AHP","FCU",69346.3957089247,1,0,0,0,1
"386449","Nagoya","Hotel","CL4","ZoneD","AHP","FCU",56033.7009303001,0,0,0,0,2
"386450","Nagoya","Hotel","CL4","ZoneD","AHP","FCU",48437.8329361557,1,0,0,0,2
"386625","Nagoya","Hotel","CL4","ZoneD","AHP","OHUFCU",43940.2563216656,0,0,0,0,1
"386626","Nagoya","Hotel","CL4","ZoneD","AHP","OHUFCU",35777.7403725094,1,0,0,0,1
"388609","Nagoya","Hotel","CL5","ZoneD","EHP","MUL",336424.143649938,0,0,0,0,1
"388610","Nagoya","Hotel","CL5","ZoneD","EHP","MUL",271938.919318549,1,0,0,0,1
"388613","Nagoya","Hotel","CL5","ZoneD","EHP","MUL",53611.8792970732,1,0,1,0,1
"388625","Nagoya","Hotel","CL5","ZoneD","EHP","MUL",283303.485956033,0,0,0,0,2
"388626","Nagoya","Hotel","CL5","ZoneD","EHP","MUL",229000.341575441,1,0,0,0,2
"388629","Nagoya","Hotel","CL5","ZoneD","EHP","MUL",45146.6774314483,1,0,1,0,2
"388673","Nagoya","Hotel","CL5","ZoneD","GHP","MUL",52996.1151641578,0,0,0,0,1
"388689","Nagoya","Hotel","CL5","ZoneD","GHP","MUL",44628.1411471939,0,0,0,0,2
"388737","Nagoya","Hotel","CL5","ZoneD","ABCH","CAV",69871.8168763997,0,0,0,0,1
"388738","Nagoya","Hotel","CL5","ZoneD","ABCH","CAV",74315.6275078293,1,0,0,0,1
"388753","Nagoya","Hotel","CL5","ZoneD","ABCH","CAV",58839.2054042441,0,0,0,0,2
"388754","Nagoya","Hotel","CL5","ZoneD","ABCH","CAV",62581.3477759357,1,0,0,0,2
"388865","Nagoya","Hotel","CL5","ZoneD","ABCH","FCU",102892.436475396,0,0,0,0,1
"388866","Nagoya","Hotel","CL5","ZoneD","ABCH","FCU",84339.9641982575,1,0,0,0,1
"388881","Nagoya","Hotel","CL5","ZoneD","ABCH","FCU",86645.9393066656,0,0,0,0,2
"388882","Nagoya","Hotel","CL5","ZoneD","ABCH","FCU",71022.8629953377,1,0,0,0,2
"389057","Nagoya","Hotel","CL5","ZoneD","ABCH","OHUFCU",86453.0562500551,0,0,0,0,1
"389058","Nagoya","Hotel","CL5","ZoneD","ABCH","OHUFCU",70823.5413300483,1,0,0,0,1
"389073","Nagoya","Hotel","CL5","ZoneD","ABCH","OHUFCU",72802.3023005121,0,0,0,0,2
"389074","Nagoya","Hotel","CL5","ZoneD","ABCH","OHUFCU",59640.6545881908,1,0,0,0,2
"389121","Nagoya","Hotel","CL5","ZoneD","AHP","CAV",57157.7391481202,0,0,0,0,1
"389122","Nagoya","Hotel","CL5","ZoneD","AHP","CAV",60792.9411544486,1,0,0,0,1
"389137","Nagoya","Hotel","CL5","ZoneD","AHP","CAV",48132.6535436693,0,0,0,0,2
"389138","Nagoya","Hotel","CL5","ZoneD","AHP","CAV",51193.8648746219,1,0,0,0,2
"389249","Nagoya","Hotel","CL5","ZoneD","AHP","FCU",84169.8313753403,0,0,0,0,1
"389250","Nagoya","Hotel","CL5","ZoneD","AHP","FCU",68993.2205703679,1,0,0,0,1
"389265","Nagoya","Hotel","CL5","ZoneD","AHP","FCU",70879.5937837853,0,0,0,0,2
"389266","Nagoya","Hotel","CL5","ZoneD","AHP","FCU",58099.3375887347,1,0,0,0,2
"389441","Nagoya","Hotel","CL5","ZoneD","AHP","OHUFCU",70721.8082855875,0,0,0,0,1
"389442","Nagoya","Hotel","CL5","ZoneD","AHP","OHUFCU",57936.2850697006,1,0,0,0,1
"389457","Nagoya","Hotel","CL5","ZoneD","AHP","OHUFCU",59554.9849753624,0,0,0,0,2
"389458","Nagoya","Hotel","CL5","ZoneD","AHP","OHUFCU",48788.268717918,1,0,0,0,2
"391425","Nagoya","Hotel","CL6b","ZoneD","EHP","MUL",155432.142675125,0,0,0,0,1
"391426","Nagoya","Hotel","CL6b","ZoneD","EHP","MUL",130875.616987572,1,0,0,0,1
"391429","Nagoya","Hotel","CL6b","ZoneD","EHP","MUL",44180.037207293,1,0,1,0,1
"391441","Nagoya","Hotel","CL6b","ZoneD","EHP","MUL",130889.737495469,0,0,0,0,2
"391442","Nagoya","Hotel","CL6b","ZoneD","EHP","MUL",110210.635054201,1,0,0,0,2
"391445","Nagoya","Hotel","CL6b","ZoneD","EHP","MUL",37204.1031737516,1,0,1,0,2
"391489","Nagoya","Hotel","CL6b","ZoneD","GHP","MUL",23018.0012076478,0,0,0,0,1
"391505","Nagoya","Hotel","CL6b","ZoneD","GHP","MUL",19383.5077088053,0,0,0,0,2
"391554","Nagoya","Hotel","CL6b","ZoneD","ABCH","CAV",114701.708371184,1,0,0,0,1
"391570","Nagoya","Hotel","CL6b","ZoneD","ABCH","CAV",106663.312486147,1,0,0,0,2
"391681","Nagoya","Hotel","CL6b","ZoneD","ABCH","FCU",52988.0967998189,0,0,0,0,1
"391682","Nagoya","Hotel","CL6b","ZoneD","ABCH","FCU",45319.0908331094,1,0,0,0,1
"391697","Nagoya","Hotel","CL6b","ZoneD","ABCH","FCU",49274.6447046396,0,0,0,0,2
"391698","Nagoya","Hotel","CL6b","ZoneD","ABCH","FCU",42143.0893729774,1,0,0,0,2
"391873","Nagoya","Hotel","CL6b","ZoneD","ABCH","OHUFCU",67778.1297169773,0,0,0,0,1
"391874","Nagoya","Hotel","CL6b","ZoneD","ABCH","OHUFCU",57897.7801492721,1,0,0,0,1
"391889","Nagoya","Hotel","CL6b","ZoneD","ABCH","OHUFCU",63028.179199681,0,0,0,0,2
"391890","Nagoya","Hotel","CL6b","ZoneD","ABCH","OHUFCU",53840.2531576197,1,0,0,0,2
"391938","Nagoya","Hotel","CL6b","ZoneD","AHP","CAV",70916.7528399196,1,0,0,0,1
"391954","Nagoya","Hotel","CL6b","ZoneD","AHP","CAV",65946.8448733889,1,0,0,0,2
"392065","Nagoya","Hotel","CL6b","ZoneD","AHP","FCU",60780.4942642288,0,0,0,0,1
"392081","Nagoya","Hotel","CL6b","ZoneD","AHP","FCU",56520.9441500923,0,0,0,0,2
"392257","Nagoya","Hotel","CL6b","ZoneD","AHP","OHUFCU",41905.2596630587,0,0,0,0,1
"392258","Nagoya","Hotel","CL6b","ZoneD","AHP","OHUFCU",35796.5249439777,1,0,0,0,1
"392273","Nagoya","Hotel","CL6b","ZoneD","AHP","OHUFCU",38968.5024724258,0,0,0,0,2
"392274","Nagoya","Hotel","CL6b","ZoneD","AHP","OHUFCU",33287.8732168635,1,0,0,0,2
"393409","Nagoya","Hotel","CL6b","ZoneD","COM","OHUFCU",57155.8703656655,0,0,0,0,1
"394241","Nagoya","Hotel","CL6m","ZoneD","EHP","MUL",211069.448757928,0,0,0,0,1
"394242","Nagoya","Hotel","CL6m","ZoneD","EHP","MUL",177722.856147961,1,0,0,0,1
"394245","Nagoya","Hotel","CL6m","ZoneD","EHP","MUL",59994.3868684792,1,0,1,0,1
"394257","Nagoya","Hotel","CL6m","ZoneD","EHP","MUL",177742.031125328,0,0,0,0,2
"394258","Nagoya","Hotel","CL6m","ZoneD","EHP","MUL",149660.794657979,1,0,0,0,2
"394261","Nagoya","Hotel","CL6m","ZoneD","EHP","MUL",50521.4006142218,1,0,1,0,2
"394305","Nagoya","Hotel","CL6m","ZoneD","GHP","MUL",31257.349624024,0,0,0,0,1
"394321","Nagoya","Hotel","CL6m","ZoneD","GHP","MUL",26321.8805111883,0,0,0,0,2
"394369","Nagoya","Hotel","CL6m","ZoneD","ABCH","CAV",52921.1007218261,0,0,0,0,1
"394370","Nagoya","Hotel","CL6m","ZoneD","ABCH","CAV",58642.0652007605,1,0,0,0,1
"394378","Nagoya","Hotel","CL6m","ZoneD","ABCH","CAV",44196.2924546992,1,1,0,0,1
"394385","Nagoya","Hotel","CL6m","ZoneD","ABCH","CAV",62219.6021323838,0,0,0,0,2
"394386","Nagoya","Hotel","CL6m","ZoneD","ABCH","CAV",68945.7686111164,1,0,0,0,2
"394497","Nagoya","Hotel","CL6m","ZoneD","ABCH","FCU",71955.3123940782,0,0,0,0,1
"394498","Nagoya","Hotel","CL6m","ZoneD","ABCH","FCU",61541.167455615,1,0,0,0,1
"394513","Nagoya","Hotel","CL6m","ZoneD","ABCH","FCU",60593.7214051714,0,0,0,0,2
"394514","Nagoya","Hotel","CL6m","ZoneD","ABCH","FCU",51823.9478321189,1,0,0,0,2
"394689","Nagoya","Hotel","CL6m","ZoneD","ABCH","OHUFCU",77291.3884607101,0,0,0,0,1
"394690","Nagoya","Hotel","CL6m","ZoneD","ABCH","OHUFCU",66024.2446231039,1,0,0,0,1
"394693","Nagoya","Hotel","CL6m","ZoneD","ABCH","OHUFCU",27346.2683805709,1,0,1,0,1
"394705","Nagoya","Hotel","CL6m","ZoneD","ABCH","OHUFCU",77506.635593074,0,0,0,0,2
"394706","Nagoya","Hotel","CL6m","ZoneD","ABCH","OHUFCU",66208.1141279043,1,0,0,0,2
"394754","Nagoya","Hotel","CL6m","ZoneD","AHP","CAV",96301.5736128019,1,0,0,0,1
"394770","Nagoya","Hotel","CL6m","ZoneD","AHP","CAV",81095.7596906211,1,0,0,0,2
"394881","Nagoya","Hotel","CL6m","ZoneD","AHP","FCU",44487.8910439316,0,0,0,0,1
"394882","Nagoya","Hotel","CL6m","ZoneD","AHP","FCU",38049.1260671264,1,0,0,0,1
"394897","Nagoya","Hotel","CL6m","ZoneD","AHP","FCU",69504.5974236213,0,0,0,0,2
"395073","Nagoya","Hotel","CL6m","ZoneD","AHP","OHUFCU",56905.3472783089,0,0,0,0,1
"395074","Nagoya","Hotel","CL6m","ZoneD","AHP","OHUFCU",48609.976400872,1,0,0,0,1
"395089","Nagoya","Hotel","CL6m","ZoneD","AHP","OHUFCU",47920.1138140033,0,0,0,0,2
"395090","Nagoya","Hotel","CL6m","ZoneD","AHP","OHUFCU",40934.5643781653,1,0,0,0,2
"396225","Nagoya","Hotel","CL6m","ZoneD","COM","OHUFCU",77614.9504454545,0,0,0,0,1
"396241","Nagoya","Hotel","CL6m","ZoneD","COM","OHUFCU",65359.7146297026,0,0,0,0,2
"397057","Nagoya","Hotel","CL7b","ZoneD","EHP","MUL",54454.2504227838,0,0,0,0,1
"397073","Nagoya","Hotel","CL7b","ZoneD","EHP","MUL",49597.3892250014,0,0,0,0,2
"397121","Nagoya","Hotel","CL7b","ZoneD","GHP","MUL",4442.8688307482,0,0,0,0,1
"397189","Nagoya","Hotel","CL7b","ZoneD","ABCH","CAV",92996.41484037,1,0,1,0,1
"397205","Nagoya","Hotel","CL7b","ZoneD","ABCH","CAV",78312.4784679676,1,0,1,0,2
"397505","Nagoya","Hotel","CL7b","ZoneD","ABCH","OHUFCU",49493.3099370469,0,0,0,0,1
"397506","Nagoya","Hotel","CL7b","ZoneD","ABCH","OHUFCU",45716.9206288247,1,0,0,0,1
"397521","Nagoya","Hotel","CL7b","ZoneD","ABCH","OHUFCU",80176.7373927122,0,0,0,0,2
"399873","Nagoya","Hotel","CL7m","ZoneD","EHP","MUL",112068.141974514,0,0,0,0,1
"399874","Nagoya","Hotel","CL7m","ZoneD","EHP","MUL",102257.147856954,1,0,0,0,1
"399877","Nagoya","Hotel","CL7m","ZoneD","EHP","MUL",64080.4698356617,1,0,1,0,1
"399889","Nagoya","Hotel","CL7m","ZoneD","EHP","MUL",94372.8203973128,0,0,0,0,2
"399890","Nagoya","Hotel","CL7m","ZoneD","EHP","MUL",86110.9614116778,1,0,0,0,2
"399893","Nagoya","Hotel","CL7m","ZoneD","EHP","MUL",53962.2997600123,1,0,1,0,2
"399937","Nagoya","Hotel","CL7m","ZoneD","GHP","MUL",22714.8526023661,0,0,0,0,1
"399953","Nagoya","Hotel","CL7m","ZoneD","GHP","MUL",19128.2256243887,0,0,0,0,2
"400009","Nagoya","Hotel","CL7m","ZoneD","ABCH","CAV",51794.3247435425,0,1,0,0,1
"400010","Nagoya","Hotel","CL7m","ZoneD","ABCH","CAV",59792.5492970285,1,1,0,0,1
"400013","Nagoya","Hotel","CL7m","ZoneD","ABCH","CAV",58904.5079344122,1,1,1,0,1
"400026","Nagoya","Hotel","CL7m","ZoneD","ABCH","CAV",72322.6468880128,1,1,0,0,2
"400029","Nagoya","Hotel","CL7m","ZoneD","ABCH","CAV",71248.508008745,1,1,1,0,2
"400072","Nagoya","Hotel","CL7m","ZoneD","ABCH","VAV",65592.0654375864,1,0,1,1,1
"400088","Nagoya","Hotel","CL7m","ZoneD","ABCH","VAV",55235.217627128,1,0,1,1,2
"400129","Nagoya","Hotel","CL7m","ZoneD","ABCH","FCU",83417.1328211118,0,0,0,0,1
"400145","Nagoya","Hotel","CL7m","ZoneD","ABCH","FCU",70245.7447324851,0,0,0,0,2
"400321","Nagoya","Hotel","CL7m","ZoneD","ABCH","OHUFCU",70262.5322666647,0,0,0,0,1
"400322","Nagoya","Hotel","CL7m","ZoneD","ABCH","OHUFCU",64111.4060089465,1,0,0,0,1
"400325","Nagoya","Hotel","CL7m","ZoneD","ABCH","OHUFCU",40176.0571752421,1,0,1,0,1
"400337","Nagoya","Hotel","CL7m","ZoneD","ABCH","OHUFCU",59168.2276642931,0,0,0,0,2
"400338","Nagoya","Hotel","CL7m","ZoneD","ABCH","OHUFCU",53988.3511772462,1,0,0,0,2
"400341","Nagoya","Hotel","CL7m","ZoneD","ABCH","OHUFCU",33832.3430840279,1,0,1,0,2
"400389","Nagoya","Hotel","CL7m","ZoneD","AHP","CAV",117756.639306129,1,0,1,0,1
"400405","Nagoya","Hotel","CL7m","ZoneD","AHP","CAV",99163.1160830326,1,0,1,0,2
"400705","Nagoya","Hotel","CL7m","ZoneD","AHP","OHUFCU",45611.8012987943,0,0,0,0,1
"400706","Nagoya","Hotel","CL7m","ZoneD","AHP","OHUFCU",42131.5750020966,1,0,0,0,1
"400709","Nagoya","Hotel","CL7m","ZoneD","AHP","OHUFCU",32816.5054778176,1,0,1,0,1
"400721","Nagoya","Hotel","CL7m","ZoneD","AHP","OHUFCU",52775.2693159774,0,0,0,0,2
"400722","Nagoya","Hotel","CL7m","ZoneD","AHP","OHUFCU",48748.4632074973,1,0,0,0,2
"401473","Nagoya","Hotel","CL7m","ZoneD","AB","OHUFCU",65156.9277286408,0,0,0,0,1
"401489","Nagoya","Hotel","CL7m","ZoneD","AB","OHUFCU",54868.7872381619,0,0,0,0,2
"401541","Nagoya","Hotel","CL7m","ZoneD","COM","CAV",81387.0239881404,1,0,1,0,1
"401857","Nagoya","Hotel","CL7m","ZoneD","COM","OHUFCU",83324.473661507,0,0,0,0,1
"401873","Nagoya","Hotel","CL7m","ZoneD","COM","OHUFCU",48999.2675408635,0,0,0,0,2
"401874","Nagoya","Hotel","CL7m","ZoneD","COM","OHUFCU",47260.937761522,1,0,0,0,2
"401877","Nagoya","Hotel","CL7m","ZoneD","COM","OHUFCU",42443.6967271285,1,0,1,0,2
"402721","Nagoya","Hotel","CL8","ZoneD","EHP","MUL",86164.6067856085,0,0,0,0,3
"402722","Nagoya","Hotel","CL8","ZoneD","EHP","MUL",78351.080788609,1,0,0,0,3
"402725","Nagoya","Hotel","CL8","ZoneD","EHP","MUL",105547.132977564,1,0,1,0,3
"402728","Nagoya","Hotel","CL8","ZoneD","EHP","MUL",30852.7394387836,1,0,1,1,3
"402789","Nagoya","Hotel","CL8","ZoneD","GHP","MUL",24033.4940618501,1,0,1,0,3
"402857","Nagoya","Hotel","CL8","ZoneD","ABCH","CAV",44113.6897173687,0,1,0,0,3
"402858","Nagoya","Hotel","CL8","ZoneD","ABCH","CAV",48183.1950072443,1,1,0,0,3
"402861","Nagoya","Hotel","CL8","ZoneD","ABCH","CAV",108557.903278282,1,1,1,0,3
"402864","Nagoya","Hotel","CL8","ZoneD","ABCH","CAV",87402.1127452248,1,1,1,1,3
"402917","Nagoya","Hotel","CL8","ZoneD","ABCH","VAV",58563.0698353339,1,0,1,0,3
"402920","Nagoya","Hotel","CL8","ZoneD","ABCH","VAV",129204.083819894,1,0,1,1,3
"402981","Nagoya","Hotel","CL8","ZoneD","ABCH","FCU",83870.748804596,1,0,1,0,3
"403169","Nagoya","Hotel","CL8","ZoneD","ABCH","OHUFCU",84824.0284568603,0,0,0,0,3
"403170","Nagoya","Hotel","CL8","ZoneD","ABCH","OHUFCU",77132.0679612128,1,0,0,0,3
"403173","Nagoya","Hotel","CL8","ZoneD","ABCH","OHUFCU",103904.994698174,1,0,1,0,3
"403176","Nagoya","Hotel","CL8","ZoneD","ABCH","OHUFCU",30372.7219998709,1,0,1,1,3
"403245","Nagoya","Hotel","CL8","ZoneD","AHP","CAV",90631.0573090236,1,1,1,0,3
"403304","Nagoya","Hotel","CL8","ZoneD","AHP","VAV",59036.0044096539,1,0,1,1,3
"403557","Nagoya","Hotel","CL8","ZoneD","AHP","OHUFCU",93139.0840036033,1,0,1,0,3
"403941","Nagoya","Hotel","CL8","ZoneD","TB","OHUFCU",61705.3558083457,1,0,1,0,3
"404013","Nagoya","Hotel","CL8","ZoneD","AB","CAV",99098.2577062101,1,1,1,0,3
"404325","Nagoya","Hotel","CL8","ZoneD","AB","OHUFCU",101840.596625043,1,0,1,0,3
"404397","Nagoya","Hotel","CL8","ZoneD","COM","CAV",103354.269170832,1,1,1,0,3
"404400","Nagoya","Hotel","CL8","ZoneD","COM","CAV",80741.1330530109,1,1,1,1,3
"404453","Nagoya","Hotel","CL8","ZoneD","COM","VAV",39319.8907818898,1,0,1,0,3
"404456","Nagoya","Hotel","CL8","ZoneD","COM","VAV",80597.6882487337,1,0,1,1,3
"404705","Nagoya","Hotel","CL8","ZoneD","COM","OHUFCU",60361.7704410995,0,0,0,0,3
"404706","Nagoya","Hotel","CL8","ZoneD","COM","OHUFCU",54888.0814153959,1,0,0,0,3
"404709","Nagoya","Hotel","CL8","ZoneD","COM","OHUFCU",73940.009119522,1,0,1,0,3
"405477","Nagoya","Hotel","CL8","ZoneD","COM+TESICE","OHUFCU",78399.89098247,1,0,1,0,3
"405480","Nagoya","Hotel","CL8","ZoneD","COM+TESICE","OHUFCU",69229.5566699008,1,0,1,1,3
"411137","Osaka","Hotel","CL2","ZoneD","EHP","MUL",89865.2401311836,0,0,0,0,1
"411138","Osaka","Hotel","CL2","ZoneD","EHP","MUL",65608.6424516339,1,0,0,0,1
"411153","Osaka","Hotel","CL2","ZoneD","EHP","MUL",54045.3615814214,0,0,0,0,2
"411201","Osaka","Hotel","CL2","ZoneD","GHP","MUL",8775.73503576108,0,0,0,0,1
"413953","Osaka","Hotel","CL3","ZoneD","EHP","MUL",115673.62718082,0,0,0,0,1
"413954","Osaka","Hotel","CL3","ZoneD","EHP","MUL",88551.7994955619,1,0,0,0,1
"413969","Osaka","Hotel","CL3","ZoneD","EHP","MUL",54244.7175451923,0,0,0,0,2
"413970","Osaka","Hotel","CL3","ZoneD","EHP","MUL",41526.0372552036,1,0,0,0,2
"414017","Osaka","Hotel","CL3","ZoneD","GHP","MUL",11200.638908929,0,0,0,0,1
"414033","Osaka","Hotel","CL3","ZoneD","GHP","MUL",5252.49798721008,0,0,0,0,2
"414593","Osaka","Hotel","CL3","ZoneD","AHP","FCU",50556.7306761888,0,0,0,0,1
"414594","Osaka","Hotel","CL3","ZoneD","AHP","FCU",41037.6427811967,1,0,0,0,1
"416769","Osaka","Hotel","CL4","ZoneD","EHP","MUL",179175.291768351,0,0,0,0,1
"416770","Osaka","Hotel","CL4","ZoneD","EHP","MUL",141586.553245778,1,0,0,0,1
"416785","Osaka","Hotel","CL4","ZoneD","EHP","MUL",58956.5660515848,0,0,0,0,2
"416786","Osaka","Hotel","CL4","ZoneD","EHP","MUL",46588.2147927127,1,0,0,0,2
"416833","Osaka","Hotel","CL4","ZoneD","GHP","MUL",19468.7644740183,0,0,0,0,1
"416849","Osaka","Hotel","CL4","ZoneD","GHP","MUL",6406.08137052272,0,0,0,0,2
"417025","Osaka","Hotel","CL4","ZoneD","ABCH","FCU",60011.1200217752,0,0,0,0,1
"417026","Osaka","Hotel","CL4","ZoneD","ABCH","FCU",50752.615732793,1,0,0,0,1
"417409","Osaka","Hotel","CL4","ZoneD","AHP","FCU",73277.8698087777,0,0,0,0,1
"417410","Osaka","Hotel","CL4","ZoneD","AHP","FCU",61972.5738625285,1,0,0,0,1
"417425","Osaka","Hotel","CL4","ZoneD","AHP","FCU",43857.9508108386,0,0,0,0,2
"417426","Osaka","Hotel","CL4","ZoneD","AHP","FCU",37091.554423956,1,0,0,0,2
"419585","Osaka","Hotel","CL5","ZoneD","EHP","MUL",205515.434675523,0,0,0,0,1
"419586","Osaka","Hotel","CL5","ZoneD","EHP","MUL",173054.737765715,1,0,0,0,1
"419589","Osaka","Hotel","CL5","ZoneD","EHP","MUL",32186.5471760534,1,0,1,0,1
"419601","Osaka","Hotel","CL5","ZoneD","EHP","MUL",173064.98406942,0,0,0,0,2
"419602","Osaka","Hotel","CL5","ZoneD","EHP","MUL",145729.762252881,1,0,0,0,2
"419605","Osaka","Hotel","CL5","ZoneD","EHP","MUL",27104.3597434328,1,0,1,0,2
"419649","Osaka","Hotel","CL5","ZoneD","GHP","MUL",30235.3806170302,0,0,0,0,1
"419665","Osaka","Hotel","CL5","ZoneD","GHP","MUL",25461.2782396651,0,0,0,0,2
"419714","Osaka","Hotel","CL5","ZoneD","ABCH","CAV",79901.0143580375,1,0,0,0,1
"419730","Osaka","Hotel","CL5","ZoneD","ABCH","CAV",67284.8139062485,1,0,0,0,2
"419841","Osaka","Hotel","CL5","ZoneD","ABCH","FCU",54831.3437419219,0,0,0,0,1
"419842","Osaka","Hotel","CL5","ZoneD","ABCH","FCU",46796.4927136682,1,0,0,0,1
"419857","Osaka","Hotel","CL5","ZoneD","ABCH","FCU",46173.591030683,0,0,0,0,2
"419858","Osaka","Hotel","CL5","ZoneD","ABCH","FCU",39407.4259132048,1,0,0,0,2
"420033","Osaka","Hotel","CL5","ZoneD","ABCH","OHUFCU",45141.6699720692,0,0,0,0,1
"420034","Osaka","Hotel","CL5","ZoneD","ABCH","OHUFCU",38505.9819798821,1,0,0,0,1
"420049","Osaka","Hotel","CL5","ZoneD","ABCH","OHUFCU",38013.8961675451,0,0,0,0,2
"420050","Osaka","Hotel","CL5","ZoneD","ABCH","OHUFCU",32425.9692146588,1,0,0,0,2
"420098","Osaka","Hotel","CL5","ZoneD","AHP","CAV",68479.8852221027,1,0,0,0,1
"420114","Osaka","Hotel","CL5","ZoneD","AHP","CAV",57667.0568016003,1,0,0,0,2
"420225","Osaka","Hotel","CL5","ZoneD","AHP","FCU",46993.6978421195,0,0,0,0,1
"420226","Osaka","Hotel","CL5","ZoneD","AHP","FCU",40107.3562779694,1,0,0,0,1
"420241","Osaka","Hotel","CL5","ZoneD","AHP","FCU",39573.4927707511,0,0,0,0,2
"420242","Osaka","Hotel","CL5","ZoneD","AHP","FCU",33774.4899125091,1,0,0,0,2
"420417","Osaka","Hotel","CL5","ZoneD","AHP","OHUFCU",38689.0755174796,0,0,0,0,1
"420418","Osaka","Hotel","CL5","ZoneD","AHP","OHUFCU",33001.8992566322,1,0,0,0,1
"420433","Osaka","Hotel","CL5","ZoneD","AHP","OHUFCU",60371.1221339263,0,0,0,0,2
"422401","Osaka","Hotel","CL6b","ZoneD","EHP","MUL",46430.3176287785,0,0,0,0,1
"422402","Osaka","Hotel","CL6b","ZoneD","EHP","MUL",38177.2928919407,1,0,0,0,1
"422417","Osaka","Hotel","CL6b","ZoneD","EHP","MUL",39099.0690964378,0,0,0,0,2
"422418","Osaka","Hotel","CL6b","ZoneD","EHP","MUL",32149.1794355447,1,0,0,0,2
"422465","Osaka","Hotel","CL6b","ZoneD","GHP","MUL",6897.33304491447,0,0,0,0,1
"422481","Osaka","Hotel","CL6b","ZoneD","GHP","MUL",5808.25880754047,0,0,0,0,2
"422849","Osaka","Hotel","CL6b","ZoneD","ABCH","OHUFCU",69703.8286354285,0,0,0,0,1
"422850","Osaka","Hotel","CL6b","ZoneD","ABCH","OHUFCU",61247.3873849712,1,0,0,0,1
"422865","Osaka","Hotel","CL6b","ZoneD","ABCH","OHUFCU",69711.3227092961,0,0,0,0,2
"422866","Osaka","Hotel","CL6b","ZoneD","ABCH","OHUFCU",61253.9722807259,1,0,0,0,2
"422869","Osaka","Hotel","CL6b","ZoneD","ABCH","OHUFCU",34446.9120342433,1,0,1,0,2
"423233","Osaka","Hotel","CL6b","ZoneD","AHP","OHUFCU",65476.5120380575,0,0,0,0,1
"425217","Osaka","Hotel","CL6m","ZoneD","EHP","MUL",78660.9400983517,0,0,0,0,1
"425218","Osaka","Hotel","CL6m","ZoneD","EHP","MUL",64678.8973812406,1,0,0,0,1
"425233","Osaka","Hotel","CL6m","ZoneD","EHP","MUL",66240.5447381626,0,0,0,0,2
"425234","Osaka","Hotel","CL6m","ZoneD","EHP","MUL",54466.2368672464,1,0,0,0,2
"425281","Osaka","Hotel","CL6m","ZoneD","GHP","MUL",11685.2679282149,0,0,0,0,1
"425297","Osaka","Hotel","CL6m","ZoneD","GHP","MUL",9840.18894267651,0,0,0,0,2
"425346","Osaka","Hotel","CL6m","ZoneD","ABCH","CAV",72626.3002659134,1,0,0,0,1
"425361","Osaka","Hotel","CL6m","ZoneD","ABCH","CAV",84982.948590308,0,0,0,0,2
"425473","Osaka","Hotel","CL6m","ZoneD","ABCH","FCU",62194.6896457982,0,0,0,0,1
"425665","Osaka","Hotel","CL6m","ZoneD","ABCH","OHUFCU",47446.5240573225,0,0,0,0,1
"425666","Osaka","Hotel","CL6m","ZoneD","ABCH","OHUFCU",39586.3583551638,1,0,0,0,1
"425681","Osaka","Hotel","CL6m","ZoneD","ABCH","OHUFCU",55509.6476617052,0,0,0,0,2
"425682","Osaka","Hotel","CL6m","ZoneD","ABCH","OHUFCU",46331.0208653414,1,0,0,0,2
"426049","Osaka","Hotel","CL6m","ZoneD","AHP","OHUFCU",59045.9496381021,0,0,0,0,1
"426050","Osaka","Hotel","CL6m","ZoneD","AHP","OHUFCU",51882.5181026028,1,0,0,0,1
"426065","Osaka","Hotel","CL6m","ZoneD","AHP","OHUFCU",49722.7196079742,0,0,0,0,2
"426066","Osaka","Hotel","CL6m","ZoneD","AHP","OHUFCU",43690.3786963004,1,0,0,0,2
"428033","Osaka","Hotel","CL7b","ZoneD","EHP","MUL",36076.595374931,0,0,0,0,1
"428049","Osaka","Hotel","CL7b","ZoneD","EHP","MUL",30380.1775944422,0,0,0,0,2
"428481","Osaka","Hotel","CL7b","ZoneD","ABCH","OHUFCU",113904.68892289,0,0,0,0,1
"428497","Osaka","Hotel","CL7b","ZoneD","ABCH","OHUFCU",95919.3804834946,0,0,0,0,2
"430849","Osaka","Hotel","CL7m","ZoneD","EHP","MUL",83958.2471130086,0,0,0,0,1
"430850","Osaka","Hotel","CL7m","ZoneD","EHP","MUL",76243.4214957141,1,0,0,0,1
"430853","Osaka","Hotel","CL7m","ZoneD","EHP","MUL",47696.8177286286,1,0,1,0,1
"430865","Osaka","Hotel","CL7m","ZoneD","EHP","MUL",70701.4182270559,0,0,0,0,2
"430866","Osaka","Hotel","CL7m","ZoneD","EHP","MUL",64204.7471879027,1,0,0,0,2
"430869","Osaka","Hotel","CL7m","ZoneD","EHP","MUL",40165.5915206562,1,0,1,0,2
"430913","Osaka","Hotel","CL7m","ZoneD","GHP","MUL",22216.2171316287,0,0,0,0,1
"430929","Osaka","Hotel","CL7m","ZoneD","GHP","MUL",18708.3236353441,0,0,0,0,2
"430986","Osaka","Hotel","CL7m","ZoneD","ABCH","CAV",69737.7141212311,1,1,0,0,1
"430989","Osaka","Hotel","CL7m","ZoneD","ABCH","CAV",68488.2474072302,1,1,1,0,1
"431002","Osaka","Hotel","CL7m","ZoneD","ABCH","CAV",134029.658034939,1,1,0,0,2
"431048","Osaka","Hotel","CL7m","ZoneD","ABCH","VAV",52891.3906341603,1,0,1,1,1
"431105","Osaka","Hotel","CL7m","ZoneD","ABCH","FCU",68678.9249708373,0,0,0,0,1
"431121","Osaka","Hotel","CL7m","ZoneD","ABCH","FCU",66593.9504146855,0,0,0,0,2
"431297","Osaka","Hotel","CL7m","ZoneD","ABCH","OHUFCU",57474.7211937628,0,0,0,0,1
"431298","Osaka","Hotel","CL7m","ZoneD","ABCH","OHUFCU",52193.4359518774,1,0,0,0,1
"431301","Osaka","Hotel","CL7m","ZoneD","ABCH","OHUFCU",32651.4832675431,1,0,1,0,1
"431313","Osaka","Hotel","CL7m","ZoneD","ABCH","OHUFCU",52487.7624004792,0,0,0,0,2
"431314","Osaka","Hotel","CL7m","ZoneD","ABCH","OHUFCU",48237.078987569,1,0,0,0,2
"431317","Osaka","Hotel","CL7m","ZoneD","ABCH","OHUFCU",37274.2184506989,1,0,1,0,2
"431365","Osaka","Hotel","CL7m","ZoneD","AHP","CAV",93860.0346019916,1,0,1,0,1
"431381","Osaka","Hotel","CL7m","ZoneD","AHP","CAV",79039.7345036177,1,0,1,0,2
"431681","Osaka","Hotel","CL7m","ZoneD","AHP","OHUFCU",50350.1530711212,0,0,0,0,1
"431682","Osaka","Hotel","CL7m","ZoneD","AHP","OHUFCU",46289.6259256333,1,0,0,0,1
"431697","Osaka","Hotel","CL7m","ZoneD","AHP","OHUFCU",81380.5631628194,0,0,0,0,2
"432833","Osaka","Hotel","CL7m","ZoneD","COM","OHUFCU",47494.9876086269,0,0,0,0,1
"432834","Osaka","Hotel","CL7m","ZoneD","COM","OHUFCU",45605.684273849,1,0,0,0,1
"432837","Osaka","Hotel","CL7m","ZoneD","COM","OHUFCU",40825.0968784957,1,0,1,0,1
"432849","Osaka","Hotel","CL7m","ZoneD","COM","OHUFCU",112779.174341317,0,0,0,0,2
"433697","Osaka","Hotel","CL8","ZoneD","EHP","MUL",103056.090634661,0,0,0,0,3
"433698","Osaka","Hotel","CL8","ZoneD","EHP","MUL",92684.442168577,1,0,0,0,3
"433701","Osaka","Hotel","CL8","ZoneD","EHP","MUL",124845.645855013,1,0,1,0,3
"433704","Osaka","Hotel","CL8","ZoneD","EHP","MUL",34535.0798994393,1,0,1,1,3
"433765","Osaka","Hotel","CL8","ZoneD","GHP","MUL",40131.9471198139,1,0,1,0,3
"433829","Osaka","Hotel","CL8","ZoneD","ABCH","CAV",30692.4537251586,1,0,1,0,3
"433833","Osaka","Hotel","CL8","ZoneD","ABCH","CAV",51335.6679548973,0,1,0,0,3
"433834","Osaka","Hotel","CL8","ZoneD","ABCH","CAV",55558.7011991573,1,1,0,0,3
"433837","Osaka","Hotel","CL8","ZoneD","ABCH","CAV",124766.301099746,1,1,1,0,3
"433840","Osaka","Hotel","CL8","ZoneD","ABCH","CAV",95601.279179084,1,1,1,1,3
"433893","Osaka","Hotel","CL8","ZoneD","ABCH","VAV",74473.0000938729,1,0,1,0,3
"433896","Osaka","Hotel","CL8","ZoneD","ABCH","VAV",156856.905228458,1,0,1,1,3
"433957","Osaka","Hotel","CL8","ZoneD","ABCH","FCU",107723.28590456,1,0,1,0,3
"434145","Osaka","Hotel","CL8","ZoneD","ABCH","OHUFCU",108445.150607075,0,0,0,0,3
"434146","Osaka","Hotel","CL8","ZoneD","ABCH","OHUFCU",97531.1427787023,1,0,0,0,3
"434149","Osaka","Hotel","CL8","ZoneD","ABCH","OHUFCU",131374.136006968,1,0,1,0,3
"434152","Osaka","Hotel","CL8","ZoneD","ABCH","OHUFCU",36341.0053482315,1,0,1,1,3
"434221","Osaka","Hotel","CL8","ZoneD","AHP","CAV",109740.065697315,1,1,1,0,3
"434280","Osaka","Hotel","CL8","ZoneD","AHP","VAV",70920.0914525921,1,0,1,1,3
"434529","Osaka","Hotel","CL8","ZoneD","AHP","OHUFCU",51805.5966618238,0,0,0,0,3
"434533","Osaka","Hotel","CL8","ZoneD","AHP","OHUFCU",62759.0580461467,1,0,1,0,3
"434917","Osaka","Hotel","CL8","ZoneD","TB","OHUFCU",75162.9927357868,1,0,1,0,3
"434989","Osaka","Hotel","CL8","ZoneD","AB","CAV",89513.768061546,1,1,1,0,3
"435048","Osaka","Hotel","CL8","ZoneD","AB","VAV",57848.7408117732,1,0,1,1,3
"435301","Osaka","Hotel","CL8","ZoneD","AB","OHUFCU",93449.132405898,1,0,1,0,3
"435370","Osaka","Hotel","CL8","ZoneD","COM","CAV",40609.0643877,1,1,0,0,3
"435373","Osaka","Hotel","CL8","ZoneD","COM","CAV",91194.4060141489,1,1,1,0,3
"435376","Osaka","Hotel","CL8","ZoneD","COM","CAV",69877.0564814568,1,1,1,1,3
"435429","Osaka","Hotel","CL8","ZoneD","COM","VAV",41959.9640764338,1,0,1,0,3
"435432","Osaka","Hotel","CL8","ZoneD","COM","VAV",88377.1313124283,1,0,1,1,3
"435493","Osaka","Hotel","CL8","ZoneD","COM","FCU",60694.0126093108,1,0,1,0,3
"435681","Osaka","Hotel","CL8","ZoneD","COM","OHUFCU",67682.7928194209,0,0,0,0,3
"435682","Osaka","Hotel","CL8","ZoneD","COM","OHUFCU",60871.1417078487,1,0,0,0,3
"435685","Osaka","Hotel","CL8","ZoneD","COM","OHUFCU",81993.2323337093,1,0,1,0,3
"436141","Osaka","Hotel","CL8","ZoneD","COM+TESICE","CAV",85234.4688123747,1,1,1,0,3
"436453","Osaka","Hotel","CL8","ZoneD","COM+TESICE","OHUFCU",88981.6989506856,1,0,1,0,3
"436513","Osaka","Hotel","CL9","ZoneD","EHP","MUL",49309.1793206676,0,0,0,0,3
"436514","Osaka","Hotel","CL9","ZoneD","EHP","MUL",44169.7362947841,1,0,0,0,3
"436517","Osaka","Hotel","CL9","ZoneD","EHP","MUL",104714.5794642,1,0,1,0,3
"436520","Osaka","Hotel","CL9","ZoneD","EHP","MUL",69752.326612074,1,0,1,1,3
"436581","Osaka","Hotel","CL9","ZoneD","GHP","MUL",47362.5442989286,1,0,1,0,3
"436653","Osaka","Hotel","CL9","ZoneD","ABCH","CAV",122541.902826569,1,1,1,0,3
"436656","Osaka","Hotel","CL9","ZoneD","ABCH","CAV",194946.145696464,1,1,1,1,3
"436709","Osaka","Hotel","CL9","ZoneD","ABCH","VAV",43839.0293164579,1,0,1,0,3
"436712","Osaka","Hotel","CL9","ZoneD","ABCH","VAV",202586.359201406,1,0,1,1,3
"436720","Osaka","Hotel","CL9","ZoneD","ABCH","VAV",65386.5706735852,1,1,1,1,3
"436781","Osaka","Hotel","CL9","ZoneD","ABCH","FCU",57278.3681133422,1,1,1,0,3
"436961","Osaka","Hotel","CL9","ZoneD","ABCH","OHUFCU",50674.4482518151,0,0,0,0,3
"436962","Osaka","Hotel","CL9","ZoneD","ABCH","OHUFCU",45392.7047053528,1,0,0,0,3
"436965","Osaka","Hotel","CL9","ZoneD","ABCH","OHUFCU",107613.909040361,1,0,1,0,3
"436968","Osaka","Hotel","CL9","ZoneD","ABCH","OHUFCU",71683.6239021669,1,0,1,1,3
"436973","Osaka","Hotel","CL9","ZoneD","ABCH","OHUFCU",34733.3576488871,1,1,1,0,3
"437040","Osaka","Hotel","CL9","ZoneD","AHP","CAV",63050.2722427676,1,1,1,1,3
"437096","Osaka","Hotel","CL9","ZoneD","AHP","VAV",61923.0519291354,1,0,1,1,3
"437349","Osaka","Hotel","CL9","ZoneD","AHP","OHUFCU",61582.6836904362,1,0,1,0,3
"437416","Osaka","Hotel","CL9","ZoneD","TB","CAV",85581.6045513169,1,0,1,1,3
"437805","Osaka","Hotel","CL9","ZoneD","AB","CAV",69046.7769435361,1,1,1,0,3
"437808","Osaka","Hotel","CL9","ZoneD","AB","CAV",107043.3964109,1,1,1,1,3
"437864","Osaka","Hotel","CL9","ZoneD","AB","VAV",129721.438141677,1,0,1,1,3
"437872","Osaka","Hotel","CL9","ZoneD","AB","VAV",43220.5740173263,1,1,1,1,3
"438117","Osaka","Hotel","CL9","ZoneD","AB","OHUFCU",103228.795332096,1,0,1,0,3
"438120","Osaka","Hotel","CL9","ZoneD","AB","OHUFCU",68762.6182010027,1,0,1,1,3
"438189","Osaka","Hotel","CL9","ZoneD","COM","CAV",93926.6982170937,1,1,1,0,3
"438192","Osaka","Hotel","CL9","ZoneD","COM","CAV",145614.802542359,1,1,1,1,3
"438245","Osaka","Hotel","CL9","ZoneD","COM","VAV",34682.5872380964,1,0,1,0,3
"438248","Osaka","Hotel","CL9","ZoneD","COM","VAV",150449.585951297,1,0,1,1,3
"438256","Osaka","Hotel","CL9","ZoneD","COM","VAV",50126.7759488013,1,1,1,1,3
"438497","Osaka","Hotel","CL9","ZoneD","COM","OHUFCU",43055.9519979749,0,0,0,0,3
"438498","Osaka","Hotel","CL9","ZoneD","COM","OHUFCU",38568.2761682939,1,0,0,0,3
"438501","Osaka","Hotel","CL9","ZoneD","COM","OHUFCU",91435.0222212878,1,0,1,0,3
"438504","Osaka","Hotel","CL9","ZoneD","COM","OHUFCU",60906.566844801,1,0,1,1,3
"438957","Osaka","Hotel","CL9","ZoneD","COM+TESICE","CAV",75047.0716260448,1,1,1,0,3
"438960","Osaka","Hotel","CL9","ZoneD","COM+TESICE","CAV",116345.668735751,1,1,1,1,3
"439013","Osaka","Hotel","CL9","ZoneD","COM+TESICE","VAV",27711.2541805528,1,0,1,0,3
"439016","Osaka","Hotel","CL9","ZoneD","COM+TESICE","VAV",120208.642136012,1,0,1,1,3
"439024","Osaka","Hotel","CL9","ZoneD","COM+TESICE","VAV",40051.1017252788,1,1,1,1,3
"439269","Osaka","Hotel","CL9","ZoneD","COM+TESICE","OHUFCU",112199.571654059,1,0,1,0,3
"439272","Osaka","Hotel","CL9","ZoneD","COM+TESICE","OHUFCU",74738.2189547387,1,0,1,1,3
"442113","Hiroshima","Hotel","CL2","ZoneD","EHP","MUL",61093.2423168086,0,0,0,0,1
"442114","Hiroshima","Hotel","CL2","ZoneD","EHP","MUL",44922.2260327628,1,0,0,0,1
"442129","Hiroshima","Hotel","CL2","ZoneD","EHP","MUL",36168.8189043051,0,0,0,0,2
"442177","Hiroshima","Hotel","CL2","ZoneD","GHP","MUL",3905.42959460847,0,0,0,0,1
"444929","Hiroshima","Hotel","CL3","ZoneD","EHP","MUL",75632.3771455647,0,0,0,0,1
"444930","Hiroshima","Hotel","CL3","ZoneD","EHP","MUL",57025.8128110918,1,0,0,0,1
"444945","Hiroshima","Hotel","CL3","ZoneD","EHP","MUL",37923.5286662074,0,0,0,0,2
"444946","Hiroshima","Hotel","CL3","ZoneD","EHP","MUL",28593.839417383,1,0,0,0,2
"444993","Hiroshima","Hotel","CL3","ZoneD","GHP","MUL",5472.0015599302,0,0,0,0,1
"445569","Hiroshima","Hotel","CL3","ZoneD","AHP","FCU",35574.9538190873,0,0,0,0,1
"445570","Hiroshima","Hotel","CL3","ZoneD","AHP","FCU",28448.230144372,1,0,0,0,1
"447745","Hiroshima","Hotel","CL4","ZoneD","EHP","MUL",123410.860262412,0,0,0,0,1
"447746","Hiroshima","Hotel","CL4","ZoneD","EHP","MUL",99803.6006944965,1,0,0,0,1
"447761","Hiroshima","Hotel","CL4","ZoneD","EHP","MUL",40607.6109196492,0,0,0,0,2
"447762","Hiroshima","Hotel","CL4","ZoneD","EHP","MUL",32839.7823073639,1,0,0,0,2
"447809","Hiroshima","Hotel","CL4","ZoneD","GHP","MUL",9997.30245044714,0,0,0,0,1
"447825","Hiroshima","Hotel","CL4","ZoneD","GHP","MUL",3289.55302062226,0,0,0,0,2
"448001","Hiroshima","Hotel","CL4","ZoneD","ABCH","FCU",38769.6629674182,0,0,0,0,1
"448002","Hiroshima","Hotel","CL4","ZoneD","ABCH","FCU",33577.7270422872,1,0,0,0,1
"448385","Hiroshima","Hotel","CL4","ZoneD","AHP","FCU",48854.6703842924,0,0,0,0,1
"448386","Hiroshima","Hotel","CL4","ZoneD","AHP","FCU",42312.1755864446,1,0,0,0,1
"448401","Hiroshima","Hotel","CL4","ZoneD","AHP","FCU",53803.3886191119,0,0,0,0,2
"450561","Hiroshima","Hotel","CL5","ZoneD","EHP","MUL",139789.291676932,0,0,0,0,1
"450562","Hiroshima","Hotel","CL5","ZoneD","EHP","MUL",119295.514715266,1,0,0,0,1
"450577","Hiroshima","Hotel","CL5","ZoneD","EHP","MUL",117716.859443381,0,0,0,0,2
"450578","Hiroshima","Hotel","CL5","ZoneD","EHP","MUL",100459.006333746,1,0,0,0,2
"450625","Hiroshima","Hotel","CL5","ZoneD","GHP","MUL",13872.2945652271,0,0,0,0,1
"450641","Hiroshima","Hotel","CL5","ZoneD","GHP","MUL",11681.8887191021,0,0,0,0,2
"450690","Hiroshima","Hotel","CL5","ZoneD","ABCH","CAV",54745.7647182769,1,0,0,0,1
"450817","Hiroshima","Hotel","CL5","ZoneD","ABCH","FCU",63631.7400794173,0,0,0,0,1
"450833","Hiroshima","Hotel","CL5","ZoneD","ABCH","FCU",76504.5413276196,0,0,0,0,2
"450834","Hiroshima","Hotel","CL5","ZoneD","ABCH","FCU",70392.0534139205,1,0,0,0,2
"451009","Hiroshima","Hotel","CL5","ZoneD","ABCH","OHUFCU",56062.8517134294,0,0,0,0,1
"451201","Hiroshima","Hotel","CL5","ZoneD","AHP","FCU",77477.4855112163,0,0,0,0,1
"451202","Hiroshima","Hotel","CL5","ZoneD","AHP","FCU",71287.2622178949,1,0,0,0,1
"451217","Hiroshima","Hotel","CL5","ZoneD","AHP","FCU",65243.9551165955,0,0,0,0,2
"451218","Hiroshima","Hotel","CL5","ZoneD","AHP","FCU",60031.1549328223,1,0,0,0,2
"453377","Hiroshima","Hotel","CL6b","ZoneD","EHP","MUL",56247.2685024262,0,0,0,0,1
"453393","Hiroshima","Hotel","CL6b","ZoneD","EHP","MUL",50980.0598223186,0,0,0,0,2
"453441","Hiroshima","Hotel","CL6b","ZoneD","GHP","MUL",4291.77820597848,0,0,0,0,1
"453825","Hiroshima","Hotel","CL6b","ZoneD","ABCH","OHUFCU",67702.1511810402,0,0,0,0,1
"453826","Hiroshima","Hotel","CL6b","ZoneD","ABCH","OHUFCU",61697.5391707856,1,0,0,0,1
"453841","Hiroshima","Hotel","CL6b","ZoneD","ABCH","OHUFCU",57012.12531366,0,0,0,0,2
"453842","Hiroshima","Hotel","CL6b","ZoneD","ABCH","OHUFCU",51955.6287856087,1,0,0,0,2
"456193","Hiroshima","Hotel","CL6m","ZoneD","EHP","MUL",61516.0706156323,0,0,0,0,1
"456194","Hiroshima","Hotel","CL6m","ZoneD","EHP","MUL",52301.7346369551,1,0,0,0,1
"456209","Hiroshima","Hotel","CL6m","ZoneD","EHP","MUL",51802.8137298621,0,0,0,0,2
"456210","Hiroshima","Hotel","CL6m","ZoneD","EHP","MUL",44043.4018303237,1,0,0,0,2
"456257","Hiroshima","Hotel","CL6m","ZoneD","GHP","MUL",8684.52440520355,0,0,0,0,1
"456273","Hiroshima","Hotel","CL6m","ZoneD","GHP","MUL",7313.25644815939,0,0,0,0,2
"456322","Hiroshima","Hotel","CL6m","ZoneD","ABCH","CAV",78661.4399893316,1,0,0,0,1
"456641","Hiroshima","Hotel","CL6m","ZoneD","ABCH","OHUFCU",45754.7535005397,0,0,0,0,1
"456642","Hiroshima","Hotel","CL6m","ZoneD","ABCH","OHUFCU",39463.0355407395,1,0,0,0,1
"456657","Hiroshima","Hotel","CL6m","ZoneD","ABCH","OHUFCU",72203.4428088362,0,0,0,0,2
"456658","Hiroshima","Hotel","CL6m","ZoneD","ABCH","OHUFCU",65799.60404879,1,0,0,0,2
"457025","Hiroshima","Hotel","CL6m","ZoneD","AHP","OHUFCU",51255.1492105068,0,0,0,0,1
"457026","Hiroshima","Hotel","CL6m","ZoneD","AHP","OHUFCU",46709.2480955806,1,0,0,0,1
"457041","Hiroshima","Hotel","CL6m","ZoneD","AHP","OHUFCU",82496.0270546905,0,0,0,0,2
"459009","Hiroshima","Hotel","CL7b","ZoneD","EHP","MUL",11095.9697268763,0,0,0,0,1
"459025","Hiroshima","Hotel","CL7b","ZoneD","EHP","MUL",9343.93967561864,0,0,0,0,2
"459457","Hiroshima","Hotel","CL7b","ZoneD","ABCH","OHUFCU",35124.8324344385,0,0,0,0,1
"459473","Hiroshima","Hotel","CL7b","ZoneD","ABCH","OHUFCU",29578.6960006424,0,0,0,0,2
"461825","Hiroshima","Hotel","CL7m","ZoneD","EHP","MUL",41031.441943002,0,0,0,0,1
"461826","Hiroshima","Hotel","CL7m","ZoneD","EHP","MUL",37431.7726792046,1,0,0,0,1
"461841","Hiroshima","Hotel","CL7m","ZoneD","EHP","MUL",66074.0396947182,0,0,0,0,2
"461889","Hiroshima","Hotel","CL7m","ZoneD","GHP","MUL",6071.20260276499,0,0,0,0,1
"461905","Hiroshima","Hotel","CL7m","ZoneD","GHP","MUL",5112.57260744753,0,0,0,0,2
"461957","Hiroshima","Hotel","CL7m","ZoneD","ABCH","CAV",89231.2889373349,1,0,1,0,1
"461973","Hiroshima","Hotel","CL7m","ZoneD","ABCH","CAV",75141.8579476309,1,0,1,0,2
"462273","Hiroshima","Hotel","CL7m","ZoneD","ABCH","OHUFCU",47612.2390225267,0,0,0,0,1
"462274","Hiroshima","Hotel","CL7m","ZoneD","ABCH","OHUFCU",43970.274714033,1,0,0,0,1
"462289","Hiroshima","Hotel","CL7m","ZoneD","ABCH","OHUFCU",77121.8293452241,0,0,0,0,2
"462657","Hiroshima","Hotel","CL7m","ZoneD","AHP","OHUFCU",86784.0110420167,0,0,0,0,1
"462673","Hiroshima","Hotel","CL7m","ZoneD","AHP","OHUFCU",73081.000033794,0,0,0,0,2
"464677","Hiroshima","Hotel","CL8","ZoneD","EHP","MUL",57466.0216069302,1,0,1,0,3
"464741","Hiroshima","Hotel","CL8","ZoneD","GHP","MUL",4342.45610672985,1,0,1,0,3
"464813","Hiroshima","Hotel","CL8","ZoneD","ABCH","CAV",89300.8582075506,1,1,1,0,3
"464872","Hiroshima","Hotel","CL8","ZoneD","ABCH","VAV",57153.6069499421,1,0,1,1,3
"465125","Hiroshima","Hotel","CL8","ZoneD","ABCH","OHUFCU",91568.3725416656,1,0,1,0,3
"466661","Hiroshima","Hotel","CL8","ZoneD","COM","OHUFCU",135079.450744758,1,0,1,0,3
"473089","Matsuyama","Hotel","CL2","ZoneD","EHP","MUL",58370.3527837107,0,0,0,0,1
"473090","Matsuyama","Hotel","CL2","ZoneD","EHP","MUL",41478.7038222504,1,0,0,0,1
"473105","Matsuyama","Hotel","CL2","ZoneD","EHP","MUL",34090.1511539436,0,0,0,0,2
"473153","Matsuyama","Hotel","CL2","ZoneD","GHP","MUL",3754.54836130725,0,0,0,0,1
"475905","Matsuyama","Hotel","CL3","ZoneD","EHP","MUL",61340.0909132478,0,0,0,0,1
"475906","Matsuyama","Hotel","CL3","ZoneD","EHP","MUL",46299.6775986137,1,0,0,0,1
"475921","Matsuyama","Hotel","CL3","ZoneD","EHP","MUL",54876.8286815663,0,0,0,0,2
"475969","Matsuyama","Hotel","CL3","ZoneD","GHP","MUL",4376.16515125316,0,0,0,0,1
"476545","Matsuyama","Hotel","CL3","ZoneD","AHP","FCU",54760.6011462283,0,0,0,0,1
"478721","Matsuyama","Hotel","CL4","ZoneD","EHP","MUL",82821.1944746436,0,0,0,0,1
"478722","Matsuyama","Hotel","CL4","ZoneD","EHP","MUL",67758.4284750649,1,0,0,0,1
"478737","Matsuyama","Hotel","CL4","ZoneD","EHP","MUL",47103.9773127715,0,0,0,0,2
"478738","Matsuyama","Hotel","CL4","ZoneD","EHP","MUL",38537.1340981524,1,0,0,0,2
"478785","Matsuyama","Hotel","CL4","ZoneD","GHP","MUL",5823.24447819079,0,0,0,0,1
"479361","Matsuyama","Hotel","CL4","ZoneD","AHP","FCU",55334.6986846949,0,0,0,0,1
"479362","Matsuyama","Hotel","CL4","ZoneD","AHP","FCU",48534.9048279974,1,0,0,0,1
"481537","Matsuyama","Hotel","CL5","ZoneD","EHP","MUL",54967.5025164669,0,0,0,0,1
"481538","Matsuyama","Hotel","CL5","ZoneD","EHP","MUL",46174.5335335237,1,0,0,0,1
"481553","Matsuyama","Hotel","CL5","ZoneD","EHP","MUL",46288.2506239382,0,0,0,0,2
"481554","Matsuyama","Hotel","CL5","ZoneD","EHP","MUL",38883.6727665203,1,0,0,0,2
"481601","Matsuyama","Hotel","CL5","ZoneD","GHP","MUL",7290.9570947479,0,0,0,0,1
"481617","Matsuyama","Hotel","CL5","ZoneD","GHP","MUL",6139.73045599022,0,0,0,0,2
"481793","Matsuyama","Hotel","CL5","ZoneD","ABCH","FCU",39953.92779087,0,0,0,0,1
"481794","Matsuyama","Hotel","CL5","ZoneD","ABCH","FCU",36198.342506877,1,0,0,0,1
"481809","Matsuyama","Hotel","CL5","ZoneD","ABCH","FCU",62444.1762994806,0,0,0,0,2
"481810","Matsuyama","Hotel","CL5","ZoneD","ABCH","FCU",56574.5548993293,1,0,0,0,2
"482177","Matsuyama","Hotel","CL5","ZoneD","AHP","FCU",65182.9998516496,0,0,0,0,1
"484353","Matsuyama","Hotel","CL6b","ZoneD","EHP","MUL",30551.7195555492,0,0,0,0,1
"484369","Matsuyama","Hotel","CL6b","ZoneD","EHP","MUL",25727.667931718,0,0,0,0,2
"484801","Matsuyama","Hotel","CL6b","ZoneD","ABCH","OHUFCU",63957.3096758271,0,0,0,0,1
"484817","Matsuyama","Hotel","CL6b","ZoneD","ABCH","OHUFCU",53858.5863278148,0,0,0,0,2
"487169","Matsuyama","Hotel","CL6m","ZoneD","EHP","MUL",63654.2952316865,0,0,0,0,1
"487185","Matsuyama","Hotel","CL6m","ZoneD","EHP","MUL",53603.41722078,0,0,0,0,2
"487233","Matsuyama","Hotel","CL6m","ZoneD","GHP","MUL",5100.77632277353,0,0,0,0,1
"487249","Matsuyama","Hotel","CL6m","ZoneD","GHP","MUL",4295.37457581339,0,0,0,0,2
"487617","Matsuyama","Hotel","CL6m","ZoneD","ABCH","OHUFCU",74981.0060087149,0,0,0,0,1
"487618","Matsuyama","Hotel","CL6m","ZoneD","ABCH","OHUFCU",68951.6258419048,1,0,0,0,1
"487633","Matsuyama","Hotel","CL6m","ZoneD","ABCH","OHUFCU",63141.6644248419,0,0,0,0,2
"487634","Matsuyama","Hotel","CL6m","ZoneD","ABCH","OHUFCU",58064.3105795458,1,0,0,0,2
"489985","Matsuyama","Hotel","CL7b","ZoneD","EHP","MUL",5976.22742960512,0,0,0,0,1
"490001","Matsuyama","Hotel","CL7b","ZoneD","EHP","MUL",5032.5938123957,0,0,0,0,2
"490433","Matsuyama","Hotel","CL7b","ZoneD","ABCH","OHUFCU",18946.8166863239,0,0,0,0,1
"490449","Matsuyama","Hotel","CL7b","ZoneD","ABCH","OHUFCU",15955.1545759177,0,0,0,0,2
"492801","Matsuyama","Hotel","CL7m","ZoneD","EHP","MUL",50636.2923766574,0,0,0,0,1
"492817","Matsuyama","Hotel","CL7m","ZoneD","EHP","MUL",42640.9293654112,0,0,0,0,2
"492933","Matsuyama","Hotel","CL7m","ZoneD","ABCH","CAV",79265.6675459192,1,0,1,0,1
"493249","Matsuyama","Hotel","CL7m","ZoneD","ABCH","OHUFCU",81269.8141833995,0,0,0,0,1
"493265","Matsuyama","Hotel","CL7m","ZoneD","ABCH","OHUFCU",47557.6416997881,0,0,0,0,2
"493266","Matsuyama","Hotel","CL7m","ZoneD","ABCH","OHUFCU",45950.5051056725,1,0,0,0,2
"493269","Matsuyama","Hotel","CL7m","ZoneD","ABCH","OHUFCU",41679.1233473946,1,0,1,0,2
"495653","Matsuyama","Hotel","CL8","ZoneD","EHP","MUL",35150.6329398953,1,0,1,0,3
"496101","Matsuyama","Hotel","CL8","ZoneD","ABCH","OHUFCU",138913.886258839,1,0,1,0,3
"497637","Matsuyama","Hotel","CL8","ZoneD","COM","OHUFCU",79493.4950558107,1,0,1,0,3
"501249","Fukuoka","Hotel","CL1","ZoneD","EHP","MUL",138.980445637971,0,0,0,0,1
"501265","Fukuoka","Hotel","CL1","ZoneD","EHP","MUL",45.7306905559678,0,0,0,0,2
"504065","Fukuoka","Hotel","CL2","ZoneD","EHP","MUL",393869.52548038,0,0,0,0,1
"504066","Fukuoka","Hotel","CL2","ZoneD","EHP","MUL",293881.196920737,1,0,0,0,1
"504081","Fukuoka","Hotel","CL2","ZoneD","EHP","MUL",154772.287846245,0,0,0,0,2
"504082","Fukuoka","Hotel","CL2","ZoneD","EHP","MUL",115481.554829458,1,0,0,0,2
"504129","Fukuoka","Hotel","CL2","ZoneD","GHP","MUL",26380.5057589473,0,0,0,0,1
"504145","Fukuoka","Hotel","CL2","ZoneD","GHP","MUL",10366.3039832125,0,0,0,0,2
"504705","Fukuoka","Hotel","CL2","ZoneD","AHP","FCU",77849.7591148146,0,0,0,0,1
"504706","Fukuoka","Hotel","CL2","ZoneD","AHP","FCU",60853.5657025702,1,0,0,0,1
"506881","Fukuoka","Hotel","CL3","ZoneD","EHP","MUL",342105.036560592,0,0,0,0,1
"506882","Fukuoka","Hotel","CL3","ZoneD","EHP","MUL",270183.284507785,1,0,0,0,1
"506897","Fukuoka","Hotel","CL3","ZoneD","EHP","MUL",112567.63131515,0,0,0,0,2
"506898","Fukuoka","Hotel","CL3","ZoneD","EHP","MUL",88902.2057779679,1,0,0,0,2
"506945","Fukuoka","Hotel","CL3","ZoneD","GHP","MUL",21785.5501673401,0,0,0,0,1
"506961","Fukuoka","Hotel","CL3","ZoneD","GHP","MUL",7168.40594891539,0,0,0,0,2
"507137","Fukuoka","Hotel","CL3","ZoneD","ABCH","FCU",52375.9772574733,0,0,0,0,1
"507138","Fukuoka","Hotel","CL3","ZoneD","ABCH","FCU",43999.7440883638,1,0,0,0,1
"507521","Fukuoka","Hotel","CL3","ZoneD","AHP","FCU",91916.3278625657,0,0,0,0,1
"507522","Fukuoka","Hotel","CL3","ZoneD","AHP","FCU",77216.6003435854,1,0,0,0,1
"507537","Fukuoka","Hotel","CL3","ZoneD","AHP","FCU",47478.5263837791,0,0,0,0,2
"507538","Fukuoka","Hotel","CL3","ZoneD","AHP","FCU",39885.5185137541,1,0,0,0,2
"509697","Fukuoka","Hotel","CL4","ZoneD","EHP","MUL",412481.53044323,0,0,0,0,1
"509698","Fukuoka","Hotel","CL4","ZoneD","EHP","MUL",336755.055650678,1,0,0,0,1
"509701","Fukuoka","Hotel","CL4","ZoneD","EHP","MUL",33669.9318507895,1,0,1,0,1
"509713","Fukuoka","Hotel","CL4","ZoneD","EHP","MUL",141823.924562467,0,0,0,0,2
"509714","Fukuoka","Hotel","CL4","ZoneD","EHP","MUL",115786.817308672,1,0,0,0,2
"509761","Fukuoka","Hotel","CL4","ZoneD","GHP","MUL",31145.7423139912,0,0,0,0,1
"509777","Fukuoka","Hotel","CL4","ZoneD","GHP","MUL",10248.321606388,0,0,0,0,2
"509826","Fukuoka","Hotel","CL4","ZoneD","ABCH","CAV",65461.8877185273,1,0,0,0,1
"509953","Fukuoka","Hotel","CL4","ZoneD","ABCH","FCU",66497.8863877593,0,0,0,0,1
"509954","Fukuoka","Hotel","CL4","ZoneD","ABCH","FCU",54858.1247603427,1,0,0,0,1
"509969","Fukuoka","Hotel","CL4","ZoneD","ABCH","FCU",44231.5641039346,0,0,0,0,2
"509970","Fukuoka","Hotel","CL4","ZoneD","ABCH","FCU",38687.7761412061,1,0,0,0,2
"510145","Fukuoka","Hotel","CL4","ZoneD","ABCH","OHUFCU",35720.8598566395,0,0,0,0,1
"510146","Fukuoka","Hotel","CL4","ZoneD","ABCH","OHUFCU",29461.9593759321,1,0,0,0,1
"510209","Fukuoka","Hotel","CL4","ZoneD","AHP","CAV",37328.8248751876,0,0,0,0,1
"510210","Fukuoka","Hotel","CL4","ZoneD","AHP","CAV",39879.3155066599,1,0,0,0,1
"510337","Fukuoka","Hotel","CL4","ZoneD","AHP","FCU",78430.0350365418,0,0,0,0,1
"510338","Fukuoka","Hotel","CL4","ZoneD","AHP","FCU",64701.6752066973,1,0,0,0,1
"510353","Fukuoka","Hotel","CL4","ZoneD","AHP","FCU",52168.3215939209,0,0,0,0,2
"510354","Fukuoka","Hotel","CL4","ZoneD","AHP","FCU",45629.7756675651,1,0,0,0,2
"510529","Fukuoka","Hotel","CL4","ZoneD","AHP","OHUFCU",42130.4862797465,0,0,0,0,1
"510530","Fukuoka","Hotel","CL4","ZoneD","AHP","OHUFCU",34748.5105410038,1,0,0,0,1
"512513","Fukuoka","Hotel","CL5","ZoneD","EHP","MUL",316298.312247248,0,0,0,0,1
"512514","Fukuoka","Hotel","CL5","ZoneD","EHP","MUL",267043.786988915,1,0,0,0,1
"512517","Fukuoka","Hotel","CL5","ZoneD","EHP","MUL",48822.3816988789,1,0,1,0,1
"512529","Fukuoka","Hotel","CL5","ZoneD","EHP","MUL",266355.480583154,0,0,0,0,2
"512530","Fukuoka","Hotel","CL5","ZoneD","EHP","MUL",224878.140243055,1,0,0,0,2
"512533","Fukuoka","Hotel","CL5","ZoneD","EHP","MUL",41113.4313307807,1,0,1,0,2
"512577","Fukuoka","Hotel","CL5","ZoneD","GHP","MUL",32172.3103051146,0,0,0,0,1
"512593","Fukuoka","Hotel","CL5","ZoneD","GHP","MUL",27092.3708441751,0,0,0,0,2
"512641","Fukuoka","Hotel","CL5","ZoneD","ABCH","CAV",55936.9653205032,0,0,0,0,1
"512642","Fukuoka","Hotel","CL5","ZoneD","ABCH","CAV",62060.2685798125,1,0,0,0,1
"512657","Fukuoka","Hotel","CL5","ZoneD","ABCH","CAV",47104.6373104241,0,0,0,0,2
"512658","Fukuoka","Hotel","CL5","ZoneD","ABCH","CAV",52261.0839914127,1,0,0,0,2
"512769","Fukuoka","Hotel","CL5","ZoneD","ABCH","FCU",78963.899301216,0,0,0,0,1
"512770","Fukuoka","Hotel","CL5","ZoneD","ABCH","FCU",67582.0734195014,1,0,0,0,1
"512785","Fukuoka","Hotel","CL5","ZoneD","ABCH","FCU",66495.667326401,0,0,0,0,2
"512786","Fukuoka","Hotel","CL5","ZoneD","ABCH","FCU",56911.007575615,1,0,0,0,2
"512961","Fukuoka","Hotel","CL5","ZoneD","ABCH","OHUFCU",65726.9265803286,0,0,0,0,1
"512962","Fukuoka","Hotel","CL5","ZoneD","ABCH","OHUFCU",56221.7444083947,1,0,0,0,1
"512977","Fukuoka","Hotel","CL5","ZoneD","ABCH","OHUFCU",55348.7844818855,0,0,0,0,2
"512978","Fukuoka","Hotel","CL5","ZoneD","ABCH","OHUFCU",47344.4503852283,1,0,0,0,2
"513025","Fukuoka","Hotel","CL5","ZoneD","AHP","CAV",48184.0829620246,0,0,0,0,1
"513026","Fukuoka","Hotel","CL5","ZoneD","AHP","CAV",53458.6943135282,1,0,0,0,1
"513042","Fukuoka","Hotel","CL5","ZoneD","AHP","CAV",85593.5986401139,1,0,0,0,2
"513153","Fukuoka","Hotel","CL5","ZoneD","AHP","FCU",68019.4760858815,0,0,0,0,1
"513154","Fukuoka","Hotel","CL5","ZoneD","AHP","FCU",58215.175130305,1,0,0,0,1
"513169","Fukuoka","Hotel","CL5","ZoneD","AHP","FCU",57279.3452900471,0,0,0,0,2
"513170","Fukuoka","Hotel","CL5","ZoneD","AHP","FCU",49023.1226303353,1,0,0,0,2
"513345","Fukuoka","Hotel","CL5","ZoneD","AHP","OHUFCU",56617.1522720168,0,0,0,0,1
"513346","Fukuoka","Hotel","CL5","ZoneD","AHP","OHUFCU",48429.3915717818,1,0,0,0,1
"513361","Fukuoka","Hotel","CL5","ZoneD","AHP","OHUFCU",47677.4241870582,0,0,0,0,2
"513362","Fukuoka","Hotel","CL5","ZoneD","AHP","OHUFCU",40782.493510014,1,0,0,0,2
"515329","Fukuoka","Hotel","CL6b","ZoneD","EHP","MUL",83596.641532809,0,0,0,0,1
"515330","Fukuoka","Hotel","CL6b","ZoneD","EHP","MUL",72180.190853509,1,0,0,0,1
"515345","Fukuoka","Hotel","CL6b","ZoneD","EHP","MUL",70396.9093998942,0,0,0,0,2
"515346","Fukuoka","Hotel","CL6b","ZoneD","EHP","MUL",60783.0920335156,1,0,0,0,2
"515393","Fukuoka","Hotel","CL6b","ZoneD","GHP","MUL",8622.75439366019,0,0,0,0,1
"515409","Fukuoka","Hotel","CL6b","ZoneD","GHP","MUL",7261.2397902349,0,0,0,0,2
"515458","Fukuoka","Hotel","CL6b","ZoneD","ABCH","CAV",78418.4197182141,1,0,0,0,1
"515777","Fukuoka","Hotel","CL6b","ZoneD","ABCH","OHUFCU",45886.6291438672,0,0,0,0,1
"515778","Fukuoka","Hotel","CL6b","ZoneD","ABCH","OHUFCU",40189.8886549505,1,0,0,0,1
"515793","Fukuoka","Hotel","CL6b","ZoneD","ABCH","OHUFCU",71902.9546387408,0,0,0,0,2
"515794","Fukuoka","Hotel","CL6b","ZoneD","ABCH","OHUFCU",66618.5816431085,1,0,0,0,2
"516161","Fukuoka","Hotel","CL6b","ZoneD","AHP","OHUFCU",51760.9587438113,0,0,0,0,1
"516162","Fukuoka","Hotel","CL6b","ZoneD","AHP","OHUFCU",47956.8840157548,1,0,0,0,1
"516177","Fukuoka","Hotel","CL6b","ZoneD","AHP","OHUFCU",43588.0133020615,0,0,0,0,2
"516178","Fukuoka","Hotel","CL6b","ZoneD","AHP","OHUFCU",40384.5938934442,1,0,0,0,2
"518145","Fukuoka","Hotel","CL6m","ZoneD","EHP","MUL",138560.892315004,0,0,0,0,1
"518146","Fukuoka","Hotel","CL6m","ZoneD","EHP","MUL",119638.199199716,1,0,0,0,1
"518149","Fukuoka","Hotel","CL6m","ZoneD","EHP","MUL",39246.0514635398,1,0,1,0,1
"518161","Fukuoka","Hotel","CL6m","ZoneD","EHP","MUL",116682.421731494,0,0,0,0,2
"518162","Fukuoka","Hotel","CL6m","ZoneD","EHP","MUL",100747.581665987,1,0,0,0,2
"518165","Fukuoka","Hotel","CL6m","ZoneD","EHP","MUL",33049.1832988062,1,0,1,0,2
"518209","Fukuoka","Hotel","CL6m","ZoneD","GHP","MUL",16464.5562128784,0,0,0,0,1
"518225","Fukuoka","Hotel","CL6m","ZoneD","GHP","MUL",13864.8377587343,0,0,0,0,2
"518274","Fukuoka","Hotel","CL6m","ZoneD","ABCH","CAV",106080.021721412,1,0,0,0,1
"518290","Fukuoka","Hotel","CL6m","ZoneD","ABCH","CAV",89330.2116129896,1,0,0,0,2
"518401","Fukuoka","Hotel","CL6m","ZoneD","ABCH","FCU",48797.0932442033,0,0,0,0,1
"518402","Fukuoka","Hotel","CL6m","ZoneD","ABCH","FCU",42775.1843913246,1,0,0,0,1
"518417","Fukuoka","Hotel","CL6m","ZoneD","ABCH","FCU",41092.135869384,0,0,0,0,2
"518418","Fukuoka","Hotel","CL6m","ZoneD","ABCH","FCU",36021.0736334189,1,0,0,0,2
"518593","Fukuoka","Hotel","CL6m","ZoneD","ABCH","OHUFCU",62082.156120106,0,0,0,0,1
"518594","Fukuoka","Hotel","CL6m","ZoneD","ABCH","OHUFCU",54357.3093857421,1,0,0,0,1
"518609","Fukuoka","Hotel","CL6m","ZoneD","ABCH","OHUFCU",52279.5155355847,0,0,0,0,2
"518610","Fukuoka","Hotel","CL6m","ZoneD","ABCH","OHUFCU",45774.4056924617,1,0,0,0,2
"518658","Fukuoka","Hotel","CL6m","ZoneD","AHP","CAV",64306.3615550594,1,0,0,0,1
"518674","Fukuoka","Hotel","CL6m","ZoneD","AHP","CAV",76437.6277289548,1,0,0,0,2
"518785","Fukuoka","Hotel","CL6m","ZoneD","AHP","FCU",55511.6778681984,0,0,0,0,1
"518977","Fukuoka","Hotel","CL6m","ZoneD","AHP","OHUFCU",37634.5848425796,0,0,0,0,1
"518978","Fukuoka","Hotel","CL6m","ZoneD","AHP","OHUFCU",32951.7352447353,1,0,0,0,1
"518993","Fukuoka","Hotel","CL6m","ZoneD","AHP","OHUFCU",44727.5664166547,0,0,0,0,2
"518994","Fukuoka","Hotel","CL6m","ZoneD","AHP","OHUFCU",39174.7214304256,1,0,0,0,2
"520961","Fukuoka","Hotel","CL7b","ZoneD","EHP","MUL",22500.3730549398,0,0,0,0,1
"520977","Fukuoka","Hotel","CL7b","ZoneD","EHP","MUL",18947.6119419315,0,0,0,0,2
"521409","Fukuoka","Hotel","CL7b","ZoneD","ABCH","OHUFCU",68333.2341141026,0,0,0,0,1
"521425","Fukuoka","Hotel","CL7b","ZoneD","ABCH","OHUFCU",57543.5615920562,0,0,0,0,2
"523777","Fukuoka","Hotel","CL7m","ZoneD","EHP","MUL",59824.66857179,0,0,0,0,1
"523778","Fukuoka","Hotel","CL7m","ZoneD","EHP","MUL",54891.3575054679,1,0,0,0,1
"523781","Fukuoka","Hotel","CL7m","ZoneD","EHP","MUL",34047.3069374917,1,0,1,0,1
"523793","Fukuoka","Hotel","CL7m","ZoneD","EHP","MUL",50378.4804760862,0,0,0,0,2
"523794","Fukuoka","Hotel","CL7m","ZoneD","EHP","MUL",46224.1287484385,1,0,0,0,2
"523797","Fukuoka","Hotel","CL7m","ZoneD","EHP","MUL",28671.3094909239,1,0,1,0,2
"523841","Fukuoka","Hotel","CL7m","ZoneD","GHP","MUL",12991.6018753417,0,0,0,0,1
"523857","Fukuoka","Hotel","CL7m","ZoneD","GHP","MUL",10940.2555342966,0,0,0,0,2
"523909","Fukuoka","Hotel","CL7m","ZoneD","ABCH","CAV",133670.656663098,1,0,1,0,1
"523925","Fukuoka","Hotel","CL7m","ZoneD","ABCH","CAV",112564.343901823,1,0,1,0,2
"524225","Fukuoka","Hotel","CL7m","ZoneD","ABCH","OHUFCU",51839.931849855,0,0,0,0,1
"524226","Fukuoka","Hotel","CL7m","ZoneD","ABCH","OHUFCU",48151.6955992677,1,0,0,0,1
"524229","Fukuoka","Hotel","CL7m","ZoneD","ABCH","OHUFCU",37114.9468230852,1,0,1,0,1
"524241","Fukuoka","Hotel","CL7m","ZoneD","ABCH","OHUFCU",43654.5167224053,0,0,0,0,2
"524242","Fukuoka","Hotel","CL7m","ZoneD","ABCH","OHUFCU",40548.6451417138,1,0,0,0,2
"524245","Fukuoka","Hotel","CL7m","ZoneD","ABCH","OHUFCU",31254.575554464,1,0,1,0,2
"524609","Fukuoka","Hotel","CL7m","ZoneD","AHP","OHUFCU",65500.3444162665,0,0,0,0,1
"524610","Fukuoka","Hotel","CL7m","ZoneD","AHP","OHUFCU",63542.9279663796,1,0,0,0,1
"524625","Fukuoka","Hotel","CL7m","ZoneD","AHP","OHUFCU",108667.613770366,0,0,0,0,2
"525761","Fukuoka","Hotel","CL7m","ZoneD","COM","OHUFCU",91426.3665880263,0,0,0,0,1
"525777","Fukuoka","Hotel","CL7m","ZoneD","COM","OHUFCU",76990.3374997765,0,0,0,0,2
"526625","Fukuoka","Hotel","CL8","ZoneD","EHP","MUL",46253.3818063171,0,0,0,0,3
"526626","Fukuoka","Hotel","CL8","ZoneD","EHP","MUL",42015.8156711667,1,0,0,0,3
"526629","Fukuoka","Hotel","CL8","ZoneD","EHP","MUL",55287.8898020445,1,0,1,0,3
"526693","Fukuoka","Hotel","CL8","ZoneD","GHP","MUL",12992.3018820174,1,0,1,0,3
"526765","Fukuoka","Hotel","CL8","ZoneD","ABCH","CAV",88290.5633554762,1,1,1,0,3
"526768","Fukuoka","Hotel","CL8","ZoneD","ABCH","CAV",67853.5806200225,1,1,1,1,3
"526821","Fukuoka","Hotel","CL8","ZoneD","ABCH","VAV",33486.9193202412,1,0,1,0,3
"526824","Fukuoka","Hotel","CL8","ZoneD","ABCH","VAV",67235.3305159247,1,0,1,1,3
"527073","Fukuoka","Hotel","CL8","ZoneD","ABCH","OHUFCU",51960.172770245,0,0,0,0,3
"527074","Fukuoka","Hotel","CL8","ZoneD","ABCH","OHUFCU",47199.7712620966,1,0,0,0,3
"527077","Fukuoka","Hotel","CL8","ZoneD","ABCH","OHUFCU",62109.3678781375,1,0,1,0,3
"527461","Fukuoka","Hotel","CL8","ZoneD","AHP","OHUFCU",118368.180680638,1,0,1,0,3
"528229","Fukuoka","Hotel","CL8","ZoneD","AB","OHUFCU",95973.4991847606,1,0,1,0,3
"528301","Fukuoka","Hotel","CL8","ZoneD","COM","CAV",88962.550605761,1,1,1,0,3
"528360","Fukuoka","Hotel","CL8","ZoneD","COM","VAV",57386.1306613077,1,0,1,1,3
"528613","Fukuoka","Hotel","CL8","ZoneD","COM","OHUFCU",91882.5961493854,1,0,1,0,3
"529381","Fukuoka","Hotel","CL8","ZoneD","COM+TESICE","OHUFCU",69254.4200768819,1,0,1,0,3
"535041","Naha","Hotel","CL2","ZoneD","EHP","MUL",15161.5031591794,0,0,0,0,1
"535057","Naha","Hotel","CL2","ZoneD","EHP","MUL",4988.80260566909,0,0,0,0,2
"537857","Naha","Hotel","CL3","ZoneD","EHP","MUL",22742.2547460653,0,0,0,0,1
"537873","Naha","Hotel","CL3","ZoneD","EHP","MUL",7483.20391090438,0,0,0,0,2
"540673","Naha","Hotel","CL4","ZoneD","EHP","MUL",41636.6572063643,0,0,0,0,1
"540674","Naha","Hotel","CL4","ZoneD","EHP","MUL",33670.262893554,1,0,0,0,1
"540689","Naha","Hotel","CL4","ZoneD","EHP","MUL",48640.825406474,0,0,0,0,2
"540737","Naha","Hotel","CL4","ZoneD","GHP","MUL",6731.53691959204,0,0,0,0,1
"541313","Naha","Hotel","CL4","ZoneD","AHP","FCU",35226.2398586809,0,0,0,0,1
"541314","Naha","Hotel","CL4","ZoneD","AHP","FCU",30559.958927456,1,0,0,0,1
"543489","Naha","Hotel","CL5","ZoneD","EHP","MUL",49789.9589860108,0,0,0,0,1
"543505","Naha","Hotel","CL5","ZoneD","EHP","MUL",41928.2302194762,0,0,0,0,2
"543745","Naha","Hotel","CL5","ZoneD","ABCH","FCU",65066.9796459896,0,0,0,0,1
"543761","Naha","Hotel","CL5","ZoneD","ABCH","FCU",54793.0417667052,0,0,0,0,2
"546305","Naha","Hotel","CL6b","ZoneD","EHP","MUL",9702.17744726887,0,0,0,0,1
"546321","Naha","Hotel","CL6b","ZoneD","EHP","MUL",8170.22423644885,0,0,0,0,2
"546753","Naha","Hotel","CL6b","ZoneD","ABCH","OHUFCU",20597.265272116,0,0,0,0,1
"546769","Naha","Hotel","CL6b","ZoneD","ABCH","OHUFCU",17345.0008356815,0,0,0,0,2
"549121","Naha","Hotel","CL6m","ZoneD","EHP","MUL",10146.4361207088,0,0,0,0,1
"549137","Naha","Hotel","CL6m","ZoneD","EHP","MUL",8544.33540898911,0,0,0,0,2
"549569","Naha","Hotel","CL6m","ZoneD","ABCH","OHUFCU",21540.4054894551,0,0,0,0,1
"549585","Naha","Hotel","CL6m","ZoneD","ABCH","OHUFCU",18139.2212159986,0,0,0,0,2
"551937","Naha","Hotel","CL7b","ZoneD","EHP","MUL",9306.54466599036,0,0,0,0,1
"551953","Naha","Hotel","CL7b","ZoneD","EHP","MUL",7837.06103098252,0,0,0,0,2
"552385","Naha","Hotel","CL7b","ZoneD","ABCH","OHUFCU",28725.6870181548,0,0,0,0,1
"552401","Naha","Hotel","CL7b","ZoneD","ABCH","OHUFCU",24189.9620533573,0,0,0,0,2
"554753","Naha","Hotel","CL7m","ZoneD","EHP","MUL",36643.9898520382,0,0,0,0,1
"554769","Naha","Hotel","CL7m","ZoneD","EHP","MUL",30857.9816887997,0,0,0,0,2
"555201","Naha","Hotel","CL7m","ZoneD","ABCH","OHUFCU",113105.757438932,0,0,0,0,1
"555217","Naha","Hotel","CL7m","ZoneD","ABCH","OHUFCU",95246.598583867,0,0,0,0,2
"557601","Naha","Hotel","CL8","ZoneD","EHP","MUL",41637.4543147946,0,0,0,0,3
"557602","Naha","Hotel","CL8","ZoneD","EHP","MUL",38961.0274911158,1,0,0,0,3
"557605","Naha","Hotel","CL8","ZoneD","EHP","MUL",49714.5497270453,1,0,1,0,3
"557669","Naha","Hotel","CL8","ZoneD","GHP","MUL",13500.6745453765,1,0,1,0,3
"557741","Naha","Hotel","CL8","ZoneD","ABCH","CAV",75226.4074856438,1,1,1,0,3
"557744","Naha","Hotel","CL8","ZoneD","ABCH","CAV",60854.9275254848,1,1,1,1,3
"557800","Naha","Hotel","CL8","ZoneD","ABCH","VAV",85393.0679977392,1,0,1,1,3
"558049","Naha","Hotel","CL8","ZoneD","ABCH","OHUFCU",42863.7102851328,0,0,0,0,3
"558050","Naha","Hotel","CL8","ZoneD","ABCH","OHUFCU",40108.4605740868,1,0,0,0,3
"558053","Naha","Hotel","CL8","ZoneD","ABCH","OHUFCU",51178.6825473317,1,0,1,0,3
"558117","Naha","Hotel","CL8","ZoneD","AHP","CAV",109336.479093177,1,0,1,0,3
"558885","Naha","Hotel","CL8","ZoneD","AB","CAV",81557.5544171356,1,0,1,0,3
"559277","Naha","Hotel","CL8","ZoneD","COM","CAV",107092.538420378,1,1,1,0,3
"559589","Naha","Hotel","CL8","ZoneD","COM","OHUFCU",105573.298655489,1,0,1,0,3
"560037","Naha","Hotel","CL8","ZoneD","COM+TESICE","CAV",60857.459477644,1,0,1,0,3
"563233","Sapporo","Hospital","CL1","ZoneC","EHP","MUL",42612.1620512826,0,0,0,0,3
"563234","Sapporo","Hospital","CL1","ZoneC","EHP","MUL",30020.5920282254,1,0,0,0,3
"563297","Sapporo","Hospital","CL1","ZoneC","GHP","MUL",10077.6828214336,0,0,0,0,3
"566049","Sapporo","Hospital","CL2","ZoneC","EHP","MUL",205536.950895981,0,0,0,0,3
"566050","Sapporo","Hospital","CL2","ZoneC","EHP","MUL",167334.981820364,1,0,0,0,3
"566113","Sapporo","Hospital","CL2","ZoneC","GHP","MUL",49494.3758445097,0,0,0,0,3
"568865","Sapporo","Hospital","CL3","ZoneC","EHP","MUL",119084.034538564,0,0,0,0,3
"568866","Sapporo","Hospital","CL3","ZoneC","EHP","MUL",103353.538655967,1,0,0,0,3
"568929","Sapporo","Hospital","CL3","ZoneC","GHP","MUL",31850.2050481042,0,0,0,0,3
"569889","Sapporo","Hospital","CL3","ZoneC","TB","FCU",42424.2266029584,0,0,0,0,3
"569890","Sapporo","Hospital","CL3","ZoneC","TB","FCU",36258.5870421136,1,0,0,0,3
"571681","Sapporo","Hospital","CL4","ZoneC","EHP","MUL",71383.5032858731,0,0,0,0,3
"571682","Sapporo","Hospital","CL4","ZoneC","EHP","MUL",72154.637447372,1,0,0,0,3
"571746","Sapporo","Hospital","CL4","ZoneC","GHP","MUL",19768.9425951634,1,0,0,0,3
"572577","Sapporo","Hospital","CL4","ZoneC","TB","CAV",61457.2855197676,0,0,0,0,3
"572578","Sapporo","Hospital","CL4","ZoneC","TB","CAV",60879.7297730965,1,0,0,0,3
"574497","Sapporo","Hospital","CL5","ZoneC","EHP","MUL",78658.3194036035,0,0,0,0,3
"574498","Sapporo","Hospital","CL5","ZoneC","EHP","MUL",88964.6937074186,1,0,0,0,3
"574562","Sapporo","Hospital","CL5","ZoneC","GHP","MUL",25758.5678827381,1,0,0,0,3
"574753","Sapporo","Hospital","CL5","ZoneC","ABCH","FCU",44064.5100170203,0,0,0,0,3
"574754","Sapporo","Hospital","CL5","ZoneC","ABCH","FCU",48137.0842426628,1,0,0,0,3
"575138","Sapporo","Hospital","CL5","ZoneC","AHP","FCU",56089.3744923033,1,0,0,0,3
"575521","Sapporo","Hospital","CL5","ZoneC","TB","FCU",62617.1325254364,0,0,0,0,3
"575522","Sapporo","Hospital","CL5","ZoneC","TB","FCU",68404.3957880538,1,0,0,0,3
"575905","Sapporo","Hospital","CL5","ZoneC","AB","FCU",31025.579114799,0,0,0,0,3
"575906","Sapporo","Hospital","CL5","ZoneC","AB","FCU",33893.0562248305,1,0,0,0,3
"577313","Sapporo","Hospital","CL6","ZoneC","EHP","MUL",47855.5060593375,0,0,0,0,3
"577314","Sapporo","Hospital","CL6","ZoneC","EHP","MUL",61541.6070836116,1,0,0,0,3
"577317","Sapporo","Hospital","CL6","ZoneC","EHP","MUL",26697.2558870228,1,0,1,0,3
"577378","Sapporo","Hospital","CL6","ZoneC","GHP","MUL",21811.6532803237,1,0,0,0,3
"577569","Sapporo","Hospital","CL6","ZoneC","ABCH","FCU",60924.2383334965,0,0,0,0,3
"577570","Sapporo","Hospital","CL6","ZoneC","ABCH","FCU",74889.4111158652,1,0,0,0,3
"577573","Sapporo","Hospital","CL6","ZoneC","ABCH","FCU",34206.5955378023,1,0,1,0,3
"577953","Sapporo","Hospital","CL6","ZoneC","AHP","FCU",34237.8670177676,0,0,0,0,3
"577954","Sapporo","Hospital","CL6","ZoneC","AHP","FCU",42085.9376983657,1,0,0,0,3
"578337","Sapporo","Hospital","CL6","ZoneC","TB","FCU",66010.4185839336,0,0,0,0,3
"578338","Sapporo","Hospital","CL6","ZoneC","TB","FCU",81141.4555271444,1,0,0,0,3
"578341","Sapporo","Hospital","CL6","ZoneC","TB","FCU",37062.2883690642,1,0,1,0,3
"578593","Sapporo","Hospital","CL6","ZoneC","AB","CAV",36985.9231015637,0,0,0,0,3
"578594","Sapporo","Hospital","CL6","ZoneC","AB","CAV",47563.453708311,1,0,0,0,3
"578721","Sapporo","Hospital","CL6","ZoneC","AB","FCU",37294.8913167736,0,0,0,0,3
"578722","Sapporo","Hospital","CL6","ZoneC","AB","FCU",47960.7831290511,1,0,0,0,3
"578913","Sapporo","Hospital","CL6","ZoneC","AB","OHUFCU",38213.1706014801,0,0,0,0,3
"578914","Sapporo","Hospital","CL6","ZoneC","AB","OHUFCU",42706.0839751719,1,0,0,0,3
"579106","Sapporo","Hospital","CL6","ZoneC","COM","FCU",54372.9037289259,1,0,0,0,3
"580129","Sapporo","Hospital","CL7","ZoneC","EHP","MUL",39887.4053127293,0,0,0,0,3
"580130","Sapporo","Hospital","CL7","ZoneC","EHP","MUL",54183.2605350115,1,0,0,0,3
"580133","Sapporo","Hospital","CL7","ZoneC","EHP","MUL",33953.4551280824,1,0,1,0,3
"580194","Sapporo","Hospital","CL7","ZoneC","GHP","MUL",21646.4204818091,1,0,0,0,3
"580577","Sapporo","Hospital","CL7","ZoneC","ABCH","OHUFCU",44711.2615695013,0,0,0,0,3
"580578","Sapporo","Hospital","CL7","ZoneC","ABCH","OHUFCU",57255.2049892557,1,0,0,0,3
"580581","Sapporo","Hospital","CL7","ZoneC","ABCH","OHUFCU",36816.9086138764,1,0,1,0,3
"581345","Sapporo","Hospital","CL7","ZoneC","TB","OHUFCU",42865.8021379345,0,0,0,0,3
"581346","Sapporo","Hospital","CL7","ZoneC","TB","OHUFCU",54891.9937009886,1,0,0,0,3
"581349","Sapporo","Hospital","CL7","ZoneC","TB","OHUFCU",35297.2889731514,1,0,1,0,3
"581409","Sapporo","Hospital","CL7","ZoneC","AB","CAV",37382.2080565678,0,0,0,0,3
"581410","Sapporo","Hospital","CL7","ZoneC","AB","CAV",50780.1874457004,1,0,0,0,3
"581413","Sapporo","Hospital","CL7","ZoneC","AB","CAV",31820.9498433395,1,0,1,0,3
"581537","Sapporo","Hospital","CL7","ZoneC","AB","FCU",45729.6754574796,0,0,0,0,3
"581538","Sapporo","Hospital","CL7","ZoneC","AB","FCU",62119.4309348419,1,0,0,0,3
"581601","Sapporo","Hospital","CL7","ZoneC","AB","CAVFCU",33846.004646393,0,0,0,0,3
"581602","Sapporo","Hospital","CL7","ZoneC","AB","CAVFCU",45976.5901904747,1,0,0,0,3
"581605","Sapporo","Hospital","CL7","ZoneC","AB","CAVFCU",28810.8186284915,1,0,1,0,3
"581729","Sapporo","Hospital","CL7","ZoneC","AB","OHUFCU",61838.5194408579,0,0,0,0,3
"581730","Sapporo","Hospital","CL7","ZoneC","AB","OHUFCU",71090.4592733488,1,0,0,0,3
"581733","Sapporo","Hospital","CL7","ZoneC","AB","OHUFCU",48029.1682788391,1,0,1,0,3
"582113","Sapporo","Hospital","CL7","ZoneC","COM","OHUFCU",46404.4145073932,0,0,0,0,3
"582114","Sapporo","Hospital","CL7","ZoneC","COM","OHUFCU",59423.379519211,1,0,0,0,3
"582117","Sapporo","Hospital","CL7","ZoneC","COM","OHUFCU",38211.1134471886,1,0,1,0,3
"582946","Sapporo","Hospital","CL8","ZoneA","EHP","MUL",25504.5584546916,1,0,0,0,3
"582962","Sapporo","Hospital","CL8","ZoneA","EHP","MUL",8362.45239939119,1,0,0,0,4
"583393","Sapporo","Hospital","CL8","ZoneA","ABCH","OHUFCU",49426.8716707681,0,0,0,0,3
"583394","Sapporo","Hospital","CL8","ZoneA","ABCH","OHUFCU",75286.5325749842,1,0,0,0,3
"583397","Sapporo","Hospital","CL8","ZoneA","ABCH","OHUFCU",71334.7388207271,1,0,1,0,3
"583410","Sapporo","Hospital","CL8","ZoneA","ABCH","OHUFCU",75356.2505867841,1,0,0,0,4
"584546","Sapporo","Hospital","CL8","ZoneA","AB","OHUFCU",80339.3647300149,1,0,0,0,3
"584549","Sapporo","Hospital","CL8","ZoneA","AB","OHUFCU",76122.347570341,1,0,1,0,3
"584610","Sapporo","Hospital","CL8","ZoneA","COM","CAV",94279.7442692558,1,0,0,0,3
"584674","Sapporo","Hospital","CL8","ZoneA","COM","VAV",70416.802900665,1,0,0,0,3
"584738","Sapporo","Hospital","CL8","ZoneA","COM","FCU",63588.5970846825,1,0,0,0,3
"584802","Sapporo","Hospital","CL8","ZoneA","COM","CAVFCU",56714.5529691805,1,0,0,0,3
"584805","Sapporo","Hospital","CL8","ZoneA","COM","CAVFCU",54762.9049609561,1,0,1,0,3
"584929","Sapporo","Hospital","CL8","ZoneA","COM","OHUFCU",53957.6395922553,0,0,0,0,3
"584930","Sapporo","Hospital","CL8","ZoneA","COM","OHUFCU",73141.7101069441,1,0,0,0,3
"584933","Sapporo","Hospital","CL8","ZoneA","COM","OHUFCU",66855.8929566912,1,0,1,0,3
"584945","Sapporo","Hospital","CL8","ZoneA","COM","OHUFCU",51721.2083984195,0,0,0,0,4
"584946","Sapporo","Hospital","CL8","ZoneA","COM","OHUFCU",78781.2440739211,1,0,0,0,4
"584949","Sapporo","Hospital","CL8","ZoneA","COM","OHUFCU",74646.01274322,1,0,1,0,4
"585697","Sapporo","Hospital","CL8","ZoneA","COM+TESICE","OHUFCU",44948.1866523072,0,0,0,0,3
"585698","Sapporo","Hospital","CL8","ZoneA","COM+TESICE","OHUFCU",68464.6428996386,1,0,0,0,3
"585701","Sapporo","Hospital","CL8","ZoneA","COM+TESICE","OHUFCU",64870.9304660268,1,0,1,0,3
"585714","Sapporo","Hospital","CL8","ZoneA","COM+TESICE","OHUFCU",68528.0435985192,1,0,0,0,4
"585765","Sapporo","Hospital","CL9","ZoneA","EHP","MUL",14302.9167160609,1,0,1,0,3
"585781","Sapporo","Hospital","CL9","ZoneA","EHP","MUL",4689.65030008248,1,0,1,0,4
"587365","Sapporo","Hospital","CL9","ZoneA","AB","OHUFCU",57803.2546631108,1,0,1,0,3
"587373","Sapporo","Hospital","CL9","ZoneA","AB","OHUFCU",87578.3509170639,1,1,1,0,3
"587621","Sapporo","Hospital","CL9","ZoneA","COM","CAVFCU",54957.4217471701,1,0,1,0,3
"587629","Sapporo","Hospital","CL9","ZoneA","COM","CAVFCU",82996.8399366021,1,1,1,0,3
"587693","Sapporo","Hospital","CL9","ZoneA","COM","VAVFCU",74041.8429040166,1,1,1,0,3
"587746","Sapporo","Hospital","CL9","ZoneA","COM","OHUFCU",33605.3309860515,1,0,0,0,3
"587749","Sapporo","Hospital","CL9","ZoneA","COM","OHUFCU",55526.9041901143,1,0,1,0,3
"587753","Sapporo","Hospital","CL9","ZoneA","COM","OHUFCU",38807.7687413362,0,1,0,0,3
"587754","Sapporo","Hospital","CL9","ZoneA","COM","OHUFCU",50799.2449786972,1,1,0,0,3
"587757","Sapporo","Hospital","CL9","ZoneA","COM","OHUFCU",84392.7606148487,1,1,1,0,3
"587765","Sapporo","Hospital","CL9","ZoneA","COM","OHUFCU",56828.3233827154,1,0,1,0,4
"587770","Sapporo","Hospital","CL9","ZoneA","COM","OHUFCU",48357.9986628616,1,1,0,0,4
"587773","Sapporo","Hospital","CL9","ZoneA","COM","OHUFCU",86101.2217434193,1,1,1,0,4
"588517","Sapporo","Hospital","CL9","ZoneA","COM+TESICE","OHUFCU",64733.9786003102,1,0,1,0,3
"588525","Sapporo","Hospital","CL9","ZoneA","COM+TESICE","OHUFCU",98079.1674648335,1,1,1,0,3
"588541","Sapporo","Hospital","CL9","ZoneA","COM+TESICE","OHUFCU",65548.9033024929,1,1,1,0,4
"588577","Sendai","Hospital","CL1","ZoneC","EHP","MUL",70700.4247570249,0,0,0,0,3
"588578","Sendai","Hospital","CL1","ZoneC","EHP","MUL",48616.4381971493,1,0,0,0,3
"588641","Sendai","Hospital","CL1","ZoneC","GHP","MUL",14902.3446805251,0,0,0,0,3
"591393","Sendai","Hospital","CL2","ZoneC","EHP","MUL",404536.229608596,0,0,0,0,3
"591394","Sendai","Hospital","CL2","ZoneC","EHP","MUL",329975.346123658,1,0,0,0,3
"591397","Sendai","Hospital","CL2","ZoneC","EHP","MUL",41523.2880257365,1,0,1,0,3
"591457","Sendai","Hospital","CL2","ZoneC","GHP","MUL",53385.7523186824,0,0,0,0,3
"591458","Sendai","Hospital","CL2","ZoneC","GHP","MUL",43546.1172821856,1,0,0,0,3
"592033","Sendai","Hospital","CL2","ZoneC","AHP","FCU",58530.4618032562,0,0,0,0,3
"592034","Sendai","Hospital","CL2","ZoneC","AHP","FCU",47310.3126859244,1,0,0,0,3
"594209","Sendai","Hospital","CL3","ZoneC","EHP","MUL",385611.522594863,0,0,0,0,3
"594210","Sendai","Hospital","CL3","ZoneC","EHP","MUL",333089.881066694,1,0,0,0,3
"594213","Sendai","Hospital","CL3","ZoneC","EHP","MUL",56438.3776073211,1,0,1,0,3
"594273","Sendai","Hospital","CL3","ZoneC","GHP","MUL",55363.9327651599,0,0,0,0,3
"594274","Sendai","Hospital","CL3","ZoneC","GHP","MUL",47823.1709883485,1,0,0,0,3
"594465","Sendai","Hospital","CL3","ZoneC","ABCH","FCU",50436.7650999751,0,0,0,0,3
"594466","Sendai","Hospital","CL3","ZoneC","ABCH","FCU",42911.0227450309,1,0,0,0,3
"594721","Sendai","Hospital","CL3","ZoneC","AHP","CAV",43236.5629544982,0,0,0,0,3
"594722","Sendai","Hospital","CL3","ZoneC","AHP","CAV",36785.5352454434,1,0,0,0,3
"594849","Sendai","Hospital","CL3","ZoneC","AHP","FCU",45009.5554939634,0,0,0,0,3
"594850","Sendai","Hospital","CL3","ZoneC","AHP","FCU",38293.2523244914,1,0,0,0,3
"597025","Sendai","Hospital","CL4","ZoneC","EHP","MUL",188926.332780943,0,0,0,0,3
"597026","Sendai","Hospital","CL4","ZoneC","EHP","MUL",191402.964566237,1,0,0,0,3
"597029","Sendai","Hospital","CL4","ZoneC","EHP","MUL",38475.5051287783,1,0,1,0,3
"597090","Sendai","Hospital","CL4","ZoneC","GHP","MUL",49006.7984743404,1,0,0,0,3
"597153","Sendai","Hospital","CL4","ZoneC","ABCH","CAV",34962.5234135797,0,0,0,0,3
"597154","Sendai","Hospital","CL4","ZoneC","ABCH","CAV",34687.9533768332,1,0,0,0,3
"597281","Sendai","Hospital","CL4","ZoneC","ABCH","FCU",31303.3384837869,0,0,0,0,3
"597282","Sendai","Hospital","CL4","ZoneC","ABCH","FCU",31055.52875024,1,0,0,0,3
"597537","Sendai","Hospital","CL4","ZoneC","AHP","CAV",41535.864974478,0,0,0,0,3
"597538","Sendai","Hospital","CL4","ZoneC","AHP","CAV",41209.6727303591,1,0,0,0,3
"597665","Sendai","Hospital","CL4","ZoneC","AHP","FCU",37188.712757728,0,0,0,0,3
"597666","Sendai","Hospital","CL4","ZoneC","AHP","FCU",36894.3120501415,1,0,0,0,3
"599841","Sendai","Hospital","CL5","ZoneC","EHP","MUL",125382.069368506,0,0,0,0,3
"599842","Sendai","Hospital","CL5","ZoneC","EHP","MUL",137556.41055489,1,0,0,0,3
"599845","Sendai","Hospital","CL5","ZoneC","EHP","MUL",44059.9850552146,1,0,1,0,3
"599906","Sendai","Hospital","CL5","ZoneC","GHP","MUL",47689.8586093569,1,0,0,0,3
"599969","Sendai","Hospital","CL5","ZoneC","ABCH","CAV",55651.0358841993,0,0,0,0,3
"599970","Sendai","Hospital","CL5","ZoneC","ABCH","CAV",61054.6370661089,1,0,0,0,3
"600097","Sendai","Hospital","CL5","ZoneC","ABCH","FCU",59693.2592031161,0,0,0,0,3
"600098","Sendai","Hospital","CL5","ZoneC","ABCH","FCU",65489.3519596497,1,0,0,0,3
"600289","Sendai","Hospital","CL5","ZoneC","ABCH","OHUFCU",38078.2901043464,0,0,0,0,3
"600290","Sendai","Hospital","CL5","ZoneC","ABCH","OHUFCU",36036.9745439471,1,0,0,0,3
"600353","Sendai","Hospital","CL5","ZoneC","AHP","CAV",46864.402166975,0,0,0,0,3
"600354","Sendai","Hospital","CL5","ZoneC","AHP","CAV",49713.8252321903,1,0,0,0,3
"600481","Sendai","Hospital","CL5","ZoneC","AHP","FCU",50275.1740860447,0,0,0,0,3
"600482","Sendai","Hospital","CL5","ZoneC","AHP","FCU",53318.0307828101,1,0,0,0,3
"600865","Sendai","Hospital","CL5","ZoneC","TB","FCU",37220.6801337218,0,0,0,0,3
"600866","Sendai","Hospital","CL5","ZoneC","TB","FCU",39478.4272781284,1,0,0,0,3
"602657","Sendai","Hospital","CL6","ZoneC","EHP","MUL",67982.989161105,0,0,0,0,3
"602658","Sendai","Hospital","CL6","ZoneC","EHP","MUL",87721.6996790306,1,0,0,0,3
"602661","Sendai","Hospital","CL6","ZoneC","EHP","MUL",37207.2396786212,1,0,1,0,3
"602722","Sendai","Hospital","CL6","ZoneC","GHP","MUL",27150.400389652,1,0,0,0,3
"602785","Sendai","Hospital","CL6","ZoneC","ABCH","CAV",51613.8553421866,0,0,0,0,3
"602786","Sendai","Hospital","CL6","ZoneC","ABCH","CAV",66599.8240659094,1,0,0,0,3
"602913","Sendai","Hospital","CL6","ZoneC","ABCH","FCU",52082.9625910159,0,0,0,0,3
"602914","Sendai","Hospital","CL6","ZoneC","ABCH","FCU",67205.1355667252,1,0,0,0,3
"602978","Sendai","Hospital","CL6","ZoneC","ABCH","CAVFCU",63697.8812458951,1,0,0,0,3
"603105","Sendai","Hospital","CL6","ZoneC","ABCH","OHUFCU",51990.6576465009,0,0,0,0,3
"603106","Sendai","Hospital","CL6","ZoneC","ABCH","OHUFCU",56771.6663928997,1,0,0,0,3
"603297","Sendai","Hospital","CL6","ZoneC","AHP","FCU",60849.1116481406,0,0,0,0,3
"603298","Sendai","Hospital","CL6","ZoneC","AHP","FCU",75140.8737052611,1,0,0,0,3
"603301","Sendai","Hospital","CL6","ZoneC","AHP","FCU",33561.197609498,1,0,1,0,3
"603682","Sendai","Hospital","CL6","ZoneC","TB","FCU",62464.5138741104,1,0,0,0,3
"604065","Sendai","Hospital","CL6","ZoneC","AB","FCU",57970.3413183235,0,0,0,0,3
"604066","Sendai","Hospital","CL6","ZoneC","AB","FCU",71585.9603808057,1,0,0,0,3
"604449","Sendai","Hospital","CL6","ZoneC","COM","FCU",40892.6703742773,0,0,0,0,3
"604450","Sendai","Hospital","CL6","ZoneC","COM","FCU",50497.2200388456,1,0,0,0,3
"605473","Sendai","Hospital","CL7","ZoneC","EHP","MUL",51791.2446954659,0,0,0,0,3
"605474","Sendai","Hospital","CL7","ZoneC","EHP","MUL",70283.6495048864,1,0,0,0,3
"605477","Sendai","Hospital","CL7","ZoneC","EHP","MUL",45992.2277204976,1,0,1,0,3
"605538","Sendai","Hospital","CL7","ZoneC","GHP","MUL",24932.1975640513,1,0,0,0,3
"605602","Sendai","Hospital","CL7","ZoneC","ABCH","CAV",88227.8865327641,1,0,0,0,3
"605730","Sendai","Hospital","CL7","ZoneC","ABCH","FCU",85296.1978576406,1,0,0,0,3
"605794","Sendai","Hospital","CL7","ZoneC","ABCH","CAVFCU",82968.3076510585,1,0,0,0,3
"605921","Sendai","Hospital","CL7","ZoneC","ABCH","OHUFCU",49594.2527645596,0,0,0,0,3
"605922","Sendai","Hospital","CL7","ZoneC","ABCH","OHUFCU",56927.5517780532,1,0,0,0,3
"605925","Sendai","Hospital","CL7","ZoneC","ABCH","OHUFCU",39777.8404189461,1,0,1,0,3
"606306","Sendai","Hospital","CL7","ZoneC","AHP","OHUFCU",85914.8924355669,1,0,0,0,3
"606690","Sendai","Hospital","CL7","ZoneC","TB","OHUFCU",53640.2816965095,1,0,0,0,3
"606754","Sendai","Hospital","CL7","ZoneC","AB","CAV",81103.7521037766,1,0,0,0,3
"606882","Sendai","Hospital","CL7","ZoneC","AB","FCU",78408.7884035598,1,0,0,0,3
"606946","Sendai","Hospital","CL7","ZoneC","AB","CAVFCU",76268.868275593,1,0,0,0,3
"607073","Sendai","Hospital","CL7","ZoneC","AB","OHUFCU",45589.6671682732,0,0,0,0,3
"607074","Sendai","Hospital","CL7","ZoneC","AB","OHUFCU",52330.8245128095,1,0,0,0,3
"607077","Sendai","Hospital","CL7","ZoneC","AB","OHUFCU",36565.900367156,1,0,1,0,3
"607138","Sendai","Hospital","CL7","ZoneC","COM","CAV",69336.9677047114,1,0,0,0,3
"607266","Sendai","Hospital","CL7","ZoneC","COM","FCU",67032.9977131851,1,0,0,0,3
"607330","Sendai","Hospital","CL7","ZoneC","COM","CAVFCU",65203.5438475532,1,0,0,0,3
"607457","Sendai","Hospital","CL7","ZoneC","COM","OHUFCU",38975.3765777737,0,0,0,0,3
"607458","Sendai","Hospital","CL7","ZoneC","COM","OHUFCU",44738.5058654596,1,0,0,0,3
"607461","Sendai","Hospital","CL7","ZoneC","COM","OHUFCU",31260.8059070689,1,0,1,0,3
"608226","Sendai","Hospital","CL7","ZoneC","COM+TESICE","OHUFCU",85626.5520655988,1,0,0,0,3
"608290","Sendai","Hospital","CL8","ZoneA","EHP","MUL",32886.5912624011,1,0,0,0,3
"608306","Sendai","Hospital","CL8","ZoneA","EHP","MUL",10782.8784606728,1,0,0,0,4
"608737","Sendai","Hospital","CL8","ZoneA","ABCH","OHUFCU",47034.0437635629,0,0,0,0,3
"608738","Sendai","Hospital","CL8","ZoneA","ABCH","OHUFCU",71473.5864916966,1,0,0,0,3
"608741","Sendai","Hospital","CL8","ZoneA","ABCH","OHUFCU",67759.0285805617,1,0,1,0,3
"608746","Sendai","Hospital","CL8","ZoneA","ABCH","OHUFCU",34062.8110131914,1,1,0,0,3
"608749","Sendai","Hospital","CL8","ZoneA","ABCH","OHUFCU",32331.3831291616,1,1,1,0,3
"608754","Sendai","Hospital","CL8","ZoneA","ABCH","OHUFCU",82842.616545314,1,0,0,0,4
"609889","Sendai","Hospital","CL8","ZoneA","AB","OHUFCU",46156.5206234876,0,0,0,0,3
"609890","Sendai","Hospital","CL8","ZoneA","AB","OHUFCU",70140.0901339112,1,0,0,0,3
"609893","Sendai","Hospital","CL8","ZoneA","AB","OHUFCU",66494.835439369,1,0,1,0,3
"609906","Sendai","Hospital","CL8","ZoneA","AB","OHUFCU",59933.7867601924,1,0,0,0,4
"609954","Sendai","Hospital","CL8","ZoneA","COM","CAV",61868.4439506065,1,0,0,0,3
"609957","Sendai","Hospital","CL8","ZoneA","COM","CAV",59759.9437112808,1,0,1,0,3
"610018","Sendai","Hospital","CL8","ZoneA","COM","VAV",90268.8649884512,1,0,0,0,3
"610082","Sendai","Hospital","CL8","ZoneA","COM","FCU",81306.2370372673,1,0,0,0,3
"610146","Sendai","Hospital","CL8","ZoneA","COM","CAVFCU",73509.2882458445,1,0,0,0,3
"610149","Sendai","Hospital","CL8","ZoneA","COM","CAVFCU",71004.0635794093,1,0,1,0,3
"610273","Sendai","Hospital","CL8","ZoneA","COM","OHUFCU",69364.1589904101,0,0,0,0,3
"610274","Sendai","Hospital","CL8","ZoneA","COM","OHUFCU",93795.9799703329,1,0,0,0,3
"610277","Sendai","Hospital","CL8","ZoneA","COM","OHUFCU",85804.9842657467,1,0,1,0,3
"610289","Sendai","Hospital","CL8","ZoneA","COM","OHUFCU",56852.3845558833,0,0,0,0,4
"610290","Sendai","Hospital","CL8","ZoneA","COM","OHUFCU",86393.6735961036,1,0,0,0,4
"610293","Sendai","Hospital","CL8","ZoneA","COM","OHUFCU",81903.7029722611,1,0,1,0,4
"611041","Sendai","Hospital","CL8","ZoneA","COM+TESICE","OHUFCU",57190.8732256721,0,0,0,0,3
"611042","Sendai","Hospital","CL8","ZoneA","COM+TESICE","OHUFCU",86908.0456823787,1,0,0,0,3
"611045","Sendai","Hospital","CL8","ZoneA","COM+TESICE","OHUFCU",82391.3425969916,1,0,1,0,3
"611058","Sendai","Hospital","CL8","ZoneA","COM+TESICE","OHUFCU",74261.7847757005,1,0,0,0,4
"611109","Sendai","Hospital","CL9","ZoneA","EHP","MUL",23570.9115172411,1,0,1,0,3
"611125","Sendai","Hospital","CL9","ZoneA","EHP","MUL",7728.44689404656,1,0,1,0,4
"611565","Sendai","Hospital","CL9","ZoneA","ABCH","OHUFCU",68266.8934962131,1,1,1,0,3
"612709","Sendai","Hospital","CL9","ZoneA","AB","OHUFCU",62972.7501267378,1,0,1,0,3
"612714","Sendai","Hospital","CL9","ZoneA","AB","OHUFCU",53774.1694216954,1,1,0,0,3
"612717","Sendai","Hospital","CL9","ZoneA","AB","OHUFCU",95921.1058134174,1,1,1,0,3
"612733","Sendai","Hospital","CL9","ZoneA","AB","OHUFCU",73647.6077997134,1,1,1,0,4
"612781","Sendai","Hospital","CL9","ZoneA","COM","CAV",63041.3774586197,1,1,1,0,3
"612965","Sendai","Hospital","CL9","ZoneA","COM","CAVFCU",60377.1037365873,1,0,1,0,3
"612970","Sendai","Hospital","CL9","ZoneA","COM","CAVFCU",47543.0867440148,1,1,0,0,3
"612973","Sendai","Hospital","CL9","ZoneA","COM","CAVFCU",91670.8421308425,1,1,1,0,3
"612989","Sendai","Hospital","CL9","ZoneA","COM","CAVFCU",89421.6989084208,1,1,1,0,4
"613037","Sendai","Hospital","CL9","ZoneA","COM","VAVFCU",107312.595377238,1,1,1,0,3
"613089","Sendai","Hospital","CL9","ZoneA","COM","OHUFCU",30758.1402341407,0,0,0,0,3
"613090","Sendai","Hospital","CL9","ZoneA","COM","OHUFCU",39558.8490643374,1,0,0,0,3
"613093","Sendai","Hospital","CL9","ZoneA","COM","OHUFCU",64444.7924296513,1,0,1,0,3
"613097","Sendai","Hospital","CL9","ZoneA","COM","OHUFCU",46512.067690084,0,1,0,0,3
"613098","Sendai","Hospital","CL9","ZoneA","COM","OHUFCU",60124.7901238959,1,1,0,0,3
"613101","Sendai","Hospital","CL9","ZoneA","COM","OHUFCU",98539.5779524863,1,1,1,0,3
"613104","Sendai","Hospital","CL9","ZoneA","COM","OHUFCU",40428.088729386,1,1,1,1,3
"613109","Sendai","Hospital","CL9","ZoneA","COM","OHUFCU",67458.0365808764,1,0,1,0,4
"613117","Sendai","Hospital","CL9","ZoneA","COM","OHUFCU",102955.437737302,1,1,1,0,4
"613741","Sendai","Hospital","CL9","ZoneA","COM+TESICE","CAVFCU",86734.4444781175,1,1,1,0,3
"613861","Sendai","Hospital","CL9","ZoneA","COM+TESICE","OHUFCU",65430.8227180848,1,0,1,0,3
"613869","Sendai","Hospital","CL9","ZoneA","COM+TESICE","OHUFCU",99861.4744201129,1,1,1,0,3
"613885","Sendai","Hospital","CL9","ZoneA","COM+TESICE","OHUFCU",87277.6553504768,1,1,1,0,4
"613889","Tokyo","Hospital","CL1","ZoneC","EHP","MUL",60315.0668842064,0,0,0,0,1
"613905","Tokyo","Hospital","CL1","ZoneC","EHP","MUL",19846.3146875286,0,0,0,0,2
"616705","Tokyo","Hospital","CL2","ZoneC","EHP","MUL",212303.585575005,0,0,0,0,1
"616706","Tokyo","Hospital","CL2","ZoneC","EHP","MUL",171567.904873779,1,0,0,0,1
"616721","Tokyo","Hospital","CL2","ZoneC","EHP","MUL",69857.2344568769,0,0,0,0,2
"616722","Tokyo","Hospital","CL2","ZoneC","EHP","MUL",56453.4005564802,1,0,0,0,2
"616769","Tokyo","Hospital","CL2","ZoneC","GHP","MUL",40275.7613289531,0,0,0,0,1
"616770","Tokyo","Hospital","CL2","ZoneC","GHP","MUL",32547.8628619938,1,0,0,0,1
"616785","Tokyo","Hospital","CL2","ZoneC","GHP","MUL",23962.1812101199,0,0,0,0,2
"619521","Tokyo","Hospital","CL3","ZoneC","EHP","MUL",587487.79515521,0,0,0,0,1
"619522","Tokyo","Hospital","CL3","ZoneC","EHP","MUL",509300.80289537,1,0,0,0,1
"619525","Tokyo","Hospital","CL3","ZoneC","EHP","MUL",84957.4499767797,1,0,1,0,1
"619537","Tokyo","Hospital","CL3","ZoneC","EHP","MUL",193309.371273958,0,0,0,0,2
"619538","Tokyo","Hospital","CL3","ZoneC","EHP","MUL",167582.405641322,1,0,0,0,2
"619541","Tokyo","Hospital","CL3","ZoneC","EHP","MUL",27954.7445504144,1,0,1,0,2
"619585","Tokyo","Hospital","CL3","ZoneC","GHP","MUL",122535.097196034,0,0,0,0,1
"619586","Tokyo","Hospital","CL3","ZoneC","GHP","MUL",106227.267867437,1,0,0,0,1
"619601","Tokyo","Hospital","CL3","ZoneC","GHP","MUL",40319.4462817747,0,0,0,0,2
"619602","Tokyo","Hospital","CL3","ZoneC","GHP","MUL",34953.4518554201,1,0,0,0,2
"619777","Tokyo","Hospital","CL3","ZoneC","ABCH","FCU",56182.1457249879,0,0,0,0,1
"619778","Tokyo","Hospital","CL3","ZoneC","ABCH","FCU",47991.8404011232,1,0,0,0,1
"620033","Tokyo","Hospital","CL3","ZoneC","AHP","CAV",51916.8393020776,0,0,0,0,1
"620034","Tokyo","Hospital","CL3","ZoneC","AHP","CAV",44348.7460010845,1,0,0,0,1
"620161","Tokyo","Hospital","CL3","ZoneC","AHP","FCU",52395.9186317639,0,0,0,0,1
"620162","Tokyo","Hospital","CL3","ZoneC","AHP","FCU",44757.1636642716,1,0,0,0,1
"620177","Tokyo","Hospital","CL3","ZoneC","AHP","FCU",52809.8951525471,0,0,0,0,2
"620178","Tokyo","Hospital","CL3","ZoneC","AHP","FCU",45111.2008460342,1,0,0,0,2
"622337","Tokyo","Hospital","CL4","ZoneC","EHP","MUL",324592.718675017,0,0,0,0,1
"622338","Tokyo","Hospital","CL4","ZoneC","EHP","MUL",331117.933124052,1,0,0,0,1
"622341","Tokyo","Hospital","CL4","ZoneC","EHP","MUL",67315.9223348927,1,0,1,0,1
"622353","Tokyo","Hospital","CL4","ZoneC","EHP","MUL",117770.048519632,0,0,0,0,2
"622354","Tokyo","Hospital","CL4","ZoneC","EHP","MUL",120137.553328121,1,0,0,0,2
"622401","Tokyo","Hospital","CL4","ZoneC","GHP","MUL",63237.5143113108,0,0,0,0,1
"622402","Tokyo","Hospital","CL4","ZoneC","GHP","MUL",64508.76384454,1,0,0,0,1
"622418","Tokyo","Hospital","CL4","ZoneC","GHP","MUL",42034.1544395343,1,0,0,0,2
"622465","Tokyo","Hospital","CL4","ZoneC","ABCH","CAV",49077.7604380267,0,0,0,0,1
"622466","Tokyo","Hospital","CL4","ZoneC","ABCH","CAV",49047.2445758991,1,0,0,0,1
"622481","Tokyo","Hospital","CL4","ZoneC","ABCH","CAV",29643.9024102364,0,0,0,0,2
"622482","Tokyo","Hospital","CL4","ZoneC","ABCH","CAV",29624.5925502925,1,0,0,0,2
"622593","Tokyo","Hospital","CL4","ZoneC","ABCH","FCU",41013.2227267814,0,0,0,0,1
"622594","Tokyo","Hospital","CL4","ZoneC","ABCH","FCU",40985.0492481906,1,0,0,0,1
"622849","Tokyo","Hospital","CL4","ZoneC","AHP","CAV",61905.9563343428,0,0,0,0,1
"622850","Tokyo","Hospital","CL4","ZoneC","AHP","CAV",61867.4640801832,1,0,0,0,1
"622865","Tokyo","Hospital","CL4","ZoneC","AHP","CAV",37392.3771543109,0,0,0,0,2
"622866","Tokyo","Hospital","CL4","ZoneC","AHP","CAV",37368.0199844679,1,0,0,0,2
"622977","Tokyo","Hospital","CL4","ZoneC","AHP","FCU",51733.4685322673,0,0,0,0,1
"622978","Tokyo","Hospital","CL4","ZoneC","AHP","FCU",51697.9309258268,1,0,0,0,1
"625153","Tokyo","Hospital","CL5","ZoneC","EHP","MUL",282356.110073129,0,0,0,0,1
"625154","Tokyo","Hospital","CL5","ZoneC","EHP","MUL",313528.721077614,1,0,0,0,1
"625157","Tokyo","Hospital","CL5","ZoneC","EHP","MUL",98525.6821775991,1,0,1,0,1
"625169","Tokyo","Hospital","CL5","ZoneC","EHP","MUL",237772.680036718,0,0,0,0,2
"625170","Tokyo","Hospital","CL5","ZoneC","EHP","MUL",264023.2019764,1,0,0,0,2
"625173","Tokyo","Hospital","CL5","ZoneC","EHP","MUL",82968.686237199,1,0,1,0,2
"625217","Tokyo","Hospital","CL5","ZoneC","GHP","MUL",71602.3945059472,0,0,0,0,1
"625218","Tokyo","Hospital","CL5","ZoneC","GHP","MUL",79507.4247542582,1,0,0,0,1
"625233","Tokyo","Hospital","CL5","ZoneC","GHP","MUL",60296.5285019542,0,0,0,0,2
"625234","Tokyo","Hospital","CL5","ZoneC","GHP","MUL",66953.3712648941,1,0,0,0,2
"625281","Tokyo","Hospital","CL5","ZoneC","ABCH","CAV",76002.8726748125,0,0,0,0,1
"625282","Tokyo","Hospital","CL5","ZoneC","ABCH","CAV",84393.7234501036,1,0,0,0,1
"625285","Tokyo","Hospital","CL5","ZoneC","ABCH","CAV",26520.5342140593,1,0,1,0,1
"625297","Tokyo","Hospital","CL5","ZoneC","ABCH","CAV",74584.524898281,0,0,0,0,2
"625298","Tokyo","Hospital","CL5","ZoneC","ABCH","CAV",82818.7875852338,1,0,0,0,2
"625409","Tokyo","Hospital","CL5","ZoneC","ABCH","FCU",80848.5492689616,0,0,0,0,1
"625410","Tokyo","Hospital","CL5","ZoneC","ABCH","FCU",89774.3712601537,1,0,0,0,1
"625413","Tokyo","Hospital","CL5","ZoneC","ABCH","FCU",28211.3904591283,1,0,1,0,1
"625425","Tokyo","Hospital","CL5","ZoneC","ABCH","FCU",79339.7726128204,0,0,0,0,2
"625426","Tokyo","Hospital","CL5","ZoneC","ABCH","FCU",88099.0230083689,1,0,0,0,2
"625473","Tokyo","Hospital","CL5","ZoneC","ABCH","CAVFCU",37765.8047475097,0,0,0,0,1
"625474","Tokyo","Hospital","CL5","ZoneC","ABCH","CAVFCU",41935.2159933314,1,0,0,0,1
"625489","Tokyo","Hospital","CL5","ZoneC","ABCH","CAVFCU",31802.6643950897,0,0,0,0,2
"625490","Tokyo","Hospital","CL5","ZoneC","ABCH","CAVFCU",35313.7344613175,1,0,0,0,2
"625601","Tokyo","Hospital","CL5","ZoneC","ABCH","OHUFCU",61145.0179490004,0,0,0,0,1
"625602","Tokyo","Hospital","CL5","ZoneC","ABCH","OHUFCU",57191.1905180612,1,0,0,0,1
"625617","Tokyo","Hospital","CL5","ZoneC","ABCH","OHUFCU",51490.3494911497,0,0,0,0,2
"625618","Tokyo","Hospital","CL5","ZoneC","ABCH","OHUFCU",48160.8230133498,1,0,0,0,2
"625665","Tokyo","Hospital","CL5","ZoneC","AHP","CAV",58797.5503126942,0,0,0,0,1
"625666","Tokyo","Hospital","CL5","ZoneC","AHP","CAV",65288.9032479626,1,0,0,0,1
"625681","Tokyo","Hospital","CL5","ZoneC","AHP","CAV",57342.1008715115,0,0,0,0,2
"625682","Tokyo","Hospital","CL5","ZoneC","AHP","CAV",63672.7696294303,1,0,0,0,2
"625793","Tokyo","Hospital","CL5","ZoneC","AHP","FCU",62546.2758978778,0,0,0,0,1
"625794","Tokyo","Hospital","CL5","ZoneC","AHP","FCU",69451.4947289445,1,0,0,0,1
"625809","Tokyo","Hospital","CL5","ZoneC","AHP","FCU",60998.0321050753,0,0,0,0,2
"625810","Tokyo","Hospital","CL5","ZoneC","AHP","FCU",67732.3220992178,1,0,0,0,2
"625858","Tokyo","Hospital","CL5","ZoneC","AHP","CAVFCU",52910.1692871065,1,0,0,0,1
"625985","Tokyo","Hospital","CL5","ZoneC","AHP","OHUFCU",40591.6162763393,0,0,0,0,1
"625986","Tokyo","Hospital","CL5","ZoneC","AHP","OHUFCU",37966.8358562335,1,0,0,0,1
"626001","Tokyo","Hospital","CL5","ZoneC","AHP","OHUFCU",39120.4432346345,0,0,0,0,2
"626002","Tokyo","Hospital","CL5","ZoneC","AHP","OHUFCU",37493.4065352806,1,0,0,0,2
"627969","Tokyo","Hospital","CL6","ZoneC","EHP","MUL",165138.683660075,0,0,0,0,1
"627970","Tokyo","Hospital","CL6","ZoneC","EHP","MUL",213179.873665961,1,0,0,0,1
"627973","Tokyo","Hospital","CL6","ZoneC","EHP","MUL",90053.4303082515,1,0,1,0,1
"627985","Tokyo","Hospital","CL6","ZoneC","EHP","MUL",139063.636276268,0,0,0,0,2
"627986","Tokyo","Hospital","CL6","ZoneC","EHP","MUL",179519.224423074,1,0,0,0,2
"627989","Tokyo","Hospital","CL6","ZoneC","EHP","MUL",75834.1849423655,1,0,1,0,2
"628033","Tokyo","Hospital","CL6","ZoneC","GHP","MUL",46548.2179009357,0,0,0,0,1
"628034","Tokyo","Hospital","CL6","ZoneC","GHP","MUL",60089.7560254451,1,0,0,0,1
"628049","Tokyo","Hospital","CL6","ZoneC","GHP","MUL",39198.3531660498,0,0,0,0,2
"628050","Tokyo","Hospital","CL6","ZoneC","GHP","MUL",50601.7111838735,1,0,0,0,2
"628097","Tokyo","Hospital","CL6","ZoneC","ABCH","CAV",92834.7571638524,0,0,0,0,1
"628098","Tokyo","Hospital","CL6","ZoneC","ABCH","CAV",119841.707378129,1,0,0,0,1
"628101","Tokyo","Hospital","CL6","ZoneC","ABCH","CAV",50624.6516512567,1,0,1,0,1
"628113","Tokyo","Hospital","CL6","ZoneC","ABCH","CAV",83408.2025650754,0,0,0,0,2
"628114","Tokyo","Hospital","CL6","ZoneC","ABCH","CAV",107672.834077618,1,0,0,0,2
"628117","Tokyo","Hospital","CL6","ZoneC","ABCH","CAV",45484.1627070958,1,0,1,0,2
"628162","Tokyo","Hospital","CL6","ZoneC","ABCH","VAV",57283.0680478963,1,0,0,0,1
"628225","Tokyo","Hospital","CL6","ZoneC","ABCH","FCU",82129.9232137957,0,0,0,0,1
"628226","Tokyo","Hospital","CL6","ZoneC","ABCH","FCU",106022.685096314,1,0,0,0,1
"628229","Tokyo","Hospital","CL6","ZoneC","ABCH","FCU",44787.0913854431,1,0,1,0,1
"628241","Tokyo","Hospital","CL6","ZoneC","ABCH","FCU",73790.3505255004,0,0,0,0,2
"628242","Tokyo","Hospital","CL6","ZoneC","ABCH","FCU",95257.0121920873,1,0,0,0,2
"628245","Tokyo","Hospital","CL6","ZoneC","ABCH","FCU",40239.355438656,1,0,1,0,2
"628289","Tokyo","Hospital","CL6","ZoneC","ABCH","CAVFCU",49355.1436911288,0,0,0,0,1
"628290","Tokyo","Hospital","CL6","ZoneC","ABCH","CAVFCU",63713.256419664,1,0,0,0,1
"628293","Tokyo","Hospital","CL6","ZoneC","ABCH","CAVFCU",26914.3479543028,1,0,1,0,1
"628305","Tokyo","Hospital","CL6","ZoneC","ABCH","CAVFCU",54898.9256116051,0,0,0,0,2
"628306","Tokyo","Hospital","CL6","ZoneC","ABCH","CAVFCU",70869.8032883034,1,0,0,0,2
"628417","Tokyo","Hospital","CL6","ZoneC","ABCH","OHUFCU",83162.8919798465,0,0,0,0,1
"628418","Tokyo","Hospital","CL6","ZoneC","ABCH","OHUFCU",89840.695921403,1,0,0,0,1
"628421","Tokyo","Hospital","CL6","ZoneC","ABCH","OHUFCU",46717.7828377523,1,0,1,0,1
"628433","Tokyo","Hospital","CL6","ZoneC","ABCH","OHUFCU",74395.6664074854,0,0,0,0,2
"628434","Tokyo","Hospital","CL6","ZoneC","ABCH","OHUFCU",81294.4531026581,1,0,0,0,2
"628437","Tokyo","Hospital","CL6","ZoneC","ABCH","OHUFCU",41720.4749521057,1,0,1,0,2
"628481","Tokyo","Hospital","CL6","ZoneC","AHP","CAV",56218.5174150501,0,0,0,0,1
"628482","Tokyo","Hospital","CL6","ZoneC","AHP","CAV",72573.2831012351,1,0,0,0,1
"628497","Tokyo","Hospital","CL6","ZoneC","AHP","CAV",47341.7329272783,0,0,0,0,2
"628498","Tokyo","Hospital","CL6","ZoneC","AHP","CAV",61114.1158502812,1,0,0,0,2
"628609","Tokyo","Hospital","CL6","ZoneC","AHP","FCU",49735.9249870406,0,0,0,0,1
"628610","Tokyo","Hospital","CL6","ZoneC","AHP","FCU",64204.8124061702,1,0,0,0,1
"628625","Tokyo","Hospital","CL6","ZoneC","AHP","FCU",41882.7280741718,0,0,0,0,2
"628626","Tokyo","Hospital","CL6","ZoneC","AHP","FCU",54067.0089027497,1,0,0,0,2
"628674","Tokyo","Hospital","CL6","ZoneC","AHP","CAVFCU",68471.5295748684,1,0,0,0,1
"628690","Tokyo","Hospital","CL6","ZoneC","AHP","CAVFCU",57660.0204933165,1,0,0,0,2
"628801","Tokyo","Hospital","CL6","ZoneC","AHP","OHUFCU",51356.3796367463,0,0,0,0,1
"628802","Tokyo","Hospital","CL6","ZoneC","AHP","OHUFCU",56118.7095634605,1,0,0,0,1
"628817","Tokyo","Hospital","CL6","ZoneC","AHP","OHUFCU",43247.3163766478,0,0,0,0,2
"628818","Tokyo","Hospital","CL6","ZoneC","AHP","OHUFCU",47257.6845234559,1,0,0,0,2
"629633","Tokyo","Hospital","CL6","ZoneC","COM","CAV",56451.1637968161,0,0,0,0,1
"629634","Tokyo","Hospital","CL6","ZoneC","COM","CAV",69846.2841068054,1,0,0,0,1
"629649","Tokyo","Hospital","CL6","ZoneC","COM","CAV",47537.6449395207,0,0,0,0,2
"629650","Tokyo","Hospital","CL6","ZoneC","COM","CAV",58817.7042047353,1,0,0,0,2
"630018","Tokyo","Hospital","CL6","ZoneC","AHP+TESICE","CAV",74376.3230683195,1,0,0,0,1
"630034","Tokyo","Hospital","CL6","ZoneC","AHP+TESICE","CAV",62632.4596363462,1,0,0,0,2
"630785","Tokyo","Hospital","CL7","ZoneC","EHP","MUL",81075.1439899998,0,0,0,0,1
"630786","Tokyo","Hospital","CL7","ZoneC","EHP","MUL",109364.002812267,1,0,0,0,1
"630789","Tokyo","Hospital","CL7","ZoneC","EHP","MUL",71866.5027145158,1,0,1,0,1
"630801","Tokyo","Hospital","CL7","ZoneC","EHP","MUL",68273.5509632577,0,0,0,0,2
"630802","Tokyo","Hospital","CL7","ZoneC","EHP","MUL",92095.6590650045,1,0,0,0,2
"630805","Tokyo","Hospital","CL7","ZoneC","EHP","MUL",60518.9345853737,1,0,1,0,2
"630850","Tokyo","Hospital","CL7","ZoneC","GHP","MUL",65786.9444229958,1,0,0,0,1
"630866","Tokyo","Hospital","CL7","ZoneC","GHP","MUL",55399.3256346778,1,0,0,0,2
"630913","Tokyo","Hospital","CL7","ZoneC","ABCH","CAV",50053.4337485464,0,0,0,0,1
"630914","Tokyo","Hospital","CL7","ZoneC","ABCH","CAV",67518.1516780884,1,0,0,0,1
"630917","Tokyo","Hospital","CL7","ZoneC","ABCH","CAV",44368.2866946796,1,0,1,0,1
"630929","Tokyo","Hospital","CL7","ZoneC","ABCH","CAV",45269.3664138866,0,0,0,0,2
"630930","Tokyo","Hospital","CL7","ZoneC","ABCH","CAV",61064.8205127887,1,0,0,0,2
"630933","Tokyo","Hospital","CL7","ZoneC","ABCH","CAV",40127.6011877234,1,0,1,0,2
"630978","Tokyo","Hospital","CL7","ZoneC","ABCH","VAV",54456.1381506005,1,0,0,0,1
"631041","Tokyo","Hospital","CL7","ZoneC","ABCH","FCU",48420.0865290278,0,0,0,0,1
"631042","Tokyo","Hospital","CL7","ZoneC","ABCH","FCU",65314.89453764,1,0,0,0,1
"631045","Tokyo","Hospital","CL7","ZoneC","ABCH","FCU",42920.4575992449,1,0,1,0,1
"631057","Tokyo","Hospital","CL7","ZoneC","ABCH","FCU",43792.1332207964,0,0,0,0,2
"631058","Tokyo","Hospital","CL7","ZoneC","ABCH","FCU",59072.1489351297,1,0,0,0,2
"631061","Tokyo","Hospital","CL7","ZoneC","ABCH","FCU",38818.1544441656,1,0,1,0,2
"631105","Tokyo","Hospital","CL7","ZoneC","ABCH","CAVFCU",46854.7762274454,0,0,0,0,1
"631106","Tokyo","Hospital","CL7","ZoneC","ABCH","CAVFCU",63203.4138568849,1,0,0,0,1
"631109","Tokyo","Hospital","CL7","ZoneC","ABCH","CAVFCU",41532.9376825168,1,0,1,0,1
"631121","Tokyo","Hospital","CL7","ZoneC","ABCH","CAVFCU",42376.4340312114,0,0,0,0,2
"631122","Tokyo","Hospital","CL7","ZoneC","ABCH","CAVFCU",57162.4818962381,1,0,0,0,2
"631125","Tokyo","Hospital","CL7","ZoneC","ABCH","CAVFCU",37563.2525760444,1,0,1,0,2
"631233","Tokyo","Hospital","CL7","ZoneC","ABCH","OHUFCU",90880.8576738195,0,0,0,0,1
"631234","Tokyo","Hospital","CL7","ZoneC","ABCH","OHUFCU",102449.073062889,1,0,0,0,1
"631237","Tokyo","Hospital","CL7","ZoneC","ABCH","OHUFCU",72340.6039688821,1,0,1,0,1
"631249","Tokyo","Hospital","CL7","ZoneC","ABCH","OHUFCU",81640.6998007218,0,0,0,0,2
"631250","Tokyo","Hospital","CL7","ZoneC","ABCH","OHUFCU",93182.6163326912,1,0,0,0,2
"631253","Tokyo","Hospital","CL7","ZoneC","ABCH","OHUFCU",65454.6404475332,1,0,1,0,2
"631617","Tokyo","Hospital","CL7","ZoneC","AHP","OHUFCU",52598.4384316579,0,0,0,0,1
"631618","Tokyo","Hospital","CL7","ZoneC","AHP","OHUFCU",66745.8771040138,1,0,0,0,1
"631621","Tokyo","Hospital","CL7","ZoneC","AHP","OHUFCU",44908.489817031,1,0,1,0,1
"631633","Tokyo","Hospital","CL7","ZoneC","AHP","OHUFCU",44293.2567260627,0,0,0,0,2
"631634","Tokyo","Hospital","CL7","ZoneC","AHP","OHUFCU",56206.8448822032,1,0,0,0,2
"631637","Tokyo","Hospital","CL7","ZoneC","AHP","OHUFCU",37817.5346636963,1,0,1,0,2
"632385","Tokyo","Hospital","CL7","ZoneC","AB","OHUFCU",38570.8677386525,0,0,0,0,1
"632386","Tokyo","Hospital","CL7","ZoneC","AB","OHUFCU",48945.300937485,1,0,0,0,1
"632389","Tokyo","Hospital","CL7","ZoneC","AB","OHUFCU",32931.7651383502,1,0,1,0,1
"632401","Tokyo","Hospital","CL7","ZoneC","AB","OHUFCU",44702.8518335612,0,0,0,0,2
"632402","Tokyo","Hospital","CL7","ZoneC","AB","OHUFCU",56726.6090714581,1,0,0,0,2
"632450","Tokyo","Hospital","CL7","ZoneC","COM","CAV",80978.5159804441,1,0,0,0,1
"632466","Tokyo","Hospital","CL7","ZoneC","COM","CAV",68192.180311166,1,0,0,0,2
"632578","Tokyo","Hospital","CL7","ZoneC","COM","FCU",78336.0192721889,1,0,0,0,1
"632594","Tokyo","Hospital","CL7","ZoneC","COM","FCU",65966.9282202962,1,0,0,0,2
"632642","Tokyo","Hospital","CL7","ZoneC","COM","CAVFCU",75803.5955046642,1,0,0,0,1
"632658","Tokyo","Hospital","CL7","ZoneC","COM","CAVFCU",63834.3687866185,1,0,0,0,2
"632769","Tokyo","Hospital","CL7","ZoneC","COM","OHUFCU",45139.0277189812,0,0,0,0,1
"632770","Tokyo","Hospital","CL7","ZoneC","COM","OHUFCU",51520.5370830414,1,0,0,0,1
"632773","Tokyo","Hospital","CL7","ZoneC","COM","OHUFCU",36189.7783422849,1,0,1,0,1
"632785","Tokyo","Hospital","CL7","ZoneC","COM","OHUFCU",38011.6711206072,0,0,0,0,2
"632786","Tokyo","Hospital","CL7","ZoneC","COM","OHUFCU",43385.5537108548,1,0,0,0,2
"632789","Tokyo","Hospital","CL7","ZoneC","COM","OHUFCU",30475.4892116594,1,0,1,0,2
"633154","Tokyo","Hospital","CL7","ZoneC","AHP+TESICE","OHUFCU",67080.4678278342,1,0,0,0,1
"633170","Tokyo","Hospital","CL7","ZoneC","AHP+TESICE","OHUFCU",56488.6044414264,1,0,0,0,2
"633537","Tokyo","Hospital","CL7","ZoneC","COM+TESICE","OHUFCU",49365.7562850128,0,0,0,0,1
"633538","Tokyo","Hospital","CL7","ZoneC","COM+TESICE","OHUFCU",62643.6981855909,1,0,0,0,1
"633541","Tokyo","Hospital","CL7","ZoneC","COM+TESICE","OHUFCU",42148.4292982584,1,0,1,0,1
"633553","Tokyo","Hospital","CL7","ZoneC","COM+TESICE","OHUFCU",41571.0082239298,0,0,0,0,2
"633554","Tokyo","Hospital","CL7","ZoneC","COM+TESICE","OHUFCU",52752.3913016843,1,0,0,0,2
"633557","Tokyo","Hospital","CL7","ZoneC","COM+TESICE","OHUFCU",35493.2818382763,1,0,1,0,2
"633634","Tokyo","Hospital","CL8","ZoneA","EHP","MUL",46930.4489601651,1,0,0,0,3
"633637","Tokyo","Hospital","CL8","ZoneA","EHP","MUL",45031.962686084,1,0,1,0,3
"633698","Tokyo","Hospital","CL8","ZoneA","GHP","MUL",21624.8811239075,1,0,0,0,3
"633762","Tokyo","Hospital","CL8","ZoneA","ABCH","CAV",70257.85002129,1,0,0,0,3
"633765","Tokyo","Hospital","CL8","ZoneA","ABCH","CAV",67415.6960068448,1,0,1,0,3
"633826","Tokyo","Hospital","CL8","ZoneA","ABCH","VAV",101476.890834943,1,0,0,0,3
"633890","Tokyo","Hospital","CL8","ZoneA","ABCH","FCU",91824.1258187598,1,0,0,0,3
"633954","Tokyo","Hospital","CL8","ZoneA","ABCH","CAVFCU",82912.9721440781,1,0,0,0,3
"633957","Tokyo","Hospital","CL8","ZoneA","ABCH","CAVFCU",79558.8780954063,1,0,1,0,3
"634018","Tokyo","Hospital","CL8","ZoneA","ABCH","VAVFCU",59684.0903943755,1,0,0,0,3
"634081","Tokyo","Hospital","CL8","ZoneA","ABCH","OHUFCU",59568.3754667568,0,0,0,0,3
"634082","Tokyo","Hospital","CL8","ZoneA","ABCH","OHUFCU",79327.7220401418,1,0,0,0,3
"634085","Tokyo","Hospital","CL8","ZoneA","ABCH","OHUFCU",71846.4862783182,1,0,1,0,3
"634088","Tokyo","Hospital","CL8","ZoneA","ABCH","OHUFCU",33268.3723505214,1,0,1,1,3
"634090","Tokyo","Hospital","CL8","ZoneA","ABCH","OHUFCU",34970.3665443264,1,1,0,0,3
"634466","Tokyo","Hospital","CL8","ZoneA","AHP","OHUFCU",111466.295194831,1,0,0,0,3
"634914","Tokyo","Hospital","CL8","ZoneA","AB","CAV",82687.4165612021,1,0,0,0,3
"634978","Tokyo","Hospital","CL8","ZoneA","AB","VAV",60947.5254025186,1,0,0,0,3
"635042","Tokyo","Hospital","CL8","ZoneA","AB","FCU",55150.0267189486,1,0,0,0,3
"635106","Tokyo","Hospital","CL8","ZoneA","AB","CAVFCU",97581.401422435,1,0,0,0,3
"635233","Tokyo","Hospital","CL8","ZoneA","AB","OHUFCU",46803.8855903496,0,0,0,0,3
"635234","Tokyo","Hospital","CL8","ZoneA","AB","OHUFCU",63224.9966221789,1,0,0,0,3
"635237","Tokyo","Hospital","CL8","ZoneA","AB","OHUFCU",57528.6878999424,1,0,1,0,3
"635297","Tokyo","Hospital","CL8","ZoneA","COM","CAV",61438.4706908078,0,0,0,0,3
"635298","Tokyo","Hospital","CL8","ZoneA","COM","CAV",99920.0750310767,1,0,0,0,3
"635301","Tokyo","Hospital","CL8","ZoneA","COM","CAV",95877.9894522097,1,0,1,0,3
"635306","Tokyo","Hospital","CL8","ZoneA","COM","CAV",44048.178355672,1,1,0,0,3
"635309","Tokyo","Hospital","CL8","ZoneA","COM","CAV",42266.2891161829,1,1,1,0,3
"635361","Tokyo","Hospital","CL8","ZoneA","COM","VAV",45285.2792945627,0,0,0,0,3
"635362","Tokyo","Hospital","CL8","ZoneA","COM","VAV",73649.432579268,1,0,0,0,3
"635365","Tokyo","Hospital","CL8","ZoneA","COM","VAV",70670.0782380327,1,0,1,0,3
"635370","Tokyo","Hospital","CL8","ZoneA","COM","VAV",32467.1828062246,1,1,0,0,3
"635373","Tokyo","Hospital","CL8","ZoneA","COM","VAV",31153.7817567691,1,1,1,0,3
"635425","Tokyo","Hospital","CL8","ZoneA","COM","FCU",34703.5063637069,0,0,0,0,3
"635426","Tokyo","Hospital","CL8","ZoneA","COM","FCU",56439.8319280081,1,0,0,0,3
"635429","Tokyo","Hospital","CL8","ZoneA","COM","FCU",54156.6607970926,1,0,1,0,3
"635434","Tokyo","Hospital","CL8","ZoneA","COM","FCU",42784.4921535536,1,1,0,0,3
"635437","Tokyo","Hospital","CL8","ZoneA","COM","FCU",41053.7230495548,1,1,1,0,3
"635489","Tokyo","Hospital","CL8","ZoneA","COM","CAVFCU",67206.7059029262,0,0,0,0,3
"635490","Tokyo","Hospital","CL8","ZoneA","COM","CAVFCU",109301.208524655,1,0,0,0,3
"635493","Tokyo","Hospital","CL8","ZoneA","COM","CAVFCU",104879.626189045,1,0,1,0,3
"635497","Tokyo","Hospital","CL8","ZoneA","COM","CAVFCU",29627.0090608777,0,1,0,0,3
"635498","Tokyo","Hospital","CL8","ZoneA","COM","CAVFCU",48183.7020847625,1,1,0,0,3
"635501","Tokyo","Hospital","CL8","ZoneA","COM","CAVFCU",46234.5177264374,1,1,1,0,3
"635554","Tokyo","Hospital","CL8","ZoneA","COM","VAVFCU",76005.2616362433,1,0,0,0,3
"635557","Tokyo","Hospital","CL8","ZoneA","COM","VAVFCU",72930.6064993017,1,0,1,0,3
"635617","Tokyo","Hospital","CL8","ZoneA","COM","OHUFCU",117952.811199019,0,0,0,0,3
"635618","Tokyo","Hospital","CL8","ZoneA","COM","OHUFCU",157078.781271631,1,0,0,0,3
"635621","Tokyo","Hospital","CL8","ZoneA","COM","OHUFCU",142265.001603556,1,0,1,0,3
"635624","Tokyo","Hospital","CL8","ZoneA","COM","OHUFCU",65875.5255957857,1,0,1,1,3
"635625","Tokyo","Hospital","CL8","ZoneA","COM","OHUFCU",51997.6237370857,0,1,0,0,3
"635626","Tokyo","Hospital","CL8","ZoneA","COM","OHUFCU",69245.6863267214,1,1,0,0,3
"635629","Tokyo","Hospital","CL8","ZoneA","COM","OHUFCU",62715.2668015351,1,1,1,0,3
"635632","Tokyo","Hospital","CL8","ZoneA","COM","OHUFCU",29040.179361498,1,1,1,1,3
"636002","Tokyo","Hospital","CL8","ZoneA","AHP+TESICE","OHUFCU",59142.3057489855,1,0,0,0,3
"636066","Tokyo","Hospital","CL8","ZoneA","COM+TESICE","CAV",61556.2879551477,1,0,0,0,3
"636069","Tokyo","Hospital","CL8","ZoneA","COM+TESICE","CAV",59066.1398667413,1,0,1,0,3
"636130","Tokyo","Hospital","CL8","ZoneA","COM+TESICE","VAV",88908.793980117,1,0,0,0,3
"636194","Tokyo","Hospital","CL8","ZoneA","COM+TESICE","FCU",80451.5414066399,1,0,0,0,3
"636258","Tokyo","Hospital","CL8","ZoneA","COM+TESICE","CAVFCU",72644.0502658624,1,0,0,0,3
"636261","Tokyo","Hospital","CL8","ZoneA","COM+TESICE","CAVFCU",69705.3668443497,1,0,1,0,3
"636322","Tokyo","Hospital","CL8","ZoneA","COM+TESICE","VAVFCU",52292.1076227632,1,0,0,0,3
"636385","Tokyo","Hospital","CL8","ZoneA","COM+TESICE","OHUFCU",69090.1525788085,0,0,0,0,3
"636386","Tokyo","Hospital","CL8","ZoneA","COM+TESICE","OHUFCU",92007.9551697919,1,0,0,0,3
"636389","Tokyo","Hospital","CL8","ZoneA","COM+TESICE","OHUFCU",83330.8724692425,1,0,1,0,3
"636453","Tokyo","Hospital","CL9","ZoneA","EHP","MUL",61285.2516812827,1,0,1,0,3
"636517","Tokyo","Hospital","CL9","ZoneA","GHP","MUL",18241.4583871379,1,0,1,0,3
"636781","Tokyo","Hospital","CL9","ZoneA","ABCH","CAVFCU",80958.078588909,1,1,1,0,3
"636909","Tokyo","Hospital","CL9","ZoneA","ABCH","OHUFCU",154161.23751623,1,1,1,0,3
"637925","Tokyo","Hospital","CL9","ZoneA","AB","CAVFCU",49781.9425071343,1,0,1,0,3
"637930","Tokyo","Hospital","CL9","ZoneA","AB","CAVFCU",39906.9669364959,1,1,0,0,3
"637933","Tokyo","Hospital","CL9","ZoneA","AB","CAVFCU",77851.180343354,1,1,1,0,3
"637997","Tokyo","Hospital","CL9","ZoneA","AB","VAVFCU",91605.7924135714,1,1,1,0,3
"638050","Tokyo","Hospital","CL9","ZoneA","AB","OHUFCU",35058.0836143399,1,0,0,0,3
"638053","Tokyo","Hospital","CL9","ZoneA","AB","OHUFCU",58563.3507697022,1,0,1,0,3
"638057","Tokyo","Hospital","CL9","ZoneA","AB","OHUFCU",41789.9061306619,0,1,0,0,3
"638058","Tokyo","Hospital","CL9","ZoneA","AB","OHUFCU",54877.058443406,1,1,0,0,3
"638061","Tokyo","Hospital","CL9","ZoneA","AB","OHUFCU",92163.7529633944,1,1,1,0,3
"638064","Tokyo","Hospital","CL9","ZoneA","AB","OHUFCU",36579.4756235725,1,1,1,1,3
"638117","Tokyo","Hospital","CL9","ZoneA","COM","CAV",55979.2758692432,1,0,1,0,3
"638122","Tokyo","Hospital","CL9","ZoneA","COM","CAV",43476.5491170014,1,1,0,0,3
"638125","Tokyo","Hospital","CL9","ZoneA","COM","CAV",84814.7811233173,1,1,1,0,3
"638181","Tokyo","Hospital","CL9","ZoneA","COM","VAV",56554.9074455566,1,0,1,0,3
"638189","Tokyo","Hospital","CL9","ZoneA","COM","VAV",85686.9264913053,1,1,1,0,3
"638250","Tokyo","Hospital","CL9","ZoneA","COM","FCU",52960.2524483256,1,1,0,0,3
"638253","Tokyo","Hospital","CL9","ZoneA","COM","FCU",103315.748624673,1,1,1,0,3
"638305","Tokyo","Hospital","CL9","ZoneA","COM","CAVFCU",40250.9682621806,0,0,0,0,3
"638306","Tokyo","Hospital","CL9","ZoneA","COM","CAVFCU",61378.0028059717,1,0,0,0,3
"638309","Tokyo","Hospital","CL9","ZoneA","COM","CAVFCU",119737.237188844,1,0,1,0,3
"638313","Tokyo","Hospital","CL9","ZoneA","COM","CAVFCU",60984.6592359037,0,1,0,0,3
"638314","Tokyo","Hospital","CL9","ZoneA","COM","CAVFCU",92994.4482657208,1,1,0,0,3
"638317","Tokyo","Hospital","CL9","ZoneA","COM","CAVFCU",181415.129202525,1,1,1,0,3
"638320","Tokyo","Hospital","CL9","ZoneA","COM","CAVFCU",32190.3228775956,1,1,1,1,3
"638370","Tokyo","Hospital","CL9","ZoneA","COM","VAVFCU",38266.4031668019,1,0,0,0,3
"638373","Tokyo","Hospital","CL9","ZoneA","COM","VAVFCU",74650.7410290242,1,0,1,0,3
"638377","Tokyo","Hospital","CL9","ZoneA","COM","VAVFCU",38021.1712767569,0,1,0,0,3
"638378","Tokyo","Hospital","CL9","ZoneA","COM","VAVFCU",57977.8240888631,1,1,0,0,3
"638381","Tokyo","Hospital","CL9","ZoneA","COM","VAVFCU",113104.111526188,1,1,1,0,3
"638433","Tokyo","Hospital","CL9","ZoneA","COM","OHUFCU",84840.4809705778,0,0,0,0,3
"638434","Tokyo","Hospital","CL9","ZoneA","COM","OHUFCU",107493.076133048,1,0,0,0,3
"638437","Tokyo","Hospital","CL9","ZoneA","COM","OHUFCU",172875.592611689,1,0,1,0,3
"638440","Tokyo","Hospital","CL9","ZoneA","COM","OHUFCU",80690.3045732511,1,0,1,1,3
"638441","Tokyo","Hospital","CL9","ZoneA","COM","OHUFCU",128542.692133502,0,1,0,0,3
"638442","Tokyo","Hospital","CL9","ZoneA","COM","OHUFCU",162863.873869897,1,1,0,0,3
"638445","Tokyo","Hospital","CL9","ZoneA","COM","OHUFCU",261925.602309911,1,1,1,0,3
"638448","Tokyo","Hospital","CL9","ZoneA","COM","OHUFCU",122254.716855212,1,1,1,1,3
"638893","Tokyo","Hospital","CL9","ZoneA","COM+TESICE","CAV",67434.4180899857,1,1,1,0,3
"638957","Tokyo","Hospital","CL9","ZoneA","COM+TESICE","VAV",52053.854394344,1,1,1,0,3
"639021","Tokyo","Hospital","CL9","ZoneA","COM+TESICE","FCU",57189.7027761543,1,1,1,0,3
"639077","Tokyo","Hospital","CL9","ZoneA","COM+TESICE","CAVFCU",65475.0372412351,1,0,1,0,3
"639082","Tokyo","Hospital","CL9","ZoneA","COM+TESICE","CAVFCU",50851.4736633112,1,1,0,0,3
"639085","Tokyo","Hospital","CL9","ZoneA","COM+TESICE","CAVFCU",99201.9076064457,1,1,1,0,3
"639149","Tokyo","Hospital","CL9","ZoneA","COM+TESICE","VAVFCU",117844.341556973,1,1,1,0,3
"639201","Tokyo","Hospital","CL9","ZoneA","COM+TESICE","OHUFCU",31047.6455551667,0,0,0,0,3
"639202","Tokyo","Hospital","CL9","ZoneA","COM+TESICE","OHUFCU",39337.4352577139,1,0,0,0,3
"639205","Tokyo","Hospital","CL9","ZoneA","COM+TESICE","OHUFCU",63264.3764290836,1,0,1,0,3
"639208","Tokyo","Hospital","CL9","ZoneA","COM+TESICE","OHUFCU",29528.8752193372,1,0,1,1,3
"639209","Tokyo","Hospital","CL9","ZoneA","COM+TESICE","OHUFCU",47040.6096053596,0,1,0,0,3
"639210","Tokyo","Hospital","CL9","ZoneA","COM+TESICE","OHUFCU",59600.5559115994,1,1,0,0,3
"639213","Tokyo","Hospital","CL9","ZoneA","COM+TESICE","OHUFCU",95852.5124953249,1,1,1,0,3
"639216","Tokyo","Hospital","CL9","ZoneA","COM+TESICE","OHUFCU",44739.5049267131,1,1,1,1,3
"639233","Nigata","Hospital","CL1","ZoneC","EHP","MUL",290139.336943602,0,0,0,0,1
"639234","Nigata","Hospital","CL1","ZoneC","EHP","MUL",200183.174902494,1,0,0,0,1
"639249","Nigata","Hospital","CL1","ZoneC","EHP","MUL",95468.6263594519,0,0,0,0,2
"639250","Nigata","Hospital","CL1","ZoneC","EHP","MUL",65869.08527998,1,0,0,0,2
"639297","Nigata","Hospital","CL1","ZoneC","GHP","MUL",38828.7398354071,0,0,0,0,1
"639298","Nigata","Hospital","CL1","ZoneC","GHP","MUL",26790.0950612071,1,0,0,0,1
"639313","Nigata","Hospital","CL1","ZoneC","GHP","MUL",21591.4880652847,0,0,0,0,2
"642049","Nigata","Hospital","CL2","ZoneC","EHP","MUL",961708.003642368,0,0,0,0,1
"642050","Nigata","Hospital","CL2","ZoneC","EHP","MUL",790237.63832734,1,0,0,0,1
"642053","Nigata","Hospital","CL2","ZoneC","EHP","MUL",98309.6781223296,1,0,1,0,1
"642065","Nigata","Hospital","CL2","ZoneC","EHP","MUL",316444.309254329,0,0,0,0,2
"642066","Nigata","Hospital","CL2","ZoneC","EHP","MUL",260023.003510596,1,0,0,0,2
"642069","Nigata","Hospital","CL2","ZoneC","EHP","MUL",32348.2159539194,1,0,1,0,2
"642113","Nigata","Hospital","CL2","ZoneC","GHP","MUL",134780.121671335,0,0,0,0,1
"642114","Nigata","Hospital","CL2","ZoneC","GHP","MUL",110749.130338562,1,0,0,0,1
"642129","Nigata","Hospital","CL2","ZoneC","GHP","MUL",44348.5988906883,0,0,0,0,2
"642130","Nigata","Hospital","CL2","ZoneC","GHP","MUL",36441.3438567334,1,0,0,0,2
"642305","Nigata","Hospital","CL2","ZoneC","ABCH","FCU",54297.1303836248,0,0,0,0,1
"642561","Nigata","Hospital","CL2","ZoneC","AHP","CAV",42625.1837645516,0,0,0,0,1
"642562","Nigata","Hospital","CL2","ZoneC","AHP","CAV",34704.2009754619,1,0,0,0,1
"642689","Nigata","Hospital","CL2","ZoneC","AHP","FCU",44993.0228761075,0,0,0,0,1
"642690","Nigata","Hospital","CL2","ZoneC","AHP","FCU",36631.8530933744,1,0,0,0,1
"642705","Nigata","Hospital","CL2","ZoneC","AHP","FCU",38678.3660002732,0,0,0,0,2
"642706","Nigata","Hospital","CL2","ZoneC","AHP","FCU",31490.7382355299,1,0,0,0,2
"644865","Nigata","Hospital","CL3","ZoneC","EHP","MUL",179340.524360847,0,0,0,0,1
"644866","Nigata","Hospital","CL3","ZoneC","EHP","MUL",153115.41753638,1,0,0,0,1
"644869","Nigata","Hospital","CL3","ZoneC","EHP","MUL",26166.8784729314,1,0,1,0,1
"644881","Nigata","Hospital","CL3","ZoneC","EHP","MUL",79349.7518580022,0,0,0,0,2
"644882","Nigata","Hospital","CL3","ZoneC","EHP","MUL",67746.3748388511,1,0,0,0,2
"644929","Nigata","Hospital","CL3","ZoneC","GHP","MUL",53315.017343331,0,0,0,0,1
"644945","Nigata","Hospital","CL3","ZoneC","GHP","MUL",21868.1915944023,0,0,0,0,2
"645505","Nigata","Hospital","CL3","ZoneC","AHP","FCU",55172.3089073051,0,0,0,0,1
"645506","Nigata","Hospital","CL3","ZoneC","AHP","FCU",46390.4361944879,1,0,0,0,1
"647681","Nigata","Hospital","CL4","ZoneC","EHP","MUL",96244.9997028885,0,0,0,0,1
"647682","Nigata","Hospital","CL4","ZoneC","EHP","MUL",96818.139069684,1,0,0,0,1
"647697","Nigata","Hospital","CL4","ZoneC","EHP","MUL",50214.1598822266,0,0,0,0,2
"647698","Nigata","Hospital","CL4","ZoneC","EHP","MUL",50513.1854096608,1,0,0,0,2
"647746","Nigata","Hospital","CL4","ZoneC","GHP","MUL",24792.0095463815,1,0,0,0,1
"647762","Nigata","Hospital","CL4","ZoneC","GHP","MUL",12934.8011325967,1,0,0,0,2
"647809","Nigata","Hospital","CL4","ZoneC","ABCH","CAV",28535.2622334312,0,0,0,0,1
"647810","Nigata","Hospital","CL4","ZoneC","ABCH","CAV",28128.0140233464,1,0,0,0,1
"648193","Nigata","Hospital","CL4","ZoneC","AHP","CAV",35711.3115707384,0,0,0,0,1
"648194","Nigata","Hospital","CL4","ZoneC","AHP","CAV",35201.6485580775,1,0,0,0,1
"650497","Nigata","Hospital","CL5","ZoneC","EHP","MUL",57373.5578088796,0,0,0,0,1
"650498","Nigata","Hospital","CL5","ZoneC","EHP","MUL",66096.0164846261,1,0,0,0,1
"650513","Nigata","Hospital","CL5","ZoneC","EHP","MUL",48314.3948963088,0,0,0,0,2
"650514","Nigata","Hospital","CL5","ZoneC","EHP","MUL",55659.5958742673,1,0,0,0,2
"650562","Nigata","Hospital","CL5","ZoneC","GHP","MUL",18766.6066805306,1,0,0,0,1
"650578","Nigata","Hospital","CL5","ZoneC","GHP","MUL",15803.3993472605,1,0,0,0,2
"650625","Nigata","Hospital","CL5","ZoneC","ABCH","CAV",60167.295328759,0,0,0,0,1
"650626","Nigata","Hospital","CL5","ZoneC","ABCH","CAV",67241.9552937158,1,0,0,0,1
"650641","Nigata","Hospital","CL5","ZoneC","ABCH","CAV",50667.0071958932,0,0,0,0,2
"650642","Nigata","Hospital","CL5","ZoneC","ABCH","CAV",56624.593379456,1,0,0,0,2
"651009","Nigata","Hospital","CL5","ZoneC","AHP","CAV",45611.0492413285,0,0,0,0,1
"651010","Nigata","Hospital","CL5","ZoneC","AHP","CAV",50974.1399746601,1,0,0,0,1
"651025","Nigata","Hospital","CL5","ZoneC","AHP","CAV",38409.1614471827,0,0,0,0,2
"651026","Nigata","Hospital","CL5","ZoneC","AHP","CAV",42925.4315453011,1,0,0,0,2
"653313","Nigata","Hospital","CL6","ZoneC","EHP","MUL",40285.5481773909,0,0,0,0,1
"653314","Nigata","Hospital","CL6","ZoneC","EHP","MUL",52238.1636887594,1,0,0,0,1
"653329","Nigata","Hospital","CL6","ZoneC","EHP","MUL",33924.5456895039,0,0,0,0,2
"653330","Nigata","Hospital","CL6","ZoneC","EHP","MUL",43989.8685998191,1,0,0,0,2
"653378","Nigata","Hospital","CL6","ZoneC","GHP","MUL",16231.6354929177,1,0,0,0,1
"653394","Nigata","Hospital","CL6","ZoneC","GHP","MUL",13668.6947257155,1,0,0,0,2
"653441","Nigata","Hospital","CL6","ZoneC","ABCH","CAV",38656.0508695701,0,0,0,0,1
"653442","Nigata","Hospital","CL6","ZoneC","ABCH","CAV",50125.198842867,1,0,0,0,1
"653458","Nigata","Hospital","CL6","ZoneC","ABCH","CAV",74762.8789604297,1,0,0,0,2
"653569","Nigata","Hospital","CL6","ZoneC","ABCH","FCU",35991.9324274825,0,0,0,0,1
"653570","Nigata","Hospital","CL6","ZoneC","ABCH","FCU",46670.6435107363,1,0,0,0,1
"653586","Nigata","Hospital","CL6","ZoneC","ABCH","FCU",69610.3307786691,1,0,0,0,2
"653761","Nigata","Hospital","CL6","ZoneC","ABCH","OHUFCU",38130.5340128065,0,0,0,0,1
"653762","Nigata","Hospital","CL6","ZoneC","ABCH","OHUFCU",43030.8062036165,1,0,0,0,1
"653778","Nigata","Hospital","CL6","ZoneC","ABCH","OHUFCU",68346.1369886152,1,0,0,0,2
"653825","Nigata","Hospital","CL6","ZoneC","AHP","CAV",46023.117867452,0,0,0,0,1
"653826","Nigata","Hospital","CL6","ZoneC","AHP","CAV",57079.8926898748,1,0,0,0,1
"653841","Nigata","Hospital","CL6","ZoneC","AHP","CAV",38756.165312504,0,0,0,0,2
"653842","Nigata","Hospital","CL6","ZoneC","AHP","CAV",48067.0988758295,1,0,0,0,2
"656130","Nigata","Hospital","CL7","ZoneC","EHP","MUL",70371.5112049551,1,0,0,0,1
"656146","Nigata","Hospital","CL7","ZoneC","EHP","MUL",59259.9990597062,1,0,0,0,2
"656194","Nigata","Hospital","CL7","ZoneC","GHP","MUL",9457.03684973155,1,0,0,0,1
"656210","Nigata","Hospital","CL7","ZoneC","GHP","MUL",7963.7908185669,1,0,0,0,2
"656257","Nigata","Hospital","CL7","ZoneC","ABCH","CAV",42552.585265892,0,0,0,0,1
"656258","Nigata","Hospital","CL7","ZoneC","ABCH","CAV",61309.2088100957,1,0,0,0,1
"656273","Nigata","Hospital","CL7","ZoneC","ABCH","CAV",41074.4562297058,0,0,0,0,2
"656274","Nigata","Hospital","CL7","ZoneC","ABCH","CAV",59179.5398096922,1,0,0,0,2
"656577","Nigata","Hospital","CL7","ZoneC","ABCH","OHUFCU",41636.6763565438,0,0,0,0,1
"656578","Nigata","Hospital","CL7","ZoneC","ABCH","OHUFCU",54407.5889243584,1,0,0,0,1
"656581","Nigata","Hospital","CL7","ZoneC","ABCH","OHUFCU",32662.3222976175,1,0,1,0,1
"656593","Nigata","Hospital","CL7","ZoneC","ABCH","OHUFCU",40190.3628151144,0,0,0,0,2
"656594","Nigata","Hospital","CL7","ZoneC","ABCH","OHUFCU",52517.6582309482,1,0,0,0,2
"656597","Nigata","Hospital","CL7","ZoneC","ABCH","OHUFCU",31527.7466501992,1,0,1,0,2
"656962","Nigata","Hospital","CL7","ZoneC","AHP","OHUFCU",63999.0723077846,1,0,0,0,1
"657730","Nigata","Hospital","CL7","ZoneC","AB","OHUFCU",68636.7375980206,1,0,0,0,1
"657746","Nigata","Hospital","CL7","ZoneC","AB","OHUFCU",66252.5356944517,1,0,0,0,2
"658113","Nigata","Hospital","CL7","ZoneC","COM","OHUFCU",43041.7810088586,0,0,0,0,1
"658114","Nigata","Hospital","CL7","ZoneC","COM","OHUFCU",58754.0762580191,1,0,0,0,1
"658117","Nigata","Hospital","CL7","ZoneC","COM","OHUFCU",34585.6144969615,1,0,1,0,1
"658129","Nigata","Hospital","CL7","ZoneC","COM","OHUFCU",41546.6590114331,0,0,0,0,2
"658130","Nigata","Hospital","CL7","ZoneC","COM","OHUFCU",56713.1636890505,1,0,0,0,2
"658133","Nigata","Hospital","CL7","ZoneC","COM","OHUFCU",33384.2303577169,1,0,1,0,2
"658978","Nigata","Hospital","CL8","ZoneA","EHP","MUL",32205.2295390773,1,0,0,0,3
"659425","Nigata","Hospital","CL8","ZoneA","ABCH","OHUFCU",47350.7095857446,0,0,0,0,3
"659426","Nigata","Hospital","CL8","ZoneA","ABCH","OHUFCU",71911.4801634458,1,0,0,0,3
"659429","Nigata","Hospital","CL8","ZoneA","ABCH","OHUFCU",68155.4448703164,1,0,1,0,3
"659434","Nigata","Hospital","CL8","ZoneA","ABCH","OHUFCU",34057.8556266057,1,1,0,0,3
"659437","Nigata","Hospital","CL8","ZoneA","ABCH","OHUFCU",32318.2817218453,1,1,1,0,3
"660578","Nigata","Hospital","CL8","ZoneA","AB","OHUFCU",81364.8029292913,1,0,0,0,3
"660581","Nigata","Hospital","CL8","ZoneA","AB","OHUFCU",77115.007615298,1,0,1,0,3
"660642","Nigata","Hospital","CL8","ZoneA","COM","CAV",59786.0901945388,1,0,0,0,3
"660645","Nigata","Hospital","CL8","ZoneA","COM","CAV",57734.3580068564,1,0,1,0,3
"660706","Nigata","Hospital","CL8","ZoneA","COM","VAV",87613.1933682358,1,0,0,0,3
"660770","Nigata","Hospital","CL8","ZoneA","COM","FCU",79974.6679668826,1,0,0,0,3
"660834","Nigata","Hospital","CL8","ZoneA","COM","CAVFCU",71010.1583005835,1,0,0,0,3
"660837","Nigata","Hospital","CL8","ZoneA","COM","CAVFCU",68573.2398306908,1,0,1,0,3
"660961","Nigata","Hospital","CL8","ZoneA","COM","OHUFCU",67712.2924833347,0,0,0,0,3
"660962","Nigata","Hospital","CL8","ZoneA","COM","OHUFCU",91526.1234628564,1,0,0,0,3
"660965","Nigata","Hospital","CL8","ZoneA","COM","OHUFCU",83718.7511632306,1,0,1,0,3
"661729","Nigata","Hospital","CL8","ZoneA","COM+TESICE","OHUFCU",56068.9898133798,0,0,0,0,3
"661730","Nigata","Hospital","CL8","ZoneA","COM+TESICE","OHUFCU",85151.9245228627,1,0,0,0,3
"661733","Nigata","Hospital","CL8","ZoneA","COM+TESICE","OHUFCU",80704.3226509665,1,0,1,0,3
"661797","Nigata","Hospital","CL9","ZoneA","EHP","MUL",17429.5288230412,1,0,1,0,3
"662253","Nigata","Hospital","CL9","ZoneA","ABCH","OHUFCU",51535.1722942685,1,1,1,0,3
"663405","Nigata","Hospital","CL9","ZoneA","AB","OHUFCU",139546.988635954,1,1,1,0,3
"663653","Nigata","Hospital","CL9","ZoneA","COM","CAVFCU",64198.5877724855,1,0,1,0,3
"663661","Nigata","Hospital","CL9","ZoneA","COM","CAVFCU",97372.1721892904,1,1,1,0,3
"663725","Nigata","Hospital","CL9","ZoneA","COM","VAVFCU",86886.7621618942,1,1,1,0,3
"663778","Nigata","Hospital","CL9","ZoneA","COM","OHUFCU",34683.5672546226,1,0,0,0,3
"663781","Nigata","Hospital","CL9","ZoneA","COM","OHUFCU",57373.7066692796,1,0,1,0,3
"663785","Nigata","Hospital","CL9","ZoneA","COM","OHUFCU",40215.2030363867,0,1,0,0,3
"663786","Nigata","Hospital","CL9","ZoneA","COM","OHUFCU",52655.5652011867,1,1,0,0,3
"663789","Nigata","Hospital","CL9","ZoneA","COM","OHUFCU",87572.5395882869,1,1,1,0,3
"663792","Nigata","Hospital","CL9","ZoneA","COM","OHUFCU",33833.3932591405,1,1,1,1,3
"664549","Nigata","Hospital","CL9","ZoneA","COM+TESICE","OHUFCU",56276.4069153501,1,0,1,0,3
"664554","Nigata","Hospital","CL9","ZoneA","COM+TESICE","OHUFCU",48022.6634208318,1,1,0,0,3
"664557","Nigata","Hospital","CL9","ZoneA","COM+TESICE","OHUFCU",85630.7120061412,1,1,1,0,3
"664577","Nagoya","Hospital","CL1","ZoneC","EHP","MUL",86457.8652215888,0,0,0,0,1
"664578","Nagoya","Hospital","CL1","ZoneC","EHP","MUL",60281.1249571197,1,0,0,0,1
"664593","Nagoya","Hospital","CL1","ZoneC","EHP","MUL",55820.0341636255,0,0,0,0,2
"664641","Nagoya","Hospital","CL1","ZoneC","GHP","MUL",22904.0466805951,0,0,0,0,1
"667393","Nagoya","Hospital","CL2","ZoneC","EHP","MUL",575286.134199775,0,0,0,0,1
"667394","Nagoya","Hospital","CL2","ZoneC","EHP","MUL",469406.23942902,1,0,0,0,1
"667397","Nagoya","Hospital","CL2","ZoneC","EHP","MUL",58777.6137433077,1,0,1,0,1
"667409","Nagoya","Hospital","CL2","ZoneC","EHP","MUL",218433.122765444,0,0,0,0,2
"667410","Nagoya","Hospital","CL2","ZoneC","EHP","MUL",178231.08298393,1,0,0,0,2
"667457","Nagoya","Hospital","CL2","ZoneC","GHP","MUL",97480.0522913099,0,0,0,0,1
"667458","Nagoya","Hospital","CL2","ZoneC","GHP","MUL",79539.1059251885,1,0,0,0,1
"667473","Nagoya","Hospital","CL2","ZoneC","GHP","MUL",35041.1410922234,0,0,0,0,2
"667474","Nagoya","Hospital","CL2","ZoneC","GHP","MUL",28591.9115507317,1,0,0,0,2
"667905","Nagoya","Hospital","CL2","ZoneC","AHP","CAV",58834.7477357152,0,0,0,0,1
"668033","Nagoya","Hospital","CL2","ZoneC","AHP","FCU",32935.7536935468,0,0,0,0,1
"668034","Nagoya","Hospital","CL2","ZoneC","AHP","FCU",26632.8105322649,1,0,0,0,1
"670209","Nagoya","Hospital","CL3","ZoneC","EHP","MUL",542052.998841172,0,0,0,0,1
"670210","Nagoya","Hospital","CL3","ZoneC","EHP","MUL",473279.379273854,1,0,0,0,1
"670213","Nagoya","Hospital","CL3","ZoneC","EHP","MUL",78079.5581295998,1,0,1,0,1
"670225","Nagoya","Hospital","CL3","ZoneC","EHP","MUL",178359.321278269,0,0,0,0,2
"670226","Nagoya","Hospital","CL3","ZoneC","EHP","MUL",155729.770046008,1,0,0,0,2
"670229","Nagoya","Hospital","CL3","ZoneC","EHP","MUL",25691.6150698821,1,0,1,0,2
"670273","Nagoya","Hospital","CL3","ZoneC","GHP","MUL",98686.4826450515,0,0,0,0,1
"670274","Nagoya","Hospital","CL3","ZoneC","GHP","MUL",86165.5176686061,1,0,0,0,1
"670289","Nagoya","Hospital","CL3","ZoneC","GHP","MUL",32472.2012451565,0,0,0,0,2
"670290","Nagoya","Hospital","CL3","ZoneC","GHP","MUL",28352.2520525091,1,0,0,0,2
"670465","Nagoya","Hospital","CL3","ZoneC","ABCH","FCU",52928.001194192,0,0,0,0,1
"670466","Nagoya","Hospital","CL3","ZoneC","ABCH","FCU",45528.4083196618,1,0,0,0,1
"670721","Nagoya","Hospital","CL3","ZoneC","AHP","CAV",46556.9423827557,0,0,0,0,1
"670722","Nagoya","Hospital","CL3","ZoneC","AHP","CAV",40048.4348227101,1,0,0,0,1
"670849","Nagoya","Hospital","CL3","ZoneC","AHP","FCU",48499.0320831127,0,0,0,0,1
"670850","Nagoya","Hospital","CL3","ZoneC","AHP","FCU",41718.2500311178,1,0,0,0,1
"670865","Nagoya","Hospital","CL3","ZoneC","AHP","FCU",48693.2485747977,0,0,0,0,2
"670866","Nagoya","Hospital","CL3","ZoneC","AHP","FCU",41885.6947835665,1,0,0,0,2
"673025","Nagoya","Hospital","CL4","ZoneC","EHP","MUL",256364.704997825,0,0,0,0,1
"673026","Nagoya","Hospital","CL4","ZoneC","EHP","MUL",259785.970289818,1,0,0,0,1
"673029","Nagoya","Hospital","CL4","ZoneC","EHP","MUL",52712.8235825864,1,0,1,0,1
"673041","Nagoya","Hospital","CL4","ZoneC","EHP","MUL",92970.2205786736,0,0,0,0,2
"673042","Nagoya","Hospital","CL4","ZoneC","EHP","MUL",94210.9365690339,1,0,0,0,2
"673089","Nagoya","Hospital","CL4","ZoneC","GHP","MUL",43276.0662698677,0,0,0,0,1
"673090","Nagoya","Hospital","CL4","ZoneC","GHP","MUL",43853.5985924406,1,0,0,0,1
"673106","Nagoya","Hospital","CL4","ZoneC","GHP","MUL",28669.4989627719,1,0,0,0,2
"673153","Nagoya","Hospital","CL4","ZoneC","ABCH","CAV",40243.6087036075,0,0,0,0,1
"673154","Nagoya","Hospital","CL4","ZoneC","ABCH","CAV",39940.6438794087,1,0,0,0,1
"673281","Nagoya","Hospital","CL4","ZoneC","ABCH","FCU",34593.1151447507,0,0,0,0,1
"673282","Nagoya","Hospital","CL4","ZoneC","ABCH","FCU",34330.4659251852,1,0,0,0,1
"673537","Nagoya","Hospital","CL4","ZoneC","AHP","CAV",49336.1789996308,0,0,0,0,1
"673538","Nagoya","Hospital","CL4","ZoneC","AHP","CAV",48964.7628349586,1,0,0,0,1
"673553","Nagoya","Hospital","CL4","ZoneC","AHP","CAV",54812.7923430329,0,0,0,0,2
"673554","Nagoya","Hospital","CL4","ZoneC","AHP","CAV",54398.5213800881,1,0,0,0,2
"673665","Nagoya","Hospital","CL4","ZoneC","AHP","FCU",42409.0228464843,0,0,0,0,1
"673666","Nagoya","Hospital","CL4","ZoneC","AHP","FCU",42087.0311233753,1,0,0,0,1
"675841","Nagoya","Hospital","CL5","ZoneC","EHP","MUL",136228.174546724,0,0,0,0,1
"675842","Nagoya","Hospital","CL5","ZoneC","EHP","MUL",150231.513741541,1,0,0,0,1
"675845","Nagoya","Hospital","CL5","ZoneC","EHP","MUL",47071.9609363337,1,0,1,0,1
"675857","Nagoya","Hospital","CL5","ZoneC","EHP","MUL",114718.03514397,0,0,0,0,2
"675858","Nagoya","Hospital","CL5","ZoneC","EHP","MUL",126510.276823999,1,0,0,0,2
"675861","Nagoya","Hospital","CL5","ZoneC","EHP","MUL",39639.3982886252,1,0,1,0,2
"675906","Nagoya","Hospital","CL5","ZoneC","GHP","MUL",59943.4454774422,1,0,0,0,1
"675922","Nagoya","Hospital","CL5","ZoneC","GHP","MUL",50478.5027606266,1,0,0,0,2
"675969","Nagoya","Hospital","CL5","ZoneC","ABCH","CAV",52222.0507067099,0,0,0,0,1
"675970","Nagoya","Hospital","CL5","ZoneC","ABCH","CAV",57590.1259373165,1,0,0,0,1
"675985","Nagoya","Hospital","CL5","ZoneC","ABCH","CAV",58565.7983343741,0,0,0,0,2
"675986","Nagoya","Hospital","CL5","ZoneC","ABCH","CAV",62441.4227201898,1,0,0,0,2
"676097","Nagoya","Hospital","CL5","ZoneC","ABCH","FCU",57191.055528816,0,0,0,0,1
"676098","Nagoya","Hospital","CL5","ZoneC","ABCH","FCU",63069.9110015874,1,0,0,0,1
"676113","Nagoya","Hospital","CL5","ZoneC","ABCH","FCU",64147.0393986193,0,0,0,0,2
"676114","Nagoya","Hospital","CL5","ZoneC","ABCH","FCU",68374.1964598965,1,0,0,0,2
"676289","Nagoya","Hospital","CL5","ZoneC","ABCH","OHUFCU",36377.7769411958,0,0,0,0,1
"676290","Nagoya","Hospital","CL5","ZoneC","ABCH","OHUFCU",34615.244743037,1,0,0,0,1
"676353","Nagoya","Hospital","CL5","ZoneC","AHP","CAV",44521.9864661992,0,0,0,0,1
"676354","Nagoya","Hospital","CL5","ZoneC","AHP","CAV",47468.2537648741,1,0,0,0,1
"676481","Nagoya","Hospital","CL5","ZoneC","AHP","FCU",48764.8713272268,0,0,0,0,1
"676482","Nagoya","Hospital","CL5","ZoneC","AHP","FCU",51978.3753658497,1,0,0,0,1
"676497","Nagoya","Hospital","CL5","ZoneC","AHP","FCU",78557.040845981,0,0,0,0,2
"676498","Nagoya","Hospital","CL5","ZoneC","AHP","FCU",83744.2378722575,1,0,0,0,2
"678657","Nagoya","Hospital","CL6","ZoneC","EHP","MUL",70838.7973332419,0,0,0,0,1
"678658","Nagoya","Hospital","CL6","ZoneC","EHP","MUL",89044.2848446649,1,0,0,0,1
"678661","Nagoya","Hospital","CL6","ZoneC","EHP","MUL",39708.9647851906,1,0,1,0,1
"678673","Nagoya","Hospital","CL6","ZoneC","EHP","MUL",59653.5017008852,0,0,0,0,2
"678674","Nagoya","Hospital","CL6","ZoneC","EHP","MUL",74984.3814039835,1,0,0,0,2
"678677","Nagoya","Hospital","CL6","ZoneC","EHP","MUL",33439.0035902286,1,0,1,0,2
"678722","Nagoya","Hospital","CL6","ZoneC","GHP","MUL",38669.4654113213,1,0,0,0,1
"678738","Nagoya","Hospital","CL6","ZoneC","GHP","MUL",32563.6389595238,1,0,0,0,2
"678785","Nagoya","Hospital","CL6","ZoneC","ABCH","CAV",48092.5616806991,0,0,0,0,1
"678786","Nagoya","Hospital","CL6","ZoneC","ABCH","CAV",60452.2934100723,1,0,0,0,1
"678789","Nagoya","Hospital","CL6","ZoneC","ABCH","CAV",26958.4734651097,1,0,1,0,1
"678801","Nagoya","Hospital","CL6","ZoneC","ABCH","CAV",50557.2442710942,0,0,0,0,2
"678802","Nagoya","Hospital","CL6","ZoneC","ABCH","CAV",63550.3965243642,1,0,0,0,2
"678913","Nagoya","Hospital","CL6","ZoneC","ABCH","FCU",59364.4521699251,0,0,0,0,1
"678914","Nagoya","Hospital","CL6","ZoneC","ABCH","FCU",74621.0464838842,1,0,0,0,1
"678929","Nagoya","Hospital","CL6","ZoneC","ABCH","FCU",49990.9312665441,0,0,0,0,2
"678930","Nagoya","Hospital","CL6","ZoneC","ABCH","FCU",62838.5417444027,1,0,0,0,2
"678977","Nagoya","Hospital","CL6","ZoneC","ABCH","CAVFCU",35368.5196016272,0,0,0,0,1
"678978","Nagoya","Hospital","CL6","ZoneC","ABCH","CAVFCU",44458.1874975387,1,0,0,0,1
"678994","Nagoya","Hospital","CL6","ZoneC","ABCH","CAVFCU",67222.2396057189,1,0,0,0,2
"679105","Nagoya","Hospital","CL6","ZoneC","ABCH","OHUFCU",49905.6911429148,0,0,0,0,1
"679106","Nagoya","Hospital","CL6","ZoneC","ABCH","OHUFCU",53022.0152087138,1,0,0,0,1
"679109","Nagoya","Hospital","CL6","ZoneC","ABCH","OHUFCU",28658.0809986386,1,0,1,0,1
"679121","Nagoya","Hospital","CL6","ZoneC","ABCH","OHUFCU",53726.8681888487,0,0,0,0,2
"679122","Nagoya","Hospital","CL6","ZoneC","ABCH","OHUFCU",57081.8028362307,1,0,0,0,2
"679169","Nagoya","Hospital","CL6","ZoneC","AHP","CAV",67837.6639234459,0,0,0,0,1
"679170","Nagoya","Hospital","CL6","ZoneC","AHP","CAV",81467.4543934043,1,0,0,0,1
"679173","Nagoya","Hospital","CL6","ZoneC","AHP","CAV",38294.3846550165,1,0,1,0,1
"679185","Nagoya","Hospital","CL6","ZoneC","AHP","CAV",57126.2408818787,0,0,0,0,2
"679186","Nagoya","Hospital","CL6","ZoneC","AHP","CAV",68603.9163872589,1,0,0,0,2
"679189","Nagoya","Hospital","CL6","ZoneC","AHP","CAV",32247.7826579418,1,0,1,0,2
"680321","Nagoya","Hospital","CL6","ZoneC","COM","CAV",34586.4728301973,0,0,0,0,1
"680322","Nagoya","Hospital","CL6","ZoneC","COM","CAV",41535.5089630228,1,0,0,0,1
"680338","Nagoya","Hospital","CL6","ZoneC","COM","CAV",64102.4825564862,1,0,0,0,2
"681473","Nagoya","Hospital","CL7","ZoneC","EHP","MUL",51213.3747192863,0,0,0,0,1
"681474","Nagoya","Hospital","CL7","ZoneC","EHP","MUL",71211.6983640177,1,0,0,0,1
"681477","Nagoya","Hospital","CL7","ZoneC","EHP","MUL",44270.1416566449,1,0,1,0,1
"681489","Nagoya","Hospital","CL7","ZoneC","EHP","MUL",43126.8916319021,0,0,0,0,2
"681490","Nagoya","Hospital","CL7","ZoneC","EHP","MUL",59967.5224509692,1,0,0,0,2
"681493","Nagoya","Hospital","CL7","ZoneC","EHP","MUL",37279.980321939,1,0,1,0,2
"681538","Nagoya","Hospital","CL7","ZoneC","GHP","MUL",27551.5656712098,1,0,0,0,1
"681554","Nagoya","Hospital","CL7","ZoneC","GHP","MUL",23201.2319731789,1,0,0,0,2
"681601","Nagoya","Hospital","CL7","ZoneC","ABCH","CAV",44228.8133682172,0,0,0,0,1
"681602","Nagoya","Hospital","CL7","ZoneC","ABCH","CAV",61499.7338847466,1,0,0,0,1
"681618","Nagoya","Hospital","CL7","ZoneC","ABCH","CAV",89034.2342165528,1,0,0,0,2
"681730","Nagoya","Hospital","CL7","ZoneC","ABCH","FCU",97354.7312445108,1,0,0,0,1
"681746","Nagoya","Hospital","CL7","ZoneC","ABCH","FCU",81982.6259692633,1,0,0,0,2
"681794","Nagoya","Hospital","CL7","ZoneC","ABCH","CAVFCU",92779.452417313,1,0,0,0,1
"681810","Nagoya","Hospital","CL7","ZoneC","ABCH","CAVFCU",78129.7739506678,1,0,0,0,2
"681921","Nagoya","Hospital","CL7","ZoneC","ABCH","OHUFCU",53919.4831550823,0,0,0,0,1
"681922","Nagoya","Hospital","CL7","ZoneC","ABCH","OHUFCU",63480.9448593134,1,0,0,0,1
"681925","Nagoya","Hospital","CL7","ZoneC","ABCH","OHUFCU",42284.0711149715,1,0,1,0,1
"681937","Nagoya","Hospital","CL7","ZoneC","ABCH","OHUFCU",45405.7112936497,0,0,0,0,2
"681938","Nagoya","Hospital","CL7","ZoneC","ABCH","OHUFCU",53457.4385039965,1,0,0,0,2
"681941","Nagoya","Hospital","CL7","ZoneC","ABCH","OHUFCU",35607.5061002432,1,0,1,0,2
"682305","Nagoya","Hospital","CL7","ZoneC","AHP","OHUFCU",45437.3600013146,0,0,0,0,1
"682306","Nagoya","Hospital","CL7","ZoneC","AHP","OHUFCU",59556.2566075421,1,0,0,0,1
"682322","Nagoya","Hospital","CL7","ZoneC","AHP","OHUFCU",88415.3475601062,1,0,0,0,2
"683073","Nagoya","Hospital","CL7","ZoneC","AB","OHUFCU",45401.898379695,0,0,0,0,1
"683074","Nagoya","Hospital","CL7","ZoneC","AB","OHUFCU",59509.7758824993,1,0,0,0,1
"683090","Nagoya","Hospital","CL7","ZoneC","AB","OHUFCU",88346.3437359305,1,0,0,0,2
"683457","Nagoya","Hospital","CL7","ZoneC","COM","OHUFCU",75360.8354336419,0,0,0,0,1
"683458","Nagoya","Hospital","CL7","ZoneC","COM","OHUFCU",98777.9495356877,1,0,0,0,1
"683461","Nagoya","Hospital","CL7","ZoneC","COM","OHUFCU",62881.9066009596,1,0,1,0,1
"683473","Nagoya","Hospital","CL7","ZoneC","COM","OHUFCU",63461.5195903571,0,0,0,0,2
"683474","Nagoya","Hospital","CL7","ZoneC","COM","OHUFCU",83181.1211152787,1,0,0,0,2
"683477","Nagoya","Hospital","CL7","ZoneC","COM","OHUFCU",52952.9871142374,1,0,1,0,2
"684226","Nagoya","Hospital","CL7","ZoneC","COM+TESICE","OHUFCU",79054.1207700165,1,0,0,0,1
"684242","Nagoya","Hospital","CL7","ZoneC","COM+TESICE","OHUFCU",66571.6430169147,1,0,0,0,2
"684322","Nagoya","Hospital","CL8","ZoneA","EHP","MUL",53885.3046759074,1,0,0,0,3
"684386","Nagoya","Hospital","CL8","ZoneA","GHP","MUL",11575.6319916417,1,0,0,0,3
"684450","Nagoya","Hospital","CL8","ZoneA","ABCH","CAV",89907.2956340679,1,0,0,0,3
"684514","Nagoya","Hospital","CL8","ZoneA","ABCH","VAV",66864.3494662867,1,0,0,0,3
"684578","Nagoya","Hospital","CL8","ZoneA","ABCH","FCU",60943.0667457732,1,0,0,0,3
"684642","Nagoya","Hospital","CL8","ZoneA","ABCH","CAVFCU",54266.6102401945,1,0,0,0,3
"684645","Nagoya","Hospital","CL8","ZoneA","ABCH","CAVFCU",52271.2545976496,1,0,1,0,3
"684769","Nagoya","Hospital","CL8","ZoneA","ABCH","OHUFCU",51592.1936326265,0,0,0,0,3
"684770","Nagoya","Hospital","CL8","ZoneA","ABCH","OHUFCU",69710.250208626,1,0,0,0,3
"684773","Nagoya","Hospital","CL8","ZoneA","ABCH","OHUFCU",63634.971357639,1,0,1,0,3
"685154","Nagoya","Hospital","CL8","ZoneA","AHP","OHUFCU",66148.9349072759,1,0,0,0,3
"685602","Nagoya","Hospital","CL8","ZoneA","AB","CAV",71922.9347342483,1,0,0,0,3
"685794","Nagoya","Hospital","CL8","ZoneA","AB","CAVFCU",85226.8533428665,1,0,0,0,3
"685922","Nagoya","Hospital","CL8","ZoneA","AB","OHUFCU",76832.9558114009,1,0,0,0,3
"685925","Nagoya","Hospital","CL8","ZoneA","AB","OHUFCU",71111.0074617014,1,0,1,0,3
"685985","Nagoya","Hospital","CL8","ZoneA","COM","CAV",51423.5221124952,0,0,0,0,3
"685986","Nagoya","Hospital","CL8","ZoneA","COM","CAV",83666.4531817485,1,0,0,0,3
"685989","Nagoya","Hospital","CL8","ZoneA","COM","CAV",80590.0802756653,1,0,1,0,3
"686050","Nagoya","Hospital","CL8","ZoneA","COM","VAV",81703.0711218162,1,0,0,0,3
"686053","Nagoya","Hospital","CL8","ZoneA","COM","VAV",78698.8907749221,1,0,1,0,3
"686114","Nagoya","Hospital","CL8","ZoneA","COM","FCU",74467.7209373293,1,0,0,0,3
"686117","Nagoya","Hospital","CL8","ZoneA","COM","FCU",71729.5807346878,1,0,1,0,3
"686177","Nagoya","Hospital","CL8","ZoneA","COM","CAVFCU",45563.6103293934,0,0,0,0,3
"686178","Nagoya","Hospital","CL8","ZoneA","COM","CAVFCU",74132.3330999401,1,0,0,0,3
"686181","Nagoya","Hospital","CL8","ZoneA","COM","CAVFCU",71406.5249374024,1,0,1,0,3
"686186","Nagoya","Hospital","CL8","ZoneA","COM","CAVFCU",32840.2225265703,1,1,0,0,3
"686189","Nagoya","Hospital","CL8","ZoneA","COM","CAVFCU",31632.7042564816,1,1,1,0,3
"686242","Nagoya","Hospital","CL8","ZoneA","COM","VAVFCU",94465.3637547319,1,0,0,0,3
"686305","Nagoya","Hospital","CL8","ZoneA","COM","OHUFCU",78154.1389381092,0,0,0,0,3
"686306","Nagoya","Hospital","CL8","ZoneA","COM","OHUFCU",104101.007852775,1,0,0,0,3
"686309","Nagoya","Hospital","CL8","ZoneA","COM","OHUFCU",94583.0414958402,1,0,1,0,3
"686312","Nagoya","Hospital","CL8","ZoneA","COM","OHUFCU",44173.327674186,1,0,1,1,3
"686313","Nagoya","Hospital","CL8","ZoneA","COM","OHUFCU",34621.8607559522,0,1,0,0,3
"686314","Nagoya","Hospital","CL8","ZoneA","COM","OHUFCU",46116.1833193152,1,1,0,0,3
"686317","Nagoya","Hospital","CL8","ZoneA","COM","OHUFCU",41899.7757129234,1,1,1,0,3
"686754","Nagoya","Hospital","CL8","ZoneA","COM+TESICE","CAV",88811.5830703785,1,0,0,0,3
"686818","Nagoya","Hospital","CL8","ZoneA","COM+TESICE","VAV",66049.4644532692,1,0,0,0,3
"686946","Nagoya","Hospital","CL8","ZoneA","COM+TESICE","CAVFCU",105239.473242499,1,0,0,0,3
"687073","Nagoya","Hospital","CL8","ZoneA","COM+TESICE","OHUFCU",50170.3790804997,0,0,0,0,3
"687074","Nagoya","Hospital","CL8","ZoneA","COM+TESICE","OHUFCU",69075.4353631147,1,0,0,0,3
"687077","Nagoya","Hospital","CL8","ZoneA","COM+TESICE","OHUFCU",63437.7430688619,1,0,1,0,3
"687141","Nagoya","Hospital","CL9","ZoneA","EHP","MUL",46422.0430338581,1,0,1,0,3
"687597","Nagoya","Hospital","CL9","ZoneA","ABCH","OHUFCU",137131.286627446,1,1,1,0,3
"688621","Nagoya","Hospital","CL9","ZoneA","AB","CAVFCU",118633.325592031,1,1,1,0,3
"688741","Nagoya","Hospital","CL9","ZoneA","AB","OHUFCU",66903.6869704683,1,0,1,0,3
"688746","Nagoya","Hospital","CL9","ZoneA","AB","OHUFCU",59118.1897378128,1,1,0,0,3
"688749","Nagoya","Hospital","CL9","ZoneA","AB","OHUFCU",100249.464218879,1,1,1,0,3
"688813","Nagoya","Hospital","CL9","ZoneA","COM","CAV",105603.845830772,1,1,1,0,3
"688877","Nagoya","Hospital","CL9","ZoneA","COM","VAV",79404.1501516508,1,1,1,0,3
"688941","Nagoya","Hospital","CL9","ZoneA","COM","FCU",90884.9802933505,1,1,1,0,3
"688994","Nagoya","Hospital","CL9","ZoneA","COM","CAVFCU",41228.4113721001,1,0,0,0,3
"688997","Nagoya","Hospital","CL9","ZoneA","COM","CAVFCU",78929.6852703515,1,0,1,0,3
"689001","Nagoya","Hospital","CL9","ZoneA","COM","CAVFCU",39194.0393971576,0,1,0,0,3
"689002","Nagoya","Hospital","CL9","ZoneA","COM","CAVFCU",59467.0894324039,1,1,0,0,3
"689005","Nagoya","Hospital","CL9","ZoneA","COM","CAVFCU",113846.701743638,1,1,1,0,3
"689061","Nagoya","Hospital","CL9","ZoneA","COM","VAVFCU",55481.6458153066,1,0,1,0,3
"689066","Nagoya","Hospital","CL9","ZoneA","COM","VAVFCU",41800.9014258053,1,1,0,0,3
"689069","Nagoya","Hospital","CL9","ZoneA","COM","VAVFCU",80025.6882026873,1,1,1,0,3
"689121","Nagoya","Hospital","CL9","ZoneA","COM","OHUFCU",50391.4039797798,0,0,0,0,3
"689122","Nagoya","Hospital","CL9","ZoneA","COM","OHUFCU",63527.7336234784,1,0,0,0,3
"689125","Nagoya","Hospital","CL9","ZoneA","COM","OHUFCU",100696.636143127,1,0,1,0,3
"689128","Nagoya","Hospital","CL9","ZoneA","COM","OHUFCU",45171.3977141413,1,0,1,1,3
"689129","Nagoya","Hospital","CL9","ZoneA","COM","OHUFCU",72683.6185863283,0,1,0,0,3
"689130","Nagoya","Hospital","CL9","ZoneA","COM","OHUFCU",91631.2147642398,1,1,0,0,3
"689133","Nagoya","Hospital","CL9","ZoneA","COM","OHUFCU",145242.94455638,1,1,1,0,3
"689136","Nagoya","Hospital","CL9","ZoneA","COM","OHUFCU",65154.3791830731,1,1,1,1,3
"689765","Nagoya","Hospital","CL9","ZoneA","COM+TESICE","CAVFCU",57651.3775641507,1,0,1,0,3
"689773","Nagoya","Hospital","CL9","ZoneA","COM+TESICE","CAVFCU",85934.7577634137,1,1,1,0,3
"689837","Nagoya","Hospital","CL9","ZoneA","COM+TESICE","VAVFCU",76530.2431247225,1,1,1,0,3
"689890","Nagoya","Hospital","CL9","ZoneA","COM+TESICE","OHUFCU",31522.7356897372,1,0,0,0,3
"689893","Nagoya","Hospital","CL9","ZoneA","COM+TESICE","OHUFCU",51872.5083360473,1,0,1,0,3
"689897","Nagoya","Hospital","CL9","ZoneA","COM+TESICE","OHUFCU",35977.4425034504,0,1,0,0,3
"689898","Nagoya","Hospital","CL9","ZoneA","COM+TESICE","OHUFCU",47032.580817999,1,1,0,0,3
"689901","Nagoya","Hospital","CL9","ZoneA","COM+TESICE","OHUFCU",77815.6203146327,1,1,1,0,3
"689904","Nagoya","Hospital","CL9","ZoneA","COM+TESICE","OHUFCU",29643.3677400658,1,1,1,1,3
"689921","Osaka","Hospital","CL1","ZoneC","EHP","MUL",196193.795362955,0,0,0,0,1
"689922","Osaka","Hospital","CL1","ZoneC","EHP","MUL",137086.299569587,1,0,0,0,1
"689937","Osaka","Hospital","CL1","ZoneC","EHP","MUL",64556.403626129,0,0,0,0,2
"689938","Osaka","Hospital","CL1","ZoneC","EHP","MUL",45107.4330370884,1,0,0,0,2
"689985","Osaka","Hospital","CL1","ZoneC","GHP","MUL",61797.229493532,0,0,0,0,1
"690001","Osaka","Hospital","CL1","ZoneC","GHP","MUL",20334.0114950152,0,0,0,0,2
"692737","Osaka","Hospital","CL2","ZoneC","EHP","MUL",666432.893073483,0,0,0,0,1
"692738","Osaka","Hospital","CL2","ZoneC","EHP","MUL",541747.412516075,1,0,0,0,1
"692741","Osaka","Hospital","CL2","ZoneC","EHP","MUL",66426.917186677,1,0,1,0,1
"692753","Osaka","Hospital","CL2","ZoneC","EHP","MUL",249902.329471611,0,0,0,0,2
"692754","Osaka","Hospital","CL2","ZoneC","EHP","MUL",203147.146216953,1,0,0,0,2
"692801","Osaka","Hospital","CL2","ZoneC","GHP","MUL",121906.261543298,0,0,0,0,1
"692802","Osaka","Hospital","CL2","ZoneC","GHP","MUL",99098.3525078009,1,0,0,0,1
"692817","Osaka","Hospital","CL2","ZoneC","GHP","MUL",43330.6566041954,0,0,0,0,2
"692818","Osaka","Hospital","CL2","ZoneC","GHP","MUL",35223.7582237064,1,0,0,0,2
"693249","Osaka","Hospital","CL2","ZoneC","AHP","CAV",32859.9863198878,0,0,0,0,1
"693250","Osaka","Hospital","CL2","ZoneC","AHP","CAV",26480.7220410588,1,0,0,0,1
"693377","Osaka","Hospital","CL2","ZoneC","AHP","FCU",33584.1690472576,0,0,0,0,1
"693378","Osaka","Hospital","CL2","ZoneC","AHP","FCU",27064.2029742339,1,0,0,0,1
"695553","Osaka","Hospital","CL3","ZoneC","EHP","MUL",335644.720073235,0,0,0,0,1
"695554","Osaka","Hospital","CL3","ZoneC","EHP","MUL",294597.475503464,1,0,0,0,1
"695557","Osaka","Hospital","CL3","ZoneC","EHP","MUL",48242.212020364,1,0,1,0,1
"695569","Osaka","Hospital","CL3","ZoneC","EHP","MUL",118895.734586405,0,0,0,0,2
"695570","Osaka","Hospital","CL3","ZoneC","EHP","MUL",104355.531794578,1,0,0,0,2
"695617","Osaka","Hospital","CL3","ZoneC","GHP","MUL",64970.4013429754,0,0,0,0,1
"695618","Osaka","Hospital","CL3","ZoneC","GHP","MUL",57024.9286623999,1,0,0,0,1
"695633","Osaka","Hospital","CL3","ZoneC","GHP","MUL",40141.8390921087,0,0,0,0,2
"695681","Osaka","Hospital","CL3","ZoneC","ABCH","CAV",57010.9347405152,0,0,0,0,1
"696065","Osaka","Hospital","CL3","ZoneC","AHP","CAV",57906.7919302451,0,0,0,0,1
"696066","Osaka","Hospital","CL3","ZoneC","AHP","CAV",50089.1547349697,1,0,0,0,1
"696081","Osaka","Hospital","CL3","ZoneC","AHP","CAV",54294.5347349576,0,0,0,0,2
"698369","Osaka","Hospital","CL4","ZoneC","EHP","MUL",198119.451321807,0,0,0,0,1
"698370","Osaka","Hospital","CL4","ZoneC","EHP","MUL",203017.240159224,1,0,0,0,1
"698373","Osaka","Hospital","CL4","ZoneC","EHP","MUL",41030.2520458912,1,0,1,0,1
"698385","Osaka","Hospital","CL4","ZoneC","EHP","MUL",71857.989086009,0,0,0,0,2
"698386","Osaka","Hospital","CL4","ZoneC","EHP","MUL",73634.4186817736,1,0,0,0,2
"698433","Osaka","Hospital","CL4","ZoneC","GHP","MUL",37005.1054470819,0,0,0,0,1
"698434","Osaka","Hospital","CL4","ZoneC","GHP","MUL",37919.923205646,1,0,0,0,1
"698450","Osaka","Hospital","CL4","ZoneC","GHP","MUL",24653.6358729217,1,0,0,0,2
"698497","Osaka","Hospital","CL4","ZoneC","ABCH","CAV",53298.7111633547,0,0,0,0,1
"698498","Osaka","Hospital","CL4","ZoneC","ABCH","CAV",53509.0377637567,1,0,0,0,1
"698881","Osaka","Hospital","CL4","ZoneC","AHP","CAV",37665.6168456679,0,0,0,0,1
"698882","Osaka","Hospital","CL4","ZoneC","AHP","CAV",37815.3653015128,1,0,0,0,1
"698897","Osaka","Hospital","CL4","ZoneC","AHP","CAV",40007.3145401221,0,0,0,0,2
"698898","Osaka","Hospital","CL4","ZoneC","AHP","CAV",40165.1908240843,1,0,0,0,2
"699009","Osaka","Hospital","CL4","ZoneC","AHP","FCU",30622.1693217047,0,0,0,0,1
"699010","Osaka","Hospital","CL4","ZoneC","AHP","FCU",30741.8935584988,1,0,0,0,1
"701185","Osaka","Hospital","CL5","ZoneC","EHP","MUL",178079.282623747,0,0,0,0,1
"701186","Osaka","Hospital","CL5","ZoneC","EHP","MUL",204607.656571177,1,0,0,0,1
"701189","Osaka","Hospital","CL5","ZoneC","EHP","MUL",61395.7143130517,1,0,1,0,1
"701201","Osaka","Hospital","CL5","ZoneC","EHP","MUL",149960.942150314,0,0,0,0,2
"701202","Osaka","Hospital","CL5","ZoneC","EHP","MUL",172300.542199567,1,0,0,0,2
"701205","Osaka","Hospital","CL5","ZoneC","EHP","MUL",51701.4614318138,1,0,1,0,2
"701249","Osaka","Hospital","CL5","ZoneC","GHP","MUL",39435.3156818888,0,0,0,0,1
"701250","Osaka","Hospital","CL5","ZoneC","GHP","MUL",45309.9732261605,1,0,0,0,1
"701265","Osaka","Hospital","CL5","ZoneC","GHP","MUL",33208.5630990882,0,0,0,0,2
"701266","Osaka","Hospital","CL5","ZoneC","GHP","MUL",38155.6246953032,1,0,0,0,2
"701313","Osaka","Hospital","CL5","ZoneC","ABCH","CAV",64250.3101912061,0,0,0,0,1
"701314","Osaka","Hospital","CL5","ZoneC","ABCH","CAV",73821.6439807291,1,0,0,0,1
"701329","Osaka","Hospital","CL5","ZoneC","ABCH","CAV",54105.322684169,0,0,0,0,2
"701330","Osaka","Hospital","CL5","ZoneC","ABCH","CAV",62165.3631985091,1,0,0,0,2
"701441","Osaka","Hospital","CL5","ZoneC","ABCH","FCU",63040.2370266476,0,0,0,0,1
"701442","Osaka","Hospital","CL5","ZoneC","ABCH","FCU",72431.3068745138,1,0,0,0,1
"701457","Osaka","Hospital","CL5","ZoneC","ABCH","FCU",53086.3175020141,0,0,0,0,2
"701458","Osaka","Hospital","CL5","ZoneC","ABCH","FCU",60994.557368192,1,0,0,0,2
"701633","Osaka","Hospital","CL5","ZoneC","ABCH","OHUFCU",39664.5792415701,0,0,0,0,1
"701634","Osaka","Hospital","CL5","ZoneC","ABCH","OHUFCU",39358.9247643312,1,0,0,0,1
"701649","Osaka","Hospital","CL5","ZoneC","ABCH","OHUFCU",33401.6264296678,0,0,0,0,2
"701650","Osaka","Hospital","CL5","ZoneC","ABCH","OHUFCU",33144.2341451534,1,0,0,0,2
"701697","Osaka","Hospital","CL5","ZoneC","AHP","CAV",59815.4643073712,0,0,0,0,1
"701698","Osaka","Hospital","CL5","ZoneC","AHP","CAV",66564.438512152,1,0,0,0,1
"701713","Osaka","Hospital","CL5","ZoneC","AHP","CAV",50370.7295454686,0,0,0,0,2
"701714","Osaka","Hospital","CL5","ZoneC","AHP","CAV",56054.055058608,1,0,0,0,2
"701825","Osaka","Hospital","CL5","ZoneC","AHP","FCU",58696.8995103091,0,0,0,0,1
"701826","Osaka","Hospital","CL5","ZoneC","AHP","FCU",65302.7980076941,1,0,0,0,1
"701841","Osaka","Hospital","CL5","ZoneC","AHP","FCU",49428.7837539527,0,0,0,0,2
"701842","Osaka","Hospital","CL5","ZoneC","AHP","FCU",54991.6249099913,1,0,0,0,2
"704001","Osaka","Hospital","CL6","ZoneC","EHP","MUL",105068.507259889,0,0,0,0,1
"704002","Osaka","Hospital","CL6","ZoneC","EHP","MUL",134354.133932332,1,0,0,0,1
"704005","Osaka","Hospital","CL6","ZoneC","EHP","MUL",56661.8714418749,1,0,1,0,1
"704017","Osaka","Hospital","CL6","ZoneC","EHP","MUL",88478.4131364142,0,0,0,0,2
"704018","Osaka","Hospital","CL6","ZoneC","EHP","MUL",113139.901561999,1,0,0,0,2
"704021","Osaka","Hospital","CL6","ZoneC","EHP","MUL",47715.0822949823,1,0,1,0,2
"704066","Osaka","Hospital","CL6","ZoneC","GHP","MUL",61997.5921154696,1,0,0,0,1
"704082","Osaka","Hospital","CL6","ZoneC","GHP","MUL",52208.3040076607,1,0,0,0,2
"704129","Osaka","Hospital","CL6","ZoneC","ABCH","CAV",63739.5801696024,0,0,0,0,1
"704130","Osaka","Hospital","CL6","ZoneC","ABCH","CAV",81505.6415498026,1,0,0,0,1
"704133","Osaka","Hospital","CL6","ZoneC","ABCH","CAV",34373.800404299,1,0,1,0,1
"704145","Osaka","Hospital","CL6","ZoneC","ABCH","CAV",53675.2358481504,0,0,0,0,2
"704146","Osaka","Hospital","CL6","ZoneC","ABCH","CAV",68636.0738727745,1,0,0,0,2
"704149","Osaka","Hospital","CL6","ZoneC","ABCH","CAV",28946.2503328174,1,0,1,0,2
"704257","Osaka","Hospital","CL6","ZoneC","ABCH","FCU",61168.8079785103,0,0,0,0,1
"704258","Osaka","Hospital","CL6","ZoneC","ABCH","FCU",78218.3209217751,1,0,0,0,1
"704261","Osaka","Hospital","CL6","ZoneC","ABCH","FCU",32987.4214864212,1,0,1,0,1
"704273","Osaka","Hospital","CL6","ZoneC","ABCH","FCU",51510.3831255319,0,0,0,0,2
"704274","Osaka","Hospital","CL6","ZoneC","ABCH","FCU",65867.8141894134,1,0,0,0,2
"704277","Osaka","Hospital","CL6","ZoneC","ABCH","FCU",27778.7777013067,1,0,1,0,2
"704321","Osaka","Hospital","CL6","ZoneC","ABCH","CAVFCU",42214.5634336084,0,0,0,0,1
"704322","Osaka","Hospital","CL6","ZoneC","ABCH","CAVFCU",53980.9811461856,1,0,0,0,1
"704337","Osaka","Hospital","CL6","ZoneC","ABCH","CAVFCU",35548.9735341282,0,0,0,0,2
"704338","Osaka","Hospital","CL6","ZoneC","ABCH","CAVFCU",45457.498882584,1,0,0,0,2
"704449","Osaka","Hospital","CL6","ZoneC","ABCH","OHUFCU",60010.6590473049,0,0,0,0,1
"704450","Osaka","Hospital","CL6","ZoneC","ABCH","OHUFCU",64917.3744383891,1,0,0,0,1
"704453","Osaka","Hospital","CL6","ZoneC","ABCH","OHUFCU",33431.4106849336,1,0,1,0,1
"704465","Osaka","Hospital","CL6","ZoneC","ABCH","OHUFCU",50535.1034505741,0,0,0,0,2
"704466","Osaka","Hospital","CL6","ZoneC","ABCH","OHUFCU",54667.0589036129,1,0,0,0,2
"704469","Osaka","Hospital","CL6","ZoneC","ABCH","OHUFCU",28152.661948438,1,0,1,0,2
"704513","Osaka","Hospital","CL6","ZoneC","AHP","CAV",40606.0193832227,0,0,0,0,1
"704514","Osaka","Hospital","CL6","ZoneC","AHP","CAV",51924.0894246062,1,0,0,0,1
"704529","Osaka","Hospital","CL6","ZoneC","AHP","CAV",34194.4151726383,0,0,0,0,2
"704530","Osaka","Hospital","CL6","ZoneC","AHP","CAV",43725.38599486,1,0,0,0,2
"704641","Osaka","Hospital","CL6","ZoneC","AHP","FCU",38968.2799261449,0,0,0,0,1
"704642","Osaka","Hospital","CL6","ZoneC","AHP","FCU",49829.864693515,1,0,0,0,1
"704658","Osaka","Hospital","CL6","ZoneC","AHP","FCU",74777.106197688,1,0,0,0,2
"704833","Osaka","Hospital","CL6","ZoneC","AHP","OHUFCU",38636.0498690904,0,0,0,0,1
"704834","Osaka","Hospital","CL6","ZoneC","AHP","OHUFCU",42942.2619745398,1,0,0,0,1
"704850","Osaka","Hospital","CL6","ZoneC","AHP","OHUFCU",68697.2696815635,1,0,0,0,2
"705665","Osaka","Hospital","CL6","ZoneC","COM","CAV",35431.2540554619,0,0,0,0,1
"705666","Osaka","Hospital","CL6","ZoneC","COM","CAV",43387.4820223852,1,0,0,0,1
"705682","Osaka","Hospital","CL6","ZoneC","COM","CAV",66373.4250676654,1,0,0,0,2
"706817","Osaka","Hospital","CL7","ZoneC","EHP","MUL",55927.483210023,0,0,0,0,1
"706818","Osaka","Hospital","CL7","ZoneC","EHP","MUL",78252.1797258068,1,0,0,0,1
"706821","Osaka","Hospital","CL7","ZoneC","EHP","MUL",48595.7036082616,1,0,1,0,1
"706833","Osaka","Hospital","CL7","ZoneC","EHP","MUL",47096.6524050478,0,0,0,0,2
"706834","Osaka","Hospital","CL7","ZoneC","EHP","MUL",65896.3267602067,1,0,0,0,2
"706837","Osaka","Hospital","CL7","ZoneC","EHP","MUL",40922.545229192,1,0,1,0,2
"706882","Osaka","Hospital","CL7","ZoneC","GHP","MUL",40204.3889252728,1,0,0,0,1
"706898","Osaka","Hospital","CL7","ZoneC","GHP","MUL",33856.2013109073,1,0,0,0,2
"706945","Osaka","Hospital","CL7","ZoneC","ABCH","CAV",41647.7926675509,0,0,0,0,1
"706946","Osaka","Hospital","CL7","ZoneC","ABCH","CAV",58272.4336935703,1,0,0,0,1
"706949","Osaka","Hospital","CL7","ZoneC","ABCH","CAV",36188.0004650008,1,0,1,0,1
"706961","Osaka","Hospital","CL7","ZoneC","ABCH","CAV",35071.6946681702,0,0,0,0,2
"706962","Osaka","Hospital","CL7","ZoneC","ABCH","CAV",49071.3401880818,1,0,0,0,2
"706965","Osaka","Hospital","CL7","ZoneC","ABCH","CAV",30473.9920574222,1,0,1,0,2
"707073","Osaka","Hospital","CL7","ZoneC","ABCH","FCU",45853.1651632998,0,0,0,0,1
"707074","Osaka","Hospital","CL7","ZoneC","ABCH","FCU",64156.4739804454,1,0,0,0,1
"707090","Osaka","Hospital","CL7","ZoneC","ABCH","FCU",92639.3507911186,1,0,0,0,2
"707137","Osaka","Hospital","CL7","ZoneC","ABCH","CAVFCU",35227.2242198788,0,0,0,0,1
"707138","Osaka","Hospital","CL7","ZoneC","ABCH","CAVFCU",49288.9528131175,1,0,0,0,1
"707141","Osaka","Hospital","CL7","ZoneC","ABCH","CAVFCU",30609.1325565712,1,0,1,0,1
"707153","Osaka","Hospital","CL7","ZoneC","ABCH","CAVFCU",40408.6325016065,0,0,0,0,2
"707154","Osaka","Hospital","CL7","ZoneC","ABCH","CAVFCU",56538.635237981,1,0,0,0,2
"707265","Osaka","Hospital","CL7","ZoneC","ABCH","OHUFCU",62357.5337818046,0,0,0,0,1
"707266","Osaka","Hospital","CL7","ZoneC","ABCH","OHUFCU",73988.0215916452,1,0,0,0,1
"707269","Osaka","Hospital","CL7","ZoneC","ABCH","OHUFCU",49121.7167734253,1,0,1,0,1
"707281","Osaka","Hospital","CL7","ZoneC","ABCH","OHUFCU",52511.4116494226,0,0,0,0,2
"707282","Osaka","Hospital","CL7","ZoneC","ABCH","OHUFCU",62305.4701380591,1,0,0,0,2
"707285","Osaka","Hospital","CL7","ZoneC","ABCH","OHUFCU",41365.5020328649,1,0,1,0,2
"707649","Osaka","Hospital","CL7","ZoneC","AHP","OHUFCU",42316.5466737898,0,0,0,0,1
"707650","Osaka","Hospital","CL7","ZoneC","AHP","OHUFCU",55949.8227452242,1,0,0,0,1
"707653","Osaka","Hospital","CL7","ZoneC","AHP","OHUFCU",35525.5324764754,1,0,1,0,1
"707665","Osaka","Hospital","CL7","ZoneC","AHP","OHUFCU",35634.8538373043,0,0,0,0,2
"707666","Osaka","Hospital","CL7","ZoneC","AHP","OHUFCU",47115.4645750915,1,0,0,0,2
"707669","Osaka","Hospital","CL7","ZoneC","AHP","OHUFCU",29916.1263571567,1,0,1,0,2
"708418","Osaka","Hospital","CL7","ZoneC","AB","OHUFCU",81409.6225606729,1,0,0,0,1
"708434","Osaka","Hospital","CL7","ZoneC","AB","OHUFCU",68555.2160780771,1,0,0,0,2
"708482","Osaka","Hospital","CL7","ZoneC","COM","CAV",85571.7931245676,1,0,0,0,1
"708497","Osaka","Hospital","CL7","ZoneC","COM","CAV",40788.2449474689,0,0,0,0,2
"708498","Osaka","Hospital","CL7","ZoneC","COM","CAV",57069.7784190218,1,0,0,0,2
"708674","Osaka","Hospital","CL7","ZoneC","COM","CAVFCU",72379.7481263605,1,0,0,0,1
"708801","Osaka","Hospital","CL7","ZoneC","COM","OHUFCU",38526.5789354941,0,0,0,0,1
"708802","Osaka","Hospital","CL7","ZoneC","COM","OHUFCU",47171.4870883897,1,0,0,0,1
"708805","Osaka","Hospital","CL7","ZoneC","COM","OHUFCU",30905.9586821698,1,0,1,0,1
"708817","Osaka","Hospital","CL7","ZoneC","COM","OHUFCU",43192.117699652,0,0,0,0,2
"708818","Osaka","Hospital","CL7","ZoneC","COM","OHUFCU",54781.0047360149,1,0,0,0,2
"708821","Osaka","Hospital","CL7","ZoneC","COM","OHUFCU",35372.6794654493,1,0,1,0,2
"709569","Osaka","Hospital","CL7","ZoneC","COM+TESICE","OHUFCU",45237.2578417495,0,0,0,0,1
"709570","Osaka","Hospital","CL7","ZoneC","COM+TESICE","OHUFCU",59811.5100751725,1,0,0,0,1
"709586","Osaka","Hospital","CL7","ZoneC","COM+TESICE","OHUFCU",88461.7905937733,1,0,0,0,2
"709666","Osaka","Hospital","CL8","ZoneA","EHP","MUL",53128.9953864023,1,0,0,0,3
"709730","Osaka","Hospital","CL8","ZoneA","GHP","MUL",12102.8735154811,1,0,0,0,3
"709794","Osaka","Hospital","CL8","ZoneA","ABCH","CAV",88286.0261274682,1,0,0,0,3
"709858","Osaka","Hospital","CL8","ZoneA","ABCH","VAV",65296.6982547516,1,0,0,0,3
"709922","Osaka","Hospital","CL8","ZoneA","ABCH","FCU",57913.0398528208,1,0,0,0,3
"709986","Osaka","Hospital","CL8","ZoneA","ABCH","CAVFCU",103627.244532765,1,0,0,0,3
"710113","Osaka","Hospital","CL8","ZoneA","ABCH","OHUFCU",49255.7801304595,0,0,0,0,3
"710114","Osaka","Hospital","CL8","ZoneA","ABCH","OHUFCU",66739.7088575772,1,0,0,0,3
"710117","Osaka","Hospital","CL8","ZoneA","ABCH","OHUFCU",60599.5697909861,1,0,1,0,3
"710498","Osaka","Hospital","CL8","ZoneA","AHP","OHUFCU",66674.2973193678,1,0,0,0,3
"711138","Osaka","Hospital","CL8","ZoneA","AB","CAVFCU",105025.731784765,1,0,0,0,3
"711265","Osaka","Hospital","CL8","ZoneA","AB","OHUFCU",46784.4502433135,0,0,0,0,3
"711266","Osaka","Hospital","CL8","ZoneA","AB","OHUFCU",68498.1872541283,1,0,0,0,3
"711269","Osaka","Hospital","CL8","ZoneA","AB","OHUFCU",63695.6356532654,1,0,1,0,3
"711329","Osaka","Hospital","CL8","ZoneA","COM","CAV",50054.1811574857,0,0,0,0,3
"711330","Osaka","Hospital","CL8","ZoneA","COM","CAV",81660.2015859861,1,0,0,0,3
"711333","Osaka","Hospital","CL8","ZoneA","COM","CAV",78210.2451423112,1,0,1,0,3
"711394","Osaka","Hospital","CL8","ZoneA","COM","VAV",79305.7914684025,1,0,0,0,3
"711397","Osaka","Hospital","CL8","ZoneA","COM","VAV",75955.3034585355,1,0,1,0,3
"711458","Osaka","Hospital","CL8","ZoneA","COM","FCU",70338.0045948168,1,0,0,0,3
"711461","Osaka","Hospital","CL8","ZoneA","COM","FCU",67366.3850362783,1,0,1,0,3
"711521","Osaka","Hospital","CL8","ZoneA","COM","CAVFCU",43936.8647552881,0,0,0,0,3
"711522","Osaka","Hospital","CL8","ZoneA","COM","CAVFCU",71680.1903458262,1,0,0,0,3
"711525","Osaka","Hospital","CL8","ZoneA","COM","CAVFCU",68651.8665140875,1,0,1,0,3
"711530","Osaka","Hospital","CL8","ZoneA","COM","CAVFCU",31737.2775534931,1,1,0,0,3
"711533","Osaka","Hospital","CL8","ZoneA","COM","CAVFCU",30396.4502830009,1,1,1,0,3
"711586","Osaka","Hospital","CL8","ZoneA","COM","VAVFCU",90794.060497224,1,0,0,0,3
"711649","Osaka","Hospital","CL8","ZoneA","COM","OHUFCU",73961.4434186057,0,0,0,0,3
"711650","Osaka","Hospital","CL8","ZoneA","COM","OHUFCU",98786.5843824334,1,0,0,0,3
"711653","Osaka","Hospital","CL8","ZoneA","COM","OHUFCU",89278.7411440458,1,0,1,0,3
"711656","Osaka","Hospital","CL8","ZoneA","COM","OHUFCU",41861.6470325411,1,0,1,1,3
"711657","Osaka","Hospital","CL8","ZoneA","COM","OHUFCU",32747.3301439125,0,1,0,0,3
"711658","Osaka","Hospital","CL8","ZoneA","COM","OHUFCU",43738.9637496884,1,1,0,0,3
"711661","Osaka","Hospital","CL8","ZoneA","COM","OHUFCU",39529.2503220875,1,1,1,0,3
"712098","Osaka","Hospital","CL8","ZoneA","COM+TESICE","CAV",88071.3852304002,1,0,0,0,3
"712162","Osaka","Hospital","CL8","ZoneA","COM+TESICE","VAV",65137.9489882624,1,0,0,0,3
"712290","Osaka","Hospital","CL8","ZoneA","COM+TESICE","CAVFCU",103375.306081089,1,0,0,0,3
"712417","Osaka","Hospital","CL8","ZoneA","COM+TESICE","OHUFCU",48384.7427189257,0,0,0,0,3
"712418","Osaka","Hospital","CL8","ZoneA","COM+TESICE","OHUFCU",66782.9500663904,1,0,0,0,3
"712421","Osaka","Hospital","CL8","ZoneA","COM+TESICE","OHUFCU",60998.0282661325,1,0,1,0,3
"712485","Osaka","Hospital","CL9","ZoneA","EHP","MUL",34843.5754295672,1,0,1,0,3
"712941","Osaka","Hospital","CL9","ZoneA","ABCH","OHUFCU",104153.700261116,1,1,1,0,3
"713965","Osaka","Hospital","CL9","ZoneA","AB","CAVFCU",90708.6016015512,1,1,1,0,3
"714085","Osaka","Hospital","CL9","ZoneA","AB","OHUFCU",50085.7880660968,1,0,1,0,3
"714090","Osaka","Hospital","CL9","ZoneA","AB","OHUFCU",45041.5190915286,1,1,0,0,3
"714093","Osaka","Hospital","CL9","ZoneA","AB","OHUFCU",77057.5263572156,1,1,1,0,3
"714157","Osaka","Hospital","CL9","ZoneA","COM","CAV",82028.2263132321,1,1,1,0,3
"714221","Osaka","Hospital","CL9","ZoneA","COM","VAV",62616.4931185478,1,1,1,0,3
"714285","Osaka","Hospital","CL9","ZoneA","COM","FCU",69699.1153837983,1,1,1,0,3
"714338","Osaka","Hospital","CL9","ZoneA","COM","CAVFCU",31542.342633373,1,0,0,0,3
"714341","Osaka","Hospital","CL9","ZoneA","COM","CAVFCU",61003.9982529395,1,0,1,0,3
"714345","Osaka","Hospital","CL9","ZoneA","COM","CAVFCU",30729.5255157681,0,1,0,0,3
"714346","Osaka","Hospital","CL9","ZoneA","COM","CAVFCU",46752.3919406411,1,1,0,0,3
"714349","Osaka","Hospital","CL9","ZoneA","COM","CAVFCU",90420.7677095616,1,1,1,0,3
"714405","Osaka","Hospital","CL9","ZoneA","COM","VAVFCU",56724.4486539097,1,0,1,0,3
"714413","Osaka","Hospital","CL9","ZoneA","COM","VAVFCU",84077.5742914681,1,1,1,0,3
"714465","Osaka","Hospital","CL9","ZoneA","COM","OHUFCU",38235.4928714065,0,0,0,0,3
"714466","Osaka","Hospital","CL9","ZoneA","COM","OHUFCU",48334.7240181314,1,0,0,0,3
"714469","Osaka","Hospital","CL9","ZoneA","COM","OHUFCU",77217.2552569883,1,0,1,0,3
"714472","Osaka","Hospital","CL9","ZoneA","COM","OHUFCU",35385.566829567,1,0,1,1,3
"714473","Osaka","Hospital","CL9","ZoneA","COM","OHUFCU",56673.0496065386,0,1,0,0,3
"714474","Osaka","Hospital","CL9","ZoneA","COM","OHUFCU",71642.236212585,1,1,0,0,3
"714477","Osaka","Hospital","CL9","ZoneA","COM","OHUFCU",114452.227734526,1,1,1,0,3
"714480","Osaka","Hospital","CL9","ZoneA","COM","OHUFCU",52448.8592583892,1,1,1,1,3
"715109","Osaka","Hospital","CL9","ZoneA","COM+TESICE","CAVFCU",52841.5569494683,1,0,1,0,3
"715117","Osaka","Hospital","CL9","ZoneA","COM+TESICE","CAVFCU",80878.290273276,1,1,1,0,3
"715237","Osaka","Hospital","CL9","ZoneA","COM+TESICE","OHUFCU",61778.6854573884,1,0,1,0,3
"715241","Osaka","Hospital","CL9","ZoneA","COM+TESICE","OHUFCU",41446.9618555179,0,1,0,0,3
"715242","Osaka","Hospital","CL9","ZoneA","COM+TESICE","OHUFCU",55556.7946102071,1,1,0,0,3
"715245","Osaka","Hospital","CL9","ZoneA","COM+TESICE","OHUFCU",95047.1753916404,1,1,1,0,3
"715265","Hiroshima","Hospital","CL1","ZoneC","EHP","MUL",56027.5764543314,0,0,0,0,1
"715266","Hiroshima","Hospital","CL1","ZoneC","EHP","MUL",38008.6145795981,1,0,0,0,1
"715281","Hiroshima","Hospital","CL1","ZoneC","EHP","MUL",35310.9797769778,0,0,0,0,2
"715329","Hiroshima","Hospital","CL1","ZoneC","GHP","MUL",13277.6423163813,0,0,0,0,1
"718081","Hiroshima","Hospital","CL2","ZoneC","EHP","MUL",309393.634577529,0,0,0,0,1
"718082","Hiroshima","Hospital","CL2","ZoneC","EHP","MUL",253221.196202953,1,0,0,0,1
"718085","Hiroshima","Hospital","CL2","ZoneC","EHP","MUL",31618.3621612857,1,0,1,0,1
"718097","Hiroshima","Hospital","CL2","ZoneC","EHP","MUL",117556.368266522,0,0,0,0,2
"718098","Hiroshima","Hospital","CL2","ZoneC","EHP","MUL",96213.2405677021,1,0,0,0,2
"718145","Hiroshima","Hospital","CL2","ZoneC","GHP","MUL",44605.3191732744,0,0,0,0,1
"718146","Hiroshima","Hospital","CL2","ZoneC","GHP","MUL",36506.9316745774,1,0,0,0,1
"718161","Hiroshima","Hospital","CL2","ZoneC","GHP","MUL",29179.3429605807,0,0,0,0,2
"718721","Hiroshima","Hospital","CL2","ZoneC","AHP","FCU",34787.2209652406,0,0,0,0,1
"718722","Hiroshima","Hospital","CL2","ZoneC","AHP","FCU",28215.1095127589,1,0,0,0,1
"720897","Hiroshima","Hospital","CL3","ZoneC","EHP","MUL",272342.320271339,0,0,0,0,1
"720898","Hiroshima","Hospital","CL3","ZoneC","EHP","MUL",234549.399600062,1,0,0,0,1
"720901","Hiroshima","Hospital","CL3","ZoneC","EHP","MUL",39763.437636568,1,0,1,0,1
"720913","Hiroshima","Hospital","CL3","ZoneC","EHP","MUL",118593.280446108,0,0,0,0,2
"720914","Hiroshima","Hospital","CL3","ZoneC","EHP","MUL",102136.100983215,1,0,0,0,2
"720961","Hiroshima","Hospital","CL3","ZoneC","GHP","MUL",44117.7467071006,0,0,0,0,1
"720962","Hiroshima","Hospital","CL3","ZoneC","GHP","MUL",37995.5307406809,1,0,0,0,1
"720977","Hiroshima","Hospital","CL3","ZoneC","GHP","MUL",33155.8436598468,0,0,0,0,2
"721409","Hiroshima","Hospital","CL3","ZoneC","AHP","CAV",37652.815334268,0,0,0,0,1
"721410","Hiroshima","Hospital","CL3","ZoneC","AHP","CAV",31942.1297315214,1,0,0,0,1
"721537","Hiroshima","Hospital","CL3","ZoneC","AHP","FCU",39614.9027425475,0,0,0,0,1
"721538","Hiroshima","Hospital","CL3","ZoneC","AHP","FCU",33605.9923652262,1,0,0,0,1
"723713","Hiroshima","Hospital","CL4","ZoneC","EHP","MUL",139550.863557673,0,0,0,0,1
"723714","Hiroshima","Hospital","CL4","ZoneC","EHP","MUL",141623.815967054,1,0,0,0,1
"723717","Hiroshima","Hospital","CL4","ZoneC","EHP","MUL",28535.4203777293,1,0,1,0,1
"723729","Hiroshima","Hospital","CL4","ZoneC","EHP","MUL",50578.4769380838,0,0,0,0,2
"723730","Hiroshima","Hospital","CL4","ZoneC","EHP","MUL",51329.7927877939,1,0,0,0,2
"723778","Hiroshima","Hospital","CL4","ZoneC","GHP","MUL",40569.4732017424,1,0,0,0,1
"723794","Hiroshima","Hospital","CL4","ZoneC","GHP","MUL",13349.1443094108,1,0,0,0,2
"723841","Hiroshima","Hospital","CL4","ZoneC","ABCH","CAV",39187.2383913798,0,0,0,0,1
"723842","Hiroshima","Hospital","CL4","ZoneC","ABCH","CAV",38965.0488655113,1,0,0,0,1
"724225","Hiroshima","Hospital","CL4","ZoneC","AHP","CAV",48826.1814842757,0,0,0,0,1
"724226","Hiroshima","Hospital","CL4","ZoneC","AHP","CAV",48549.3396714993,1,0,0,0,1
"724241","Hiroshima","Hospital","CL4","ZoneC","AHP","CAV",28960.2933033509,0,0,0,0,2
"724242","Hiroshima","Hospital","CL4","ZoneC","AHP","CAV",28796.0900039547,1,0,0,0,2
"726529","Hiroshima","Hospital","CL5","ZoneC","EHP","MUL",95043.1826203601,0,0,0,0,1
"726530","Hiroshima","Hospital","CL5","ZoneC","EHP","MUL",105897.470161106,1,0,0,0,1
"726533","Hiroshima","Hospital","CL5","ZoneC","EHP","MUL",32571.9529413028,1,0,1,0,1
"726545","Hiroshima","Hospital","CL5","ZoneC","EHP","MUL",80036.0659629749,0,0,0,0,2
"726546","Hiroshima","Hospital","CL5","ZoneC","EHP","MUL",89176.4845563039,1,0,0,0,2
"726549","Hiroshima","Hospital","CL5","ZoneC","EHP","MUL",27428.9107569782,1,0,1,0,2
"726594","Hiroshima","Hospital","CL5","ZoneC","GHP","MUL",37784.2149669647,1,0,0,0,1
"726610","Hiroshima","Hospital","CL5","ZoneC","GHP","MUL",31818.1676799973,1,0,0,0,2
"726657","Hiroshima","Hospital","CL5","ZoneC","ABCH","CAV",47894.3461409694,0,0,0,0,1
"726658","Hiroshima","Hospital","CL5","ZoneC","ABCH","CAV",51671.3884293553,1,0,0,0,1
"726673","Hiroshima","Hospital","CL5","ZoneC","ABCH","CAV",40331.9306162526,0,0,0,0,2
"726674","Hiroshima","Hospital","CL5","ZoneC","ABCH","CAV",43512.5859500044,1,0,0,0,2
"726785","Hiroshima","Hospital","CL5","ZoneC","ABCH","FCU",47310.8552197698,0,0,0,0,1
"726786","Hiroshima","Hospital","CL5","ZoneC","ABCH","FCU",51029.1857398277,1,0,0,0,1
"726801","Hiroshima","Hospital","CL5","ZoneC","ABCH","FCU",39840.571672135,0,0,0,0,2
"726802","Hiroshima","Hospital","CL5","ZoneC","ABCH","FCU",42971.7857010698,1,0,0,0,2
"727041","Hiroshima","Hospital","CL5","ZoneC","AHP","CAV",65170.4835448149,0,0,0,0,1
"727042","Hiroshima","Hospital","CL5","ZoneC","AHP","CAV",70301.2985190707,1,0,0,0,1
"727057","Hiroshima","Hospital","CL5","ZoneC","AHP","CAV",54880.2026197555,0,0,0,0,2
"727058","Hiroshima","Hospital","CL5","ZoneC","AHP","CAV",59200.8728077864,1,0,0,0,2
"729345","Hiroshima","Hospital","CL6","ZoneC","EHP","MUL",58275.8398886234,0,0,0,0,1
"729346","Hiroshima","Hospital","CL6","ZoneC","EHP","MUL",75099.6905647635,1,0,0,0,1
"729349","Hiroshima","Hospital","CL6","ZoneC","EHP","MUL",32120.9935153663,1,0,1,0,1
"729361","Hiroshima","Hospital","CL6","ZoneC","EHP","MUL",49074.2085521713,0,0,0,0,2
"729362","Hiroshima","Hospital","CL6","ZoneC","EHP","MUL",63241.6089415848,1,0,0,0,2
"729365","Hiroshima","Hospital","CL6","ZoneC","EHP","MUL",27049.1568665277,1,0,1,0,2
"729410","Hiroshima","Hospital","CL6","ZoneC","GHP","MUL",25234.3436468806,1,0,0,0,1
"729426","Hiroshima","Hospital","CL6","ZoneC","GHP","MUL",21249.8943845497,1,0,0,0,2
"729473","Hiroshima","Hospital","CL6","ZoneC","ABCH","CAV",49525.7252091075,0,0,0,0,1
"729474","Hiroshima","Hospital","CL6","ZoneC","ABCH","CAV",63823.4754798544,1,0,0,0,1
"729489","Hiroshima","Hospital","CL6","ZoneC","ABCH","CAV",49629.296863605,0,0,0,0,2
"729490","Hiroshima","Hospital","CL6","ZoneC","ABCH","CAV",63956.9475880026,1,0,0,0,2
"729601","Hiroshima","Hospital","CL6","ZoneC","ABCH","FCU",49015.9221569024,0,0,0,0,1
"729602","Hiroshima","Hospital","CL6","ZoneC","ABCH","FCU",63166.4956483712,1,0,0,0,1
"729617","Hiroshima","Hospital","CL6","ZoneC","ABCH","FCU",49118.4276756621,0,0,0,0,2
"729618","Hiroshima","Hospital","CL6","ZoneC","ABCH","FCU",63298.5938344248,1,0,0,0,2
"729666","Hiroshima","Hospital","CL6","ZoneC","ABCH","CAVFCU",63146.0715236162,1,0,0,0,1
"729793","Hiroshima","Hospital","CL6","ZoneC","ABCH","OHUFCU",51127.0270033976,0,0,0,0,1
"729794","Hiroshima","Hospital","CL6","ZoneC","ABCH","OHUFCU",55710.4080844825,1,0,0,0,1
"729809","Hiroshima","Hospital","CL6","ZoneC","ABCH","OHUFCU",50504.759424608,0,0,0,0,2
"729810","Hiroshima","Hospital","CL6","ZoneC","ABCH","OHUFCU",56556.1015670341,1,0,0,0,2
"729857","Hiroshima","Hospital","CL6","ZoneC","AHP","CAV",55972.6403007324,0,0,0,0,1
"729858","Hiroshima","Hospital","CL6","ZoneC","AHP","CAV",68958.9073863635,1,0,0,0,1
"729861","Hiroshima","Hospital","CL6","ZoneC","AHP","CAV",31075.0434166601,1,0,1,0,1
"729873","Hiroshima","Hospital","CL6","ZoneC","AHP","CAV",58858.7972731982,0,0,0,0,2
"729874","Hiroshima","Hospital","CL6","ZoneC","AHP","CAV",72514.6844641901,1,0,0,0,2
"732161","Hiroshima","Hospital","CL7","ZoneC","EHP","MUL",31703.4710095335,0,0,0,0,1
"732162","Hiroshima","Hospital","CL7","ZoneC","EHP","MUL",44767.3019024504,1,0,0,0,1
"732165","Hiroshima","Hospital","CL7","ZoneC","EHP","MUL",27506.3083370867,1,0,1,0,1
"732177","Hiroshima","Hospital","CL7","ZoneC","EHP","MUL",36300.5928725551,0,0,0,0,2
"732178","Hiroshima","Hospital","CL7","ZoneC","EHP","MUL",51258.7281018833,1,0,0,0,2
"732226","Hiroshima","Hospital","CL7","ZoneC","GHP","MUL",17169.5794242416,1,0,0,0,1
"732242","Hiroshima","Hospital","CL7","ZoneC","GHP","MUL",14458.5393025419,1,0,0,0,2
"732289","Hiroshima","Hospital","CL7","ZoneC","ABCH","CAV",39752.2236327551,0,0,0,0,1
"732290","Hiroshima","Hospital","CL7","ZoneC","ABCH","CAV",56132.6485710706,1,0,0,0,1
"732306","Hiroshima","Hospital","CL7","ZoneC","ABCH","CAV",87941.842853396,1,0,0,0,2
"732418","Hiroshima","Hospital","CL7","ZoneC","ABCH","FCU",76196.7781401006,1,0,0,0,1
"732434","Hiroshima","Hospital","CL7","ZoneC","ABCH","FCU",69884.6954177246,1,0,0,0,2
"732482","Hiroshima","Hospital","CL7","ZoneC","ABCH","CAVFCU",78776.799876199,1,0,0,0,1
"732498","Hiroshima","Hospital","CL7","ZoneC","ABCH","CAVFCU",72250.9901299082,1,0,0,0,2
"732609","Hiroshima","Hospital","CL7","ZoneC","ABCH","OHUFCU",42744.1610718919,0,0,0,0,1
"732610","Hiroshima","Hospital","CL7","ZoneC","ABCH","OHUFCU",51187.0590508352,1,0,0,0,1
"732613","Hiroshima","Hospital","CL7","ZoneC","ABCH","OHUFCU",33595.5941260015,1,0,1,0,1
"732625","Hiroshima","Hospital","CL7","ZoneC","ABCH","OHUFCU",39203.2675174653,0,0,0,0,2
"732626","Hiroshima","Hospital","CL7","ZoneC","ABCH","OHUFCU",46946.7622964245,1,0,0,0,2
"732629","Hiroshima","Hospital","CL7","ZoneC","ABCH","OHUFCU",30812.5608481272,1,0,1,0,2
"732994","Hiroshima","Hospital","CL7","ZoneC","AHP","OHUFCU",93505.3330516466,1,0,0,0,1
"733010","Hiroshima","Hospital","CL7","ZoneC","AHP","OHUFCU",85759.422901481,1,0,0,0,2
"734145","Hiroshima","Hospital","CL7","ZoneC","COM","OHUFCU",62986.3856968557,0,0,0,0,1
"734146","Hiroshima","Hospital","CL7","ZoneC","COM","OHUFCU",84078.1060891191,1,0,0,0,1
"734149","Hiroshima","Hospital","CL7","ZoneC","COM","OHUFCU",52797.2812181699,1,0,1,0,1
"734161","Hiroshima","Hospital","CL7","ZoneC","COM","OHUFCU",57768.6417632338,0,0,0,0,2
"734162","Hiroshima","Hospital","CL7","ZoneC","COM","OHUFCU",77113.1401977867,1,0,0,0,2
"734165","Hiroshima","Hospital","CL7","ZoneC","COM","OHUFCU",48423.5948931014,1,0,1,0,2
"734914","Hiroshima","Hospital","CL7","ZoneC","COM+TESICE","OHUFCU",59874.9478354451,1,0,0,0,1
"735010","Hiroshima","Hospital","CL8","ZoneA","EHP","MUL",38611.3942881086,1,0,0,0,3
"735138","Hiroshima","Hospital","CL8","ZoneA","ABCH","CAV",73927.3293636638,1,0,0,0,3
"735330","Hiroshima","Hospital","CL8","ZoneA","ABCH","CAVFCU",87107.3689641102,1,0,0,0,3
"735458","Hiroshima","Hospital","CL8","ZoneA","ABCH","OHUFCU",77978.9611600615,1,0,0,0,3
"735461","Hiroshima","Hospital","CL8","ZoneA","ABCH","OHUFCU",72182.0885252508,1,0,1,0,3
"736609","Hiroshima","Hospital","CL8","ZoneA","AB","OHUFCU",46716.3412821054,0,0,0,0,3
"736610","Hiroshima","Hospital","CL8","ZoneA","AB","OHUFCU",71341.7999652322,1,0,0,0,3
"736613","Hiroshima","Hospital","CL8","ZoneA","AB","OHUFCU",67505.4491776664,1,0,1,0,3
"736674","Hiroshima","Hospital","CL8","ZoneA","COM","CAV",69181.5493511052,1,0,0,0,3
"736677","Hiroshima","Hospital","CL8","ZoneA","COM","CAV",66703.3105136293,1,0,1,0,3
"736738","Hiroshima","Hospital","CL8","ZoneA","COM","VAV",101806.280629076,1,0,0,0,3
"736802","Hiroshima","Hospital","CL8","ZoneA","COM","FCU",90105.5732791315,1,0,0,0,3
"736866","Hiroshima","Hospital","CL8","ZoneA","COM","CAVFCU",81515.4936165934,1,0,0,0,3
"736869","Hiroshima","Hospital","CL8","ZoneA","COM","CAVFCU",78595.4251296704,1,0,1,0,3
"736930","Hiroshima","Hospital","CL8","ZoneA","COM","VAVFCU",59645.7376146968,1,0,0,0,3
"736993","Hiroshima","Hospital","CL8","ZoneA","COM","OHUFCU",58281.9822126091,0,0,0,0,3
"736994","Hiroshima","Hospital","CL8","ZoneA","COM","OHUFCU",78033.8395613992,1,0,0,0,3
"736997","Hiroshima","Hospital","CL8","ZoneA","COM","OHUFCU",70875.2704373024,1,0,1,0,3
"737000","Hiroshima","Hospital","CL8","ZoneA","COM","OHUFCU",33712.9870197798,1,0,1,1,3
"737002","Hiroshima","Hospital","CL8","ZoneA","COM","OHUFCU",35104.9876358543,1,1,0,0,3
"737634","Hiroshima","Hospital","CL8","ZoneA","COM+TESICE","CAVFCU",100490.844745246,1,0,0,0,3
"737761","Hiroshima","Hospital","CL8","ZoneA","COM+TESICE","OHUFCU",45109.2868213513,0,0,0,0,3
"737762","Hiroshima","Hospital","CL8","ZoneA","COM+TESICE","OHUFCU",66203.8971796173,1,0,0,0,3
"737765","Hiroshima","Hospital","CL8","ZoneA","COM+TESICE","OHUFCU",61919.1258501907,1,0,1,0,3
"737829","Hiroshima","Hospital","CL9","ZoneA","EHP","MUL",15492.0232518838,1,0,1,0,3
"739437","Hiroshima","Hospital","CL9","ZoneA","AB","OHUFCU",125581.664614443,1,1,1,0,3
"739685","Hiroshima","Hospital","CL9","ZoneA","COM","CAVFCU",59941.1064406425,1,0,1,0,3
"739693","Hiroshima","Hospital","CL9","ZoneA","COM","CAVFCU",89875.2701661167,1,1,1,0,3
"739757","Hiroshima","Hospital","CL9","ZoneA","COM","VAVFCU",80014.2123991731,1,1,1,0,3
"739810","Hiroshima","Hospital","CL9","ZoneA","COM","OHUFCU",32577.1186699164,1,0,0,0,3
"739813","Hiroshima","Hospital","CL9","ZoneA","COM","OHUFCU",53696.9484893403,1,0,1,0,3
"739817","Hiroshima","Hospital","CL9","ZoneA","COM","OHUFCU",37379.4151191221,0,1,0,0,3
"739818","Hiroshima","Hospital","CL9","ZoneA","COM","OHUFCU",48892.3161807886,1,1,0,0,3
"739821","Hiroshima","Hospital","CL9","ZoneA","COM","OHUFCU",81024.9051503681,1,1,1,0,3
"739824","Hiroshima","Hospital","CL9","ZoneA","COM","OHUFCU",30982.5054151737,1,1,1,1,3
"740581","Hiroshima","Hospital","CL9","ZoneA","COM+TESICE","OHUFCU",52687.0514636616,1,0,1,0,3
"740586","Hiroshima","Hospital","CL9","ZoneA","COM+TESICE","OHUFCU",44631.9334524245,1,1,0,0,3
"740589","Hiroshima","Hospital","CL9","ZoneA","COM+TESICE","OHUFCU",79253.9177206848,1,1,1,0,3
"740609","Matsuyama","Hospital","CL1","ZoneC","EHP","MUL",52261.0891600149,0,0,0,0,1
"740625","Matsuyama","Hospital","CL1","ZoneC","EHP","MUL",19492.1349570558,0,0,0,0,2
"740673","Matsuyama","Hospital","CL1","ZoneC","GHP","MUL",6977.58775109838,0,0,0,0,1
"743425","Matsuyama","Hospital","CL2","ZoneC","EHP","MUL",178956.993136931,0,0,0,0,1
"743426","Matsuyama","Hospital","CL2","ZoneC","EHP","MUL",146640.522536498,1,0,0,0,1
"743441","Matsuyama","Hospital","CL2","ZoneC","EHP","MUL",58884.7361828828,0,0,0,0,2
"743442","Matsuyama","Hospital","CL2","ZoneC","EHP","MUL",48251.1933840703,1,0,0,0,2
"743489","Matsuyama","Hospital","CL2","ZoneC","GHP","MUL",45544.0486138808,0,0,0,0,1
"743505","Matsuyama","Hospital","CL2","ZoneC","GHP","MUL",14985.9988163565,0,0,0,0,2
"746241","Matsuyama","Hospital","CL3","ZoneC","EHP","MUL",174568.695516761,0,0,0,0,1
"746242","Matsuyama","Hospital","CL3","ZoneC","EHP","MUL",150799.288315677,1,0,0,0,1
"746257","Matsuyama","Hospital","CL3","ZoneC","EHP","MUL",70831.0996923012,0,0,0,0,2
"746258","Matsuyama","Hospital","CL3","ZoneC","EHP","MUL",61186.68294219,1,0,0,0,2
"746305","Matsuyama","Hospital","CL3","ZoneC","GHP","MUL",49411.7559799458,0,0,0,0,1
"746321","Matsuyama","Hospital","CL3","ZoneC","GHP","MUL",20048.7779520078,0,0,0,0,2
"746881","Matsuyama","Hospital","CL3","ZoneC","AHP","FCU",47209.9541635122,0,0,0,0,1
"746882","Matsuyama","Hospital","CL3","ZoneC","AHP","FCU",40156.8010804129,1,0,0,0,1
"749057","Matsuyama","Hospital","CL4","ZoneC","EHP","MUL",121467.121916718,0,0,0,0,1
"749058","Matsuyama","Hospital","CL4","ZoneC","EHP","MUL",122108.806038427,1,0,0,0,1
"749073","Matsuyama","Hospital","CL4","ZoneC","EHP","MUL",58818.448715078,0,0,0,0,2
"749074","Matsuyama","Hospital","CL4","ZoneC","EHP","MUL",59129.1736586547,1,0,0,0,2
"749122","Matsuyama","Hospital","CL4","ZoneC","GHP","MUL",33354.6575986851,1,0,0,0,1
"749138","Matsuyama","Hospital","CL4","ZoneC","GHP","MUL",16151.4423526258,1,0,0,0,2
"749185","Matsuyama","Hospital","CL4","ZoneC","ABCH","CAV",30770.9523876977,0,0,0,0,1
"749186","Matsuyama","Hospital","CL4","ZoneC","ABCH","CAV",30279.7165764464,1,0,0,0,1
"749569","Matsuyama","Hospital","CL4","ZoneC","AHP","CAV",35059.90512716,0,0,0,0,1
"749570","Matsuyama","Hospital","CL4","ZoneC","AHP","CAV",34500.1993136857,1,0,0,0,1
"751873","Matsuyama","Hospital","CL5","ZoneC","EHP","MUL",80036.8669902921,0,0,0,0,1
"751874","Matsuyama","Hospital","CL5","ZoneC","EHP","MUL",88406.6327361129,1,0,0,0,1
"751889","Matsuyama","Hospital","CL5","ZoneC","EHP","MUL",67399.2156964306,0,0,0,0,2
"751890","Matsuyama","Hospital","CL5","ZoneC","EHP","MUL",74447.4132089543,1,0,0,0,2
"751938","Matsuyama","Hospital","CL5","ZoneC","GHP","MUL",26920.6536241906,1,0,0,0,1
"751954","Matsuyama","Hospital","CL5","ZoneC","GHP","MUL",22669.9395982828,1,0,0,0,2
"752129","Matsuyama","Hospital","CL5","ZoneC","ABCH","FCU",70918.929529008,0,0,0,0,1
"752130","Matsuyama","Hospital","CL5","ZoneC","ABCH","FCU",75810.7520238716,1,0,0,0,1
"752145","Matsuyama","Hospital","CL5","ZoneC","ABCH","FCU",59720.9811931462,0,0,0,0,2
"752146","Matsuyama","Hospital","CL5","ZoneC","ABCH","FCU",63840.395306644,1,0,0,0,2
"752513","Matsuyama","Hospital","CL5","ZoneC","AHP","FCU",45760.5112439236,0,0,0,0,1
"752514","Matsuyama","Hospital","CL5","ZoneC","AHP","FCU",48916.9646727353,1,0,0,0,1
"752529","Matsuyama","Hospital","CL5","ZoneC","AHP","FCU",38535.0237170359,0,0,0,0,2
"752530","Matsuyama","Hospital","CL5","ZoneC","AHP","FCU",41193.079853966,1,0,0,0,2
"754689","Matsuyama","Hospital","CL6","ZoneC","EHP","MUL",44113.9726658049,0,0,0,0,1
"754690","Matsuyama","Hospital","CL6","ZoneC","EHP","MUL",55373.1279026368,1,0,0,0,1
"754705","Matsuyama","Hospital","CL6","ZoneC","EHP","MUL",37148.4700830389,0,0,0,0,2
"754706","Matsuyama","Hospital","CL6","ZoneC","EHP","MUL",46629.8286232086,1,0,0,0,2
"754754","Matsuyama","Hospital","CL6","ZoneC","GHP","MUL",14436.1604448111,1,0,0,0,1
"754770","Matsuyama","Hospital","CL6","ZoneC","GHP","MUL",12156.7213739903,1,0,0,0,2
"754818","Matsuyama","Hospital","CL6","ZoneC","ABCH","CAV",67446.5194322365,1,0,0,0,1
"754945","Matsuyama","Hospital","CL6","ZoneC","ABCH","FCU",37833.4798338652,0,0,0,0,1
"754946","Matsuyama","Hospital","CL6","ZoneC","ABCH","FCU",47489.672574113,1,0,0,0,1
"754961","Matsuyama","Hospital","CL6","ZoneC","ABCH","FCU",45044.98204897,0,0,0,0,2
"754962","Matsuyama","Hospital","CL6","ZoneC","ABCH","FCU",56541.7576708763,1,0,0,0,2
"755137","Matsuyama","Hospital","CL6","ZoneC","ABCH","OHUFCU",37185.314916806,0,0,0,0,1
"755138","Matsuyama","Hospital","CL6","ZoneC","ABCH","OHUFCU",40462.2757772832,1,0,0,0,1
"755153","Matsuyama","Hospital","CL6","ZoneC","ABCH","OHUFCU",43295.3724594212,0,0,0,0,2
"755154","Matsuyama","Hospital","CL6","ZoneC","ABCH","OHUFCU",49152.7540232574,1,0,0,0,2
"755329","Matsuyama","Hospital","CL6","ZoneC","AHP","FCU",33507.6218725499,0,0,0,0,1
"755330","Matsuyama","Hospital","CL6","ZoneC","AHP","FCU",40090.6431565368,1,0,0,0,1
"755346","Matsuyama","Hospital","CL6","ZoneC","AHP","FCU",61977.2553088585,1,0,0,0,2
"757506","Matsuyama","Hospital","CL7","ZoneC","EHP","MUL",56118.4581713761,1,0,0,0,1
"757522","Matsuyama","Hospital","CL7","ZoneC","EHP","MUL",47257.4728256477,1,0,0,0,2
"757953","Matsuyama","Hospital","CL7","ZoneC","ABCH","OHUFCU",66543.6944316909,0,0,0,0,1
"757954","Matsuyama","Hospital","CL7","ZoneC","ABCH","OHUFCU",86983.1933557383,1,0,0,0,1
"757957","Matsuyama","Hospital","CL7","ZoneC","ABCH","OHUFCU",57986.8391910968,1,0,1,0,1
"757969","Matsuyama","Hospital","CL7","ZoneC","ABCH","OHUFCU",56036.58642439,0,0,0,0,2
"757970","Matsuyama","Hospital","CL7","ZoneC","ABCH","OHUFCU",73248.7318832561,1,0,0,0,2
"757973","Matsuyama","Hospital","CL7","ZoneC","ABCH","OHUFCU",48830.8404509265,1,0,1,0,2
"759489","Matsuyama","Hospital","CL7","ZoneC","COM","OHUFCU",40822.9347693266,0,0,0,0,1
"759490","Matsuyama","Hospital","CL7","ZoneC","COM","OHUFCU",53362.0692195584,1,0,0,0,1
"759493","Matsuyama","Hospital","CL7","ZoneC","COM","OHUFCU",35573.5126219596,1,0,1,0,1
"759505","Matsuyama","Hospital","CL7","ZoneC","COM","OHUFCU",34377.0800800198,0,0,0,0,2
"759506","Matsuyama","Hospital","CL7","ZoneC","COM","OHUFCU",44936.3118345588,1,0,0,0,2
"759509","Matsuyama","Hospital","CL7","ZoneC","COM","OHUFCU",29956.5305395821,1,0,1,0,2
"760354","Matsuyama","Hospital","CL8","ZoneA","EHP","MUL",18823.1043642885,1,0,0,0,3
"760802","Matsuyama","Hospital","CL8","ZoneA","ABCH","OHUFCU",75473.3692700869,1,0,0,0,3
"760805","Matsuyama","Hospital","CL8","ZoneA","ABCH","OHUFCU",71661.8252753782,1,0,1,0,3
"761954","Matsuyama","Hospital","CL8","ZoneA","AB","OHUFCU",88780.7491253991,1,0,0,0,3
"762018","Matsuyama","Hospital","CL8","ZoneA","COM","CAV",91336.1415208116,1,0,0,0,3
"762210","Matsuyama","Hospital","CL8","ZoneA","COM","CAVFCU",55225.6168687318,1,0,0,0,3
"762213","Matsuyama","Hospital","CL8","ZoneA","COM","CAVFCU",53430.8859091461,1,0,1,0,3
"762337","Matsuyama","Hospital","CL8","ZoneA","COM","OHUFCU",50271.0701779912,0,0,0,0,3
"762338","Matsuyama","Hospital","CL8","ZoneA","COM","OHUFCU",71025.7335584677,1,0,0,0,3
"762341","Matsuyama","Hospital","CL8","ZoneA","COM","OHUFCU",65980.4862757311,1,0,1,0,3
"763106","Matsuyama","Hospital","CL8","ZoneA","COM+TESICE","OHUFCU",66401.6991305997,1,0,0,0,3
"763109","Matsuyama","Hospital","CL8","ZoneA","COM+TESICE","OHUFCU",63048.2911668718,1,0,1,0,3
"763173","Matsuyama","Hospital","CL9","ZoneA","EHP","MUL",11474.1261217769,1,0,1,0,3
"764781","Matsuyama","Hospital","CL9","ZoneA","AB","OHUFCU",93849.9313079136,1,1,1,0,3
"765029","Matsuyama","Hospital","CL9","ZoneA","COM","CAVFCU",53109.6739468812,1,0,1,0,3
"765037","Matsuyama","Hospital","CL9","ZoneA","COM","CAVFCU",79737.2034548944,1,1,1,0,3
"765157","Matsuyama","Hospital","CL9","ZoneA","COM","OHUFCU",62174.9562623833,1,0,1,0,3
"765161","Matsuyama","Hospital","CL9","ZoneA","COM","OHUFCU",41272.473379994,0,1,0,0,3
"765162","Matsuyama","Hospital","CL9","ZoneA","COM","OHUFCU",55205.0440890612,1,1,0,0,3
"765165","Matsuyama","Hospital","CL9","ZoneA","COM","OHUFCU",93834.418729188,1,1,1,0,3
"765933","Matsuyama","Hospital","CL9","ZoneA","COM+TESICE","OHUFCU",131675.861194829,1,1,1,0,3
"765953","Fukuoka","Hospital","CL1","ZoneC","EHP","MUL",109296.699249135,0,0,0,0,1
"765954","Fukuoka","Hospital","CL1","ZoneC","EHP","MUL",74272.2795512584,1,0,0,0,1
"765969","Fukuoka","Hospital","CL1","ZoneC","EHP","MUL",60402.2826856031,0,0,0,0,2
"766017","Fukuoka","Hospital","CL1","ZoneC","GHP","MUL",27781.5967219974,0,0,0,0,1
"766033","Fukuoka","Hospital","CL1","ZoneC","GHP","MUL",9141.36947116854,0,0,0,0,2
"768769","Fukuoka","Hospital","CL2","ZoneC","EHP","MUL",488453.145072222,0,0,0,0,1
"768770","Fukuoka","Hospital","CL2","ZoneC","EHP","MUL",399788.769999336,1,0,0,0,1
"768773","Fukuoka","Hospital","CL2","ZoneC","EHP","MUL",49514.8202154081,1,0,1,0,1
"768785","Fukuoka","Hospital","CL2","ZoneC","EHP","MUL",184112.024469253,0,0,0,0,2
"768786","Fukuoka","Hospital","CL2","ZoneC","EHP","MUL",150691.874025639,1,0,0,0,2
"768833","Fukuoka","Hospital","CL2","ZoneC","GHP","MUL",77555.5629583097,0,0,0,0,1
"768834","Fukuoka","Hospital","CL2","ZoneC","GHP","MUL",63477.6199815936,1,0,0,0,1
"768849","Fukuoka","Hospital","CL2","ZoneC","GHP","MUL",50352.567663482,0,0,0,0,2
"769281","Fukuoka","Hospital","CL2","ZoneC","AHP","CAV",50650.7200345717,0,0,0,0,1
"769282","Fukuoka","Hospital","CL2","ZoneC","AHP","CAV",41090.9381538536,1,0,0,0,1
"771585","Fukuoka","Hospital","CL3","ZoneC","EHP","MUL",503187.964518068,0,0,0,0,1
"771586","Fukuoka","Hospital","CL3","ZoneC","EHP","MUL",438005.172827996,1,0,0,0,1
"771589","Fukuoka","Hospital","CL3","ZoneC","EHP","MUL",73955.2356427969,1,0,1,0,1
"771601","Fukuoka","Hospital","CL3","ZoneC","EHP","MUL",178580.928022978,0,0,0,0,2
"771602","Fukuoka","Hospital","CL3","ZoneC","EHP","MUL",155447.617506915,1,0,0,0,2
"771649","Fukuoka","Hospital","CL3","ZoneC","GHP","MUL",86466.3022521761,0,0,0,0,1
"771650","Fukuoka","Hospital","CL3","ZoneC","GHP","MUL",75265.4879137162,1,0,0,0,1
"771665","Fukuoka","Hospital","CL3","ZoneC","GHP","MUL",53216.8854056289,0,0,0,0,2
"771841","Fukuoka","Hospital","CL3","ZoneC","ABCH","FCU",48968.6920874578,0,0,0,0,1
"771842","Fukuoka","Hospital","CL3","ZoneC","ABCH","FCU",41984.6668311946,1,0,0,0,1
"772097","Fukuoka","Hospital","CL3","ZoneC","AHP","CAV",42402.9010635197,0,0,0,0,1
"772098","Fukuoka","Hospital","CL3","ZoneC","AHP","CAV",36355.6634806909,1,0,0,0,1
"772225","Fukuoka","Hospital","CL3","ZoneC","AHP","FCU",43762.5506965334,0,0,0,0,1
"772226","Fukuoka","Hospital","CL3","ZoneC","AHP","FCU",37520.6768422661,1,0,0,0,1
"772241","Fukuoka","Hospital","CL3","ZoneC","AHP","FCU",44465.0877039886,0,0,0,0,2
"772242","Fukuoka","Hospital","CL3","ZoneC","AHP","FCU",38123.3766574286,1,0,0,0,2
"774401","Fukuoka","Hospital","CL4","ZoneC","EHP","MUL",359402.4888353,0,0,0,0,1
"774402","Fukuoka","Hospital","CL4","ZoneC","EHP","MUL",363850.415331755,1,0,0,0,1
"774405","Fukuoka","Hospital","CL4","ZoneC","EHP","MUL",74214.6985011726,1,0,1,0,1
"774417","Fukuoka","Hospital","CL4","ZoneC","EHP","MUL",130394.118394208,0,0,0,0,2
"774418","Fukuoka","Hospital","CL4","ZoneC","EHP","MUL",132007.861960835,1,0,0,0,2
"774465","Fukuoka","Hospital","CL4","ZoneC","GHP","MUL",56890.3336000194,0,0,0,0,1
"774466","Fukuoka","Hospital","CL4","ZoneC","GHP","MUL",57594.4022419247,1,0,0,0,1
"774482","Fukuoka","Hospital","CL4","ZoneC","GHP","MUL",37670.5226705595,1,0,0,0,2
"774529","Fukuoka","Hospital","CL4","ZoneC","ABCH","CAV",54316.5998249757,0,0,0,0,1
"774530","Fukuoka","Hospital","CL4","ZoneC","ABCH","CAV",53859.0416436252,1,0,0,0,1
"774545","Fukuoka","Hospital","CL4","ZoneC","ABCH","CAV",32703.364475085,0,0,0,0,2
"774546","Fukuoka","Hospital","CL4","ZoneC","ABCH","CAV",32426.9178382138,1,0,0,0,2
"774657","Fukuoka","Hospital","CL4","ZoneC","ABCH","FCU",45072.4150318574,0,0,0,0,1
"774658","Fukuoka","Hospital","CL4","ZoneC","ABCH","FCU",44689.8173952139,1,0,0,0,1
"774913","Fukuoka","Hospital","CL4","ZoneC","AHP","CAV",67695.1031506581,0,0,0,0,1
"774914","Fukuoka","Hospital","CL4","ZoneC","AHP","CAV",67124.8456532493,1,0,0,0,1
"774929","Fukuoka","Hospital","CL4","ZoneC","AHP","CAV",40758.3986966813,0,0,0,0,2
"774930","Fukuoka","Hospital","CL4","ZoneC","AHP","CAV",40413.8616001225,1,0,0,0,2
"775041","Fukuoka","Hospital","CL4","ZoneC","AHP","FCU",56174.0203669353,0,0,0,0,1
"775042","Fukuoka","Hospital","CL4","ZoneC","AHP","FCU",55697.1866446251,1,0,0,0,1
"777217","Fukuoka","Hospital","CL5","ZoneC","EHP","MUL",216167.856895551,0,0,0,0,1
"777218","Fukuoka","Hospital","CL5","ZoneC","EHP","MUL",238432.482913198,1,0,0,0,1
"777221","Fukuoka","Hospital","CL5","ZoneC","EHP","MUL",74631.3769278979,1,0,1,0,1
"777233","Fukuoka","Hospital","CL5","ZoneC","EHP","MUL",182035.411447397,0,0,0,0,2
"777234","Fukuoka","Hospital","CL5","ZoneC","EHP","MUL",200784.500308481,1,0,0,0,2
"777237","Fukuoka","Hospital","CL5","ZoneC","EHP","MUL",62847.2410332494,1,0,1,0,2
"777281","Fukuoka","Hospital","CL5","ZoneC","GHP","MUL",42513.2708070548,0,0,0,0,1
"777282","Fukuoka","Hospital","CL5","ZoneC","GHP","MUL",46892.0072616766,1,0,0,0,1
"777297","Fukuoka","Hospital","CL5","ZoneC","GHP","MUL",35800.5156477826,0,0,0,0,2
"777298","Fukuoka","Hospital","CL5","ZoneC","GHP","MUL",39487.8589169624,1,0,0,0,2
"777345","Fukuoka","Hospital","CL5","ZoneC","ABCH","CAV",67479.5513658261,0,0,0,0,1
"777346","Fukuoka","Hospital","CL5","ZoneC","ABCH","CAV",74429.7381168778,1,0,0,0,1
"777361","Fukuoka","Hospital","CL5","ZoneC","ABCH","CAV",65956.9676451674,0,0,0,0,2
"777362","Fukuoka","Hospital","CL5","ZoneC","ABCH","CAV",72750.3329445572,1,0,0,0,2
"777473","Fukuoka","Hospital","CL5","ZoneC","ABCH","FCU",70687.8989909961,0,0,0,0,1
"777474","Fukuoka","Hospital","CL5","ZoneC","ABCH","FCU",77968.5357036418,1,0,0,0,1
"777489","Fukuoka","Hospital","CL5","ZoneC","ABCH","FCU",69092.9232972814,0,0,0,0,2
"777490","Fukuoka","Hospital","CL5","ZoneC","ABCH","FCU",76209.2824071524,1,0,0,0,2
"777538","Fukuoka","Hospital","CL5","ZoneC","ABCH","CAVFCU",60946.2651116637,1,0,0,0,1
"777665","Fukuoka","Hospital","CL5","ZoneC","ABCH","OHUFCU",45970.0070341209,0,0,0,0,1
"777666","Fukuoka","Hospital","CL5","ZoneC","ABCH","OHUFCU",42695.5525171953,1,0,0,0,1
"777681","Fukuoka","Hospital","CL5","ZoneC","ABCH","OHUFCU",44396.4148750141,0,0,0,0,2
"777682","Fukuoka","Hospital","CL5","ZoneC","ABCH","OHUFCU",42268.5276771751,1,0,0,0,2
"777729","Fukuoka","Hospital","CL5","ZoneC","AHP","CAV",51105.6132461805,0,0,0,0,1
"777730","Fukuoka","Hospital","CL5","ZoneC","AHP","CAV",56369.3346091512,1,0,0,0,1
"777745","Fukuoka","Hospital","CL5","ZoneC","AHP","CAV",57153.2550432012,0,0,0,0,2
"777746","Fukuoka","Hospital","CL5","ZoneC","AHP","CAV",60969.0136231748,1,0,0,0,2
"777857","Fukuoka","Hospital","CL5","ZoneC","AHP","FCU",53535.4541323822,0,0,0,0,1
"777858","Fukuoka","Hospital","CL5","ZoneC","AHP","FCU",59049.4416514346,1,0,0,0,1
"777873","Fukuoka","Hospital","CL5","ZoneC","AHP","FCU",59878.4819872309,0,0,0,0,2
"777874","Fukuoka","Hospital","CL5","ZoneC","AHP","FCU",63859.9665808299,1,0,0,0,2
"778049","Fukuoka","Hospital","CL5","ZoneC","AHP","OHUFCU",34399.7926091088,0,0,0,0,1
"778050","Fukuoka","Hospital","CL5","ZoneC","AHP","OHUFCU",32751.0360933559,1,0,0,0,1
"780033","Fukuoka","Hospital","CL6","ZoneC","EHP","MUL",122139.03643206,0,0,0,0,1
"780034","Fukuoka","Hospital","CL6","ZoneC","EHP","MUL",159934.540368759,1,0,0,0,1
"780037","Fukuoka","Hospital","CL6","ZoneC","EHP","MUL",66700.2340028431,1,0,1,0,1
"780049","Fukuoka","Hospital","CL6","ZoneC","EHP","MUL",102853.542011298,0,0,0,0,2
"780050","Fukuoka","Hospital","CL6","ZoneC","EHP","MUL",134681.216156685,1,0,0,0,2
"780053","Fukuoka","Hospital","CL6","ZoneC","EHP","MUL",56168.4087297582,1,0,1,0,2
"780098","Fukuoka","Hospital","CL6","ZoneC","GHP","MUL",61003.4770672744,1,0,0,0,1
"780114","Fukuoka","Hospital","CL6","ZoneC","GHP","MUL",51371.1576140056,1,0,0,0,2
"780161","Fukuoka","Hospital","CL6","ZoneC","ABCH","CAV",72328.9632549162,0,0,0,0,1
"780162","Fukuoka","Hospital","CL6","ZoneC","ABCH","CAV",94710.911690862,1,0,0,0,1
"780165","Fukuoka","Hospital","CL6","ZoneC","ABCH","CAV",39498.9097279272,1,0,1,0,1
"780177","Fukuoka","Hospital","CL6","ZoneC","ABCH","CAV",60908.373588744,0,0,0,0,2
"780178","Fukuoka","Hospital","CL6","ZoneC","ABCH","CAV",79756.2599074782,1,0,0,0,2
"780181","Fukuoka","Hospital","CL6","ZoneC","ABCH","CAV",33262.1157803354,1,0,1,0,2
"780289","Fukuoka","Hospital","CL6","ZoneC","ABCH","FCU",61948.7467388081,0,0,0,0,1
"780290","Fukuoka","Hospital","CL6","ZoneC","ABCH","FCU",81118.5729437376,1,0,0,0,1
"780293","Fukuoka","Hospital","CL6","ZoneC","ABCH","FCU",33830.2644622532,1,0,1,0,1
"780305","Fukuoka","Hospital","CL6","ZoneC","ABCH","FCU",52167.1712122232,0,0,0,0,2
"780306","Fukuoka","Hospital","CL6","ZoneC","ABCH","FCU",68310.1225774461,1,0,0,0,2
"780309","Fukuoka","Hospital","CL6","ZoneC","ABCH","FCU",28488.5375615121,1,0,1,0,2
"780353","Fukuoka","Hospital","CL6","ZoneC","ABCH","CAVFCU",46871.5690342121,0,0,0,0,1
"780354","Fukuoka","Hospital","CL6","ZoneC","ABCH","CAVFCU",61375.8145539251,1,0,0,0,1
"780369","Fukuoka","Hospital","CL6","ZoneC","ABCH","CAVFCU",39470.6478422023,0,0,0,0,2
"780370","Fukuoka","Hospital","CL6","ZoneC","ABCH","CAVFCU",51684.7038023849,1,0,0,0,2
"780481","Fukuoka","Hospital","CL6","ZoneC","ABCH","OHUFCU",62449.9099449245,0,0,0,0,1
"780482","Fukuoka","Hospital","CL6","ZoneC","ABCH","OHUFCU",69271.3398404986,1,0,0,0,1
"780485","Fukuoka","Hospital","CL6","ZoneC","ABCH","OHUFCU",34991.3871103728,1,0,1,0,1
"780497","Fukuoka","Hospital","CL6","ZoneC","ABCH","OHUFCU",52589.2018125994,0,0,0,0,2
"780498","Fukuoka","Hospital","CL6","ZoneC","ABCH","OHUFCU",58333.5424168566,1,0,0,0,2
"780501","Fukuoka","Hospital","CL6","ZoneC","ABCH","OHUFCU",29466.3214097994,1,0,1,0,2
"780545","Fukuoka","Hospital","CL6","ZoneC","AHP","CAV",47778.8098609265,0,0,0,0,1
"780546","Fukuoka","Hospital","CL6","ZoneC","AHP","CAV",62563.7979281435,1,0,0,0,1
"780561","Fukuoka","Hospital","CL6","ZoneC","AHP","CAV",40234.6372694216,0,0,0,0,2
"780562","Fukuoka","Hospital","CL6","ZoneC","AHP","CAV",52685.1071251739,1,0,0,0,2
"780673","Fukuoka","Hospital","CL6","ZoneC","AHP","FCU",40921.8832727431,0,0,0,0,1
"780674","Fukuoka","Hospital","CL6","ZoneC","AHP","FCU",53585.0190359958,1,0,0,0,1
"780689","Fukuoka","Hospital","CL6","ZoneC","AHP","FCU",34460.4048249204,0,0,0,0,2
"780690","Fukuoka","Hospital","CL6","ZoneC","AHP","FCU",45124.0583485419,1,0,0,0,2
"780865","Fukuoka","Hospital","CL6","ZoneC","AHP","OHUFCU",41609.6814570161,0,0,0,0,1
"780866","Fukuoka","Hospital","CL6","ZoneC","AHP","OHUFCU",47455.9491727761,1,0,0,0,1
"780881","Fukuoka","Hospital","CL6","ZoneC","AHP","OHUFCU",35039.6011368282,0,0,0,0,2
"780882","Fukuoka","Hospital","CL6","ZoneC","AHP","OHUFCU",39962.7555981512,1,0,0,0,2
"781697","Fukuoka","Hospital","CL6","ZoneC","COM","CAV",40456.2963261022,0,0,0,0,1
"781698","Fukuoka","Hospital","CL6","ZoneC","COM","CAV",50811.9248143303,1,0,0,0,1
"781713","Fukuoka","Hospital","CL6","ZoneC","COM","CAV",34068.3330682149,0,0,0,0,2
"781714","Fukuoka","Hospital","CL6","ZoneC","COM","CAV",42788.8298142311,1,0,0,0,2
"782082","Fukuoka","Hospital","CL6","ZoneC","AHP+TESICE","CAV",65493.5377754418,1,0,0,0,1
"782098","Fukuoka","Hospital","CL6","ZoneC","AHP+TESICE","CAV",55152.2472735564,1,0,0,0,2
"782849","Fukuoka","Hospital","CL7","ZoneC","EHP","MUL",60242.859548129,0,0,0,0,1
"782850","Fukuoka","Hospital","CL7","ZoneC","EHP","MUL",82135.6014117382,1,0,0,0,1
"782853","Fukuoka","Hospital","CL7","ZoneC","EHP","MUL",52662.7146436815,1,0,1,0,1
"782865","Fukuoka","Hospital","CL7","ZoneC","EHP","MUL",50730.6399855282,0,0,0,0,2
"782866","Fukuoka","Hospital","CL7","ZoneC","EHP","MUL",69166.5644105892,1,0,0,0,2
"782869","Fukuoka","Hospital","CL7","ZoneC","EHP","MUL",44347.3838607348,1,0,1,0,2
"782914","Fukuoka","Hospital","CL7","ZoneC","GHP","MUL",36416.3579017393,1,0,0,0,1
"782930","Fukuoka","Hospital","CL7","ZoneC","GHP","MUL",30666.2923399468,1,0,0,0,2
"782977","Fukuoka","Hospital","CL7","ZoneC","ABCH","CAV",42121.9949058629,0,0,0,0,1
"782978","Fukuoka","Hospital","CL7","ZoneC","ABCH","CAV",57429.4681594786,1,0,0,0,1
"782981","Fukuoka","Hospital","CL7","ZoneC","ABCH","CAV",36821.93399498,1,0,1,0,1
"782993","Fukuoka","Hospital","CL7","ZoneC","ABCH","CAV",37317.7635230531,0,0,0,0,2
"782994","Fukuoka","Hospital","CL7","ZoneC","ABCH","CAV",50879.3402786305,1,0,0,0,2
"782997","Fukuoka","Hospital","CL7","ZoneC","ABCH","CAV",32622.2019720836,1,0,1,0,2
"783105","Fukuoka","Hospital","CL7","ZoneC","ABCH","FCU",38608.5488675586,0,0,0,0,1
"783106","Fukuoka","Hospital","CL7","ZoneC","ABCH","FCU",52639.2074456216,1,0,0,0,1
"783109","Fukuoka","Hospital","CL7","ZoneC","ABCH","FCU",33750.5723843419,1,0,1,0,1
"783121","Fukuoka","Hospital","CL7","ZoneC","ABCH","FCU",46856.750543679,0,0,0,0,2
"783122","Fukuoka","Hospital","CL7","ZoneC","ABCH","FCU",63884.8722483065,1,0,0,0,2
"783169","Fukuoka","Hospital","CL7","ZoneC","ABCH","CAVFCU",38198.2376590801,0,0,0,0,1
"783170","Fukuoka","Hospital","CL7","ZoneC","ABCH","CAVFCU",52079.7858290659,1,0,0,0,1
"783173","Fukuoka","Hospital","CL7","ZoneC","ABCH","CAVFCU",33391.8891769164,1,0,1,0,1
"783185","Fukuoka","Hospital","CL7","ZoneC","ABCH","CAVFCU",33841.5310847617,0,0,0,0,2
"783186","Fukuoka","Hospital","CL7","ZoneC","ABCH","CAVFCU",46139.8168876808,1,0,0,0,2
"783189","Fukuoka","Hospital","CL7","ZoneC","ABCH","CAVFCU",29583.3715064317,1,0,1,0,2
"783297","Fukuoka","Hospital","CL7","ZoneC","ABCH","OHUFCU",71422.6025247712,0,0,0,0,1
"783298","Fukuoka","Hospital","CL7","ZoneC","ABCH","OHUFCU",82446.1898771172,1,0,0,0,1
"783301","Fukuoka","Hospital","CL7","ZoneC","ABCH","OHUFCU",56619.6194790663,1,0,1,0,1
"783313","Fukuoka","Hospital","CL7","ZoneC","ABCH","OHUFCU",63276.4852941343,0,0,0,0,2
"783314","Fukuoka","Hospital","CL7","ZoneC","ABCH","OHUFCU",73042.7754926384,1,0,0,0,2
"783317","Fukuoka","Hospital","CL7","ZoneC","ABCH","OHUFCU",50161.8590289263,1,0,1,0,2
"783681","Fukuoka","Hospital","CL7","ZoneC","AHP","OHUFCU",38791.8034873542,0,0,0,0,1
"783682","Fukuoka","Hospital","CL7","ZoneC","AHP","OHUFCU",49830.8010673454,1,0,0,0,1
"783685","Fukuoka","Hospital","CL7","ZoneC","AHP","OHUFCU",32719.5507014036,1,0,1,0,1
"783697","Fukuoka","Hospital","CL7","ZoneC","AHP","OHUFCU",47055.8738777224,0,0,0,0,2
"783698","Fukuoka","Hospital","CL7","ZoneC","AHP","OHUFCU",60446.5809643341,1,0,0,0,2
"784450","Fukuoka","Hospital","CL7","ZoneC","AB","OHUFCU",59057.3929390061,1,0,0,0,1
"784514","Fukuoka","Hospital","CL7","ZoneC","COM","CAV",61741.2011727533,1,0,0,0,1
"784642","Fukuoka","Hospital","CL7","ZoneC","COM","FCU",56591.2936447419,1,0,0,0,1
"784706","Fukuoka","Hospital","CL7","ZoneC","COM","CAVFCU",55989.8713492708,1,0,0,0,1
"784833","Fukuoka","Hospital","CL7","ZoneC","COM","OHUFCU",44234.2565765937,0,0,0,0,1
"784834","Fukuoka","Hospital","CL7","ZoneC","COM","OHUFCU",51061.5097723736,1,0,0,0,1
"784849","Fukuoka","Hospital","CL7","ZoneC","COM","OHUFCU",76363.1860422441,0,0,0,0,2
"784850","Fukuoka","Hospital","CL7","ZoneC","COM","OHUFCU",98093.8855750866,1,0,0,0,2
"784853","Fukuoka","Hospital","CL7","ZoneC","COM","OHUFCU",64409.7183634279,1,0,1,0,2
"785218","Fukuoka","Hospital","CL7","ZoneC","AHP+TESICE","OHUFCU",60715.7127836229,1,0,0,0,1
"785234","Fukuoka","Hospital","CL7","ZoneC","AHP+TESICE","OHUFCU",53790.7717062443,1,0,0,0,2
"785602","Fukuoka","Hospital","CL7","ZoneC","COM+TESICE","OHUFCU",87129.9233396556,1,0,0,0,1
"785618","Fukuoka","Hospital","CL7","ZoneC","COM+TESICE","OHUFCU",77192.304928522,1,0,0,0,2
"785698","Fukuoka","Hospital","CL8","ZoneA","EHP","MUL",53978.048569614,1,0,0,0,3
"785762","Fukuoka","Hospital","CL8","ZoneA","GHP","MUL",11646.391694082,1,0,0,0,3
"785826","Fukuoka","Hospital","CL8","ZoneA","ABCH","CAV",89835.8787807746,1,0,0,0,3
"785890","Fukuoka","Hospital","CL8","ZoneA","ABCH","VAV",66567.3055860639,1,0,0,0,3
"785954","Fukuoka","Hospital","CL8","ZoneA","ABCH","FCU",60142.3460581759,1,0,0,0,3
"786018","Fukuoka","Hospital","CL8","ZoneA","ABCH","CAVFCU",54188.1242199225,1,0,0,0,3
"786021","Fukuoka","Hospital","CL8","ZoneA","ABCH","CAVFCU",52185.2396329821,1,0,1,0,3
"786145","Fukuoka","Hospital","CL8","ZoneA","ABCH","OHUFCU",51129.0596368036,0,0,0,0,3
"786146","Fukuoka","Hospital","CL8","ZoneA","ABCH","OHUFCU",69115.6064180027,1,0,0,0,3
"786149","Fukuoka","Hospital","CL8","ZoneA","ABCH","OHUFCU",63073.2356552124,1,0,1,0,3
"786530","Fukuoka","Hospital","CL8","ZoneA","AHP","OHUFCU",66174.0432514649,1,0,0,0,3
"787170","Fukuoka","Hospital","CL8","ZoneA","AB","CAVFCU",103980.69810261,1,0,0,0,3
"787297","Fukuoka","Hospital","CL8","ZoneA","AB","OHUFCU",46853.9301968915,0,0,0,0,3
"787298","Fukuoka","Hospital","CL8","ZoneA","AB","OHUFCU",68405.680437038,1,0,0,0,3
"787301","Fukuoka","Hospital","CL8","ZoneA","AB","OHUFCU",63934.9048358656,1,0,1,0,3
"787361","Fukuoka","Hospital","CL8","ZoneA","COM","CAV",50445.7994465478,0,0,0,0,3
"787362","Fukuoka","Hospital","CL8","ZoneA","COM","CAV",82105.338235741,1,0,0,0,3
"787365","Fukuoka","Hospital","CL8","ZoneA","COM","CAV",79070.5862707075,1,0,1,0,3
"787426","Fukuoka","Hospital","CL8","ZoneA","COM","VAV",79880.8413812995,1,0,0,0,3
"787429","Fukuoka","Hospital","CL8","ZoneA","COM","VAV",76928.3105768542,1,0,1,0,3
"787490","Fukuoka","Hospital","CL8","ZoneA","COM","FCU",72170.8827400424,1,0,0,0,3
"787493","Fukuoka","Hospital","CL8","ZoneA","COM","FCU",69503.3250279641,1,0,1,0,3
"787553","Fukuoka","Hospital","CL8","ZoneA","COM","CAVFCU",44659.7945443858,0,0,0,0,3
"787554","Fukuoka","Hospital","CL8","ZoneA","COM","CAVFCU",72688.0647513742,1,0,0,0,3
"787557","Fukuoka","Hospital","CL8","ZoneA","COM","CAVFCU",70001.3911187127,1,0,1,0,3
"787562","Fukuoka","Hospital","CL8","ZoneA","COM","CAVFCU",32209.7483877867,1,1,0,0,3
"787565","Fukuoka","Hospital","CL8","ZoneA","COM","CAVFCU",31019.2216898465,1,1,1,0,3
"787618","Fukuoka","Hospital","CL8","ZoneA","COM","VAVFCU",92478.1397441576,1,0,0,0,3
"787681","Fukuoka","Hospital","CL8","ZoneA","COM","OHUFCU",76069.0651196471,0,0,0,0,3
"787682","Fukuoka","Hospital","CL8","ZoneA","COM","OHUFCU",101366.267374941,1,0,0,0,3
"787685","Fukuoka","Hospital","CL8","ZoneA","COM","OHUFCU",92068.7711006279,1,0,1,0,3
"787688","Fukuoka","Hospital","CL8","ZoneA","COM","OHUFCU",42904.9284999479,1,0,1,1,3
"787689","Fukuoka","Hospital","CL8","ZoneA","COM","OHUFCU",33707.9471847086,0,1,0,0,3
"787690","Fukuoka","Hospital","CL8","ZoneA","COM","OHUFCU",44917.7176242573,1,1,0,0,3
"787693","Fukuoka","Hospital","CL8","ZoneA","COM","OHUFCU",40797.7838131658,1,1,1,0,3
"788130","Fukuoka","Hospital","CL8","ZoneA","COM+TESICE","CAV",86630.3457156921,1,0,0,0,3
"788194","Fukuoka","Hospital","CL8","ZoneA","COM+TESICE","VAV",64192.0441425787,1,0,0,0,3
"788322","Fukuoka","Hospital","CL8","ZoneA","COM+TESICE","CAVFCU",102577.738544818,1,0,0,0,3
"788449","Fukuoka","Hospital","CL8","ZoneA","COM+TESICE","OHUFCU",48543.3613310936,0,0,0,0,3
"788450","Fukuoka","Hospital","CL8","ZoneA","COM+TESICE","OHUFCU",66855.1945167818,1,0,0,0,3
"788453","Fukuoka","Hospital","CL8","ZoneA","COM+TESICE","OHUFCU",61378.1776415151,1,0,1,0,3
"788517","Fukuoka","Hospital","CL9","ZoneA","EHP","MUL",26241.0300579495,1,0,1,0,3
"788973","Fukuoka","Hospital","CL9","ZoneA","ABCH","OHUFCU",78910.564557367,1,1,1,0,3
"790117","Fukuoka","Hospital","CL9","ZoneA","AB","OHUFCU",58190.1942659723,1,0,1,0,3
"790122","Fukuoka","Hospital","CL9","ZoneA","AB","OHUFCU",50033.1009453107,1,1,0,0,3
"790125","Fukuoka","Hospital","CL9","ZoneA","AB","OHUFCU",89620.934399365,1,1,1,0,3
"790189","Fukuoka","Hospital","CL9","ZoneA","COM","CAV",65316.360045039,1,1,1,0,3
"790317","Fukuoka","Hospital","CL9","ZoneA","COM","FCU",56278.5245117581,1,1,1,0,3
"790373","Fukuoka","Hospital","CL9","ZoneA","COM","CAVFCU",63887.7723653595,1,0,1,0,3
"790378","Fukuoka","Hospital","CL9","ZoneA","COM","CAVFCU",49013.3595398661,1,1,0,0,3
"790381","Fukuoka","Hospital","CL9","ZoneA","COM","CAVFCU",94960.8073669036,1,1,1,0,3
"790445","Fukuoka","Hospital","CL9","ZoneA","COM","VAVFCU",112717.119039806,1,1,1,0,3
"790497","Fukuoka","Hospital","CL9","ZoneA","COM","OHUFCU",30487.3854029983,0,0,0,0,3
"790498","Fukuoka","Hospital","CL9","ZoneA","COM","OHUFCU",38934.0009233053,1,0,0,0,3
"790501","Fukuoka","Hospital","CL9","ZoneA","COM","OHUFCU",63043.4002324222,1,0,1,0,3
"790504","Fukuoka","Hospital","CL9","ZoneA","COM","OHUFCU",27808.0578031326,1,0,1,1,3
"790505","Fukuoka","Hospital","CL9","ZoneA","COM","OHUFCU",45315.5060066613,0,1,0,0,3
"790506","Fukuoka","Hospital","CL9","ZoneA","COM","OHUFCU",57870.2938734094,1,1,0,0,3
"790509","Fukuoka","Hospital","CL9","ZoneA","COM","OHUFCU",93705.7587638108,1,1,1,0,3
"790512","Fukuoka","Hospital","CL9","ZoneA","COM","OHUFCU",41333.0363937183,1,1,1,1,3
"791149","Fukuoka","Hospital","CL9","ZoneA","COM+TESICE","CAVFCU",99697.2189761601,1,1,1,0,3
"791269","Fukuoka","Hospital","CL9","ZoneA","COM+TESICE","OHUFCU",55497.4458600275,1,0,1,0,3
"791274","Fukuoka","Hospital","CL9","ZoneA","COM+TESICE","OHUFCU",49992.4734980745,1,1,0,0,3
"791277","Fukuoka","Hospital","CL9","ZoneA","COM+TESICE","OHUFCU",85642.1686824807,1,1,1,0,3
"791297","Naha","Hospital","CL1","ZoneC","EHP","MUL",12072.9216515655,0,0,0,0,1
"791313","Naha","Hospital","CL1","ZoneC","EHP","MUL",3972.52319648155,0,0,0,0,2
"794113","Naha","Hospital","CL2","ZoneC","EHP","MUL",32163.5215139034,0,0,0,0,1
"794114","Naha","Hospital","CL2","ZoneC","EHP","MUL",26507.2924256587,1,0,0,0,1
"794129","Naha","Hospital","CL2","ZoneC","EHP","MUL",19305.2830174824,0,0,0,0,2
"796929","Naha","Hospital","CL3","ZoneC","EHP","MUL",34619.0220374613,0,0,0,0,1
"796930","Naha","Hospital","CL3","ZoneC","EHP","MUL",30776.6738099058,1,0,0,0,1
"796945","Naha","Hospital","CL3","ZoneC","EHP","MUL",25328.7448171589,0,0,0,0,2
"796993","Naha","Hospital","CL3","ZoneC","GHP","MUL",11581.0608852038,0,0,0,0,1
"799745","Naha","Hospital","CL4","ZoneC","EHP","MUL",35352.798434381,0,0,0,0,1
"799746","Naha","Hospital","CL4","ZoneC","EHP","MUL",36231.7499077391,1,0,0,0,1
"799762","Naha","Hospital","CL4","ZoneC","EHP","MUL",27785.9783013727,1,0,0,0,2
"799810","Naha","Hospital","CL4","ZoneC","GHP","MUL",12860.0030054174,1,0,0,0,1
"802562","Naha","Hospital","CL5","ZoneC","EHP","MUL",46313.6199559657,1,0,0,0,1
"802578","Naha","Hospital","CL5","ZoneC","EHP","MUL",39000.7977382879,1,0,0,0,2
"802690","Naha","Hospital","CL5","ZoneC","ABCH","CAV",49703.3219255125,1,0,0,0,1
"802706","Naha","Hospital","CL5","ZoneC","ABCH","CAV",41855.2729668075,1,0,0,0,2
"805378","Naha","Hospital","CL6","ZoneC","EHP","MUL",29355.7324620657,1,0,0,0,1
"805394","Naha","Hospital","CL6","ZoneC","EHP","MUL",24720.5246599353,1,0,0,0,2
"805505","Naha","Hospital","CL6","ZoneC","ABCH","CAV",42471.4845361061,0,0,0,0,1
"805506","Naha","Hospital","CL6","ZoneC","ABCH","CAV",52571.8675640123,1,0,0,0,1
"805521","Naha","Hospital","CL6","ZoneC","ABCH","CAV",35765.3273402598,0,0,0,0,2
"805522","Naha","Hospital","CL6","ZoneC","ABCH","CAV",44270.8813419799,1,0,0,0,2
"808194","Naha","Hospital","CL7","ZoneC","EHP","MUL",14005.342485125,1,0,0,0,1
"808210","Naha","Hospital","CL7","ZoneC","EHP","MUL",11793.9286550512,1,0,0,0,2
"808642","Naha","Hospital","CL7","ZoneC","ABCH","OHUFCU",84259.0282301912,1,0,0,0,1
"808658","Naha","Hospital","CL7","ZoneC","ABCH","OHUFCU",70954.7066447156,1,0,0,0,2
"811042","Naha","Hospital","CL8","ZoneA","EHP","MUL",7245.11635292444,1,0,0,0,3
"811490","Naha","Hospital","CL8","ZoneA","ABCH","OHUFCU",80693.6507271522,1,0,0,0,3
"813025","Naha","Hospital","CL8","ZoneA","COM","OHUFCU",53628.9575640721,0,0,0,0,3
"813026","Naha","Hospital","CL8","ZoneA","COM","OHUFCU",81725.9154072564,1,0,0,0,3
"813029","Naha","Hospital","CL8","ZoneA","COM","OHUFCU",77550.0399264502,1,0,1,0,3
"813861","Naha","Hospital","CL9","ZoneA","EHP","MUL",3178.71929513047,1,0,1,0,3
"815845","Naha","Hospital","CL9","ZoneA","COM","OHUFCU",66844.8253287897,1,0,1,0,3
"815853","Naha","Hospital","CL9","ZoneA","COM","OHUFCU",100169.906623246,1,1,1,0,3
"816673","Sapporo","Retail","ConvenienceDrug","ZoneC","EHP","MUL",370879.51477654,0,0,0,0,3
"816674","Sapporo","Retail","ConvenienceDrug","ZoneC","EHP","MUL",160750.277886241,1,0,0,0,3
"816737","Sapporo","Retail","ConvenienceDrug","ZoneC","GHP","MUL",68810.5627738835,0,0,0,0,3
"816738","Sapporo","Retail","ConvenienceDrug","ZoneC","GHP","MUL",29824.5566193512,1,0,0,0,3
"819489","Sapporo","Retail","ConvenienceStore","ZoneC","EHP","MUL",332013.445190693,0,0,0,0,3
"819490","Sapporo","Retail","ConvenienceStore","ZoneC","EHP","MUL",130004.050682183,1,0,0,0,3
"819553","Sapporo","Retail","ConvenienceStore","ZoneC","GHP","MUL",88233.0509805156,0,0,0,0,3
"822305","Sapporo","Retail","HomeCenter","ZoneC","EHP","MUL",327940.514751232,0,0,0,0,3
"822306","Sapporo","Retail","HomeCenter","ZoneC","EHP","MUL",164005.037238859,1,0,0,0,3
"822309","Sapporo","Retail","HomeCenter","ZoneC","EHP","MUL",51711.7180324635,1,0,1,0,3
"822369","Sapporo","Retail","HomeCenter","ZoneC","GHP","MUL",85386.3827802772,0,0,0,0,3
"822370","Sapporo","Retail","HomeCenter","ZoneC","GHP","MUL",42702.2470773207,1,0,0,0,3
"822433","Sapporo","Retail","HomeCenter","ZoneC","ABCH","CAV",98184.4935462119,0,0,0,0,3
"822561","Sapporo","Retail","HomeCenter","ZoneC","ABCH","FCU",77004.1737453086,0,0,0,0,3
"822753","Sapporo","Retail","HomeCenter","ZoneC","ABCH","OHUFCU",62495.9616963831,0,0,0,0,3
"822817","Sapporo","Retail","HomeCenter","ZoneC","AHP","CAV",69824.300222398,0,0,0,0,3
"822818","Sapporo","Retail","HomeCenter","ZoneC","AHP","CAV",41541.287001504,1,0,0,0,3
"822821","Sapporo","Retail","HomeCenter","ZoneC","AHP","CAV",32048.0795491786,1,0,1,0,3
"825121","Sapporo","Retail","HousingClothingSuper","ZoneC","EHP","MUL",697024.578486298,0,0,0,0,3
"825122","Sapporo","Retail","HousingClothingSuper","ZoneC","EHP","MUL",348586.212465278,1,0,0,0,3
"825125","Sapporo","Retail","HousingClothingSuper","ZoneC","EHP","MUL",109911.209024364,1,0,1,0,3
"825185","Sapporo","Retail","HousingClothingSuper","ZoneC","GHP","MUL",164222.807563441,0,0,0,0,3
"825186","Sapporo","Retail","HousingClothingSuper","ZoneC","GHP","MUL",82128.8204976539,1,0,0,0,3
"825189","Sapporo","Retail","HousingClothingSuper","ZoneC","GHP","MUL",25895.682714477,1,0,1,0,3
"825249","Sapporo","Retail","HousingClothingSuper","ZoneC","ABCH","CAV",87331.8325954584,0,0,0,0,3
"825250","Sapporo","Retail","HousingClothingSuper","ZoneC","ABCH","CAV",39184.166661881,1,0,0,0,3
"825253","Sapporo","Retail","HousingClothingSuper","ZoneC","ABCH","CAV",45432.4407517488,1,0,1,0,3
"825314","Sapporo","Retail","HousingClothingSuper","ZoneC","ABCH","VAV",51270.3318025394,1,0,0,0,3
"825377","Sapporo","Retail","HousingClothingSuper","ZoneC","ABCH","FCU",89897.5046476125,0,0,0,0,3
"825378","Sapporo","Retail","HousingClothingSuper","ZoneC","ABCH","FCU",44958.2864398331,1,0,0,0,3
"825569","Sapporo","Retail","HousingClothingSuper","ZoneC","ABCH","OHUFCU",46327.3312540666,0,0,0,0,3
"825570","Sapporo","Retail","HousingClothingSuper","ZoneC","ABCH","OHUFCU",26863.7091772071,1,0,0,0,3
"825573","Sapporo","Retail","HousingClothingSuper","ZoneC","ABCH","OHUFCU",36256.8238132266,1,0,1,0,3
"825633","Sapporo","Retail","HousingClothingSuper","ZoneC","AHP","CAV",55779.497805481,0,0,0,0,3
"825634","Sapporo","Retail","HousingClothingSuper","ZoneC","AHP","CAV",30778.3713624797,1,0,0,0,3
"825637","Sapporo","Retail","HousingClothingSuper","ZoneC","AHP","CAV",29971.0448986629,1,0,1,0,3
"825761","Sapporo","Retail","HousingClothingSuper","ZoneC","AHP","FCU",57696.5306289184,0,0,0,0,3
"825762","Sapporo","Retail","HousingClothingSuper","ZoneC","AHP","FCU",33694.8125561952,1,0,0,0,3
"825953","Sapporo","Retail","HousingClothingSuper","ZoneC","AHP","OHUFCU",74172.47150744,0,0,0,0,3
"826401","Sapporo","Retail","HousingClothingSuper","ZoneC","AB","CAV",60394.1812056914,0,0,0,0,3
"827937","Sapporo","Retail","LargeDepartment","ZoneC","EHP","MUL",7047.20922934162,0,0,0,0,3
"827953","Sapporo","Retail","LargeDepartment","ZoneC","EHP","MUL",2310.64387307904,0,0,0,0,4
"828069","Sapporo","Retail","LargeDepartment","ZoneC","ABCH","CAV",63278.270704275,1,0,1,0,3
"828085","Sapporo","Retail","LargeDepartment","ZoneC","ABCH","CAV",20747.7234950111,1,0,1,0,4
"830753","Sapporo","Retail","LargeGeneral","ZoneC","EHP","MUL",15507.4152256022,0,0,0,0,3
"830769","Sapporo","Retail","LargeGeneral","ZoneC","EHP","MUL",5084.58211076529,0,0,0,0,4
"830881","Sapporo","Retail","LargeGeneral","ZoneC","ABCH","CAV",56599.6047640057,0,0,0,0,3
"830885","Sapporo","Retail","LargeGeneral","ZoneC","ABCH","CAV",82644.5111171584,1,0,1,0,3
"830901","Sapporo","Retail","LargeGeneral","ZoneC","ABCH","CAV",45655.4577496459,1,0,1,0,4
"833569","Sapporo","Retail","LargeGrocery","ZoneC","EHP","MUL",240344.26224073,0,0,0,0,3
"833570","Sapporo","Retail","LargeGrocery","ZoneC","EHP","MUL",115023.966336054,1,0,0,0,3
"833633","Sapporo","Retail","LargeGrocery","ZoneC","GHP","MUL",72954.6172277628,0,0,0,0,3
"833697","Sapporo","Retail","LargeGrocery","ZoneC","ABCH","CAV",62715.893654103,0,0,0,0,3
"833698","Sapporo","Retail","LargeGrocery","ZoneC","ABCH","CAV",35968.6877308472,1,0,0,0,3
"836385","Sapporo","Retail","MediumDepartment","ZoneC","EHP","MUL",55069.4669751949,0,0,0,0,3
"836401","Sapporo","Retail","MediumDepartment","ZoneC","EHP","MUL",18056.2152078818,0,0,0,0,4
"836513","Sapporo","Retail","MediumDepartment","ZoneC","ABCH","CAV",49142.6475441161,0,0,0,0,3
"836517","Sapporo","Retail","MediumDepartment","ZoneC","ABCH","CAV",69226.64194954,1,0,1,0,3
"836533","Sapporo","Retail","MediumDepartment","ZoneC","ABCH","CAV",68687.1667933358,1,0,1,0,4
"836641","Sapporo","Retail","MediumDepartment","ZoneC","ABCH","FCU",91119.0013688812,0,0,0,0,3
"839201","Sapporo","Retail","MediumGeneral","ZoneC","EHP","MUL",89735.2584111663,0,0,0,0,3
"839217","Sapporo","Retail","MediumGeneral","ZoneC","EHP","MUL",39214.6321758315,0,0,0,0,4
"839265","Sapporo","Retail","MediumGeneral","ZoneC","GHP","MUL",29865.0491111269,0,0,0,0,3
"839329","Sapporo","Retail","MediumGeneral","ZoneC","ABCH","CAV",48231.2725948652,0,0,0,0,3
"839333","Sapporo","Retail","MediumGeneral","ZoneC","ABCH","CAV",62185.5324398969,1,0,1,0,3
"839345","Sapporo","Retail","MediumGeneral","ZoneC","ABCH","CAV",55890.4919865604,0,0,0,0,4
"839346","Sapporo","Retail","MediumGeneral","ZoneC","ABCH","CAV",36205.9849809439,1,0,0,0,4
"839349","Sapporo","Retail","MediumGeneral","ZoneC","ABCH","CAV",57078.8596127157,1,0,1,0,4
"839457","Sapporo","Retail","MediumGeneral","ZoneC","ABCH","FCU",84997.2915453647,0,0,0,0,3
"839653","Sapporo","Retail","MediumGeneral","ZoneC","ABCH","OHUFCU",70198.904466238,1,0,1,0,3
"839713","Sapporo","Retail","MediumGeneral","ZoneC","AHP","CAV",46410.645243561,0,0,0,0,3
"839714","Sapporo","Retail","MediumGeneral","ZoneC","AHP","CAV",30064.9191824674,1,0,0,0,3
"839717","Sapporo","Retail","MediumGeneral","ZoneC","AHP","CAV",47397.4482999678,1,0,1,0,3
"840869","Sapporo","Retail","MediumGeneral","ZoneC","COM","CAV",65482.3268648307,1,0,1,0,3
"842017","Sapporo","Retail","MediumGrocery","ZoneC","EHP","MUL",260372.950784341,0,0,0,0,3
"842018","Sapporo","Retail","MediumGrocery","ZoneC","EHP","MUL",124609.296875331,1,0,0,0,3
"842081","Sapporo","Retail","MediumGrocery","ZoneC","GHP","MUL",79034.1686705583,0,0,0,0,3
"842145","Sapporo","Retail","MediumGrocery","ZoneC","ABCH","CAV",67942.2181314237,0,0,0,0,3
"842146","Sapporo","Retail","MediumGrocery","ZoneC","ABCH","CAV",38966.078378609,1,0,0,0,3
"844833","Sapporo","Retail","SmallGeneral","ZoneC","EHP","MUL",433378.598240756,0,0,0,0,3
"844834","Sapporo","Retail","SmallGeneral","ZoneC","EHP","MUL",216735.26126199,1,0,0,0,3
"844837","Sapporo","Retail","SmallGeneral","ZoneC","EHP","MUL",68337.8566095454,1,0,1,0,3
"844897","Sapporo","Retail","SmallGeneral","ZoneC","GHP","MUL",112839.46085843,0,0,0,0,3
"844898","Sapporo","Retail","SmallGeneral","ZoneC","GHP","MUL",56431.697663639,1,0,0,0,3
"844961","Sapporo","Retail","SmallGeneral","ZoneC","ABCH","CAV",62109.2366229881,0,0,0,0,3
"844962","Sapporo","Retail","SmallGeneral","ZoneC","ABCH","CAV",34271.0355064296,1,0,0,0,3
"844965","Sapporo","Retail","SmallGeneral","ZoneC","ABCH","CAV",33372.0953519655,1,0,1,0,3
"845089","Sapporo","Retail","SmallGeneral","ZoneC","ABCH","FCU",64243.8102554027,0,0,0,0,3
"845090","Sapporo","Retail","SmallGeneral","ZoneC","ABCH","FCU",37518.4282461274,1,0,0,0,3
"845281","Sapporo","Retail","SmallGeneral","ZoneC","ABCH","OHUFCU",46195.0985494844,0,0,0,0,3
"845285","Sapporo","Retail","SmallGeneral","ZoneC","ABCH","OHUFCU",36394.3073256393,1,0,1,0,3
"845345","Sapporo","Retail","SmallGeneral","ZoneC","AHP","CAV",48714.4056710276,0,0,0,0,3
"845346","Sapporo","Retail","SmallGeneral","ZoneC","AHP","CAV",28488.7581370719,1,0,0,0,3
"845349","Sapporo","Retail","SmallGeneral","ZoneC","AHP","CAV",29015.2524895059,1,0,1,0,3
"845473","Sapporo","Retail","SmallGeneral","ZoneC","AHP","FCU",51866.5766444541,0,0,0,0,3
"845474","Sapporo","Retail","SmallGeneral","ZoneC","AHP","FCU",31438.4452395019,1,0,0,0,3
"847649","Sapporo","Retail","SmallGrocery","ZoneC","EHP","MUL",309789.293077172,0,0,0,0,3
"847650","Sapporo","Retail","SmallGrocery","ZoneC","EHP","MUL",141608.027480391,1,0,0,0,3
"847713","Sapporo","Retail","SmallGrocery","ZoneC","GHP","MUL",60040.7383090994,0,0,0,0,3
"847714","Sapporo","Retail","SmallGrocery","ZoneC","GHP","MUL",27445.2691245849,1,0,0,0,3
"850465","Sapporo","Retail","SpecialityShop","ZoneC","EHP","MUL",1382957.4900391,0,0,0,0,3
"850466","Sapporo","Retail","SpecialityShop","ZoneC","EHP","MUL",541514.442353632,1,0,0,0,3
"850469","Sapporo","Retail","SpecialityShop","ZoneC","EHP","MUL",28022.2469063125,1,0,1,0,3
"850529","Sapporo","Retail","SpecialityShop","ZoneC","GHP","MUL",267953.77017032,0,0,0,0,3
"850530","Sapporo","Retail","SpecialityShop","ZoneC","GHP","MUL",104920.67722648,1,0,0,0,3
"853281","Sapporo","Retail","SuperDrugStore","ZoneC","EHP","MUL",99586.2156334903,0,0,0,0,3
"853282","Sapporo","Retail","SuperDrugStore","ZoneC","EHP","MUL",47659.9749366538,1,0,0,0,3
"853345","Sapporo","Retail","SuperDrugStore","ZoneC","GHP","MUL",30228.61529944,0,0,0,0,3
"856097","Sendai","Retail","ConvenienceDrug","ZoneC","EHP","MUL",685006.028114045,0,0,0,0,3
"856098","Sendai","Retail","ConvenienceDrug","ZoneC","EHP","MUL",297158.702337782,1,0,0,0,3
"856101","Sendai","Retail","ConvenienceDrug","ZoneC","EHP","MUL",31604.1992021863,1,0,1,0,3
"856161","Sendai","Retail","ConvenienceDrug","ZoneC","GHP","MUL",140208.673239365,0,0,0,0,3
"856162","Sendai","Retail","ConvenienceDrug","ZoneC","GHP","MUL",60823.1543757679,1,0,0,0,3
"858913","Sendai","Retail","ConvenienceStore","ZoneC","EHP","MUL",419741.724606623,0,0,0,0,3
"858914","Sendai","Retail","ConvenienceStore","ZoneC","EHP","MUL",164277.59468738,1,0,0,0,3
"858977","Sendai","Retail","ConvenienceStore","ZoneC","GHP","MUL",79947.6149407925,0,0,0,0,3
"858978","Sendai","Retail","ConvenienceStore","ZoneC","GHP","MUL",31289.7220207854,1,0,0,0,3
"861729","Sendai","Retail","HomeCenter","ZoneC","EHP","MUL",839499.068249322,0,0,0,0,3
"861730","Sendai","Retail","HomeCenter","ZoneC","EHP","MUL",419326.540257282,1,0,0,0,3
"861733","Sendai","Retail","HomeCenter","ZoneC","EHP","MUL",136755.103035356,1,0,1,0,3
"861793","Sendai","Retail","HomeCenter","ZoneC","GHP","MUL",198469.893636176,0,0,0,0,3
"861794","Sendai","Retail","HomeCenter","ZoneC","GHP","MUL",99134.9448633003,1,0,0,0,3
"861797","Sendai","Retail","HomeCenter","ZoneC","GHP","MUL",32330.9123025383,1,0,1,0,3
"861857","Sendai","Retail","HomeCenter","ZoneC","ABCH","CAV",109502.822092735,0,0,0,0,3
"861858","Sendai","Retail","HomeCenter","ZoneC","ABCH","CAV",49074.024289392,1,0,0,0,3
"861861","Sendai","Retail","HomeCenter","ZoneC","ABCH","CAV",58815.7079325218,1,0,1,0,3
"861922","Sendai","Retail","HomeCenter","ZoneC","ABCH","VAV",59298.7300163567,1,0,0,0,3
"861985","Sendai","Retail","HomeCenter","ZoneC","ABCH","FCU",125006.703431411,0,0,0,0,3
"861986","Sendai","Retail","HomeCenter","ZoneC","ABCH","FCU",62440.3652623158,1,0,0,0,3
"862177","Sendai","Retail","HomeCenter","ZoneC","ABCH","OHUFCU",60957.2393808311,0,0,0,0,3
"862178","Sendai","Retail","HomeCenter","ZoneC","ABCH","OHUFCU",35304.9481986407,1,0,0,0,3
"862181","Sendai","Retail","HomeCenter","ZoneC","ABCH","OHUFCU",49201.7233966485,1,0,1,0,3
"862241","Sendai","Retail","HomeCenter","ZoneC","AHP","CAV",69630.9029341983,0,0,0,0,3
"862242","Sendai","Retail","HomeCenter","ZoneC","AHP","CAV",37518.0125645566,1,0,0,0,3
"862245","Sendai","Retail","HomeCenter","ZoneC","AHP","CAV",38476.1879685953,1,0,1,0,3
"862369","Sendai","Retail","HomeCenter","ZoneC","AHP","FCU",79839.7409027661,0,0,0,0,3
"862370","Sendai","Retail","HomeCenter","ZoneC","AHP","FCU",45725.7314715377,1,0,0,0,3
"862561","Sendai","Retail","HomeCenter","ZoneC","AHP","OHUFCU",39112.9962454233,0,0,0,0,3
"862562","Sendai","Retail","HomeCenter","ZoneC","AHP","OHUFCU",26574.6137580753,1,0,0,0,3
"862565","Sendai","Retail","HomeCenter","ZoneC","AHP","OHUFCU",31754.5363176806,1,0,1,0,3
"864545","Sendai","Retail","HousingClothingSuper","ZoneC","EHP","MUL",1517292.02483536,0,0,0,0,3
"864546","Sendai","Retail","HousingClothingSuper","ZoneC","EHP","MUL",757881.502669186,1,0,0,0,3
"864549","Sendai","Retail","HousingClothingSuper","ZoneC","EHP","MUL",247168.144717296,1,0,1,0,3
"864609","Sendai","Retail","HousingClothingSuper","ZoneC","GHP","MUL",358710.090544922,0,0,0,0,3
"864610","Sendai","Retail","HousingClothingSuper","ZoneC","GHP","MUL",179174.30395397,1,0,0,0,3
"864613","Sendai","Retail","HousingClothingSuper","ZoneC","GHP","MUL",58434.1749117032,1,0,1,0,3
"864673","Sendai","Retail","HousingClothingSuper","ZoneC","ABCH","CAV",190202.900665411,0,0,0,0,3
"864674","Sendai","Retail","HousingClothingSuper","ZoneC","ABCH","CAV",85240.0110680478,1,0,0,0,3
"864677","Sendai","Retail","HousingClothingSuper","ZoneC","ABCH","CAV",102161.004069661,1,0,1,0,3
"864738","Sendai","Retail","HousingClothingSuper","ZoneC","ABCH","VAV",102999.997984841,1,0,0,0,3
"864801","Sendai","Retail","HousingClothingSuper","ZoneC","ABCH","FCU",195855.4843869,0,0,0,0,3
"864802","Sendai","Retail","HousingClothingSuper","ZoneC","ABCH","FCU",97829.0575469488,1,0,0,0,3
"864805","Sendai","Retail","HousingClothingSuper","ZoneC","ABCH","FCU",31905.0228408537,1,0,1,0,3
"864993","Sendai","Retail","HousingClothingSuper","ZoneC","ABCH","OHUFCU",105880.775720748,0,0,0,0,3
"864994","Sendai","Retail","HousingClothingSuper","ZoneC","ABCH","OHUFCU",61323.5661592052,1,0,0,0,3
"864997","Sendai","Retail","HousingClothingSuper","ZoneC","ABCH","OHUFCU",85461.8203342235,1,0,1,0,3
"865057","Sendai","Retail","HousingClothingSuper","ZoneC","AHP","CAV",115017.638837804,0,0,0,0,3
"865058","Sendai","Retail","HousingClothingSuper","ZoneC","AHP","CAV",51545.5062633438,1,0,0,0,3
"865061","Sendai","Retail","HousingClothingSuper","ZoneC","AHP","CAV",61777.803746862,1,0,1,0,3
"865122","Sendai","Retail","HousingClothingSuper","ZoneC","AHP","VAV",62285.1519459993,1,0,0,0,3
"865185","Sendai","Retail","HousingClothingSuper","ZoneC","AHP","FCU",131302.331691525,0,0,0,0,3
"865186","Sendai","Retail","HousingClothingSuper","ZoneC","AHP","FCU",65585.0072481195,1,0,0,0,3
"865377","Sendai","Retail","HousingClothingSuper","ZoneC","AHP","OHUFCU",64027.1876985636,0,0,0,0,3
"865378","Sendai","Retail","HousingClothingSuper","ZoneC","AHP","OHUFCU",37082.9874837355,1,0,0,0,3
"865381","Sendai","Retail","HousingClothingSuper","ZoneC","AHP","OHUFCU",51679.6365945775,1,0,1,0,3
"865825","Sendai","Retail","HousingClothingSuper","ZoneC","AB","CAV",68877.3582114864,0,0,0,0,3
"867361","Sendai","Retail","LargeDepartment","ZoneC","EHP","MUL",9690.39271177356,0,0,0,0,3
"867377","Sendai","Retail","LargeDepartment","ZoneC","EHP","MUL",3177.29271524429,0,0,0,0,4
"867493","Sendai","Retail","LargeDepartment","ZoneC","ABCH","CAV",85916.5552695676,1,0,1,0,3
"867509","Sendai","Retail","LargeDepartment","ZoneC","ABCH","CAV",28170.3800141366,1,0,1,0,4
"870177","Sendai","Retail","LargeGeneral","ZoneC","EHP","MUL",20789.3530106557,0,0,0,0,3
"870193","Sendai","Retail","LargeGeneral","ZoneC","EHP","MUL",6816.42755253302,0,0,0,0,4
"870309","Sendai","Retail","LargeGeneral","ZoneC","ABCH","CAV",101520.942873071,1,0,1,0,3
"870325","Sendai","Retail","LargeGeneral","ZoneC","ABCH","CAV",60435.525367993,1,0,1,0,4
"870433","Sendai","Retail","LargeGeneral","ZoneC","ABCH","FCU",82800.7507966221,0,0,0,0,3
"872993","Sendai","Retail","LargeGrocery","ZoneC","EHP","MUL",310843.715609414,0,0,0,0,3
"872994","Sendai","Retail","LargeGrocery","ZoneC","EHP","MUL",148290.03087339,1,0,0,0,3
"872997","Sendai","Retail","LargeGrocery","ZoneC","EHP","MUL",31655.967514512,1,0,1,0,3
"873057","Sendai","Retail","LargeGrocery","ZoneC","GHP","MUL",72262.4868708831,0,0,0,0,3
"873058","Sendai","Retail","LargeGrocery","ZoneC","GHP","MUL",34473.2927544076,1,0,0,0,3
"873121","Sendai","Retail","LargeGrocery","ZoneC","ABCH","CAV",77651.4565687475,0,0,0,0,3
"873122","Sendai","Retail","LargeGrocery","ZoneC","ABCH","CAV",43477.2462602879,1,0,0,0,3
"875809","Sendai","Retail","MediumDepartment","ZoneC","EHP","MUL",56419.631790471,0,0,0,0,3
"875825","Sendai","Retail","MediumDepartment","ZoneC","EHP","MUL",24605.2552610114,0,0,0,0,4
"875873","Sendai","Retail","MediumDepartment","ZoneC","GHP","MUL",18623.6857825847,0,0,0,0,3
"875937","Sendai","Retail","MediumDepartment","ZoneC","ABCH","CAV",42782.5759218531,0,0,0,0,3
"875941","Sendai","Retail","MediumDepartment","ZoneC","ABCH","CAV",59966.5537356396,1,0,1,0,3
"875953","Sendai","Retail","MediumDepartment","ZoneC","ABCH","CAV",46747.663383349,0,0,0,0,4
"875957","Sendai","Retail","MediumDepartment","ZoneC","ABCH","CAV",46574.0406442125,1,0,1,0,4
"876065","Sendai","Retail","MediumDepartment","ZoneC","ABCH","FCU",87468.2775873491,0,0,0,0,3
"876321","Sendai","Retail","MediumDepartment","ZoneC","AHP","CAV",47289.5716958211,0,0,0,0,3
"876325","Sendai","Retail","MediumDepartment","ZoneC","AHP","CAV",47113.936286986,1,0,1,0,3
"878625","Sendai","Retail","MediumGeneral","ZoneC","EHP","MUL",82990.734169644,0,0,0,0,3
"878626","Sendai","Retail","MediumGeneral","ZoneC","EHP","MUL",46283.6235365734,1,0,0,0,3
"878641","Sendai","Retail","MediumGeneral","ZoneC","EHP","MUL",56378.0455334699,0,0,0,0,4
"878689","Sendai","Retail","MediumGeneral","ZoneC","GHP","MUL",42672.4695157027,0,0,0,0,3
"878753","Sendai","Retail","MediumGeneral","ZoneC","ABCH","CAV",64379.8456730531,0,0,0,0,3
"878757","Sendai","Retail","MediumGeneral","ZoneC","ABCH","CAV",82496.6774360271,1,0,1,0,3
"878769","Sendai","Retail","MediumGeneral","ZoneC","ABCH","CAV",54266.0452714445,0,0,0,0,4
"878770","Sendai","Retail","MediumGeneral","ZoneC","ABCH","CAV",34574.7269400696,1,0,0,0,4
"878773","Sendai","Retail","MediumGeneral","ZoneC","ABCH","CAV",54064.4989536132,1,0,1,0,4
"878881","Sendai","Retail","MediumGeneral","ZoneC","ABCH","FCU",77378.1184838897,0,0,0,0,3
"878882","Sendai","Retail","MediumGeneral","ZoneC","ABCH","FCU",47654.9259535127,1,0,0,0,3
"879077","Sendai","Retail","MediumGeneral","ZoneC","ABCH","OHUFCU",98221.9673163428,1,0,1,0,3
"879137","Sendai","Retail","MediumGeneral","ZoneC","AHP","CAV",41315.2737944092,0,0,0,0,3
"879141","Sendai","Retail","MediumGeneral","ZoneC","AHP","CAV",57909.8974923946,1,0,1,0,3
"879153","Sendai","Retail","MediumGeneral","ZoneC","AHP","CAV",70922.8408831031,0,0,0,0,4
"879265","Sendai","Retail","MediumGeneral","ZoneC","AHP","FCU",84468.4023572505,0,0,0,0,3
"880289","Sendai","Retail","MediumGeneral","ZoneC","COM","CAV",49255.0045306321,0,0,0,0,3
"880293","Sendai","Retail","MediumGeneral","ZoneC","COM","CAV",49072.0694236374,1,0,1,0,3
"881441","Sendai","Retail","MediumGrocery","ZoneC","EHP","MUL",336747.358602925,0,0,0,0,3
"881442","Sendai","Retail","MediumGrocery","ZoneC","EHP","MUL",160647.533458604,1,0,0,0,3
"881445","Sendai","Retail","MediumGrocery","ZoneC","EHP","MUL",34293.9648100418,1,0,1,0,3
"881505","Sendai","Retail","MediumGrocery","ZoneC","GHP","MUL",78284.360782848,0,0,0,0,3
"881506","Sendai","Retail","MediumGrocery","ZoneC","GHP","MUL",37346.0671534983,1,0,0,0,3
"881569","Sendai","Retail","MediumGrocery","ZoneC","ABCH","CAV",76718.5778269064,0,0,0,0,3
"881953","Sendai","Retail","MediumGrocery","ZoneC","AHP","CAV",54504.18358137,0,0,0,0,3
"884257","Sendai","Retail","SmallGeneral","ZoneC","EHP","MUL",623203.779922929,0,0,0,0,3
"884258","Sendai","Retail","SmallGeneral","ZoneC","EHP","MUL",311287.879634347,1,0,0,0,3
"884261","Sendai","Retail","SmallGeneral","ZoneC","EHP","MUL",101520.418972129,1,0,1,0,3
"884321","Sendai","Retail","SmallGeneral","ZoneC","GHP","MUL",163340.502164916,0,0,0,0,3
"884322","Sendai","Retail","SmallGeneral","ZoneC","GHP","MUL",81587.949584668,1,0,0,0,3
"884385","Sendai","Retail","SmallGeneral","ZoneC","ABCH","CAV",85480.0121448351,0,0,0,0,3
"884386","Sendai","Retail","SmallGeneral","ZoneC","ABCH","CAV",46057.7133790588,1,0,0,0,3
"884389","Sendai","Retail","SmallGeneral","ZoneC","ABCH","CAV",47233.9848579956,1,0,1,0,3
"884513","Sendai","Retail","SmallGeneral","ZoneC","ABCH","FCU",98012.5452122647,0,0,0,0,3
"884514","Sendai","Retail","SmallGeneral","ZoneC","ABCH","FCU",56133.6406223569,1,0,0,0,3
"884705","Sendai","Retail","SmallGeneral","ZoneC","ABCH","OHUFCU",48015.7409022713,0,0,0,0,3
"884706","Sendai","Retail","SmallGeneral","ZoneC","ABCH","OHUFCU",32623.4216570659,1,0,0,0,3
"884709","Sendai","Retail","SmallGeneral","ZoneC","ABCH","OHUFCU",38982.3775896465,1,0,1,0,3
"884769","Sendai","Retail","SmallGeneral","ZoneC","AHP","CAV",51690.6373684637,0,0,0,0,3
"884770","Sendai","Retail","SmallGeneral","ZoneC","AHP","CAV",27851.5702157796,1,0,0,0,3
"884773","Sendai","Retail","SmallGeneral","ZoneC","AHP","CAV",28562.8736063496,1,0,1,0,3
"884897","Sendai","Retail","SmallGeneral","ZoneC","AHP","FCU",59269.188258222,0,0,0,0,3
"884898","Sendai","Retail","SmallGeneral","ZoneC","AHP","FCU",33944.5864451393,1,0,0,0,3
"885089","Sendai","Retail","SmallGeneral","ZoneC","AHP","OHUFCU",72336.3684462445,0,0,0,0,3
"887073","Sendai","Retail","SmallGrocery","ZoneC","EHP","MUL",390721.774386935,0,0,0,0,3
"887074","Sendai","Retail","SmallGrocery","ZoneC","EHP","MUL",176804.805145633,1,0,0,0,3
"887137","Sendai","Retail","SmallGrocery","ZoneC","GHP","MUL",79942.0806324432,0,0,0,0,3
"887138","Sendai","Retail","SmallGrocery","ZoneC","GHP","MUL",36174.446666897,1,0,0,0,3
"887201","Sendai","Retail","SmallGrocery","ZoneC","ABCH","CAV",51205.6735059476,0,0,0,0,3
"889889","Sendai","Retail","SpecialityShop","ZoneC","EHP","MUL",2570006.2764843,0,0,0,0,3
"889890","Sendai","Retail","SpecialityShop","ZoneC","EHP","MUL",1005843.41437103,1,0,0,0,3
"889893","Sendai","Retail","SpecialityShop","ZoneC","EHP","MUL",52111.7152686612,1,0,1,0,3
"889953","Sendai","Retail","SpecialityShop","ZoneC","GHP","MUL",496639.155477738,0,0,0,0,3
"889954","Sendai","Retail","SpecialityShop","ZoneC","GHP","MUL",194373.542363263,1,0,0,0,3
"892705","Sendai","Retail","SuperDrugStore","ZoneC","EHP","MUL",158160.12414925,0,0,0,0,3
"892706","Sendai","Retail","SuperDrugStore","ZoneC","EHP","MUL",75451.3233347835,1,0,0,0,3
"892769","Sendai","Retail","SuperDrugStore","ZoneC","GHP","MUL",50805.2619390008,0,0,0,0,3
"892833","Sendai","Retail","SuperDrugStore","ZoneC","ABCH","CAV",57656.1626960035,0,0,0,0,3
"895489","Tokyo","Retail","ConvenienceDrug","ZoneC","EHP","MUL",1242423.76362633,0,0,0,0,1
"895490","Tokyo","Retail","ConvenienceDrug","ZoneC","EHP","MUL",540420.710787283,1,0,0,0,1
"895493","Tokyo","Retail","ConvenienceDrug","ZoneC","EHP","MUL",56991.51353557,1,0,1,0,1
"895505","Tokyo","Retail","ConvenienceDrug","ZoneC","EHP","MUL",436263.071602387,0,0,0,0,2
"895506","Tokyo","Retail","ConvenienceDrug","ZoneC","EHP","MUL",189762.628619935,1,0,0,0,2
"895553","Tokyo","Retail","ConvenienceDrug","ZoneC","GHP","MUL",245050.213712347,0,0,0,0,1
"895554","Tokyo","Retail","ConvenienceDrug","ZoneC","GHP","MUL",106590.210643163,1,0,0,0,1
"895569","Tokyo","Retail","ConvenienceDrug","ZoneC","GHP","MUL",83381.1995382808,0,0,0,0,2
"895570","Tokyo","Retail","ConvenienceDrug","ZoneC","GHP","MUL",36268.5650741676,1,0,0,0,2
"895617","Tokyo","Retail","ConvenienceDrug","ZoneC","ABCH","CAV",74710.8493375552,0,0,0,0,1
"898305","Tokyo","Retail","ConvenienceStore","ZoneC","EHP","MUL",1383194.8882041,0,0,0,0,1
"898306","Tokyo","Retail","ConvenienceStore","ZoneC","EHP","MUL",545249.976482702,1,0,0,0,1
"898309","Tokyo","Retail","ConvenienceStore","ZoneC","EHP","MUL",27744.579710165,1,0,1,0,1
"898321","Tokyo","Retail","ConvenienceStore","ZoneC","EHP","MUL",461680.061682204,0,0,0,0,2
"898322","Tokyo","Retail","ConvenienceStore","ZoneC","EHP","MUL",181992.461743114,1,0,0,0,2
"898369","Tokyo","Retail","ConvenienceStore","ZoneC","GHP","MUL",266118.498425091,0,0,0,0,1
"898370","Tokyo","Retail","ConvenienceStore","ZoneC","GHP","MUL",104902.863830192,1,0,0,0,1
"898385","Tokyo","Retail","ConvenienceStore","ZoneC","GHP","MUL",87564.712048755,0,0,0,0,2
"898386","Tokyo","Retail","ConvenienceStore","ZoneC","GHP","MUL",34517.6645695161,1,0,0,0,2
"901121","Tokyo","Retail","HomeCenter","ZoneC","EHP","MUL",1075808.2755625,0,0,0,0,1
"901122","Tokyo","Retail","HomeCenter","ZoneC","EHP","MUL",542874.187774221,1,0,0,0,1
"901125","Tokyo","Retail","HomeCenter","ZoneC","EHP","MUL",172896.082768436,1,0,1,0,1
"901137","Tokyo","Retail","HomeCenter","ZoneC","EHP","MUL",905940.433943231,0,0,0,0,2
"901138","Tokyo","Retail","HomeCenter","ZoneC","EHP","MUL",457155.506627432,1,0,0,0,2
"901141","Tokyo","Retail","HomeCenter","ZoneC","EHP","MUL",145596.158542677,1,0,1,0,2
"901185","Tokyo","Retail","HomeCenter","ZoneC","GHP","MUL",257533.890127903,0,0,0,0,1
"901186","Tokyo","Retail","HomeCenter","ZoneC","GHP","MUL",129956.707531757,1,0,0,0,1
"901189","Tokyo","Retail","HomeCenter","ZoneC","GHP","MUL",41388.9740343833,1,0,1,0,1
"901201","Tokyo","Retail","HomeCenter","ZoneC","GHP","MUL",216869.835896708,0,0,0,0,2
"901202","Tokyo","Retail","HomeCenter","ZoneC","GHP","MUL",109436.819449632,1,0,0,0,2
"901205","Tokyo","Retail","HomeCenter","ZoneC","GHP","MUL",34853.7429474309,1,0,1,0,2
"901249","Tokyo","Retail","HomeCenter","ZoneC","ABCH","CAV",132526.334352119,0,0,0,0,1
"901250","Tokyo","Retail","HomeCenter","ZoneC","ABCH","CAV",60027.3886497966,1,0,0,0,1
"901253","Tokyo","Retail","HomeCenter","ZoneC","ABCH","CAV",70097.0469790004,1,0,1,0,1
"901265","Tokyo","Retail","HomeCenter","ZoneC","ABCH","CAV",111600.707653126,0,0,0,0,2
"901266","Tokyo","Retail","HomeCenter","ZoneC","ABCH","CAV",50549.1914843672,1,0,0,0,2
"901269","Tokyo","Retail","HomeCenter","ZoneC","ABCH","CAV",59028.8721520487,1,0,1,0,2
"901314","Tokyo","Retail","HomeCenter","ZoneC","ABCH","VAV",90325.8152999354,1,0,0,0,1
"901330","Tokyo","Retail","HomeCenter","ZoneC","ABCH","VAV",76063.5609224275,1,0,0,0,2
"901377","Tokyo","Retail","HomeCenter","ZoneC","ABCH","FCU",111393.372003703,0,0,0,0,1
"901378","Tokyo","Retail","HomeCenter","ZoneC","ABCH","FCU",56211.3043035695,1,0,0,0,1
"901393","Tokyo","Retail","HomeCenter","ZoneC","ABCH","FCU",93804.5951716347,0,0,0,0,2
"901394","Tokyo","Retail","HomeCenter","ZoneC","ABCH","FCU",47335.6587507794,1,0,0,0,2
"901569","Tokyo","Retail","HomeCenter","ZoneC","ABCH","OHUFCU",63543.7077725342,0,0,0,0,1
"901570","Tokyo","Retail","HomeCenter","ZoneC","ABCH","OHUFCU",37203.4430671228,1,0,0,0,1
"901573","Tokyo","Retail","HomeCenter","ZoneC","ABCH","OHUFCU",50394.9713716509,1,0,1,0,1
"901585","Tokyo","Retail","HomeCenter","ZoneC","ABCH","OHUFCU",53510.2912865324,0,0,0,0,2
"901586","Tokyo","Retail","HomeCenter","ZoneC","ABCH","OHUFCU",31329.0984295403,1,0,0,0,2
"901589","Tokyo","Retail","HomeCenter","ZoneC","ABCH","OHUFCU",42437.7124345123,1,0,1,0,2
"901633","Tokyo","Retail","HomeCenter","ZoneC","AHP","CAV",85216.8805802715,0,0,0,0,1
"901634","Tokyo","Retail","HomeCenter","ZoneC","AHP","CAV",38598.7195308967,1,0,0,0,1
"901637","Tokyo","Retail","HomeCenter","ZoneC","AHP","CAV",45073.6958102824,1,0,1,0,1
"901649","Tokyo","Retail","HomeCenter","ZoneC","AHP","CAV",76609.7074018845,0,0,0,0,2
"901650","Tokyo","Retail","HomeCenter","ZoneC","AHP","CAV",45405.8200013852,1,0,0,0,2
"901653","Tokyo","Retail","HomeCenter","ZoneC","AHP","CAV",42302.0956169894,1,0,1,0,2
"901698","Tokyo","Retail","HomeCenter","ZoneC","AHP","VAV",58081.1674401166,1,0,0,0,1
"901761","Tokyo","Retail","HomeCenter","ZoneC","AHP","FCU",71627.9954914607,0,0,0,0,1
"901762","Tokyo","Retail","HomeCenter","ZoneC","AHP","FCU",36144.9068180767,1,0,0,0,1
"901777","Tokyo","Retail","HomeCenter","ZoneC","AHP","FCU",65146.0586807552,0,0,0,0,2
"901778","Tokyo","Retail","HomeCenter","ZoneC","AHP","FCU",39709.5334802432,1,0,0,0,2
"901953","Tokyo","Retail","HomeCenter","ZoneC","AHP","OHUFCU",54201.378814647,0,0,0,0,1
"901957","Tokyo","Retail","HomeCenter","ZoneC","AHP","OHUFCU",42985.7971688705,1,0,1,0,1
"901969","Tokyo","Retail","HomeCenter","ZoneC","AHP","OHUFCU",37413.9946906667,0,0,0,0,2
"901970","Tokyo","Retail","HomeCenter","ZoneC","AHP","OHUFCU",27221.2237941461,1,0,0,0,2
"901973","Tokyo","Retail","HomeCenter","ZoneC","AHP","OHUFCU",29921.1929119791,1,0,1,0,2
"902785","Tokyo","Retail","HomeCenter","ZoneC","COM","CAV",86986.7064654794,0,0,0,0,1
"902801","Tokyo","Retail","HomeCenter","ZoneC","COM","CAV",73251.6902804311,0,0,0,0,2
"903169","Tokyo","Retail","HomeCenter","ZoneC","AHP+TESICE","CAV",74607.4979493535,0,0,0,0,1
"903185","Tokyo","Retail","HomeCenter","ZoneC","AHP+TESICE","CAV",62827.1324946964,0,0,0,0,2
"903937","Tokyo","Retail","HousingClothingSuper","ZoneC","EHP","MUL",2298013.48433087,0,0,0,0,1
"903938","Tokyo","Retail","HousingClothingSuper","ZoneC","EHP","MUL",1159623.17091123,1,0,0,0,1
"903941","Tokyo","Retail","HousingClothingSuper","ZoneC","EHP","MUL",369320.016042923,1,0,1,0,1
"903944","Tokyo","Retail","HousingClothingSuper","ZoneC","EHP","MUL",34967.8383953158,1,0,1,1,1
"903953","Tokyo","Retail","HousingClothingSuper","ZoneC","EHP","MUL",1935162.03629645,0,0,0,0,2
"903954","Tokyo","Retail","HousingClothingSuper","ZoneC","EHP","MUL",976521.135345102,1,0,0,0,2
"903957","Tokyo","Retail","HousingClothingSuper","ZoneC","EHP","MUL",311005.1699713,1,0,1,0,2
"903960","Tokyo","Retail","HousingClothingSuper","ZoneC","EHP","MUL",29446.4909868309,1,0,1,1,2
"904001","Tokyo","Retail","HousingClothingSuper","ZoneC","GHP","MUL",555139.736697814,0,0,0,0,1
"904002","Tokyo","Retail","HousingClothingSuper","ZoneC","GHP","MUL",280134.518860663,1,0,0,0,1
"904005","Tokyo","Retail","HousingClothingSuper","ZoneC","GHP","MUL",89218.0215047775,1,0,1,0,1
"904017","Tokyo","Retail","HousingClothingSuper","ZoneC","GHP","MUL",467484.351428872,0,0,0,0,2
"904018","Tokyo","Retail","HousingClothingSuper","ZoneC","GHP","MUL",235901.873357883,1,0,0,0,2
"904021","Tokyo","Retail","HousingClothingSuper","ZoneC","GHP","MUL",75130.6854144933,1,0,1,0,2
"904065","Tokyo","Retail","HousingClothingSuper","ZoneC","ABCH","CAV",278094.938879837,0,0,0,0,1
"904066","Tokyo","Retail","HousingClothingSuper","ZoneC","ABCH","CAV",125962.232784073,1,0,0,0,1
"904069","Tokyo","Retail","HousingClothingSuper","ZoneC","ABCH","CAV",147092.531386918,1,0,1,0,1
"904081","Tokyo","Retail","HousingClothingSuper","ZoneC","ABCH","CAV",234184.338723819,0,0,0,0,2
"904082","Tokyo","Retail","HousingClothingSuper","ZoneC","ABCH","CAV",106073.063780064,1,0,0,0,2
"904085","Tokyo","Retail","HousingClothingSuper","ZoneC","ABCH","CAV",123866.933115752,1,0,1,0,2
"904129","Tokyo","Retail","HousingClothingSuper","ZoneC","ABCH","VAV",42127.222941267,0,0,0,0,1
"904130","Tokyo","Retail","HousingClothingSuper","ZoneC","ABCH","VAV",110005.310784138,1,0,0,0,1
"904133","Tokyo","Retail","HousingClothingSuper","ZoneC","ABCH","VAV",37408.3013690461,1,0,1,0,1
"904145","Tokyo","Retail","HousingClothingSuper","ZoneC","ABCH","VAV",35475.4239200102,0,0,0,0,2
"904146","Tokyo","Retail","HousingClothingSuper","ZoneC","ABCH","VAV",92635.7058703,1,0,0,0,2
"904149","Tokyo","Retail","HousingClothingSuper","ZoneC","ABCH","VAV",31501.6100407233,1,0,1,0,2
"904193","Tokyo","Retail","HousingClothingSuper","ZoneC","ABCH","FCU",211191.31707107,0,0,0,0,1
"904194","Tokyo","Retail","HousingClothingSuper","ZoneC","ABCH","FCU",106571.326252328,1,0,0,0,1
"904197","Tokyo","Retail","HousingClothingSuper","ZoneC","ABCH","FCU",33941.1326959748,1,0,1,0,1
"904209","Tokyo","Retail","HousingClothingSuper","ZoneC","ABCH","FCU",177844.656690682,0,0,0,0,2
"904210","Tokyo","Retail","HousingClothingSuper","ZoneC","ABCH","FCU",89743.9402020389,1,0,0,0,2
"904213","Tokyo","Retail","HousingClothingSuper","ZoneC","ABCH","FCU",28581.8999366211,1,0,1,0,2
"904385","Tokyo","Retail","HousingClothingSuper","ZoneC","ABCH","OHUFCU",133340.921376799,0,0,0,0,1
"904386","Tokyo","Retail","HousingClothingSuper","ZoneC","ABCH","OHUFCU",78068.1762341796,1,0,0,0,1
"904389","Tokyo","Retail","HousingClothingSuper","ZoneC","ABCH","OHUFCU",105749.446341842,1,0,1,0,1
"904401","Tokyo","Retail","HousingClothingSuper","ZoneC","ABCH","OHUFCU",112286.673116849,0,0,0,0,2
"904402","Tokyo","Retail","HousingClothingSuper","ZoneC","ABCH","OHUFCU",65741.3770290715,1,0,0,0,2
"904405","Tokyo","Retail","HousingClothingSuper","ZoneC","ABCH","OHUFCU",89051.8333836884,1,0,1,0,2
"904449","Tokyo","Retail","HousingClothingSuper","ZoneC","AHP","CAV",178820.1817575,0,0,0,0,1
"904450","Tokyo","Retail","HousingClothingSuper","ZoneC","AHP","CAV",80996.0420414595,1,0,0,0,1
"904453","Tokyo","Retail","HousingClothingSuper","ZoneC","AHP","CAV",94583.214292673,1,0,1,0,1
"904465","Tokyo","Retail","HousingClothingSuper","ZoneC","AHP","CAV",150584.854884569,0,0,0,0,2
"904466","Tokyo","Retail","HousingClothingSuper","ZoneC","AHP","CAV",68206.9390443736,1,0,0,0,2
"904469","Tokyo","Retail","HousingClothingSuper","ZoneC","AHP","CAV",79648.725657225,1,0,1,0,2
"904514","Tokyo","Retail","HousingClothingSuper","ZoneC","AHP","VAV",121878.257542484,1,0,0,0,1
"904530","Tokyo","Retail","HousingClothingSuper","ZoneC","AHP","VAV",102633.939554472,1,0,0,0,2
"904577","Tokyo","Retail","HousingClothingSuper","ZoneC","AHP","FCU",150305.093139888,0,0,0,0,1
"904578","Tokyo","Retail","HousingClothingSuper","ZoneC","AHP","FCU",75846.9303593904,1,0,0,0,1
"904593","Tokyo","Retail","HousingClothingSuper","ZoneC","AHP","FCU",126572.238191633,0,0,0,0,2
"904594","Tokyo","Retail","HousingClothingSuper","ZoneC","AHP","FCU",63870.8611598299,1,0,0,0,2
"904769","Tokyo","Retail","HousingClothingSuper","ZoneC","AHP","OHUFCU",85740.6750815211,0,0,0,0,1
"904770","Tokyo","Retail","HousingClothingSuper","ZoneC","AHP","OHUFCU",50199.2791379228,1,0,0,0,1
"904773","Tokyo","Retail","HousingClothingSuper","ZoneC","AHP","OHUFCU",67998.8470547971,1,0,1,0,1
"904785","Tokyo","Retail","HousingClothingSuper","ZoneC","AHP","OHUFCU",72202.4046053419,0,0,0,0,2
"904786","Tokyo","Retail","HousingClothingSuper","ZoneC","AHP","OHUFCU",42272.9195888262,1,0,0,0,2
"904789","Tokyo","Retail","HousingClothingSuper","ZoneC","AHP","OHUFCU",57261.9735391535,1,0,1,0,2
"905601","Tokyo","Retail","HousingClothingSuper","ZoneC","COM","CAV",86426.4406742767,0,0,0,0,1
"905602","Tokyo","Retail","HousingClothingSuper","ZoneC","COM","CAV",54358.9880119881,1,0,0,0,1
"905605","Tokyo","Retail","HousingClothingSuper","ZoneC","COM","CAV",41748.5781293335,1,0,1,0,1
"905617","Tokyo","Retail","HousingClothingSuper","ZoneC","COM","CAV",72779.8892676157,0,0,0,0,2
"905618","Tokyo","Retail","HousingClothingSuper","ZoneC","COM","CAV",45775.8192671892,1,0,0,0,2
"905621","Tokyo","Retail","HousingClothingSuper","ZoneC","COM","CAV",35156.5663196127,1,0,1,0,2
"905985","Tokyo","Retail","HousingClothingSuper","ZoneC","AHP+TESICE","CAV",74126.9644222582,0,0,0,0,1
"905986","Tokyo","Retail","HousingClothingSuper","ZoneC","AHP+TESICE","CAV",46623.0789901533,1,0,0,0,1
"905989","Tokyo","Retail","HousingClothingSuper","ZoneC","AHP+TESICE","CAV",35807.2754301688,1,0,1,0,1
"906001","Tokyo","Retail","HousingClothingSuper","ZoneC","AHP+TESICE","CAV",62422.4741908427,0,0,0,0,2
"906002","Tokyo","Retail","HousingClothingSuper","ZoneC","AHP+TESICE","CAV",39261.3938482901,1,0,0,0,2
"906005","Tokyo","Retail","HousingClothingSuper","ZoneC","AHP+TESICE","CAV",30153.3826969035,1,0,1,0,2
"906369","Tokyo","Retail","HousingClothingSuper","ZoneC","COM+TESICE","CAV",72354.607839137,0,0,0,0,1
"906385","Tokyo","Retail","HousingClothingSuper","ZoneC","COM+TESICE","CAV",60929.9689475869,0,0,0,0,2
"906785","Tokyo","Retail","LargeDepartment","ZoneC","EHP","MUL",54583.7433846984,0,0,0,0,3
"906849","Tokyo","Retail","LargeDepartment","ZoneC","GHP","MUL",22767.2342075332,0,0,0,0,3
"906917","Tokyo","Retail","LargeDepartment","ZoneC","ABCH","CAV",145858.963022637,1,0,1,0,3
"907041","Tokyo","Retail","LargeDepartment","ZoneC","ABCH","FCU",81078.3182402283,0,0,0,0,3
"907301","Tokyo","Retail","LargeDepartment","ZoneC","AHP","CAV",97519.27647305,1,0,1,0,3
"908449","Tokyo","Retail","LargeDepartment","ZoneC","COM","CAV",57435.6720684005,0,0,0,0,3
"908450","Tokyo","Retail","LargeDepartment","ZoneC","COM","CAV",44521.0965741079,1,0,0,0,3
"908453","Tokyo","Retail","LargeDepartment","ZoneC","COM","CAV",85187.9500960225,1,0,1,0,3
"908837","Tokyo","Retail","LargeDepartment","ZoneC","AHP+TESICE","CAV",92138.274538938,1,0,1,0,3
"909221","Tokyo","Retail","LargeDepartment","ZoneC","COM+TESICE","CAV",81238.7732919783,1,0,1,0,3
"909601","Tokyo","Retail","LargeGeneral","ZoneC","EHP","MUL",96119.6873336195,0,0,0,0,3
"909665","Tokyo","Retail","LargeGeneral","ZoneC","GHP","MUL",40092.1464483663,0,0,0,0,3
"909733","Tokyo","Retail","LargeGeneral","ZoneC","ABCH","CAV",95288.3434779125,1,0,1,0,3
"909741","Tokyo","Retail","LargeGeneral","ZoneC","ABCH","CAV",65107.1323687817,1,1,1,0,3
"909796","Tokyo","Retail","LargeGeneral","ZoneC","ABCH","VAV",65402.1257821775,0,0,0,1,3
"909857","Tokyo","Retail","LargeGeneral","ZoneC","ABCH","FCU",89158.6993729885,0,0,0,0,3
"910053","Tokyo","Retail","LargeGeneral","ZoneC","ABCH","OHUFCU",84670.7521592305,1,0,1,0,3
"910113","Tokyo","Retail","LargeGeneral","ZoneC","AHP","CAV",69155.9813781783,0,0,0,0,3
"910117","Tokyo","Retail","LargeGeneral","ZoneC","AHP","CAV",102571.382528088,1,0,1,0,3
"911269","Tokyo","Retail","LargeGeneral","ZoneC","COM","CAV",132270.758013942,1,0,1,0,3
"911332","Tokyo","Retail","LargeGeneral","ZoneC","COM","VAV",53934.1194461137,0,0,0,1,3
"911393","Tokyo","Retail","LargeGeneral","ZoneC","COM","FCU",73525.0709993482,0,0,0,0,3
"911589","Tokyo","Retail","LargeGeneral","ZoneC","COM","OHUFCU",69824.0677337839,1,0,1,0,3
"911649","Tokyo","Retail","LargeGeneral","ZoneC","AHP+TESICE","CAV",65340.0335675501,0,0,0,0,3
"911653","Tokyo","Retail","LargeGeneral","ZoneC","AHP+TESICE","CAV",96911.6111707734,1,0,1,0,3
"912033","Tokyo","Retail","LargeGeneral","ZoneC","COM+TESICE","CAV",57610.6314172533,0,0,0,0,3
"912037","Tokyo","Retail","LargeGeneral","ZoneC","COM+TESICE","CAV",85447.447856598,1,0,1,0,3
"912385","Tokyo","Retail","LargeGrocery","ZoneC","EHP","MUL",660829.025642044,0,0,0,0,1
"912386","Tokyo","Retail","LargeGrocery","ZoneC","EHP","MUL",315302.031048121,1,0,0,0,1
"912389","Tokyo","Retail","LargeGrocery","ZoneC","EHP","MUL",67020.3202324031,1,0,1,0,1
"912401","Tokyo","Retail","LargeGrocery","ZoneC","EHP","MUL",556485.526140253,0,0,0,0,2
"912402","Tokyo","Retail","LargeGrocery","ZoneC","EHP","MUL",265516.510069198,1,0,0,0,2
"912405","Tokyo","Retail","LargeGrocery","ZoneC","EHP","MUL",56437.9540235564,1,0,1,0,2
"912449","Tokyo","Retail","LargeGrocery","ZoneC","GHP","MUL",148648.099931406,0,0,0,0,1
"912450","Tokyo","Retail","LargeGrocery","ZoneC","GHP","MUL",70924.6204406343,1,0,0,0,1
"912465","Tokyo","Retail","LargeGrocery","ZoneC","GHP","MUL",125176.880691202,0,0,0,0,2
"912466","Tokyo","Retail","LargeGrocery","ZoneC","GHP","MUL",59725.7735219146,1,0,0,0,2
"912513","Tokyo","Retail","LargeGrocery","ZoneC","ABCH","CAV",95522.24298592,0,0,0,0,1
"912514","Tokyo","Retail","LargeGrocery","ZoneC","ABCH","CAV",57157.2054168964,1,0,0,0,1
"912529","Tokyo","Retail","LargeGrocery","ZoneC","ABCH","CAV",80439.483714371,0,0,0,0,2
"912530","Tokyo","Retail","LargeGrocery","ZoneC","ABCH","CAV",48132.204087472,1,0,0,0,2
"912897","Tokyo","Retail","LargeGrocery","ZoneC","AHP","CAV",70099.5177463666,0,0,0,0,1
"912898","Tokyo","Retail","LargeGrocery","ZoneC","AHP","CAV",41945.126184328,1,0,0,0,1
"912913","Tokyo","Retail","LargeGrocery","ZoneC","AHP","CAV",59030.9527904959,0,0,0,0,2
"912914","Tokyo","Retail","LargeGrocery","ZoneC","AHP","CAV",35322.0798542055,1,0,0,0,2
"915233","Tokyo","Retail","MediumDepartment","ZoneC","EHP","MUL",259863.640161368,0,0,0,0,3
"915234","Tokyo","Retail","MediumDepartment","ZoneC","EHP","MUL",147036.659625824,1,0,0,0,3
"915237","Tokyo","Retail","MediumDepartment","ZoneC","EHP","MUL",96374.2731545131,1,0,1,0,3
"915297","Tokyo","Retail","MediumDepartment","ZoneC","GHP","MUL",86662.0529385165,0,0,0,0,3
"915298","Tokyo","Retail","MediumDepartment","ZoneC","GHP","MUL",49035.3278068571,1,0,0,0,3
"915301","Tokyo","Retail","MediumDepartment","ZoneC","GHP","MUL",32139.9036696365,1,0,1,0,3
"915361","Tokyo","Retail","MediumDepartment","ZoneC","ABCH","CAV",99528.044443241,0,0,0,0,3
"915362","Tokyo","Retail","MediumDepartment","ZoneC","ABCH","CAV",50934.9245977406,1,0,0,0,3
"915365","Tokyo","Retail","MediumDepartment","ZoneC","ABCH","CAV",116320.36381187,1,0,1,0,3
"915368","Tokyo","Retail","MediumDepartment","ZoneC","ABCH","CAV",30151.7745232989,1,0,1,1,3
"915369","Tokyo","Retail","MediumDepartment","ZoneC","ABCH","CAV",35493.1956622552,0,1,0,0,3
"915373","Tokyo","Retail","MediumDepartment","ZoneC","ABCH","CAV",41481.5889870503,1,1,1,0,3
"915426","Tokyo","Retail","MediumDepartment","ZoneC","ABCH","VAV",61331.3463878032,1,0,0,0,3
"915428","Tokyo","Retail","MediumDepartment","ZoneC","ABCH","VAV",36851.4570457628,0,0,0,1,3
"915429","Tokyo","Retail","MediumDepartment","ZoneC","ABCH","VAV",38475.1319273223,1,0,1,0,3
"915489","Tokyo","Retail","MediumDepartment","ZoneC","ABCH","FCU",115818.166151263,0,0,0,0,3
"915490","Tokyo","Retail","MediumDepartment","ZoneC","ABCH","FCU",65532.5087584225,1,0,0,0,3
"915493","Tokyo","Retail","MediumDepartment","ZoneC","ABCH","FCU",42952.8793408164,1,0,1,0,3
"915681","Tokyo","Retail","MediumDepartment","ZoneC","ABCH","OHUFCU",62959.0722294137,0,0,0,0,3
"915682","Tokyo","Retail","MediumDepartment","ZoneC","ABCH","OHUFCU",41673.2927948694,1,0,0,0,3
"915685","Tokyo","Retail","MediumDepartment","ZoneC","ABCH","OHUFCU",103078.455206441,1,0,1,0,3
"915745","Tokyo","Retail","MediumDepartment","ZoneC","AHP","CAV",84506.5233783623,0,0,0,0,3
"915749","Tokyo","Retail","MediumDepartment","ZoneC","AHP","CAV",98764.4196049,1,0,1,0,3
"915810","Tokyo","Retail","MediumDepartment","ZoneC","AHP","VAV",66982.5249716332,1,0,0,0,3
"915873","Tokyo","Retail","MediumDepartment","ZoneC","AHP","FCU",70213.4515915052,0,0,0,0,3
"915874","Tokyo","Retail","MediumDepartment","ZoneC","AHP","FCU",39728.3412808485,1,0,0,0,3
"916065","Tokyo","Retail","MediumDepartment","ZoneC","AHP","OHUFCU",38604.4920517991,0,0,0,0,3
"916069","Tokyo","Retail","MediumDepartment","ZoneC","AHP","OHUFCU",63204.4161996039,1,0,1,0,3
"916897","Tokyo","Retail","MediumDepartment","ZoneC","COM","CAV",70110.2069053154,0,0,0,0,3
"916901","Tokyo","Retail","MediumDepartment","ZoneC","COM","CAV",81939.1641800272,1,0,1,0,3
"916962","Tokyo","Retail","MediumDepartment","ZoneC","COM","VAV",55571.5523140796,1,0,0,0,3
"917025","Tokyo","Retail","MediumDepartment","ZoneC","COM","FCU",91212.3885550316,0,0,0,0,3
"917221","Tokyo","Retail","MediumDepartment","ZoneC","COM","OHUFCU",84465.0014810309,1,0,1,0,3
"917281","Tokyo","Retail","MediumDepartment","ZoneC","AHP+TESICE","CAV",51877.0334640579,0,0,0,0,3
"917285","Tokyo","Retail","MediumDepartment","ZoneC","AHP+TESICE","CAV",63242.4287630078,1,0,1,0,3
"917409","Tokyo","Retail","MediumDepartment","ZoneC","AHP+TESICE","FCU",69058.6290752085,0,0,0,0,3
"917605","Tokyo","Retail","MediumDepartment","ZoneC","AHP+TESICE","OHUFCU",63950.0543678468,1,0,1,0,3
"917665","Tokyo","Retail","MediumDepartment","ZoneC","COM+TESICE","CAV",59568.2667058947,0,0,0,0,3
"917666","Tokyo","Retail","MediumDepartment","ZoneC","COM+TESICE","CAV",42017.9533941255,1,0,0,0,3
"917669","Tokyo","Retail","MediumDepartment","ZoneC","COM+TESICE","CAV",59099.3234936268,1,0,1,0,3
"918049","Tokyo","Retail","MediumGeneral","ZoneC","EHP","MUL",365109.56344396,0,0,0,0,3
"918050","Tokyo","Retail","MediumGeneral","ZoneC","EHP","MUL",206587.156913935,1,0,0,0,3
"918053","Tokyo","Retail","MediumGeneral","ZoneC","EHP","MUL",135406.279912122,1,0,1,0,3
"918056","Tokyo","Retail","MediumGeneral","ZoneC","EHP","MUL",26183.5074771102,1,0,1,1,3
"918113","Tokyo","Retail","MediumGeneral","ZoneC","GHP","MUL",126269.272421284,0,0,0,0,3
"918114","Tokyo","Retail","MediumGeneral","ZoneC","GHP","MUL",71445.978431918,1,0,0,0,3
"918117","Tokyo","Retail","MediumGeneral","ZoneC","GHP","MUL",46828.8266253552,1,0,1,0,3
"918177","Tokyo","Retail","MediumGeneral","ZoneC","ABCH","CAV",140123.788420299,0,0,0,0,3
"918178","Tokyo","Retail","MediumGeneral","ZoneC","ABCH","CAV",71710.3871322203,1,0,0,0,3
"918181","Tokyo","Retail","MediumGeneral","ZoneC","ABCH","CAV",163765.400384629,1,0,1,0,3
"918184","Tokyo","Retail","MediumGeneral","ZoneC","ABCH","CAV",42450.1546014871,1,0,1,1,3
"918185","Tokyo","Retail","MediumGeneral","ZoneC","ABCH","CAV",49970.2477543839,0,1,0,0,3
"918189","Tokyo","Retail","MediumGeneral","ZoneC","ABCH","CAV",58401.2017022399,1,1,1,0,3
"918242","Tokyo","Retail","MediumGeneral","ZoneC","ABCH","VAV",86347.3270559188,1,0,0,0,3
"918244","Tokyo","Retail","MediumGeneral","ZoneC","ABCH","VAV",51882.5201373767,0,0,0,1,3
"918245","Tokyo","Retail","MediumGeneral","ZoneC","ABCH","VAV",54168.4635299121,1,0,1,0,3
"918305","Tokyo","Retail","MediumGeneral","ZoneC","ABCH","FCU",163058.365104938,0,0,0,0,3
"918306","Tokyo","Retail","MediumGeneral","ZoneC","ABCH","FCU",92262.0698847673,1,0,0,0,3
"918309","Tokyo","Retail","MediumGeneral","ZoneC","ABCH","FCU",60472.605590352,1,0,1,0,3
"918497","Tokyo","Retail","MediumGeneral","ZoneC","ABCH","OHUFCU",88638.9737240712,0,0,0,0,3
"918498","Tokyo","Retail","MediumGeneral","ZoneC","ABCH","OHUFCU",58671.0981314971,1,0,0,0,3
"918501","Tokyo","Retail","MediumGeneral","ZoneC","ABCH","OHUFCU",145122.349472821,1,0,1,0,3
"918561","Tokyo","Retail","MediumGeneral","ZoneC","AHP","CAV",83306.9772742825,0,0,0,0,3
"918562","Tokyo","Retail","MediumGeneral","ZoneC","AHP","CAV",42633.557502992,1,0,0,0,3
"918565","Tokyo","Retail","MediumGeneral","ZoneC","AHP","CAV",97362.4867123547,1,0,1,0,3
"918573","Tokyo","Retail","MediumGeneral","ZoneC","AHP","CAV",34720.9252465123,1,1,1,0,3
"918626","Tokyo","Retail","MediumGeneral","ZoneC","AHP","VAV",94303.5222834607,1,0,0,0,3
"918689","Tokyo","Retail","MediumGeneral","ZoneC","AHP","FCU",79922.6256684766,0,0,0,0,3
"918690","Tokyo","Retail","MediumGeneral","ZoneC","AHP","FCU",45222.0091257115,1,0,0,0,3
"918693","Tokyo","Retail","MediumGeneral","ZoneC","AHP","FCU",29640.4874210822,1,0,1,0,3
"918881","Tokyo","Retail","MediumGeneral","ZoneC","AHP","OHUFCU",43446.1581411523,0,0,0,0,3
"918882","Tokyo","Retail","MediumGeneral","ZoneC","AHP","OHUFCU",28757.483312827,1,0,0,0,3
"918885","Tokyo","Retail","MediumGeneral","ZoneC","AHP","OHUFCU",71131.3351239709,1,0,1,0,3
"918945","Tokyo","Retail","MediumGeneral","ZoneC","TB","CAV",50304.0351519149,0,0,0,0,3
"919329","Tokyo","Retail","MediumGeneral","ZoneC","AB","CAV",57659.8349320277,0,0,0,0,3
"919713","Tokyo","Retail","MediumGeneral","ZoneC","COM","CAV",79861.5628479063,0,0,0,0,3
"919714","Tokyo","Retail","MediumGeneral","ZoneC","COM","CAV",40870.3165491772,1,0,0,0,3
"919717","Tokyo","Retail","MediumGeneral","ZoneC","COM","CAV",93335.7637741051,1,0,1,0,3
"919778","Tokyo","Retail","MediumGeneral","ZoneC","COM","VAV",78238.2139848667,1,0,0,0,3
"919841","Tokyo","Retail","MediumGeneral","ZoneC","COM","FCU",82012.0628859346,0,0,0,0,3
"919842","Tokyo","Retail","MediumGeneral","ZoneC","COM","FCU",46404.2594349973,1,0,0,0,3
"920033","Tokyo","Retail","MediumGeneral","ZoneC","COM","OHUFCU",45091.5594956275,0,0,0,0,3
"920037","Tokyo","Retail","MediumGeneral","ZoneC","COM","OHUFCU",73825.2348878664,1,0,1,0,3
"920097","Tokyo","Retail","MediumGeneral","ZoneC","AHP+TESICE","CAV",63897.9271578719,0,0,0,0,3
"920101","Tokyo","Retail","MediumGeneral","ZoneC","AHP+TESICE","CAV",74678.7518573895,1,0,1,0,3
"920162","Tokyo","Retail","MediumGeneral","ZoneC","AHP+TESICE","VAV",50647.5042444314,1,0,0,0,3
"920225","Tokyo","Retail","MediumGeneral","ZoneC","AHP+TESICE","FCU",83130.3003806005,0,0,0,0,3
"920421","Tokyo","Retail","MediumGeneral","ZoneC","AHP+TESICE","OHUFCU",76980.7814048153,1,0,1,0,3
"920481","Tokyo","Retail","MediumGeneral","ZoneC","COM+TESICE","CAV",60426.7297637415,0,0,0,0,3
"920485","Tokyo","Retail","MediumGeneral","ZoneC","COM+TESICE","CAV",80974.7616158529,1,0,1,0,3
"920609","Tokyo","Retail","MediumGeneral","ZoneC","COM+TESICE","FCU",84824.8676197243,0,0,0,0,3
"920833","Tokyo","Retail","MediumGrocery","ZoneC","EHP","MUL",715898.111112214,0,0,0,0,1
"920834","Tokyo","Retail","MediumGrocery","ZoneC","EHP","MUL",341577.20030213,1,0,0,0,1
"920837","Tokyo","Retail","MediumGrocery","ZoneC","EHP","MUL",72605.3469184367,1,0,1,0,1
"920849","Tokyo","Retail","MediumGrocery","ZoneC","EHP","MUL",602859.319985274,0,0,0,0,2
"920850","Tokyo","Retail","MediumGrocery","ZoneC","EHP","MUL",287642.885908298,1,0,0,0,2
"920853","Tokyo","Retail","MediumGrocery","ZoneC","EHP","MUL",61141.1168588528,1,0,1,0,2
"920897","Tokyo","Retail","MediumGrocery","ZoneC","GHP","MUL",161035.441592356,0,0,0,0,1
"920898","Tokyo","Retail","MediumGrocery","ZoneC","GHP","MUL",76835.0054773539,1,0,0,0,1
"920913","Tokyo","Retail","MediumGrocery","ZoneC","GHP","MUL",135608.287415468,0,0,0,0,2
"920914","Tokyo","Retail","MediumGrocery","ZoneC","GHP","MUL",64702.9213154075,1,0,0,0,2
"920961","Tokyo","Retail","MediumGrocery","ZoneC","ABCH","CAV",86107.3514472346,0,0,0,0,1
"920962","Tokyo","Retail","MediumGrocery","ZoneC","ABCH","CAV",51523.6600474294,1,0,0,0,1
"920965","Tokyo","Retail","MediumGrocery","ZoneC","ABCH","CAV",27771.7242750537,1,0,1,0,1
"920977","Tokyo","Retail","MediumGrocery","ZoneC","ABCH","CAV",87142.7740239019,0,0,0,0,2
"920978","Tokyo","Retail","MediumGrocery","ZoneC","ABCH","CAV",52143.2210947614,1,0,0,0,2
"921345","Tokyo","Retail","MediumGrocery","ZoneC","AHP","CAV",75941.1442252306,0,0,0,0,1
"921346","Tokyo","Retail","MediumGrocery","ZoneC","AHP","CAV",45440.5533663553,1,0,0,0,1
"921361","Tokyo","Retail","MediumGrocery","ZoneC","AHP","CAV",63950.1988563705,0,0,0,0,2
"921362","Tokyo","Retail","MediumGrocery","ZoneC","AHP","CAV",38265.5865087226,1,0,0,0,2
"923649","Tokyo","Retail","SmallGeneral","ZoneC","EHP","MUL",1195456.3940498,0,0,0,0,1
"923650","Tokyo","Retail","SmallGeneral","ZoneC","EHP","MUL",603251.000834658,1,0,0,0,1
"923653","Tokyo","Retail","SmallGeneral","ZoneC","EHP","MUL",192125.058290354,1,0,1,0,1
"923665","Tokyo","Retail","SmallGeneral","ZoneC","EHP","MUL",1006696.36866236,0,0,0,0,2
"923666","Tokyo","Retail","SmallGeneral","ZoneC","EHP","MUL",507998.949150201,1,0,0,0,2
"923669","Tokyo","Retail","SmallGeneral","ZoneC","EHP","MUL",161788.919673374,1,0,1,0,2
"923713","Tokyo","Retail","SmallGeneral","ZoneC","GHP","MUL",286176.024698216,0,0,0,0,1
"923714","Tokyo","Retail","SmallGeneral","ZoneC","GHP","MUL",144410.096573452,1,0,0,0,1
"923717","Tokyo","Retail","SmallGeneral","ZoneC","GHP","MUL",45992.1296168634,1,0,1,0,1
"923729","Tokyo","Retail","SmallGeneral","ZoneC","GHP","MUL",240989.438256268,0,0,0,0,2
"923730","Tokyo","Retail","SmallGeneral","ZoneC","GHP","MUL",121608.049061653,1,0,0,0,2
"923733","Tokyo","Retail","SmallGeneral","ZoneC","GHP","MUL",38730.0700408619,1,0,1,0,2
"923777","Tokyo","Retail","SmallGeneral","ZoneC","ABCH","CAV",147265.509459281,0,0,0,0,1
"923778","Tokyo","Retail","SmallGeneral","ZoneC","ABCH","CAV",66703.4519157154,1,0,0,0,1
"923781","Tokyo","Retail","SmallGeneral","ZoneC","ABCH","CAV",77893.026962672,1,0,1,0,1
"923793","Tokyo","Retail","SmallGeneral","ZoneC","ABCH","CAV",124012.598317907,0,0,0,0,2
"923794","Tokyo","Retail","SmallGeneral","ZoneC","ABCH","CAV",56171.1185410229,1,0,0,0,2
"923797","Tokyo","Retail","SmallGeneral","ZoneC","ABCH","CAV",65593.8834555054,1,0,1,0,2
"923842","Tokyo","Retail","SmallGeneral","ZoneC","ABCH","VAV",100371.577260465,1,0,0,0,1
"923858","Tokyo","Retail","SmallGeneral","ZoneC","ABCH","VAV",84523.1184072908,1,0,0,0,2
"923905","Tokyo","Retail","SmallGeneral","ZoneC","ABCH","FCU",123782.203429294,0,0,0,0,1
"923906","Tokyo","Retail","SmallGeneral","ZoneC","ABCH","FCU",62462.954295872,1,0,0,0,1
"923921","Tokyo","Retail","SmallGeneral","ZoneC","ABCH","FCU",104237.256429869,0,0,0,0,2
"923922","Tokyo","Retail","SmallGeneral","ZoneC","ABCH","FCU",52600.1864882394,1,0,0,0,2
"924097","Tokyo","Retail","SmallGeneral","ZoneC","ABCH","OHUFCU",70610.8453372786,0,0,0,0,1
"924098","Tokyo","Retail","SmallGeneral","ZoneC","ABCH","OHUFCU",41341.096648476,1,0,0,0,1
"924101","Tokyo","Retail","SmallGeneral","ZoneC","ABCH","OHUFCU",55999.7465372693,1,0,1,0,1
"924113","Tokyo","Retail","SmallGeneral","ZoneC","ABCH","OHUFCU",59461.5428408984,0,0,0,0,2
"924114","Tokyo","Retail","SmallGeneral","ZoneC","ABCH","OHUFCU",34813.4252990637,1,0,0,0,2
"924117","Tokyo","Retail","SmallGeneral","ZoneC","ABCH","OHUFCU",47157.5055064142,1,0,1,0,2
"924161","Tokyo","Retail","SmallGeneral","ZoneC","AHP","CAV",94694.4423878858,0,0,0,0,1
"924162","Tokyo","Retail","SmallGeneral","ZoneC","AHP","CAV",42891.5515092306,1,0,0,0,1
"924165","Tokyo","Retail","SmallGeneral","ZoneC","AHP","CAV",50086.6549215604,1,0,1,0,1
"924177","Tokyo","Retail","SmallGeneral","ZoneC","AHP","CAV",79742.39107246,0,0,0,0,2
"924178","Tokyo","Retail","SmallGeneral","ZoneC","AHP","CAV",36119.0666305796,1,0,0,0,2
"924181","Tokyo","Retail","SmallGeneral","ZoneC","AHP","CAV",42178.0784970055,1,0,1,0,2
"924226","Tokyo","Retail","SmallGeneral","ZoneC","AHP","VAV",64540.7779131095,1,0,0,0,1
"924242","Tokyo","Retail","SmallGeneral","ZoneC","AHP","VAV",54349.9261697576,1,0,0,0,2
"924289","Tokyo","Retail","SmallGeneral","ZoneC","AHP","FCU",79594.2429039833,0,0,0,0,1
"924290","Tokyo","Retail","SmallGeneral","ZoneC","AHP","FCU",40164.833223105,1,0,0,0,1
"924305","Tokyo","Retail","SmallGeneral","ZoneC","AHP","FCU",67026.4810131853,0,0,0,0,2
"924306","Tokyo","Retail","SmallGeneral","ZoneC","AHP","FCU",33822.8913700928,1,0,0,0,2
"924481","Tokyo","Retail","SmallGeneral","ZoneC","AHP","OHUFCU",45404.0776438536,0,0,0,0,1
"924482","Tokyo","Retail","SmallGeneral","ZoneC","AHP","OHUFCU",26583.088662139,1,0,0,0,1
"924485","Tokyo","Retail","SmallGeneral","ZoneC","AHP","OHUFCU",36008.8712671442,1,0,1,0,1
"924497","Tokyo","Retail","SmallGeneral","ZoneC","AHP","OHUFCU",50719.3823180703,0,0,0,0,2
"924501","Tokyo","Retail","SmallGeneral","ZoneC","AHP","OHUFCU",40224.3103134085,1,0,1,0,2
"925313","Tokyo","Retail","SmallGeneral","ZoneC","COM","CAV",59339.0605447752,0,0,0,0,1
"925314","Tokyo","Retail","SmallGeneral","ZoneC","COM","CAV",37322.0423707222,1,0,0,0,1
"925329","Tokyo","Retail","SmallGeneral","ZoneC","COM","CAV",81398.5200800863,0,0,0,0,2
"925697","Tokyo","Retail","SmallGeneral","ZoneC","AHP+TESICE","CAV",82905.1165468846,0,0,0,0,1
"925713","Tokyo","Retail","SmallGeneral","ZoneC","AHP+TESICE","CAV",69814.5747403999,0,0,0,0,2
"926465","Tokyo","Retail","SmallGrocery","ZoneC","EHP","MUL",1103055.45142779,0,0,0,0,1
"926466","Tokyo","Retail","SmallGrocery","ZoneC","EHP","MUL",499984.880070451,1,0,0,0,1
"926469","Tokyo","Retail","SmallGrocery","ZoneC","EHP","MUL",72659.8191235249,1,0,1,0,1
"926481","Tokyo","Retail","SmallGrocery","ZoneC","EHP","MUL",379405.187443773,0,0,0,0,2
"926482","Tokyo","Retail","SmallGrocery","ZoneC","EHP","MUL",171973.999037526,1,0,0,0,2
"926529","Tokyo","Retail","SmallGrocery","ZoneC","GHP","MUL",227043.104452054,0,0,0,0,1
"926530","Tokyo","Retail","SmallGrocery","ZoneC","GHP","MUL",102912.432193092,1,0,0,0,1
"926545","Tokyo","Retail","SmallGrocery","ZoneC","GHP","MUL",74707.185639693,0,0,0,0,2
"926546","Tokyo","Retail","SmallGrocery","ZoneC","GHP","MUL",33862.7248558662,1,0,0,0,2
"926593","Tokyo","Retail","SmallGrocery","ZoneC","ABCH","CAV",55196.3265446153,0,0,0,0,1
"926594","Tokyo","Retail","SmallGrocery","ZoneC","ABCH","CAV",31586.0807567504,1,0,0,0,1
"926609","Tokyo","Retail","SmallGrocery","ZoneC","ABCH","CAV",52367.2037860459,0,0,0,0,2
"926977","Tokyo","Retail","SmallGrocery","ZoneC","AHP","CAV",72367.1098066663,0,0,0,0,1
"929281","Tokyo","Retail","SpecialityShop","ZoneC","EHP","MUL",5996358.0017929,0,0,0,0,1
"929282","Tokyo","Retail","SpecialityShop","ZoneC","EHP","MUL",2363740.70446752,1,0,0,0,1
"929285","Tokyo","Retail","SpecialityShop","ZoneC","EHP","MUL",120276.928414212,1,0,1,0,1
"929297","Tokyo","Retail","SpecialityShop","ZoneC","EHP","MUL",1973066.00208419,0,0,0,0,2
"929298","Tokyo","Retail","SpecialityShop","ZoneC","EHP","MUL",777774.846053715,1,0,0,0,2
"929301","Tokyo","Retail","SpecialityShop","ZoneC","EHP","MUL",39576.4092501215,1,0,1,0,2
"929345","Tokyo","Retail","SpecialityShop","ZoneC","GHP","MUL",1153663.73969779,0,0,0,0,1
"929346","Tokyo","Retail","SpecialityShop","ZoneC","GHP","MUL",454769.701871792,1,0,0,0,1
"929361","Tokyo","Retail","SpecialityShop","ZoneC","GHP","MUL",379606.204625277,0,0,0,0,2
"929362","Tokyo","Retail","SpecialityShop","ZoneC","GHP","MUL",149639.270582729,1,0,0,0,2
"932097","Tokyo","Retail","SuperDrugStore","ZoneC","EHP","MUL",212861.382139974,0,0,0,0,1
"932098","Tokyo","Retail","SuperDrugStore","ZoneC","EHP","MUL",101562.769666838,1,0,0,0,1
"932113","Tokyo","Retail","SuperDrugStore","ZoneC","EHP","MUL",179251.022032541,0,0,0,0,2
"932114","Tokyo","Retail","SuperDrugStore","ZoneC","EHP","MUL",85526.2240628736,1,0,0,0,2
"932161","Tokyo","Retail","SuperDrugStore","ZoneC","GHP","MUL",66183.0755250182,0,0,0,0,1
"932177","Tokyo","Retail","SuperDrugStore","ZoneC","GHP","MUL",55732.908477101,0,0,0,0,2
"932225","Tokyo","Retail","SuperDrugStore","ZoneC","ABCH","CAV",79792.4922846274,0,0,0,0,1
"932241","Tokyo","Retail","SuperDrugStore","ZoneC","ABCH","CAV",67193.4272377214,0,0,0,0,2
"934913","Nigata","Retail","ConvenienceDrug","ZoneC","EHP","MUL",340591.385361937,0,0,0,0,1
"934914","Nigata","Retail","ConvenienceDrug","ZoneC","EHP","MUL",145771.985963533,1,0,0,0,1
"934929","Nigata","Retail","ConvenienceDrug","ZoneC","EHP","MUL",112069.573374282,0,0,0,0,2
"934930","Nigata","Retail","ConvenienceDrug","ZoneC","EHP","MUL",47965.406580952,1,0,0,0,2
"934977","Nigata","Retail","ConvenienceDrug","ZoneC","GHP","MUL",69883.2202677359,0,0,0,0,1
"934978","Nigata","Retail","ConvenienceDrug","ZoneC","GHP","MUL",29909.7870403545,1,0,0,0,1
"934993","Nigata","Retail","ConvenienceDrug","ZoneC","GHP","MUL",32836.2966164564,0,0,0,0,2
"937729","Nigata","Retail","ConvenienceStore","ZoneC","EHP","MUL",185639.952351971,0,0,0,0,1
"937730","Nigata","Retail","ConvenienceStore","ZoneC","EHP","MUL",71809.3422906077,1,0,0,0,1
"937745","Nigata","Retail","ConvenienceStore","ZoneC","EHP","MUL",84712.1620103319,0,0,0,0,2
"937793","Nigata","Retail","ConvenienceStore","ZoneC","GHP","MUL",51756.5261999063,0,0,0,0,1
"937809","Nigata","Retail","ConvenienceStore","ZoneC","GHP","MUL",17030.1776846015,0,0,0,0,2
"940545","Nigata","Retail","HomeCenter","ZoneC","EHP","MUL",221893.059325378,0,0,0,0,1
"940546","Nigata","Retail","HomeCenter","ZoneC","EHP","MUL",113224.20992782,1,0,0,0,1
"940549","Nigata","Retail","HomeCenter","ZoneC","EHP","MUL",34412.3916403123,1,0,1,0,1
"940561","Nigata","Retail","HomeCenter","ZoneC","EHP","MUL",186856.616574284,0,0,0,0,2
"940562","Nigata","Retail","HomeCenter","ZoneC","EHP","MUL",95346.3476763615,1,0,0,0,2
"940565","Nigata","Retail","HomeCenter","ZoneC","EHP","MUL",28978.7480946347,1,0,1,0,2
"940609","Nigata","Retail","HomeCenter","ZoneC","GHP","MUL",80680.556836441,0,0,0,0,1
"940625","Nigata","Retail","HomeCenter","ZoneC","GHP","MUL",67941.268283115,0,0,0,0,2
"940673","Nigata","Retail","HomeCenter","ZoneC","ABCH","CAV",78007.1141805715,0,0,0,0,1
"940674","Nigata","Retail","HomeCenter","ZoneC","ABCH","CAV",47649.8074335316,1,0,0,0,1
"940677","Nigata","Retail","HomeCenter","ZoneC","ABCH","CAV",34923.4667528873,1,0,1,0,1
"940689","Nigata","Retail","HomeCenter","ZoneC","ABCH","CAV",65689.9565440278,0,0,0,0,2
"940690","Nigata","Retail","HomeCenter","ZoneC","ABCH","CAV",40126.004051302,1,0,0,0,2
"940693","Nigata","Retail","HomeCenter","ZoneC","ABCH","CAV",29409.1255324933,1,0,1,0,2
"941057","Nigata","Retail","HomeCenter","ZoneC","AHP","CAV",72937.3674493429,0,0,0,0,1
"941058","Nigata","Retail","HomeCenter","ZoneC","AHP","CAV",44553.0071222084,1,0,0,0,1
"941073","Nigata","Retail","HomeCenter","ZoneC","AHP","CAV",61420.7120531634,0,0,0,0,2
"941074","Nigata","Retail","HomeCenter","ZoneC","AHP","CAV",37518.1819313161,1,0,0,0,2
"943361","Nigata","Retail","HousingClothingSuper","ZoneC","EHP","MUL",473127.176576752,0,0,0,0,1
"943362","Nigata","Retail","HousingClothingSuper","ZoneC","EHP","MUL",241420.127903732,1,0,0,0,1
"943365","Nigata","Retail","HousingClothingSuper","ZoneC","EHP","MUL",73375.1553362459,1,0,1,0,1
"943377","Nigata","Retail","HousingClothingSuper","ZoneC","EHP","MUL",398421.400350511,0,0,0,0,2
"943378","Nigata","Retail","HousingClothingSuper","ZoneC","EHP","MUL",203300.402500977,1,0,0,0,2
"943381","Nigata","Retail","HousingClothingSuper","ZoneC","EHP","MUL",61789.3741626167,1,0,1,0,2
"943425","Nigata","Retail","HousingClothingSuper","ZoneC","GHP","MUL",113906.884434012,0,0,0,0,1
"943426","Nigata","Retail","HousingClothingSuper","ZoneC","GHP","MUL",58122.6696976972,1,0,0,0,1
"943441","Nigata","Retail","HousingClothingSuper","ZoneC","GHP","MUL",95921.2293280737,0,0,0,0,2
"943442","Nigata","Retail","HousingClothingSuper","ZoneC","GHP","MUL",48945.2236090481,1,0,0,0,2
"943489","Nigata","Retail","HousingClothingSuper","ZoneC","ABCH","CAV",66597.2002982575,0,0,0,0,1
"943490","Nigata","Retail","HousingClothingSuper","ZoneC","ABCH","CAV",37764.7827897515,1,0,0,0,1
"943493","Nigata","Retail","HousingClothingSuper","ZoneC","ABCH","CAV",35105.5248025798,1,0,1,0,1
"943505","Nigata","Retail","HousingClothingSuper","ZoneC","ABCH","CAV",56081.6438282757,0,0,0,0,2
"943506","Nigata","Retail","HousingClothingSuper","ZoneC","ABCH","CAV",31801.8038022907,1,0,0,0,2
"943509","Nigata","Retail","HousingClothingSuper","ZoneC","ABCH","CAV",29562.4370028433,1,0,1,0,2
"943617","Nigata","Retail","HousingClothingSuper","ZoneC","ABCH","FCU",70749.895143765,0,0,0,0,1
"943618","Nigata","Retail","HousingClothingSuper","ZoneC","ABCH","FCU",42360.8886254508,1,0,0,0,1
"943633","Nigata","Retail","HousingClothingSuper","ZoneC","ABCH","FCU",59578.6369782921,0,0,0,0,2
"943634","Nigata","Retail","HousingClothingSuper","ZoneC","ABCH","FCU",35672.1942889836,1,0,0,0,2
"943809","Nigata","Retail","HousingClothingSuper","ZoneC","ABCH","OHUFCU",50782.4764649414,0,0,0,0,1
"943813","Nigata","Retail","HousingClothingSuper","ZoneC","ABCH","OHUFCU",39033.6537317075,1,0,1,0,1
"943825","Nigata","Retail","HousingClothingSuper","ZoneC","ABCH","OHUFCU",75634.354014343,0,0,0,0,2
"943873","Nigata","Retail","HousingClothingSuper","ZoneC","AHP","CAV",65117.3134082782,0,0,0,0,1
"943874","Nigata","Retail","HousingClothingSuper","ZoneC","AHP","CAV",36925.5942547504,1,0,0,0,1
"943889","Nigata","Retail","HousingClothingSuper","ZoneC","AHP","CAV",53326.7379353023,0,0,0,0,2
"943890","Nigata","Retail","HousingClothingSuper","ZoneC","AHP","CAV",32039.1133345871,1,0,0,0,2
"943893","Nigata","Retail","HousingClothingSuper","ZoneC","AHP","CAV",31121.3596870597,1,0,1,0,2
"944001","Nigata","Retail","HousingClothingSuper","ZoneC","AHP","FCU",51764.924508351,0,0,0,0,1
"944002","Nigata","Retail","HousingClothingSuper","ZoneC","AHP","FCU",30993.8014374056,1,0,0,0,1
"944017","Nigata","Retail","HousingClothingSuper","ZoneC","AHP","FCU",58261.0825876207,0,0,0,0,2
"944018","Nigata","Retail","HousingClothingSuper","ZoneC","AHP","FCU",36212.24621644,1,0,0,0,2
"944193","Nigata","Retail","HousingClothingSuper","ZoneC","AHP","OHUFCU",65714.9411997606,0,0,0,0,1
"946209","Nigata","Retail","LargeDepartment","ZoneC","EHP","MUL",7457.25286561428,0,0,0,0,3
"946341","Nigata","Retail","LargeDepartment","ZoneC","ABCH","CAV",66209.0168957861,1,0,1,0,3
"949025","Nigata","Retail","LargeGeneral","ZoneC","EHP","MUL",18581.9052567504,0,0,0,0,3
"949153","Nigata","Retail","LargeGeneral","ZoneC","ABCH","CAV",52657.3673341904,0,0,0,0,3
"949154","Nigata","Retail","LargeGeneral","ZoneC","ABCH","CAV",35751.9563249868,1,0,0,0,3
"949157","Nigata","Retail","LargeGeneral","ZoneC","ABCH","CAV",76569.6171479674,1,0,1,0,3
"951809","Nigata","Retail","LargeGrocery","ZoneC","EHP","MUL",136265.19249048,0,0,0,0,1
"951810","Nigata","Retail","LargeGrocery","ZoneC","EHP","MUL",64277.5303442936,1,0,0,0,1
"951825","Nigata","Retail","LargeGrocery","ZoneC","EHP","MUL",114749.208033037,0,0,0,0,2
"951826","Nigata","Retail","LargeGrocery","ZoneC","EHP","MUL",54128.2448329012,1,0,0,0,2
"951873","Nigata","Retail","LargeGrocery","ZoneC","GHP","MUL",41549.9482405513,0,0,0,0,1
"951889","Nigata","Retail","LargeGrocery","ZoneC","GHP","MUL",34989.2996683656,0,0,0,0,2
"954657","Nigata","Retail","MediumDepartment","ZoneC","EHP","MUL",57453.7614617089,0,0,0,0,3
"954785","Nigata","Retail","MediumDepartment","ZoneC","ABCH","CAV",55955.390894958,0,0,0,0,3
"954786","Nigata","Retail","MediumDepartment","ZoneC","ABCH","CAV",35996.0787095258,1,0,0,0,3
"954789","Nigata","Retail","MediumDepartment","ZoneC","ABCH","CAV",56578.0918706201,1,0,1,0,3
"955173","Nigata","Retail","MediumDepartment","ZoneC","AHP","CAV",71142.168128395,1,0,1,0,3
"957473","Nigata","Retail","MediumGeneral","ZoneC","EHP","MUL",78523.9653146993,0,0,0,0,3
"957474","Nigata","Retail","MediumGeneral","ZoneC","EHP","MUL",43843.8962262366,1,0,0,0,3
"957537","Nigata","Retail","MediumGeneral","ZoneC","GHP","MUL",40415.6176060865,0,0,0,0,3
"957601","Nigata","Retail","MediumGeneral","ZoneC","ABCH","CAV",63282.7880464525,0,0,0,0,3
"957605","Nigata","Retail","MediumGeneral","ZoneC","ABCH","CAV",81528.6863475207,1,0,1,0,3
"957729","Nigata","Retail","MediumGeneral","ZoneC","ABCH","FCU",72382.0538542934,0,0,0,0,3
"957730","Nigata","Retail","MediumGeneral","ZoneC","ABCH","FCU",44914.7978624418,1,0,0,0,3
"957925","Nigata","Retail","MediumGeneral","ZoneC","ABCH","OHUFCU",94770.6199044111,1,0,1,0,3
"957985","Nigata","Retail","MediumGeneral","ZoneC","AHP","CAV",39206.8726852906,0,0,0,0,3
"957989","Nigata","Retail","MediumGeneral","ZoneC","AHP","CAV",55233.4111790267,1,0,1,0,3
"958113","Nigata","Retail","MediumGeneral","ZoneC","AHP","FCU",76496.3413215566,0,0,0,0,3
"959137","Nigata","Retail","MediumGeneral","ZoneC","COM","CAV",47027.9908813093,0,0,0,0,3
"959141","Nigata","Retail","MediumGeneral","ZoneC","COM","CAV",47551.3430612661,1,0,1,0,3
"960257","Nigata","Retail","MediumGrocery","ZoneC","EHP","MUL",147620.62520065,0,0,0,0,1
"960258","Nigata","Retail","MediumGrocery","ZoneC","EHP","MUL",69633.9912075584,1,0,0,0,1
"960273","Nigata","Retail","MediumGrocery","ZoneC","EHP","MUL",124311.642038004,0,0,0,0,2
"960274","Nigata","Retail","MediumGrocery","ZoneC","EHP","MUL",58638.9319033544,1,0,0,0,2
"960321","Nigata","Retail","MediumGrocery","ZoneC","GHP","MUL",45012.4439280658,0,0,0,0,1
"960337","Nigata","Retail","MediumGrocery","ZoneC","GHP","MUL",37905.0746414046,0,0,0,0,2
"963073","Nigata","Retail","SmallGeneral","ZoneC","EHP","MUL",232104.985927704,0,0,0,0,1
"963074","Nigata","Retail","SmallGeneral","ZoneC","EHP","MUL",118434.996262933,1,0,0,0,1
"963077","Nigata","Retail","SmallGeneral","ZoneC","EHP","MUL",35996.1131803631,1,0,1,0,1
"963089","Nigata","Retail","SmallGeneral","ZoneC","EHP","MUL",195456.10165695,0,0,0,0,2
"963090","Nigata","Retail","SmallGeneral","ZoneC","EHP","MUL",99734.3619172353,1,0,0,0,2
"963093","Nigata","Retail","SmallGeneral","ZoneC","EHP","MUL",30312.4033674467,1,0,1,0,2
"963137","Nigata","Retail","SmallGeneral","ZoneC","GHP","MUL",55880.0194060209,0,0,0,0,1
"963138","Nigata","Retail","SmallGeneral","ZoneC","GHP","MUL",28513.605009701,1,0,0,0,1
"963153","Nigata","Retail","SmallGeneral","ZoneC","GHP","MUL",71068.0503784426,0,0,0,0,2
"963201","Nigata","Retail","SmallGeneral","ZoneC","ABCH","CAV",81597.1450129605,0,0,0,0,1
"963202","Nigata","Retail","SmallGeneral","ZoneC","ABCH","CAV",49842.7391890609,1,0,0,0,1
"963205","Nigata","Retail","SmallGeneral","ZoneC","ABCH","CAV",36530.7089093726,1,0,1,0,1
"963217","Nigata","Retail","SmallGeneral","ZoneC","ABCH","CAV",68713.1291334592,0,0,0,0,2
"963218","Nigata","Retail","SmallGeneral","ZoneC","ABCH","CAV",41972.6765405736,1,0,0,0,2
"963221","Nigata","Retail","SmallGeneral","ZoneC","ABCH","CAV",30762.5875663644,1,0,1,0,2
"963585","Nigata","Retail","SmallGeneral","ZoneC","AHP","CAV",59701.4319683425,0,0,0,0,1
"963586","Nigata","Retail","SmallGeneral","ZoneC","AHP","CAV",36467.9781668699,1,0,0,0,1
"963589","Nigata","Retail","SmallGeneral","ZoneC","AHP","CAV",26728.0875128882,1,0,1,0,1
"963601","Nigata","Retail","SmallGeneral","ZoneC","AHP","CAV",64247.4061609307,0,0,0,0,2
"963602","Nigata","Retail","SmallGeneral","ZoneC","AHP","CAV",39244.8376514191,1,0,0,0,2
"965889","Nigata","Retail","SmallGrocery","ZoneC","EHP","MUL",197132.066459168,0,0,0,0,1
"965890","Nigata","Retail","SmallGrocery","ZoneC","EHP","MUL",88239.7925464732,1,0,0,0,1
"965905","Nigata","Retail","SmallGrocery","ZoneC","EHP","MUL",64865.1361601309,0,0,0,0,2
"965906","Nigata","Retail","SmallGrocery","ZoneC","EHP","MUL",29034.7798867834,1,0,0,0,2
"965953","Nigata","Retail","SmallGrocery","ZoneC","GHP","MUL",57738.6162779422,0,0,0,0,1
"965969","Nigata","Retail","SmallGrocery","ZoneC","GHP","MUL",18998.5489110775,0,0,0,0,2
"968705","Nigata","Retail","SpecialityShop","ZoneC","EHP","MUL",1294902.74680383,0,0,0,0,1
"968706","Nigata","Retail","SpecialityShop","ZoneC","EHP","MUL",500894.949606451,1,0,0,0,1
"968709","Nigata","Retail","SpecialityShop","ZoneC","EHP","MUL",26714.225185073,1,0,1,0,1
"968721","Nigata","Retail","SpecialityShop","ZoneC","EHP","MUL",432418.413862287,0,0,0,0,2
"968722","Nigata","Retail","SpecialityShop","ZoneC","EHP","MUL",167268.314284659,1,0,0,0,2
"968769","Nigata","Retail","SpecialityShop","ZoneC","GHP","MUL",264194.35456807,0,0,0,0,1
"968770","Nigata","Retail","SpecialityShop","ZoneC","GHP","MUL",102195.796745599,1,0,0,0,1
"968785","Nigata","Retail","SpecialityShop","ZoneC","GHP","MUL",86931.583935612,0,0,0,0,2
"968786","Nigata","Retail","SpecialityShop","ZoneC","GHP","MUL",33626.9202162978,1,0,0,0,2
"971521","Nigata","Retail","SuperDrugStore","ZoneC","EHP","MUL",67027.9664823007,0,0,0,0,1
"971522","Nigata","Retail","SuperDrugStore","ZoneC","EHP","MUL",31617.7012686741,1,0,0,0,1
"971537","Nigata","Retail","SuperDrugStore","ZoneC","EHP","MUL",83069.7263433962,0,0,0,0,2
"971585","Nigata","Retail","SuperDrugStore","ZoneC","GHP","MUL",20438.1506906363,0,0,0,0,1
"971601","Nigata","Retail","SuperDrugStore","ZoneC","GHP","MUL",17211.010108647,0,0,0,0,2
"974337","Nagoya","Retail","ConvenienceDrug","ZoneC","EHP","MUL",803389.380286573,0,0,0,0,1
"974338","Nagoya","Retail","ConvenienceDrug","ZoneC","EHP","MUL",343194.615964712,1,0,0,0,1
"974341","Nagoya","Retail","ConvenienceDrug","ZoneC","EHP","MUL",37816.4159737587,1,0,1,0,1
"974353","Nagoya","Retail","ConvenienceDrug","ZoneC","EHP","MUL",273069.26439726,0,0,0,0,2
"974354","Nagoya","Retail","ConvenienceDrug","ZoneC","EHP","MUL",116650.659849593,1,0,0,0,2
"974401","Nagoya","Retail","ConvenienceDrug","ZoneC","GHP","MUL",164819.018376144,0,0,0,0,1
"974402","Nagoya","Retail","ConvenienceDrug","ZoneC","GHP","MUL",70407.9504948204,1,0,0,0,1
"974417","Nagoya","Retail","ConvenienceDrug","ZoneC","GHP","MUL",77400.0376418232,0,0,0,0,2
"977153","Nagoya","Retail","ConvenienceStore","ZoneC","EHP","MUL",626548.792183295,0,0,0,0,1
"977154","Nagoya","Retail","ConvenienceStore","ZoneC","EHP","MUL",243279.600597488,1,0,0,0,1
"977169","Nagoya","Retail","ConvenienceStore","ZoneC","EHP","MUL",206162.160453754,0,0,0,0,2
"977170","Nagoya","Retail","ConvenienceStore","ZoneC","EHP","MUL",80049.7083056093,1,0,0,0,2
"977217","Nagoya","Retail","ConvenienceStore","ZoneC","GHP","MUL",122736.436549581,0,0,0,0,1
"977218","Nagoya","Retail","ConvenienceStore","ZoneC","GHP","MUL",47656.7374082588,1,0,0,0,1
"977233","Nagoya","Retail","ConvenienceStore","ZoneC","GHP","MUL",56066.8623225817,0,0,0,0,2
"979969","Nagoya","Retail","HomeCenter","ZoneC","EHP","MUL",649460.093019804,0,0,0,0,1
"979970","Nagoya","Retail","HomeCenter","ZoneC","EHP","MUL",322712.306462231,1,0,0,0,1
"979973","Nagoya","Retail","HomeCenter","ZoneC","EHP","MUL",106316.773545899,1,0,1,0,1
"979985","Nagoya","Retail","HomeCenter","ZoneC","EHP","MUL",546911.723830658,0,0,0,0,2
"979986","Nagoya","Retail","HomeCenter","ZoneC","EHP","MUL",271756.718735362,1,0,0,0,2
"979989","Nagoya","Retail","HomeCenter","ZoneC","EHP","MUL",89529.580827267,1,0,1,0,2
"980033","Nagoya","Retail","HomeCenter","ZoneC","GHP","MUL",159182.200779353,0,0,0,0,1
"980034","Nagoya","Retail","HomeCenter","ZoneC","GHP","MUL",79096.5537580346,1,0,0,0,1
"980037","Nagoya","Retail","HomeCenter","ZoneC","GHP","MUL",26058.1645811457,1,0,1,0,1
"980049","Nagoya","Retail","HomeCenter","ZoneC","GHP","MUL",148707.122506489,0,0,0,0,2
"980050","Nagoya","Retail","HomeCenter","ZoneC","GHP","MUL",73891.5585533396,1,0,0,0,2
"980097","Nagoya","Retail","HomeCenter","ZoneC","ABCH","CAV",85869.2650599181,0,0,0,0,1
"980098","Nagoya","Retail","HomeCenter","ZoneC","ABCH","CAV",38267.7962198281,1,0,0,0,1
"980101","Nagoya","Retail","HomeCenter","ZoneC","ABCH","CAV",46412.7816713082,1,0,1,0,1
"980113","Nagoya","Retail","HomeCenter","ZoneC","ABCH","CAV",76562.7366648412,0,0,0,0,2
"980114","Nagoya","Retail","HomeCenter","ZoneC","ABCH","CAV",42483.6812200334,1,0,0,0,2
"980117","Nagoya","Retail","HomeCenter","ZoneC","ABCH","CAV",42824.1311536665,1,0,1,0,2
"980162","Nagoya","Retail","HomeCenter","ZoneC","ABCH","VAV",51823.6668603005,1,0,0,0,1
"980225","Nagoya","Retail","HomeCenter","ZoneC","ABCH","FCU",86155.6915672787,0,0,0,0,1
"980226","Nagoya","Retail","HomeCenter","ZoneC","ABCH","FCU",42810.1776219178,1,0,0,0,1
"980241","Nagoya","Retail","HomeCenter","ZoneC","ABCH","FCU",77357.3517952635,0,0,0,0,2
"980242","Nagoya","Retail","HomeCenter","ZoneC","ABCH","FCU",45045.4349307196,1,0,0,0,2
"980417","Nagoya","Retail","HomeCenter","ZoneC","ABCH","OHUFCU",45335.3778682186,0,0,0,0,1
"980418","Nagoya","Retail","HomeCenter","ZoneC","ABCH","OHUFCU",26107.8943683205,1,0,0,0,1
"980421","Nagoya","Retail","HomeCenter","ZoneC","ABCH","OHUFCU",36869.4041764883,1,0,1,0,1
"980433","Nagoya","Retail","HomeCenter","ZoneC","ABCH","OHUFCU",40931.7485722519,0,0,0,0,2
"980434","Nagoya","Retail","HomeCenter","ZoneC","ABCH","OHUFCU",28356.2008143731,1,0,0,0,2
"980437","Nagoya","Retail","HomeCenter","ZoneC","ABCH","OHUFCU",33512.687045753,1,0,1,0,2
"980481","Nagoya","Retail","HomeCenter","ZoneC","AHP","CAV",56227.9173320032,0,0,0,0,1
"980482","Nagoya","Retail","HomeCenter","ZoneC","AHP","CAV",31200.1506170845,1,0,0,0,1
"980485","Nagoya","Retail","HomeCenter","ZoneC","AHP","CAV",31450.1781312238,1,0,1,0,1
"980497","Nagoya","Retail","HomeCenter","ZoneC","AHP","CAV",100107.623529943,0,0,0,0,2
"980609","Nagoya","Retail","HomeCenter","ZoneC","AHP","FCU",56811.4852112411,0,0,0,0,1
"980610","Nagoya","Retail","HomeCenter","ZoneC","AHP","FCU",33081.5106904578,1,0,0,0,1
"980625","Nagoya","Retail","HomeCenter","ZoneC","AHP","FCU",75699.0827878337,0,0,0,0,2
"980801","Nagoya","Retail","HomeCenter","ZoneC","AHP","OHUFCU",75497.1143769406,0,0,0,0,1
"980817","Nagoya","Retail","HomeCenter","ZoneC","AHP","OHUFCU",63576.280377975,0,0,0,0,2
"982785","Nagoya","Retail","HousingClothingSuper","ZoneC","EHP","MUL",1278037.08741414,0,0,0,0,1
"982786","Nagoya","Retail","HousingClothingSuper","ZoneC","EHP","MUL",635047.94313992,1,0,0,0,1
"982789","Nagoya","Retail","HousingClothingSuper","ZoneC","EHP","MUL",209214.978820455,1,0,1,0,1
"982801","Nagoya","Retail","HousingClothingSuper","ZoneC","EHP","MUL",1076237.74595164,0,0,0,0,2
"982802","Nagoya","Retail","HousingClothingSuper","ZoneC","EHP","MUL",534775.221804388,1,0,0,0,2
"982805","Nagoya","Retail","HousingClothingSuper","ZoneC","EHP","MUL",176180.378051958,1,0,1,0,2
"982849","Nagoya","Retail","HousingClothingSuper","ZoneC","GHP","MUL",313245.969134571,0,0,0,0,1
"982850","Nagoya","Retail","HousingClothingSuper","ZoneC","GHP","MUL",155649.793229607,1,0,0,0,1
"982853","Nagoya","Retail","HousingClothingSuper","ZoneC","GHP","MUL",51278.4405425049,1,0,1,0,1
"982865","Nagoya","Retail","HousingClothingSuper","ZoneC","GHP","MUL",263785.095964579,0,0,0,0,2
"982866","Nagoya","Retail","HousingClothingSuper","ZoneC","GHP","MUL",131073.021489704,1,0,0,0,2
"982869","Nagoya","Retail","HousingClothingSuper","ZoneC","GHP","MUL",43181.6836998389,1,0,1,0,2
"982913","Nagoya","Retail","HousingClothingSuper","ZoneC","ABCH","CAV",153017.605763775,0,0,0,0,1
"982914","Nagoya","Retail","HousingClothingSuper","ZoneC","ABCH","CAV",68192.5780001513,1,0,0,0,1
"982917","Nagoya","Retail","HousingClothingSuper","ZoneC","ABCH","CAV",82706.806949201,1,0,1,0,1
"982929","Nagoya","Retail","HousingClothingSuper","ZoneC","ABCH","CAV",134217.234469603,0,0,0,0,2
"982930","Nagoya","Retail","HousingClothingSuper","ZoneC","ABCH","CAV",59814.157886267,1,0,0,0,2
"982933","Nagoya","Retail","HousingClothingSuper","ZoneC","ABCH","CAV",72545.1090750304,1,0,1,0,2
"982978","Nagoya","Retail","HousingClothingSuper","ZoneC","ABCH","VAV",92348.9145892806,1,0,0,0,1
"982994","Nagoya","Retail","HousingClothingSuper","ZoneC","ABCH","VAV",81002.5477824925,1,0,0,0,2
"983041","Nagoya","Retail","HousingClothingSuper","ZoneC","ABCH","FCU",153528.01304807,0,0,0,0,1
"983042","Nagoya","Retail","HousingClothingSuper","ZoneC","ABCH","FCU",76287.0263004677,1,0,0,0,1
"983057","Nagoya","Retail","HousingClothingSuper","ZoneC","ABCH","FCU",134664.931019351,0,0,0,0,2
"983058","Nagoya","Retail","HousingClothingSuper","ZoneC","ABCH","FCU",66914.0890347306,1,0,0,0,2
"983233","Nagoya","Retail","HousingClothingSuper","ZoneC","ABCH","OHUFCU",80786.8912462479,0,0,0,0,1
"983234","Nagoya","Retail","HousingClothingSuper","ZoneC","ABCH","OHUFCU",46523.8346338044,1,0,0,0,1
"983237","Nagoya","Retail","HousingClothingSuper","ZoneC","ABCH","OHUFCU",65700.6665782747,1,0,1,0,1
"983249","Nagoya","Retail","HousingClothingSuper","ZoneC","ABCH","OHUFCU",70861.082098011,0,0,0,0,2
"983250","Nagoya","Retail","HousingClothingSuper","ZoneC","ABCH","OHUFCU",40807.7252960691,1,0,0,0,2
"983253","Nagoya","Retail","HousingClothingSuper","ZoneC","ABCH","OHUFCU",57628.4129328146,1,0,1,0,2
"983297","Nagoya","Retail","HousingClothingSuper","ZoneC","AHP","CAV",94632.5873498211,0,0,0,0,1
"983298","Nagoya","Retail","HousingClothingSuper","ZoneC","AHP","CAV",42173.1869479853,1,0,0,0,1
"983301","Nagoya","Retail","HousingClothingSuper","ZoneC","AHP","CAV",51149.4026715319,1,0,1,0,1
"983313","Nagoya","Retail","HousingClothingSuper","ZoneC","AHP","CAV",83005.6391315136,0,0,0,0,2
"983314","Nagoya","Retail","HousingClothingSuper","ZoneC","AHP","CAV",36991.6160475449,1,0,0,0,2
"983317","Nagoya","Retail","HousingClothingSuper","ZoneC","AHP","CAV",44864.977053316,1,0,1,0,2
"983362","Nagoya","Retail","HousingClothingSuper","ZoneC","AHP","VAV",57112.4916176159,1,0,0,0,1
"983378","Nagoya","Retail","HousingClothingSuper","ZoneC","AHP","VAV",50095.4164086096,1,0,0,0,2
"983425","Nagoya","Retail","HousingClothingSuper","ZoneC","AHP","FCU",94948.2448957217,0,0,0,0,1
"983426","Nagoya","Retail","HousingClothingSuper","ZoneC","AHP","FCU",47179.1376162426,1,0,0,0,1
"983441","Nagoya","Retail","HousingClothingSuper","ZoneC","AHP","FCU",83282.513695318,0,0,0,0,2
"983442","Nagoya","Retail","HousingClothingSuper","ZoneC","AHP","FCU",41382.5150635832,1,0,0,0,2
"983617","Nagoya","Retail","HousingClothingSuper","ZoneC","AHP","OHUFCU",49962.045245848,0,0,0,0,1
"983618","Nagoya","Retail","HousingClothingSuper","ZoneC","AHP","OHUFCU",28772.315596343,1,0,0,0,1
"983621","Nagoya","Retail","HousingClothingSuper","ZoneC","AHP","OHUFCU",40632.083072247,1,0,1,0,1
"983633","Nagoya","Retail","HousingClothingSuper","ZoneC","AHP","OHUFCU",57741.6642586189,0,0,0,0,2
"983637","Nagoya","Retail","HousingClothingSuper","ZoneC","AHP","OHUFCU",46958.928269274,1,0,1,0,2
"984449","Nagoya","Retail","HousingClothingSuper","ZoneC","COM","CAV",79795.9764026162,0,0,0,0,1
"984465","Nagoya","Retail","HousingClothingSuper","ZoneC","COM","CAV",69991.9151205035,0,0,0,0,2
"984833","Nagoya","Retail","HousingClothingSuper","ZoneC","AHP+TESICE","CAV",58470.5871205225,0,0,0,0,1
"985633","Nagoya","Retail","LargeDepartment","ZoneC","EHP","MUL",18551.6654955844,0,0,0,0,3
"985761","Nagoya","Retail","LargeDepartment","ZoneC","ABCH","CAV",50675.6331388439,0,0,0,0,3
"985762","Nagoya","Retail","LargeDepartment","ZoneC","ABCH","CAV",35169.6623732087,1,0,0,0,3
"985765","Nagoya","Retail","LargeDepartment","ZoneC","ABCH","CAV",76243.3540715753,1,0,1,0,3
"988449","Nagoya","Retail","LargeGeneral","ZoneC","EHP","MUL",59356.8390443098,0,0,0,0,3
"988581","Nagoya","Retail","LargeGeneral","ZoneC","ABCH","CAV",112477.533081886,1,0,1,0,3
"988705","Nagoya","Retail","LargeGeneral","ZoneC","ABCH","FCU",73910.014509533,0,0,0,0,3
"988901","Nagoya","Retail","LargeGeneral","ZoneC","ABCH","OHUFCU",66490.8748276991,1,0,1,0,3
"988965","Nagoya","Retail","LargeGeneral","ZoneC","AHP","CAV",88618.1878519707,1,0,1,0,3
"990117","Nagoya","Retail","LargeGeneral","ZoneC","COM","CAV",102113.218525673,1,0,1,0,3
"990501","Nagoya","Retail","LargeGeneral","ZoneC","AHP+TESICE","CAV",74999.6667514895,1,0,1,0,3
"991233","Nagoya","Retail","LargeGrocery","ZoneC","EHP","MUL",322893.109199749,0,0,0,0,1
"991234","Nagoya","Retail","LargeGrocery","ZoneC","EHP","MUL",151432.00103796,1,0,0,0,1
"991237","Nagoya","Retail","LargeGrocery","ZoneC","EHP","MUL",33542.6757604785,1,0,1,0,1
"991249","Nagoya","Retail","LargeGrocery","ZoneC","EHP","MUL",271908.973104664,0,0,0,0,2
"991250","Nagoya","Retail","LargeGrocery","ZoneC","EHP","MUL",127521.209726232,1,0,0,0,2
"991253","Nagoya","Retail","LargeGrocery","ZoneC","EHP","MUL",28246.3585048892,1,0,1,0,2
"991297","Nagoya","Retail","LargeGrocery","ZoneC","GHP","MUL",72389.2435962572,0,0,0,0,1
"991298","Nagoya","Retail","LargeGrocery","ZoneC","GHP","MUL",33949.4640767455,1,0,0,0,1
"991313","Nagoya","Retail","LargeGrocery","ZoneC","GHP","MUL",60959.1357922264,0,0,0,0,2
"991314","Nagoya","Retail","LargeGrocery","ZoneC","GHP","MUL",28588.9158100646,1,0,0,0,2
"991361","Nagoya","Retail","LargeGrocery","ZoneC","ABCH","CAV",82547.8287730785,0,0,0,0,1
"991362","Nagoya","Retail","LargeGrocery","ZoneC","ABCH","CAV",46612.4113198079,1,0,0,0,1
"991377","Nagoya","Retail","LargeGrocery","ZoneC","ABCH","CAV",69513.7019471735,0,0,0,0,2
"991378","Nagoya","Retail","LargeGrocery","ZoneC","ABCH","CAV",39252.4105804334,1,0,0,0,2
"994081","Nagoya","Retail","MediumDepartment","ZoneC","EHP","MUL",68211.3630846399,0,0,0,0,3
"994082","Nagoya","Retail","MediumDepartment","ZoneC","EHP","MUL",37753.5181040949,1,0,0,0,3
"994145","Nagoya","Retail","MediumDepartment","ZoneC","GHP","MUL",33994.4141745026,0,0,0,0,3
"994209","Nagoya","Retail","MediumDepartment","ZoneC","ABCH","CAV",59226.1055868646,0,0,0,0,3
"994213","Nagoya","Retail","MediumDepartment","ZoneC","ABCH","CAV",76902.1139454379,1,0,1,0,3
"994337","Nagoya","Retail","MediumDepartment","ZoneC","ABCH","FCU",59923.801530271,0,0,0,0,3
"994338","Nagoya","Retail","MediumDepartment","ZoneC","ABCH","FCU",37320.3169588786,1,0,0,0,3
"994533","Nagoya","Retail","MediumDepartment","ZoneC","ABCH","OHUFCU",84236.9310142551,1,0,1,0,3
"994593","Nagoya","Retail","MediumDepartment","ZoneC","AHP","CAV",47650.7205498893,0,0,0,0,3
"994594","Nagoya","Retail","MediumDepartment","ZoneC","AHP","CAV",31021.6381952134,1,0,0,0,3
"994597","Nagoya","Retail","MediumDepartment","ZoneC","AHP","CAV",49412.045417396,1,0,1,0,3
"995745","Nagoya","Retail","MediumDepartment","ZoneC","COM","CAV",46097.3919818315,0,0,0,0,3
"995749","Nagoya","Retail","MediumDepartment","ZoneC","COM","CAV",47801.3007976445,1,0,1,0,3
"996897","Nagoya","Retail","MediumGeneral","ZoneC","EHP","MUL",190213.401280766,0,0,0,0,3
"996898","Nagoya","Retail","MediumGeneral","ZoneC","EHP","MUL",105279.014582717,1,0,0,0,3
"996901","Nagoya","Retail","MediumGeneral","ZoneC","EHP","MUL",75734.6848814533,1,0,1,0,3
"996961","Nagoya","Retail","MediumGeneral","ZoneC","GHP","MUL",76661.9835773075,0,0,0,0,3
"996962","Nagoya","Retail","MediumGeneral","ZoneC","GHP","MUL",42430.7542614323,1,0,0,0,3
"997025","Nagoya","Retail","MediumGeneral","ZoneC","ABCH","CAV",116914.735366165,0,0,0,0,3
"997026","Nagoya","Retail","MediumGeneral","ZoneC","ABCH","CAV",58427.2207683112,1,0,0,0,3
"997029","Nagoya","Retail","MediumGeneral","ZoneC","ABCH","CAV",147521.137523793,1,0,1,0,3
"997032","Nagoya","Retail","MediumGeneral","ZoneC","ABCH","CAV",38325.9240750949,1,0,1,1,3
"997090","Nagoya","Retail","MediumGeneral","ZoneC","ABCH","VAV",110495.951052545,1,0,0,0,3
"997153","Nagoya","Retail","MediumGeneral","ZoneC","ABCH","FCU",132205.99655059,0,0,0,0,3
"997154","Nagoya","Retail","MediumGeneral","ZoneC","ABCH","FCU",73173.1673218321,1,0,0,0,3
"997157","Nagoya","Retail","MediumGeneral","ZoneC","ABCH","FCU",52638.6648931129,1,0,1,0,3
"997345","Nagoya","Retail","MediumGeneral","ZoneC","ABCH","OHUFCU",65348.5754641132,0,0,0,0,3
"997346","Nagoya","Retail","MediumGeneral","ZoneC","ABCH","OHUFCU",42221.3289266521,1,0,0,0,3
"997349","Nagoya","Retail","MediumGeneral","ZoneC","ABCH","OHUFCU",115935.952619964,1,0,1,0,3
"997409","Nagoya","Retail","MediumGeneral","ZoneC","AHP","CAV",56479.2988274224,0,0,0,0,3
"997410","Nagoya","Retail","MediumGeneral","ZoneC","AHP","CAV",34943.0049511337,1,0,0,0,3
"997413","Nagoya","Retail","MediumGeneral","ZoneC","AHP","CAV",73335.523768562,1,0,1,0,3
"997537","Nagoya","Retail","MediumGeneral","ZoneC","AHP","FCU",72526.5884796895,0,0,0,0,3
"997538","Nagoya","Retail","MediumGeneral","ZoneC","AHP","FCU",45169.2850067404,1,0,0,0,3
"997729","Nagoya","Retail","MediumGeneral","ZoneC","AHP","OHUFCU",36598.8553348417,0,0,0,0,3
"997733","Nagoya","Retail","MediumGeneral","ZoneC","AHP","OHUFCU",65354.243007503,1,0,1,0,3
"998561","Nagoya","Retail","MediumGeneral","ZoneC","COM","CAV",52550.1987630123,0,0,0,0,3
"998565","Nagoya","Retail","MediumGeneral","ZoneC","COM","CAV",68233.7853060669,1,0,1,0,3
"998689","Nagoya","Retail","MediumGeneral","ZoneC","COM","FCU",86282.8596360062,0,0,0,0,3
"998885","Nagoya","Retail","MediumGeneral","ZoneC","COM","OHUFCU",74741.8292005174,1,0,1,0,3
"998945","Nagoya","Retail","MediumGeneral","ZoneC","AHP+TESICE","CAV",66114.9554100776,0,0,0,0,3
"998946","Nagoya","Retail","MediumGeneral","ZoneC","AHP+TESICE","CAV",43042.249988156,1,0,0,0,3
"998949","Nagoya","Retail","MediumGeneral","ZoneC","AHP+TESICE","CAV",68558.7781631026,1,0,1,0,3
"999329","Nagoya","Retail","MediumGeneral","ZoneC","COM+TESICE","CAV",45762.0032952471,0,0,0,0,3
"999333","Nagoya","Retail","MediumGeneral","ZoneC","COM+TESICE","CAV",47453.515059617,1,0,1,0,3
"999681","Nagoya","Retail","MediumGrocery","ZoneC","EHP","MUL",349800.868380908,0,0,0,0,1
"999682","Nagoya","Retail","MediumGrocery","ZoneC","EHP","MUL",164051.334495862,1,0,0,0,1
"999685","Nagoya","Retail","MediumGrocery","ZoneC","EHP","MUL",36337.8987489514,1,0,1,0,1
"999697","Nagoya","Retail","MediumGrocery","ZoneC","EHP","MUL",294568.054265081,0,0,0,0,2
"999698","Nagoya","Retail","MediumGrocery","ZoneC","EHP","MUL",138147.977235478,1,0,0,0,2
"999701","Nagoya","Retail","MediumGrocery","ZoneC","EHP","MUL",30600.2217207315,1,0,1,0,2
"999745","Nagoya","Retail","MediumGrocery","ZoneC","GHP","MUL",78421.6805808116,0,0,0,0,1
"999746","Nagoya","Retail","MediumGrocery","ZoneC","GHP","MUL",36778.5860916763,1,0,0,0,1
"999761","Nagoya","Retail","MediumGrocery","ZoneC","GHP","MUL",66039.0637902379,0,0,0,0,2
"999762","Nagoya","Retail","MediumGrocery","ZoneC","GHP","MUL",30971.3254680908,1,0,0,0,2
"999809","Nagoya","Retail","MediumGrocery","ZoneC","ABCH","CAV",84518.8476080488,0,0,0,0,1
"999825","Nagoya","Retail","MediumGrocery","ZoneC","ABCH","CAV",75306.5104602478,0,0,0,0,2
"999826","Nagoya","Retail","MediumGrocery","ZoneC","ABCH","CAV",42523.444805338,1,0,0,0,2
"1000193","Nagoya","Retail","MediumGrocery","ZoneC","AHP","CAV",55404.7458583839,0,0,0,0,1
"1002497","Nagoya","Retail","SmallGeneral","ZoneC","EHP","MUL",714335.4298257,0,0,0,0,1
"1002498","Nagoya","Retail","SmallGeneral","ZoneC","EHP","MUL",354948.420425442,1,0,0,0,1
"1002501","Nagoya","Retail","SmallGeneral","ZoneC","EHP","MUL",116936.881795869,1,0,1,0,1
"1002513","Nagoya","Retail","SmallGeneral","ZoneC","EHP","MUL",601543.382754658,0,0,0,0,2
"1002514","Nagoya","Retail","SmallGeneral","ZoneC","EHP","MUL",298902.818775544,1,0,0,0,2
"1002517","Nagoya","Retail","SmallGeneral","ZoneC","EHP","MUL",98472.7965424202,1,0,1,0,2
"1002561","Nagoya","Retail","SmallGeneral","ZoneC","GHP","MUL",175083.099079427,0,0,0,0,1
"1002562","Nagoya","Retail","SmallGeneral","ZoneC","GHP","MUL",86997.6020601381,1,0,0,0,1
"1002565","Nagoya","Retail","SmallGeneral","ZoneC","GHP","MUL",28661.1454600552,1,0,1,0,1
"1002577","Nagoya","Retail","SmallGeneral","ZoneC","GHP","MUL",163561.652849049,0,0,0,0,2
"1002578","Nagoya","Retail","SmallGeneral","ZoneC","GHP","MUL",81272.6737285168,1,0,0,0,2
"1002625","Nagoya","Retail","SmallGeneral","ZoneC","ABCH","CAV",94446.8475040284,0,0,0,0,1
"1002626","Nagoya","Retail","SmallGeneral","ZoneC","ABCH","CAV",42090.4116434135,1,0,0,0,1
"1002629","Nagoya","Retail","SmallGeneral","ZoneC","ABCH","CAV",51049.0093246874,1,0,1,0,1
"1002641","Nagoya","Retail","SmallGeneral","ZoneC","ABCH","CAV",84210.6789807691,0,0,0,0,2
"1002642","Nagoya","Retail","SmallGeneral","ZoneC","ABCH","CAV",46727.4263824015,1,0,0,0,2
"1002645","Nagoya","Retail","SmallGeneral","ZoneC","ABCH","CAV",47101.8842625541,1,0,1,0,2
"1002690","Nagoya","Retail","SmallGeneral","ZoneC","ABCH","VAV",57000.3942346428,1,0,0,0,1
"1002753","Nagoya","Retail","SmallGeneral","ZoneC","ABCH","FCU",94761.8854939648,0,0,0,0,1
"1002754","Nagoya","Retail","SmallGeneral","ZoneC","ABCH","FCU",47086.5368960163,1,0,0,0,1
"1002769","Nagoya","Retail","SmallGeneral","ZoneC","ABCH","FCU",85084.6691563578,0,0,0,0,2
"1002770","Nagoya","Retail","SmallGeneral","ZoneC","ABCH","FCU",49545.0767010252,1,0,0,0,2
"1002945","Nagoya","Retail","SmallGeneral","ZoneC","ABCH","OHUFCU",49863.9823814655,0,0,0,0,1
"1002946","Nagoya","Retail","SmallGeneral","ZoneC","ABCH","OHUFCU",28715.842814486,1,0,0,0,1
"1002949","Nagoya","Retail","SmallGeneral","ZoneC","ABCH","OHUFCU",40552.3325649913,1,0,1,0,1
"1002961","Nagoya","Retail","SmallGeneral","ZoneC","ABCH","OHUFCU",45020.4693469678,0,0,0,0,2
"1002962","Nagoya","Retail","SmallGeneral","ZoneC","ABCH","OHUFCU",31188.7352504989,1,0,0,0,2
"1002965","Nagoya","Retail","SmallGeneral","ZoneC","ABCH","OHUFCU",36860.3089900892,1,0,1,0,2
"1003009","Nagoya","Retail","SmallGeneral","ZoneC","AHP","CAV",61844.5904948553,0,0,0,0,1
"1003010","Nagoya","Retail","SmallGeneral","ZoneC","AHP","CAV",34316.7705625325,1,0,0,0,1
"1003013","Nagoya","Retail","SmallGeneral","ZoneC","AHP","CAV",34591.7736207658,1,0,1,0,1
"1003025","Nagoya","Retail","SmallGeneral","ZoneC","AHP","CAV",52079.4610179553,0,0,0,0,2
"1003026","Nagoya","Retail","SmallGeneral","ZoneC","AHP","CAV",28898.2253819304,1,0,0,0,2
"1003029","Nagoya","Retail","SmallGeneral","ZoneC","AHP","CAV",29129.8060413944,1,0,1,0,2
"1003137","Nagoya","Retail","SmallGeneral","ZoneC","AHP","FCU",62486.4516597339,0,0,0,0,1
"1003138","Nagoya","Retail","SmallGeneral","ZoneC","AHP","FCU",36386.061918713,1,0,0,0,1
"1003153","Nagoya","Retail","SmallGeneral","ZoneC","AHP","FCU",52619.9736682576,0,0,0,0,2
"1003154","Nagoya","Retail","SmallGeneral","ZoneC","AHP","FCU",30640.7800282895,1,0,0,0,2
"1003329","Nagoya","Retail","SmallGeneral","ZoneC","AHP","OHUFCU",45657.07961079,0,0,0,0,1
"1003333","Nagoya","Retail","SmallGeneral","ZoneC","AHP","OHUFCU",37381.5308114324,1,0,1,0,1
"1003345","Nagoya","Retail","SmallGeneral","ZoneC","AHP","OHUFCU",69926.9902163721,0,0,0,0,2
"1005313","Nagoya","Retail","SmallGrocery","ZoneC","EHP","MUL",536212.341763103,0,0,0,0,1
"1005314","Nagoya","Retail","SmallGrocery","ZoneC","EHP","MUL",242154.788302405,1,0,0,0,1
"1005317","Nagoya","Retail","SmallGrocery","ZoneC","EHP","MUL",35066.9182370024,1,0,1,0,1
"1005329","Nagoya","Retail","SmallGrocery","ZoneC","EHP","MUL",198619.770151144,0,0,0,0,2
"1005330","Nagoya","Retail","SmallGrocery","ZoneC","EHP","MUL",89697.1677963946,1,0,0,0,2
"1005377","Nagoya","Retail","SmallGrocery","ZoneC","GHP","MUL",113403.927254189,0,0,0,0,1
"1005378","Nagoya","Retail","SmallGrocery","ZoneC","GHP","MUL",51213.4873781625,1,0,0,0,1
"1005393","Nagoya","Retail","SmallGrocery","ZoneC","GHP","MUL",58347.6792232691,0,0,0,0,2
"1005441","Nagoya","Retail","SmallGrocery","ZoneC","ABCH","CAV",75499.279369166,0,0,0,0,1
"1008129","Nagoya","Retail","SpecialityShop","ZoneC","EHP","MUL",3822271.15891996,0,0,0,0,1
"1008130","Nagoya","Retail","SpecialityShop","ZoneC","EHP","MUL",1484131.18422438,1,0,0,0,1
"1008133","Nagoya","Retail","SpecialityShop","ZoneC","EHP","MUL",78420.4403934507,1,0,1,0,1
"1008145","Nagoya","Retail","SpecialityShop","ZoneC","EHP","MUL",1257695.63327557,0,0,0,0,2
"1008146","Nagoya","Retail","SpecialityShop","ZoneC","EHP","MUL",488344.555370198,1,0,0,0,2
"1008149","Nagoya","Retail","SpecialityShop","ZoneC","EHP","MUL",25803.7803550963,1,0,1,0,2
"1008193","Nagoya","Retail","SpecialityShop","ZoneC","GHP","MUL",759821.092743968,0,0,0,0,1
"1008194","Nagoya","Retail","SpecialityShop","ZoneC","GHP","MUL",295027.257692362,1,0,0,0,1
"1008209","Nagoya","Retail","SpecialityShop","ZoneC","GHP","MUL",250014.619759417,0,0,0,0,2
"1008210","Nagoya","Retail","SpecialityShop","ZoneC","GHP","MUL",97076.967663853,1,0,0,0,2
"1010945","Nagoya","Retail","SuperDrugStore","ZoneC","EHP","MUL",134135.529703621,0,0,0,0,1
"1010946","Nagoya","Retail","SuperDrugStore","ZoneC","EHP","MUL",62907.5415193837,1,0,0,0,1
"1010961","Nagoya","Retail","SuperDrugStore","ZoneC","EHP","MUL",136709.064023889,0,0,0,0,2
"1010962","Nagoya","Retail","SuperDrugStore","ZoneC","EHP","MUL",64114.4903230415,1,0,0,0,2
"1011009","Nagoya","Retail","SuperDrugStore","ZoneC","GHP","MUL",41257.4022756555,0,0,0,0,1
"1011025","Nagoya","Retail","SuperDrugStore","ZoneC","GHP","MUL",42048.9698860873,0,0,0,0,2
"1011073","Nagoya","Retail","SuperDrugStore","ZoneC","ABCH","CAV",50111.7241326542,0,0,0,0,1
"1013761","Osaka","Retail","ConvenienceDrug","ZoneC","EHP","MUL",594616.208819636,0,0,0,0,1
"1013762","Osaka","Retail","ConvenienceDrug","ZoneC","EHP","MUL",256778.717061952,1,0,0,0,1
"1013765","Osaka","Retail","ConvenienceDrug","ZoneC","EHP","MUL",27532.6843090284,1,0,1,0,1
"1013777","Osaka","Retail","ConvenienceDrug","ZoneC","EHP","MUL",201982.085951206,0,0,0,0,2
"1013778","Osaka","Retail","ConvenienceDrug","ZoneC","EHP","MUL",87223.8262777996,1,0,0,0,2
"1013825","Osaka","Retail","ConvenienceDrug","ZoneC","GHP","MUL",122056.591848816,0,0,0,0,1
"1013826","Osaka","Retail","ConvenienceDrug","ZoneC","GHP","MUL",52708.8474868671,1,0,0,0,1
"1013841","Osaka","Retail","ConvenienceDrug","ZoneC","GHP","MUL",57505.530288459,0,0,0,0,2
"1016577","Osaka","Retail","ConvenienceStore","ZoneC","EHP","MUL",516281.26842758,0,0,0,0,1
"1016578","Osaka","Retail","ConvenienceStore","ZoneC","EHP","MUL",200570.874426782,1,0,0,0,1
"1016593","Osaka","Retail","ConvenienceStore","ZoneC","EHP","MUL",169879.286383966,0,0,0,0,2
"1016594","Osaka","Retail","ConvenienceStore","ZoneC","EHP","MUL",65996.6555068021,1,0,0,0,2
"1016641","Osaka","Retail","ConvenienceStore","ZoneC","GHP","MUL",100054.177239518,0,0,0,0,1
"1016642","Osaka","Retail","ConvenienceStore","ZoneC","GHP","MUL",38870.1954655506,1,0,0,0,1
"1016657","Osaka","Retail","ConvenienceStore","ZoneC","GHP","MUL",45712.2400902829,0,0,0,0,2
"1019393","Osaka","Retail","HomeCenter","ZoneC","EHP","MUL",487107.830390037,0,0,0,0,1
"1019394","Osaka","Retail","HomeCenter","ZoneC","EHP","MUL",241834.829049696,1,0,0,0,1
"1019397","Osaka","Retail","HomeCenter","ZoneC","EHP","MUL",80077.2422738569,1,0,1,0,1
"1019409","Osaka","Retail","HomeCenter","ZoneC","EHP","MUL",410194.538622565,0,0,0,0,2
"1019410","Osaka","Retail","HomeCenter","ZoneC","EHP","MUL",203649.623216847,1,0,0,0,2
"1019413","Osaka","Retail","HomeCenter","ZoneC","EHP","MUL",67433.2158084805,1,0,1,0,2
"1019457","Osaka","Retail","HomeCenter","ZoneC","GHP","MUL",126949.645604868,0,0,0,0,1
"1019458","Osaka","Retail","HomeCenter","ZoneC","GHP","MUL",63026.7959728547,1,0,0,0,1
"1019473","Osaka","Retail","HomeCenter","ZoneC","GHP","MUL",106904.566213789,0,0,0,0,2
"1019474","Osaka","Retail","HomeCenter","ZoneC","GHP","MUL",53074.9987620656,1,0,0,0,2
"1019521","Osaka","Retail","HomeCenter","ZoneC","ABCH","CAV",77272.1568416499,0,0,0,0,1
"1019522","Osaka","Retail","HomeCenter","ZoneC","ABCH","CAV",43794.2713227678,1,0,0,0,1
"1019525","Osaka","Retail","HomeCenter","ZoneC","ABCH","CAV",43567.0975463573,1,0,1,0,1
"1019537","Osaka","Retail","HomeCenter","ZoneC","ABCH","CAV",65071.0474078211,0,0,0,0,2
"1019538","Osaka","Retail","HomeCenter","ZoneC","ABCH","CAV",36879.2489029993,1,0,0,0,2
"1019541","Osaka","Retail","HomeCenter","ZoneC","ABCH","CAV",36687.945383351,1,0,1,0,2
"1019649","Osaka","Retail","HomeCenter","ZoneC","ABCH","FCU",71495.9492904894,0,0,0,0,1
"1019650","Osaka","Retail","HomeCenter","ZoneC","ABCH","FCU",41981.3597424055,1,0,0,0,1
"1019665","Osaka","Retail","HomeCenter","ZoneC","ABCH","FCU",60206.89075992,0,0,0,0,2
"1019666","Osaka","Retail","HomeCenter","ZoneC","ABCH","FCU",35352.5922104251,1,0,0,0,2
"1019841","Osaka","Retail","HomeCenter","ZoneC","ABCH","OHUFCU",39434.1799865999,0,0,0,0,1
"1019842","Osaka","Retail","HomeCenter","ZoneC","ABCH","OHUFCU",27584.4057937542,1,0,0,0,1
"1019845","Osaka","Retail","HomeCenter","ZoneC","ABCH","OHUFCU",32436.8091721459,1,0,1,0,1
"1019857","Osaka","Retail","HomeCenter","ZoneC","ABCH","OHUFCU",45952.8341154902,0,0,0,0,2
"1019861","Osaka","Retail","HomeCenter","ZoneC","ABCH","OHUFCU",37798.7652242278,1,0,1,0,2
"1019905","Osaka","Retail","HomeCenter","ZoneC","AHP","CAV",94641.3862221796,0,0,0,0,1
"1019921","Osaka","Retail","HomeCenter","ZoneC","AHP","CAV",87368.9639527252,0,0,0,0,2
"1019922","Osaka","Retail","HomeCenter","ZoneC","AHP","CAV",52792.722568022,1,0,0,0,2
"1019925","Osaka","Retail","HomeCenter","ZoneC","AHP","CAV",42614.966304081,1,0,1,0,2
"1020033","Osaka","Retail","HomeCenter","ZoneC","AHP","FCU",65233.6745220597,0,0,0,0,1
"1020225","Osaka","Retail","HomeCenter","ZoneC","AHP","OHUFCU",57173.0235682059,0,0,0,0,1
"1022209","Osaka","Retail","HousingClothingSuper","ZoneC","EHP","MUL",965739.121900165,0,0,0,0,1
"1022210","Osaka","Retail","HousingClothingSuper","ZoneC","EHP","MUL",479461.303802737,1,0,0,0,1
"1022213","Osaka","Retail","HousingClothingSuper","ZoneC","EHP","MUL",158760.99872141,1,0,1,0,1
"1022225","Osaka","Retail","HousingClothingSuper","ZoneC","EHP","MUL",813250.965849597,0,0,0,0,2
"1022226","Osaka","Retail","HousingClothingSuper","ZoneC","EHP","MUL",403755.382341643,1,0,0,0,2
"1022229","Osaka","Retail","HousingClothingSuper","ZoneC","EHP","MUL",133692.974242769,1,0,1,0,2
"1022273","Osaka","Retail","HousingClothingSuper","ZoneC","GHP","MUL",226777.711502998,0,0,0,0,1
"1022274","Osaka","Retail","HousingClothingSuper","ZoneC","GHP","MUL",112588.518746855,1,0,0,0,1
"1022277","Osaka","Retail","HousingClothingSuper","ZoneC","GHP","MUL",37280.7263882321,1,0,1,0,1
"1022289","Osaka","Retail","HousingClothingSuper","ZoneC","GHP","MUL",190969.992548401,0,0,0,0,2
"1022290","Osaka","Retail","HousingClothingSuper","ZoneC","GHP","MUL",94811.0307826185,1,0,0,0,2
"1022293","Osaka","Retail","HousingClothingSuper","ZoneC","GHP","MUL",31394.1788784016,1,0,1,0,2
"1022337","Osaka","Retail","HousingClothingSuper","ZoneC","ABCH","CAV",126826.925374925,0,0,0,0,1
"1022338","Osaka","Retail","HousingClothingSuper","ZoneC","ABCH","CAV",56472.341870839,1,0,0,0,1
"1022341","Osaka","Retail","HousingClothingSuper","ZoneC","ABCH","CAV",68838.9063233404,1,0,1,0,1
"1022353","Osaka","Retail","HousingClothingSuper","ZoneC","ABCH","CAV",106801.223247487,0,0,0,0,2
"1022354","Osaka","Retail","HousingClothingSuper","ZoneC","ABCH","CAV",47555.479040639,1,0,0,0,2
"1022357","Osaka","Retail","HousingClothingSuper","ZoneC","ABCH","CAV",57969.3892335385,1,0,1,0,2
"1022402","Osaka","Retail","HousingClothingSuper","ZoneC","ABCH","VAV",78360.4785947339,1,0,0,0,1
"1022418","Osaka","Retail","HousingClothingSuper","ZoneC","ABCH","VAV",65987.5254677648,1,0,0,0,2
"1022465","Osaka","Retail","HousingClothingSuper","ZoneC","ABCH","FCU",116134.457698598,0,0,0,0,1
"1022466","Osaka","Retail","HousingClothingSuper","ZoneC","ABCH","FCU",57657.3706520612,1,0,0,0,1
"1022481","Osaka","Retail","HousingClothingSuper","ZoneC","ABCH","FCU",97797.0735057037,0,0,0,0,2
"1022482","Osaka","Retail","HousingClothingSuper","ZoneC","ABCH","FCU",48553.3942943902,1,0,0,0,2
"1022657","Osaka","Retail","HousingClothingSuper","ZoneC","ABCH","OHUFCU",63675.3064792419,0,0,0,0,1
"1022658","Osaka","Retail","HousingClothingSuper","ZoneC","ABCH","OHUFCU",36637.4940390296,1,0,0,0,1
"1022661","Osaka","Retail","HousingClothingSuper","ZoneC","ABCH","OHUFCU",52004.302129285,1,0,1,0,1
"1022673","Osaka","Retail","HousingClothingSuper","ZoneC","ABCH","OHUFCU",53621.1108369758,0,0,0,0,2
"1022674","Osaka","Retail","HousingClothingSuper","ZoneC","ABCH","OHUFCU",30852.5115508677,1,0,0,0,2
"1022677","Osaka","Retail","HousingClothingSuper","ZoneC","ABCH","OHUFCU",43792.9332838474,1,0,1,0,2
"1022721","Osaka","Retail","HousingClothingSuper","ZoneC","AHP","CAV",77250.019794964,0,0,0,0,1
"1022722","Osaka","Retail","HousingClothingSuper","ZoneC","AHP","CAV",43781.7250723657,1,0,0,0,1
"1022725","Osaka","Retail","HousingClothingSuper","ZoneC","AHP","CAV",43554.6163770491,1,0,1,0,1
"1022737","Osaka","Retail","HousingClothingSuper","ZoneC","AHP","CAV",65052.4057537863,0,0,0,0,2
"1022738","Osaka","Retail","HousingClothingSuper","ZoneC","AHP","CAV",36868.6836788865,1,0,0,0,2
"1022741","Osaka","Retail","HousingClothingSuper","ZoneC","AHP","CAV",36677.4349641657,1,0,1,0,2
"1022849","Osaka","Retail","HousingClothingSuper","ZoneC","AHP","FCU",71475.4670206528,0,0,0,0,1
"1022850","Osaka","Retail","HousingClothingSuper","ZoneC","AHP","FCU",41969.3328577093,1,0,0,0,1
"1022865","Osaka","Retail","HousingClothingSuper","ZoneC","AHP","FCU",60189.6425969847,0,0,0,0,2
"1022866","Osaka","Retail","HousingClothingSuper","ZoneC","AHP","FCU",35342.4643452765,1,0,0,0,2
"1023041","Osaka","Retail","HousingClothingSuper","ZoneC","AHP","OHUFCU",39422.8828218893,0,0,0,0,1
"1023042","Osaka","Retail","HousingClothingSuper","ZoneC","AHP","OHUFCU",27576.5033706328,1,0,0,0,1
"1023045","Osaka","Retail","HousingClothingSuper","ZoneC","AHP","OHUFCU",32427.5166250198,1,0,1,0,1
"1023057","Osaka","Retail","HousingClothingSuper","ZoneC","AHP","OHUFCU",45939.6694766896,0,0,0,0,2
"1023061","Osaka","Retail","HousingClothingSuper","ZoneC","AHP","OHUFCU",37787.936575661,1,0,1,0,2
"1023873","Osaka","Retail","HousingClothingSuper","ZoneC","COM","CAV",82216.6360670743,0,0,0,0,1
"1023889","Osaka","Retail","HousingClothingSuper","ZoneC","COM","CAV",69234.8038659709,0,0,0,0,2
"1024257","Osaka","Retail","HousingClothingSuper","ZoneC","AHP+TESICE","CAV",62599.0027670966,0,0,0,0,1
"1024273","Osaka","Retail","HousingClothingSuper","ZoneC","AHP+TESICE","CAV",52714.7531948339,0,0,0,0,2
"1025057","Osaka","Retail","LargeDepartment","ZoneC","EHP","MUL",29082.2200231209,0,0,0,0,3
"1025189","Osaka","Retail","LargeDepartment","ZoneC","ABCH","CAV",101596.574650629,1,0,1,0,3
"1025313","Osaka","Retail","LargeDepartment","ZoneC","ABCH","FCU",63457.0467210269,0,0,0,0,3
"1025509","Osaka","Retail","LargeDepartment","ZoneC","ABCH","OHUFCU",58621.4811290847,1,0,1,0,3
"1026721","Osaka","Retail","LargeDepartment","ZoneC","COM","CAV",55665.0582448477,0,0,0,0,3
"1026725","Osaka","Retail","LargeDepartment","ZoneC","COM","CAV",95385.4157196932,1,0,1,0,3
"1027873","Osaka","Retail","LargeGeneral","ZoneC","EHP","MUL",48849.3826121938,0,0,0,0,3
"1028005","Osaka","Retail","LargeGeneral","ZoneC","ABCH","CAV",113053.323663208,1,0,1,0,3
"1028129","Osaka","Retail","LargeGeneral","ZoneC","ABCH","FCU",70612.9125547161,0,0,0,0,3
"1028325","Osaka","Retail","LargeGeneral","ZoneC","ABCH","OHUFCU",65232.0543531435,1,0,1,0,3
"1028389","Osaka","Retail","LargeGeneral","ZoneC","AHP","CAV",55923.6068636044,1,0,1,0,3
"1029537","Osaka","Retail","LargeGeneral","ZoneC","COM","CAV",61942.2442944252,0,0,0,0,3
"1029541","Osaka","Retail","LargeGeneral","ZoneC","COM","CAV",106141.750479196,1,0,1,0,3
"1029925","Osaka","Retail","LargeGeneral","ZoneC","AHP+TESICE","CAV",77103.5372101715,1,0,1,0,3
"1030309","Osaka","Retail","LargeGeneral","ZoneC","COM+TESICE","CAV",79416.8332524923,1,0,1,0,3
"1030657","Osaka","Retail","LargeGrocery","ZoneC","EHP","MUL",368494.690107427,0,0,0,0,1
"1030658","Osaka","Retail","LargeGrocery","ZoneC","EHP","MUL",175655.943040413,1,0,0,0,1
"1030661","Osaka","Retail","LargeGrocery","ZoneC","EHP","MUL",36773.5138875928,1,0,1,0,1
"1030673","Osaka","Retail","LargeGrocery","ZoneC","EHP","MUL",310310.16124797,0,0,0,0,2
"1030674","Osaka","Retail","LargeGrocery","ZoneC","EHP","MUL",147920.242739844,1,0,0,0,2
"1030677","Osaka","Retail","LargeGrocery","ZoneC","EHP","MUL",30967.0541542584,1,0,1,0,2
"1030721","Osaka","Retail","LargeGrocery","ZoneC","GHP","MUL",80907.0330286786,0,0,0,0,1
"1030722","Osaka","Retail","LargeGrocery","ZoneC","GHP","MUL",38567.1803876228,1,0,0,0,1
"1030737","Osaka","Retail","LargeGrocery","ZoneC","GHP","MUL",68131.9843656495,0,0,0,0,2
"1030738","Osaka","Retail","LargeGrocery","ZoneC","GHP","MUL",32477.5045238068,1,0,0,0,2
"1030785","Osaka","Retail","LargeGrocery","ZoneC","ABCH","CAV",83030.6019621957,0,0,0,0,1
"1030801","Osaka","Retail","LargeGrocery","ZoneC","ABCH","CAV",75605.523258973,0,0,0,0,2
"1030802","Osaka","Retail","LargeGrocery","ZoneC","ABCH","CAV",44557.0347037962,1,0,0,0,2
"1031169","Osaka","Retail","LargeGrocery","ZoneC","AHP","CAV",59662.96753269,0,0,0,0,1
"1033505","Osaka","Retail","MediumDepartment","ZoneC","EHP","MUL",147053.006338209,0,0,0,0,3
"1033506","Osaka","Retail","MediumDepartment","ZoneC","EHP","MUL",80730.2066119273,1,0,0,0,3
"1033509","Osaka","Retail","MediumDepartment","ZoneC","EHP","MUL",52778.9226377332,1,0,1,0,3
"1033569","Osaka","Retail","MediumDepartment","ZoneC","GHP","MUL",84822.505795302,0,0,0,0,3
"1033633","Osaka","Retail","MediumDepartment","ZoneC","ABCH","CAV",82110.1433558501,0,0,0,0,3
"1033634","Osaka","Retail","MediumDepartment","ZoneC","ABCH","CAV",40687.4977759349,1,0,0,0,3
"1033637","Osaka","Retail","MediumDepartment","ZoneC","ABCH","CAV",93690.3541467247,1,0,1,0,3
"1033698","Osaka","Retail","MediumDepartment","ZoneC","ABCH","VAV",67965.9418533505,1,0,0,0,3
"1033761","Osaka","Retail","MediumDepartment","ZoneC","ABCH","FCU",77432.7605359615,0,0,0,0,3
"1033762","Osaka","Retail","MediumDepartment","ZoneC","ABCH","FCU",42509.5882924211,1,0,0,0,3
"1033765","Osaka","Retail","MediumDepartment","ZoneC","ABCH","FCU",27791.4595540761,1,0,1,0,3
"1033953","Osaka","Retail","MediumDepartment","ZoneC","ABCH","OHUFCU",49638.4390527108,0,0,0,0,3
"1033957","Osaka","Retail","MediumDepartment","ZoneC","ABCH","OHUFCU",80152.4186039609,1,0,1,0,3
"1034017","Osaka","Retail","MediumDepartment","ZoneC","AHP","CAV",47047.3470248767,0,0,0,0,3
"1034021","Osaka","Retail","MediumDepartment","ZoneC","AHP","CAV",55534.1603383354,1,0,1,0,3
"1034145","Osaka","Retail","MediumDepartment","ZoneC","AHP","FCU",70002.7580415445,0,0,0,0,3
"1034341","Osaka","Retail","MediumDepartment","ZoneC","AHP","OHUFCU",61500.6010067994,1,0,1,0,3
"1035169","Osaka","Retail","MediumDepartment","ZoneC","COM","CAV",71156.4100772836,0,0,0,0,3
"1035170","Osaka","Retail","MediumDepartment","ZoneC","COM","CAV",46862.8897896444,1,0,0,0,3
"1035173","Osaka","Retail","MediumDepartment","ZoneC","COM","CAV",67571.8474832094,1,0,1,0,3
"1035553","Osaka","Retail","MediumDepartment","ZoneC","AHP+TESICE","CAV",53744.2462077961,0,0,0,0,3
"1035557","Osaka","Retail","MediumDepartment","ZoneC","AHP+TESICE","CAV",51036.8356681984,1,0,1,0,3
"1035937","Osaka","Retail","MediumDepartment","ZoneC","COM+TESICE","CAV",67266.1319481941,0,0,0,0,3
"1036321","Osaka","Retail","MediumGeneral","ZoneC","EHP","MUL",238806.431306307,0,0,0,0,3
"1036322","Osaka","Retail","MediumGeneral","ZoneC","EHP","MUL",131101.655244473,1,0,0,0,3
"1036325","Osaka","Retail","MediumGeneral","ZoneC","EHP","MUL",85710.2243412879,1,0,1,0,3
"1036385","Osaka","Retail","MediumGeneral","ZoneC","GHP","MUL",88927.360542012,0,0,0,0,3
"1036386","Osaka","Retail","MediumGeneral","ZoneC","GHP","MUL",48819.9756589717,1,0,0,0,3
"1036449","Osaka","Retail","MediumGeneral","ZoneC","ABCH","CAV",119794.240326231,0,0,0,0,3
"1036450","Osaka","Retail","MediumGeneral","ZoneC","ABCH","CAV",59360.8498004905,1,0,0,0,3
"1036453","Osaka","Retail","MediumGeneral","ZoneC","ABCH","CAV",136689.139029531,1,0,1,0,3
"1036461","Osaka","Retail","MediumGeneral","ZoneC","ABCH","CAV",35721.011572081,1,1,1,0,3
"1036514","Osaka","Retail","MediumGeneral","ZoneC","ABCH","VAV",110373.153385531,1,0,0,0,3
"1036577","Osaka","Retail","MediumGeneral","ZoneC","ABCH","FCU",125746.774379166,0,0,0,0,3
"1036578","Osaka","Retail","MediumGeneral","ZoneC","ABCH","FCU",69033.3596653289,1,0,0,0,3
"1036581","Osaka","Retail","MediumGeneral","ZoneC","ABCH","FCU",45131.8843603814,1,0,1,0,3
"1036769","Osaka","Retail","MediumGeneral","ZoneC","ABCH","OHUFCU",64743.3846751752,0,0,0,0,3
"1036770","Osaka","Retail","MediumGeneral","ZoneC","ABCH","OHUFCU",41487.4663876447,1,0,0,0,3
"1036773","Osaka","Retail","MediumGeneral","ZoneC","ABCH","OHUFCU",104542.748913022,1,0,1,0,3
"1036833","Osaka","Retail","MediumGeneral","ZoneC","AHP","CAV",59212.8427608206,0,0,0,0,3
"1036834","Osaka","Retail","MediumGeneral","ZoneC","AHP","CAV",37480.0130557963,1,0,0,0,3
"1036837","Osaka","Retail","MediumGeneral","ZoneC","AHP","CAV",69894.1749516569,1,0,1,0,3
"1036961","Osaka","Retail","MediumGeneral","ZoneC","AHP","FCU",69958.9720530839,0,0,0,0,3
"1036962","Osaka","Retail","MediumGeneral","ZoneC","AHP","FCU",43721.8648490347,1,0,0,0,3
"1037153","Osaka","Retail","MediumGeneral","ZoneC","AHP","OHUFCU",38031.5797183198,0,0,0,0,3
"1037157","Osaka","Retail","MediumGeneral","ZoneC","AHP","OHUFCU",61842.1965161396,1,0,1,0,3
"1037985","Osaka","Retail","MediumGeneral","ZoneC","COM","CAV",60574.6856420569,0,0,0,0,3
"1037989","Osaka","Retail","MediumGeneral","ZoneC","COM","CAV",71501.6790024637,1,0,1,0,3
"1038113","Osaka","Retail","MediumGeneral","ZoneC","COM","FCU",90130.3756873131,0,0,0,0,3
"1038309","Osaka","Retail","MediumGeneral","ZoneC","COM","OHUFCU",79183.6268857967,1,0,1,0,3
"1038369","Osaka","Retail","MediumGeneral","ZoneC","AHP+TESICE","CAV",65239.6709542816,0,0,0,0,3
"1038370","Osaka","Retail","MediumGeneral","ZoneC","AHP+TESICE","CAV",42966.185429009,1,0,0,0,3
"1038373","Osaka","Retail","MediumGeneral","ZoneC","AHP+TESICE","CAV",61953.1689525866,1,0,1,0,3
"1038753","Osaka","Retail","MediumGeneral","ZoneC","COM+TESICE","CAV",56029.6182719868,0,0,0,0,3
"1038757","Osaka","Retail","MediumGeneral","ZoneC","COM+TESICE","CAV",53207.0802378185,1,0,1,0,3
"1039105","Osaka","Retail","MediumGrocery","ZoneC","EHP","MUL",399202.58076592,0,0,0,0,1
"1039106","Osaka","Retail","MediumGrocery","ZoneC","EHP","MUL",190293.938206168,1,0,0,0,1
"1039109","Osaka","Retail","MediumGrocery","ZoneC","EHP","MUL",39837.9733598841,1,0,1,0,1
"1039121","Osaka","Retail","MediumGrocery","ZoneC","EHP","MUL",336169.341197195,0,0,0,0,2
"1039122","Osaka","Retail","MediumGrocery","ZoneC","EHP","MUL",160246.929561053,1,0,0,0,2
"1039125","Osaka","Retail","MediumGrocery","ZoneC","EHP","MUL",33547.6419850012,1,0,1,0,2
"1039169","Osaka","Retail","MediumGrocery","ZoneC","GHP","MUL",87649.2857407147,0,0,0,0,1
"1039170","Osaka","Retail","MediumGrocery","ZoneC","GHP","MUL",41781.1120673553,1,0,0,0,1
"1039185","Osaka","Retail","MediumGrocery","ZoneC","GHP","MUL",73809.6496954716,0,0,0,0,2
"1039186","Osaka","Retail","MediumGrocery","ZoneC","GHP","MUL",35183.9632179252,1,0,0,0,2
"1039233","Osaka","Retail","MediumGrocery","ZoneC","ABCH","CAV",56595.8583856349,0,0,0,0,1
"1039234","Osaka","Retail","MediumGrocery","ZoneC","ABCH","CAV",33353.9603653307,1,0,0,0,1
"1039249","Osaka","Retail","MediumGrocery","ZoneC","ABCH","CAV",81905.9834928444,0,0,0,0,2
"1039250","Osaka","Retail","MediumGrocery","ZoneC","ABCH","CAV",48270.1209068889,1,0,0,0,2
"1039617","Osaka","Retail","MediumGrocery","ZoneC","AHP","CAV",64634.8814639895,0,0,0,0,1
"1041921","Osaka","Retail","SmallGeneral","ZoneC","EHP","MUL",720468.81645753,0,0,0,0,1
"1041922","Osaka","Retail","SmallGeneral","ZoneC","EHP","MUL",357691.751586359,1,0,0,0,1
"1041925","Osaka","Retail","SmallGeneral","ZoneC","EHP","MUL",118440.214603063,1,0,1,0,1
"1041937","Osaka","Retail","SmallGeneral","ZoneC","EHP","MUL",606708.320665062,0,0,0,0,2
"1041938","Osaka","Retail","SmallGeneral","ZoneC","EHP","MUL",301212.983773181,1,0,0,0,2
"1041941","Osaka","Retail","SmallGeneral","ZoneC","EHP","MUL",99738.7562925426,1,0,1,0,2
"1041985","Osaka","Retail","SmallGeneral","ZoneC","GHP","MUL",169182.614331743,0,0,0,0,1
"1041986","Osaka","Retail","SmallGeneral","ZoneC","GHP","MUL",83994.2330270832,1,0,0,0,1
"1041989","Osaka","Retail","SmallGeneral","ZoneC","GHP","MUL",27812.4808330828,1,0,1,0,1
"1042001","Osaka","Retail","SmallGeneral","ZoneC","GHP","MUL",158119.827867028,0,0,0,0,2
"1042002","Osaka","Retail","SmallGeneral","ZoneC","GHP","MUL",78501.8822443719,1,0,0,0,2
"1042049","Osaka","Retail","SmallGeneral","ZoneC","ABCH","CAV",99922.4028544334,0,0,0,0,1
"1042050","Osaka","Retail","SmallGeneral","ZoneC","ABCH","CAV",44492.5403487463,1,0,0,0,1
"1042053","Osaka","Retail","SmallGeneral","ZoneC","ABCH","CAV",54235.7146115867,1,0,1,0,1
"1042065","Osaka","Retail","SmallGeneral","ZoneC","ABCH","CAV",90835.0695921546,0,0,0,0,2
"1042066","Osaka","Retail","SmallGeneral","ZoneC","ABCH","CAV",40446.2150975065,1,0,0,0,2
"1042069","Osaka","Retail","SmallGeneral","ZoneC","ABCH","CAV",49303.3070701936,1,0,1,0,2
"1042114","Osaka","Retail","SmallGeneral","ZoneC","ABCH","VAV",61737.4211892492,1,0,0,0,1
"1042130","Osaka","Retail","SmallGeneral","ZoneC","ABCH","VAV",56122.7791763097,1,0,0,0,2
"1042177","Osaka","Retail","SmallGeneral","ZoneC","ABCH","FCU",91498.1896244475,0,0,0,0,1
"1042178","Osaka","Retail","SmallGeneral","ZoneC","ABCH","FCU",45426.1821832489,1,0,0,0,1
"1042193","Osaka","Retail","SmallGeneral","ZoneC","ABCH","FCU",83176.9871887553,0,0,0,0,2
"1042194","Osaka","Retail","SmallGeneral","ZoneC","ABCH","FCU",41294.9479000468,1,0,0,0,2
"1042369","Osaka","Retail","SmallGeneral","ZoneC","ABCH","OHUFCU",50167.4987948284,0,0,0,0,1
"1042370","Osaka","Retail","SmallGeneral","ZoneC","ABCH","OHUFCU",28865.3724603232,1,0,0,0,1
"1042373","Osaka","Retail","SmallGeneral","ZoneC","ABCH","OHUFCU",40972.3314837487,1,0,1,0,1
"1042385","Osaka","Retail","SmallGeneral","ZoneC","ABCH","OHUFCU",45605.0706760039,0,0,0,0,2
"1042386","Osaka","Retail","SmallGeneral","ZoneC","ABCH","OHUFCU",26240.2428418043,1,0,0,0,2
"1042389","Osaka","Retail","SmallGeneral","ZoneC","ABCH","OHUFCU",37246.1477642901,1,0,1,0,2
"1042433","Osaka","Retail","SmallGeneral","ZoneC","AHP","CAV",60862.5303786754,0,0,0,0,1
"1042434","Osaka","Retail","SmallGeneral","ZoneC","AHP","CAV",34494.0568212176,1,0,0,0,1
"1042437","Osaka","Retail","SmallGeneral","ZoneC","AHP","CAV",34315.1259949905,1,0,1,0,1
"1042449","Osaka","Retail","SmallGeneral","ZoneC","AHP","CAV",55327.4543503065,0,0,0,0,2
"1042450","Osaka","Retail","SmallGeneral","ZoneC","AHP","CAV",31357.0326810052,1,0,0,0,2
"1042453","Osaka","Retail","SmallGeneral","ZoneC","AHP","CAV",31194.3745223919,1,0,1,0,2
"1042561","Osaka","Retail","SmallGeneral","ZoneC","AHP","FCU",56312.9665781404,0,0,0,0,1
"1042562","Osaka","Retail","SmallGeneral","ZoneC","AHP","FCU",33066.1377538132,1,0,0,0,1
"1042577","Osaka","Retail","SmallGeneral","ZoneC","AHP","FCU",51191.645636443,0,0,0,0,2
"1042578","Osaka","Retail","SmallGeneral","ZoneC","AHP","FCU",30058.9741460378,1,0,0,0,2
"1042753","Osaka","Retail","SmallGeneral","ZoneC","AHP","OHUFCU",78334.9041107267,0,0,0,0,1
"1042769","Osaka","Retail","SmallGeneral","ZoneC","AHP","OHUFCU",71210.8222293108,0,0,0,0,2
"1043585","Osaka","Retail","SmallGeneral","ZoneC","COM","CAV",64775.5498774773,0,0,0,0,1
"1044737","Osaka","Retail","SmallGrocery","ZoneC","EHP","MUL",609401.040394948,0,0,0,0,1
"1044738","Osaka","Retail","SmallGrocery","ZoneC","EHP","MUL",273531.556616373,1,0,0,0,1
"1044741","Osaka","Retail","SmallGrocery","ZoneC","EHP","MUL",40463.3389587905,1,0,1,0,1
"1044753","Osaka","Retail","SmallGrocery","ZoneC","EHP","MUL",226346.93417838,0,0,0,0,2
"1044754","Osaka","Retail","SmallGrocery","ZoneC","EHP","MUL",101596.52697841,1,0,0,0,2
"1044801","Osaka","Retail","SmallGrocery","ZoneC","GHP","MUL",126763.642548988,0,0,0,0,1
"1044802","Osaka","Retail","SmallGrocery","ZoneC","GHP","MUL",56898.256107857,1,0,0,0,1
"1044817","Osaka","Retail","SmallGrocery","ZoneC","GHP","MUL",65227.402874451,0,0,0,0,2
"1044865","Osaka","Retail","SmallGrocery","ZoneC","ABCH","CAV",56433.6399565098,0,0,0,0,1
"1044866","Osaka","Retail","SmallGrocery","ZoneC","ABCH","CAV",31396.7116785077,1,0,0,0,1
"1047553","Osaka","Retail","SpecialityShop","ZoneC","EHP","MUL",3327902.20673697,0,0,0,0,1
"1047554","Osaka","Retail","SpecialityShop","ZoneC","EHP","MUL",1292861.65590507,1,0,0,0,1
"1047557","Osaka","Retail","SpecialityShop","ZoneC","EHP","MUL",68224.3693779969,1,0,1,0,1
"1047569","Osaka","Retail","SpecialityShop","ZoneC","EHP","MUL",1111194.24369248,0,0,0,0,2
"1047570","Osaka","Retail","SpecialityShop","ZoneC","EHP","MUL",431689.497072405,1,0,0,0,2
"1047617","Osaka","Retail","SpecialityShop","ZoneC","GHP","MUL",654462.519666156,0,0,0,0,1
"1047618","Osaka","Retail","SpecialityShop","ZoneC","GHP","MUL",254253.113324813,1,0,0,0,1
"1047633","Osaka","Retail","SpecialityShop","ZoneC","GHP","MUL",215347.006767368,0,0,0,0,2
"1047634","Osaka","Retail","SpecialityShop","ZoneC","GHP","MUL",83660.4775223985,1,0,0,0,2
"1050369","Osaka","Retail","SuperDrugStore","ZoneC","EHP","MUL",120237.455058823,0,0,0,0,1
"1050370","Osaka","Retail","SuperDrugStore","ZoneC","EHP","MUL",57315.4081297058,1,0,0,0,1
"1050385","Osaka","Retail","SuperDrugStore","ZoneC","EHP","MUL",101252.216297802,0,0,0,0,2
"1050386","Osaka","Retail","SuperDrugStore","ZoneC","EHP","MUL",48265.4269279624,1,0,0,0,2
"1050433","Osaka","Retail","SuperDrugStore","ZoneC","GHP","MUL",36515.9354754241,0,0,0,0,1
"1050449","Osaka","Retail","SuperDrugStore","ZoneC","GHP","MUL",30750.1468262565,0,0,0,0,2
"1053185","Hiroshima","Retail","ConvenienceDrug","ZoneC","EHP","MUL",317330.62840784,0,0,0,0,1
"1053186","Hiroshima","Retail","ConvenienceDrug","ZoneC","EHP","MUL",136278.793131865,1,0,0,0,1
"1053201","Hiroshima","Retail","ConvenienceDrug","ZoneC","EHP","MUL",104415.759390003,0,0,0,0,2
"1053202","Hiroshima","Retail","ConvenienceDrug","ZoneC","EHP","MUL",44841.7278376558,1,0,0,0,2
"1053249","Hiroshima","Retail","ConvenienceDrug","ZoneC","GHP","MUL",63088.0086580526,0,0,0,0,1
"1053250","Hiroshima","Retail","ConvenienceDrug","ZoneC","GHP","MUL",27093.3748946611,1,0,0,0,1
"1053265","Hiroshima","Retail","ConvenienceDrug","ZoneC","GHP","MUL",29673.6488807994,0,0,0,0,2
"1056001","Hiroshima","Retail","ConvenienceStore","ZoneC","EHP","MUL",232397.506533531,0,0,0,0,1
"1056002","Hiroshima","Retail","ConvenienceStore","ZoneC","EHP","MUL",89891.542375841,1,0,0,0,1
"1056017","Hiroshima","Retail","ConvenienceStore","ZoneC","EHP","MUL",76469.0198572782,0,0,0,0,2
"1056018","Hiroshima","Retail","ConvenienceStore","ZoneC","EHP","MUL",29578.2783622412,1,0,0,0,2
"1056065","Hiroshima","Retail","ConvenienceStore","ZoneC","GHP","MUL",65356.6949272813,0,0,0,0,1
"1056081","Hiroshima","Retail","ConvenienceStore","ZoneC","GHP","MUL",21505.2324646145,0,0,0,0,2
"1058817","Hiroshima","Retail","HomeCenter","ZoneC","EHP","MUL",351264.954043813,0,0,0,0,1
"1058818","Hiroshima","Retail","HomeCenter","ZoneC","EHP","MUL",174577.807758511,1,0,0,0,1
"1058821","Hiroshima","Retail","HomeCenter","ZoneC","EHP","MUL",58764.9473340328,1,0,1,0,1
"1058833","Hiroshima","Retail","HomeCenter","ZoneC","EHP","MUL",295800.963911635,0,0,0,0,2
"1058834","Hiroshima","Retail","HomeCenter","ZoneC","EHP","MUL",147012.34272892,1,0,0,0,2
"1058837","Hiroshima","Retail","HomeCenter","ZoneC","EHP","MUL",49486.0869708488,1,0,1,0,2
"1058881","Hiroshima","Retail","HomeCenter","ZoneC","GHP","MUL",94056.5855298838,0,0,0,0,1
"1058882","Hiroshima","Retail","HomeCenter","ZoneC","GHP","MUL",46745.8888739864,1,0,0,0,1
"1058897","Hiroshima","Retail","HomeCenter","ZoneC","GHP","MUL",79205.250457484,0,0,0,0,2
"1058898","Hiroshima","Retail","HomeCenter","ZoneC","GHP","MUL",39364.8123123226,1,0,0,0,2
"1058945","Hiroshima","Retail","HomeCenter","ZoneC","ABCH","CAV",52265.4956827249,0,0,0,0,1
"1058946","Hiroshima","Retail","HomeCenter","ZoneC","ABCH","CAV",28767.7052689293,1,0,0,0,1
"1058949","Hiroshima","Retail","HomeCenter","ZoneC","ABCH","CAV",29812.6528180768,1,0,1,0,1
"1058961","Hiroshima","Retail","HomeCenter","ZoneC","ABCH","CAV",93343.5289038398,0,0,0,0,2
"1059073","Hiroshima","Retail","HomeCenter","ZoneC","ABCH","FCU",57037.8202189849,0,0,0,0,1
"1059074","Hiroshima","Retail","HomeCenter","ZoneC","ABCH","FCU",32789.3238153992,1,0,0,0,1
"1059089","Hiroshima","Retail","HomeCenter","ZoneC","ABCH","FCU",75643.6287904941,0,0,0,0,2
"1059265","Hiroshima","Retail","HomeCenter","ZoneC","ABCH","OHUFCU",72574.9221487962,0,0,0,0,1
"1059281","Hiroshima","Retail","HomeCenter","ZoneC","ABCH","OHUFCU",61115.4960957138,0,0,0,0,2
"1059329","Hiroshima","Retail","HomeCenter","ZoneC","AHP","CAV",95710.2365121233,0,0,0,0,1
"1059345","Hiroshima","Retail","HomeCenter","ZoneC","AHP","CAV",70470.41121976,0,0,0,0,2
"1059346","Hiroshima","Retail","HomeCenter","ZoneC","AHP","CAV",41584.9296904366,1,0,0,0,2
"1059349","Hiroshima","Retail","HomeCenter","ZoneC","AHP","CAV",33857.2059319726,1,0,1,0,2
"1059457","Hiroshima","Retail","HomeCenter","ZoneC","AHP","FCU",77561.5587624908,0,0,0,0,1
"1061633","Hiroshima","Retail","HousingClothingSuper","ZoneC","EHP","MUL",565839.488130715,0,0,0,0,1
"1061634","Hiroshima","Retail","HousingClothingSuper","ZoneC","EHP","MUL",281220.817060894,1,0,0,0,1
"1061637","Hiroshima","Retail","HousingClothingSuper","ZoneC","EHP","MUL",94662.2409572068,1,0,1,0,1
"1061649","Hiroshima","Retail","HousingClothingSuper","ZoneC","EHP","MUL",476494.63483754,0,0,0,0,2
"1061650","Hiroshima","Retail","HousingClothingSuper","ZoneC","EHP","MUL",236816.64737967,1,0,0,0,2
"1061653","Hiroshima","Retail","HousingClothingSuper","ZoneC","EHP","MUL",79715.274179287,1,0,1,0,2
"1061697","Hiroshima","Retail","HousingClothingSuper","ZoneC","GHP","MUL",151512.212074861,0,0,0,0,1
"1061698","Hiroshima","Retail","HousingClothingSuper","ZoneC","GHP","MUL",75301.1922429717,1,0,0,0,1
"1061713","Hiroshima","Retail","HousingClothingSuper","ZoneC","GHP","MUL",127588.755610779,0,0,0,0,2
"1061714","Hiroshima","Retail","HousingClothingSuper","ZoneC","GHP","MUL",63411.2939328074,1,0,0,0,2
"1061761","Hiroshima","Retail","HousingClothingSuper","ZoneC","ABCH","CAV",77529.4606758715,0,0,0,0,1
"1061762","Hiroshima","Retail","HousingClothingSuper","ZoneC","ABCH","CAV",42673.3669172816,1,0,0,0,1
"1061765","Hiroshima","Retail","HousingClothingSuper","ZoneC","ABCH","CAV",44223.41860744,1,0,1,0,1
"1061777","Hiroshima","Retail","HousingClothingSuper","ZoneC","ABCH","CAV",70898.6990966278,0,0,0,0,2
"1061778","Hiroshima","Retail","HousingClothingSuper","ZoneC","ABCH","CAV",39023.6972388732,1,0,0,0,2
"1061781","Hiroshima","Retail","HousingClothingSuper","ZoneC","ABCH","CAV",40441.1796695096,1,0,1,0,2
"1061889","Hiroshima","Retail","HousingClothingSuper","ZoneC","ABCH","FCU",84608.61954796,0,0,0,0,1
"1061890","Hiroshima","Retail","HousingClothingSuper","ZoneC","ABCH","FCU",48638.9454099191,1,0,0,0,1
"1061905","Hiroshima","Retail","HousingClothingSuper","ZoneC","ABCH","FCU",77372.4079339396,0,0,0,0,2
"1061906","Hiroshima","Retail","HousingClothingSuper","ZoneC","ABCH","FCU",44479.0654408403,1,0,0,0,2
"1062081","Hiroshima","Retail","HousingClothingSuper","ZoneC","ABCH","OHUFCU",42751.4248630549,0,0,0,0,1
"1062082","Hiroshima","Retail","HousingClothingSuper","ZoneC","ABCH","OHUFCU",29210.6863672794,1,0,0,0,1
"1062085","Hiroshima","Retail","HousingClothingSuper","ZoneC","ABCH","OHUFCU",35693.8958406805,1,0,1,0,1
"1062097","Hiroshima","Retail","HousingClothingSuper","ZoneC","ABCH","OHUFCU",39095.079224008,0,0,0,0,2
"1062098","Hiroshima","Retail","HousingClothingSuper","ZoneC","ABCH","OHUFCU",26712.4218987921,1,0,0,0,2
"1062101","Hiroshima","Retail","HousingClothingSuper","ZoneC","ABCH","OHUFCU",32641.1503283212,1,0,1,0,2
"1062145","Hiroshima","Retail","HousingClothingSuper","ZoneC","AHP","CAV",104265.865498088,0,0,0,0,1
"1062161","Hiroshima","Retail","HousingClothingSuper","ZoneC","AHP","CAV",95348.4541173775,0,0,0,0,2
"1062273","Hiroshima","Retail","HousingClothingSuper","ZoneC","AHP","FCU",53651.9634158906,0,0,0,0,1
"1062274","Hiroshima","Retail","HousingClothingSuper","ZoneC","AHP","FCU",30842.8967835984,1,0,0,0,1
"1062289","Hiroshima","Retail","HousingClothingSuper","ZoneC","AHP","FCU",77268.3779336487,0,0,0,0,2
"1062465","Hiroshima","Retail","HousingClothingSuper","ZoneC","AHP","OHUFCU",68266.7579702194,0,0,0,0,1
"1062481","Hiroshima","Retail","HousingClothingSuper","ZoneC","AHP","OHUFCU",62428.1955457893,0,0,0,0,2
"1063297","Hiroshima","Retail","HousingClothingSuper","ZoneC","COM","CAV",56924.4943535949,0,0,0,0,1
"1064481","Hiroshima","Retail","LargeDepartment","ZoneC","EHP","MUL",20480.6189847792,0,0,0,0,3
"1064609","Hiroshima","Retail","LargeDepartment","ZoneC","ABCH","CAV",57659.250048612,0,0,0,0,3
"1064610","Hiroshima","Retail","LargeDepartment","ZoneC","ABCH","CAV",39974.92425529,1,0,0,0,3
"1064613","Hiroshima","Retail","LargeDepartment","ZoneC","ABCH","CAV",85318.1176609905,1,0,1,0,3
"1067297","Hiroshima","Retail","LargeGeneral","ZoneC","EHP","MUL",21329.0157731271,0,0,0,0,3
"1067429","Hiroshima","Retail","LargeGeneral","ZoneC","ABCH","CAV",111562.928125979,1,0,1,0,3
"1067553","Hiroshima","Retail","LargeGeneral","ZoneC","ABCH","FCU",78968.047717524,0,0,0,0,3
"1070081","Hiroshima","Retail","LargeGrocery","ZoneC","EHP","MUL",195824.349863511,0,0,0,0,1
"1070082","Hiroshima","Retail","LargeGrocery","ZoneC","EHP","MUL",93184.1049792135,1,0,0,0,1
"1070097","Hiroshima","Retail","LargeGrocery","ZoneC","EHP","MUL",164904.100964684,0,0,0,0,2
"1070098","Hiroshima","Retail","LargeGrocery","ZoneC","EHP","MUL",78470.5327325547,1,0,0,0,2
"1070145","Hiroshima","Retail","LargeGrocery","ZoneC","GHP","MUL",61349.5120357972,0,0,0,0,1
"1070161","Hiroshima","Retail","LargeGrocery","ZoneC","GHP","MUL",51662.5543960011,0,0,0,0,2
"1070209","Hiroshima","Retail","LargeGrocery","ZoneC","ABCH","CAV",73880.8134748236,0,0,0,0,1
"1070225","Hiroshima","Retail","LargeGrocery","ZoneC","ABCH","CAV",62215.1899551662,0,0,0,0,2
"1072929","Hiroshima","Retail","MediumDepartment","ZoneC","EHP","MUL",94884.5120761613,0,0,0,0,3
"1072930","Hiroshima","Retail","MediumDepartment","ZoneC","EHP","MUL",54262.5877147761,1,0,0,0,3
"1072993","Hiroshima","Retail","MediumDepartment","ZoneC","GHP","MUL",42216.0870648421,0,0,0,0,3
"1073057","Hiroshima","Retail","MediumDepartment","ZoneC","ABCH","CAV",57868.0755787424,0,0,0,0,3
"1073061","Hiroshima","Retail","MediumDepartment","ZoneC","ABCH","CAV",61068.7522959154,1,0,1,0,3
"1073185","Hiroshima","Retail","MediumDepartment","ZoneC","ABCH","FCU",54404.9533962929,0,0,0,0,3
"1073186","Hiroshima","Retail","MediumDepartment","ZoneC","ABCH","FCU",35683.7326549724,1,0,0,0,3
"1073381","Hiroshima","Retail","MediumDepartment","ZoneC","ABCH","OHUFCU",74351.9486486721,1,0,1,0,3
"1073441","Hiroshima","Retail","MediumDepartment","ZoneC","AHP","CAV",69261.6674367419,0,0,0,0,3
"1073442","Hiroshima","Retail","MediumDepartment","ZoneC","AHP","CAV",47869.9948073342,1,0,0,0,3
"1073445","Hiroshima","Retail","MediumDepartment","ZoneC","AHP","CAV",58140.1836781648,1,0,1,0,3
"1074593","Hiroshima","Retail","MediumDepartment","ZoneC","COM","CAV",45555.9467414349,0,0,0,0,3
"1074594","Hiroshima","Retail","MediumDepartment","ZoneC","COM","CAV",31485.85667458,1,0,0,0,3
"1074597","Hiroshima","Retail","MediumDepartment","ZoneC","COM","CAV",38240.9377250232,1,0,1,0,3
"1075745","Hiroshima","Retail","MediumGeneral","ZoneC","EHP","MUL",85413.109952343,0,0,0,0,3
"1075746","Hiroshima","Retail","MediumGeneral","ZoneC","EHP","MUL",48846.078979261,1,0,0,0,3
"1075749","Hiroshima","Retail","MediumGeneral","ZoneC","EHP","MUL",27600.5667027606,1,0,1,0,3
"1075809","Hiroshima","Retail","MediumGeneral","ZoneC","GHP","MUL",45814.4043413011,0,0,0,0,3
"1075873","Hiroshima","Retail","MediumGeneral","ZoneC","ABCH","CAV",62800.5008835935,0,0,0,0,3
"1075877","Hiroshima","Retail","MediumGeneral","ZoneC","ABCH","CAV",66273.9894866732,1,0,1,0,3
"1076001","Hiroshima","Retail","MediumGeneral","ZoneC","ABCH","FCU",59042.1970951259,0,0,0,0,3
"1076002","Hiroshima","Retail","MediumGeneral","ZoneC","ABCH","FCU",38725.2602011828,1,0,0,0,3
"1076197","Hiroshima","Retail","MediumGeneral","ZoneC","ABCH","OHUFCU",80689.3882353866,1,0,1,0,3
"1076257","Hiroshima","Retail","MediumGeneral","ZoneC","AHP","CAV",50086.8386099102,0,0,0,0,3
"1076261","Hiroshima","Retail","MediumGeneral","ZoneC","AHP","CAV",58144.5622548026,1,0,1,0,3
"1076385","Hiroshima","Retail","MediumGeneral","ZoneC","AHP","FCU",81979.8616427309,0,0,0,0,3
"1077409","Hiroshima","Retail","MediumGeneral","ZoneC","COM","CAV",49438.9392592723,0,0,0,0,3
"1077410","Hiroshima","Retail","MediumGeneral","ZoneC","COM","CAV",34169.5753684096,1,0,0,0,3
"1077413","Hiroshima","Retail","MediumGeneral","ZoneC","COM","CAV",41500.4304078147,1,0,1,0,3
"1078529","Hiroshima","Retail","MediumGrocery","ZoneC","EHP","MUL",212143.045661747,0,0,0,0,1
"1078530","Hiroshima","Retail","MediumGrocery","ZoneC","EHP","MUL",100949.447049526,1,0,0,0,1
"1078545","Hiroshima","Retail","MediumGrocery","ZoneC","EHP","MUL",178646.109358429,0,0,0,0,2
"1078546","Hiroshima","Retail","MediumGrocery","ZoneC","EHP","MUL",85009.7437840944,1,0,0,0,2
"1078593","Hiroshima","Retail","MediumGrocery","ZoneC","GHP","MUL",66461.9713646813,0,0,0,0,1
"1078609","Hiroshima","Retail","MediumGrocery","ZoneC","GHP","MUL",55967.7672560756,0,0,0,0,2
"1078657","Hiroshima","Retail","MediumGrocery","ZoneC","ABCH","CAV",80037.5479221085,0,0,0,0,1
"1078673","Hiroshima","Retail","MediumGrocery","ZoneC","ABCH","CAV",67399.7891105595,0,0,0,0,2
"1081345","Hiroshima","Retail","SmallGeneral","ZoneC","EHP","MUL",279265.545167514,0,0,0,0,1
"1081346","Hiroshima","Retail","SmallGeneral","ZoneC","EHP","MUL",138794.28077459,1,0,0,0,1
"1081349","Hiroshima","Retail","SmallGeneral","ZoneC","EHP","MUL",46719.7904745488,1,0,1,0,1
"1081361","Hiroshima","Retail","SmallGeneral","ZoneC","EHP","MUL",235170.108765122,0,0,0,0,2
"1081362","Hiroshima","Retail","SmallGeneral","ZoneC","EHP","MUL",116878.958649045,1,0,0,0,2
"1081365","Hiroshima","Retail","SmallGeneral","ZoneC","EHP","MUL",39342.8347947214,1,0,1,0,2
"1081409","Hiroshima","Retail","SmallGeneral","ZoneC","GHP","MUL",74777.6381680301,0,0,0,0,1
"1081410","Hiroshima","Retail","SmallGeneral","ZoneC","GHP","MUL",37164.3000260868,1,0,0,0,1
"1081425","Hiroshima","Retail","SmallGeneral","ZoneC","GHP","MUL",62970.4079342338,0,0,0,0,2
"1081426","Hiroshima","Retail","SmallGeneral","ZoneC","GHP","MUL",31296.1359915413,1,0,0,0,2
"1081473","Hiroshima","Retail","SmallGeneral","ZoneC","ABCH","CAV",88125.5799253505,0,0,0,0,1
"1081489","Hiroshima","Retail","SmallGeneral","ZoneC","ABCH","CAV",61757.390540734,0,0,0,0,2
"1081493","Hiroshima","Retail","SmallGeneral","ZoneC","ABCH","CAV",39292.2276415994,1,0,1,0,2
"1081601","Hiroshima","Retail","SmallGeneral","ZoneC","ABCH","FCU",71415.1128964441,0,0,0,0,1
"1081617","Hiroshima","Retail","SmallGeneral","ZoneC","ABCH","FCU",81888.4811509535,0,0,0,0,2
"1081793","Hiroshima","Retail","SmallGeneral","ZoneC","ABCH","OHUFCU",57699.1099341085,0,0,0,0,1
"1081857","Hiroshima","Retail","SmallGeneral","ZoneC","AHP","CAV",66531.080721374,0,0,0,0,1
"1081858","Hiroshima","Retail","SmallGeneral","ZoneC","AHP","CAV",39260.3117555148,1,0,0,0,1
"1081861","Hiroshima","Retail","SmallGeneral","ZoneC","AHP","CAV",31964.5715396171,1,0,1,0,1
"1081873","Hiroshima","Retail","SmallGeneral","ZoneC","AHP","CAV",56025.9643921397,0,0,0,0,2
"1081874","Hiroshima","Retail","SmallGeneral","ZoneC","AHP","CAV",33061.1919209681,1,0,0,0,2
"1081877","Hiroshima","Retail","SmallGeneral","ZoneC","AHP","CAV",26917.433588498,1,0,1,0,2
"1084161","Hiroshima","Retail","SmallGrocery","ZoneC","EHP","MUL",343583.303112346,0,0,0,0,1
"1084162","Hiroshima","Retail","SmallGrocery","ZoneC","EHP","MUL",155257.744260763,1,0,0,0,1
"1084177","Hiroshima","Retail","SmallGrocery","ZoneC","EHP","MUL",113054.046148023,0,0,0,0,2
"1084178","Hiroshima","Retail","SmallGrocery","ZoneC","EHP","MUL",51086.6390348277,1,0,0,0,2
"1084225","Hiroshima","Retail","SmallGrocery","ZoneC","GHP","MUL",70542.7648268135,0,0,0,0,1
"1084226","Hiroshima","Retail","SmallGrocery","ZoneC","GHP","MUL",31876.7252125382,1,0,0,0,1
"1084241","Hiroshima","Retail","SmallGrocery","ZoneC","GHP","MUL",33700.5251666136,0,0,0,0,2
"1086977","Hiroshima","Retail","SpecialityShop","ZoneC","EHP","MUL",1535435.41930393,0,0,0,0,1
"1086978","Hiroshima","Retail","SpecialityShop","ZoneC","EHP","MUL",593907.654683946,1,0,0,0,1
"1086981","Hiroshima","Retail","SpecialityShop","ZoneC","EHP","MUL",31678.8323015235,1,0,1,0,1
"1086993","Hiroshima","Retail","SpecialityShop","ZoneC","EHP","MUL",512742.296467312,0,0,0,0,2
"1086994","Hiroshima","Retail","SpecialityShop","ZoneC","EHP","MUL",198329.132520736,1,0,0,0,2
"1087041","Hiroshima","Retail","SpecialityShop","ZoneC","GHP","MUL",316001.844546376,0,0,0,0,1
"1087042","Hiroshima","Retail","SpecialityShop","ZoneC","GHP","MUL",122229.767537484,1,0,0,0,1
"1087057","Hiroshima","Retail","SpecialityShop","ZoneC","GHP","MUL",103978.530948941,0,0,0,0,2
"1087058","Hiroshima","Retail","SpecialityShop","ZoneC","GHP","MUL",40218.9793702705,1,0,0,0,2
"1089793","Hiroshima","Retail","SuperDrugStore","ZoneC","EHP","MUL",61748.4147218722,0,0,0,0,1
"1089794","Hiroshima","Retail","SuperDrugStore","ZoneC","EHP","MUL",29383.3262500473,1,0,0,0,1
"1089809","Hiroshima","Retail","SuperDrugStore","ZoneC","EHP","MUL",76742.2326426477,0,0,0,0,2
"1089857","Hiroshima","Retail","SuperDrugStore","ZoneC","GHP","MUL",19345.0667131605,0,0,0,0,1
"1089873","Hiroshima","Retail","SuperDrugStore","ZoneC","GHP","MUL",16290.5217694277,0,0,0,0,2
"1092609","Matsuyama","Retail","ConvenienceDrug","ZoneC","EHP","MUL",206533.523392723,0,0,0,0,1
"1092610","Matsuyama","Retail","ConvenienceDrug","ZoneC","EHP","MUL",88961.0044831561,1,0,0,0,1
"1092625","Matsuyama","Retail","ConvenienceDrug","ZoneC","EHP","MUL",67958.6297507585,0,0,0,0,2
"1092626","Matsuyama","Retail","ConvenienceDrug","ZoneC","EHP","MUL",29272.0903929508,1,0,0,0,2
"1092673","Matsuyama","Retail","ConvenienceDrug","ZoneC","GHP","MUL",60413.3211274973,0,0,0,0,1
"1092689","Matsuyama","Retail","ConvenienceDrug","ZoneC","GHP","MUL",19878.6446629803,0,0,0,0,2
"1095425","Matsuyama","Retail","ConvenienceStore","ZoneC","EHP","MUL",102150.484646439,0,0,0,0,1
"1095426","Matsuyama","Retail","ConvenienceStore","ZoneC","EHP","MUL",39063.3811380347,1,0,0,0,1
"1095441","Matsuyama","Retail","ConvenienceStore","ZoneC","EHP","MUL",55684.6715854021,0,0,0,0,2
"1095489","Matsuyama","Retail","ConvenienceStore","ZoneC","GHP","MUL",28017.7897636034,0,0,0,0,1
"1098241","Matsuyama","Retail","HomeCenter","ZoneC","EHP","MUL",166370.142169331,0,0,0,0,1
"1098242","Matsuyama","Retail","HomeCenter","ZoneC","EHP","MUL",86559.5107199171,1,0,0,0,1
"1098245","Matsuyama","Retail","HomeCenter","ZoneC","EHP","MUL",25689.381000602,1,0,1,0,1
"1098257","Matsuyama","Retail","HomeCenter","ZoneC","EHP","MUL",154330.29434482,0,0,0,0,2
"1098258","Matsuyama","Retail","HomeCenter","ZoneC","EHP","MUL",80295.3859001454,1,0,0,0,2
"1098305","Matsuyama","Retail","HomeCenter","ZoneC","GHP","MUL",67171.2773407297,0,0,0,0,1
"1098321","Matsuyama","Retail","HomeCenter","ZoneC","GHP","MUL",56565.0753251214,0,0,0,0,2
"1098369","Matsuyama","Retail","HomeCenter","ZoneC","ABCH","CAV",60770.5110945101,0,0,0,0,1
"1098370","Matsuyama","Retail","HomeCenter","ZoneC","ABCH","CAV",38577.889433733,1,0,0,0,1
"1098385","Matsuyama","Retail","HomeCenter","ZoneC","ABCH","CAV",83661.4991077875,0,0,0,0,2
"1098753","Matsuyama","Retail","HomeCenter","ZoneC","AHP","CAV",83015.0840637357,0,0,0,0,1
"1098769","Matsuyama","Retail","HomeCenter","ZoneC","AHP","CAV",69907.1786199188,0,0,0,0,2
"1101057","Matsuyama","Retail","HousingClothingSuper","ZoneC","EHP","MUL",287048.288098709,0,0,0,0,1
"1101058","Matsuyama","Retail","HousingClothingSuper","ZoneC","EHP","MUL",149346.265182158,1,0,0,0,1
"1101061","Matsuyama","Retail","HousingClothingSuper","ZoneC","EHP","MUL",44323.4149011726,1,0,1,0,1
"1101073","Matsuyama","Retail","HousingClothingSuper","ZoneC","EHP","MUL",241723.973118571,0,0,0,0,2
"1101074","Matsuyama","Retail","HousingClothingSuper","ZoneC","EHP","MUL",125764.807131812,1,0,0,0,2
"1101077","Matsuyama","Retail","HousingClothingSuper","ZoneC","EHP","MUL",37324.841834312,1,0,1,0,2
"1101121","Matsuyama","Retail","HousingClothingSuper","ZoneC","GHP","MUL",76232.2643857933,0,0,0,0,1
"1101122","Matsuyama","Retail","HousingClothingSuper","ZoneC","GHP","MUL",39662.3301529045,1,0,0,0,1
"1101137","Matsuyama","Retail","HousingClothingSuper","ZoneC","GHP","MUL",64195.3517619399,0,0,0,0,2
"1101138","Matsuyama","Retail","HousingClothingSuper","ZoneC","GHP","MUL",33399.7324673253,1,0,0,0,2
"1101185","Matsuyama","Retail","HousingClothingSuper","ZoneC","ABCH","CAV",82458.4063728884,0,0,0,0,1
"1101186","Matsuyama","Retail","HousingClothingSuper","ZoneC","ABCH","CAV",52345.6397953922,1,0,0,0,1
"1101189","Matsuyama","Retail","HousingClothingSuper","ZoneC","ABCH","CAV",36607.6502162296,1,0,1,0,1
"1101201","Matsuyama","Retail","HousingClothingSuper","ZoneC","ABCH","CAV",69438.3991540338,0,0,0,0,2
"1101202","Matsuyama","Retail","HousingClothingSuper","ZoneC","ABCH","CAV",44080.3744575012,1,0,0,0,2
"1101205","Matsuyama","Retail","HousingClothingSuper","ZoneC","ABCH","CAV",30827.3800042974,1,0,1,0,2
"1101569","Matsuyama","Retail","HousingClothingSuper","ZoneC","AHP","CAV",68901.8796519126,0,0,0,0,1
"1101570","Matsuyama","Retail","HousingClothingSuper","ZoneC","AHP","CAV",43739.785088429,1,0,0,0,1
"1101573","Matsuyama","Retail","HousingClothingSuper","ZoneC","AHP","CAV",30589.1906051592,1,0,1,0,1
"1101585","Matsuyama","Retail","HousingClothingSuper","ZoneC","AHP","CAV",73779.1007566566,0,0,0,0,2
"1101586","Matsuyama","Retail","HousingClothingSuper","ZoneC","AHP","CAV",46835.9067621479,1,0,0,0,2
"1103905","Matsuyama","Retail","LargeDepartment","ZoneC","EHP","MUL",4433.21241108767,0,0,0,0,3
"1104037","Matsuyama","Retail","LargeDepartment","ZoneC","ABCH","CAV",39052.4698812537,1,0,1,0,3
"1106721","Matsuyama","Retail","LargeGeneral","ZoneC","EHP","MUL",8735.95374676791,0,0,0,0,3
"1106853","Matsuyama","Retail","LargeGeneral","ZoneC","ABCH","CAV",76955.6111785712,1,0,1,0,3
"1109505","Matsuyama","Retail","LargeGrocery","ZoneC","EHP","MUL",155546.79583429,0,0,0,0,1
"1109506","Matsuyama","Retail","LargeGrocery","ZoneC","EHP","MUL",74166.7703547678,1,0,0,0,1
"1109521","Matsuyama","Retail","LargeGrocery","ZoneC","EHP","MUL",130986.287164334,0,0,0,0,2
"1109522","Matsuyama","Retail","LargeGrocery","ZoneC","EHP","MUL",62455.9948511594,1,0,0,0,2
"1109569","Matsuyama","Retail","LargeGrocery","ZoneC","GHP","MUL",46137.067454136,0,0,0,0,1
"1109585","Matsuyama","Retail","LargeGrocery","ZoneC","GHP","MUL",38852.1225014873,0,0,0,0,2
"1112353","Matsuyama","Retail","MediumDepartment","ZoneC","EHP","MUL",33616.7387717998,0,0,0,0,3
"1112481","Matsuyama","Retail","MediumDepartment","ZoneC","ABCH","CAV",48806.3706328381,0,0,0,0,3
"1112482","Matsuyama","Retail","MediumDepartment","ZoneC","ABCH","CAV",31553.6079016993,1,0,0,0,3
"1112485","Matsuyama","Retail","MediumDepartment","ZoneC","ABCH","CAV",49612.2780109494,1,0,1,0,3
"1115169","Matsuyama","Retail","MediumGeneral","ZoneC","EHP","MUL",60975.5391569227,0,0,0,0,3
"1115233","Matsuyama","Retail","MediumGeneral","ZoneC","GHP","MUL",20217.2298754662,0,0,0,0,3
"1115301","Matsuyama","Retail","MediumGeneral","ZoneC","ABCH","CAV",86195.8515832381,1,0,1,0,3
"1115425","Matsuyama","Retail","MediumGeneral","ZoneC","ABCH","FCU",69315.8856200071,0,0,0,0,3
"1115621","Matsuyama","Retail","MediumGeneral","ZoneC","ABCH","OHUFCU",56542.9005297752,1,0,1,0,3
"1115681","Matsuyama","Retail","MediumGeneral","ZoneC","AHP","CAV",50513.2667220369,0,0,0,0,3
"1115685","Matsuyama","Retail","MediumGeneral","ZoneC","AHP","CAV",51347.3589484399,1,0,1,0,3
"1117953","Matsuyama","Retail","MediumGrocery","ZoneC","EHP","MUL",140228.373754803,0,0,0,0,1
"1117954","Matsuyama","Retail","MediumGrocery","ZoneC","EHP","MUL",66862.7440231861,1,0,0,0,1
"1117969","Matsuyama","Retail","MediumGrocery","ZoneC","EHP","MUL",141901.811079164,0,0,0,0,2
"1117970","Matsuyama","Retail","MediumGrocery","ZoneC","EHP","MUL",67660.6610813511,1,0,0,0,2
"1118017","Matsuyama","Retail","MediumGrocery","ZoneC","GHP","MUL",41593.4375517548,0,0,0,0,1
"1118033","Matsuyama","Retail","MediumGrocery","ZoneC","GHP","MUL",42089.7993720048,0,0,0,0,2
"1118081","Matsuyama","Retail","MediumGrocery","ZoneC","ABCH","CAV",50153.6310843445,0,0,0,0,1
"1120769","Matsuyama","Retail","SmallGeneral","ZoneC","EHP","MUL",181433.16603848,0,0,0,0,1
"1120770","Matsuyama","Retail","SmallGeneral","ZoneC","EHP","MUL",94396.5418065949,1,0,0,0,1
"1120785","Matsuyama","Retail","SmallGeneral","ZoneC","EHP","MUL",152785.254497743,0,0,0,0,2
"1120786","Matsuyama","Retail","SmallGeneral","ZoneC","EHP","MUL",79491.5283601934,1,0,0,0,2
"1120833","Matsuyama","Retail","SmallGeneral","ZoneC","GHP","MUL",66498.8085910845,0,0,0,0,1
"1120849","Matsuyama","Retail","SmallGeneral","ZoneC","GHP","MUL",55998.7879626746,0,0,0,0,2
"1120897","Matsuyama","Retail","SmallGeneral","ZoneC","ABCH","CAV",60162.1220444743,0,0,0,0,1
"1120898","Matsuyama","Retail","SmallGeneral","ZoneC","ABCH","CAV",38191.6763662063,1,0,0,0,1
"1120913","Matsuyama","Retail","SmallGeneral","ZoneC","ABCH","CAV",82823.9425519835,0,0,0,0,2
"1121281","Matsuyama","Retail","SmallGeneral","ZoneC","AHP","CAV",82183.9989334225,0,0,0,0,1
"1121297","Matsuyama","Retail","SmallGeneral","ZoneC","AHP","CAV",69207.3200663991,0,0,0,0,2
"1123585","Matsuyama","Retail","SmallGrocery","ZoneC","EHP","MUL",225098.485738881,0,0,0,0,1
"1123586","Matsuyama","Retail","SmallGrocery","ZoneC","EHP","MUL",103150.734805881,1,0,0,0,1
"1123601","Matsuyama","Retail","SmallGrocery","ZoneC","EHP","MUL",74067.3203966852,0,0,0,0,2
"1123602","Matsuyama","Retail","SmallGrocery","ZoneC","EHP","MUL",33941.1369158804,1,0,0,0,2
"1123649","Matsuyama","Retail","SmallGrocery","ZoneC","GHP","MUL",62705.3737776418,0,0,0,0,1
"1123665","Matsuyama","Retail","SmallGrocery","ZoneC","GHP","MUL",20632.8309803475,0,0,0,0,2
"1126401","Matsuyama","Retail","SpecialityShop","ZoneC","EHP","MUL",1006681.68039108,0,0,0,0,1
"1126402","Matsuyama","Retail","SpecialityShop","ZoneC","EHP","MUL",384965.282366528,1,0,0,0,1
"1126417","Matsuyama","Retail","SpecialityShop","ZoneC","EHP","MUL",331242.630594565,0,0,0,0,2
"1126418","Matsuyama","Retail","SpecialityShop","ZoneC","EHP","MUL",126670.540750408,1,0,0,0,2
"1126465","Matsuyama","Retail","SpecialityShop","ZoneC","GHP","MUL",199732.480400444,0,0,0,0,1
"1126466","Matsuyama","Retail","SpecialityShop","ZoneC","GHP","MUL",76379.7257989768,1,0,0,0,1
"1126481","Matsuyama","Retail","SpecialityShop","ZoneC","GHP","MUL",90853.0822625419,0,0,0,0,2
"1129217","Matsuyama","Retail","SuperDrugStore","ZoneC","EHP","MUL",60212.8911223293,0,0,0,0,1
"1129233","Matsuyama","Retail","SuperDrugStore","ZoneC","EHP","MUL",60889.384634757,0,0,0,0,2
"1129281","Matsuyama","Retail","SuperDrugStore","ZoneC","GHP","MUL",12093.5226656708,0,0,0,0,1
"1132033","Fukuoka","Retail","ConvenienceDrug","ZoneC","EHP","MUL",572692.945621701,0,0,0,0,1
"1132034","Fukuoka","Retail","ConvenienceDrug","ZoneC","EHP","MUL",249987.329220572,1,0,0,0,1
"1132037","Fukuoka","Retail","ConvenienceDrug","ZoneC","EHP","MUL",26121.400350617,1,0,1,0,1
"1132049","Fukuoka","Retail","ConvenienceDrug","ZoneC","EHP","MUL",194424.52055442,0,0,0,0,2
"1132050","Fukuoka","Retail","ConvenienceDrug","ZoneC","EHP","MUL",84868.6316113552,1,0,0,0,2
"1132097","Fukuoka","Retail","ConvenienceDrug","ZoneC","GHP","MUL",117485.946437817,0,0,0,0,1
"1132098","Fukuoka","Retail","ConvenienceDrug","ZoneC","GHP","MUL",51284.0226084119,1,0,0,0,1
"1132113","Fukuoka","Retail","ConvenienceDrug","ZoneC","GHP","MUL",55532.7563828501,0,0,0,0,2
"1134849","Fukuoka","Retail","ConvenienceStore","ZoneC","EHP","MUL",405720.404739323,0,0,0,0,1
"1134850","Fukuoka","Retail","ConvenienceStore","ZoneC","EHP","MUL",156425.323777622,1,0,0,0,1
"1134865","Fukuoka","Retail","ConvenienceStore","ZoneC","EHP","MUL",133499.890550839,0,0,0,0,2
"1134866","Fukuoka","Retail","ConvenienceStore","ZoneC","EHP","MUL",51470.8241433146,1,0,0,0,2
"1134913","Fukuoka","Retail","ConvenienceStore","ZoneC","GHP","MUL",81608.7709978459,0,0,0,0,1
"1134914","Fukuoka","Retail","ConvenienceStore","ZoneC","GHP","MUL",31464.2258001143,1,0,0,0,1
"1134929","Fukuoka","Retail","ConvenienceStore","ZoneC","GHP","MUL",37205.9983191671,0,0,0,0,2
"1137665","Fukuoka","Retail","HomeCenter","ZoneC","EHP","MUL",538235.372642169,0,0,0,0,1
"1137666","Fukuoka","Retail","HomeCenter","ZoneC","EHP","MUL",269606.235966321,1,0,0,0,1
"1137669","Fukuoka","Retail","HomeCenter","ZoneC","EHP","MUL",88074.4941660243,1,0,1,0,1
"1137681","Fukuoka","Retail","HomeCenter","ZoneC","EHP","MUL",453249.150551562,0,0,0,0,2
"1137682","Fukuoka","Retail","HomeCenter","ZoneC","EHP","MUL",227035.983969747,1,0,0,0,2
"1137685","Fukuoka","Retail","HomeCenter","ZoneC","EHP","MUL",74167.7186135973,1,0,1,0,2
"1137729","Fukuoka","Retail","HomeCenter","ZoneC","GHP","MUL",140480.241768975,0,0,0,0,1
"1137730","Fukuoka","Retail","HomeCenter","ZoneC","GHP","MUL",70367.6330766759,1,0,0,0,1
"1137745","Fukuoka","Retail","HomeCenter","ZoneC","GHP","MUL",118298.709983517,0,0,0,0,2
"1137746","Fukuoka","Retail","HomeCenter","ZoneC","GHP","MUL",59256.733279645,1,0,0,0,2
"1137793","Fukuoka","Retail","HomeCenter","ZoneC","ABCH","CAV",68377.0382000175,0,0,0,0,1
"1137794","Fukuoka","Retail","HomeCenter","ZoneC","ABCH","CAV",39520.4409184523,1,0,0,0,1
"1137797","Fukuoka","Retail","HomeCenter","ZoneC","ABCH","CAV",38370.2153991226,1,0,1,0,1
"1137809","Fukuoka","Retail","HomeCenter","ZoneC","ABCH","CAV",78057.0557237261,0,0,0,0,2
"1137810","Fukuoka","Retail","HomeCenter","ZoneC","ABCH","CAV",45115.2805123559,1,0,0,0,2
"1137921","Fukuoka","Retail","HomeCenter","ZoneC","ABCH","FCU",71110.1433857634,0,0,0,0,1
"1137922","Fukuoka","Retail","HomeCenter","ZoneC","ABCH","FCU",41552.3768085144,1,0,0,0,1
"1137937","Fukuoka","Retail","HomeCenter","ZoneC","ABCH","FCU",59882.0027880714,0,0,0,0,2
"1137938","Fukuoka","Retail","HomeCenter","ZoneC","ABCH","FCU",34991.3447706058,1,0,0,0,2
"1138113","Fukuoka","Retail","HomeCenter","ZoneC","ABCH","OHUFCU",51396.2128275462,0,0,0,0,1
"1138117","Fukuoka","Retail","HomeCenter","ZoneC","ABCH","OHUFCU",41885.9457724885,1,0,1,0,1
"1138129","Fukuoka","Retail","HomeCenter","ZoneC","ABCH","OHUFCU",78553.1038949208,0,0,0,0,2
"1138177","Fukuoka","Retail","HomeCenter","ZoneC","AHP","CAV",92958.9017169547,0,0,0,0,1
"1138193","Fukuoka","Retail","HomeCenter","ZoneC","AHP","CAV",106482.34924956,0,0,0,0,2
"1138305","Fukuoka","Retail","HomeCenter","ZoneC","AHP","FCU",71601.4850474358,0,0,0,0,1
"1138321","Fukuoka","Retail","HomeCenter","ZoneC","AHP","FCU",82017.9046523483,0,0,0,0,2
"1138497","Fukuoka","Retail","HomeCenter","ZoneC","AHP","OHUFCU",59284.4991632999,0,0,0,0,1
"1139329","Fukuoka","Retail","HomeCenter","ZoneC","COM","CAV",69721.8005742245,0,0,0,0,1
"1139345","Fukuoka","Retail","HomeCenter","ZoneC","COM","CAV",58712.8763575373,0,0,0,0,2
"1140481","Fukuoka","Retail","HousingClothingSuper","ZoneC","EHP","MUL",939950.632057985,0,0,0,0,1
"1140482","Fukuoka","Retail","HousingClothingSuper","ZoneC","EHP","MUL",470828.497687375,1,0,0,0,1
"1140485","Fukuoka","Retail","HousingClothingSuper","ZoneC","EHP","MUL",153809.431091738,1,0,1,0,1
"1140497","Fukuoka","Retail","HousingClothingSuper","ZoneC","EHP","MUL",791534.423776938,0,0,0,0,2
"1140498","Fukuoka","Retail","HousingClothingSuper","ZoneC","EHP","MUL",396485.677975211,1,0,0,0,2
"1140501","Fukuoka","Retail","HousingClothingSuper","ZoneC","EHP","MUL",129523.248624347,1,0,1,0,2
"1140545","Fukuoka","Retail","HousingClothingSuper","ZoneC","GHP","MUL",221211.107396663,0,0,0,0,1
"1140546","Fukuoka","Retail","HousingClothingSuper","ZoneC","GHP","MUL",110806.344306927,1,0,0,0,1
"1140549","Fukuoka","Retail","HousingClothingSuper","ZoneC","GHP","MUL",36198.0229805891,1,0,1,0,1
"1140561","Fukuoka","Retail","HousingClothingSuper","ZoneC","GHP","MUL",186282.3434066,0,0,0,0,2
"1140562","Fukuoka","Retail","HousingClothingSuper","ZoneC","GHP","MUL",93310.2579012922,1,0,0,0,2
"1140565","Fukuoka","Retail","HousingClothingSuper","ZoneC","GHP","MUL",30482.4320390877,1,0,1,0,2
"1140609","Fukuoka","Retail","HousingClothingSuper","ZoneC","ABCH","CAV",114343.217280645,0,0,0,0,1
"1140610","Fukuoka","Retail","HousingClothingSuper","ZoneC","ABCH","CAV",51393.241210583,1,0,0,0,1
"1140613","Fukuoka","Retail","HousingClothingSuper","ZoneC","ABCH","CAV",61658.7648888072,1,0,1,0,1
"1140625","Fukuoka","Retail","HousingClothingSuper","ZoneC","ABCH","CAV",96288.6661450249,0,0,0,0,2
"1140626","Fukuoka","Retail","HousingClothingSuper","ZoneC","ABCH","CAV",43278.3575862724,1,0,0,0,2
"1140629","Fukuoka","Retail","HousingClothingSuper","ZoneC","ABCH","CAV",51922.9768803954,1,0,1,0,2
"1140674","Fukuoka","Retail","HousingClothingSuper","ZoneC","ABCH","VAV",67520.8980080294,1,0,0,0,1
"1140690","Fukuoka","Retail","HousingClothingSuper","ZoneC","ABCH","VAV",56859.4916316732,1,0,0,0,2
"1140737","Fukuoka","Retail","HousingClothingSuper","ZoneC","ABCH","FCU",116696.653368527,0,0,0,0,1
"1140738","Fukuoka","Retail","HousingClothingSuper","ZoneC","ABCH","FCU",58454.2508050132,1,0,0,0,1
"1140753","Fukuoka","Retail","HousingClothingSuper","ZoneC","ABCH","FCU",98270.4996734937,0,0,0,0,2
"1140754","Fukuoka","Retail","HousingClothingSuper","ZoneC","ABCH","FCU",49224.4487638202,1,0,0,0,2
"1140929","Fukuoka","Retail","HousingClothingSuper","ZoneC","ABCH","OHUFCU",60666.2793449297,0,0,0,0,1
"1140930","Fukuoka","Retail","HousingClothingSuper","ZoneC","ABCH","OHUFCU",35241.2879345125,1,0,0,0,1
"1140933","Fukuoka","Retail","HousingClothingSuper","ZoneC","ABCH","OHUFCU",49113.6375887009,1,0,1,0,1
"1140945","Fukuoka","Retail","HousingClothingSuper","ZoneC","ABCH","OHUFCU",51087.2026957874,0,0,0,0,2
"1140946","Fukuoka","Retail","HousingClothingSuper","ZoneC","ABCH","OHUFCU",29676.7634246144,1,0,0,0,2
"1140949","Fukuoka","Retail","HousingClothingSuper","ZoneC","ABCH","OHUFCU",41358.6985342477,1,0,1,0,2
"1140993","Fukuoka","Retail","HousingClothingSuper","ZoneC","AHP","CAV",75890.1936885255,0,0,0,0,1
"1140994","Fukuoka","Retail","HousingClothingSuper","ZoneC","AHP","CAV",43862.8813840097,1,0,0,0,1
"1140997","Fukuoka","Retail","HousingClothingSuper","ZoneC","AHP","CAV",42586.2709933684,1,0,1,0,1
"1141009","Fukuoka","Retail","HousingClothingSuper","ZoneC","AHP","CAV",63907.2933011885,0,0,0,0,2
"1141010","Fukuoka","Retail","HousingClothingSuper","ZoneC","AHP","CAV",36937.0255813038,1,0,0,0,2
"1141013","Fukuoka","Retail","HousingClothingSuper","ZoneC","AHP","CAV",35861.9892597348,1,0,1,0,2
"1141121","Fukuoka","Retail","HousingClothingSuper","ZoneC","AHP","FCU",78923.6079366043,0,0,0,0,1
"1141122","Fukuoka","Retail","HousingClothingSuper","ZoneC","AHP","FCU",46118.0830177571,1,0,0,0,1
"1141137","Fukuoka","Retail","HousingClothingSuper","ZoneC","AHP","FCU",66461.7378826799,0,0,0,0,2
"1141138","Fukuoka","Retail","HousingClothingSuper","ZoneC","AHP","FCU",38836.1356672884,1,0,0,0,2
"1141313","Fukuoka","Retail","HousingClothingSuper","ZoneC","AHP","OHUFCU",41249.1306380142,0,0,0,0,1
"1141314","Fukuoka","Retail","HousingClothingSuper","ZoneC","AHP","OHUFCU",28666.2544863404,1,0,0,0,1
"1141317","Fukuoka","Retail","HousingClothingSuper","ZoneC","AHP","OHUFCU",33616.4622647089,1,0,1,0,1
"1141329","Fukuoka","Retail","HousingClothingSuper","ZoneC","AHP","OHUFCU",48036.4890642407,0,0,0,0,2
"1141333","Fukuoka","Retail","HousingClothingSuper","ZoneC","AHP","OHUFCU",39147.8995309775,1,0,1,0,2
"1142145","Fukuoka","Retail","HousingClothingSuper","ZoneC","COM","CAV",75700.3314043244,0,0,0,0,1
"1142146","Fukuoka","Retail","HousingClothingSuper","ZoneC","COM","CAV",46058.7610838839,1,0,0,0,1
"1142161","Fukuoka","Retail","HousingClothingSuper","ZoneC","COM","CAV",63747.409868382,0,0,0,0,2
"1142162","Fukuoka","Retail","HousingClothingSuper","ZoneC","COM","CAV",38786.1805407699,1,0,0,0,2
"1143329","Fukuoka","Retail","LargeDepartment","ZoneC","EHP","MUL",22640.4666972103,0,0,0,0,3
"1143461","Fukuoka","Retail","LargeDepartment","ZoneC","ABCH","CAV",101269.666186735,1,0,1,0,3
"1144997","Fukuoka","Retail","LargeDepartment","ZoneC","COM","CAV",97444.7140149603,1,0,1,0,3
"1146145","Fukuoka","Retail","LargeGeneral","ZoneC","EHP","MUL",37550.7776213912,0,0,0,0,3
"1146273","Fukuoka","Retail","LargeGeneral","ZoneC","ABCH","CAV",68569.4769980152,0,0,0,0,3
"1146277","Fukuoka","Retail","LargeGeneral","ZoneC","ABCH","CAV",99393.2582948569,1,0,1,0,3
"1147809","Fukuoka","Retail","LargeGeneral","ZoneC","COM","CAV",65979.609964412,0,0,0,0,3
"1147813","Fukuoka","Retail","LargeGeneral","ZoneC","COM","CAV",95639.1779913465,1,0,1,0,3
"1148929","Fukuoka","Retail","LargeGrocery","ZoneC","EHP","MUL",260114.986574574,0,0,0,0,1
"1148930","Fukuoka","Retail","LargeGrocery","ZoneC","EHP","MUL",124035.244869356,1,0,0,0,1
"1148945","Fukuoka","Retail","LargeGrocery","ZoneC","EHP","MUL",219043.382696881,0,0,0,0,2
"1148946","Fukuoka","Retail","LargeGrocery","ZoneC","EHP","MUL",104450.343164023,1,0,0,0,2
"1148993","Fukuoka","Retail","LargeGrocery","ZoneC","GHP","MUL",82047.3327637988,0,0,0,0,1
"1149009","Fukuoka","Retail","LargeGrocery","ZoneC","GHP","MUL",69092.2331946706,0,0,0,0,2
"1149057","Fukuoka","Retail","LargeGrocery","ZoneC","ABCH","CAV",61537.3639679189,0,0,0,0,1
"1149058","Fukuoka","Retail","LargeGrocery","ZoneC","ABCH","CAV",35773.6593169919,1,0,0,0,1
"1149073","Fukuoka","Retail","LargeGrocery","ZoneC","ABCH","CAV",81945.8194036456,0,0,0,0,2
"1151777","Fukuoka","Retail","MediumDepartment","ZoneC","EHP","MUL",93230.5734575606,0,0,0,0,3
"1151778","Fukuoka","Retail","MediumDepartment","ZoneC","EHP","MUL",49362.2931266022,1,0,0,0,3
"1151781","Fukuoka","Retail","MediumDepartment","ZoneC","EHP","MUL",32446.2217937821,1,0,1,0,3
"1151841","Fukuoka","Retail","MediumDepartment","ZoneC","GHP","MUL",56326.6389565272,0,0,0,0,3
"1151909","Fukuoka","Retail","MediumDepartment","ZoneC","ABCH","CAV",128357.190147982,1,0,1,0,3
"1152033","Fukuoka","Retail","MediumDepartment","ZoneC","ABCH","FCU",93403.0374356156,0,0,0,0,3
"1152229","Fukuoka","Retail","MediumDepartment","ZoneC","ABCH","OHUFCU",80609.6608966644,1,0,1,0,3
"1152289","Fukuoka","Retail","MediumDepartment","ZoneC","AHP","CAV",60175.4616974718,0,0,0,0,3
"1152293","Fukuoka","Retail","MediumDepartment","ZoneC","AHP","CAV",54462.9996622451,1,0,1,0,3
"1153441","Fukuoka","Retail","MediumDepartment","ZoneC","COM","CAV",65208.7030334743,0,0,0,0,3
"1153445","Fukuoka","Retail","MediumDepartment","ZoneC","COM","CAV",59018.4349418419,1,0,1,0,3
"1153825","Fukuoka","Retail","MediumDepartment","ZoneC","AHP+TESICE","CAV",60114.6375732086,0,0,0,0,3
"1154593","Fukuoka","Retail","MediumGeneral","ZoneC","EHP","MUL",158766.464421234,0,0,0,0,3
"1154594","Fukuoka","Retail","MediumGeneral","ZoneC","EHP","MUL",84061.230825773,1,0,0,0,3
"1154597","Fukuoka","Retail","MediumGeneral","ZoneC","EHP","MUL",55254.1052466111,1,0,1,0,3
"1154657","Fukuoka","Retail","MediumGeneral","ZoneC","GHP","MUL",62715.4887483859,0,0,0,0,3
"1154658","Fukuoka","Retail","MediumGeneral","ZoneC","GHP","MUL",33205.634421901,1,0,0,0,3
"1154721","Fukuoka","Retail","MediumGeneral","ZoneC","ABCH","CAV",57387.4041398917,0,0,0,0,3
"1154725","Fukuoka","Retail","MediumGeneral","ZoneC","ABCH","CAV",66744.7114142701,1,0,1,0,3
"1154729","Fukuoka","Retail","MediumGeneral","ZoneC","ABCH","CAV",37259.3830346635,0,1,0,0,3
"1154733","Fukuoka","Retail","MediumGeneral","ZoneC","ABCH","CAV",41854.5976965333,1,1,1,0,3
"1154849","Fukuoka","Retail","MediumGeneral","ZoneC","ABCH","FCU",74630.4966300001,0,0,0,0,3
"1154850","Fukuoka","Retail","MediumGeneral","ZoneC","ABCH","FCU",44231.7886169452,1,0,0,0,3
"1154853","Fukuoka","Retail","MediumGeneral","ZoneC","ABCH","FCU",29035.9565118361,1,0,1,0,3
"1155041","Fukuoka","Retail","MediumGeneral","ZoneC","ABCH","OHUFCU",48859.8669458696,0,0,0,0,3
"1155045","Fukuoka","Retail","MediumGeneral","ZoneC","ABCH","OHUFCU",78780.8120160575,1,0,1,0,3
"1155109","Fukuoka","Retail","MediumGeneral","ZoneC","AHP","CAV",105067.621951006,1,0,1,0,3
"1155233","Fukuoka","Retail","MediumGeneral","ZoneC","AHP","FCU",76455.670422879,0,0,0,0,3
"1156261","Fukuoka","Retail","MediumGeneral","ZoneC","COM","CAV",113855.76720094,1,0,1,0,3
"1156385","Fukuoka","Retail","MediumGeneral","ZoneC","COM","FCU",82850.6332513964,0,0,0,0,3
"1156641","Fukuoka","Retail","MediumGeneral","ZoneC","AHP+TESICE","CAV",95188.0093532563,0,0,0,0,3
"1157025","Fukuoka","Retail","MediumGeneral","ZoneC","COM+TESICE","CAV",71862.9895881857,0,0,0,0,3
"1157377","Fukuoka","Retail","MediumGrocery","ZoneC","EHP","MUL",263665.059729921,0,0,0,0,1
"1157378","Fukuoka","Retail","MediumGrocery","ZoneC","EHP","MUL",125728.089249168,1,0,0,0,1
"1157381","Fukuoka","Retail","MediumGrocery","ZoneC","EHP","MUL",26769.6020385006,1,0,1,0,1
"1157393","Fukuoka","Retail","MediumGrocery","ZoneC","EHP","MUL",237296.998085078,0,0,0,0,2
"1157394","Fukuoka","Retail","MediumGrocery","ZoneC","EHP","MUL",113154.538505636,1,0,0,0,2
"1157441","Fukuoka","Retail","MediumGrocery","ZoneC","GHP","MUL",60185.3581979777,0,0,0,0,1
"1157442","Fukuoka","Retail","MediumGrocery","ZoneC","GHP","MUL",28699.252357364,1,0,0,0,1
"1157457","Fukuoka","Retail","MediumGrocery","ZoneC","GHP","MUL",74849.9193457853,0,0,0,0,2
"1157505","Fukuoka","Retail","MediumGrocery","ZoneC","ABCH","CAV",66665.4776778331,0,0,0,0,1
"1157506","Fukuoka","Retail","MediumGrocery","ZoneC","ABCH","CAV",38754.7976201033,1,0,0,0,1
"1157521","Fukuoka","Retail","MediumGrocery","ZoneC","ABCH","CAV",56139.1403546424,0,0,0,0,2
"1157522","Fukuoka","Retail","MediumGrocery","ZoneC","ABCH","CAV",32635.4973937908,1,0,0,0,2
"1160193","Fukuoka","Retail","SmallGeneral","ZoneC","EHP","MUL",444339.58484732,0,0,0,0,1
"1160194","Fukuoka","Retail","SmallGeneral","ZoneC","EHP","MUL",222573.11401413,1,0,0,0,1
"1160197","Fukuoka","Retail","SmallGeneral","ZoneC","EHP","MUL",72709.7960530861,1,0,1,0,1
"1160209","Fukuoka","Retail","SmallGeneral","ZoneC","EHP","MUL",374179.308208296,0,0,0,0,2
"1160210","Fukuoka","Retail","SmallGeneral","ZoneC","EHP","MUL",187429.292072166,1,0,0,0,2
"1160213","Fukuoka","Retail","SmallGeneral","ZoneC","EHP","MUL",61229.0736969981,1,0,1,0,2
"1160257","Fukuoka","Retail","SmallGeneral","ZoneC","GHP","MUL",115973.299934667,0,0,0,0,1
"1160258","Fukuoka","Retail","SmallGeneral","ZoneC","GHP","MUL",58091.9175090445,1,0,0,0,1
"1160273","Fukuoka","Retail","SmallGeneral","ZoneC","GHP","MUL",97661.3622103869,0,0,0,0,2
"1160274","Fukuoka","Retail","SmallGeneral","ZoneC","GHP","MUL",48919.3271256639,1,0,0,0,2
"1160321","Fukuoka","Retail","SmallGeneral","ZoneC","ABCH","CAV",120751.124808978,0,0,0,0,1
"1160337","Fukuoka","Retail","SmallGeneral","ZoneC","ABCH","CAV",113991.968200461,0,0,0,0,2
"1160449","Fukuoka","Retail","SmallGeneral","ZoneC","ABCH","FCU",58704.8960296965,0,0,0,0,1
"1160450","Fukuoka","Retail","SmallGeneral","ZoneC","ABCH","FCU",34303.516266274,1,0,0,0,1
"1160465","Fukuoka","Retail","SmallGeneral","ZoneC","ABCH","FCU",55418.8348308534,0,0,0,0,2
"1160466","Fukuoka","Retail","SmallGeneral","ZoneC","ABCH","FCU",32383.3450129348,1,0,0,0,2
"1160641","Fukuoka","Retail","SmallGeneral","ZoneC","ABCH","OHUFCU",77008.97735972,0,0,0,0,1
"1160657","Fukuoka","Retail","SmallGeneral","ZoneC","ABCH","OHUFCU",72698.3281706583,0,0,0,0,2
"1160705","Fukuoka","Retail","SmallGeneral","ZoneC","AHP","CAV",104389.214632922,0,0,0,0,1
"1160721","Fukuoka","Retail","SmallGeneral","ZoneC","AHP","CAV",83886.49635753,0,0,0,0,2
"1160722","Fukuoka","Retail","SmallGeneral","ZoneC","AHP","CAV",51039.5135955093,1,0,0,0,2
"1160725","Fukuoka","Retail","SmallGeneral","ZoneC","AHP","CAV",39524.8091609254,1,0,1,0,2
"1160833","Fukuoka","Retail","SmallGeneral","ZoneC","AHP","FCU",80405.6701682126,0,0,0,0,1
"1161857","Fukuoka","Retail","SmallGeneral","ZoneC","COM","CAV",57558.7512390325,0,0,0,0,1
"1163009","Fukuoka","Retail","SmallGrocery","ZoneC","EHP","MUL",404171.907495931,0,0,0,0,1
"1163010","Fukuoka","Retail","SmallGrocery","ZoneC","EHP","MUL",183054.333819845,1,0,0,0,1
"1163013","Fukuoka","Retail","SmallGrocery","ZoneC","EHP","MUL",26643.8742129739,1,0,1,0,1
"1163025","Fukuoka","Retail","SmallGrocery","ZoneC","EHP","MUL",149893.276915403,0,0,0,0,2
"1163026","Fukuoka","Retail","SmallGrocery","ZoneC","EHP","MUL",67888.4737927981,1,0,0,0,2
"1163073","Fukuoka","Retail","SmallGrocery","ZoneC","GHP","MUL",87316.5757654023,0,0,0,0,1
"1163074","Fukuoka","Retail","SmallGrocery","ZoneC","GHP","MUL",39546.7307641282,1,0,0,0,1
"1163089","Fukuoka","Retail","SmallGrocery","ZoneC","GHP","MUL",45007.0988923039,0,0,0,0,2
"1163137","Fukuoka","Retail","SmallGrocery","ZoneC","ABCH","CAV",57909.9175053292,0,0,0,0,1
"1165825","Fukuoka","Retail","SpecialityShop","ZoneC","EHP","MUL",2708804.99851079,0,0,0,0,1
"1165826","Fukuoka","Retail","SpecialityShop","ZoneC","EHP","MUL",1044378.5769531,1,0,0,0,1
"1165829","Fukuoka","Retail","SpecialityShop","ZoneC","EHP","MUL",56150.4280205113,1,0,1,0,1
"1165841","Fukuoka","Retail","SpecialityShop","ZoneC","EHP","MUL",904650.959242196,0,0,0,0,2
"1165842","Fukuoka","Retail","SpecialityShop","ZoneC","EHP","MUL",348787.779840942,1,0,0,0,2
"1165889","Fukuoka","Retail","SpecialityShop","ZoneC","GHP","MUL",553015.082343181,0,0,0,0,1
"1165890","Fukuoka","Retail","SpecialityShop","ZoneC","GHP","MUL",213214.722007931,1,0,0,0,1
"1165905","Fukuoka","Retail","SpecialityShop","ZoneC","GHP","MUL",181966.32977632,0,0,0,0,2
"1165906","Fukuoka","Retail","SpecialityShop","ZoneC","GHP","MUL",70157.038491014,1,0,0,0,2
"1168641","Fukuoka","Retail","SuperDrugStore","ZoneC","EHP","MUL",115345.226906025,0,0,0,0,1
"1168642","Fukuoka","Retail","SuperDrugStore","ZoneC","EHP","MUL",55002.1113823768,1,0,0,0,1
"1168657","Fukuoka","Retail","SuperDrugStore","ZoneC","EHP","MUL",97132.4605788963,0,0,0,0,2
"1168658","Fukuoka","Retail","SuperDrugStore","ZoneC","EHP","MUL",46317.3948234325,1,0,0,0,2
"1168705","Fukuoka","Retail","SuperDrugStore","ZoneC","GHP","MUL",36383.0179079715,0,0,0,0,1
"1168721","Fukuoka","Retail","SuperDrugStore","ZoneC","GHP","MUL",30638.2166603785,0,0,0,0,2
"1171457","Naha","Retail","ConvenienceDrug","ZoneC","EHP","MUL",43153.7079319569,0,0,0,0,1
"1171473","Naha","Retail","ConvenienceDrug","ZoneC","EHP","MUL",14199.4714056361,0,0,0,0,2
"1174273","Naha","Retail","ConvenienceStore","ZoneC","EHP","MUL",55226.1361910437,0,0,0,0,1
"1174289","Naha","Retail","ConvenienceStore","ZoneC","EHP","MUL",21789.0510739018,0,0,0,0,2
"1174337","Naha","Retail","ConvenienceStore","ZoneC","GHP","MUL",10993.1137582492,0,0,0,0,1
"1177089","Naha","Retail","HomeCenter","ZoneC","EHP","MUL",63482.8447776982,0,0,0,0,1
"1177105","Naha","Retail","HomeCenter","ZoneC","EHP","MUL",53459.0384293039,0,0,0,0,2
"1179905","Naha","Retail","HousingClothingSuper","ZoneC","EHP","MUL",78386.0230753059,0,0,0,0,1
"1179921","Naha","Retail","HousingClothingSuper","ZoneC","EHP","MUL",66009.0365291128,0,0,0,0,2
"1179969","Naha","Retail","HousingClothingSuper","ZoneC","GHP","MUL",18835.8554806542,0,0,0,0,1
"1179985","Naha","Retail","HousingClothingSuper","ZoneC","GHP","MUL",15861.7139089339,0,0,0,0,2
"1180033","Naha","Retail","HousingClothingSuper","ZoneC","ABCH","CAV",61033.5706102399,0,0,0,0,1
"1180049","Naha","Retail","HousingClothingSuper","ZoneC","ABCH","CAV",51396.4994504576,0,0,0,0,2
"1182753","Naha","Retail","LargeDepartment","ZoneC","EHP","MUL",1103.58370737527,0,0,0,0,3
"1182885","Naha","Retail","LargeDepartment","ZoneC","ABCH","CAV",9767.83686312802,1,0,1,0,3
"1185569","Naha","Retail","LargeGeneral","ZoneC","EHP","MUL",2736.45112176732,0,0,0,0,3
"1185701","Naha","Retail","LargeGeneral","ZoneC","ABCH","CAV",24220.3721953443,1,0,1,0,3
"1188353","Naha","Retail","LargeGrocery","ZoneC","EHP","MUL",33887.753902932,0,0,0,0,1
"1188369","Naha","Retail","LargeGrocery","ZoneC","EHP","MUL",28536.9495416195,0,0,0,0,2
"1191201","Naha","Retail","MediumDepartment","ZoneC","EHP","MUL",8439.24387924178,0,0,0,0,3
"1191333","Naha","Retail","MediumDepartment","ZoneC","ABCH","CAV",32458.0049345876,1,0,1,0,3
"1194017","Naha","Retail","MediumGeneral","ZoneC","EHP","MUL",33748.1850654447,0,0,0,0,3
"1194145","Naha","Retail","MediumGeneral","ZoneC","ABCH","CAV",47639.0335604858,0,0,0,0,3
"1194146","Naha","Retail","MediumGeneral","ZoneC","ABCH","CAV",31781.8576342074,1,0,0,0,3
"1194149","Naha","Retail","MediumGeneral","ZoneC","ABCH","CAV",50377.3197661203,1,0,1,0,3
"1196801","Naha","Retail","MediumGrocery","ZoneC","EHP","MUL",36711.733388769,0,0,0,0,1
"1196817","Naha","Retail","MediumGrocery","ZoneC","EHP","MUL",30915.0286649728,0,0,0,0,2
"1199617","Naha","Retail","SmallGeneral","ZoneC","EHP","MUL",77452.459298087,0,0,0,0,1
"1199633","Naha","Retail","SmallGeneral","ZoneC","EHP","MUL",65222.8804893619,0,0,0,0,2
"1199681","Naha","Retail","SmallGeneral","ZoneC","GHP","MUL",18611.5237477791,0,0,0,0,1
"1199697","Naha","Retail","SmallGeneral","ZoneC","GHP","MUL",15672.8036801835,0,0,0,0,2
"1199745","Naha","Retail","SmallGeneral","ZoneC","ABCH","CAV",60306.6714963339,0,0,0,0,1
"1199761","Naha","Retail","SmallGeneral","ZoneC","ABCH","CAV",50784.3761626527,0,0,0,0,2
"1202433","Naha","Retail","SmallGrocery","ZoneC","EHP","MUL",48028.0683250907,0,0,0,0,1
"1202449","Naha","Retail","SmallGrocery","ZoneC","EHP","MUL",15803.3507555219,0,0,0,0,2
"1205249","Naha","Retail","SpecialityShop","ZoneC","EHP","MUL",319558.030781297,0,0,0,0,1
"1205250","Naha","Retail","SpecialityShop","ZoneC","EHP","MUL",125265.644505438,1,0,0,0,1
"1205265","Naha","Retail","SpecialityShop","ZoneC","EHP","MUL",105148.672917633,0,0,0,0,2
"1205266","Naha","Retail","SpecialityShop","ZoneC","EHP","MUL",41217.9166635725,1,0,0,0,2
"1205313","Naha","Retail","SpecialityShop","ZoneC","GHP","MUL",88544.9825400354,0,0,0,0,1
"1205329","Naha","Retail","SpecialityShop","ZoneC","GHP","MUL",29135.2008423523,0,0,0,0,2
"1208065","Naha","Retail","SuperDrugStore","ZoneC","EHP","MUL",8767.12854400729,0,0,0,0,1
"1208081","Naha","Retail","SuperDrugStore","ZoneC","EHP","MUL",7382.817568903,0,0,0,0,2
"1210913","Sapporo","School","ElementarySchool","ZoneC","EHP","MUL",2296039.11901405,0,0,0,0,3
"1210914","Sapporo","School","ElementarySchool","ZoneC","EHP","MUL",2881310.33572739,1,0,0,0,3
"1210977","Sapporo","School","ElementarySchool","ZoneC","GHP","MUL",508591.487473744,0,0,0,0,3
"1210978","Sapporo","School","ElementarySchool","ZoneC","GHP","MUL",638233.859948488,1,0,0,0,3
"1211041","Sapporo","School","ElementarySchool","ZoneC","ABCH","CAV",54384.3215595349,0,0,0,0,3
"1211042","Sapporo","School","ElementarySchool","ZoneC","ABCH","CAV",68247.1420078844,1,0,0,0,3
"1211169","Sapporo","School","ElementarySchool","ZoneC","ABCH","FCU",123110.008188319,0,0,0,0,3
"1211170","Sapporo","School","ElementarySchool","ZoneC","ABCH","FCU",154491.330782207,1,0,0,0,3
"1211361","Sapporo","School","ElementarySchool","ZoneC","ABCH","OHUFCU",122343.446069453,0,0,0,0,3
"1211362","Sapporo","School","ElementarySchool","ZoneC","ABCH","OHUFCU",153529.368358407,1,0,0,0,3
"1211425","Sapporo","School","ElementarySchool","ZoneC","AHP","CAV",26545.2630688322,0,0,0,0,3
"1211426","Sapporo","School","ElementarySchool","ZoneC","AHP","CAV",33311.7760108863,1,0,0,0,3
"1211553","Sapporo","School","ElementarySchool","ZoneC","AHP","FCU",60090.6191352875,0,0,0,0,3
"1211554","Sapporo","School","ElementarySchool","ZoneC","AHP","FCU",75408.0017892335,1,0,0,0,3
"1211745","Sapporo","School","ElementarySchool","ZoneC","AHP","OHUFCU",59716.4562787806,0,0,0,0,3
"1211746","Sapporo","School","ElementarySchool","ZoneC","AHP","OHUFCU",74938.4630532552,1,0,0,0,3
"1213729","Sapporo","School","JuniorHighSchool","ZoneC","EHP","MUL",1354380.80729842,0,0,0,0,3
"1213730","Sapporo","School","JuniorHighSchool","ZoneC","EHP","MUL",1699618.87245871,1,0,0,0,3
"1213793","Sapporo","School","JuniorHighSchool","ZoneC","GHP","MUL",300006.451843724,0,0,0,0,3
"1213794","Sapporo","School","JuniorHighSchool","ZoneC","GHP","MUL",376479.513490786,1,0,0,0,3
"1213857","Sapporo","School","JuniorHighSchool","ZoneC","ABCH","CAV",32080.0637620709,0,0,0,0,3
"1213858","Sapporo","School","JuniorHighSchool","ZoneC","ABCH","CAV",40257.4235443081,1,0,0,0,3
"1213985","Sapporo","School","JuniorHighSchool","ZoneC","ABCH","FCU",72619.7698008781,0,0,0,0,3
"1213986","Sapporo","School","JuniorHighSchool","ZoneC","ABCH","FCU",91130.8921405765,1,0,0,0,3
"1214177","Sapporo","School","JuniorHighSchool","ZoneC","ABCH","OHUFCU",72167.5923911829,0,0,0,0,3
"1214178","Sapporo","School","JuniorHighSchool","ZoneC","ABCH","OHUFCU",90563.4525733027,1,0,0,0,3
"1214369","Sapporo","School","JuniorHighSchool","ZoneC","AHP","FCU",43299.7496922041,0,0,0,0,3
"1214370","Sapporo","School","JuniorHighSchool","ZoneC","AHP","FCU",54337.0604139054,1,0,0,0,3
"1214561","Sapporo","School","JuniorHighSchool","ZoneC","AHP","OHUFCU",43030.1375919461,0,0,0,0,3
"1214562","Sapporo","School","JuniorHighSchool","ZoneC","AHP","OHUFCU",53998.7229157863,1,0,0,0,3
"1216545","Sapporo","School","HighSchool","ZoneC","EHP","MUL",1200536.95318658,0,0,0,0,3
"1216546","Sapporo","School","HighSchool","ZoneC","EHP","MUL",1506559.49325662,1,0,0,0,3
"1216609","Sapporo","School","HighSchool","ZoneC","GHP","MUL",265928.776967247,0,0,0,0,3
"1216610","Sapporo","School","HighSchool","ZoneC","GHP","MUL",333715.27832335,1,0,0,0,3
"1216673","Sapporo","School","HighSchool","ZoneC","ABCH","CAV",28436.0955201148,0,0,0,0,3
"1216674","Sapporo","School","HighSchool","ZoneC","ABCH","CAV",35684.590585295,1,0,0,0,3
"1216801","Sapporo","School","HighSchool","ZoneC","ABCH","FCU",64370.9041859211,0,0,0,0,3
"1216802","Sapporo","School","HighSchool","ZoneC","ABCH","FCU",80779.3517170807,1,0,0,0,3
"1216993","Sapporo","School","HighSchool","ZoneC","ABCH","OHUFCU",63970.0895207916,0,0,0,0,3
"1216994","Sapporo","School","HighSchool","ZoneC","ABCH","OHUFCU",80276.3675005728,1,0,0,0,3
"1217185","Sapporo","School","HighSchool","ZoneC","AHP","FCU",38381.3394941048,0,0,0,0,3
"1217186","Sapporo","School","HighSchool","ZoneC","AHP","FCU",48164.9242243373,1,0,0,0,3
"1217377","Sapporo","School","HighSchool","ZoneC","AHP","OHUFCU",38142.3525802016,0,0,0,0,3
"1217378","Sapporo","School","HighSchool","ZoneC","AHP","OHUFCU",47865.0184172322,1,0,0,0,3
"1219361","Sendai","School","ElementarySchool","ZoneC","EHP","MUL",5000942.40553276,0,0,0,0,3
"1219362","Sendai","School","ElementarySchool","ZoneC","EHP","MUL",6275706.24651485,1,0,0,0,3
"1219425","Sendai","School","ElementarySchool","ZoneC","GHP","MUL",790008.250073285,0,0,0,0,3
"1219426","Sendai","School","ElementarySchool","ZoneC","GHP","MUL",991385.084598872,1,0,0,0,3
"1219489","Sendai","School","ElementarySchool","ZoneC","ABCH","CAV",104627.554115143,0,0,0,0,3
"1219490","Sendai","School","ElementarySchool","ZoneC","ABCH","CAV",131297.611864423,1,0,0,0,3
"1219617","Sendai","School","ElementarySchool","ZoneC","ABCH","FCU",171614.465534607,0,0,0,0,3
"1219618","Sendai","School","ElementarySchool","ZoneC","ABCH","FCU",215359.803415514,1,0,0,0,3
"1219809","Sendai","School","ElementarySchool","ZoneC","ABCH","OHUFCU",212008.012974405,0,0,0,0,3
"1219810","Sendai","School","ElementarySchool","ZoneC","ABCH","OHUFCU",266049.856895509,1,0,0,0,3
"1219873","Sendai","School","ElementarySchool","ZoneC","AHP","CAV",49443.6566890758,0,0,0,0,3
"1219874","Sendai","School","ElementarySchool","ZoneC","AHP","CAV",62047.0783248529,1,0,0,0,3
"1220001","Sendai","School","ElementarySchool","ZoneC","AHP","FCU",81099.5419756664,0,0,0,0,3
"1220002","Sendai","School","ElementarySchool","ZoneC","AHP","FCU",101772.198296685,1,0,0,0,3
"1220193","Sendai","School","ElementarySchool","ZoneC","AHP","OHUFCU",100188.248664435,0,0,0,0,3
"1220194","Sendai","School","ElementarySchool","ZoneC","AHP","OHUFCU",125726.706485394,1,0,0,0,3
"1221729","Sendai","School","ElementarySchool","ZoneC","AHP+TESICE","OHUFCU",29327.0650454596,0,0,0,0,3
"1221730","Sendai","School","ElementarySchool","ZoneC","AHP+TESICE","OHUFCU",36802.67245112,1,0,0,0,3
"1222177","Sendai","School","JuniorHighSchool","ZoneC","EHP","MUL",3203622.59708051,0,0,0,0,3
"1222178","Sendai","School","JuniorHighSchool","ZoneC","EHP","MUL",4020241.12929821,1,0,0,0,3
"1222241","Sendai","School","JuniorHighSchool","ZoneC","GHP","MUL",506082.269416816,0,0,0,0,3
"1222242","Sendai","School","JuniorHighSchool","ZoneC","GHP","MUL",635085.030356629,1,0,0,0,3
"1222305","Sendai","School","JuniorHighSchool","ZoneC","ABCH","CAV",69758.7306046527,0,0,0,0,3
"1222306","Sendai","School","JuniorHighSchool","ZoneC","ABCH","CAV",87540.5605391945,1,0,0,0,3
"1222433","Sendai","School","JuniorHighSchool","ZoneC","ABCH","FCU",114421.171079994,0,0,0,0,3
"1222434","Sendai","School","JuniorHighSchool","ZoneC","ABCH","FCU",143587.66805349,1,0,0,0,3
"1222625","Sendai","School","JuniorHighSchool","ZoneC","ABCH","OHUFCU",141352.915952077,0,0,0,0,3
"1222626","Sendai","School","JuniorHighSchool","ZoneC","ABCH","OHUFCU",177384.441904813,1,0,0,0,3
"1222689","Sendai","School","JuniorHighSchool","ZoneC","AHP","CAV",32965.7589365645,0,0,0,0,3
"1222690","Sendai","School","JuniorHighSchool","ZoneC","AHP","CAV",41368.8866023366,1,0,0,0,3
"1222817","Sendai","School","JuniorHighSchool","ZoneC","AHP","FCU",54071.8087953698,0,0,0,0,3
"1222818","Sendai","School","JuniorHighSchool","ZoneC","AHP","FCU",67854.9682639884,1,0,0,0,3
"1223009","Sendai","School","JuniorHighSchool","ZoneC","AHP","OHUFCU",66798.8954481613,0,0,0,0,3
"1223010","Sendai","School","JuniorHighSchool","ZoneC","AHP","OHUFCU",83826.2494206149,1,0,0,0,3
"1224993","Sendai","School","HighSchool","ZoneC","EHP","MUL",3039237.9935432,0,0,0,0,3
"1224994","Sendai","School","HighSchool","ZoneC","EHP","MUL",3813954.11385315,1,0,0,0,3
"1225057","Sendai","School","HighSchool","ZoneC","GHP","MUL",480114.125325449,0,0,0,0,3
"1225058","Sendai","School","HighSchool","ZoneC","GHP","MUL",602497.483676569,1,0,0,0,3
"1225121","Sendai","School","HighSchool","ZoneC","ABCH","CAV",66179.2636336798,0,0,0,0,3
"1225122","Sendai","School","HighSchool","ZoneC","ABCH","CAV",83048.6705298083,1,0,0,0,3
"1225249","Sendai","School","HighSchool","ZoneC","ABCH","FCU",108549.980490503,0,0,0,0,3
"1225250","Sendai","School","HighSchool","ZoneC","ABCH","FCU",136219.883250333,1,0,0,0,3
"1225441","Sendai","School","HighSchool","ZoneC","ABCH","OHUFCU",134099.800972554,0,0,0,0,3
"1225442","Sendai","School","HighSchool","ZoneC","ABCH","OHUFCU",168282.473657122,1,0,0,0,3
"1225505","Sendai","School","HighSchool","ZoneC","AHP","CAV",31274.2166125617,0,0,0,0,3
"1225506","Sendai","School","HighSchool","ZoneC","AHP","CAV",39246.1621499924,1,0,0,0,3
"1225633","Sendai","School","HighSchool","ZoneC","AHP","FCU",51297.2707272863,0,0,0,0,3
"1225634","Sendai","School","HighSchool","ZoneC","AHP","FCU",64373.1873368973,1,0,0,0,3
"1225825","Sendai","School","HighSchool","ZoneC","AHP","OHUFCU",63371.3038351595,0,0,0,0,3
"1225826","Sendai","School","HighSchool","ZoneC","AHP","OHUFCU",79524.9485153255,1,0,0,0,3
"1227777","Tokyo","School","ElementarySchool","ZoneC","EHP","MUL",6433090.26876375,0,0,0,0,1
"1227778","Tokyo","School","ElementarySchool","ZoneC","EHP","MUL",8072915.36479384,1,0,0,0,1
"1227793","Tokyo","School","ElementarySchool","ZoneC","EHP","MUL",5417318.97965981,0,0,0,0,2
"1227794","Tokyo","School","ElementarySchool","ZoneC","EHP","MUL",6798219.17612998,1,0,0,0,2
"1227841","Tokyo","School","ElementarySchool","ZoneC","GHP","MUL",2319415.44306147,0,0,0,0,1
"1227842","Tokyo","School","ElementarySchool","ZoneC","GHP","MUL",2910645.3951919,1,0,0,0,1
"1227857","Tokyo","School","ElementarySchool","ZoneC","GHP","MUL",1953184.67120275,0,0,0,0,2
"1227858","Tokyo","School","ElementarySchool","ZoneC","GHP","MUL",2451060.66970557,1,0,0,0,2
"1227905","Tokyo","School","ElementarySchool","ZoneC","ABCH","CAV",346784.864849061,0,0,0,0,1
"1227906","Tokyo","School","ElementarySchool","ZoneC","ABCH","CAV",435181.964927711,1,0,0,0,1
"1227921","Tokyo","School","ElementarySchool","ZoneC","ABCH","CAV",292028.271284713,0,0,0,0,2
"1227922","Tokyo","School","ElementarySchool","ZoneC","ABCH","CAV",366467.657022568,1,0,0,0,2
"1227969","Tokyo","School","ElementarySchool","ZoneC","ABCH","VAV",68336.192031759,0,0,0,0,1
"1227970","Tokyo","School","ElementarySchool","ZoneC","ABCH","VAV",85755.4101647487,1,0,0,0,1
"1227985","Tokyo","School","ElementarySchool","ZoneC","ABCH","VAV",57546.0524607976,0,0,0,0,2
"1227986","Tokyo","School","ElementarySchool","ZoneC","ABCH","VAV",72214.8130502263,1,0,0,0,2
"1228033","Tokyo","School","ElementarySchool","ZoneC","ABCH","FCU",581099.71458241,0,0,0,0,1
"1228034","Tokyo","School","ElementarySchool","ZoneC","ABCH","FCU",729224.776637736,1,0,0,0,1
"1228049","Tokyo","School","ElementarySchool","ZoneC","ABCH","FCU",489345.3039463,0,0,0,0,2
"1228050","Tokyo","School","ElementarySchool","ZoneC","ABCH","FCU",614081.733331086,1,0,0,0,2
"1228225","Tokyo","School","ElementarySchool","ZoneC","ABCH","OHUFCU",757019.727959901,0,0,0,0,1
"1228226","Tokyo","School","ElementarySchool","ZoneC","ABCH","OHUFCU",949987.632378421,1,0,0,0,1
"1228241","Tokyo","School","ElementarySchool","ZoneC","ABCH","OHUFCU",637487.920877903,0,0,0,0,2
"1228242","Tokyo","School","ElementarySchool","ZoneC","ABCH","OHUFCU",799986.603066069,1,0,0,0,2
"1228289","Tokyo","School","ElementarySchool","ZoneC","AHP","CAV",171289.360021241,0,0,0,0,1
"1228290","Tokyo","School","ElementarySchool","ZoneC","AHP","CAV",214951.826971164,1,0,0,0,1
"1228305","Tokyo","School","ElementarySchool","ZoneC","AHP","CAV",144243.133904473,0,0,0,0,2
"1228306","Tokyo","School","ElementarySchool","ZoneC","AHP","CAV",181011.390065137,1,0,0,0,2
"1228353","Tokyo","School","ElementarySchool","ZoneC","AHP","VAV",33753.6720482405,0,0,0,0,1
"1228354","Tokyo","School","ElementarySchool","ZoneC","AHP","VAV",42357.6424878641,1,0,0,0,1
"1228369","Tokyo","School","ElementarySchool","ZoneC","AHP","VAV",28424.0389269846,0,0,0,0,2
"1228370","Tokyo","School","ElementarySchool","ZoneC","AHP","VAV",35669.4607096267,1,0,0,0,2
"1228417","Tokyo","School","ElementarySchool","ZoneC","AHP","FCU",287025.785461168,0,0,0,0,1
"1228418","Tokyo","School","ElementarySchool","ZoneC","AHP","FCU",360190.0139335,1,0,0,0,1
"1228433","Tokyo","School","ElementarySchool","ZoneC","AHP","FCU",241705.023599701,0,0,0,0,2
"1228434","Tokyo","School","ElementarySchool","ZoneC","AHP","FCU",303316.775802191,1,0,0,0,2
"1228609","Tokyo","School","ElementarySchool","ZoneC","AHP","OHUFCU",373918.92746572,0,0,0,0,1
"1228610","Tokyo","School","ElementarySchool","ZoneC","AHP","OHUFCU",469232.628272341,1,0,0,0,1
"1228625","Tokyo","School","ElementarySchool","ZoneC","AHP","OHUFCU",314877.923048848,0,0,0,0,2
"1228626","Tokyo","School","ElementarySchool","ZoneC","AHP","OHUFCU",395141.792951073,1,0,0,0,2
"1229953","Tokyo","School","ElementarySchool","ZoneC","AHP+TESICE","FCU",45877.5160985881,0,0,0,0,1
"1229954","Tokyo","School","ElementarySchool","ZoneC","AHP+TESICE","FCU",57571.9116532842,1,0,0,0,1
"1229969","Tokyo","School","ElementarySchool","ZoneC","AHP+TESICE","FCU",38633.5537536753,0,0,0,0,2
"1229970","Tokyo","School","ElementarySchool","ZoneC","AHP+TESICE","FCU",48481.4290899991,1,0,0,0,2
"1230145","Tokyo","School","ElementarySchool","ZoneC","AHP+TESICE","OHUFCU",59766.3084061003,0,0,0,0,1
"1230146","Tokyo","School","ElementarySchool","ZoneC","AHP+TESICE","OHUFCU",75001.0227233038,1,0,0,0,1
"1230161","Tokyo","School","ElementarySchool","ZoneC","AHP+TESICE","OHUFCU",50329.3352565979,0,0,0,0,2
"1230162","Tokyo","School","ElementarySchool","ZoneC","AHP+TESICE","OHUFCU",63158.5205427141,1,0,0,0,2
"1230593","Tokyo","School","JuniorHighSchool","ZoneC","EHP","MUL",3923181.39177378,0,0,0,0,1
"1230594","Tokyo","School","JuniorHighSchool","ZoneC","EHP","MUL",4923218.85957465,1,0,0,0,1
"1230609","Tokyo","School","JuniorHighSchool","ZoneC","EHP","MUL",3303719.38312448,0,0,0,0,2
"1230610","Tokyo","School","JuniorHighSchool","ZoneC","EHP","MUL",4145853.05890914,1,0,0,0,2
"1230657","Tokyo","School","JuniorHighSchool","ZoneC","GHP","MUL",1414481.55176597,0,0,0,0,1
"1230658","Tokyo","School","JuniorHighSchool","ZoneC","GHP","MUL",1775039.58057521,1,0,0,0,1
"1230673","Tokyo","School","JuniorHighSchool","ZoneC","GHP","MUL",1191137.91919991,0,0,0,0,2
"1230674","Tokyo","School","JuniorHighSchool","ZoneC","GHP","MUL",1494764.60111065,1,0,0,0,2
"1230721","Tokyo","School","JuniorHighSchool","ZoneC","ABCH","CAV",211484.663184443,0,0,0,0,1
"1230722","Tokyo","School","JuniorHighSchool","ZoneC","ABCH","CAV",265393.102772058,1,0,0,0,1
"1230737","Tokyo","School","JuniorHighSchool","ZoneC","ABCH","CAV",178091.684075842,0,0,0,0,2
"1230738","Tokyo","School","JuniorHighSchool","ZoneC","ABCH","CAV",223488.095557869,1,0,0,0,2
"1230785","Tokyo","School","JuniorHighSchool","ZoneC","ABCH","VAV",41674.4155239712,0,0,0,0,1
"1230786","Tokyo","School","JuniorHighSchool","ZoneC","ABCH","VAV",52297.4208889693,1,0,0,0,1
"1230801","Tokyo","School","JuniorHighSchool","ZoneC","ABCH","VAV",35094.1138321108,0,0,0,0,2
"1230802","Tokyo","School","JuniorHighSchool","ZoneC","ABCH","VAV",44039.7692139822,1,0,0,0,2
"1230849","Tokyo","School","JuniorHighSchool","ZoneC","ABCH","FCU",354380.164395371,0,0,0,0,1
"1230850","Tokyo","School","JuniorHighSchool","ZoneC","ABCH","FCU",444713.34220456,1,0,0,0,1
"1230865","Tokyo","School","JuniorHighSchool","ZoneC","ABCH","FCU",298424.289165608,0,0,0,0,2
"1230866","Tokyo","School","JuniorHighSchool","ZoneC","ABCH","FCU",374494.050072715,1,0,0,0,2
"1231041","Tokyo","School","JuniorHighSchool","ZoneC","ABCH","OHUFCU",461663.926023017,0,0,0,0,1
"1231042","Tokyo","School","JuniorHighSchool","ZoneC","ABCH","OHUFCU",579344.241422944,1,0,0,0,1
"1231057","Tokyo","School","JuniorHighSchool","ZoneC","ABCH","OHUFCU",388768.172710463,0,0,0,0,2
"1231058","Tokyo","School","JuniorHighSchool","ZoneC","ABCH","OHUFCU",487867.016269965,1,0,0,0,2
"1231105","Tokyo","School","JuniorHighSchool","ZoneC","AHP","CAV",108696.455798111,0,0,0,0,1
"1231106","Tokyo","School","JuniorHighSchool","ZoneC","AHP","CAV",136403.695805722,1,0,0,0,1
"1231121","Tokyo","School","JuniorHighSchool","ZoneC","AHP","CAV",91533.5163064668,0,0,0,0,2
"1231122","Tokyo","School","JuniorHighSchool","ZoneC","AHP","CAV",114865.841968992,1,0,0,0,2
"1231233","Tokyo","School","JuniorHighSchool","ZoneC","AHP","FCU",182140.242677239,0,0,0,0,1
"1231234","Tokyo","School","JuniorHighSchool","ZoneC","AHP","FCU",228568.650870017,1,0,0,0,1
"1231249","Tokyo","School","JuniorHighSchool","ZoneC","AHP","FCU",153380.685237123,0,0,0,0,2
"1231250","Tokyo","School","JuniorHighSchool","ZoneC","AHP","FCU",192478.146393448,1,0,0,0,2
"1231425","Tokyo","School","JuniorHighSchool","ZoneC","AHP","OHUFCU",237280.717064472,0,0,0,0,1
"1231426","Tokyo","School","JuniorHighSchool","ZoneC","AHP","OHUFCU",297764.692633046,1,0,0,0,1
"1231441","Tokyo","School","JuniorHighSchool","ZoneC","AHP","OHUFCU",199814.595840838,0,0,0,0,2
"1231442","Tokyo","School","JuniorHighSchool","ZoneC","AHP","OHUFCU",250748.280139329,1,0,0,0,2
"1232961","Tokyo","School","JuniorHighSchool","ZoneC","AHP+TESICE","OHUFCU",64426.2507033428,0,0,0,0,1
"1232962","Tokyo","School","JuniorHighSchool","ZoneC","AHP+TESICE","OHUFCU",80848.8063232207,1,0,0,0,1
"1232977","Tokyo","School","JuniorHighSchool","ZoneC","AHP+TESICE","OHUFCU",54253.4825631493,0,0,0,0,2
"1232978","Tokyo","School","JuniorHighSchool","ZoneC","AHP+TESICE","OHUFCU",68082.9515333057,1,0,0,0,2
"1233409","Tokyo","School","HighSchool","ZoneC","EHP","MUL",3460652.41353114,0,0,0,0,1
"1233410","Tokyo","School","HighSchool","ZoneC","EHP","MUL",4342789.06003525,1,0,0,0,1
"1233425","Tokyo","School","HighSchool","ZoneC","EHP","MUL",2914222.74810244,0,0,0,0,2
"1233426","Tokyo","School","HighSchool","ZoneC","EHP","MUL",3657071.8918435,1,0,0,0,2
"1233473","Tokyo","School","HighSchool","ZoneC","GHP","MUL",1247719.26331986,0,0,0,0,1
"1233474","Tokyo","School","HighSchool","ZoneC","GHP","MUL",1565768.79710718,1,0,0,0,1
"1233489","Tokyo","School","HighSchool","ZoneC","GHP","MUL",1050707.04188467,0,0,0,0,2
"1233490","Tokyo","School","HighSchool","ZoneC","GHP","MUL",1318537.22984644,1,0,0,0,2
"1233537","Tokyo","School","HighSchool","ZoneC","ABCH","CAV",186551.381898548,0,0,0,0,1
"1233538","Tokyo","School","HighSchool","ZoneC","ABCH","CAV",234104.210314729,1,0,0,0,1
"1233553","Tokyo","School","HighSchool","ZoneC","ABCH","CAV",157095.314944954,0,0,0,0,2
"1233554","Tokyo","School","HighSchool","ZoneC","ABCH","CAV",197139.652759756,1,0,0,0,2
"1233601","Tokyo","School","HighSchool","ZoneC","ABCH","VAV",36761.1517958196,0,0,0,0,1
"1233602","Tokyo","School","HighSchool","ZoneC","ABCH","VAV",46131.7430288478,1,0,0,0,1
"1233617","Tokyo","School","HighSchool","ZoneC","ABCH","VAV",30956.6440105183,0,0,0,0,2
"1233618","Tokyo","School","HighSchool","ZoneC","ABCH","VAV",38847.6387916426,1,0,0,0,2
"1233665","Tokyo","School","HighSchool","ZoneC","ABCH","FCU",312600.017372105,0,0,0,0,1
"1233666","Tokyo","School","HighSchool","ZoneC","ABCH","FCU",392283.238357706,1,0,0,0,1
"1233681","Tokyo","School","HighSchool","ZoneC","ABCH","FCU",263241.138613359,0,0,0,0,2
"1233682","Tokyo","School","HighSchool","ZoneC","ABCH","FCU",330342.54825807,1,0,0,0,2
"1233857","Tokyo","School","HighSchool","ZoneC","ABCH","OHUFCU",407235.409298642,0,0,0,0,1
"1233858","Tokyo","School","HighSchool","ZoneC","ABCH","OHUFCU",511041.638693948,1,0,0,0,1
"1233873","Tokyo","School","HighSchool","ZoneC","ABCH","OHUFCU",342933.803166891,0,0,0,0,2
"1233874","Tokyo","School","HighSchool","ZoneC","ABCH","OHUFCU",430349.249432371,1,0,0,0,2
"1233921","Tokyo","School","HighSchool","ZoneC","AHP","CAV",95881.5345343848,0,0,0,0,1
"1233922","Tokyo","School","HighSchool","ZoneC","AHP","CAV",120322.19058095,1,0,0,0,1
"1233937","Tokyo","School","HighSchool","ZoneC","AHP","CAV",80742.0438904936,0,0,0,0,2
"1233938","Tokyo","School","HighSchool","ZoneC","AHP","CAV",101323.572260969,1,0,0,0,2
"1234049","Tokyo","School","HighSchool","ZoneC","AHP","FCU",160666.563045954,0,0,0,0,1
"1234050","Tokyo","School","HighSchool","ZoneC","AHP","FCU",201621.22887039,1,0,0,0,1
"1234065","Tokyo","School","HighSchool","ZoneC","AHP","FCU",135297.65400802,0,0,0,0,2
"1234066","Tokyo","School","HighSchool","ZoneC","AHP","FCU",169785.665089353,1,0,0,0,2
"1234241","Tokyo","School","HighSchool","ZoneC","AHP","OHUFCU",209306.173789303,0,0,0,0,1
"1234242","Tokyo","School","HighSchool","ZoneC","AHP","OHUFCU",262659.306140063,1,0,0,0,1
"1234257","Tokyo","School","HighSchool","ZoneC","AHP","OHUFCU",176257.173528931,0,0,0,0,2
"1234258","Tokyo","School","HighSchool","ZoneC","AHP","OHUFCU",221185.959607291,1,0,0,0,2
"1235777","Tokyo","School","HighSchool","ZoneC","AHP+TESICE","OHUFCU",56830.6274236483,0,0,0,0,1
"1235778","Tokyo","School","HighSchool","ZoneC","AHP+TESICE","OHUFCU",71317.0227918176,1,0,0,0,1
"1235793","Tokyo","School","HighSchool","ZoneC","AHP+TESICE","OHUFCU",47857.1920656833,0,0,0,0,2
"1235794","Tokyo","School","HighSchool","ZoneC","AHP+TESICE","OHUFCU",60056.2163753359,1,0,0,0,2
"1236225","Nigata","School","ElementarySchool","ZoneC","EHP","MUL",1810699.58331209,0,0,0,0,1
"1236226","Nigata","School","ElementarySchool","ZoneC","EHP","MUL",2272255.45988725,1,0,0,0,1
"1236241","Nigata","School","ElementarySchool","ZoneC","EHP","MUL",1524793.96515972,0,0,0,0,2
"1236242","Nigata","School","ElementarySchool","ZoneC","EHP","MUL",1913471.14920064,1,0,0,0,2
"1236289","Nigata","School","ElementarySchool","ZoneC","GHP","MUL",284177.774841663,0,0,0,0,1
"1236290","Nigata","School","ElementarySchool","ZoneC","GHP","MUL",356616.031954585,1,0,0,0,1
"1236305","Nigata","School","ElementarySchool","ZoneC","GHP","MUL",239306.707807642,0,0,0,0,2
"1236306","Nigata","School","ElementarySchool","ZoneC","GHP","MUL",300307.11798636,1,0,0,0,2
"1236353","Nigata","School","ElementarySchool","ZoneC","ABCH","CAV",46647.9595253328,0,0,0,0,1
"1236354","Nigata","School","ElementarySchool","ZoneC","ABCH","CAV",58538.744748674,1,0,0,0,1
"1236369","Nigata","School","ElementarySchool","ZoneC","ABCH","CAV",39282.3457998128,0,0,0,0,2
"1236370","Nigata","School","ElementarySchool","ZoneC","ABCH","CAV",49295.6012932481,1,0,0,0,2
"1236481","Nigata","School","ElementarySchool","ZoneC","ABCH","FCU",73998.5274116977,0,0,0,0,1
"1236482","Nigata","School","ElementarySchool","ZoneC","ABCH","FCU",92861.1015789168,1,0,0,0,1
"1236497","Nigata","School","ElementarySchool","ZoneC","ABCH","FCU",62314.3171114405,0,0,0,0,2
"1236498","Nigata","School","ElementarySchool","ZoneC","ABCH","FCU",78198.5308830829,1,0,0,0,2
"1236673","Nigata","School","ElementarySchool","ZoneC","ABCH","OHUFCU",87139.6602240764,0,0,0,0,1
"1236674","Nigata","School","ElementarySchool","ZoneC","ABCH","OHUFCU",109351.971216945,1,0,0,0,1
"1236689","Nigata","School","ElementarySchool","ZoneC","ABCH","OHUFCU",73380.4929654303,0,0,0,0,2
"1236690","Nigata","School","ElementarySchool","ZoneC","ABCH","OHUFCU",92085.5272330272,1,0,0,0,2
"1236865","Nigata","School","ElementarySchool","ZoneC","AHP","FCU",43849.8899226174,0,0,0,0,1
"1236866","Nigata","School","ElementarySchool","ZoneC","AHP","FCU",55027.4339876228,1,0,0,0,1
"1236881","Nigata","School","ElementarySchool","ZoneC","AHP","FCU",36926.0854440705,0,0,0,0,2
"1236882","Nigata","School","ElementarySchool","ZoneC","AHP","FCU",46338.7190430972,1,0,0,0,2
"1237057","Nigata","School","ElementarySchool","ZoneC","AHP","OHUFCU",51637.0344434179,0,0,0,0,1
"1237058","Nigata","School","ElementarySchool","ZoneC","AHP","OHUFCU",64799.5584291351,1,0,0,0,1
"1237073","Nigata","School","ElementarySchool","ZoneC","AHP","OHUFCU",43483.6563854765,0,0,0,0,2
"1237074","Nigata","School","ElementarySchool","ZoneC","AHP","OHUFCU",54567.8457919706,1,0,0,0,2
"1239041","Nigata","School","JuniorHighSchool","ZoneC","EHP","MUL",1131644.78590654,0,0,0,0,1
"1239042","Nigata","School","JuniorHighSchool","ZoneC","EHP","MUL",1420106.38712666,1,0,0,0,1
"1239057","Nigata","School","JuniorHighSchool","ZoneC","EHP","MUL",952960.477904606,0,0,0,0,2
"1239058","Nigata","School","JuniorHighSchool","ZoneC","EHP","MUL",1195874.60500469,1,0,0,0,2
"1239105","Nigata","School","JuniorHighSchool","ZoneC","GHP","MUL",177604.44644376,0,0,0,0,1
"1239106","Nigata","School","JuniorHighSchool","ZoneC","GHP","MUL",222876.658751917,1,0,0,0,1
"1239121","Nigata","School","JuniorHighSchool","ZoneC","GHP","MUL",149561.081594562,0,0,0,0,2
"1239122","Nigata","School","JuniorHighSchool","ZoneC","GHP","MUL",187684.907740607,1,0,0,0,2
"1239169","Nigata","School","JuniorHighSchool","ZoneC","ABCH","CAV",29153.8809952461,0,0,0,0,1
"1239170","Nigata","School","JuniorHighSchool","ZoneC","ABCH","CAV",36585.3429684769,1,0,0,0,1
"1239186","Nigata","School","JuniorHighSchool","ZoneC","ABCH","CAV",55359.1401345625,1,0,0,0,2
"1239297","Nigata","School","JuniorHighSchool","ZoneC","ABCH","FCU",46247.3446627931,0,0,0,0,1
"1239298","Nigata","School","JuniorHighSchool","ZoneC","ABCH","FCU",58036.0112653798,1,0,0,0,1
"1239313","Nigata","School","JuniorHighSchool","ZoneC","ABCH","FCU",38944.9871731341,0,0,0,0,2
"1239314","Nigata","School","JuniorHighSchool","ZoneC","ABCH","FCU",48872.2483591249,1,0,0,0,2
"1239489","Nigata","School","JuniorHighSchool","ZoneC","ABCH","OHUFCU",54460.244563522,0,0,0,0,1
"1239490","Nigata","School","JuniorHighSchool","ZoneC","ABCH","OHUFCU",68342.4181442079,1,0,0,0,1
"1239505","Nigata","School","JuniorHighSchool","ZoneC","ABCH","OHUFCU",45861.0876243119,0,0,0,0,2
"1239506","Nigata","School","JuniorHighSchool","ZoneC","ABCH","OHUFCU",57551.2954833154,1,0,0,0,2
"1239873","Nigata","School","JuniorHighSchool","ZoneC","AHP","OHUFCU",59677.0889422863,0,0,0,0,1
"1239874","Nigata","School","JuniorHighSchool","ZoneC","AHP","OHUFCU",74889.0607967378,1,0,0,0,1
"1239889","Nigata","School","JuniorHighSchool","ZoneC","AHP","OHUFCU",50254.2033566117,0,0,0,0,2
"1239890","Nigata","School","JuniorHighSchool","ZoneC","AHP","OHUFCU",63064.2371665379,1,0,0,0,2
"1241857","Nigata","School","HighSchool","ZoneC","EHP","MUL",1013179.1778959,0,0,0,0,1
"1241858","Nigata","School","HighSchool","ZoneC","EHP","MUL",1271443.33606512,1,0,0,0,1
"1241873","Nigata","School","HighSchool","ZoneC","EHP","MUL",853200.337769606,0,0,0,0,2
"1241874","Nigata","School","HighSchool","ZoneC","EHP","MUL",1070685.13393504,1,0,0,0,2
"1241921","Nigata","School","HighSchool","ZoneC","GHP","MUL",159012.0232776,0,0,0,0,1
"1241922","Nigata","School","HighSchool","ZoneC","GHP","MUL",199544.939099911,1,0,0,0,1
"1241937","Nigata","School","HighSchool","ZoneC","GHP","MUL",133904.362554731,0,0,0,0,2
"1241938","Nigata","School","HighSchool","ZoneC","GHP","MUL",168037.217063448,1,0,0,0,2
"1241985","Nigata","School","HighSchool","ZoneC","ABCH","CAV",26101.9231008747,0,0,0,0,1
"1241986","Nigata","School","HighSchool","ZoneC","ABCH","CAV",32755.4265909924,1,0,0,0,1
"1242113","Nigata","School","HighSchool","ZoneC","ABCH","FCU",41405.9669861695,0,0,0,0,1
"1242114","Nigata","School","HighSchool","ZoneC","ABCH","FCU",51960.5435508727,1,0,0,0,1
"1242129","Nigata","School","HighSchool","ZoneC","ABCH","FCU",44962.0195303433,0,0,0,0,2
"1242130","Nigata","School","HighSchool","ZoneC","ABCH","FCU",56423.0506854711,1,0,0,0,2
"1242305","Nigata","School","HighSchool","ZoneC","ABCH","OHUFCU",48759.1040068963,0,0,0,0,1
"1242306","Nigata","School","HighSchool","ZoneC","ABCH","OHUFCU",61188.0299305202,1,0,0,0,1
"1242321","Nigata","School","HighSchool","ZoneC","ABCH","OHUFCU",52946.6631553948,0,0,0,0,2
"1242322","Nigata","School","HighSchool","ZoneC","ABCH","OHUFCU",66443.0176857893,1,0,0,0,2
"1242689","Nigata","School","HighSchool","ZoneC","AHP","OHUFCU",53429.8259195617,0,0,0,0,1
"1242690","Nigata","School","HighSchool","ZoneC","AHP","OHUFCU",67049.3409207483,1,0,0,0,1
"1242705","Nigata","School","HighSchool","ZoneC","AHP","OHUFCU",44993.3698955517,0,0,0,0,2
"1242706","Nigata","School","HighSchool","ZoneC","AHP","OHUFCU",56462.3924068538,1,0,0,0,2
"1244673","Nagoya","School","ElementarySchool","ZoneC","EHP","MUL",3641230.56090154,0,0,0,0,1
"1244674","Nagoya","School","ElementarySchool","ZoneC","EHP","MUL",4569397.4301262,1,0,0,0,1
"1244689","Nagoya","School","ElementarySchool","ZoneC","EHP","MUL",3066287.98956368,0,0,0,0,2
"1244690","Nagoya","School","ElementarySchool","ZoneC","EHP","MUL",3847899.28162913,1,0,0,0,2
"1244737","Nagoya","School","ElementarySchool","ZoneC","GHP","MUL",910654.9142879,0,0,0,0,1
"1244738","Nagoya","School","ElementarySchool","ZoneC","GHP","MUL",1142785.15339294,1,0,0,0,1
"1244753","Nagoya","School","ElementarySchool","ZoneC","GHP","MUL",766864.437616597,0,0,0,0,2
"1244754","Nagoya","School","ElementarySchool","ZoneC","GHP","MUL",962341.805027818,1,0,0,0,2
"1244801","Nagoya","School","ElementarySchool","ZoneC","ABCH","CAV",121807.01623884,0,0,0,0,1
"1244802","Nagoya","School","ElementarySchool","ZoneC","ABCH","CAV",152856.200030159,1,0,0,0,1
"1244817","Nagoya","School","ElementarySchool","ZoneC","ABCH","CAV",106798.920959555,0,0,0,0,2
"1244818","Nagoya","School","ElementarySchool","ZoneC","ABCH","CAV",134022.470373864,1,0,0,0,2
"1244866","Nagoya","School","ElementarySchool","ZoneC","ABCH","VAV",54467.0948224826,1,0,0,0,1
"1244929","Nagoya","School","ElementarySchool","ZoneC","ABCH","FCU",205896.591161549,0,0,0,0,1
"1244930","Nagoya","School","ElementarySchool","ZoneC","ABCH","FCU",258380.604795425,1,0,0,0,1
"1244945","Nagoya","School","ElementarySchool","ZoneC","ABCH","FCU",180527.64482948,0,0,0,0,2
"1244946","Nagoya","School","ElementarySchool","ZoneC","ABCH","FCU",226544.994213801,1,0,0,0,2
"1245121","Nagoya","School","ElementarySchool","ZoneC","ABCH","OHUFCU",258730.277778657,0,0,0,0,1
"1245122","Nagoya","School","ElementarySchool","ZoneC","ABCH","OHUFCU",324681.847689677,1,0,0,0,1
"1245137","Nagoya","School","ElementarySchool","ZoneC","ABCH","OHUFCU",226851.583263029,0,0,0,0,2
"1245138","Nagoya","School","ElementarySchool","ZoneC","ABCH","OHUFCU",284677.123363892,1,0,0,0,2
"1245185","Nagoya","School","ElementarySchool","ZoneC","AHP","CAV",61298.7184066111,0,0,0,0,1
"1245186","Nagoya","School","ElementarySchool","ZoneC","AHP","CAV",76924.0512712406,1,0,0,0,1
"1245201","Nagoya","School","ElementarySchool","ZoneC","AHP","CAV",51619.7809729742,0,0,0,0,2
"1245202","Nagoya","School","ElementarySchool","ZoneC","AHP","CAV",64777.9069675789,1,0,0,0,2
"1245313","Nagoya","School","ElementarySchool","ZoneC","AHP","FCU",103616.33961828,0,0,0,0,1
"1245314","Nagoya","School","ElementarySchool","ZoneC","AHP","FCU",130028.634015866,1,0,0,0,1
"1245329","Nagoya","School","ElementarySchool","ZoneC","AHP","FCU",87255.5396809087,0,0,0,0,2
"1245330","Nagoya","School","ElementarySchool","ZoneC","AHP","FCU",109497.388894677,1,0,0,0,2
"1245505","Nagoya","School","ElementarySchool","ZoneC","AHP","OHUFCU",130204.605042784,0,0,0,0,1
"1245506","Nagoya","School","ElementarySchool","ZoneC","AHP","OHUFCU",163394.373886006,1,0,0,0,1
"1245521","Nagoya","School","ElementarySchool","ZoneC","AHP","OHUFCU",109645.574470221,0,0,0,0,2
"1245522","Nagoya","School","ElementarySchool","ZoneC","AHP","OHUFCU",137594.749310488,1,0,0,0,2
"1247041","Nagoya","School","ElementarySchool","ZoneC","AHP+TESICE","OHUFCU",36757.8011373591,0,0,0,0,1
"1247042","Nagoya","School","ElementarySchool","ZoneC","AHP+TESICE","OHUFCU",46127.538271719,1,0,0,0,1
"1247057","Nagoya","School","ElementarySchool","ZoneC","AHP+TESICE","OHUFCU",30953.8224139118,0,0,0,0,2
"1247058","Nagoya","School","ElementarySchool","ZoneC","AHP+TESICE","OHUFCU",38844.0979567333,1,0,0,0,2
"1247489","Nagoya","School","JuniorHighSchool","ZoneC","EHP","MUL",2288492.71212577,0,0,0,0,1
"1247490","Nagoya","School","JuniorHighSchool","ZoneC","EHP","MUL",2871840.31407803,1,0,0,0,1
"1247505","Nagoya","School","JuniorHighSchool","ZoneC","EHP","MUL",1927144.57379975,0,0,0,0,2
"1247506","Nagoya","School","JuniorHighSchool","ZoneC","EHP","MUL",2418382.82847488,1,0,0,0,2
"1247553","Nagoya","School","JuniorHighSchool","ZoneC","GHP","MUL",572341.437805955,0,0,0,0,1
"1247554","Nagoya","School","JuniorHighSchool","ZoneC","GHP","MUL",718233.973741488,1,0,0,0,1
"1247569","Nagoya","School","JuniorHighSchool","ZoneC","GHP","MUL",481969.940469655,0,0,0,0,2
"1247570","Nagoya","School","JuniorHighSchool","ZoneC","GHP","MUL",604826.354866921,1,0,0,0,2
"1247617","Nagoya","School","JuniorHighSchool","ZoneC","ABCH","CAV",79708.283471969,0,0,0,0,1
"1247618","Nagoya","School","JuniorHighSchool","ZoneC","ABCH","CAV",100026.301428825,1,0,0,0,1
"1247633","Nagoya","School","JuniorHighSchool","ZoneC","ABCH","CAV",69846.6540696371,0,0,0,0,2
"1247634","Nagoya","School","JuniorHighSchool","ZoneC","ABCH","CAV",87650.8961107071,1,0,0,0,2
"1247745","Nagoya","School","JuniorHighSchool","ZoneC","ABCH","FCU",134734.963230991,0,0,0,0,1
"1247746","Nagoya","School","JuniorHighSchool","ZoneC","ABCH","FCU",169079.541775407,1,0,0,0,1
"1247761","Nagoya","School","JuniorHighSchool","ZoneC","ABCH","FCU",118065.349772459,0,0,0,0,2
"1247762","Nagoya","School","JuniorHighSchool","ZoneC","ABCH","FCU",148160.765107841,1,0,0,0,2
"1247937","Nagoya","School","JuniorHighSchool","ZoneC","ABCH","OHUFCU",169308.361379815,0,0,0,0,1
"1247938","Nagoya","School","JuniorHighSchool","ZoneC","ABCH","OHUFCU",212465.862418846,1,0,0,0,1
"1247953","Nagoya","School","JuniorHighSchool","ZoneC","ABCH","OHUFCU",148361.274804666,0,0,0,0,2
"1247954","Nagoya","School","JuniorHighSchool","ZoneC","ABCH","OHUFCU",186179.264532713,1,0,0,0,2
"1248001","Nagoya","School","JuniorHighSchool","ZoneC","AHP","CAV",38525.896119428,0,0,0,0,1
"1248002","Nagoya","School","JuniorHighSchool","ZoneC","AHP","CAV",48346.3290162643,1,0,0,0,1
"1248017","Nagoya","School","JuniorHighSchool","ZoneC","AHP","CAV",33759.4139751205,0,0,0,0,2
"1248018","Nagoya","School","JuniorHighSchool","ZoneC","AHP","CAV",42364.8480590277,1,0,0,0,2
"1248129","Nagoya","School","JuniorHighSchool","ZoneC","AHP","FCU",65122.2805333345,0,0,0,0,1
"1248130","Nagoya","School","JuniorHighSchool","ZoneC","AHP","FCU",81722.2574445546,1,0,0,0,1
"1248145","Nagoya","School","JuniorHighSchool","ZoneC","AHP","FCU",57065.2534781693,0,0,0,0,2
"1248146","Nagoya","School","JuniorHighSchool","ZoneC","AHP","FCU",71611.4561358854,1,0,0,0,2
"1248321","Nagoya","School","JuniorHighSchool","ZoneC","AHP","OHUFCU",81832.8542348195,0,0,0,0,1
"1248322","Nagoya","School","JuniorHighSchool","ZoneC","AHP","OHUFCU",102692.435314476,1,0,0,0,1
"1248337","Nagoya","School","JuniorHighSchool","ZoneC","AHP","OHUFCU",71708.369723964,0,0,0,0,2
"1248338","Nagoya","School","JuniorHighSchool","ZoneC","AHP","OHUFCU",89987.1718790838,1,0,0,0,2
"1249858","Nagoya","School","JuniorHighSchool","ZoneC","AHP+TESICE","OHUFCU",52092.9647291496,1,0,0,0,1
"1250305","Nagoya","School","HighSchool","ZoneC","EHP","MUL",1812735.07955251,0,0,0,0,1
"1250306","Nagoya","School","HighSchool","ZoneC","EHP","MUL",2274809.81373396,1,0,0,0,1
"1250321","Nagoya","School","HighSchool","ZoneC","EHP","MUL",1526508.06086732,0,0,0,0,2
"1250322","Nagoya","School","HighSchool","ZoneC","EHP","MUL",1915622.17600058,1,0,0,0,2
"1250369","Nagoya","School","HighSchool","ZoneC","GHP","MUL",453356.655363191,0,0,0,0,1
"1250370","Nagoya","School","HighSchool","ZoneC","GHP","MUL",568919.408232768,1,0,0,0,1
"1250385","Nagoya","School","HighSchool","ZoneC","GHP","MUL",381772.602442601,0,0,0,0,2
"1250386","Nagoya","School","HighSchool","ZoneC","GHP","MUL",479088.242097443,1,0,0,0,2
"1250433","Nagoya","School","HighSchool","ZoneC","ABCH","CAV",65700.0423023564,0,0,0,0,1
"1250434","Nagoya","School","HighSchool","ZoneC","ABCH","CAV",82447.2934175418,1,0,0,0,1
"1250449","Nagoya","School","HighSchool","ZoneC","ABCH","CAV",55326.1451743011,0,0,0,0,2
"1250450","Nagoya","School","HighSchool","ZoneC","ABCH","CAV",69429.0409107319,1,0,0,0,2
"1250561","Nagoya","School","HighSchool","ZoneC","ABCH","FCU",111056.121124419,0,0,0,0,1
"1250562","Nagoya","School","HighSchool","ZoneC","ABCH","FCU",139364.850969521,1,0,0,0,1
"1250577","Nagoya","School","HighSchool","ZoneC","ABCH","FCU",93520.5954898457,0,0,0,0,2
"1250578","Nagoya","School","HighSchool","ZoneC","ABCH","FCU",117359.437022128,1,0,0,0,2
"1250753","Nagoya","School","HighSchool","ZoneC","ABCH","OHUFCU",139553.4569341,0,0,0,0,1
"1250754","Nagoya","School","HighSchool","ZoneC","ABCH","OHUFCU",175126.292283459,1,0,0,0,1
"1250769","Nagoya","School","HighSchool","ZoneC","ABCH","OHUFCU",117518.262505513,0,0,0,0,2
"1250770","Nagoya","School","HighSchool","ZoneC","ABCH","OHUFCU",147474.222712398,1,0,0,0,2
"1250817","Nagoya","School","HighSchool","ZoneC","AHP","CAV",31755.2065422753,0,0,0,0,1
"1250818","Nagoya","School","HighSchool","ZoneC","AHP","CAV",39849.7586847324,1,0,0,0,1
"1250833","Nagoya","School","HighSchool","ZoneC","AHP","CAV",26741.1268795307,0,0,0,0,2
"1250834","Nagoya","School","HighSchool","ZoneC","AHP","CAV",33557.5664320888,1,0,0,0,2
"1250945","Nagoya","School","HighSchool","ZoneC","AHP","FCU",53677.439777895,0,0,0,0,1
"1250946","Nagoya","School","HighSchool","ZoneC","AHP","FCU",67360.0727211679,1,0,0,0,1
"1250961","Nagoya","School","HighSchool","ZoneC","AHP","FCU",45201.8860516033,0,0,0,0,2
"1250962","Nagoya","School","HighSchool","ZoneC","AHP","FCU",56724.0603160031,1,0,0,0,2
"1251137","Nagoya","School","HighSchool","ZoneC","AHP","OHUFCU",67451.2328049435,0,0,0,0,1
"1251138","Nagoya","School","HighSchool","ZoneC","AHP","OHUFCU",84644.8706509378,1,0,0,0,1
"1251153","Nagoya","School","HighSchool","ZoneC","AHP","OHUFCU",56800.826416181,0,0,0,0,2
"1251154","Nagoya","School","HighSchool","ZoneC","AHP","OHUFCU",71279.6253667824,1,0,0,0,2
"1253121","Osaka","School","ElementarySchool","ZoneC","EHP","MUL",4136562.71810349,0,0,0,0,1
"1253122","Osaka","School","ElementarySchool","ZoneC","EHP","MUL",5190992.09388653,1,0,0,0,1
"1253137","Osaka","School","ElementarySchool","ZoneC","EHP","MUL",3483408.2512636,0,0,0,0,2
"1253138","Osaka","School","ElementarySchool","ZoneC","EHP","MUL",4371345.46829226,1,0,0,0,2
"1253185","Osaka","School","ElementarySchool","ZoneC","GHP","MUL",1315790.78354698,0,0,0,0,1
"1253186","Osaka","School","ElementarySchool","ZoneC","GHP","MUL",1651192.06937412,1,0,0,0,1
"1253201","Osaka","School","ElementarySchool","ZoneC","GHP","MUL",1108030.2136566,0,0,0,0,2
"1253202","Osaka","School","ElementarySchool","ZoneC","GHP","MUL",1390472.34886743,1,0,0,0,2
"1253249","Osaka","School","ElementarySchool","ZoneC","ABCH","CAV",190882.307984443,0,0,0,0,1
"1253250","Osaka","School","ElementarySchool","ZoneC","ABCH","CAV",239539.109916928,1,0,0,0,1
"1253265","Osaka","School","ElementarySchool","ZoneC","ABCH","CAV",160742.397001078,0,0,0,0,2
"1253266","Osaka","School","ElementarySchool","ZoneC","ABCH","CAV",201716.393258874,1,0,0,0,2
"1253313","Osaka","School","ElementarySchool","ZoneC","ABCH","VAV",37125.5717413261,0,0,0,0,1
"1253314","Osaka","School","ElementarySchool","ZoneC","ABCH","VAV",46589.0553397912,1,0,0,0,1
"1253329","Osaka","School","ElementarySchool","ZoneC","ABCH","VAV",31263.5228206828,0,0,0,0,2
"1253330","Osaka","School","ElementarySchool","ZoneC","ABCH","VAV",39232.7424600515,1,0,0,0,2
"1253377","Osaka","School","ElementarySchool","ZoneC","ABCH","FCU",314111.185889836,0,0,0,0,1
"1253378","Osaka","School","ElementarySchool","ZoneC","ABCH","FCU",394179.610868568,1,0,0,0,1
"1253393","Osaka","School","ElementarySchool","ZoneC","ABCH","FCU",264513.696831968,0,0,0,0,2
"1253394","Osaka","School","ElementarySchool","ZoneC","ABCH","FCU",331939.487577495,1,0,0,0,2
"1253569","Osaka","School","ElementarySchool","ZoneC","ABCH","OHUFCU",405092.062812448,0,0,0,0,1
"1253570","Osaka","School","ElementarySchool","ZoneC","ABCH","OHUFCU",508351.943064386,1,0,0,0,1
"1253585","Osaka","School","ElementarySchool","ZoneC","ABCH","OHUFCU",341128.886538248,0,0,0,0,2
"1253586","Osaka","School","ElementarySchool","ZoneC","ABCH","OHUFCU",428084.251029615,1,0,0,0,2
"1253633","Osaka","School","ElementarySchool","ZoneC","AHP","CAV",97604.9651131821,0,0,0,0,1
"1253634","Osaka","School","ElementarySchool","ZoneC","AHP","CAV",122484.931754859,1,0,0,0,1
"1253649","Osaka","School","ElementarySchool","ZoneC","AHP","CAV",82193.348441586,0,0,0,0,2
"1253650","Osaka","School","ElementarySchool","ZoneC","AHP","CAV",103144.821197332,1,0,0,0,2
"1253761","Osaka","School","ElementarySchool","ZoneC","AHP","FCU",160616.306792228,0,0,0,0,1
"1253762","Osaka","School","ElementarySchool","ZoneC","AHP","FCU",201558.162060205,1,0,0,0,1
"1253777","Osaka","School","ElementarySchool","ZoneC","AHP","FCU",135255.333110008,0,0,0,0,2
"1253778","Osaka","School","ElementarySchool","ZoneC","AHP","FCU",169732.556394538,1,0,0,0,2
"1253953","Osaka","School","ElementarySchool","ZoneC","AHP","OHUFCU",207138.089831031,0,0,0,0,1
"1253954","Osaka","School","ElementarySchool","ZoneC","AHP","OHUFCU",259938.567339942,1,0,0,0,1
"1253969","Osaka","School","ElementarySchool","ZoneC","AHP","OHUFCU",174431.425422508,0,0,0,0,2
"1253970","Osaka","School","ElementarySchool","ZoneC","AHP","OHUFCU",218894.81968467,1,0,0,0,2
"1255489","Osaka","School","ElementarySchool","ZoneC","AHP+TESICE","OHUFCU",55977.3082234701,0,0,0,0,1
"1255490","Osaka","School","ElementarySchool","ZoneC","AHP+TESICE","OHUFCU",70246.1884968846,1,0,0,0,1
"1255505","Osaka","School","ElementarySchool","ZoneC","AHP+TESICE","OHUFCU",47138.6101547036,0,0,0,0,2
"1255506","Osaka","School","ElementarySchool","ZoneC","AHP+TESICE","OHUFCU",59154.4645410459,1,0,0,0,2
"1255937","Osaka","School","JuniorHighSchool","ZoneC","EHP","MUL",2479082.74934313,0,0,0,0,1
"1255938","Osaka","School","JuniorHighSchool","ZoneC","EHP","MUL",3111012.65202881,1,0,0,0,1
"1255953","Osaka","School","JuniorHighSchool","ZoneC","EHP","MUL",2087640.84896707,0,0,0,0,2
"1255954","Osaka","School","JuniorHighSchool","ZoneC","EHP","MUL",2619790.36228201,1,0,0,0,2
"1256001","Osaka","School","JuniorHighSchool","ZoneC","GHP","MUL",788566.366698657,0,0,0,0,1
"1256002","Osaka","School","JuniorHighSchool","ZoneC","GHP","MUL",989575.658341352,1,0,0,0,1
"1256017","Osaka","School","JuniorHighSchool","ZoneC","GHP","MUL",664053.412367078,0,0,0,0,2
"1256018","Osaka","School","JuniorHighSchool","ZoneC","GHP","MUL",833323.76381719,1,0,0,0,2
"1256065","Osaka","School","JuniorHighSchool","ZoneC","ABCH","CAV",114397.645854139,0,0,0,0,1
"1256066","Osaka","School","JuniorHighSchool","ZoneC","ABCH","CAV",143558.146136443,1,0,0,0,1
"1256081","Osaka","School","JuniorHighSchool","ZoneC","ABCH","CAV",100264.321649541,0,0,0,0,2
"1256082","Osaka","School","JuniorHighSchool","ZoneC","ABCH","CAV",125822.170833731,1,0,0,0,2
"1256130","Osaka","School","JuniorHighSchool","ZoneC","ABCH","VAV",50170.9999358212,1,0,0,0,1
"1256193","Osaka","School","JuniorHighSchool","ZoneC","ABCH","FCU",188249.92521139,0,0,0,0,1
"1256194","Osaka","School","JuniorHighSchool","ZoneC","ABCH","FCU",236235.720341037,1,0,0,0,1
"1256209","Osaka","School","JuniorHighSchool","ZoneC","ABCH","FCU",164992.477869368,0,0,0,0,2
"1256210","Osaka","School","JuniorHighSchool","ZoneC","ABCH","FCU",207049.839815631,1,0,0,0,2
"1256385","Osaka","School","JuniorHighSchool","ZoneC","ABCH","OHUFCU",242775.660192236,0,0,0,0,1
"1256386","Osaka","School","JuniorHighSchool","ZoneC","ABCH","OHUFCU",304660.322719286,1,0,0,0,1
"1256401","Osaka","School","JuniorHighSchool","ZoneC","ABCH","OHUFCU",212781.798964907,0,0,0,0,2
"1256402","Osaka","School","JuniorHighSchool","ZoneC","ABCH","OHUFCU",267020.884589946,1,0,0,0,2
"1256449","Osaka","School","JuniorHighSchool","ZoneC","AHP","CAV",58495.6162282643,0,0,0,0,1
"1256450","Osaka","School","JuniorHighSchool","ZoneC","AHP","CAV",73406.4251072584,1,0,0,0,1
"1256465","Osaka","School","JuniorHighSchool","ZoneC","AHP","CAV",49259.2826746032,0,0,0,0,2
"1256466","Osaka","School","JuniorHighSchool","ZoneC","AHP","CAV",61815.7065032053,1,0,0,0,2
"1256577","Osaka","School","JuniorHighSchool","ZoneC","AHP","FCU",96258.9334592201,0,0,0,0,1
"1256578","Osaka","School","JuniorHighSchool","ZoneC","AHP","FCU",120795.790274359,1,0,0,0,1
"1256593","Osaka","School","JuniorHighSchool","ZoneC","AHP","FCU",81059.8523267191,0,0,0,0,2
"1256594","Osaka","School","JuniorHighSchool","ZoneC","AHP","FCU",101722.391568748,1,0,0,0,2
"1256769","Osaka","School","JuniorHighSchool","ZoneC","AHP","OHUFCU",124139.895905513,0,0,0,0,1
"1256770","Osaka","School","JuniorHighSchool","ZoneC","AHP","OHUFCU",155783.74174316,1,0,0,0,1
"1256785","Osaka","School","JuniorHighSchool","ZoneC","AHP","OHUFCU",104538.470023858,0,0,0,0,2
"1256786","Osaka","School","JuniorHighSchool","ZoneC","AHP","OHUFCU",131185.819817482,1,0,0,0,2
"1258305","Osaka","School","JuniorHighSchool","ZoneC","AHP+TESICE","OHUFCU",33547.7517515054,0,0,0,0,1
"1258306","Osaka","School","JuniorHighSchool","ZoneC","AHP+TESICE","OHUFCU",42099.2321348324,1,0,0,0,1
"1258321","Osaka","School","JuniorHighSchool","ZoneC","AHP+TESICE","OHUFCU",28250.6330077147,0,0,0,0,2
"1258322","Osaka","School","JuniorHighSchool","ZoneC","AHP+TESICE","OHUFCU",35451.8528024571,1,0,0,0,2
"1258753","Osaka","School","HighSchool","ZoneC","EHP","MUL",2117416.43530184,0,0,0,0,1
"1258754","Osaka","School","HighSchool","ZoneC","EHP","MUL",2657155.88621768,1,0,0,0,1
"1258769","Osaka","School","HighSchool","ZoneC","EHP","MUL",1783080.87770835,0,0,0,0,2
"1258770","Osaka","School","HighSchool","ZoneC","EHP","MUL",2237596.61576892,1,0,0,0,2
"1258817","Osaka","School","HighSchool","ZoneC","GHP","MUL",673524.667789495,0,0,0,0,1
"1258818","Osaka","School","HighSchool","ZoneC","GHP","MUL",845209.286983993,1,0,0,0,1
"1258833","Osaka","School","HighSchool","ZoneC","GHP","MUL",567176.553359055,0,0,0,0,2
"1258834","Osaka","School","HighSchool","ZoneC","GHP","MUL",711752.535852884,1,0,0,0,2
"1258881","Osaka","School","HighSchool","ZoneC","ABCH","CAV",101694.370772717,0,0,0,0,1
"1258882","Osaka","School","HighSchool","ZoneC","ABCH","CAV",127616.746233203,1,0,0,0,1
"1258897","Osaka","School","HighSchool","ZoneC","ABCH","CAV",85637.0456336645,0,0,0,0,2
"1258898","Osaka","School","HighSchool","ZoneC","ABCH","CAV",107466.333069878,1,0,0,0,2
"1259009","Osaka","School","HighSchool","ZoneC","ABCH","FCU",167345.73119444,0,0,0,0,1
"1259010","Osaka","School","HighSchool","ZoneC","ABCH","FCU",210002.94852879,1,0,0,0,1
"1259025","Osaka","School","HighSchool","ZoneC","ABCH","FCU",140922.195692881,0,0,0,0,2
"1259026","Osaka","School","HighSchool","ZoneC","ABCH","FCU",176843.92901705,1,0,0,0,2
"1259201","Osaka","School","HighSchool","ZoneC","ABCH","OHUFCU",215816.661416791,0,0,0,0,1
"1259202","Osaka","School","HighSchool","ZoneC","ABCH","OHUFCU",270829.347815903,1,0,0,0,1
"1259217","Osaka","School","HighSchool","ZoneC","ABCH","OHUFCU",181739.668988769,0,0,0,0,2
"1259218","Osaka","School","HighSchool","ZoneC","ABCH","OHUFCU",228065.969056256,1,0,0,0,2
"1259265","Osaka","School","HighSchool","ZoneC","AHP","CAV",49961.857557056,0,0,0,0,1
"1259266","Osaka","School","HighSchool","ZoneC","AHP","CAV",62697.3710417884,1,0,0,0,1
"1259281","Osaka","School","HighSchool","ZoneC","AHP","CAV",42072.9863712781,0,0,0,0,2
"1259282","Osaka","School","HighSchool","ZoneC","AHP","CAV",52797.5893278929,1,0,0,0,2
"1259393","Osaka","School","HighSchool","ZoneC","AHP","FCU",82215.9921064292,0,0,0,0,1
"1259394","Osaka","School","HighSchool","ZoneC","AHP","FCU",103173.2368393,1,0,0,0,1
"1259409","Osaka","School","HighSchool","ZoneC","AHP","FCU",69234.2615853439,0,0,0,0,2
"1259410","Osaka","School","HighSchool","ZoneC","AHP","FCU",86882.4018895487,1,0,0,0,2
"1259585","Osaka","School","HighSchool","ZoneC","AHP","OHUFCU",106029.480434504,0,0,0,0,1
"1259586","Osaka","School","HighSchool","ZoneC","AHP","OHUFCU",133056.895824549,1,0,0,0,1
"1259601","Osaka","School","HighSchool","ZoneC","AHP","OHUFCU",89287.6506879315,0,0,0,0,2
"1259602","Osaka","School","HighSchool","ZoneC","AHP","OHUFCU",112047.494596009,1,0,0,0,2
"1261121","Osaka","School","HighSchool","ZoneC","AHP+TESICE","OHUFCU",28653.5658984701,0,0,0,0,1
"1261122","Osaka","School","HighSchool","ZoneC","AHP+TESICE","OHUFCU",35957.4951903083,1,0,0,0,1
"1261138","Osaka","School","HighSchool","ZoneC","AHP+TESICE","OHUFCU",54409.1117812747,1,0,0,0,2
"1261569","Hiroshima","School","ElementarySchool","ZoneC","EHP","MUL",1013359.78362876,0,0,0,0,1
"1261570","Hiroshima","School","ElementarySchool","ZoneC","EHP","MUL",1271669.97905237,1,0,0,0,1
"1261585","Hiroshima","School","ElementarySchool","ZoneC","EHP","MUL",853352.426240866,0,0,0,0,2
"1261586","Hiroshima","School","ElementarySchool","ZoneC","EHP","MUL",1070875.99047601,1,0,0,0,2
"1261633","Hiroshima","School","ElementarySchool","ZoneC","GHP","MUL",197683.924040325,0,0,0,0,1
"1261634","Hiroshima","School","ElementarySchool","ZoneC","GHP","MUL",248074.490032698,1,0,0,0,1
"1261649","Hiroshima","School","ElementarySchool","ZoneC","GHP","MUL",166470.052328845,0,0,0,0,2
"1261650","Hiroshima","School","ElementarySchool","ZoneC","GHP","MUL",208904.054984109,1,0,0,0,2
"1261697","Hiroshima","School","ElementarySchool","ZoneC","ABCH","CAV",26461.59777756,0,0,0,0,1
"1261698","Hiroshima","School","ElementarySchool","ZoneC","ABCH","CAV",33206.784041678,1,0,0,0,1
"1261825","Hiroshima","School","ElementarySchool","ZoneC","ABCH","FCU",43244.9566879161,0,0,0,0,1
"1261826","Hiroshima","School","ElementarySchool","ZoneC","ABCH","FCU",54268.300414011,1,0,0,0,1
"1261841","Hiroshima","School","ElementarySchool","ZoneC","ABCH","FCU",46080.3105336452,0,0,0,0,2
"1261842","Hiroshima","School","ElementarySchool","ZoneC","ABCH","FCU",57826.399347731,1,0,0,0,2
"1262017","Hiroshima","School","ElementarySchool","ZoneC","ABCH","OHUFCU",56473.4936952587,0,0,0,0,1
"1262018","Hiroshima","School","ElementarySchool","ZoneC","ABCH","OHUFCU",70868.8539891503,1,0,0,0,1
"1262033","Hiroshima","School","ElementarySchool","ZoneC","ABCH","OHUFCU",60176.1760377607,0,0,0,0,2
"1262034","Hiroshima","School","ElementarySchool","ZoneC","ABCH","OHUFCU",75515.3675502725,1,0,0,0,2
"1262401","Hiroshima","School","ElementarySchool","ZoneC","AHP","OHUFCU",61677.9859670381,0,0,0,0,1
"1262402","Hiroshima","School","ElementarySchool","ZoneC","AHP","OHUFCU",77399.9959242801,1,0,0,0,1
"1262417","Hiroshima","School","ElementarySchool","ZoneC","AHP","OHUFCU",51939.1629912005,0,0,0,0,2
"1262418","Hiroshima","School","ElementarySchool","ZoneC","AHP","OHUFCU",65178.700970843,1,0,0,0,2
"1264385","Hiroshima","School","JuniorHighSchool","ZoneC","EHP","MUL",643563.230576984,0,0,0,0,1
"1264386","Hiroshima","School","JuniorHighSchool","ZoneC","EHP","MUL",807610.537904002,1,0,0,0,1
"1264401","Hiroshima","School","JuniorHighSchool","ZoneC","EHP","MUL",541945.96344221,0,0,0,0,2
"1264402","Hiroshima","School","JuniorHighSchool","ZoneC","EHP","MUL",680090.54939025,1,0,0,0,2
"1264449","Hiroshima","School","JuniorHighSchool","ZoneC","GHP","MUL",125544.852720477,0,0,0,0,1
"1264450","Hiroshima","School","JuniorHighSchool","ZoneC","GHP","MUL",157546.828686531,1,0,0,0,1
"1264465","Hiroshima","School","JuniorHighSchool","ZoneC","GHP","MUL",105721.587141965,0,0,0,0,2
"1264466","Hiroshima","School","JuniorHighSchool","ZoneC","GHP","MUL",132670.519077415,1,0,0,0,2
"1264641","Hiroshima","School","JuniorHighSchool","ZoneC","ABCH","FCU",34751.8710922993,0,0,0,0,1
"1264642","Hiroshima","School","JuniorHighSchool","ZoneC","ABCH","FCU",43610.2871832188,1,0,0,0,1
"1264657","Hiroshima","School","JuniorHighSchool","ZoneC","ABCH","FCU",29264.6244622311,0,0,0,0,2
"1264658","Hiroshima","School","JuniorHighSchool","ZoneC","ABCH","FCU",36724.3154682898,1,0,0,0,2
"1264833","Hiroshima","School","JuniorHighSchool","ZoneC","ABCH","OHUFCU",45382.3919212711,0,0,0,0,1
"1264834","Hiroshima","School","JuniorHighSchool","ZoneC","ABCH","OHUFCU",56950.5779844638,1,0,0,0,1
"1264849","Hiroshima","School","JuniorHighSchool","ZoneC","ABCH","OHUFCU",38216.6086322783,0,0,0,0,2
"1264850","Hiroshima","School","JuniorHighSchool","ZoneC","ABCH","OHUFCU",47958.2026877294,1,0,0,0,2
"1265217","Hiroshima","School","JuniorHighSchool","ZoneC","AHP","OHUFCU",39170.3761543496,0,0,0,0,1
"1265218","Hiroshima","School","JuniorHighSchool","ZoneC","AHP","OHUFCU",49155.090056271,1,0,0,0,1
"1265233","Hiroshima","School","JuniorHighSchool","ZoneC","AHP","OHUFCU",32985.4569601975,0,0,0,0,2
"1265234","Hiroshima","School","JuniorHighSchool","ZoneC","AHP","OHUFCU",41393.6057452364,1,0,0,0,2
"1267201","Hiroshima","School","HighSchool","ZoneC","EHP","MUL",572922.705653516,0,0,0,0,1
"1267202","Hiroshima","School","HighSchool","ZoneC","EHP","MUL",718963.409508996,1,0,0,0,1
"1267217","Hiroshima","School","HighSchool","ZoneC","EHP","MUL",482459.42735874,0,0,0,0,2
"1267218","Hiroshima","School","HighSchool","ZoneC","EHP","MUL",605440.614276112,1,0,0,0,2
"1267265","Hiroshima","School","HighSchool","ZoneC","GHP","MUL",111764.45962738,0,0,0,0,1
"1267266","Hiroshima","School","HighSchool","ZoneC","GHP","MUL",140253.748302703,1,0,0,0,1
"1267281","Hiroshima","School","HighSchool","ZoneC","GHP","MUL",94117.0888477492,0,0,0,0,2
"1267282","Hiroshima","School","HighSchool","ZoneC","GHP","MUL",118107.979354481,1,0,0,0,2
"1267457","Hiroshima","School","HighSchool","ZoneC","ABCH","FCU",30937.3423880539,0,0,0,0,1
"1267458","Hiroshima","School","HighSchool","ZoneC","ABCH","FCU",38823.4170944417,1,0,0,0,1
"1267649","Hiroshima","School","HighSchool","ZoneC","ABCH","OHUFCU",40401.0072875857,0,0,0,0,1
"1267650","Hiroshima","School","HighSchool","ZoneC","ABCH","OHUFCU",50699.4148782207,1,0,0,0,1
"1267665","Hiroshima","School","HighSchool","ZoneC","ABCH","OHUFCU",60074.1757895024,0,0,0,0,2
"1267666","Hiroshima","School","HighSchool","ZoneC","ABCH","OHUFCU",75387.3669569378,1,0,0,0,2
"1268033","Hiroshima","School","HighSchool","ZoneC","AHP","OHUFCU",34870.8515676012,0,0,0,0,1
"1268034","Hiroshima","School","HighSchool","ZoneC","AHP","OHUFCU",43759.5963436762,1,0,0,0,1
"1268049","Hiroshima","School","HighSchool","ZoneC","AHP","OHUFCU",29364.8181732056,0,0,0,0,2
"1268050","Hiroshima","School","HighSchool","ZoneC","AHP","OHUFCU",36850.0490294542,1,0,0,0,2
"1270017","Matsuyama","School","ElementarySchool","ZoneC","EHP","MUL",2124129.00397628,0,0,0,0,1
"1270018","Matsuyama","School","ElementarySchool","ZoneC","EHP","MUL",2665579.52035386,1,0,0,0,1
"1270033","Matsuyama","School","ElementarySchool","ZoneC","EHP","MUL",1788733.54604706,0,0,0,0,2
"1270034","Matsuyama","School","ElementarySchool","ZoneC","EHP","MUL",2244690.17596739,1,0,0,0,2
"1270081","Matsuyama","School","ElementarySchool","ZoneC","GHP","MUL",424169.007152068,0,0,0,0,1
"1270082","Matsuyama","School","ElementarySchool","ZoneC","GHP","MUL",532291.690625588,1,0,0,0,1
"1270097","Matsuyama","School","ElementarySchool","ZoneC","GHP","MUL",357193.621887407,0,0,0,0,2
"1270098","Matsuyama","School","ElementarySchool","ZoneC","GHP","MUL",448243.963300602,1,0,0,0,2
"1270145","Matsuyama","School","ElementarySchool","ZoneC","ABCH","CAV",48534.6648284894,0,0,0,0,1
"1270146","Matsuyama","School","ElementarySchool","ZoneC","ABCH","CAV",60906.380145405,1,0,0,0,1
"1270161","Matsuyama","School","ElementarySchool","ZoneC","ABCH","CAV",40871.144343095,0,0,0,0,2
"1270162","Matsuyama","School","ElementarySchool","ZoneC","ABCH","CAV",51289.3920898585,1,0,0,0,2
"1270273","Matsuyama","School","ElementarySchool","ZoneC","ABCH","FCU",87663.8008637482,0,0,0,0,1
"1270274","Matsuyama","School","ElementarySchool","ZoneC","ABCH","FCU",110009.717781433,1,0,0,0,1
"1270289","Matsuyama","School","ElementarySchool","ZoneC","ABCH","FCU",73821.8729114093,0,0,0,0,2
"1270290","Matsuyama","School","ElementarySchool","ZoneC","ABCH","FCU",92639.417012082,1,0,0,0,2
"1270465","Matsuyama","School","ElementarySchool","ZoneC","ABCH","OHUFCU",114224.236755265,0,0,0,0,1
"1270466","Matsuyama","School","ElementarySchool","ZoneC","ABCH","OHUFCU",143340.534239175,1,0,0,0,1
"1270481","Matsuyama","School","ElementarySchool","ZoneC","ABCH","OHUFCU",96188.4723918801,0,0,0,0,2
"1270482","Matsuyama","School","ElementarySchool","ZoneC","ABCH","OHUFCU",120707.368348133,1,0,0,0,2
"1270530","Matsuyama","School","ElementarySchool","ZoneC","AHP","CAV",55556.0413537185,1,0,0,0,1
"1270657","Matsuyama","School","ElementarySchool","ZoneC","AHP","FCU",44501.1626777895,0,0,0,0,1
"1270658","Matsuyama","School","ElementarySchool","ZoneC","AHP","FCU",55844.7192443569,1,0,0,0,1
"1270673","Matsuyama","School","ElementarySchool","ZoneC","AHP","FCU",46483.5439839082,0,0,0,0,2
"1270674","Matsuyama","School","ElementarySchool","ZoneC","AHP","FCU",58332.4189091278,1,0,0,0,2
"1270849","Matsuyama","School","ElementarySchool","ZoneC","AHP","OHUFCU",57984.1541378389,0,0,0,0,1
"1270850","Matsuyama","School","ElementarySchool","ZoneC","AHP","OHUFCU",72764.5889141066,1,0,0,0,1
"1270865","Matsuyama","School","ElementarySchool","ZoneC","AHP","OHUFCU",60567.1586324907,0,0,0,0,2
"1270866","Matsuyama","School","ElementarySchool","ZoneC","AHP","OHUFCU",76006.0134551945,1,0,0,0,2
"1272833","Matsuyama","School","JuniorHighSchool","ZoneC","EHP","MUL",1332807.71982205,0,0,0,0,1
"1272834","Matsuyama","School","JuniorHighSchool","ZoneC","EHP","MUL",1672546.70308472,1,0,0,0,1
"1272849","Matsuyama","School","JuniorHighSchool","ZoneC","EHP","MUL",1122360.211839,0,0,0,0,2
"1272850","Matsuyama","School","JuniorHighSchool","ZoneC","EHP","MUL",1408455.13127387,1,0,0,0,2
"1272897","Matsuyama","School","JuniorHighSchool","ZoneC","GHP","MUL",266149.431688586,0,0,0,0,1
"1272898","Matsuyama","School","JuniorHighSchool","ZoneC","GHP","MUL",333992.178975413,1,0,0,0,1
"1272913","Matsuyama","School","JuniorHighSchool","ZoneC","GHP","MUL",224125.001744974,0,0,0,0,2
"1272914","Matsuyama","School","JuniorHighSchool","ZoneC","GHP","MUL",281255.523337953,1,0,0,0,2
"1272961","Matsuyama","School","JuniorHighSchool","ZoneC","ABCH","CAV",30453.6004363643,0,0,0,0,1
"1272962","Matsuyama","School","JuniorHighSchool","ZoneC","ABCH","CAV",38216.3670343247,1,0,0,0,1
"1272977","Matsuyama","School","JuniorHighSchool","ZoneC","ABCH","CAV",25645.0416130405,0,0,0,0,2
"1272978","Matsuyama","School","JuniorHighSchool","ZoneC","ABCH","CAV",32182.0838538423,1,0,0,0,2
"1273089","Matsuyama","School","JuniorHighSchool","ZoneC","ABCH","FCU",55005.6000936988,0,0,0,0,1
"1273090","Matsuyama","School","JuniorHighSchool","ZoneC","ABCH","FCU",69026.7873749984,1,0,0,0,1
"1273105","Matsuyama","School","JuniorHighSchool","ZoneC","ABCH","FCU",46320.3326746471,0,0,0,0,2
"1273106","Matsuyama","School","JuniorHighSchool","ZoneC","ABCH","FCU",58127.6042662122,1,0,0,0,2
"1273281","Matsuyama","School","JuniorHighSchool","ZoneC","ABCH","OHUFCU",71671.2328927357,0,0,0,0,1
"1273282","Matsuyama","School","JuniorHighSchool","ZoneC","ABCH","OHUFCU",89940.5686941607,1,0,0,0,1
"1273297","Matsuyama","School","JuniorHighSchool","ZoneC","ABCH","OHUFCU",60354.4974536862,0,0,0,0,2
"1273298","Matsuyama","School","JuniorHighSchool","ZoneC","ABCH","OHUFCU",75739.1439374136,1,0,0,0,2
"1273473","Matsuyama","School","JuniorHighSchool","ZoneC","AHP","FCU",34635.4695495886,0,0,0,0,1
"1273474","Matsuyama","School","JuniorHighSchool","ZoneC","AHP","FCU",43464.2143374518,1,0,0,0,1
"1273489","Matsuyama","School","JuniorHighSchool","ZoneC","AHP","FCU",29166.6024758693,0,0,0,0,2
"1273490","Matsuyama","School","JuniorHighSchool","ZoneC","AHP","FCU",36601.3072146005,1,0,0,0,2
"1273665","Matsuyama","School","JuniorHighSchool","ZoneC","AHP","OHUFCU",45129.3468339451,0,0,0,0,1
"1273666","Matsuyama","School","JuniorHighSchool","ZoneC","AHP","OHUFCU",56633.0305091269,1,0,0,0,1
"1273681","Matsuyama","School","JuniorHighSchool","ZoneC","AHP","OHUFCU",38003.5188267555,0,0,0,0,2
"1273682","Matsuyama","School","JuniorHighSchool","ZoneC","AHP","OHUFCU",47690.7952842552,1,0,0,0,2
"1275649","Matsuyama","School","HighSchool","ZoneC","EHP","MUL",1200813.60915885,0,0,0,0,1
"1275650","Matsuyama","School","HighSchool","ZoneC","EHP","MUL",1506906.67014299,1,0,0,0,1
"1275665","Matsuyama","School","HighSchool","ZoneC","EHP","MUL",1011207.6908848,0,0,0,0,2
"1275666","Matsuyama","School","HighSchool","ZoneC","EHP","MUL",1268969.30770262,1,0,0,0,2
"1275713","Matsuyama","School","HighSchool","ZoneC","GHP","MUL",239791.422940003,0,0,0,0,1
"1275714","Matsuyama","School","HighSchool","ZoneC","GHP","MUL",300915.389295498,1,0,0,0,1
"1275729","Matsuyama","School","HighSchool","ZoneC","GHP","MUL",201928.866591537,0,0,0,0,2
"1275730","Matsuyama","School","HighSchool","ZoneC","GHP","MUL",253401.48849108,1,0,0,0,2
"1275777","Matsuyama","School","HighSchool","ZoneC","ABCH","CAV",27437.6395844668,0,0,0,0,1
"1275778","Matsuyama","School","HighSchool","ZoneC","ABCH","CAV",34431.6235154716,1,0,0,0,1
"1275794","Matsuyama","School","HighSchool","ZoneC","ABCH","CAV",52100.2378711018,1,0,0,0,2
"1275905","Matsuyama","School","HighSchool","ZoneC","ABCH","FCU",49558.1412008044,0,0,0,0,1
"1275906","Matsuyama","School","HighSchool","ZoneC","ABCH","FCU",62190.7454793852,1,0,0,0,1
"1275921","Matsuyama","School","HighSchool","ZoneC","ABCH","FCU",41733.0159701568,0,0,0,0,2
"1275922","Matsuyama","School","HighSchool","ZoneC","ABCH","FCU",52370.958865685,1,0,0,0,2
"1276097","Matsuyama","School","HighSchool","ZoneC","ABCH","OHUFCU",64573.2993310407,0,0,0,0,1
"1276098","Matsuyama","School","HighSchool","ZoneC","ABCH","OHUFCU",81033.3383406987,1,0,0,0,1
"1276113","Matsuyama","School","HighSchool","ZoneC","ABCH","OHUFCU",54377.3125248753,0,0,0,0,2
"1276114","Matsuyama","School","HighSchool","ZoneC","ABCH","OHUFCU",68238.3463371827,1,0,0,0,2
"1276289","Matsuyama","School","HighSchool","ZoneC","AHP","FCU",31205.3588647477,0,0,0,0,1
"1276290","Matsuyama","School","HighSchool","ZoneC","AHP","FCU",39159.7522370129,1,0,0,0,1
"1276481","Matsuyama","School","HighSchool","ZoneC","AHP","OHUFCU",40659.9789637225,0,0,0,0,1
"1276482","Matsuyama","School","HighSchool","ZoneC","AHP","OHUFCU",51024.3996578503,1,0,0,0,1
"1276497","Matsuyama","School","HighSchool","ZoneC","AHP","OHUFCU",60517.9536323607,0,0,0,0,2
"1276498","Matsuyama","School","HighSchool","ZoneC","AHP","OHUFCU",75944.2658681129,1,0,0,0,2
"1278465","Fukuoka","School","ElementarySchool","ZoneC","EHP","MUL",3193573.62670133,0,0,0,0,1
"1278466","Fukuoka","School","ElementarySchool","ZoneC","EHP","MUL",4007630.62890333,1,0,0,0,1
"1278481","Fukuoka","School","ElementarySchool","ZoneC","EHP","MUL",2689315.13441903,0,0,0,0,2
"1278482","Fukuoka","School","ElementarySchool","ZoneC","EHP","MUL",3374834.26508735,1,0,0,0,2
"1278529","Fukuoka","School","ElementarySchool","ZoneC","GHP","MUL",722153.00225492,0,0,0,0,1
"1278530","Fukuoka","School","ElementarySchool","ZoneC","GHP","MUL",906233.213599235,1,0,0,0,1
"1278545","Fukuoka","School","ElementarySchool","ZoneC","GHP","MUL",608126.577102374,0,0,0,0,2
"1278546","Fukuoka","School","ElementarySchool","ZoneC","GHP","MUL",763140.914074669,1,0,0,0,2
"1278593","Fukuoka","School","ElementarySchool","ZoneC","ABCH","CAV",90875.2731683614,0,0,0,0,1
"1278594","Fukuoka","School","ElementarySchool","ZoneC","ABCH","CAV",114039.809545791,1,0,0,0,1
"1278609","Fukuoka","School","ElementarySchool","ZoneC","ABCH","CAV",76526.2605605158,0,0,0,0,2
"1278610","Fukuoka","School","ElementarySchool","ZoneC","ABCH","CAV",96033.1658470454,1,0,0,0,2
"1278721","Fukuoka","School","ElementarySchool","ZoneC","ABCH","FCU",155156.7369805,0,0,0,0,1
"1278722","Fukuoka","School","ElementarySchool","ZoneC","ABCH","FCU",194706.922115342,1,0,0,0,1
"1278737","Fukuoka","School","ElementarySchool","ZoneC","ABCH","FCU",130657.817775045,0,0,0,0,2
"1278738","Fukuoka","School","ElementarySchool","ZoneC","ABCH","FCU",163963.112684456,1,0,0,0,2
"1278913","Fukuoka","School","ElementarySchool","ZoneC","ABCH","OHUFCU",202868.443959646,0,0,0,0,1
"1278914","Fukuoka","School","ElementarySchool","ZoneC","ABCH","OHUFCU",254580.568568388,1,0,0,0,1
"1278929","Fukuoka","School","ElementarySchool","ZoneC","ABCH","OHUFCU",170835.947565187,0,0,0,0,2
"1278930","Fukuoka","School","ElementarySchool","ZoneC","ABCH","OHUFCU",214382.83753838,1,0,0,0,2
"1278977","Fukuoka","School","ElementarySchool","ZoneC","AHP","CAV",45424.2934985965,0,0,0,0,1
"1278978","Fukuoka","School","ElementarySchool","ZoneC","AHP","CAV",57003.1604717703,1,0,0,0,1
"1278993","Fukuoka","School","ElementarySchool","ZoneC","AHP","CAV",38251.8940395458,0,0,0,0,2
"1278994","Fukuoka","School","ElementarySchool","ZoneC","AHP","CAV",48002.482511979,1,0,0,0,2
"1279105","Fukuoka","School","ElementarySchool","ZoneC","AHP","FCU",77555.5870498389,0,0,0,0,1
"1279106","Fukuoka","School","ElementarySchool","ZoneC","AHP","FCU",97324.8725204921,1,0,0,0,1
"1279121","Fukuoka","School","ElementarySchool","ZoneC","AHP","FCU",65309.7245881629,0,0,0,0,2
"1279122","Fukuoka","School","ElementarySchool","ZoneC","AHP","FCU",81957.4818743453,1,0,0,0,2
"1279297","Fukuoka","School","ElementarySchool","ZoneC","AHP","OHUFCU",101404.435098136,0,0,0,0,1
"1279298","Fukuoka","School","ElementarySchool","ZoneC","AHP","OHUFCU",127252.904585668,1,0,0,0,1
"1279313","Fukuoka","School","ElementarySchool","ZoneC","AHP","OHUFCU",85392.890186256,0,0,0,0,2
"1279314","Fukuoka","School","ElementarySchool","ZoneC","AHP","OHUFCU",107159.941245664,1,0,0,0,2
"1280833","Fukuoka","School","ElementarySchool","ZoneC","AHP+TESICE","OHUFCU",26944.1691841585,0,0,0,0,1
"1280834","Fukuoka","School","ElementarySchool","ZoneC","AHP+TESICE","OHUFCU",33812.3651792311,1,0,0,0,1
"1280850","Fukuoka","School","ElementarySchool","ZoneC","AHP+TESICE","OHUFCU",51163.2066385404,1,0,0,0,2
"1281281","Fukuoka","School","JuniorHighSchool","ZoneC","EHP","MUL",2072618.54002372,0,0,0,0,1
"1281282","Fukuoka","School","JuniorHighSchool","ZoneC","EHP","MUL",2600938.79583154,1,0,0,0,1
"1281297","Fukuoka","School","JuniorHighSchool","ZoneC","EHP","MUL",1745356.47494077,0,0,0,0,2
"1281298","Fukuoka","School","JuniorHighSchool","ZoneC","EHP","MUL",2190256.08454573,1,0,0,0,2
"1281345","Fukuoka","School","JuniorHighSchool","ZoneC","GHP","MUL",468674.869022305,0,0,0,0,1
"1281346","Fukuoka","School","JuniorHighSchool","ZoneC","GHP","MUL",588142.306908744,1,0,0,0,1
"1281361","Fukuoka","School","JuniorHighSchool","ZoneC","GHP","MUL",394672.102701898,0,0,0,0,2
"1281362","Fukuoka","School","JuniorHighSchool","ZoneC","GHP","MUL",495275.885903265,1,0,0,0,2
"1281409","Fukuoka","School","JuniorHighSchool","ZoneC","ABCH","CAV",61337.9757789873,0,0,0,0,1
"1281410","Fukuoka","School","JuniorHighSchool","ZoneC","ABCH","CAV",76973.3155332665,1,0,0,0,1
"1281425","Fukuoka","School","JuniorHighSchool","ZoneC","ABCH","CAV",51652.8396896376,0,0,0,0,2
"1281426","Fukuoka","School","JuniorHighSchool","ZoneC","ABCH","CAV",64819.3925072716,1,0,0,0,2
"1281537","Fukuoka","School","JuniorHighSchool","ZoneC","ABCH","FCU",104725.959472218,0,0,0,0,1
"1281538","Fukuoka","School","JuniorHighSchool","ZoneC","ABCH","FCU",131421.101211831,1,0,0,0,1
"1281553","Fukuoka","School","JuniorHighSchool","ZoneC","ABCH","FCU",88189.9529168205,0,0,0,0,2
"1281554","Fukuoka","School","JuniorHighSchool","ZoneC","ABCH","FCU",110669.988478097,1,0,0,0,2
"1281729","Fukuoka","School","JuniorHighSchool","ZoneC","ABCH","OHUFCU",136929.873969829,0,0,0,0,1
"1281730","Fukuoka","School","JuniorHighSchool","ZoneC","ABCH","OHUFCU",171833.945629175,1,0,0,0,1
"1281745","Fukuoka","School","JuniorHighSchool","ZoneC","ABCH","OHUFCU",115308.937718627,0,0,0,0,2
"1281746","Fukuoka","School","JuniorHighSchool","ZoneC","ABCH","OHUFCU",144701.730601651,1,0,0,0,2
"1281793","Fukuoka","School","JuniorHighSchool","ZoneC","AHP","CAV",30659.981722779,0,0,0,0,1
"1281794","Fukuoka","School","JuniorHighSchool","ZoneC","AHP","CAV",38475.3558854828,1,0,0,0,1
"1281809","Fukuoka","School","JuniorHighSchool","ZoneC","AHP","CAV",25818.8357326987,0,0,0,0,2
"1281810","Fukuoka","School","JuniorHighSchool","ZoneC","AHP","CAV",32400.178915513,1,0,0,0,2
"1281921","Fukuoka","School","JuniorHighSchool","ZoneC","AHP","FCU",52347.6029741868,0,0,0,0,1
"1281922","Fukuoka","School","JuniorHighSchool","ZoneC","AHP","FCU",65691.2542347476,1,0,0,0,1
"1281937","Fukuoka","School","JuniorHighSchool","ZoneC","AHP","FCU",44082.0276545342,0,0,0,0,2
"1281938","Fukuoka","School","JuniorHighSchool","ZoneC","AHP","FCU",55318.7447239012,1,0,0,0,2
"1282113","Fukuoka","School","JuniorHighSchool","ZoneC","AHP","OHUFCU",68444.8317685704,0,0,0,0,1
"1282114","Fukuoka","School","JuniorHighSchool","ZoneC","AHP","OHUFCU",85891.7426836301,1,0,0,0,1
"1282129","Fukuoka","School","JuniorHighSchool","ZoneC","AHP","OHUFCU",57637.5382139249,0,0,0,0,2
"1282130","Fukuoka","School","JuniorHighSchool","ZoneC","AHP","OHUFCU",72329.6189539561,1,0,0,0,2
"1284097","Fukuoka","School","HighSchool","ZoneC","EHP","MUL",1908945.00888788,0,0,0,0,1
"1284098","Fukuoka","School","HighSchool","ZoneC","EHP","MUL",2395544.10850183,1,0,0,0,1
"1284113","Fukuoka","School","HighSchool","ZoneC","EHP","MUL",1607526.64671725,0,0,0,0,2
"1284114","Fukuoka","School","HighSchool","ZoneC","EHP","MUL",2017292.78207269,1,0,0,0,2
"1284161","Fukuoka","School","HighSchool","ZoneC","GHP","MUL",431663.875785397,0,0,0,0,1
"1284162","Fukuoka","School","HighSchool","ZoneC","GHP","MUL",541697.036675356,1,0,0,0,1
"1284177","Fukuoka","School","HighSchool","ZoneC","GHP","MUL",363505.066683159,0,0,0,0,2
"1284178","Fukuoka","School","HighSchool","ZoneC","GHP","MUL",456164.225186725,1,0,0,0,2
"1284225","Fukuoka","School","HighSchool","ZoneC","ABCH","CAV",56494.1500124009,0,0,0,0,1
"1284226","Fukuoka","School","HighSchool","ZoneC","ABCH","CAV",70894.7756991015,1,0,0,0,1
"1284241","Fukuoka","School","HighSchool","ZoneC","ABCH","CAV",47573.8437229703,0,0,0,0,2
"1284242","Fukuoka","School","HighSchool","ZoneC","ABCH","CAV",59700.6412016773,1,0,0,0,2
"1284353","Fukuoka","School","HighSchool","ZoneC","ABCH","FCU",96455.8088113973,0,0,0,0,1
"1284354","Fukuoka","School","HighSchool","ZoneC","ABCH","FCU",121042.850083742,1,0,0,0,1
"1284369","Fukuoka","School","HighSchool","ZoneC","ABCH","FCU",81225.6414789646,0,0,0,0,2
"1284370","Fukuoka","School","HighSchool","ZoneC","ABCH","FCU",101930.441159001,1,0,0,0,2
"1284545","Fukuoka","School","HighSchool","ZoneC","ABCH","OHUFCU",126116.598126813,0,0,0,0,1
"1284546","Fukuoka","School","HighSchool","ZoneC","ABCH","OHUFCU",158264.314697566,1,0,0,0,1
"1284561","Fukuoka","School","HighSchool","ZoneC","ABCH","OHUFCU",106203.055163068,0,0,0,0,2
"1284562","Fukuoka","School","HighSchool","ZoneC","ABCH","OHUFCU",133274.715571298,1,0,0,0,2
"1284609","Fukuoka","School","HighSchool","ZoneC","AHP","CAV",28238.7800514527,0,0,0,0,1
"1284610","Fukuoka","School","HighSchool","ZoneC","AHP","CAV",35436.9784716568,1,0,0,0,1
"1284626","Fukuoka","School","HighSchool","ZoneC","AHP","CAV",53621.4915040769,1,0,0,0,2
"1284737","Fukuoka","School","HighSchool","ZoneC","AHP","FCU",48213.7419380966,0,0,0,0,1
"1284738","Fukuoka","School","HighSchool","ZoneC","AHP","FCU",60503.652494381,1,0,0,0,1
"1284753","Fukuoka","School","HighSchool","ZoneC","AHP","FCU",40600.8944954326,0,0,0,0,2
"1284754","Fukuoka","School","HighSchool","ZoneC","AHP","FCU",50950.2542795094,1,0,0,0,2
"1284929","Fukuoka","School","HighSchool","ZoneC","AHP","OHUFCU",63039.781544793,0,0,0,0,1
"1284930","Fukuoka","School","HighSchool","ZoneC","AHP","OHUFCU",79108.9196272081,1,0,0,0,1
"1284945","Fukuoka","School","HighSchool","ZoneC","AHP","OHUFCU",53085.9339397771,0,0,0,0,2
"1284946","Fukuoka","School","HighSchool","ZoneC","AHP","OHUFCU",66617.7892509523,1,0,0,0,2
"1286913","Naha","School","ElementarySchool","ZoneC","EHP","MUL",314594.595643138,0,0,0,0,1
"1286914","Naha","School","ElementarySchool","ZoneC","EHP","MUL",394786.244051359,1,0,0,0,1
"1286929","Naha","School","ElementarySchool","ZoneC","EHP","MUL",264920.777212018,0,0,0,0,2
"1286930","Naha","School","ElementarySchool","ZoneC","EHP","MUL",332450.334669254,1,0,0,0,2
"1286977","Naha","School","ElementarySchool","ZoneC","GHP","MUL",118761.669808377,0,0,0,0,1
"1286978","Naha","School","ElementarySchool","ZoneC","GHP","MUL",149034.580409963,1,0,0,0,1
"1286993","Naha","School","ElementarySchool","ZoneC","GHP","MUL",100009.454403731,0,0,0,0,2
"1286994","Naha","School","ElementarySchool","ZoneC","GHP","MUL",125502.336723106,1,0,0,0,2
"1287169","Naha","School","ElementarySchool","ZoneC","ABCH","FCU",39901.244030669,0,0,0,0,1
"1287170","Naha","School","ElementarySchool","ZoneC","ABCH","FCU",50072.2596064983,1,0,0,0,1
"1287185","Naha","School","ElementarySchool","ZoneC","ABCH","FCU",33600.9223512604,0,0,0,0,2
"1287186","Naha","School","ElementarySchool","ZoneC","ABCH","FCU",42165.9561716151,1,0,0,0,2
"1287361","Naha","School","ElementarySchool","ZoneC","ABCH","OHUFCU",47344.4942012824,0,0,0,0,1
"1287362","Naha","School","ElementarySchool","ZoneC","ABCH","OHUFCU",59412.8294035852,1,0,0,0,1
"1287377","Naha","School","ElementarySchool","ZoneC","ABCH","OHUFCU",39868.8991299181,0,0,0,0,2
"1287378","Naha","School","ElementarySchool","ZoneC","ABCH","OHUFCU",50031.6698377658,1,0,0,0,2
"1287745","Naha","School","ElementarySchool","ZoneC","AHP","OHUFCU",43126.0461712641,0,0,0,0,1
"1287746","Naha","School","ElementarySchool","ZoneC","AHP","OHUFCU",54119.0790449939,1,0,0,0,1
"1287761","Naha","School","ElementarySchool","ZoneC","AHP","OHUFCU",36316.5350835609,0,0,0,0,2
"1287762","Naha","School","ElementarySchool","ZoneC","AHP","OHUFCU",45573.7914164999,1,0,0,0,2
"1289729","Naha","School","JuniorHighSchool","ZoneC","EHP","MUL",215844.856995208,0,0,0,0,1
"1289730","Naha","School","JuniorHighSchool","ZoneC","EHP","MUL",270864.73058044,1,0,0,0,1
"1289745","Naha","School","JuniorHighSchool","ZoneC","EHP","MUL",181763.412545243,0,0,0,0,2
"1289746","Naha","School","JuniorHighSchool","ZoneC","EHP","MUL",228095.764957428,1,0,0,0,2
"1289793","Naha","School","JuniorHighSchool","ZoneC","GHP","MUL",81482.9497750799,0,0,0,0,1
"1289794","Naha","School","JuniorHighSchool","ZoneC","GHP","MUL",102253.338555185,1,0,0,0,1
"1289809","Naha","School","JuniorHighSchool","ZoneC","GHP","MUL",68616.9650810811,0,0,0,0,2
"1289810","Naha","School","JuniorHighSchool","ZoneC","GHP","MUL",86107.753590567,1,0,0,0,2
"1290177","Naha","School","JuniorHighSchool","ZoneC","ABCH","OHUFCU",59859.7183579041,0,0,0,0,1
"1290178","Naha","School","JuniorHighSchool","ZoneC","ABCH","OHUFCU",75118.2433130414,1,0,0,0,1
"1290193","Naha","School","JuniorHighSchool","ZoneC","ABCH","OHUFCU",50407.9959754208,0,0,0,0,2
"1290194","Naha","School","JuniorHighSchool","ZoneC","ABCH","OHUFCU",63257.2322503169,1,0,0,0,2
"1290561","Naha","School","JuniorHighSchool","ZoneC","AHP","OHUFCU",29588.9865799362,0,0,0,0,1
"1290562","Naha","School","JuniorHighSchool","ZoneC","AHP","OHUFCU",37131.3590219136,1,0,0,0,1
"1290578","Naha","School","JuniorHighSchool","ZoneC","AHP","OHUFCU",56185.3447499999,1,0,0,0,2
"1292545","Naha","School","HighSchool","ZoneC","EHP","MUL",204677.996756973,0,0,0,0,1
"1292546","Naha","School","HighSchool","ZoneC","EHP","MUL",256851.384921126,1,0,0,0,1
"1292561","Naha","School","HighSchool","ZoneC","EHP","MUL",172359.775819432,0,0,0,0,2
"1292562","Naha","School","HighSchool","ZoneC","EHP","MUL",216295.096812393,1,0,0,0,2
"1292609","Naha","School","HighSchool","ZoneC","GHP","MUL",77267.3815905775,0,0,0,0,1
"1292610","Naha","School","HighSchool","ZoneC","GHP","MUL",96963.2021283345,1,0,0,0,1
"1292625","Naha","School","HighSchool","ZoneC","GHP","MUL",65067.0261587499,0,0,0,0,2
"1292626","Naha","School","HighSchool","ZoneC","GHP","MUL",81652.9184688962,1,0,0,0,2
"1292993","Naha","School","HighSchool","ZoneC","ABCH","OHUFCU",56762.8407296468,0,0,0,0,1
"1292994","Naha","School","HighSchool","ZoneC","ABCH","OHUFCU",71231.9569493264,1,0,0,0,1
"1293009","Naha","School","HighSchool","ZoneC","ABCH","OHUFCU",47800.1087466807,0,0,0,0,2
"1293010","Naha","School","HighSchool","ZoneC","ABCH","OHUFCU",59984.5822486884,1,0,0,0,2
"1293377","Naha","School","HighSchool","ZoneC","AHP","OHUFCU",28058.1830095898,0,0,0,0,1
"1293378","Naha","School","HighSchool","ZoneC","AHP","OHUFCU",35210.346390778,1,0,0,0,1
"1293394","Naha","School","HighSchool","ZoneC","AHP","OHUFCU",53278.5629948329,1,0,0,0,2
