"","Area","Building","Cluster","Zoning","Plant","HVAC","TFA","HEX","VWV","NaturalVentilation","CO2control","Insulation"
"33","Sapporo","Office","CL1","ZoneC","EHP","MUL",6391.32122485356,0,0,0,0,3
"2849","Sapporo","Office","CL2","ZoneC","EHP","MUL",1217503.87180197,0,0,0,0,3
"2913","Sapporo","Office","CL2","ZoneC","GHP","MUL",0.0274043881072352,0,0,0,0,3
"3105","Sapporo","Office","CL2","ZoneC","ABCH","FCU",80754.0511702093,0,0,0,0,3
"5665","Sapporo","Office","CL3","ZoneC","EHP","MUL",1352397.93972821,0,0,0,0,3
"5729","Sapporo","Office","CL3","ZoneC","GHP","MUL",0.0205804532157802,0,0,0,0,3
"5921","Sapporo","Office","CL3","ZoneC","ABCH","FCU",231103.523540718,0,0,0,0,3
"8481","Sapporo","Office","CL4","ZoneC","EHP","MUL",1145983.58693704,0,0,0,0,3
"8545","Sapporo","Office","CL4","ZoneC","GHP","MUL",0.0116719573227339,0,0,0,0,3
"8737","Sapporo","Office","CL4","ZoneC","ABCH","FCU",320067.130205066,0,0,0,0,3
"8929","Sapporo","Office","CL4","ZoneC","ABCH","OHUFCU",91459.4133156595,0,0,0,0,3
"9121","Sapporo","Office","CL4","ZoneC","AHP","FCU",82640.1742719532,0,0,0,0,3
"11297","Sapporo","Office","CL5","ZoneC","EHP","MUL",786162.791594622,0,0,0,0,3
"11361","Sapporo","Office","CL5","ZoneC","GHP","MUL",0.00512839053862918,0,0,0,0,3
"11489","Sapporo","Office","CL5","ZoneC","ABCH","VAV",90234.0628571792,0,0,0,0,3
"11553","Sapporo","Office","CL5","ZoneC","ABCH","FCU",521750.100515367,0,0,0,0,3
"11745","Sapporo","Office","CL5","ZoneC","ABCH","OHUFCU",168486.522638604,0,0,0,0,3
"11937","Sapporo","Office","CL5","ZoneC","AHP","FCU",137436.933437192,0,0,0,0,3
"13473","Sapporo","Office","CL5","ZoneC","AHP+TESICE","FCU",58041.504230319,0,0,0,0,3
"14113","Sapporo","Office","CL6","ZoneC","EHP","MUL",265213.383792982,0,0,0,0,3
"14177","Sapporo","Office","CL6","ZoneC","GHP","MUL",0.00109129985518745,0,0,0,0,3
"14305","Sapporo","Office","CL6","ZoneC","ABCH","VAV",92676.099790372,0,0,0,0,3
"14369","Sapporo","Office","CL6","ZoneC","ABCH","FCU",413730.811611749,0,0,0,0,3
"14497","Sapporo","Office","CL6","ZoneC","ABCH","VAVFCU",64593.6518959735,0,0,0,0,3
"14561","Sapporo","Office","CL6","ZoneC","ABCH","OHUFCU",154866.791366163,0,0,0,0,3
"14753","Sapporo","Office","CL6","ZoneC","AHP","FCU",104427.091990802,0,0,0,0,3
"15521","Sapporo","Office","CL6","ZoneC","AB","FCU",85308.6118551511,0,0,0,0,3
"15905","Sapporo","Office","CL6","ZoneC","COM","FCU",62942.8637998054,0,0,0,0,3
"16289","Sapporo","Office","CL6","ZoneC","AHP+TESICE","FCU",73159.4352073749,0,0,0,0,3
"16929","Sapporo","Office","CL7","ZoneC","EHP","MUL",82356.490109542,0,0,0,0,3
"16993","Sapporo","Office","CL7","ZoneC","GHP","MUL",8.06834440780163e-05,0,0,0,0,3
"17185","Sapporo","Office","CL7","ZoneC","ABCH","FCU",237547.716030507,0,0,0,0,3
"17377","Sapporo","Office","CL7","ZoneC","ABCH","OHUFCU",100089.051405802,0,0,0,0,3
"17569","Sapporo","Office","CL7","ZoneC","AHP","FCU",90480.4324850989,0,0,0,0,3
"18721","Sapporo","Office","CL7","ZoneC","COM","FCU",96752.357365799,0,0,0,0,3
"19105","Sapporo","Office","CL7","ZoneC","AHP+TESICE","FCU",95885.9330748702,0,0,0,0,3
"19745","Sapporo","Office","CL8c","ZoneA","EHP","MUL",17629.8789969415,0,0,0,0,3
"20001","Sapporo","Office","CL8c","ZoneA","ABCH","FCU",150805.630221366,0,0,0,0,3
"20129","Sapporo","Office","CL8c","ZoneA","ABCH","VAVFCU",86855.5621440285,0,0,0,0,3
"21537","Sapporo","Office","CL8c","ZoneA","COM","FCU",130437.532673503,0,0,0,0,3
"21921","Sapporo","Office","CL8c","ZoneA","AHP+TESICE","FCU",82790.5638888471,0,0,0,0,3
"22561","Sapporo","Office","CL9c","ZoneA","EHP","MUL",5882.62846293322,0,0,0,0,3
"22817","Sapporo","Office","CL9c","ZoneA","ABCH","FCU",84164.3508493531,0,0,0,0,3
"22945","Sapporo","Office","CL9c","ZoneA","ABCH","VAVFCU",89224.8156680601,0,0,0,0,3
"24481","Sapporo","Office","CL9c","ZoneA","COM","VAVFCU",157056.630871494,0,0,0,0,3
"25249","Sapporo","Office","CL9c","ZoneA","COM+TESICE","VAVFCU",97534.985637699,0,0,0,0,3
"25377","Sendai","Office","CL1","ZoneC","EHP","MUL",83641.6672325118,0,0,0,0,3
"25441","Sendai","Office","CL1","ZoneC","GHP","MUL",0.000787571992946016,0,0,0,0,3
"28193","Sendai","Office","CL2","ZoneC","EHP","MUL",2066311.72022886,0,0,0,0,3
"28257","Sendai","Office","CL2","ZoneC","GHP","MUL",0.0126308249408806,0,0,0,0,3
"28449","Sendai","Office","CL2","ZoneC","ABCH","FCU",130996.512839055,0,0,0,0,3
"31009","Sendai","Office","CL3","ZoneC","EHP","MUL",1674386.54720628,0,0,0,0,3
"31073","Sendai","Office","CL3","ZoneC","GHP","MUL",0.00684508395155638,0,0,0,0,3
"31265","Sendai","Office","CL3","ZoneC","ABCH","FCU",225663.99248807,0,0,0,0,3
"31649","Sendai","Office","CL3","ZoneC","AHP","FCU",73994.6534689425,0,0,0,0,3
"33825","Sendai","Office","CL4","ZoneC","EHP","MUL",1330936.26538387,0,0,0,0,3
"33889","Sendai","Office","CL4","ZoneC","GHP","MUL",0.00391962579069282,0,0,0,0,3
"34081","Sendai","Office","CL4","ZoneC","ABCH","FCU",322079.294456729,0,0,0,0,3
"34273","Sendai","Office","CL4","ZoneC","ABCH","OHUFCU",95865.5504965114,0,0,0,0,3
"34465","Sendai","Office","CL4","ZoneC","AHP","FCU",127194.928153307,0,0,0,0,3
"36641","Sendai","Office","CL5","ZoneC","EHP","MUL",811733.212519463,0,0,0,0,3
"36705","Sendai","Office","CL5","ZoneC","GHP","MUL",0.00164747777125069,0,0,0,0,3
"36833","Sendai","Office","CL5","ZoneC","ABCH","VAV",72551.1592570302,0,0,0,0,3
"36897","Sendai","Office","CL5","ZoneC","ABCH","FCU",491240.191577331,0,0,0,0,3
"37089","Sendai","Office","CL5","ZoneC","ABCH","OHUFCU",166719.342786865,0,0,0,0,3
"37281","Sendai","Office","CL5","ZoneC","AHP","FCU",190691.230102617,0,0,0,0,3
"38817","Sendai","Office","CL5","ZoneC","AHP+TESICE","FCU",94489.554385365,0,0,0,0,3
"39457","Sendai","Office","CL6","ZoneC","EHP","MUL",251458.993945224,0,0,0,0,3
"39521","Sendai","Office","CL6","ZoneC","GHP","MUL",0.000366554545655904,0,0,0,0,3
"39649","Sendai","Office","CL6","ZoneC","ABCH","VAV",69021.5393551175,0,0,0,0,3
"39713","Sendai","Office","CL6","ZoneC","ABCH","FCU",354227.682927709,0,0,0,0,3
"39841","Sendai","Office","CL6","ZoneC","ABCH","VAVFCU",54459.5172238449,0,0,0,0,3
"39905","Sendai","Office","CL6","ZoneC","ABCH","OHUFCU",137711.848349546,0,0,0,0,3
"40097","Sendai","Office","CL6","ZoneC","AHP","FCU",137284.932268308,0,0,0,0,3
"41249","Sendai","Office","CL6","ZoneC","COM","FCU",74397.760971443,0,0,0,0,3
"41633","Sendai","Office","CL6","ZoneC","AHP+TESICE","FCU",109063.837479283,0,0,0,0,3
"42273","Sendai","Office","CL7","ZoneC","EHP","MUL",80835.9767971662,0,0,0,0,3
"42337","Sendai","Office","CL7","ZoneC","GHP","MUL",0.000109994714798668,0,0,0,0,3
"42465","Sendai","Office","CL7","ZoneC","ABCH","VAV",61832.3462467521,0,0,0,0,3
"42529","Sendai","Office","CL7","ZoneC","ABCH","FCU",244986.086233014,0,0,0,0,3
"42657","Sendai","Office","CL7","ZoneC","ABCH","VAVFCU",64896.842244354,0,0,0,0,3
"42721","Sendai","Office","CL7","ZoneC","ABCH","OHUFCU",106299.422194016,0,0,0,0,3
"42913","Sendai","Office","CL7","ZoneC","AHP","FCU",85906.5401248679,0,0,0,0,3
"44065","Sendai","Office","CL7","ZoneC","COM","FCU",99481.4013478725,0,0,0,0,3
"44449","Sendai","Office","CL7","ZoneC","AHP+TESICE","FCU",100162.218183133,0,0,0,0,3
"45089","Sendai","Office","CL8c","ZoneA","EHP","MUL",9773.99944477681,0,0,0,0,3
"45345","Sendai","Office","CL8c","ZoneA","ABCH","FCU",185984.010244342,0,0,0,0,3
"46881","Sendai","Office","CL8c","ZoneA","COM","FCU",102814.66066402,0,0,0,0,3
"47905","Sendai","Office","CL9c","ZoneA","EHP","MUL",475.135460973043,0,0,0,0,3
"48289","Sendai","Office","CL9c","ZoneA","ABCH","VAVFCU",42844.5599976043,0,0,0,0,3
"50689","Tokyo","Office","CL1","ZoneC","EHP","MUL",51903.3596806755,0,0,0,0,1
"50705","Tokyo","Office","CL1","ZoneC","EHP","MUL",9159.41644267785,0,0,0,0,2
"50753","Tokyo","Office","CL1","ZoneC","GHP","MUL",0.00016116543320303,0,0,0,0,1
"53505","Tokyo","Office","CL2","ZoneC","EHP","MUL",3952873.81762779,0,0,0,0,1
"53521","Tokyo","Office","CL2","ZoneC","EHP","MUL",716674.375370782,0,0,0,0,2
"53569","Tokyo","Office","CL2","ZoneC","GHP","MUL",0.00926300401819058,0,0,0,0,1
"53585","Tokyo","Office","CL2","ZoneC","GHP","MUL",0.00167942563438004,0,0,0,0,2
"53761","Tokyo","Office","CL2","ZoneC","ABCH","FCU",108280.97639373,0,0,0,0,1
"56321","Tokyo","Office","CL3","ZoneC","EHP","MUL",5108149.1563292,0,0,0,0,1
"56337","Tokyo","Office","CL3","ZoneC","EHP","MUL",901438.086411036,0,0,0,0,2
"56385","Tokyo","Office","CL3","ZoneC","GHP","MUL",0.00763495170160299,0,0,0,0,1
"56401","Tokyo","Office","CL3","ZoneC","GHP","MUL",0.00134734441792995,0,0,0,0,2
"56577","Tokyo","Office","CL3","ZoneC","ABCH","FCU",234765.38476239,0,0,0,0,1
"56593","Tokyo","Office","CL3","ZoneC","ABCH","FCU",67556.8544926662,0,0,0,0,2
"56961","Tokyo","Office","CL3","ZoneC","AHP","FCU",148056.790696052,0,0,0,0,1
"59137","Tokyo","Office","CL4","ZoneC","EHP","MUL",5696791.80398494,0,0,0,0,1
"59153","Tokyo","Office","CL4","ZoneC","EHP","MUL",1005316.20070322,0,0,0,0,2
"59201","Tokyo","Office","CL4","ZoneC","GHP","MUL",0.00593241386766792,0,0,0,0,1
"59217","Tokyo","Office","CL4","ZoneC","GHP","MUL",0.00104689656488257,0,0,0,0,2
"59329","Tokyo","Office","CL4","ZoneC","ABCH","VAV",91386.6580371599,0,0,0,0,1
"59393","Tokyo","Office","CL4","ZoneC","ABCH","FCU",423338.992906283,0,0,0,0,1
"59409","Tokyo","Office","CL4","ZoneC","ABCH","FCU",118459.011423123,0,0,0,0,2
"59585","Tokyo","Office","CL4","ZoneC","ABCH","OHUFCU",109696.351824774,0,0,0,0,1
"59713","Tokyo","Office","CL4","ZoneC","AHP","VAV",54348.6085723204,0,0,0,0,1
"59777","Tokyo","Office","CL4","ZoneC","AHP","FCU",251764.160250925,0,0,0,0,1
"59793","Tokyo","Office","CL4","ZoneC","AHP","FCU",70448.8224208995,0,0,0,0,2
"59969","Tokyo","Office","CL4","ZoneC","AHP","OHUFCU",65237.5764163735,0,0,0,0,1
"61313","Tokyo","Office","CL4","ZoneC","AHP+TESICE","FCU",74705.3771082954,0,0,0,0,1
"61953","Tokyo","Office","CL5","ZoneC","EHP","MUL",5105728.27634489,0,0,0,0,1
"61969","Tokyo","Office","CL5","ZoneC","EHP","MUL",2630223.65751101,0,0,0,0,2
"62017","Tokyo","Office","CL5","ZoneC","GHP","MUL",0.00387664514898817,0,0,0,0,1
"62033","Tokyo","Office","CL5","ZoneC","GHP","MUL",0.00199705962220603,0,0,0,0,2
"62145","Tokyo","Office","CL5","ZoneC","ABCH","VAV",229105.117988753,0,0,0,0,1
"62161","Tokyo","Office","CL5","ZoneC","ABCH","VAV",124775.148488043,0,0,0,0,2
"62209","Tokyo","Office","CL5","ZoneC","ABCH","FCU",1020194.5444379,0,0,0,0,1
"62225","Tokyo","Office","CL5","ZoneC","ABCH","FCU",555617.992676969,0,0,0,0,2
"62337","Tokyo","Office","CL5","ZoneC","ABCH","VAVFCU",88838.6703697246,0,0,0,0,1
"62401","Tokyo","Office","CL5","ZoneC","ABCH","OHUFCU",303746.722026951,0,0,0,0,1
"62417","Tokyo","Office","CL5","ZoneC","ABCH","OHUFCU",165426.432531855,0,0,0,0,2
"62529","Tokyo","Office","CL5","ZoneC","AHP","VAV",129444.31829133,0,0,0,0,1
"62545","Tokyo","Office","CL5","ZoneC","AHP","VAV",66683.4366955335,0,0,0,0,2
"62593","Tokyo","Office","CL5","ZoneC","AHP","FCU",576409.590883871,0,0,0,0,1
"62609","Tokyo","Office","CL5","ZoneC","AHP","FCU",296938.274091691,0,0,0,0,2
"62785","Tokyo","Office","CL5","ZoneC","AHP","OHUFCU",171616.800668481,0,0,0,0,1
"62801","Tokyo","Office","CL5","ZoneC","AHP","OHUFCU",88408.6548898235,0,0,0,0,2
"63745","Tokyo","Office","CL5","ZoneC","COM","FCU",150350.006860215,0,0,0,0,1
"63761","Tokyo","Office","CL5","ZoneC","COM","FCU",77453.0338370805,0,0,0,0,2
"64129","Tokyo","Office","CL5","ZoneC","AHP+TESICE","FCU",220652.245565407,0,0,0,0,1
"64145","Tokyo","Office","CL5","ZoneC","AHP+TESICE","FCU",147512.578808972,0,0,0,0,2
"64321","Tokyo","Office","CL5","ZoneC","AHP+TESICE","OHUFCU",65695.7015343632,0,0,0,0,1
"64769","Tokyo","Office","CL6","ZoneC","EHP","MUL",2329694.00254257,0,0,0,0,1
"64785","Tokyo","Office","CL6","ZoneC","EHP","MUL",1200145.39524921,0,0,0,0,2
"64833","Tokyo","Office","CL6","ZoneC","GHP","MUL",0.00157850929572147,0,0,0,0,1
"64849","Tokyo","Office","CL6","ZoneC","GHP","MUL",0.000813171455371668,0,0,0,0,2
"64961","Tokyo","Office","CL6","ZoneC","ABCH","VAV",345254.181814027,0,0,0,0,1
"64977","Tokyo","Office","CL6","ZoneC","ABCH","VAV",187667.480196418,0,0,0,0,2
"65025","Tokyo","Office","CL6","ZoneC","ABCH","FCU",1198140.76443203,0,0,0,0,1
"65041","Tokyo","Office","CL6","ZoneC","ABCH","FCU",651265.270706231,0,0,0,0,2
"65089","Tokyo","Office","CL6","ZoneC","ABCH","CAVFCU",55987.948176844,0,0,0,0,1
"65153","Tokyo","Office","CL6","ZoneC","ABCH","VAVFCU",196026.954108127,0,0,0,0,1
"65169","Tokyo","Office","CL6","ZoneC","ABCH","VAVFCU",106553.045454109,0,0,0,0,2
"65217","Tokyo","Office","CL6","ZoneC","ABCH","OHUFCU",413947.639062925,0,0,0,0,1
"65233","Tokyo","Office","CL6","ZoneC","ABCH","OHUFCU",225006.718088185,0,0,0,0,2
"65345","Tokyo","Office","CL6","ZoneC","AHP","VAV",159894.135330019,0,0,0,0,1
"65361","Tokyo","Office","CL6","ZoneC","AHP","VAV",93193.7747226907,0,0,0,0,2
"65409","Tokyo","Office","CL6","ZoneC","AHP","FCU",554883.015539263,0,0,0,0,1
"65425","Tokyo","Office","CL6","ZoneC","AHP","FCU",323411.753913808,0,0,0,0,2
"65537","Tokyo","Office","CL6","ZoneC","AHP","VAVFCU",90784.0135746125,0,0,0,0,1
"65601","Tokyo","Office","CL6","ZoneC","AHP","OHUFCU",191707.452961487,0,0,0,0,1
"65617","Tokyo","Office","CL6","ZoneC","AHP","OHUFCU",111736.063033698,0,0,0,0,2
"66177","Tokyo","Office","CL6","ZoneC","AB","FCU",56829.6969988962,0,0,0,0,1
"66497","Tokyo","Office","CL6","ZoneC","COM","VAV",69741.2121859177,0,0,0,0,1
"66561","Tokyo","Office","CL6","ZoneC","COM","FCU",242023.974457932,0,0,0,0,1
"66577","Tokyo","Office","CL6","ZoneC","COM","FCU",209469.133732346,0,0,0,0,2
"66753","Tokyo","Office","CL6","ZoneC","COM","OHUFCU",83617.264179287,0,0,0,0,1
"66881","Tokyo","Office","CL6","ZoneC","AHP+TESICE","VAV",95883.7485660349,0,0,0,0,1
"66945","Tokyo","Office","CL6","ZoneC","AHP+TESICE","FCU",332746.810480053,0,0,0,0,1
"66961","Tokyo","Office","CL6","ZoneC","AHP+TESICE","FCU",214039.80170063,0,0,0,0,2
"67137","Tokyo","Office","CL6","ZoneC","AHP+TESICE","OHUFCU",114961.247203062,0,0,0,0,1
"67153","Tokyo","Office","CL6","ZoneC","AHP+TESICE","OHUFCU",73948.9659393007,0,0,0,0,2
"67329","Tokyo","Office","CL6","ZoneC","COM+TESICE","FCU",60960.3084050541,0,0,0,0,1
"67585","Tokyo","Office","CL7","ZoneC","EHP","MUL",1142702.16480847,0,0,0,0,1
"67601","Tokyo","Office","CL7","ZoneC","EHP","MUL",588664.751568,0,0,0,0,2
"67649","Tokyo","Office","CL7","ZoneC","GHP","MUL",0.000793966171487055,0,0,0,0,1
"67665","Tokyo","Office","CL7","ZoneC","GHP","MUL",0.000409012876220604,0,0,0,0,2
"67777","Tokyo","Office","CL7","ZoneC","ABCH","VAV",447998.020974254,0,0,0,0,1
"67793","Tokyo","Office","CL7","ZoneC","ABCH","VAV",236371.323860564,0,0,0,0,2
"67841","Tokyo","Office","CL7","ZoneC","ABCH","FCU",1203858.8048495,0,0,0,0,1
"67857","Tokyo","Office","CL7","ZoneC","ABCH","FCU",635176.242128593,0,0,0,0,2
"67905","Tokyo","Office","CL7","ZoneC","ABCH","CAVFCU",59401.2132215887,0,0,0,0,1
"67969","Tokyo","Office","CL7","ZoneC","ABCH","VAVFCU",338628.672673627,0,0,0,0,1
"67985","Tokyo","Office","CL7","ZoneC","ABCH","VAVFCU",178666.208129545,0,0,0,0,2
"68033","Tokyo","Office","CL7","ZoneC","ABCH","OHUFCU",464363.890126659,0,0,0,0,1
"68049","Tokyo","Office","CL7","ZoneC","ABCH","OHUFCU",245006.232892685,0,0,0,0,2
"68161","Tokyo","Office","CL7","ZoneC","AHP","VAV",174128.99174085,0,0,0,0,1
"68177","Tokyo","Office","CL7","ZoneC","AHP","VAV",89702.8139271047,0,0,0,0,2
"68225","Tokyo","Office","CL7","ZoneC","AHP","FCU",467918.852478227,0,0,0,0,1
"68241","Tokyo","Office","CL7","ZoneC","AHP","FCU",241049.105822116,0,0,0,0,2
"68353","Tokyo","Office","CL7","ZoneC","AHP","VAVFCU",131619.039787209,0,0,0,0,1
"68369","Tokyo","Office","CL7","ZoneC","AHP","VAVFCU",67803.7477691682,0,0,0,0,2
"68417","Tokyo","Office","CL7","ZoneC","AHP","OHUFCU",180490.118712514,0,0,0,0,1
"68433","Tokyo","Office","CL7","ZoneC","AHP","OHUFCU",92979.7581246283,0,0,0,0,2
"68993","Tokyo","Office","CL7","ZoneC","AB","FCU",116409.030522686,0,0,0,0,1
"69009","Tokyo","Office","CL7","ZoneC","AB","FCU",59968.2884510805,0,0,0,0,2
"69313","Tokyo","Office","CL7","ZoneC","COM","VAV",141647.232801436,0,0,0,0,1
"69329","Tokyo","Office","CL7","ZoneC","COM","VAV",72969.7865946788,0,0,0,0,2
"69377","Tokyo","Office","CL7","ZoneC","COM","FCU",380633.976953161,0,0,0,0,1
"69393","Tokyo","Office","CL7","ZoneC","COM","FCU",196084.169945567,0,0,0,0,2
"69505","Tokyo","Office","CL7","ZoneC","COM","VAVFCU",107067.023035352,0,0,0,0,1
"69521","Tokyo","Office","CL7","ZoneC","COM","VAVFCU",55155.7391394235,0,0,0,0,2
"69569","Tokyo","Office","CL7","ZoneC","COM","OHUFCU",146821.764762061,0,0,0,0,1
"69585","Tokyo","Office","CL7","ZoneC","COM","OHUFCU",75635.4545743955,0,0,0,0,2
"69697","Tokyo","Office","CL7","ZoneC","AHP+TESICE","VAV",139343.524896696,0,0,0,0,1
"69713","Tokyo","Office","CL7","ZoneC","AHP+TESICE","VAV",71783.0279770854,0,0,0,0,2
"69761","Tokyo","Office","CL7","ZoneC","AHP+TESICE","FCU",374443.460667191,0,0,0,0,1
"69777","Tokyo","Office","CL7","ZoneC","AHP+TESICE","FCU",192895.11610128,0,0,0,0,2
"69889","Tokyo","Office","CL7","ZoneC","AHP+TESICE","VAVFCU",105325.717240488,0,0,0,0,1
"69905","Tokyo","Office","CL7","ZoneC","AHP+TESICE","VAVFCU",54258.7028208573,0,0,0,0,2
"69953","Tokyo","Office","CL7","ZoneC","AHP+TESICE","OHUFCU",144433.899829011,0,0,0,0,1
"69969","Tokyo","Office","CL7","ZoneC","AHP+TESICE","OHUFCU",74405.342336157,0,0,0,0,2
"70145","Tokyo","Office","CL7","ZoneC","COM+TESICE","FCU",178055.499009568,0,0,0,0,1
"70161","Tokyo","Office","CL7","ZoneC","COM+TESICE","FCU",91725.5600958381,0,0,0,0,2
"70433","Tokyo","Office","CL8c","ZoneA","EHP","MUL",853323.130648102,0,0,0,0,3
"70497","Tokyo","Office","CL8c","ZoneA","GHP","MUL",0.00067496760846585,0,0,0,0,3
"70625","Tokyo","Office","CL8c","ZoneA","ABCH","VAV",914602.559662687,0,0,0,0,3
"70689","Tokyo","Office","CL8c","ZoneA","ABCH","FCU",1817422.70537339,0,0,0,0,3
"70753","Tokyo","Office","CL8c","ZoneA","ABCH","CAVFCU",95532.2625921965,0,0,0,0,3
"70817","Tokyo","Office","CL8c","ZoneA","ABCH","VAVFCU",962681.846121713,0,0,0,0,3
"70881","Tokyo","Office","CL8c","ZoneA","ABCH","OHUFCU",796642.071109263,0,0,0,0,3
"71009","Tokyo","Office","CL8c","ZoneA","AHP","VAV",278856.541886765,0,0,0,0,3
"71073","Tokyo","Office","CL8c","ZoneA","AHP","FCU",554120.700202091,0,0,0,0,3
"71201","Tokyo","Office","CL8c","ZoneA","AHP","VAVFCU",293515.612558175,0,0,0,0,3
"71265","Tokyo","Office","CL8c","ZoneA","AHP","OHUFCU",242891.1342135,0,0,0,0,3
"71777","Tokyo","Office","CL8c","ZoneA","AB","VAV",84969.5644771597,0,0,0,0,3
"71841","Tokyo","Office","CL8c","ZoneA","AB","FCU",168844.504222065,0,0,0,0,3
"71969","Tokyo","Office","CL8c","ZoneA","AB","VAVFCU",89436.287194733,0,0,0,0,3
"72033","Tokyo","Office","CL8c","ZoneA","AB","OHUFCU",74010.6498841436,0,0,0,0,3
"72161","Tokyo","Office","CL8c","ZoneA","COM","VAV",519907.352575322,0,0,0,0,3
"72225","Tokyo","Office","CL8c","ZoneA","COM","FCU",1033116.97226109,0,0,0,0,3
"72289","Tokyo","Office","CL8c","ZoneA","COM","CAVFCU",54305.4742249545,0,0,0,0,3
"72353","Tokyo","Office","CL8c","ZoneA","COM","VAVFCU",547238.103263187,0,0,0,0,3
"72417","Tokyo","Office","CL8c","ZoneA","COM","OHUFCU",452852.515843923,0,0,0,0,3
"72545","Tokyo","Office","CL8c","ZoneA","AHP+TESICE","VAV",348470.650203418,0,0,0,0,3
"72609","Tokyo","Office","CL8c","ZoneA","AHP+TESICE","FCU",692452.109547447,0,0,0,0,3
"72737","Tokyo","Office","CL8c","ZoneA","AHP+TESICE","VAVFCU",366789.230264984,0,0,0,0,3
"72801","Tokyo","Office","CL8c","ZoneA","AHP+TESICE","OHUFCU",303526.791572973,0,0,0,0,3
"72929","Tokyo","Office","CL8c","ZoneA","COM+TESICE","VAV",193703.848273381,0,0,0,0,3
"72993","Tokyo","Office","CL8c","ZoneA","COM+TESICE","FCU",384912.296877982,0,0,0,0,3
"73121","Tokyo","Office","CL8c","ZoneA","COM+TESICE","VAVFCU",203886.569402859,0,0,0,0,3
"73185","Tokyo","Office","CL8c","ZoneA","COM+TESICE","OHUFCU",168720.974198075,0,0,0,0,3
"73249","Tokyo","Office","CL9c","ZoneA","EHP","MUL",255403.794406598,0,0,0,0,3
"73313","Tokyo","Office","CL9c","ZoneA","GHP","MUL",0.000278311936032087,0,0,0,0,3
"73441","Tokyo","Office","CL9c","ZoneA","ABCH","VAV",862812.119006836,0,0,0,0,3
"73505","Tokyo","Office","CL9c","ZoneA","ABCH","FCU",1127898.08015505,0,0,0,0,3
"73569","Tokyo","Office","CL9c","ZoneA","ABCH","CAVFCU",64965.9362527503,0,0,0,0,3
"73633","Tokyo","Office","CL9c","ZoneA","ABCH","VAVFCU",1470498.4700396,0,0,0,0,3
"73697","Tokyo","Office","CL9c","ZoneA","ABCH","OHUFCU",595613.592408055,0,0,0,0,3
"73825","Tokyo","Office","CL9c","ZoneA","AHP","VAV",166991.456716907,0,0,0,0,3
"73889","Tokyo","Office","CL9c","ZoneA","AHP","FCU",218297.053650683,0,0,0,0,3
"74017","Tokyo","Office","CL9c","ZoneA","AHP","VAVFCU",284605.044600618,0,0,0,0,3
"74081","Tokyo","Office","CL9c","ZoneA","AHP","OHUFCU",115276.987012074,0,0,0,0,3
"74593","Tokyo","Office","CL9c","ZoneA","AB","VAV",213677.034709649,0,0,0,0,3
"74657","Tokyo","Office","CL9c","ZoneA","AB","FCU",279326.068692285,0,0,0,0,3
"74785","Tokyo","Office","CL9c","ZoneA","AB","VAVFCU",364171.69590156,0,0,0,0,3
"74849","Tokyo","Office","CL9c","ZoneA","AB","OHUFCU",147504.819942738,0,0,0,0,3
"74977","Tokyo","Office","CL9c","ZoneA","COM","VAV",1075555.42229092,0,0,0,0,3
"75041","Tokyo","Office","CL9c","ZoneA","COM","FCU",1406003.54257737,0,0,0,0,3
"75105","Tokyo","Office","CL9c","ZoneA","COM","CAVFCU",80984.5660041065,0,0,0,0,3
"75169","Tokyo","Office","CL9c","ZoneA","COM","VAVFCU",1833078.79905783,0,0,0,0,3
"75233","Tokyo","Office","CL9c","ZoneA","COM","OHUFCU",742473.84197855,0,0,0,0,3
"75361","Tokyo","Office","CL9c","ZoneA","AHP+TESICE","VAV",398906.068767188,0,0,0,0,3
"75425","Tokyo","Office","CL9c","ZoneA","AHP+TESICE","FCU",521463.919216402,0,0,0,0,3
"75553","Tokyo","Office","CL9c","ZoneA","AHP+TESICE","VAVFCU",679859.20791988,0,0,0,0,3
"75617","Tokyo","Office","CL9c","ZoneA","AHP+TESICE","OHUFCU",275371.510689127,0,0,0,0,3
"75745","Tokyo","Office","CL9c","ZoneA","COM+TESICE","VAV",760138.763803665,0,0,0,0,3
"75809","Tokyo","Office","CL9c","ZoneA","COM+TESICE","FCU",993679.890973807,0,0,0,0,3
"75873","Tokyo","Office","CL9c","ZoneA","COM+TESICE","CAVFCU",57235.0867409665,0,0,0,0,3
"75937","Tokyo","Office","CL9c","ZoneA","COM+TESICE","VAVFCU",1295511.3454801,0,0,0,0,3
"76001","Tokyo","Office","CL9c","ZoneA","COM+TESICE","OHUFCU",524736.463320507,0,0,0,0,3
"76033","Nigata","Office","CL1","ZoneC","EHP","MUL",144985.888343025,0,0,0,0,1
"76049","Nigata","Office","CL1","ZoneC","EHP","MUL",25585.7451220921,0,0,0,0,2
"76097","Nigata","Office","CL1","ZoneC","GHP","MUL",0.000682163993114564,0,0,0,0,1
"78849","Nigata","Office","CL2","ZoneC","EHP","MUL",1236078.43631912,0,0,0,0,1
"78865","Nigata","Office","CL2","ZoneC","EHP","MUL",229927.613748878,0,0,0,0,2
"78913","Nigata","Office","CL2","ZoneC","GHP","MUL",0.00377256701451204,0,0,0,0,1
"78929","Nigata","Office","CL2","ZoneC","GHP","MUL",0.000701749424524825,0,0,0,0,2
"79105","Nigata","Office","CL2","ZoneC","ABCH","FCU",66844.7084618758,0,0,0,0,1
"81665","Nigata","Office","CL3","ZoneC","EHP","MUL",1350000.0410897,0,0,0,0,1
"81681","Nigata","Office","CL3","ZoneC","EHP","MUL",273313.95505269,0,0,0,0,2
"81729","Nigata","Office","CL3","ZoneC","GHP","MUL",0.00280670784733273,0,0,0,0,1
"81745","Nigata","Office","CL3","ZoneC","GHP","MUL",0.000568231406728496,0,0,0,0,2
"81921","Nigata","Office","CL3","ZoneC","ABCH","FCU",137633.498468017,0,0,0,0,1
"82305","Nigata","Office","CL3","ZoneC","AHP","FCU",61145.5394874556,0,0,0,0,1
"84481","Nigata","Office","CL4","ZoneC","EHP","MUL",821115.732923228,0,0,0,0,1
"84497","Nigata","Office","CL4","ZoneC","EHP","MUL",144902.776398216,0,0,0,0,2
"84545","Nigata","Office","CL4","ZoneC","GHP","MUL",0.00127145557203099,0,0,0,0,1
"84561","Nigata","Office","CL4","ZoneC","GHP","MUL",0.00022437451271135,0,0,0,0,2
"84737","Nigata","Office","CL4","ZoneC","ABCH","FCU",221408.486559539,0,0,0,0,1
"84753","Nigata","Office","CL4","ZoneC","ABCH","FCU",54734.3737924716,0,0,0,0,2
"85121","Nigata","Office","CL4","ZoneC","AHP","FCU",88752.9649311335,0,0,0,0,1
"87297","Nigata","Office","CL5","ZoneC","EHP","MUL",493379.989245302,0,0,0,0,1
"87313","Nigata","Office","CL5","ZoneC","EHP","MUL",254165.449005156,0,0,0,0,2
"87361","Nigata","Office","CL5","ZoneC","GHP","MUL",0.00059705549617741,0,0,0,0,1
"87377","Nigata","Office","CL5","ZoneC","GHP","MUL",0.000307574043485333,0,0,0,0,2
"87553","Nigata","Office","CL5","ZoneC","ABCH","FCU",257583.17559566,0,0,0,0,1
"87569","Nigata","Office","CL5","ZoneC","ABCH","FCU",199921.762161254,0,0,0,0,2
"87745","Nigata","Office","CL5","ZoneC","ABCH","OHUFCU",86957.6488385062,0,0,0,0,1
"87937","Nigata","Office","CL5","ZoneC","AHP","FCU",120684.368048122,0,0,0,0,1
"87953","Nigata","Office","CL5","ZoneC","AHP","FCU",70027.7871718743,0,0,0,0,2
"89473","Nigata","Office","CL5","ZoneC","AHP+TESICE","FCU",58794.5209290774,0,0,0,0,1
"90113","Nigata","Office","CL6","ZoneC","EHP","MUL",176272.035722995,0,0,0,0,1
"90129","Nigata","Office","CL6","ZoneC","EHP","MUL",90806.8062815431,0,0,0,0,2
"90177","Nigata","Office","CL6","ZoneC","GHP","MUL",0.000190430865642865,0,0,0,0,1
"90193","Nigata","Office","CL6","ZoneC","GHP","MUL",9.81007489675368e-05,0,0,0,0,2
"90369","Nigata","Office","CL6","ZoneC","ABCH","FCU",284504.908924499,0,0,0,0,1
"90385","Nigata","Office","CL6","ZoneC","ABCH","FCU",190410.239514294,0,0,0,0,2
"90561","Nigata","Office","CL6","ZoneC","ABCH","OHUFCU",111832.755623264,0,0,0,0,1
"90577","Nigata","Office","CL6","ZoneC","ABCH","OHUFCU",74846.1665011909,0,0,0,0,2
"90753","Nigata","Office","CL6","ZoneC","AHP","FCU",109574.7264755,0,0,0,0,1
"90769","Nigata","Office","CL6","ZoneC","AHP","FCU",73334.9381976749,0,0,0,0,2
"91905","Nigata","Office","CL6","ZoneC","COM","FCU",60723.0522224861,0,0,0,0,1
"92289","Nigata","Office","CL6","ZoneC","AHP+TESICE","FCU",90630.1072856788,0,0,0,0,1
"92929","Nigata","Office","CL7","ZoneC","EHP","MUL",30582.2364555688,0,0,0,0,1
"92945","Nigata","Office","CL7","ZoneC","EHP","MUL",15754.4854468081,0,0,0,0,2
"93185","Nigata","Office","CL7","ZoneC","ABCH","FCU",193918.430106473,0,0,0,0,1
"93201","Nigata","Office","CL7","ZoneC","ABCH","FCU",143995.222342146,0,0,0,0,2
"93377","Nigata","Office","CL7","ZoneC","ABCH","OHUFCU",85601.7073812224,0,0,0,0,1
"95777","Nigata","Office","CL8c","ZoneA","EHP","MUL",16285.080283583,0,0,0,0,3
"96033","Nigata","Office","CL8c","ZoneA","ABCH","FCU",121189.072340064,0,0,0,0,3
"96161","Nigata","Office","CL8c","ZoneA","ABCH","VAVFCU",68512.0295234269,0,0,0,0,3
"96225","Nigata","Office","CL8c","ZoneA","ABCH","OHUFCU",61776.0256621933,0,0,0,0,3
"97569","Nigata","Office","CL8c","ZoneA","COM","FCU",138840.704552378,0,0,0,0,3
"97953","Nigata","Office","CL8c","ZoneA","AHP+TESICE","FCU",92573.2710023725,0,0,0,0,3
"98593","Nigata","Office","CL9c","ZoneA","EHP","MUL",1054.18992815252,0,0,0,0,3
"98977","Nigata","Office","CL9c","ZoneA","ABCH","VAVFCU",93582.6832793787,0,0,0,0,3
"101377","Nagoya","Office","CL1","ZoneC","EHP","MUL",83845.3702212822,0,0,0,0,1
"101393","Nagoya","Office","CL1","ZoneC","EHP","MUL",14796.2418601255,0,0,0,0,2
"101441","Nagoya","Office","CL1","ZoneC","GHP","MUL",0.000319429196426301,0,0,0,0,1
"104193","Nagoya","Office","CL2","ZoneC","EHP","MUL",2770328.83149603,0,0,0,0,1
"104209","Nagoya","Office","CL2","ZoneC","EHP","MUL",509139.711831322,0,0,0,0,2
"104257","Nagoya","Office","CL2","ZoneC","GHP","MUL",0.00721730074143596,0,0,0,0,1
"104273","Nagoya","Office","CL2","ZoneC","GHP","MUL",0.00132641814138372,0,0,0,0,2
"104449","Nagoya","Office","CL2","ZoneC","ABCH","FCU",114796.202513874,0,0,0,0,1
"107009","Nagoya","Office","CL3","ZoneC","EHP","MUL",3058547.8497447,0,0,0,0,1
"107025","Nagoya","Office","CL3","ZoneC","EHP","MUL",539743.738190241,0,0,0,0,2
"107073","Nagoya","Office","CL3","ZoneC","GHP","MUL",0.00587201618360129,0,0,0,0,1
"107089","Nagoya","Office","CL3","ZoneC","GHP","MUL",0.00103623815004729,0,0,0,0,2
"107265","Nagoya","Office","CL3","ZoneC","ABCH","FCU",218350.166165155,0,0,0,0,1
"107281","Nagoya","Office","CL3","ZoneC","ABCH","FCU",58267.9953266589,0,0,0,0,2
"107649","Nagoya","Office","CL3","ZoneC","AHP","FCU",111835.140685912,0,0,0,0,1
"109825","Nagoya","Office","CL4","ZoneC","EHP","MUL",2463251.45380286,0,0,0,0,1
"109841","Nagoya","Office","CL4","ZoneC","EHP","MUL",434691.433024036,0,0,0,0,2
"109889","Nagoya","Office","CL4","ZoneC","GHP","MUL",0.00329239985999709,0,0,0,0,1
"109905","Nagoya","Office","CL4","ZoneC","GHP","MUL",0.000581011739999488,0,0,0,0,2
"110017","Nagoya","Office","CL4","ZoneC","ABCH","VAV",53038.7335807874,0,0,0,0,1
"110081","Nagoya","Office","CL4","ZoneC","ABCH","FCU",292690.924971266,0,0,0,0,1
"110097","Nagoya","Office","CL4","ZoneC","ABCH","FCU",112036.446108343,0,0,0,0,2
"110273","Nagoya","Office","CL4","ZoneC","ABCH","OHUFCU",81328.0298537643,0,0,0,0,1
"110465","Nagoya","Office","CL4","ZoneC","AHP","FCU",207815.506208124,0,0,0,0,1
"112641","Nagoya","Office","CL5","ZoneC","EHP","MUL",1788547.083706,0,0,0,0,1
"112657","Nagoya","Office","CL5","ZoneC","EHP","MUL",921372.740090972,0,0,0,0,2
"112705","Nagoya","Office","CL5","ZoneC","GHP","MUL",0.00165840666859637,0,0,0,0,1
"112721","Nagoya","Office","CL5","ZoneC","GHP","MUL",0.0008543307080648,0,0,0,0,2
"112833","Nagoya","Office","CL5","ZoneC","ABCH","VAV",97310.0517778265,0,0,0,0,1
"112897","Nagoya","Office","CL5","ZoneC","ABCH","FCU",527090.840805761,0,0,0,0,1
"112913","Nagoya","Office","CL5","ZoneC","ABCH","FCU",325389.075229587,0,0,0,0,2
"113089","Nagoya","Office","CL5","ZoneC","ABCH","OHUFCU",166748.500880038,0,0,0,0,1
"113105","Nagoya","Office","CL5","ZoneC","ABCH","OHUFCU",102938.879405173,0,0,0,0,2
"113281","Nagoya","Office","CL5","ZoneC","AHP","FCU",268691.221223772,0,0,0,0,1
"113297","Nagoya","Office","CL5","ZoneC","AHP","FCU",191489.448720409,0,0,0,0,2
"113473","Nagoya","Office","CL5","ZoneC","AHP","OHUFCU",85002.1568771699,0,0,0,0,1
"114433","Nagoya","Office","CL5","ZoneC","COM","FCU",65465.3169773769,0,0,0,0,1
"114817","Nagoya","Office","CL5","ZoneC","AHP+TESICE","FCU",139996.656567284,0,0,0,0,1
"114833","Nagoya","Office","CL5","ZoneC","AHP+TESICE","FCU",75794.1320041304,0,0,0,0,2
"115457","Nagoya","Office","CL6","ZoneC","EHP","MUL",567542.763715189,0,0,0,0,1
"115473","Nagoya","Office","CL6","ZoneC","EHP","MUL",292370.514641158,0,0,0,0,2
"115521","Nagoya","Office","CL6","ZoneC","GHP","MUL",0.000470902730871194,0,0,0,0,1
"115537","Nagoya","Office","CL6","ZoneC","GHP","MUL",0.000242586255297281,0,0,0,0,2
"115649","Nagoya","Office","CL6","ZoneC","ABCH","VAV",101340.180721077,0,0,0,0,1
"115665","Nagoya","Office","CL6","ZoneC","ABCH","VAV",57315.3335464767,0,0,0,0,2
"115713","Nagoya","Office","CL6","ZoneC","ABCH","FCU",425999.745980455,0,0,0,0,1
"115729","Nagoya","Office","CL6","ZoneC","ABCH","FCU",240934.221331086,0,0,0,0,2
"115841","Nagoya","Office","CL6","ZoneC","ABCH","VAVFCU",66824.5139369308,0,0,0,0,1
"115905","Nagoya","Office","CL6","ZoneC","ABCH","OHUFCU",155391.289996566,0,0,0,0,1
"115921","Nagoya","Office","CL6","ZoneC","ABCH","OHUFCU",87885.2154495725,0,0,0,0,2
"116097","Nagoya","Office","CL6","ZoneC","AHP","FCU",205092.666242564,0,0,0,0,1
"116113","Nagoya","Office","CL6","ZoneC","AHP","FCU",144192.975500458,0,0,0,0,2
"116289","Nagoya","Office","CL6","ZoneC","AHP","OHUFCU",74811.3450230303,0,0,0,0,1
"117249","Nagoya","Office","CL6","ZoneC","COM","FCU",120655.971957129,0,0,0,0,1
"117265","Nagoya","Office","CL6","ZoneC","COM","FCU",62156.1067657935,0,0,0,0,2
"117633","Nagoya","Office","CL6","ZoneC","AHP+TESICE","FCU",181223.717931555,0,0,0,0,1
"117649","Nagoya","Office","CL6","ZoneC","AHP+TESICE","FCU",93357.6728738313,0,0,0,0,2
"118273","Nagoya","Office","CL7","ZoneC","EHP","MUL",196417.574050888,0,0,0,0,1
"118289","Nagoya","Office","CL7","ZoneC","EHP","MUL",101184.8108747,0,0,0,0,2
"118337","Nagoya","Office","CL7","ZoneC","GHP","MUL",0.000169057318244878,0,0,0,0,1
"118353","Nagoya","Office","CL7","ZoneC","GHP","MUL",8.70901336413005e-05,0,0,0,0,2
"118465","Nagoya","Office","CL7","ZoneC","ABCH","VAV",100457.593037009,0,0,0,0,1
"118529","Nagoya","Office","CL7","ZoneC","ABCH","FCU",325405.806518839,0,0,0,0,1
"118545","Nagoya","Office","CL7","ZoneC","ABCH","FCU",237271.929550377,0,0,0,0,2
"118657","Nagoya","Office","CL7","ZoneC","ABCH","VAVFCU",90287.32984531,0,0,0,0,1
"118721","Nagoya","Office","CL7","ZoneC","ABCH","OHUFCU",133753.102289975,0,0,0,0,1
"118737","Nagoya","Office","CL7","ZoneC","ABCH","OHUFCU",97527.0140480855,0,0,0,0,2
"118913","Nagoya","Office","CL7","ZoneC","AHP","FCU",200220.314260421,0,0,0,0,1
"118929","Nagoya","Office","CL7","ZoneC","AHP","FCU",103143.798255368,0,0,0,0,2
"120065","Nagoya","Office","CL7","ZoneC","COM","FCU",187637.675634325,0,0,0,0,1
"120081","Nagoya","Office","CL7","ZoneC","COM","FCU",96661.8329025311,0,0,0,0,2
"120449","Nagoya","Office","CL7","ZoneC","AHP+TESICE","FCU",196250.277721872,0,0,0,0,1
"120465","Nagoya","Office","CL7","ZoneC","AHP+TESICE","FCU",101098.627917328,0,0,0,0,2
"121121","Nagoya","Office","CL8c","ZoneA","EHP","MUL",70766.6227179814,0,0,0,0,3
"121185","Nagoya","Office","CL8c","ZoneA","GHP","MUL",7.55898932130144e-05,0,0,0,0,3
"121313","Nagoya","Office","CL8c","ZoneA","ABCH","VAV",115938.180135443,0,0,0,0,3
"121377","Nagoya","Office","CL8c","ZoneA","ABCH","FCU",270727.98870649,0,0,0,0,3
"121505","Nagoya","Office","CL8c","ZoneA","ABCH","VAVFCU",155974.51020542,0,0,0,0,3
"121569","Nagoya","Office","CL8c","ZoneA","ABCH","OHUFCU",129960.315531469,0,0,0,0,3
"121761","Nagoya","Office","CL8c","ZoneA","AHP","FCU",138660.572413056,0,0,0,0,3
"122529","Nagoya","Office","CL8c","ZoneA","AB","FCU",91365.2956382772,0,0,0,0,3
"122849","Nagoya","Office","CL8c","ZoneA","COM","VAV",64055.6359603653,0,0,0,0,3
"122913","Nagoya","Office","CL8c","ZoneA","COM","FCU",149576.726740111,0,0,0,0,3
"123041","Nagoya","Office","CL8c","ZoneA","COM","VAVFCU",86175.6363015433,0,0,0,0,3
"123105","Nagoya","Office","CL8c","ZoneA","COM","OHUFCU",71802.8405418547,0,0,0,0,3
"123297","Nagoya","Office","CL8c","ZoneA","AHP+TESICE","FCU",147708.341256494,0,0,0,0,3
"123425","Nagoya","Office","CL8c","ZoneA","AHP+TESICE","VAVFCU",85099.2034137787,0,0,0,0,3
"123681","Nagoya","Office","CL8c","ZoneA","COM+TESICE","FCU",146978.46714037,0,0,0,0,3
"123937","Nagoya","Office","CL9c","ZoneA","EHP","MUL",17979.3905324433,0,0,0,0,3
"124129","Nagoya","Office","CL9c","ZoneA","ABCH","VAV",69287.7762775369,0,0,0,0,3
"124193","Nagoya","Office","CL9c","ZoneA","ABCH","FCU",124364.853210308,0,0,0,0,3
"124321","Nagoya","Office","CL9c","ZoneA","ABCH","VAVFCU",132920.083180371,0,0,0,0,3
"124385","Nagoya","Office","CL9c","ZoneA","ABCH","OHUFCU",68341.6077535056,0,0,0,0,3
"124705","Nagoya","Office","CL9c","ZoneA","AHP","VAVFCU",54816.3654560762,0,0,0,0,3
"125473","Nagoya","Office","CL9c","ZoneA","AB","VAVFCU",113329.614950116,0,0,0,0,3
"125665","Nagoya","Office","CL9c","ZoneA","COM","VAV",63852.7132448391,0,0,0,0,3
"125729","Nagoya","Office","CL9c","ZoneA","COM","FCU",114609.441035688,0,0,0,0,3
"125857","Nagoya","Office","CL9c","ZoneA","COM","VAVFCU",122493.582732398,0,0,0,0,3
"125921","Nagoya","Office","CL9c","ZoneA","COM","OHUFCU",62980.7639531739,0,0,0,0,3
"126241","Nagoya","Office","CL9c","ZoneA","AHP+TESICE","VAVFCU",147527.799388387,0,0,0,0,3
"126497","Nagoya","Office","CL9c","ZoneA","COM+TESICE","FCU",109764.851104489,0,0,0,0,3
"126625","Nagoya","Office","CL9c","ZoneA","COM+TESICE","VAVFCU",117315.726770626,0,0,0,0,3
"126721","Osaka","Office","CL1","ZoneC","EHP","MUL",78472.2285772675,0,0,0,0,1
"126737","Osaka","Office","CL1","ZoneC","EHP","MUL",13848.040377113,0,0,0,0,2
"126785","Osaka","Office","CL1","ZoneC","GHP","MUL",0.000226372774018768,0,0,0,0,1
"129537","Osaka","Office","CL2","ZoneC","EHP","MUL",2509303.70850414,0,0,0,0,1
"129553","Osaka","Office","CL2","ZoneC","EHP","MUL",457156.077659835,0,0,0,0,2
"129601","Osaka","Office","CL2","ZoneC","GHP","MUL",0.005341950302107,0,0,0,0,1
"129617","Osaka","Office","CL2","ZoneC","GHP","MUL",0.000973220196060213,0,0,0,0,2
"129793","Osaka","Office","CL2","ZoneC","ABCH","FCU",81247.3984078916,0,0,0,0,1
"132353","Osaka","Office","CL3","ZoneC","EHP","MUL",3189966.12375203,0,0,0,0,1
"132369","Osaka","Office","CL3","ZoneC","EHP","MUL",610807.705256117,0,0,0,0,2
"132417","Osaka","Office","CL3","ZoneC","GHP","MUL",0.00464320168746486,0,0,0,0,1
"132433","Osaka","Office","CL3","ZoneC","GHP","MUL",0.000889070058344671,0,0,0,0,2
"132609","Osaka","Office","CL3","ZoneC","ABCH","FCU",168289.133007089,0,0,0,0,1
"132993","Osaka","Office","CL3","ZoneC","AHP","FCU",102988.406753743,0,0,0,0,1
"135169","Osaka","Office","CL4","ZoneC","EHP","MUL",3229241.67635464,0,0,0,0,1
"135185","Osaka","Office","CL4","ZoneC","EHP","MUL",569866.178180231,0,0,0,0,2
"135233","Osaka","Office","CL4","ZoneC","GHP","MUL",0.00341123079397704,0,0,0,0,1
"135249","Osaka","Office","CL4","ZoneC","GHP","MUL",0.000601981904819479,0,0,0,0,2
"135361","Osaka","Office","CL4","ZoneC","ABCH","VAV",58787.4868794804,0,0,0,0,1
"135425","Osaka","Office","CL4","ZoneC","ABCH","FCU",292774.920694627,0,0,0,0,1
"135441","Osaka","Office","CL4","ZoneC","ABCH","FCU",119216.885012766,0,0,0,0,2
"135617","Osaka","Office","CL4","ZoneC","ABCH","OHUFCU",78130.5883698772,0,0,0,0,1
"135809","Osaka","Office","CL4","ZoneC","AHP","FCU",245869.352461688,0,0,0,0,1
"137985","Osaka","Office","CL5","ZoneC","EHP","MUL",2656504.34335975,0,0,0,0,1
"138001","Osaka","Office","CL5","ZoneC","EHP","MUL",1368502.23748836,0,0,0,0,2
"138049","Osaka","Office","CL5","ZoneC","GHP","MUL",0.00212201511588519,0,0,0,0,1
"138065","Osaka","Office","CL5","ZoneC","GHP","MUL",0.00109315930212267,0,0,0,0,2
"138177","Osaka","Office","CL5","ZoneC","ABCH","VAV",132320.819167101,0,0,0,0,1
"138193","Osaka","Office","CL5","ZoneC","ABCH","VAV",71789.7374282838,0,0,0,0,2
"138241","Osaka","Office","CL5","ZoneC","ABCH","FCU",628139.077790699,0,0,0,0,1
"138257","Osaka","Office","CL5","ZoneC","ABCH","FCU",340792.475038201,0,0,0,0,2
"138433","Osaka","Office","CL5","ZoneC","ABCH","OHUFCU",191256.607354839,0,0,0,0,1
"138449","Osaka","Office","CL5","ZoneC","ABCH","OHUFCU",103764.938199854,0,0,0,0,2
"138561","Osaka","Office","CL5","ZoneC","AHP","VAV",67194.9414548522,0,0,0,0,1
"138625","Osaka","Office","CL5","ZoneC","AHP","FCU",318980.55667528,0,0,0,0,1
"138641","Osaka","Office","CL5","ZoneC","AHP","FCU",262210.563521292,0,0,0,0,2
"138817","Osaka","Office","CL5","ZoneC","AHP","OHUFCU",97123.6167895295,0,0,0,0,1
"139777","Osaka","Office","CL5","ZoneC","COM","FCU",85311.7197891079,0,0,0,0,1
"140161","Osaka","Office","CL5","ZoneC","AHP+TESICE","FCU",169440.025570472,0,0,0,0,1
"140177","Osaka","Office","CL5","ZoneC","AHP+TESICE","FCU",91928.5039354582,0,0,0,0,2
"140801","Osaka","Office","CL6","ZoneC","EHP","MUL",1004801.22715829,0,0,0,0,1
"140817","Osaka","Office","CL6","ZoneC","EHP","MUL",517624.874596699,0,0,0,0,2
"140865","Osaka","Office","CL6","ZoneC","GHP","MUL",0.000723887504427139,0,0,0,0,1
"140881","Osaka","Office","CL6","ZoneC","GHP","MUL",0.00037291174470489,0,0,0,0,2
"140993","Osaka","Office","CL6","ZoneC","ABCH","VAV",157029.72060205,0,0,0,0,1
"141009","Osaka","Office","CL6","ZoneC","ABCH","VAV",88806.3334988949,0,0,0,0,2
"141057","Osaka","Office","CL6","ZoneC","ABCH","FCU",587170.176453545,0,0,0,0,1
"141073","Osaka","Office","CL6","ZoneC","ABCH","FCU",332067.269245702,0,0,0,0,2
"141185","Osaka","Office","CL6","ZoneC","ABCH","VAVFCU",92979.1663035071,0,0,0,0,1
"141249","Osaka","Office","CL6","ZoneC","ABCH","OHUFCU",206412.139880808,0,0,0,0,1
"141265","Osaka","Office","CL6","ZoneC","ABCH","OHUFCU",116733.986803236,0,0,0,0,2
"141377","Osaka","Office","CL6","ZoneC","AHP","VAV",74099.0717806405,0,0,0,0,1
"141441","Osaka","Office","CL6","ZoneC","AHP","FCU",277073.441165599,0,0,0,0,1
"141457","Osaka","Office","CL6","ZoneC","AHP","FCU",231083.640290718,0,0,0,0,2
"141633","Osaka","Office","CL6","ZoneC","AHP","OHUFCU",97401.6123239787,0,0,0,0,1
"142593","Osaka","Office","CL6","ZoneC","COM","FCU",178342.274484671,0,0,0,0,1
"142609","Osaka","Office","CL6","ZoneC","COM","FCU",91873.292916346,0,0,0,0,2
"142977","Osaka","Office","CL6","ZoneC","AHP+TESICE","FCU",257687.805245191,0,0,0,0,1
"142993","Osaka","Office","CL6","ZoneC","AHP+TESICE","FCU",132748.263308129,0,0,0,0,2
"143617","Osaka","Office","CL7","ZoneC","EHP","MUL",474197.829191812,0,0,0,0,1
"143633","Osaka","Office","CL7","ZoneC","EHP","MUL",244283.730189721,0,0,0,0,2
"143681","Osaka","Office","CL7","ZoneC","GHP","MUL",0.000350415648795275,0,0,0,0,1
"143697","Osaka","Office","CL7","ZoneC","GHP","MUL",0.000180517152409687,0,0,0,0,2
"143809","Osaka","Office","CL7","ZoneC","ABCH","VAV",200948.530811009,0,0,0,0,1
"143825","Osaka","Office","CL7","ZoneC","ABCH","VAV",109765.752387242,0,0,0,0,2
"143873","Osaka","Office","CL7","ZoneC","ABCH","FCU",569653.695362563,0,0,0,0,1
"143889","Osaka","Office","CL7","ZoneC","ABCH","FCU",311166.576930348,0,0,0,0,2
"144001","Osaka","Office","CL7","ZoneC","ABCH","VAVFCU",159985.252041606,0,0,0,0,1
"144017","Osaka","Office","CL7","ZoneC","ABCH","VAVFCU",87390.0470450579,0,0,0,0,2
"144065","Osaka","Office","CL7","ZoneC","ABCH","OHUFCU",224292.777535968,0,0,0,0,1
"144081","Osaka","Office","CL7","ZoneC","ABCH","OHUFCU",122517.270377132,0,0,0,0,2
"144193","Osaka","Office","CL7","ZoneC","AHP","VAV",71900.6651672107,0,0,0,0,1
"144257","Osaka","Office","CL7","ZoneC","AHP","FCU",203825.723165148,0,0,0,0,1
"144273","Osaka","Office","CL7","ZoneC","AHP","FCU",225718.446566285,0,0,0,0,2
"144385","Osaka","Office","CL7","ZoneC","AHP","VAVFCU",57243.7429241713,0,0,0,0,1
"144449","Osaka","Office","CL7","ZoneC","AHP","OHUFCU",80253.3854412924,0,0,0,0,1
"145025","Osaka","Office","CL7","ZoneC","AB","FCU",56168.7465303155,0,0,0,0,1
"145345","Osaka","Office","CL7","ZoneC","COM","VAV",70968.3370961256,0,0,0,0,1
"145409","Osaka","Office","CL7","ZoneC","COM","FCU",201182.737277963,0,0,0,0,1
"145425","Osaka","Office","CL7","ZoneC","COM","FCU",191928.322293445,0,0,0,0,2
"145601","Osaka","Office","CL7","ZoneC","COM","OHUFCU",79212.7485588307,0,0,0,0,1
"145729","Osaka","Office","CL7","ZoneC","AHP+TESICE","VAV",71202.7389244648,0,0,0,0,1
"145793","Osaka","Office","CL7","ZoneC","AHP+TESICE","FCU",201847.225180286,0,0,0,0,1
"145809","Osaka","Office","CL7","ZoneC","AHP+TESICE","FCU",192562.243722303,0,0,0,0,2
"145985","Osaka","Office","CL7","ZoneC","AHP+TESICE","OHUFCU",79474.380912775,0,0,0,0,1
"146177","Osaka","Office","CL7","ZoneC","COM+TESICE","FCU",80933.769400846,0,0,0,0,1
"146465","Osaka","Office","CL8c","ZoneA","EHP","MUL",285311.78874734,0,0,0,0,3
"146529","Osaka","Office","CL8c","ZoneA","GHP","MUL",0.00024257530209605,0,0,0,0,3
"146657","Osaka","Office","CL8c","ZoneA","ABCH","VAV",321317.383854953,0,0,0,0,3
"146721","Osaka","Office","CL8c","ZoneA","ABCH","FCU",687072.124979888,0,0,0,0,3
"146849","Osaka","Office","CL8c","ZoneA","ABCH","VAVFCU",355634.569051672,0,0,0,0,3
"146913","Osaka","Office","CL8c","ZoneA","ABCH","OHUFCU",307285.213891688,0,0,0,0,3
"147041","Osaka","Office","CL8c","ZoneA","AHP","VAV",90061.5516948749,0,0,0,0,3
"147105","Osaka","Office","CL8c","ZoneA","AHP","FCU",192578.381410937,0,0,0,0,3
"147233","Osaka","Office","CL8c","ZoneA","AHP","VAVFCU",99680.2623651079,0,0,0,0,3
"147297","Osaka","Office","CL8c","ZoneA","AHP","OHUFCU",86128.496516297,0,0,0,0,3
"147873","Osaka","Office","CL8c","ZoneA","AB","FCU",156393.288777548,0,0,0,0,3
"148193","Osaka","Office","CL8c","ZoneA","COM","VAV",176559.311111236,0,0,0,0,3
"148257","Osaka","Office","CL8c","ZoneA","COM","FCU",377536.315075135,0,0,0,0,3
"148385","Osaka","Office","CL8c","ZoneA","COM","VAVFCU",195416.114017189,0,0,0,0,3
"148449","Osaka","Office","CL8c","ZoneA","COM","OHUFCU",168848.834222664,0,0,0,0,3
"148577","Osaka","Office","CL8c","ZoneA","AHP+TESICE","VAV",119452.721966489,0,0,0,0,3
"148641","Osaka","Office","CL8c","ZoneA","AHP+TESICE","FCU",255425.444249217,0,0,0,0,3
"148769","Osaka","Office","CL8c","ZoneA","AHP+TESICE","VAVFCU",132210.454314474,0,0,0,0,3
"148833","Osaka","Office","CL8c","ZoneA","AHP+TESICE","OHUFCU",114236.132446498,0,0,0,0,3
"148961","Osaka","Office","CL8c","ZoneA","COM+TESICE","VAV",63722.8540235553,0,0,0,0,3
"149025","Osaka","Office","CL8c","ZoneA","COM+TESICE","FCU",136258.412783266,0,0,0,0,3
"149153","Osaka","Office","CL8c","ZoneA","COM+TESICE","VAVFCU",70528.5517313925,0,0,0,0,3
"149217","Osaka","Office","CL8c","ZoneA","COM+TESICE","OHUFCU",60940.0294297683,0,0,0,0,3
"149281","Osaka","Office","CL9c","ZoneA","EHP","MUL",46868.9340466243,0,0,0,0,3
"149473","Osaka","Office","CL9c","ZoneA","ABCH","VAV",167052.132834452,0,0,0,0,3
"149537","Osaka","Office","CL9c","ZoneA","ABCH","FCU",259170.303291217,0,0,0,0,3
"149665","Osaka","Office","CL9c","ZoneA","ABCH","VAVFCU",283087.163393301,0,0,0,0,3
"149729","Osaka","Office","CL9c","ZoneA","ABCH","OHUFCU",136543.739412962,0,0,0,0,3
"150049","Osaka","Office","CL9c","ZoneA","AHP","VAVFCU",133547.10973728,0,0,0,0,3
"150689","Osaka","Office","CL9c","ZoneA","AB","FCU",112713.69209477,0,0,0,0,3
"150817","Osaka","Office","CL9c","ZoneA","AB","VAVFCU",123115.183203846,0,0,0,0,3
"151009","Osaka","Office","CL9c","ZoneA","COM","VAV",157541.134171237,0,0,0,0,3
"151073","Osaka","Office","CL9c","ZoneA","COM","FCU",244414.619743073,0,0,0,0,3
"151201","Osaka","Office","CL9c","ZoneA","COM","VAVFCU",266969.789811037,0,0,0,0,3
"151265","Osaka","Office","CL9c","ZoneA","COM","OHUFCU",128769.715214696,0,0,0,0,3
"151393","Osaka","Office","CL9c","ZoneA","AHP+TESICE","VAV",73527.5102849593,0,0,0,0,3
"151457","Osaka","Office","CL9c","ZoneA","AHP+TESICE","FCU",114073.055024599,0,0,0,0,3
"151585","Osaka","Office","CL9c","ZoneA","AHP+TESICE","VAVFCU",124599.991420452,0,0,0,0,3
"151777","Osaka","Office","CL9c","ZoneA","COM+TESICE","VAV",98701.975053186,0,0,0,0,3
"151841","Osaka","Office","CL9c","ZoneA","COM+TESICE","FCU",153129.567255072,0,0,0,0,3
"151969","Osaka","Office","CL9c","ZoneA","COM+TESICE","VAVFCU",167260.732712778,0,0,0,0,3
"152033","Osaka","Office","CL9c","ZoneA","COM+TESICE","OHUFCU",80676.2328174687,0,0,0,0,3
"152065","Hiroshima","Office","CL1","ZoneC","EHP","MUL",50190.2991252302,0,0,0,0,1
"152081","Hiroshima","Office","CL1","ZoneC","EHP","MUL",8857.11161033475,0,0,0,0,2
"154881","Hiroshima","Office","CL2","ZoneC","EHP","MUL",1315193.97532193,0,0,0,0,1
"154897","Hiroshima","Office","CL2","ZoneC","EHP","MUL",242123.774400112,0,0,0,0,2
"154945","Hiroshima","Office","CL2","ZoneC","GHP","MUL",0.00233124583965191,0,0,0,0,1
"154961","Hiroshima","Office","CL2","ZoneC","GHP","MUL",0.000429176267791916,0,0,0,0,2
"155137","Hiroshima","Office","CL2","ZoneC","ABCH","FCU",56840.7463794642,0,0,0,0,1
"157697","Hiroshima","Office","CL3","ZoneC","EHP","MUL",1481542.93314945,0,0,0,0,1
"157713","Hiroshima","Office","CL3","ZoneC","EHP","MUL",291008.384693736,0,0,0,0,2
"157761","Hiroshima","Office","CL3","ZoneC","GHP","MUL",0.00192346610584512,0,0,0,0,1
"157777","Hiroshima","Office","CL3","ZoneC","GHP","MUL",0.00037781204442401,0,0,0,0,2
"157953","Hiroshima","Office","CL3","ZoneC","ABCH","FCU",105714.948701464,0,0,0,0,1
"158337","Hiroshima","Office","CL3","ZoneC","AHP","FCU",61789.6316310514,0,0,0,0,1
"160513","Hiroshima","Office","CL4","ZoneC","EHP","MUL",1184226.87020807,0,0,0,0,1
"160529","Hiroshima","Office","CL4","ZoneC","EHP","MUL",208981.212389658,0,0,0,0,2
"160577","Hiroshima","Office","CL4","ZoneC","GHP","MUL",0.00120713960262674,0,0,0,0,1
"160593","Hiroshima","Office","CL4","ZoneC","GHP","MUL",0.00021302463575766,0,0,0,0,2
"160769","Hiroshima","Office","CL4","ZoneC","ABCH","FCU",220357.651885622,0,0,0,0,1
"160785","Hiroshima","Office","CL4","ZoneC","ABCH","FCU",59534.2536312077,0,0,0,0,2
"161153","Hiroshima","Office","CL4","ZoneC","AHP","FCU",117003.118691222,0,0,0,0,1
"163329","Hiroshima","Office","CL5","ZoneC","EHP","MUL",743419.002978358,0,0,0,0,1
"163345","Hiroshima","Office","CL5","ZoneC","EHP","MUL",382973.425776729,0,0,0,0,2
"163393","Hiroshima","Office","CL5","ZoneC","GHP","MUL",0.000628960772885636,0,0,0,0,1
"163409","Hiroshima","Office","CL5","ZoneC","GHP","MUL",0.000324010095122903,0,0,0,0,2
"163585","Hiroshima","Office","CL5","ZoneC","ABCH","FCU",277414.84216414,0,0,0,0,1
"163601","Hiroshima","Office","CL5","ZoneC","ABCH","FCU",216639.81015051,0,0,0,0,2
"163777","Hiroshima","Office","CL5","ZoneC","ABCH","OHUFCU",91086.2622694967,0,0,0,0,1
"163969","Hiroshima","Office","CL5","ZoneC","AHP","FCU",171061.842844173,0,0,0,0,1
"163985","Hiroshima","Office","CL5","ZoneC","AHP","FCU",100566.334026909,0,0,0,0,2
"165505","Hiroshima","Office","CL5","ZoneC","AHP+TESICE","FCU",76190.1561254166,0,0,0,0,1
"166145","Hiroshima","Office","CL6","ZoneC","EHP","MUL",213894.338652668,0,0,0,0,1
"166161","Hiroshima","Office","CL6","ZoneC","EHP","MUL",110187.992639253,0,0,0,0,2
"166209","Hiroshima","Office","CL6","ZoneC","GHP","MUL",0.000180778699772669,0,0,0,0,1
"166225","Hiroshima","Office","CL6","ZoneC","GHP","MUL",9.31284210950113e-05,0,0,0,0,2
"166401","Hiroshima","Office","CL6","ZoneC","ABCH","FCU",240253.577422684,0,0,0,0,1
"166417","Hiroshima","Office","CL6","ZoneC","ABCH","FCU",204021.084739262,0,0,0,0,2
"166593","Hiroshima","Office","CL6","ZoneC","ABCH","OHUFCU",90620.587392317,0,0,0,0,1
"166785","Hiroshima","Office","CL6","ZoneC","AHP","FCU",124704.713906428,0,0,0,0,1
"166801","Hiroshima","Office","CL6","ZoneC","AHP","FCU",76894.4623328752,0,0,0,0,2
"168321","Hiroshima","Office","CL6","ZoneC","AHP+TESICE","FCU",89727.7714774255,0,0,0,0,1
"168961","Hiroshima","Office","CL7","ZoneC","EHP","MUL",47149.8239330183,0,0,0,0,1
"168977","Hiroshima","Office","CL7","ZoneC","EHP","MUL",24289.3032382215,0,0,0,0,2
"169217","Hiroshima","Office","CL7","ZoneC","ABCH","FCU",208546.783011446,0,0,0,0,1
"169233","Hiroshima","Office","CL7","ZoneC","ABCH","FCU",199586.882897511,0,0,0,0,2
"169601","Hiroshima","Office","CL7","ZoneC","AHP","FCU",55079.9607362034,0,0,0,0,1
"170753","Hiroshima","Office","CL7","ZoneC","COM","FCU",60941.9883876695,0,0,0,0,1
"171137","Hiroshima","Office","CL7","ZoneC","AHP+TESICE","FCU",62864.6287833785,0,0,0,0,1
"171809","Hiroshima","Office","CL8c","ZoneA","EHP","MUL",22421.3891568512,0,0,0,0,3
"172065","Hiroshima","Office","CL8c","ZoneA","ABCH","FCU",133576.132305739,0,0,0,0,3
"172193","Hiroshima","Office","CL8c","ZoneA","ABCH","VAVFCU",76582.0157312921,0,0,0,0,3
"172257","Hiroshima","Office","CL8c","ZoneA","ABCH","OHUFCU",66094.2300929337,0,0,0,0,3
"173601","Hiroshima","Office","CL8c","ZoneA","COM","FCU",153370.649141567,0,0,0,0,3
"173985","Hiroshima","Office","CL8c","ZoneA","AHP+TESICE","FCU",98854.4455295375,0,0,0,0,3
"174369","Hiroshima","Office","CL8c","ZoneA","COM+TESICE","FCU",60908.5296069331,0,0,0,0,3
"177409","Matsuyama","Office","CL1","ZoneC","EHP","MUL",52925.3046678395,0,0,0,0,1
"177425","Matsuyama","Office","CL1","ZoneC","EHP","MUL",9339.75966803349,0,0,0,0,2
"177473","Matsuyama","Office","CL1","ZoneC","GHP","MUL",0.000117683586045806,0,0,0,0,1
"180225","Matsuyama","Office","CL2","ZoneC","EHP","MUL",729636.961977731,0,0,0,0,1
"180241","Matsuyama","Office","CL2","ZoneC","EHP","MUL",128759.463878424,0,0,0,0,2
"180289","Matsuyama","Office","CL2","ZoneC","GHP","MUL",0.00112519884810909,0,0,0,0,1
"180305","Matsuyama","Office","CL2","ZoneC","GHP","MUL",0.000198564502607487,0,0,0,0,2
"183041","Matsuyama","Office","CL3","ZoneC","EHP","MUL",719007.17289578,0,0,0,0,1
"183057","Matsuyama","Office","CL3","ZoneC","EHP","MUL",141155.561368519,0,0,0,0,2
"183105","Matsuyama","Office","CL3","ZoneC","GHP","MUL",0.000806125915309402,0,0,0,0,1
"183121","Matsuyama","Office","CL3","ZoneC","GHP","MUL",0.000158258721746722,0,0,0,0,2
"183297","Matsuyama","Office","CL3","ZoneC","ABCH","FCU",80874.3416165037,0,0,0,0,1
"185857","Matsuyama","Office","CL4","ZoneC","EHP","MUL",657719.460936291,0,0,0,0,1
"185873","Matsuyama","Office","CL4","ZoneC","EHP","MUL",149652.886275988,0,0,0,0,2
"185921","Matsuyama","Office","CL4","ZoneC","GHP","MUL",0.000587319543005651,0,0,0,0,1
"185937","Matsuyama","Office","CL4","ZoneC","GHP","MUL",0.000133634581303052,0,0,0,0,2
"186113","Matsuyama","Office","CL4","ZoneC","ABCH","FCU",121861.663242738,0,0,0,0,1
"186497","Matsuyama","Office","CL4","ZoneC","AHP","FCU",68451.8982215189,0,0,0,0,1
"188673","Matsuyama","Office","CL5","ZoneC","EHP","MUL",514778.118343027,0,0,0,0,1
"188689","Matsuyama","Office","CL5","ZoneC","EHP","MUL",265188.727631257,0,0,0,0,2
"188737","Matsuyama","Office","CL5","ZoneC","GHP","MUL",0.000405804048946683,0,0,0,0,1
"188753","Matsuyama","Office","CL5","ZoneC","GHP","MUL",0.000209050570669504,0,0,0,0,2
"188929","Matsuyama","Office","CL5","ZoneC","ABCH","FCU",190114.571808817,0,0,0,0,1
"188945","Matsuyama","Office","CL5","ZoneC","ABCH","FCU",149392.788522176,0,0,0,0,2
"189121","Matsuyama","Office","CL5","ZoneC","ABCH","OHUFCU",62614.9106461494,0,0,0,0,1
"189313","Matsuyama","Office","CL5","ZoneC","AHP","FCU",123198.947840374,0,0,0,0,1
"189329","Matsuyama","Office","CL5","ZoneC","AHP","FCU",72825.0387809472,0,0,0,0,2
"190849","Matsuyama","Office","CL5","ZoneC","AHP+TESICE","FCU",55435.5874107224,0,0,0,0,1
"191489","Matsuyama","Office","CL6","ZoneC","EHP","MUL",121326.525513677,0,0,0,0,1
"191505","Matsuyama","Office","CL6","ZoneC","EHP","MUL",62501.5434464402,0,0,0,0,2
"191553","Matsuyama","Office","CL6","ZoneC","GHP","MUL",9.90498665079347e-05,0,0,0,0,1
"191569","Matsuyama","Office","CL6","ZoneC","GHP","MUL",5.10256888071179e-05,0,0,0,0,2
"191745","Matsuyama","Office","CL6","ZoneC","ABCH","FCU",195587.940061615,0,0,0,0,1
"191761","Matsuyama","Office","CL6","ZoneC","ABCH","FCU",170891.646643622,0,0,0,0,2
"192129","Matsuyama","Office","CL6","ZoneC","AHP","FCU",77855.8172718911,0,0,0,0,1
"193665","Matsuyama","Office","CL6","ZoneC","AHP+TESICE","FCU",58287.0861511722,0,0,0,0,1
"194305","Matsuyama","Office","CL7","ZoneC","EHP","MUL",24644.7033413103,0,0,0,0,1
"194321","Matsuyama","Office","CL7","ZoneC","EHP","MUL",12695.7562667356,0,0,0,0,2
"194561","Matsuyama","Office","CL7","ZoneC","ABCH","FCU",207602.180934689,0,0,0,0,1
"194577","Matsuyama","Office","CL7","ZoneC","ABCH","FCU",106946.578057264,0,0,0,0,2
"197153","Matsuyama","Office","CL8c","ZoneA","EHP","MUL",3969.92429972014,0,0,0,0,3
"197409","Matsuyama","Office","CL8c","ZoneA","ABCH","FCU",111993.568206556,0,0,0,0,3
"202753","Fukuoka","Office","CL1","ZoneC","EHP","MUL",62757.2760197654,0,0,0,0,1
"202769","Fukuoka","Office","CL1","ZoneC","EHP","MUL",11074.8134368619,0,0,0,0,2
"202817","Fukuoka","Office","CL1","ZoneC","GHP","MUL",0.000122452177762715,0,0,0,0,1
"205569","Fukuoka","Office","CL2","ZoneC","EHP","MUL",2703027.46333653,0,0,0,0,1
"205585","Fukuoka","Office","CL2","ZoneC","EHP","MUL",494844.212970744,0,0,0,0,2
"205633","Fukuoka","Office","CL2","ZoneC","GHP","MUL",0.00376635702919006,0,0,0,0,1
"205649","Fukuoka","Office","CL2","ZoneC","GHP","MUL",0.00068950834024299,0,0,0,0,2
"205825","Fukuoka","Office","CL2","ZoneC","ABCH","FCU",101089.743638539,0,0,0,0,1
"208385","Fukuoka","Office","CL3","ZoneC","EHP","MUL",2665099.77011425,0,0,0,0,1
"208401","Fukuoka","Office","CL3","ZoneC","EHP","MUL",515137.824312758,0,0,0,0,2
"208449","Fukuoka","Office","CL3","ZoneC","GHP","MUL",0.00274590634338536,0,0,0,0,1
"208465","Fukuoka","Office","CL3","ZoneC","GHP","MUL",0.000530756947773665,0,0,0,0,2
"208641","Fukuoka","Office","CL3","ZoneC","ABCH","FCU",151615.713123796,0,0,0,0,1
"209025","Fukuoka","Office","CL3","ZoneC","AHP","FCU",102398.854795967,0,0,0,0,1
"211201","Fukuoka","Office","CL4","ZoneC","EHP","MUL",2574927.14061285,0,0,0,0,1
"211217","Fukuoka","Office","CL4","ZoneC","EHP","MUL",454398.907166974,0,0,0,0,2
"211265","Fukuoka","Office","CL4","ZoneC","GHP","MUL",0.00212094424031748,0,0,0,0,1
"211281","Fukuoka","Office","CL4","ZoneC","GHP","MUL",0.000374284277703086,0,0,0,0,2
"211457","Fukuoka","Office","CL4","ZoneC","ABCH","FCU",268849.455936465,0,0,0,0,1
"211473","Fukuoka","Office","CL4","ZoneC","ABCH","FCU",107924.062567946,0,0,0,0,2
"211649","Fukuoka","Office","CL4","ZoneC","ABCH","OHUFCU",75208.3934450608,0,0,0,0,1
"211841","Fukuoka","Office","CL4","ZoneC","AHP","FCU",212767.723836967,0,0,0,0,1
"213377","Fukuoka","Office","CL4","ZoneC","AHP+TESICE","FCU",54744.1146665362,0,0,0,0,1
"214017","Fukuoka","Office","CL5","ZoneC","EHP","MUL",1829132.54362936,0,0,0,0,1
"214033","Fukuoka","Office","CL5","ZoneC","EHP","MUL",942280.401263612,0,0,0,0,2
"214081","Fukuoka","Office","CL5","ZoneC","GHP","MUL",0.00127554288785669,0,0,0,0,1
"214097","Fukuoka","Office","CL5","ZoneC","GHP","MUL",0.000657097851320116,0,0,0,0,2
"214209","Fukuoka","Office","CL5","ZoneC","ABCH","VAV",79284.4151675721,0,0,0,0,1
"214273","Fukuoka","Office","CL5","ZoneC","ABCH","FCU",433737.187135554,0,0,0,0,1
"214289","Fukuoka","Office","CL5","ZoneC","ABCH","FCU",267899.750172802,0,0,0,0,2
"214465","Fukuoka","Office","CL5","ZoneC","ABCH","OHUFCU",136502.70305311,0,0,0,0,1
"214481","Fukuoka","Office","CL5","ZoneC","ABCH","OHUFCU",84311.5165829938,0,0,0,0,2
"214657","Fukuoka","Office","CL5","ZoneC","AHP","FCU",272619.091467195,0,0,0,0,1
"214673","Fukuoka","Office","CL5","ZoneC","AHP","FCU",194354.696249455,0,0,0,0,2
"214849","Fukuoka","Office","CL5","ZoneC","AHP","OHUFCU",85796.7543316161,0,0,0,0,1
"215809","Fukuoka","Office","CL5","ZoneC","COM","FCU",60374.2215587159,0,0,0,0,1
"216193","Fukuoka","Office","CL5","ZoneC","AHP+TESICE","FCU",139357.04020058,0,0,0,0,1
"216209","Fukuoka","Office","CL5","ZoneC","AHP+TESICE","FCU",75567.7951627453,0,0,0,0,2
"216833","Fukuoka","Office","CL6","ZoneC","EHP","MUL",640887.97521928,0,0,0,0,1
"216849","Fukuoka","Office","CL6","ZoneC","EHP","MUL",330154.411476599,0,0,0,0,2
"216897","Fukuoka","Office","CL6","ZoneC","GHP","MUL",0.000455519465117355,0,0,0,0,1
"216913","Fukuoka","Office","CL6","ZoneC","GHP","MUL",0.000234661542636214,0,0,0,0,2
"217025","Fukuoka","Office","CL6","ZoneC","ABCH","VAV",98321.6467095849,0,0,0,0,1
"217089","Fukuoka","Office","CL6","ZoneC","ABCH","FCU",408889.75203219,0,0,0,0,1
"217105","Fukuoka","Office","CL6","ZoneC","ABCH","FCU",272268.132896436,0,0,0,0,2
"217217","Fukuoka","Office","CL6","ZoneC","ABCH","VAVFCU",65007.2701940901,0,0,0,0,1
"217281","Fukuoka","Office","CL6","ZoneC","ABCH","OHUFCU",149357.397836452,0,0,0,0,1
"217297","Fukuoka","Office","CL6","ZoneC","ABCH","OHUFCU",99452.8711983943,0,0,0,0,2
"217473","Fukuoka","Office","CL6","ZoneC","AHP","FCU",238315.983573678,0,0,0,0,1
"217489","Fukuoka","Office","CL6","ZoneC","AHP","FCU",167613.286209272,0,0,0,0,2
"217665","Fukuoka","Office","CL6","ZoneC","AHP","OHUFCU",87050.9837737313,0,0,0,0,1
"218625","Fukuoka","Office","CL6","ZoneC","COM","FCU",133921.176958668,0,0,0,0,1
"218641","Fukuoka","Office","CL6","ZoneC","COM","FCU",68989.6972211318,0,0,0,0,2
"219009","Fukuoka","Office","CL6","ZoneC","AHP+TESICE","FCU",211727.635366473,0,0,0,0,1
"219025","Fukuoka","Office","CL6","ZoneC","AHP+TESICE","FCU",109071.812158486,0,0,0,0,2
"219649","Fukuoka","Office","CL7","ZoneC","EHP","MUL",249103.8745728,0,0,0,0,1
"219665","Fukuoka","Office","CL7","ZoneC","EHP","MUL",128326.238416291,0,0,0,0,2
"219713","Fukuoka","Office","CL7","ZoneC","GHP","MUL",0.000193783851604632,0,0,0,0,1
"219729","Fukuoka","Office","CL7","ZoneC","GHP","MUL",9.98280447660226e-05,0,0,0,0,2
"219841","Fukuoka","Office","CL7","ZoneC","ABCH","VAV",100931.90863067,0,0,0,0,1
"219857","Fukuoka","Office","CL7","ZoneC","ABCH","VAV",60160.4551735126,0,0,0,0,2
"219905","Fukuoka","Office","CL7","ZoneC","ABCH","FCU",325109.075415626,0,0,0,0,1
"219921","Fukuoka","Office","CL7","ZoneC","ABCH","FCU",193781.235521992,0,0,0,0,2
"220033","Fukuoka","Office","CL7","ZoneC","ABCH","VAVFCU",87615.5764812623,0,0,0,0,1
"220097","Fukuoka","Office","CL7","ZoneC","ABCH","OHUFCU",131884.749919729,0,0,0,0,1
"220113","Fukuoka","Office","CL7","ZoneC","ABCH","OHUFCU",78609.8934743103,0,0,0,0,2
"220289","Fukuoka","Office","CL7","ZoneC","AHP","FCU",242574.119311216,0,0,0,0,1
"220305","Fukuoka","Office","CL7","ZoneC","AHP","FCU",124962.425099718,0,0,0,0,2
"221441","Fukuoka","Office","CL7","ZoneC","COM","FCU",203431.878689796,0,0,0,0,1
"221457","Fukuoka","Office","CL7","ZoneC","COM","FCU",104798.240537167,0,0,0,0,2
"221825","Fukuoka","Office","CL7","ZoneC","AHP+TESICE","FCU",227455.147352483,0,0,0,0,1
"221841","Fukuoka","Office","CL7","ZoneC","AHP+TESICE","FCU",117173.863787643,0,0,0,0,2
"222497","Fukuoka","Office","CL8c","ZoneA","EHP","MUL",55182.7886999661,0,0,0,0,3
"222561","Fukuoka","Office","CL8c","ZoneA","GHP","MUL",5.78688955153772e-05,0,0,0,0,3
"222689","Fukuoka","Office","CL8c","ZoneA","ABCH","VAV",87675.6604921254,0,0,0,0,3
"222753","Fukuoka","Office","CL8c","ZoneA","ABCH","FCU",202872.456117031,0,0,0,0,3
"222881","Fukuoka","Office","CL8c","ZoneA","ABCH","VAVFCU",116503.012640395,0,0,0,0,3
"222945","Fukuoka","Office","CL8c","ZoneA","ABCH","OHUFCU",97044.8880594728,0,0,0,0,3
"223137","Fukuoka","Office","CL8c","ZoneA","AHP","FCU",106549.247495248,0,0,0,0,3
"223905","Fukuoka","Office","CL8c","ZoneA","AB","FCU",67447.0754011879,0,0,0,0,3
"224289","Fukuoka","Office","CL8c","ZoneA","COM","FCU",136326.824793734,0,0,0,0,3
"224417","Fukuoka","Office","CL8c","ZoneA","COM","VAVFCU",78288.0342465371,0,0,0,0,3
"224481","Fukuoka","Office","CL8c","ZoneA","COM","OHUFCU",65212.5069357832,0,0,0,0,3
"224673","Fukuoka","Office","CL8c","ZoneA","AHP+TESICE","FCU",176132.970388171,0,0,0,0,3
"225057","Fukuoka","Office","CL8c","ZoneA","COM+TESICE","FCU",110355.39885658,0,0,0,0,3
"225313","Fukuoka","Office","CL9c","ZoneA","EHP","MUL",12697.5330023716,0,0,0,0,3
"225569","Fukuoka","Office","CL9c","ZoneA","ABCH","FCU",136999.087574077,0,0,0,0,3
"225697","Fukuoka","Office","CL9c","ZoneA","ABCH","VAVFCU",144889.828752196,0,0,0,0,3
"226849","Fukuoka","Office","CL9c","ZoneA","AB","VAVFCU",79876.9944948406,0,0,0,0,3
"227105","Fukuoka","Office","CL9c","ZoneA","COM","FCU",125427.850647832,0,0,0,0,3
"227233","Fukuoka","Office","CL9c","ZoneA","COM","VAVFCU",132652.12289311,0,0,0,0,3
"227617","Fukuoka","Office","CL9c","ZoneA","AHP+TESICE","VAVFCU",105466.748853097,0,0,0,0,3
"228001","Fukuoka","Office","CL9c","ZoneA","COM+TESICE","VAVFCU",159707.215297121,0,0,0,0,3
"228097","Naha","Office","CL1","ZoneC","EHP","MUL",879.756369430544,0,0,0,0,1
"228113","Naha","Office","CL1","ZoneC","EHP","MUL",155.251124017155,0,0,0,0,2
"230913","Naha","Office","CL2","ZoneC","EHP","MUL",89505.1553399345,0,0,0,0,1
"230929","Naha","Office","CL2","ZoneC","EHP","MUL",15795.0274285356,0,0,0,0,2
"230977","Naha","Office","CL2","ZoneC","GHP","MUL",8.84336688444876e-05,0,0,0,0,1
"233729","Naha","Office","CL3","ZoneC","EHP","MUL",171079.474160045,0,0,0,0,1
"233745","Naha","Office","CL3","ZoneC","EHP","MUL",30190.4954615899,0,0,0,0,2
"233793","Naha","Office","CL3","ZoneC","GHP","MUL",0.000122297347774787,0,0,0,0,1
"236545","Naha","Office","CL4","ZoneC","EHP","MUL",160882.684323974,0,0,0,0,1
"236561","Naha","Office","CL4","ZoneC","EHP","MUL",28391.0619558577,0,0,0,0,2
"236609","Naha","Office","CL4","ZoneC","GHP","MUL",9.25533137766171e-05,0,0,0,0,1
"239361","Naha","Office","CL5","ZoneC","EHP","MUL",119728.244673995,0,0,0,0,1
"239377","Naha","Office","CL5","ZoneC","EHP","MUL",92904.0853126402,0,0,0,0,2
"239425","Naha","Office","CL5","ZoneC","GHP","MUL",6.34496176100286e-05,0,0,0,0,1
"239441","Naha","Office","CL5","ZoneC","GHP","MUL",4.92342362785584e-05,0,0,0,0,2
"239617","Naha","Office","CL5","ZoneC","ABCH","FCU",60614.9797885474,0,0,0,0,1
"242177","Naha","Office","CL6","ZoneC","EHP","MUL",40861.6648035068,0,0,0,0,1
"242193","Naha","Office","CL6","ZoneC","EHP","MUL",21049.9485351398,0,0,0,0,2
"242433","Naha","Office","CL6","ZoneC","ABCH","FCU",95495.4073976981,0,0,0,0,1
"242449","Naha","Office","CL6","ZoneC","ABCH","FCU",49194.6038109354,0,0,0,0,2
"244993","Naha","Office","CL7","ZoneC","EHP","MUL",9082.5625014907,0,0,0,0,1
"245009","Naha","Office","CL7","ZoneC","EHP","MUL",4678.89583410126,0,0,0,0,2
"245249","Naha","Office","CL7","ZoneC","ABCH","FCU",57336.5275140072,0,0,0,0,1
"245265","Naha","Office","CL7","ZoneC","ABCH","FCU",29536.9990223674,0,0,0,0,2
"247841","Naha","Office","CL8c","ZoneA","EHP","MUL",1685.92526164585,0,0,0,0,3
"248097","Naha","Office","CL8c","ZoneA","ABCH","FCU",33636.2879705717,0,0,0,0,3
"253473","Sapporo","Hotel","CL1","ZoneD","EHP","MUL",12.9204506871829,0,0,0,0,3
"256289","Sapporo","Hotel","CL2","ZoneD","EHP","MUL",38761.3520677666,0,0,0,0,3
"259105","Sapporo","Hotel","CL3","ZoneD","EHP","MUL",63432.86262158,0,0,0,0,3
"259745","Sapporo","Hotel","CL3","ZoneD","AHP","FCU",80845.5034329655,0,0,0,0,3
"261921","Sapporo","Hotel","CL4","ZoneD","EHP","MUL",57809.6131590432,0,0,0,0,3
"261985","Sapporo","Hotel","CL4","ZoneD","GHP","MUL",32828.4911778027,0,0,0,0,3
"262177","Sapporo","Hotel","CL4","ZoneD","ABCH","FCU",62898.3797029256,0,0,0,0,3
"262178","Sapporo","Hotel","CL4","ZoneD","ABCH","FCU",28148.4806727046,1,0,0,0,3
"262561","Sapporo","Hotel","CL4","ZoneD","AHP","FCU",103583.79199352,0,0,0,0,3
"262562","Sapporo","Hotel","CL4","ZoneD","AHP","FCU",46356.14431892,1,0,0,0,3
"264737","Sapporo","Hotel","CL5","ZoneD","EHP","MUL",90431.2134476061,0,0,0,0,3
"264801","Sapporo","Hotel","CL5","ZoneD","GHP","MUL",4555.65840932357,0,0,0,0,3
"264993","Sapporo","Hotel","CL5","ZoneD","ABCH","FCU",74747.3096851751,0,0,0,0,3
"264994","Sapporo","Hotel","CL5","ZoneD","ABCH","FCU",35020.2459828331,1,0,0,0,3
"265185","Sapporo","Hotel","CL5","ZoneD","ABCH","OHUFCU",79674.8344237352,0,0,0,0,3
"265377","Sapporo","Hotel","CL5","ZoneD","AHP","FCU",98467.3477082817,0,0,0,0,3
"265569","Sapporo","Hotel","CL5","ZoneD","AHP","OHUFCU",71472.5729024158,0,0,0,0,3
"267553","Sapporo","Hotel","CL6b","ZoneD","EHP","MUL",25578.9767766673,0,0,0,0,3
"267809","Sapporo","Hotel","CL6b","ZoneD","ABCH","FCU",62897.1085858204,0,0,0,0,3
"268001","Sapporo","Hotel","CL6b","ZoneD","ABCH","OHUFCU",72407.2852736039,0,0,0,0,3
"268385","Sapporo","Hotel","CL6b","ZoneD","AHP","OHUFCU",73396.7014905078,0,0,0,0,3
"270369","Sapporo","Hotel","CL6m","ZoneD","EHP","MUL",39782.0742269774,0,0,0,0,3
"270625","Sapporo","Hotel","CL6m","ZoneD","ABCH","FCU",97821.6393982499,0,0,0,0,3
"270817","Sapporo","Hotel","CL6m","ZoneD","ABCH","OHUFCU",55734.4988935006,0,0,0,0,3
"270818","Sapporo","Hotel","CL6m","ZoneD","ABCH","OHUFCU",27153.9796104245,1,0,0,0,3
"270821","Sapporo","Hotel","CL6m","ZoneD","ABCH","OHUFCU",29724.0009739867,1,0,1,0,3
"271201","Sapporo","Hotel","CL6m","ZoneD","AHP","OHUFCU",74302.9959081357,0,0,0,0,3
"271205","Sapporo","Hotel","CL6m","ZoneD","AHP","OHUFCU",39848.287476043,1,0,1,0,3
"273185","Sapporo","Hotel","CL7b","ZoneD","EHP","MUL",4156.01646304958,0,0,0,0,3
"273633","Sapporo","Hotel","CL7b","ZoneD","ABCH","OHUFCU",68561.3567472759,0,0,0,0,3
"276001","Sapporo","Hotel","CL7m","ZoneD","EHP","MUL",24335.560330672,0,0,0,0,3
"276257","Sapporo","Hotel","CL7m","ZoneD","ABCH","FCU",54168.926081385,0,0,0,0,3
"276261","Sapporo","Hotel","CL7m","ZoneD","ABCH","FCU",54946.6273264122,1,0,1,0,3
"276449","Sapporo","Hotel","CL7m","ZoneD","ABCH","OHUFCU",76761.7376384456,0,0,0,0,3
"276450","Sapporo","Hotel","CL7m","ZoneD","ABCH","OHUFCU",38728.5861589228,1,0,0,0,3
"276453","Sapporo","Hotel","CL7m","ZoneD","ABCH","OHUFCU",75792.9089333591,1,0,1,0,3
"276833","Sapporo","Hotel","CL7m","ZoneD","AHP","OHUFCU",50628.7444239644,0,0,0,0,3
"276837","Sapporo","Hotel","CL7m","ZoneD","AHP","OHUFCU",50433.59171896,1,0,1,0,3
"278821","Sapporo","Hotel","CL8","ZoneD","EHP","MUL",21702.003628029,1,0,1,0,3
"279013","Sapporo","Hotel","CL8","ZoneD","ABCH","VAV",38748.9951762165,1,0,1,0,3
"279016","Sapporo","Hotel","CL8","ZoneD","ABCH","VAV",35889.1353652746,1,0,1,1,3
"279077","Sapporo","Hotel","CL8","ZoneD","ABCH","FCU",98034.9420283935,1,0,1,0,3
"279265","Sapporo","Hotel","CL8","ZoneD","ABCH","OHUFCU",87155.5355991782,0,0,0,0,3
"279266","Sapporo","Hotel","CL8","ZoneD","ABCH","OHUFCU",45123.7111923961,1,0,0,0,3
"279269","Sapporo","Hotel","CL8","ZoneD","ABCH","OHUFCU",148294.774381803,1,0,1,0,3
"279653","Sapporo","Hotel","CL8","ZoneD","AHP","OHUFCU",79664.5268518184,1,0,1,0,3
"280037","Sapporo","Hotel","CL8","ZoneD","TB","OHUFCU",67267.7470666202,1,0,1,0,3
"280421","Sapporo","Hotel","CL8","ZoneD","AB","OHUFCU",94434.9658751892,1,0,1,0,3
"280801","Sapporo","Hotel","CL8","ZoneD","COM","OHUFCU",46915.9246518416,0,0,0,0,3
"280805","Sapporo","Hotel","CL8","ZoneD","COM","OHUFCU",94901.0048880649,1,0,1,0,3
"281637","Sapporo","Hotel","CL9","ZoneD","EHP","MUL",1293.19511921119,1,0,1,0,3
"282085","Sapporo","Hotel","CL9","ZoneD","ABCH","OHUFCU",118220.973746557,1,0,1,0,3
"284449","Sendai","Hotel","CL1","ZoneD","EHP","MUL",1.07670422413917,0,0,0,0,3
"287265","Sendai","Hotel","CL2","ZoneD","EHP","MUL",72998.7921444028,0,0,0,0,3
"287266","Sendai","Hotel","CL2","ZoneD","EHP","MUL",30201.5677939698,1,0,0,0,3
"287329","Sendai","Hotel","CL2","ZoneD","GHP","MUL",11421.8611542905,0,0,0,0,3
"287905","Sendai","Hotel","CL2","ZoneD","AHP","FCU",54420.3420884817,0,0,0,0,3
"290081","Sendai","Hotel","CL3","ZoneD","EHP","MUL",132114.65752984,0,0,0,0,3
"290082","Sendai","Hotel","CL3","ZoneD","EHP","MUL",56548.9163603962,1,0,0,0,3
"290145","Sendai","Hotel","CL3","ZoneD","GHP","MUL",19709.4748527275,0,0,0,0,3
"290337","Sendai","Hotel","CL3","ZoneD","ABCH","FCU",55519.6520315852,0,0,0,0,3
"290721","Sendai","Hotel","CL3","ZoneD","AHP","FCU",98538.9970325652,0,0,0,0,3
"290722","Sendai","Hotel","CL3","ZoneD","AHP","FCU",42409.0904368814,1,0,0,0,3
"292897","Sendai","Hotel","CL4","ZoneD","EHP","MUL",131611.788457947,0,0,0,0,3
"292898","Sendai","Hotel","CL4","ZoneD","EHP","MUL",58286.0001847083,1,0,0,0,3
"292961","Sendai","Hotel","CL4","ZoneD","GHP","MUL",25831.1048950305,0,0,0,0,3
"293153","Sendai","Hotel","CL4","ZoneD","ABCH","FCU",112012.749624956,0,0,0,0,3
"293154","Sendai","Hotel","CL4","ZoneD","ABCH","FCU",50018.4109235478,1,0,0,0,3
"293537","Sendai","Hotel","CL4","ZoneD","AHP","FCU",129357.834353894,0,0,0,0,3
"293538","Sendai","Hotel","CL4","ZoneD","AHP","FCU",57766.5043637612,1,0,0,0,3
"293729","Sendai","Hotel","CL4","ZoneD","AHP","OHUFCU",78984.7329851571,0,0,0,0,3
"295713","Sendai","Hotel","CL5","ZoneD","EHP","MUL",146909.974572484,0,0,0,0,3
"295714","Sendai","Hotel","CL5","ZoneD","EHP","MUL",67785.0956737984,1,0,0,0,3
"295717","Sendai","Hotel","CL5","ZoneD","EHP","MUL",33795.8699354019,1,0,1,0,3
"295777","Sendai","Hotel","CL5","ZoneD","GHP","MUL",32431.2898080416,0,0,0,0,3
"295969","Sendai","Hotel","CL5","ZoneD","ABCH","FCU",196839.126919816,0,0,0,0,3
"295970","Sendai","Hotel","CL5","ZoneD","ABCH","FCU",91940.397097704,1,0,0,0,3
"295973","Sendai","Hotel","CL5","ZoneD","ABCH","FCU",50587.1459194863,1,0,1,0,3
"296161","Sendai","Hotel","CL5","ZoneD","ABCH","OHUFCU",138154.941014131,0,0,0,0,3
"296162","Sendai","Hotel","CL5","ZoneD","ABCH","OHUFCU",64496.6964094046,1,0,0,0,3
"296165","Sendai","Hotel","CL5","ZoneD","ABCH","OHUFCU",35347.5928130142,1,0,1,0,3
"296353","Sendai","Hotel","CL5","ZoneD","AHP","FCU",189115.249397123,0,0,0,0,3
"296354","Sendai","Hotel","CL5","ZoneD","AHP","FCU",88332.6978679688,1,0,0,0,3
"296357","Sendai","Hotel","CL5","ZoneD","AHP","FCU",48602.1293965068,1,0,1,0,3
"296545","Sendai","Hotel","CL5","ZoneD","AHP","OHUFCU",132733.804168799,0,0,0,0,3
"296546","Sendai","Hotel","CL5","ZoneD","AHP","OHUFCU",61965.875472125,1,0,0,0,3
"296549","Sendai","Hotel","CL5","ZoneD","AHP","OHUFCU",33960.5694001287,1,0,1,0,3
"296737","Sendai","Hotel","CL5","ZoneD","TB","FCU",86490.1028830599,0,0,0,0,3
"296929","Sendai","Hotel","CL5","ZoneD","TB","OHUFCU",60655.8620299078,0,0,0,0,3
"298529","Sendai","Hotel","CL6b","ZoneD","EHP","MUL",36837.6033658761,0,0,0,0,3
"298785","Sendai","Hotel","CL6b","ZoneD","ABCH","FCU",73265.8703967498,0,0,0,0,3
"298789","Sendai","Hotel","CL6b","ZoneD","ABCH","FCU",40244.5390057307,1,0,1,0,3
"298977","Sendai","Hotel","CL6b","ZoneD","ABCH","OHUFCU",65114.2145560835,0,0,0,0,3
"298978","Sendai","Hotel","CL6b","ZoneD","ABCH","OHUFCU",31754.3168588566,1,0,0,0,3
"298981","Sendai","Hotel","CL6b","ZoneD","ABCH","OHUFCU",35310.419601853,1,0,1,0,3
"299169","Sendai","Hotel","CL6b","ZoneD","AHP","FCU",63005.5923007868,0,0,0,0,3
"299361","Sendai","Hotel","CL6b","ZoneD","AHP","OHUFCU",73367.8359751184,0,0,0,0,3
"301345","Sendai","Hotel","CL6m","ZoneD","EHP","MUL",55119.5715893891,0,0,0,0,3
"301409","Sendai","Hotel","CL6m","ZoneD","GHP","MUL",6608.96452362502,0,0,0,0,3
"301601","Sendai","Hotel","CL6m","ZoneD","ABCH","FCU",81110.0679617802,0,0,0,0,3
"301602","Sendai","Hotel","CL6m","ZoneD","ABCH","FCU",39610.747062981,1,0,0,0,3
"301605","Sendai","Hotel","CL6m","ZoneD","ABCH","FCU",44553.3135164956,1,0,1,0,3
"301793","Sendai","Hotel","CL6m","ZoneD","ABCH","OHUFCU",94808.0015132951,0,0,0,0,3
"301794","Sendai","Hotel","CL6m","ZoneD","ABCH","OHUFCU",46235.1168839655,1,0,0,0,3
"301797","Sendai","Hotel","CL6m","ZoneD","ABCH","OHUFCU",51412.8955999945,1,0,1,0,3
"301985","Sendai","Hotel","CL6m","ZoneD","AHP","FCU",91737.7922919437,0,0,0,0,3
"302177","Sendai","Hotel","CL6m","ZoneD","AHP","OHUFCU",69264.4584914975,0,0,0,0,3
"302181","Sendai","Hotel","CL6m","ZoneD","AHP","OHUFCU",37561.031942163,1,0,1,0,3
"302561","Sendai","Hotel","CL6m","ZoneD","TB","OHUFCU",83926.7436531725,0,0,0,0,3
"304161","Sendai","Hotel","CL7b","ZoneD","EHP","MUL",5084.59940523088,0,0,0,0,3
"304609","Sendai","Hotel","CL7b","ZoneD","ABCH","OHUFCU",41706.232227781,0,0,0,0,3
"304613","Sendai","Hotel","CL7b","ZoneD","ABCH","OHUFCU",41744.4032985256,1,0,1,0,3
"306977","Sendai","Hotel","CL7m","ZoneD","EHP","MUL",32078.4623610385,0,0,0,0,3
"307233","Sendai","Hotel","CL7m","ZoneD","ABCH","FCU",61514.4982483667,0,0,0,0,3
"307237","Sendai","Hotel","CL7m","ZoneD","ABCH","FCU",62704.2734515526,1,0,1,0,3
"307425","Sendai","Hotel","CL7m","ZoneD","ABCH","OHUFCU",87497.1713954115,0,0,0,0,3
"307426","Sendai","Hotel","CL7m","ZoneD","ABCH","OHUFCU",44156.3479302938,1,0,0,0,3
"307429","Sendai","Hotel","CL7m","ZoneD","ABCH","OHUFCU",86804.2420899287,1,0,1,0,3
"307809","Sendai","Hotel","CL7m","ZoneD","AHP","OHUFCU",58260.2497415097,0,0,0,0,3
"307813","Sendai","Hotel","CL7m","ZoneD","AHP","OHUFCU",58313.5716551827,1,0,1,0,3
"308965","Sendai","Hotel","CL7m","ZoneD","COM","OHUFCU",67235.1869015749,1,0,1,0,3
"309797","Sendai","Hotel","CL8","ZoneD","EHP","MUL",11684.0586935991,1,0,1,0,3
"309989","Sendai","Hotel","CL8","ZoneD","ABCH","VAV",55617.556487345,1,0,1,0,3
"310053","Sendai","Hotel","CL8","ZoneD","ABCH","FCU",71459.5964752797,1,0,1,0,3
"310241","Sendai","Hotel","CL8","ZoneD","ABCH","OHUFCU",63739.7443603027,0,0,0,0,3
"310242","Sendai","Hotel","CL8","ZoneD","ABCH","OHUFCU",33032.6499717039,1,0,0,0,3
"310245","Sendai","Hotel","CL8","ZoneD","ABCH","OHUFCU",110175.49920478,1,0,1,0,3
"311781","Sendai","Hotel","CL8","ZoneD","COM","OHUFCU",106506.66892057,1,0,1,0,3
"312613","Sendai","Hotel","CL9","ZoneD","EHP","MUL",2858.24547599613,1,0,1,0,3
"312808","Sendai","Hotel","CL9","ZoneD","ABCH","VAV",79724.9678747644,1,0,1,1,3
"313061","Sendai","Hotel","CL9","ZoneD","ABCH","OHUFCU",125757.847768908,1,0,1,0,3
"313069","Sendai","Hotel","CL9","ZoneD","ABCH","OHUFCU",57604.8822464375,1,1,1,0,3
"318209","Tokyo","Hotel","CL2","ZoneD","EHP","MUL",137885.809160998,0,0,0,0,1
"318210","Tokyo","Hotel","CL2","ZoneD","EHP","MUL",57064.958132048,1,0,0,0,1
"318225","Tokyo","Hotel","CL2","ZoneD","EHP","MUL",47321.1506522223,0,0,0,0,2
"318273","Tokyo","Hotel","CL2","ZoneD","GHP","MUL",5116.87708756193,0,0,0,0,1
"318849","Tokyo","Hotel","CL2","ZoneD","AHP","FCU",68085.542648651,0,0,0,0,1
"321025","Tokyo","Hotel","CL3","ZoneD","EHP","MUL",157273.253629674,0,0,0,0,1
"321026","Tokyo","Hotel","CL3","ZoneD","EHP","MUL",67448.7257760255,1,0,0,0,1
"321041","Tokyo","Hotel","CL3","ZoneD","EHP","MUL",69447.4224607071,0,0,0,0,2
"321089","Tokyo","Hotel","CL3","ZoneD","GHP","MUL",5696.85960810219,0,0,0,0,1
"321665","Tokyo","Hotel","CL3","ZoneD","AHP","FCU",113965.58795721,0,0,0,0,1
"321666","Tokyo","Hotel","CL3","ZoneD","AHP","FCU",49150.9669729946,1,0,0,0,1
"323841","Tokyo","Hotel","CL4","ZoneD","EHP","MUL",246635.850894929,0,0,0,0,1
"323842","Tokyo","Hotel","CL4","ZoneD","EHP","MUL",109315.447419372,1,0,0,0,1
"323845","Tokyo","Hotel","CL4","ZoneD","EHP","MUL",28143.2285745056,1,0,1,0,1
"323857","Tokyo","Hotel","CL4","ZoneD","EHP","MUL",67781.3870980247,0,0,0,0,2
"323905","Tokyo","Hotel","CL4","ZoneD","GHP","MUL",12078.2903801574,0,0,0,0,1
"323921","Tokyo","Hotel","CL4","ZoneD","GHP","MUL",2131.46300826308,0,0,0,0,2
"324097","Tokyo","Hotel","CL4","ZoneD","ABCH","FCU",106377.4342186,0,0,0,0,1
"324098","Tokyo","Hotel","CL4","ZoneD","ABCH","FCU",47546.7169802371,1,0,0,0,1
"324289","Tokyo","Hotel","CL4","ZoneD","ABCH","OHUFCU",65624.4819762068,0,0,0,0,1
"324481","Tokyo","Hotel","CL4","ZoneD","AHP","FCU",165503.2290415,0,0,0,0,1
"324482","Tokyo","Hotel","CL4","ZoneD","AHP","FCU",73973.7261793781,1,0,0,0,1
"324497","Tokyo","Hotel","CL4","ZoneD","AHP","FCU",68435.4763157344,0,0,0,0,2
"324498","Tokyo","Hotel","CL4","ZoneD","AHP","FCU",30586.5662995266,1,0,0,0,2
"324673","Tokyo","Hotel","CL4","ZoneD","AHP","OHUFCU",70564.7163573041,0,0,0,0,1
"324674","Tokyo","Hotel","CL4","ZoneD","AHP","OHUFCU",31534.6033999197,1,0,0,0,1
"326657","Tokyo","Hotel","CL5","ZoneD","EHP","MUL",249984.782821357,0,0,0,0,1
"326658","Tokyo","Hotel","CL5","ZoneD","EHP","MUL",115421.11443453,1,0,0,0,1
"326661","Tokyo","Hotel","CL5","ZoneD","EHP","MUL",58180.5373407147,1,0,1,0,1
"326673","Tokyo","Hotel","CL5","ZoneD","EHP","MUL",128780.039635244,0,0,0,0,2
"326674","Tokyo","Hotel","CL5","ZoneD","EHP","MUL",59459.3619814246,1,0,0,0,2
"326677","Tokyo","Hotel","CL5","ZoneD","EHP","MUL",29971.7919633985,1,0,1,0,2
"326721","Tokyo","Hotel","CL5","ZoneD","GHP","MUL",16948.3157912249,0,0,0,0,1
"326737","Tokyo","Hotel","CL5","ZoneD","GHP","MUL",8730.95055911585,0,0,0,0,2
"326913","Tokyo","Hotel","CL5","ZoneD","ABCH","FCU",246079.016213936,0,0,0,0,1
"326914","Tokyo","Hotel","CL5","ZoneD","ABCH","FCU",115023.427254759,1,0,0,0,1
"326917","Tokyo","Hotel","CL5","ZoneD","ABCH","FCU",64026.8514764286,1,0,1,0,1
"326929","Tokyo","Hotel","CL5","ZoneD","ABCH","FCU",134501.245523427,0,0,0,0,2
"326930","Tokyo","Hotel","CL5","ZoneD","ABCH","FCU",62869.2135890555,1,0,0,0,2
"326933","Tokyo","Hotel","CL5","ZoneD","ABCH","FCU",34995.6343414359,1,0,1,0,2
"327105","Tokyo","Hotel","CL5","ZoneD","ABCH","OHUFCU",174161.87055676,0,0,0,0,1
"327106","Tokyo","Hotel","CL5","ZoneD","ABCH","OHUFCU",81364.8620435728,1,0,0,0,1
"327109","Tokyo","Hotel","CL5","ZoneD","ABCH","OHUFCU",45109.6032938557,1,0,1,0,1
"327121","Tokyo","Hotel","CL5","ZoneD","ABCH","OHUFCU",111997.913694922,0,0,0,0,2
"327122","Tokyo","Hotel","CL5","ZoneD","ABCH","OHUFCU",52323.1334609802,1,0,0,0,2
"327297","Tokyo","Hotel","CL5","ZoneD","AHP","FCU",223564.009917245,0,0,0,0,1
"327298","Tokyo","Hotel","CL5","ZoneD","AHP","FCU",104499.355642507,1,0,0,0,1
"327301","Tokyo","Hotel","CL5","ZoneD","AHP","FCU",58168.7129551991,1,0,1,0,1
"327313","Tokyo","Hotel","CL5","ZoneD","AHP","FCU",122195.050397712,0,0,0,0,2
"327314","Tokyo","Hotel","CL5","ZoneD","AHP","FCU",57116.9931778888,1,0,0,0,2
"327317","Tokyo","Hotel","CL5","ZoneD","AHP","FCU",31793.7078233734,1,0,1,0,2
"327489","Tokyo","Hotel","CL5","ZoneD","AHP","OHUFCU",158226.925462458,0,0,0,0,1
"327490","Tokyo","Hotel","CL5","ZoneD","AHP","OHUFCU",73920.3817728625,1,0,0,0,1
"327493","Tokyo","Hotel","CL5","ZoneD","AHP","OHUFCU",40982.2989107813,1,0,1,0,1
"327505","Tokyo","Hotel","CL5","ZoneD","AHP","OHUFCU",101750.661528304,0,0,0,0,2
"327506","Tokyo","Hotel","CL5","ZoneD","AHP","OHUFCU",47535.8269386215,1,0,0,0,2
"327681","Tokyo","Hotel","CL5","ZoneD","TB","FCU",84497.3642466239,0,0,0,0,1
"329473","Tokyo","Hotel","CL6b","ZoneD","EHP","MUL",71217.9756892532,0,0,0,0,1
"329489","Tokyo","Hotel","CL6b","ZoneD","EHP","MUL",38185.4206131441,0,0,0,0,2
"329537","Tokyo","Hotel","CL6b","ZoneD","GHP","MUL",2906.66432449696,0,0,0,0,1
"329729","Tokyo","Hotel","CL6b","ZoneD","ABCH","FCU",76721.9338826843,0,0,0,0,1
"329730","Tokyo","Hotel","CL6b","ZoneD","ABCH","FCU",37230.9409060224,1,0,0,0,1
"329733","Tokyo","Hotel","CL6b","ZoneD","ABCH","FCU",37791.6495644603,1,0,1,0,1
"329745","Tokyo","Hotel","CL6b","ZoneD","ABCH","FCU",78171.42163648,0,0,0,0,2
"329921","Tokyo","Hotel","CL6b","ZoneD","ABCH","OHUFCU",83332.1927544824,0,0,0,0,1
"329922","Tokyo","Hotel","CL6b","ZoneD","ABCH","OHUFCU",40388.954360184,1,0,0,0,1
"329925","Tokyo","Hotel","CL6b","ZoneD","ABCH","OHUFCU",40592.9254300041,1,0,1,0,1
"329937","Tokyo","Hotel","CL6b","ZoneD","ABCH","OHUFCU",84646.643432103,0,0,0,0,2
"330113","Tokyo","Hotel","CL6b","ZoneD","AHP","FCU",85538.1224278973,0,0,0,0,1
"330305","Tokyo","Hotel","CL6b","ZoneD","AHP","OHUFCU",92623.5547138481,0,0,0,0,1
"330321","Tokyo","Hotel","CL6b","ZoneD","AHP","OHUFCU",91780.2579215052,0,0,0,0,2
"332289","Tokyo","Hotel","CL6m","ZoneD","EHP","MUL",68761.7746671993,0,0,0,0,1
"332290","Tokyo","Hotel","CL6m","ZoneD","EHP","MUL",32859.9620192974,1,0,0,0,1
"332305","Tokyo","Hotel","CL6m","ZoneD","EHP","MUL",52350.591626377,0,0,0,0,2
"332353","Tokyo","Hotel","CL6m","ZoneD","GHP","MUL",4147.5522683894,0,0,0,0,1
"332369","Tokyo","Hotel","CL6m","ZoneD","GHP","MUL",2136.6178352309,0,0,0,0,2
"332545","Tokyo","Hotel","CL6m","ZoneD","ABCH","FCU",109475.397013867,0,0,0,0,1
"332546","Tokyo","Hotel","CL6m","ZoneD","ABCH","FCU",53125.2515495641,1,0,0,0,1
"332549","Tokyo","Hotel","CL6m","ZoneD","ABCH","FCU",53925.3330892901,1,0,1,0,1
"332561","Tokyo","Hotel","CL6m","ZoneD","ABCH","FCU",111543.687518069,0,0,0,0,2
"332737","Tokyo","Hotel","CL6m","ZoneD","ABCH","OHUFCU",118907.650317872,0,0,0,0,1
"332738","Tokyo","Hotel","CL6m","ZoneD","ABCH","OHUFCU",57631.4567398312,1,0,0,0,1
"332741","Tokyo","Hotel","CL6m","ZoneD","ABCH","OHUFCU",57922.5053711397,1,0,1,0,1
"332753","Tokyo","Hotel","CL6m","ZoneD","ABCH","OHUFCU",61255.4562243581,0,0,0,0,2
"332754","Tokyo","Hotel","CL6m","ZoneD","ABCH","OHUFCU",29688.9322599131,1,0,0,0,2
"332757","Tokyo","Hotel","CL6m","ZoneD","ABCH","OHUFCU",29838.8664033143,1,0,1,0,2
"332929","Tokyo","Hotel","CL6m","ZoneD","AHP","FCU",61711.0894283112,0,0,0,0,1
"332930","Tokyo","Hotel","CL6m","ZoneD","AHP","FCU",29946.6111902878,1,0,0,0,1
"332933","Tokyo","Hotel","CL6m","ZoneD","AHP","FCU",30397.6157519951,1,0,1,0,1
"332945","Tokyo","Hotel","CL6m","ZoneD","AHP","FCU",62876.981160609,0,0,0,0,2
"333121","Tokyo","Hotel","CL6m","ZoneD","AHP","OHUFCU",67028.034084654,0,0,0,0,1
"333122","Tokyo","Hotel","CL6m","ZoneD","AHP","OHUFCU",32486.751158391,1,0,0,0,1
"333125","Tokyo","Hotel","CL6m","ZoneD","AHP","OHUFCU",32650.8147617629,1,0,1,0,1
"333137","Tokyo","Hotel","CL6m","ZoneD","AHP","OHUFCU",68085.309093386,0,0,0,0,2
"335105","Tokyo","Hotel","CL7b","ZoneD","EHP","MUL",11594.3578702809,0,0,0,0,1
"335121","Tokyo","Hotel","CL7b","ZoneD","EHP","MUL",5972.85102408408,0,0,0,0,2
"335361","Tokyo","Hotel","CL7b","ZoneD","ABCH","FCU",59561.1979124745,0,0,0,0,1
"335553","Tokyo","Hotel","CL7b","ZoneD","ABCH","OHUFCU",52242.9587351741,0,0,0,0,1
"335557","Tokyo","Hotel","CL7b","ZoneD","ABCH","OHUFCU",50123.2674635521,1,0,1,0,1
"335569","Tokyo","Hotel","CL7b","ZoneD","ABCH","OHUFCU",42391.1283062991,0,0,0,0,2
"335573","Tokyo","Hotel","CL7b","ZoneD","ABCH","OHUFCU",41026.0295691677,1,0,1,0,2
"337921","Tokyo","Hotel","CL7m","ZoneD","EHP","MUL",60449.2652543791,0,0,0,0,1
"337937","Tokyo","Hotel","CL7m","ZoneD","EHP","MUL",32087.9241053103,0,0,0,0,2
"337985","Tokyo","Hotel","CL7m","ZoneD","GHP","MUL",1839.05800887056,0,0,0,0,1
"338177","Tokyo","Hotel","CL7m","ZoneD","ABCH","FCU",83659.2404703964,0,0,0,0,1
"338178","Tokyo","Hotel","CL7m","ZoneD","ABCH","FCU",42255.6130335488,1,0,0,0,1
"338181","Tokyo","Hotel","CL7m","ZoneD","ABCH","FCU",82384.9701530121,1,0,1,0,1
"338193","Tokyo","Hotel","CL7m","ZoneD","ABCH","FCU",54064.7330887375,0,0,0,0,2
"338197","Tokyo","Hotel","CL7m","ZoneD","ABCH","FCU",53241.2366739373,1,0,1,0,2
"338369","Tokyo","Hotel","CL7m","ZoneD","ABCH","OHUFCU",145342.54269037,0,0,0,0,1
"338370","Tokyo","Hotel","CL7m","ZoneD","ABCH","OHUFCU",73211.2975666876,1,0,0,0,1
"338373","Tokyo","Hotel","CL7m","ZoneD","ABCH","OHUFCU",139445.45480341,1,0,1,0,1
"338385","Tokyo","Hotel","CL7m","ZoneD","ABCH","OHUFCU",74873.4310829176,0,0,0,0,2
"338386","Tokyo","Hotel","CL7m","ZoneD","ABCH","OHUFCU",37714.9108676875,1,0,0,0,2
"338389","Tokyo","Hotel","CL7m","ZoneD","ABCH","OHUFCU",71835.5373229688,1,0,1,0,2
"338561","Tokyo","Hotel","CL7m","ZoneD","AHP","FCU",68142.2574080879,0,0,0,0,1
"338753","Tokyo","Hotel","CL7m","ZoneD","AHP","OHUFCU",59769.6699640547,0,0,0,0,1
"338757","Tokyo","Hotel","CL7m","ZoneD","AHP","OHUFCU",57344.5920052668,1,0,1,0,1
"338769","Tokyo","Hotel","CL7m","ZoneD","AHP","OHUFCU",48498.4734711342,0,0,0,0,2
"338773","Tokyo","Hotel","CL7m","ZoneD","AHP","OHUFCU",46936.7031778342,1,0,1,0,2
"339905","Tokyo","Hotel","CL7m","ZoneD","COM","OHUFCU",60151.7302703329,0,0,0,0,1
"339909","Tokyo","Hotel","CL7m","ZoneD","COM","OHUFCU",58214.696407139,1,0,1,0,1
"339921","Tokyo","Hotel","CL7m","ZoneD","COM","OHUFCU",60976.6440459703,0,0,0,0,2
"340773","Tokyo","Hotel","CL8","ZoneD","EHP","MUL",48068.8956707416,1,0,1,0,3
"340965","Tokyo","Hotel","CL8","ZoneD","ABCH","VAV",77271.0041980681,1,0,1,0,3
"340968","Tokyo","Hotel","CL8","ZoneD","ABCH","VAV",71459.7086205523,1,0,1,1,3
"341025","Tokyo","Hotel","CL8","ZoneD","ABCH","FCU",51229.7384845392,0,0,0,0,3
"341029","Tokyo","Hotel","CL8","ZoneD","ABCH","FCU",87255.968788443,1,0,1,0,3
"341037","Tokyo","Hotel","CL8","ZoneD","ABCH","FCU",57074.6514071877,1,1,1,0,3
"341217","Tokyo","Hotel","CL8","ZoneD","ABCH","OHUFCU",157737.117747683,0,0,0,0,3
"341218","Tokyo","Hotel","CL8","ZoneD","ABCH","OHUFCU",81663.8260235305,1,0,0,0,3
"341221","Tokyo","Hotel","CL8","ZoneD","ABCH","OHUFCU",268120.355000342,1,0,1,0,3
"341229","Tokyo","Hotel","CL8","ZoneD","ABCH","OHUFCU",52001.2353835146,1,1,1,0,3
"341601","Tokyo","Hotel","CL8","ZoneD","AHP","OHUFCU",47342.0818270609,0,0,0,0,3
"341605","Tokyo","Hotel","CL8","ZoneD","AHP","OHUFCU",95670.9540617348,1,0,1,0,3
"341989","Tokyo","Hotel","CL8","ZoneD","TB","OHUFCU",108049.339566566,1,0,1,0,3
"342369","Tokyo","Hotel","CL8","ZoneD","AB","OHUFCU",44244.7741001051,0,0,0,0,3
"342373","Tokyo","Hotel","CL8","ZoneD","AB","OHUFCU",89411.7788454209,1,0,1,0,3
"342565","Tokyo","Hotel","CL8","ZoneD","COM","FCU",75259.3594607347,1,0,1,0,3
"342753","Tokyo","Hotel","CL8","ZoneD","COM","OHUFCU",71839.8168770207,0,0,0,0,3
"342757","Tokyo","Hotel","CL8","ZoneD","COM","OHUFCU",143486.580602264,1,0,1,0,3
"343141","Tokyo","Hotel","CL8","ZoneD","AHP+TESICE","OHUFCU",54319.2101907753,1,0,1,0,3
"343525","Tokyo","Hotel","CL8","ZoneD","COM+TESICE","OHUFCU",82135.1219877109,1,0,1,0,3
"343589","Tokyo","Hotel","CL9","ZoneD","EHP","MUL",42701.3086042742,1,0,1,0,3
"343725","Tokyo","Hotel","CL9","ZoneD","ABCH","CAV",63485.8899186369,1,1,1,0,3
"343781","Tokyo","Hotel","CL9","ZoneD","ABCH","VAV",89171.1305330584,1,0,1,0,3
"343784","Tokyo","Hotel","CL9","ZoneD","ABCH","VAV",197721.163871036,1,0,1,1,3
"343789","Tokyo","Hotel","CL9","ZoneD","ABCH","VAV",29595.205053711,1,1,1,0,3
"343792","Tokyo","Hotel","CL9","ZoneD","ABCH","VAV",65622.1173068153,1,1,1,1,3
"343845","Tokyo","Hotel","CL9","ZoneD","ABCH","FCU",82787.8751585971,1,0,1,0,3
"343853","Tokyo","Hotel","CL9","ZoneD","ABCH","FCU",108249.638381619,1,1,1,0,3
"344033","Tokyo","Hotel","CL9","ZoneD","ABCH","OHUFCU",129112.050146919,0,0,0,0,3
"344034","Tokyo","Hotel","CL9","ZoneD","ABCH","OHUFCU",69353.3164738475,1,0,0,0,3
"344037","Tokyo","Hotel","CL9","ZoneD","ABCH","OHUFCU",430336.244722212,1,0,1,0,3
"344040","Tokyo","Hotel","CL9","ZoneD","ABCH","OHUFCU",65302.0337144102,1,0,1,1,3
"344041","Tokyo","Hotel","CL9","ZoneD","ABCH","OHUFCU",42851.2857935169,0,1,0,0,3
"344045","Tokyo","Hotel","CL9","ZoneD","ABCH","OHUFCU",142825.254412091,1,1,1,0,3
"344421","Tokyo","Hotel","CL9","ZoneD","AHP","OHUFCU",89933.2005145242,1,0,1,0,3
"344552","Tokyo","Hotel","CL9","ZoneD","TB","VAV",62632.9326246297,1,0,1,1,3
"344805","Tokyo","Hotel","CL9","ZoneD","TB","OHUFCU",98941.5378869291,1,0,1,0,3
"344813","Tokyo","Hotel","CL9","ZoneD","TB","OHUFCU",45266.3298307921,1,1,1,0,3
"344933","Tokyo","Hotel","CL9","ZoneD","AB","VAV",41678.2105424416,1,0,1,0,3
"344936","Tokyo","Hotel","CL9","ZoneD","AB","VAV",91660.5666503579,1,0,1,1,3
"345005","Tokyo","Hotel","CL9","ZoneD","AB","FCU",66663.3534876367,1,1,1,0,3
"345185","Tokyo","Hotel","CL9","ZoneD","AB","OHUFCU",54804.2894110768,0,0,0,0,3
"345189","Tokyo","Hotel","CL9","ZoneD","AB","OHUFCU",183161.888614996,1,0,1,0,3
"345197","Tokyo","Hotel","CL9","ZoneD","AB","OHUFCU",69036.8623441064,1,1,1,0,3
"345317","Tokyo","Hotel","CL9","ZoneD","COM","VAV",40433.3618956809,1,0,1,0,3
"345320","Tokyo","Hotel","CL9","ZoneD","COM","VAV",88922.8403691439,1,0,1,1,3
"345328","Tokyo","Hotel","CL9","ZoneD","COM","VAV",31378.4378506999,1,1,1,1,3
"345389","Tokyo","Hotel","CL9","ZoneD","COM","FCU",80360.0449720333,1,1,1,0,3
"345569","Tokyo","Hotel","CL9","ZoneD","COM","OHUFCU",60279.3020762104,0,0,0,0,3
"345570","Tokyo","Hotel","CL9","ZoneD","COM","OHUFCU",32407.0606074087,1,0,0,0,3
"345573","Tokyo","Hotel","CL9","ZoneD","COM","OHUFCU",201459.975693818,1,0,1,0,3
"345581","Tokyo","Hotel","CL9","ZoneD","COM","OHUFCU",75933.7257056568,1,1,1,0,3
"345957","Tokyo","Hotel","CL9","ZoneD","AHP+TESICE","OHUFCU",113058.772331291,1,0,1,0,3
"346085","Tokyo","Hotel","CL9","ZoneD","COM+TESICE","VAV",41847.5300620052,1,0,1,0,3
"346088","Tokyo","Hotel","CL9","ZoneD","COM+TESICE","VAV",92032.9416373399,1,0,1,1,3
"346157","Tokyo","Hotel","CL9","ZoneD","COM+TESICE","FCU",66934.176223021,1,1,1,0,3
"346337","Tokyo","Hotel","CL9","ZoneD","COM+TESICE","OHUFCU",55026.9341895435,0,0,0,0,3
"346341","Tokyo","Hotel","CL9","ZoneD","COM+TESICE","OHUFCU",183905.991650587,1,0,1,0,3
"346349","Tokyo","Hotel","CL9","ZoneD","COM+TESICE","OHUFCU",69317.3275611142,1,1,1,0,3
"346369","Nigata","Hotel","CL1","ZoneD","EHP","MUL",580.235906458362,0,0,0,0,1
"346385","Nigata","Hotel","CL1","ZoneD","EHP","MUL",102.394571727946,0,0,0,0,2
"349185","Nigata","Hotel","CL2","ZoneD","EHP","MUL",66057.8972212114,0,0,0,0,1
"349186","Nigata","Hotel","CL2","ZoneD","EHP","MUL",27288.4966120895,1,0,0,0,1
"349201","Nigata","Hotel","CL2","ZoneD","EHP","MUL",17119.5971626936,0,0,0,0,2
"349249","Nigata","Hotel","CL2","ZoneD","GHP","MUL",3664.65675529619,0,0,0,0,1
"352001","Nigata","Hotel","CL3","ZoneD","EHP","MUL",98057.4099520413,0,0,0,0,1
"352002","Nigata","Hotel","CL3","ZoneD","EHP","MUL",41980.639689952,1,0,0,0,1
"352017","Nigata","Hotel","CL3","ZoneD","EHP","MUL",45867.599951313,0,0,0,0,2
"352065","Nigata","Hotel","CL3","ZoneD","GHP","MUL",5154.23592871807,0,0,0,0,1
"352641","Nigata","Hotel","CL3","ZoneD","AHP","FCU",80199.7106042792,0,0,0,0,1
"352642","Nigata","Hotel","CL3","ZoneD","AHP","FCU",34524.403549117,1,0,0,0,1
"354817","Nigata","Hotel","CL4","ZoneD","EHP","MUL",92379.6250116957,0,0,0,0,1
"354818","Nigata","Hotel","CL4","ZoneD","EHP","MUL",40988.8005551444,1,0,0,0,1
"354833","Nigata","Hotel","CL4","ZoneD","EHP","MUL",24501.3429655414,0,0,0,0,2
"354881","Nigata","Hotel","CL4","ZoneD","GHP","MUL",5472.51790456146,0,0,0,0,1
"355073","Nigata","Hotel","CL4","ZoneD","ABCH","FCU",62914.0299648082,0,0,0,0,1
"355074","Nigata","Hotel","CL4","ZoneD","ABCH","FCU",28151.559696462,1,0,0,0,1
"355457","Nigata","Hotel","CL4","ZoneD","AHP","FCU",98503.0455319833,0,0,0,0,1
"355458","Nigata","Hotel","CL4","ZoneD","AHP","FCU",44076.2476688913,1,0,0,0,1
"355473","Nigata","Hotel","CL4","ZoneD","AHP","FCU",41231.4499168491,0,0,0,0,2
"357633","Nigata","Hotel","CL5","ZoneD","EHP","MUL",87854.2221753192,0,0,0,0,1
"357649","Nigata","Hotel","CL5","ZoneD","EHP","MUL",47238.1277851136,0,0,0,0,2
"357697","Nigata","Hotel","CL5","ZoneD","GHP","MUL",3843.3199957836,0,0,0,0,1
"357889","Nigata","Hotel","CL5","ZoneD","ABCH","FCU",94411.0580315675,0,0,0,0,1
"357905","Nigata","Hotel","CL5","ZoneD","ABCH","FCU",80959.9826016224,0,0,0,0,2
"358081","Nigata","Hotel","CL5","ZoneD","ABCH","OHUFCU",62746.5552539348,0,0,0,0,1
"358273","Nigata","Hotel","CL5","ZoneD","AHP","FCU",93836.3651584034,0,0,0,0,1
"358289","Nigata","Hotel","CL5","ZoneD","AHP","FCU",80467.1682429794,0,0,0,0,2
"358465","Nigata","Hotel","CL5","ZoneD","AHP","OHUFCU",62364.6084897329,0,0,0,0,1
"360449","Nigata","Hotel","CL6b","ZoneD","EHP","MUL",23198.3519300613,0,0,0,0,1
"360465","Nigata","Hotel","CL6b","ZoneD","EHP","MUL",11950.6661457892,0,0,0,0,2
"360705","Nigata","Hotel","CL6b","ZoneD","ABCH","FCU",55347.3370265459,0,0,0,0,1
"360897","Nigata","Hotel","CL6b","ZoneD","ABCH","OHUFCU",63515.0160467256,0,0,0,0,1
"360913","Nigata","Hotel","CL6b","ZoneD","ABCH","OHUFCU",94830.6785268482,0,0,0,0,2
"361281","Nigata","Hotel","CL6b","ZoneD","AHP","OHUFCU",65220.7287729633,0,0,0,0,1
"363265","Nigata","Hotel","CL6m","ZoneD","EHP","MUL",39869.8236950255,0,0,0,0,1
"363281","Nigata","Hotel","CL6m","ZoneD","EHP","MUL",20539.0000853161,0,0,0,0,2
"363521","Nigata","Hotel","CL6m","ZoneD","ABCH","FCU",95122.6438796296,0,0,0,0,1
"363537","Nigata","Hotel","CL6m","ZoneD","ABCH","FCU",75890.6805152375,0,0,0,0,2
"363713","Nigata","Hotel","CL6m","ZoneD","ABCH","OHUFCU",71306.6783189562,0,0,0,0,1
"363717","Nigata","Hotel","CL6m","ZoneD","ABCH","OHUFCU",37853.3387117435,1,0,1,0,1
"363729","Nigata","Hotel","CL6m","ZoneD","ABCH","OHUFCU",87089.9676421713,0,0,0,0,2
"364097","Nigata","Hotel","CL6m","ZoneD","AHP","OHUFCU",73080.5796421143,0,0,0,0,1
"364101","Nigata","Hotel","CL6m","ZoneD","AHP","OHUFCU",39010.9588119382,1,0,1,0,1
"366081","Nigata","Hotel","CL7b","ZoneD","EHP","MUL",4271.76016029971,0,0,0,0,1
"366097","Nigata","Hotel","CL7b","ZoneD","EHP","MUL",2200.60371894228,0,0,0,0,2
"366529","Nigata","Hotel","CL7b","ZoneD","ABCH","OHUFCU",68686.6655693299,0,0,0,0,1
"366545","Nigata","Hotel","CL7b","ZoneD","ABCH","OHUFCU",35384.0398387457,0,0,0,0,2
"368897","Nigata","Hotel","CL7m","ZoneD","EHP","MUL",27641.2024183544,0,0,0,0,1
"368913","Nigata","Hotel","CL7m","ZoneD","EHP","MUL",14239.407306425,0,0,0,0,2
"369153","Nigata","Hotel","CL7m","ZoneD","ABCH","FCU",60107.5212749483,0,0,0,0,1
"369157","Nigata","Hotel","CL7m","ZoneD","ABCH","FCU",60513.1224311343,1,0,1,0,1
"369169","Nigata","Hotel","CL7m","ZoneD","ABCH","FCU",41578.8678927317,0,0,0,0,2
"369173","Nigata","Hotel","CL7m","ZoneD","ABCH","FCU",41859.4390514235,1,0,1,0,2
"369345","Nigata","Hotel","CL7m","ZoneD","ABCH","OHUFCU",84671.9136487213,0,0,0,0,1
"369346","Nigata","Hotel","CL7m","ZoneD","ABCH","OHUFCU",42701.6182929803,1,0,0,0,1
"369349","Nigata","Hotel","CL7m","ZoneD","ABCH","OHUFCU",82994.8879315511,1,0,1,0,1
"369361","Nigata","Hotel","CL7m","ZoneD","ABCH","OHUFCU",58571.0779142088,0,0,0,0,2
"369362","Nigata","Hotel","CL7m","ZoneD","ABCH","OHUFCU",29538.4821757683,1,0,0,0,2
"369365","Nigata","Hotel","CL7m","ZoneD","ABCH","OHUFCU",57411.0096021589,1,0,1,0,2
"369729","Nigata","Hotel","CL7m","ZoneD","AHP","OHUFCU",57048.0325450585,0,0,0,0,1
"369733","Nigata","Hotel","CL7m","ZoneD","AHP","OHUFCU",56412.4879342889,1,0,1,0,1
"371749","Nigata","Hotel","CL8","ZoneD","EHP","MUL",16850.0857960853,1,0,1,0,3
"371941","Nigata","Hotel","CL8","ZoneD","ABCH","VAV",62789.0148119682,1,0,1,0,3
"372005","Nigata","Hotel","CL8","ZoneD","ABCH","FCU",81060.5832824034,1,0,1,0,3
"372193","Nigata","Hotel","CL8","ZoneD","ABCH","OHUFCU",72253.5982031057,0,0,0,0,3
"372194","Nigata","Hotel","CL8","ZoneD","ABCH","OHUFCU",37436.5193990951,1,0,0,0,3
"372197","Nigata","Hotel","CL8","ZoneD","ABCH","OHUFCU",124450.503870932,1,0,1,0,3
"372581","Nigata","Hotel","CL8","ZoneD","AHP","OHUFCU",67386.4064781934,1,0,1,0,3
"373349","Nigata","Hotel","CL8","ZoneD","AB","OHUFCU",59716.2303477566,1,0,1,0,3
"373733","Nigata","Hotel","CL8","ZoneD","COM","OHUFCU",120849.479314389,1,0,1,0,3
"380161","Nagoya","Hotel","CL2","ZoneD","EHP","MUL",160225.426413501,0,0,0,0,1
"380162","Nagoya","Hotel","CL2","ZoneD","EHP","MUL",66255.6475727046,1,0,0,0,1
"380177","Nagoya","Hotel","CL2","ZoneD","EHP","MUL",57011.4886676093,0,0,0,0,2
"380225","Nagoya","Hotel","CL2","ZoneD","GHP","MUL",8704.08837114909,0,0,0,0,1
"380801","Nagoya","Hotel","CL2","ZoneD","AHP","FCU",87879.940092432,0,0,0,0,1
"382977","Nagoya","Hotel","CL3","ZoneD","EHP","MUL",194216.567848251,0,0,0,0,1
"382978","Nagoya","Hotel","CL3","ZoneD","EHP","MUL",83259.4272769156,1,0,0,0,1
"382993","Nagoya","Hotel","CL3","ZoneD","EHP","MUL",64322.1866306403,0,0,0,0,2
"382994","Nagoya","Hotel","CL3","ZoneD","EHP","MUL",27574.5188960934,1,0,0,0,2
"383041","Nagoya","Hotel","CL3","ZoneD","GHP","MUL",11627.3629017264,0,0,0,0,1
"383233","Nagoya","Hotel","CL3","ZoneD","ABCH","FCU",67491.7082462358,0,0,0,0,1
"383617","Nagoya","Hotel","CL3","ZoneD","AHP","FCU",114704.361360922,0,0,0,0,1
"383618","Nagoya","Hotel","CL3","ZoneD","AHP","FCU",49448.5703507755,1,0,0,0,1
"385793","Nagoya","Hotel","CL4","ZoneD","EHP","MUL",229061.463793617,0,0,0,0,1
"385794","Nagoya","Hotel","CL4","ZoneD","EHP","MUL",101398.488821649,1,0,0,0,1
"385797","Nagoya","Hotel","CL4","ZoneD","EHP","MUL",25573.5852710706,1,0,1,0,1
"385809","Nagoya","Hotel","CL4","ZoneD","EHP","MUL",62829.4478622946,0,0,0,0,2
"385857","Nagoya","Hotel","CL4","ZoneD","GHP","MUL",13544.180794712,0,0,0,0,1
"385873","Nagoya","Hotel","CL4","ZoneD","GHP","MUL",2390.14955200801,0,0,0,0,2
"386049","Nagoya","Hotel","CL4","ZoneD","ABCH","FCU",104712.303072515,0,0,0,0,1
"386050","Nagoya","Hotel","CL4","ZoneD","ABCH","FCU",46738.279580266,1,0,0,0,1
"386241","Nagoya","Hotel","CL4","ZoneD","ABCH","OHUFCU",63570.8455874301,0,0,0,0,1
"386433","Nagoya","Hotel","CL4","ZoneD","AHP","FCU",167682.43861722,0,0,0,0,1
"386434","Nagoya","Hotel","CL4","ZoneD","AHP","FCU",74844.9653653886,1,0,0,0,1
"386449","Nagoya","Hotel","CL4","ZoneD","AHP","FCU",68247.7266506453,0,0,0,0,2
"386450","Nagoya","Hotel","CL4","ZoneD","AHP","FCU",30460.8941040757,1,0,0,0,2
"386625","Nagoya","Hotel","CL4","ZoneD","AHP","OHUFCU",70387.5397202123,0,0,0,0,1
"386626","Nagoya","Hotel","CL4","ZoneD","AHP","OHUFCU",31412.4790003865,1,0,0,0,1
"388609","Nagoya","Hotel","CL5","ZoneD","EHP","MUL",160222.446726506,0,0,0,0,1
"388610","Nagoya","Hotel","CL5","ZoneD","EHP","MUL",73874.4758329188,1,0,0,0,1
"388613","Nagoya","Hotel","CL5","ZoneD","EHP","MUL",36395.620372571,1,0,1,0,1
"388625","Nagoya","Hotel","CL5","ZoneD","EHP","MUL",95371.3506706773,0,0,0,0,2
"388626","Nagoya","Hotel","CL5","ZoneD","EHP","MUL",43973.2926579269,1,0,0,0,2
"388673","Nagoya","Hotel","CL5","ZoneD","GHP","MUL",10476.4208828031,0,0,0,0,1
"388689","Nagoya","Hotel","CL5","ZoneD","GHP","MUL",5396.94409114097,0,0,0,0,2
"388865","Nagoya","Hotel","CL5","ZoneD","ABCH","FCU",160283.597660105,0,0,0,0,1
"388866","Nagoya","Hotel","CL5","ZoneD","ABCH","FCU",74806.9865429852,1,0,0,0,1
"388869","Nagoya","Hotel","CL5","ZoneD","ABCH","FCU",40644.8723007247,1,0,1,0,1
"388881","Nagoya","Hotel","CL5","ZoneD","ABCH","FCU",103605.232365463,0,0,0,0,2
"388882","Nagoya","Hotel","CL5","ZoneD","ABCH","FCU",48354.2629220326,1,0,0,0,2
"389057","Nagoya","Hotel","CL5","ZoneD","ABCH","OHUFCU",111498.098510202,0,0,0,0,1
"389058","Nagoya","Hotel","CL5","ZoneD","ABCH","OHUFCU",52011.6843412652,1,0,0,0,1
"389061","Nagoya","Hotel","CL5","ZoneD","ABCH","OHUFCU",28150.5802434816,1,0,1,0,1
"389073","Nagoya","Hotel","CL5","ZoneD","ABCH","OHUFCU",72026.3244634075,0,0,0,0,2
"389074","Nagoya","Hotel","CL5","ZoneD","ABCH","OHUFCU",33598.8730059779,1,0,0,0,2
"389249","Nagoya","Hotel","CL5","ZoneD","AHP","FCU",150341.662788055,0,0,0,0,1
"389250","Nagoya","Hotel","CL5","ZoneD","AHP","FCU",70166.9223128209,1,0,0,0,1
"389253","Nagoya","Hotel","CL5","ZoneD","AHP","FCU",38123.7866800145,1,0,1,0,1
"389265","Nagoya","Hotel","CL5","ZoneD","AHP","FCU",97178.8950008295,0,0,0,0,2
"389266","Nagoya","Hotel","CL5","ZoneD","AHP","FCU",45354.985767197,1,0,0,0,2
"389441","Nagoya","Hotel","CL5","ZoneD","AHP","OHUFCU",104582.189147495,0,0,0,0,1
"389442","Nagoya","Hotel","CL5","ZoneD","AHP","OHUFCU",48785.5477567656,1,0,0,0,1
"389445","Nagoya","Hotel","CL5","ZoneD","AHP","OHUFCU",26404.479959505,1,0,1,0,1
"389457","Nagoya","Hotel","CL5","ZoneD","AHP","OHUFCU",67558.73677919,0,0,0,0,2
"389458","Nagoya","Hotel","CL5","ZoneD","AHP","OHUFCU",31514.8306455857,1,0,0,0,2
"389633","Nagoya","Hotel","CL5","ZoneD","TB","FCU",63219.6300706705,0,0,0,0,1
"391425","Nagoya","Hotel","CL6b","ZoneD","EHP","MUL",95271.7723521657,0,0,0,0,1
"391441","Nagoya","Hotel","CL6b","ZoneD","EHP","MUL",50494.0804195151,0,0,0,0,2
"391489","Nagoya","Hotel","CL6b","ZoneD","GHP","MUL",2746.14846218689,0,0,0,0,1
"391681","Nagoya","Hotel","CL6b","ZoneD","ABCH","FCU",100992.9091989,0,0,0,0,1
"391682","Nagoya","Hotel","CL6b","ZoneD","ABCH","FCU",48917.4667981277,1,0,0,0,1
"391685","Nagoya","Hotel","CL6b","ZoneD","ABCH","FCU",48177.4144532859,1,0,1,0,1
"391697","Nagoya","Hotel","CL6b","ZoneD","ABCH","FCU",102045.225383495,0,0,0,0,2
"391873","Nagoya","Hotel","CL6b","ZoneD","ABCH","OHUFCU",107352.699395837,0,0,0,0,1
"391874","Nagoya","Hotel","CL6b","ZoneD","ABCH","OHUFCU",51936.4632755235,1,0,0,0,1
"391877","Nagoya","Hotel","CL6b","ZoneD","ABCH","OHUFCU",50667.317651436,1,0,1,0,1
"391889","Nagoya","Hotel","CL6b","ZoneD","ABCH","OHUFCU",72893.8695391161,0,0,0,0,2
"391890","Nagoya","Hotel","CL6b","ZoneD","ABCH","OHUFCU",35265.5294150519,1,0,0,0,2
"392065","Nagoya","Hotel","CL6b","ZoneD","AHP","FCU",78930.9050108423,0,0,0,0,1
"392066","Nagoya","Hotel","CL6b","ZoneD","AHP","FCU",38231.3962023791,1,0,0,0,1
"392081","Nagoya","Hotel","CL6b","ZoneD","AHP","FCU",60356.3369886293,0,0,0,0,2
"392257","Nagoya","Hotel","CL6b","ZoneD","AHP","OHUFCU",63495.5303104474,0,0,0,0,1
"392258","Nagoya","Hotel","CL6b","ZoneD","AHP","OHUFCU",30718.6805426182,1,0,0,0,1
"392261","Nagoya","Hotel","CL6b","ZoneD","AHP","OHUFCU",29968.023364027,1,0,1,0,1
"392273","Nagoya","Hotel","CL6b","ZoneD","AHP","OHUFCU",63972.6661118357,0,0,0,0,2
"394241","Nagoya","Hotel","CL6m","ZoneD","EHP","MUL",68473.3711566871,0,0,0,0,1
"394242","Nagoya","Hotel","CL6m","ZoneD","EHP","MUL",32665.6761310429,1,0,0,0,1
"394245","Nagoya","Hotel","CL6m","ZoneD","EHP","MUL",28235.4831438103,1,0,1,0,1
"394257","Nagoya","Hotel","CL6m","ZoneD","EHP","MUL",66647.485373824,0,0,0,0,2
"394305","Nagoya","Hotel","CL6m","ZoneD","GHP","MUL",3729.13885214028,0,0,0,0,1
"394321","Nagoya","Hotel","CL6m","ZoneD","GHP","MUL",1921.07152989045,0,0,0,0,2
"394497","Nagoya","Hotel","CL6m","ZoneD","ABCH","FCU",119831.673280468,0,0,0,0,1
"394498","Nagoya","Hotel","CL6m","ZoneD","ABCH","FCU",58042.3115400781,1,0,0,0,1
"394501","Nagoya","Hotel","CL6m","ZoneD","ABCH","FCU",57164.2131517757,1,0,1,0,1
"394513","Nagoya","Hotel","CL6m","ZoneD","ABCH","FCU",70649.7136823826,0,0,0,0,2
"394514","Nagoya","Hotel","CL6m","ZoneD","ABCH","FCU",34220.2739852632,1,0,0,0,2
"394517","Nagoya","Hotel","CL6m","ZoneD","ABCH","FCU",33702.569458403,1,0,1,0,2
"394689","Nagoya","Hotel","CL6m","ZoneD","ABCH","OHUFCU",127377.790201516,0,0,0,0,1
"394690","Nagoya","Hotel","CL6m","ZoneD","ABCH","OHUFCU",61624.4580727786,1,0,0,0,1
"394693","Nagoya","Hotel","CL6m","ZoneD","ABCH","OHUFCU",60118.5717191983,1,0,1,0,1
"394705","Nagoya","Hotel","CL6m","ZoneD","ABCH","OHUFCU",75098.71272655,0,0,0,0,2
"394706","Nagoya","Hotel","CL6m","ZoneD","ABCH","OHUFCU",36332.2166793395,1,0,0,0,2
"394709","Nagoya","Hotel","CL6m","ZoneD","ABCH","OHUFCU",35444.3842990836,1,0,1,0,2
"394881","Nagoya","Hotel","CL6m","ZoneD","AHP","FCU",70876.4258910351,0,0,0,0,1
"394882","Nagoya","Hotel","CL6m","ZoneD","AHP","FCU",34330.085525771,1,0,0,0,1
"394885","Nagoya","Hotel","CL6m","ZoneD","AHP","FCU",33810.7197050343,1,0,1,0,1
"394897","Nagoya","Hotel","CL6m","ZoneD","AHP","FCU",81961.0317272976,0,0,0,0,2
"395073","Nagoya","Hotel","CL6m","ZoneD","AHP","OHUFCU",75339.7016016887,0,0,0,0,1
"395074","Nagoya","Hotel","CL6m","ZoneD","AHP","OHUFCU",36448.8053625669,1,0,0,0,1
"395077","Nagoya","Hotel","CL6m","ZoneD","AHP","OHUFCU",35558.1239624162,1,0,1,0,1
"395089","Nagoya","Hotel","CL6m","ZoneD","AHP","OHUFCU",86871.8344829272,0,0,0,0,2
"395457","Nagoya","Hotel","CL6m","ZoneD","TB","OHUFCU",56561.9055514773,0,0,0,0,1
"396225","Nagoya","Hotel","CL6m","ZoneD","COM","OHUFCU",54754.2922201444,0,0,0,0,1
"397057","Nagoya","Hotel","CL7b","ZoneD","EHP","MUL",11348.6859021062,0,0,0,0,1
"397073","Nagoya","Hotel","CL7b","ZoneD","EHP","MUL",5846.29273744864,0,0,0,0,2
"397317","Nagoya","Hotel","CL7b","ZoneD","ABCH","FCU",66242.5905975321,1,0,1,0,1
"397505","Nagoya","Hotel","CL7b","ZoneD","ABCH","OHUFCU",58263.4580035026,0,0,0,0,1
"397509","Nagoya","Hotel","CL7b","ZoneD","ABCH","OHUFCU",56779.3011377482,1,0,1,0,1
"397521","Nagoya","Hotel","CL7b","ZoneD","ABCH","OHUFCU",47092.2939098956,0,0,0,0,2
"397525","Nagoya","Hotel","CL7b","ZoneD","ABCH","OHUFCU",46297.1286828106,1,0,1,0,2
"399873","Nagoya","Hotel","CL7m","ZoneD","EHP","MUL",55788.103202508,0,0,0,0,1
"399889","Nagoya","Hotel","CL7m","ZoneD","EHP","MUL",29890.0739275405,0,0,0,0,2
"399937","Nagoya","Hotel","CL7m","ZoneD","GHP","MUL",2233.80500977654,0,0,0,0,1
"400129","Nagoya","Hotel","CL7m","ZoneD","ABCH","FCU",81204.7270950182,0,0,0,0,1
"400130","Nagoya","Hotel","CL7m","ZoneD","ABCH","FCU",41052.7305530717,1,0,0,0,1
"400133","Nagoya","Hotel","CL7m","ZoneD","ABCH","FCU",81265.7914405835,1,0,1,0,1
"400145","Nagoya","Hotel","CL7m","ZoneD","ABCH","FCU",56846.6143155017,0,0,0,0,2
"400149","Nagoya","Hotel","CL7m","ZoneD","ABCH","FCU",56889.3618429546,1,0,1,0,2
"400321","Nagoya","Hotel","CL7m","ZoneD","ABCH","OHUFCU",142599.27936028,0,0,0,0,1
"400322","Nagoya","Hotel","CL7m","ZoneD","ABCH","OHUFCU",71890.4303008483,1,0,0,0,1
"400325","Nagoya","Hotel","CL7m","ZoneD","ABCH","OHUFCU",138966.819036668,1,0,1,0,1
"400337","Nagoya","Hotel","CL7m","ZoneD","ABCH","OHUFCU",79689.5111991237,0,0,0,0,2
"400338","Nagoya","Hotel","CL7m","ZoneD","ABCH","OHUFCU",40174.9102538945,1,0,0,0,2
"400341","Nagoya","Hotel","CL7m","ZoneD","ABCH","OHUFCU",77659.5641409237,1,0,1,0,2
"400517","Nagoya","Hotel","CL7m","ZoneD","AHP","FCU",69026.7192449467,1,0,1,0,1
"400705","Nagoya","Hotel","CL7m","ZoneD","AHP","OHUFCU",60712.2294217361,0,0,0,0,1
"400709","Nagoya","Hotel","CL7m","ZoneD","AHP","OHUFCU",59165.6945056982,1,0,1,0,1
"400721","Nagoya","Hotel","CL7m","ZoneD","AHP","OHUFCU",53232.7154553905,0,0,0,0,2
"400725","Nagoya","Hotel","CL7m","ZoneD","AHP","OHUFCU",52333.8676661019,1,0,1,0,2
"401089","Nagoya","Hotel","CL7m","ZoneD","TB","OHUFCU",72451.1990172395,0,0,0,0,1
"401857","Nagoya","Hotel","CL7m","ZoneD","COM","OHUFCU",54718.8254905778,0,0,0,0,1
"401861","Nagoya","Hotel","CL7m","ZoneD","COM","OHUFCU",53794.8843595659,1,0,1,0,1
"401873","Nagoya","Hotel","CL7m","ZoneD","COM","OHUFCU",60641.2917032605,0,0,0,0,2
"402725","Nagoya","Hotel","CL8","ZoneD","EHP","MUL",37959.1860014617,1,0,1,0,3
"402917","Nagoya","Hotel","CL8","ZoneD","ABCH","VAV",66770.0160299071,1,0,1,0,3
"402920","Nagoya","Hotel","CL8","ZoneD","ABCH","VAV",65413.6621105398,1,0,1,1,3
"402977","Nagoya","Hotel","CL8","ZoneD","ABCH","FCU",40469.4414391063,0,0,0,0,3
"402981","Nagoya","Hotel","CL8","ZoneD","ABCH","FCU",72259.5881008298,1,0,1,0,3
"402989","Nagoya","Hotel","CL8","ZoneD","ABCH","FCU",49778.386998587,1,1,1,0,3
"403169","Nagoya","Hotel","CL8","ZoneD","ABCH","OHUFCU",131252.104662256,0,0,0,0,3
"403170","Nagoya","Hotel","CL8","ZoneD","ABCH","OHUFCU",68132.3251159569,1,0,0,0,3
"403173","Nagoya","Hotel","CL8","ZoneD","ABCH","OHUFCU",233879.244250719,1,0,1,0,3
"403181","Nagoya","Hotel","CL8","ZoneD","ABCH","OHUFCU",47475.2940939017,1,1,1,0,3
"403557","Nagoya","Hotel","CL8","ZoneD","AHP","OHUFCU",130110.503758321,1,0,1,0,3
"403941","Nagoya","Hotel","CL8","ZoneD","TB","OHUFCU",94694.7350589089,1,0,1,0,3
"404325","Nagoya","Hotel","CL8","ZoneD","AB","OHUFCU",122171.893188462,1,0,1,0,3
"404517","Nagoya","Hotel","CL8","ZoneD","COM","FCU",64209.4832870644,1,0,1,0,3
"404705","Nagoya","Hotel","CL8","ZoneD","COM","OHUFCU",61398.499434605,0,0,0,0,3
"404709","Nagoya","Hotel","CL8","ZoneD","COM","OHUFCU",128549.758907231,1,0,1,0,3
"405477","Nagoya","Hotel","CL8","ZoneD","COM+TESICE","OHUFCU",77787.9321120864,1,0,1,0,3
"411137","Osaka","Hotel","CL2","ZoneD","EHP","MUL",82222.1576511452,0,0,0,0,1
"411138","Osaka","Hotel","CL2","ZoneD","EHP","MUL",33922.071018569,1,0,0,0,1
"411153","Osaka","Hotel","CL2","ZoneD","EHP","MUL",20995.7323744445,0,0,0,0,2
"411201","Osaka","Hotel","CL2","ZoneD","GHP","MUL",2831.58811880426,0,0,0,0,1
"413953","Osaka","Hotel","CL3","ZoneD","EHP","MUL",91338.1336681098,0,0,0,0,1
"413954","Osaka","Hotel","CL3","ZoneD","EHP","MUL",39058.5667478613,1,0,0,0,1
"413969","Osaka","Hotel","CL3","ZoneD","EHP","MUL",39245.8689711784,0,0,0,0,2
"414017","Osaka","Hotel","CL3","ZoneD","GHP","MUL",3091.90952484644,0,0,0,0,1
"414593","Osaka","Hotel","CL3","ZoneD","AHP","FCU",62173.4948467616,0,0,0,0,1
"414594","Osaka","Hotel","CL3","ZoneD","AHP","FCU",26731.1527157654,1,0,0,0,1
"416769","Osaka","Hotel","CL4","ZoneD","EHP","MUL",122072.892989348,0,0,0,0,1
"416770","Osaka","Hotel","CL4","ZoneD","EHP","MUL",54051.3670345418,1,0,0,0,1
"416785","Osaka","Hotel","CL4","ZoneD","EHP","MUL",31858.4664433576,0,0,0,0,2
"416833","Osaka","Hotel","CL4","ZoneD","GHP","MUL",4407.04982180333,0,0,0,0,1
"417025","Osaka","Hotel","CL4","ZoneD","ABCH","FCU",65607.5147201391,0,0,0,0,1
"417026","Osaka","Hotel","CL4","ZoneD","ABCH","FCU",29290.4398271737,1,0,0,0,1
"417409","Osaka","Hotel","CL4","ZoneD","AHP","FCU",103164.946466708,0,0,0,0,1
"417410","Osaka","Hotel","CL4","ZoneD","AHP","FCU",46057.9351259765,1,0,0,0,1
"417425","Osaka","Hotel","CL4","ZoneD","AHP","FCU",43080.1475541172,0,0,0,0,2
"419585","Osaka","Hotel","CL5","ZoneD","EHP","MUL",119932.2316487,0,0,0,0,1
"419586","Osaka","Hotel","CL5","ZoneD","EHP","MUL",55195.2745525629,1,0,0,0,1
"419601","Osaka","Hotel","CL5","ZoneD","EHP","MUL",90217.2001642863,0,0,0,0,2
"419649","Osaka","Hotel","CL5","ZoneD","GHP","MUL",5533.81763031099,0,0,0,0,1
"419665","Osaka","Hotel","CL5","ZoneD","GHP","MUL",2850.75453682687,0,0,0,0,2
"419841","Osaka","Hotel","CL5","ZoneD","ABCH","FCU",114171.765761539,0,0,0,0,1
"419842","Osaka","Hotel","CL5","ZoneD","ABCH","FCU",53177.7782150691,1,0,0,0,1
"419857","Osaka","Hotel","CL5","ZoneD","ABCH","FCU",86210.3711394647,0,0,0,0,2
"420033","Osaka","Hotel","CL5","ZoneD","ABCH","OHUFCU",77570.7617173275,0,0,0,0,1
"420034","Osaka","Hotel","CL5","ZoneD","ABCH","OHUFCU",36112.7452326143,1,0,0,0,1
"420049","Osaka","Hotel","CL5","ZoneD","ABCH","OHUFCU",58564.2308530003,0,0,0,0,2
"420225","Osaka","Hotel","CL5","ZoneD","AHP","FCU",108058.549071489,0,0,0,0,1
"420226","Osaka","Hotel","CL5","ZoneD","AHP","FCU",50330.4255516868,1,0,0,0,1
"420241","Osaka","Hotel","CL5","ZoneD","AHP","FCU",81594.3202604236,0,0,0,0,2
"420417","Osaka","Hotel","CL5","ZoneD","AHP","OHUFCU",73417.3103624562,0,0,0,0,1
"420418","Osaka","Hotel","CL5","ZoneD","AHP","OHUFCU",34179.1232429127,1,0,0,0,1
"420433","Osaka","Hotel","CL5","ZoneD","AHP","OHUFCU",55428.4657967052,0,0,0,0,2
"422401","Osaka","Hotel","CL6b","ZoneD","EHP","MUL",26816.1998231674,0,0,0,0,1
"422417","Osaka","Hotel","CL6b","ZoneD","EHP","MUL",13814.4059695105,0,0,0,0,2
"422657","Osaka","Hotel","CL6b","ZoneD","ABCH","FCU",59960.7210711316,0,0,0,0,1
"422849","Osaka","Hotel","CL6b","ZoneD","ABCH","OHUFCU",69967.6382807404,0,0,0,0,1
"422865","Osaka","Hotel","CL6b","ZoneD","ABCH","OHUFCU",101818.007299792,0,0,0,0,2
"423233","Osaka","Hotel","CL6b","ZoneD","AHP","OHUFCU",67718.3607006645,0,0,0,0,1
"425217","Osaka","Hotel","CL6m","ZoneD","EHP","MUL",45431.252588463,0,0,0,0,1
"425233","Osaka","Hotel","CL6m","ZoneD","EHP","MUL",23403.9786061779,0,0,0,0,2
"425473","Osaka","Hotel","CL6m","ZoneD","ABCH","FCU",101583.769599431,0,0,0,0,1
"425489","Osaka","Hotel","CL6m","ZoneD","ABCH","FCU",79605.8462233344,0,0,0,0,2
"425665","Osaka","Hotel","CL6m","ZoneD","ABCH","OHUFCU",58337.9312967212,0,0,0,0,1
"425666","Osaka","Hotel","CL6m","ZoneD","ABCH","OHUFCU",28454.367722777,1,0,0,0,1
"425669","Osaka","Hotel","CL6m","ZoneD","ABCH","OHUFCU",31744.9086651016,1,0,1,0,1
"425681","Osaka","Hotel","CL6m","ZoneD","ABCH","OHUFCU",92891.3621131906,0,0,0,0,2
"426049","Osaka","Hotel","CL6m","ZoneD","AHP","OHUFCU",74148.5550337532,0,0,0,0,1
"426053","Osaka","Hotel","CL6m","ZoneD","AHP","OHUFCU",40577.9897472344,1,0,1,0,1
"428033","Osaka","Hotel","CL7b","ZoneD","EHP","MUL",7137.81118168548,0,0,0,0,1
"428049","Osaka","Hotel","CL7b","ZoneD","EHP","MUL",3677.0542451107,0,0,0,0,2
"428481","Osaka","Hotel","CL7b","ZoneD","ABCH","OHUFCU",55669.8273123002,0,0,0,0,1
"428485","Osaka","Hotel","CL7b","ZoneD","ABCH","OHUFCU",54112.8791058663,1,0,1,0,1
"428497","Osaka","Hotel","CL7b","ZoneD","ABCH","OHUFCU",56554.7275487524,0,0,0,0,2
"430849","Osaka","Hotel","CL7m","ZoneD","EHP","MUL",45528.556295877,0,0,0,0,1
"430865","Osaka","Hotel","CL7m","ZoneD","EHP","MUL",23454.1047584821,0,0,0,0,2
"431105","Osaka","Hotel","CL7m","ZoneD","ABCH","FCU",67553.2859373597,0,0,0,0,1
"431106","Osaka","Hotel","CL7m","ZoneD","ABCH","FCU",34127.7109939122,1,0,0,0,1
"431109","Osaka","Hotel","CL7m","ZoneD","ABCH","FCU",66823.1951143406,1,0,1,0,1
"431121","Osaka","Hotel","CL7m","ZoneD","ABCH","FCU",50054.0748569162,0,0,0,0,2
"431125","Osaka","Hotel","CL7m","ZoneD","ABCH","FCU",49513.1090075032,1,0,1,0,2
"431297","Osaka","Hotel","CL7m","ZoneD","ABCH","OHUFCU",117668.662884289,0,0,0,0,1
"431298","Osaka","Hotel","CL7m","ZoneD","ABCH","OHUFCU",59282.6143977926,1,0,0,0,1
"431301","Osaka","Hotel","CL7m","ZoneD","ABCH","OHUFCU",113385.013646454,1,0,1,0,1
"431313","Osaka","Hotel","CL7m","ZoneD","ABCH","OHUFCU",69529.0559258548,0,0,0,0,2
"431314","Osaka","Hotel","CL7m","ZoneD","ABCH","OHUFCU",35029.4131917543,1,0,0,0,2
"431317","Osaka","Hotel","CL7m","ZoneD","ABCH","OHUFCU",66997.8969908967,1,0,1,0,2
"431681","Osaka","Hotel","CL7m","ZoneD","AHP","OHUFCU",61242.4637403687,0,0,0,0,1
"431682","Osaka","Hotel","CL7m","ZoneD","AHP","OHUFCU",30882.5493564492,1,0,0,0,1
"431685","Osaka","Hotel","CL7m","ZoneD","AHP","OHUFCU",59529.6625932905,1,0,1,0,1
"431697","Osaka","Hotel","CL7m","ZoneD","AHP","OHUFCU",45440.9350999583,0,0,0,0,2
"431701","Osaka","Hotel","CL7m","ZoneD","AHP","OHUFCU",44170.0638611152,1,0,1,0,2
"432833","Osaka","Hotel","CL7m","ZoneD","COM","OHUFCU",45513.5814161952,0,0,0,0,1
"432837","Osaka","Hotel","CL7m","ZoneD","COM","OHUFCU",44240.678438487,1,0,1,0,1
"433701","Osaka","Hotel","CL8","ZoneD","EHP","MUL",49276.0746888685,1,0,1,0,3
"433893","Osaka","Hotel","CL8","ZoneD","ABCH","VAV",80195.8929304948,1,0,1,0,3
"433896","Osaka","Hotel","CL8","ZoneD","ABCH","VAV",74777.0434997882,1,0,1,1,3
"433953","Osaka","Hotel","CL8","ZoneD","ABCH","FCU",52457.0377977508,0,0,0,0,3
"433957","Osaka","Hotel","CL8","ZoneD","ABCH","FCU",89994.2935053256,1,0,1,0,3
"433965","Osaka","Hotel","CL8","ZoneD","ABCH","FCU",59311.9454311496,1,1,1,0,3
"434145","Osaka","Hotel","CL8","ZoneD","ABCH","OHUFCU",155198.846283173,0,0,0,0,3
"434146","Osaka","Hotel","CL8","ZoneD","ABCH","OHUFCU",80386.0357124739,1,0,0,0,3
"434149","Osaka","Hotel","CL8","ZoneD","ABCH","OHUFCU",265718.297876248,1,0,1,0,3
"434153","Osaka","Hotel","CL8","ZoneD","ABCH","OHUFCU",27197.2971321764,0,1,0,0,3
"434157","Osaka","Hotel","CL8","ZoneD","ABCH","OHUFCU",51861.9490695477,1,1,1,0,3
"434529","Osaka","Hotel","CL8","ZoneD","AHP","OHUFCU",49767.5824923875,0,0,0,0,3
"434533","Osaka","Hotel","CL8","ZoneD","AHP","OHUFCU",101300.503467367,1,0,1,0,3
"434917","Osaka","Hotel","CL8","ZoneD","TB","OHUFCU",112430.181455392,1,0,1,0,3
"435297","Osaka","Hotel","CL8","ZoneD","AB","OHUFCU",46056.9377105872,0,0,0,0,3
"435301","Osaka","Hotel","CL8","ZoneD","AB","OHUFCU",93747.5911947566,1,0,1,0,3
"435493","Osaka","Hotel","CL8","ZoneD","COM","FCU",77948.3329389825,1,0,1,0,3
"435681","Osaka","Hotel","CL8","ZoneD","COM","OHUFCU",74446.6712329635,0,0,0,0,3
"435685","Osaka","Hotel","CL8","ZoneD","COM","OHUFCU",149767.984402573,1,0,1,0,3
"436069","Osaka","Hotel","CL8","ZoneD","AHP+TESICE","OHUFCU",52372.6056591739,1,0,1,0,3
"436453","Osaka","Hotel","CL8","ZoneD","COM+TESICE","OHUFCU",86184.0763066985,1,0,1,0,3
"436517","Osaka","Hotel","CL9","ZoneD","EHP","MUL",27000.9745336482,1,0,1,0,3
"436709","Osaka","Hotel","CL9","ZoneD","ABCH","VAV",62562.8459504407,1,0,1,0,3
"436712","Osaka","Hotel","CL9","ZoneD","ABCH","VAV",131125.980364956,1,0,1,1,3
"436720","Osaka","Hotel","CL9","ZoneD","ABCH","VAV",44474.0532684732,1,1,1,1,3
"436773","Osaka","Hotel","CL9","ZoneD","ABCH","FCU",53968.0422520929,1,0,1,0,3
"436781","Osaka","Hotel","CL9","ZoneD","ABCH","FCU",71382.6549616645,1,1,1,0,3
"436961","Osaka","Hotel","CL9","ZoneD","ABCH","OHUFCU",83411.3489224749,0,0,0,0,3
"436962","Osaka","Hotel","CL9","ZoneD","ABCH","OHUFCU",44747.0751691829,1,0,0,0,3
"436965","Osaka","Hotel","CL9","ZoneD","ABCH","OHUFCU",268684.682248263,1,0,1,0,3
"436968","Osaka","Hotel","CL9","ZoneD","ABCH","OHUFCU",39340.047434129,1,0,1,1,3
"436969","Osaka","Hotel","CL9","ZoneD","ABCH","OHUFCU",28490.064277088,0,1,0,0,3
"436973","Osaka","Hotel","CL9","ZoneD","ABCH","OHUFCU",97785.4617652168,1,1,1,0,3
"437349","Osaka","Hotel","CL9","ZoneD","AHP","OHUFCU",62695.5182727965,1,0,1,0,3
"437733","Osaka","Hotel","CL9","ZoneD","TB","OHUFCU",125986.610851627,1,0,1,0,3
"437864","Osaka","Hotel","CL9","ZoneD","AB","VAV",89968.006834574,1,0,1,1,3
"438113","Osaka","Hotel","CL9","ZoneD","AB","OHUFCU",37577.0654534663,0,0,0,0,3
"438117","Osaka","Hotel","CL9","ZoneD","AB","OHUFCU",121063.505815382,1,0,1,0,3
"438125","Osaka","Hotel","CL9","ZoneD","AB","OHUFCU",53832.8689175483,1,1,1,0,3
"438245","Osaka","Hotel","CL9","ZoneD","COM","VAV",39162.1592241024,1,0,1,0,3
"438248","Osaka","Hotel","CL9","ZoneD","COM","VAV",70758.1386137895,1,0,1,1,3
"438497","Osaka","Hotel","CL9","ZoneD","COM","OHUFCU",45910.5672321248,0,0,0,0,3
"438501","Osaka","Hotel","CL9","ZoneD","COM","OHUFCU",147911.875395824,1,0,1,0,3
"438509","Osaka","Hotel","CL9","ZoneD","COM","OHUFCU",65771.4357923412,1,1,1,0,3
"438885","Osaka","Hotel","CL9","ZoneD","AHP+TESICE","OHUFCU",64854.2008387953,1,0,1,0,3
"439016","Osaka","Hotel","CL9","ZoneD","COM+TESICE","VAV",85951.8225592309,1,0,1,1,3
"439265","Osaka","Hotel","CL9","ZoneD","COM+TESICE","OHUFCU",35899.6200515108,0,0,0,0,3
"439269","Osaka","Hotel","CL9","ZoneD","COM+TESICE","OHUFCU",115659.214162376,1,0,1,0,3
"439277","Osaka","Hotel","CL9","ZoneD","COM+TESICE","OHUFCU",51429.7621993923,1,1,1,0,3
"442113","Hiroshima","Hotel","CL2","ZoneD","EHP","MUL",78457.5985477691,0,0,0,0,1
"442129","Hiroshima","Hotel","CL2","ZoneD","EHP","MUL",14050.9901274411,0,0,0,0,2
"442177","Hiroshima","Hotel","CL2","ZoneD","GHP","MUL",1164.67884106369,0,0,0,0,1
"444929","Hiroshima","Hotel","CL3","ZoneD","EHP","MUL",86075.3983777053,0,0,0,0,1
"444945","Hiroshima","Hotel","CL3","ZoneD","EHP","MUL",25840.9013774748,0,0,0,0,2
"444993","Hiroshima","Hotel","CL3","ZoneD","GHP","MUL",1513.3424994673,0,0,0,0,1
"445569","Hiroshima","Hotel","CL3","ZoneD","AHP","FCU",58843.0335951845,0,0,0,0,1
"447745","Hiroshima","Hotel","CL4","ZoneD","EHP","MUL",84573.6934744977,0,0,0,0,1
"447746","Hiroshima","Hotel","CL4","ZoneD","EHP","MUL",37404.6993183762,1,0,0,0,1
"447761","Hiroshima","Hotel","CL4","ZoneD","EHP","MUL",21925.2054272179,0,0,0,0,2
"447809","Hiroshima","Hotel","CL4","ZoneD","GHP","MUL",2264.43796136073,0,0,0,0,1
"448001","Hiroshima","Hotel","CL4","ZoneD","ABCH","FCU",62815.1974781088,0,0,0,0,1
"448385","Hiroshima","Hotel","CL4","ZoneD","AHP","FCU",69378.7821528003,0,0,0,0,1
"448386","Hiroshima","Hotel","CL4","ZoneD","AHP","FCU",30935.5470228022,1,0,0,0,1
"448401","Hiroshima","Hotel","CL4","ZoneD","AHP","FCU",28787.5635271255,0,0,0,0,2
"450561","Hiroshima","Hotel","CL5","ZoneD","EHP","MUL",70033.0259783371,0,0,0,0,1
"450562","Hiroshima","Hotel","CL5","ZoneD","EHP","MUL",32415.6746804195,1,0,0,0,1
"450577","Hiroshima","Hotel","CL5","ZoneD","EHP","MUL",52776.6033696624,0,0,0,0,2
"450625","Hiroshima","Hotel","CL5","ZoneD","GHP","MUL",2316.47376944663,0,0,0,0,1
"450641","Hiroshima","Hotel","CL5","ZoneD","GHP","MUL",1193.33497213917,0,0,0,0,2
"450817","Hiroshima","Hotel","CL5","ZoneD","ABCH","FCU",75255.7416124797,0,0,0,0,1
"450818","Hiroshima","Hotel","CL5","ZoneD","ABCH","FCU",35272.2876526475,1,0,0,0,1
"450833","Hiroshima","Hotel","CL5","ZoneD","ABCH","FCU",67045.3533936058,0,0,0,0,2
"450834","Hiroshima","Hotel","CL5","ZoneD","ABCH","FCU",31416.4654483681,1,0,0,0,2
"451009","Hiroshima","Hotel","CL5","ZoneD","ABCH","OHUFCU",80603.7367222339,0,0,0,0,1
"451201","Hiroshima","Hotel","CL5","ZoneD","AHP","FCU",97643.8549058812,0,0,0,0,1
"451217","Hiroshima","Hotel","CL5","ZoneD","AHP","FCU",86984.1941152591,0,0,0,0,2
"451393","Hiroshima","Hotel","CL5","ZoneD","AHP","OHUFCU",71207.8160237394,0,0,0,0,1
"453377","Hiroshima","Hotel","CL6b","ZoneD","EHP","MUL",16641.8737553798,0,0,0,0,1
"453393","Hiroshima","Hotel","CL6b","ZoneD","EHP","MUL",8573.08648004413,0,0,0,0,2
"453633","Hiroshima","Hotel","CL6b","ZoneD","ABCH","FCU",61082.6850888047,0,0,0,0,1
"453825","Hiroshima","Hotel","CL6b","ZoneD","ABCH","OHUFCU",70345.4857171489,0,0,0,0,1
"453841","Hiroshima","Hotel","CL6b","ZoneD","ABCH","OHUFCU",67705.421324279,0,0,0,0,2
"456193","Hiroshima","Hotel","CL6m","ZoneD","EHP","MUL",33675.2627560262,0,0,0,0,1
"456209","Hiroshima","Hotel","CL6m","ZoneD","EHP","MUL",17347.8626318923,0,0,0,0,2
"456449","Hiroshima","Hotel","CL6m","ZoneD","ABCH","FCU",80133.2940751838,0,0,0,0,1
"456465","Hiroshima","Hotel","CL6m","ZoneD","ABCH","FCU",63673.9615793063,0,0,0,0,2
"456641","Hiroshima","Hotel","CL6m","ZoneD","ABCH","OHUFCU",92284.9983696459,0,0,0,0,1
"456657","Hiroshima","Hotel","CL6m","ZoneD","ABCH","OHUFCU",73329.7128035443,0,0,0,0,2
"457025","Hiroshima","Hotel","CL6m","ZoneD","AHP","OHUFCU",93530.0166512923,0,0,0,0,1
"459009","Hiroshima","Hotel","CL7b","ZoneD","EHP","MUL",2165.37982946188,0,0,0,0,1
"459025","Hiroshima","Hotel","CL7b","ZoneD","EHP","MUL",1115.49870002582,0,0,0,0,2
"459457","Hiroshima","Hotel","CL7b","ZoneD","ABCH","OHUFCU",33866.8500443011,0,0,0,0,1
"459473","Hiroshima","Hotel","CL7b","ZoneD","ABCH","OHUFCU",17446.5591137309,0,0,0,0,2
"461825","Hiroshima","Hotel","CL7m","ZoneD","EHP","MUL",16496.901709356,0,0,0,0,1
"461841","Hiroshima","Hotel","CL7m","ZoneD","EHP","MUL",8498.40391088038,0,0,0,0,2
"462081","Hiroshima","Hotel","CL7m","ZoneD","ABCH","FCU",47323.375750001,0,0,0,0,1
"462085","Hiroshima","Hotel","CL7m","ZoneD","ABCH","FCU",47149.0520351233,1,0,1,0,1
"462273","Hiroshima","Hotel","CL7m","ZoneD","ABCH","OHUFCU",66095.2915072305,0,0,0,0,1
"462274","Hiroshima","Hotel","CL7m","ZoneD","ABCH","OHUFCU",33312.0925346232,1,0,0,0,1
"462277","Hiroshima","Hotel","CL7m","ZoneD","ABCH","OHUFCU",64134.0889144807,1,0,1,0,1
"462289","Hiroshima","Hotel","CL7m","ZoneD","ABCH","OHUFCU",67168.0816269249,0,0,0,0,2
"462293","Hiroshima","Hotel","CL7m","ZoneD","ABCH","OHUFCU",65748.1702701903,1,0,1,0,2
"464677","Hiroshima","Hotel","CL8","ZoneD","EHP","MUL",7396.32475075251,1,0,1,0,3
"464933","Hiroshima","Hotel","CL8","ZoneD","ABCH","FCU",69895.0083244075,1,0,1,0,3
"465121","Hiroshima","Hotel","CL8","ZoneD","ABCH","OHUFCU",66740.7180962714,0,0,0,0,3
"465125","Hiroshima","Hotel","CL8","ZoneD","ABCH","OHUFCU",134834.342869422,1,0,1,0,3
"473089","Matsuyama","Hotel","CL2","ZoneD","EHP","MUL",73968.958952679,0,0,0,0,1
"473105","Matsuyama","Hotel","CL2","ZoneD","EHP","MUL",13243.4619602694,0,0,0,0,2
"473153","Matsuyama","Hotel","CL2","ZoneD","GHP","MUL",1077.32548884734,0,0,0,0,1
"475905","Matsuyama","Hotel","CL3","ZoneD","EHP","MUL",68815.77517544,0,0,0,0,1
"475921","Matsuyama","Hotel","CL3","ZoneD","EHP","MUL",21318.7436413131,0,0,0,0,2
"475969","Matsuyama","Hotel","CL3","ZoneD","GHP","MUL",1064.06735192128,0,0,0,0,1
"476545","Matsuyama","Hotel","CL3","ZoneD","AHP","FCU",50926.3714400797,0,0,0,0,1
"478721","Matsuyama","Hotel","CL4","ZoneD","EHP","MUL",81856.3169899155,0,0,0,0,1
"478737","Matsuyama","Hotel","CL4","ZoneD","EHP","MUL",14668.984217334,0,0,0,0,2
"478785","Matsuyama","Hotel","CL4","ZoneD","GHP","MUL",1267.92690831036,0,0,0,0,1
"479361","Matsuyama","Hotel","CL4","ZoneD","AHP","FCU",72904.259580238,0,0,0,0,1
"479362","Matsuyama","Hotel","CL4","ZoneD","AHP","FCU",32502.4061619629,1,0,0,0,1
"479377","Matsuyama","Hotel","CL4","ZoneD","AHP","FCU",18601.1763074472,0,0,0,0,2
"481537","Matsuyama","Hotel","CL5","ZoneD","EHP","MUL",41472.6753618377,0,0,0,0,1
"481553","Matsuyama","Hotel","CL5","ZoneD","EHP","MUL",21364.7115500376,0,0,0,0,2
"481793","Matsuyama","Hotel","CL5","ZoneD","ABCH","FCU",80906.6296278066,0,0,0,0,1
"481809","Matsuyama","Hotel","CL5","ZoneD","ABCH","FCU",78941.0539606201,0,0,0,0,2
"482177","Matsuyama","Hotel","CL5","ZoneD","AHP","FCU",72331.8868839853,0,0,0,0,1
"484353","Matsuyama","Hotel","CL6b","ZoneD","EHP","MUL",8271.85353676706,0,0,0,0,1
"484369","Matsuyama","Hotel","CL6b","ZoneD","EHP","MUL",4261.25788257697,0,0,0,0,2
"484801","Matsuyama","Hotel","CL6b","ZoneD","ABCH","OHUFCU",65404.3032405663,0,0,0,0,1
"484817","Matsuyama","Hotel","CL6b","ZoneD","ABCH","OHUFCU",33693.1259118068,0,0,0,0,2
"487169","Matsuyama","Hotel","CL6m","ZoneD","EHP","MUL",18615.3804133467,0,0,0,0,1
"487185","Matsuyama","Hotel","CL6m","ZoneD","EHP","MUL",9589.74142505737,0,0,0,0,2
"487425","Matsuyama","Hotel","CL6m","ZoneD","ABCH","FCU",68395.2942010739,0,0,0,0,1
"487617","Matsuyama","Hotel","CL6m","ZoneD","ABCH","OHUFCU",78793.7221519498,0,0,0,0,1
"487633","Matsuyama","Hotel","CL6m","ZoneD","ABCH","OHUFCU",75824.6447879212,0,0,0,0,2
"489985","Matsuyama","Hotel","CL7b","ZoneD","EHP","MUL",1142.32499328986,0,0,0,0,1
"490001","Matsuyama","Hotel","CL7b","ZoneD","EHP","MUL",588.470451088716,0,0,0,0,2
"490433","Matsuyama","Hotel","CL7b","ZoneD","ABCH","OHUFCU",18286.8673345472,0,0,0,0,1
"490449","Matsuyama","Hotel","CL7b","ZoneD","ABCH","OHUFCU",9420.50741476673,0,0,0,0,2
"492801","Matsuyama","Hotel","CL7m","ZoneD","EHP","MUL",9678.86564404236,0,0,0,0,1
"492817","Matsuyama","Hotel","CL7m","ZoneD","EHP","MUL",4986.08230147636,0,0,0,0,2
"493249","Matsuyama","Hotel","CL7m","ZoneD","ABCH","OHUFCU",62024.5838679645,0,0,0,0,1
"493250","Matsuyama","Hotel","CL7m","ZoneD","ABCH","OHUFCU",31316.6569207536,1,0,0,0,1
"493253","Matsuyama","Hotel","CL7m","ZoneD","ABCH","OHUFCU",61602.5212940545,1,0,1,0,1
"493265","Matsuyama","Hotel","CL7m","ZoneD","ABCH","OHUFCU",40046.0086929435,0,0,0,0,2
"493269","Matsuyama","Hotel","CL7m","ZoneD","ABCH","OHUFCU",39773.5051072726,1,0,1,0,2
"495653","Matsuyama","Hotel","CL8","ZoneD","EHP","MUL",4223.12317721101,1,0,1,0,3
"496097","Matsuyama","Hotel","CL8","ZoneD","ABCH","OHUFCU",51524.1193473621,0,0,0,0,3
"496101","Matsuyama","Hotel","CL8","ZoneD","ABCH","OHUFCU",106835.095319198,1,0,1,0,3
"501249","Fukuoka","Hotel","CL1","ZoneD","EHP","MUL",100.671844946442,0,0,0,0,1
"501265","Fukuoka","Hotel","CL1","ZoneD","EHP","MUL",17.765619696431,0,0,0,0,2
"504065","Fukuoka","Hotel","CL2","ZoneD","EHP","MUL",334054.921825624,0,0,0,0,1
"504066","Fukuoka","Hotel","CL2","ZoneD","EHP","MUL",137859.351419511,1,0,0,0,1
"504081","Fukuoka","Hotel","CL2","ZoneD","EHP","MUL",76149.1629388541,0,0,0,0,2
"504082","Fukuoka","Hotel","CL2","ZoneD","EHP","MUL",31425.5936015483,1,0,0,0,2
"504129","Fukuoka","Hotel","CL2","ZoneD","GHP","MUL",6323.84616937248,0,0,0,0,1
"504145","Fukuoka","Hotel","CL2","ZoneD","GHP","MUL",1441.54616767827,0,0,0,0,2
"504705","Fukuoka","Hotel","CL2","ZoneD","AHP","FCU",98668.6339537291,0,0,0,0,1
"504706","Fukuoka","Hotel","CL2","ZoneD","AHP","FCU",40852.2953108879,1,0,0,0,1
"506881","Fukuoka","Hotel","CL3","ZoneD","EHP","MUL",271837.685556981,0,0,0,0,1
"506882","Fukuoka","Hotel","CL3","ZoneD","EHP","MUL",116606.46953615,1,0,0,0,1
"506897","Fukuoka","Hotel","CL3","ZoneD","EHP","MUL",79441.0280381843,0,0,0,0,2
"506898","Fukuoka","Hotel","CL3","ZoneD","EHP","MUL",34076.7241189346,1,0,0,0,2
"506945","Fukuoka","Hotel","CL3","ZoneD","GHP","MUL",5044.73763128793,0,0,0,0,1
"506961","Fukuoka","Hotel","CL3","ZoneD","GHP","MUL",1474.25896005292,0,0,0,0,2
"507137","Fukuoka","Hotel","CL3","ZoneD","ABCH","FCU",76964.9713726471,0,0,0,0,1
"507521","Fukuoka","Hotel","CL3","ZoneD","AHP","FCU",126568.466446231,0,0,0,0,1
"507522","Fukuoka","Hotel","CL3","ZoneD","AHP","FCU",54599.0657873422,1,0,0,0,1
"509697","Fukuoka","Hotel","CL4","ZoneD","EHP","MUL",264014.594287869,0,0,0,0,1
"509698","Fukuoka","Hotel","CL4","ZoneD","EHP","MUL",117329.264153084,1,0,0,0,1
"509701","Fukuoka","Hotel","CL4","ZoneD","EHP","MUL",31552.0379934611,1,0,1,0,1
"509713","Fukuoka","Hotel","CL4","ZoneD","EHP","MUL",72863.9817237201,0,0,0,0,2
"509761","Fukuoka","Hotel","CL4","ZoneD","GHP","MUL",5759.39345388342,0,0,0,0,1
"509777","Fukuoka","Hotel","CL4","ZoneD","GHP","MUL",1016.36355068531,0,0,0,0,2
"509953","Fukuoka","Hotel","CL4","ZoneD","ABCH","FCU",109558.476305507,0,0,0,0,1
"509954","Fukuoka","Hotel","CL4","ZoneD","ABCH","FCU",49110.7782602931,1,0,0,0,1
"510145","Fukuoka","Hotel","CL4","ZoneD","ABCH","OHUFCU",69909.3736947335,0,0,0,0,1
"510337","Fukuoka","Hotel","CL4","ZoneD","AHP","FCU",163090.288718987,0,0,0,0,1
"510338","Fukuoka","Hotel","CL4","ZoneD","AHP","FCU",73106.9952392417,1,0,0,0,1
"510353","Fukuoka","Hotel","CL4","ZoneD","AHP","FCU",69314.8237790194,0,0,0,0,2
"510354","Fukuoka","Hotel","CL4","ZoneD","AHP","FCU",31069.4095994372,1,0,0,0,2
"510529","Fukuoka","Hotel","CL4","ZoneD","AHP","OHUFCU",71861.2268093949,0,0,0,0,1
"510530","Fukuoka","Hotel","CL4","ZoneD","AHP","OHUFCU",32206.8501164288,1,0,0,0,1
"512513","Fukuoka","Hotel","CL5","ZoneD","EHP","MUL",162546.167676043,0,0,0,0,1
"512514","Fukuoka","Hotel","CL5","ZoneD","EHP","MUL",74915.2479705371,1,0,0,0,1
"512517","Fukuoka","Hotel","CL5","ZoneD","EHP","MUL",36666.2946350846,1,0,1,0,1
"512529","Fukuoka","Hotel","CL5","ZoneD","EHP","MUL",96665.5223670786,0,0,0,0,2
"512530","Fukuoka","Hotel","CL5","ZoneD","EHP","MUL",44551.7829295369,1,0,0,0,2
"512577","Fukuoka","Hotel","CL5","ZoneD","GHP","MUL",4626.04177854441,0,0,0,0,1
"512593","Fukuoka","Hotel","CL5","ZoneD","GHP","MUL",2383.11243137136,0,0,0,0,2
"512769","Fukuoka","Hotel","CL5","ZoneD","ABCH","FCU",143200.264817571,0,0,0,0,1
"512770","Fukuoka","Hotel","CL5","ZoneD","ABCH","FCU",66804.1998169984,1,0,0,0,1
"512773","Fukuoka","Hotel","CL5","ZoneD","ABCH","FCU",36045.146178838,1,0,1,0,1
"512785","Fukuoka","Hotel","CL5","ZoneD","ABCH","FCU",86431.6805224984,0,0,0,0,2
"512786","Fukuoka","Hotel","CL5","ZoneD","ABCH","FCU",40321.1492904689,1,0,0,0,2
"512961","Fukuoka","Hotel","CL5","ZoneD","ABCH","OHUFCU",116063.668140025,0,0,0,0,1
"512962","Fukuoka","Hotel","CL5","ZoneD","ABCH","OHUFCU",54117.6456225618,1,0,0,0,1
"512977","Fukuoka","Hotel","CL5","ZoneD","ABCH","OHUFCU",87669.1616352719,0,0,0,0,2
"513153","Fukuoka","Hotel","CL5","ZoneD","AHP","FCU",132023.363883952,0,0,0,0,1
"513154","Fukuoka","Hotel","CL5","ZoneD","AHP","FCU",61590.0759167703,1,0,0,0,1
"513157","Fukuoka","Hotel","CL5","ZoneD","AHP","FCU",33231.792247601,1,0,1,0,1
"513169","Fukuoka","Hotel","CL5","ZoneD","AHP","FCU",79685.615269359,0,0,0,0,2
"513170","Fukuoka","Hotel","CL5","ZoneD","AHP","FCU",37174.0497252316,1,0,0,0,2
"513345","Fukuoka","Hotel","CL5","ZoneD","AHP","OHUFCU",107004.801367354,0,0,0,0,1
"513346","Fukuoka","Hotel","CL5","ZoneD","AHP","OHUFCU",49893.717931823,1,0,0,0,1
"513361","Fukuoka","Hotel","CL5","ZoneD","AHP","OHUFCU",80826.5099420004,0,0,0,0,2
"515329","Fukuoka","Hotel","CL6b","ZoneD","EHP","MUL",48792.0428418286,0,0,0,0,1
"515345","Fukuoka","Hotel","CL6b","ZoneD","EHP","MUL",25135.2947973056,0,0,0,0,2
"515585","Fukuoka","Hotel","CL6b","ZoneD","ABCH","FCU",87732.1047403026,0,0,0,0,1
"515601","Fukuoka","Hotel","CL6b","ZoneD","ABCH","FCU",71257.7659450439,0,0,0,0,2
"515777","Fukuoka","Hotel","CL6b","ZoneD","ABCH","OHUFCU",93245.258916455,0,0,0,0,1
"515793","Fukuoka","Hotel","CL6b","ZoneD","ABCH","OHUFCU",75735.6597681331,0,0,0,0,2
"516161","Fukuoka","Hotel","CL6b","ZoneD","AHP","OHUFCU",104362.815668821,0,0,0,0,1
"518145","Fukuoka","Hotel","CL6m","ZoneD","EHP","MUL",91582.2637048063,0,0,0,0,1
"518161","Fukuoka","Hotel","CL6m","ZoneD","EHP","MUL",47994.1159430196,0,0,0,0,2
"518209","Fukuoka","Hotel","CL6m","ZoneD","GHP","MUL",1582.78489046706,0,0,0,0,1
"518401","Fukuoka","Hotel","CL6m","ZoneD","ABCH","FCU",85315.1786995653,0,0,0,0,1
"518402","Fukuoka","Hotel","CL6m","ZoneD","ABCH","FCU",41333.5764671184,1,0,0,0,1
"518405","Fukuoka","Hotel","CL6m","ZoneD","ABCH","FCU",40869.6622931573,1,0,1,0,1
"518417","Fukuoka","Hotel","CL6m","ZoneD","ABCH","FCU",86297.3665702212,0,0,0,0,2
"518593","Fukuoka","Hotel","CL6m","ZoneD","ABCH","OHUFCU",90940.1050506281,0,0,0,0,1
"518594","Fukuoka","Hotel","CL6m","ZoneD","ABCH","OHUFCU",44006.3796446701,1,0,0,0,1
"518597","Fukuoka","Hotel","CL6m","ZoneD","ABCH","OHUFCU",43098.9213228935,1,0,1,0,1
"518609","Fukuoka","Hotel","CL6m","ZoneD","ABCH","OHUFCU",91720.3606760382,0,0,0,0,2
"518785","Fukuoka","Hotel","CL6m","ZoneD","AHP","FCU",96601.5493277476,0,0,0,0,1
"518977","Fukuoka","Hotel","CL6m","ZoneD","AHP","OHUFCU",102672.066348576,0,0,0,0,1
"518993","Fukuoka","Hotel","CL6m","ZoneD","AHP","OHUFCU",102656.105045379,0,0,0,0,2
"520961","Fukuoka","Hotel","CL7b","ZoneD","EHP","MUL",4314.255125873,0,0,0,0,1
"520977","Fukuoka","Hotel","CL7b","ZoneD","EHP","MUL",2222.49506484366,0,0,0,0,2
"521409","Fukuoka","Hotel","CL7b","ZoneD","ABCH","OHUFCU",66496.6624855345,0,0,0,0,1
"521425","Fukuoka","Hotel","CL7b","ZoneD","ABCH","OHUFCU",34255.856431942,0,0,0,0,2
"523777","Fukuoka","Hotel","CL7m","ZoneD","EHP","MUL",31015.1327393933,0,0,0,0,1
"523793","Fukuoka","Hotel","CL7m","ZoneD","EHP","MUL",15977.4926233238,0,0,0,0,2
"524033","Fukuoka","Hotel","CL7m","ZoneD","ABCH","FCU",57128.8550050733,0,0,0,0,1
"524037","Fukuoka","Hotel","CL7m","ZoneD","ABCH","FCU",57030.4258691747,1,0,1,0,1
"524049","Fukuoka","Hotel","CL7m","ZoneD","ABCH","FCU",45084.2365114112,0,0,0,0,2
"524053","Fukuoka","Hotel","CL7m","ZoneD","ABCH","FCU",45006.5594348782,1,0,1,0,2
"524225","Fukuoka","Hotel","CL7m","ZoneD","ABCH","OHUFCU",79918.5039534573,0,0,0,0,1
"524226","Fukuoka","Hotel","CL7m","ZoneD","ABCH","OHUFCU",40283.6814634241,1,0,0,0,1
"524229","Fukuoka","Hotel","CL7m","ZoneD","ABCH","OHUFCU",77695.1900081997,1,0,1,0,1
"524241","Fukuoka","Hotel","CL7m","ZoneD","ABCH","OHUFCU",63069.0871286645,0,0,0,0,2
"524242","Fukuoka","Hotel","CL7m","ZoneD","ABCH","OHUFCU",31790.5727759829,1,0,0,0,2
"524245","Fukuoka","Hotel","CL7m","ZoneD","ABCH","OHUFCU",61314.5199885005,1,0,1,0,2
"524609","Fukuoka","Hotel","CL7m","ZoneD","AHP","OHUFCU",52581.8608959969,0,0,0,0,1
"524613","Fukuoka","Hotel","CL7m","ZoneD","AHP","OHUFCU",51569.0653621476,1,0,1,0,1
"525761","Fukuoka","Hotel","CL7m","ZoneD","COM","OHUFCU",61836.1940720226,0,0,0,0,1
"526629","Fukuoka","Hotel","CL8","ZoneD","EHP","MUL",18730.2745363746,1,0,1,0,3
"526821","Fukuoka","Hotel","CL8","ZoneD","ABCH","VAV",35692.8204777492,1,0,1,0,3
"526824","Fukuoka","Hotel","CL8","ZoneD","ABCH","VAV",33731.90029913,1,0,1,1,3
"526885","Fukuoka","Hotel","CL8","ZoneD","ABCH","FCU",88957.2338715221,1,0,1,0,3
"527073","Fukuoka","Hotel","CL8","ZoneD","ABCH","OHUFCU",79389.5075559312,0,0,0,0,3
"527074","Fukuoka","Hotel","CL8","ZoneD","ABCH","OHUFCU",41148.7039939122,1,0,0,0,3
"527077","Fukuoka","Hotel","CL8","ZoneD","ABCH","OHUFCU",137497.43315703,1,0,1,0,3
"527461","Fukuoka","Hotel","CL8","ZoneD","AHP","OHUFCU",69843.4596199133,1,0,1,0,3
"528229","Fukuoka","Hotel","CL8","ZoneD","AB","OHUFCU",62521.649275744,1,0,1,0,3
"528609","Fukuoka","Hotel","CL8","ZoneD","COM","OHUFCU",44320.1927912637,0,0,0,0,3
"528613","Fukuoka","Hotel","CL8","ZoneD","COM","OHUFCU",91254.6827805772,1,0,1,0,3
"535041","Naha","Hotel","CL2","ZoneD","EHP","MUL",10982.3830841055,0,0,0,0,1
"535057","Naha","Hotel","CL2","ZoneD","EHP","MUL",1938.06760307745,0,0,0,0,2
"537857","Naha","Hotel","CL3","ZoneD","EHP","MUL",16473.5746314433,0,0,0,0,1
"537873","Naha","Hotel","CL3","ZoneD","EHP","MUL",2907.10140554882,0,0,0,0,2
"540673","Naha","Hotel","CL4","ZoneD","EHP","MUL",41214.4598328275,0,0,0,0,1
"540689","Naha","Hotel","CL4","ZoneD","EHP","MUL",7273.13997049898,0,0,0,0,2
"541313","Naha","Hotel","CL4","ZoneD","AHP","FCU",65863.7752398437,0,0,0,0,1
"541329","Naha","Hotel","CL4","ZoneD","AHP","FCU",11623.0191599724,0,0,0,0,2
"543489","Naha","Hotel","CL5","ZoneD","EHP","MUL",18953.0924631834,0,0,0,0,1
"543505","Naha","Hotel","CL5","ZoneD","EHP","MUL",9763.7142992157,0,0,0,0,2
"543745","Naha","Hotel","CL5","ZoneD","ABCH","FCU",70585.6308359276,0,0,0,0,1
"543761","Naha","Hotel","CL5","ZoneD","ABCH","FCU",36362.2946730537,0,0,0,0,2
"546305","Naha","Hotel","CL6b","ZoneD","EHP","MUL",2637.86152801197,0,0,0,0,1
"546321","Naha","Hotel","CL6b","ZoneD","EHP","MUL",1358.89836291526,0,0,0,0,2
"546753","Naha","Hotel","CL6b","ZoneD","ABCH","OHUFCU",20982.5957998695,0,0,0,0,1
"546769","Naha","Hotel","CL6b","ZoneD","ABCH","OHUFCU",10809.2160181146,0,0,0,0,2
"549121","Naha","Hotel","CL6m","ZoneD","EHP","MUL",2758.64811118074,0,0,0,0,1
"549137","Naha","Hotel","CL6m","ZoneD","EHP","MUL",1421.12175424462,0,0,0,0,2
"549569","Naha","Hotel","CL6m","ZoneD","ABCH","OHUFCU",21943.3801419452,0,0,0,0,1
"549585","Naha","Hotel","CL6m","ZoneD","ABCH","OHUFCU",11304.1655276687,0,0,0,0,2
"551937","Naha","Hotel","CL7b","ZoneD","EHP","MUL",1762.84566548746,0,0,0,0,1
"551953","Naha","Hotel","CL7b","ZoneD","EHP","MUL",908.132615554145,0,0,0,0,2
"552385","Naha","Hotel","CL7b","ZoneD","ABCH","OHUFCU",27885.8417344533,0,0,0,0,1
"552401","Naha","Hotel","CL7b","ZoneD","ABCH","OHUFCU",14365.433620779,0,0,0,0,2
"554753","Naha","Hotel","CL7m","ZoneD","EHP","MUL",6941.10445876828,0,0,0,0,1
"554769","Naha","Hotel","CL7m","ZoneD","EHP","MUL",3575.72047875942,0,0,0,0,2
"555201","Naha","Hotel","CL7m","ZoneD","ABCH","OHUFCU",55213.3175837134,0,0,0,0,1
"555205","Naha","Hotel","CL7m","ZoneD","ABCH","OHUFCU",54585.5968584073,1,0,1,0,1
"555217","Naha","Hotel","CL7m","ZoneD","ABCH","OHUFCU",56563.0771368501,0,0,0,0,2
"557605","Naha","Hotel","CL8","ZoneD","EHP","MUL",16484.3963607025,1,0,1,0,3
"557797","Naha","Hotel","CL8","ZoneD","ABCH","VAV",34740.5107567804,1,0,1,0,3
"557800","Naha","Hotel","CL8","ZoneD","ABCH","VAV",32797.7048873117,1,0,1,1,3
"557861","Naha","Hotel","CL8","ZoneD","ABCH","FCU",86650.6965545872,1,0,1,0,3
"558049","Naha","Hotel","CL8","ZoneD","ABCH","OHUFCU",77311.8633503731,0,0,0,0,3
"558050","Naha","Hotel","CL8","ZoneD","ABCH","OHUFCU",40068.5731371083,1,0,0,0,3
"558053","Naha","Hotel","CL8","ZoneD","ABCH","OHUFCU",133756.001728141,1,0,1,0,3
"558437","Naha","Hotel","CL8","ZoneD","AHP","OHUFCU",64638.16131841,1,0,1,0,3
"559585","Naha","Hotel","CL8","ZoneD","COM","OHUFCU",43044.8578821841,0,0,0,0,3
"559589","Naha","Hotel","CL8","ZoneD","COM","OHUFCU",88535.4586504397,1,0,1,0,3
"563233","Sapporo","Hospital","CL1","ZoneC","EHP","MUL",31545.0534701831,0,0,0,0,3
"566049","Sapporo","Hospital","CL2","ZoneC","EHP","MUL",161086.896595283,0,0,0,0,3
"566113","Sapporo","Hospital","CL2","ZoneC","GHP","MUL",0.00231099492483782,0,0,0,0,3
"568865","Sapporo","Hospital","CL3","ZoneC","EHP","MUL",74539.7118653137,0,0,0,0,3
"568929","Sapporo","Hospital","CL3","ZoneC","GHP","MUL",0.00101751294438787,0,0,0,0,3
"569889","Sapporo","Hospital","CL3","ZoneC","TB","FCU",52452.4240064498,0,0,0,0,3
"571681","Sapporo","Hospital","CL4","ZoneC","EHP","MUL",38992.7030223498,0,0,0,0,3
"572705","Sapporo","Hospital","CL4","ZoneC","TB","FCU",69949.5139706755,0,0,0,0,3
"574497","Sapporo","Hospital","CL5","ZoneC","EHP","MUL",26114.9485531851,0,0,0,0,3
"574753","Sapporo","Hospital","CL5","ZoneC","ABCH","FCU",93801.7876307441,0,0,0,0,3
"575521","Sapporo","Hospital","CL5","ZoneC","TB","FCU",85124.1561852948,0,0,0,0,3
"577313","Sapporo","Hospital","CL6","ZoneC","EHP","MUL",15850.7667457784,0,0,0,0,3
"577569","Sapporo","Hospital","CL6","ZoneC","ABCH","FCU",74507.71229327,0,0,0,0,3
"577761","Sapporo","Hospital","CL6","ZoneC","ABCH","OHUFCU",59009.3007789422,0,0,0,0,3
"578337","Sapporo","Hospital","CL6","ZoneC","TB","FCU",85998.4438649099,0,0,0,0,3
"578721","Sapporo","Hospital","CL6","ZoneC","AB","FCU",105430.471241686,0,0,0,0,3
"580129","Sapporo","Hospital","CL7","ZoneC","EHP","MUL",8421.06866998051,0,0,0,0,3
"580577","Sapporo","Hospital","CL7","ZoneC","ABCH","OHUFCU",113785.626509202,0,0,0,0,3
"581537","Sapporo","Hospital","CL7","ZoneC","AB","FCU",79789.3692478736,0,0,0,0,3
"581729","Sapporo","Hospital","CL7","ZoneC","AB","OHUFCU",93738.1828393867,0,0,0,0,3
"582113","Sapporo","Hospital","CL7","ZoneC","COM","OHUFCU",117301.984172093,0,0,0,0,3
"582945","Sapporo","Hospital","CL8","ZoneA","EHP","MUL",3902.14591136204,0,0,0,0,3
"583393","Sapporo","Hospital","CL8","ZoneA","ABCH","OHUFCU",124925.146353552,0,0,0,0,3
"584737","Sapporo","Hospital","CL8","ZoneA","COM","FCU",86252.7612719315,0,0,0,0,3
"584865","Sapporo","Hospital","CL8","ZoneA","COM","VAVFCU",71007.211285141,0,0,0,0,3
"584929","Sapporo","Hospital","CL8","ZoneA","COM","OHUFCU",205685.551618386,0,0,0,0,3
"585697","Sapporo","Hospital","CL8","ZoneA","COM+TESICE","OHUFCU",60257.4516808137,0,0,0,0,3
"585761","Sapporo","Hospital","CL9","ZoneA","EHP","MUL",910.03368555224,0,0,0,0,3
"587681","Sapporo","Hospital","CL9","ZoneA","COM","VAVFCU",143792.950323535,0,0,0,0,3
"587745","Sapporo","Hospital","CL9","ZoneA","COM","OHUFCU",259248.487350983,0,0,0,0,3
"588577","Sendai","Hospital","CL1","ZoneC","EHP","MUL",51190.0582345248,0,0,0,0,3
"591393","Sendai","Hospital","CL2","ZoneC","EHP","MUL",308049.817725989,0,0,0,0,3
"591457","Sendai","Hospital","CL2","ZoneC","GHP","MUL",0.00401646633237415,0,0,0,0,3
"592033","Sendai","Hospital","CL2","ZoneC","AHP","FCU",65258.9930696629,0,0,0,0,3
"594209","Sendai","Hospital","CL3","ZoneC","EHP","MUL",272481.909418617,0,0,0,0,3
"594273","Sendai","Hospital","CL3","ZoneC","GHP","MUL",0.00338032383459666,0,0,0,0,3
"594465","Sendai","Hospital","CL3","ZoneC","ABCH","FCU",73884.9179295331,0,0,0,0,3
"594849","Sendai","Hospital","CL3","ZoneC","AHP","FCU",86512.3045548732,0,0,0,0,3
"597025","Sendai","Hospital","CL4","ZoneC","EHP","MUL",114646.111787236,0,0,0,0,3
"597089","Sendai","Hospital","CL4","ZoneC","GHP","MUL",0.0014683261004386,0,0,0,0,3
"597281","Sendai","Hospital","CL4","ZoneC","ABCH","FCU",100501.819374271,0,0,0,0,3
"597665","Sendai","Hospital","CL4","ZoneC","AHP","FCU",73431.7202677258,0,0,0,0,3
"599841","Sendai","Hospital","CL5","ZoneC","EHP","MUL",53884.3045495396,0,0,0,0,3
"599905","Sendai","Hospital","CL5","ZoneC","GHP","MUL",0.00069335382546432,0,0,0,0,3
"600097","Sendai","Hospital","CL5","ZoneC","ABCH","FCU",155019.332108018,0,0,0,0,3
"600289","Sendai","Hospital","CL5","ZoneC","ABCH","OHUFCU",69458.2906013367,0,0,0,0,3
"600481","Sendai","Hospital","CL5","ZoneC","AHP","FCU",83030.274456209,0,0,0,0,3
"602657","Sendai","Hospital","CL6","ZoneC","EHP","MUL",22423.4458244656,0,0,0,0,3
"602913","Sendai","Hospital","CL6","ZoneC","ABCH","FCU",172498.630249444,0,0,0,0,3
"603105","Sendai","Hospital","CL6","ZoneC","ABCH","OHUFCU",134225.70394174,0,0,0,0,3
"604449","Sendai","Hospital","CL6","ZoneC","COM","FCU",83893.8975388403,0,0,0,0,3
"605473","Sendai","Hospital","CL7","ZoneC","EHP","MUL",11258.783612907,0,0,0,0,3
"605729","Sendai","Hospital","CL7","ZoneC","ABCH","FCU",106946.209578019,0,0,0,0,3
"605921","Sendai","Hospital","CL7","ZoneC","ABCH","OHUFCU",139009.839999041,0,0,0,0,3
"607073","Sendai","Hospital","CL7","ZoneC","AB","OHUFCU",92390.9117536827,0,0,0,0,3
"607265","Sendai","Hospital","CL7","ZoneC","COM","FCU",98030.7239057899,0,0,0,0,3
"607457","Sendai","Hospital","CL7","ZoneC","COM","OHUFCU",127421.395287438,0,0,0,0,3
"608289","Sendai","Hospital","CL8","ZoneA","EHP","MUL",5028.73647887177,0,0,0,0,3
"608737","Sendai","Hospital","CL8","ZoneA","ABCH","OHUFCU",160154.245130239,0,0,0,0,3
"610081","Sendai","Hospital","CL8","ZoneA","COM","FCU",109804.80994632,0,0,0,0,3
"610209","Sendai","Hospital","CL8","ZoneA","COM","VAVFCU",89138.6568963716,0,0,0,0,3
"610273","Sendai","Hospital","CL8","ZoneA","COM","OHUFCU",259793.178266375,0,0,0,0,3
"611041","Sendai","Hospital","CL8","ZoneA","COM+TESICE","OHUFCU",75736.1022661299,0,0,0,0,3
"611105","Sendai","Hospital","CL9","ZoneA","EHP","MUL",1540.99508583102,0,0,0,0,3
"612897","Sendai","Hospital","CL9","ZoneA","COM","FCU",76580.4979611901,0,0,0,0,3
"613025","Sendai","Hospital","CL9","ZoneA","COM","VAVFCU",173265.343031049,0,0,0,0,3
"613089","Sendai","Hospital","CL9","ZoneA","COM","OHUFCU",315146.890241161,0,0,0,0,3
"613857","Sendai","Hospital","CL9","ZoneA","COM+TESICE","OHUFCU",95307.35411233,0,0,0,0,3
"613889","Tokyo","Hospital","CL1","ZoneC","EHP","MUL",25986.9357274673,0,0,0,0,1
"613905","Tokyo","Hospital","CL1","ZoneC","EHP","MUL",4585.92983425895,0,0,0,0,2
"616705","Tokyo","Hospital","CL2","ZoneC","EHP","MUL",196768.518332402,0,0,0,0,1
"616721","Tokyo","Hospital","CL2","ZoneC","EHP","MUL",34723.8568997604,0,0,0,0,2
"616769","Tokyo","Hospital","CL2","ZoneC","GHP","MUL",0.00409957279814716,0,0,0,0,1
"619521","Tokyo","Hospital","CL3","ZoneC","EHP","MUL",524694.043242422,0,0,0,0,1
"619537","Tokyo","Hospital","CL3","ZoneC","EHP","MUL",129871.885978182,0,0,0,0,2
"619585","Tokyo","Hospital","CL3","ZoneC","GHP","MUL",0.0102544151321402,0,0,0,0,1
"619601","Tokyo","Hospital","CL3","ZoneC","GHP","MUL",0.0025381653364777,0,0,0,0,2
"619777","Tokyo","Hospital","CL3","ZoneC","ABCH","FCU",96643.3641831922,0,0,0,0,1
"620161","Tokyo","Hospital","CL3","ZoneC","AHP","FCU",114603.283912603,0,0,0,0,1
"622337","Tokyo","Hospital","CL4","ZoneC","EHP","MUL",253470.374445248,0,0,0,0,1
"622353","Tokyo","Hospital","CL4","ZoneC","EHP","MUL",44730.0669641697,0,0,0,0,2
"622401","Tokyo","Hospital","CL4","ZoneC","GHP","MUL",0.00501837960970476,0,0,0,0,1
"622593","Tokyo","Hospital","CL4","ZoneC","ABCH","FCU",168192.820513892,0,0,0,0,1
"622609","Tokyo","Hospital","CL4","ZoneC","ABCH","FCU",50927.0047306866,0,0,0,0,2
"622977","Tokyo","Hospital","CL4","ZoneC","AHP","FCU",120393.539626665,0,0,0,0,1
"625153","Tokyo","Hospital","CL5","ZoneC","EHP","MUL",172731.795396617,0,0,0,0,1
"625169","Tokyo","Hospital","CL5","ZoneC","EHP","MUL",88983.046113409,0,0,0,0,2
"625217","Tokyo","Hospital","CL5","ZoneC","GHP","MUL",0.00367004121136219,0,0,0,0,1
"625233","Tokyo","Hospital","CL5","ZoneC","GHP","MUL",0.00189062729070174,0,0,0,0,2
"625409","Tokyo","Hospital","CL5","ZoneC","ABCH","FCU",333842.0604796,0,0,0,0,1
"625425","Tokyo","Hospital","CL5","ZoneC","ABCH","FCU",171979.243277369,0,0,0,0,2
"625601","Tokyo","Hospital","CL5","ZoneC","ABCH","OHUFCU",149790.470149903,0,0,0,0,1
"625617","Tokyo","Hospital","CL5","ZoneC","ABCH","OHUFCU",77164.7876529804,0,0,0,0,2
"625793","Tokyo","Hospital","CL5","ZoneC","AHP","FCU",128459.812245877,0,0,0,0,1
"625809","Tokyo","Hospital","CL5","ZoneC","AHP","FCU",95868.6733167032,0,0,0,0,2
"625985","Tokyo","Hospital","CL5","ZoneC","AHP","OHUFCU",57638.2006630171,0,0,0,0,1
"627969","Tokyo","Hospital","CL6","ZoneC","EHP","MUL",78755.6617128152,0,0,0,0,1
"627985","Tokyo","Hospital","CL6","ZoneC","EHP","MUL",40571.0992909128,0,0,0,0,2
"628033","Tokyo","Hospital","CL6","ZoneC","GHP","MUL",0.00161660361422444,0,0,0,0,1
"628225","Tokyo","Hospital","CL6","ZoneC","ABCH","FCU",373675.483756568,0,0,0,0,1
"628241","Tokyo","Hospital","CL6","ZoneC","ABCH","FCU",216516.24056948,0,0,0,0,2
"628417","Tokyo","Hospital","CL6","ZoneC","ABCH","OHUFCU",282705.226054114,0,0,0,0,1
"628433","Tokyo","Hospital","CL6","ZoneC","ABCH","OHUFCU",163805.963718125,0,0,0,0,2
"628609","Tokyo","Hospital","CL6","ZoneC","AHP","FCU",81106.5337590069,0,0,0,0,1
"628625","Tokyo","Hospital","CL6","ZoneC","AHP","FCU",82549.2092530419,0,0,0,0,2
"628801","Tokyo","Hospital","CL6","ZoneC","AHP","OHUFCU",61361.3735915919,0,0,0,0,1
"629761","Tokyo","Hospital","CL6","ZoneC","COM","FCU",99666.4797117412,0,0,0,0,1
"630785","Tokyo","Hospital","CL7","ZoneC","EHP","MUL",26298.1955588031,0,0,0,0,1
"630801","Tokyo","Hospital","CL7","ZoneC","EHP","MUL",13547.5552878683,0,0,0,0,2
"631041","Tokyo","Hospital","CL7","ZoneC","ABCH","FCU",221453.763496046,0,0,0,0,1
"631057","Tokyo","Hospital","CL7","ZoneC","ABCH","FCU",130573.45228115,0,0,0,0,2
"631233","Tokyo","Hospital","CL7","ZoneC","ABCH","OHUFCU",283745.856185672,0,0,0,0,1
"631249","Tokyo","Hospital","CL7","ZoneC","ABCH","OHUFCU",167302.083413431,0,0,0,0,2
"631617","Tokyo","Hospital","CL7","ZoneC","AHP","OHUFCU",57558.1285185216,0,0,0,0,1
"632577","Tokyo","Hospital","CL7","ZoneC","COM","FCU",122283.662167624,0,0,0,0,1
"632593","Tokyo","Hospital","CL7","ZoneC","COM","FCU",72100.828970981,0,0,0,0,2
"632769","Tokyo","Hospital","CL7","ZoneC","COM","OHUFCU",156680.482063207,0,0,0,0,1
"632785","Tokyo","Hospital","CL7","ZoneC","COM","OHUFCU",92381.863938984,0,0,0,0,2
"633537","Tokyo","Hospital","CL7","ZoneC","COM+TESICE","OHUFCU",55797.0219189322,0,0,0,0,1
"633633","Tokyo","Hospital","CL8","ZoneA","EHP","MUL",12832.3139148083,0,0,0,0,3
"633889","Tokyo","Hospital","CL8","ZoneA","ABCH","FCU",91546.6851141851,0,0,0,0,3
"634017","Tokyo","Hospital","CL8","ZoneA","ABCH","VAVFCU",73690.3225417696,0,0,0,0,3
"634081","Tokyo","Hospital","CL8","ZoneA","ABCH","OHUFCU",215629.885911759,0,0,0,0,3
"635233","Tokyo","Hospital","CL8","ZoneA","AB","OHUFCU",89996.437828708,0,0,0,0,3
"635361","Tokyo","Hospital","CL8","ZoneA","COM","VAV",75175.5772751049,0,0,0,0,3
"635425","Tokyo","Hospital","CL8","ZoneA","COM","FCU",225087.095539597,0,0,0,0,3
"635553","Tokyo","Hospital","CL8","ZoneA","COM","VAVFCU",181183.410951632,0,0,0,0,3
"635617","Tokyo","Hospital","CL8","ZoneA","COM","OHUFCU",530172.170307147,0,0,0,0,3
"636385","Tokyo","Hospital","CL8","ZoneA","COM+TESICE","OHUFCU",177369.615297069,0,0,0,0,3
"636449","Tokyo","Hospital","CL9","ZoneA","EHP","MUL",4069.64132215351,0,0,0,0,3
"636897","Tokyo","Hospital","CL9","ZoneA","ABCH","OHUFCU",119422.641437775,0,0,0,0,3
"638049","Tokyo","Hospital","CL9","ZoneA","AB","OHUFCU",76279.4784473031,0,0,0,0,3
"638177","Tokyo","Hospital","CL9","ZoneA","COM","VAV",106233.346373618,0,0,0,0,3
"638241","Tokyo","Hospital","CL9","ZoneA","COM","FCU",153161.929129118,0,0,0,0,3
"638369","Tokyo","Hospital","CL9","ZoneA","COM","VAVFCU",343187.371300898,0,0,0,0,3
"638433","Tokyo","Hospital","CL9","ZoneA","COM","OHUFCU",627016.076145289,0,0,0,0,3
"639137","Tokyo","Hospital","CL9","ZoneA","COM+TESICE","VAVFCU",78348.6182858626,0,0,0,0,3
"639201","Tokyo","Hospital","CL9","ZoneA","COM+TESICE","OHUFCU",143145.83611509,0,0,0,0,3
"639233","Nigata","Hospital","CL1","ZoneC","EHP","MUL",239529.069437307,0,0,0,0,1
"639249","Nigata","Hospital","CL1","ZoneC","EHP","MUL",42269.8363747168,0,0,0,0,2
"639297","Nigata","Hospital","CL1","ZoneC","GHP","MUL",0.00335275408472054,0,0,0,0,1
"642049","Nigata","Hospital","CL2","ZoneC","EHP","MUL",841633.860767011,0,0,0,0,1
"642065","Nigata","Hospital","CL2","ZoneC","EHP","MUL",175562.712718581,0,0,0,0,2
"642113","Nigata","Hospital","CL2","ZoneC","GHP","MUL",0.0120810914177641,0,0,0,0,1
"642129","Nigata","Hospital","CL2","ZoneC","GHP","MUL",0.00252008537295649,0,0,0,0,2
"642305","Nigata","Hospital","CL2","ZoneC","ABCH","FCU",53094.7556558194,0,0,0,0,1
"642689","Nigata","Hospital","CL2","ZoneC","AHP","FCU",100126.757848519,0,0,0,0,1
"644865","Nigata","Hospital","CL3","ZoneC","EHP","MUL",148066.761624296,0,0,0,0,1
"644881","Nigata","Hospital","CL3","ZoneC","EHP","MUL",39042.9417439408,0,0,0,0,2
"644929","Nigata","Hospital","CL3","ZoneC","GHP","MUL",0.00204339085978304,0,0,0,0,1
"645505","Nigata","Hospital","CL3","ZoneC","AHP","FCU",73176.5728813105,0,0,0,0,1
"647681","Nigata","Hospital","CL4","ZoneC","EHP","MUL",64857.4132442222,0,0,0,0,1
"647697","Nigata","Hospital","CL4","ZoneC","EHP","MUL",11445.4260216772,0,0,0,0,2
"647745","Nigata","Hospital","CL4","ZoneC","GHP","MUL",0.000878615047208872,0,0,0,0,1
"647937","Nigata","Hospital","CL4","ZoneC","ABCH","FCU",83972.7813207112,0,0,0,0,1
"647953","Nigata","Hospital","CL4","ZoneC","ABCH","FCU",14818.7261154196,0,0,0,0,2
"650497","Nigata","Hospital","CL5","ZoneC","EHP","MUL",29842.0793178706,0,0,0,0,1
"650513","Nigata","Hospital","CL5","ZoneC","EHP","MUL",15373.1923758728,0,0,0,0,2
"650753","Nigata","Hospital","CL5","ZoneC","ABCH","FCU",139975.734270394,0,0,0,0,1
"650769","Nigata","Hospital","CL5","ZoneC","ABCH","FCU",72108.7115938396,0,0,0,0,2
"653313","Nigata","Hospital","CL6","ZoneC","EHP","MUL",13684.3282067614,0,0,0,0,1
"653329","Nigata","Hospital","CL6","ZoneC","EHP","MUL",7049.50240954377,0,0,0,0,2
"653569","Nigata","Hospital","CL6","ZoneC","ABCH","FCU",112153.524863614,0,0,0,0,1
"653585","Nigata","Hospital","CL6","ZoneC","ABCH","FCU",103897.40119703,0,0,0,0,2
"653761","Nigata","Hospital","CL6","ZoneC","ABCH","OHUFCU",89529.6656953265,0,0,0,0,1
"656129","Nigata","Hospital","CL7","ZoneC","EHP","MUL",7034.6850060424,0,0,0,0,1
"656145","Nigata","Hospital","CL7","ZoneC","EHP","MUL",3623.92863947639,0,0,0,0,2
"656385","Nigata","Hospital","CL7","ZoneC","ABCH","FCU",72968.4035076495,0,0,0,0,1
"656401","Nigata","Hospital","CL7","ZoneC","ABCH","FCU",60859.9200131633,0,0,0,0,2
"656577","Nigata","Hospital","CL7","ZoneC","ABCH","OHUFCU",89201.4032043423,0,0,0,0,1
"656593","Nigata","Hospital","CL7","ZoneC","ABCH","OHUFCU",74399.1920216411,0,0,0,0,2
"658113","Nigata","Hospital","CL7","ZoneC","COM","OHUFCU",100391.999002628,0,0,0,0,1
"658977","Nigata","Hospital","CL8","ZoneA","EHP","MUL",3679.89630058355,0,0,0,0,3
"659425","Nigata","Hospital","CL8","ZoneA","ABCH","OHUFCU",117677.260002485,0,0,0,0,3
"660769","Nigata","Hospital","CL8","ZoneA","COM","FCU",79303.6665575515,0,0,0,0,3
"660897","Nigata","Hospital","CL8","ZoneA","COM","VAVFCU",64777.1445591326,0,0,0,0,3
"660961","Nigata","Hospital","CL8","ZoneA","COM","OHUFCU",188291.775826308,0,0,0,0,3
"661729","Nigata","Hospital","CL8","ZoneA","COM+TESICE","OHUFCU",55066.6359126135,0,0,0,0,3
"661793","Nigata","Hospital","CL9","ZoneA","EHP","MUL",860.222335573506,0,0,0,0,3
"663713","Nigata","Hospital","CL9","ZoneA","COM","VAVFCU",128499.069720574,0,0,0,0,3
"663777","Nigata","Hospital","CL9","ZoneA","COM","OHUFCU",234195.61238544,0,0,0,0,3
"664577","Nagoya","Hospital","CL1","ZoneC","EHP","MUL",73091.2332288634,0,0,0,0,1
"664593","Nagoya","Hospital","CL1","ZoneC","EHP","MUL",12898.4531410854,0,0,0,0,2
"664641","Nagoya","Hospital","CL1","ZoneC","GHP","MUL",0.00123728742984345,0,0,0,0,1
"667393","Nagoya","Hospital","CL2","ZoneC","EHP","MUL",519899.90255525,0,0,0,0,1
"667409","Nagoya","Hospital","CL2","ZoneC","EHP","MUL",106361.857422295,0,0,0,0,2
"667457","Nagoya","Hospital","CL2","ZoneC","GHP","MUL",0.00904787572129901,0,0,0,0,1
"667473","Nagoya","Hospital","CL2","ZoneC","GHP","MUL",0.00185102721257228,0,0,0,0,2
"668033","Nagoya","Hospital","CL2","ZoneC","AHP","FCU",82817.2909456966,0,0,0,0,1
"670209","Nagoya","Hospital","CL3","ZoneC","EHP","MUL",468880.436817312,0,0,0,0,1
"670225","Nagoya","Hospital","CL3","ZoneC","EHP","MUL",118120.387898174,0,0,0,0,2
"670273","Nagoya","Hospital","CL3","ZoneC","GHP","MUL",0.00794783444445507,0,0,0,0,1
"670289","Nagoya","Hospital","CL3","ZoneC","GHP","MUL",0.00200221893219076,0,0,0,0,2
"670465","Nagoya","Hospital","CL3","ZoneC","ABCH","FCU",91667.656688483,0,0,0,0,1
"670849","Nagoya","Hospital","CL3","ZoneC","AHP","FCU",108800.774648594,0,0,0,0,1
"673025","Nagoya","Hospital","CL4","ZoneC","EHP","MUL",190002.83055219,0,0,0,0,1
"673041","Nagoya","Hospital","CL4","ZoneC","EHP","MUL",33529.9118343197,0,0,0,0,2
"673089","Nagoya","Hospital","CL4","ZoneC","GHP","MUL",0.00317562216137563,0,0,0,0,1
"673281","Nagoya","Hospital","CL4","ZoneC","ABCH","FCU",137483.370191848,0,0,0,0,1
"673297","Nagoya","Hospital","CL4","ZoneC","ABCH","FCU",41582.843803867,0,0,0,0,2
"673665","Nagoya","Hospital","CL4","ZoneC","AHP","FCU",98152.7446967313,0,0,0,0,1
"675841","Nagoya","Hospital","CL5","ZoneC","EHP","MUL",77661.853674074,0,0,0,0,1
"675857","Nagoya","Hospital","CL5","ZoneC","EHP","MUL",40007.6222767328,0,0,0,0,2
"675905","Nagoya","Hospital","CL5","ZoneC","GHP","MUL",0.00133370164531543,0,0,0,0,1
"676097","Nagoya","Hospital","CL5","ZoneC","ABCH","FCU",167097.108752864,0,0,0,0,1
"676113","Nagoya","Hospital","CL5","ZoneC","ABCH","FCU",171936.654787086,0,0,0,0,2
"676289","Nagoya","Hospital","CL5","ZoneC","ABCH","OHUFCU",74907.5924092755,0,0,0,0,1
"676481","Nagoya","Hospital","CL5","ZoneC","AHP","FCU",91754.6875422035,0,0,0,0,1
"678657","Nagoya","Hospital","CL6","ZoneC","EHP","MUL",31781.3564076855,0,0,0,0,1
"678673","Nagoya","Hospital","CL6","ZoneC","EHP","MUL",16372.2139069895,0,0,0,0,2
"678913","Nagoya","Hospital","CL6","ZoneC","ABCH","FCU",172446.063173862,0,0,0,0,1
"678929","Nagoya","Hospital","CL6","ZoneC","ABCH","FCU",123074.358178937,0,0,0,0,2
"679105","Nagoya","Hospital","CL6","ZoneC","ABCH","OHUFCU",133580.460131421,0,0,0,0,1
"679121","Nagoya","Hospital","CL6","ZoneC","ABCH","OHUFCU",95336.0667871341,0,0,0,0,2
"679297","Nagoya","Hospital","CL6","ZoneC","AHP","FCU",62688.7481010757,0,0,0,0,1
"680449","Nagoya","Hospital","CL6","ZoneC","COM","FCU",55257.9064689544,0,0,0,0,1
"681473","Nagoya","Hospital","CL7","ZoneC","EHP","MUL",12631.2649126385,0,0,0,0,1
"681489","Nagoya","Hospital","CL7","ZoneC","EHP","MUL",6507.01525802593,0,0,0,0,2
"681729","Nagoya","Hospital","CL7","ZoneC","ABCH","FCU",135840.061793302,0,0,0,0,1
"681745","Nagoya","Hospital","CL7","ZoneC","ABCH","FCU",69978.2136510949,0,0,0,0,2
"681921","Nagoya","Hospital","CL7","ZoneC","ABCH","OHUFCU",177639.492477783,0,0,0,0,1
"681937","Nagoya","Hospital","CL7","ZoneC","ABCH","OHUFCU",91511.2537006762,0,0,0,0,2
"683265","Nagoya","Hospital","CL7","ZoneC","COM","FCU",94936.0630212729,0,0,0,0,1
"683457","Nagoya","Hospital","CL7","ZoneC","COM","OHUFCU",124148.898567192,0,0,0,0,1
"683473","Nagoya","Hospital","CL7","ZoneC","COM","OHUFCU",112861.949909209,0,0,0,0,2
"684321","Nagoya","Hospital","CL8","ZoneA","EHP","MUL",7637.13394684726,0,0,0,0,3
"684769","Nagoya","Hospital","CL8","ZoneA","ABCH","OHUFCU",228542.969221333,0,0,0,0,3
"685921","Nagoya","Hospital","CL8","ZoneA","AB","OHUFCU",59236.0313287763,0,0,0,0,3
"686113","Nagoya","Hospital","CL8","ZoneA","COM","FCU",151185.24824498,0,0,0,0,3
"686241","Nagoya","Hospital","CL8","ZoneA","COM","VAVFCU",122215.800997706,0,0,0,0,3
"686305","Nagoya","Hospital","CL8","ZoneA","COM","OHUFCU",356859.298863107,0,0,0,0,3
"687073","Nagoya","Hospital","CL8","ZoneA","COM+TESICE","OHUFCU",105852.799568131,0,0,0,0,3
"687137","Nagoya","Hospital","CL9","ZoneA","EHP","MUL",2203.63039411681,0,0,0,0,3
"687585","Nagoya","Hospital","CL9","ZoneA","ABCH","OHUFCU",68119.6157710945,0,0,0,0,3
"688865","Nagoya","Hospital","CL9","ZoneA","COM","VAV",63502.4392485925,0,0,0,0,3
"688929","Nagoya","Hospital","CL9","ZoneA","COM","FCU",90485.0417994138,0,0,0,0,3
"689057","Nagoya","Hospital","CL9","ZoneA","COM","VAVFCU",206149.231572028,0,0,0,0,3
"689121","Nagoya","Hospital","CL9","ZoneA","COM","OHUFCU",373715.139519547,0,0,0,0,3
"689889","Nagoya","Hospital","CL9","ZoneA","COM+TESICE","OHUFCU",127489.88021308,0,0,0,0,3
"689921","Osaka","Hospital","CL1","ZoneC","EHP","MUL",170220.300757494,0,0,0,0,1
"689937","Osaka","Hospital","CL1","ZoneC","EHP","MUL",30038.8772245422,0,0,0,0,2
"689985","Osaka","Hospital","CL1","ZoneC","GHP","MUL",0.00351491226818107,0,0,0,0,1
"692737","Osaka","Hospital","CL2","ZoneC","EHP","MUL",612524.95133308,0,0,0,0,1
"692753","Osaka","Hospital","CL2","ZoneC","EHP","MUL",122838.830948354,0,0,0,0,2
"692801","Osaka","Hospital","CL2","ZoneC","GHP","MUL",0.0117280143807068,0,0,0,0,1
"692817","Osaka","Hospital","CL2","ZoneC","GHP","MUL",0.00235199492320453,0,0,0,0,2
"693377","Osaka","Hospital","CL2","ZoneC","AHP","FCU",83561.7589742149,0,0,0,0,1
"695553","Osaka","Hospital","CL3","ZoneC","EHP","MUL",295966.419286958,0,0,0,0,1
"695569","Osaka","Hospital","CL3","ZoneC","EHP","MUL",73408.7523949635,0,0,0,0,2
"695617","Osaka","Hospital","CL3","ZoneC","GHP","MUL",0.00535421563835612,0,0,0,0,1
"695633","Osaka","Hospital","CL3","ZoneC","GHP","MUL",0.00132800974857976,0,0,0,0,2
"695809","Osaka","Hospital","CL3","ZoneC","ABCH","FCU",55005.3147657861,0,0,0,0,1
"696193","Osaka","Hospital","CL3","ZoneC","AHP","FCU",65011.1983565527,0,0,0,0,1
"698369","Osaka","Hospital","CL4","ZoneC","EHP","MUL",151050.635269903,0,0,0,0,1
"698385","Osaka","Hospital","CL4","ZoneC","EHP","MUL",26655.9949520844,0,0,0,0,2
"698433","Osaka","Hospital","CL4","ZoneC","GHP","MUL",0.00279190799866977,0,0,0,0,1
"698625","Osaka","Hospital","CL4","ZoneC","ABCH","FCU",103535.374219057,0,0,0,0,1
"698641","Osaka","Hospital","CL4","ZoneC","ABCH","FCU",31185.640637388,0,0,0,0,2
"699009","Osaka","Hospital","CL4","ZoneC","AHP","FCU",73183.2560594754,0,0,0,0,1
"701185","Osaka","Hospital","CL5","ZoneC","EHP","MUL",107042.009039449,0,0,0,0,1
"701201","Osaka","Hospital","CL5","ZoneC","EHP","MUL",55142.853141534,0,0,0,0,2
"701249","Osaka","Hospital","CL5","ZoneC","GHP","MUL",0.00212450372333736,0,0,0,0,1
"701265","Osaka","Hospital","CL5","ZoneC","GHP","MUL",0.00109444131202228,0,0,0,0,2
"701441","Osaka","Hospital","CL5","ZoneC","ABCH","FCU",208534.45323198,0,0,0,0,1
"701457","Osaka","Hospital","CL5","ZoneC","ABCH","FCU",155569.118491627,0,0,0,0,2
"701633","Osaka","Hospital","CL5","ZoneC","ABCH","OHUFCU",93452.6591341199,0,0,0,0,1
"701825","Osaka","Hospital","CL5","ZoneC","AHP","FCU",115764.456678841,0,0,0,0,1
"701841","Osaka","Hospital","CL5","ZoneC","AHP","FCU",59636.235258797,0,0,0,0,2
"704001","Osaka","Hospital","CL6","ZoneC","EHP","MUL",48152.4430313985,0,0,0,0,1
"704017","Osaka","Hospital","CL6","ZoneC","EHP","MUL",24805.8039858719,0,0,0,0,2
"704257","Osaka","Hospital","CL6","ZoneC","ABCH","FCU",233666.691612647,0,0,0,0,1
"704273","Osaka","Hospital","CL6","ZoneC","ABCH","FCU",164358.281531919,0,0,0,0,2
"704449","Osaka","Hospital","CL6","ZoneC","ABCH","OHUFCU",174706.739803863,0,0,0,0,1
"704465","Osaka","Hospital","CL6","ZoneC","ABCH","OHUFCU",122886.575438007,0,0,0,0,2
"704641","Osaka","Hospital","CL6","ZoneC","AHP","FCU",88103.6320410319,0,0,0,0,1
"705793","Osaka","Hospital","CL6","ZoneC","COM","FCU",61115.894189961,0,0,0,0,1
"706817","Osaka","Hospital","CL7","ZoneC","EHP","MUL",17870.6032078417,0,0,0,0,1
"706833","Osaka","Hospital","CL7","ZoneC","EHP","MUL",9206.06831919121,0,0,0,0,2
"707073","Osaka","Hospital","CL7","ZoneC","ABCH","FCU",175810.488054261,0,0,0,0,1
"707089","Osaka","Hospital","CL7","ZoneC","ABCH","FCU",90569.0393006803,0,0,0,0,2
"707265","Osaka","Hospital","CL7","ZoneC","ABCH","OHUFCU",223572.779679454,0,0,0,0,1
"707281","Osaka","Hospital","CL7","ZoneC","ABCH","OHUFCU",115173.856198507,0,0,0,0,2
"708609","Osaka","Hospital","CL7","ZoneC","COM","FCU",94842.4027242013,0,0,0,0,1
"708801","Osaka","Hospital","CL7","ZoneC","COM","OHUFCU",120608.160771294,0,0,0,0,1
"708817","Osaka","Hospital","CL7","ZoneC","COM","OHUFCU",110989.684224952,0,0,0,0,2
"709665","Osaka","Hospital","CL8","ZoneA","EHP","MUL",7470.98739988355,0,0,0,0,3
"710113","Osaka","Hospital","CL8","ZoneA","ABCH","OHUFCU",222296.943599452,0,0,0,0,3
"711265","Osaka","Hospital","CL8","ZoneA","AB","OHUFCU",55026.9847773084,0,0,0,0,3
"711457","Osaka","Hospital","CL8","ZoneA","COM","FCU",144676.468845281,0,0,0,0,3
"711585","Osaka","Hospital","CL8","ZoneA","COM","VAVFCU",117107.374283964,0,0,0,0,3
"711649","Osaka","Hospital","CL8","ZoneA","COM","OHUFCU",341670.993535733,0,0,0,0,3
"712417","Osaka","Hospital","CL8","ZoneA","COM+TESICE","OHUFCU",103508.89726631,0,0,0,0,3
"712481","Osaka","Hospital","CL9","ZoneA","EHP","MUL",1636.88644011786,0,0,0,0,3
"714209","Osaka","Hospital","CL9","ZoneA","COM","VAV",53356.7766953679,0,0,0,0,3
"714273","Osaka","Hospital","CL9","ZoneA","COM","FCU",73090.0841555253,0,0,0,0,3
"714401","Osaka","Hospital","CL9","ZoneA","COM","VAVFCU",176607.406636512,0,0,0,0,3
"714465","Osaka","Hospital","CL9","ZoneA","COM","OHUFCU",310656.363345285,0,0,0,0,3
"715233","Osaka","Hospital","CL9","ZoneA","COM+TESICE","OHUFCU",109076.736105572,0,0,0,0,3
"715265","Hiroshima","Hospital","CL1","ZoneC","EHP","MUL",46236.5016571492,0,0,0,0,1
"715281","Hiroshima","Hospital","CL1","ZoneC","EHP","MUL",8159.38264537925,0,0,0,0,2
"718081","Hiroshima","Hospital","CL2","ZoneC","EHP","MUL",318119.449483302,0,0,0,0,1
"718097","Hiroshima","Hospital","CL2","ZoneC","EHP","MUL",56138.7272034873,0,0,0,0,2
"718145","Hiroshima","Hospital","CL2","ZoneC","GHP","MUL",0.00466979251399776,0,0,0,0,1
"720897","Hiroshima","Hospital","CL3","ZoneC","EHP","MUL",231373.14517618,0,0,0,0,1
"720913","Hiroshima","Hospital","CL3","ZoneC","EHP","MUL",58665.7949622058,0,0,0,0,2
"720961","Hiroshima","Hospital","CL3","ZoneC","GHP","MUL",0.00323508507512666,0,0,0,0,1
"721537","Hiroshima","Hospital","CL3","ZoneC","AHP","FCU",101066.356374568,0,0,0,0,1
"723713","Hiroshima","Hospital","CL4","ZoneC","EHP","MUL",102740.119717928,0,0,0,0,1
"723729","Hiroshima","Hospital","CL4","ZoneC","EHP","MUL",18130.6096195723,0,0,0,0,2
"723777","Hiroshima","Hospital","CL4","ZoneC","GHP","MUL",0.00145964869543465,0,0,0,0,1
"723969","Hiroshima","Hospital","CL4","ZoneC","ABCH","FCU",123805.63818864,0,0,0,0,1
"723985","Hiroshima","Hospital","CL4","ZoneC","ABCH","FCU",21848.0537979952,0,0,0,0,2
"726529","Hiroshima","Hospital","CL5","ZoneC","EHP","MUL",51751.113071095,0,0,0,0,1
"726545","Hiroshima","Hospital","CL5","ZoneC","EHP","MUL",26659.6647201345,0,0,0,0,2
"726593","Hiroshima","Hospital","CL5","ZoneC","GHP","MUL",0.000797401369208154,0,0,0,0,1
"726785","Hiroshima","Hospital","CL5","ZoneC","ABCH","FCU",167212.881347256,0,0,0,0,1
"726801","Hiroshima","Hospital","CL5","ZoneC","ABCH","FCU",117779.557146648,0,0,0,0,2
"727169","Hiroshima","Hospital","CL5","ZoneC","AHP","FCU",61418.0237021201,0,0,0,0,1
"729345","Hiroshima","Hospital","CL6","ZoneC","EHP","MUL",23674.7492263916,0,0,0,0,1
"729361","Hiroshima","Hospital","CL6","ZoneC","EHP","MUL",12196.0829348078,0,0,0,0,2
"729601","Hiroshima","Hospital","CL6","ZoneC","ABCH","FCU",180194.806707275,0,0,0,0,1
"729617","Hiroshima","Hospital","CL6","ZoneC","ABCH","FCU",92827.6276976876,0,0,0,0,2
"729793","Hiroshima","Hospital","CL6","ZoneC","ABCH","OHUFCU",140306.227718121,0,0,0,0,1
"729809","Hiroshima","Hospital","CL6","ZoneC","ABCH","OHUFCU",72278.9657941833,0,0,0,0,2
"732161","Hiroshima","Hospital","CL7","ZoneC","EHP","MUL",10703.6835877041,0,0,0,0,1
"732177","Hiroshima","Hospital","CL7","ZoneC","EHP","MUL",5514.01881790819,0,0,0,0,2
"732417","Hiroshima","Hospital","CL7","ZoneC","ABCH","FCU",110660.228420404,0,0,0,0,1
"732609","Hiroshima","Hospital","CL7","ZoneC","ABCH","OHUFCU",138740.54644712,0,0,0,0,1
"732625","Hiroshima","Hospital","CL7","ZoneC","ABCH","OHUFCU",128479.187052967,0,0,0,0,2
"734145","Hiroshima","Hospital","CL7","ZoneC","COM","OHUFCU",135319.092647998,0,0,0,0,1
"734161","Hiroshima","Hospital","CL7","ZoneC","COM","OHUFCU",69709.8356065445,0,0,0,0,2
"735009","Hiroshima","Hospital","CL8","ZoneA","EHP","MUL",4543.2461582734,0,0,0,0,3
"735457","Hiroshima","Hospital","CL8","ZoneA","ABCH","OHUFCU",145693.882166524,0,0,0,0,3
"736801","Hiroshima","Hospital","CL8","ZoneA","COM","FCU",96639.8252282347,0,0,0,0,3
"736929","Hiroshima","Hospital","CL8","ZoneA","COM","VAVFCU",79000.7589573695,0,0,0,0,3
"736993","Hiroshima","Hospital","CL8","ZoneA","COM","OHUFCU",229571.36937827,0,0,0,0,3
"737761","Hiroshima","Hospital","CL8","ZoneA","COM+TESICE","OHUFCU",67232.0812020006,0,0,0,0,3
"737825","Hiroshima","Hospital","CL9","ZoneA","EHP","MUL",757.133283406653,0,0,0,0,3
"739745","Hiroshima","Hospital","CL9","ZoneA","COM","VAVFCU",112056.459532664,0,0,0,0,3
"739809","Hiroshima","Hospital","CL9","ZoneA","COM","OHUFCU",204515.68361549,0,0,0,0,3
"740609","Matsuyama","Hospital","CL1","ZoneC","EHP","MUL",25523.1697317807,0,0,0,0,1
"740625","Matsuyama","Hospital","CL1","ZoneC","EHP","MUL",4504.08877619661,0,0,0,0,2
"743425","Matsuyama","Hospital","CL2","ZoneC","EHP","MUL",159907.504580988,0,0,0,0,1
"743441","Matsuyama","Hospital","CL2","ZoneC","EHP","MUL",28218.9718145598,0,0,0,0,2
"743489","Matsuyama","Hospital","CL2","ZoneC","GHP","MUL",0.00236818317294245,0,0,0,0,1
"746241","Matsuyama","Hospital","CL3","ZoneC","EHP","MUL",139312.176748399,0,0,0,0,1
"746257","Matsuyama","Hospital","CL3","ZoneC","EHP","MUL",35138.3411966652,0,0,0,0,2
"746305","Matsuyama","Hospital","CL3","ZoneC","GHP","MUL",0.00204574745484421,0,0,0,0,1
"746881","Matsuyama","Hospital","CL3","ZoneC","AHP","FCU",59805.0879869565,0,0,0,0,1
"749057","Matsuyama","Hospital","CL4","ZoneC","EHP","MUL",79593.416759191,0,0,0,0,1
"749073","Matsuyama","Hospital","CL4","ZoneC","EHP","MUL",14045.8972802894,0,0,0,0,2
"749121","Matsuyama","Hospital","CL4","ZoneC","GHP","MUL",0.00116244903050143,0,0,0,0,1
"749313","Matsuyama","Hospital","CL4","ZoneC","ABCH","FCU",95997.0547189661,0,0,0,0,1
"749329","Matsuyama","Hospital","CL4","ZoneC","ABCH","FCU",16940.6567151117,0,0,0,0,2
"751873","Matsuyama","Hospital","CL5","ZoneC","EHP","MUL",38023.6797611274,0,0,0,0,1
"751889","Matsuyama","Hospital","CL5","ZoneC","EHP","MUL",19587.9562405808,0,0,0,0,2
"752129","Matsuyama","Hospital","CL5","ZoneC","ABCH","FCU",164503.211291845,0,0,0,0,1
"752145","Matsuyama","Hospital","CL5","ZoneC","ABCH","FCU",84744.078544284,0,0,0,0,2
"754689","Matsuyama","Hospital","CL6","ZoneC","EHP","MUL",14760.9370842403,0,0,0,0,1
"754705","Matsuyama","Hospital","CL6","ZoneC","EHP","MUL",7604.11910400259,0,0,0,0,2
"754945","Matsuyama","Hospital","CL6","ZoneC","ABCH","FCU",102212.399746196,0,0,0,0,1
"754961","Matsuyama","Hospital","CL6","ZoneC","ABCH","FCU",92229.3707510104,0,0,0,0,2
"755137","Matsuyama","Hospital","CL6","ZoneC","ABCH","OHUFCU",76821.0846528243,0,0,0,0,1
"757505","Matsuyama","Hospital","CL7","ZoneC","EHP","MUL",4478.09898345704,0,0,0,0,1
"757521","Matsuyama","Hospital","CL7","ZoneC","EHP","MUL",2306.89947632636,0,0,0,0,2
"757953","Matsuyama","Hospital","CL7","ZoneC","ABCH","OHUFCU",108685.92916171,0,0,0,0,1
"757969","Matsuyama","Hospital","CL7","ZoneC","ABCH","OHUFCU",92618.2466863937,0,0,0,0,2
"759489","Matsuyama","Hospital","CL7","ZoneC","COM","OHUFCU",71102.4320530542,0,0,0,0,1
"760353","Matsuyama","Hospital","CL8","ZoneA","EHP","MUL",2152.64061996471,0,0,0,0,3
"760801","Matsuyama","Hospital","CL8","ZoneA","ABCH","OHUFCU",77110.9130444121,0,0,0,0,3
"762337","Matsuyama","Hospital","CL8","ZoneA","COM","OHUFCU",214964.302624638,0,0,0,0,3
"763169","Matsuyama","Hospital","CL9","ZoneA","EHP","MUL",576.089036470848,0,0,0,0,3
"765089","Matsuyama","Hospital","CL9","ZoneA","COM","VAVFCU",83580.0938629512,0,0,0,0,3
"765153","Matsuyama","Hospital","CL9","ZoneA","COM","OHUFCU",153196.565014702,0,0,0,0,3
"765953","Fukuoka","Hospital","CL1","ZoneC","EHP","MUL",91061.0568080242,0,0,0,0,1
"765969","Fukuoka","Hospital","CL1","ZoneC","EHP","MUL",16069.5985239755,0,0,0,0,2
"766017","Fukuoka","Hospital","CL1","ZoneC","GHP","MUL",0.00149450421695935,0,0,0,0,1
"768769","Fukuoka","Hospital","CL2","ZoneC","EHP","MUL",440323.393234092,0,0,0,0,1
"768785","Fukuoka","Hospital","CL2","ZoneC","EHP","MUL",88998.9163348852,0,0,0,0,2
"768833","Fukuoka","Hospital","CL2","ZoneC","GHP","MUL",0.0071253124125394,0,0,0,0,1
"768849","Fukuoka","Hospital","CL2","ZoneC","GHP","MUL",0.00144018031521296,0,0,0,0,2
"769409","Fukuoka","Hospital","CL2","ZoneC","AHP","FCU",64003.800365966,0,0,0,0,1
"771585","Fukuoka","Hospital","CL3","ZoneC","EHP","MUL",434453.312025059,0,0,0,0,1
"771601","Fukuoka","Hospital","CL3","ZoneC","EHP","MUL",108565.508398128,0,0,0,0,2
"771649","Fukuoka","Hospital","CL3","ZoneC","GHP","MUL",0.00679670630974239,0,0,0,0,1
"771665","Fukuoka","Hospital","CL3","ZoneC","GHP","MUL",0.00169842847442117,0,0,0,0,2
"771841","Fukuoka","Hospital","CL3","ZoneC","ABCH","FCU",83681.4519143302,0,0,0,0,1
"772225","Fukuoka","Hospital","CL3","ZoneC","AHP","FCU",97069.7864777223,0,0,0,0,1
"774401","Fukuoka","Hospital","CL4","ZoneC","EHP","MUL",271398.335571882,0,0,0,0,1
"774417","Fukuoka","Hospital","CL4","ZoneC","EHP","MUL",47893.8246523871,0,0,0,0,2
"774465","Fukuoka","Hospital","CL4","ZoneC","GHP","MUL",0.00412497834223264,0,0,0,0,1
"774657","Fukuoka","Hospital","CL4","ZoneC","ABCH","FCU",183125.730861829,0,0,0,0,1
"774673","Fukuoka","Hospital","CL4","ZoneC","ABCH","FCU",55250.9995267757,0,0,0,0,2
"775041","Fukuoka","Hospital","CL4","ZoneC","AHP","FCU",129963.266456568,0,0,0,0,1
"777217","Fukuoka","Hospital","CL5","ZoneC","EHP","MUL",125610.600247411,0,0,0,0,1
"777233","Fukuoka","Hospital","CL5","ZoneC","EHP","MUL",64708.4910365447,0,0,0,0,2
"777281","Fukuoka","Hospital","CL5","ZoneC","GHP","MUL",0.0019735881989298,0,0,0,0,1
"777297","Fukuoka","Hospital","CL5","ZoneC","GHP","MUL",0.00101669695096384,0,0,0,0,2
"777473","Fukuoka","Hospital","CL5","ZoneC","ABCH","FCU",250247.933018129,0,0,0,0,1
"777489","Fukuoka","Hospital","CL5","ZoneC","ABCH","FCU",128915.601857824,0,0,0,0,2
"777665","Fukuoka","Hospital","CL5","ZoneC","ABCH","OHUFCU",111597.72347561,0,0,0,0,1
"777681","Fukuoka","Hospital","CL5","ZoneC","ABCH","OHUFCU",57489.7363359205,0,0,0,0,2
"777857","Fukuoka","Hospital","CL5","ZoneC","AHP","FCU",136683.412366081,0,0,0,0,1
"777873","Fukuoka","Hospital","CL5","ZoneC","AHP","FCU",70412.666976466,0,0,0,0,2
"780033","Fukuoka","Hospital","CL6","ZoneC","EHP","MUL",53005.9155270288,0,0,0,0,1
"780049","Fukuoka","Hospital","CL6","ZoneC","EHP","MUL",27306.0781139622,0,0,0,0,2
"780097","Fukuoka","Hospital","CL6","ZoneC","GHP","MUL",0.000811838932560992,0,0,0,0,1
"780289","Fukuoka","Hospital","CL6","ZoneC","ABCH","FCU",272105.081135967,0,0,0,0,1
"780305","Fukuoka","Hospital","CL6","ZoneC","ABCH","FCU",189433.109935964,0,0,0,0,2
"780481","Fukuoka","Hospital","CL6","ZoneC","ABCH","OHUFCU",209817.956680835,0,0,0,0,1
"780497","Fukuoka","Hospital","CL6","ZoneC","ABCH","OHUFCU",146070.289788522,0,0,0,0,2
"780673","Fukuoka","Hospital","CL6","ZoneC","AHP","FCU",97540.9247937295,0,0,0,0,1
"781825","Fukuoka","Hospital","CL6","ZoneC","COM","FCU",71807.3427369999,0,0,0,0,1
"782849","Fukuoka","Hospital","CL7","ZoneC","EHP","MUL",19674.2725140369,0,0,0,0,1
"782865","Fukuoka","Hospital","CL7","ZoneC","EHP","MUL",10135.2312951099,0,0,0,0,2
"783105","Fukuoka","Hospital","CL7","ZoneC","ABCH","FCU",193852.653897034,0,0,0,0,1
"783121","Fukuoka","Hospital","CL7","ZoneC","ABCH","FCU",99863.4883711993,0,0,0,0,2
"783297","Fukuoka","Hospital","CL7","ZoneC","ABCH","OHUFCU",241146.165649658,0,0,0,0,1
"783313","Fukuoka","Hospital","CL7","ZoneC","ABCH","OHUFCU",124226.812607399,0,0,0,0,2
"784641","Fukuoka","Hospital","CL7","ZoneC","COM","FCU",91809.4601871794,0,0,0,0,1
"784833","Fukuoka","Hospital","CL7","ZoneC","COM","OHUFCU",114207.873090367,0,0,0,0,1
"784849","Fukuoka","Hospital","CL7","ZoneC","COM","OHUFCU",106130.141385403,0,0,0,0,2
"785697","Fukuoka","Hospital","CL8","ZoneA","EHP","MUL",7518.37364045269,0,0,0,0,3
"786145","Fukuoka","Hospital","CL8","ZoneA","ABCH","OHUFCU",226934.608496222,0,0,0,0,3
"787297","Fukuoka","Hospital","CL8","ZoneA","AB","OHUFCU",54994.3169473402,0,0,0,0,3
"787489","Fukuoka","Hospital","CL8","ZoneA","COM","FCU",147021.121262974,0,0,0,0,3
"787617","Fukuoka","Hospital","CL8","ZoneA","COM","VAVFCU",119077.219162628,0,0,0,0,3
"787681","Fukuoka","Hospital","CL8","ZoneA","COM","OHUFCU",347344.280361733,0,0,0,0,3
"788449","Fukuoka","Hospital","CL8","ZoneA","COM+TESICE","OHUFCU",102603.359439897,0,0,0,0,3
"788513","Fukuoka","Hospital","CL9","ZoneA","EHP","MUL",1242.67637577464,0,0,0,0,3
"790305","Fukuoka","Hospital","CL9","ZoneA","COM","FCU",61037.6265170816,0,0,0,0,3
"790433","Fukuoka","Hospital","CL9","ZoneA","COM","VAVFCU",146200.076545682,0,0,0,0,3
"790497","Fukuoka","Hospital","CL9","ZoneA","COM","OHUFCU",257912.66347239,0,0,0,0,3
"791265","Fukuoka","Hospital","CL9","ZoneA","COM+TESICE","OHUFCU",80711.6625773022,0,0,0,0,3
"791297","Naha","Hospital","CL1","ZoneC","EHP","MUL",5201.65615673279,0,0,0,0,1
"791313","Naha","Hospital","CL1","ZoneC","EHP","MUL",917.939321776372,0,0,0,0,2
"794113","Naha","Hospital","CL2","ZoneC","EHP","MUL",25278.5041895531,0,0,0,0,1
"794129","Naha","Hospital","CL2","ZoneC","EHP","MUL",4460.91250403881,0,0,0,0,2
"796929","Naha","Hospital","CL3","ZoneC","EHP","MUL",33165.6770531081,0,0,0,0,1
"796945","Naha","Hospital","CL3","ZoneC","EHP","MUL",5852.76653878377,0,0,0,0,2
"799745","Naha","Hospital","CL4","ZoneC","EHP","MUL",36383.1997835004,0,0,0,0,1
"799761","Naha","Hospital","CL4","ZoneC","EHP","MUL",6420.56466767654,0,0,0,0,2
"802561","Naha","Hospital","CL5","ZoneC","EHP","MUL",9777.88782299704,0,0,0,0,1
"802577","Naha","Hospital","CL5","ZoneC","EHP","MUL",5037.09372699848,0,0,0,0,2
"802817","Naha","Hospital","CL5","ZoneC","ABCH","FCU",34744.2963176132,0,0,0,0,1
"802833","Naha","Hospital","CL5","ZoneC","ABCH","FCU",17898.5768908917,0,0,0,0,2
"805377","Naha","Hospital","CL6","ZoneC","EHP","MUL",3699.35034606207,0,0,0,0,1
"805393","Naha","Hospital","CL6","ZoneC","EHP","MUL",1905.72593585015,0,0,0,0,2
"805633","Naha","Hospital","CL6","ZoneC","ABCH","FCU",53983.3756528308,0,0,0,0,1
"805649","Naha","Hospital","CL6","ZoneC","ABCH","FCU",27809.6177605491,0,0,0,0,2
"808193","Naha","Hospital","CL7","ZoneC","EHP","MUL",1102.39574119108,0,0,0,0,1
"808209","Naha","Hospital","CL7","ZoneC","EHP","MUL",567.900836371162,0,0,0,0,2
"808641","Naha","Hospital","CL7","ZoneC","ABCH","OHUFCU",44461.9007435779,0,0,0,0,1
"808657","Naha","Hospital","CL7","ZoneC","ABCH","OHUFCU",22904.6155345704,0,0,0,0,2
"811041","Naha","Hospital","CL8","ZoneA","EHP","MUL",832.150751569306,0,0,0,0,3
"813025","Naha","Hospital","CL8","ZoneA","COM","OHUFCU",113907.056616347,0,0,0,0,3
"813857","Naha","Hospital","CL9","ZoneA","EHP","MUL",154.754447580951,0,0,0,0,3
"815841","Naha","Hospital","CL9","ZoneA","COM","OHUFCU",64755.5727254793,0,0,0,0,3
"816673","Sapporo","Retail","ConvenienceDrug","ZoneC","EHP","MUL",181704.012721663,0,0,0,0,3
"816674","Sapporo","Retail","ConvenienceDrug","ZoneC","EHP","MUL",98710.4593087953,1,0,0,0,3
"816737","Sapporo","Retail","ConvenienceDrug","ZoneC","GHP","MUL",0.00155378709586794,0,0,0,0,3
"819489","Sapporo","Retail","ConvenienceStore","ZoneC","EHP","MUL",164558.219469885,0,0,0,0,3
"819490","Sapporo","Retail","ConvenienceStore","ZoneC","EHP","MUL",80256.6411502114,1,0,0,0,3
"819553","Sapporo","Retail","ConvenienceStore","ZoneC","GHP","MUL",0.00132738782070502,0,0,0,0,3
"822305","Sapporo","Retail","HomeCenter","ZoneC","EHP","MUL",161898.218542757,0,0,0,0,3
"822306","Sapporo","Retail","HomeCenter","ZoneC","EHP","MUL",102270.213974797,1,0,0,0,3
"822369","Sapporo","Retail","HomeCenter","ZoneC","GHP","MUL",0.00175538477118684,0,0,0,0,3
"822561","Sapporo","Retail","HomeCenter","ZoneC","ABCH","FCU",116956.043409952,0,0,0,0,3
"822562","Sapporo","Retail","HomeCenter","ZoneC","ABCH","FCU",87301.9652930396,1,0,0,0,3
"825121","Sapporo","Retail","HousingClothingSuper","ZoneC","EHP","MUL",344108.252751421,0,0,0,0,3
"825122","Sapporo","Retail","HousingClothingSuper","ZoneC","EHP","MUL",217371.290160842,1,0,0,0,3
"825185","Sapporo","Retail","HousingClothingSuper","ZoneC","GHP","MUL",0.00373100082234709,0,0,0,0,3
"825377","Sapporo","Retail","HousingClothingSuper","ZoneC","ABCH","FCU",183447.526066783,0,0,0,0,3
"825378","Sapporo","Retail","HousingClothingSuper","ZoneC","ABCH","FCU",132975.002017415,1,0,0,0,3
"825569","Sapporo","Retail","HousingClothingSuper","ZoneC","ABCH","OHUFCU",65094.3337801884,0,0,0,0,3
"825570","Sapporo","Retail","HousingClothingSuper","ZoneC","ABCH","OHUFCU",52625.4475317367,1,0,0,0,3
"827937","Sapporo","Retail","LargeDepartment","ZoneC","EHP","MUL",2113.62610654036,0,0,0,0,3
"828193","Sapporo","Retail","LargeDepartment","ZoneC","ABCH","FCU",39434.2720573546,0,0,0,0,3
"830753","Sapporo","Retail","LargeGeneral","ZoneC","EHP","MUL",4651.04363998803,0,0,0,0,3
"831009","Sapporo","Retail","LargeGeneral","ZoneC","ABCH","FCU",47735.2492994116,0,0,0,0,3
"831010","Sapporo","Retail","LargeGeneral","ZoneC","ABCH","FCU",39040.0416010817,1,0,0,0,3
"833569","Sapporo","Retail","LargeGrocery","ZoneC","EHP","MUL",113920.926146144,0,0,0,0,3
"833570","Sapporo","Retail","LargeGrocery","ZoneC","EHP","MUL",68340.9857235072,1,0,0,0,3
"833633","Sapporo","Retail","LargeGrocery","ZoneC","GHP","MUL",0.00110367305226119,0,0,0,0,3
"833825","Sapporo","Retail","LargeGrocery","ZoneC","ABCH","FCU",52211.7304796299,0,0,0,0,3
"836385","Sapporo","Retail","MediumDepartment","ZoneC","EHP","MUL",20447.5492764734,0,0,0,0,3
"836641","Sapporo","Retail","MediumDepartment","ZoneC","ABCH","FCU",75487.3446843522,0,0,0,0,3
"836642","Sapporo","Retail","MediumDepartment","ZoneC","ABCH","FCU",60364.3419844697,1,0,0,0,3
"839201","Sapporo","Retail","MediumGeneral","ZoneC","EHP","MUL",44408.1505754362,0,0,0,0,3
"839457","Sapporo","Retail","MediumGeneral","ZoneC","ABCH","FCU",120502.019328437,0,0,0,0,3
"839458","Sapporo","Retail","MediumGeneral","ZoneC","ABCH","FCU",93427.6401849802,1,0,0,0,3
"839649","Sapporo","Retail","MediumGeneral","ZoneC","ABCH","OHUFCU",43287.7220904695,0,0,0,0,3
"839650","Sapporo","Retail","MediumGeneral","ZoneC","ABCH","OHUFCU",37826.3948381822,1,0,0,0,3
"842017","Sapporo","Retail","MediumGrocery","ZoneC","EHP","MUL",123414.336669485,0,0,0,0,3
"842018","Sapporo","Retail","MediumGrocery","ZoneC","EHP","MUL",74036.0678738294,1,0,0,0,3
"842081","Sapporo","Retail","MediumGrocery","ZoneC","GHP","MUL",0.00119564580672443,0,0,0,0,3
"842273","Sapporo","Retail","MediumGrocery","ZoneC","ABCH","FCU",56562.7080247152,0,0,0,0,3
"844833","Sapporo","Retail","SmallGeneral","ZoneC","EHP","MUL",213951.066896873,0,0,0,0,3
"844834","Sapporo","Retail","SmallGeneral","ZoneC","EHP","MUL",135151.711912756,1,0,0,0,3
"844897","Sapporo","Retail","SmallGeneral","ZoneC","GHP","MUL",0.00231976885224812,0,0,0,0,3
"845089","Sapporo","Retail","SmallGeneral","ZoneC","ABCH","FCU",114059.438004624,0,0,0,0,3
"845090","Sapporo","Retail","SmallGeneral","ZoneC","ABCH","FCU",82677.8879168342,1,0,0,0,3
"845281","Sapporo","Retail","SmallGeneral","ZoneC","ABCH","OHUFCU",40472.7351054644,0,0,0,0,3
"845282","Sapporo","Retail","SmallGeneral","ZoneC","ABCH","OHUFCU",32720.1412791283,1,0,0,0,3
"847649","Sapporo","Retail","SmallGrocery","ZoneC","EHP","MUL",153044.725596047,0,0,0,0,3
"847650","Sapporo","Retail","SmallGrocery","ZoneC","EHP","MUL",86712.6859174364,1,0,0,0,3
"847713","Sapporo","Retail","SmallGrocery","ZoneC","GHP","MUL",0.00136397824530282,0,0,0,0,3
"850465","Sapporo","Retail","SpecialityShop","ZoneC","EHP","MUL",695425.970966193,0,0,0,0,3
"850466","Sapporo","Retail","SpecialityShop","ZoneC","EHP","MUL",339165.997166037,1,0,0,0,3
"850529","Sapporo","Retail","SpecialityShop","ZoneC","GHP","MUL",0.00560956460902531,0,0,0,0,3
"853281","Sapporo","Retail","SuperDrugStore","ZoneC","EHP","MUL",49353.9127165794,0,0,0,0,3
"853282","Sapporo","Retail","SuperDrugStore","ZoneC","EHP","MUL",29607.3351794562,1,0,0,0,3
"853345","Sapporo","Retail","SuperDrugStore","ZoneC","GHP","MUL",0.000478143790887562,0,0,0,0,3
"856097","Sendai","Retail","ConvenienceDrug","ZoneC","EHP","MUL",350446.02513162,0,0,0,0,3
"856098","Sendai","Retail","ConvenienceDrug","ZoneC","EHP","MUL",190037.359644104,1,0,0,0,3
"856161","Sendai","Retail","ConvenienceDrug","ZoneC","GHP","MUL",0.00299232937946338,0,0,0,0,3
"858913","Sendai","Retail","ConvenienceStore","ZoneC","EHP","MUL",207923.823215186,0,0,0,0,3
"858914","Sendai","Retail","ConvenienceStore","ZoneC","EHP","MUL",101406.467085742,1,0,0,0,3
"858977","Sendai","Retail","ConvenienceStore","ZoneC","GHP","MUL",0.00167719091431206,0,0,0,0,3
"861729","Sendai","Retail","HomeCenter","ZoneC","EHP","MUL",403406.242221922,0,0,0,0,3
"861730","Sendai","Retail","HomeCenter","ZoneC","EHP","MUL",255692.132839269,1,0,0,0,3
"861793","Sendai","Retail","HomeCenter","ZoneC","GHP","MUL",0.00441284782757602,0,0,0,0,3
"861922","Sendai","Retail","HomeCenter","ZoneC","ABCH","VAV",52250.1957995399,1,0,0,0,3
"861985","Sendai","Retail","HomeCenter","ZoneC","ABCH","FCU",222531.622344473,0,0,0,0,3
"861986","Sendai","Retail","HomeCenter","ZoneC","ABCH","FCU",140436.50205716,1,0,0,0,3
"862177","Sendai","Retail","HomeCenter","ZoneC","ABCH","OHUFCU",75094.1696066566,0,0,0,0,3
"862178","Sendai","Retail","HomeCenter","ZoneC","ABCH","OHUFCU",53529.3938253524,1,0,0,0,3
"864545","Sendai","Retail","HousingClothingSuper","ZoneC","EHP","MUL",729107.508562881,0,0,0,0,3
"864546","Sendai","Retail","HousingClothingSuper","ZoneC","EHP","MUL",462132.29846605,1,0,0,0,3
"864609","Sendai","Retail","HousingClothingSuper","ZoneC","GHP","MUL",0.00797568343888218,0,0,0,0,3
"864738","Sendai","Retail","HousingClothingSuper","ZoneC","ABCH","VAV",83400.7932621699,1,0,0,0,3
"864801","Sendai","Retail","HousingClothingSuper","ZoneC","ABCH","FCU",355200.847488692,0,0,0,0,3
"864802","Sendai","Retail","HousingClothingSuper","ZoneC","ABCH","FCU",224162.139400724,1,0,0,0,3
"864993","Sendai","Retail","HousingClothingSuper","ZoneC","ABCH","OHUFCU",119863.920483419,0,0,0,0,3
"864994","Sendai","Retail","HousingClothingSuper","ZoneC","ABCH","OHUFCU",85442.6254210669,1,0,0,0,3
"865185","Sendai","Retail","HousingClothingSuper","ZoneC","AHP","FCU",59932.8201664971,0,0,0,0,3
"865953","Sendai","Retail","HousingClothingSuper","ZoneC","AB","FCU",54924.6306108919,0,0,0,0,3
"867361","Sendai","Retail","LargeDepartment","ZoneC","EHP","MUL",2917.90760308083,0,0,0,0,3
"867617","Sendai","Retail","LargeDepartment","ZoneC","ABCH","FCU",53566.1397470285,0,0,0,0,3
"870177","Sendai","Retail","LargeGeneral","ZoneC","EHP","MUL",6259.95385504055,0,0,0,0,3
"870433","Sendai","Retail","LargeGeneral","ZoneC","ABCH","FCU",63323.7753188568,0,0,0,0,3
"870434","Sendai","Retail","LargeGeneral","ZoneC","ABCH","FCU",51594.7240383564,1,0,0,0,3
"872993","Sendai","Retail","LargeGrocery","ZoneC","EHP","MUL",156433.801435647,0,0,0,0,3
"872994","Sendai","Retail","LargeGrocery","ZoneC","EHP","MUL",93702.6863284313,1,0,0,0,3
"873057","Sendai","Retail","LargeGrocery","ZoneC","GHP","MUL",0.00151144429380521,0,0,0,0,3
"873249","Sendai","Retail","LargeGrocery","ZoneC","ABCH","FCU",40849.3803584061,0,0,0,0,3
"873250","Sendai","Retail","LargeGrocery","ZoneC","ABCH","FCU",28754.3448890473,1,0,0,0,3
"875809","Sendai","Retail","MediumDepartment","ZoneC","EHP","MUL",28162.2556071511,0,0,0,0,3
"876065","Sendai","Retail","MediumDepartment","ZoneC","ABCH","FCU",102931.581616045,0,0,0,0,3
"876066","Sendai","Retail","MediumDepartment","ZoneC","ABCH","FCU",81393.7694266953,1,0,0,0,3
"878625","Sendai","Retail","MediumGeneral","ZoneC","EHP","MUL",64528.2033015398,0,0,0,0,3
"878689","Sendai","Retail","MediumGeneral","ZoneC","GHP","MUL",0.000616793281362112,0,0,0,0,3
"878881","Sendai","Retail","MediumGeneral","ZoneC","ABCH","FCU",136096.975674001,0,0,0,0,3
"878882","Sendai","Retail","MediumGeneral","ZoneC","ABCH","FCU",104437.599359853,1,0,0,0,3
"878886","Sendai","Retail","MediumGeneral","ZoneC","ABCH","FCU",27107.7775869156,1,0,0,1,3
"879073","Sendai","Retail","MediumGeneral","ZoneC","ABCH","OHUFCU",51513.7852981516,0,0,0,0,3
"879074","Sendai","Retail","MediumGeneral","ZoneC","ABCH","OHUFCU",44614.5481043901,1,0,0,0,3
"880417","Sendai","Retail","MediumGeneral","ZoneC","COM","FCU",58574.171765139,0,0,0,0,3
"881441","Sendai","Retail","MediumGrocery","ZoneC","EHP","MUL",169469.951568399,0,0,0,0,3
"881442","Sendai","Retail","MediumGrocery","ZoneC","EHP","MUL",101511.243530322,1,0,0,0,3
"881505","Sendai","Retail","MediumGrocery","ZoneC","GHP","MUL",0.00163739798508235,0,0,0,0,3
"881697","Sendai","Retail","MediumGrocery","ZoneC","ABCH","FCU",44253.4953916979,0,0,0,0,3
"881698","Sendai","Retail","MediumGrocery","ZoneC","ABCH","FCU",31150.5402988785,1,0,0,0,3
"884257","Sendai","Retail","SmallGeneral","ZoneC","EHP","MUL",299469.41516145,0,0,0,0,3
"884258","Sendai","Retail","SmallGeneral","ZoneC","EHP","MUL",189813.556332219,1,0,0,0,3
"884321","Sendai","Retail","SmallGeneral","ZoneC","GHP","MUL",0.00327588624023737,0,0,0,0,3
"884513","Sendai","Retail","SmallGeneral","ZoneC","ABCH","FCU",173600.150392571,0,0,0,0,3
"884514","Sendai","Retail","SmallGeneral","ZoneC","ABCH","FCU",124489.205176918,1,0,0,0,3
"884705","Sendai","Retail","SmallGeneral","ZoneC","ABCH","OHUFCU",58626.982224934,0,0,0,0,3
"884706","Sendai","Retail","SmallGeneral","ZoneC","ABCH","OHUFCU",47005.7512215801,1,0,0,0,3
"887073","Sendai","Retail","SmallGrocery","ZoneC","EHP","MUL",208689.189282398,0,0,0,0,3
"887074","Sendai","Retail","SmallGrocery","ZoneC","EHP","MUL",118256.240787386,1,0,0,0,3
"887137","Sendai","Retail","SmallGrocery","ZoneC","GHP","MUL",0.00186019500699763,0,0,0,0,3
"889889","Sendai","Retail","SpecialityShop","ZoneC","EHP","MUL",1291634.67905536,0,0,0,0,3
"889890","Sendai","Retail","SpecialityShop","ZoneC","EHP","MUL",629942.772035679,1,0,0,0,3
"889953","Sendai","Retail","SpecialityShop","ZoneC","GHP","MUL",0.0104188058627608,0,0,0,0,3
"892705","Sendai","Retail","SuperDrugStore","ZoneC","EHP","MUL",95180.8281327125,0,0,0,0,3
"892706","Sendai","Retail","SuperDrugStore","ZoneC","EHP","MUL",57012.6098141827,1,0,0,0,3
"892769","Sendai","Retail","SuperDrugStore","ZoneC","GHP","MUL",0.000919625542821213,0,0,0,0,3
"895489","Tokyo","Retail","ConvenienceDrug","ZoneC","EHP","MUL",738571.287823896,0,0,0,0,1
"895490","Tokyo","Retail","ConvenienceDrug","ZoneC","EHP","MUL",400448.82594705,1,0,0,0,1
"895505","Tokyo","Retail","ConvenienceDrug","ZoneC","EHP","MUL",130336.109615981,0,0,0,0,2
"895506","Tokyo","Retail","ConvenienceDrug","ZoneC","EHP","MUL",70667.4398730088,1,0,0,0,2
"895553","Tokyo","Retail","ConvenienceDrug","ZoneC","GHP","MUL",0.00630564227599745,0,0,0,0,1
"895569","Tokyo","Retail","ConvenienceDrug","ZoneC","GHP","MUL",0.00111276040164661,0,0,0,0,2
"898305","Tokyo","Retail","ConvenienceStore","ZoneC","EHP","MUL",786236.365621018,0,0,0,0,1
"898306","Tokyo","Retail","ConvenienceStore","ZoneC","EHP","MUL",383455.108217431,1,0,0,0,1
"898321","Tokyo","Retail","ConvenienceStore","ZoneC","EHP","MUL",138747.593933121,0,0,0,0,2
"898322","Tokyo","Retail","ConvenienceStore","ZoneC","EHP","MUL",67668.5485089584,1,0,0,0,2
"898369","Tokyo","Retail","ConvenienceStore","ZoneC","GHP","MUL",0.00634207503753229,0,0,0,0,1
"898385","Tokyo","Retail","ConvenienceStore","ZoneC","GHP","MUL",0.0011191897125057,0,0,0,0,2
"901121","Tokyo","Retail","HomeCenter","ZoneC","EHP","MUL",631297.832880101,0,0,0,0,1
"901122","Tokyo","Retail","HomeCenter","ZoneC","EHP","MUL",400207.53403786,1,0,0,0,1
"901137","Tokyo","Retail","HomeCenter","ZoneC","EHP","MUL",325214.035120053,0,0,0,0,2
"901138","Tokyo","Retail","HomeCenter","ZoneC","EHP","MUL",206167.517534654,1,0,0,0,2
"901185","Tokyo","Retail","HomeCenter","ZoneC","GHP","MUL",0.00690900106687474,0,0,0,0,1
"901201","Tokyo","Retail","HomeCenter","ZoneC","GHP","MUL",0.00355918236778396,0,0,0,0,2
"901249","Tokyo","Retail","HomeCenter","ZoneC","ABCH","CAV",51843.3055389654,0,0,0,0,1
"901314","Tokyo","Retail","HomeCenter","ZoneC","ABCH","VAV",98496.8837394587,1,0,0,0,1
"901330","Tokyo","Retail","HomeCenter","ZoneC","ABCH","VAV",58763.451699238,1,0,0,0,2
"901377","Tokyo","Retail","HomeCenter","ZoneC","ABCH","FCU",276497.548156056,0,0,0,0,1
"901378","Tokyo","Retail","HomeCenter","ZoneC","ABCH","FCU",175283.988240881,1,0,0,0,1
"901393","Tokyo","Retail","HomeCenter","ZoneC","ABCH","FCU",165328.29886544,0,0,0,0,2
"901394","Tokyo","Retail","HomeCenter","ZoneC","ABCH","FCU",104205.532914392,1,0,0,0,2
"901569","Tokyo","Retail","HomeCenter","ZoneC","ABCH","OHUFCU",108834.4893981,0,0,0,0,1
"901570","Tokyo","Retail","HomeCenter","ZoneC","ABCH","OHUFCU",78287.7272208309,1,0,0,0,1
"901585","Tokyo","Retail","HomeCenter","ZoneC","ABCH","OHUFCU",65251.8408644771,0,0,0,0,2
"901586","Tokyo","Retail","HomeCenter","ZoneC","ABCH","OHUFCU",46385.6741581004,1,0,0,0,2
"902913","Tokyo","Retail","HomeCenter","ZoneC","COM","FCU",36481.546028094,0,0,0,0,1
"902914","Tokyo","Retail","HomeCenter","ZoneC","COM","FCU",28265.5911219869,1,0,0,0,1
"903937","Tokyo","Retail","HousingClothingSuper","ZoneC","EHP","MUL",1340989.75882465,0,0,0,0,1
"903938","Tokyo","Retail","HousingClothingSuper","ZoneC","EHP","MUL",850112.540543391,1,0,0,0,1
"903942","Tokyo","Retail","HousingClothingSuper","ZoneC","EHP","MUL",32409.4004273688,1,0,0,1,1
"903953","Tokyo","Retail","HousingClothingSuper","ZoneC","EHP","MUL",701030.973971295,0,0,0,0,2
"903954","Tokyo","Retail","HousingClothingSuper","ZoneC","EHP","MUL",444414.447135437,1,0,0,0,2
"904001","Tokyo","Retail","HousingClothingSuper","ZoneC","GHP","MUL",0.0148930341991297,0,0,0,0,1
"904017","Tokyo","Retail","HousingClothingSuper","ZoneC","GHP","MUL",0.00767216913288501,0,0,0,0,2
"904065","Tokyo","Retail","HousingClothingSuper","ZoneC","ABCH","CAV",98627.4931872377,0,0,0,0,1
"904081","Tokyo","Retail","HousingClothingSuper","ZoneC","ABCH","CAV",57569.9156293076,0,0,0,0,2
"904129","Tokyo","Retail","HousingClothingSuper","ZoneC","ABCH","VAV",43663.994007153,0,0,0,0,1
"904130","Tokyo","Retail","HousingClothingSuper","ZoneC","ABCH","VAV",143717.976123517,1,0,0,0,1
"904146","Tokyo","Retail","HousingClothingSuper","ZoneC","ABCH","VAV",109376.846782435,1,0,0,0,2
"904193","Tokyo","Retail","HousingClothingSuper","ZoneC","ABCH","FCU",526013.142170361,0,0,0,0,1
"904194","Tokyo","Retail","HousingClothingSuper","ZoneC","ABCH","FCU",333462.925952239,1,0,0,0,1
"904209","Tokyo","Retail","HousingClothingSuper","ZoneC","ABCH","FCU",307039.459648087,0,0,0,0,2
"904210","Tokyo","Retail","HousingClothingSuper","ZoneC","ABCH","FCU",194645.852714998,1,0,0,0,2
"904385","Tokyo","Retail","HousingClothingSuper","ZoneC","ABCH","OHUFCU",207048.388409182,0,0,0,0,1
"904386","Tokyo","Retail","HousingClothingSuper","ZoneC","ABCH","OHUFCU",148935.763313037,1,0,0,0,1
"904401","Tokyo","Retail","HousingClothingSuper","ZoneC","ABCH","OHUFCU",120856.344075094,0,0,0,0,2
"904402","Tokyo","Retail","HousingClothingSuper","ZoneC","ABCH","OHUFCU",86935.3873958908,1,0,0,0,2
"904577","Tokyo","Retail","HousingClothingSuper","ZoneC","AHP","FCU",54125.5744038745,0,0,0,0,1
"904578","Tokyo","Retail","HousingClothingSuper","ZoneC","AHP","FCU",41936.0340201712,1,0,0,0,1
"905729","Tokyo","Retail","HousingClothingSuper","ZoneC","COM","FCU",69403.0481841369,0,0,0,0,1
"905730","Tokyo","Retail","HousingClothingSuper","ZoneC","COM","FCU",53772.8905754616,1,0,0,0,1
"905745","Tokyo","Retail","HousingClothingSuper","ZoneC","COM","FCU",40511.2965894034,0,0,0,0,2
"905746","Tokyo","Retail","HousingClothingSuper","ZoneC","COM","FCU",31387.8075324934,1,0,0,0,2
"906113","Tokyo","Retail","HousingClothingSuper","ZoneC","AHP+TESICE","FCU",52055.2129435558,0,0,0,0,1
"906497","Tokyo","Retail","HousingClothingSuper","ZoneC","COM+TESICE","FCU",38370.5226876426,0,0,0,0,1
"906498","Tokyo","Retail","HousingClothingSuper","ZoneC","COM+TESICE","FCU",29729.1541479798,1,0,0,0,1
"906785","Tokyo","Retail","LargeDepartment","ZoneC","EHP","MUL",15488.8017598709,0,0,0,0,3
"907041","Tokyo","Retail","LargeDepartment","ZoneC","ABCH","FCU",87301.2104144715,0,0,0,0,3
"907042","Tokyo","Retail","LargeDepartment","ZoneC","ABCH","FCU",71226.005385503,1,0,0,0,3
"907238","Tokyo","Retail","LargeDepartment","ZoneC","ABCH","OHUFCU",68579.4946234892,1,0,0,1,3
"908577","Tokyo","Retail","LargeDepartment","ZoneC","COM","FCU",96576.4229829671,0,0,0,0,3
"909601","Tokyo","Retail","LargeGeneral","ZoneC","EHP","MUL",27275.1315687255,0,0,0,0,3
"909857","Tokyo","Retail","LargeGeneral","ZoneC","ABCH","FCU",100348.773283022,0,0,0,0,3
"909858","Tokyo","Retail","LargeGeneral","ZoneC","ABCH","FCU",81871.0557660301,1,0,0,0,3
"909862","Tokyo","Retail","LargeGeneral","ZoneC","ABCH","FCU",50178.2382499344,1,0,0,1,3
"910054","Tokyo","Retail","LargeGeneral","ZoneC","ABCH","OHUFCU",100536.314388754,1,0,0,1,3
"911393","Tokyo","Retail","LargeGeneral","ZoneC","COM","FCU",56434.1336875955,0,0,0,0,3
"911394","Tokyo","Retail","LargeGeneral","ZoneC","COM","FCU",47661.1271395547,1,0,0,0,3
"911398","Tokyo","Retail","LargeGeneral","ZoneC","COM","FCU",37484.0505524833,1,0,0,1,3
"912161","Tokyo","Retail","LargeGeneral","ZoneC","COM+TESICE","FCU",95478.756129764,0,0,0,0,3
"912385","Tokyo","Retail","LargeGrocery","ZoneC","EHP","MUL",405235.642016266,0,0,0,0,1
"912386","Tokyo","Retail","LargeGrocery","ZoneC","EHP","MUL",242601.17081583,1,0,0,0,1
"912401","Tokyo","Retail","LargeGrocery","ZoneC","EHP","MUL",208757.754978076,0,0,0,0,2
"912402","Tokyo","Retail","LargeGrocery","ZoneC","EHP","MUL",124976.360723306,1,0,0,0,2
"912449","Tokyo","Retail","LargeGrocery","ZoneC","GHP","MUL",0.00391155458440579,0,0,0,0,1
"912465","Tokyo","Retail","LargeGrocery","ZoneC","GHP","MUL",0.0020150432707545,0,0,0,0,2
"912641","Tokyo","Retail","LargeGrocery","ZoneC","ABCH","FCU",102435.476136892,0,0,0,0,1
"912642","Tokyo","Retail","LargeGrocery","ZoneC","ABCH","FCU",75958.5881715366,1,0,0,0,1
"912657","Tokyo","Retail","LargeGrocery","ZoneC","ABCH","FCU",52769.7907371867,0,0,0,0,2
"912658","Tokyo","Retail","LargeGrocery","ZoneC","ABCH","FCU",39130.181785337,1,0,0,0,2
"915233","Tokyo","Retail","MediumDepartment","ZoneC","EHP","MUL",110087.214139608,0,0,0,0,3
"915234","Tokyo","Retail","MediumDepartment","ZoneC","EHP","MUL",77233.9400728131,1,0,0,0,3
"915297","Tokyo","Retail","MediumDepartment","ZoneC","GHP","MUL",0.00174418298026812,0,0,0,0,3
"915369","Tokyo","Retail","MediumDepartment","ZoneC","ABCH","CAV",56782.4050131619,0,1,0,0,3
"915426","Tokyo","Retail","MediumDepartment","ZoneC","ABCH","VAV",58479.3447827971,1,0,0,0,3
"915430","Tokyo","Retail","MediumDepartment","ZoneC","ABCH","VAV",46201.5183654038,1,0,0,1,3
"915489","Tokyo","Retail","MediumDepartment","ZoneC","ABCH","FCU",249425.314307943,0,0,0,0,3
"915490","Tokyo","Retail","MediumDepartment","ZoneC","ABCH","FCU",174989.438405376,1,0,0,0,3
"915494","Tokyo","Retail","MediumDepartment","ZoneC","ABCH","FCU",28826.1792484048,1,0,0,1,3
"915681","Tokyo","Retail","MediumDepartment","ZoneC","ABCH","OHUFCU",89860.0758966952,0,0,0,0,3
"915682","Tokyo","Retail","MediumDepartment","ZoneC","ABCH","OHUFCU",71534.2423810605,1,0,0,0,3
"915686","Tokyo","Retail","MediumDepartment","ZoneC","ABCH","OHUFCU",30872.881152343,1,0,0,1,3
"917025","Tokyo","Retail","MediumDepartment","ZoneC","COM","FCU",95692.7472306093,0,0,0,0,3
"917026","Tokyo","Retail","MediumDepartment","ZoneC","COM","FCU",78633.7533779871,1,0,0,0,3
"917793","Tokyo","Retail","MediumDepartment","ZoneC","COM+TESICE","FCU",58907.3947412451,0,0,0,0,3
"917794","Tokyo","Retail","MediumDepartment","ZoneC","COM+TESICE","FCU",48406.0671710043,1,0,0,0,3
"918049","Tokyo","Retail","MediumGeneral","ZoneC","EHP","MUL",160400.451650462,0,0,0,0,3
"918050","Tokyo","Retail","MediumGeneral","ZoneC","EHP","MUL",112532.222449681,1,0,0,0,3
"918113","Tokyo","Retail","MediumGeneral","ZoneC","GHP","MUL",0.0025413281640615,0,0,0,0,3
"918185","Tokyo","Retail","MediumGeneral","ZoneC","ABCH","CAV",79248.9304020114,0,1,0,0,3
"918242","Tokyo","Retail","MediumGeneral","ZoneC","ABCH","VAV",81617.2813316535,1,0,0,0,3
"918246","Tokyo","Retail","MediumGeneral","ZoneC","ABCH","VAV",64481.6103255653,1,0,0,1,3
"918305","Tokyo","Retail","MediumGeneral","ZoneC","ABCH","FCU",330479.908630152,0,0,0,0,3
"918306","Tokyo","Retail","MediumGeneral","ZoneC","ABCH","FCU",231854.949349896,1,0,0,0,3
"918310","Tokyo","Retail","MediumGeneral","ZoneC","ABCH","FCU",38193.6898049077,1,0,0,1,3
"918313","Tokyo","Retail","MediumGeneral","ZoneC","ABCH","FCU",32041.6835050293,0,1,0,0,3
"918497","Tokyo","Retail","MediumGeneral","ZoneC","ABCH","OHUFCU",125414.111977222,0,0,0,0,3
"918498","Tokyo","Retail","MediumGeneral","ZoneC","ABCH","OHUFCU",99837.4794886414,1,0,0,0,3
"918502","Tokyo","Retail","MediumGeneral","ZoneC","ABCH","OHUFCU",43088.0447769777,1,0,0,1,3
"919841","Tokyo","Retail","MediumGeneral","ZoneC","COM","FCU",95191.6953157628,0,0,0,0,3
"919842","Tokyo","Retail","MediumGeneral","ZoneC","COM","FCU",75640.7844737404,1,0,0,0,3
"920033","Tokyo","Retail","MediumGeneral","ZoneC","COM","OHUFCU",72468.0410453321,0,0,0,0,3
"920225","Tokyo","Retail","MediumGeneral","ZoneC","AHP+TESICE","FCU",66808.869688497,0,0,0,0,3
"920609","Tokyo","Retail","MediumGeneral","ZoneC","COM+TESICE","FCU",82214.6935292832,0,0,0,0,3
"920610","Tokyo","Retail","MediumGeneral","ZoneC","COM+TESICE","FCU",67558.4108735939,1,0,0,0,3
"920833","Tokyo","Retail","MediumGrocery","ZoneC","EHP","MUL",439005.278850954,0,0,0,0,1
"920834","Tokyo","Retail","MediumGrocery","ZoneC","EHP","MUL",262817.935050483,1,0,0,0,1
"920849","Tokyo","Retail","MediumGrocery","ZoneC","EHP","MUL",226154.234559583,0,0,0,0,2
"920850","Tokyo","Retail","MediumGrocery","ZoneC","EHP","MUL",135391.057450249,1,0,0,0,2
"920897","Tokyo","Retail","MediumGrocery","ZoneC","GHP","MUL",0.0042375174664396,0,0,0,0,1
"920913","Tokyo","Retail","MediumGrocery","ZoneC","GHP","MUL",0.00218296354331736,0,0,0,0,2
"921089","Tokyo","Retail","MediumGrocery","ZoneC","ABCH","FCU",110971.765814966,0,0,0,0,1
"921090","Tokyo","Retail","MediumGrocery","ZoneC","ABCH","FCU",82288.4705191645,1,0,0,0,1
"921105","Tokyo","Retail","MediumGrocery","ZoneC","ABCH","FCU",57167.273298619,0,0,0,0,2
"921106","Tokyo","Retail","MediumGrocery","ZoneC","ABCH","FCU",42391.0302674485,1,0,0,0,2
"923649","Tokyo","Retail","SmallGeneral","ZoneC","EHP","MUL",701508.854327879,0,0,0,0,1
"923650","Tokyo","Retail","SmallGeneral","ZoneC","EHP","MUL",444717.396566139,1,0,0,0,1
"923665","Tokyo","Retail","SmallGeneral","ZoneC","EHP","MUL",361383.349199211,0,0,0,0,2
"923666","Tokyo","Retail","SmallGeneral","ZoneC","EHP","MUL",229096.840655283,1,0,0,0,2
"923713","Tokyo","Retail","SmallGeneral","ZoneC","GHP","MUL",0.00767739911423694,0,0,0,0,1
"923729","Tokyo","Retail","SmallGeneral","ZoneC","GHP","MUL",0.00395502378612207,0,0,0,0,2
"923777","Tokyo","Retail","SmallGeneral","ZoneC","ABCH","CAV",57609.1600176886,0,0,0,0,1
"923842","Tokyo","Retail","SmallGeneral","ZoneC","ABCH","VAV",109451.407035096,1,0,0,0,1
"923858","Tokyo","Retail","SmallGeneral","ZoneC","ABCH","VAV",65298.9437486526,1,0,0,0,2
"923905","Tokyo","Retail","SmallGeneral","ZoneC","ABCH","FCU",307248.762991177,0,0,0,0,1
"923906","Tokyo","Retail","SmallGeneral","ZoneC","ABCH","FCU",194778.539333645,1,0,0,0,1
"923921","Tokyo","Retail","SmallGeneral","ZoneC","ABCH","FCU",183715.608520232,0,0,0,0,2
"923922","Tokyo","Retail","SmallGeneral","ZoneC","ABCH","FCU",115794.954777367,1,0,0,0,2
"924097","Tokyo","Retail","SmallGeneral","ZoneC","ABCH","OHUFCU",120938.729697052,0,0,0,0,1
"924098","Tokyo","Retail","SmallGeneral","ZoneC","ABCH","OHUFCU",86994.6497045066,1,0,0,0,1
"924113","Tokyo","Retail","SmallGeneral","ZoneC","ABCH","OHUFCU",72508.9517871324,0,0,0,0,2
"924114","Tokyo","Retail","SmallGeneral","ZoneC","ABCH","OHUFCU",51544.5475037064,1,0,0,0,2
"925441","Tokyo","Retail","SmallGeneral","ZoneC","COM","FCU",40538.9124203418,0,0,0,0,1
"925442","Tokyo","Retail","SmallGeneral","ZoneC","COM","FCU",31409.2040430799,1,0,0,0,1
"926465","Tokyo","Retail","SmallGrocery","ZoneC","EHP","MUL",632370.518439227,0,0,0,0,1
"926466","Tokyo","Retail","SmallGrocery","ZoneC","EHP","MUL",358739.057673077,1,0,0,0,1
"926481","Tokyo","Retail","SmallGrocery","ZoneC","EHP","MUL",122511.455112074,0,0,0,0,2
"926482","Tokyo","Retail","SmallGrocery","ZoneC","EHP","MUL",69499.8306839738,1,0,0,0,2
"926529","Tokyo","Retail","SmallGrocery","ZoneC","GHP","MUL",0.00564408171691823,0,0,0,0,1
"926545","Tokyo","Retail","SmallGrocery","ZoneC","GHP","MUL",0.00109344860923898,0,0,0,0,2
"926721","Tokyo","Retail","SmallGrocery","ZoneC","ABCH","FCU",56746.3637170365,0,0,0,0,1
"926722","Tokyo","Retail","SmallGrocery","ZoneC","ABCH","FCU",40208.0135670591,1,0,0,0,1
"929281","Tokyo","Retail","SpecialityShop","ZoneC","EHP","MUL",3408452.96819553,0,0,0,0,1
"929282","Tokyo","Retail","SpecialityShop","ZoneC","EHP","MUL",1662335.60150973,1,0,0,0,1
"929297","Tokyo","Retail","SpecialityShop","ZoneC","EHP","MUL",601491.700269802,0,0,0,0,2
"929298","Tokyo","Retail","SpecialityShop","ZoneC","EHP","MUL",293353.341442895,1,0,0,0,2
"929345","Tokyo","Retail","SpecialityShop","ZoneC","GHP","MUL",0.0274938497268841,0,0,0,0,1
"929361","Tokyo","Retail","SpecialityShop","ZoneC","GHP","MUL",0.00485185583415602,0,0,0,0,2
"932097","Tokyo","Retail","SuperDrugStore","ZoneC","EHP","MUL",122145.141962757,0,0,0,0,1
"932098","Tokyo","Retail","SuperDrugStore","ZoneC","EHP","MUL",73124.2550684658,1,0,0,0,1
"932113","Tokyo","Retail","SuperDrugStore","ZoneC","EHP","MUL",80250.3578567037,0,0,0,0,2
"932114","Tokyo","Retail","SuperDrugStore","ZoneC","EHP","MUL",48043.2339997483,1,0,0,0,2
"932161","Tokyo","Retail","SuperDrugStore","ZoneC","GHP","MUL",0.00117901127262677,0,0,0,0,1
"932177","Tokyo","Retail","SuperDrugStore","ZoneC","GHP","MUL",0.000774620054674251,0,0,0,0,2
"932353","Tokyo","Retail","SuperDrugStore","ZoneC","ABCH","FCU",53771.1051324349,0,0,0,0,1
"934913","Nigata","Retail","ConvenienceDrug","ZoneC","EHP","MUL",190957.441396871,0,0,0,0,1
"934914","Nigata","Retail","ConvenienceDrug","ZoneC","EHP","MUL",103653.651153791,1,0,0,0,1
"934929","Nigata","Retail","ConvenienceDrug","ZoneC","EHP","MUL",51990.1930910285,0,0,0,0,2
"934977","Nigata","Retail","ConvenienceDrug","ZoneC","GHP","MUL",0.00163183246164315,0,0,0,0,1
"937729","Nigata","Retail","ConvenienceStore","ZoneC","EHP","MUL",104463.618041452,0,0,0,0,1
"937730","Nigata","Retail","ConvenienceStore","ZoneC","EHP","MUL",50947.9206411796,1,0,0,0,1
"937745","Nigata","Retail","ConvenienceStore","ZoneC","EHP","MUL",27425.5657985777,0,0,0,0,2
"937793","Nigata","Retail","ConvenienceStore","ZoneC","GHP","MUL",0.000842642407907068,0,0,0,0,1
"940545","Nigata","Retail","HomeCenter","ZoneC","EHP","MUL",136383.014933433,0,0,0,0,1
"940546","Nigata","Retail","HomeCenter","ZoneC","EHP","MUL",86135.8949641429,1,0,0,0,1
"940561","Nigata","Retail","HomeCenter","ZoneC","EHP","MUL",70257.9167838898,0,0,0,0,2
"940562","Nigata","Retail","HomeCenter","ZoneC","EHP","MUL",44373.03679971,1,0,0,0,2
"940609","Nigata","Retail","HomeCenter","ZoneC","GHP","MUL",0.00147799447763333,0,0,0,0,1
"940625","Nigata","Retail","HomeCenter","ZoneC","GHP","MUL",0.000761391094538382,0,0,0,0,2
"940801","Nigata","Retail","HomeCenter","ZoneC","ABCH","FCU",98532.8077183716,0,0,0,0,1
"940802","Nigata","Retail","HomeCenter","ZoneC","ABCH","FCU",72891.7484469767,1,0,0,0,1
"940817","Nigata","Retail","HomeCenter","ZoneC","ABCH","FCU",50759.3251882521,0,0,0,0,2
"940818","Nigata","Retail","HomeCenter","ZoneC","ABCH","FCU",37550.2946545032,1,0,0,0,2
"943361","Nigata","Retail","HousingClothingSuper","ZoneC","EHP","MUL",290800.041175963,0,0,0,0,1
"943362","Nigata","Retail","HousingClothingSuper","ZoneC","EHP","MUL",183661.593157528,1,0,0,0,1
"943377","Nigata","Retail","HousingClothingSuper","ZoneC","EHP","MUL",149806.081817921,0,0,0,0,2
"943378","Nigata","Retail","HousingClothingSuper","ZoneC","EHP","MUL",94613.5479902415,1,0,0,0,2
"943425","Nigata","Retail","HousingClothingSuper","ZoneC","GHP","MUL",0.00315142508884555,0,0,0,0,1
"943441","Nigata","Retail","HousingClothingSuper","ZoneC","GHP","MUL",0.00162346140940528,0,0,0,0,2
"943617","Nigata","Retail","HousingClothingSuper","ZoneC","ABCH","FCU",156325.930917597,0,0,0,0,1
"943618","Nigata","Retail","HousingClothingSuper","ZoneC","ABCH","FCU",112326.287438613,1,0,0,0,1
"943633","Nigata","Retail","HousingClothingSuper","ZoneC","ABCH","FCU",108230.58767261,0,0,0,0,2
"943634","Nigata","Retail","HousingClothingSuper","ZoneC","ABCH","FCU",80065.8882414999,1,0,0,0,2
"943809","Nigata","Retail","HousingClothingSuper","ZoneC","ABCH","OHUFCU",53731.5815563378,0,0,0,0,1
"943810","Nigata","Retail","HousingClothingSuper","ZoneC","ABCH","OHUFCU",43132.8886266056,1,0,0,0,1
"946209","Nigata","Retail","LargeDepartment","ZoneC","EHP","MUL",1693.1354481156,0,0,0,0,3
"946465","Nigata","Retail","LargeDepartment","ZoneC","ABCH","FCU",31082.1116914905,0,0,0,0,3
"949025","Nigata","Retail","LargeGeneral","ZoneC","EHP","MUL",4218.93732862418,0,0,0,0,3
"949281","Nigata","Retail","LargeGeneral","ZoneC","ABCH","FCU",77450.0831659053,0,0,0,0,3
"951809","Nigata","Retail","LargeGrocery","ZoneC","EHP","MUL",81917.6686006229,0,0,0,0,1
"951810","Nigata","Retail","LargeGrocery","ZoneC","EHP","MUL",49035.6698297901,1,0,0,0,1
"951825","Nigata","Retail","LargeGrocery","ZoneC","EHP","MUL",42200.0110972905,0,0,0,0,2
"951826","Nigata","Retail","LargeGrocery","ZoneC","EHP","MUL",25260.7996092857,1,0,0,0,2
"951873","Nigata","Retail","LargeGrocery","ZoneC","GHP","MUL",0.000790550081871829,0,0,0,0,1
"951889","Nigata","Retail","LargeGrocery","ZoneC","GHP","MUL",0.000407253072479426,0,0,0,0,2
"954657","Nigata","Retail","MediumDepartment","ZoneC","EHP","MUL",15959.912049682,0,0,0,0,3
"954913","Nigata","Retail","MediumDepartment","ZoneC","ABCH","FCU",59768.3281547662,0,0,0,0,3
"954914","Nigata","Retail","MediumDepartment","ZoneC","ABCH","FCU",47569.118108462,1,0,0,0,3
"957473","Nigata","Retail","MediumGeneral","ZoneC","EHP","MUL",45219.1456961301,0,0,0,0,3
"957729","Nigata","Retail","MediumGeneral","ZoneC","ABCH","FCU",125274.385872375,0,0,0,0,3
"957730","Nigata","Retail","MediumGeneral","ZoneC","ABCH","FCU",96705.4081548482,1,0,0,0,3
"957921","Nigata","Retail","MediumGeneral","ZoneC","ABCH","OHUFCU",43906.044452071,0,0,0,0,3
"957922","Nigata","Retail","MediumGeneral","ZoneC","ABCH","OHUFCU",38232.8562928463,1,0,0,0,3
"960257","Nigata","Retail","MediumGrocery","ZoneC","EHP","MUL",88744.1409855891,0,0,0,0,1
"960258","Nigata","Retail","MediumGrocery","ZoneC","EHP","MUL",53121.9756498857,1,0,0,0,1
"960273","Nigata","Retail","MediumGrocery","ZoneC","EHP","MUL",45716.6786895459,0,0,0,0,2
"960274","Nigata","Retail","MediumGrocery","ZoneC","EHP","MUL",27365.8662438803,1,0,0,0,2
"960321","Nigata","Retail","MediumGrocery","ZoneC","GHP","MUL",0.000856429255376405,0,0,0,0,1
"960337","Nigata","Retail","MediumGrocery","ZoneC","GHP","MUL",0.000441190828527238,0,0,0,0,2
"963073","Nigata","Retail","SmallGeneral","ZoneC","EHP","MUL",142659.612058816,0,0,0,0,1
"963074","Nigata","Retail","SmallGeneral","ZoneC","EHP","MUL",90100.0272352187,1,0,0,0,1
"963089","Nigata","Retail","SmallGeneral","ZoneC","EHP","MUL",73491.3153030265,0,0,0,0,2
"963090","Nigata","Retail","SmallGeneral","ZoneC","EHP","MUL",46415.1655454158,1,0,0,0,2
"963137","Nigata","Retail","SmallGeneral","ZoneC","GHP","MUL",0.00154601450119838,0,0,0,0,1
"963153","Nigata","Retail","SmallGeneral","ZoneC","GHP","MUL",0.000796431712738562,0,0,0,0,2
"963329","Nigata","Retail","SmallGeneral","ZoneC","ABCH","FCU",103067.468709573,0,0,0,0,1
"963330","Nigata","Retail","SmallGeneral","ZoneC","ABCH","FCU",76246.3607422814,1,0,0,0,1
"963345","Nigata","Retail","SmallGeneral","ZoneC","ABCH","FCU",53095.3626685679,0,0,0,0,2
"963346","Nigata","Retail","SmallGeneral","ZoneC","ABCH","FCU",39278.4282611753,1,0,0,0,2
"965889","Nigata","Retail","SmallGrocery","ZoneC","EHP","MUL",109991.493345681,0,0,0,0,1
"965890","Nigata","Retail","SmallGrocery","ZoneC","EHP","MUL",62461.039216185,1,0,0,0,1
"965905","Nigata","Retail","SmallGrocery","ZoneC","EHP","MUL",30432.8000373085,0,0,0,0,2
"965953","Nigata","Retail","SmallGrocery","ZoneC","GHP","MUL",0.000982882976597878,0,0,0,0,1
"968705","Nigata","Retail","SpecialityShop","ZoneC","EHP","MUL",739509.46153434,0,0,0,0,1
"968706","Nigata","Retail","SpecialityShop","ZoneC","EHP","MUL",360665.943474243,1,0,0,0,1
"968721","Nigata","Retail","SpecialityShop","ZoneC","EHP","MUL",130501.669682531,0,0,0,0,2
"968722","Nigata","Retail","SpecialityShop","ZoneC","EHP","MUL",63646.931201337,1,0,0,0,2
"968769","Nigata","Retail","SpecialityShop","ZoneC","GHP","MUL",0.005965158444829,0,0,0,0,1
"968785","Nigata","Retail","SpecialityShop","ZoneC","GHP","MUL",0.00105267501967571,0,0,0,0,2
"971521","Nigata","Retail","SuperDrugStore","ZoneC","EHP","MUL",64415.0998404991,0,0,0,0,1
"971537","Nigata","Retail","SuperDrugStore","ZoneC","EHP","MUL",33183.5364817943,0,0,0,0,2
"971585","Nigata","Retail","SuperDrugStore","ZoneC","GHP","MUL",0.000388866470019384,0,0,0,0,1
"974337","Nagoya","Retail","ConvenienceDrug","ZoneC","EHP","MUL",462668.696965099,0,0,0,0,1
"974338","Nagoya","Retail","ConvenienceDrug","ZoneC","EHP","MUL",250857.571802517,1,0,0,0,1
"974353","Nagoya","Retail","ConvenienceDrug","ZoneC","EHP","MUL",81647.4171114881,0,0,0,0,2
"974354","Nagoya","Retail","ConvenienceDrug","ZoneC","EHP","MUL",44268.9832592675,1,0,0,0,2
"974401","Nagoya","Retail","ConvenienceDrug","ZoneC","GHP","MUL",0.00395010917407001,0,0,0,0,1
"974417","Nagoya","Retail","ConvenienceDrug","ZoneC","GHP","MUL",0.000697078089541767,0,0,0,0,2
"977153","Nagoya","Retail","ConvenienceStore","ZoneC","EHP","MUL",351433.579517315,0,0,0,0,1
"977154","Nagoya","Retail","ConvenienceStore","ZoneC","EHP","MUL",171397.568412662,1,0,0,0,1
"977169","Nagoya","Retail","ConvenienceStore","ZoneC","EHP","MUL",62017.6905030557,0,0,0,0,2
"977170","Nagoya","Retail","ConvenienceStore","ZoneC","EHP","MUL",30246.6297198814,1,0,0,0,2
"977217","Nagoya","Retail","ConvenienceStore","ZoneC","GHP","MUL",0.00283479400020745,0,0,0,0,1
"977233","Nagoya","Retail","ConvenienceStore","ZoneC","GHP","MUL",0.000500257764742493,0,0,0,0,2
"979969","Nagoya","Retail","HomeCenter","ZoneC","EHP","MUL",380344.30151102,0,0,0,0,1
"979970","Nagoya","Retail","HomeCenter","ZoneC","EHP","MUL",240947.816995175,1,0,0,0,1
"979985","Nagoya","Retail","HomeCenter","ZoneC","EHP","MUL",195934.943202647,0,0,0,0,2
"979986","Nagoya","Retail","HomeCenter","ZoneC","EHP","MUL",124124.632997515,1,0,0,0,2
"980033","Nagoya","Retail","HomeCenter","ZoneC","GHP","MUL",0.00415480449967024,0,0,0,0,1
"980049","Nagoya","Retail","HomeCenter","ZoneC","GHP","MUL",0.00214035383316346,0,0,0,0,2
"980162","Nagoya","Retail","HomeCenter","ZoneC","ABCH","VAV",58198.0218724584,1,0,0,0,1
"980225","Nagoya","Retail","HomeCenter","ZoneC","ABCH","FCU",198985.743796204,0,0,0,0,1
"980226","Nagoya","Retail","HomeCenter","ZoneC","ABCH","FCU",125387.987343083,1,0,0,0,1
"980241","Nagoya","Retail","HomeCenter","ZoneC","ABCH","FCU",108901.958756859,0,0,0,0,2
"980242","Nagoya","Retail","HomeCenter","ZoneC","ABCH","FCU",79845.4790498043,1,0,0,0,2
"980417","Nagoya","Retail","HomeCenter","ZoneC","ABCH","OHUFCU",72999.3464141844,0,0,0,0,1
"980418","Nagoya","Retail","HomeCenter","ZoneC","ABCH","OHUFCU",51904.6236395474,1,0,0,0,1
"980433","Nagoya","Retail","HomeCenter","ZoneC","ABCH","OHUFCU",39991.2654871684,0,0,0,0,2
"980434","Nagoya","Retail","HomeCenter","ZoneC","ABCH","OHUFCU",32688.1843459589,1,0,0,0,2
"982785","Nagoya","Retail","HousingClothingSuper","ZoneC","EHP","MUL",748458.802229879,0,0,0,0,1
"982786","Nagoya","Retail","HousingClothingSuper","ZoneC","EHP","MUL",474148.064770961,1,0,0,0,1
"982801","Nagoya","Retail","HousingClothingSuper","ZoneC","EHP","MUL",385569.68599721,0,0,0,0,2
"982802","Nagoya","Retail","HousingClothingSuper","ZoneC","EHP","MUL",244258.09397292,1,0,0,0,2
"982849","Nagoya","Retail","HousingClothingSuper","ZoneC","GHP","MUL",0.00817601312013451,0,0,0,0,1
"982865","Nagoya","Retail","HousingClothingSuper","ZoneC","GHP","MUL",0.00421188554673596,0,0,0,0,2
"982978","Nagoya","Retail","HousingClothingSuper","ZoneC","ABCH","VAV",100964.485323745,1,0,0,0,1
"982994","Nagoya","Retail","HousingClothingSuper","ZoneC","ABCH","VAV",58997.5791141763,1,0,0,0,2
"983041","Nagoya","Retail","HousingClothingSuper","ZoneC","ABCH","FCU",345209.210944915,0,0,0,0,1
"983042","Nagoya","Retail","HousingClothingSuper","ZoneC","ABCH","FCU",217528.58947025,1,0,0,0,1
"983057","Nagoya","Retail","HousingClothingSuper","ZoneC","ABCH","FCU",201719.52215038,0,0,0,0,2
"983058","Nagoya","Retail","HousingClothingSuper","ZoneC","ABCH","FCU",127110.638218131,1,0,0,0,2
"983233","Nagoya","Retail","HousingClothingSuper","ZoneC","ABCH","OHUFCU",126642.473447467,0,0,0,0,1
"983234","Nagoya","Retail","HousingClothingSuper","ZoneC","ABCH","OHUFCU",90046.421563507,1,0,0,0,1
"983249","Nagoya","Retail","HousingClothingSuper","ZoneC","ABCH","OHUFCU",74002.252598763,0,0,0,0,2
"983250","Nagoya","Retail","HousingClothingSuper","ZoneC","ABCH","OHUFCU",52617.7186275626,1,0,0,0,2
"983425","Nagoya","Retail","HousingClothingSuper","ZoneC","AHP","FCU",36088.5019810504,0,0,0,0,1
"983426","Nagoya","Retail","HousingClothingSuper","ZoneC","AHP","FCU",27264.0103116884,1,0,0,0,1
"984577","Nagoya","Retail","HousingClothingSuper","ZoneC","COM","FCU",54890.0983336976,0,0,0,0,1
"985633","Nagoya","Retail","LargeDepartment","ZoneC","EHP","MUL",4179.00532194741,0,0,0,0,3
"985889","Nagoya","Retail","LargeDepartment","ZoneC","ABCH","FCU",76190.6263870242,0,0,0,0,3
"988449","Nagoya","Retail","LargeGeneral","ZoneC","EHP","MUL",13370.9044246829,0,0,0,0,3
"988705","Nagoya","Retail","LargeGeneral","ZoneC","ABCH","FCU",76806.7613191179,0,0,0,0,3
"988706","Nagoya","Retail","LargeGeneral","ZoneC","ABCH","FCU",61666.3544798297,1,0,0,0,3
"988710","Nagoya","Retail","LargeGeneral","ZoneC","ABCH","FCU",34166.9903844819,1,0,0,1,3
"988902","Nagoya","Retail","LargeGeneral","ZoneC","ABCH","OHUFCU",71135.0280877303,1,0,0,1,3
"991233","Nagoya","Retail","LargeGrocery","ZoneC","EHP","MUL",196971.780580697,0,0,0,0,1
"991234","Nagoya","Retail","LargeGrocery","ZoneC","EHP","MUL",117952.857954298,1,0,0,0,1
"991249","Nagoya","Retail","LargeGrocery","ZoneC","EHP","MUL",129559.841287926,0,0,0,0,2
"991250","Nagoya","Retail","LargeGrocery","ZoneC","EHP","MUL",77584.4819545369,1,0,0,0,2
"991297","Nagoya","Retail","LargeGrocery","ZoneC","GHP","MUL",0.00190220538302037,0,0,0,0,1
"991313","Nagoya","Retail","LargeGrocery","ZoneC","GHP","MUL",0.00125119155035607,0,0,0,0,2
"991489","Nagoya","Retail","LargeGrocery","ZoneC","ABCH","FCU",50560.9977661838,0,0,0,0,1
"991490","Nagoya","Retail","LargeGrocery","ZoneC","ABCH","FCU",36618.0505195914,1,0,0,0,1
"994081","Nagoya","Retail","MediumDepartment","ZoneC","EHP","MUL",39171.978672742,0,0,0,0,3
"994337","Nagoya","Retail","MediumDepartment","ZoneC","ABCH","FCU",105542.017538497,0,0,0,0,3
"994338","Nagoya","Retail","MediumDepartment","ZoneC","ABCH","FCU",82673.1435856035,1,0,0,0,3
"994529","Nagoya","Retail","MediumDepartment","ZoneC","ABCH","OHUFCU",39813.1496281303,0,0,0,0,3
"994530","Nagoya","Retail","MediumDepartment","ZoneC","ABCH","OHUFCU",35142.6107478941,1,0,0,0,3
"996897","Nagoya","Retail","MediumGeneral","ZoneC","EHP","MUL",80398.1600618921,0,0,0,0,3
"996898","Nagoya","Retail","MediumGeneral","ZoneC","EHP","MUL",56833.1544079876,1,0,0,0,3
"996961","Nagoya","Retail","MediumGeneral","ZoneC","GHP","MUL",0.00132071827437641,0,0,0,0,3
"997090","Nagoya","Retail","MediumGeneral","ZoneC","ABCH","VAV",48226.3960827558,1,0,0,0,3
"997094","Nagoya","Retail","MediumGeneral","ZoneC","ABCH","VAV",41849.8201374644,1,0,0,1,3
"997153","Nagoya","Retail","MediumGeneral","ZoneC","ABCH","FCU",249791.22721015,0,0,0,0,3
"997154","Nagoya","Retail","MediumGeneral","ZoneC","ABCH","FCU",175774.182649036,1,0,0,0,3
"997158","Nagoya","Retail","MediumGeneral","ZoneC","ABCH","FCU",34027.3922990535,1,0,0,1,3
"997345","Nagoya","Retail","MediumGeneral","ZoneC","ABCH","OHUFCU",84115.6913298993,0,0,0,0,3
"997346","Nagoya","Retail","MediumGeneral","ZoneC","ABCH","OHUFCU",66791.6467961377,1,0,0,0,3
"997350","Nagoya","Retail","MediumGeneral","ZoneC","ABCH","OHUFCU",32123.2304178249,1,0,0,1,3
"998689","Nagoya","Retail","MediumGeneral","ZoneC","COM","FCU",72179.6728588098,0,0,0,0,3
"998690","Nagoya","Retail","MediumGeneral","ZoneC","COM","FCU",58378.1939734627,1,0,0,0,3
"999457","Nagoya","Retail","MediumGeneral","ZoneC","COM+TESICE","FCU",58710.0612644361,0,0,0,0,3
"999681","Nagoya","Retail","MediumGrocery","ZoneC","EHP","MUL",213386.09567861,0,0,0,0,1
"999682","Nagoya","Retail","MediumGrocery","ZoneC","EHP","MUL",127782.262813478,1,0,0,0,1
"999697","Nagoya","Retail","MediumGrocery","ZoneC","EHP","MUL",140356.494761159,0,0,0,0,2
"999698","Nagoya","Retail","MediumGrocery","ZoneC","EHP","MUL",84049.8554702541,1,0,0,0,2
"999745","Nagoya","Retail","MediumGrocery","ZoneC","GHP","MUL",0.00206072249875032,0,0,0,0,1
"999761","Nagoya","Retail","MediumGrocery","ZoneC","GHP","MUL",0.00135545751320031,0,0,0,0,2
"999937","Nagoya","Retail","MediumGrocery","ZoneC","ABCH","FCU",54774.4142594107,0,0,0,0,1
"999938","Nagoya","Retail","MediumGrocery","ZoneC","ABCH","FCU",39669.5547387636,1,0,0,0,1
"1002497","Nagoya","Retail","SmallGeneral","ZoneC","EHP","MUL",418337.343620812,0,0,0,0,1
"1002498","Nagoya","Retail","SmallGeneral","ZoneC","EHP","MUL",265016.379402952,1,0,0,0,1
"1002513","Nagoya","Retail","SmallGeneral","ZoneC","EHP","MUL",215507.116410721,0,0,0,0,2
"1002514","Nagoya","Retail","SmallGeneral","ZoneC","EHP","MUL",136523.5893894,1,0,0,0,2
"1002561","Nagoya","Retail","SmallGeneral","ZoneC","GHP","MUL",0.00456983283501484,0,0,0,0,1
"1002577","Nagoya","Retail","SmallGeneral","ZoneC","GHP","MUL",0.00235415630894704,0,0,0,0,2
"1002690","Nagoya","Retail","SmallGeneral","ZoneC","ABCH","VAV",64011.4911078921,1,0,0,0,1
"1002753","Nagoya","Retail","SmallGeneral","ZoneC","ABCH","FCU",218862.665083739,0,0,0,0,1
"1002754","Nagoya","Retail","SmallGeneral","ZoneC","ABCH","FCU",137913.141694711,1,0,0,0,1
"1002769","Nagoya","Retail","SmallGeneral","ZoneC","ABCH","FCU",119780.304215042,0,0,0,0,2
"1002770","Nagoya","Retail","SmallGeneral","ZoneC","ABCH","FCU",87821.338385054,1,0,0,0,2
"1002945","Nagoya","Retail","SmallGeneral","ZoneC","ABCH","OHUFCU",80291.3374635652,0,0,0,0,1
"1002946","Nagoya","Retail","SmallGeneral","ZoneC","ABCH","OHUFCU",57089.4378823159,1,0,0,0,1
"1002961","Nagoya","Retail","SmallGeneral","ZoneC","ABCH","OHUFCU",43986.0402942094,0,0,0,0,2
"1002962","Nagoya","Retail","SmallGeneral","ZoneC","ABCH","OHUFCU",35953.4457404764,1,0,0,0,2
"1005313","Nagoya","Retail","SmallGrocery","ZoneC","EHP","MUL",338011.858513213,0,0,0,0,1
"1005314","Nagoya","Retail","SmallGrocery","ZoneC","EHP","MUL",191518.735224756,1,0,0,0,1
"1005329","Nagoya","Retail","SmallGrocery","ZoneC","EHP","MUL",59649.1515023315,0,0,0,0,2
"1005330","Nagoya","Retail","SmallGrocery","ZoneC","EHP","MUL",33797.4238631922,1,0,0,0,2
"1005377","Nagoya","Retail","SmallGrocery","ZoneC","GHP","MUL",0.00301257925373368,0,0,0,0,1
"1005393","Nagoya","Retail","SmallGrocery","ZoneC","GHP","MUL",0.000531631633011827,0,0,0,0,2
"1008129","Nagoya","Retail","SpecialityShop","ZoneC","EHP","MUL",2175610.22563908,0,0,0,0,1
"1008130","Nagoya","Retail","SpecialityShop","ZoneC","EHP","MUL",1061066.22765081,1,0,0,0,1
"1008145","Nagoya","Retail","SpecialityShop","ZoneC","EHP","MUL",383931.216289249,0,0,0,0,2
"1008146","Nagoya","Retail","SpecialityShop","ZoneC","EHP","MUL",187246.981350144,1,0,0,0,2
"1008193","Nagoya","Retail","SpecialityShop","ZoneC","GHP","MUL",0.0175492814969544,0,0,0,0,1
"1008209","Nagoya","Retail","SpecialityShop","ZoneC","GHP","MUL",0.0030969320288743,0,0,0,0,2
"1010945","Nagoya","Retail","SuperDrugStore","ZoneC","EHP","MUL",97576.655296563,0,0,0,0,1
"1010946","Nagoya","Retail","SuperDrugStore","ZoneC","EHP","MUL",58431.9506475481,1,0,0,0,1
"1010961","Nagoya","Retail","SuperDrugStore","ZoneC","EHP","MUL",50266.7618194416,0,0,0,0,2
"1010962","Nagoya","Retail","SuperDrugStore","ZoneC","EHP","MUL",30101.3079093431,1,0,0,0,2
"1011009","Nagoya","Retail","SuperDrugStore","ZoneC","GHP","MUL",0.00094232198345896,0,0,0,0,1
"1011025","Nagoya","Retail","SuperDrugStore","ZoneC","GHP","MUL",0.000485438597539465,0,0,0,0,2
"1013761","Osaka","Retail","ConvenienceDrug","ZoneC","EHP","MUL",343404.045801011,0,0,0,0,1
"1013762","Osaka","Retail","ConvenienceDrug","ZoneC","EHP","MUL",186198.073787839,1,0,0,0,1
"1013777","Osaka","Retail","ConvenienceDrug","ZoneC","EHP","MUL",60600.7139648843,0,0,0,0,2
"1013778","Osaka","Retail","ConvenienceDrug","ZoneC","EHP","MUL",32858.4836096186,1,0,0,0,2
"1013825","Osaka","Retail","ConvenienceDrug","ZoneC","GHP","MUL",0.00293193729097158,0,0,0,0,1
"1013841","Osaka","Retail","ConvenienceDrug","ZoneC","GHP","MUL",0.000517400698406749,0,0,0,0,2
"1016577","Osaka","Retail","ConvenienceStore","ZoneC","EHP","MUL",289119.754623848,0,0,0,0,1
"1016578","Osaka","Retail","ConvenienceStore","ZoneC","EHP","MUL",141006.511075734,1,0,0,0,1
"1016593","Osaka","Retail","ConvenienceStore","ZoneC","EHP","MUL",75904.6351234556,0,0,0,0,2
"1016641","Osaka","Retail","ConvenienceStore","ZoneC","GHP","MUL",0.00233214750529766,0,0,0,0,1
"1016657","Osaka","Retail","ConvenienceStore","ZoneC","GHP","MUL",0.000411555442111354,0,0,0,0,2
"1019393","Osaka","Retail","HomeCenter","ZoneC","EHP","MUL",288648.299109585,0,0,0,0,1
"1019394","Osaka","Retail","HomeCenter","ZoneC","EHP","MUL",182984.861694942,1,0,0,0,1
"1019409","Osaka","Retail","HomeCenter","ZoneC","EHP","MUL",148697.60863221,0,0,0,0,2
"1019410","Osaka","Retail","HomeCenter","ZoneC","EHP","MUL",94264.9287519406,1,0,0,0,2
"1019457","Osaka","Retail","HomeCenter","ZoneC","GHP","MUL",0.0031589073471518,0,0,0,0,1
"1019473","Osaka","Retail","HomeCenter","ZoneC","GHP","MUL",0.00162731590610851,0,0,0,0,2
"1019649","Osaka","Retail","HomeCenter","ZoneC","ABCH","FCU",159363.807399463,0,0,0,0,1
"1019650","Osaka","Retail","HomeCenter","ZoneC","ABCH","FCU",118759.880317947,1,0,0,0,1
"1019665","Osaka","Retail","HomeCenter","ZoneC","ABCH","FCU",113725.712039163,0,0,0,0,2
"1019666","Osaka","Retail","HomeCenter","ZoneC","ABCH","FCU",87382.4722123893,1,0,0,0,2
"1019841","Osaka","Retail","HomeCenter","ZoneC","ABCH","OHUFCU",61356.466638296,0,0,0,0,1
"1019842","Osaka","Retail","HomeCenter","ZoneC","ABCH","OHUFCU",50906.320956132,1,0,0,0,1
"1022209","Osaka","Retail","HousingClothingSuper","ZoneC","EHP","MUL",572273.606640359,0,0,0,0,1
"1022210","Osaka","Retail","HousingClothingSuper","ZoneC","EHP","MUL",362785.462744044,1,0,0,0,1
"1022225","Osaka","Retail","HousingClothingSuper","ZoneC","EHP","MUL",294807.615542003,0,0,0,0,2
"1022226","Osaka","Retail","HousingClothingSuper","ZoneC","EHP","MUL",186889.480807539,1,0,0,0,2
"1022273","Osaka","Retail","HousingClothingSuper","ZoneC","GHP","MUL",0.0062628441122772,0,0,0,0,1
"1022289","Osaka","Retail","HousingClothingSuper","ZoneC","GHP","MUL",0.00322631363359734,0,0,0,0,2
"1022402","Osaka","Retail","HousingClothingSuper","ZoneC","ABCH","VAV",90815.3963073299,1,0,0,0,1
"1022465","Osaka","Retail","HousingClothingSuper","ZoneC","ABCH","FCU",273017.556407065,0,0,0,0,1
"1022466","Osaka","Retail","HousingClothingSuper","ZoneC","ABCH","FCU",172132.613606522,1,0,0,0,1
"1022481","Osaka","Retail","HousingClothingSuper","ZoneC","ABCH","FCU",162764.389078537,0,0,0,0,2
"1022482","Osaka","Retail","HousingClothingSuper","ZoneC","ABCH","FCU",121294.035844278,1,0,0,0,2
"1022657","Osaka","Retail","HousingClothingSuper","ZoneC","ABCH","OHUFCU",104996.583281642,0,0,0,0,1
"1022658","Osaka","Retail","HousingClothingSuper","ZoneC","ABCH","OHUFCU",74685.3395132089,1,0,0,0,1
"1022673","Osaka","Retail","HousingClothingSuper","ZoneC","ABCH","OHUFCU",62665.7204754611,0,0,0,0,2
"1022674","Osaka","Retail","HousingClothingSuper","ZoneC","ABCH","OHUFCU",51992.5845514704,1,0,0,0,2
"1024001","Osaka","Retail","HousingClothingSuper","ZoneC","COM","FCU",58332.0454925626,0,0,0,0,1
"1025057","Osaka","Retail","LargeDepartment","ZoneC","EHP","MUL",6846.5159916946,0,0,0,0,3
"1025313","Osaka","Retail","LargeDepartment","ZoneC","ABCH","FCU",66445.226307779,0,0,0,0,3
"1025314","Osaka","Retail","LargeDepartment","ZoneC","ABCH","FCU",56138.2707724493,1,0,0,0,3
"1025318","Osaka","Retail","LargeDepartment","ZoneC","ABCH","FCU",50230.2353657138,1,0,0,1,3
"1027873","Osaka","Retail","LargeGeneral","ZoneC","EHP","MUL",11500.0876471226,0,0,0,0,3
"1028129","Osaka","Retail","LargeGeneral","ZoneC","ABCH","FCU",78103.2628008149,0,0,0,0,3
"1028130","Osaka","Retail","LargeGeneral","ZoneC","ABCH","FCU",65987.9175520333,1,0,0,0,3
"1028134","Osaka","Retail","LargeGeneral","ZoneC","ABCH","FCU",59043.2976350001,1,0,0,1,3
"1029665","Osaka","Retail","LargeGeneral","ZoneC","COM","FCU",87140.6155291429,0,0,0,0,3
"1030657","Osaka","Retail","LargeGrocery","ZoneC","EHP","MUL",225507.794485536,0,0,0,0,1
"1030658","Osaka","Retail","LargeGrocery","ZoneC","EHP","MUL",134757.634718118,1,0,0,0,1
"1030673","Osaka","Retail","LargeGrocery","ZoneC","EHP","MUL",147056.360720053,0,0,0,0,2
"1030674","Osaka","Retail","LargeGrocery","ZoneC","EHP","MUL",87877.0837438161,1,0,0,0,2
"1030721","Osaka","Retail","LargeGrocery","ZoneC","GHP","MUL",0.00216972879816303,0,0,0,0,1
"1030737","Osaka","Retail","LargeGrocery","ZoneC","GHP","MUL",0.00141490639618584,0,0,0,0,2
"1030913","Osaka","Retail","LargeGrocery","ZoneC","ABCH","FCU",55252.1267264046,0,0,0,0,1
"1030914","Osaka","Retail","LargeGrocery","ZoneC","ABCH","FCU",40529.7191943039,1,0,0,0,1
"1033505","Osaka","Retail","MediumDepartment","ZoneC","EHP","MUL",62272.1522236382,0,0,0,0,3
"1033506","Osaka","Retail","MediumDepartment","ZoneC","EHP","MUL",43516.9545587779,1,0,0,0,3
"1033569","Osaka","Retail","MediumDepartment","ZoneC","GHP","MUL",0.000968660633761752,0,0,0,0,3
"1033698","Osaka","Retail","MediumDepartment","ZoneC","ABCH","VAV",60003.1985939968,1,0,0,0,3
"1033761","Osaka","Retail","MediumDepartment","ZoneC","ABCH","FCU",171962.017140181,0,0,0,0,3
"1033762","Osaka","Retail","MediumDepartment","ZoneC","ABCH","FCU",119723.018946929,1,0,0,0,3
"1033953","Osaka","Retail","MediumDepartment","ZoneC","ABCH","OHUFCU",66074.646870448,0,0,0,0,3
"1033954","Osaka","Retail","MediumDepartment","ZoneC","ABCH","OHUFCU",51967.5013754464,1,0,0,0,3
"1035297","Osaka","Retail","MediumDepartment","ZoneC","COM","FCU",55409.7329800977,0,0,0,0,3
"1035298","Osaka","Retail","MediumDepartment","ZoneC","COM","FCU",44935.5203024373,1,0,0,0,3
"1036321","Osaka","Retail","MediumGeneral","ZoneC","EHP","MUL",101126.735267745,0,0,0,0,3
"1036322","Osaka","Retail","MediumGeneral","ZoneC","EHP","MUL",70669.2700698652,1,0,0,0,3
"1036385","Osaka","Retail","MediumGeneral","ZoneC","GHP","MUL",0.00157305447100842,0,0,0,0,3
"1036514","Osaka","Retail","MediumGeneral","ZoneC","ABCH","VAV",51567.7614074394,1,0,0,0,3
"1036518","Osaka","Retail","MediumGeneral","ZoneC","ABCH","VAV",38043.8609306449,1,0,0,1,3
"1036577","Osaka","Retail","MediumGeneral","ZoneC","ABCH","FCU",256816.23142675,0,0,0,0,3
"1036578","Osaka","Retail","MediumGeneral","ZoneC","ABCH","FCU",178800.034172193,1,0,0,0,3
"1036769","Osaka","Retail","MediumGeneral","ZoneC","ABCH","OHUFCU",98679.0111230715,0,0,0,0,3
"1036770","Osaka","Retail","MediumGeneral","ZoneC","ABCH","OHUFCU",77610.7310315337,1,0,0,0,3
"1038113","Osaka","Retail","MediumGeneral","ZoneC","COM","FCU",82751.522952368,0,0,0,0,3
"1038114","Osaka","Retail","MediumGeneral","ZoneC","COM","FCU",67108.837016402,1,0,0,0,3
"1038881","Osaka","Retail","MediumGeneral","ZoneC","COM+TESICE","FCU",41080.3409196382,0,0,0,0,3
"1038882","Osaka","Retail","MediumGeneral","ZoneC","COM+TESICE","FCU",33314.8418904759,1,0,0,0,3
"1039105","Osaka","Retail","MediumGrocery","ZoneC","EHP","MUL",244300.110580189,0,0,0,0,1
"1039106","Osaka","Retail","MediumGrocery","ZoneC","EHP","MUL",145987.437544083,1,0,0,0,1
"1039121","Osaka","Retail","MediumGrocery","ZoneC","EHP","MUL",125851.572117066,0,0,0,0,2
"1039122","Osaka","Retail","MediumGrocery","ZoneC","EHP","MUL",75205.6496439213,1,0,0,0,2
"1039169","Osaka","Retail","MediumGrocery","ZoneC","GHP","MUL",0.00235053953026109,0,0,0,0,1
"1039185","Osaka","Retail","MediumGrocery","ZoneC","GHP","MUL",0.00121088400043753,0,0,0,0,2
"1039361","Osaka","Retail","MediumGrocery","ZoneC","ABCH","FCU",59856.4705927137,0,0,0,0,1
"1039362","Osaka","Retail","MediumGrocery","ZoneC","ABCH","FCU",43907.1957736143,1,0,0,0,1
"1039377","Osaka","Retail","MediumGrocery","ZoneC","ABCH","FCU",53454.0099462902,0,0,0,0,2
"1041921","Osaka","Retail","SmallGeneral","ZoneC","EHP","MUL",426932.365807879,0,0,0,0,1
"1041922","Osaka","Retail","SmallGeneral","ZoneC","EHP","MUL",270648.260015523,1,0,0,0,1
"1041937","Osaka","Retail","SmallGeneral","ZoneC","EHP","MUL",219934.855113149,0,0,0,0,2
"1041938","Osaka","Retail","SmallGeneral","ZoneC","EHP","MUL",139424.861220119,1,0,0,0,2
"1041985","Osaka","Retail","SmallGeneral","ZoneC","GHP","MUL",0.0046722596019019,0,0,0,0,1
"1042001","Osaka","Retail","SmallGeneral","ZoneC","GHP","MUL",0.00240692161310098,0,0,0,0,2
"1042114","Osaka","Retail","SmallGeneral","ZoneC","ABCH","VAV",73273.2021509485,1,0,0,0,1
"1042177","Osaka","Retail","SmallGeneral","ZoneC","ABCH","FCU",220280.606756083,0,0,0,0,1
"1042178","Osaka","Retail","SmallGeneral","ZoneC","ABCH","FCU",138882.924112107,1,0,0,0,1
"1042193","Osaka","Retail","SmallGeneral","ZoneC","ABCH","FCU",121426.857524541,0,0,0,0,2
"1042194","Osaka","Retail","SmallGeneral","ZoneC","ABCH","FCU",90488.7960592713,1,0,0,0,2
"1042369","Osaka","Retail","SmallGeneral","ZoneC","ABCH","OHUFCU",84715.1054202218,0,0,0,0,1
"1042370","Osaka","Retail","SmallGeneral","ZoneC","ABCH","OHUFCU",60258.8790269023,1,0,0,0,1
"1042385","Osaka","Retail","SmallGeneral","ZoneC","ABCH","OHUFCU",46750.4074750335,0,0,0,0,2
"1042386","Osaka","Retail","SmallGeneral","ZoneC","ABCH","OHUFCU",38787.9449086234,1,0,0,0,2
"1044737","Osaka","Retail","SmallGrocery","ZoneC","EHP","MUL",349388.915419554,0,0,0,0,1
"1044738","Osaka","Retail","SmallGrocery","ZoneC","EHP","MUL",198111.056805249,1,0,0,0,1
"1044753","Osaka","Retail","SmallGrocery","ZoneC","EHP","MUL",67633.24435842,0,0,0,0,2
"1044754","Osaka","Retail","SmallGrocery","ZoneC","EHP","MUL",38349.5094540266,1,0,0,0,2
"1044801","Osaka","Retail","SmallGrocery","ZoneC","GHP","MUL",0.0031166516228728,0,0,0,0,1
"1044817","Osaka","Retail","SmallGrocery","ZoneC","GHP","MUL",0.000603308380681458,0,0,0,0,2
"1044993","Osaka","Retail","SmallGrocery","ZoneC","ABCH","FCU",53068.9663478233,0,0,0,0,1
"1047553","Osaka","Retail","SpecialityShop","ZoneC","EHP","MUL",1891155.85492665,0,0,0,0,1
"1047554","Osaka","Retail","SpecialityShop","ZoneC","EHP","MUL",922335.069599763,1,0,0,0,1
"1047569","Osaka","Retail","SpecialityShop","ZoneC","EHP","MUL",333733.386163527,0,0,0,0,2
"1047570","Osaka","Retail","SpecialityShop","ZoneC","EHP","MUL",162765.012282311,1,0,0,0,2
"1047617","Osaka","Retail","SpecialityShop","ZoneC","GHP","MUL",0.0152547667140019,0,0,0,0,1
"1047633","Osaka","Retail","SpecialityShop","ZoneC","GHP","MUL",0.0026920176554121,0,0,0,0,2
"1050369","Osaka","Retail","SuperDrugStore","ZoneC","EHP","MUL",72481.516635929,0,0,0,0,1
"1050370","Osaka","Retail","SuperDrugStore","ZoneC","EHP","MUL",43313.0826582858,1,0,0,0,1
"1050385","Osaka","Retail","SuperDrugStore","ZoneC","EHP","MUL",59651.763632035,0,0,0,0,2
"1050433","Osaka","Retail","SuperDrugStore","ZoneC","GHP","MUL",0.000697382697295612,0,0,0,0,1
"1053185","Hiroshima","Retail","ConvenienceDrug","ZoneC","EHP","MUL",177166.723883824,0,0,0,0,1
"1053186","Hiroshima","Retail","ConvenienceDrug","ZoneC","EHP","MUL",96150.7883828286,1,0,0,0,1
"1053201","Hiroshima","Retail","ConvenienceDrug","ZoneC","EHP","MUL",48232.502431838,0,0,0,0,2
"1053249","Hiroshima","Retail","ConvenienceDrug","ZoneC","GHP","MUL",0.00151376295665007,0,0,0,0,1
"1056001","Hiroshima","Retail","ConvenienceStore","ZoneC","EHP","MUL",130964.1481173,0,0,0,0,1
"1056002","Hiroshima","Retail","ConvenienceStore","ZoneC","EHP","MUL",63872.4864236684,1,0,0,0,1
"1056017","Hiroshima","Retail","ConvenienceStore","ZoneC","EHP","MUL",34382.9356936543,0,0,0,0,2
"1056065","Hiroshima","Retail","ConvenienceStore","ZoneC","GHP","MUL",0.00105640554279165,0,0,0,0,1
"1058817","Hiroshima","Retail","HomeCenter","ZoneC","EHP","MUL",208852.401132154,0,0,0,0,1
"1058818","Hiroshima","Retail","HomeCenter","ZoneC","EHP","MUL",132633.69419563,1,0,0,0,1
"1058833","Hiroshima","Retail","HomeCenter","ZoneC","EHP","MUL",107590.630886261,0,0,0,0,2
"1058834","Hiroshima","Retail","HomeCenter","ZoneC","EHP","MUL",68326.4485250216,1,0,0,0,2
"1058881","Hiroshima","Retail","HomeCenter","ZoneC","GHP","MUL",0.00229646231708471,0,0,0,0,1
"1058897","Hiroshima","Retail","HomeCenter","ZoneC","GHP","MUL",0.00118302604213455,0,0,0,0,2
"1059073","Hiroshima","Retail","HomeCenter","ZoneC","ABCH","FCU",123525.218038273,0,0,0,0,1
"1059074","Hiroshima","Retail","HomeCenter","ZoneC","ABCH","FCU",89906.3969058616,1,0,0,0,1
"1059089","Hiroshima","Retail","HomeCenter","ZoneC","ABCH","FCU",86095.8009875243,0,0,0,0,2
"1059090","Hiroshima","Retail","HomeCenter","ZoneC","ABCH","FCU",64553.5575765919,1,0,0,0,2
"1059265","Hiroshima","Retail","HomeCenter","ZoneC","ABCH","OHUFCU",43569.2671770311,0,0,0,0,1
"1059266","Hiroshima","Retail","HomeCenter","ZoneC","ABCH","OHUFCU",35436.1080327066,1,0,0,0,1
"1061633","Hiroshima","Retail","HousingClothingSuper","ZoneC","EHP","MUL",336432.468969701,0,0,0,0,1
"1061634","Hiroshima","Retail","HousingClothingSuper","ZoneC","EHP","MUL",213654.62386316,1,0,0,0,1
"1061649","Hiroshima","Retail","HousingClothingSuper","ZoneC","EHP","MUL",173313.696135906,0,0,0,0,2
"1061650","Hiroshima","Retail","HousingClothingSuper","ZoneC","EHP","MUL",110064.503202234,1,0,0,0,2
"1061697","Hiroshima","Retail","HousingClothingSuper","ZoneC","GHP","MUL",0.00369928467685567,0,0,0,0,1
"1061713","Hiroshima","Retail","HousingClothingSuper","ZoneC","GHP","MUL",0.00190569210625898,0,0,0,0,2
"1061889","Hiroshima","Retail","HousingClothingSuper","ZoneC","ABCH","FCU",198982.122586854,0,0,0,0,1
"1061890","Hiroshima","Retail","HousingClothingSuper","ZoneC","ABCH","FCU",144826.829489356,1,0,0,0,1
"1061905","Hiroshima","Retail","HousingClothingSuper","ZoneC","ABCH","FCU",102505.941938682,0,0,0,0,2
"1061906","Hiroshima","Retail","HousingClothingSuper","ZoneC","ABCH","FCU",74607.760646032,1,0,0,0,2
"1062081","Hiroshima","Retail","HousingClothingSuper","ZoneC","ABCH","OHUFCU",70184.0919621224,0,0,0,0,1
"1062082","Hiroshima","Retail","HousingClothingSuper","ZoneC","ABCH","OHUFCU",57082.6921380561,1,0,0,0,1
"1062097","Hiroshima","Retail","HousingClothingSuper","ZoneC","ABCH","OHUFCU",36155.4413138206,0,0,0,0,2
"1062098","Hiroshima","Retail","HousingClothingSuper","ZoneC","ABCH","OHUFCU",29406.235343847,1,0,0,0,2
"1064481","Hiroshima","Retail","LargeDepartment","ZoneC","EHP","MUL",4666.18263734792,0,0,0,0,3
"1064737","Hiroshima","Retail","LargeDepartment","ZoneC","ABCH","FCU",47062.5613597846,0,0,0,0,3
"1064738","Hiroshima","Retail","LargeDepartment","ZoneC","ABCH","FCU",38781.6612982723,1,0,0,0,3
"1067297","Hiroshima","Retail","LargeGeneral","ZoneC","EHP","MUL",4859.47632472685,0,0,0,0,3
"1067553","Hiroshima","Retail","LargeGeneral","ZoneC","ABCH","FCU",49012.0984288909,0,0,0,0,3
"1067554","Hiroshima","Retail","LargeGeneral","ZoneC","ABCH","FCU",40388.167279205,1,0,0,0,3
"1070081","Hiroshima","Retail","LargeGrocery","ZoneC","EHP","MUL",143552.091702245,0,0,0,0,1
"1070082","Hiroshima","Retail","LargeGrocery","ZoneC","EHP","MUL",85928.1496126228,1,0,0,0,1
"1070097","Hiroshima","Retail","LargeGrocery","ZoneC","EHP","MUL",73951.0775435807,0,0,0,0,2
"1070098","Hiroshima","Retail","LargeGrocery","ZoneC","EHP","MUL",44266.0164671087,1,0,0,0,2
"1070145","Hiroshima","Retail","LargeGrocery","ZoneC","GHP","MUL",0.00138530741626636,0,0,0,0,1
"1070161","Hiroshima","Retail","LargeGrocery","ZoneC","GHP","MUL",0.000713643214440246,0,0,0,0,2
"1072929","Hiroshima","Retail","MediumDepartment","ZoneC","EHP","MUL",60337.4454486724,0,0,0,0,3
"1072993","Hiroshima","Retail","MediumDepartment","ZoneC","GHP","MUL",0.000533910158063892,0,0,0,0,3
"1073185","Hiroshima","Retail","MediumDepartment","ZoneC","ABCH","FCU",115211.70307413,0,0,0,0,3
"1073186","Hiroshima","Retail","MediumDepartment","ZoneC","ABCH","FCU",88536.3030684582,1,0,0,0,3
"1073377","Hiroshima","Retail","MediumDepartment","ZoneC","ABCH","OHUFCU",40952.335031441,0,0,0,0,3
"1073378","Hiroshima","Retail","MediumDepartment","ZoneC","ABCH","OHUFCU",35453.737554548,1,0,0,0,3
"1075745","Hiroshima","Retail","MediumGeneral","ZoneC","EHP","MUL",65480.3491962861,0,0,0,0,3
"1075809","Hiroshima","Retail","MediumGeneral","ZoneC","GHP","MUL",0.000579418358359373,0,0,0,0,3
"1076001","Hiroshima","Retail","MediumGeneral","ZoneC","ABCH","FCU",125031.851989996,0,0,0,0,3
"1076002","Hiroshima","Retail","MediumGeneral","ZoneC","ABCH","FCU",96082.7558800539,1,0,0,0,3
"1076193","Hiroshima","Retail","MediumGeneral","ZoneC","ABCH","OHUFCU",44442.9355323504,0,0,0,0,3
"1076194","Hiroshima","Retail","MediumGeneral","ZoneC","ABCH","OHUFCU",38475.6613098602,1,0,0,0,3
"1078529","Hiroshima","Retail","MediumGrocery","ZoneC","EHP","MUL",122005.996018486,0,0,0,0,1
"1078530","Hiroshima","Retail","MediumGrocery","ZoneC","EHP","MUL",73030.9768056806,1,0,0,0,1
"1078545","Hiroshima","Retail","MediumGrocery","ZoneC","EHP","MUL",80113.6673299201,0,0,0,0,2
"1078546","Hiroshima","Retail","MediumGrocery","ZoneC","EHP","MUL",47954.8511673384,1,0,0,0,2
"1078593","Hiroshima","Retail","MediumGrocery","ZoneC","GHP","MUL",0.0011773831304663,0,0,0,0,1
"1078609","Hiroshima","Retail","MediumGrocery","ZoneC","GHP","MUL",0.000773113482223811,0,0,0,0,2
"1078785","Hiroshima","Retail","MediumGrocery","ZoneC","ABCH","FCU",53566.6222291713,0,0,0,0,1
"1081345","Hiroshima","Retail","SmallGeneral","ZoneC","EHP","MUL",166043.549150766,0,0,0,0,1
"1081346","Hiroshima","Retail","SmallGeneral","ZoneC","EHP","MUL",105447.527544988,1,0,0,0,1
"1081361","Hiroshima","Retail","SmallGeneral","ZoneC","EHP","MUL",85537.5859261517,0,0,0,0,2
"1081362","Hiroshima","Retail","SmallGeneral","ZoneC","EHP","MUL",54321.453583782,1,0,0,0,2
"1081409","Hiroshima","Retail","SmallGeneral","ZoneC","GHP","MUL",0.00182575230905991,0,0,0,0,1
"1081425","Hiroshima","Retail","SmallGeneral","ZoneC","GHP","MUL",0.000940539068303592,0,0,0,0,2
"1081601","Hiroshima","Retail","SmallGeneral","ZoneC","ABCH","FCU",98206.0321141285,0,0,0,0,1
"1081602","Hiroshima","Retail","SmallGeneral","ZoneC","ABCH","FCU",71478.1211644322,1,0,0,0,1
"1081617","Hiroshima","Retail","SmallGeneral","ZoneC","ABCH","FCU",68448.5899393649,0,0,0,0,2
"1081618","Hiroshima","Retail","SmallGeneral","ZoneC","ABCH","FCU",51321.898873182,1,0,0,0,2
"1081793","Hiroshima","Retail","SmallGeneral","ZoneC","ABCH","OHUFCU",34638.796186952,0,0,0,0,1
"1081794","Hiroshima","Retail","SmallGeneral","ZoneC","ABCH","OHUFCU",28172.7052882548,1,0,0,0,1
"1084161","Hiroshima","Retail","SmallGrocery","ZoneC","EHP","MUL",192934.736039624,0,0,0,0,1
"1084162","Hiroshima","Retail","SmallGrocery","ZoneC","EHP","MUL",109267.935918634,1,0,0,0,1
"1084177","Hiroshima","Retail","SmallGrocery","ZoneC","EHP","MUL",53329.8835900438,0,0,0,0,2
"1084225","Hiroshima","Retail","SmallGrocery","ZoneC","GHP","MUL",0.0017186557567058,0,0,0,0,1
"1086977","Hiroshima","Retail","SpecialityShop","ZoneC","EHP","MUL",878144.615765705,0,0,0,0,1
"1086978","Hiroshima","Retail","SpecialityShop","ZoneC","EHP","MUL",428279.654049102,1,0,0,0,1
"1086993","Hiroshima","Retail","SpecialityShop","ZoneC","EHP","MUL",154966.696899831,0,0,0,0,2
"1086994","Hiroshima","Retail","SpecialityShop","ZoneC","EHP","MUL",75578.7624792533,1,0,0,0,2
"1087041","Hiroshima","Retail","SpecialityShop","ZoneC","GHP","MUL",0.00708344117686813,0,0,0,0,1
"1087057","Hiroshima","Retail","SpecialityShop","ZoneC","GHP","MUL",0.00125001903121202,0,0,0,0,2
"1089793","Hiroshima","Retail","SuperDrugStore","ZoneC","EHP","MUL",59759.3756497155,0,0,0,0,1
"1089809","Hiroshima","Retail","SuperDrugStore","ZoneC","EHP","MUL",30785.1329104596,0,0,0,0,2
"1092609","Matsuyama","Retail","ConvenienceDrug","ZoneC","EHP","MUL",115857.492617766,0,0,0,0,1
"1092610","Matsuyama","Retail","ConvenienceDrug","ZoneC","EHP","MUL",63027.1942401503,1,0,0,0,1
"1092625","Matsuyama","Retail","ConvenienceDrug","ZoneC","EHP","MUL",31567.8860911379,0,0,0,0,2
"1092673","Matsuyama","Retail","ConvenienceDrug","ZoneC","GHP","MUL",0.000991865487401498,0,0,0,0,1
"1095425","Matsuyama","Retail","ConvenienceStore","ZoneC","EHP","MUL",57174.0563535594,0,0,0,0,1
"1095426","Matsuyama","Retail","ConvenienceStore","ZoneC","EHP","MUL",27884.342323656,1,0,0,0,1
"1095441","Matsuyama","Retail","ConvenienceStore","ZoneC","EHP","MUL",15010.3057303064,0,0,0,0,2
"1095489","Matsuyama","Retail","ConvenienceStore","ZoneC","GHP","MUL",0.000461187209660504,0,0,0,0,1
"1098241","Matsuyama","Retail","HomeCenter","ZoneC","EHP","MUL",96642.0196046114,0,0,0,0,1
"1098242","Matsuyama","Retail","HomeCenter","ZoneC","EHP","MUL",61196.0497487035,1,0,0,0,1
"1098257","Matsuyama","Retail","HomeCenter","ZoneC","EHP","MUL",49785.2828266181,0,0,0,0,2
"1098258","Matsuyama","Retail","HomeCenter","ZoneC","EHP","MUL",31525.2377493322,1,0,0,0,2
"1098305","Matsuyama","Retail","HomeCenter","ZoneC","GHP","MUL",0.0010544846122787,0,0,0,0,1
"1098321","Matsuyama","Retail","HomeCenter","ZoneC","GHP","MUL",0.000543219345719329,0,0,0,0,2
"1098497","Matsuyama","Retail","HomeCenter","ZoneC","ABCH","FCU",73167.3357425478,0,0,0,0,1
"1098498","Matsuyama","Retail","HomeCenter","ZoneC","ABCH","FCU",54684.7920616876,1,0,0,0,1
"1098513","Matsuyama","Retail","HomeCenter","ZoneC","ABCH","FCU",37692.2638673731,0,0,0,0,2
"1098514","Matsuyama","Retail","HomeCenter","ZoneC","ABCH","FCU",28170.9534863238,1,0,0,0,2
"1101057","Matsuyama","Retail","HousingClothingSuper","ZoneC","EHP","MUL",166742.216627255,0,0,0,0,1
"1101058","Matsuyama","Retail","HousingClothingSuper","ZoneC","EHP","MUL",105585.179466216,1,0,0,0,1
"1101073","Matsuyama","Retail","HousingClothingSuper","ZoneC","EHP","MUL",85897.5055352522,0,0,0,0,2
"1101074","Matsuyama","Retail","HousingClothingSuper","ZoneC","EHP","MUL",54392.3651795663,1,0,0,0,2
"1101121","Matsuyama","Retail","HousingClothingSuper","ZoneC","GHP","MUL",0.00181936493432191,0,0,0,0,1
"1101137","Matsuyama","Retail","HousingClothingSuper","ZoneC","GHP","MUL",0.00093724860252947,0,0,0,0,2
"1101313","Matsuyama","Retail","HousingClothingSuper","ZoneC","ABCH","FCU",93456.5928260076,0,0,0,0,1
"1101314","Matsuyama","Retail","HousingClothingSuper","ZoneC","ABCH","FCU",67800.3748644986,1,0,0,0,1
"1101329","Matsuyama","Retail","HousingClothingSuper","ZoneC","ABCH","FCU",65032.7016411531,0,0,0,0,2
"1101330","Matsuyama","Retail","HousingClothingSuper","ZoneC","ABCH","FCU",48605.019307655,1,0,0,0,2
"1101505","Matsuyama","Retail","HousingClothingSuper","ZoneC","ABCH","OHUFCU",59333.9023865922,0,0,0,0,1
"1103905","Matsuyama","Retail","LargeDepartment","ZoneC","EHP","MUL",999.468962024665,0,0,0,0,3
"1104161","Matsuyama","Retail","LargeDepartment","ZoneC","ABCH","FCU",18347.9744307543,0,0,0,0,3
"1106721","Matsuyama","Retail","LargeGeneral","ZoneC","EHP","MUL",1969.52318407758,0,0,0,0,3
"1106977","Matsuyama","Retail","LargeGeneral","ZoneC","ABCH","FCU",36155.9612106708,0,0,0,0,3
"1109505","Matsuyama","Retail","LargeGrocery","ZoneC","EHP","MUL",93449.8574630791,0,0,0,0,1
"1109506","Matsuyama","Retail","LargeGrocery","ZoneC","EHP","MUL",55763.9176760298,1,0,0,0,1
"1109521","Matsuyama","Retail","LargeGrocery","ZoneC","EHP","MUL",48140.8356627983,0,0,0,0,2
"1109522","Matsuyama","Retail","LargeGrocery","ZoneC","EHP","MUL",28726.866681591,1,0,0,0,2
"1109569","Matsuyama","Retail","LargeGrocery","ZoneC","GHP","MUL",0.000896908696807104,0,0,0,0,1
"1109585","Matsuyama","Retail","LargeGrocery","ZoneC","GHP","MUL",0.000462043874112751,0,0,0,0,2
"1112353","Matsuyama","Retail","MediumDepartment","ZoneC","EHP","MUL",9373.77936990403,0,0,0,0,3
"1112609","Matsuyama","Retail","MediumDepartment","ZoneC","ABCH","FCU",63409.460072109,0,0,0,0,3
"1115169","Matsuyama","Retail","MediumGeneral","ZoneC","EHP","MUL",22640.0040916415,0,0,0,0,3
"1115425","Matsuyama","Retail","MediumGeneral","ZoneC","ABCH","FCU",85223.2296906573,0,0,0,0,3
"1115426","Matsuyama","Retail","MediumGeneral","ZoneC","ABCH","FCU",67926.356920108,1,0,0,0,3
"1117953","Matsuyama","Retail","MediumGrocery","ZoneC","EHP","MUL",101237.345573922,0,0,0,0,1
"1117954","Matsuyama","Retail","MediumGrocery","ZoneC","EHP","MUL",60410.9108090873,1,0,0,0,1
"1117969","Matsuyama","Retail","MediumGrocery","ZoneC","EHP","MUL",52152.5719623237,0,0,0,0,2
"1117970","Matsuyama","Retail","MediumGrocery","ZoneC","EHP","MUL",31120.7722349842,1,0,0,0,2
"1118017","Matsuyama","Retail","MediumGrocery","ZoneC","GHP","MUL",0.000971651088101355,0,0,0,0,1
"1118033","Matsuyama","Retail","MediumGrocery","ZoneC","GHP","MUL",0.00050054753023403,0,0,0,0,2
"1120769","Matsuyama","Retail","SmallGeneral","ZoneC","EHP","MUL",95674.5117551322,0,0,0,0,1
"1120770","Matsuyama","Retail","SmallGeneral","ZoneC","EHP","MUL",60583.4005229194,1,0,0,0,1
"1120785","Matsuyama","Retail","SmallGeneral","ZoneC","EHP","MUL",49286.8696920379,0,0,0,0,2
"1120786","Matsuyama","Retail","SmallGeneral","ZoneC","EHP","MUL",31209.6305724129,1,0,0,0,2
"1120833","Matsuyama","Retail","SmallGeneral","ZoneC","GHP","MUL",0.00104392789850441,0,0,0,0,1
"1120849","Matsuyama","Retail","SmallGeneral","ZoneC","GHP","MUL",0.000537781038623486,0,0,0,0,2
"1121025","Matsuyama","Retail","SmallGeneral","ZoneC","ABCH","FCU",72434.8389265044,0,0,0,0,1
"1121026","Matsuyama","Retail","SmallGeneral","ZoneC","ABCH","FCU",54137.3286934417,1,0,0,0,1
"1121041","Matsuyama","Retail","SmallGeneral","ZoneC","ABCH","FCU",37314.9170227446,0,0,0,0,2
"1121042","Matsuyama","Retail","SmallGeneral","ZoneC","ABCH","FCU",27888.9269026821,1,0,0,0,2
"1123585","Matsuyama","Retail","SmallGrocery","ZoneC","EHP","MUL",125376.919074802,0,0,0,0,1
"1123586","Matsuyama","Retail","SmallGrocery","ZoneC","EHP","MUL",71122.7938884975,1,0,0,0,1
"1123601","Matsuyama","Retail","SmallGrocery","ZoneC","EHP","MUL",34676.4201321663,0,0,0,0,2
"1123649","Matsuyama","Retail","SmallGrocery","ZoneC","GHP","MUL",0.00111897588903439,0,0,0,0,1
"1126401","Matsuyama","Retail","SpecialityShop","ZoneC","EHP","MUL",563443.975072537,0,0,0,0,1
"1126402","Matsuyama","Retail","SpecialityShop","ZoneC","EHP","MUL",274797.096500675,1,0,0,0,1
"1126417","Matsuyama","Retail","SpecialityShop","ZoneC","EHP","MUL",99431.2897186834,0,0,0,0,2
"1126418","Matsuyama","Retail","SpecialityShop","ZoneC","EHP","MUL",48493.6052648251,1,0,0,0,2
"1126465","Matsuyama","Retail","SpecialityShop","ZoneC","GHP","MUL",0.00454494872738811,0,0,0,0,1
"1126481","Matsuyama","Retail","SpecialityShop","ZoneC","GHP","MUL",0.000802049775421433,0,0,0,0,2
"1129217","Matsuyama","Retail","SuperDrugStore","ZoneC","EHP","MUL",39112.1560622757,0,0,0,0,1
"1129233","Matsuyama","Retail","SuperDrugStore","ZoneC","EHP","MUL",20148.6864563238,0,0,0,0,2
"1132033","Fukuoka","Retail","ConvenienceDrug","ZoneC","EHP","MUL",331635.945495361,0,0,0,0,1
"1132034","Fukuoka","Retail","ConvenienceDrug","ZoneC","EHP","MUL",179811.007547436,1,0,0,0,1
"1132049","Fukuoka","Retail","ConvenienceDrug","ZoneC","EHP","MUL",58523.9903815342,0,0,0,0,2
"1132050","Fukuoka","Retail","ConvenienceDrug","ZoneC","EHP","MUL",31731.3542730769,1,0,0,0,2
"1132097","Fukuoka","Retail","ConvenienceDrug","ZoneC","GHP","MUL",0.00283138269503698,0,0,0,0,1
"1132113","Fukuoka","Retail","ConvenienceDrug","ZoneC","GHP","MUL",0.000499655769712407,0,0,0,0,2
"1134849","Fukuoka","Retail","ConvenienceStore","ZoneC","EHP","MUL",228119.221117976,0,0,0,0,1
"1134850","Fukuoka","Retail","ConvenienceStore","ZoneC","EHP","MUL",111255.958697837,1,0,0,0,1
"1134865","Fukuoka","Retail","ConvenienceStore","ZoneC","EHP","MUL",59889.7376145554,0,0,0,0,2
"1134913","Fukuoka","Retail","ConvenienceStore","ZoneC","GHP","MUL",0.00184009450731892,0,0,0,0,1
"1134929","Fukuoka","Retail","ConvenienceStore","ZoneC","GHP","MUL",0.000324722560115104,0,0,0,0,2
"1137665","Fukuoka","Retail","HomeCenter","ZoneC","EHP","MUL",317049.073864387,0,0,0,0,1
"1137666","Fukuoka","Retail","HomeCenter","ZoneC","EHP","MUL",201015.851974261,1,0,0,0,1
"1137681","Fukuoka","Retail","HomeCenter","ZoneC","EHP","MUL",163328.310778625,0,0,0,0,2
"1137682","Fukuoka","Retail","HomeCenter","ZoneC","EHP","MUL",103553.620714013,1,0,0,0,2
"1137729","Fukuoka","Retail","HomeCenter","ZoneC","GHP","MUL",0.00347091297239694,0,0,0,0,1
"1137745","Fukuoka","Retail","HomeCenter","ZoneC","GHP","MUL",0.00178804607668933,0,0,0,0,2
"1137921","Fukuoka","Retail","HomeCenter","ZoneC","ABCH","FCU",179578.659700027,0,0,0,0,1
"1137922","Fukuoka","Retail","HomeCenter","ZoneC","ABCH","FCU",131956.678255694,1,0,0,0,1
"1137937","Fukuoka","Retail","HomeCenter","ZoneC","ABCH","FCU",92510.2186333469,0,0,0,0,2
"1137938","Fukuoka","Retail","HomeCenter","ZoneC","ABCH","FCU",67977.682737782,1,0,0,0,2
"1138113","Fukuoka","Retail","HomeCenter","ZoneC","ABCH","OHUFCU",65003.9319326015,0,0,0,0,1
"1138114","Fukuoka","Retail","HomeCenter","ZoneC","ABCH","OHUFCU",53385.5183802353,1,0,0,0,1
"1138129","Fukuoka","Retail","HomeCenter","ZoneC","ABCH","OHUFCU",60988.5047066129,0,0,0,0,2
"1140481","Fukuoka","Retail","HousingClothingSuper","ZoneC","EHP","MUL",553680.587563972,0,0,0,0,1
"1140482","Fukuoka","Retail","HousingClothingSuper","ZoneC","EHP","MUL",351045.261461282,1,0,0,0,1
"1140497","Fukuoka","Retail","HousingClothingSuper","ZoneC","EHP","MUL",285229.393593562,0,0,0,0,2
"1140498","Fukuoka","Retail","HousingClothingSuper","ZoneC","EHP","MUL",180841.498328539,1,0,0,0,2
"1140545","Fukuoka","Retail","HousingClothingSuper","ZoneC","GHP","MUL",0.00606145007937213,0,0,0,0,1
"1140561","Fukuoka","Retail","HousingClothingSuper","ZoneC","GHP","MUL",0.00312256519240383,0,0,0,0,2
"1140674","Fukuoka","Retail","HousingClothingSuper","ZoneC","ABCH","VAV",74566.1598746507,1,0,0,0,1
"1140737","Fukuoka","Retail","HousingClothingSuper","ZoneC","ABCH","FCU",245996.677554553,0,0,0,0,1
"1140738","Fukuoka","Retail","HousingClothingSuper","ZoneC","ABCH","FCU",155489.432309501,1,0,0,0,1
"1140745","Fukuoka","Retail","HousingClothingSuper","ZoneC","ABCH","FCU",26567.9861683839,0,1,0,0,1
"1140753","Fukuoka","Retail","HousingClothingSuper","ZoneC","ABCH","FCU",161555.785621037,0,0,0,0,2
"1140754","Fukuoka","Retail","HousingClothingSuper","ZoneC","ABCH","FCU",118713.241646596,1,0,0,0,2
"1140929","Fukuoka","Retail","HousingClothingSuper","ZoneC","ABCH","OHUFCU",94855.7419798397,0,0,0,0,1
"1140930","Fukuoka","Retail","HousingClothingSuper","ZoneC","ABCH","OHUFCU",67813.088676673,1,0,0,0,1
"1140945","Fukuoka","Retail","HousingClothingSuper","ZoneC","ABCH","OHUFCU",58480.0070864225,0,0,0,0,2
"1140946","Fukuoka","Retail","HousingClothingSuper","ZoneC","ABCH","OHUFCU",48027.6407960288,1,0,0,0,2
"1142273","Fukuoka","Retail","HousingClothingSuper","ZoneC","COM","FCU",48657.3361167819,0,0,0,0,1
"1142274","Fukuoka","Retail","HousingClothingSuper","ZoneC","COM","FCU",36855.3584933078,1,0,0,0,1
"1143329","Fukuoka","Retail","LargeDepartment","ZoneC","EHP","MUL",4975.9294308632,0,0,0,0,3
"1143585","Fukuoka","Retail","LargeDepartment","ZoneC","ABCH","FCU",93508.2185538194,0,0,0,0,3
"1146145","Fukuoka","Retail","LargeGeneral","ZoneC","EHP","MUL",8252.9226105177,0,0,0,0,3
"1146401","Fukuoka","Retail","LargeGeneral","ZoneC","ABCH","FCU",84637.4291201508,0,0,0,0,3
"1146402","Fukuoka","Retail","LargeGeneral","ZoneC","ABCH","FCU",70452.4092496376,1,0,0,0,3
"1148929","Fukuoka","Retail","LargeGrocery","ZoneC","EHP","MUL",149526.950466695,0,0,0,0,1
"1148930","Fukuoka","Retail","LargeGrocery","ZoneC","EHP","MUL",89513.1554606038,1,0,0,0,1
"1148945","Fukuoka","Retail","LargeGrocery","ZoneC","EHP","MUL",98224.3483413078,0,0,0,0,2
"1148946","Fukuoka","Retail","LargeGrocery","ZoneC","EHP","MUL",58801.2484414994,1,0,0,0,2
"1148993","Fukuoka","Retail","LargeGrocery","ZoneC","GHP","MUL",0.00144321081055321,0,0,0,0,1
"1149009","Fukuoka","Retail","LargeGrocery","ZoneC","GHP","MUL",0.000948046094321259,0,0,0,0,2
"1149185","Fukuoka","Retail","LargeGrocery","ZoneC","ABCH","FCU",38209.6982325561,0,0,0,0,1
"1149186","Fukuoka","Retail","LargeGrocery","ZoneC","ABCH","FCU",27564.5899921194,1,0,0,0,1
"1151777","Fukuoka","Retail","MediumDepartment","ZoneC","EHP","MUL",40619.5369017939,0,0,0,0,3
"1151778","Fukuoka","Retail","MediumDepartment","ZoneC","EHP","MUL",28088.0790894274,1,0,0,0,3
"1151841","Fukuoka","Retail","MediumDepartment","ZoneC","GHP","MUL",0.000601996447601717,0,0,0,0,3
"1152033","Fukuoka","Retail","MediumDepartment","ZoneC","ABCH","FCU",94179.0144823319,0,0,0,0,3
"1152034","Fukuoka","Retail","MediumDepartment","ZoneC","ABCH","FCU",73619.3870449065,1,0,0,0,3
"1152225","Fukuoka","Retail","MediumDepartment","ZoneC","ABCH","OHUFCU",67011.1645927914,0,0,0,0,3
"1153569","Fukuoka","Retail","MediumDepartment","ZoneC","COM","FCU",66970.8026084155,0,0,0,0,3
"1154593","Fukuoka","Retail","MediumGeneral","ZoneC","EHP","MUL",69172.8048123752,0,0,0,0,3
"1154594","Fukuoka","Retail","MediumGeneral","ZoneC","EHP","MUL",47832.4314012973,1,0,0,0,3
"1154657","Fukuoka","Retail","MediumGeneral","ZoneC","GHP","MUL",0.00102516635943867,0,0,0,0,3
"1154849","Fukuoka","Retail","MediumGeneral","ZoneC","ABCH","FCU",139497.445177238,0,0,0,0,3
"1154850","Fukuoka","Retail","MediumGeneral","ZoneC","ABCH","FCU",109044.636586267,1,0,0,0,3
"1154857","Fukuoka","Retail","MediumGeneral","ZoneC","ABCH","FCU",37209.2330467727,0,1,0,0,3
"1155041","Fukuoka","Retail","MediumGeneral","ZoneC","ABCH","OHUFCU",60664.0218256512,0,0,0,0,3
"1155042","Fukuoka","Retail","MediumGeneral","ZoneC","ABCH","OHUFCU",53452.2523168636,1,0,0,0,3
"1156385","Fukuoka","Retail","MediumGeneral","ZoneC","COM","FCU",63092.0160503154,0,0,0,0,3
"1156386","Fukuoka","Retail","MediumGeneral","ZoneC","COM","FCU",50955.5238849673,1,0,0,0,3
"1157377","Fukuoka","Retail","MediumGrocery","ZoneC","EHP","MUL",161987.529783835,0,0,0,0,1
"1157378","Fukuoka","Retail","MediumGrocery","ZoneC","EHP","MUL",96972.5851491182,1,0,0,0,1
"1157393","Fukuoka","Retail","MediumGrocery","ZoneC","EHP","MUL",106409.710776381,0,0,0,0,2
"1157394","Fukuoka","Retail","MediumGrocery","ZoneC","EHP","MUL",63701.3525221703,1,0,0,0,2
"1157441","Fukuoka","Retail","MediumGrocery","ZoneC","GHP","MUL",0.00156347837917628,0,0,0,0,1
"1157457","Fukuoka","Retail","MediumGrocery","ZoneC","GHP","MUL",0.00102704993622216,0,0,0,0,2
"1157633","Fukuoka","Retail","MediumGrocery","ZoneC","ABCH","FCU",41393.8397804491,0,0,0,0,1
"1157634","Fukuoka","Retail","MediumGrocery","ZoneC","ABCH","FCU",29861.6391786989,1,0,0,0,1
"1160193","Fukuoka","Retail","SmallGeneral","ZoneC","EHP","MUL",261739.493570571,0,0,0,0,1
"1160194","Fukuoka","Retail","SmallGeneral","ZoneC","EHP","MUL",165948.402416418,1,0,0,0,1
"1160209","Fukuoka","Retail","SmallGeneral","ZoneC","EHP","MUL",134835.496687871,0,0,0,0,2
"1160210","Fukuoka","Retail","SmallGeneral","ZoneC","EHP","MUL",85488.5709417911,1,0,0,0,2
"1160257","Fukuoka","Retail","SmallGeneral","ZoneC","GHP","MUL",0.00286540816079244,0,0,0,0,1
"1160273","Fukuoka","Retail","SmallGeneral","ZoneC","GHP","MUL",0.00147611935555975,0,0,0,0,2
"1160449","Fukuoka","Retail","SmallGeneral","ZoneC","ABCH","FCU",148250.953308482,0,0,0,0,1
"1160450","Fukuoka","Retail","SmallGeneral","ZoneC","ABCH","FCU",108936.682006122,1,0,0,0,1
"1160465","Fukuoka","Retail","SmallGeneral","ZoneC","ABCH","FCU",104037.036594135,0,0,0,0,2
"1160466","Fukuoka","Retail","SmallGeneral","ZoneC","ABCH","FCU",78802.5524261238,1,0,0,0,2
"1160641","Fukuoka","Retail","SmallGeneral","ZoneC","ABCH","OHUFCU",53663.9202781981,0,0,0,0,1
"1160642","Fukuoka","Retail","SmallGeneral","ZoneC","ABCH","OHUFCU",44072.3525053475,1,0,0,0,1
"1163009","Fukuoka","Retail","SmallGrocery","ZoneC","EHP","MUL",256101.952856365,0,0,0,0,1
"1163010","Fukuoka","Retail","SmallGrocery","ZoneC","EHP","MUL",145308.311310373,1,0,0,0,1
"1163025","Fukuoka","Retail","SmallGrocery","ZoneC","EHP","MUL",45194.4622687702,0,0,0,0,2
"1163026","Fukuoka","Retail","SmallGrocery","ZoneC","EHP","MUL",25642.6431724188,1,0,0,0,2
"1163073","Fukuoka","Retail","SmallGrocery","ZoneC","GHP","MUL",0.00228621592695618,0,0,0,0,1
"1163089","Fukuoka","Retail","SmallGrocery","ZoneC","GHP","MUL",0.000403449869462857,0,0,0,0,2
"1165825","Fukuoka","Retail","SpecialityShop","ZoneC","EHP","MUL",1545831.0216919,0,0,0,0,1
"1165826","Fukuoka","Retail","SpecialityShop","ZoneC","EHP","MUL",753916.796052204,1,0,0,0,1
"1165841","Fukuoka","Retail","SpecialityShop","ZoneC","EHP","MUL",272793.709710335,0,0,0,0,2
"1165842","Fukuoka","Retail","SpecialityShop","ZoneC","EHP","MUL",133044.140479801,1,0,0,0,2
"1165889","Fukuoka","Retail","SpecialityShop","ZoneC","GHP","MUL",0.0124692481340157,0,0,0,0,1
"1165905","Fukuoka","Retail","SpecialityShop","ZoneC","GHP","MUL",0.00220045555306161,0,0,0,0,2
"1168641","Fukuoka","Retail","SuperDrugStore","ZoneC","EHP","MUL",69950.0273846288,0,0,0,0,1
"1168642","Fukuoka","Retail","SuperDrugStore","ZoneC","EHP","MUL",41875.0443061325,1,0,0,0,1
"1168657","Fukuoka","Retail","SuperDrugStore","ZoneC","EHP","MUL",57606.8554612253,0,0,0,0,2
"1168705","Fukuoka","Retail","SuperDrugStore","ZoneC","GHP","MUL",0.000675146757189262,0,0,0,0,1
"1171457","Naha","Retail","ConvenienceDrug","ZoneC","EHP","MUL",21689.7087113566,0,0,0,0,1
"1171473","Naha","Retail","ConvenienceDrug","ZoneC","EHP","MUL",3827.59565494529,0,0,0,0,2
"1174273","Naha","Retail","ConvenienceStore","ZoneC","EHP","MUL",33282.8002810176,0,0,0,0,1
"1174289","Naha","Retail","ConvenienceStore","ZoneC","EHP","MUL",5873.43534370899,0,0,0,0,2
"1177089","Naha","Retail","HomeCenter","ZoneC","EHP","MUL",34339.2902807002,0,0,0,0,1
"1177105","Naha","Retail","HomeCenter","ZoneC","EHP","MUL",17689.9374173304,0,0,0,0,2
"1179905","Naha","Retail","HousingClothingSuper","ZoneC","EHP","MUL",52302.2672263455,0,0,0,0,1
"1179906","Naha","Retail","HousingClothingSuper","ZoneC","EHP","MUL",33301.643979125,1,0,0,0,1
"1179921","Naha","Retail","HousingClothingSuper","ZoneC","EHP","MUL",44098.9845603938,0,0,0,0,2
"1182753","Naha","Retail","LargeDepartment","ZoneC","EHP","MUL",249.867240446821,0,0,0,0,3
"1183009","Naha","Retail","LargeDepartment","ZoneC","ABCH","FCU",4586.99360659913,0,0,0,0,3
"1185569","Naha","Retail","LargeGeneral","ZoneC","EHP","MUL",619.571932644619,0,0,0,0,3
"1185825","Naha","Retail","LargeGeneral","ZoneC","ABCH","FCU",11373.9299669177,0,0,0,0,3
"1188353","Naha","Retail","LargeGrocery","ZoneC","EHP","MUL",18330.6438504552,0,0,0,0,1
"1188369","Naha","Retail","LargeGrocery","ZoneC","EHP","MUL",9443.05895326478,0,0,0,0,2
"1191201","Naha","Retail","MediumDepartment","ZoneC","EHP","MUL",2351.19725309343,0,0,0,0,3
"1191457","Naha","Retail","MediumDepartment","ZoneC","ABCH","FCU",15844.6126005171,0,0,0,0,3
"1194017","Naha","Retail","MediumGeneral","ZoneC","EHP","MUL",9402.33996767628,0,0,0,0,3
"1194273","Naha","Retail","MediumGeneral","ZoneC","ABCH","FCU",63361.9463999387,0,0,0,0,3
"1196801","Naha","Retail","MediumGrocery","ZoneC","EHP","MUL",19858.1975013742,0,0,0,0,1
"1196817","Naha","Retail","MediumGrocery","ZoneC","EHP","MUL",10229.9805310109,0,0,0,0,2
"1199617","Naha","Retail","SmallGeneral","ZoneC","EHP","MUL",51679.356403302,0,0,0,0,1
"1199618","Naha","Retail","SmallGeneral","ZoneC","EHP","MUL",32905.0272441378,1,0,0,0,1
"1199633","Naha","Retail","SmallGeneral","ZoneC","EHP","MUL",43573.7733941356,0,0,0,0,2
"1202433","Naha","Retail","SmallGrocery","ZoneC","EHP","MUL",24139.636241291,0,0,0,0,1
"1202449","Naha","Retail","SmallGrocery","ZoneC","EHP","MUL",4259.93580728665,0,0,0,0,2
"1205249","Naha","Retail","SpecialityShop","ZoneC","EHP","MUL",180195.895389954,0,0,0,0,1
"1205250","Naha","Retail","SpecialityShop","ZoneC","EHP","MUL",87883.2875054242,1,0,0,0,1
"1205265","Naha","Retail","SpecialityShop","ZoneC","EHP","MUL",47308.0913556893,0,0,0,0,2
"1205313","Naha","Retail","SpecialityShop","ZoneC","GHP","MUL",0.00145352713253824,0,0,0,0,1
"1208065","Naha","Retail","SuperDrugStore","ZoneC","EHP","MUL",4742.33587129103,0,0,0,0,1
"1208081","Naha","Retail","SuperDrugStore","ZoneC","EHP","MUL",2443.02150945296,0,0,0,0,2
"1210913","Sapporo","School","ElementarySchool","ZoneC","EHP","MUL",1754384.29649808,0,0,0,0,3
"1210914","Sapporo","School","ElementarySchool","ZoneC","EHP","MUL",2201585.14046067,1,0,0,0,3
"1210977","Sapporo","School","ElementarySchool","ZoneC","GHP","MUL",90840.877469826,0,0,0,0,3
"1210978","Sapporo","School","ElementarySchool","ZoneC","GHP","MUL",113996.646221232,1,0,0,0,3
"1211041","Sapporo","School","ElementarySchool","ZoneC","ABCH","CAV",132403.610629489,0,0,0,0,3
"1211042","Sapporo","School","ElementarySchool","ZoneC","ABCH","CAV",166153.916383703,1,0,0,0,3
"1211169","Sapporo","School","ElementarySchool","ZoneC","ABCH","FCU",58257.5886769749,0,0,0,0,3
"1211170","Sapporo","School","ElementarySchool","ZoneC","ABCH","FCU",73107.723208829,1,0,0,0,3
"1211361","Sapporo","School","ElementarySchool","ZoneC","ABCH","OHUFCU",90034.4552280523,0,0,0,0,3
"1211362","Sapporo","School","ElementarySchool","ZoneC","ABCH","OHUFCU",112984.663140917,1,0,0,0,3
"1211425","Sapporo","School","ElementarySchool","ZoneC","AHP","CAV",62930.7537552398,0,0,0,0,3
"1211426","Sapporo","School","ElementarySchool","ZoneC","AHP","CAV",78972.1001391083,1,0,0,0,3
"1211745","Sapporo","School","ElementarySchool","ZoneC","AHP","OHUFCU",42792.9125535631,0,0,0,0,3
"1211746","Sapporo","School","ElementarySchool","ZoneC","AHP","OHUFCU",53701.0280945937,1,0,0,0,3
"1213729","Sapporo","School","JuniorHighSchool","ZoneC","EHP","MUL",1034871.05255553,0,0,0,0,3
"1213730","Sapporo","School","JuniorHighSchool","ZoneC","EHP","MUL",1298664.57203645,1,0,0,0,3
"1213793","Sapporo","School","JuniorHighSchool","ZoneC","GHP","MUL",53584.9498139702,0,0,0,0,3
"1213794","Sapporo","School","JuniorHighSchool","ZoneC","GHP","MUL",67244.0066285651,1,0,0,0,3
"1213857","Sapporo","School","JuniorHighSchool","ZoneC","ABCH","CAV",78101.8526943031,0,0,0,0,3
"1213858","Sapporo","School","JuniorHighSchool","ZoneC","ABCH","CAV",98010.383858001,1,0,0,0,3
"1213985","Sapporo","School","JuniorHighSchool","ZoneC","ABCH","FCU",34364.8151854934,0,0,0,0,3
"1213986","Sapporo","School","JuniorHighSchool","ZoneC","ABCH","FCU",43124.5688975204,1,0,0,0,3
"1214177","Sapporo","School","JuniorHighSchool","ZoneC","ABCH","OHUFCU",53109.2598321262,0,0,0,0,3
"1214178","Sapporo","School","JuniorHighSchool","ZoneC","ABCH","OHUFCU",66647.0610234408,1,0,0,0,3
"1214241","Sapporo","School","JuniorHighSchool","ZoneC","AHP","CAV",62363.9655527094,0,0,0,0,3
"1214242","Sapporo","School","JuniorHighSchool","ZoneC","AHP","CAV",78260.8349465447,1,0,0,0,3
"1216545","Sapporo","School","HighSchool","ZoneC","EHP","MUL",917320.24972668,0,0,0,0,3
"1216546","Sapporo","School","HighSchool","ZoneC","EHP","MUL",1151149.51431859,1,0,0,0,3
"1216609","Sapporo","School","HighSchool","ZoneC","GHP","MUL",47498.2457220728,0,0,0,0,3
"1216610","Sapporo","School","HighSchool","ZoneC","GHP","MUL",59605.7729132663,1,0,0,0,3
"1216673","Sapporo","School","HighSchool","ZoneC","ABCH","CAV",69230.2783431176,0,0,0,0,3
"1216674","Sapporo","School","HighSchool","ZoneC","ABCH","CAV",86877.4033000646,1,0,0,0,3
"1216801","Sapporo","School","HighSchool","ZoneC","ABCH","FCU",30461.3224709717,0,0,0,0,3
"1216802","Sapporo","School","HighSchool","ZoneC","ABCH","FCU",38226.0574520284,1,0,0,0,3
"1216993","Sapporo","School","HighSchool","ZoneC","ABCH","OHUFCU",47076.58927332,0,0,0,0,3
"1216994","Sapporo","School","HighSchool","ZoneC","ABCH","OHUFCU",59076.634244044,1,0,0,0,3
"1217057","Sapporo","School","HighSchool","ZoneC","AHP","CAV",55280.0547599506,0,0,0,0,3
"1217058","Sapporo","School","HighSchool","ZoneC","AHP","CAV",69371.2018320569,1,0,0,0,3
"1219361","Sendai","School","ElementarySchool","ZoneC","EHP","MUL",3717258.54060487,0,0,0,0,3
"1219362","Sendai","School","ElementarySchool","ZoneC","EHP","MUL",4664805.30097195,1,0,0,0,3
"1219425","Sendai","School","ElementarySchool","ZoneC","GHP","MUL",137558.379371967,0,0,0,0,3
"1219426","Sendai","School","ElementarySchool","ZoneC","GHP","MUL",172622.660027045,1,0,0,0,3
"1219489","Sendai","School","ElementarySchool","ZoneC","ABCH","CAV",219337.626936018,0,0,0,0,3
"1219490","Sendai","School","ElementarySchool","ZoneC","ABCH","CAV",275247.824077164,1,0,0,0,3
"1219617","Sendai","School","ElementarySchool","ZoneC","ABCH","FCU",96508.5558518479,0,0,0,0,3
"1219618","Sendai","School","ElementarySchool","ZoneC","ABCH","FCU",121109.042593953,1,0,0,0,3
"1219809","Sendai","School","ElementarySchool","ZoneC","ABCH","OHUFCU",149149.586316492,0,0,0,0,3
"1219810","Sendai","School","ElementarySchool","ZoneC","ABCH","OHUFCU",187168.520372472,1,0,0,0,3
"1219873","Sendai","School","ElementarySchool","ZoneC","AHP","CAV",79858.6715879485,0,0,0,0,3
"1219874","Sendai","School","ElementarySchool","ZoneC","AHP","CAV",100215.024185922,1,0,0,0,3
"1220001","Sendai","School","ElementarySchool","ZoneC","AHP","FCU",35137.8154986973,0,0,0,0,3
"1220002","Sendai","School","ElementarySchool","ZoneC","AHP","FCU",44094.6106418054,1,0,0,0,3
"1220193","Sendai","School","ElementarySchool","ZoneC","AHP","OHUFCU",54303.896679805,0,0,0,0,3
"1220194","Sendai","School","ElementarySchool","ZoneC","AHP","OHUFCU",68146.2164464267,1,0,0,0,3
"1222177","Sendai","School","JuniorHighSchool","ZoneC","EHP","MUL",2381289.8638259,0,0,0,0,3
"1222178","Sendai","School","JuniorHighSchool","ZoneC","EHP","MUL",2988291.8980713,1,0,0,0,3
"1222241","Sendai","School","JuniorHighSchool","ZoneC","GHP","MUL",88120.417480965,0,0,0,0,3
"1222242","Sendai","School","JuniorHighSchool","ZoneC","GHP","MUL",110582.728131194,1,0,0,0,3
"1222305","Sendai","School","JuniorHighSchool","ZoneC","ABCH","CAV",140508.51240855,0,0,0,0,3
"1222306","Sendai","School","JuniorHighSchool","ZoneC","ABCH","CAV",176324.795909524,1,0,0,0,3
"1222433","Sendai","School","JuniorHighSchool","ZoneC","ABCH","FCU",61823.745459762,0,0,0,0,3
"1222434","Sendai","School","JuniorHighSchool","ZoneC","ABCH","FCU",77582.9102001904,1,0,0,0,3
"1222625","Sendai","School","JuniorHighSchool","ZoneC","ABCH","OHUFCU",95545.7884378142,0,0,0,0,3
"1222626","Sendai","School","JuniorHighSchool","ZoneC","ABCH","OHUFCU",119900.861218476,1,0,0,0,3
"1222689","Sendai","School","JuniorHighSchool","ZoneC","AHP","CAV",64556.2294095657,0,0,0,0,3
"1222690","Sendai","School","JuniorHighSchool","ZoneC","AHP","CAV",81011.9172156107,1,0,0,0,3
"1223009","Sendai","School","JuniorHighSchool","ZoneC","AHP","OHUFCU",43898.2359985046,0,0,0,0,3
"1223010","Sendai","School","JuniorHighSchool","ZoneC","AHP","OHUFCU",55088.1037066154,1,0,0,0,3
"1224993","Sendai","School","HighSchool","ZoneC","EHP","MUL",2259100.87985221,0,0,0,0,3
"1224994","Sendai","School","HighSchool","ZoneC","EHP","MUL",2834956.36492645,1,0,0,0,3
"1225057","Sendai","School","HighSchool","ZoneC","GHP","MUL",83598.7737941113,0,0,0,0,3
"1225058","Sendai","School","HighSchool","ZoneC","GHP","MUL",104908.496110704,1,0,0,0,3
"1225121","Sendai","School","HighSchool","ZoneC","ABCH","CAV",133298.725548217,0,0,0,0,3
"1225122","Sendai","School","HighSchool","ZoneC","ABCH","CAV",167277.200323265,1,0,0,0,3
"1225249","Sendai","School","HighSchool","ZoneC","ABCH","FCU",58651.4392412153,0,0,0,0,3
"1225250","Sendai","School","HighSchool","ZoneC","ABCH","FCU",73601.9681422364,1,0,0,0,3
"1225441","Sendai","School","HighSchool","ZoneC","ABCH","OHUFCU",90643.1333727876,0,0,0,0,3
"1225442","Sendai","School","HighSchool","ZoneC","ABCH","OHUFCU",113748.49621982,1,0,0,0,3
"1225505","Sendai","School","HighSchool","ZoneC","AHP","CAV",61243.7137009344,0,0,0,0,3
"1225506","Sendai","School","HighSchool","ZoneC","AHP","CAV",76855.0256062738,1,0,0,0,3
"1225825","Sendai","School","HighSchool","ZoneC","AHP","OHUFCU",41645.7253166354,0,0,0,0,3
"1225826","Sendai","School","HighSchool","ZoneC","AHP","OHUFCU",52261.4174122663,1,0,0,0,3
"1227777","Tokyo","School","ElementarySchool","ZoneC","EHP","MUL",6165137.07522083,0,0,0,0,1
"1227778","Tokyo","School","ElementarySchool","ZoneC","EHP","MUL",7736659.63654741,1,0,0,0,1
"1227793","Tokyo","School","ElementarySchool","ZoneC","EHP","MUL",3175979.70541679,0,0,0,0,2
"1227794","Tokyo","School","ElementarySchool","ZoneC","EHP","MUL",3985551.93397898,1,0,0,0,2
"1227841","Tokyo","School","ElementarySchool","ZoneC","GHP","MUL",583991.137939005,0,0,0,0,1
"1227842","Tokyo","School","ElementarySchool","ZoneC","GHP","MUL",732853.237465488,1,0,0,0,1
"1227857","Tokyo","School","ElementarySchool","ZoneC","GHP","MUL",300843.919544335,0,0,0,0,2
"1227858","Tokyo","School","ElementarySchool","ZoneC","GHP","MUL",377530.45566404,1,0,0,0,2
"1227905","Tokyo","School","ElementarySchool","ZoneC","ABCH","CAV",945104.634262973,0,0,0,0,1
"1227906","Tokyo","School","ElementarySchool","ZoneC","ABCH","CAV",1186016.26971194,1,0,0,0,1
"1227921","Tokyo","School","ElementarySchool","ZoneC","ABCH","CAV",486872.084317288,0,0,0,0,2
"1227922","Tokyo","School","ElementarySchool","ZoneC","ABCH","CAV",610978.07833646,1,0,0,0,2
"1227969","Tokyo","School","ElementarySchool","ZoneC","ABCH","VAV",67370.4282120784,0,0,0,0,1
"1227970","Tokyo","School","ElementarySchool","ZoneC","ABCH","VAV",84543.4685856733,1,0,0,0,1
"1227985","Tokyo","School","ElementarySchool","ZoneC","ABCH","VAV",34705.9781698585,0,0,0,0,2
"1227986","Tokyo","School","ElementarySchool","ZoneC","ABCH","VAV",43552.6959380742,1,0,0,0,2
"1228033","Tokyo","School","ElementarySchool","ZoneC","ABCH","FCU",415846.039075707,0,0,0,0,1
"1228034","Tokyo","School","ElementarySchool","ZoneC","ABCH","FCU",521847.158673257,1,0,0,0,1
"1228049","Tokyo","School","ElementarySchool","ZoneC","ABCH","FCU",214223.717099606,0,0,0,0,2
"1228050","Tokyo","School","ElementarySchool","ZoneC","ABCH","FCU",268830.354468042,1,0,0,0,2
"1228225","Tokyo","School","ElementarySchool","ZoneC","ABCH","OHUFCU",642671.151298822,0,0,0,0,1
"1228226","Tokyo","School","ElementarySchool","ZoneC","ABCH","OHUFCU",806491.063404127,1,0,0,0,1
"1228241","Tokyo","School","ElementarySchool","ZoneC","ABCH","OHUFCU",331073.017335756,0,0,0,0,2
"1228242","Tokyo","School","ElementarySchool","ZoneC","ABCH","OHUFCU",415465.093268793,1,0,0,0,2
"1228289","Tokyo","School","ElementarySchool","ZoneC","AHP","CAV",346439.504082606,0,0,0,0,1
"1228290","Tokyo","School","ElementarySchool","ZoneC","AHP","CAV",434748.570070584,1,0,0,0,1
"1228305","Tokyo","School","ElementarySchool","ZoneC","AHP","CAV",184469.729276849,0,0,0,0,2
"1228306","Tokyo","School","ElementarySchool","ZoneC","AHP","CAV",231491.934607132,1,0,0,0,2
"1228354","Tokyo","School","ElementarySchool","ZoneC","AHP","VAV",55685.8713436649,1,0,0,0,1
"1228417","Tokyo","School","ElementarySchool","ZoneC","AHP","FCU",152433.381796347,0,0,0,0,1
"1228418","Tokyo","School","ElementarySchool","ZoneC","AHP","FCU",191289.370831057,1,0,0,0,1
"1228433","Tokyo","School","ElementarySchool","ZoneC","AHP","FCU",81166.6808818131,0,0,0,0,2
"1228434","Tokyo","School","ElementarySchool","ZoneC","AHP","FCU",101856.451227138,1,0,0,0,2
"1228609","Tokyo","School","ElementarySchool","ZoneC","AHP","OHUFCU",235578.862776173,0,0,0,0,1
"1228610","Tokyo","School","ElementarySchool","ZoneC","AHP","OHUFCU",295629.027647998,1,0,0,0,1
"1228625","Tokyo","School","ElementarySchool","ZoneC","AHP","OHUFCU",125439.415908257,0,0,0,0,2
"1228626","Tokyo","School","ElementarySchool","ZoneC","AHP","OHUFCU",157414.51553285,1,0,0,0,2
"1230593","Tokyo","School","JuniorHighSchool","ZoneC","EHP","MUL",3759771.74899631,0,0,0,0,1
"1230594","Tokyo","School","JuniorHighSchool","ZoneC","EHP","MUL",4718155.32699232,1,0,0,0,1
"1230609","Tokyo","School","JuniorHighSchool","ZoneC","EHP","MUL",1936852.11311931,0,0,0,0,2
"1230610","Tokyo","School","JuniorHighSchool","ZoneC","EHP","MUL",2430564.86542029,1,0,0,0,2
"1230657","Tokyo","School","JuniorHighSchool","ZoneC","GHP","MUL",356143.48153137,0,0,0,0,1
"1230658","Tokyo","School","JuniorHighSchool","ZoneC","GHP","MUL",446926.137207505,1,0,0,0,1
"1230673","Tokyo","School","JuniorHighSchool","ZoneC","GHP","MUL",183467.854122221,0,0,0,0,2
"1230674","Tokyo","School","JuniorHighSchool","ZoneC","GHP","MUL",230234.676743261,1,0,0,0,2
"1230721","Tokyo","School","JuniorHighSchool","ZoneC","ABCH","CAV",576366.374403789,0,0,0,0,1
"1230722","Tokyo","School","JuniorHighSchool","ZoneC","ABCH","CAV",723284.885689787,1,0,0,0,1
"1230737","Tokyo","School","JuniorHighSchool","ZoneC","ABCH","CAV",306899.611036257,0,0,0,0,2
"1230738","Tokyo","School","JuniorHighSchool","ZoneC","ABCH","CAV",385129.771521142,1,0,0,0,2
"1230785","Tokyo","School","JuniorHighSchool","ZoneC","ABCH","VAV",41085.4502696493,0,0,0,0,1
"1230786","Tokyo","School","JuniorHighSchool","ZoneC","ABCH","VAV",51558.3256093597,1,0,0,0,1
"1230849","Tokyo","School","JuniorHighSchool","ZoneC","ABCH","FCU",253601.204737666,0,0,0,0,1
"1230850","Tokyo","School","JuniorHighSchool","ZoneC","ABCH","FCU",318245.349703506,1,0,0,0,1
"1230865","Tokyo","School","JuniorHighSchool","ZoneC","ABCH","FCU",135035.828855953,0,0,0,0,2
"1230866","Tokyo","School","JuniorHighSchool","ZoneC","ABCH","FCU",169457.099469302,1,0,0,0,2
"1231041","Tokyo","School","JuniorHighSchool","ZoneC","ABCH","OHUFCU",391929.134594577,0,0,0,0,1
"1231042","Tokyo","School","JuniorHighSchool","ZoneC","ABCH","OHUFCU",491833.722269055,1,0,0,0,1
"1231057","Tokyo","School","JuniorHighSchool","ZoneC","ABCH","OHUFCU",208691.735504655,0,0,0,0,2
"1231058","Tokyo","School","JuniorHighSchool","ZoneC","ABCH","OHUFCU",261888.244634377,1,0,0,0,2
"1231105","Tokyo","School","JuniorHighSchool","ZoneC","AHP","CAV",218377.993882386,0,0,0,0,1
"1231106","Tokyo","School","JuniorHighSchool","ZoneC","AHP","CAV",274043.576025362,1,0,0,0,1
"1231121","Tokyo","School","JuniorHighSchool","ZoneC","AHP","CAV",112497.75442426,0,0,0,0,2
"1231122","Tokyo","School","JuniorHighSchool","ZoneC","AHP","CAV",141173.963407005,1,0,0,0,2
"1231233","Tokyo","School","JuniorHighSchool","ZoneC","AHP","FCU",96086.31730825,0,0,0,0,1
"1231234","Tokyo","School","JuniorHighSchool","ZoneC","AHP","FCU",120579.173451159,1,0,0,0,1
"1231249","Tokyo","School","JuniorHighSchool","ZoneC","AHP","FCU",49499.0119466742,0,0,0,0,2
"1231250","Tokyo","School","JuniorHighSchool","ZoneC","AHP","FCU",62116.5438990821,1,0,0,0,2
"1231425","Tokyo","School","JuniorHighSchool","ZoneC","AHP","OHUFCU",148497.035840023,0,0,0,0,1
"1231426","Tokyo","School","JuniorHighSchool","ZoneC","AHP","OHUFCU",186349.631697246,1,0,0,0,1
"1231441","Tokyo","School","JuniorHighSchool","ZoneC","AHP","OHUFCU",76498.4730084966,0,0,0,0,2
"1231442","Tokyo","School","JuniorHighSchool","ZoneC","AHP","OHUFCU",95998.2951167635,1,0,0,0,2
"1233409","Tokyo","School","HighSchool","ZoneC","EHP","MUL",3316508.18001242,0,0,0,0,1
"1233410","Tokyo","School","HighSchool","ZoneC","EHP","MUL",4161901.78053135,1,0,0,0,1
"1233425","Tokyo","School","HighSchool","ZoneC","EHP","MUL",1708504.21394579,0,0,0,0,2
"1233426","Tokyo","School","HighSchool","ZoneC","EHP","MUL",2144010.00815252,1,0,0,0,2
"1233473","Tokyo","School","HighSchool","ZoneC","GHP","MUL",314155.445758698,0,0,0,0,1
"1233474","Tokyo","School","HighSchool","ZoneC","GHP","MUL",394235.152787064,1,0,0,0,1
"1233489","Tokyo","School","HighSchool","ZoneC","GHP","MUL",161837.653875692,0,0,0,0,2
"1233490","Tokyo","School","HighSchool","ZoneC","GHP","MUL",203090.836284245,1,0,0,0,2
"1233537","Tokyo","School","HighSchool","ZoneC","ABCH","CAV",508414.851487876,0,0,0,0,1
"1233538","Tokyo","School","HighSchool","ZoneC","ABCH","CAV",638012.198615487,1,0,0,0,1
"1233553","Tokyo","School","HighSchool","ZoneC","ABCH","CAV",270717.250512906,0,0,0,0,2
"1233554","Tokyo","School","HighSchool","ZoneC","ABCH","CAV",339724.356394018,1,0,0,0,2
"1233601","Tokyo","School","HighSchool","ZoneC","ABCH","VAV",36241.62342705,0,0,0,0,1
"1233602","Tokyo","School","HighSchool","ZoneC","ABCH","VAV",45479.7844249011,1,0,0,0,1
"1233665","Tokyo","School","HighSchool","ZoneC","ABCH","FCU",223702.534654665,0,0,0,0,1
"1233666","Tokyo","School","HighSchool","ZoneC","ABCH","FCU",280725.367390814,1,0,0,0,1
"1233681","Tokyo","School","HighSchool","ZoneC","ABCH","FCU",119115.590225678,0,0,0,0,2
"1233682","Tokyo","School","HighSchool","ZoneC","ABCH","FCU",149478.716813368,1,0,0,0,2
"1233857","Tokyo","School","HighSchool","ZoneC","ABCH","OHUFCU",345722.099011756,0,0,0,0,1
"1233858","Tokyo","School","HighSchool","ZoneC","ABCH","OHUFCU",433848.295058532,1,0,0,0,1
"1233873","Tokyo","School","HighSchool","ZoneC","ABCH","OHUFCU",184087.730348776,0,0,0,0,2
"1233874","Tokyo","School","HighSchool","ZoneC","ABCH","OHUFCU",231012.562347933,1,0,0,0,2
"1233921","Tokyo","School","HighSchool","ZoneC","AHP","CAV",192632.013695773,0,0,0,0,1
"1233922","Tokyo","School","HighSchool","ZoneC","AHP","CAV",241734.823878763,1,0,0,0,1
"1233937","Tokyo","School","HighSchool","ZoneC","AHP","CAV",99234.6737220648,0,0,0,0,2
"1233938","Tokyo","School","HighSchool","ZoneC","AHP","CAV",124530.06078603,1,0,0,0,2
"1234049","Tokyo","School","HighSchool","ZoneC","AHP","FCU",84758.0860261401,0,0,0,0,1
"1234050","Tokyo","School","HighSchool","ZoneC","AHP","FCU",106363.322506656,1,0,0,0,1
"1234065","Tokyo","School","HighSchool","ZoneC","AHP","FCU",43663.2564377084,0,0,0,0,2
"1234066","Tokyo","School","HighSchool","ZoneC","AHP","FCU",54793.2267458529,1,0,0,0,2
"1234241","Tokyo","School","HighSchool","ZoneC","AHP","OHUFCU",130989.769313126,0,0,0,0,1
"1234242","Tokyo","School","HighSchool","ZoneC","AHP","OHUFCU",164379.680237559,1,0,0,0,1
"1234257","Tokyo","School","HighSchool","ZoneC","AHP","OHUFCU",67479.5781310042,0,0,0,0,2
"1234258","Tokyo","School","HighSchool","ZoneC","AHP","OHUFCU",84680.4413345001,1,0,0,0,2
"1236225","Nigata","School","ElementarySchool","ZoneC","EHP","MUL",1637333.3747568,0,0,0,0,1
"1236226","Nigata","School","ElementarySchool","ZoneC","EHP","MUL",2054697.38588077,1,0,0,0,1
"1236241","Nigata","School","ElementarySchool","ZoneC","EHP","MUL",843474.768814105,0,0,0,0,2
"1236242","Nigata","School","ElementarySchool","ZoneC","EHP","MUL",1058480.47151434,1,0,0,0,2
"1236289","Nigata","School","ElementarySchool","ZoneC","GHP","MUL",65045.7725635704,0,0,0,0,1
"1236290","Nigata","School","ElementarySchool","ZoneC","GHP","MUL",81626.2472319145,1,0,0,0,1
"1236305","Nigata","School","ElementarySchool","ZoneC","GHP","MUL",33508.4282903241,0,0,0,0,2
"1236306","Nigata","School","ElementarySchool","ZoneC","GHP","MUL",42049.884937653,1,0,0,0,2
"1236353","Nigata","School","ElementarySchool","ZoneC","ABCH","CAV",103395.009345946,0,0,0,0,1
"1236354","Nigata","School","ElementarySchool","ZoneC","ABCH","CAV",129750.885611666,1,0,0,0,1
"1236369","Nigata","School","ElementarySchool","ZoneC","ABCH","CAV",53264.095723669,0,0,0,0,2
"1236370","Nigata","School","ElementarySchool","ZoneC","ABCH","CAV",66841.3653151009,1,0,0,0,2
"1236481","Nigata","School","ElementarySchool","ZoneC","ABCH","FCU",45493.804112216,0,0,0,0,1
"1236482","Nigata","School","ElementarySchool","ZoneC","ABCH","FCU",57090.3896691331,1,0,0,0,1
"1236498","Nigata","School","ElementarySchool","ZoneC","ABCH","FCU",52846.4028570587,1,0,0,0,2
"1236673","Nigata","School","ElementarySchool","ZoneC","ABCH","OHUFCU",70308.6063552433,0,0,0,0,1
"1236674","Nigata","School","ElementarySchool","ZoneC","ABCH","OHUFCU",88230.6022159333,1,0,0,0,1
"1236689","Nigata","School","ElementarySchool","ZoneC","ABCH","OHUFCU",36219.585092095,0,0,0,0,2
"1236690","Nigata","School","ElementarySchool","ZoneC","ABCH","OHUFCU",45452.1284142688,1,0,0,0,2
"1236737","Nigata","School","ElementarySchool","ZoneC","AHP","CAV",47602.1630307758,0,0,0,0,1
"1236738","Nigata","School","ElementarySchool","ZoneC","AHP","CAV",59736.1792348081,1,0,0,0,1
"1236753","Nigata","School","ElementarySchool","ZoneC","AHP","CAV",41197.5083684532,0,0,0,0,2
"1236754","Nigata","School","ElementarySchool","ZoneC","AHP","CAV",51698.9478468523,1,0,0,0,2
"1237057","Nigata","School","ElementarySchool","ZoneC","AHP","OHUFCU",32369.4708609276,0,0,0,0,1
"1237058","Nigata","School","ElementarySchool","ZoneC","AHP","OHUFCU",40620.6018796696,1,0,0,0,1
"1239041","Nigata","School","JuniorHighSchool","ZoneC","EHP","MUL",1023294.97030371,0,0,0,0,1
"1239042","Nigata","School","JuniorHighSchool","ZoneC","EHP","MUL",1284137.69173934,1,0,0,0,1
"1239057","Nigata","School","JuniorHighSchool","ZoneC","EHP","MUL",527151.954398881,0,0,0,0,2
"1239058","Nigata","School","JuniorHighSchool","ZoneC","EHP","MUL",661525.477562692,1,0,0,0,2
"1239105","Nigata","School","JuniorHighSchool","ZoneC","GHP","MUL",40652.082789009,0,0,0,0,1
"1239106","Nigata","School","JuniorHighSchool","ZoneC","GHP","MUL",51014.4907109051,1,0,0,0,1
"1239122","Nigata","School","JuniorHighSchool","ZoneC","GHP","MUL",47222.1742272285,1,0,0,0,2
"1239169","Nigata","School","JuniorHighSchool","ZoneC","ABCH","CAV",64619.4566417651,0,0,0,0,1
"1239170","Nigata","School","JuniorHighSchool","ZoneC","ABCH","CAV",81091.2613679497,1,0,0,0,1
"1239185","Nigata","School","JuniorHighSchool","ZoneC","ABCH","CAV",70572.2793142185,0,0,0,0,2
"1239186","Nigata","School","JuniorHighSchool","ZoneC","ABCH","CAV",88561.4866576035,1,0,0,0,2
"1239297","Nigata","School","JuniorHighSchool","ZoneC","ABCH","FCU",28432.5609223766,0,0,0,0,1
"1239298","Nigata","School","JuniorHighSchool","ZoneC","ABCH","FCU",35680.1550018979,1,0,0,0,1
"1239489","Nigata","School","JuniorHighSchool","ZoneC","ABCH","OHUFCU",43941.2305164003,0,0,0,0,1
"1239490","Nigata","School","JuniorHighSchool","ZoneC","ABCH","OHUFCU",55142.057730206,1,0,0,0,1
"1239553","Nigata","School","JuniorHighSchool","ZoneC","AHP","CAV",49980.3961673385,0,0,0,0,1
"1239554","Nigata","School","JuniorHighSchool","ZoneC","AHP","CAV",62720.6352313985,1,0,0,0,1
"1239569","Nigata","School","JuniorHighSchool","ZoneC","AHP","CAV",25747.4768134773,0,0,0,0,2
"1239570","Nigata","School","JuniorHighSchool","ZoneC","AHP","CAV",32310.6302707205,1,0,0,0,2
"1241857","Nigata","School","HighSchool","ZoneC","EHP","MUL",916171.902764329,0,0,0,0,1
"1241858","Nigata","School","HighSchool","ZoneC","EHP","MUL",1149708.44829135,1,0,0,0,1
"1241873","Nigata","School","HighSchool","ZoneC","EHP","MUL",471967.34384829,0,0,0,0,2
"1241874","Nigata","School","HighSchool","ZoneC","EHP","MUL",592274.049119788,1,0,0,0,2
"1241921","Nigata","School","HighSchool","ZoneC","GHP","MUL",36396.4420044842,0,0,0,0,1
"1241922","Nigata","School","HighSchool","ZoneC","GHP","MUL",45674.0669890045,1,0,0,0,1
"1241938","Nigata","School","HighSchool","ZoneC","GHP","MUL",42278.7470572517,1,0,0,0,2
"1241985","Nigata","School","HighSchool","ZoneC","ABCH","CAV",57854.804592181,0,0,0,0,1
"1241986","Nigata","School","HighSchool","ZoneC","ABCH","CAV",72602.2675582816,1,0,0,0,1
"1242001","Nigata","School","HighSchool","ZoneC","ABCH","CAV",63184.4593182485,0,0,0,0,2
"1242002","Nigata","School","HighSchool","ZoneC","ABCH","CAV",79290.4764484993,1,0,0,0,2
"1242113","Nigata","School","HighSchool","ZoneC","ABCH","FCU",25456.1140205596,0,0,0,0,1
"1242114","Nigata","School","HighSchool","ZoneC","ABCH","FCU",31944.9977256439,1,0,0,0,1
"1242305","Nigata","School","HighSchool","ZoneC","ABCH","OHUFCU",39341.2671226832,0,0,0,0,1
"1242306","Nigata","School","HighSchool","ZoneC","ABCH","OHUFCU",49369.5419396316,1,0,0,0,1
"1242369","Nigata","School","HighSchool","ZoneC","AHP","CAV",44748.2260603264,0,0,0,0,1
"1242370","Nigata","School","HighSchool","ZoneC","AHP","CAV",56154.7602500996,1,0,0,0,1
"1242386","Nigata","School","HighSchool","ZoneC","AHP","CAV",51980.3262811285,1,0,0,0,2
"1244673","Nagoya","School","ElementarySchool","ZoneC","EHP","MUL",3381312.47661547,0,0,0,0,1
"1244674","Nagoya","School","ElementarySchool","ZoneC","EHP","MUL",4243224.9984398,1,0,0,0,1
"1244689","Nagoya","School","ElementarySchool","ZoneC","EHP","MUL",1741888.24552918,0,0,0,0,2
"1244690","Nagoya","School","ElementarySchool","ZoneC","EHP","MUL",2185903.78707505,1,0,0,0,2
"1244737","Nagoya","School","ElementarySchool","ZoneC","GHP","MUL",211032.721794319,0,0,0,0,1
"1244738","Nagoya","School","ElementarySchool","ZoneC","GHP","MUL",264825.959386859,1,0,0,0,1
"1244753","Nagoya","School","ElementarySchool","ZoneC","GHP","MUL",108713.826378891,0,0,0,0,2
"1244754","Nagoya","School","ElementarySchool","ZoneC","GHP","MUL",136425.494229594,1,0,0,0,2
"1244801","Nagoya","School","ElementarySchool","ZoneC","ABCH","CAV",332008.929811151,0,0,0,0,1
"1244802","Nagoya","School","ElementarySchool","ZoneC","ABCH","CAV",416639.574254921,1,0,0,0,1
"1244817","Nagoya","School","ElementarySchool","ZoneC","ABCH","CAV",176775.447251787,0,0,0,0,2
"1244818","Nagoya","School","ElementarySchool","ZoneC","ABCH","CAV",221836.343750158,1,0,0,0,2
"1244866","Nagoya","School","ElementarySchool","ZoneC","ABCH","VAV",53269.9301149883,1,0,0,0,1
"1244929","Nagoya","School","ElementarySchool","ZoneC","ABCH","FCU",146083.929116907,0,0,0,0,1
"1244930","Nagoya","School","ElementarySchool","ZoneC","ABCH","FCU",183321.412672165,1,0,0,0,1
"1244945","Nagoya","School","ElementarySchool","ZoneC","ABCH","FCU",77781.1967907865,0,0,0,0,2
"1244946","Nagoya","School","ElementarySchool","ZoneC","ABCH","FCU",97607.9912500691,1,0,0,0,2
"1245121","Nagoya","School","ElementarySchool","ZoneC","ABCH","OHUFCU",225766.072271583,0,0,0,0,1
"1245122","Nagoya","School","ElementarySchool","ZoneC","ABCH","OHUFCU",283314.910493347,1,0,0,0,1
"1245137","Nagoya","School","ElementarySchool","ZoneC","ABCH","OHUFCU",120207.304131216,0,0,0,0,2
"1245138","Nagoya","School","ElementarySchool","ZoneC","ABCH","OHUFCU",150848.713750107,1,0,0,0,2
"1245185","Nagoya","School","ElementarySchool","ZoneC","AHP","CAV",125413.50305032,0,0,0,0,1
"1245186","Nagoya","School","ElementarySchool","ZoneC","AHP","CAV",157381.997365026,1,0,0,0,1
"1245201","Nagoya","School","ElementarySchool","ZoneC","AHP","CAV",64606.9561168316,0,0,0,0,2
"1245202","Nagoya","School","ElementarySchool","ZoneC","AHP","CAV",81075.5744001652,1,0,0,0,2
"1245313","Nagoya","School","ElementarySchool","ZoneC","AHP","FCU",55181.9413421409,0,0,0,0,1
"1245314","Nagoya","School","ElementarySchool","ZoneC","AHP","FCU",69248.0788406114,1,0,0,0,1
"1245329","Nagoya","School","ElementarySchool","ZoneC","AHP","FCU",28427.0606914059,0,0,0,0,2
"1245330","Nagoya","School","ElementarySchool","ZoneC","AHP","FCU",35673.2527360726,1,0,0,0,2
"1245505","Nagoya","School","ElementarySchool","ZoneC","AHP","OHUFCU",85281.1820742179,0,0,0,0,1
"1245506","Nagoya","School","ElementarySchool","ZoneC","AHP","OHUFCU",107019.758208218,1,0,0,0,1
"1245521","Nagoya","School","ElementarySchool","ZoneC","AHP","OHUFCU",43932.7301594456,0,0,0,0,2
"1245522","Nagoya","School","ElementarySchool","ZoneC","AHP","OHUFCU",55131.3905921124,1,0,0,0,2
"1247489","Nagoya","School","JuniorHighSchool","ZoneC","EHP","MUL",2125135.67342973,0,0,0,0,1
"1247490","Nagoya","School","JuniorHighSchool","ZoneC","EHP","MUL",2666842.79460597,1,0,0,0,1
"1247505","Nagoya","School","JuniorHighSchool","ZoneC","EHP","MUL",1094766.86206986,0,0,0,0,2
"1247506","Nagoya","School","JuniorHighSchool","ZoneC","EHP","MUL",1373828.10631217,1,0,0,0,2
"1247553","Nagoya","School","JuniorHighSchool","ZoneC","GHP","MUL",132632.866216192,0,0,0,0,1
"1247554","Nagoya","School","JuniorHighSchool","ZoneC","GHP","MUL",166441.610302338,1,0,0,0,1
"1247569","Nagoya","School","JuniorHighSchool","ZoneC","GHP","MUL",68326.0219901593,0,0,0,0,2
"1247570","Nagoya","School","JuniorHighSchool","ZoneC","GHP","MUL",85742.6477315078,1,0,0,0,2
"1247617","Nagoya","School","JuniorHighSchool","ZoneC","ABCH","CAV",215669.294574717,0,0,0,0,1
"1247618","Nagoya","School","JuniorHighSchool","ZoneC","ABCH","CAV",270644.416469702,1,0,0,0,1
"1247633","Nagoya","School","JuniorHighSchool","ZoneC","ABCH","CAV",111102.363871824,0,0,0,0,2
"1247634","Nagoya","School","JuniorHighSchool","ZoneC","ABCH","CAV",139422.881211666,1,0,0,0,2
"1247745","Nagoya","School","JuniorHighSchool","ZoneC","ABCH","FCU",94894.4896128756,0,0,0,0,1
"1247746","Nagoya","School","JuniorHighSchool","ZoneC","ABCH","FCU",119083.543246669,1,0,0,0,1
"1247761","Nagoya","School","JuniorHighSchool","ZoneC","ABCH","FCU",48885.0401036025,0,0,0,0,2
"1247762","Nagoya","School","JuniorHighSchool","ZoneC","ABCH","FCU",61346.0677331326,1,0,0,0,2
"1247937","Nagoya","School","JuniorHighSchool","ZoneC","ABCH","OHUFCU",146655.120310808,0,0,0,0,1
"1247938","Nagoya","School","JuniorHighSchool","ZoneC","ABCH","OHUFCU",184038.203199398,1,0,0,0,1
"1247953","Nagoya","School","JuniorHighSchool","ZoneC","ABCH","OHUFCU",75549.6074328403,0,0,0,0,2
"1247954","Nagoya","School","JuniorHighSchool","ZoneC","ABCH","OHUFCU",94807.5592239324,1,0,0,0,2
"1248001","Nagoya","School","JuniorHighSchool","ZoneC","AHP","CAV",78821.6738633984,0,0,0,0,1
"1248002","Nagoya","School","JuniorHighSchool","ZoneC","AHP","CAV",98913.6908431538,1,0,0,0,1
"1248017","Nagoya","School","JuniorHighSchool","ZoneC","AHP","CAV",51239.7750006651,0,0,0,0,2
"1248018","Nagoya","School","JuniorHighSchool","ZoneC","AHP","CAV",64301.035677981,1,0,0,0,2
"1248129","Nagoya","School","JuniorHighSchool","ZoneC","AHP","FCU",34681.5364998952,0,0,0,0,1
"1248130","Nagoya","School","JuniorHighSchool","ZoneC","AHP","FCU",43522.0239709876,1,0,0,0,1
"1248321","Nagoya","School","JuniorHighSchool","ZoneC","AHP","OHUFCU",53598.738227111,0,0,0,0,1
"1248322","Nagoya","School","JuniorHighSchool","ZoneC","AHP","OHUFCU",67261.3097733446,1,0,0,0,1
"1248337","Nagoya","School","JuniorHighSchool","ZoneC","AHP","OHUFCU",34843.0470004523,0,0,0,0,2
"1248338","Nagoya","School","JuniorHighSchool","ZoneC","AHP","OHUFCU",43724.7042610271,1,0,0,0,2
"1250305","Nagoya","School","HighSchool","ZoneC","EHP","MUL",1683338.54140009,0,0,0,0,1
"1250306","Nagoya","School","HighSchool","ZoneC","EHP","MUL",2112429.48680556,1,0,0,0,1
"1250321","Nagoya","School","HighSchool","ZoneC","EHP","MUL",867174.400115197,0,0,0,0,2
"1250322","Nagoya","School","HighSchool","ZoneC","EHP","MUL",1088221.25077863,1,0,0,0,2
"1250369","Nagoya","School","HighSchool","ZoneC","GHP","MUL",105059.65259044,0,0,0,0,1
"1250370","Nagoya","School","HighSchool","ZoneC","GHP","MUL",131839.854282078,1,0,0,0,1
"1250385","Nagoya","School","HighSchool","ZoneC","GHP","MUL",54121.6392132567,0,0,0,0,2
"1250386","Nagoya","School","HighSchool","ZoneC","GHP","MUL",67917.5006907673,1,0,0,0,2
"1250433","Nagoya","School","HighSchool","ZoneC","ABCH","CAV",170833.533262504,0,0,0,0,1
"1250434","Nagoya","School","HighSchool","ZoneC","ABCH","CAV",214379.807818539,1,0,0,0,1
"1250449","Nagoya","School","HighSchool","ZoneC","ABCH","CAV",88005.1534988653,0,0,0,0,2
"1250450","Nagoya","School","HighSchool","ZoneC","ABCH","CAV",110438.082815611,1,0,0,0,2
"1250561","Nagoya","School","HighSchool","ZoneC","ABCH","FCU",75166.7546355016,0,0,0,0,1
"1250562","Nagoya","School","HighSchool","ZoneC","ABCH","FCU",94327.1154401572,1,0,0,0,1
"1250577","Nagoya","School","HighSchool","ZoneC","ABCH","FCU",38722.2675395007,0,0,0,0,2
"1250578","Nagoya","School","HighSchool","ZoneC","ABCH","FCU",48592.7564388689,1,0,0,0,2
"1250753","Nagoya","School","HighSchool","ZoneC","ABCH","OHUFCU",116166.802618502,0,0,0,0,1
"1250754","Nagoya","School","HighSchool","ZoneC","ABCH","OHUFCU",145778.269316607,1,0,0,0,1
"1250769","Nagoya","School","HighSchool","ZoneC","ABCH","OHUFCU",59843.5043792285,0,0,0,0,2
"1250770","Nagoya","School","HighSchool","ZoneC","ABCH","OHUFCU",75097.8963146157,1,0,0,0,2
"1250817","Nagoya","School","HighSchool","ZoneC","AHP","CAV",62435.3367979515,0,0,0,0,1
"1250818","Nagoya","School","HighSchool","ZoneC","AHP","CAV",78350.3990593189,1,0,0,0,1
"1250833","Nagoya","School","HighSchool","ZoneC","AHP","CAV",68186.9557029748,0,0,0,0,2
"1250834","Nagoya","School","HighSchool","ZoneC","AHP","CAV",85568.1327908442,1,0,0,0,2
"1250945","Nagoya","School","HighSchool","ZoneC","AHP","FCU",27471.5481910986,0,0,0,0,1
"1250946","Nagoya","School","HighSchool","ZoneC","AHP","FCU",34474.1755861003,1,0,0,0,1
"1251137","Nagoya","School","HighSchool","ZoneC","AHP","OHUFCU",42456.029022607,0,0,0,0,1
"1251138","Nagoya","School","HighSchool","ZoneC","AHP","OHUFCU",53278.2713603369,1,0,0,0,1
"1253121","Osaka","School","ElementarySchool","ZoneC","EHP","MUL",3975677.8156324,0,0,0,0,1
"1253122","Osaka","School","ElementarySchool","ZoneC","EHP","MUL",4989096.86984022,1,0,0,0,1
"1253137","Osaka","School","ElementarySchool","ZoneC","EHP","MUL",2048076.45047729,0,0,0,0,2
"1253138","Osaka","School","ElementarySchool","ZoneC","EHP","MUL",2570140.81173588,1,0,0,0,2
"1253185","Osaka","School","ElementarySchool","ZoneC","GHP","MUL",315367.404750963,0,0,0,0,1
"1253186","Osaka","School","ElementarySchool","ZoneC","GHP","MUL",395756.045851111,1,0,0,0,1
"1253201","Osaka","School","ElementarySchool","ZoneC","GHP","MUL",162461.996386859,0,0,0,0,2
"1253202","Osaka","School","ElementarySchool","ZoneC","GHP","MUL",203874.326650573,1,0,0,0,2
"1253249","Osaka","School","ElementarySchool","ZoneC","ABCH","CAV",495451.403469889,0,0,0,0,1
"1253250","Osaka","School","ElementarySchool","ZoneC","ABCH","CAV",621744.30646523,1,0,0,0,1
"1253265","Osaka","School","ElementarySchool","ZoneC","ABCH","CAV",263834.689249495,0,0,0,0,2
"1253266","Osaka","School","ElementarySchool","ZoneC","ABCH","CAV",331087.397754979,1,0,0,0,2
"1253313","Osaka","School","ElementarySchool","ZoneC","ABCH","VAV",35400.3693435264,0,0,0,0,1
"1253314","Osaka","School","ElementarySchool","ZoneC","ABCH","VAV",44424.0907018472,1,0,0,0,1
"1253377","Osaka","School","ElementarySchool","ZoneC","ABCH","FCU",217998.61752675,0,0,0,0,1
"1253378","Osaka","School","ElementarySchool","ZoneC","ABCH","FCU",273567.494844701,1,0,0,0,1
"1253393","Osaka","School","ElementarySchool","ZoneC","ABCH","FCU",116087.263269778,0,0,0,0,2
"1253394","Osaka","School","ElementarySchool","ZoneC","ABCH","FCU",145678.455012191,1,0,0,0,2
"1253569","Osaka","School","ElementarySchool","ZoneC","ABCH","OHUFCU",336906.954359525,0,0,0,0,1
"1253570","Osaka","School","ElementarySchool","ZoneC","ABCH","OHUFCU",422786.128396357,1,0,0,0,1
"1253585","Osaka","School","ElementarySchool","ZoneC","ABCH","OHUFCU",179407.588689657,0,0,0,0,2
"1253586","Osaka","School","ElementarySchool","ZoneC","ABCH","OHUFCU",225139.430473386,1,0,0,0,2
"1253633","Osaka","School","ElementarySchool","ZoneC","AHP","CAV",188458.161564899,0,0,0,0,1
"1253634","Osaka","School","ElementarySchool","ZoneC","AHP","CAV",236497.037124655,1,0,0,0,1
"1253649","Osaka","School","ElementarySchool","ZoneC","AHP","CAV",97084.5074728267,0,0,0,0,2
"1253650","Osaka","School","ElementarySchool","ZoneC","AHP","CAV",121831.807003611,1,0,0,0,2
"1253761","Osaka","School","ElementarySchool","ZoneC","AHP","FCU",82921.5910885555,0,0,0,0,1
"1253762","Osaka","School","ElementarySchool","ZoneC","AHP","FCU",104058.696334848,1,0,0,0,1
"1253777","Osaka","School","ElementarySchool","ZoneC","AHP","FCU",42717.1832880437,0,0,0,0,2
"1253778","Osaka","School","ElementarySchool","ZoneC","AHP","FCU",53605.9950815885,1,0,0,0,2
"1253953","Osaka","School","ElementarySchool","ZoneC","AHP","OHUFCU",128151.549864132,0,0,0,0,1
"1253954","Osaka","School","ElementarySchool","ZoneC","AHP","OHUFCU",160817.985244765,1,0,0,0,1
"1253969","Osaka","School","ElementarySchool","ZoneC","AHP","OHUFCU",66017.4650815222,0,0,0,0,2
"1253970","Osaka","School","ElementarySchool","ZoneC","AHP","OHUFCU",82845.6287624551,1,0,0,0,2
"1255937","Osaka","School","JuniorHighSchool","ZoneC","EHP","MUL",2382662.84385002,0,0,0,0,1
"1255938","Osaka","School","JuniorHighSchool","ZoneC","EHP","MUL",2990014.85718879,1,0,0,0,1
"1255953","Osaka","School","JuniorHighSchool","ZoneC","EHP","MUL",1227432.37410456,0,0,0,0,2
"1255954","Osaka","School","JuniorHighSchool","ZoneC","EHP","MUL",1540310.68400635,1,0,0,0,2
"1256001","Osaka","School","JuniorHighSchool","ZoneC","GHP","MUL",189002.78953867,0,0,0,0,1
"1256002","Osaka","School","JuniorHighSchool","ZoneC","GHP","MUL",237180.493341475,1,0,0,0,1
"1256017","Osaka","School","JuniorHighSchool","ZoneC","GHP","MUL",97365.0733987086,0,0,0,0,2
"1256018","Osaka","School","JuniorHighSchool","ZoneC","GHP","MUL",122183.890509245,1,0,0,0,2
"1256065","Osaka","School","JuniorHighSchool","ZoneC","ABCH","CAV",306936.350372561,0,0,0,0,1
"1256066","Osaka","School","JuniorHighSchool","ZoneC","ABCH","CAV",385175.875887806,1,0,0,0,1
"1256081","Osaka","School","JuniorHighSchool","ZoneC","ABCH","CAV",158118.725949501,0,0,0,0,2
"1256082","Osaka","School","JuniorHighSchool","ZoneC","ABCH","CAV",198423.936063415,1,0,0,0,2
"1256193","Osaka","School","JuniorHighSchool","ZoneC","ABCH","FCU",135051.994163927,0,0,0,0,1
"1256194","Osaka","School","JuniorHighSchool","ZoneC","ABCH","FCU",169477.385390635,1,0,0,0,1
"1256209","Osaka","School","JuniorHighSchool","ZoneC","ABCH","FCU",69572.2394177804,0,0,0,0,2
"1256210","Osaka","School","JuniorHighSchool","ZoneC","ABCH","FCU",87306.5318679028,1,0,0,0,2
"1256385","Osaka","School","JuniorHighSchool","ZoneC","ABCH","OHUFCU",208716.718253342,0,0,0,0,1
"1256386","Osaka","School","JuniorHighSchool","ZoneC","ABCH","OHUFCU",261919.595603708,1,0,0,0,1
"1256401","Osaka","School","JuniorHighSchool","ZoneC","ABCH","OHUFCU",107520.73364566,0,0,0,0,2
"1256402","Osaka","School","JuniorHighSchool","ZoneC","ABCH","OHUFCU",134928.276523122,1,0,0,0,2
"1256449","Osaka","School","JuniorHighSchool","ZoneC","AHP","CAV",112944.831046261,0,0,0,0,1
"1256450","Osaka","School","JuniorHighSchool","ZoneC","AHP","CAV",141735.001971709,1,0,0,0,1
"1256465","Osaka","School","JuniorHighSchool","ZoneC","AHP","CAV",58183.7008420133,0,0,0,0,2
"1256466","Osaka","School","JuniorHighSchool","ZoneC","AHP","CAV",73015.0010157286,1,0,0,0,2
"1256577","Osaka","School","JuniorHighSchool","ZoneC","AHP","FCU",49695.7256603549,0,0,0,0,1
"1256578","Osaka","School","JuniorHighSchool","ZoneC","AHP","FCU",62363.4008675515,1,0,0,0,1
"1256593","Osaka","School","JuniorHighSchool","ZoneC","AHP","FCU",25600.8283704858,0,0,0,0,2
"1256594","Osaka","School","JuniorHighSchool","ZoneC","AHP","FCU",32126.6004469206,1,0,0,0,2
"1256769","Osaka","School","JuniorHighSchool","ZoneC","AHP","OHUFCU",76802.4851114577,0,0,0,0,1
"1256770","Osaka","School","JuniorHighSchool","ZoneC","AHP","OHUFCU",96379.8013407618,1,0,0,0,1
"1256785","Osaka","School","JuniorHighSchool","ZoneC","AHP","OHUFCU",39564.9165725691,0,0,0,0,2
"1256786","Osaka","School","JuniorHighSchool","ZoneC","AHP","OHUFCU",49650.2006906955,1,0,0,0,2
"1258753","Osaka","School","HighSchool","ZoneC","EHP","MUL",2035062.9549126,0,0,0,0,1
"1258754","Osaka","School","HighSchool","ZoneC","EHP","MUL",2553810.11468285,1,0,0,0,1
"1258769","Osaka","School","HighSchool","ZoneC","EHP","MUL",1048365.76465194,0,0,0,0,2
"1258770","Osaka","School","HighSchool","ZoneC","EHP","MUL",1315599.14998814,1,0,0,0,2
"1258817","Osaka","School","HighSchool","ZoneC","GHP","MUL",161429.711449977,0,0,0,0,1
"1258818","Osaka","School","HighSchool","ZoneC","GHP","MUL",202578.907407309,1,0,0,0,1
"1258833","Osaka","School","HighSchool","ZoneC","GHP","MUL",83160.7604439271,0,0,0,0,2
"1258834","Osaka","School","HighSchool","ZoneC","GHP","MUL",104358.831088614,1,0,0,0,2
"1258881","Osaka","School","HighSchool","ZoneC","ABCH","CAV",262158.281341206,0,0,0,0,1
"1258882","Osaka","School","HighSchool","ZoneC","ABCH","CAV",328983.6655524,1,0,0,0,1
"1258897","Osaka","School","HighSchool","ZoneC","ABCH","CAV",135051.235842439,0,0,0,0,2
"1258898","Osaka","School","HighSchool","ZoneC","ABCH","CAV",169476.433769419,1,0,0,0,2
"1259009","Osaka","School","HighSchool","ZoneC","ABCH","FCU",115349.643790131,0,0,0,0,1
"1259010","Osaka","School","HighSchool","ZoneC","ABCH","FCU",144752.812843056,1,0,0,0,1
"1259025","Osaka","School","HighSchool","ZoneC","ABCH","FCU",59422.5437706733,0,0,0,0,2
"1259026","Osaka","School","HighSchool","ZoneC","ABCH","FCU",74569.6308585441,1,0,0,0,2
"1259201","Osaka","School","HighSchool","ZoneC","ABCH","OHUFCU",178267.631312021,0,0,0,0,1
"1259202","Osaka","School","HighSchool","ZoneC","ABCH","OHUFCU",223708.892575632,1,0,0,0,1
"1259217","Osaka","School","HighSchool","ZoneC","ABCH","OHUFCU",91834.8403728588,0,0,0,0,2
"1259218","Osaka","School","HighSchool","ZoneC","ABCH","OHUFCU",115243.974963204,1,0,0,0,2
"1259265","Osaka","School","HighSchool","ZoneC","AHP","CAV",96467.6316686527,0,0,0,0,1
"1259266","Osaka","School","HighSchool","ZoneC","AHP","CAV",121057.686643156,1,0,0,0,1
"1259281","Osaka","School","HighSchool","ZoneC","AHP","CAV",62710.9207312091,0,0,0,0,2
"1259282","Osaka","School","HighSchool","ZoneC","AHP","CAV",78696.2306388772,1,0,0,0,2
"1259393","Osaka","School","HighSchool","ZoneC","AHP","FCU",42445.7579342071,0,0,0,0,1
"1259394","Osaka","School","HighSchool","ZoneC","AHP","FCU",53265.3821229887,1,0,0,0,1
"1259585","Osaka","School","HighSchool","ZoneC","AHP","OHUFCU",65597.9895346839,0,0,0,0,1
"1259586","Osaka","School","HighSchool","ZoneC","AHP","OHUFCU",82319.2269173463,1,0,0,0,1
"1259601","Osaka","School","HighSchool","ZoneC","AHP","OHUFCU",42643.4260972222,0,0,0,0,2
"1259602","Osaka","School","HighSchool","ZoneC","AHP","OHUFCU",53513.4368344366,1,0,0,0,2
"1261569","Hiroshima","School","ElementarySchool","ZoneC","EHP","MUL",926180.177542908,0,0,0,0,1
"1261570","Hiroshima","School","ElementarySchool","ZoneC","EHP","MUL",1162267.8795848,1,0,0,0,1
"1261585","Hiroshima","School","ElementarySchool","ZoneC","EHP","MUL",477123.121764527,0,0,0,0,2
"1261586","Hiroshima","School","ElementarySchool","ZoneC","EHP","MUL",598744.059180048,1,0,0,0,2
"1261633","Hiroshima","School","ElementarySchool","ZoneC","GHP","MUL",43225.4671097817,0,0,0,0,1
"1261634","Hiroshima","School","ElementarySchool","ZoneC","GHP","MUL",54243.8428503517,1,0,0,0,1
"1261650","Hiroshima","School","ElementarySchool","ZoneC","GHP","MUL",50211.4627067354,1,0,0,0,2
"1261697","Hiroshima","School","ElementarySchool","ZoneC","ABCH","CAV",68403.0126515642,0,0,0,0,1
"1261698","Hiroshima","School","ElementarySchool","ZoneC","ABCH","CAV",85839.2636761678,1,0,0,0,1
"1261713","Hiroshima","School","ElementarySchool","ZoneC","ABCH","CAV",44466.8935058147,0,0,0,0,2
"1261714","Hiroshima","School","ElementarySchool","ZoneC","ABCH","CAV",55801.7146985767,1,0,0,0,2
"1261825","Hiroshima","School","ElementarySchool","ZoneC","ABCH","FCU",30097.3255666882,0,0,0,0,1
"1261826","Hiroshima","School","ElementarySchool","ZoneC","ABCH","FCU",37769.2760175138,1,0,0,0,1
"1262017","Hiroshima","School","ElementarySchool","ZoneC","ABCH","OHUFCU",46514.0486030638,0,0,0,0,1
"1262018","Hiroshima","School","ElementarySchool","ZoneC","ABCH","OHUFCU",58370.6992997942,1,0,0,0,1
"1262033","Hiroshima","School","ElementarySchool","ZoneC","ABCH","OHUFCU",30237.4875839541,0,0,0,0,2
"1262034","Hiroshima","School","ElementarySchool","ZoneC","ABCH","OHUFCU",37945.1659950323,1,0,0,0,2
"1262081","Hiroshima","School","ElementarySchool","ZoneC","AHP","CAV",53133.6090528223,0,0,0,0,1
"1262082","Hiroshima","School","ElementarySchool","ZoneC","AHP","CAV",66677.6169755051,1,0,0,0,1
"1262097","Hiroshima","School","ElementarySchool","ZoneC","AHP","CAV",27371.8592090296,0,0,0,0,2
"1262098","Hiroshima","School","ElementarySchool","ZoneC","AHP","CAV",34349.0754116239,1,0,0,0,2
"1264385","Hiroshima","School","JuniorHighSchool","ZoneC","EHP","MUL",588197.318253001,0,0,0,0,1
"1264386","Hiroshima","School","JuniorHighSchool","ZoneC","EHP","MUL",738131.593009296,1,0,0,0,1
"1264401","Hiroshima","School","JuniorHighSchool","ZoneC","EHP","MUL",303010.739706091,0,0,0,0,2
"1264402","Hiroshima","School","JuniorHighSchool","ZoneC","EHP","MUL",380249.608519941,1,0,0,0,2
"1264449","Hiroshima","School","JuniorHighSchool","ZoneC","GHP","MUL",27451.5741652536,0,0,0,0,1
"1264450","Hiroshima","School","JuniorHighSchool","ZoneC","GHP","MUL",34449.1100867206,1,0,0,0,1
"1264466","Hiroshima","School","JuniorHighSchool","ZoneC","GHP","MUL",31888.23128132,1,0,0,0,2
"1264513","Hiroshima","School","JuniorHighSchool","ZoneC","ABCH","CAV",54818.7801388303,0,0,0,0,1
"1264514","Hiroshima","School","JuniorHighSchool","ZoneC","ABCH","CAV",68792.3461311951,1,0,0,0,1
"1264529","Hiroshima","School","JuniorHighSchool","ZoneC","ABCH","CAV",64826.4476577189,0,0,0,0,2
"1264530","Hiroshima","School","JuniorHighSchool","ZoneC","ABCH","CAV",81351.0153715868,1,0,0,0,2
"1264833","Hiroshima","School","JuniorHighSchool","ZoneC","ABCH","OHUFCU",37276.7704944046,0,0,0,0,1
"1264834","Hiroshima","School","JuniorHighSchool","ZoneC","ABCH","OHUFCU",46778.7953692128,1,0,0,0,1
"1264897","Hiroshima","School","JuniorHighSchool","ZoneC","AHP","CAV",33744.024231749,0,0,0,0,1
"1264898","Hiroshima","School","JuniorHighSchool","ZoneC","AHP","CAV",42345.5353973778,1,0,0,0,1
"1267201","Hiroshima","School","HighSchool","ZoneC","EHP","MUL",523634.016084982,0,0,0,0,1
"1267202","Hiroshima","School","HighSchool","ZoneC","EHP","MUL",657110.800155694,1,0,0,0,1
"1267217","Hiroshima","School","HighSchool","ZoneC","EHP","MUL",269750.856771051,0,0,0,0,2
"1267218","Hiroshima","School","HighSchool","ZoneC","EHP","MUL",338511.624322631,1,0,0,0,2
"1267266","Hiroshima","School","HighSchool","ZoneC","GHP","MUL",55106.1742164008,1,0,0,0,1
"1267282","Hiroshima","School","HighSchool","ZoneC","GHP","MUL",28388.0291417822,1,0,0,0,2
"1267329","Hiroshima","School","HighSchool","ZoneC","ABCH","CAV",48801.6131835346,0,0,0,0,1
"1267330","Hiroshima","School","HighSchool","ZoneC","ABCH","CAV",61241.3748970745,1,0,0,0,1
"1267345","Hiroshima","School","HighSchool","ZoneC","ABCH","CAV",57710.792079697,0,0,0,0,2
"1267346","Hiroshima","School","HighSchool","ZoneC","ABCH","CAV",72421.5455761264,1,0,0,0,2
"1267649","Hiroshima","School","HighSchool","ZoneC","ABCH","OHUFCU",33185.0969648036,0,0,0,0,1
"1267650","Hiroshima","School","HighSchool","ZoneC","ABCH","OHUFCU",41644.1349300107,1,0,0,0,1
"1267713","Hiroshima","School","HighSchool","ZoneC","AHP","CAV",30040.1215357794,0,0,0,0,1
"1267714","Hiroshima","School","HighSchool","ZoneC","AHP","CAV",37697.4904089248,1,0,0,0,1
"1270017","Matsuyama","School","ElementarySchool","ZoneC","EHP","MUL",1939462.27007256,0,0,0,0,1
"1270018","Matsuyama","School","ElementarySchool","ZoneC","EHP","MUL",2433840.36370992,1,0,0,0,1
"1270033","Matsuyama","School","ElementarySchool","ZoneC","EHP","MUL",999116.927007073,0,0,0,0,2
"1270034","Matsuyama","School","ElementarySchool","ZoneC","EHP","MUL",1253796.55100208,1,0,0,0,2
"1270081","Matsuyama","School","ElementarySchool","ZoneC","GHP","MUL",90236.5421808105,0,0,0,0,1
"1270082","Matsuyama","School","ElementarySchool","ZoneC","GHP","MUL",113238.263012486,1,0,0,0,1
"1270097","Matsuyama","School","ElementarySchool","ZoneC","GHP","MUL",46485.491426478,0,0,0,0,2
"1270098","Matsuyama","School","ElementarySchool","ZoneC","GHP","MUL",58334.862764008,1,0,0,0,2
"1270145","Matsuyama","School","ElementarySchool","ZoneC","ABCH","CAV",142288.749905321,0,0,0,0,1
"1270146","Matsuyama","School","ElementarySchool","ZoneC","ABCH","CAV",178558.824353123,1,0,0,0,1
"1270161","Matsuyama","School","ElementarySchool","ZoneC","ABCH","CAV",73300.2651027409,0,0,0,0,2
"1270162","Matsuyama","School","ElementarySchool","ZoneC","ABCH","CAV",91984.8489091849,1,0,0,0,2
"1270273","Matsuyama","School","ElementarySchool","ZoneC","ABCH","FCU",62607.0499583411,0,0,0,0,1
"1270274","Matsuyama","School","ElementarySchool","ZoneC","ABCH","FCU",78565.8827153742,1,0,0,0,1
"1270289","Matsuyama","School","ElementarySchool","ZoneC","ABCH","FCU",32252.116645206,0,0,0,0,2
"1270290","Matsuyama","School","ElementarySchool","ZoneC","ABCH","FCU",40473.3335200413,1,0,0,0,2
"1270465","Matsuyama","School","ElementarySchool","ZoneC","ABCH","OHUFCU",96756.3499356182,0,0,0,0,1
"1270466","Matsuyama","School","ElementarySchool","ZoneC","ABCH","OHUFCU",121420.000560124,1,0,0,0,1
"1270481","Matsuyama","School","ElementarySchool","ZoneC","ABCH","OHUFCU",49844.1802698638,0,0,0,0,2
"1270482","Matsuyama","School","ElementarySchool","ZoneC","ABCH","OHUFCU",62549.6972582458,1,0,0,0,2
"1270529","Matsuyama","School","ElementarySchool","ZoneC","AHP","CAV",52180.0077058838,0,0,0,0,1
"1270530","Matsuyama","School","ElementarySchool","ZoneC","AHP","CAV",65480.9381409228,1,0,0,0,1
"1270545","Matsuyama","School","ElementarySchool","ZoneC","AHP","CAV",56986.8932642441,0,0,0,0,2
"1270546","Matsuyama","School","ElementarySchool","ZoneC","AHP","CAV",71513.1215332989,1,0,0,0,2
"1270658","Matsuyama","School","ElementarySchool","ZoneC","AHP","FCU",51770.8161725948,1,0,0,0,1
"1270849","Matsuyama","School","ElementarySchool","ZoneC","AHP","OHUFCU",35482.4052400011,0,0,0,0,1
"1270850","Matsuyama","School","ElementarySchool","ZoneC","AHP","OHUFCU",44527.0379358275,1,0,0,0,1
"1272833","Matsuyama","School","JuniorHighSchool","ZoneC","EHP","MUL",1216936.58013116,0,0,0,0,1
"1272834","Matsuyama","School","JuniorHighSchool","ZoneC","EHP","MUL",1527139.46257254,1,0,0,0,1
"1272849","Matsuyama","School","JuniorHighSchool","ZoneC","EHP","MUL",626906.723097867,0,0,0,0,2
"1272850","Matsuyama","School","JuniorHighSchool","ZoneC","EHP","MUL",786708.207991914,1,0,0,0,2
"1272897","Matsuyama","School","JuniorHighSchool","ZoneC","GHP","MUL",56619.8944619161,0,0,0,0,1
"1272898","Matsuyama","School","JuniorHighSchool","ZoneC","GHP","MUL",71052.5730027486,1,0,0,0,1
"1272913","Matsuyama","School","JuniorHighSchool","ZoneC","GHP","MUL",29167.8244197749,0,0,0,0,2
"1272914","Matsuyama","School","JuniorHighSchool","ZoneC","GHP","MUL",36602.8406377797,1,0,0,0,2
"1272961","Matsuyama","School","JuniorHighSchool","ZoneC","ABCH","CAV",89280.6152369442,0,0,0,0,1
"1272962","Matsuyama","School","JuniorHighSchool","ZoneC","ABCH","CAV",112038.665775334,1,0,0,0,1
"1272977","Matsuyama","School","JuniorHighSchool","ZoneC","ABCH","CAV",58038.8415068446,0,0,0,0,2
"1272978","Matsuyama","School","JuniorHighSchool","ZoneC","ABCH","CAV",72833.2163517865,1,0,0,0,2
"1273089","Matsuyama","School","JuniorHighSchool","ZoneC","ABCH","FCU",39283.4707042554,0,0,0,0,1
"1273090","Matsuyama","School","JuniorHighSchool","ZoneC","ABCH","FCU",49297.0129411469,1,0,0,0,1
"1273281","Matsuyama","School","JuniorHighSchool","ZoneC","ABCH","OHUFCU",60710.8183611221,0,0,0,0,1
"1273282","Matsuyama","School","JuniorHighSchool","ZoneC","ABCH","OHUFCU",76186.2927272271,1,0,0,0,1
"1273297","Matsuyama","School","JuniorHighSchool","ZoneC","ABCH","OHUFCU",39466.4122246544,0,0,0,0,2
"1273298","Matsuyama","School","JuniorHighSchool","ZoneC","ABCH","OHUFCU",49526.5871192148,1,0,0,0,2
"1273345","Matsuyama","School","JuniorHighSchool","ZoneC","AHP","CAV",69410.7297421429,0,0,0,0,1
"1273346","Matsuyama","School","JuniorHighSchool","ZoneC","AHP","CAV",87103.8526130586,1,0,0,0,1
"1273361","Matsuyama","School","JuniorHighSchool","ZoneC","AHP","CAV",35757.0425944372,0,0,0,0,2
"1273362","Matsuyama","School","JuniorHighSchool","ZoneC","AHP","CAV",44871.6816491515,1,0,0,0,2
"1275649","Matsuyama","School","HighSchool","ZoneC","EHP","MUL",1096417.72415592,0,0,0,0,1
"1275650","Matsuyama","School","HighSchool","ZoneC","EHP","MUL",1375899.78094176,1,0,0,0,1
"1275665","Matsuyama","School","HighSchool","ZoneC","EHP","MUL",564821.251837896,0,0,0,0,2
"1275666","Matsuyama","School","HighSchool","ZoneC","EHP","MUL",708796.856848787,1,0,0,0,2
"1275713","Matsuyama","School","HighSchool","ZoneC","GHP","MUL",51012.5645341285,0,0,0,0,1
"1275714","Matsuyama","School","HighSchool","ZoneC","GHP","MUL",64015.9081903018,1,0,0,0,1
"1275729","Matsuyama","School","HighSchool","ZoneC","GHP","MUL",26279.1999115207,0,0,0,0,2
"1275730","Matsuyama","School","HighSchool","ZoneC","GHP","MUL",32977.8920980343,1,0,0,0,2
"1275777","Matsuyama","School","HighSchool","ZoneC","ABCH","CAV",80438.7431256118,0,0,0,0,1
"1275778","Matsuyama","School","HighSchool","ZoneC","ABCH","CAV",100942.958698487,1,0,0,0,1
"1275793","Matsuyama","School","HighSchool","ZoneC","ABCH","CAV",52290.9866927678,0,0,0,0,2
"1275794","Matsuyama","School","HighSchool","ZoneC","ABCH","CAV",65620.2061957698,1,0,0,0,2
"1275905","Matsuyama","School","HighSchool","ZoneC","ABCH","FCU",35393.0469752692,0,0,0,0,1
"1275906","Matsuyama","School","HighSchool","ZoneC","ABCH","FCU",44414.9018273342,1,0,0,0,1
"1276097","Matsuyama","School","HighSchool","ZoneC","ABCH","OHUFCU",54698.345325416,0,0,0,0,1
"1276098","Matsuyama","School","HighSchool","ZoneC","ABCH","OHUFCU",68641.2119149712,1,0,0,0,1
"1276113","Matsuyama","School","HighSchool","ZoneC","ABCH","OHUFCU",35557.870951082,0,0,0,0,2
"1276114","Matsuyama","School","HighSchool","ZoneC","ABCH","OHUFCU",44621.7402131234,1,0,0,0,2
"1276161","Matsuyama","School","HighSchool","ZoneC","AHP","CAV",62536.6642587733,0,0,0,0,1
"1276162","Matsuyama","School","HighSchool","ZoneC","AHP","CAV",78477.5553685216,1,0,0,0,1
"1276177","Matsuyama","School","HighSchool","ZoneC","AHP","CAV",32215.8573454286,0,0,0,0,2
"1276178","Matsuyama","School","HighSchool","ZoneC","AHP","CAV",40427.831553481,1,0,0,0,2
"1278465","Fukuoka","School","ElementarySchool","ZoneC","EHP","MUL",2949896.48224172,0,0,0,0,1
"1278466","Fukuoka","School","ElementarySchool","ZoneC","EHP","MUL",3701839.02931878,1,0,0,0,1
"1278481","Fukuoka","School","ElementarySchool","ZoneC","EHP","MUL",1519643.64236694,0,0,0,0,2
"1278482","Fukuoka","School","ElementarySchool","ZoneC","EHP","MUL",1907007.98480059,1,0,0,0,2
"1278529","Fukuoka","School","ElementarySchool","ZoneC","GHP","MUL",162610.59652775,0,0,0,0,1
"1278530","Fukuoka","School","ElementarySchool","ZoneC","GHP","MUL",204060.805669285,1,0,0,0,1
"1278545","Fukuoka","School","ElementarySchool","ZoneC","GHP","MUL",83769.0951809622,0,0,0,0,2
"1278546","Fukuoka","School","ElementarySchool","ZoneC","GHP","MUL",105122.233223571,1,0,0,0,2
"1278593","Fukuoka","School","ElementarySchool","ZoneC","ABCH","CAV",255057.717912532,0,0,0,0,1
"1278594","Fukuoka","School","ElementarySchool","ZoneC","ABCH","CAV",320073.134966444,1,0,0,0,1
"1278609","Fukuoka","School","ElementarySchool","ZoneC","ABCH","CAV",131393.369833729,0,0,0,0,2
"1278610","Fukuoka","School","ElementarySchool","ZoneC","ABCH","CAV",164886.160437259,1,0,0,0,2
"1278721","Fukuoka","School","ElementarySchool","ZoneC","ABCH","FCU",112225.395881514,0,0,0,0,1
"1278722","Fukuoka","School","ElementarySchool","ZoneC","ABCH","FCU",140832.179385235,1,0,0,0,1
"1278737","Fukuoka","School","ElementarySchool","ZoneC","ABCH","FCU",57813.0827268406,0,0,0,0,2
"1278738","Fukuoka","School","ElementarySchool","ZoneC","ABCH","FCU",72549.9105923941,1,0,0,0,2
"1278913","Fukuoka","School","ElementarySchool","ZoneC","ABCH","OHUFCU",173439.248180522,0,0,0,0,1
"1278914","Fukuoka","School","ElementarySchool","ZoneC","ABCH","OHUFCU",217649.731777182,1,0,0,0,1
"1278929","Fukuoka","School","ElementarySchool","ZoneC","ABCH","OHUFCU",89347.4914869354,0,0,0,0,2
"1278930","Fukuoka","School","ElementarySchool","ZoneC","ABCH","OHUFCU",112122.589097336,1,0,0,0,2
"1278977","Fukuoka","School","ElementarySchool","ZoneC","AHP","CAV",94031.5479494939,0,0,0,0,1
"1278978","Fukuoka","School","ElementarySchool","ZoneC","AHP","CAV",118000.63367721,1,0,0,0,1
"1278993","Fukuoka","School","ElementarySchool","ZoneC","AHP","CAV",61127.2905501398,0,0,0,0,2
"1278994","Fukuoka","School","ElementarySchool","ZoneC","AHP","CAV",76708.9256444205,1,0,0,0,2
"1279105","Fukuoka","School","ElementarySchool","ZoneC","AHP","FCU",41373.8810977773,0,0,0,0,1
"1279106","Fukuoka","School","ElementarySchool","ZoneC","AHP","FCU",51920.2788179726,1,0,0,0,1
"1279297","Fukuoka","School","ElementarySchool","ZoneC","AHP","OHUFCU",63941.4526056559,0,0,0,0,1
"1279298","Fukuoka","School","ElementarySchool","ZoneC","AHP","OHUFCU",80240.4309005032,1,0,0,0,1
"1279313","Fukuoka","School","ElementarySchool","ZoneC","AHP","OHUFCU",41566.5575740951,0,0,0,0,2
"1279314","Fukuoka","School","ElementarySchool","ZoneC","AHP","OHUFCU",52162.0694382059,1,0,0,0,2
"1281281","Fukuoka","School","JuniorHighSchool","ZoneC","EHP","MUL",1914472.89303931,0,0,0,0,1
"1281282","Fukuoka","School","JuniorHighSchool","ZoneC","EHP","MUL",2402481.07643427,1,0,0,0,1
"1281297","Fukuoka","School","JuniorHighSchool","ZoneC","EHP","MUL",986243.611565702,0,0,0,0,2
"1281298","Fukuoka","School","JuniorHighSchool","ZoneC","EHP","MUL",1237641.76664796,1,0,0,0,2
"1281345","Fukuoka","School","JuniorHighSchool","ZoneC","GHP","MUL",105533.730097794,0,0,0,0,1
"1281346","Fukuoka","School","JuniorHighSchool","ZoneC","GHP","MUL",132434.776385349,1,0,0,0,1
"1281361","Fukuoka","School","JuniorHighSchool","ZoneC","GHP","MUL",54365.8609594696,0,0,0,0,2
"1281362","Fukuoka","School","JuniorHighSchool","ZoneC","GHP","MUL",68223.9757136645,1,0,0,0,2
"1281409","Fukuoka","School","JuniorHighSchool","ZoneC","ABCH","CAV",165531.600869239,0,0,0,0,1
"1281410","Fukuoka","School","JuniorHighSchool","ZoneC","ABCH","CAV",207726.387814702,1,0,0,0,1
"1281425","Fukuoka","School","JuniorHighSchool","ZoneC","ABCH","CAV",85273.8549932443,0,0,0,0,2
"1281426","Fukuoka","School","JuniorHighSchool","ZoneC","ABCH","CAV",107010.563419695,1,0,0,0,2
"1281537","Fukuoka","School","JuniorHighSchool","ZoneC","ABCH","FCU",72833.9043824652,0,0,0,0,1
"1281538","Fukuoka","School","JuniorHighSchool","ZoneC","ABCH","FCU",91399.6106384688,1,0,0,0,1
"1281553","Fukuoka","School","JuniorHighSchool","ZoneC","ABCH","FCU",37520.4961970274,0,0,0,0,2
"1281554","Fukuoka","School","JuniorHighSchool","ZoneC","ABCH","FCU",47084.6479046659,1,0,0,0,2
"1281729","Fukuoka","School","JuniorHighSchool","ZoneC","ABCH","OHUFCU",112561.488591082,0,0,0,0,1
"1281730","Fukuoka","School","JuniorHighSchool","ZoneC","ABCH","OHUFCU",141253.943713997,1,0,0,0,1
"1281745","Fukuoka","School","JuniorHighSchool","ZoneC","ABCH","OHUFCU",57986.2213954062,0,0,0,0,2
"1281746","Fukuoka","School","JuniorHighSchool","ZoneC","ABCH","OHUFCU",72767.1831253928,1,0,0,0,2
"1281793","Fukuoka","School","JuniorHighSchool","ZoneC","AHP","CAV",61026.1582816724,0,0,0,0,1
"1281794","Fukuoka","School","JuniorHighSchool","ZoneC","AHP","CAV",76582.0142830249,1,0,0,0,1
"1281809","Fukuoka","School","JuniorHighSchool","ZoneC","AHP","CAV",66647.9619536808,0,0,0,0,2
"1281810","Fukuoka","School","JuniorHighSchool","ZoneC","AHP","CAV",83636.8422654614,1,0,0,0,2
"1281921","Fukuoka","School","JuniorHighSchool","ZoneC","AHP","FCU",26851.5096439358,0,0,0,0,1
"1281922","Fukuoka","School","JuniorHighSchool","ZoneC","AHP","FCU",33696.086284531,1,0,0,0,1
"1282113","Fukuoka","School","JuniorHighSchool","ZoneC","AHP","OHUFCU",41497.7876315372,0,0,0,0,1
"1282114","Fukuoka","School","JuniorHighSchool","ZoneC","AHP","OHUFCU",52075.769712457,1,0,0,0,1
"1284097","Fukuoka","School","HighSchool","ZoneC","EHP","MUL",1763288.03551893,0,0,0,0,1
"1284098","Fukuoka","School","HighSchool","ZoneC","EHP","MUL",2212758.48461449,1,0,0,0,1
"1284113","Fukuoka","School","HighSchool","ZoneC","EHP","MUL",908360.503146111,0,0,0,0,2
"1284114","Fukuoka","School","HighSchool","ZoneC","EHP","MUL",1139905.88601353,1,0,0,0,2
"1284161","Fukuoka","School","HighSchool","ZoneC","GHP","MUL",97199.7902408029,0,0,0,0,1
"1284162","Fukuoka","School","HighSchool","ZoneC","GHP","MUL",121976.475893678,1,0,0,0,1
"1284177","Fukuoka","School","HighSchool","ZoneC","GHP","MUL",50072.619214959,0,0,0,0,2
"1284178","Fukuoka","School","HighSchool","ZoneC","GHP","MUL",62836.3663694706,1,0,0,0,2
"1284225","Fukuoka","School","HighSchool","ZoneC","ABCH","CAV",152459.662591331,0,0,0,0,1
"1284226","Fukuoka","School","HighSchool","ZoneC","ABCH","CAV",191322.350724821,1,0,0,0,1
"1284241","Fukuoka","School","HighSchool","ZoneC","ABCH","CAV",78539.8261834131,0,0,0,0,2
"1284242","Fukuoka","School","HighSchool","ZoneC","ABCH","CAV",98559.998858241,1,0,0,0,2
"1284353","Fukuoka","School","HighSchool","ZoneC","ABCH","FCU",67082.2515401859,0,0,0,0,1
"1284354","Fukuoka","School","HighSchool","ZoneC","ABCH","FCU",84181.834318921,1,0,0,0,1
"1284369","Fukuoka","School","HighSchool","ZoneC","ABCH","FCU",34557.5235207017,0,0,0,0,2
"1284370","Fukuoka","School","HighSchool","ZoneC","ABCH","FCU",43366.399497626,1,0,0,0,2
"1284545","Fukuoka","School","HighSchool","ZoneC","ABCH","OHUFCU",103672.570562105,0,0,0,0,1
"1284546","Fukuoka","School","HighSchool","ZoneC","ABCH","OHUFCU",130099.198492878,1,0,0,0,1
"1284561","Fukuoka","School","HighSchool","ZoneC","ABCH","OHUFCU",53407.0818047209,0,0,0,0,2
"1284562","Fukuoka","School","HighSchool","ZoneC","ABCH","OHUFCU",67020.799223604,1,0,0,0,2
"1284609","Fukuoka","School","HighSchool","ZoneC","AHP","CAV",56206.9565690883,0,0,0,0,1
"1284610","Fukuoka","School","HighSchool","ZoneC","AHP","CAV",70534.3752905384,1,0,0,0,1
"1284625","Fukuoka","School","HighSchool","ZoneC","AHP","CAV",61384.8095378768,0,0,0,0,2
"1284626","Fukuoka","School","HighSchool","ZoneC","AHP","CAV",77032.0874385155,1,0,0,0,2
"1284738","Fukuoka","School","HighSchool","ZoneC","AHP","FCU",55766.1860182357,1,0,0,0,1
"1284929","Fukuoka","School","HighSchool","ZoneC","AHP","OHUFCU",38220.73046698,0,0,0,0,1
"1284930","Fukuoka","School","HighSchool","ZoneC","AHP","OHUFCU",47963.3751975661,1,0,0,0,1
"1286913","Naha","School","ElementarySchool","ZoneC","EHP","MUL",300305.7694179,0,0,0,0,1
"1286914","Naha","School","ElementarySchool","ZoneC","EHP","MUL",376855.128528438,1,0,0,0,1
"1286929","Naha","School","ElementarySchool","ZoneC","EHP","MUL",154702.972124372,0,0,0,0,2
"1286930","Naha","School","ElementarySchool","ZoneC","EHP","MUL",194137.490454044,1,0,0,0,2
"1286977","Naha","School","ElementarySchool","ZoneC","GHP","MUL",27564.9079154072,0,0,0,0,1
"1286978","Naha","School","ElementarySchool","ZoneC","GHP","MUL",34591.3331451172,1,0,0,0,1
"1286994","Naha","School","ElementarySchool","ZoneC","GHP","MUL",32019.881758452,1,0,0,0,2
"1287041","Naha","School","ElementarySchool","ZoneC","ABCH","CAV",62527.6841491867,0,0,0,0,1
"1287042","Naha","School","ElementarySchool","ZoneC","ABCH","CAV",78466.2861865841,1,0,0,0,1
"1287057","Naha","School","ElementarySchool","ZoneC","ABCH","CAV",43735.4259105196,0,0,0,0,2
"1287058","Naha","School","ElementarySchool","ZoneC","ABCH","CAV",54883.7925581741,1,0,0,0,2
"1287361","Naha","School","ElementarySchool","ZoneC","ABCH","OHUFCU",42518.8252214472,0,0,0,0,1
"1287362","Naha","School","ElementarySchool","ZoneC","ABCH","OHUFCU",53357.0746068775,1,0,0,0,1
"1287377","Naha","School","ElementarySchool","ZoneC","ABCH","OHUFCU",29740.0896191534,0,0,0,0,2
"1287378","Naha","School","ElementarySchool","ZoneC","ABCH","OHUFCU",37320.9789395585,1,0,0,0,2
"1287425","Naha","School","ElementarySchool","ZoneC","AHP","CAV",37582.4325399083,0,0,0,0,1
"1287426","Naha","School","ElementarySchool","ZoneC","AHP","CAV",47162.3721139016,1,0,0,0,1
"1289729","Naha","School","JuniorHighSchool","ZoneC","EHP","MUL",206041.224968693,0,0,0,0,1
"1289730","Naha","School","JuniorHighSchool","ZoneC","EHP","MUL",258562.106443184,1,0,0,0,1
"1289745","Naha","School","JuniorHighSchool","ZoneC","EHP","MUL",106142.449226296,0,0,0,0,2
"1289746","Naha","School","JuniorHighSchool","ZoneC","EHP","MUL",133198.660894974,1,0,0,0,2
"1289794","Naha","School","JuniorHighSchool","ZoneC","GHP","MUL",42645.6943280971,1,0,0,0,1
"1289810","Naha","School","JuniorHighSchool","ZoneC","GHP","MUL",21968.9940478076,1,0,0,0,2
"1289857","Naha","School","JuniorHighSchool","ZoneC","ABCH","CAV",42900.5432080986,0,0,0,0,1
"1289858","Naha","School","JuniorHighSchool","ZoneC","ABCH","CAV",53836.0943113607,1,0,0,0,1
"1289873","Naha","School","JuniorHighSchool","ZoneC","ABCH","CAV",50411.9026893316,0,0,0,0,2
"1289874","Naha","School","JuniorHighSchool","ZoneC","ABCH","CAV",63262.1348040569,1,0,0,0,2
"1290177","Naha","School","JuniorHighSchool","ZoneC","ABCH","OHUFCU",29172.3693815072,0,0,0,0,1
"1290178","Naha","School","JuniorHighSchool","ZoneC","ABCH","OHUFCU",36608.5441317254,1,0,0,0,1
"1290241","Naha","School","JuniorHighSchool","ZoneC","AHP","CAV",25785.4867485087,0,0,0,0,1
"1290242","Naha","School","JuniorHighSchool","ZoneC","AHP","CAV",32358.3291177301,1,0,0,0,1
"1292545","Naha","School","HighSchool","ZoneC","EHP","MUL",195381.561381752,0,0,0,0,1
"1292546","Naha","School","HighSchool","ZoneC","EHP","MUL",245185.244257309,1,0,0,0,1
"1292561","Naha","School","HighSchool","ZoneC","EHP","MUL",100651.107378478,0,0,0,0,2
"1292562","Naha","School","HighSchool","ZoneC","EHP","MUL",126307.550071947,1,0,0,0,2
"1292610","Naha","School","HighSchool","ZoneC","GHP","MUL",40439.3943265412,1,0,0,0,1
"1292626","Naha","School","HighSchool","ZoneC","GHP","MUL",20832.4152591273,1,0,0,0,2
"1292673","Naha","School","HighSchool","ZoneC","ABCH","CAV",68344.178196511,0,0,0,0,1
"1292674","Naha","School","HighSchool","ZoneC","ABCH","CAV",85765.4320406185,1,0,0,0,1
"1292689","Naha","School","HighSchool","ZoneC","ABCH","CAV",47803.8133444565,0,0,0,0,2
"1292690","Naha","School","HighSchool","ZoneC","ABCH","CAV",59989.231165936,1,0,0,0,2
"1293058","Naha","School","HighSchool","ZoneC","AHP","CAV",55135.7114595149,1,0,0,0,1
