,Area,Building,Cluster,Zoning,Plant,HVAC,TFA,HEX,VWV,NaturalVentilation,CO2control,Insulation,Lighting,HSCOP,NoBuilding
1,Sapporo,Restaurant,UrbanBar,ZoneC,EHP,MUL,0.671442652,0,0,0,0,3,1,1,1
2,Sapporo,Restaurant,UrbanBar,ZoneC,EHP,MUL,458.6997724,1,0,0,0,3,1,1,2
3,Sapporo,Restaurant,UrbanBar,ZoneC,EHP,MUL,1.21E-15,0,0,0,1,3,1,1,3
4,Sapporo,Restaurant,UrbanBar,ZoneC,EHP,MUL,0.031513713,1,0,1,0,3,1,1,4
5,Sapporo,Restaurant,UrbanBar,ZoneC,EHP,MUL,33717.17296,1,0,0,1,3,1,1,5
6,Sapporo,Restaurant,UrbanBar,ZoneC,EHP,MUL,4.62E-05,1,0,1,1,3,1,1,6
7,Sendai,Restaurant,UrbanBar,ZoneC,EHP,MUL,387.9299282,0,0,0,0,3,1,1,7
8,Sendai,Restaurant,UrbanBar,ZoneC,EHP,MUL,25808.52446,1,0,0,0,3,1,1,8
9,Sendai,Restaurant,UrbanBar,ZoneC,EHP,MUL,1.08E-09,0,0,0,1,3,1,1,9
10,Sendai,Restaurant,UrbanBar,ZoneC,EHP,MUL,18.27685178,1,0,1,0,3,1,1,10
11,Sendai,Restaurant,UrbanBar,ZoneC,EHP,MUL,22233.72806,1,0,0,1,3,1,1,11
12,Sendai,Restaurant,UrbanBar,ZoneC,EHP,MUL,0.027420289,1,0,1,1,3,1,1,12
13,Tokyo,Restaurant,UrbanBar,ZoneC,EHP,MUL,46754.79378,0,0,0,0,1,1,1,13
14,Tokyo,Restaurant,UrbanBar,ZoneC,EHP,MUL,134427.0728,1,0,0,0,1,1,1,14
15,Tokyo,Restaurant,UrbanBar,ZoneC,EHP,MUL,0.001362681,0,0,0,1,1,1,1,15
16,Tokyo,Restaurant,UrbanBar,ZoneC,EHP,MUL,1940.633547,1,0,1,0,1,1,1,16
17,Tokyo,Restaurant,UrbanBar,ZoneC,EHP,MUL,426.0873027,1,0,0,1,1,1,1,17
18,Tokyo,Restaurant,UrbanBar,ZoneC,EHP,MUL,3.564046741,1,0,1,1,1,1,1,18
19,Nigata,Restaurant,UrbanBar,ZoneC,EHP,MUL,1837.247655,0,0,0,0,1,1,1,19
20,Nigata,Restaurant,UrbanBar,ZoneC,EHP,MUL,23418.41388,1,0,0,0,1,1,1,20
21,Nigata,Restaurant,UrbanBar,ZoneC,EHP,MUL,1.12E-06,0,0,0,1,1,1,1,21
22,Nigata,Restaurant,UrbanBar,ZoneC,EHP,MUL,87.9848118,1,0,1,0,1,1,1,22
23,Nigata,Restaurant,UrbanBar,ZoneC,EHP,MUL,810.2211396,1,0,0,1,1,1,1,23
24,Nigata,Restaurant,UrbanBar,ZoneC,EHP,MUL,0.137641343,1,0,1,1,1,1,1,24
25,Nagoya,Restaurant,UrbanBar,ZoneC,EHP,MUL,11312.15991,0,0,0,0,1,1,1,25
26,Nagoya,Restaurant,UrbanBar,ZoneC,EHP,MUL,59380.52256,1,0,0,0,1,1,1,26
27,Nagoya,Restaurant,UrbanBar,ZoneC,EHP,MUL,0.000100511,0,0,0,1,1,1,1,27
28,Nagoya,Restaurant,UrbanBar,ZoneC,EHP,MUL,526.2062843,1,0,1,0,1,1,1,28
29,Nagoya,Restaurant,UrbanBar,ZoneC,EHP,MUL,417.6511821,1,0,0,1,1,1,1,29
30,Nagoya,Restaurant,UrbanBar,ZoneC,EHP,MUL,0.852650904,1,0,1,1,1,1,1,30
31,Osaka,Restaurant,UrbanBar,ZoneC,EHP,MUL,25738.95047,0,0,0,0,1,1,1,31
32,Osaka,Restaurant,UrbanBar,ZoneC,EHP,MUL,68968.34482,1,0,0,0,1,1,1,32
33,Osaka,Restaurant,UrbanBar,ZoneC,EHP,MUL,0.001184735,0,0,0,1,1,1,1,33
34,Osaka,Restaurant,UrbanBar,ZoneC,EHP,MUL,1120.985473,1,0,1,0,1,1,1,34
35,Osaka,Restaurant,UrbanBar,ZoneC,EHP,MUL,165.2583982,1,0,0,1,1,1,1,35
36,Osaka,Restaurant,UrbanBar,ZoneC,EHP,MUL,1.937167194,1,0,1,1,1,1,1,36
37,Hiroshima,Restaurant,UrbanBar,ZoneC,EHP,MUL,7365.220356,0,0,0,0,1,1,1,37
38,Hiroshima,Restaurant,UrbanBar,ZoneC,EHP,MUL,23280.59121,1,0,0,0,1,1,1,38
39,Hiroshima,Restaurant,UrbanBar,ZoneC,EHP,MUL,0.000388885,0,0,0,1,1,1,1,39
40,Hiroshima,Restaurant,UrbanBar,ZoneC,EHP,MUL,355.4432895,1,0,1,0,1,1,1,40
41,Hiroshima,Restaurant,UrbanBar,ZoneC,EHP,MUL,55.00108954,1,0,0,1,1,1,1,41
42,Hiroshima,Restaurant,UrbanBar,ZoneC,EHP,MUL,0.567401046,1,0,1,1,1,1,1,42
43,Matsuyama,Restaurant,UrbanBar,ZoneC,EHP,MUL,5600.604366,0,0,0,0,1,1,1,43
44,Matsuyama,Restaurant,UrbanBar,ZoneC,EHP,MUL,12470.31179,1,0,0,0,1,1,1,44
45,Matsuyama,Restaurant,UrbanBar,ZoneC,EHP,MUL,0.00076823,0,0,0,1,1,1,1,45
46,Matsuyama,Restaurant,UrbanBar,ZoneC,EHP,MUL,267.0710362,1,0,1,0,1,1,1,46
47,Matsuyama,Restaurant,UrbanBar,ZoneC,EHP,MUL,15.68400568,1,0,0,1,1,1,1,47
48,Matsuyama,Restaurant,UrbanBar,ZoneC,EHP,MUL,0.420897743,1,0,1,1,1,1,1,48
49,Fukuoka,Restaurant,UrbanBar,ZoneC,EHP,MUL,29374.62322,0,0,0,0,1,1,1,49
50,Fukuoka,Restaurant,UrbanBar,ZoneC,EHP,MUL,43945.77082,1,0,0,0,1,1,1,50
51,Fukuoka,Restaurant,UrbanBar,ZoneC,EHP,MUL,0.015131155,0,0,0,1,1,1,1,51
52,Fukuoka,Restaurant,UrbanBar,ZoneC,EHP,MUL,1401.885223,1,0,1,0,1,1,1,52
53,Fukuoka,Restaurant,UrbanBar,ZoneC,EHP,MUL,25.79394627,1,0,0,1,1,1,1,53
54,Fukuoka,Restaurant,UrbanBar,ZoneC,EHP,MUL,2.27441932,1,0,1,1,1,1,1,54
55,Naha,Restaurant,UrbanBar,ZoneC,EHP,MUL,10424.05622,0,0,0,0,1,1,1,55
56,Naha,Restaurant,UrbanBar,ZoneC,EHP,MUL,4863.702716,1,0,0,0,1,1,1,56
57,Naha,Restaurant,UrbanBar,ZoneC,EHP,MUL,0.231983978,0,0,0,1,1,1,1,57
58,Naha,Restaurant,UrbanBar,ZoneC,EHP,MUL,501.1924058,1,0,1,0,1,1,1,58
59,Naha,Restaurant,UrbanBar,ZoneC,EHP,MUL,0.300278169,1,0,0,1,1,1,1,59
60,Naha,Restaurant,UrbanBar,ZoneC,EHP,MUL,0.846410754,1,0,1,1,1,1,1,60
61,Sapporo,Restaurant,UrbanCafe,ZoneC,EHP,MUL,0.141815011,0,0,0,0,3,1,1,61
62,Sapporo,Restaurant,UrbanCafe,ZoneC,EHP,MUL,96.88171127,1,0,0,0,3,1,1,62
63,Sapporo,Restaurant,UrbanCafe,ZoneC,EHP,MUL,2.56E-16,0,0,0,1,3,1,1,63
64,Sapporo,Restaurant,UrbanCafe,ZoneC,EHP,MUL,0.006655993,1,0,1,0,3,1,1,64
65,Sapporo,Restaurant,UrbanCafe,ZoneC,EHP,MUL,7121.384424,1,0,0,1,3,1,1,65
66,Sapporo,Restaurant,UrbanCafe,ZoneC,EHP,MUL,9.77E-06,1,0,1,1,3,1,1,66
67,Sendai,Restaurant,UrbanCafe,ZoneC,EHP,MUL,56.67602384,0,0,0,0,3,1,1,67
68,Sendai,Restaurant,UrbanCafe,ZoneC,EHP,MUL,3770.589586,1,0,0,0,3,1,1,68
69,Sendai,Restaurant,UrbanCafe,ZoneC,EHP,MUL,1.58E-10,0,0,0,1,3,1,1,69
70,Sendai,Restaurant,UrbanCafe,ZoneC,EHP,MUL,2.670222665,1,0,1,0,3,1,1,70
71,Sendai,Restaurant,UrbanCafe,ZoneC,EHP,MUL,3248.316796,1,0,0,1,3,1,1,71
72,Sendai,Restaurant,UrbanCafe,ZoneC,EHP,MUL,0.004006066,1,0,1,1,3,1,1,72
73,Tokyo,Restaurant,UrbanCafe,ZoneC,EHP,MUL,11102.31836,0,0,0,0,1,1,1,73
74,Tokyo,Restaurant,UrbanCafe,ZoneC,EHP,MUL,31920.83716,1,0,0,0,1,1,1,74
75,Tokyo,Restaurant,UrbanCafe,ZoneC,EHP,MUL,0.00032358,0,0,0,1,1,1,1,75
76,Tokyo,Restaurant,UrbanCafe,ZoneC,EHP,MUL,460.8197303,1,0,1,0,1,1,1,76
77,Tokyo,Restaurant,UrbanCafe,ZoneC,EHP,MUL,101.1780076,1,0,0,1,1,1,1,77
78,Tokyo,Restaurant,UrbanCafe,ZoneC,EHP,MUL,0.846312824,1,0,1,1,1,1,1,78
79,Nigata,Restaurant,UrbanCafe,ZoneC,EHP,MUL,538.8085984,0,0,0,0,1,1,1,79
80,Nigata,Restaurant,UrbanCafe,ZoneC,EHP,MUL,6867.905222,1,0,0,0,1,1,1,80
81,Nigata,Restaurant,UrbanCafe,ZoneC,EHP,MUL,3.29E-07,0,0,0,1,1,1,1,81
82,Nigata,Restaurant,UrbanCafe,ZoneC,EHP,MUL,25.80325686,1,0,1,0,1,1,1,82
83,Nigata,Restaurant,UrbanCafe,ZoneC,EHP,MUL,237.6131033,1,0,0,1,1,1,1,83
84,Nigata,Restaurant,UrbanCafe,ZoneC,EHP,MUL,0.040366,1,0,1,1,1,1,1,84
85,Nagoya,Restaurant,UrbanCafe,ZoneC,EHP,MUL,5971.702179,0,0,0,0,1,1,1,85
86,Nagoya,Restaurant,UrbanCafe,ZoneC,EHP,MUL,31347.04592,1,0,0,0,1,1,1,86
87,Nagoya,Restaurant,UrbanCafe,ZoneC,EHP,MUL,5.31E-05,0,0,0,1,1,1,1,87
88,Nagoya,Restaurant,UrbanCafe,ZoneC,EHP,MUL,277.7849004,1,0,1,0,1,1,1,88
89,Nagoya,Restaurant,UrbanCafe,ZoneC,EHP,MUL,220.4785377,1,0,0,1,1,1,1,89
90,Nagoya,Restaurant,UrbanCafe,ZoneC,EHP,MUL,0.450115389,1,0,1,1,1,1,1,90
91,Osaka,Restaurant,UrbanCafe,ZoneC,EHP,MUL,15449.77595,0,0,0,0,1,1,1,91
92,Osaka,Restaurant,UrbanCafe,ZoneC,EHP,MUL,41398.17108,1,0,0,0,1,1,1,92
93,Osaka,Restaurant,UrbanCafe,ZoneC,EHP,MUL,0.000711136,0,0,0,1,1,1,1,93
94,Osaka,Restaurant,UrbanCafe,ZoneC,EHP,MUL,672.8702641,1,0,1,0,1,1,1,94
95,Osaka,Restaurant,UrbanCafe,ZoneC,EHP,MUL,99.19616687,1,0,0,1,1,1,1,95
96,Osaka,Restaurant,UrbanCafe,ZoneC,EHP,MUL,1.16278242,1,0,1,1,1,1,1,96
97,Hiroshima,Restaurant,UrbanCafe,ZoneC,EHP,MUL,2843.037492,0,0,0,0,1,1,1,97
98,Hiroshima,Restaurant,UrbanCafe,ZoneC,EHP,MUL,8986.505552,1,0,0,0,1,1,1,98
99,Hiroshima,Restaurant,UrbanCafe,ZoneC,EHP,MUL,0.000150113,0,0,0,1,1,1,1,99
100,Hiroshima,Restaurant,UrbanCafe,ZoneC,EHP,MUL,137.2041228,1,0,1,0,1,1,1,100
101,Hiroshima,Restaurant,UrbanCafe,ZoneC,EHP,MUL,21.2308868,1,0,0,1,1,1,1,101
102,Hiroshima,Restaurant,UrbanCafe,ZoneC,EHP,MUL,0.219021614,1,0,1,1,1,1,1,102
103,Matsuyama,Restaurant,UrbanCafe,ZoneC,EHP,MUL,3075.42473,0,0,0,0,1,1,1,103
104,Matsuyama,Restaurant,UrbanCafe,ZoneC,EHP,MUL,6847.744059,1,0,0,0,1,1,1,104
105,Matsuyama,Restaurant,UrbanCafe,ZoneC,EHP,MUL,0.000421853,0,0,0,1,1,1,1,105
106,Matsuyama,Restaurant,UrbanCafe,ZoneC,EHP,MUL,146.6550422,1,0,1,0,1,1,1,106
107,Matsuyama,Restaurant,UrbanCafe,ZoneC,EHP,MUL,8.612459622,1,0,0,1,1,1,1,107
108,Matsuyama,Restaurant,UrbanCafe,ZoneC,EHP,MUL,0.231124936,1,0,1,1,1,1,1,108
109,Fukuoka,Restaurant,UrbanCafe,ZoneC,EHP,MUL,5338.12164,0,0,0,0,1,1,1,109
110,Fukuoka,Restaurant,UrbanCafe,ZoneC,EHP,MUL,7986.072483,1,0,0,0,1,1,1,110
111,Fukuoka,Restaurant,UrbanCafe,ZoneC,EHP,MUL,0.002749719,0,0,0,1,1,1,1,111
112,Fukuoka,Restaurant,UrbanCafe,ZoneC,EHP,MUL,254.7584624,1,0,1,0,1,1,1,112
113,Fukuoka,Restaurant,UrbanCafe,ZoneC,EHP,MUL,4.687420897,1,0,0,1,1,1,1,113
114,Fukuoka,Restaurant,UrbanCafe,ZoneC,EHP,MUL,0.413320263,1,0,1,1,1,1,1,114
115,Naha,Restaurant,UrbanCafe,ZoneC,EHP,MUL,1786.959052,0,0,0,0,1,1,1,115
116,Naha,Restaurant,UrbanCafe,ZoneC,EHP,MUL,833.7673368,1,0,0,0,1,1,1,116
117,Naha,Restaurant,UrbanCafe,ZoneC,EHP,MUL,0.039768192,0,0,0,1,1,1,1,117
118,Naha,Restaurant,UrbanCafe,ZoneC,EHP,MUL,85.91763968,1,0,1,0,1,1,1,118
119,Naha,Restaurant,UrbanCafe,ZoneC,EHP,MUL,0.051475623,1,0,0,1,1,1,1,119
120,Naha,Restaurant,UrbanCafe,ZoneC,EHP,MUL,0.145097199,1,0,1,1,1,1,1,120
121,Sapporo,Restaurant,UrbanRestaurant,ZoneC,EHP,MUL,0.370885415,0,0,0,0,3,1,1,121
122,Sapporo,Restaurant,UrbanRestaurant,ZoneC,EHP,MUL,253.3724287,1,0,0,0,3,1,1,122
123,Sapporo,Restaurant,UrbanRestaurant,ZoneC,EHP,MUL,6.68E-16,0,0,0,1,3,1,1,123
124,Sapporo,Restaurant,UrbanRestaurant,ZoneC,EHP,MUL,0.01740726,1,0,1,0,3,1,1,124
125,Sapporo,Restaurant,UrbanRestaurant,ZoneC,EHP,MUL,18624.38683,1,0,0,1,3,1,1,125
126,Sapporo,Restaurant,UrbanRestaurant,ZoneC,EHP,MUL,2.55E-05,1,0,1,1,3,1,1,126
127,Sendai,Restaurant,UrbanRestaurant,ZoneC,EHP,MUL,272.2482219,0,0,0,0,3,1,1,127
128,Sendai,Restaurant,UrbanRestaurant,ZoneC,EHP,MUL,18112.35582,1,0,0,0,3,1,1,128
129,Sendai,Restaurant,UrbanRestaurant,ZoneC,EHP,MUL,7.61E-10,0,0,0,1,3,1,1,129
130,Sendai,Restaurant,UrbanRestaurant,ZoneC,EHP,MUL,12.82664739,1,0,1,0,3,1,1,130
131,Sendai,Restaurant,UrbanRestaurant,ZoneC,EHP,MUL,15603.57294,1,0,0,1,3,1,1,131
132,Sendai,Restaurant,UrbanRestaurant,ZoneC,EHP,MUL,0.019243488,1,0,1,1,3,1,1,132
133,Tokyo,Restaurant,UrbanRestaurant,ZoneC,EHP,MUL,44251.71517,0,0,0,0,1,1,1,133
134,Tokyo,Restaurant,UrbanRestaurant,ZoneC,EHP,MUL,127230.3449,1,0,0,0,1,1,1,134
135,Tokyo,Restaurant,UrbanRestaurant,ZoneC,EHP,MUL,0.001289728,0,0,0,1,1,1,1,135
136,Tokyo,Restaurant,UrbanRestaurant,ZoneC,EHP,MUL,1836.739209,1,0,1,0,1,1,1,136
137,Tokyo,Restaurant,UrbanRestaurant,ZoneC,EHP,MUL,403.2761655,1,0,0,1,1,1,1,137
138,Tokyo,Restaurant,UrbanRestaurant,ZoneC,EHP,MUL,3.37324087,1,0,1,1,1,1,1,138
139,Nigata,Restaurant,UrbanRestaurant,ZoneC,EHP,MUL,1654.180352,0,0,0,0,1,1,1,139
140,Nigata,Restaurant,UrbanRestaurant,ZoneC,EHP,MUL,21084.95282,1,0,0,0,1,1,1,140
141,Nigata,Restaurant,UrbanRestaurant,ZoneC,EHP,MUL,1.01E-06,0,0,0,1,1,1,1,141
142,Nigata,Restaurant,UrbanRestaurant,ZoneC,EHP,MUL,79.21781618,1,0,1,0,1,1,1,142
143,Nigata,Restaurant,UrbanRestaurant,ZoneC,EHP,MUL,729.488965,1,0,0,1,1,1,1,143
144,Nigata,Restaurant,UrbanRestaurant,ZoneC,EHP,MUL,0.123926464,1,0,1,1,1,1,1,144
145,Nagoya,Restaurant,UrbanRestaurant,ZoneC,EHP,MUL,11090.06675,0,0,0,0,1,1,1,145
146,Nagoya,Restaurant,UrbanRestaurant,ZoneC,EHP,MUL,58214.69678,1,0,0,0,1,1,1,146
147,Nagoya,Restaurant,UrbanRestaurant,ZoneC,EHP,MUL,9.85E-05,0,0,0,1,1,1,1,147
148,Nagoya,Restaurant,UrbanRestaurant,ZoneC,EHP,MUL,515.8752056,1,0,1,0,1,1,1,148
149,Nagoya,Restaurant,UrbanRestaurant,ZoneC,EHP,MUL,409.4513802,1,0,0,1,1,1,1,149
150,Nagoya,Restaurant,UrbanRestaurant,ZoneC,EHP,MUL,0.835910694,1,0,1,1,1,1,1,150
151,Osaka,Restaurant,UrbanRestaurant,ZoneC,EHP,MUL,27494.87263,0,0,0,0,1,1,1,151
152,Osaka,Restaurant,UrbanRestaurant,ZoneC,EHP,MUL,73673.39471,1,0,0,0,1,1,1,152
153,Osaka,Restaurant,UrbanRestaurant,ZoneC,EHP,MUL,0.001265558,0,0,0,1,1,1,1,153
154,Osaka,Restaurant,UrbanRestaurant,ZoneC,EHP,MUL,1197.45958,1,0,1,0,1,1,1,154
155,Osaka,Restaurant,UrbanRestaurant,ZoneC,EHP,MUL,176.5323965,1,0,0,1,1,1,1,155
156,Osaka,Restaurant,UrbanRestaurant,ZoneC,EHP,MUL,2.069321566,1,0,1,1,1,1,1,156
157,Hiroshima,Restaurant,UrbanRestaurant,ZoneC,EHP,MUL,7348.062829,0,0,0,0,1,1,1,157
158,Hiroshima,Restaurant,UrbanRestaurant,ZoneC,EHP,MUL,23226.3583,1,0,0,0,1,1,1,158
159,Hiroshima,Restaurant,UrbanRestaurant,ZoneC,EHP,MUL,0.000387979,0,0,0,1,1,1,1,159
160,Hiroshima,Restaurant,UrbanRestaurant,ZoneC,EHP,MUL,354.6152726,1,0,1,0,1,1,1,160
161,Hiroshima,Restaurant,UrbanRestaurant,ZoneC,EHP,MUL,54.87296269,1,0,0,1,1,1,1,161
162,Hiroshima,Restaurant,UrbanRestaurant,ZoneC,EHP,MUL,0.566079267,1,0,1,1,1,1,1,162
163,Matsuyama,Restaurant,UrbanRestaurant,ZoneC,EHP,MUL,4591.504347,0,0,0,0,1,1,1,163
164,Matsuyama,Restaurant,UrbanRestaurant,ZoneC,EHP,MUL,10223.44858,1,0,0,0,1,1,1,164
165,Matsuyama,Restaurant,UrbanRestaurant,ZoneC,EHP,MUL,0.000629813,0,0,0,1,1,1,1,165
166,Matsuyama,Restaurant,UrbanRestaurant,ZoneC,EHP,MUL,218.9509816,1,0,1,0,1,1,1,166
167,Matsuyama,Restaurant,UrbanRestaurant,ZoneC,EHP,MUL,12.8581088,1,0,0,1,1,1,1,167
168,Matsuyama,Restaurant,UrbanRestaurant,ZoneC,EHP,MUL,0.345061656,1,0,1,1,1,1,1,168
169,Fukuoka,Restaurant,UrbanRestaurant,ZoneC,EHP,MUL,19983.37874,0,0,0,0,1,1,1,169
170,Fukuoka,Restaurant,UrbanRestaurant,ZoneC,EHP,MUL,29896.04244,1,0,0,0,1,1,1,170
171,Fukuoka,Restaurant,UrbanRestaurant,ZoneC,EHP,MUL,0.010293634,0,0,0,1,1,1,1,171
172,Fukuoka,Restaurant,UrbanRestaurant,ZoneC,EHP,MUL,953.6940492,1,0,1,0,1,1,1,172
173,Fukuoka,Restaurant,UrbanRestaurant,ZoneC,EHP,MUL,17.54746583,1,0,0,1,1,1,1,173
174,Fukuoka,Restaurant,UrbanRestaurant,ZoneC,EHP,MUL,1.547273725,1,0,1,1,1,1,1,174
175,Naha,Restaurant,UrbanRestaurant,ZoneC,EHP,MUL,4250.969526,0,0,0,0,1,1,1,175
176,Naha,Restaurant,UrbanRestaurant,ZoneC,EHP,MUL,1983.43635,1,0,0,0,1,1,1,176
177,Naha,Restaurant,UrbanRestaurant,ZoneC,EHP,MUL,0.094603943,0,0,0,1,1,1,1,177
178,Naha,Restaurant,UrbanRestaurant,ZoneC,EHP,MUL,204.3881573,1,0,1,0,1,1,1,178
179,Naha,Restaurant,UrbanRestaurant,ZoneC,EHP,MUL,0.122454572,1,0,0,1,1,1,1,179
180,Naha,Restaurant,UrbanRestaurant,ZoneC,EHP,MUL,0.345169504,1,0,1,1,1,1,1,180
181,Sapporo,Restaurant,UrbanChineseRestaurant,ZoneC,EHP,MUL,0.181627986,0,0,0,0,3,1,1,181
182,Sapporo,Restaurant,UrbanChineseRestaurant,ZoneC,EHP,MUL,124.080166,1,0,0,0,3,1,1,182
183,Sapporo,Restaurant,UrbanChineseRestaurant,ZoneC,EHP,MUL,3.27E-16,0,0,0,1,3,1,1,183
184,Sapporo,Restaurant,UrbanChineseRestaurant,ZoneC,EHP,MUL,0.008524588,1,0,1,0,3,1,1,184
185,Sapporo,Restaurant,UrbanChineseRestaurant,ZoneC,EHP,MUL,9120.633296,1,0,0,1,3,1,1,185
186,Sapporo,Restaurant,UrbanChineseRestaurant,ZoneC,EHP,MUL,1.25E-05,1,0,1,1,3,1,1,186
187,Sendai,Restaurant,UrbanChineseRestaurant,ZoneC,EHP,MUL,133.2692818,0,0,0,0,3,1,1,187
188,Sendai,Restaurant,UrbanChineseRestaurant,ZoneC,EHP,MUL,8866.249464,1,0,0,0,3,1,1,188
189,Sendai,Restaurant,UrbanChineseRestaurant,ZoneC,EHP,MUL,3.73E-10,0,0,0,1,3,1,1,189
190,Sendai,Restaurant,UrbanChineseRestaurant,ZoneC,EHP,MUL,6.27882185,1,0,1,0,3,1,1,190
191,Sendai,Restaurant,UrbanChineseRestaurant,ZoneC,EHP,MUL,7638.165434,1,0,0,1,3,1,1,191
192,Sendai,Restaurant,UrbanChineseRestaurant,ZoneC,EHP,MUL,0.009419954,1,0,1,1,3,1,1,192
193,Tokyo,Restaurant,UrbanChineseRestaurant,ZoneC,EHP,MUL,23078.09267,0,0,0,0,1,1,1,193
194,Tokyo,Restaurant,UrbanChineseRestaurant,ZoneC,EHP,MUL,66352.99172,1,0,0,0,1,1,1,194
195,Tokyo,Restaurant,UrbanChineseRestaurant,ZoneC,EHP,MUL,0.000672617,0,0,0,1,1,1,1,195
196,Tokyo,Restaurant,UrbanChineseRestaurant,ZoneC,EHP,MUL,957.8936666,1,0,1,0,1,1,1,196
197,Tokyo,Restaurant,UrbanChineseRestaurant,ZoneC,EHP,MUL,210.3160224,1,0,0,1,1,1,1,197
198,Tokyo,Restaurant,UrbanChineseRestaurant,ZoneC,EHP,MUL,1.759207866,1,0,1,1,1,1,1,198
199,Nigata,Restaurant,UrbanChineseRestaurant,ZoneC,EHP,MUL,640.3171717,0,0,0,0,1,1,1,199
200,Nigata,Restaurant,UrbanChineseRestaurant,ZoneC,EHP,MUL,8161.780751,1,0,0,0,1,1,1,200
201,Nigata,Restaurant,UrbanChineseRestaurant,ZoneC,EHP,MUL,3.90E-07,0,0,0,1,1,1,1,201
202,Nigata,Restaurant,UrbanChineseRestaurant,ZoneC,EHP,MUL,30.66444838,1,0,1,0,1,1,1,202
203,Nigata,Restaurant,UrbanChineseRestaurant,ZoneC,EHP,MUL,282.3781037,1,0,0,1,1,1,1,203
204,Nigata,Restaurant,UrbanChineseRestaurant,ZoneC,EHP,MUL,0.047970732,1,0,1,1,1,1,1,204
205,Nagoya,Restaurant,UrbanChineseRestaurant,ZoneC,EHP,MUL,4628.020943,0,0,0,0,1,1,1,205
206,Nagoya,Restaurant,UrbanChineseRestaurant,ZoneC,EHP,MUL,24293.70733,1,0,0,0,1,1,1,206
207,Nagoya,Restaurant,UrbanChineseRestaurant,ZoneC,EHP,MUL,4.11E-05,0,0,0,1,1,1,1,207
208,Nagoya,Restaurant,UrbanChineseRestaurant,ZoneC,EHP,MUL,215.2810537,1,0,1,0,1,1,1,208
209,Nagoya,Restaurant,UrbanChineseRestaurant,ZoneC,EHP,MUL,170.8690855,1,0,0,1,1,1,1,209
210,Nagoya,Restaurant,UrbanChineseRestaurant,ZoneC,EHP,MUL,0.34883579,1,0,1,1,1,1,1,210
211,Osaka,Restaurant,UrbanChineseRestaurant,ZoneC,EHP,MUL,8216.533559,0,0,0,0,1,1,1,211
212,Osaka,Restaurant,UrbanChineseRestaurant,ZoneC,EHP,MUL,22016.46569,1,0,0,0,1,1,1,212
213,Osaka,Restaurant,UrbanChineseRestaurant,ZoneC,EHP,MUL,0.000378198,0,0,0,1,1,1,1,213
214,Osaka,Restaurant,UrbanChineseRestaurant,ZoneC,EHP,MUL,357.8473322,1,0,1,0,1,1,1,214
215,Osaka,Restaurant,UrbanChineseRestaurant,ZoneC,EHP,MUL,52.75472195,1,0,0,1,1,1,1,215
216,Osaka,Restaurant,UrbanChineseRestaurant,ZoneC,EHP,MUL,0.618393484,1,0,1,1,1,1,1,216
217,Hiroshima,Restaurant,UrbanChineseRestaurant,ZoneC,EHP,MUL,2333.333491,0,0,0,0,1,1,1,217
218,Hiroshima,Restaurant,UrbanChineseRestaurant,ZoneC,EHP,MUL,7375.391441,1,0,0,0,1,1,1,218
219,Hiroshima,Restaurant,UrbanChineseRestaurant,ZoneC,EHP,MUL,0.0001232,0,0,0,1,1,1,1,219
220,Hiroshima,Restaurant,UrbanChineseRestaurant,ZoneC,EHP,MUL,112.6059631,1,0,1,0,1,1,1,220
221,Hiroshima,Restaurant,UrbanChineseRestaurant,ZoneC,EHP,MUL,17.42458176,1,0,0,1,1,1,1,221
222,Hiroshima,Restaurant,UrbanChineseRestaurant,ZoneC,EHP,MUL,0.179755092,1,0,1,1,1,1,1,222
223,Matsuyama,Restaurant,UrbanChineseRestaurant,ZoneC,EHP,MUL,2039.333338,0,0,0,0,1,1,1,223
224,Matsuyama,Restaurant,UrbanChineseRestaurant,ZoneC,EHP,MUL,4540.781835,1,0,0,0,1,1,1,224
225,Matsuyama,Restaurant,UrbanChineseRestaurant,ZoneC,EHP,MUL,0.000279734,0,0,0,1,1,1,1,225
226,Matsuyama,Restaurant,UrbanChineseRestaurant,ZoneC,EHP,MUL,97.24787398,1,0,1,0,1,1,1,226
227,Matsuyama,Restaurant,UrbanChineseRestaurant,ZoneC,EHP,MUL,5.71097574,1,0,0,1,1,1,1,227
228,Matsuyama,Restaurant,UrbanChineseRestaurant,ZoneC,EHP,MUL,0.153260388,1,0,1,1,1,1,1,228
229,Fukuoka,Restaurant,UrbanChineseRestaurant,ZoneC,EHP,MUL,7441.350819,0,0,0,0,1,1,1,229
230,Fukuoka,Restaurant,UrbanChineseRestaurant,ZoneC,EHP,MUL,11132.59889,1,0,0,0,1,1,1,230
231,Fukuoka,Restaurant,UrbanChineseRestaurant,ZoneC,EHP,MUL,0.003833112,0,0,0,1,1,1,1,231
232,Fukuoka,Restaurant,UrbanChineseRestaurant,ZoneC,EHP,MUL,355.1337382,1,0,1,0,1,1,1,232
233,Fukuoka,Restaurant,UrbanChineseRestaurant,ZoneC,EHP,MUL,6.534272854,1,0,0,1,1,1,1,233
234,Fukuoka,Restaurant,UrbanChineseRestaurant,ZoneC,EHP,MUL,0.576169163,1,0,1,1,1,1,1,234
235,Naha,Restaurant,UrbanChineseRestaurant,ZoneC,EHP,MUL,931.4844158,0,0,0,0,1,1,1,235
236,Naha,Restaurant,UrbanChineseRestaurant,ZoneC,EHP,MUL,434.6161597,1,0,0,0,1,1,1,236
237,Naha,Restaurant,UrbanChineseRestaurant,ZoneC,EHP,MUL,0.020729882,0,0,0,1,1,1,1,237
238,Naha,Restaurant,UrbanChineseRestaurant,ZoneC,EHP,MUL,44.78610872,1,0,1,0,1,1,1,238
239,Naha,Restaurant,UrbanChineseRestaurant,ZoneC,EHP,MUL,0.026832591,1,0,0,1,1,1,1,239
240,Naha,Restaurant,UrbanChineseRestaurant,ZoneC,EHP,MUL,0.075634514,1,0,1,1,1,1,1,240
241,Sapporo,Restaurant,UrbanYakiniku,ZoneC,EHP,MUL,0.053902684,0,0,0,0,3,1,1,241
242,Sapporo,Restaurant,UrbanYakiniku,ZoneC,EHP,MUL,36.82391736,1,0,0,0,3,1,1,242
243,Sapporo,Restaurant,UrbanYakiniku,ZoneC,EHP,MUL,9.73E-17,0,0,0,1,3,1,1,243
244,Sapporo,Restaurant,UrbanYakiniku,ZoneC,EHP,MUL,0.002529887,1,0,1,0,3,1,1,244
245,Sapporo,Restaurant,UrbanYakiniku,ZoneC,EHP,MUL,2706.777865,1,0,0,1,3,1,1,245
246,Sapporo,Restaurant,UrbanYakiniku,ZoneC,EHP,MUL,3.71E-06,1,0,1,1,3,1,1,246
247,Sendai,Restaurant,UrbanYakiniku,ZoneC,EHP,MUL,24.48037396,0,0,0,0,3,1,1,247
248,Sendai,Restaurant,UrbanYakiniku,ZoneC,EHP,MUL,1628.650651,1,0,0,0,3,1,1,248
249,Sendai,Restaurant,UrbanYakiniku,ZoneC,EHP,MUL,6.83E-11,0,0,0,1,3,1,1,249
250,Sendai,Restaurant,UrbanYakiniku,ZoneC,EHP,MUL,1.153363363,1,0,1,0,3,1,1,250
251,Sendai,Restaurant,UrbanYakiniku,ZoneC,EHP,MUL,1403.06261,1,0,0,1,3,1,1,251
252,Sendai,Restaurant,UrbanYakiniku,ZoneC,EHP,MUL,0.001730361,1,0,1,1,3,1,1,252
253,Tokyo,Restaurant,UrbanYakiniku,ZoneC,EHP,MUL,3790.677206,0,0,0,0,1,1,1,253
254,Tokyo,Restaurant,UrbanYakiniku,ZoneC,EHP,MUL,10898.76779,1,0,0,0,1,1,1,254
255,Tokyo,Restaurant,UrbanYakiniku,ZoneC,EHP,MUL,0.00011048,0,0,0,1,1,1,1,255
256,Tokyo,Restaurant,UrbanYakiniku,ZoneC,EHP,MUL,157.3382054,1,0,1,0,1,1,1,256
257,Tokyo,Restaurant,UrbanYakiniku,ZoneC,EHP,MUL,34.54532242,1,0,0,1,1,1,1,257
258,Tokyo,Restaurant,UrbanYakiniku,ZoneC,EHP,MUL,0.288957552,1,0,1,1,1,1,1,258
259,Nigata,Restaurant,UrbanYakiniku,ZoneC,EHP,MUL,169.4348433,0,0,0,0,1,1,1,259
260,Nigata,Restaurant,UrbanYakiniku,ZoneC,EHP,MUL,2159.695388,1,0,0,0,1,1,1,260
261,Nigata,Restaurant,UrbanYakiniku,ZoneC,EHP,MUL,1.03E-07,0,0,0,1,1,1,1,261
262,Nigata,Restaurant,UrbanYakiniku,ZoneC,EHP,MUL,8.114144418,1,0,1,0,1,1,1,262
263,Nigata,Restaurant,UrbanYakiniku,ZoneC,EHP,MUL,74.72029775,1,0,0,1,1,1,1,263
264,Nigata,Restaurant,UrbanYakiniku,ZoneC,EHP,MUL,0.012693574,1,0,1,1,1,1,1,264
265,Nagoya,Restaurant,UrbanYakiniku,ZoneC,EHP,MUL,1104.596246,0,0,0,0,1,1,1,265
266,Nagoya,Restaurant,UrbanYakiniku,ZoneC,EHP,MUL,5798.318169,1,0,0,0,1,1,1,266
267,Nagoya,Restaurant,UrbanYakiniku,ZoneC,EHP,MUL,9.81E-06,0,0,0,1,1,1,1,267
268,Nagoya,Restaurant,UrbanYakiniku,ZoneC,EHP,MUL,51.38236119,1,0,1,0,1,1,1,268
269,Nagoya,Restaurant,UrbanYakiniku,ZoneC,EHP,MUL,40.78230257,1,0,0,1,1,1,1,269
270,Nagoya,Restaurant,UrbanYakiniku,ZoneC,EHP,MUL,0.083258635,1,0,1,1,1,1,1,270
271,Osaka,Restaurant,UrbanYakiniku,ZoneC,EHP,MUL,2817.154665,0,0,0,0,1,1,1,271
272,Osaka,Restaurant,UrbanYakiniku,ZoneC,EHP,MUL,7548.65645,1,0,0,0,1,1,1,272
273,Osaka,Restaurant,UrbanYakiniku,ZoneC,EHP,MUL,0.00012967,0,0,0,1,1,1,1,273
274,Osaka,Restaurant,UrbanYakiniku,ZoneC,EHP,MUL,122.6930158,1,0,1,0,1,1,1,274
275,Osaka,Restaurant,UrbanYakiniku,ZoneC,EHP,MUL,18.08770207,1,0,0,1,1,1,1,275
276,Osaka,Restaurant,UrbanYakiniku,ZoneC,EHP,MUL,0.212024947,1,0,1,1,1,1,1,276
277,Hiroshima,Restaurant,UrbanYakiniku,ZoneC,EHP,MUL,821.6127079,0,0,0,0,1,1,1,277
278,Hiroshima,Restaurant,UrbanYakiniku,ZoneC,EHP,MUL,2597.02068,1,0,0,0,1,1,1,278
279,Hiroshima,Restaurant,UrbanYakiniku,ZoneC,EHP,MUL,4.34E-05,0,0,0,1,1,1,1,279
280,Hiroshima,Restaurant,UrbanYakiniku,ZoneC,EHP,MUL,39.65077887,1,0,1,0,1,1,1,280
281,Hiroshima,Restaurant,UrbanYakiniku,ZoneC,EHP,MUL,6.135538645,1,0,0,1,1,1,1,281
282,Hiroshima,Restaurant,UrbanYakiniku,ZoneC,EHP,MUL,0.063295311,1,0,1,1,1,1,1,282
283,Matsuyama,Restaurant,UrbanYakiniku,ZoneC,EHP,MUL,475.6430588,0,0,0,0,1,1,1,283
284,Matsuyama,Restaurant,UrbanYakiniku,ZoneC,EHP,MUL,1059.067353,1,0,0,0,1,1,1,284
285,Matsuyama,Restaurant,UrbanYakiniku,ZoneC,EHP,MUL,6.52E-05,0,0,0,1,1,1,1,285
286,Matsuyama,Restaurant,UrbanYakiniku,ZoneC,EHP,MUL,22.68156725,1,0,1,0,1,1,1,286
287,Matsuyama,Restaurant,UrbanYakiniku,ZoneC,EHP,MUL,1.33199704,1,0,0,1,1,1,1,287
288,Matsuyama,Restaurant,UrbanYakiniku,ZoneC,EHP,MUL,0.035745623,1,0,1,1,1,1,1,288
289,Fukuoka,Restaurant,UrbanYakiniku,ZoneC,EHP,MUL,2155.010373,0,0,0,0,1,1,1,289
290,Fukuoka,Restaurant,UrbanYakiniku,ZoneC,EHP,MUL,3223.993419,1,0,0,0,1,1,1,290
291,Fukuoka,Restaurant,UrbanYakiniku,ZoneC,EHP,MUL,0.001110067,0,0,0,1,1,1,1,291
292,Fukuoka,Restaurant,UrbanYakiniku,ZoneC,EHP,MUL,102.8465003,1,0,1,0,1,1,1,292
293,Fukuoka,Restaurant,UrbanYakiniku,ZoneC,EHP,MUL,1.892321182,1,0,0,1,1,1,1,293
294,Fukuoka,Restaurant,UrbanYakiniku,ZoneC,EHP,MUL,0.166858216,1,0,1,1,1,1,1,294
295,Naha,Restaurant,UrbanYakiniku,ZoneC,EHP,MUL,324.808709,0,0,0,0,1,1,1,295
296,Naha,Restaurant,UrbanYakiniku,ZoneC,EHP,MUL,151.5506984,1,0,0,0,1,1,1,296
297,Naha,Restaurant,UrbanYakiniku,ZoneC,EHP,MUL,0.007228512,0,0,0,1,1,1,1,297
298,Naha,Restaurant,UrbanYakiniku,ZoneC,EHP,MUL,15.6169206,1,0,1,0,1,1,1,298
299,Naha,Restaurant,UrbanYakiniku,ZoneC,EHP,MUL,0.009356527,1,0,0,1,1,1,1,299
300,Naha,Restaurant,UrbanYakiniku,ZoneC,EHP,MUL,0.026373763,1,0,1,1,1,1,1,300
301,Sapporo,Datacenter,CL1,ZoneC,EHP,MUL,73225.94756,1,1,0,0,1,1,1,301
302,Sapporo,Datacenter,CL2,ZoneC,EHP,MUL,119937.77,1,1,0,0,1,1,1,302
303,Sapporo,Datacenter,CL3,ZoneC,EHP,MUL,206610.5861,1,1,0,0,1,1,1,303
304,Sapporo,Datacenter,CL4,ZoneC,EHP,MUL,140999.0517,1,1,0,0,1,1,1,304
305,Sendai,Datacenter,CL1,ZoneC,EHP,MUL,127273.6708,1,1,0,0,1,1,1,305
306,Sendai,Datacenter,CL2,ZoneC,EHP,MUL,236719.283,1,1,0,0,1,1,1,306
307,Sendai,Datacenter,CL3,ZoneC,EHP,MUL,288598.9139,1,1,0,0,1,1,1,307
308,Sendai,Datacenter,CL4,ZoneC,EHP,MUL,82940.61864,1,1,0,0,1,1,1,308
309,Tokyo,Datacenter,CL1,ZoneC,EHP,MUL,68964.11993,1,1,0,0,1,1,1,309
310,Tokyo,Datacenter,CL2,ZoneC,EHP,MUL,329302.8247,1,1,0,0,1,1,1,310
311,Tokyo,Datacenter,CL3,ZoneC,EHP,MUL,1203588.652,1,1,0,0,1,1,1,311
312,Tokyo,Datacenter,CL4,ZoneC,EHP,MUL,356644.6602,1,1,0,0,1,1,1,312
313,Nigata,Datacenter,CL1,ZoneC,EHP,MUL,60440.46466,1,1,0,0,1,1,1,313
314,Nigata,Datacenter,CL2,ZoneC,EHP,MUL,106260.6559,1,1,0,0,1,1,1,314
315,Nigata,Datacenter,CL3,ZoneC,EHP,MUL,150858.5232,1,1,0,0,1,1,1,315
316,Nigata,Datacenter,CL4,ZoneC,EHP,MUL,0,1,1,0,0,1,1,1,316
317,Nagoya,Datacenter,CL1,ZoneC,EHP,MUL,101702.705,1,1,0,0,1,1,1,317
318,Nagoya,Datacenter,CL2,ZoneC,EHP,MUL,286167.3109,1,1,0,0,1,1,1,318
319,Nagoya,Datacenter,CL3,ZoneC,EHP,MUL,596875.0264,1,1,0,0,1,1,1,319
320,Nagoya,Datacenter,CL4,ZoneC,EHP,MUL,248821.8559,1,1,0,0,1,1,1,320
321,Osaka,Datacenter,CL1,ZoneC,EHP,MUL,102477.5827,1,1,0,0,1,1,1,321
322,Osaka,Datacenter,CL2,ZoneC,EHP,MUL,113625.2558,1,1,0,0,1,1,1,322
323,Osaka,Datacenter,CL3,ZoneC,EHP,MUL,823162.8111,1,1,0,0,1,1,1,323
324,Osaka,Datacenter,CL4,ZoneC,EHP,MUL,74646.55678,1,1,0,0,1,1,1,324
325,Hiroshima,Datacenter,CL1,ZoneC,EHP,MUL,108676.6047,1,1,0,0,1,1,1,325
326,Hiroshima,Datacenter,CL2,ZoneC,EHP,MUL,94687.71318,1,1,0,0,1,1,1,326
327,Hiroshima,Datacenter,CL3,ZoneC,EHP,MUL,268921.7152,1,1,0,0,1,1,1,327
328,Hiroshima,Datacenter,CL4,ZoneC,EHP,MUL,124410.928,1,1,0,0,1,1,1,328
329,Matsuyama,Datacenter,CL1,ZoneC,EHP,MUL,68770.40049,1,1,0,0,1,1,1,329
330,Matsuyama,Datacenter,CL2,ZoneC,EHP,MUL,55760.54221,1,1,0,0,1,1,1,330
331,Matsuyama,Datacenter,CL3,ZoneC,EHP,MUL,85267.86091,1,1,0,0,1,1,1,331
332,Matsuyama,Datacenter,CL4,ZoneC,EHP,MUL,33176.24746,1,1,0,0,1,1,1,332
333,Fukuoka,Datacenter,CL1,ZoneC,EHP,MUL,142771.2258,1,1,0,0,1,1,1,333
334,Fukuoka,Datacenter,CL2,ZoneC,EHP,MUL,169385.798,1,1,0,0,1,1,1,334
335,Fukuoka,Datacenter,CL3,ZoneC,EHP,MUL,364028.1754,1,1,0,0,1,1,1,335
336,Fukuoka,Datacenter,CL4,ZoneC,EHP,MUL,0,1,1,0,0,1,1,1,336
337,Naha,Datacenter,CL1,ZoneC,EHP,MUL,6199.022016,1,1,0,0,1,1,1,337
338,Naha,Datacenter,CL2,ZoneC,EHP,MUL,28406.31395,1,1,0,0,1,1,1,338
339,Naha,Datacenter,CL3,ZoneC,EHP,MUL,36074.86423,1,1,0,0,1,1,1,339
340,Naha,Datacenter,CL4,ZoneC,EHP,MUL,8294.061864,1,1,0,0,1,1,1,340
341,Sapporo,Logistics,Logistics,ZoneC,EHP,MUL,3950013.786,1,1,0,0,1,1,1,341
342,Sendai,Logistics,Logistics,ZoneC,EHP,MUL,3950013.786,1,1,0,0,1,1,1,342
343,Tokyo,Logistics,Logistics,ZoneC,EHP,MUL,3950013.786,1,1,0,0,1,1,1,343
344,Nigata,Logistics,Logistics,ZoneC,EHP,MUL,3950013.786,1,1,0,0,1,1,1,344
345,Nagoya,Logistics,Logistics,ZoneC,EHP,MUL,3950013.786,1,1,0,0,1,1,1,345
346,Osaka,Logistics,Logistics,ZoneC,EHP,MUL,3950013.786,1,1,0,0,1,1,1,346
347,Hiroshima,Logistics,Logistics,ZoneC,EHP,MUL,3950013.786,1,1,0,0,1,1,1,347
348,Matsuyama,Logistics,Logistics,ZoneC,EHP,MUL,3950013.786,1,1,0,0,1,1,1,348
349,Fukuoka,Logistics,Logistics,ZoneC,EHP,MUL,3950013.786,1,1,0,0,1,1,1,349
350,Naha,Logistics,Logistics,ZoneC,EHP,MUL,3950013.786,1,1,0,0,1,1,1,350
351,Sapporo,Logistics,Cool,ZoneC,EHP,MUL,0,1,1,0,0,1,1,1,351
352,Sendai,Logistics,Cool,ZoneC,EHP,MUL,0,1,1,0,0,1,1,1,352
353,Tokyo,Logistics,Cool,ZoneC,EHP,MUL,0,1,1,0,0,1,1,1,353
354,Nigata,Logistics,Cool,ZoneC,EHP,MUL,0,1,1,0,0,1,1,1,354
355,Nagoya,Logistics,Cool,ZoneC,EHP,MUL,0,1,1,0,0,1,1,1,355
356,Osaka,Logistics,Cool,ZoneC,EHP,MUL,0,1,1,0,0,1,1,1,356
357,Hiroshima,Logistics,Cool,ZoneC,EHP,MUL,0,1,1,0,0,1,1,1,357
358,Matsuyama,Logistics,Cool,ZoneC,EHP,MUL,0,1,1,0,0,1,1,1,358
359,Fukuoka,Logistics,Cool,ZoneC,EHP,MUL,0,1,1,0,0,1,1,1,359
360,Naha,Logistics,Cool,ZoneC,EHP,MUL,0,1,1,0,0,1,1,1,360
361,Sapporo,Amusement,Patinko,ZoneC,EHP,MUL,86992.50968,1,1,0,0,1,1,1,361
362,Sendai,Amusement,Patinko,ZoneC,EHP,MUL,86992.50968,1,1,0,0,1,1,1,362
363,Tokyo,Amusement,Patinko,ZoneC,EHP,MUL,86992.50968,1,1,0,0,1,1,1,363
364,Nigata,Amusement,Patinko,ZoneC,EHP,MUL,86992.50968,1,1,0,0,1,1,1,364
365,Nagoya,Amusement,Patinko,ZoneC,EHP,MUL,86992.50968,1,1,0,0,1,1,1,365
366,Osaka,Amusement,Patinko,ZoneC,EHP,MUL,86992.50968,1,1,0,0,1,1,1,366
367,Hiroshima,Amusement,Patinko,ZoneC,EHP,MUL,86992.50968,1,1,0,0,1,1,1,367
368,Matsuyama,Amusement,Patinko,ZoneC,EHP,MUL,86992.50968,1,1,0,0,1,1,1,368
369,Fukuoka,Amusement,Patinko,ZoneC,EHP,MUL,86992.50968,1,1,0,0,1,1,1,369
370,Naha,Amusement,Patinko,ZoneC,EHP,MUL,86992.50968,1,1,0,0,1,1,1,370
371,Sapporo,Amusement,Fitness,ZoneC,EHP,MUL,48864.92431,1,1,0,0,1,1,1,371
372,Sendai,Amusement,Fitness,ZoneC,EHP,MUL,48864.92431,1,1,0,0,1,1,1,372
373,Tokyo,Amusement,Fitness,ZoneC,EHP,MUL,48864.92431,1,1,0,0,1,1,1,373
374,Nigata,Amusement,Fitness,ZoneC,EHP,MUL,48864.92431,1,1,0,0,1,1,1,374
375,Nagoya,Amusement,Fitness,ZoneC,EHP,MUL,48864.92431,1,1,0,0,1,1,1,375
376,Osaka,Amusement,Fitness,ZoneC,EHP,MUL,48864.92431,1,1,0,0,1,1,1,376
377,Hiroshima,Amusement,Fitness,ZoneC,EHP,MUL,48864.92431,1,1,0,0,1,1,1,377
378,Matsuyama,Amusement,Fitness,ZoneC,EHP,MUL,48864.92431,1,1,0,0,1,1,1,378
379,Fukuoka,Amusement,Fitness,ZoneC,EHP,MUL,48864.92431,1,1,0,0,1,1,1,379
380,Naha,Amusement,Fitness,ZoneC,EHP,MUL,48864.92431,1,1,0,0,1,1,1,380
381,Sapporo,Amusement,Karaoke,ZoneC,EHP,MUL,56637.41918,1,1,0,0,1,1,1,381
382,Sendai,Amusement,Karaoke,ZoneC,EHP,MUL,56637.41918,1,1,0,0,1,1,1,382
383,Tokyo,Amusement,Karaoke,ZoneC,EHP,MUL,56637.41918,1,1,0,0,1,1,1,383
384,Nigata,Amusement,Karaoke,ZoneC,EHP,MUL,56637.41918,1,1,0,0,1,1,1,384
385,Nagoya,Amusement,Karaoke,ZoneC,EHP,MUL,56637.41918,1,1,0,0,1,1,1,385
386,Osaka,Amusement,Karaoke,ZoneC,EHP,MUL,56637.41918,1,1,0,0,1,1,1,386
387,Hiroshima,Amusement,Karaoke,ZoneC,EHP,MUL,56637.41918,1,1,0,0,1,1,1,387
388,Matsuyama,Amusement,Karaoke,ZoneC,EHP,MUL,56637.41918,1,1,0,0,1,1,1,388
389,Fukuoka,Amusement,Karaoke,ZoneC,EHP,MUL,56637.41918,1,1,0,0,1,1,1,389
390,Naha,Amusement,Karaoke,ZoneC,EHP,MUL,56637.41918,1,1,0,0,1,1,1,390
391,Sapporo,Restaurant,UrbanBar,ZoneC,EHP,MUL,0.357976335,0,0,0,0,3,2,1,391
392,Sapporo,Restaurant,UrbanBar,ZoneC,EHP,MUL,244.5535191,1,0,0,0,3,2,1,392
393,Sapporo,Restaurant,UrbanBar,ZoneC,EHP,MUL,6.46E-16,0,0,0,1,3,2,1,393
394,Sapporo,Restaurant,UrbanBar,ZoneC,EHP,MUL,0.016801381,1,0,1,0,3,2,1,394
395,Sapporo,Restaurant,UrbanBar,ZoneC,EHP,MUL,17976.14431,1,0,0,1,3,2,1,395
396,Sapporo,Restaurant,UrbanBar,ZoneC,EHP,MUL,2.47E-05,1,0,1,1,3,2,1,396
397,Sendai,Restaurant,UrbanBar,ZoneC,EHP,MUL,206.8229261,0,0,0,0,3,2,1,397
398,Sendai,Restaurant,UrbanBar,ZoneC,EHP,MUL,13759.6874,1,0,0,0,3,2,1,398
399,Sendai,Restaurant,UrbanBar,ZoneC,EHP,MUL,5.77E-10,0,0,0,1,3,2,1,399
400,Sendai,Restaurant,UrbanBar,ZoneC,EHP,MUL,9.744213296,1,0,1,0,3,2,1,400
401,Sendai,Restaurant,UrbanBar,ZoneC,EHP,MUL,11853.80235,1,0,0,1,3,2,1,401
402,Sendai,Restaurant,UrbanBar,ZoneC,EHP,MUL,0.014618991,1,0,1,1,3,2,1,402
403,Tokyo,Restaurant,UrbanBar,ZoneC,EHP,MUL,24927.08748,0,0,0,0,1,2,1,403
404,Tokyo,Restaurant,UrbanBar,ZoneC,EHP,MUL,71669.13023,1,0,0,0,1,2,1,404
405,Tokyo,Restaurant,UrbanBar,ZoneC,EHP,MUL,0.000726507,0,0,0,1,1,2,1,405
406,Tokyo,Restaurant,UrbanBar,ZoneC,EHP,MUL,1034.639195,1,0,1,0,1,2,1,406
407,Tokyo,Restaurant,UrbanBar,ZoneC,EHP,MUL,227.1663419,1,0,0,1,1,2,1,407
408,Tokyo,Restaurant,UrbanBar,ZoneC,EHP,MUL,1.900153925,1,0,1,1,1,2,1,408
409,Nigata,Restaurant,UrbanBar,ZoneC,EHP,MUL,979.5195168,0,0,0,0,1,2,1,409
410,Nigata,Restaurant,UrbanBar,ZoneC,EHP,MUL,12485.41174,1,0,0,0,1,2,1,410
411,Nigata,Restaurant,UrbanBar,ZoneC,EHP,MUL,5.97E-07,0,0,0,1,1,2,1,411
412,Nigata,Restaurant,UrbanBar,ZoneC,EHP,MUL,46.90866804,1,0,1,0,1,2,1,412
413,Nigata,Restaurant,UrbanBar,ZoneC,EHP,MUL,431.9654006,1,0,0,1,1,2,1,413
414,Nigata,Restaurant,UrbanBar,ZoneC,EHP,MUL,0.073382803,1,0,1,1,1,2,1,414
415,Nagoya,Restaurant,UrbanBar,ZoneC,EHP,MUL,6031.022209,0,0,0,0,1,2,1,415
416,Nagoya,Restaurant,UrbanBar,ZoneC,EHP,MUL,31658.43245,1,0,0,0,1,2,1,416
417,Nagoya,Restaurant,UrbanBar,ZoneC,EHP,MUL,5.36E-05,0,0,0,1,1,2,1,417
418,Nagoya,Restaurant,UrbanBar,ZoneC,EHP,MUL,280.5442826,1,0,1,0,1,2,1,418
419,Nagoya,Restaurant,UrbanBar,ZoneC,EHP,MUL,222.6686658,1,0,0,1,1,2,1,419
420,Nagoya,Restaurant,UrbanBar,ZoneC,EHP,MUL,0.45458662,1,0,1,1,1,2,1,420
421,Osaka,Restaurant,UrbanBar,ZoneC,EHP,MUL,13722.59437,0,0,0,0,1,2,1,421
422,Osaka,Restaurant,UrbanBar,ZoneC,EHP,MUL,36770.13255,1,0,0,0,1,2,1,422
423,Osaka,Restaurant,UrbanBar,ZoneC,EHP,MUL,0.000631636,0,0,0,1,1,2,1,423
424,Osaka,Restaurant,UrbanBar,ZoneC,EHP,MUL,597.6478706,1,0,1,0,1,2,1,424
425,Osaka,Restaurant,UrbanBar,ZoneC,EHP,MUL,88.10669912,1,0,0,1,1,2,1,425
426,Osaka,Restaurant,UrbanBar,ZoneC,EHP,MUL,1.032791126,1,0,1,1,1,2,1,426
427,Hiroshima,Restaurant,UrbanBar,ZoneC,EHP,MUL,3926.730872,0,0,0,0,1,2,1,427
428,Hiroshima,Restaurant,UrbanBar,ZoneC,EHP,MUL,12411.93227,1,0,0,0,1,2,1,428
429,Hiroshima,Restaurant,UrbanBar,ZoneC,EHP,MUL,0.000207332,0,0,0,1,1,2,1,429
430,Hiroshima,Restaurant,UrbanBar,ZoneC,EHP,MUL,189.502835,1,0,1,0,1,2,1,430
431,Hiroshima,Restaurant,UrbanBar,ZoneC,EHP,MUL,29.32355935,1,0,0,1,1,2,1,431
432,Hiroshima,Restaurant,UrbanBar,ZoneC,EHP,MUL,0.302507067,1,0,1,1,1,2,1,432
433,Matsuyama,Restaurant,UrbanBar,ZoneC,EHP,MUL,2985.934568,0,0,0,0,1,2,1,433
434,Matsuyama,Restaurant,UrbanBar,ZoneC,EHP,MUL,6648.485164,1,0,0,0,1,2,1,434
435,Matsuyama,Restaurant,UrbanBar,ZoneC,EHP,MUL,0.000409578,0,0,0,1,1,2,1,435
436,Matsuyama,Restaurant,UrbanBar,ZoneC,EHP,MUL,142.3876045,1,0,1,0,1,2,1,436
437,Matsuyama,Restaurant,UrbanBar,ZoneC,EHP,MUL,8.3618502,1,0,0,1,1,2,1,437
438,Matsuyama,Restaurant,UrbanBar,ZoneC,EHP,MUL,0.224399554,1,0,1,1,1,2,1,438
439,Fukuoka,Restaurant,UrbanBar,ZoneC,EHP,MUL,15660.93535,0,0,0,0,1,2,1,439
440,Fukuoka,Restaurant,UrbanBar,ZoneC,EHP,MUL,23429.47076,1,0,0,0,1,2,1,440
441,Fukuoka,Restaurant,UrbanBar,ZoneC,EHP,MUL,0.008067101,0,0,0,1,1,2,1,441
442,Fukuoka,Restaurant,UrbanBar,ZoneC,EHP,MUL,747.4081859,1,0,1,0,1,2,1,442
443,Fukuoka,Restaurant,UrbanBar,ZoneC,EHP,MUL,13.75191511,1,0,0,1,1,2,1,443
444,Fukuoka,Restaurant,UrbanBar,ZoneC,EHP,MUL,1.212595432,1,0,1,1,1,2,1,444
445,Naha,Restaurant,UrbanBar,ZoneC,EHP,MUL,5557.534112,0,0,0,0,1,2,1,445
446,Naha,Restaurant,UrbanBar,ZoneC,EHP,MUL,2593.059091,1,0,0,0,1,2,1,446
447,Naha,Restaurant,UrbanBar,ZoneC,EHP,MUL,0.123681113,0,0,0,1,1,2,1,447
448,Naha,Restaurant,UrbanBar,ZoneC,EHP,MUL,267.2082568,1,0,1,0,1,2,1,448
449,Naha,Restaurant,UrbanBar,ZoneC,EHP,MUL,0.160091823,1,0,0,1,1,2,1,449
450,Naha,Restaurant,UrbanBar,ZoneC,EHP,MUL,0.451259715,1,0,1,1,1,2,1,450
451,Sapporo,Restaurant,UrbanCafe,ZoneC,EHP,MUL,0.075607973,0,0,0,0,3,2,1,451
452,Sapporo,Restaurant,UrbanCafe,ZoneC,EHP,MUL,51.65200607,1,0,0,0,3,2,1,452
453,Sapporo,Restaurant,UrbanCafe,ZoneC,EHP,MUL,1.37E-16,0,0,0,1,3,2,1,453
454,Sapporo,Restaurant,UrbanCafe,ZoneC,EHP,MUL,0.00354861,1,0,1,0,3,2,1,454
455,Sapporo,Restaurant,UrbanCafe,ZoneC,EHP,MUL,3796.730948,1,0,0,1,3,2,1,455
456,Sapporo,Restaurant,UrbanCafe,ZoneC,EHP,MUL,5.21E-06,1,0,1,1,3,2,1,456
457,Sendai,Restaurant,UrbanCafe,ZoneC,EHP,MUL,30.21654231,0,0,0,0,3,2,1,457
458,Sendai,Restaurant,UrbanCafe,ZoneC,EHP,MUL,2010.271223,1,0,0,0,3,2,1,458
459,Sendai,Restaurant,UrbanCafe,ZoneC,EHP,MUL,8.44E-11,0,0,0,1,3,2,1,459
460,Sendai,Restaurant,UrbanCafe,ZoneC,EHP,MUL,1.423616031,1,0,1,0,3,2,1,460
461,Sendai,Restaurant,UrbanCafe,ZoneC,EHP,MUL,1731.824063,1,0,0,1,3,2,1,461
462,Sendai,Restaurant,UrbanCafe,ZoneC,EHP,MUL,0.002135814,1,0,1,1,3,2,1,462
463,Tokyo,Restaurant,UrbanCafe,ZoneC,EHP,MUL,5919.146223,0,0,0,0,1,2,1,463
464,Tokyo,Restaurant,UrbanCafe,ZoneC,EHP,MUL,17018.43674,1,0,0,0,1,2,1,464
465,Tokyo,Restaurant,UrbanCafe,ZoneC,EHP,MUL,0.000172515,0,0,0,1,1,2,1,465
466,Tokyo,Restaurant,UrbanCafe,ZoneC,EHP,MUL,245.6837642,1,0,1,0,1,2,1,466
467,Tokyo,Restaurant,UrbanCafe,ZoneC,EHP,MUL,53.94255527,1,0,0,1,1,2,1,467
468,Tokyo,Restaurant,UrbanCafe,ZoneC,EHP,MUL,0.451207504,1,0,1,1,1,2,1,468
469,Nigata,Restaurant,UrbanCafe,ZoneC,EHP,MUL,287.2631442,0,0,0,0,1,2,1,469
470,Nigata,Restaurant,UrbanCafe,ZoneC,EHP,MUL,3661.589763,1,0,0,0,1,2,1,470
471,Nigata,Restaurant,UrbanCafe,ZoneC,EHP,MUL,1.76E-07,0,0,0,1,1,2,1,471
472,Nigata,Restaurant,UrbanCafe,ZoneC,EHP,MUL,13.75687901,1,0,1,0,1,2,1,472
473,Nigata,Restaurant,UrbanCafe,ZoneC,EHP,MUL,126.6822529,1,0,0,1,1,2,1,473
474,Nigata,Restaurant,UrbanCafe,ZoneC,EHP,MUL,0.021520934,1,0,1,1,1,2,1,474
475,Nagoya,Restaurant,UrbanCafe,ZoneC,EHP,MUL,3183.783535,0,0,0,0,1,2,1,475
476,Nagoya,Restaurant,UrbanCafe,ZoneC,EHP,MUL,16712.52277,1,0,0,0,1,2,1,476
477,Nagoya,Restaurant,UrbanCafe,ZoneC,EHP,MUL,2.83E-05,0,0,0,1,1,2,1,477
478,Nagoya,Restaurant,UrbanCafe,ZoneC,EHP,MUL,148.0996483,1,0,1,0,1,2,1,478
479,Nagoya,Restaurant,UrbanCafe,ZoneC,EHP,MUL,117.5470439,1,0,0,1,1,2,1,479
480,Nagoya,Restaurant,UrbanCafe,ZoneC,EHP,MUL,0.239976798,1,0,1,1,1,2,1,480
481,Osaka,Restaurant,UrbanCafe,ZoneC,EHP,MUL,8236.971772,0,0,0,0,1,2,1,481
482,Osaka,Restaurant,UrbanCafe,ZoneC,EHP,MUL,22071.23053,1,0,0,0,1,2,1,482
483,Osaka,Restaurant,UrbanCafe,ZoneC,EHP,MUL,0.000379139,0,0,0,1,1,2,1,483
484,Osaka,Restaurant,UrbanCafe,ZoneC,EHP,MUL,358.7374594,1,0,1,0,1,2,1,484
485,Osaka,Restaurant,UrbanCafe,ZoneC,EHP,MUL,52.88594665,1,0,0,1,1,2,1,485
486,Osaka,Restaurant,UrbanCafe,ZoneC,EHP,MUL,0.619931707,1,0,1,1,1,2,1,486
487,Hiroshima,Restaurant,UrbanCafe,ZoneC,EHP,MUL,1515.751403,0,0,0,0,1,2,1,487
488,Hiroshima,Restaurant,UrbanCafe,ZoneC,EHP,MUL,4791.11107,1,0,0,0,1,2,1,488
489,Hiroshima,Restaurant,UrbanCafe,ZoneC,EHP,MUL,8.00E-05,0,0,0,1,1,2,1,489
490,Hiroshima,Restaurant,UrbanCafe,ZoneC,EHP,MUL,73.14970071,1,0,1,0,1,2,1,490
491,Hiroshima,Restaurant,UrbanCafe,ZoneC,EHP,MUL,11.31914248,1,0,0,1,1,2,1,491
492,Hiroshima,Restaurant,UrbanCafe,ZoneC,EHP,MUL,0.116770292,1,0,1,1,1,2,1,492
493,Matsuyama,Restaurant,UrbanCafe,ZoneC,EHP,MUL,1639.647512,0,0,0,0,1,2,1,493
494,Matsuyama,Restaurant,UrbanCafe,ZoneC,EHP,MUL,3650.840938,1,0,0,0,1,2,1,494
495,Matsuyama,Restaurant,UrbanCafe,ZoneC,EHP,MUL,0.000224909,0,0,0,1,1,2,1,495
496,Matsuyama,Restaurant,UrbanCafe,ZoneC,EHP,MUL,78.18841172,1,0,1,0,1,2,1,496
497,Matsuyama,Restaurant,UrbanCafe,ZoneC,EHP,MUL,4.591690329,1,0,0,1,1,2,1,497
498,Matsuyama,Restaurant,UrbanCafe,ZoneC,EHP,MUL,0.123223119,1,0,1,1,1,2,1,498
499,Fukuoka,Restaurant,UrbanCafe,ZoneC,EHP,MUL,2845.993198,0,0,0,0,1,2,1,499
500,Fukuoka,Restaurant,UrbanCafe,ZoneC,EHP,MUL,4257.735118,1,0,0,0,1,2,1,500
501,Fukuoka,Restaurant,UrbanCafe,ZoneC,EHP,MUL,0.001465999,0,0,0,1,1,2,1,501
502,Fukuoka,Restaurant,UrbanCafe,ZoneC,EHP,MUL,135.8232165,1,0,1,0,1,2,1,502
503,Fukuoka,Restaurant,UrbanCafe,ZoneC,EHP,MUL,2.49907531,1,0,0,1,1,2,1,503
504,Fukuoka,Restaurant,UrbanCafe,ZoneC,EHP,MUL,0.220359658,1,0,1,1,1,2,1,504
505,Naha,Restaurant,UrbanCafe,ZoneC,EHP,MUL,952.7083967,0,0,0,0,1,2,1,505
506,Naha,Restaurant,UrbanCafe,ZoneC,EHP,MUL,444.5189394,1,0,0,0,1,2,1,506
507,Naha,Restaurant,UrbanCafe,ZoneC,EHP,MUL,0.021202215,0,0,0,1,1,2,1,507
508,Naha,Restaurant,UrbanCafe,ZoneC,EHP,MUL,45.80656543,1,0,1,0,1,2,1,508
509,Naha,Restaurant,UrbanCafe,ZoneC,EHP,MUL,0.027443974,1,0,0,1,1,2,1,509
510,Naha,Restaurant,UrbanCafe,ZoneC,EHP,MUL,0.077357855,1,0,1,1,1,2,1,510
511,Sapporo,Restaurant,UrbanRestaurant,ZoneC,EHP,MUL,0.197735728,0,0,0,0,3,2,1,511
512,Sapporo,Restaurant,UrbanRestaurant,ZoneC,EHP,MUL,135.0842595,1,0,0,0,3,2,1,512
513,Sapporo,Restaurant,UrbanRestaurant,ZoneC,EHP,MUL,3.56E-16,0,0,0,1,3,2,1,513
514,Sapporo,Restaurant,UrbanRestaurant,ZoneC,EHP,MUL,0.009280595,1,0,1,0,3,2,1,514
515,Sapporo,Restaurant,UrbanRestaurant,ZoneC,EHP,MUL,9929.49989,1,0,0,1,3,2,1,515
516,Sapporo,Restaurant,UrbanRestaurant,ZoneC,EHP,MUL,1.36E-05,1,0,1,1,3,2,1,516
517,Sendai,Restaurant,UrbanRestaurant,ZoneC,EHP,MUL,145.1477954,0,0,0,0,3,2,1,517
518,Sendai,Restaurant,UrbanRestaurant,ZoneC,EHP,MUL,9656.513088,1,0,0,0,3,2,1,518
519,Sendai,Restaurant,UrbanRestaurant,ZoneC,EHP,MUL,4.06E-10,0,0,0,1,3,2,1,519
520,Sendai,Restaurant,UrbanRestaurant,ZoneC,EHP,MUL,6.838463731,1,0,1,0,3,2,1,520
521,Sendai,Restaurant,UrbanRestaurant,ZoneC,EHP,MUL,8318.967879,1,0,0,1,3,2,1,521
522,Sendai,Restaurant,UrbanRestaurant,ZoneC,EHP,MUL,0.01025957,1,0,1,1,3,2,1,522
523,Tokyo,Restaurant,UrbanRestaurant,ZoneC,EHP,MUL,23592.58348,0,0,0,0,1,2,1,523
524,Tokyo,Restaurant,UrbanRestaurant,ZoneC,EHP,MUL,67832.23025,1,0,0,0,1,2,1,524
525,Tokyo,Restaurant,UrbanRestaurant,ZoneC,EHP,MUL,0.000687612,0,0,0,1,1,2,1,525
526,Tokyo,Restaurant,UrbanRestaurant,ZoneC,EHP,MUL,979.2484418,1,0,1,0,1,2,1,526
527,Tokyo,Restaurant,UrbanRestaurant,ZoneC,EHP,MUL,215.0046967,1,0,0,1,1,2,1,527
528,Tokyo,Restaurant,UrbanRestaurant,ZoneC,EHP,MUL,1.798426717,1,0,1,1,1,2,1,528
529,Nigata,Restaurant,UrbanRestaurant,ZoneC,EHP,MUL,881.9180884,0,0,0,0,1,2,1,529
530,Nigata,Restaurant,UrbanRestaurant,ZoneC,EHP,MUL,11241.3385,1,0,0,0,1,2,1,530
531,Nigata,Restaurant,UrbanRestaurant,ZoneC,EHP,MUL,5.37E-07,0,0,0,1,1,2,1,531
532,Nigata,Restaurant,UrbanRestaurant,ZoneC,EHP,MUL,42.23458761,1,0,1,0,1,2,1,532
533,Nigata,Restaurant,UrbanRestaurant,ZoneC,EHP,MUL,388.9234403,1,0,0,1,1,2,1,533
534,Nigata,Restaurant,UrbanRestaurant,ZoneC,EHP,MUL,0.066070782,1,0,1,1,1,2,1,534
535,Nagoya,Restaurant,UrbanRestaurant,ZoneC,EHP,MUL,5912.614338,0,0,0,0,1,2,1,535
536,Nagoya,Restaurant,UrbanRestaurant,ZoneC,EHP,MUL,31036.87819,1,0,0,0,1,2,1,536
537,Nagoya,Restaurant,UrbanRestaurant,ZoneC,EHP,MUL,5.25E-05,0,0,0,1,1,2,1,537
538,Nagoya,Restaurant,UrbanRestaurant,ZoneC,EHP,MUL,275.0363191,1,0,1,0,1,2,1,538
539,Nagoya,Restaurant,UrbanRestaurant,ZoneC,EHP,MUL,218.296982,1,0,0,1,1,2,1,539
540,Nagoya,Restaurant,UrbanRestaurant,ZoneC,EHP,MUL,0.44566166,1,0,1,1,1,2,1,540
541,Osaka,Restaurant,UrbanRestaurant,ZoneC,EHP,MUL,14658.7556,0,0,0,0,1,2,1,541
542,Osaka,Restaurant,UrbanRestaurant,ZoneC,EHP,MUL,39278.60667,1,0,0,0,1,2,1,542
543,Osaka,Restaurant,UrbanRestaurant,ZoneC,EHP,MUL,0.000674726,0,0,0,1,1,2,1,543
544,Osaka,Restaurant,UrbanRestaurant,ZoneC,EHP,MUL,638.4196632,1,0,1,0,1,2,1,544
545,Osaka,Restaurant,UrbanRestaurant,ZoneC,EHP,MUL,94.1173757,1,0,0,1,1,2,1,545
546,Osaka,Restaurant,UrbanRestaurant,ZoneC,EHP,MUL,1.103248577,1,0,1,1,1,2,1,546
547,Hiroshima,Restaurant,UrbanRestaurant,ZoneC,EHP,MUL,3917.583421,0,0,0,0,1,2,1,547
548,Hiroshima,Restaurant,UrbanRestaurant,ZoneC,EHP,MUL,12383.01826,1,0,0,0,1,2,1,548
549,Hiroshima,Restaurant,UrbanRestaurant,ZoneC,EHP,MUL,0.000206849,0,0,0,1,1,2,1,549
550,Hiroshima,Restaurant,UrbanRestaurant,ZoneC,EHP,MUL,189.0613819,1,0,1,0,1,2,1,550
551,Hiroshima,Restaurant,UrbanRestaurant,ZoneC,EHP,MUL,29.25524916,1,0,0,1,1,2,1,551
552,Hiroshima,Restaurant,UrbanRestaurant,ZoneC,EHP,MUL,0.301802366,1,0,1,1,1,2,1,552
553,Matsuyama,Restaurant,UrbanRestaurant,ZoneC,EHP,MUL,2447.937875,0,0,0,0,1,2,1,553
554,Matsuyama,Restaurant,UrbanRestaurant,ZoneC,EHP,MUL,5450.581141,1,0,0,0,1,2,1,554
555,Matsuyama,Restaurant,UrbanRestaurant,ZoneC,EHP,MUL,0.000335782,0,0,0,1,1,2,1,555
556,Matsuyama,Restaurant,UrbanRestaurant,ZoneC,EHP,MUL,116.7326349,1,0,1,0,1,2,1,556
557,Matsuyama,Restaurant,UrbanRestaurant,ZoneC,EHP,MUL,6.855237226,1,0,0,1,1,2,1,557
558,Matsuyama,Restaurant,UrbanRestaurant,ZoneC,EHP,MUL,0.183967918,1,0,1,1,1,2,1,558
559,Fukuoka,Restaurant,UrbanRestaurant,ZoneC,EHP,MUL,10654.03972,0,0,0,0,1,2,1,559
560,Fukuoka,Restaurant,UrbanRestaurant,ZoneC,EHP,MUL,15938.92743,1,0,0,0,1,2,1,560
561,Fukuoka,Restaurant,UrbanRestaurant,ZoneC,EHP,MUL,0.005488,0,0,0,1,1,2,1,561
562,Fukuoka,Restaurant,UrbanRestaurant,ZoneC,EHP,MUL,508.4572741,1,0,1,0,1,2,1,562
563,Fukuoka,Restaurant,UrbanRestaurant,ZoneC,EHP,MUL,9.355344777,1,0,0,1,1,2,1,563
564,Fukuoka,Restaurant,UrbanRestaurant,ZoneC,EHP,MUL,0.824921348,1,0,1,1,1,2,1,564
565,Naha,Restaurant,UrbanRestaurant,ZoneC,EHP,MUL,2266.383416,0,0,0,0,1,2,1,565
566,Naha,Restaurant,UrbanRestaurant,ZoneC,EHP,MUL,1057.459298,1,0,0,0,1,2,1,566
567,Naha,Restaurant,UrbanRestaurant,ZoneC,EHP,MUL,0.050437625,0,0,0,1,1,2,1,567
568,Naha,Restaurant,UrbanRestaurant,ZoneC,EHP,MUL,108.968537,1,0,1,0,1,2,1,568
569,Naha,Restaurant,UrbanRestaurant,ZoneC,EHP,MUL,0.065286051,1,0,0,1,1,2,1,569
570,Naha,Restaurant,UrbanRestaurant,ZoneC,EHP,MUL,0.184025417,1,0,1,1,1,2,1,570
571,Sapporo,Restaurant,UrbanChineseRestaurant,ZoneC,EHP,MUL,0.096834064,0,0,0,0,3,2,1,571
572,Sapporo,Restaurant,UrbanChineseRestaurant,ZoneC,EHP,MUL,66.15272794,1,0,0,0,3,2,1,572
573,Sapporo,Restaurant,UrbanChineseRestaurant,ZoneC,EHP,MUL,1.74E-16,0,0,0,1,3,2,1,573
574,Sapporo,Restaurant,UrbanChineseRestaurant,ZoneC,EHP,MUL,0.004544842,1,0,1,0,3,2,1,574
575,Sapporo,Restaurant,UrbanChineseRestaurant,ZoneC,EHP,MUL,4862.620615,1,0,0,1,3,2,1,575
576,Sapporo,Restaurant,UrbanChineseRestaurant,ZoneC,EHP,MUL,6.67E-06,1,0,1,1,3,2,1,576
577,Sendai,Restaurant,UrbanChineseRestaurant,ZoneC,EHP,MUL,71.05185963,0,0,0,0,3,2,1,577
578,Sendai,Restaurant,UrbanChineseRestaurant,ZoneC,EHP,MUL,4726.99713,1,0,0,0,3,2,1,578
579,Sendai,Restaurant,UrbanChineseRestaurant,ZoneC,EHP,MUL,1.99E-10,0,0,0,1,3,2,1,579
580,Sendai,Restaurant,UrbanChineseRestaurant,ZoneC,EHP,MUL,3.347522872,1,0,1,0,3,2,1,580
581,Sendai,Restaurant,UrbanChineseRestaurant,ZoneC,EHP,MUL,4072.250193,1,0,0,1,3,2,1,581
582,Sendai,Restaurant,UrbanChineseRestaurant,ZoneC,EHP,MUL,0.005022202,1,0,1,1,3,2,1,582
583,Tokyo,Restaurant,UrbanChineseRestaurant,ZoneC,EHP,MUL,12303.97117,0,0,0,0,1,2,1,583
584,Tokyo,Restaurant,UrbanChineseRestaurant,ZoneC,EHP,MUL,35375.76996,1,0,0,0,1,2,1,584
585,Tokyo,Restaurant,UrbanChineseRestaurant,ZoneC,EHP,MUL,0.000358603,0,0,0,1,1,2,1,585
586,Tokyo,Restaurant,UrbanChineseRestaurant,ZoneC,EHP,MUL,510.6962794,1,0,1,0,1,2,1,586
587,Tokyo,Restaurant,UrbanChineseRestaurant,ZoneC,EHP,MUL,112.128949,1,0,0,1,1,2,1,587
588,Tokyo,Restaurant,UrbanChineseRestaurant,ZoneC,EHP,MUL,0.937912989,1,0,1,1,1,2,1,588
589,Nigata,Restaurant,UrbanChineseRestaurant,ZoneC,EHP,MUL,341.3819389,0,0,0,0,1,2,1,589
590,Nigata,Restaurant,UrbanChineseRestaurant,ZoneC,EHP,MUL,4351.413113,1,0,0,0,1,2,1,590
591,Nigata,Restaurant,UrbanChineseRestaurant,ZoneC,EHP,MUL,2.08E-07,0,0,0,1,1,2,1,591
592,Nigata,Restaurant,UrbanChineseRestaurant,ZoneC,EHP,MUL,16.34859927,1,0,1,0,1,2,1,592
593,Nigata,Restaurant,UrbanChineseRestaurant,ZoneC,EHP,MUL,150.5484919,1,0,0,1,1,2,1,593
594,Nigata,Restaurant,UrbanChineseRestaurant,ZoneC,EHP,MUL,0.025575359,1,0,1,1,1,2,1,594
595,Nagoya,Restaurant,UrbanChineseRestaurant,ZoneC,EHP,MUL,2467.406518,0,0,0,0,1,2,1,595
596,Nagoya,Restaurant,UrbanChineseRestaurant,ZoneC,EHP,MUL,12952.07013,1,0,0,0,1,2,1,596
597,Nagoya,Restaurant,UrbanChineseRestaurant,ZoneC,EHP,MUL,2.19E-05,0,0,0,1,1,2,1,597
598,Nagoya,Restaurant,UrbanChineseRestaurant,ZoneC,EHP,MUL,114.7760309,1,0,1,0,1,2,1,598
599,Nagoya,Restaurant,UrbanChineseRestaurant,ZoneC,EHP,MUL,91.09800936,1,0,0,1,1,2,1,599
600,Nagoya,Restaurant,UrbanChineseRestaurant,ZoneC,EHP,MUL,0.185980079,1,0,1,1,1,2,1,600
601,Osaka,Restaurant,UrbanChineseRestaurant,ZoneC,EHP,MUL,4380.604303,0,0,0,0,1,2,1,601
602,Osaka,Restaurant,UrbanChineseRestaurant,ZoneC,EHP,MUL,11737.96999,1,0,0,0,1,2,1,602
603,Osaka,Restaurant,UrbanChineseRestaurant,ZoneC,EHP,MUL,0.000201634,0,0,0,1,1,2,1,603
604,Osaka,Restaurant,UrbanChineseRestaurant,ZoneC,EHP,MUL,190.7845385,1,0,1,0,1,2,1,604
605,Osaka,Restaurant,UrbanChineseRestaurant,ZoneC,EHP,MUL,28.12591956,1,0,0,1,1,2,1,605
606,Osaka,Restaurant,UrbanChineseRestaurant,ZoneC,EHP,MUL,0.329693433,1,0,1,1,1,2,1,606
607,Hiroshima,Restaurant,UrbanChineseRestaurant,ZoneC,EHP,MUL,1244.005231,0,0,0,0,1,2,1,607
608,Hiroshima,Restaurant,UrbanChineseRestaurant,ZoneC,EHP,MUL,3932.153535,1,0,0,0,1,2,1,608
609,Hiroshima,Restaurant,UrbanChineseRestaurant,ZoneC,EHP,MUL,6.57E-05,0,0,0,1,1,2,1,609
610,Hiroshima,Restaurant,UrbanChineseRestaurant,ZoneC,EHP,MUL,60.03531332,1,0,1,0,1,2,1,610
611,Hiroshima,Restaurant,UrbanChineseRestaurant,ZoneC,EHP,MUL,9.289829743,1,0,0,1,1,2,1,611
612,Hiroshima,Restaurant,UrbanChineseRestaurant,ZoneC,EHP,MUL,0.09583554,1,0,1,1,1,2,1,612
613,Matsuyama,Restaurant,UrbanChineseRestaurant,ZoneC,EHP,MUL,1087.260501,0,0,0,0,1,2,1,613
614,Matsuyama,Restaurant,UrbanChineseRestaurant,ZoneC,EHP,MUL,2420.895418,1,0,0,0,1,2,1,614
615,Matsuyama,Restaurant,UrbanChineseRestaurant,ZoneC,EHP,MUL,0.000149139,0,0,0,1,1,2,1,615
616,Matsuyama,Restaurant,UrbanChineseRestaurant,ZoneC,EHP,MUL,51.84722391,1,0,1,0,1,2,1,616
617,Matsuyama,Restaurant,UrbanChineseRestaurant,ZoneC,EHP,MUL,3.044778521,1,0,0,1,1,2,1,617
618,Matsuyama,Restaurant,UrbanChineseRestaurant,ZoneC,EHP,MUL,0.081710019,1,0,1,1,1,2,1,618
619,Fukuoka,Restaurant,UrbanChineseRestaurant,ZoneC,EHP,MUL,3967.319452,0,0,0,0,1,2,1,619
620,Fukuoka,Restaurant,UrbanChineseRestaurant,ZoneC,EHP,MUL,5935.290135,1,0,0,0,1,2,1,620
621,Fukuoka,Restaurant,UrbanChineseRestaurant,ZoneC,EHP,MUL,0.002043605,0,0,0,1,1,2,1,621
622,Fukuoka,Restaurant,UrbanChineseRestaurant,ZoneC,EHP,MUL,189.3377993,1,0,1,0,1,2,1,622
623,Fukuoka,Restaurant,UrbanChineseRestaurant,ZoneC,EHP,MUL,3.483715313,1,0,0,1,1,2,1,623
624,Fukuoka,Restaurant,UrbanChineseRestaurant,ZoneC,EHP,MUL,0.307181745,1,0,1,1,1,2,1,624
625,Naha,Restaurant,UrbanChineseRestaurant,ZoneC,EHP,MUL,496.6163176,0,0,0,0,1,2,1,625
626,Naha,Restaurant,UrbanChineseRestaurant,ZoneC,EHP,MUL,231.7134599,1,0,0,0,1,2,1,626
627,Naha,Restaurant,UrbanChineseRestaurant,ZoneC,EHP,MUL,0.011052034,0,0,0,1,1,2,1,627
628,Naha,Restaurant,UrbanChineseRestaurant,ZoneC,EHP,MUL,23.87749276,1,0,1,0,1,2,1,628
629,Naha,Restaurant,UrbanChineseRestaurant,ZoneC,EHP,MUL,0.014305663,1,0,0,1,1,2,1,629
630,Naha,Restaurant,UrbanChineseRestaurant,ZoneC,EHP,MUL,0.040324168,1,0,1,1,1,2,1,630
631,Sapporo,Restaurant,UrbanYakiniku,ZoneC,EHP,MUL,0.02873795,0,0,0,0,3,2,1,631
632,Sapporo,Restaurant,UrbanYakiniku,ZoneC,EHP,MUL,19.63248975,1,0,0,0,3,2,1,632
633,Sapporo,Restaurant,UrbanYakiniku,ZoneC,EHP,MUL,5.19E-17,0,0,0,1,3,2,1,633
634,Sapporo,Restaurant,UrbanYakiniku,ZoneC,EHP,MUL,0.001348797,1,0,1,0,3,2,1,634
635,Sapporo,Restaurant,UrbanYakiniku,ZoneC,EHP,MUL,1443.105256,1,0,0,1,3,2,1,635
636,Sapporo,Restaurant,UrbanYakiniku,ZoneC,EHP,MUL,1.98E-06,1,0,1,1,3,2,1,636
637,Sendai,Restaurant,UrbanYakiniku,ZoneC,EHP,MUL,13.05159052,0,0,0,0,3,2,1,637
638,Sendai,Restaurant,UrbanYakiniku,ZoneC,EHP,MUL,868.3070541,1,0,0,0,3,2,1,638
639,Sendai,Restaurant,UrbanYakiniku,ZoneC,EHP,MUL,3.64E-11,0,0,0,1,3,2,1,639
640,Sendai,Restaurant,UrbanYakiniku,ZoneC,EHP,MUL,0.614909983,1,0,1,0,3,2,1,640
641,Sendai,Restaurant,UrbanYakiniku,ZoneC,EHP,MUL,748.0359036,1,0,0,1,3,2,1,641
642,Sendai,Restaurant,UrbanYakiniku,ZoneC,EHP,MUL,0.000922534,1,0,1,1,3,2,1,642
643,Tokyo,Restaurant,UrbanYakiniku,ZoneC,EHP,MUL,2020.980838,0,0,0,0,1,2,1,643
644,Tokyo,Restaurant,UrbanYakiniku,ZoneC,EHP,MUL,5810.624244,1,0,0,0,1,2,1,644
645,Tokyo,Restaurant,UrbanYakiniku,ZoneC,EHP,MUL,5.89E-05,0,0,0,1,1,2,1,645
646,Tokyo,Restaurant,UrbanYakiniku,ZoneC,EHP,MUL,83.88408748,1,0,1,0,1,2,1,646
647,Tokyo,Restaurant,UrbanYakiniku,ZoneC,EHP,MUL,18.4176681,1,0,0,1,1,2,1,647
648,Tokyo,Restaurant,UrbanYakiniku,ZoneC,EHP,MUL,0.154056292,1,0,1,1,1,2,1,648
649,Nigata,Restaurant,UrbanYakiniku,ZoneC,EHP,MUL,90.33335022,0,0,0,0,1,2,1,649
650,Nigata,Restaurant,UrbanYakiniku,ZoneC,EHP,MUL,1151.430934,1,0,0,0,1,2,1,650
651,Nigata,Restaurant,UrbanYakiniku,ZoneC,EHP,MUL,5.50E-08,0,0,0,1,1,2,1,651
652,Nigata,Restaurant,UrbanYakiniku,ZoneC,EHP,MUL,4.326016038,1,0,1,0,1,2,1,652
653,Nigata,Restaurant,UrbanYakiniku,ZoneC,EHP,MUL,39.83675786,1,0,0,1,1,2,1,653
654,Nigata,Restaurant,UrbanYakiniku,ZoneC,EHP,MUL,0.006767516,1,0,1,1,1,2,1,654
655,Nagoya,Restaurant,UrbanYakiniku,ZoneC,EHP,MUL,588.9100353,0,0,0,0,1,2,1,655
656,Nagoya,Restaurant,UrbanYakiniku,ZoneC,EHP,MUL,3091.344706,1,0,0,0,1,2,1,656
657,Nagoya,Restaurant,UrbanYakiniku,ZoneC,EHP,MUL,5.23E-06,0,0,0,1,1,2,1,657
658,Nagoya,Restaurant,UrbanYakiniku,ZoneC,EHP,MUL,27.3942522,1,0,1,0,1,2,1,658
659,Nagoya,Restaurant,UrbanYakiniku,ZoneC,EHP,MUL,21.74288328,1,0,0,1,1,2,1,659
660,Nagoya,Restaurant,UrbanYakiniku,ZoneC,EHP,MUL,0.04438893,1,0,1,1,1,2,1,660
661,Osaka,Restaurant,UrbanYakiniku,ZoneC,EHP,MUL,1501.952102,0,0,0,0,1,2,1,661
662,Osaka,Restaurant,UrbanYakiniku,ZoneC,EHP,MUL,4024.528919,1,0,0,0,1,2,1,662
663,Osaka,Restaurant,UrbanYakiniku,ZoneC,EHP,MUL,6.91E-05,0,0,0,1,1,2,1,663
664,Osaka,Restaurant,UrbanYakiniku,ZoneC,EHP,MUL,65.41317565,1,0,1,0,1,2,1,664
665,Osaka,Restaurant,UrbanYakiniku,ZoneC,EHP,MUL,9.64336906,1,0,0,1,1,2,1,665
666,Osaka,Restaurant,UrbanYakiniku,ZoneC,EHP,MUL,0.113040054,1,0,1,1,1,2,1,666
667,Hiroshima,Restaurant,UrbanYakiniku,ZoneC,EHP,MUL,438.038759,0,0,0,0,1,2,1,667
668,Hiroshima,Restaurant,UrbanYakiniku,ZoneC,EHP,MUL,1384.588755,1,0,0,0,1,2,1,668
669,Hiroshima,Restaurant,UrbanYakiniku,ZoneC,EHP,MUL,2.31E-05,0,0,0,1,1,2,1,669
670,Hiroshima,Restaurant,UrbanYakiniku,ZoneC,EHP,MUL,21.139617,1,0,1,0,1,2,1,670
671,Hiroshima,Restaurant,UrbanYakiniku,ZoneC,EHP,MUL,3.271132138,1,0,0,1,1,2,1,671
672,Hiroshima,Restaurant,UrbanYakiniku,ZoneC,EHP,MUL,0.033745582,1,0,1,1,1,2,1,672
673,Matsuyama,Restaurant,UrbanYakiniku,ZoneC,EHP,MUL,253.5867486,0,0,0,0,1,2,1,673
674,Matsuyama,Restaurant,UrbanYakiniku,ZoneC,EHP,MUL,564.6365309,1,0,0,0,1,2,1,674
675,Matsuyama,Restaurant,UrbanYakiniku,ZoneC,EHP,MUL,3.48E-05,0,0,0,1,1,2,1,675
676,Matsuyama,Restaurant,UrbanYakiniku,ZoneC,EHP,MUL,12.0925656,1,0,1,0,1,2,1,676
677,Matsuyama,Restaurant,UrbanYakiniku,ZoneC,EHP,MUL,0.710147646,1,0,0,1,1,2,1,677
678,Matsuyama,Restaurant,UrbanYakiniku,ZoneC,EHP,MUL,0.019057602,1,0,1,1,1,2,1,678
679,Fukuoka,Restaurant,UrbanYakiniku,ZoneC,EHP,MUL,1148.933141,0,0,0,0,1,2,1,679
680,Fukuoka,Restaurant,UrbanYakiniku,ZoneC,EHP,MUL,1718.856175,1,0,0,0,1,2,1,680
681,Fukuoka,Restaurant,UrbanYakiniku,ZoneC,EHP,MUL,0.000591827,0,0,0,1,1,2,1,681
682,Fukuoka,Restaurant,UrbanYakiniku,ZoneC,EHP,MUL,54.83210392,1,0,1,0,1,2,1,682
683,Fukuoka,Restaurant,UrbanYakiniku,ZoneC,EHP,MUL,1.008881696,1,0,0,1,1,2,1,683
684,Fukuoka,Restaurant,UrbanYakiniku,ZoneC,EHP,MUL,0.088959634,1,0,1,1,1,2,1,684
685,Naha,Restaurant,UrbanYakiniku,ZoneC,EHP,MUL,173.1701597,0,0,0,0,1,2,1,685
686,Naha,Restaurant,UrbanYakiniku,ZoneC,EHP,MUL,80.79850666,1,0,0,0,1,2,1,686
687,Naha,Restaurant,UrbanYakiniku,ZoneC,EHP,MUL,0.003853846,0,0,0,1,1,2,1,687
688,Naha,Restaurant,UrbanYakiniku,ZoneC,EHP,MUL,8.326084119,1,0,1,0,1,2,1,688
689,Naha,Restaurant,UrbanYakiniku,ZoneC,EHP,MUL,0.004988386,1,0,0,1,1,2,1,689
690,Naha,Restaurant,UrbanYakiniku,ZoneC,EHP,MUL,0.014061041,1,0,1,1,1,2,1,690
691,Sapporo,Datacenter,CL1,ZoneC,EHP,MUL,39040.05244,1,1,0,0,1,2,1,691
692,Sapporo,Datacenter,CL2,ZoneC,EHP,MUL,63944.22997,1,1,0,0,1,2,1,692
693,Sapporo,Datacenter,CL3,ZoneC,EHP,MUL,110153.4139,1,1,0,0,1,2,1,693
694,Sapporo,Datacenter,CL4,ZoneC,EHP,MUL,75172.94831,1,1,0,0,1,2,1,694
695,Sendai,Datacenter,CL1,ZoneC,EHP,MUL,67855.32923,1,1,0,0,1,2,1,695
696,Sendai,Datacenter,CL2,ZoneC,EHP,MUL,126205.7171,1,1,0,0,1,2,1,696
697,Sendai,Datacenter,CL3,ZoneC,EHP,MUL,153865.0861,1,1,0,0,1,2,1,697
698,Sendai,Datacenter,CL4,ZoneC,EHP,MUL,44219.38136,1,1,0,0,1,2,1,698
699,Tokyo,Datacenter,CL1,ZoneC,EHP,MUL,36767.88007,1,1,0,0,1,2,1,699
700,Tokyo,Datacenter,CL2,ZoneC,EHP,MUL,175566.1753,1,1,0,0,1,2,1,700
701,Tokyo,Datacenter,CL3,ZoneC,EHP,MUL,641687.3479,1,1,0,0,1,2,1,701
702,Tokyo,Datacenter,CL4,ZoneC,EHP,MUL,190143.3398,1,1,0,0,1,2,1,702
703,Nigata,Datacenter,CL1,ZoneC,EHP,MUL,32223.53534,1,1,0,0,1,2,1,703
704,Nigata,Datacenter,CL2,ZoneC,EHP,MUL,56652.3441,1,1,0,0,1,2,1,704
705,Nigata,Datacenter,CL3,ZoneC,EHP,MUL,80429.47685,1,1,0,0,1,2,1,705
706,Nigata,Datacenter,CL4,ZoneC,EHP,MUL,0,1,1,0,0,1,2,1,706
707,Nagoya,Datacenter,CL1,ZoneC,EHP,MUL,54222.29505,1,1,0,0,1,2,1,707
708,Nagoya,Datacenter,CL2,ZoneC,EHP,MUL,152568.6891,1,1,0,0,1,2,1,708
709,Nagoya,Datacenter,CL3,ZoneC,EHP,MUL,318220.9736,1,1,0,0,1,2,1,709
710,Nagoya,Datacenter,CL4,ZoneC,EHP,MUL,132658.1441,1,1,0,0,1,2,1,710
711,Osaka,Datacenter,CL1,ZoneC,EHP,MUL,54635.4173,1,1,0,0,1,2,1,711
712,Osaka,Datacenter,CL2,ZoneC,EHP,MUL,60578.74418,1,1,0,0,1,2,1,712
713,Osaka,Datacenter,CL3,ZoneC,EHP,MUL,438865.1889,1,1,0,0,1,2,1,713
714,Osaka,Datacenter,CL4,ZoneC,EHP,MUL,39797.44322,1,1,0,0,1,2,1,714
715,Hiroshima,Datacenter,CL1,ZoneC,EHP,MUL,57940.39528,1,1,0,0,1,2,1,715
716,Hiroshima,Datacenter,CL2,ZoneC,EHP,MUL,50482.28682,1,1,0,0,1,2,1,716
717,Hiroshima,Datacenter,CL3,ZoneC,EHP,MUL,143374.2848,1,1,0,0,1,2,1,717
718,Hiroshima,Datacenter,CL4,ZoneC,EHP,MUL,66329.07204,1,1,0,0,1,2,1,718
719,Matsuyama,Datacenter,CL1,ZoneC,EHP,MUL,36664.59951,1,1,0,0,1,2,1,719
720,Matsuyama,Datacenter,CL2,ZoneC,EHP,MUL,29728.45779,1,1,0,0,1,2,1,720
721,Matsuyama,Datacenter,CL3,ZoneC,EHP,MUL,45460.13909,1,1,0,0,1,2,1,721
722,Matsuyama,Datacenter,CL4,ZoneC,EHP,MUL,17687.75254,1,1,0,0,1,2,1,722
723,Fukuoka,Datacenter,CL1,ZoneC,EHP,MUL,76117.77419,1,1,0,0,1,2,1,723
724,Fukuoka,Datacenter,CL2,ZoneC,EHP,MUL,90307.20198,1,1,0,0,1,2,1,724
725,Fukuoka,Datacenter,CL3,ZoneC,EHP,MUL,194079.8246,1,1,0,0,1,2,1,725
726,Fukuoka,Datacenter,CL4,ZoneC,EHP,MUL,0,1,1,0,0,1,2,1,726
727,Naha,Datacenter,CL1,ZoneC,EHP,MUL,3304.977984,1,1,0,0,1,2,1,727
728,Naha,Datacenter,CL2,ZoneC,EHP,MUL,15144.68605,1,1,0,0,1,2,1,728
729,Naha,Datacenter,CL3,ZoneC,EHP,MUL,19233.13577,1,1,0,0,1,2,1,729
730,Naha,Datacenter,CL4,ZoneC,EHP,MUL,4421.938136,1,1,0,0,1,2,1,730
731,Sapporo,Logistics,Logistics,ZoneC,EHP,MUL,1138380.703,1,1,0,0,1,2,1,731
732,Sendai,Logistics,Logistics,ZoneC,EHP,MUL,1138380.703,1,1,0,0,1,2,1,732
733,Tokyo,Logistics,Logistics,ZoneC,EHP,MUL,1138380.703,1,1,0,0,1,2,1,733
734,Nigata,Logistics,Logistics,ZoneC,EHP,MUL,1138380.703,1,1,0,0,1,2,1,734
735,Nagoya,Logistics,Logistics,ZoneC,EHP,MUL,1138380.703,1,1,0,0,1,2,1,735
736,Osaka,Logistics,Logistics,ZoneC,EHP,MUL,1138380.703,1,1,0,0,1,2,1,736
737,Hiroshima,Logistics,Logistics,ZoneC,EHP,MUL,1138380.703,1,1,0,0,1,2,1,737
738,Matsuyama,Logistics,Logistics,ZoneC,EHP,MUL,1138380.703,1,1,0,0,1,2,1,738
739,Fukuoka,Logistics,Logistics,ZoneC,EHP,MUL,1138380.703,1,1,0,0,1,2,1,739
740,Naha,Logistics,Logistics,ZoneC,EHP,MUL,1138380.703,1,1,0,0,1,2,1,740
741,Sapporo,Logistics,Cool,ZoneC,EHP,MUL,0,1,1,0,0,1,2,1,741
742,Sendai,Logistics,Cool,ZoneC,EHP,MUL,0,1,1,0,0,1,2,1,742
743,Tokyo,Logistics,Cool,ZoneC,EHP,MUL,0,1,1,0,0,1,2,1,743
744,Nigata,Logistics,Cool,ZoneC,EHP,MUL,0,1,1,0,0,1,2,1,744
745,Nagoya,Logistics,Cool,ZoneC,EHP,MUL,0,1,1,0,0,1,2,1,745
746,Osaka,Logistics,Cool,ZoneC,EHP,MUL,0,1,1,0,0,1,2,1,746
747,Hiroshima,Logistics,Cool,ZoneC,EHP,MUL,0,1,1,0,0,1,2,1,747
748,Matsuyama,Logistics,Cool,ZoneC,EHP,MUL,0,1,1,0,0,1,2,1,748
749,Fukuoka,Logistics,Cool,ZoneC,EHP,MUL,0,1,1,0,0,1,2,1,749
750,Naha,Logistics,Cool,ZoneC,EHP,MUL,0,1,1,0,0,1,2,1,750
751,Sapporo,Amusement,Patinko,ZoneC,EHP,MUL,25070.94905,1,1,0,0,1,2,1,751
752,Sendai,Amusement,Patinko,ZoneC,EHP,MUL,25070.94905,1,1,0,0,1,2,1,752
753,Tokyo,Amusement,Patinko,ZoneC,EHP,MUL,25070.94905,1,1,0,0,1,2,1,753
754,Nigata,Amusement,Patinko,ZoneC,EHP,MUL,25070.94905,1,1,0,0,1,2,1,754
755,Nagoya,Amusement,Patinko,ZoneC,EHP,MUL,25070.94905,1,1,0,0,1,2,1,755
756,Osaka,Amusement,Patinko,ZoneC,EHP,MUL,25070.94905,1,1,0,0,1,2,1,756
757,Hiroshima,Amusement,Patinko,ZoneC,EHP,MUL,25070.94905,1,1,0,0,1,2,1,757
758,Matsuyama,Amusement,Patinko,ZoneC,EHP,MUL,25070.94905,1,1,0,0,1,2,1,758
759,Fukuoka,Amusement,Patinko,ZoneC,EHP,MUL,25070.94905,1,1,0,0,1,2,1,759
760,Naha,Amusement,Patinko,ZoneC,EHP,MUL,25070.94905,1,1,0,0,1,2,1,760
761,Sapporo,Amusement,Fitness,ZoneC,EHP,MUL,14082.70703,1,1,0,0,1,2,1,761
762,Sendai,Amusement,Fitness,ZoneC,EHP,MUL,14082.70703,1,1,0,0,1,2,1,762
763,Tokyo,Amusement,Fitness,ZoneC,EHP,MUL,14082.70703,1,1,0,0,1,2,1,763
764,Nigata,Amusement,Fitness,ZoneC,EHP,MUL,14082.70703,1,1,0,0,1,2,1,764
765,Nagoya,Amusement,Fitness,ZoneC,EHP,MUL,14082.70703,1,1,0,0,1,2,1,765
766,Osaka,Amusement,Fitness,ZoneC,EHP,MUL,14082.70703,1,1,0,0,1,2,1,766
767,Hiroshima,Amusement,Fitness,ZoneC,EHP,MUL,14082.70703,1,1,0,0,1,2,1,767
768,Matsuyama,Amusement,Fitness,ZoneC,EHP,MUL,14082.70703,1,1,0,0,1,2,1,768
769,Fukuoka,Amusement,Fitness,ZoneC,EHP,MUL,14082.70703,1,1,0,0,1,2,1,769
770,Naha,Amusement,Fitness,ZoneC,EHP,MUL,14082.70703,1,1,0,0,1,2,1,770
771,Sapporo,Amusement,Karaoke,ZoneC,EHP,MUL,16322.71394,1,1,0,0,1,2,1,771
772,Sendai,Amusement,Karaoke,ZoneC,EHP,MUL,16322.71394,1,1,0,0,1,2,1,772
773,Tokyo,Amusement,Karaoke,ZoneC,EHP,MUL,16322.71394,1,1,0,0,1,2,1,773
774,Nigata,Amusement,Karaoke,ZoneC,EHP,MUL,16322.71394,1,1,0,0,1,2,1,774
775,Nagoya,Amusement,Karaoke,ZoneC,EHP,MUL,16322.71394,1,1,0,0,1,2,1,775
776,Osaka,Amusement,Karaoke,ZoneC,EHP,MUL,16322.71394,1,1,0,0,1,2,1,776
777,Hiroshima,Amusement,Karaoke,ZoneC,EHP,MUL,16322.71394,1,1,0,0,1,2,1,777
778,Matsuyama,Amusement,Karaoke,ZoneC,EHP,MUL,16322.71394,1,1,0,0,1,2,1,778
779,Fukuoka,Amusement,Karaoke,ZoneC,EHP,MUL,16322.71394,1,1,0,0,1,2,1,779
780,Naha,Amusement,Karaoke,ZoneC,EHP,MUL,16322.71394,1,1,0,0,1,2,1,780
781,Sapporo,Restaurant,UrbanBar,ZoneC,EHP,MUL,14.6842453,0,0,0,0,3,1,2,781
782,Sapporo,Restaurant,UrbanBar,ZoneC,EHP,MUL,10031.62364,1,0,0,0,3,1,2,782
783,Sapporo,Restaurant,UrbanBar,ZoneC,EHP,MUL,2.65E-14,0,0,0,1,3,1,2,783
784,Sapporo,Restaurant,UrbanBar,ZoneC,EHP,MUL,0.689195262,1,0,1,0,3,1,2,784
785,Sapporo,Restaurant,UrbanBar,ZoneC,EHP,MUL,737384.2536,1,0,0,1,3,1,2,785
786,Sapporo,Restaurant,UrbanBar,ZoneC,EHP,MUL,0.001011409,1,0,1,1,3,1,2,786
787,Sendai,Restaurant,UrbanBar,ZoneC,EHP,MUL,8483.908805,0,0,0,0,3,1,2,787
788,Sendai,Restaurant,UrbanBar,ZoneC,EHP,MUL,564424.5312,1,0,0,0,3,1,2,788
789,Sendai,Restaurant,UrbanBar,ZoneC,EHP,MUL,2.37E-08,0,0,0,1,3,1,2,789
790,Sendai,Restaurant,UrbanBar,ZoneC,EHP,MUL,399.7091548,1,0,1,0,3,1,2,790
791,Sendai,Restaurant,UrbanBar,ZoneC,EHP,MUL,486244.828,1,0,0,1,3,1,2,791
792,Sendai,Restaurant,UrbanBar,ZoneC,EHP,MUL,0.599673318,1,0,1,1,3,1,2,792
793,Tokyo,Restaurant,UrbanBar,ZoneC,EHP,MUL,1022513.031,0,0,0,0,1,1,2,793
794,Tokyo,Restaurant,UrbanBar,ZoneC,EHP,MUL,2939878.942,1,0,0,0,1,1,2,794
795,Tokyo,Restaurant,UrbanBar,ZoneC,EHP,MUL,0.029801424,0,0,0,1,1,1,2,795
796,Tokyo,Restaurant,UrbanBar,ZoneC,EHP,MUL,42441.06175,1,0,1,0,1,1,2,796
797,Tokyo,Restaurant,UrbanBar,ZoneC,EHP,MUL,9318.398908,1,0,0,1,1,1,2,797
798,Tokyo,Restaurant,UrbanBar,ZoneC,EHP,MUL,77.94461146,1,0,1,1,1,1,2,798
799,Nigata,Restaurant,UrbanBar,ZoneC,EHP,MUL,40180.04392,0,0,0,0,1,1,2,799
800,Nigata,Restaurant,UrbanBar,ZoneC,EHP,MUL,512153.5443,1,0,0,0,1,1,2,800
801,Nigata,Restaurant,UrbanBar,ZoneC,EHP,MUL,2.45E-05,0,0,0,1,1,1,2,801
802,Nigata,Restaurant,UrbanBar,ZoneC,EHP,MUL,1924.200906,1,0,1,0,1,1,2,802
803,Nigata,Restaurant,UrbanBar,ZoneC,EHP,MUL,17719.28836,1,0,0,1,1,1,2,803
804,Nigata,Restaurant,UrbanBar,ZoneC,EHP,MUL,3.010174048,1,0,1,1,1,1,2,804
805,Nagoya,Restaurant,UrbanBar,ZoneC,EHP,MUL,247393.4751,0,0,0,0,1,1,2,805
806,Nagoya,Restaurant,UrbanBar,ZoneC,EHP,MUL,1298633.855,1,0,0,0,1,1,2,806
807,Nagoya,Restaurant,UrbanBar,ZoneC,EHP,MUL,0.002198138,0,0,0,1,1,1,2,807
808,Nagoya,Restaurant,UrbanBar,ZoneC,EHP,MUL,11507.97039,1,0,1,0,1,1,2,808
809,Nagoya,Restaurant,UrbanBar,ZoneC,EHP,MUL,9133.903531,1,0,0,1,1,1,2,809
810,Nagoya,Restaurant,UrbanBar,ZoneC,EHP,MUL,18.64721432,1,0,1,1,1,1,2,810
811,Osaka,Restaurant,UrbanBar,ZoneC,EHP,MUL,562902.9693,0,0,0,0,1,1,2,811
812,Osaka,Restaurant,UrbanBar,ZoneC,EHP,MUL,1508316.594,1,0,0,0,1,1,2,812
813,Osaka,Restaurant,UrbanBar,ZoneC,EHP,MUL,0.02590979,0,0,0,1,1,1,2,813
814,Osaka,Restaurant,UrbanBar,ZoneC,EHP,MUL,24515.60921,1,0,1,0,1,1,2,814
815,Osaka,Restaurant,UrbanBar,ZoneC,EHP,MUL,3614.150591,1,0,0,1,1,1,2,815
816,Osaka,Restaurant,UrbanBar,ZoneC,EHP,MUL,42.36525366,1,0,1,1,1,1,2,816
817,Hiroshima,Restaurant,UrbanBar,ZoneC,EHP,MUL,161075.1151,0,0,0,0,1,1,2,817
818,Hiroshima,Restaurant,UrbanBar,ZoneC,EHP,MUL,509139.4049,1,0,0,0,1,1,2,818
819,Hiroshima,Restaurant,UrbanBar,ZoneC,EHP,MUL,0.008504794,0,0,0,1,1,1,2,819
820,Hiroshima,Restaurant,UrbanBar,ZoneC,EHP,MUL,7773.435959,1,0,1,0,1,1,2,820
821,Hiroshima,Restaurant,UrbanBar,ZoneC,EHP,MUL,1202.856995,1,0,0,1,1,1,2,821
822,Hiroshima,Restaurant,UrbanBar,ZoneC,EHP,MUL,12.40888723,1,0,1,1,1,1,2,822
823,Matsuyama,Restaurant,UrbanBar,ZoneC,EHP,MUL,122483.5034,0,0,0,0,1,1,2,823
824,Matsuyama,Restaurant,UrbanBar,ZoneC,EHP,MUL,272721.9022,1,0,0,0,1,1,2,824
825,Matsuyama,Restaurant,UrbanBar,ZoneC,EHP,MUL,0.016800962,0,0,0,1,1,1,2,825
826,Matsuyama,Restaurant,UrbanBar,ZoneC,EHP,MUL,5840.761825,1,0,1,0,1,1,2,826
827,Matsuyama,Restaurant,UrbanBar,ZoneC,EHP,MUL,343.0044042,1,0,0,1,1,1,2,827
828,Matsuyama,Restaurant,UrbanBar,ZoneC,EHP,MUL,9.204904816,1,0,1,1,1,1,2,828
829,Fukuoka,Restaurant,UrbanBar,ZoneC,EHP,MUL,642414.0197,0,0,0,0,1,1,2,829
830,Fukuoka,Restaurant,UrbanBar,ZoneC,EHP,MUL,961080.5582,1,0,0,0,1,1,2,830
831,Fukuoka,Restaurant,UrbanBar,ZoneC,EHP,MUL,0.330913734,0,0,0,1,1,1,2,831
832,Fukuoka,Restaurant,UrbanBar,ZoneC,EHP,MUL,30658.80079,1,0,1,0,1,1,2,832
833,Fukuoka,Restaurant,UrbanBar,ZoneC,EHP,MUL,564.1057107,1,0,0,1,1,1,2,833
834,Fukuoka,Restaurant,UrbanBar,ZoneC,EHP,MUL,49.74085446,1,0,1,1,1,1,2,834
835,Naha,Restaurant,UrbanBar,ZoneC,EHP,MUL,227970.9193,0,0,0,0,1,1,2,835
836,Naha,Restaurant,UrbanBar,ZoneC,EHP,MUL,106367.6899,1,0,0,0,1,1,2,836
837,Naha,Restaurant,UrbanBar,ZoneC,EHP,MUL,5.073418601,0,0,0,1,1,1,2,837
838,Naha,Restaurant,UrbanBar,ZoneC,EHP,MUL,10960.92453,1,0,1,0,1,1,2,838
839,Naha,Restaurant,UrbanBar,ZoneC,EHP,MUL,6.566991647,1,0,0,1,1,1,2,839
840,Naha,Restaurant,UrbanBar,ZoneC,EHP,MUL,18.51074414,1,0,1,1,1,1,2,840
841,Sapporo,Restaurant,UrbanCafe,ZoneC,EHP,MUL,3.101450883,0,0,0,0,3,1,2,841
842,Sapporo,Restaurant,UrbanCafe,ZoneC,EHP,MUL,2118.773375,1,0,0,0,3,1,2,842
843,Sapporo,Restaurant,UrbanCafe,ZoneC,EHP,MUL,5.60E-15,0,0,0,1,3,1,2,843
844,Sapporo,Restaurant,UrbanCafe,ZoneC,EHP,MUL,0.145564529,1,0,1,0,3,1,2,844
845,Sapporo,Restaurant,UrbanCafe,ZoneC,EHP,MUL,155742.4979,1,0,0,1,3,1,2,845
846,Sapporo,Restaurant,UrbanCafe,ZoneC,EHP,MUL,0.000213619,1,0,1,1,3,1,2,846
847,Sendai,Restaurant,UrbanCafe,ZoneC,EHP,MUL,1239.487296,0,0,0,0,3,1,2,847
848,Sendai,Restaurant,UrbanCafe,ZoneC,EHP,MUL,82461.64027,1,0,0,0,3,1,2,848
849,Sendai,Restaurant,UrbanCafe,ZoneC,EHP,MUL,3.46E-09,0,0,0,1,3,1,2,849
850,Sendai,Restaurant,UrbanCafe,ZoneC,EHP,MUL,58.39695247,1,0,1,0,3,1,2,850
851,Sendai,Restaurant,UrbanCafe,ZoneC,EHP,MUL,71039.69418,1,0,0,1,3,1,2,851
852,Sendai,Restaurant,UrbanCafe,ZoneC,EHP,MUL,0.087611439,1,0,1,1,3,1,2,852
853,Tokyo,Restaurant,UrbanCafe,ZoneC,EHP,MUL,242804.3047,0,0,0,0,1,1,2,853
854,Tokyo,Restaurant,UrbanCafe,ZoneC,EHP,MUL,698098.9394,1,0,0,0,1,1,2,854
855,Tokyo,Restaurant,UrbanCafe,ZoneC,EHP,MUL,0.007076598,0,0,0,1,1,1,2,855
856,Tokyo,Restaurant,UrbanCafe,ZoneC,EHP,MUL,10077.98647,1,0,1,0,1,1,2,856
857,Tokyo,Restaurant,UrbanCafe,ZoneC,EHP,MUL,2212.732062,1,0,0,1,1,1,2,857
858,Tokyo,Restaurant,UrbanCafe,ZoneC,EHP,MUL,18.50860245,1,0,1,1,1,1,2,858
859,Nigata,Restaurant,UrbanCafe,ZoneC,EHP,MUL,11783.57915,0,0,0,0,1,1,2,859
860,Nigata,Restaurant,UrbanCafe,ZoneC,EHP,MUL,150198.9853,1,0,0,0,1,1,2,860
861,Nigata,Restaurant,UrbanCafe,ZoneC,EHP,MUL,7.20E-06,0,0,0,1,1,1,2,861
862,Nigata,Restaurant,UrbanCafe,ZoneC,EHP,MUL,564.3093305,1,0,1,0,1,1,2,862
863,Nigata,Restaurant,UrbanCafe,ZoneC,EHP,MUL,5196.525847,1,0,0,1,1,1,2,863
864,Nigata,Restaurant,UrbanCafe,ZoneC,EHP,MUL,0.88279207,1,0,1,1,1,1,2,864
865,Nagoya,Restaurant,UrbanCafe,ZoneC,EHP,MUL,130599.299,0,0,0,0,1,1,2,865
866,Nagoya,Restaurant,UrbanCafe,ZoneC,EHP,MUL,685550.3005,1,0,0,0,1,1,2,866
867,Nagoya,Restaurant,UrbanCafe,ZoneC,EHP,MUL,0.0011604,0,0,0,1,1,1,2,867
868,Nagoya,Restaurant,UrbanCafe,ZoneC,EHP,MUL,6075.070757,1,0,1,0,1,1,2,868
869,Nagoya,Restaurant,UrbanCafe,ZoneC,EHP,MUL,4821.798142,1,0,0,1,1,1,2,869
870,Nagoya,Restaurant,UrbanCafe,ZoneC,EHP,MUL,9.843885808,1,0,1,1,1,1,2,870
871,Osaka,Restaurant,UrbanCafe,ZoneC,EHP,MUL,337881.8716,0,0,0,0,1,1,2,871
872,Osaka,Restaurant,UrbanCafe,ZoneC,EHP,MUL,905365.3316,1,0,0,0,1,1,2,872
873,Osaka,Restaurant,UrbanCafe,ZoneC,EHP,MUL,0.015552322,0,0,0,1,1,1,2,873
874,Osaka,Restaurant,UrbanCafe,ZoneC,EHP,MUL,14715.46674,1,0,1,0,1,1,2,874
875,Osaka,Restaurant,UrbanCafe,ZoneC,EHP,MUL,2169.389811,1,0,0,1,1,1,2,875
876,Osaka,Restaurant,UrbanCafe,ZoneC,EHP,MUL,25.42969567,1,0,1,1,1,1,2,876
877,Hiroshima,Restaurant,UrbanCafe,ZoneC,EHP,MUL,62176.35983,0,0,0,0,1,1,2,877
878,Hiroshima,Restaurant,UrbanCafe,ZoneC,EHP,MUL,196532.1261,1,0,0,0,1,1,2,878
879,Hiroshima,Restaurant,UrbanCafe,ZoneC,EHP,MUL,0.003282923,0,0,0,1,1,1,2,879
880,Hiroshima,Restaurant,UrbanCafe,ZoneC,EHP,MUL,3000.612174,1,0,1,0,1,1,2,880
881,Hiroshima,Restaurant,UrbanCafe,ZoneC,EHP,MUL,464.3129966,1,0,0,1,1,1,2,881
882,Hiroshima,Restaurant,UrbanCafe,ZoneC,EHP,MUL,4.789935658,1,0,1,1,1,1,2,882
883,Matsuyama,Restaurant,UrbanCafe,ZoneC,EHP,MUL,67258.59761,0,0,0,0,1,1,2,883
884,Matsuyama,Restaurant,UrbanCafe,ZoneC,EHP,MUL,149758.0668,1,0,0,0,1,1,2,884
885,Matsuyama,Restaurant,UrbanCafe,ZoneC,EHP,MUL,0.009225807,0,0,0,1,1,1,2,885
886,Matsuyama,Restaurant,UrbanCafe,ZoneC,EHP,MUL,3207.300889,1,0,1,0,1,1,2,886
887,Matsuyama,Restaurant,UrbanCafe,ZoneC,EHP,MUL,188.3518561,1,0,0,1,1,1,2,887
888,Matsuyama,Restaurant,UrbanCafe,ZoneC,EHP,MUL,5.05463162,1,0,1,1,1,1,2,888
889,Fukuoka,Restaurant,UrbanCafe,ZoneC,EHP,MUL,116743.0865,0,0,0,0,1,1,2,889
890,Fukuoka,Restaurant,UrbanCafe,ZoneC,EHP,MUL,174652.9611,1,0,0,0,1,1,2,890
891,Fukuoka,Restaurant,UrbanCafe,ZoneC,EHP,MUL,0.060135504,0,0,0,1,1,1,2,891
892,Fukuoka,Restaurant,UrbanCafe,ZoneC,EHP,MUL,5571.489604,1,0,1,0,1,1,2,892
893,Fukuoka,Restaurant,UrbanCafe,ZoneC,EHP,MUL,102.5124604,1,0,0,1,1,1,2,893
894,Fukuoka,Restaurant,UrbanCafe,ZoneC,EHP,MUL,9.039187656,1,0,1,1,1,1,2,894
895,Naha,Restaurant,UrbanCafe,ZoneC,EHP,MUL,39080.24757,0,0,0,0,1,1,2,895
896,Naha,Restaurant,UrbanCafe,ZoneC,EHP,MUL,18234.23648,1,0,0,0,1,1,2,896
897,Naha,Restaurant,UrbanCafe,ZoneC,EHP,MUL,0.869718189,0,0,0,1,1,1,2,897
898,Naha,Restaurant,UrbanCafe,ZoneC,EHP,MUL,1878.992485,1,0,1,0,1,1,2,898
899,Naha,Restaurant,UrbanCafe,ZoneC,EHP,MUL,1.125756128,1,0,0,1,1,1,2,899
900,Naha,Restaurant,UrbanCafe,ZoneC,EHP,MUL,3.173231333,1,0,1,1,1,1,2,900
901,Sapporo,Restaurant,UrbanRestaurant,ZoneC,EHP,MUL,8.111150516,0,0,0,0,3,1,2,901
902,Sapporo,Restaurant,UrbanRestaurant,ZoneC,EHP,MUL,5541.177471,1,0,0,0,3,1,2,902
903,Sapporo,Restaurant,UrbanRestaurant,ZoneC,EHP,MUL,1.46E-14,0,0,0,1,3,1,2,903
904,Sapporo,Restaurant,UrbanRestaurant,ZoneC,EHP,MUL,0.380691441,1,0,1,0,3,1,2,904
905,Sapporo,Restaurant,UrbanRestaurant,ZoneC,EHP,MUL,407309.6399,1,0,0,1,3,1,2,905
906,Sapporo,Restaurant,UrbanRestaurant,ZoneC,EHP,MUL,0.000558673,1,0,1,1,3,1,2,906
907,Sendai,Restaurant,UrbanRestaurant,ZoneC,EHP,MUL,5953.985291,0,0,0,0,3,1,2,907
908,Sendai,Restaurant,UrbanRestaurant,ZoneC,EHP,MUL,396111.6786,1,0,0,0,3,1,2,908
909,Sendai,Restaurant,UrbanRestaurant,ZoneC,EHP,MUL,1.66E-08,0,0,0,1,3,1,2,909
910,Sendai,Restaurant,UrbanRestaurant,ZoneC,EHP,MUL,280.5148528,1,0,1,0,3,1,2,910
911,Sendai,Restaurant,UrbanRestaurant,ZoneC,EHP,MUL,341245.3647,1,0,0,1,3,1,2,911
912,Sendai,Restaurant,UrbanRestaurant,ZoneC,EHP,MUL,0.420849186,1,0,1,1,3,1,2,912
913,Tokyo,Restaurant,UrbanRestaurant,ZoneC,EHP,MUL,967771.4676,0,0,0,0,1,1,2,913
914,Tokyo,Restaurant,UrbanRestaurant,ZoneC,EHP,MUL,2782488.704,1,0,0,0,1,1,2,914
915,Tokyo,Restaurant,UrbanRestaurant,ZoneC,EHP,MUL,0.028205966,0,0,0,1,1,1,2,915
916,Tokyo,Restaurant,UrbanRestaurant,ZoneC,EHP,MUL,40168.92438,1,0,1,0,1,1,2,916
917,Tokyo,Restaurant,UrbanRestaurant,ZoneC,EHP,MUL,8819.526318,1,0,0,1,1,1,2,917
918,Tokyo,Restaurant,UrbanRestaurant,ZoneC,EHP,MUL,73.77174546,1,0,1,1,1,1,2,918
919,Nigata,Restaurant,UrbanRestaurant,ZoneC,EHP,MUL,36176.41805,0,0,0,0,1,1,2,919
920,Nigata,Restaurant,UrbanRestaurant,ZoneC,EHP,MUL,461121.4652,1,0,0,0,1,1,2,920
921,Nigata,Restaurant,UrbanRestaurant,ZoneC,EHP,MUL,2.20E-05,0,0,0,1,1,1,2,921
922,Nigata,Restaurant,UrbanRestaurant,ZoneC,EHP,MUL,1732.469395,1,0,1,0,1,1,2,922
923,Nigata,Restaurant,UrbanRestaurant,ZoneC,EHP,MUL,15953.70041,1,0,0,1,1,1,2,923
924,Nigata,Restaurant,UrbanRestaurant,ZoneC,EHP,MUL,2.710233841,1,0,1,1,1,1,2,924
925,Nagoya,Restaurant,UrbanRestaurant,ZoneC,EHP,MUL,242536.3658,0,0,0,0,1,1,2,925
926,Nagoya,Restaurant,UrbanRestaurant,ZoneC,EHP,MUL,1273137.602,1,0,0,0,1,1,2,926
927,Nagoya,Restaurant,UrbanRestaurant,ZoneC,EHP,MUL,0.002154982,0,0,0,1,1,1,2,927
928,Nagoya,Restaurant,UrbanRestaurant,ZoneC,EHP,MUL,11282.03286,1,0,1,0,1,1,2,928
929,Nagoya,Restaurant,UrbanRestaurant,ZoneC,EHP,MUL,8954.576374,1,0,0,1,1,1,2,929
930,Nagoya,Restaurant,UrbanRestaurant,ZoneC,EHP,MUL,18.28111105,1,0,1,1,1,1,2,930
931,Osaka,Restaurant,UrbanRestaurant,ZoneC,EHP,MUL,601304.4496,0,0,0,0,1,1,2,931
932,Osaka,Restaurant,UrbanRestaurant,ZoneC,EHP,MUL,1611214.595,1,0,0,0,1,1,2,932
933,Osaka,Restaurant,UrbanRestaurant,ZoneC,EHP,MUL,0.027677367,0,0,0,1,1,1,2,933
934,Osaka,Restaurant,UrbanRestaurant,ZoneC,EHP,MUL,26188.07453,1,0,1,0,1,1,2,934
935,Osaka,Restaurant,UrbanRestaurant,ZoneC,EHP,MUL,3860.709485,1,0,0,1,1,1,2,935
936,Osaka,Restaurant,UrbanRestaurant,ZoneC,EHP,MUL,45.25542933,1,0,1,1,1,1,2,936
937,Hiroshima,Restaurant,UrbanRestaurant,ZoneC,EHP,MUL,160699.8852,0,0,0,0,1,1,2,937
938,Hiroshima,Restaurant,UrbanRestaurant,ZoneC,EHP,MUL,507953.3477,1,0,0,0,1,1,2,938
939,Hiroshima,Restaurant,UrbanRestaurant,ZoneC,EHP,MUL,0.008484982,0,0,0,1,1,1,2,939
940,Hiroshima,Restaurant,UrbanRestaurant,ZoneC,EHP,MUL,7755.327483,1,0,1,0,1,1,2,940
941,Hiroshima,Restaurant,UrbanRestaurant,ZoneC,EHP,MUL,1200.0549,1,0,0,1,1,1,2,941
942,Hiroshima,Restaurant,UrbanRestaurant,ZoneC,EHP,MUL,12.37998031,1,0,1,1,1,1,2,942
943,Matsuyama,Restaurant,UrbanRestaurant,ZoneC,EHP,MUL,100414.7948,0,0,0,0,1,1,2,943
944,Matsuyama,Restaurant,UrbanRestaurant,ZoneC,EHP,MUL,223583.6917,1,0,0,0,1,1,2,944
945,Matsuyama,Restaurant,UrbanRestaurant,ZoneC,EHP,MUL,0.013773815,0,0,0,1,1,1,2,945
946,Matsuyama,Restaurant,UrbanRestaurant,ZoneC,EHP,MUL,4788.390957,1,0,1,0,1,1,2,946
947,Matsuyama,Restaurant,UrbanRestaurant,ZoneC,EHP,MUL,281.2029042,1,0,0,1,1,1,2,947
948,Matsuyama,Restaurant,UrbanRestaurant,ZoneC,EHP,MUL,7.546392803,1,0,1,1,1,1,2,948
949,Fukuoka,Restaurant,UrbanRestaurant,ZoneC,EHP,MUL,437030.3771,0,0,0,0,1,1,2,949
950,Fukuoka,Restaurant,UrbanRestaurant,ZoneC,EHP,MUL,653817.2985,1,0,0,0,1,1,2,950
951,Fukuoka,Restaurant,UrbanRestaurant,ZoneC,EHP,MUL,0.225118615,0,0,0,1,1,1,2,951
952,Fukuoka,Restaurant,UrbanRestaurant,ZoneC,EHP,MUL,20856.99698,1,0,1,0,1,1,2,952
953,Fukuoka,Restaurant,UrbanRestaurant,ZoneC,EHP,MUL,383.7577073,1,0,0,1,1,1,2,953
954,Fukuoka,Restaurant,UrbanRestaurant,ZoneC,EHP,MUL,33.83840282,1,0,1,1,1,1,2,954
955,Naha,Restaurant,UrbanRestaurant,ZoneC,EHP,MUL,92967.40253,0,0,0,0,1,1,2,955
956,Naha,Restaurant,UrbanRestaurant,ZoneC,EHP,MUL,43377.14594,1,0,0,0,1,1,2,956
957,Naha,Restaurant,UrbanRestaurant,ZoneC,EHP,MUL,2.068959281,0,0,0,1,1,1,2,957
958,Naha,Restaurant,UrbanRestaurant,ZoneC,EHP,MUL,4469.906448,1,0,1,0,1,1,2,958
959,Naha,Restaurant,UrbanRestaurant,ZoneC,EHP,MUL,2.678044013,1,0,0,1,1,1,2,959
960,Naha,Restaurant,UrbanRestaurant,ZoneC,EHP,MUL,7.548751422,1,0,1,1,1,1,2,960
961,Sapporo,Restaurant,UrbanChineseRestaurant,ZoneC,EHP,MUL,3.972148462,0,0,0,0,3,1,2,961
962,Sapporo,Restaurant,UrbanChineseRestaurant,ZoneC,EHP,MUL,2713.595256,1,0,0,0,3,1,2,962
963,Sapporo,Restaurant,UrbanChineseRestaurant,ZoneC,EHP,MUL,7.15E-15,0,0,0,1,3,1,2,963
964,Sapporo,Restaurant,UrbanChineseRestaurant,ZoneC,EHP,MUL,0.186430139,1,0,1,0,3,1,2,964
965,Sapporo,Restaurant,UrbanChineseRestaurant,ZoneC,EHP,MUL,199465.4588,1,0,0,1,3,1,2,965
966,Sapporo,Restaurant,UrbanChineseRestaurant,ZoneC,EHP,MUL,0.00027359,1,0,1,1,3,1,2,966
967,Sendai,Restaurant,UrbanChineseRestaurant,ZoneC,EHP,MUL,2914.558405,0,0,0,0,3,1,2,967
968,Sendai,Restaurant,UrbanChineseRestaurant,ZoneC,EHP,MUL,193902.1623,1,0,0,0,3,1,2,968
969,Sendai,Restaurant,UrbanChineseRestaurant,ZoneC,EHP,MUL,8.16E-09,0,0,0,1,3,1,2,969
970,Sendai,Restaurant,UrbanChineseRestaurant,ZoneC,EHP,MUL,137.3159122,1,0,1,0,3,1,2,970
971,Sendai,Restaurant,UrbanChineseRestaurant,ZoneC,EHP,MUL,167044.3404,1,0,0,1,3,1,2,971
972,Sendai,Restaurant,UrbanChineseRestaurant,ZoneC,EHP,MUL,0.206011515,1,0,1,1,3,1,2,972
973,Tokyo,Restaurant,UrbanChineseRestaurant,ZoneC,EHP,MUL,504710.8237,0,0,0,0,1,1,2,973
974,Tokyo,Restaurant,UrbanChineseRestaurant,ZoneC,EHP,MUL,1451119.622,1,0,0,0,1,1,2,974
975,Tokyo,Restaurant,UrbanChineseRestaurant,ZoneC,EHP,MUL,0.014709936,0,0,0,1,1,1,2,975
976,Tokyo,Restaurant,UrbanChineseRestaurant,ZoneC,EHP,MUL,20948.84133,1,0,1,0,1,1,2,976
977,Tokyo,Restaurant,UrbanChineseRestaurant,ZoneC,EHP,MUL,4599.547043,1,0,0,1,1,1,2,977
978,Tokyo,Restaurant,UrbanChineseRestaurant,ZoneC,EHP,MUL,38.47333762,1,0,1,1,1,1,2,978
979,Nigata,Restaurant,UrbanChineseRestaurant,ZoneC,EHP,MUL,14003.54058,0,0,0,0,1,1,2,979
980,Nigata,Restaurant,UrbanChineseRestaurant,ZoneC,EHP,MUL,178495.6471,1,0,0,0,1,1,2,980
981,Nigata,Restaurant,UrbanChineseRestaurant,ZoneC,EHP,MUL,8.53E-06,0,0,0,1,1,1,2,981
982,Nigata,Restaurant,UrbanChineseRestaurant,ZoneC,EHP,MUL,670.6221013,1,0,1,0,1,1,2,982
983,Nigata,Restaurant,UrbanChineseRestaurant,ZoneC,EHP,MUL,6175.522705,1,0,0,1,1,1,2,983
984,Nigata,Restaurant,UrbanChineseRestaurant,ZoneC,EHP,MUL,1.049105236,1,0,1,1,1,1,2,984
985,Nagoya,Restaurant,UrbanChineseRestaurant,ZoneC,EHP,MUL,101213.4016,0,0,0,0,1,1,2,985
986,Nagoya,Restaurant,UrbanChineseRestaurant,ZoneC,EHP,MUL,531295.9443,1,0,0,0,1,1,2,986
987,Nagoya,Restaurant,UrbanChineseRestaurant,ZoneC,EHP,MUL,0.0008993,0,0,0,1,1,1,2,987
988,Nagoya,Restaurant,UrbanChineseRestaurant,ZoneC,EHP,MUL,4708.130757,1,0,1,0,1,1,2,988
989,Nagoya,Restaurant,UrbanChineseRestaurant,ZoneC,EHP,MUL,3736.854605,1,0,0,1,1,1,2,989
990,Nagoya,Restaurant,UrbanChineseRestaurant,ZoneC,EHP,MUL,7.628931972,1,0,1,1,1,1,2,990
991,Osaka,Restaurant,UrbanChineseRestaurant,ZoneC,EHP,MUL,179693.0743,0,0,0,0,1,1,2,991
992,Osaka,Restaurant,UrbanChineseRestaurant,ZoneC,EHP,MUL,481493.3666,1,0,0,0,1,1,2,992
993,Osaka,Restaurant,UrbanChineseRestaurant,ZoneC,EHP,MUL,0.00827107,0,0,0,1,1,1,2,993
994,Osaka,Restaurant,UrbanChineseRestaurant,ZoneC,EHP,MUL,7826.011637,1,0,1,0,1,1,2,994
995,Osaka,Restaurant,UrbanChineseRestaurant,ZoneC,EHP,MUL,1153.729623,1,0,0,1,1,1,2,995
996,Osaka,Restaurant,UrbanChineseRestaurant,ZoneC,EHP,MUL,13.52407624,1,0,1,1,1,1,2,996
997,Hiroshima,Restaurant,UrbanChineseRestaurant,ZoneC,EHP,MUL,51029.28934,0,0,0,0,1,1,2,997
998,Hiroshima,Restaurant,UrbanChineseRestaurant,ZoneC,EHP,MUL,161297.5536,1,0,0,0,1,1,2,998
999,Hiroshima,Restaurant,UrbanChineseRestaurant,ZoneC,EHP,MUL,0.002694355,0,0,0,1,1,1,2,999
1000,Hiroshima,Restaurant,UrbanChineseRestaurant,ZoneC,EHP,MUL,2462.657951,1,0,1,0,1,1,2,1000
1001,Hiroshima,Restaurant,UrbanChineseRestaurant,ZoneC,EHP,MUL,381.0702704,1,0,0,1,1,1,2,1001
1002,Hiroshima,Restaurant,UrbanChineseRestaurant,ZoneC,EHP,MUL,3.931188852,1,0,1,1,1,1,2,1002
1003,Matsuyama,Restaurant,UrbanChineseRestaurant,ZoneC,EHP,MUL,44599.59597,0,0,0,0,1,1,2,1003
1004,Matsuyama,Restaurant,UrbanChineseRestaurant,ZoneC,EHP,MUL,99305.50902,1,0,0,0,1,1,2,1004
1005,Matsuyama,Restaurant,UrbanChineseRestaurant,ZoneC,EHP,MUL,0.00611769,0,0,0,1,1,1,2,1005
1006,Matsuyama,Restaurant,UrbanChineseRestaurant,ZoneC,EHP,MUL,2126.781241,1,0,1,0,1,1,2,1006
1007,Matsuyama,Restaurant,UrbanChineseRestaurant,ZoneC,EHP,MUL,124.8972916,1,0,0,1,1,1,2,1007
1008,Matsuyama,Restaurant,UrbanChineseRestaurant,ZoneC,EHP,MUL,3.351757782,1,0,1,1,1,1,2,1008
1009,Fukuoka,Restaurant,UrbanChineseRestaurant,ZoneC,EHP,MUL,162740.065,0,0,0,0,1,1,2,1009
1010,Fukuoka,Restaurant,UrbanChineseRestaurant,ZoneC,EHP,MUL,243466.5305,1,0,0,0,1,1,2,1010
1011,Fukuoka,Restaurant,UrbanChineseRestaurant,ZoneC,EHP,MUL,0.083828997,0,0,0,1,1,1,2,1011
1012,Fukuoka,Restaurant,UrbanChineseRestaurant,ZoneC,EHP,MUL,7766.666167,1,0,1,0,1,1,2,1012
1013,Fukuoka,Restaurant,UrbanChineseRestaurant,ZoneC,EHP,MUL,142.9025475,1,0,0,1,1,1,2,1013
1014,Fukuoka,Restaurant,UrbanChineseRestaurant,ZoneC,EHP,MUL,12.60064326,1,0,1,1,1,1,2,1014
1015,Naha,Restaurant,UrbanChineseRestaurant,ZoneC,EHP,MUL,20371.27909,0,0,0,0,1,1,2,1015
1016,Naha,Restaurant,UrbanChineseRestaurant,ZoneC,EHP,MUL,9504.922398,1,0,0,0,1,1,2,1016
1017,Naha,Restaurant,UrbanChineseRestaurant,ZoneC,EHP,MUL,0.453356185,0,0,0,1,1,1,2,1017
1018,Naha,Restaurant,UrbanChineseRestaurant,ZoneC,EHP,MUL,979.458491,1,0,1,0,1,1,2,1018
1019,Naha,Restaurant,UrbanChineseRestaurant,ZoneC,EHP,MUL,0.586820547,1,0,0,1,1,1,2,1019
1020,Naha,Restaurant,UrbanChineseRestaurant,ZoneC,EHP,MUL,1.654103674,1,0,1,1,1,1,2,1020
1021,Sapporo,Restaurant,UrbanYakiniku,ZoneC,EHP,MUL,1.178835195,0,0,0,0,3,1,2,1021
1022,Sapporo,Restaurant,UrbanYakiniku,ZoneC,EHP,MUL,805.3278028,1,0,0,0,3,1,2,1022
1023,Sapporo,Restaurant,UrbanYakiniku,ZoneC,EHP,MUL,2.13E-15,0,0,0,1,3,1,2,1023
1024,Sapporo,Restaurant,UrbanYakiniku,ZoneC,EHP,MUL,0.055327844,1,0,1,0,3,1,2,1024
1025,Sapporo,Restaurant,UrbanYakiniku,ZoneC,EHP,MUL,59196.40351,1,0,0,1,3,1,2,1025
1026,Sapporo,Restaurant,UrbanYakiniku,ZoneC,EHP,MUL,8.12E-05,1,0,1,1,3,1,2,1026
1027,Sendai,Restaurant,UrbanYakiniku,ZoneC,EHP,MUL,535.3782864,0,0,0,0,3,1,2,1027
1028,Sendai,Restaurant,UrbanYakiniku,ZoneC,EHP,MUL,35618.09129,1,0,0,0,3,1,2,1028
1029,Sendai,Restaurant,UrbanYakiniku,ZoneC,EHP,MUL,1.49E-09,0,0,0,1,3,1,2,1029
1030,Sendai,Restaurant,UrbanYakiniku,ZoneC,EHP,MUL,25.22370376,1,0,1,0,3,1,2,1030
1031,Sendai,Restaurant,UrbanYakiniku,ZoneC,EHP,MUL,30684.54987,1,0,0,1,3,1,2,1031
1032,Sendai,Restaurant,UrbanYakiniku,ZoneC,EHP,MUL,0.037842471,1,0,1,1,3,1,2,1032
1033,Tokyo,Restaurant,UrbanYakiniku,ZoneC,EHP,MUL,82900.95036,0,0,0,0,1,1,2,1033
1034,Tokyo,Restaurant,UrbanYakiniku,ZoneC,EHP,MUL,238352.7161,1,0,0,0,1,1,2,1034
1035,Tokyo,Restaurant,UrbanYakiniku,ZoneC,EHP,MUL,0.002416171,0,0,0,1,1,1,2,1035
1036,Tokyo,Restaurant,UrbanYakiniku,ZoneC,EHP,MUL,3440.9384,1,0,1,0,1,1,2,1036
1037,Tokyo,Restaurant,UrbanYakiniku,ZoneC,EHP,MUL,755.4956288,1,0,0,1,1,1,2,1037
1038,Tokyo,Restaurant,UrbanYakiniku,ZoneC,EHP,MUL,6.319413217,1,0,1,1,1,1,2,1038
1039,Nigata,Restaurant,UrbanYakiniku,ZoneC,EHP,MUL,3705.488168,0,0,0,0,1,1,2,1039
1040,Nigata,Restaurant,UrbanYakiniku,ZoneC,EHP,MUL,47231.87715,1,0,0,0,1,1,2,1040
1041,Nigata,Restaurant,UrbanYakiniku,ZoneC,EHP,MUL,2.26E-06,0,0,0,1,1,1,2,1041
1042,Nigata,Restaurant,UrbanYakiniku,ZoneC,EHP,MUL,177.4538551,1,0,1,0,1,1,2,1042
1043,Nigata,Restaurant,UrbanYakiniku,ZoneC,EHP,MUL,1634.110044,1,0,0,1,1,1,2,1043
1044,Nigata,Restaurant,UrbanYakiniku,ZoneC,EHP,MUL,0.277604582,1,0,1,1,1,1,2,1044
1045,Nagoya,Restaurant,UrbanYakiniku,ZoneC,EHP,MUL,24157.18184,0,0,0,0,1,1,2,1045
1046,Nagoya,Restaurant,UrbanYakiniku,ZoneC,EHP,MUL,126807.4438,1,0,0,0,1,1,2,1046
1047,Nagoya,Restaurant,UrbanYakiniku,ZoneC,EHP,MUL,0.000214641,0,0,0,1,1,1,2,1047
1048,Nagoya,Restaurant,UrbanYakiniku,ZoneC,EHP,MUL,1123.716514,1,0,1,0,1,1,2,1048
1049,Nagoya,Restaurant,UrbanYakiniku,ZoneC,EHP,MUL,891.8964759,1,0,0,1,1,1,2,1049
1050,Nagoya,Restaurant,UrbanYakiniku,ZoneC,EHP,MUL,1.820840857,1,0,1,1,1,1,2,1050
1051,Osaka,Restaurant,UrbanYakiniku,ZoneC,EHP,MUL,61610.31033,0,0,0,0,1,1,2,1051
1052,Osaka,Restaurant,UrbanYakiniku,ZoneC,EHP,MUL,165086.8063,1,0,0,0,1,1,2,1052
1053,Osaka,Restaurant,UrbanYakiniku,ZoneC,EHP,MUL,0.002835853,0,0,0,1,1,1,2,1053
1054,Osaka,Restaurant,UrbanYakiniku,ZoneC,EHP,MUL,2683.258706,1,0,1,0,1,1,2,1054
1055,Osaka,Restaurant,UrbanYakiniku,ZoneC,EHP,MUL,395.5725085,1,0,0,1,1,1,2,1055
1056,Osaka,Restaurant,UrbanYakiniku,ZoneC,EHP,MUL,4.636920694,1,0,1,1,1,1,2,1056
1057,Hiroshima,Restaurant,UrbanYakiniku,ZoneC,EHP,MUL,17968.41847,0,0,0,0,1,1,2,1057
1058,Hiroshima,Restaurant,UrbanYakiniku,ZoneC,EHP,MUL,56796.04747,1,0,0,0,1,1,2,1058
1059,Hiroshima,Restaurant,UrbanYakiniku,ZoneC,EHP,MUL,0.000948736,0,0,0,1,1,1,2,1059
1060,Hiroshima,Restaurant,UrbanYakiniku,ZoneC,EHP,MUL,867.1503988,1,0,1,0,1,1,2,1060
1061,Hiroshima,Restaurant,UrbanYakiniku,ZoneC,EHP,MUL,134.1823524,1,0,0,1,1,1,2,1061
1062,Hiroshima,Restaurant,UrbanYakiniku,ZoneC,EHP,MUL,1.384249071,1,0,1,1,1,1,2,1062
1063,Matsuyama,Restaurant,UrbanYakiniku,ZoneC,EHP,MUL,10402.16813,0,0,0,0,1,1,2,1063
1064,Matsuyama,Restaurant,UrbanYakiniku,ZoneC,EHP,MUL,23161.47889,1,0,0,0,1,1,2,1064
1065,Matsuyama,Restaurant,UrbanYakiniku,ZoneC,EHP,MUL,0.001426857,0,0,0,1,1,1,2,1065
1066,Matsuyama,Restaurant,UrbanYakiniku,ZoneC,EHP,MUL,496.038934,1,0,1,0,1,1,2,1066
1067,Matsuyama,Restaurant,UrbanYakiniku,ZoneC,EHP,MUL,29.13036761,1,0,0,1,1,1,2,1067
1068,Matsuyama,Restaurant,UrbanYakiniku,ZoneC,EHP,MUL,0.781745825,1,0,1,1,1,1,2,1068
1069,Fukuoka,Restaurant,UrbanYakiniku,ZoneC,EHP,MUL,47129.41731,0,0,0,0,1,1,2,1069
1070,Fukuoka,Restaurant,UrbanYakiniku,ZoneC,EHP,MUL,70507.74937,1,0,0,0,1,1,2,1070
1071,Fukuoka,Restaurant,UrbanYakiniku,ZoneC,EHP,MUL,0.024276823,0,0,0,1,1,1,2,1071
1072,Fukuoka,Restaurant,UrbanYakiniku,ZoneC,EHP,MUL,2249.221487,1,0,1,0,1,1,2,1072
1073,Fukuoka,Restaurant,UrbanYakiniku,ZoneC,EHP,MUL,41.38448511,1,0,0,1,1,1,2,1073
1074,Fukuoka,Restaurant,UrbanYakiniku,ZoneC,EHP,MUL,3.649138118,1,0,1,1,1,1,2,1074
1075,Naha,Restaurant,UrbanYakiniku,ZoneC,EHP,MUL,7103.467058,0,0,0,0,1,1,2,1075
1076,Naha,Restaurant,UrbanYakiniku,ZoneC,EHP,MUL,3314.367392,1,0,0,0,1,1,2,1076
1077,Naha,Restaurant,UrbanYakiniku,ZoneC,EHP,MUL,0.158085347,0,0,0,1,1,1,2,1077
1078,Naha,Restaurant,UrbanYakiniku,ZoneC,EHP,MUL,341.537274,1,0,1,0,1,1,2,1078
1079,Naha,Restaurant,UrbanYakiniku,ZoneC,EHP,MUL,0.204624384,1,0,0,1,1,1,2,1079
1080,Naha,Restaurant,UrbanYakiniku,ZoneC,EHP,MUL,0.576786117,1,0,1,1,1,1,2,1080
1081,Sapporo,Logistics,Logistics,ZoneC,EHP,MUL,27488243.28,1,1,0,0,1,1,2,1081
1082,Sendai,Logistics,Logistics,ZoneC,EHP,MUL,27488243.28,1,1,0,0,1,1,2,1082
1083,Tokyo,Logistics,Logistics,ZoneC,EHP,MUL,27488243.28,1,1,0,0,1,1,2,1083
1084,Nigata,Logistics,Logistics,ZoneC,EHP,MUL,27488243.28,1,1,0,0,1,1,2,1084
1085,Nagoya,Logistics,Logistics,ZoneC,EHP,MUL,27488243.28,1,1,0,0,1,1,2,1085
1086,Osaka,Logistics,Logistics,ZoneC,EHP,MUL,27488243.28,1,1,0,0,1,1,2,1086
1087,Hiroshima,Logistics,Logistics,ZoneC,EHP,MUL,27488243.28,1,1,0,0,1,1,2,1087
1088,Matsuyama,Logistics,Logistics,ZoneC,EHP,MUL,27488243.28,1,1,0,0,1,1,2,1088
1089,Fukuoka,Logistics,Logistics,ZoneC,EHP,MUL,27488243.28,1,1,0,0,1,1,2,1089
1090,Naha,Logistics,Logistics,ZoneC,EHP,MUL,27488243.28,1,1,0,0,1,1,2,1090
1091,Sapporo,Logistics,Cool,ZoneC,EHP,MUL,0,1,1,0,0,1,1,2,1091
1092,Sendai,Logistics,Cool,ZoneC,EHP,MUL,0,1,1,0,0,1,1,2,1092
1093,Tokyo,Logistics,Cool,ZoneC,EHP,MUL,0,1,1,0,0,1,1,2,1093
1094,Nigata,Logistics,Cool,ZoneC,EHP,MUL,0,1,1,0,0,1,1,2,1094
1095,Nagoya,Logistics,Cool,ZoneC,EHP,MUL,0,1,1,0,0,1,1,2,1095
1096,Osaka,Logistics,Cool,ZoneC,EHP,MUL,0,1,1,0,0,1,1,2,1096
1097,Hiroshima,Logistics,Cool,ZoneC,EHP,MUL,0,1,1,0,0,1,1,2,1097
1098,Matsuyama,Logistics,Cool,ZoneC,EHP,MUL,0,1,1,0,0,1,1,2,1098
1099,Fukuoka,Logistics,Cool,ZoneC,EHP,MUL,0,1,1,0,0,1,1,2,1099
1100,Naha,Logistics,Cool,ZoneC,EHP,MUL,0,1,1,0,0,1,1,2,1100
1101,Sapporo,Amusement,Patinko,ZoneC,EHP,MUL,605383.0186,1,1,0,0,1,1,2,1101
1102,Sendai,Amusement,Patinko,ZoneC,EHP,MUL,605383.0186,1,1,0,0,1,1,2,1102
1103,Tokyo,Amusement,Patinko,ZoneC,EHP,MUL,605383.0186,1,1,0,0,1,1,2,1103
1104,Nigata,Amusement,Patinko,ZoneC,EHP,MUL,605383.0186,1,1,0,0,1,1,2,1104
1105,Nagoya,Amusement,Patinko,ZoneC,EHP,MUL,605383.0186,1,1,0,0,1,1,2,1105
1106,Osaka,Amusement,Patinko,ZoneC,EHP,MUL,605383.0186,1,1,0,0,1,1,2,1106
1107,Hiroshima,Amusement,Patinko,ZoneC,EHP,MUL,605383.0186,1,1,0,0,1,1,2,1107
1108,Matsuyama,Amusement,Patinko,ZoneC,EHP,MUL,605383.0186,1,1,0,0,1,1,2,1108
1109,Fukuoka,Amusement,Patinko,ZoneC,EHP,MUL,605383.0186,1,1,0,0,1,1,2,1109
1110,Naha,Amusement,Patinko,ZoneC,EHP,MUL,605383.0186,1,1,0,0,1,1,2,1110
1111,Sapporo,Amusement,Fitness,ZoneC,EHP,MUL,340052.2125,1,1,0,0,1,1,2,1111
1112,Sendai,Amusement,Fitness,ZoneC,EHP,MUL,340052.2125,1,1,0,0,1,1,2,1112
1113,Tokyo,Amusement,Fitness,ZoneC,EHP,MUL,340052.2125,1,1,0,0,1,1,2,1113
1114,Nigata,Amusement,Fitness,ZoneC,EHP,MUL,340052.2125,1,1,0,0,1,1,2,1114
1115,Nagoya,Amusement,Fitness,ZoneC,EHP,MUL,340052.2125,1,1,0,0,1,1,2,1115
1116,Osaka,Amusement,Fitness,ZoneC,EHP,MUL,340052.2125,1,1,0,0,1,1,2,1116
1117,Hiroshima,Amusement,Fitness,ZoneC,EHP,MUL,340052.2125,1,1,0,0,1,1,2,1117
1118,Matsuyama,Amusement,Fitness,ZoneC,EHP,MUL,340052.2125,1,1,0,0,1,1,2,1118
1119,Fukuoka,Amusement,Fitness,ZoneC,EHP,MUL,340052.2125,1,1,0,0,1,1,2,1119
1120,Naha,Amusement,Fitness,ZoneC,EHP,MUL,340052.2125,1,1,0,0,1,1,2,1120
1121,Sapporo,Amusement,Karaoke,ZoneC,EHP,MUL,394141.1958,1,1,0,0,1,1,2,1121
1122,Sendai,Amusement,Karaoke,ZoneC,EHP,MUL,394141.1958,1,1,0,0,1,1,2,1122
1123,Tokyo,Amusement,Karaoke,ZoneC,EHP,MUL,394141.1958,1,1,0,0,1,1,2,1123
1124,Nigata,Amusement,Karaoke,ZoneC,EHP,MUL,394141.1958,1,1,0,0,1,1,2,1124
1125,Nagoya,Amusement,Karaoke,ZoneC,EHP,MUL,394141.1958,1,1,0,0,1,1,2,1125
1126,Osaka,Amusement,Karaoke,ZoneC,EHP,MUL,394141.1958,1,1,0,0,1,1,2,1126
1127,Hiroshima,Amusement,Karaoke,ZoneC,EHP,MUL,394141.1958,1,1,0,0,1,1,2,1127
1128,Matsuyama,Amusement,Karaoke,ZoneC,EHP,MUL,394141.1958,1,1,0,0,1,1,2,1128
1129,Fukuoka,Amusement,Karaoke,ZoneC,EHP,MUL,394141.1958,1,1,0,0,1,1,2,1129
1130,Naha,Amusement,Karaoke,ZoneC,EHP,MUL,394141.1958,1,1,0,0,1,1,2,1130
1131,Sapporo,Restaurant,UrbanBar,ZoneC,EHP,MUL,7.828832889,0,0,0,0,3,2,2,1131
1132,Sapporo,Restaurant,UrbanBar,ZoneC,EHP,MUL,5348.310618,1,0,0,0,3,2,2,1132
1133,Sapporo,Restaurant,UrbanBar,ZoneC,EHP,MUL,1.41E-14,0,0,0,1,3,2,2,1133
1134,Sapporo,Restaurant,UrbanBar,ZoneC,EHP,MUL,0.367441051,1,0,1,0,3,2,2,1134
1135,Sapporo,Restaurant,UrbanBar,ZoneC,EHP,MUL,393132.7744,1,0,0,1,3,2,2,1135
1136,Sapporo,Restaurant,UrbanBar,ZoneC,EHP,MUL,0.000539228,1,0,1,1,3,2,2,1136
1137,Sendai,Restaurant,UrbanBar,ZoneC,EHP,MUL,4523.154095,0,0,0,0,3,2,2,1137
1138,Sendai,Restaurant,UrbanBar,ZoneC,EHP,MUL,300920.1523,1,0,0,0,3,2,2,1138
1139,Sendai,Restaurant,UrbanBar,ZoneC,EHP,MUL,1.26E-08,0,0,0,1,3,2,2,1139
1140,Sendai,Restaurant,UrbanBar,ZoneC,EHP,MUL,213.1029626,1,0,1,0,3,2,2,1140
1141,Sendai,Restaurant,UrbanBar,ZoneC,EHP,MUL,259239.0295,1,0,0,1,3,2,2,1141
1142,Sendai,Restaurant,UrbanBar,ZoneC,EHP,MUL,0.319712869,1,0,1,1,3,2,2,1142
1143,Tokyo,Restaurant,UrbanBar,ZoneC,EHP,MUL,545147.7743,0,0,0,0,1,2,2,1143
1144,Tokyo,Restaurant,UrbanBar,ZoneC,EHP,MUL,1567381.944,1,0,0,0,1,2,2,1144
1145,Tokyo,Restaurant,UrbanBar,ZoneC,EHP,MUL,0.015888482,0,0,0,1,1,2,2,1145
1146,Tokyo,Restaurant,UrbanBar,ZoneC,EHP,MUL,22627.24255,1,0,1,0,1,2,2,1146
1147,Tokyo,Restaurant,UrbanBar,ZoneC,EHP,MUL,4968.058374,1,0,0,1,1,2,2,1147
1148,Tokyo,Restaurant,UrbanBar,ZoneC,EHP,MUL,41.5557848,1,0,1,1,1,2,2,1148
1149,Nigata,Restaurant,UrbanBar,ZoneC,EHP,MUL,21421.79205,0,0,0,0,1,2,2,1149
1150,Nigata,Restaurant,UrbanBar,ZoneC,EHP,MUL,273052.1337,1,0,0,0,1,2,2,1150
1151,Nigata,Restaurant,UrbanBar,ZoneC,EHP,MUL,1.30E-05,0,0,0,1,1,2,2,1151
1152,Nigata,Restaurant,UrbanBar,ZoneC,EHP,MUL,1025.878214,1,0,1,0,1,2,2,1152
1153,Nigata,Restaurant,UrbanBar,ZoneC,EHP,MUL,9446.951109,1,0,0,1,1,2,2,1153
1154,Nigata,Restaurant,UrbanBar,ZoneC,EHP,MUL,1.604859433,1,0,1,1,1,2,2,1154
1155,Nagoya,Restaurant,UrbanBar,ZoneC,EHP,MUL,131896.6099,0,0,0,0,1,2,2,1155
1156,Nagoya,Restaurant,UrbanBar,ZoneC,EHP,MUL,692360.2287,1,0,0,0,1,2,2,1156
1157,Nagoya,Restaurant,UrbanBar,ZoneC,EHP,MUL,0.001171926,0,0,0,1,1,2,2,1157
1158,Nagoya,Restaurant,UrbanBar,ZoneC,EHP,MUL,6135.417601,1,0,1,0,1,2,2,1158
1159,Nagoya,Restaurant,UrbanBar,ZoneC,EHP,MUL,4869.695575,1,0,0,1,1,2,2,1159
1160,Nagoya,Restaurant,UrbanBar,ZoneC,EHP,MUL,9.941670257,1,0,1,1,1,2,2,1160
1161,Osaka,Restaurant,UrbanBar,ZoneC,EHP,MUL,300108.9391,0,0,0,0,1,2,2,1161
1162,Osaka,Restaurant,UrbanBar,ZoneC,EHP,MUL,804151.5455,1,0,0,0,1,2,2,1162
1163,Osaka,Restaurant,UrbanBar,ZoneC,EHP,MUL,0.013813677,0,0,0,1,1,2,2,1163
1164,Osaka,Restaurant,UrbanBar,ZoneC,EHP,MUL,13070.37602,1,0,1,0,1,2,2,1164
1165,Osaka,Restaurant,UrbanBar,ZoneC,EHP,MUL,1926.866545,1,0,0,1,1,2,2,1165
1166,Osaka,Restaurant,UrbanBar,ZoneC,EHP,MUL,22.58682584,1,0,1,1,1,2,2,1166
1167,Hiroshima,Restaurant,UrbanBar,ZoneC,EHP,MUL,85876.40239,0,0,0,0,1,2,2,1167
1168,Hiroshima,Restaurant,UrbanBar,ZoneC,EHP,MUL,271445.1601,1,0,0,0,1,2,2,1168
1169,Hiroshima,Restaurant,UrbanBar,ZoneC,EHP,MUL,0.004534289,0,0,0,1,1,2,2,1169
1170,Hiroshima,Restaurant,UrbanBar,ZoneC,EHP,MUL,4144.369005,1,0,1,0,1,2,2,1170
1171,Hiroshima,Restaurant,UrbanBar,ZoneC,EHP,MUL,641.2972687,1,0,0,1,1,2,2,1171
1172,Hiroshima,Restaurant,UrbanBar,ZoneC,EHP,MUL,6.615736966,1,0,1,1,1,2,2,1172
1173,Matsuyama,Restaurant,UrbanBar,ZoneC,EHP,MUL,65301.47516,0,0,0,0,1,2,2,1173
1174,Matsuyama,Restaurant,UrbanBar,ZoneC,EHP,MUL,145400.3358,1,0,0,0,1,2,2,1174
1175,Matsuyama,Restaurant,UrbanBar,ZoneC,EHP,MUL,0.00895735,0,0,0,1,1,2,2,1175
1176,Matsuyama,Restaurant,UrbanBar,ZoneC,EHP,MUL,3113.973332,1,0,1,0,1,2,2,1176
1177,Matsuyama,Restaurant,UrbanBar,ZoneC,EHP,MUL,182.8711047,1,0,0,1,1,2,2,1177
1178,Matsuyama,Restaurant,UrbanBar,ZoneC,EHP,MUL,4.907549559,1,0,1,1,1,2,2,1178
1179,Fukuoka,Restaurant,UrbanBar,ZoneC,EHP,MUL,342499.8631,0,0,0,0,1,2,2,1179
1180,Fukuoka,Restaurant,UrbanBar,ZoneC,EHP,MUL,512395.3549,1,0,0,0,1,2,2,1180
1181,Fukuoka,Restaurant,UrbanBar,ZoneC,EHP,MUL,0.176425024,0,0,0,1,1,2,2,1181
1182,Fukuoka,Restaurant,UrbanBar,ZoneC,EHP,MUL,16345.58828,1,0,1,0,1,2,2,1182
1183,Fukuoka,Restaurant,UrbanBar,ZoneC,EHP,MUL,300.7501747,1,0,0,1,1,2,2,1183
1184,Fukuoka,Restaurant,UrbanBar,ZoneC,EHP,MUL,26.51909099,1,0,1,1,1,2,2,1184
1185,Naha,Restaurant,UrbanBar,ZoneC,EHP,MUL,121541.5702,0,0,0,0,1,2,2,1185
1186,Naha,Restaurant,UrbanBar,ZoneC,EHP,MUL,56709.40873,1,0,0,0,1,2,2,1186
1187,Naha,Restaurant,UrbanBar,ZoneC,EHP,MUL,2.70486808,0,0,0,1,1,2,2,1187
1188,Naha,Restaurant,UrbanBar,ZoneC,EHP,MUL,5843.762798,1,0,1,0,1,2,2,1188
1189,Naha,Restaurant,UrbanBar,ZoneC,EHP,MUL,3.501159176,1,0,0,1,1,2,2,1189
1190,Naha,Restaurant,UrbanBar,ZoneC,EHP,MUL,9.868911854,1,0,1,1,1,2,2,1190
1191,Sapporo,Restaurant,UrbanCafe,ZoneC,EHP,MUL,1.653523227,0,0,0,0,3,2,2,1191
1192,Sapporo,Restaurant,UrbanCafe,ZoneC,EHP,MUL,1129.613565,1,0,0,0,3,2,2,1192
1193,Sapporo,Restaurant,UrbanCafe,ZoneC,EHP,MUL,2.99E-15,0,0,0,1,3,2,2,1193
1194,Sapporo,Restaurant,UrbanCafe,ZoneC,EHP,MUL,0.07760701,1,0,1,0,3,2,2,1194
1195,Sapporo,Restaurant,UrbanCafe,ZoneC,EHP,MUL,83033.34385,1,0,0,1,3,2,2,1195
1196,Sapporo,Restaurant,UrbanCafe,ZoneC,EHP,MUL,1.14E-04,1,0,1,1,3,2,2,1196
1197,Sendai,Restaurant,UrbanCafe,ZoneC,EHP,MUL,660.8265325,0,0,0,0,3,2,2,1197
1198,Sendai,Restaurant,UrbanCafe,ZoneC,EHP,MUL,43964.01641,1,0,0,0,3,2,2,1198
1199,Sendai,Restaurant,UrbanCafe,ZoneC,EHP,MUL,1.85E-09,0,0,0,1,3,2,2,1199
1200,Sendai,Restaurant,UrbanCafe,ZoneC,EHP,MUL,31.13404691,1,0,1,0,3,2,2,1200
1201,Sendai,Restaurant,UrbanCafe,ZoneC,EHP,MUL,37874.46224,1,0,0,1,3,2,2,1201
1202,Sendai,Restaurant,UrbanCafe,ZoneC,EHP,MUL,0.046709606,1,0,1,1,3,2,2,1202
1203,Tokyo,Restaurant,UrbanCafe,ZoneC,EHP,MUL,129449.9163,0,0,0,0,1,2,2,1203
1204,Tokyo,Restaurant,UrbanCafe,ZoneC,EHP,MUL,372188.0031,1,0,0,0,1,2,2,1204
1205,Tokyo,Restaurant,UrbanCafe,ZoneC,EHP,MUL,0.003772853,0,0,0,1,1,2,2,1205
1206,Tokyo,Restaurant,UrbanCafe,ZoneC,EHP,MUL,5373.028731,1,0,1,0,1,2,2,1206
1207,Tokyo,Restaurant,UrbanCafe,ZoneC,EHP,MUL,1179.707175,1,0,0,1,1,2,2,1207
1208,Tokyo,Restaurant,UrbanCafe,ZoneC,EHP,MUL,9.867770023,1,0,1,1,1,2,2,1208
1209,Nigata,Restaurant,UrbanCafe,ZoneC,EHP,MUL,6282.357048,0,0,0,0,1,2,2,1209
1210,Nigata,Restaurant,UrbanCafe,ZoneC,EHP,MUL,80077.84749,1,0,0,0,1,2,2,1210
1211,Nigata,Restaurant,UrbanCafe,ZoneC,EHP,MUL,3.84E-06,0,0,0,1,1,2,2,1211
1212,Nigata,Restaurant,UrbanCafe,ZoneC,EHP,MUL,300.8587336,1,0,1,0,1,2,2,1212
1213,Nigata,Restaurant,UrbanCafe,ZoneC,EHP,MUL,2770.502101,1,0,0,1,1,2,2,1213
1214,Nigata,Restaurant,UrbanCafe,ZoneC,EHP,MUL,0.470656234,1,0,1,1,1,2,2,1214
1215,Nagoya,Restaurant,UrbanCafe,ZoneC,EHP,MUL,69628.37152,0,0,0,0,1,2,2,1215
1216,Nagoya,Restaurant,UrbanCafe,ZoneC,EHP,MUL,365497.7582,1,0,0,0,1,2,2,1216
1217,Nagoya,Restaurant,UrbanCafe,ZoneC,EHP,MUL,0.000618661,0,0,0,1,1,2,2,1217
1218,Nagoya,Restaurant,UrbanCafe,ZoneC,EHP,MUL,3238.893982,1,0,1,0,1,2,2,1218
1219,Nagoya,Restaurant,UrbanCafe,ZoneC,EHP,MUL,2570.717875,1,0,0,1,1,2,2,1219
1220,Nagoya,Restaurant,UrbanCafe,ZoneC,EHP,MUL,5.24821912,1,0,1,1,1,2,2,1220
1221,Osaka,Restaurant,UrbanCafe,ZoneC,EHP,MUL,180140.0517,0,0,0,0,1,2,2,1221
1222,Osaka,Restaurant,UrbanCafe,ZoneC,EHP,MUL,482691.0569,1,0,0,0,1,2,2,1222
1223,Osaka,Restaurant,UrbanCafe,ZoneC,EHP,MUL,0.008291644,0,0,0,1,1,2,2,1223
1224,Osaka,Restaurant,UrbanCafe,ZoneC,EHP,MUL,7845.478446,1,0,1,0,1,2,2,1224
1225,Osaka,Restaurant,UrbanCafe,ZoneC,EHP,MUL,1156.599467,1,0,0,1,1,2,2,1225
1226,Osaka,Restaurant,UrbanCafe,ZoneC,EHP,MUL,13.5577167,1,0,1,1,1,2,2,1226
1227,Hiroshima,Restaurant,UrbanCafe,ZoneC,EHP,MUL,33149.01929,0,0,0,0,1,2,2,1227
1228,Hiroshima,Restaurant,UrbanCafe,ZoneC,EHP,MUL,104780.1328,1,0,0,0,1,2,2,1228
1229,Hiroshima,Restaurant,UrbanCafe,ZoneC,EHP,MUL,0.001750274,0,0,0,1,1,2,2,1229
1230,Hiroshima,Restaurant,UrbanCafe,ZoneC,EHP,MUL,1599.761567,1,0,1,0,1,2,2,1230
1231,Hiroshima,Restaurant,UrbanCafe,ZoneC,EHP,MUL,247.5461819,1,0,0,1,1,2,2,1231
1232,Hiroshima,Restaurant,UrbanCafe,ZoneC,EHP,MUL,2.553730549,1,0,1,1,1,2,2,1232
1233,Matsuyama,Restaurant,UrbanCafe,ZoneC,EHP,MUL,35858.58927,0,0,0,0,1,2,2,1233
1234,Matsuyama,Restaurant,UrbanCafe,ZoneC,EHP,MUL,79842.77399,1,0,0,0,1,2,2,1234
1235,Matsuyama,Restaurant,UrbanCafe,ZoneC,EHP,MUL,0.004918693,0,0,0,1,1,2,2,1235
1236,Matsuyama,Restaurant,UrbanCafe,ZoneC,EHP,MUL,1709.956635,1,0,1,0,1,2,2,1236
1237,Matsuyama,Restaurant,UrbanCafe,ZoneC,EHP,MUL,100.4188622,1,0,0,1,1,2,2,1237
1238,Matsuyama,Restaurant,UrbanCafe,ZoneC,EHP,MUL,2.694851894,1,0,1,1,1,2,2,1238
1239,Fukuoka,Restaurant,UrbanCafe,ZoneC,EHP,MUL,62241.00024,0,0,0,0,1,2,2,1239
1240,Fukuoka,Restaurant,UrbanCafe,ZoneC,EHP,MUL,93115.36396,1,0,0,0,1,2,2,1240
1241,Fukuoka,Restaurant,UrbanCafe,ZoneC,EHP,MUL,0.032060947,0,0,0,1,1,2,2,1241
1242,Fukuoka,Restaurant,UrbanCafe,ZoneC,EHP,MUL,2970.412177,1,0,1,0,1,2,2,1242
1243,Fukuoka,Restaurant,UrbanCafe,ZoneC,EHP,MUL,54.65401219,1,0,0,1,1,2,2,1243
1244,Fukuoka,Restaurant,UrbanCafe,ZoneC,EHP,MUL,4.819198274,1,0,1,1,1,2,2,1244
1245,Naha,Restaurant,UrbanCafe,ZoneC,EHP,MUL,20835.44106,0,0,0,0,1,2,2,1245
1246,Naha,Restaurant,UrbanCafe,ZoneC,EHP,MUL,9721.49316,1,0,0,0,1,2,2,1246
1247,Naha,Restaurant,UrbanCafe,ZoneC,EHP,MUL,0.463685959,0,0,0,1,1,2,2,1247
1248,Naha,Restaurant,UrbanCafe,ZoneC,EHP,MUL,1001.775567,1,0,1,0,1,2,2,1248
1249,Naha,Restaurant,UrbanCafe,ZoneC,EHP,MUL,0.600191322,1,0,0,1,1,2,2,1249
1250,Naha,Restaurant,UrbanCafe,ZoneC,EHP,MUL,1.691792619,1,0,1,1,1,2,2,1250
1251,Sapporo,Restaurant,UrbanRestaurant,ZoneC,EHP,MUL,4.324419854,0,0,0,0,3,2,2,1251
1252,Sapporo,Restaurant,UrbanRestaurant,ZoneC,EHP,MUL,2954.251413,1,0,0,0,3,2,2,1252
1253,Sapporo,Restaurant,UrbanRestaurant,ZoneC,EHP,MUL,7.79E-15,0,0,0,1,3,2,2,1253
1254,Sapporo,Restaurant,UrbanRestaurant,ZoneC,EHP,MUL,0.202963762,1,0,1,0,3,2,2,1254
1255,Sapporo,Restaurant,UrbanRestaurant,ZoneC,EHP,MUL,217155.1237,1,0,0,1,3,2,2,1255
1256,Sapporo,Restaurant,UrbanRestaurant,ZoneC,EHP,MUL,0.000297854,1,0,1,1,3,2,2,1256
1257,Sendai,Restaurant,UrbanRestaurant,ZoneC,EHP,MUL,3174.337864,0,0,0,0,3,2,2,1257
1258,Sendai,Restaurant,UrbanRestaurant,ZoneC,EHP,MUL,211184.9859,1,0,0,0,3,2,2,1258
1259,Sendai,Restaurant,UrbanRestaurant,ZoneC,EHP,MUL,8.87E-09,0,0,0,1,3,2,2,1259
1260,Sendai,Restaurant,UrbanRestaurant,ZoneC,EHP,MUL,149.5551089,1,0,1,0,3,2,2,1260
1261,Sendai,Restaurant,UrbanRestaurant,ZoneC,EHP,MUL,181933.2815,1,0,0,1,3,2,2,1261
1262,Sendai,Restaurant,UrbanRestaurant,ZoneC,EHP,MUL,0.224373666,1,0,1,1,3,2,2,1262
1263,Tokyo,Restaurant,UrbanRestaurant,ZoneC,EHP,MUL,515962.5802,0,0,0,0,1,2,2,1263
1264,Tokyo,Restaurant,UrbanRestaurant,ZoneC,EHP,MUL,1483470.116,1,0,0,0,1,2,2,1264
1265,Tokyo,Restaurant,UrbanRestaurant,ZoneC,EHP,MUL,0.015037872,0,0,0,1,1,2,2,1265
1266,Tokyo,Restaurant,UrbanRestaurant,ZoneC,EHP,MUL,21415.86372,1,0,1,0,1,2,2,1266
1267,Tokyo,Restaurant,UrbanRestaurant,ZoneC,EHP,MUL,4702.086915,1,0,0,1,1,2,2,1267
1268,Tokyo,Restaurant,UrbanRestaurant,ZoneC,EHP,MUL,39.33104189,1,0,1,1,1,2,2,1268
1269,Nigata,Restaurant,UrbanRestaurant,ZoneC,EHP,MUL,19287.27868,0,0,0,0,1,2,2,1269
1270,Nigata,Restaurant,UrbanRestaurant,ZoneC,EHP,MUL,245844.6327,1,0,0,0,1,2,2,1270
1271,Nigata,Restaurant,UrbanRestaurant,ZoneC,EHP,MUL,1.17E-05,0,0,0,1,1,2,2,1271
1272,Nigata,Restaurant,UrbanRestaurant,ZoneC,EHP,MUL,923.6575051,1,0,1,0,1,2,2,1272
1273,Nigata,Restaurant,UrbanRestaurant,ZoneC,EHP,MUL,8505.63661,1,0,0,1,1,2,2,1273
1274,Nigata,Restaurant,UrbanRestaurant,ZoneC,EHP,MUL,1.444947792,1,0,1,1,1,2,2,1274
1275,Nagoya,Restaurant,UrbanRestaurant,ZoneC,EHP,MUL,129307.066,0,0,0,0,1,2,2,1275
1276,Nagoya,Restaurant,UrbanRestaurant,ZoneC,EHP,MUL,678767.0272,1,0,0,0,1,2,2,1276
1277,Nagoya,Restaurant,UrbanRestaurant,ZoneC,EHP,MUL,0.001148918,0,0,0,1,1,2,2,1277
1278,Nagoya,Restaurant,UrbanRestaurant,ZoneC,EHP,MUL,6014.960124,1,0,1,0,1,2,2,1278
1279,Nagoya,Restaurant,UrbanRestaurant,ZoneC,EHP,MUL,4774.088186,1,0,0,1,1,2,2,1279
1280,Nagoya,Restaurant,UrbanRestaurant,ZoneC,EHP,MUL,9.746484106,1,0,1,1,1,2,2,1280
1281,Osaka,Restaurant,UrbanRestaurant,ZoneC,EHP,MUL,320582.4987,0,0,0,0,1,2,2,1281
1282,Osaka,Restaurant,UrbanRestaurant,ZoneC,EHP,MUL,859011.1068,1,0,0,0,1,2,2,1282
1283,Osaka,Restaurant,UrbanRestaurant,ZoneC,EHP,MUL,0.014756052,0,0,0,1,1,2,2,1283
1284,Osaka,Restaurant,UrbanRestaurant,ZoneC,EHP,MUL,13962.04265,1,0,1,0,1,2,2,1284
1285,Osaka,Restaurant,UrbanRestaurant,ZoneC,EHP,MUL,2058.318202,1,0,0,1,1,2,2,1285
1286,Osaka,Restaurant,UrbanRestaurant,ZoneC,EHP,MUL,24.12770873,1,0,1,1,1,2,2,1286
1287,Hiroshima,Restaurant,UrbanRestaurant,ZoneC,EHP,MUL,85676.35044,0,0,0,0,1,2,2,1287
1288,Hiroshima,Restaurant,UrbanRestaurant,ZoneC,EHP,MUL,270812.8196,1,0,0,0,1,2,2,1288
1289,Hiroshima,Restaurant,UrbanRestaurant,ZoneC,EHP,MUL,0.004523726,0,0,0,1,1,2,2,1289
1290,Hiroshima,Restaurant,UrbanRestaurant,ZoneC,EHP,MUL,4134.71456,1,0,1,0,1,2,2,1290
1291,Hiroshima,Restaurant,UrbanRestaurant,ZoneC,EHP,MUL,639.8033456,1,0,0,1,1,2,2,1291
1292,Hiroshima,Restaurant,UrbanRestaurant,ZoneC,EHP,MUL,6.600325386,1,0,1,1,1,2,2,1292
1293,Matsuyama,Restaurant,UrbanRestaurant,ZoneC,EHP,MUL,53535.65213,0,0,0,0,1,2,2,1293
1294,Matsuyama,Restaurant,UrbanRestaurant,ZoneC,EHP,MUL,119202.5414,1,0,0,0,1,2,2,1294
1295,Matsuyama,Restaurant,UrbanRestaurant,ZoneC,EHP,MUL,0.007343442,0,0,0,1,1,2,2,1295
1296,Matsuyama,Restaurant,UrbanRestaurant,ZoneC,EHP,MUL,2552.906999,1,0,1,0,1,2,2,1296
1297,Matsuyama,Restaurant,UrbanRestaurant,ZoneC,EHP,MUL,149.9219401,1,0,0,1,1,2,2,1297
1298,Matsuyama,Restaurant,UrbanRestaurant,ZoneC,EHP,MUL,4.023322067,1,0,1,1,1,2,2,1298
1299,Fukuoka,Restaurant,UrbanRestaurant,ZoneC,EHP,MUL,233000.588,0,0,0,0,1,2,2,1299
1300,Fukuoka,Restaurant,UrbanRestaurant,ZoneC,EHP,MUL,348579.4649,1,0,0,0,1,2,2,1300
1301,Fukuoka,Restaurant,UrbanRestaurant,ZoneC,EHP,MUL,0.120020878,0,0,0,1,1,2,2,1301
1302,Fukuoka,Restaurant,UrbanRestaurant,ZoneC,EHP,MUL,11119.80497,1,0,1,0,1,2,2,1302
1303,Fukuoka,Restaurant,UrbanRestaurant,ZoneC,EHP,MUL,204.5985271,1,0,0,1,1,2,2,1303
1304,Fukuoka,Restaurant,UrbanRestaurant,ZoneC,EHP,MUL,18.04077741,1,0,1,1,1,2,2,1304
1305,Naha,Restaurant,UrbanRestaurant,ZoneC,EHP,MUL,49565.11169,0,0,0,0,1,2,2,1305
1306,Naha,Restaurant,UrbanRestaurant,ZoneC,EHP,MUL,23126.31121,1,0,0,0,1,2,2,1306
1307,Naha,Restaurant,UrbanRestaurant,ZoneC,EHP,MUL,1.103055426,0,0,0,1,1,2,2,1307
1308,Naha,Restaurant,UrbanRestaurant,ZoneC,EHP,MUL,2383.108555,1,0,1,0,1,2,2,1308
1309,Naha,Restaurant,UrbanRestaurant,ZoneC,EHP,MUL,1.427785944,1,0,0,1,1,2,2,1309
1310,Naha,Restaurant,UrbanRestaurant,ZoneC,EHP,MUL,4.024579554,1,0,1,1,1,2,2,1310
1311,Sapporo,Restaurant,UrbanChineseRestaurant,ZoneC,EHP,MUL,2.117731342,0,0,0,0,3,2,2,1311
1312,Sapporo,Restaurant,UrbanChineseRestaurant,ZoneC,EHP,MUL,1446.739914,1,0,0,0,3,2,2,1312
1313,Sapporo,Restaurant,UrbanChineseRestaurant,ZoneC,EHP,MUL,3.81E-15,0,0,0,1,3,2,2,1313
1314,Sapporo,Restaurant,UrbanChineseRestaurant,ZoneC,EHP,MUL,0.099394308,1,0,1,0,3,2,2,1314
1315,Sapporo,Restaurant,UrbanChineseRestaurant,ZoneC,EHP,MUL,106344.0246,1,0,0,1,3,2,2,1315
1316,Sapporo,Restaurant,UrbanChineseRestaurant,ZoneC,EHP,MUL,1.46E-04,1,0,1,1,3,2,2,1316
1317,Sendai,Restaurant,UrbanChineseRestaurant,ZoneC,EHP,MUL,1553.882425,0,0,0,0,3,2,2,1317
1318,Sendai,Restaurant,UrbanChineseRestaurant,ZoneC,EHP,MUL,103377.9805,1,0,0,0,3,2,2,1318
1319,Sendai,Restaurant,UrbanChineseRestaurant,ZoneC,EHP,MUL,4.35E-09,0,0,0,1,3,2,2,1319
1320,Sendai,Restaurant,UrbanChineseRestaurant,ZoneC,EHP,MUL,73.2093007,1,0,1,0,3,2,2,1320
1321,Sendai,Restaurant,UrbanChineseRestaurant,ZoneC,EHP,MUL,89058.86541,1,0,0,1,3,2,2,1321
1322,Sendai,Restaurant,UrbanChineseRestaurant,ZoneC,EHP,MUL,0.109834022,1,0,1,1,3,2,2,1322
1323,Tokyo,Restaurant,UrbanChineseRestaurant,ZoneC,EHP,MUL,269084.084,0,0,0,0,1,2,2,1323
1324,Tokyo,Restaurant,UrbanChineseRestaurant,ZoneC,EHP,MUL,773657.2623,1,0,0,0,1,2,2,1324
1325,Tokyo,Restaurant,UrbanChineseRestaurant,ZoneC,EHP,MUL,0.00784253,0,0,0,1,1,2,2,1325
1326,Tokyo,Restaurant,UrbanChineseRestaurant,ZoneC,EHP,MUL,11168.77133,1,0,1,0,1,2,2,1326
1327,Tokyo,Restaurant,UrbanChineseRestaurant,ZoneC,EHP,MUL,2452.225799,1,0,0,1,1,2,2,1327
1328,Tokyo,Restaurant,UrbanChineseRestaurant,ZoneC,EHP,MUL,20.51187001,1,0,1,1,1,2,2,1328
1329,Nigata,Restaurant,UrbanChineseRestaurant,ZoneC,EHP,MUL,7465.918525,0,0,0,0,1,2,2,1329
1330,Nigata,Restaurant,UrbanChineseRestaurant,ZoneC,EHP,MUL,95164.07305,1,0,0,0,1,2,2,1330
1331,Nigata,Restaurant,UrbanChineseRestaurant,ZoneC,EHP,MUL,4.55E-06,0,0,0,1,1,2,2,1331
1332,Nigata,Restaurant,UrbanChineseRestaurant,ZoneC,EHP,MUL,357.5388625,1,0,1,0,1,2,2,1332
1333,Nigata,Restaurant,UrbanChineseRestaurant,ZoneC,EHP,MUL,3292.449443,1,0,0,1,1,2,2,1333
1334,Nigata,Restaurant,UrbanChineseRestaurant,ZoneC,EHP,MUL,0.559325277,1,0,1,1,1,2,2,1334
1335,Nagoya,Restaurant,UrbanChineseRestaurant,ZoneC,EHP,MUL,53961.42539,0,0,0,0,1,2,2,1335
1336,Nagoya,Restaurant,UrbanChineseRestaurant,ZoneC,EHP,MUL,283257.8098,1,0,0,0,1,2,2,1336
1337,Nagoya,Restaurant,UrbanChineseRestaurant,ZoneC,EHP,MUL,0.000479457,0,0,0,1,1,2,2,1337
1338,Nagoya,Restaurant,UrbanChineseRestaurant,ZoneC,EHP,MUL,2510.11667,1,0,1,0,1,2,2,1338
1339,Nagoya,Restaurant,UrbanChineseRestaurant,ZoneC,EHP,MUL,1992.285584,1,0,0,1,1,2,2,1339
1340,Nagoya,Restaurant,UrbanChineseRestaurant,ZoneC,EHP,MUL,4.067327418,1,0,1,1,1,2,2,1340
1341,Osaka,Restaurant,UrbanChineseRestaurant,ZoneC,EHP,MUL,95802.47543,0,0,0,0,1,2,2,1341
1342,Osaka,Restaurant,UrbanChineseRestaurant,ZoneC,EHP,MUL,256705.8113,1,0,0,0,1,2,2,1342
1343,Osaka,Restaurant,UrbanChineseRestaurant,ZoneC,EHP,MUL,0.00440968,0,0,0,1,1,2,2,1343
1344,Osaka,Restaurant,UrbanChineseRestaurant,ZoneC,EHP,MUL,4172.399468,1,0,1,0,1,2,2,1344
1345,Osaka,Restaurant,UrbanChineseRestaurant,ZoneC,EHP,MUL,615.1052529,1,0,0,1,1,2,2,1345
1346,Osaka,Restaurant,UrbanChineseRestaurant,ZoneC,EHP,MUL,7.210294482,1,0,1,1,1,2,2,1346
1347,Hiroshima,Restaurant,UrbanChineseRestaurant,ZoneC,EHP,MUL,27206.01369,0,0,0,0,1,2,2,1347
1348,Hiroshima,Restaurant,UrbanChineseRestaurant,ZoneC,EHP,MUL,85994.99439,1,0,0,0,1,2,2,1348
1349,Hiroshima,Restaurant,UrbanChineseRestaurant,ZoneC,EHP,MUL,0.001436482,0,0,0,1,1,2,2,1349
1350,Hiroshima,Restaurant,UrbanChineseRestaurant,ZoneC,EHP,MUL,1312.953929,1,0,1,0,1,2,2,1350
1351,Hiroshima,Restaurant,UrbanChineseRestaurant,ZoneC,EHP,MUL,203.1657333,1,0,0,1,1,2,2,1351
1352,Hiroshima,Restaurant,UrbanChineseRestaurant,ZoneC,EHP,MUL,2.095893929,1,0,1,1,1,2,2,1352
1353,Matsuyama,Restaurant,UrbanChineseRestaurant,ZoneC,EHP,MUL,23778.05441,0,0,0,0,1,2,2,1353
1354,Matsuyama,Restaurant,UrbanChineseRestaurant,ZoneC,EHP,MUL,52944.24188,1,0,0,0,1,2,2,1354
1355,Matsuyama,Restaurant,UrbanChineseRestaurant,ZoneC,EHP,MUL,0.003261616,0,0,0,1,1,2,2,1355
1356,Matsuyama,Restaurant,UrbanChineseRestaurant,ZoneC,EHP,MUL,1133.882919,1,0,1,0,1,2,2,1356
1357,Matsuyama,Restaurant,UrbanChineseRestaurant,ZoneC,EHP,MUL,66.58837441,1,0,0,1,1,2,2,1357
1358,Matsuyama,Restaurant,UrbanChineseRestaurant,ZoneC,EHP,MUL,1.786973114,1,0,1,1,1,2,2,1358
1359,Fukuoka,Restaurant,UrbanChineseRestaurant,ZoneC,EHP,MUL,86764.06223,0,0,0,0,1,2,2,1359
1360,Fukuoka,Restaurant,UrbanChineseRestaurant,ZoneC,EHP,MUL,129802.9788,1,0,0,0,1,2,2,1360
1361,Fukuoka,Restaurant,UrbanChineseRestaurant,ZoneC,EHP,MUL,0.044693016,0,0,0,1,1,2,2,1361
1362,Fukuoka,Restaurant,UrbanChineseRestaurant,ZoneC,EHP,MUL,4140.759724,1,0,1,0,1,2,2,1362
1363,Fukuoka,Restaurant,UrbanChineseRestaurant,ZoneC,EHP,MUL,76.18778771,1,0,0,1,1,2,2,1363
1364,Fukuoka,Restaurant,UrbanChineseRestaurant,ZoneC,EHP,MUL,6.717970745,1,0,1,1,1,2,2,1364
1365,Naha,Restaurant,UrbanChineseRestaurant,ZoneC,EHP,MUL,10860.84688,0,0,0,0,1,2,2,1365
1366,Naha,Restaurant,UrbanChineseRestaurant,ZoneC,EHP,MUL,5067.502452,1,0,0,0,1,2,2,1366
1367,Naha,Restaurant,UrbanChineseRestaurant,ZoneC,EHP,MUL,0.241704612,0,0,0,1,1,2,2,1367
1368,Naha,Restaurant,UrbanChineseRestaurant,ZoneC,EHP,MUL,522.193459,1,0,1,0,1,2,2,1368
1369,Naha,Restaurant,UrbanChineseRestaurant,ZoneC,EHP,MUL,0.312860478,1,0,0,1,1,2,2,1369
1370,Naha,Restaurant,UrbanChineseRestaurant,ZoneC,EHP,MUL,0.881877208,1,0,1,1,1,2,2,1370
1371,Sapporo,Restaurant,UrbanYakiniku,ZoneC,EHP,MUL,0.628490164,0,0,0,0,3,2,2,1371
1372,Sapporo,Restaurant,UrbanYakiniku,ZoneC,EHP,MUL,429.3565423,1,0,0,0,3,2,2,1372
1373,Sapporo,Restaurant,UrbanYakiniku,ZoneC,EHP,MUL,1.13E-15,0,0,0,1,3,2,2,1373
1374,Sapporo,Restaurant,UrbanYakiniku,ZoneC,EHP,MUL,0.029497767,1,0,1,0,3,2,2,1374
1375,Sapporo,Restaurant,UrbanYakiniku,ZoneC,EHP,MUL,31560.27028,1,0,0,1,3,2,2,1375
1376,Sapporo,Restaurant,UrbanYakiniku,ZoneC,EHP,MUL,4.33E-05,1,0,1,1,3,2,2,1376
1377,Sendai,Restaurant,UrbanYakiniku,ZoneC,EHP,MUL,285.4342903,0,0,0,0,3,2,2,1377
1378,Sendai,Restaurant,UrbanYakiniku,ZoneC,EHP,MUL,18989.60953,1,0,0,0,3,2,2,1378
1379,Sendai,Restaurant,UrbanYakiniku,ZoneC,EHP,MUL,7.96E-10,0,0,0,1,3,2,2,1379
1380,Sendai,Restaurant,UrbanYakiniku,ZoneC,EHP,MUL,13.44789313,1,0,1,0,3,2,2,1380
1381,Sendai,Restaurant,UrbanYakiniku,ZoneC,EHP,MUL,16359.31628,1,0,0,1,3,2,2,1381
1382,Sendai,Restaurant,UrbanYakiniku,ZoneC,EHP,MUL,0.020175527,1,0,1,1,3,2,2,1382
1383,Tokyo,Restaurant,UrbanYakiniku,ZoneC,EHP,MUL,44198.23241,0,0,0,0,1,2,2,1383
1384,Tokyo,Restaurant,UrbanYakiniku,ZoneC,EHP,MUL,127076.5739,1,0,0,0,1,2,2,1384
1385,Tokyo,Restaurant,UrbanYakiniku,ZoneC,EHP,MUL,0.00128817,0,0,0,1,1,2,2,1385
1386,Tokyo,Restaurant,UrbanYakiniku,ZoneC,EHP,MUL,1834.51932,1,0,1,0,1,2,2,1386
1387,Tokyo,Restaurant,UrbanYakiniku,ZoneC,EHP,MUL,402.7887647,1,0,0,1,1,2,2,1387
1388,Tokyo,Restaurant,UrbanYakiniku,ZoneC,EHP,MUL,3.369163959,1,0,1,1,1,2,2,1388
1389,Nigata,Restaurant,UrbanYakiniku,ZoneC,EHP,MUL,1975.562723,0,0,0,0,1,2,2,1389
1390,Nigata,Restaurant,UrbanYakiniku,ZoneC,EHP,MUL,25181.44213,1,0,0,0,1,2,2,1390
1391,Nigata,Restaurant,UrbanYakiniku,ZoneC,EHP,MUL,1.20E-06,0,0,0,1,1,2,2,1391
1392,Nigata,Restaurant,UrbanYakiniku,ZoneC,EHP,MUL,94.60864677,1,0,1,0,1,2,2,1392
1393,Nigata,Restaurant,UrbanYakiniku,ZoneC,EHP,MUL,871.2177025,1,0,0,1,1,2,2,1393
1394,Nigata,Restaurant,UrbanYakiniku,ZoneC,EHP,MUL,0.148003513,1,0,1,1,1,2,2,1394
1395,Nagoya,Restaurant,UrbanYakiniku,ZoneC,EHP,MUL,12879.28224,0,0,0,0,1,2,2,1395
1396,Nagoya,Restaurant,UrbanYakiniku,ZoneC,EHP,MUL,67606.76262,1,0,0,0,1,2,2,1396
1397,Nagoya,Restaurant,UrbanYakiniku,ZoneC,EHP,MUL,1.14E-04,0,0,0,1,1,2,2,1397
1398,Nagoya,Restaurant,UrbanYakiniku,ZoneC,EHP,MUL,599.1039116,1,0,1,0,1,2,2,1398
1399,Nagoya,Restaurant,UrbanYakiniku,ZoneC,EHP,MUL,475.5102029,1,0,0,1,1,2,2,1399
1400,Nagoya,Restaurant,UrbanYakiniku,ZoneC,EHP,MUL,0.970772314,1,0,1,1,1,2,2,1400
1401,Osaka,Restaurant,UrbanYakiniku,ZoneC,EHP,MUL,32847.23279,0,0,0,0,1,2,2,1401
1402,Osaka,Restaurant,UrbanYakiniku,ZoneC,EHP,MUL,88015.21577,1,0,0,0,1,2,2,1402
1403,Osaka,Restaurant,UrbanYakiniku,ZoneC,EHP,MUL,0.001511921,0,0,0,1,1,2,2,1403
1404,Osaka,Restaurant,UrbanYakiniku,ZoneC,EHP,MUL,1430.566132,1,0,1,0,1,2,2,1404
1405,Osaka,Restaurant,UrbanYakiniku,ZoneC,EHP,MUL,210.89753,1,0,0,1,1,2,2,1405
1406,Osaka,Restaurant,UrbanYakiniku,ZoneC,EHP,MUL,2.472151376,1,0,1,1,1,2,2,1406
1407,Hiroshima,Restaurant,UrbanYakiniku,ZoneC,EHP,MUL,9579.773599,0,0,0,0,1,2,2,1407
1408,Hiroshima,Restaurant,UrbanYakiniku,ZoneC,EHP,MUL,30280.53231,1,0,0,0,1,2,2,1408
1409,Hiroshima,Restaurant,UrbanYakiniku,ZoneC,EHP,MUL,0.000505814,0,0,0,1,1,2,2,1409
1410,Hiroshima,Restaurant,UrbanYakiniku,ZoneC,EHP,MUL,462.3169541,1,0,1,0,1,2,2,1410
1411,Hiroshima,Restaurant,UrbanYakiniku,ZoneC,EHP,MUL,71.53865874,1,0,0,1,1,2,2,1411
1412,Hiroshima,Restaurant,UrbanYakiniku,ZoneC,EHP,MUL,0.738005558,1,0,1,1,1,2,2,1412
1413,Matsuyama,Restaurant,UrbanYakiniku,ZoneC,EHP,MUL,5545.864582,0,0,0,0,1,2,2,1413
1414,Matsuyama,Restaurant,UrbanYakiniku,ZoneC,EHP,MUL,12348.42812,1,0,0,0,1,2,2,1414
1415,Matsuyama,Restaurant,UrbanYakiniku,ZoneC,EHP,MUL,0.000760722,0,0,0,1,1,2,2,1415
1416,Matsuyama,Restaurant,UrbanYakiniku,ZoneC,EHP,MUL,264.4607088,1,0,1,0,1,2,2,1416
1417,Matsuyama,Restaurant,UrbanYakiniku,ZoneC,EHP,MUL,15.53071168,1,0,0,1,1,2,2,1417
1418,Matsuyama,Restaurant,UrbanYakiniku,ZoneC,EHP,MUL,0.416783927,1,0,1,1,1,2,2,1418
1419,Fukuoka,Restaurant,UrbanYakiniku,ZoneC,EHP,MUL,25126.81617,0,0,0,0,1,2,2,1419
1420,Fukuoka,Restaurant,UrbanYakiniku,ZoneC,EHP,MUL,37590.85849,1,0,0,0,1,2,2,1420
1421,Fukuoka,Restaurant,UrbanYakiniku,ZoneC,EHP,MUL,0.012943068,0,0,0,1,1,2,2,1421
1422,Fukuoka,Restaurant,UrbanYakiniku,ZoneC,EHP,MUL,1199.161331,1,0,1,0,1,2,2,1422
1423,Fukuoka,Restaurant,UrbanYakiniku,ZoneC,EHP,MUL,22.06393392,1,0,0,1,1,2,2,1423
1424,Fukuoka,Restaurant,UrbanYakiniku,ZoneC,EHP,MUL,1.945519972,1,0,1,1,1,2,2,1424
1425,Naha,Restaurant,UrbanYakiniku,ZoneC,EHP,MUL,3787.178393,0,0,0,0,1,2,2,1425
1426,Naha,Restaurant,UrbanYakiniku,ZoneC,EHP,MUL,1767.038612,1,0,0,0,1,2,2,1426
1427,Naha,Restaurant,UrbanYakiniku,ZoneC,EHP,MUL,0.084282422,0,0,0,1,1,2,2,1427
1428,Naha,Restaurant,UrbanYakiniku,ZoneC,EHP,MUL,182.0889115,1,0,1,0,1,2,2,1428
1429,Naha,Restaurant,UrbanYakiniku,ZoneC,EHP,MUL,0.10909448,1,0,0,1,1,2,2,1429
1430,Naha,Restaurant,UrbanYakiniku,ZoneC,EHP,MUL,0.307510671,1,0,1,1,1,2,2,1430
1431,Sapporo,Logistics,Logistics,ZoneC,EHP,MUL,7922019.369,1,1,0,0,1,2,2,1431
1432,Sendai,Logistics,Logistics,ZoneC,EHP,MUL,7922019.369,1,1,0,0,1,2,2,1432
1433,Tokyo,Logistics,Logistics,ZoneC,EHP,MUL,7922019.369,1,1,0,0,1,2,2,1433
1434,Nigata,Logistics,Logistics,ZoneC,EHP,MUL,7922019.369,1,1,0,0,1,2,2,1434
1435,Nagoya,Logistics,Logistics,ZoneC,EHP,MUL,7922019.369,1,1,0,0,1,2,2,1435
1436,Osaka,Logistics,Logistics,ZoneC,EHP,MUL,7922019.369,1,1,0,0,1,2,2,1436
1437,Hiroshima,Logistics,Logistics,ZoneC,EHP,MUL,7922019.369,1,1,0,0,1,2,2,1437
1438,Matsuyama,Logistics,Logistics,ZoneC,EHP,MUL,7922019.369,1,1,0,0,1,2,2,1438
1439,Fukuoka,Logistics,Logistics,ZoneC,EHP,MUL,7922019.369,1,1,0,0,1,2,2,1439
1440,Naha,Logistics,Logistics,ZoneC,EHP,MUL,7922019.369,1,1,0,0,1,2,2,1440
1441,Sapporo,Logistics,Cool,ZoneC,EHP,MUL,0,1,1,0,0,1,2,2,1441
1442,Sendai,Logistics,Cool,ZoneC,EHP,MUL,0,1,1,0,0,1,2,2,1442
1443,Tokyo,Logistics,Cool,ZoneC,EHP,MUL,0,1,1,0,0,1,2,2,1443
1444,Nigata,Logistics,Cool,ZoneC,EHP,MUL,0,1,1,0,0,1,2,2,1444
1445,Nagoya,Logistics,Cool,ZoneC,EHP,MUL,0,1,1,0,0,1,2,2,1445
1446,Osaka,Logistics,Cool,ZoneC,EHP,MUL,0,1,1,0,0,1,2,2,1446
1447,Hiroshima,Logistics,Cool,ZoneC,EHP,MUL,0,1,1,0,0,1,2,2,1447
1448,Matsuyama,Logistics,Cool,ZoneC,EHP,MUL,0,1,1,0,0,1,2,2,1448
1449,Fukuoka,Logistics,Cool,ZoneC,EHP,MUL,0,1,1,0,0,1,2,2,1449
1450,Naha,Logistics,Cool,ZoneC,EHP,MUL,0,1,1,0,0,1,2,2,1450
1451,Sapporo,Amusement,Patinko,ZoneC,EHP,MUL,174469.3523,1,1,0,0,1,2,2,1451
1452,Sendai,Amusement,Patinko,ZoneC,EHP,MUL,174469.3523,1,1,0,0,1,2,2,1452
1453,Tokyo,Amusement,Patinko,ZoneC,EHP,MUL,174469.3523,1,1,0,0,1,2,2,1453
1454,Nigata,Amusement,Patinko,ZoneC,EHP,MUL,174469.3523,1,1,0,0,1,2,2,1454
1455,Nagoya,Amusement,Patinko,ZoneC,EHP,MUL,174469.3523,1,1,0,0,1,2,2,1455
1456,Osaka,Amusement,Patinko,ZoneC,EHP,MUL,174469.3523,1,1,0,0,1,2,2,1456
1457,Hiroshima,Amusement,Patinko,ZoneC,EHP,MUL,174469.3523,1,1,0,0,1,2,2,1457
1458,Matsuyama,Amusement,Patinko,ZoneC,EHP,MUL,174469.3523,1,1,0,0,1,2,2,1458
1459,Fukuoka,Amusement,Patinko,ZoneC,EHP,MUL,174469.3523,1,1,0,0,1,2,2,1459
1460,Naha,Amusement,Patinko,ZoneC,EHP,MUL,174469.3523,1,1,0,0,1,2,2,1460
1461,Sapporo,Amusement,Fitness,ZoneC,EHP,MUL,98001.90528,1,1,0,0,1,2,2,1461
1462,Sendai,Amusement,Fitness,ZoneC,EHP,MUL,98001.90528,1,1,0,0,1,2,2,1462
1463,Tokyo,Amusement,Fitness,ZoneC,EHP,MUL,98001.90528,1,1,0,0,1,2,2,1463
1464,Nigata,Amusement,Fitness,ZoneC,EHP,MUL,98001.90528,1,1,0,0,1,2,2,1464
1465,Nagoya,Amusement,Fitness,ZoneC,EHP,MUL,98001.90528,1,1,0,0,1,2,2,1465
1466,Osaka,Amusement,Fitness,ZoneC,EHP,MUL,98001.90528,1,1,0,0,1,2,2,1466
1467,Hiroshima,Amusement,Fitness,ZoneC,EHP,MUL,98001.90528,1,1,0,0,1,2,2,1467
1468,Matsuyama,Amusement,Fitness,ZoneC,EHP,MUL,98001.90528,1,1,0,0,1,2,2,1468
1469,Fukuoka,Amusement,Fitness,ZoneC,EHP,MUL,98001.90528,1,1,0,0,1,2,2,1469
1470,Naha,Amusement,Fitness,ZoneC,EHP,MUL,98001.90528,1,1,0,0,1,2,2,1470
1471,Sapporo,Amusement,Karaoke,ZoneC,EHP,MUL,113590.1686,1,1,0,0,1,2,2,1471
1472,Sendai,Amusement,Karaoke,ZoneC,EHP,MUL,113590.1686,1,1,0,0,1,2,2,1472
1473,Tokyo,Amusement,Karaoke,ZoneC,EHP,MUL,113590.1686,1,1,0,0,1,2,2,1473
1474,Nigata,Amusement,Karaoke,ZoneC,EHP,MUL,113590.1686,1,1,0,0,1,2,2,1474
1475,Nagoya,Amusement,Karaoke,ZoneC,EHP,MUL,113590.1686,1,1,0,0,1,2,2,1475
1476,Osaka,Amusement,Karaoke,ZoneC,EHP,MUL,113590.1686,1,1,0,0,1,2,2,1476
1477,Hiroshima,Amusement,Karaoke,ZoneC,EHP,MUL,113590.1686,1,1,0,0,1,2,2,1477
1478,Matsuyama,Amusement,Karaoke,ZoneC,EHP,MUL,113590.1686,1,1,0,0,1,2,2,1478
1479,Fukuoka,Amusement,Karaoke,ZoneC,EHP,MUL,113590.1686,1,1,0,0,1,2,2,1479
1480,Naha,Amusement,Karaoke,ZoneC,EHP,MUL,113590.1686,1,1,0,0,1,2,2,1480
1481,Sapporo,Restaurant,UrbanBar,ZoneC,EHP,MUL,2.605184315,0,0,0,0,3,1,3,1481
1482,Sapporo,Restaurant,UrbanBar,ZoneC,EHP,MUL,1779.746117,1,0,0,0,3,1,3,1482
1483,Sapporo,Restaurant,UrbanBar,ZoneC,EHP,MUL,4.70E-15,0,0,0,1,3,1,3,1483
1484,Sapporo,Restaurant,UrbanBar,ZoneC,EHP,MUL,0.122272589,1,0,1,0,3,1,3,1484
1485,Sapporo,Restaurant,UrbanBar,ZoneC,EHP,MUL,130821.9695,1,0,0,1,3,1,3,1485
1486,Sapporo,Restaurant,UrbanBar,ZoneC,EHP,MUL,1.79E-04,1,0,1,1,3,1,3,1486
1487,Sendai,Restaurant,UrbanBar,ZoneC,EHP,MUL,1505.16051,0,0,0,0,3,1,3,1487
1488,Sendai,Restaurant,UrbanBar,ZoneC,EHP,MUL,100136.5685,1,0,0,0,3,1,3,1488
1489,Sendai,Restaurant,UrbanBar,ZoneC,EHP,MUL,4.20E-09,0,0,0,1,3,1,3,1489
1490,Sendai,Restaurant,UrbanBar,ZoneC,EHP,MUL,70.9138263,1,0,1,0,3,1,3,1490
1491,Sendai,Restaurant,UrbanBar,ZoneC,EHP,MUL,86266.42861,1,0,0,1,3,1,3,1491
1492,Sendai,Restaurant,UrbanBar,ZoneC,EHP,MUL,0.106390181,1,0,1,1,3,1,3,1492
1493,Tokyo,Restaurant,UrbanBar,ZoneC,EHP,MUL,181407.6825,0,0,0,0,1,1,3,1493
1494,Tokyo,Restaurant,UrbanBar,ZoneC,EHP,MUL,521574.405,1,0,0,0,1,1,3,1494
1495,Tokyo,Restaurant,UrbanBar,ZoneC,EHP,MUL,0.005287177,0,0,0,1,1,1,3,1495
1496,Tokyo,Restaurant,UrbanBar,ZoneC,EHP,MUL,7529.620086,1,0,1,0,1,1,3,1496
1497,Tokyo,Restaurant,UrbanBar,ZoneC,EHP,MUL,1653.210374,1,0,0,1,1,1,3,1497
1498,Tokyo,Restaurant,UrbanBar,ZoneC,EHP,MUL,13.82843143,1,0,1,1,1,1,3,1498
1499,Nigata,Restaurant,UrbanBar,ZoneC,EHP,MUL,7128.484851,0,0,0,0,1,1,3,1499
1500,Nigata,Restaurant,UrbanBar,ZoneC,EHP,MUL,90862.98635,1,0,0,0,1,1,3,1500
1501,Nigata,Restaurant,UrbanBar,ZoneC,EHP,MUL,4.34E-06,0,0,0,1,1,1,3,1501
1502,Nigata,Restaurant,UrbanBar,ZoneC,EHP,MUL,341.3793434,1,0,1,0,1,1,3,1502
1503,Nigata,Restaurant,UrbanBar,ZoneC,EHP,MUL,3143.642125,1,0,0,1,1,1,3,1503
1504,Nigata,Restaurant,UrbanBar,ZoneC,EHP,MUL,0.53404571,1,0,1,1,1,1,3,1504
1505,Nagoya,Restaurant,UrbanBar,ZoneC,EHP,MUL,43890.95849,0,0,0,0,1,1,3,1505
1506,Nagoya,Restaurant,UrbanBar,ZoneC,EHP,MUL,230395.2624,1,0,0,0,1,1,3,1506
1507,Nagoya,Restaurant,UrbanBar,ZoneC,EHP,MUL,3.90E-04,0,0,0,1,1,1,3,1507
1508,Nagoya,Restaurant,UrbanBar,ZoneC,EHP,MUL,2041.670058,1,0,1,0,1,1,3,1508
1509,Nagoya,Restaurant,UrbanBar,ZoneC,EHP,MUL,1620.478392,1,0,0,1,1,1,3,1509
1510,Nagoya,Restaurant,UrbanBar,ZoneC,EHP,MUL,3.308268779,1,0,1,1,1,1,3,1510
1511,Osaka,Restaurant,UrbanBar,ZoneC,EHP,MUL,99866.62279,0,0,0,0,1,1,3,1511
1512,Osaka,Restaurant,UrbanBar,ZoneC,EHP,MUL,267595.8247,1,0,0,0,1,1,3,1512
1513,Osaka,Restaurant,UrbanBar,ZoneC,EHP,MUL,0.004596748,0,0,0,1,1,1,3,1513
1514,Osaka,Restaurant,UrbanBar,ZoneC,EHP,MUL,4349.40164,1,0,1,0,1,1,3,1514
1515,Osaka,Restaurant,UrbanBar,ZoneC,EHP,MUL,641.1993424,1,0,0,1,1,1,3,1515
1516,Osaka,Restaurant,UrbanBar,ZoneC,EHP,MUL,7.516170703,1,0,1,1,1,1,3,1516
1517,Hiroshima,Restaurant,UrbanBar,ZoneC,EHP,MUL,28576.91047,0,0,0,0,1,1,3,1517
1518,Hiroshima,Restaurant,UrbanBar,ZoneC,EHP,MUL,90328.23713,1,0,0,0,1,1,3,1518
1519,Hiroshima,Restaurant,UrbanBar,ZoneC,EHP,MUL,0.001508866,0,0,0,1,1,1,3,1519
1520,Hiroshima,Restaurant,UrbanBar,ZoneC,EHP,MUL,1379.112989,1,0,1,0,1,1,3,1520
1521,Hiroshima,Restaurant,UrbanBar,ZoneC,EHP,MUL,213.4031482,1,0,0,1,1,1,3,1521
1522,Hiroshima,Restaurant,UrbanBar,ZoneC,EHP,MUL,2.201504927,1,0,1,1,1,1,3,1522
1523,Matsuyama,Restaurant,UrbanBar,ZoneC,EHP,MUL,21730.23505,0,0,0,0,1,1,3,1523
1524,Matsuyama,Restaurant,UrbanBar,ZoneC,EHP,MUL,48384.56505,1,0,0,0,1,1,3,1524
1525,Matsuyama,Restaurant,UrbanBar,ZoneC,EHP,MUL,0.002980719,0,0,0,1,1,1,3,1525
1526,Matsuyama,Restaurant,UrbanBar,ZoneC,EHP,MUL,1036.23038,1,0,1,0,1,1,3,1526
1527,Matsuyama,Restaurant,UrbanBar,ZoneC,EHP,MUL,60.85363432,1,0,0,1,1,1,3,1527
1528,Matsuyama,Restaurant,UrbanBar,ZoneC,EHP,MUL,1.633074983,1,0,1,1,1,1,3,1528
1529,Fukuoka,Restaurant,UrbanBar,ZoneC,EHP,MUL,113972.9617,0,0,0,0,1,1,3,1529
1530,Fukuoka,Restaurant,UrbanBar,ZoneC,EHP,MUL,170508.7285,1,0,0,0,1,1,3,1530
1531,Fukuoka,Restaurant,UrbanBar,ZoneC,EHP,MUL,0.058708585,0,0,0,1,1,1,3,1531
1532,Fukuoka,Restaurant,UrbanBar,ZoneC,EHP,MUL,5439.287161,1,0,1,0,1,1,3,1532
1533,Fukuoka,Restaurant,UrbanBar,ZoneC,EHP,MUL,100.0800054,1,0,0,1,1,1,3,1533
1534,Fukuoka,Restaurant,UrbanBar,ZoneC,EHP,MUL,8.824702337,1,0,1,1,1,1,3,1534
1535,Naha,Restaurant,UrbanBar,ZoneC,EHP,MUL,40445.13361,0,0,0,0,1,1,3,1535
1536,Naha,Restaurant,UrbanBar,ZoneC,EHP,MUL,18871.07111,1,0,0,0,1,1,3,1536
1537,Naha,Restaurant,UrbanBar,ZoneC,EHP,MUL,0.900093283,0,0,0,1,1,1,3,1537
1538,Naha,Restaurant,UrbanBar,ZoneC,EHP,MUL,1944.616701,1,0,1,0,1,1,3,1538
1539,Naha,Restaurant,UrbanBar,ZoneC,EHP,MUL,1.165073402,1,0,0,1,1,1,3,1539
1540,Naha,Restaurant,UrbanBar,ZoneC,EHP,MUL,3.284057117,1,0,1,1,1,1,3,1540
1541,Sapporo,Restaurant,UrbanCafe,ZoneC,EHP,MUL,0.550239459,0,0,0,0,3,1,3,1541
1542,Sapporo,Restaurant,UrbanCafe,ZoneC,EHP,MUL,375.8991388,1,0,0,0,3,1,3,1542
1543,Sapporo,Restaurant,UrbanCafe,ZoneC,EHP,MUL,9.93E-16,0,0,0,1,3,1,3,1543
1544,Sapporo,Restaurant,UrbanCafe,ZoneC,EHP,MUL,0.025825122,1,0,1,0,3,1,3,1544
1545,Sapporo,Restaurant,UrbanCafe,ZoneC,EHP,MUL,27630.83184,1,0,0,1,3,1,3,1545
1546,Sapporo,Restaurant,UrbanCafe,ZoneC,EHP,MUL,3.79E-05,1,0,1,1,3,1,3,1546
1547,Sendai,Restaurant,UrbanCafe,ZoneC,EHP,MUL,219.9018604,0,0,0,0,3,1,3,1547
1548,Sendai,Restaurant,UrbanCafe,ZoneC,EHP,MUL,14629.81361,1,0,0,0,3,1,3,1548
1549,Sendai,Restaurant,UrbanCafe,ZoneC,EHP,MUL,6.14E-10,0,0,0,1,3,1,3,1549
1550,Sendai,Restaurant,UrbanCafe,ZoneC,EHP,MUL,10.36041155,1,0,1,0,3,1,3,1550
1551,Sendai,Restaurant,UrbanCafe,ZoneC,EHP,MUL,12603.40543,1,0,0,1,3,1,3,1551
1552,Sendai,Restaurant,UrbanCafe,ZoneC,EHP,MUL,0.015543458,1,0,1,1,3,1,3,1552
1553,Tokyo,Restaurant,UrbanCafe,ZoneC,EHP,MUL,43076.7774,0,0,0,0,1,1,3,1553
1554,Tokyo,Restaurant,UrbanCafe,ZoneC,EHP,MUL,123852.2219,1,0,0,0,1,1,3,1554
1555,Tokyo,Restaurant,UrbanCafe,ZoneC,EHP,MUL,0.001255485,0,0,0,1,1,1,3,1555
1556,Tokyo,Restaurant,UrbanCafe,ZoneC,EHP,MUL,1787.971512,1,0,1,0,1,1,3,1556
1557,Tokyo,Restaurant,UrbanCafe,ZoneC,EHP,MUL,392.5686845,1,0,0,1,1,1,3,1557
1558,Tokyo,Restaurant,UrbanCafe,ZoneC,EHP,MUL,3.283677153,1,0,1,1,1,1,3,1558
1559,Nigata,Restaurant,UrbanCafe,ZoneC,EHP,MUL,2090.56679,0,0,0,0,1,1,3,1559
1560,Nigata,Restaurant,UrbanCafe,ZoneC,EHP,MUL,26647.33751,1,0,0,0,1,1,3,1560
1561,Nigata,Restaurant,UrbanCafe,ZoneC,EHP,MUL,1.28E-06,0,0,0,1,1,1,3,1561
1562,Nigata,Restaurant,UrbanCafe,ZoneC,EHP,MUL,100.1161303,1,0,1,0,1,1,3,1562
1563,Nigata,Restaurant,UrbanCafe,ZoneC,EHP,MUL,921.9341785,1,0,0,1,1,1,3,1563
1564,Nigata,Restaurant,UrbanCafe,ZoneC,EHP,MUL,0.156619289,1,0,1,1,1,1,3,1564
1565,Nagoya,Restaurant,UrbanCafe,ZoneC,EHP,MUL,23170.08729,0,0,0,0,1,1,3,1565
1566,Nagoya,Restaurant,UrbanCafe,ZoneC,EHP,MUL,121625.9231,1,0,0,0,1,1,3,1566
1567,Nagoya,Restaurant,UrbanCafe,ZoneC,EHP,MUL,2.06E-04,0,0,0,1,1,1,3,1567
1568,Nagoya,Restaurant,UrbanCafe,ZoneC,EHP,MUL,1077.799963,1,0,1,0,1,1,3,1568
1569,Nagoya,Restaurant,UrbanCafe,ZoneC,EHP,MUL,855.4524003,1,0,0,1,1,1,3,1569
1570,Nagoya,Restaurant,UrbanCafe,ZoneC,EHP,MUL,1.746438879,1,0,1,1,1,1,3,1570
1571,Osaka,Restaurant,UrbanCafe,ZoneC,EHP,MUL,59944.82753,0,0,0,0,1,1,3,1571
1572,Osaka,Restaurant,UrbanCafe,ZoneC,EHP,MUL,160624.0915,1,0,0,0,1,1,3,1572
1573,Osaka,Restaurant,UrbanCafe,ZoneC,EHP,MUL,0.002759193,0,0,0,1,1,1,3,1573
1574,Osaka,Restaurant,UrbanCafe,ZoneC,EHP,MUL,2610.723422,1,0,1,0,1,1,3,1574
1575,Osaka,Restaurant,UrbanCafe,ZoneC,EHP,MUL,384.8791811,1,0,0,1,1,1,3,1575
1576,Osaka,Restaurant,UrbanCafe,ZoneC,EHP,MUL,4.511572976,1,0,1,1,1,1,3,1576
1577,Hiroshima,Restaurant,UrbanCafe,ZoneC,EHP,MUL,11030.92968,0,0,0,0,1,1,3,1577
1578,Hiroshima,Restaurant,UrbanCafe,ZoneC,EHP,MUL,34867.46522,1,0,0,0,1,1,3,1578
1579,Hiroshima,Restaurant,UrbanCafe,ZoneC,EHP,MUL,5.82E-04,0,0,0,1,1,1,3,1579
1580,Hiroshima,Restaurant,UrbanCafe,ZoneC,EHP,MUL,532.3493044,1,0,1,0,1,1,3,1580
1581,Hiroshima,Restaurant,UrbanCafe,ZoneC,EHP,MUL,82.37542421,1,0,0,1,1,1,3,1581
1582,Hiroshima,Restaurant,UrbanCafe,ZoneC,EHP,MUL,0.849799563,1,0,1,1,1,1,3,1582
1583,Matsuyama,Restaurant,UrbanCafe,ZoneC,EHP,MUL,11932.58761,0,0,0,0,1,1,3,1583
1584,Matsuyama,Restaurant,UrbanCafe,ZoneC,EHP,MUL,26569.11259,1,0,0,0,1,1,3,1584
1585,Matsuyama,Restaurant,UrbanCafe,ZoneC,EHP,MUL,0.001636783,0,0,0,1,1,1,3,1585
1586,Matsuyama,Restaurant,UrbanCafe,ZoneC,EHP,MUL,569.0186861,1,0,1,0,1,1,3,1586
1587,Matsuyama,Restaurant,UrbanCafe,ZoneC,EHP,MUL,33.41617435,1,0,0,1,1,1,3,1587
1588,Matsuyama,Restaurant,UrbanCafe,ZoneC,EHP,MUL,0.896760218,1,0,1,1,1,1,3,1588
1589,Fukuoka,Restaurant,UrbanCafe,ZoneC,EHP,MUL,20711.80722,0,0,0,0,1,1,3,1589
1590,Fukuoka,Restaurant,UrbanCafe,ZoneC,EHP,MUL,30985.80454,1,0,0,0,1,1,3,1590
1591,Fukuoka,Restaurant,UrbanCafe,ZoneC,EHP,MUL,0.010668854,0,0,0,1,1,1,3,1591
1592,Fukuoka,Restaurant,UrbanCafe,ZoneC,EHP,MUL,988.4578355,1,0,1,0,1,1,3,1592
1593,Fukuoka,Restaurant,UrbanCafe,ZoneC,EHP,MUL,18.18710111,1,0,0,1,1,1,3,1593
1594,Fukuoka,Restaurant,UrbanCafe,ZoneC,EHP,MUL,1.603674511,1,0,1,1,1,1,3,1594
1595,Naha,Restaurant,UrbanCafe,ZoneC,EHP,MUL,6933.366061,0,0,0,0,1,1,3,1595
1596,Naha,Restaurant,UrbanCafe,ZoneC,EHP,MUL,3235.000908,1,0,0,0,1,1,3,1596
1597,Naha,Restaurant,UrbanCafe,ZoneC,EHP,MUL,0.154299805,0,0,0,1,1,1,3,1597
1598,Naha,Restaurant,UrbanCafe,ZoneC,EHP,MUL,333.3587562,1,0,1,0,1,1,3,1598
1599,Naha,Restaurant,UrbanCafe,ZoneC,EHP,MUL,0.199724408,1,0,0,1,1,1,3,1599
1600,Naha,Restaurant,UrbanCafe,ZoneC,EHP,MUL,0.562974285,1,0,1,1,1,1,3,1600
1601,Sapporo,Restaurant,UrbanRestaurant,ZoneC,EHP,MUL,1.439028133,0,0,0,0,3,1,3,1601
1602,Sapporo,Restaurant,UrbanRestaurant,ZoneC,EHP,MUL,983.0800519,1,0,0,0,3,1,3,1602
1603,Sapporo,Restaurant,UrbanRestaurant,ZoneC,EHP,MUL,2.59E-15,0,0,0,1,3,1,3,1603
1604,Sapporo,Restaurant,UrbanRestaurant,ZoneC,EHP,MUL,0.067539826,1,0,1,0,3,1,3,1604
1605,Sapporo,Restaurant,UrbanRestaurant,ZoneC,EHP,MUL,72262.25546,1,0,0,1,3,1,3,1605
1606,Sapporo,Restaurant,UrbanRestaurant,ZoneC,EHP,MUL,9.91E-05,1,0,1,1,3,1,3,1606
1607,Sendai,Restaurant,UrbanRestaurant,ZoneC,EHP,MUL,1056.317759,0,0,0,0,3,1,3,1607
1608,Sendai,Restaurant,UrbanRestaurant,ZoneC,EHP,MUL,70275.58521,1,0,0,0,3,1,3,1608
1609,Sendai,Restaurant,UrbanRestaurant,ZoneC,EHP,MUL,2.95E-09,0,0,0,1,3,1,3,1609
1610,Sendai,Restaurant,UrbanRestaurant,ZoneC,EHP,MUL,49.76714019,1,0,1,0,3,1,3,1610
1611,Sendai,Restaurant,UrbanRestaurant,ZoneC,EHP,MUL,60541.55684,1,0,0,1,3,1,3,1611
1612,Sendai,Restaurant,UrbanRestaurant,ZoneC,EHP,MUL,0.074664355,1,0,1,1,3,1,3,1612
1613,Tokyo,Restaurant,UrbanRestaurant,ZoneC,EHP,MUL,171695.7866,0,0,0,0,1,1,3,1613
1614,Tokyo,Restaurant,UrbanRestaurant,ZoneC,EHP,MUL,493651.2418,1,0,0,0,1,1,3,1614
1615,Tokyo,Restaurant,UrbanRestaurant,ZoneC,EHP,MUL,0.005004121,0,0,0,1,1,1,3,1615
1616,Tokyo,Restaurant,UrbanRestaurant,ZoneC,EHP,MUL,7126.512094,1,0,1,0,1,1,3,1616
1617,Tokyo,Restaurant,UrbanRestaurant,ZoneC,EHP,MUL,1564.70361,1,0,0,1,1,1,3,1617
1618,Tokyo,Restaurant,UrbanRestaurant,ZoneC,EHP,MUL,13.08810839,1,0,1,1,1,1,3,1618
1619,Nigata,Restaurant,UrbanRestaurant,ZoneC,EHP,MUL,6418.187311,0,0,0,0,1,1,3,1619
1620,Nigata,Restaurant,UrbanRestaurant,ZoneC,EHP,MUL,81809.20324,1,0,0,0,1,1,3,1620
1621,Nigata,Restaurant,UrbanRestaurant,ZoneC,EHP,MUL,3.91E-06,0,0,0,1,1,1,3,1621
1622,Nigata,Restaurant,UrbanRestaurant,ZoneC,EHP,MUL,307.3635725,1,0,1,0,1,1,3,1622
1623,Nigata,Restaurant,UrbanRestaurant,ZoneC,EHP,MUL,2830.402871,1,0,0,1,1,1,3,1623
1624,Nigata,Restaurant,UrbanRestaurant,ZoneC,EHP,MUL,0.480832249,1,0,1,1,1,1,3,1624
1625,Nagoya,Restaurant,UrbanRestaurant,ZoneC,EHP,MUL,43029.2414,0,0,0,0,1,1,3,1625
1626,Nagoya,Restaurant,UrbanRestaurant,ZoneC,EHP,MUL,225871.8813,1,0,0,0,1,1,3,1626
1627,Nagoya,Restaurant,UrbanRestaurant,ZoneC,EHP,MUL,3.82E-04,0,0,0,1,1,1,3,1627
1628,Nagoya,Restaurant,UrbanRestaurant,ZoneC,EHP,MUL,2001.585676,1,0,1,0,1,1,3,1628
1629,Nagoya,Restaurant,UrbanRestaurant,ZoneC,EHP,MUL,1588.663321,1,0,0,1,1,1,3,1629
1630,Nagoya,Restaurant,UrbanRestaurant,ZoneC,EHP,MUL,3.243317092,1,0,1,1,1,1,3,1630
1631,Osaka,Restaurant,UrbanRestaurant,ZoneC,EHP,MUL,106679.5663,0,0,0,0,1,1,3,1631
1632,Osaka,Restaurant,UrbanRestaurant,ZoneC,EHP,MUL,285851.3259,1,0,0,0,1,1,3,1632
1633,Osaka,Restaurant,UrbanRestaurant,ZoneC,EHP,MUL,0.00491034,0,0,0,1,1,1,3,1633
1634,Osaka,Restaurant,UrbanRestaurant,ZoneC,EHP,MUL,4646.119674,1,0,1,0,1,1,3,1634
1635,Osaka,Restaurant,UrbanRestaurant,ZoneC,EHP,MUL,684.9422349,1,0,0,1,1,1,3,1635
1636,Osaka,Restaurant,UrbanRestaurant,ZoneC,EHP,MUL,8.028927074,1,0,1,1,1,1,3,1636
1637,Hiroshima,Restaurant,UrbanRestaurant,ZoneC,EHP,MUL,28510.3396,0,0,0,0,1,1,3,1637
1638,Hiroshima,Restaurant,UrbanRestaurant,ZoneC,EHP,MUL,90117.81449,1,0,0,0,1,1,3,1638
1639,Hiroshima,Restaurant,UrbanRestaurant,ZoneC,EHP,MUL,0.001505351,0,0,0,1,1,1,3,1639
1640,Hiroshima,Restaurant,UrbanRestaurant,ZoneC,EHP,MUL,1375.9003,1,0,1,0,1,1,3,1640
1641,Hiroshima,Restaurant,UrbanRestaurant,ZoneC,EHP,MUL,212.9060186,1,0,0,1,1,1,3,1641
1642,Hiroshima,Restaurant,UrbanRestaurant,ZoneC,EHP,MUL,2.196376448,1,0,1,1,1,1,3,1642
1643,Matsuyama,Restaurant,UrbanRestaurant,ZoneC,EHP,MUL,17814.94678,0,0,0,0,1,1,3,1643
1644,Matsuyama,Restaurant,UrbanRestaurant,ZoneC,EHP,MUL,39666.77991,1,0,0,0,1,1,3,1644
1645,Matsuyama,Restaurant,UrbanRestaurant,ZoneC,EHP,MUL,0.002443662,0,0,0,1,1,1,3,1645
1646,Matsuyama,Restaurant,UrbanRestaurant,ZoneC,EHP,MUL,849.5255124,1,0,1,0,1,1,3,1646
1647,Matsuyama,Restaurant,UrbanRestaurant,ZoneC,EHP,MUL,49.88920985,1,0,0,1,1,1,3,1647
1648,Matsuyama,Restaurant,UrbanRestaurant,ZoneC,EHP,MUL,1.338832453,1,0,1,1,1,1,3,1648
1649,Fukuoka,Restaurant,UrbanRestaurant,ZoneC,EHP,MUL,77535.11742,0,0,0,0,1,1,3,1649
1650,Fukuoka,Restaurant,UrbanRestaurant,ZoneC,EHP,MUL,115996.0581,1,0,0,0,1,1,3,1650
1651,Fukuoka,Restaurant,UrbanRestaurant,ZoneC,EHP,MUL,0.039939096,0,0,0,1,1,1,3,1651
1652,Fukuoka,Restaurant,UrbanRestaurant,ZoneC,EHP,MUL,3700.314199,1,0,1,0,1,1,3,1652
1653,Fukuoka,Restaurant,UrbanRestaurant,ZoneC,EHP,MUL,68.08382312,1,0,0,1,1,1,3,1653
1654,Fukuoka,Restaurant,UrbanRestaurant,ZoneC,EHP,MUL,6.003391694,1,0,1,1,1,1,3,1654
1655,Naha,Restaurant,UrbanRestaurant,ZoneC,EHP,MUL,16493.67835,0,0,0,0,1,1,3,1655
1656,Naha,Restaurant,UrbanRestaurant,ZoneC,EHP,MUL,7695.694121,1,0,0,0,1,1,3,1656
1657,Naha,Restaurant,UrbanRestaurant,ZoneC,EHP,MUL,0.367061443,0,0,0,1,1,1,3,1657
1658,Naha,Restaurant,UrbanRestaurant,ZoneC,EHP,MUL,793.0220402,1,0,1,0,1,1,3,1658
1659,Naha,Restaurant,UrbanRestaurant,ZoneC,EHP,MUL,0.475121337,1,0,0,1,1,1,3,1659
1660,Naha,Restaurant,UrbanRestaurant,ZoneC,EHP,MUL,1.339250904,1,0,1,1,1,1,3,1660
1661,Sapporo,Restaurant,UrbanChineseRestaurant,ZoneC,EHP,MUL,0.704713021,0,0,0,0,3,1,3,1661
1662,Sapporo,Restaurant,UrbanChineseRestaurant,ZoneC,EHP,MUL,481.4286095,1,0,0,0,3,1,3,1662
1663,Sapporo,Restaurant,UrbanChineseRestaurant,ZoneC,EHP,MUL,1.27E-15,0,0,0,1,3,1,3,1663
1664,Sapporo,Restaurant,UrbanChineseRestaurant,ZoneC,EHP,MUL,0.033075236,1,0,1,0,3,1,3,1664
1665,Sapporo,Restaurant,UrbanChineseRestaurant,ZoneC,EHP,MUL,35387.87824,1,0,0,1,3,1,3,1665
1666,Sapporo,Restaurant,UrbanChineseRestaurant,ZoneC,EHP,MUL,4.85E-05,1,0,1,1,3,1,3,1666
1667,Sendai,Restaurant,UrbanChineseRestaurant,ZoneC,EHP,MUL,517.0821984,0,0,0,0,3,1,3,1667
1668,Sendai,Restaurant,UrbanChineseRestaurant,ZoneC,EHP,MUL,34400.87396,1,0,0,0,3,1,3,1668
1669,Sendai,Restaurant,UrbanChineseRestaurant,ZoneC,EHP,MUL,1.45E-09,0,0,0,1,3,1,3,1669
1670,Sendai,Restaurant,UrbanChineseRestaurant,ZoneC,EHP,MUL,24.36170558,1,0,1,0,3,1,3,1670
1671,Sendai,Restaurant,UrbanChineseRestaurant,ZoneC,EHP,MUL,29635.93202,1,0,0,1,3,1,3,1671
1672,Sendai,Restaurant,UrbanChineseRestaurant,ZoneC,EHP,MUL,0.036549237,1,0,1,1,3,1,3,1672
1673,Tokyo,Restaurant,UrbanChineseRestaurant,ZoneC,EHP,MUL,89542.54675,0,0,0,0,1,1,3,1673
1674,Tokyo,Restaurant,UrbanChineseRestaurant,ZoneC,EHP,MUL,257448.306,1,0,0,0,1,1,3,1674
1675,Tokyo,Restaurant,UrbanChineseRestaurant,ZoneC,EHP,MUL,0.002609742,0,0,0,1,1,1,3,1675
1676,Tokyo,Restaurant,UrbanChineseRestaurant,ZoneC,EHP,MUL,3716.608632,1,0,1,0,1,1,3,1676
1677,Tokyo,Restaurant,UrbanChineseRestaurant,ZoneC,EHP,MUL,816.0220404,1,0,0,1,1,1,3,1677
1678,Tokyo,Restaurant,UrbanChineseRestaurant,ZoneC,EHP,MUL,6.825692001,1,0,1,1,1,1,3,1678
1679,Nigata,Restaurant,UrbanChineseRestaurant,ZoneC,EHP,MUL,2484.418063,0,0,0,0,1,1,3,1679
1680,Nigata,Restaurant,UrbanChineseRestaurant,ZoneC,EHP,MUL,31667.54917,1,0,0,0,1,1,3,1680
1681,Nigata,Restaurant,UrbanChineseRestaurant,ZoneC,EHP,MUL,1.51E-06,0,0,0,1,1,1,3,1681
1682,Nigata,Restaurant,UrbanChineseRestaurant,ZoneC,EHP,MUL,118.9774581,1,0,1,0,1,1,3,1682
1683,Nigata,Restaurant,UrbanChineseRestaurant,ZoneC,EHP,MUL,1095.621502,1,0,0,1,1,1,3,1683
1684,Nigata,Restaurant,UrbanChineseRestaurant,ZoneC,EHP,MUL,0.1861255,1,0,1,1,1,1,3,1684
1685,Nagoya,Restaurant,UrbanChineseRestaurant,ZoneC,EHP,MUL,17956.63045,0,0,0,0,1,1,3,1685
1686,Nagoya,Restaurant,UrbanChineseRestaurant,ZoneC,EHP,MUL,94259.10779,1,0,0,0,1,1,3,1686
1687,Nagoya,Restaurant,UrbanChineseRestaurant,ZoneC,EHP,MUL,1.60E-04,0,0,0,1,1,1,3,1687
1688,Nagoya,Restaurant,UrbanChineseRestaurant,ZoneC,EHP,MUL,835.2862642,1,0,1,0,1,1,3,1688
1689,Nagoya,Restaurant,UrbanChineseRestaurant,ZoneC,EHP,MUL,662.968699,1,0,0,1,1,1,3,1689
1690,Nagoya,Restaurant,UrbanChineseRestaurant,ZoneC,EHP,MUL,1.353476022,1,0,1,1,1,1,3,1690
1691,Osaka,Restaurant,UrbanChineseRestaurant,ZoneC,EHP,MUL,31879.98899,0,0,0,0,1,1,3,1691
1692,Osaka,Restaurant,UrbanChineseRestaurant,ZoneC,EHP,MUL,85423.4549,1,0,0,0,1,1,3,1692
1693,Osaka,Restaurant,UrbanChineseRestaurant,ZoneC,EHP,MUL,0.0014674,0,0,0,1,1,1,3,1693
1694,Osaka,Restaurant,UrbanChineseRestaurant,ZoneC,EHP,MUL,1388.440628,1,0,1,0,1,1,3,1694
1695,Osaka,Restaurant,UrbanChineseRestaurant,ZoneC,EHP,MUL,204.6872861,1,0,0,1,1,1,3,1695
1696,Osaka,Restaurant,UrbanChineseRestaurant,ZoneC,EHP,MUL,2.399354586,1,0,1,1,1,1,3,1696
1697,Hiroshima,Restaurant,UrbanChineseRestaurant,ZoneC,EHP,MUL,9053.288164,0,0,0,0,1,1,3,1697
1698,Hiroshima,Restaurant,UrbanChineseRestaurant,ZoneC,EHP,MUL,28616.37408,1,0,0,0,1,1,3,1698
1699,Hiroshima,Restaurant,UrbanChineseRestaurant,ZoneC,EHP,MUL,4.78E-04,0,0,0,1,1,1,3,1699
1700,Hiroshima,Restaurant,UrbanChineseRestaurant,ZoneC,EHP,MUL,436.9089275,1,0,1,0,1,1,3,1700
1701,Hiroshima,Restaurant,UrbanChineseRestaurant,ZoneC,EHP,MUL,67.60703535,1,0,0,1,1,1,3,1701
1702,Hiroshima,Restaurant,UrbanChineseRestaurant,ZoneC,EHP,MUL,0.697446231,1,0,1,1,1,1,3,1702
1703,Matsuyama,Restaurant,UrbanChineseRestaurant,ZoneC,EHP,MUL,7912.573338,0,0,0,0,1,1,3,1703
1704,Matsuyama,Restaurant,UrbanChineseRestaurant,ZoneC,EHP,MUL,17618.14442,1,0,0,0,1,1,3,1704
1705,Matsuyama,Restaurant,UrbanChineseRestaurant,ZoneC,EHP,MUL,0.001085361,0,0,0,1,1,1,3,1705
1706,Matsuyama,Restaurant,UrbanChineseRestaurant,ZoneC,EHP,MUL,377.319843,1,0,1,0,1,1,3,1706
1707,Matsuyama,Restaurant,UrbanChineseRestaurant,ZoneC,EHP,MUL,22.15847382,1,0,0,1,1,1,3,1707
1708,Matsuyama,Restaurant,UrbanChineseRestaurant,ZoneC,EHP,MUL,0.594647299,1,0,1,1,1,1,3,1708
1709,Fukuoka,Restaurant,UrbanChineseRestaurant,ZoneC,EHP,MUL,28872.29517,0,0,0,0,1,1,3,1709
1710,Fukuoka,Restaurant,UrbanChineseRestaurant,ZoneC,EHP,MUL,43194.26524,1,0,0,0,1,1,3,1710
1711,Fukuoka,Restaurant,UrbanChineseRestaurant,ZoneC,EHP,MUL,0.014872401,0,0,0,1,1,1,3,1711
1712,Fukuoka,Restaurant,UrbanChineseRestaurant,ZoneC,EHP,MUL,1377.911936,1,0,1,0,1,1,3,1712
1713,Fukuoka,Restaurant,UrbanChineseRestaurant,ZoneC,EHP,MUL,25.35285046,1,0,0,1,1,1,3,1713
1714,Fukuoka,Restaurant,UrbanChineseRestaurant,ZoneC,EHP,MUL,2.235525047,1,0,1,1,1,1,3,1714
1715,Naha,Restaurant,UrbanChineseRestaurant,ZoneC,EHP,MUL,3614.141257,0,0,0,0,1,1,3,1715
1716,Naha,Restaurant,UrbanChineseRestaurant,ZoneC,EHP,MUL,1686.302172,1,0,0,0,1,1,3,1716
1717,Naha,Restaurant,UrbanChineseRestaurant,ZoneC,EHP,MUL,0.080431537,0,0,0,1,1,1,3,1717
1718,Naha,Restaurant,UrbanChineseRestaurant,ZoneC,EHP,MUL,173.7692231,1,0,1,0,1,1,3,1718
1719,Naha,Restaurant,UrbanChineseRestaurant,ZoneC,EHP,MUL,0.104109926,1,0,0,1,1,1,3,1719
1720,Naha,Restaurant,UrbanChineseRestaurant,ZoneC,EHP,MUL,0.29346043,1,0,1,1,1,1,3,1720
1721,Sapporo,Restaurant,UrbanYakiniku,ZoneC,EHP,MUL,0.209141355,0,0,0,0,3,1,3,1721
1722,Sapporo,Restaurant,UrbanYakiniku,ZoneC,EHP,MUL,142.8760768,1,0,0,0,3,1,3,1722
1723,Sapporo,Restaurant,UrbanYakiniku,ZoneC,EHP,MUL,3.77E-16,0,0,0,1,3,1,3,1723
1724,Sapporo,Restaurant,UrbanYakiniku,ZoneC,EHP,MUL,0.00981591,1,0,1,0,3,1,3,1724
1725,Sapporo,Restaurant,UrbanYakiniku,ZoneC,EHP,MUL,10502.24501,1,0,0,1,3,1,3,1725
1726,Sapporo,Restaurant,UrbanYakiniku,ZoneC,EHP,MUL,1.44E-05,1,0,1,1,3,1,3,1726
1727,Sendai,Restaurant,UrbanYakiniku,ZoneC,EHP,MUL,94.98337065,0,0,0,0,3,1,3,1727
1728,Sendai,Restaurant,UrbanYakiniku,ZoneC,EHP,MUL,6319.13257,1,0,0,0,3,1,3,1728
1729,Sendai,Restaurant,UrbanYakiniku,ZoneC,EHP,MUL,2.65E-10,0,0,0,1,3,1,3,1729
1730,Sendai,Restaurant,UrbanYakiniku,ZoneC,EHP,MUL,4.475027217,1,0,1,0,3,1,3,1730
1731,Sendai,Restaurant,UrbanYakiniku,ZoneC,EHP,MUL,5443.855396,1,0,0,1,3,1,3,1731
1732,Sendai,Restaurant,UrbanYakiniku,ZoneC,EHP,MUL,0.006713768,1,0,1,1,3,1,3,1732
1733,Tokyo,Restaurant,UrbanYakiniku,ZoneC,EHP,MUL,14707.75318,0,0,0,0,1,1,3,1733
1734,Tokyo,Restaurant,UrbanYakiniku,ZoneC,EHP,MUL,42287.0052,1,0,0,0,1,1,3,1734
1735,Tokyo,Restaurant,UrbanYakiniku,ZoneC,EHP,MUL,4.29E-04,0,0,0,1,1,1,3,1735
1736,Tokyo,Restaurant,UrbanYakiniku,ZoneC,EHP,MUL,610.46915,1,0,1,0,1,1,3,1736
1737,Tokyo,Restaurant,UrbanYakiniku,ZoneC,EHP,MUL,134.0351732,1,0,0,1,1,1,3,1737
1738,Tokyo,Restaurant,UrbanYakiniku,ZoneC,EHP,MUL,1.12114963,1,0,1,1,1,1,3,1738
1739,Nigata,Restaurant,UrbanYakiniku,ZoneC,EHP,MUL,657.4038675,0,0,0,0,1,1,3,1739
1740,Nigata,Restaurant,UrbanYakiniku,ZoneC,EHP,MUL,8379.575728,1,0,0,0,1,1,3,1740
1741,Nigata,Restaurant,UrbanYakiniku,ZoneC,EHP,MUL,4.00E-07,0,0,0,1,1,1,3,1741
1742,Nigata,Restaurant,UrbanYakiniku,ZoneC,EHP,MUL,31.48272113,1,0,1,0,1,1,3,1742
1743,Nigata,Restaurant,UrbanYakiniku,ZoneC,EHP,MUL,289.9132892,1,0,0,1,1,1,3,1743
1744,Nigata,Restaurant,UrbanYakiniku,ZoneC,EHP,MUL,0.049250819,1,0,1,1,1,1,3,1744
1745,Nagoya,Restaurant,UrbanYakiniku,ZoneC,EHP,MUL,4285.811761,0,0,0,0,1,1,3,1745
1746,Nagoya,Restaurant,UrbanYakiniku,ZoneC,EHP,MUL,22497.36073,1,0,0,0,1,1,3,1746
1747,Nagoya,Restaurant,UrbanYakiniku,ZoneC,EHP,MUL,3.81E-05,0,0,0,1,1,1,3,1747
1748,Nagoya,Restaurant,UrbanYakiniku,ZoneC,EHP,MUL,199.3625532,1,0,1,0,1,1,3,1748
1749,Nagoya,Restaurant,UrbanYakiniku,ZoneC,EHP,MUL,158.2345338,1,0,0,1,1,1,3,1749
1750,Nagoya,Restaurant,UrbanYakiniku,ZoneC,EHP,MUL,0.323041869,1,0,1,1,1,1,3,1750
1751,Osaka,Restaurant,UrbanYakiniku,ZoneC,EHP,MUL,10930.50482,0,0,0,0,1,1,3,1751
1752,Osaka,Restaurant,UrbanYakiniku,ZoneC,EHP,MUL,29288.63891,1,0,0,0,1,1,3,1752
1753,Osaka,Restaurant,UrbanYakiniku,ZoneC,EHP,MUL,5.03E-04,0,0,0,1,1,1,3,1753
1754,Osaka,Restaurant,UrbanYakiniku,ZoneC,EHP,MUL,476.046494,1,0,1,0,1,1,3,1754
1755,Osaka,Restaurant,UrbanYakiniku,ZoneC,EHP,MUL,70.17992912,1,0,0,1,1,1,3,1755
1756,Osaka,Restaurant,UrbanYakiniku,ZoneC,EHP,MUL,0.822652633,1,0,1,1,1,1,3,1756
1757,Hiroshima,Restaurant,UrbanYakiniku,ZoneC,EHP,MUL,3187.841186,0,0,0,0,1,1,3,1757
1758,Hiroshima,Restaurant,UrbanYakiniku,ZoneC,EHP,MUL,10076.38928,1,0,0,0,1,1,3,1758
1759,Hiroshima,Restaurant,UrbanYakiniku,ZoneC,EHP,MUL,1.68E-04,0,0,0,1,1,1,3,1759
1760,Hiroshima,Restaurant,UrbanYakiniku,ZoneC,EHP,MUL,153.844244,1,0,1,0,1,1,3,1760
1761,Hiroshima,Restaurant,UrbanYakiniku,ZoneC,EHP,MUL,23.80576956,1,0,0,1,1,1,3,1761
1762,Hiroshima,Restaurant,UrbanYakiniku,ZoneC,EHP,MUL,0.245584563,1,0,1,1,1,1,3,1762
1763,Matsuyama,Restaurant,UrbanYakiniku,ZoneC,EHP,MUL,1845.485736,0,0,0,0,1,1,3,1763
1764,Matsuyama,Restaurant,UrbanYakiniku,ZoneC,EHP,MUL,4109.160551,1,0,0,0,1,1,3,1764
1765,Matsuyama,Restaurant,UrbanYakiniku,ZoneC,EHP,MUL,2.53E-04,0,0,0,1,1,1,3,1765
1766,Matsuyama,Restaurant,UrbanYakiniku,ZoneC,EHP,MUL,88.00403588,1,0,1,0,1,1,3,1766
1767,Matsuyama,Restaurant,UrbanYakiniku,ZoneC,EHP,MUL,5.16812238,1,0,0,1,1,1,3,1767
1768,Matsuyama,Restaurant,UrbanYakiniku,ZoneC,EHP,MUL,0.138692314,1,0,1,1,1,1,3,1768
1769,Fukuoka,Restaurant,UrbanYakiniku,ZoneC,EHP,MUL,8361.397963,0,0,0,0,1,1,3,1769
1770,Fukuoka,Restaurant,UrbanYakiniku,ZoneC,EHP,MUL,12509.03121,1,0,0,0,1,1,3,1770
1771,Fukuoka,Restaurant,UrbanYakiniku,ZoneC,EHP,MUL,0.004307038,0,0,0,1,1,1,3,1771
1772,Fukuoka,Restaurant,UrbanYakiniku,ZoneC,EHP,MUL,399.0424034,1,0,1,0,1,1,3,1772
1773,Fukuoka,Restaurant,UrbanYakiniku,ZoneC,EHP,MUL,7.342169057,1,0,0,1,1,1,3,1773
1774,Fukuoka,Restaurant,UrbanYakiniku,ZoneC,EHP,MUL,0.647406604,1,0,1,1,1,1,3,1774
1775,Naha,Restaurant,UrbanYakiniku,ZoneC,EHP,MUL,1260.251418,0,0,0,0,1,1,3,1775
1776,Naha,Restaurant,UrbanYakiniku,ZoneC,EHP,MUL,588.0137362,1,0,0,0,1,1,3,1776
1777,Naha,Restaurant,UrbanYakiniku,ZoneC,EHP,MUL,0.028046485,0,0,0,1,1,1,3,1777
1778,Naha,Restaurant,UrbanYakiniku,ZoneC,EHP,MUL,60.59334551,1,0,1,0,1,1,3,1778
1779,Naha,Restaurant,UrbanYakiniku,ZoneC,EHP,MUL,0.036303141,1,0,0,1,1,1,3,1779
1780,Naha,Restaurant,UrbanYakiniku,ZoneC,EHP,MUL,0.102329682,1,0,1,1,1,1,3,1780
1781,Sapporo,Logistics,Logistics,ZoneC,EHP,MUL,1540724.671,1,1,0,0,1,1,3,1781
1782,Sendai,Logistics,Logistics,ZoneC,EHP,MUL,1540724.671,1,1,0,0,1,1,3,1782
1783,Tokyo,Logistics,Logistics,ZoneC,EHP,MUL,1540724.671,1,1,0,0,1,1,3,1783
1784,Nigata,Logistics,Logistics,ZoneC,EHP,MUL,1540724.671,1,1,0,0,1,1,3,1784
1785,Nagoya,Logistics,Logistics,ZoneC,EHP,MUL,1540724.671,1,1,0,0,1,1,3,1785
1786,Osaka,Logistics,Logistics,ZoneC,EHP,MUL,1540724.671,1,1,0,0,1,1,3,1786
1787,Hiroshima,Logistics,Logistics,ZoneC,EHP,MUL,1540724.671,1,1,0,0,1,1,3,1787
1788,Matsuyama,Logistics,Logistics,ZoneC,EHP,MUL,1540724.671,1,1,0,0,1,1,3,1788
1789,Fukuoka,Logistics,Logistics,ZoneC,EHP,MUL,1540724.671,1,1,0,0,1,1,3,1789
1790,Naha,Logistics,Logistics,ZoneC,EHP,MUL,1540724.671,1,1,0,0,1,1,3,1790
1791,Sapporo,Logistics,Cool,ZoneC,EHP,MUL,0,1,1,0,0,1,1,3,1791
1792,Sendai,Logistics,Cool,ZoneC,EHP,MUL,0,1,1,0,0,1,1,3,1792
1793,Tokyo,Logistics,Cool,ZoneC,EHP,MUL,0,1,1,0,0,1,1,3,1793
1794,Nigata,Logistics,Cool,ZoneC,EHP,MUL,0,1,1,0,0,1,1,3,1794
1795,Nagoya,Logistics,Cool,ZoneC,EHP,MUL,0,1,1,0,0,1,1,3,1795
1796,Osaka,Logistics,Cool,ZoneC,EHP,MUL,0,1,1,0,0,1,1,3,1796
1797,Hiroshima,Logistics,Cool,ZoneC,EHP,MUL,0,1,1,0,0,1,1,3,1797
1798,Matsuyama,Logistics,Cool,ZoneC,EHP,MUL,0,1,1,0,0,1,1,3,1798
1799,Fukuoka,Logistics,Cool,ZoneC,EHP,MUL,0,1,1,0,0,1,1,3,1799
1800,Naha,Logistics,Cool,ZoneC,EHP,MUL,0,1,1,0,0,1,1,3,1800
1801,Sapporo,Amusement,Patinko,ZoneC,EHP,MUL,33931.90837,1,1,0,0,1,1,3,1801
1802,Sendai,Amusement,Patinko,ZoneC,EHP,MUL,33931.90837,1,1,0,0,1,1,3,1802
1803,Tokyo,Amusement,Patinko,ZoneC,EHP,MUL,33931.90837,1,1,0,0,1,1,3,1803
1804,Nigata,Amusement,Patinko,ZoneC,EHP,MUL,33931.90837,1,1,0,0,1,1,3,1804
1805,Nagoya,Amusement,Patinko,ZoneC,EHP,MUL,33931.90837,1,1,0,0,1,1,3,1805
1806,Osaka,Amusement,Patinko,ZoneC,EHP,MUL,33931.90837,1,1,0,0,1,1,3,1806
1807,Hiroshima,Amusement,Patinko,ZoneC,EHP,MUL,33931.90837,1,1,0,0,1,1,3,1807
1808,Matsuyama,Amusement,Patinko,ZoneC,EHP,MUL,33931.90837,1,1,0,0,1,1,3,1808
1809,Fukuoka,Amusement,Patinko,ZoneC,EHP,MUL,33931.90837,1,1,0,0,1,1,3,1809
1810,Naha,Amusement,Patinko,ZoneC,EHP,MUL,33931.90837,1,1,0,0,1,1,3,1810
1811,Sapporo,Amusement,Fitness,ZoneC,EHP,MUL,19060.03333,1,1,0,0,1,1,3,1811
1812,Sendai,Amusement,Fitness,ZoneC,EHP,MUL,19060.03333,1,1,0,0,1,1,3,1812
1813,Tokyo,Amusement,Fitness,ZoneC,EHP,MUL,19060.03333,1,1,0,0,1,1,3,1813
1814,Nigata,Amusement,Fitness,ZoneC,EHP,MUL,19060.03333,1,1,0,0,1,1,3,1814
1815,Nagoya,Amusement,Fitness,ZoneC,EHP,MUL,19060.03333,1,1,0,0,1,1,3,1815
1816,Osaka,Amusement,Fitness,ZoneC,EHP,MUL,19060.03333,1,1,0,0,1,1,3,1816
1817,Hiroshima,Amusement,Fitness,ZoneC,EHP,MUL,19060.03333,1,1,0,0,1,1,3,1817
1818,Matsuyama,Amusement,Fitness,ZoneC,EHP,MUL,19060.03333,1,1,0,0,1,1,3,1818
1819,Fukuoka,Amusement,Fitness,ZoneC,EHP,MUL,19060.03333,1,1,0,0,1,1,3,1819
1820,Naha,Amusement,Fitness,ZoneC,EHP,MUL,19060.03333,1,1,0,0,1,1,3,1820
1821,Sapporo,Amusement,Karaoke,ZoneC,EHP,MUL,22091.73784,1,1,0,0,1,1,3,1821
1822,Sendai,Amusement,Karaoke,ZoneC,EHP,MUL,22091.73784,1,1,0,0,1,1,3,1822
1823,Tokyo,Amusement,Karaoke,ZoneC,EHP,MUL,22091.73784,1,1,0,0,1,1,3,1823
1824,Nigata,Amusement,Karaoke,ZoneC,EHP,MUL,22091.73784,1,1,0,0,1,1,3,1824
1825,Nagoya,Amusement,Karaoke,ZoneC,EHP,MUL,22091.73784,1,1,0,0,1,1,3,1825
1826,Osaka,Amusement,Karaoke,ZoneC,EHP,MUL,22091.73784,1,1,0,0,1,1,3,1826
1827,Hiroshima,Amusement,Karaoke,ZoneC,EHP,MUL,22091.73784,1,1,0,0,1,1,3,1827
1828,Matsuyama,Amusement,Karaoke,ZoneC,EHP,MUL,22091.73784,1,1,0,0,1,1,3,1828
1829,Fukuoka,Amusement,Karaoke,ZoneC,EHP,MUL,22091.73784,1,1,0,0,1,1,3,1829
1830,Naha,Amusement,Karaoke,ZoneC,EHP,MUL,22091.73784,1,1,0,0,1,1,3,1830
1831,Sapporo,Restaurant,UrbanBar,ZoneC,EHP,MUL,1.388941156,0,0,0,0,3,2,3,1831
1832,Sapporo,Restaurant,UrbanBar,ZoneC,EHP,MUL,948.8628558,1,0,0,0,3,2,3,1832
1833,Sapporo,Restaurant,UrbanBar,ZoneC,EHP,MUL,2.51E-15,0,0,0,1,3,2,3,1833
1834,Sapporo,Restaurant,UrbanBar,ZoneC,EHP,MUL,0.065189027,1,0,1,0,3,2,3,1834
1835,Sapporo,Restaurant,UrbanBar,ZoneC,EHP,MUL,69747.0872,1,0,0,1,3,2,3,1835
1836,Sapporo,Restaurant,UrbanBar,ZoneC,EHP,MUL,9.57E-05,1,0,1,1,3,2,3,1836
1837,Sendai,Restaurant,UrbanBar,ZoneC,EHP,MUL,802.4688951,0,0,0,0,3,2,3,1837
1838,Sendai,Restaurant,UrbanBar,ZoneC,EHP,MUL,53387.31714,1,0,0,0,3,2,3,1838
1839,Sendai,Restaurant,UrbanBar,ZoneC,EHP,MUL,2.24E-09,0,0,0,1,3,2,3,1839
1840,Sendai,Restaurant,UrbanBar,ZoneC,EHP,MUL,37.8073564,1,0,1,0,3,2,3,1840
1841,Sendai,Restaurant,UrbanBar,ZoneC,EHP,MUL,45992.52053,1,0,0,1,3,2,3,1841
1842,Sendai,Restaurant,UrbanBar,ZoneC,EHP,MUL,0.0567214,1,0,1,1,3,2,3,1842
1843,Tokyo,Restaurant,UrbanBar,ZoneC,EHP,MUL,96716.61033,0,0,0,0,1,2,3,1843
1844,Tokyo,Restaurant,UrbanBar,ZoneC,EHP,MUL,278074.8191,1,0,0,0,1,2,3,1844
1845,Tokyo,Restaurant,UrbanBar,ZoneC,EHP,MUL,0.002818832,0,0,0,1,1,2,3,1845
1846,Tokyo,Restaurant,UrbanBar,ZoneC,EHP,MUL,4014.379776,1,0,1,0,1,2,3,1846
1847,Tokyo,Restaurant,UrbanBar,ZoneC,EHP,MUL,881.4009494,1,0,0,1,1,2,3,1847
1848,Tokyo,Restaurant,UrbanBar,ZoneC,EHP,MUL,7.372559946,1,0,1,1,1,2,3,1848
1849,Nigata,Restaurant,UrbanBar,ZoneC,EHP,MUL,3800.516506,0,0,0,0,1,2,3,1849
1850,Nigata,Restaurant,UrbanBar,ZoneC,EHP,MUL,48443.15259,1,0,0,0,1,2,3,1850
1851,Nigata,Restaurant,UrbanBar,ZoneC,EHP,MUL,2.32E-06,0,0,0,1,1,2,3,1851
1852,Nigata,Restaurant,UrbanBar,ZoneC,EHP,MUL,182.0047116,1,0,1,0,1,2,3,1852
1853,Nigata,Restaurant,UrbanBar,ZoneC,EHP,MUL,1676.017279,1,0,0,1,1,2,3,1853
1854,Nigata,Restaurant,UrbanBar,ZoneC,EHP,MUL,0.284723834,1,0,1,1,1,2,3,1854
1855,Nagoya,Restaurant,UrbanBar,ZoneC,EHP,MUL,23400.24784,0,0,0,0,1,2,3,1855
1856,Nagoya,Restaurant,UrbanBar,ZoneC,EHP,MUL,122834.0967,1,0,0,0,1,2,3,1856
1857,Nagoya,Restaurant,UrbanBar,ZoneC,EHP,MUL,2.08E-04,0,0,0,1,1,2,3,1857
1858,Nagoya,Restaurant,UrbanBar,ZoneC,EHP,MUL,1088.506312,1,0,1,0,1,2,3,1858
1859,Nagoya,Restaurant,UrbanBar,ZoneC,EHP,MUL,863.9500545,1,0,0,1,1,2,3,1859
1860,Nagoya,Restaurant,UrbanBar,ZoneC,EHP,MUL,1.763787167,1,0,1,1,1,2,3,1860
1861,Osaka,Restaurant,UrbanBar,ZoneC,EHP,MUL,53243.39691,0,0,0,0,1,2,3,1861
1862,Osaka,Restaurant,UrbanBar,ZoneC,EHP,MUL,142667.3928,1,0,0,0,1,2,3,1862
1863,Osaka,Restaurant,UrbanBar,ZoneC,EHP,MUL,0.002450734,0,0,0,1,1,2,3,1863
1864,Osaka,Restaurant,UrbanBar,ZoneC,EHP,MUL,2318.862012,1,0,1,0,1,2,3,1864
1865,Osaka,Restaurant,UrbanBar,ZoneC,EHP,MUL,341.8522639,1,0,0,1,1,2,3,1865
1866,Osaka,Restaurant,UrbanBar,ZoneC,EHP,MUL,4.007209304,1,0,1,1,1,2,3,1866
1867,Hiroshima,Restaurant,UrbanBar,ZoneC,EHP,MUL,15235.63874,0,0,0,0,1,2,3,1867
1868,Hiroshima,Restaurant,UrbanBar,ZoneC,EHP,MUL,48158.05368,1,0,0,0,1,2,3,1868
1869,Hiroshima,Restaurant,UrbanBar,ZoneC,EHP,MUL,8.04E-04,0,0,0,1,1,2,3,1869
1870,Hiroshima,Restaurant,UrbanBar,ZoneC,EHP,MUL,735.2672817,1,0,1,0,1,2,3,1870
1871,Hiroshima,Restaurant,UrbanBar,ZoneC,EHP,MUL,113.7748349,1,0,0,1,1,2,3,1871
1872,Hiroshima,Restaurant,UrbanBar,ZoneC,EHP,MUL,1.173721483,1,0,1,1,1,2,3,1872
1873,Matsuyama,Restaurant,UrbanBar,ZoneC,EHP,MUL,11585.36754,0,0,0,0,1,2,3,1873
1874,Matsuyama,Restaurant,UrbanBar,ZoneC,EHP,MUL,25795.99199,1,0,0,0,1,2,3,1874
1875,Matsuyama,Restaurant,UrbanBar,ZoneC,EHP,MUL,1.59E-03,0,0,0,1,1,2,3,1875
1876,Matsuyama,Restaurant,UrbanBar,ZoneC,EHP,MUL,552.4611115,1,0,1,0,1,2,3,1876
1877,Matsuyama,Restaurant,UrbanBar,ZoneC,EHP,MUL,32.44381471,1,0,0,1,1,2,3,1877
1878,Matsuyama,Restaurant,UrbanBar,ZoneC,EHP,MUL,0.870665865,1,0,1,1,1,2,3,1878
1879,Fukuoka,Restaurant,UrbanBar,ZoneC,EHP,MUL,60764.12188,0,0,0,0,1,2,3,1879
1880,Fukuoka,Restaurant,UrbanBar,ZoneC,EHP,MUL,90905.88683,1,0,0,0,1,2,3,1880
1881,Fukuoka,Restaurant,UrbanBar,ZoneC,EHP,MUL,0.031300193,0,0,0,1,1,2,3,1881
1882,Fukuoka,Restaurant,UrbanBar,ZoneC,EHP,MUL,2899.929097,1,0,1,0,1,2,3,1882
1883,Fukuoka,Restaurant,UrbanBar,ZoneC,EHP,MUL,53.35716081,1,0,0,1,1,2,3,1883
1884,Fukuoka,Restaurant,UrbanBar,ZoneC,EHP,MUL,4.704846485,1,0,1,1,1,2,3,1884
1885,Naha,Restaurant,UrbanBar,ZoneC,EHP,MUL,21563.12331,0,0,0,0,1,2,3,1885
1886,Naha,Restaurant,UrbanBar,ZoneC,EHP,MUL,10061.0184,1,0,0,0,1,2,3,1886
1887,Naha,Restaurant,UrbanBar,ZoneC,EHP,MUL,0.47988029,0,0,0,1,1,2,3,1887
1888,Naha,Restaurant,UrbanBar,ZoneC,EHP,MUL,1036.762794,1,0,1,0,1,2,3,1888
1889,Naha,Restaurant,UrbanBar,ZoneC,EHP,MUL,0.621153133,1,0,0,1,1,2,3,1889
1890,Naha,Restaurant,UrbanBar,ZoneC,EHP,MUL,1.750878839,1,0,1,1,1,2,3,1890
1891,Sapporo,Restaurant,UrbanCafe,ZoneC,EHP,MUL,0.293357451,0,0,0,0,3,2,3,1891
1892,Sapporo,Restaurant,UrbanCafe,ZoneC,EHP,MUL,200.4087701,1,0,0,0,3,2,3,1892
1893,Sapporo,Restaurant,UrbanCafe,ZoneC,EHP,MUL,5.30E-16,0,0,0,1,3,2,3,1893
1894,Sapporo,Restaurant,UrbanCafe,ZoneC,EHP,MUL,0.013768536,1,0,1,0,3,2,3,1894
1895,Sapporo,Restaurant,UrbanCafe,ZoneC,EHP,MUL,14731.24158,1,0,0,1,3,2,3,1895
1896,Sapporo,Restaurant,UrbanCafe,ZoneC,EHP,MUL,2.02E-05,1,0,1,1,3,2,3,1896
1897,Sendai,Restaurant,UrbanCafe,ZoneC,EHP,MUL,117.2395913,0,0,0,0,3,2,3,1897
1898,Sendai,Restaurant,UrbanCafe,ZoneC,EHP,MUL,7799.812902,1,0,0,0,3,2,3,1898
1899,Sendai,Restaurant,UrbanCafe,ZoneC,EHP,MUL,3.27E-10,0,0,0,1,3,2,3,1899
1900,Sendai,Restaurant,UrbanCafe,ZoneC,EHP,MUL,5.523602269,1,0,1,0,3,2,3,1900
1901,Sendai,Restaurant,UrbanCafe,ZoneC,EHP,MUL,6719.443385,1,0,0,1,3,2,3,1901
1902,Sendai,Restaurant,UrbanCafe,ZoneC,EHP,MUL,0.008286918,1,0,1,1,3,2,3,1902
1903,Tokyo,Restaurant,UrbanCafe,ZoneC,EHP,MUL,22966.1712,0,0,0,0,1,2,3,1903
1904,Tokyo,Restaurant,UrbanCafe,ZoneC,EHP,MUL,66031.20065,1,0,0,0,1,2,3,1904
1905,Tokyo,Restaurant,UrbanCafe,ZoneC,EHP,MUL,6.69E-04,0,0,0,1,1,2,3,1905
1906,Tokyo,Restaurant,UrbanCafe,ZoneC,EHP,MUL,953.2481845,1,0,1,0,1,2,3,1906
1907,Tokyo,Restaurant,UrbanCafe,ZoneC,EHP,MUL,209.2960561,1,0,0,1,1,2,3,1907
1908,Tokyo,Restaurant,UrbanCafe,ZoneC,EHP,MUL,1.750676263,1,0,1,1,1,2,3,1908
1909,Nigata,Restaurant,UrbanCafe,ZoneC,EHP,MUL,1114.575363,0,0,0,0,1,2,3,1909
1910,Nigata,Restaurant,UrbanCafe,ZoneC,EHP,MUL,14206.89644,1,0,0,0,1,2,3,1910
1911,Nigata,Restaurant,UrbanCafe,ZoneC,EHP,MUL,6.81E-07,0,0,0,1,1,2,3,1911
1912,Nigata,Restaurant,UrbanCafe,ZoneC,EHP,MUL,53.37642063,1,0,1,0,1,2,3,1912
1913,Nigata,Restaurant,UrbanCafe,ZoneC,EHP,MUL,491.5246558,1,0,0,1,1,2,3,1913
1914,Nigata,Restaurant,UrbanCafe,ZoneC,EHP,MUL,0.083500801,1,0,1,1,1,2,3,1914
1915,Nagoya,Restaurant,UrbanCafe,ZoneC,EHP,MUL,12353.01765,0,0,0,0,1,2,3,1915
1916,Nagoya,Restaurant,UrbanCafe,ZoneC,EHP,MUL,64844.26045,1,0,0,0,1,2,3,1916
1917,Nagoya,Restaurant,UrbanCafe,ZoneC,EHP,MUL,1.10E-04,0,0,0,1,1,2,3,1917
1918,Nagoya,Restaurant,UrbanCafe,ZoneC,EHP,MUL,574.6237294,1,0,1,0,1,2,3,1918
1919,Nagoya,Restaurant,UrbanCafe,ZoneC,EHP,MUL,456.0802239,1,0,0,1,1,2,3,1919
1920,Nagoya,Restaurant,UrbanCafe,ZoneC,EHP,MUL,0.931105266,1,0,1,1,1,2,3,1920
1921,Osaka,Restaurant,UrbanCafe,ZoneC,EHP,MUL,31959.28886,0,0,0,0,1,2,3,1921
1922,Osaka,Restaurant,UrbanCafe,ZoneC,EHP,MUL,85635.94141,1,0,0,0,1,2,3,1922
1923,Osaka,Restaurant,UrbanCafe,ZoneC,EHP,MUL,1.47E-03,0,0,0,1,1,2,3,1923
1924,Osaka,Restaurant,UrbanCafe,ZoneC,EHP,MUL,1391.894304,1,0,1,0,1,2,3,1924
1925,Osaka,Restaurant,UrbanCafe,ZoneC,EHP,MUL,205.1964353,1,0,0,1,1,2,3,1925
1926,Osaka,Restaurant,UrbanCafe,ZoneC,EHP,MUL,2.405322859,1,0,1,1,1,2,3,1926
1927,Hiroshima,Restaurant,UrbanCafe,ZoneC,EHP,MUL,5881.085703,0,0,0,0,1,2,3,1927
1928,Hiroshima,Restaurant,UrbanCafe,ZoneC,EHP,MUL,18589.41695,1,0,0,0,1,2,3,1928
1929,Hiroshima,Restaurant,UrbanCafe,ZoneC,EHP,MUL,3.11E-04,0,0,0,1,1,2,3,1929
1930,Hiroshima,Restaurant,UrbanCafe,ZoneC,EHP,MUL,283.8194035,1,0,1,0,1,2,3,1930
1931,Hiroshima,Restaurant,UrbanCafe,ZoneC,EHP,MUL,43.91805074,1,0,0,1,1,2,3,1931
1932,Hiroshima,Restaurant,UrbanCafe,ZoneC,EHP,MUL,0.453066442,1,0,1,1,1,2,3,1932
1933,Matsuyama,Restaurant,UrbanCafe,ZoneC,EHP,MUL,6361.800174,0,0,0,0,1,2,3,1933
1934,Matsuyama,Restaurant,UrbanCafe,ZoneC,EHP,MUL,14165.19121,1,0,0,0,1,2,3,1934
1935,Matsuyama,Restaurant,UrbanCafe,ZoneC,EHP,MUL,8.73E-04,0,0,0,1,1,2,3,1935
1936,Matsuyama,Restaurant,UrbanCafe,ZoneC,EHP,MUL,303.3695033,1,0,1,0,1,2,3,1936
1937,Matsuyama,Restaurant,UrbanCafe,ZoneC,EHP,MUL,17.81566838,1,0,0,1,1,2,3,1937
1938,Matsuyama,Restaurant,UrbanCafe,ZoneC,EHP,MUL,0.478103283,1,0,1,1,1,2,3,1938
1939,Fukuoka,Restaurant,UrbanCafe,ZoneC,EHP,MUL,11042.39777,0,0,0,0,1,2,3,1939
1940,Fukuoka,Restaurant,UrbanCafe,ZoneC,EHP,MUL,16519.92872,1,0,0,0,1,2,3,1940
1941,Fukuoka,Restaurant,UrbanCafe,ZoneC,EHP,MUL,0.005688047,0,0,0,1,1,2,3,1941
1942,Fukuoka,Restaurant,UrbanCafe,ZoneC,EHP,MUL,526.9914151,1,0,1,0,1,2,3,1942
1943,Fukuoka,Restaurant,UrbanCafe,ZoneC,EHP,MUL,9.696363168,1,0,0,1,1,2,3,1943
1944,Fukuoka,Restaurant,UrbanCafe,ZoneC,EHP,MUL,0.854991148,1,0,1,1,1,2,3,1944
1945,Naha,Restaurant,UrbanCafe,ZoneC,EHP,MUL,3696.489886,0,0,0,0,1,2,3,1945
1946,Naha,Restaurant,UrbanCafe,ZoneC,EHP,MUL,1724.724763,1,0,0,0,1,2,3,1946
1947,Naha,Restaurant,UrbanCafe,ZoneC,EHP,MUL,0.082264179,0,0,0,1,1,2,3,1947
1948,Naha,Restaurant,UrbanCafe,ZoneC,EHP,MUL,177.7285751,1,0,1,0,1,2,3,1948
1949,Naha,Restaurant,UrbanCafe,ZoneC,EHP,MUL,0.106482082,1,0,0,1,1,2,3,1949
1950,Naha,Restaurant,UrbanCafe,ZoneC,EHP,MUL,0.300146961,1,0,1,1,1,2,3,1950
1951,Sapporo,Restaurant,UrbanRestaurant,ZoneC,EHP,MUL,0.767210745,0,0,0,0,3,2,3,1951
1952,Sapporo,Restaurant,UrbanRestaurant,ZoneC,EHP,MUL,524.1242763,1,0,0,0,3,2,3,1952
1953,Sapporo,Restaurant,UrbanRestaurant,ZoneC,EHP,MUL,1.38E-15,0,0,0,1,3,2,3,1953
1954,Sapporo,Restaurant,UrbanRestaurant,ZoneC,EHP,MUL,0.036008525,1,0,1,0,3,2,3,1954
1955,Sapporo,Restaurant,UrbanRestaurant,ZoneC,EHP,MUL,38526.26475,1,0,0,1,3,2,3,1955
1956,Sapporo,Restaurant,UrbanRestaurant,ZoneC,EHP,MUL,5.28E-05,1,0,1,1,3,2,3,1956
1957,Sendai,Restaurant,UrbanRestaurant,ZoneC,EHP,MUL,563.1705984,0,0,0,0,3,2,3,1957
1958,Sendai,Restaurant,UrbanRestaurant,ZoneC,EHP,MUL,37467.08131,1,0,0,0,3,2,3,1958
1959,Sendai,Restaurant,UrbanRestaurant,ZoneC,EHP,MUL,1.57E-09,0,0,0,1,3,2,3,1959
1960,Sendai,Restaurant,UrbanRestaurant,ZoneC,EHP,MUL,26.5331051,1,0,1,0,3,2,3,1960
1961,Sendai,Restaurant,UrbanRestaurant,ZoneC,EHP,MUL,32277.43214,1,0,0,1,3,2,3,1961
1962,Sendai,Restaurant,UrbanRestaurant,ZoneC,EHP,MUL,0.039806932,1,0,1,1,3,2,3,1962
1963,Tokyo,Restaurant,UrbanRestaurant,ZoneC,EHP,MUL,91538.76098,0,0,0,0,1,2,3,1963
1964,Tokyo,Restaurant,UrbanRestaurant,ZoneC,EHP,MUL,263187.7225,1,0,0,0,1,2,3,1964
1965,Tokyo,Restaurant,UrbanRestaurant,ZoneC,EHP,MUL,0.002667922,0,0,0,1,1,2,3,1965
1966,Tokyo,Restaurant,UrbanRestaurant,ZoneC,EHP,MUL,3799.46474,1,0,1,0,1,2,3,1966
1967,Tokyo,Restaurant,UrbanRestaurant,ZoneC,EHP,MUL,834.2140047,1,0,0,1,1,2,3,1967
1968,Tokyo,Restaurant,UrbanRestaurant,ZoneC,EHP,MUL,6.977860374,1,0,1,1,1,2,3,1968
1969,Nigata,Restaurant,UrbanRestaurant,ZoneC,EHP,MUL,3421.824879,0,0,0,0,1,2,3,1969
1970,Nigata,Restaurant,UrbanRestaurant,ZoneC,EHP,MUL,43616.17282,1,0,0,0,1,2,3,1970
1971,Nigata,Restaurant,UrbanRestaurant,ZoneC,EHP,MUL,2.08E-06,0,0,0,1,1,2,3,1971
1972,Nigata,Restaurant,UrbanRestaurant,ZoneC,EHP,MUL,163.8693712,1,0,1,0,1,2,3,1972
1973,Nigata,Restaurant,UrbanRestaurant,ZoneC,EHP,MUL,1509.015317,1,0,0,1,1,2,3,1973
1974,Nigata,Restaurant,UrbanRestaurant,ZoneC,EHP,MUL,0.25635334,1,0,1,1,1,2,3,1974
1975,Nagoya,Restaurant,UrbanRestaurant,ZoneC,EHP,MUL,22940.82762,0,0,0,0,1,2,3,1975
1976,Nagoya,Restaurant,UrbanRestaurant,ZoneC,EHP,MUL,120422.4784,1,0,0,0,1,2,3,1976
1977,Nagoya,Restaurant,UrbanRestaurant,ZoneC,EHP,MUL,2.04E-04,0,0,0,1,1,2,3,1977
1978,Nagoya,Restaurant,UrbanRestaurant,ZoneC,EHP,MUL,1067.135522,1,0,1,0,1,2,3,1978
1979,Nagoya,Restaurant,UrbanRestaurant,ZoneC,EHP,MUL,846.9880068,1,0,0,1,1,2,3,1979
1980,Nagoya,Restaurant,UrbanRestaurant,ZoneC,EHP,MUL,1.729158496,1,0,1,1,1,2,3,1980
1981,Osaka,Restaurant,UrbanRestaurant,ZoneC,EHP,MUL,56875.68412,0,0,0,0,1,2,3,1981
1982,Osaka,Restaurant,UrbanRestaurant,ZoneC,EHP,MUL,152400.2232,1,0,0,0,1,2,3,1982
1983,Osaka,Restaurant,UrbanRestaurant,ZoneC,EHP,MUL,0.002617924,0,0,0,1,1,2,3,1983
1984,Osaka,Restaurant,UrbanRestaurant,ZoneC,EHP,MUL,2477.055767,1,0,1,0,1,2,3,1984
1985,Osaka,Restaurant,UrbanRestaurant,ZoneC,EHP,MUL,365.173571,1,0,0,1,1,2,3,1985
1986,Osaka,Restaurant,UrbanRestaurant,ZoneC,EHP,MUL,4.280582832,1,0,1,1,1,2,3,1986
1987,Hiroshima,Restaurant,UrbanRestaurant,ZoneC,EHP,MUL,15200.14681,0,0,0,0,1,2,3,1987
1988,Hiroshima,Restaurant,UrbanRestaurant,ZoneC,EHP,MUL,48045.86789,1,0,0,0,1,2,3,1988
1989,Hiroshima,Restaurant,UrbanRestaurant,ZoneC,EHP,MUL,8.03E-04,0,0,0,1,1,2,3,1989
1990,Hiroshima,Restaurant,UrbanRestaurant,ZoneC,EHP,MUL,733.5544523,1,0,1,0,1,2,3,1990
1991,Hiroshima,Restaurant,UrbanRestaurant,ZoneC,EHP,MUL,113.5097927,1,0,0,1,1,2,3,1991
1992,Hiroshima,Restaurant,UrbanRestaurant,ZoneC,EHP,MUL,1.17098726,1,0,1,1,1,2,3,1992
1993,Matsuyama,Restaurant,UrbanRestaurant,ZoneC,EHP,MUL,9497.950924,0,0,0,0,1,2,3,1993
1994,Matsuyama,Restaurant,UrbanRestaurant,ZoneC,EHP,MUL,21148.14788,1,0,0,0,1,2,3,1994
1995,Matsuyama,Restaurant,UrbanRestaurant,ZoneC,EHP,MUL,1.30E-03,0,0,0,1,1,2,3,1995
1996,Matsuyama,Restaurant,UrbanRestaurant,ZoneC,EHP,MUL,452.920333,1,0,1,0,1,2,3,1996
1997,Matsuyama,Restaurant,UrbanRestaurant,ZoneC,EHP,MUL,26.59818593,1,0,0,1,1,2,3,1997
1998,Matsuyama,Restaurant,UrbanRestaurant,ZoneC,EHP,MUL,0.713791913,1,0,1,1,1,2,3,1998
1999,Fukuoka,Restaurant,UrbanRestaurant,ZoneC,EHP,MUL,41337.46507,0,0,0,0,1,2,3,1999
2000,Fukuoka,Restaurant,UrbanRestaurant,ZoneC,EHP,MUL,61842.7257,1,0,0,0,1,2,3,2000
2001,Fukuoka,Restaurant,UrbanRestaurant,ZoneC,EHP,MUL,0.021293332,0,0,0,1,1,2,3,2001
2002,Fukuoka,Restaurant,UrbanRestaurant,ZoneC,EHP,MUL,1972.804247,1,0,1,0,1,2,3,2002
2003,Fukuoka,Restaurant,UrbanRestaurant,ZoneC,EHP,MUL,36.29855418,1,0,0,1,1,2,3,2003
2004,Fukuoka,Restaurant,UrbanRestaurant,ZoneC,EHP,MUL,3.200678643,1,0,1,1,1,2,3,2004
2005,Naha,Restaurant,UrbanRestaurant,ZoneC,EHP,MUL,8793.523187,0,0,0,0,1,2,3,2005
2006,Naha,Restaurant,UrbanRestaurant,ZoneC,EHP,MUL,4102.921328,1,0,0,0,1,2,3,2006
2007,Naha,Restaurant,UrbanRestaurant,ZoneC,EHP,MUL,0.195696996,0,0,0,1,1,2,3,2007
2008,Naha,Restaurant,UrbanRestaurant,ZoneC,EHP,MUL,422.7957857,1,0,1,0,1,2,3,2008
2009,Naha,Restaurant,UrbanRestaurant,ZoneC,EHP,MUL,0.253308595,1,0,0,1,1,2,3,2009
2010,Naha,Restaurant,UrbanRestaurant,ZoneC,EHP,MUL,0.714015008,1,0,1,1,1,2,3,2010
2011,Sapporo,Restaurant,UrbanChineseRestaurant,ZoneC,EHP,MUL,0.375714268,0,0,0,0,3,2,3,2011
2012,Sapporo,Restaurant,UrbanChineseRestaurant,ZoneC,EHP,MUL,256.6712864,1,0,0,0,3,2,3,2012
2013,Sapporo,Restaurant,UrbanChineseRestaurant,ZoneC,EHP,MUL,6.76E-16,0,0,0,1,3,2,3,2013
2014,Sapporo,Restaurant,UrbanChineseRestaurant,ZoneC,EHP,MUL,0.017633899,1,0,1,0,3,2,3,2014
2015,Sapporo,Restaurant,UrbanChineseRestaurant,ZoneC,EHP,MUL,18866.87258,1,0,0,1,3,2,3,2015
2016,Sapporo,Restaurant,UrbanChineseRestaurant,ZoneC,EHP,MUL,2.59E-05,1,0,1,1,3,2,3,2016
2017,Sendai,Restaurant,UrbanChineseRestaurant,ZoneC,EHP,MUL,275.6798213,0,0,0,0,3,2,3,2017
2018,Sendai,Restaurant,UrbanChineseRestaurant,ZoneC,EHP,MUL,18340.65612,1,0,0,0,3,2,3,2018
2019,Sendai,Restaurant,UrbanChineseRestaurant,ZoneC,EHP,MUL,7.72E-10,0,0,0,1,3,2,3,2019
2020,Sendai,Restaurant,UrbanChineseRestaurant,ZoneC,EHP,MUL,12.98832306,1,0,1,0,3,2,3,2020
2021,Sendai,Restaurant,UrbanChineseRestaurant,ZoneC,EHP,MUL,15800.25085,1,0,0,1,3,2,3,2021
2022,Sendai,Restaurant,UrbanChineseRestaurant,ZoneC,EHP,MUL,0.019486046,1,0,1,1,3,2,3,2022
2023,Tokyo,Restaurant,UrbanChineseRestaurant,ZoneC,EHP,MUL,47739.16674,0,0,0,0,1,2,3,2023
2024,Tokyo,Restaurant,UrbanChineseRestaurant,ZoneC,EHP,MUL,137257.2933,1,0,0,0,1,2,3,2024
2025,Tokyo,Restaurant,UrbanChineseRestaurant,ZoneC,EHP,MUL,1.39E-03,0,0,0,1,1,2,3,2025
2026,Tokyo,Restaurant,UrbanChineseRestaurant,ZoneC,EHP,MUL,1981.491544,1,0,1,0,1,2,3,2026
2027,Tokyo,Restaurant,UrbanChineseRestaurant,ZoneC,EHP,MUL,435.0581222,1,0,0,1,1,2,3,2027
2028,Tokyo,Restaurant,UrbanChineseRestaurant,ZoneC,EHP,MUL,3.639083993,1,0,1,1,1,2,3,2028
2029,Nigata,Restaurant,UrbanChineseRestaurant,ZoneC,EHP,MUL,1324.555225,0,0,0,0,1,2,3,2029
2030,Nigata,Restaurant,UrbanChineseRestaurant,ZoneC,EHP,MUL,16883.3975,1,0,0,0,1,2,3,2030
2031,Nigata,Restaurant,UrbanChineseRestaurant,ZoneC,EHP,MUL,8.07E-07,0,0,0,1,1,2,3,2031
2032,Nigata,Restaurant,UrbanChineseRestaurant,ZoneC,EHP,MUL,63.43224439,1,0,1,0,1,2,3,2032
2033,Nigata,Restaurant,UrbanChineseRestaurant,ZoneC,EHP,MUL,584.1251947,1,0,0,1,1,2,3,2033
2034,Nigata,Restaurant,UrbanChineseRestaurant,ZoneC,EHP,MUL,0.099231892,1,0,1,1,1,2,3,2034
2035,Nagoya,Restaurant,UrbanChineseRestaurant,ZoneC,EHP,MUL,9573.488876,0,0,0,0,1,2,3,2035
2036,Nagoya,Restaurant,UrbanChineseRestaurant,ZoneC,EHP,MUL,50253.77797,1,0,0,0,1,2,3,2036
2037,Nagoya,Restaurant,UrbanChineseRestaurant,ZoneC,EHP,MUL,8.51E-05,0,0,0,1,1,2,3,2037
2038,Nagoya,Restaurant,UrbanChineseRestaurant,ZoneC,EHP,MUL,445.3287481,1,0,1,0,1,2,3,2038
2039,Nagoya,Restaurant,UrbanChineseRestaurant,ZoneC,EHP,MUL,353.4584889,1,0,0,1,1,2,3,2039
2040,Nagoya,Restaurant,UrbanChineseRestaurant,ZoneC,EHP,MUL,0.721599059,1,0,1,1,1,2,3,2040
2041,Osaka,Restaurant,UrbanChineseRestaurant,ZoneC,EHP,MUL,16996.65874,0,0,0,0,1,2,3,2041
2042,Osaka,Restaurant,UrbanChineseRestaurant,ZoneC,EHP,MUL,45543.09325,1,0,0,0,1,2,3,2042
2043,Osaka,Restaurant,UrbanChineseRestaurant,ZoneC,EHP,MUL,7.82E-04,0,0,0,1,1,2,3,2043
2044,Osaka,Restaurant,UrbanChineseRestaurant,ZoneC,EHP,MUL,740.2402661,1,0,1,0,1,2,3,2044
2045,Osaka,Restaurant,UrbanChineseRestaurant,ZoneC,EHP,MUL,109.128016,1,0,0,1,1,2,3,2045
2046,Osaka,Restaurant,UrbanChineseRestaurant,ZoneC,EHP,MUL,1.279204052,1,0,1,1,1,2,3,2046
2047,Hiroshima,Restaurant,UrbanChineseRestaurant,ZoneC,EHP,MUL,4826.715889,0,0,0,0,1,2,3,2047
2048,Hiroshima,Restaurant,UrbanChineseRestaurant,ZoneC,EHP,MUL,15256.67857,1,0,0,0,1,2,3,2048
2049,Hiroshima,Restaurant,UrbanChineseRestaurant,ZoneC,EHP,MUL,2.55E-04,0,0,0,1,1,2,3,2049
2050,Hiroshima,Restaurant,UrbanChineseRestaurant,ZoneC,EHP,MUL,232.9358377,1,0,1,0,1,2,3,2050
2051,Hiroshima,Restaurant,UrbanChineseRestaurant,ZoneC,EHP,MUL,36.04435713,1,0,0,1,1,2,3,2051
2052,Hiroshima,Restaurant,UrbanChineseRestaurant,ZoneC,EHP,MUL,0.371840015,1,0,1,1,1,2,3,2052
2053,Matsuyama,Restaurant,UrbanChineseRestaurant,ZoneC,EHP,MUL,4218.549412,0,0,0,0,1,2,3,2053
2054,Matsuyama,Restaurant,UrbanChineseRestaurant,ZoneC,EHP,MUL,9393.026721,1,0,0,0,1,2,3,2054
2055,Matsuyama,Restaurant,UrbanChineseRestaurant,ZoneC,EHP,MUL,5.79E-04,0,0,0,1,1,2,3,2055
2056,Matsuyama,Restaurant,UrbanChineseRestaurant,ZoneC,EHP,MUL,201.1662115,1,0,1,0,1,2,3,2056
2057,Matsuyama,Restaurant,UrbanChineseRestaurant,ZoneC,EHP,MUL,11.81368092,1,0,0,1,1,2,3,2057
2058,Matsuyama,Restaurant,UrbanChineseRestaurant,ZoneC,EHP,MUL,0.317033272,1,0,1,1,1,2,3,2058
2059,Fukuoka,Restaurant,UrbanChineseRestaurant,ZoneC,EHP,MUL,15393.12163,0,0,0,0,1,2,3,2059
2060,Fukuoka,Restaurant,UrbanChineseRestaurant,ZoneC,EHP,MUL,23028.80927,1,0,0,0,1,2,3,2060
2061,Fukuoka,Restaurant,UrbanChineseRestaurant,ZoneC,EHP,MUL,0.007929147,0,0,0,1,1,2,3,2061
2062,Fukuoka,Restaurant,UrbanChineseRestaurant,ZoneC,EHP,MUL,734.6269462,1,0,1,0,1,2,3,2062
2063,Fukuoka,Restaurant,UrbanChineseRestaurant,ZoneC,EHP,MUL,13.51674706,1,0,0,1,1,2,3,2063
2064,Fukuoka,Restaurant,UrbanChineseRestaurant,ZoneC,EHP,MUL,1.191859142,1,0,1,1,1,2,3,2064
2065,Naha,Restaurant,UrbanChineseRestaurant,ZoneC,EHP,MUL,1926.861568,0,0,0,0,1,2,3,2065
2066,Naha,Restaurant,UrbanChineseRestaurant,ZoneC,EHP,MUL,899.0436779,1,0,0,0,1,2,3,2066
2067,Naha,Restaurant,UrbanChineseRestaurant,ZoneC,EHP,MUL,0.042881677,0,0,0,1,1,2,3,2067
2068,Naha,Restaurant,UrbanChineseRestaurant,ZoneC,EHP,MUL,92.64420341,1,0,1,0,1,2,3,2068
2069,Naha,Restaurant,UrbanChineseRestaurant,ZoneC,EHP,MUL,0.055505693,1,0,0,1,1,2,3,2069
2070,Naha,Restaurant,UrbanChineseRestaurant,ZoneC,EHP,MUL,0.15645698,1,0,1,1,1,2,3,2070
2071,Sapporo,Restaurant,UrbanYakiniku,ZoneC,EHP,MUL,0.111502681,0,0,0,0,3,2,3,2071
2072,Sapporo,Restaurant,UrbanYakiniku,ZoneC,EHP,MUL,76.17367501,1,0,0,0,3,2,3,2072
2073,Sapporo,Restaurant,UrbanYakiniku,ZoneC,EHP,MUL,2.01E-16,0,0,0,1,3,2,3,2073
2074,Sapporo,Restaurant,UrbanYakiniku,ZoneC,EHP,MUL,0.005233304,1,0,1,0,3,2,3,2074
2075,Sapporo,Restaurant,UrbanYakiniku,ZoneC,EHP,MUL,5599.220078,1,0,0,1,3,2,3,2075
2076,Sapporo,Restaurant,UrbanYakiniku,ZoneC,EHP,MUL,7.68E-06,1,0,1,1,3,2,3,2076
2077,Sendai,Restaurant,UrbanYakiniku,ZoneC,EHP,MUL,50.63991514,0,0,0,0,3,2,3,2077
2078,Sendai,Restaurant,UrbanYakiniku,ZoneC,EHP,MUL,3369.014333,1,0,0,0,3,2,3,2078
2079,Sendai,Restaurant,UrbanYakiniku,ZoneC,EHP,MUL,1.41E-10,0,0,0,1,3,2,3,2079
2080,Sendai,Restaurant,UrbanYakiniku,ZoneC,EHP,MUL,2.385838668,1,0,1,0,3,2,3,2080
2081,Sendai,Restaurant,UrbanYakiniku,ZoneC,EHP,MUL,2902.364629,1,0,0,1,3,2,3,2081
2082,Sendai,Restaurant,UrbanYakiniku,ZoneC,EHP,MUL,0.003579412,1,0,1,1,3,2,3,2082
2083,Tokyo,Restaurant,UrbanYakiniku,ZoneC,EHP,MUL,7841.365999,0,0,0,0,1,2,3,2083
2084,Tokyo,Restaurant,UrbanYakiniku,ZoneC,EHP,MUL,22545.10806,1,0,0,0,1,2,3,2084
2085,Tokyo,Restaurant,UrbanYakiniku,ZoneC,EHP,MUL,2.29E-04,0,0,0,1,1,2,3,2085
2086,Tokyo,Restaurant,UrbanYakiniku,ZoneC,EHP,MUL,325.4686135,1,0,1,0,1,2,3,2086
2087,Tokyo,Restaurant,UrbanYakiniku,ZoneC,EHP,MUL,71.46019086,1,0,0,1,1,2,3,2087
2088,Tokyo,Restaurant,UrbanYakiniku,ZoneC,EHP,MUL,0.59773539,1,0,1,1,1,2,3,2088
2089,Nigata,Restaurant,UrbanYakiniku,ZoneC,EHP,MUL,350.4916264,0,0,0,0,1,2,3,2089
2090,Nigata,Restaurant,UrbanYakiniku,ZoneC,EHP,MUL,4467.529431,1,0,0,0,1,2,3,2090
2091,Nigata,Restaurant,UrbanYakiniku,ZoneC,EHP,MUL,2.13E-07,0,0,0,1,1,2,3,2091
2092,Nigata,Restaurant,UrbanYakiniku,ZoneC,EHP,MUL,16.78485735,1,0,1,0,1,2,3,2092
2093,Nigata,Restaurant,UrbanYakiniku,ZoneC,EHP,MUL,154.5658389,1,0,0,1,1,2,3,2093
2094,Nigata,Restaurant,UrbanYakiniku,ZoneC,EHP,MUL,0.026257831,1,0,1,1,1,2,3,2094
2095,Nagoya,Restaurant,UrbanYakiniku,ZoneC,EHP,MUL,2284.959382,0,0,0,0,1,2,3,2095
2096,Nagoya,Restaurant,UrbanYakiniku,ZoneC,EHP,MUL,11994.3568,1,0,0,0,1,2,3,2096
2097,Nagoya,Restaurant,UrbanYakiniku,ZoneC,EHP,MUL,2.03E-05,0,0,0,1,1,2,3,2097
2098,Nagoya,Restaurant,UrbanYakiniku,ZoneC,EHP,MUL,106.289161,1,0,1,0,1,2,3,2098
2099,Nagoya,Restaurant,UrbanYakiniku,ZoneC,EHP,MUL,84.36196051,1,0,0,1,1,2,3,2099
2100,Nagoya,Restaurant,UrbanYakiniku,ZoneC,EHP,MUL,0.172228177,1,0,1,1,1,2,3,2100
2101,Osaka,Restaurant,UrbanYakiniku,ZoneC,EHP,MUL,5827.544685,0,0,0,0,1,2,3,2101
2102,Osaka,Restaurant,UrbanYakiniku,ZoneC,EHP,MUL,15615.09324,1,0,0,0,1,2,3,2102
2103,Osaka,Restaurant,UrbanYakiniku,ZoneC,EHP,MUL,2.68E-04,0,0,0,1,1,2,3,2103
2104,Osaka,Restaurant,UrbanYakiniku,ZoneC,EHP,MUL,253.8018381,1,0,1,0,1,2,3,2104
2105,Osaka,Restaurant,UrbanYakiniku,ZoneC,EHP,MUL,37.41608274,1,0,0,1,1,2,3,2105
2106,Osaka,Restaurant,UrbanYakiniku,ZoneC,EHP,MUL,0.43859319,1,0,1,1,1,2,3,2106
2107,Hiroshima,Restaurant,UrbanYakiniku,ZoneC,EHP,MUL,1699.58179,0,0,0,0,1,2,3,2107
2108,Hiroshima,Restaurant,UrbanYakiniku,ZoneC,EHP,MUL,5372.177201,1,0,0,0,1,2,3,2108
2109,Hiroshima,Restaurant,UrbanYakiniku,ZoneC,EHP,MUL,8.97E-05,0,0,0,1,1,2,3,2109
2110,Hiroshima,Restaurant,UrbanYakiniku,ZoneC,EHP,MUL,82.02129919,1,0,1,0,1,2,3,2110
2111,Hiroshima,Restaurant,UrbanYakiniku,ZoneC,EHP,MUL,12.69192851,1,0,0,1,1,2,3,2111
2112,Hiroshima,Restaurant,UrbanYakiniku,ZoneC,EHP,MUL,0.130932197,1,0,1,1,1,2,3,2112
2113,Matsuyama,Restaurant,UrbanYakiniku,ZoneC,EHP,MUL,983.911609,0,0,0,0,1,2,3,2113
2114,Matsuyama,Restaurant,UrbanYakiniku,ZoneC,EHP,MUL,2190.778661,1,0,0,0,1,2,3,2114
2115,Matsuyama,Restaurant,UrbanYakiniku,ZoneC,EHP,MUL,1.35E-04,0,0,0,1,1,2,3,2115
2116,Matsuyama,Restaurant,UrbanYakiniku,ZoneC,EHP,MUL,46.91891727,1,0,1,0,1,2,3,2116
2117,Matsuyama,Restaurant,UrbanYakiniku,ZoneC,EHP,MUL,2.755358932,1,0,0,1,1,2,3,2117
2118,Matsuyama,Restaurant,UrbanYakiniku,ZoneC,EHP,MUL,0.073943123,1,0,1,1,1,2,3,2118
2119,Fukuoka,Restaurant,UrbanYakiniku,ZoneC,EHP,MUL,4457.838045,0,0,0,0,1,2,3,2119
2120,Fukuoka,Restaurant,UrbanYakiniku,ZoneC,EHP,MUL,6669.128233,1,0,0,0,1,2,3,2120
2121,Fukuoka,Restaurant,UrbanYakiniku,ZoneC,EHP,MUL,0.002296276,0,0,0,1,1,2,3,2121
2122,Fukuoka,Restaurant,UrbanYakiniku,ZoneC,EHP,MUL,212.7474874,1,0,1,0,1,2,3,2122
2123,Fukuoka,Restaurant,UrbanYakiniku,ZoneC,EHP,MUL,3.914441185,1,0,0,1,1,2,3,2123
2124,Fukuoka,Restaurant,UrbanYakiniku,ZoneC,EHP,MUL,0.345161635,1,0,1,1,1,2,3,2124
2125,Naha,Restaurant,UrbanYakiniku,ZoneC,EHP,MUL,671.8968217,0,0,0,0,1,2,3,2125
2126,Naha,Restaurant,UrbanYakiniku,ZoneC,EHP,MUL,313.4966205,1,0,0,0,1,2,3,2126
2127,Naha,Restaurant,UrbanYakiniku,ZoneC,EHP,MUL,0.014952845,0,0,0,1,1,2,3,2127
2128,Naha,Restaurant,UrbanYakiniku,ZoneC,EHP,MUL,32.30504302,1,0,1,0,1,2,3,2128
2129,Naha,Restaurant,UrbanYakiniku,ZoneC,EHP,MUL,0.019354841,1,0,0,1,1,2,3,2129
2130,Naha,Restaurant,UrbanYakiniku,ZoneC,EHP,MUL,0.054556565,1,0,1,1,1,2,3,2130
2131,Sapporo,Logistics,Logistics,ZoneC,EHP,MUL,444031.6742,1,1,0,0,1,2,3,2131
2132,Sendai,Logistics,Logistics,ZoneC,EHP,MUL,444031.6742,1,1,0,0,1,2,3,2132
2133,Tokyo,Logistics,Logistics,ZoneC,EHP,MUL,444031.6742,1,1,0,0,1,2,3,2133
2134,Nigata,Logistics,Logistics,ZoneC,EHP,MUL,444031.6742,1,1,0,0,1,2,3,2134
2135,Nagoya,Logistics,Logistics,ZoneC,EHP,MUL,444031.6742,1,1,0,0,1,2,3,2135
2136,Osaka,Logistics,Logistics,ZoneC,EHP,MUL,444031.6742,1,1,0,0,1,2,3,2136
2137,Hiroshima,Logistics,Logistics,ZoneC,EHP,MUL,444031.6742,1,1,0,0,1,2,3,2137
2138,Matsuyama,Logistics,Logistics,ZoneC,EHP,MUL,444031.6742,1,1,0,0,1,2,3,2138
2139,Fukuoka,Logistics,Logistics,ZoneC,EHP,MUL,444031.6742,1,1,0,0,1,2,3,2139
2140,Naha,Logistics,Logistics,ZoneC,EHP,MUL,444031.6742,1,1,0,0,1,2,3,2140
2141,Sapporo,Logistics,Cool,ZoneC,EHP,MUL,0,1,1,0,0,1,2,3,2141
2142,Sendai,Logistics,Cool,ZoneC,EHP,MUL,0,1,1,0,0,1,2,3,2142
2143,Tokyo,Logistics,Cool,ZoneC,EHP,MUL,0,1,1,0,0,1,2,3,2143
2144,Nigata,Logistics,Cool,ZoneC,EHP,MUL,0,1,1,0,0,1,2,3,2144
2145,Nagoya,Logistics,Cool,ZoneC,EHP,MUL,0,1,1,0,0,1,2,3,2145
2146,Osaka,Logistics,Cool,ZoneC,EHP,MUL,0,1,1,0,0,1,2,3,2146
2147,Hiroshima,Logistics,Cool,ZoneC,EHP,MUL,0,1,1,0,0,1,2,3,2147
2148,Matsuyama,Logistics,Cool,ZoneC,EHP,MUL,0,1,1,0,0,1,2,3,2148
2149,Fukuoka,Logistics,Cool,ZoneC,EHP,MUL,0,1,1,0,0,1,2,3,2149
2150,Naha,Logistics,Cool,ZoneC,EHP,MUL,0,1,1,0,0,1,2,3,2150
2151,Sapporo,Amusement,Patinko,ZoneC,EHP,MUL,9779.062002,1,1,0,0,1,2,3,2151
2152,Sendai,Amusement,Patinko,ZoneC,EHP,MUL,9779.062002,1,1,0,0,1,2,3,2152
2153,Tokyo,Amusement,Patinko,ZoneC,EHP,MUL,9779.062002,1,1,0,0,1,2,3,2153
2154,Nigata,Amusement,Patinko,ZoneC,EHP,MUL,9779.062002,1,1,0,0,1,2,3,2154
2155,Nagoya,Amusement,Patinko,ZoneC,EHP,MUL,9779.062002,1,1,0,0,1,2,3,2155
2156,Osaka,Amusement,Patinko,ZoneC,EHP,MUL,9779.062002,1,1,0,0,1,2,3,2156
2157,Hiroshima,Amusement,Patinko,ZoneC,EHP,MUL,9779.062002,1,1,0,0,1,2,3,2157
2158,Matsuyama,Amusement,Patinko,ZoneC,EHP,MUL,9779.062002,1,1,0,0,1,2,3,2158
2159,Fukuoka,Amusement,Patinko,ZoneC,EHP,MUL,9779.062002,1,1,0,0,1,2,3,2159
2160,Naha,Amusement,Patinko,ZoneC,EHP,MUL,9779.062002,1,1,0,0,1,2,3,2160
2161,Sapporo,Amusement,Fitness,ZoneC,EHP,MUL,5493.037577,1,1,0,0,1,2,3,2161
2162,Sendai,Amusement,Fitness,ZoneC,EHP,MUL,5493.037577,1,1,0,0,1,2,3,2162
2163,Tokyo,Amusement,Fitness,ZoneC,EHP,MUL,5493.037577,1,1,0,0,1,2,3,2163
2164,Nigata,Amusement,Fitness,ZoneC,EHP,MUL,5493.037577,1,1,0,0,1,2,3,2164
2165,Nagoya,Amusement,Fitness,ZoneC,EHP,MUL,5493.037577,1,1,0,0,1,2,3,2165
2166,Osaka,Amusement,Fitness,ZoneC,EHP,MUL,5493.037577,1,1,0,0,1,2,3,2166
2167,Hiroshima,Amusement,Fitness,ZoneC,EHP,MUL,5493.037577,1,1,0,0,1,2,3,2167
2168,Matsuyama,Amusement,Fitness,ZoneC,EHP,MUL,5493.037577,1,1,0,0,1,2,3,2168
2169,Fukuoka,Amusement,Fitness,ZoneC,EHP,MUL,5493.037577,1,1,0,0,1,2,3,2169
2170,Naha,Amusement,Fitness,ZoneC,EHP,MUL,5493.037577,1,1,0,0,1,2,3,2170
2171,Sapporo,Amusement,Karaoke,ZoneC,EHP,MUL,6366.764631,1,1,0,0,1,2,3,2171
2172,Sendai,Amusement,Karaoke,ZoneC,EHP,MUL,6366.764631,1,1,0,0,1,2,3,2172
2173,Tokyo,Amusement,Karaoke,ZoneC,EHP,MUL,6366.764631,1,1,0,0,1,2,3,2173
2174,Nigata,Amusement,Karaoke,ZoneC,EHP,MUL,6366.764631,1,1,0,0,1,2,3,2174
2175,Nagoya,Amusement,Karaoke,ZoneC,EHP,MUL,6366.764631,1,1,0,0,1,2,3,2175
2176,Osaka,Amusement,Karaoke,ZoneC,EHP,MUL,6366.764631,1,1,0,0,1,2,3,2176
2177,Hiroshima,Amusement,Karaoke,ZoneC,EHP,MUL,6366.764631,1,1,0,0,1,2,3,2177
2178,Matsuyama,Amusement,Karaoke,ZoneC,EHP,MUL,6366.764631,1,1,0,0,1,2,3,2178
2179,Fukuoka,Amusement,Karaoke,ZoneC,EHP,MUL,6366.764631,1,1,0,0,1,2,3,2179
2180,Naha,Amusement,Karaoke,ZoneC,EHP,MUL,6366.764631,1,1,0,0,1,2,3,2180
