,Area,Building,Cluster,Zoning,Plant,HVAC,TFA,HEX,VWV,NaturalVentilation,CO2control,Insulation,Lighting,HSCOP,NoBuilding
1,Sapporo,Datacenter,CL1,ZoneC,EHP,MUL,58567.03915,1,1,0,0,1,1,1,1
2,Sapporo,Datacenter,CL2,ZoneC,EHP,MUL,95927.74564,1,1,0,0,1,1,1,2
3,Sapporo,Datacenter,CL3,ZoneC,EHP,MUL,165249.7603,1,1,0,0,1,1,1,3
4,Sapporo,Datacenter,CL4,ZoneC,EHP,MUL,112772.8251,1,1,0,0,1,1,1,4
5,Sendai,Datacenter,CL1,ZoneC,EHP,MUL,101795.0918,1,1,0,0,1,1,1,5
6,Sendai,Datacenter,CL2,ZoneC,EHP,MUL,189331.0769,1,1,0,0,1,1,1,6
7,Sendai,Datacenter,CL3,ZoneC,EHP,MUL,230825.062,1,1,0,0,1,1,1,7
8,Sendai,Datacenter,CL4,ZoneC,EHP,MUL,66336.95596,1,1,0,0,1,1,1,8
9,Tokyo,Datacenter,CL1,ZoneC,EHP,MUL,55158.37549,1,1,0,0,1,1,1,9
10,Tokyo,Datacenter,CL2,ZoneC,EHP,MUL,263380.5648,1,1,0,0,1,1,1,10
11,Tokyo,Datacenter,CL3,ZoneC,EHP,MUL,962645.429,1,1,0,0,1,1,1,11
12,Tokyo,Datacenter,CL4,ZoneC,EHP,MUL,285248.9106,1,1,0,0,1,1,1,12
13,Nigata,Datacenter,CL1,ZoneC,EHP,MUL,48341.04818,1,1,0,0,1,1,1,13
14,Nigata,Datacenter,CL2,ZoneC,EHP,MUL,84988.61675,1,1,0,0,1,1,1,14
15,Nigata,Datacenter,CL3,ZoneC,EHP,MUL,120658.5551,1,1,0,0,1,1,1,15
16,Nigata,Datacenter,CL4,ZoneC,EHP,MUL,0,1,1,0,0,1,1,1,16
17,Nagoya,Datacenter,CL1,ZoneC,EHP,MUL,81343.10993,1,1,0,0,1,1,1,17
18,Nagoya,Datacenter,CL2,ZoneC,EHP,MUL,228880.2352,1,1,0,0,1,1,1,18
19,Nagoya,Datacenter,CL3,ZoneC,EHP,MUL,477388.1964,1,1,0,0,1,1,1,19
20,Nagoya,Datacenter,CL4,ZoneC,EHP,MUL,199010.8679,1,1,0,0,1,1,1,20
21,Osaka,Datacenter,CL1,ZoneC,EHP,MUL,81962.86695,1,1,0,0,1,1,1,21
22,Osaka,Datacenter,CL2,ZoneC,EHP,MUL,90878.91692,1,1,0,0,1,1,1,22
23,Osaka,Datacenter,CL3,ZoneC,EHP,MUL,658376.0291,1,1,0,0,1,1,1,23
24,Osaka,Datacenter,CL4,ZoneC,EHP,MUL,59703.26036,1,1,0,0,1,1,1,24
25,Hiroshima,Datacenter,CL1,ZoneC,EHP,MUL,86920.92318,1,1,0,0,1,1,1,25
26,Hiroshima,Datacenter,CL2,ZoneC,EHP,MUL,75732.43077,1,1,0,0,1,1,1,26
27,Hiroshima,Datacenter,CL3,ZoneC,EHP,MUL,215086.9896,1,1,0,0,1,1,1,27
28,Hiroshima,Datacenter,CL4,ZoneC,EHP,MUL,99505.43394,1,1,0,0,1,1,1,28
29,Matsuyama,Datacenter,CL1,ZoneC,EHP,MUL,55003.43624,1,1,0,0,1,1,1,29
30,Matsuyama,Datacenter,CL2,ZoneC,EHP,MUL,44597.98701,1,1,0,0,1,1,1,30
31,Matsuyama,Datacenter,CL3,ZoneC,EHP,MUL,68198.31377,1,1,0,0,1,1,1,31
32,Matsuyama,Datacenter,CL4,ZoneC,EHP,MUL,26534.78238,1,1,0,0,1,1,1,32
33,Fukuoka,Datacenter,CL1,ZoneC,EHP,MUL,114190.2324,1,1,0,0,1,1,1,33
34,Fukuoka,Datacenter,CL2,ZoneC,EHP,MUL,135476.9039,1,1,0,0,1,1,1,34
35,Fukuoka,Datacenter,CL3,ZoneC,EHP,MUL,291154.3395,1,1,0,0,1,1,1,35
36,Fukuoka,Datacenter,CL4,ZoneC,EHP,MUL,0,1,1,0,0,1,1,1,36
37,Naha,Datacenter,CL1,ZoneC,EHP,MUL,4958.056224,1,1,0,0,1,1,1,37
38,Naha,Datacenter,CL2,ZoneC,EHP,MUL,22719.72923,1,1,0,0,1,1,1,38
39,Naha,Datacenter,CL3,ZoneC,EHP,MUL,28853.13275,1,1,0,0,1,1,1,39
40,Naha,Datacenter,CL4,ZoneC,EHP,MUL,6633.695596,1,1,0,0,1,1,1,40
41,Sapporo,Datacenter,CL1,ZoneC,EHP,MUL,53698.96085,1,1,0,0,1,2,1,41
42,Sapporo,Datacenter,CL2,ZoneC,EHP,MUL,87954.25436,1,1,0,0,1,2,1,42
43,Sapporo,Datacenter,CL3,ZoneC,EHP,MUL,151514.2397,1,1,0,0,1,2,1,43
44,Sapporo,Datacenter,CL4,ZoneC,EHP,MUL,103399.1749,1,1,0,0,1,2,1,44
45,Sendai,Datacenter,CL1,ZoneC,EHP,MUL,93333.90815,1,1,0,0,1,2,1,45
46,Sendai,Datacenter,CL2,ZoneC,EHP,MUL,173593.9231,1,1,0,0,1,2,1,46
47,Sendai,Datacenter,CL3,ZoneC,EHP,MUL,211638.938,1,1,0,0,1,2,1,47
48,Sendai,Datacenter,CL4,ZoneC,EHP,MUL,60823.04404,1,1,0,0,1,2,1,48
49,Tokyo,Datacenter,CL1,ZoneC,EHP,MUL,50573.62451,1,1,0,0,1,2,1,49
50,Tokyo,Datacenter,CL2,ZoneC,EHP,MUL,241488.4352,1,1,0,0,1,2,1,50
51,Tokyo,Datacenter,CL3,ZoneC,EHP,MUL,882630.571,1,1,0,0,1,2,1,51
52,Tokyo,Datacenter,CL4,ZoneC,EHP,MUL,261539.0894,1,1,0,0,1,2,1,52
53,Nigata,Datacenter,CL1,ZoneC,EHP,MUL,44322.95182,1,1,0,0,1,2,1,53
54,Nigata,Datacenter,CL2,ZoneC,EHP,MUL,77924.38325,1,1,0,0,1,2,1,54
55,Nigata,Datacenter,CL3,ZoneC,EHP,MUL,110629.4449,1,1,0,0,1,2,1,55
56,Nigata,Datacenter,CL4,ZoneC,EHP,MUL,0,1,1,0,0,1,2,1,56
57,Nagoya,Datacenter,CL1,ZoneC,EHP,MUL,74581.89008,1,1,0,0,1,2,1,57
58,Nagoya,Datacenter,CL2,ZoneC,EHP,MUL,209855.7648,1,1,0,0,1,2,1,58
59,Nagoya,Datacenter,CL3,ZoneC,EHP,MUL,437707.8036,1,1,0,0,1,2,1,59
60,Nagoya,Datacenter,CL4,ZoneC,EHP,MUL,182469.1321,1,1,0,0,1,2,1,60
61,Osaka,Datacenter,CL1,ZoneC,EHP,MUL,75150.13305,1,1,0,0,1,2,1,61
62,Osaka,Datacenter,CL2,ZoneC,EHP,MUL,83325.08308,1,1,0,0,1,2,1,62
63,Osaka,Datacenter,CL3,ZoneC,EHP,MUL,603651.9709,1,1,0,0,1,2,1,63
64,Osaka,Datacenter,CL4,ZoneC,EHP,MUL,54740.73964,1,1,0,0,1,2,1,64
65,Hiroshima,Datacenter,CL1,ZoneC,EHP,MUL,79696.07682,1,1,0,0,1,2,1,65
66,Hiroshima,Datacenter,CL2,ZoneC,EHP,MUL,69437.56923,1,1,0,0,1,2,1,66
67,Hiroshima,Datacenter,CL3,ZoneC,EHP,MUL,197209.0104,1,1,0,0,1,2,1,67
68,Hiroshima,Datacenter,CL4,ZoneC,EHP,MUL,91234.56606,1,1,0,0,1,2,1,68
69,Matsuyama,Datacenter,CL1,ZoneC,EHP,MUL,50431.56377,1,1,0,0,1,2,1,69
70,Matsuyama,Datacenter,CL2,ZoneC,EHP,MUL,40891.01299,1,1,0,0,1,2,1,70
71,Matsuyama,Datacenter,CL3,ZoneC,EHP,MUL,62529.68623,1,1,0,0,1,2,1,71
72,Matsuyama,Datacenter,CL4,ZoneC,EHP,MUL,24329.21762,1,1,0,0,1,2,1,72
73,Fukuoka,Datacenter,CL1,ZoneC,EHP,MUL,104698.7676,1,1,0,0,1,2,1,73
74,Fukuoka,Datacenter,CL2,ZoneC,EHP,MUL,124216.0961,1,1,0,0,1,2,1,74
75,Fukuoka,Datacenter,CL3,ZoneC,EHP,MUL,266953.6605,1,1,0,0,1,2,1,75
76,Fukuoka,Datacenter,CL4,ZoneC,EHP,MUL,0,1,1,0,0,1,2,1,76
77,Naha,Datacenter,CL1,ZoneC,EHP,MUL,4545.943776,1,1,0,0,1,2,1,77
78,Naha,Datacenter,CL2,ZoneC,EHP,MUL,20831.27077,1,1,0,0,1,2,1,78
79,Naha,Datacenter,CL3,ZoneC,EHP,MUL,26454.86725,1,1,0,0,1,2,1,79
80,Naha,Datacenter,CL4,ZoneC,EHP,MUL,6082.304404,1,1,0,0,1,2,1,80
81,Sapporo,Restaurant,UrbanBar,ZoneC,EHP,MUL,10.25783752,0,0,0,0,3,1,2,81
82,Sapporo,Restaurant,UrbanBar,ZoneC,EHP,MUL,7007.698606,1,0,0,0,3,1,2,82
83,Sapporo,Restaurant,UrbanBar,ZoneC,EHP,MUL,1.85E-14,0,0,0,1,3,1,2,83
84,Sapporo,Restaurant,UrbanBar,ZoneC,EHP,MUL,0.481444764,1,0,1,0,3,1,2,84
85,Sapporo,Restaurant,UrbanBar,ZoneC,EHP,MUL,515107.7026,1,0,0,1,3,1,2,85
86,Sapporo,Restaurant,UrbanBar,ZoneC,EHP,MUL,0.000706531,1,0,1,1,3,1,2,86
87,Sendai,Restaurant,UrbanBar,ZoneC,EHP,MUL,5926.52576,0,0,0,0,3,1,2,87
88,Sendai,Restaurant,UrbanBar,ZoneC,EHP,MUL,394284.828,1,0,0,0,3,1,2,88
89,Sendai,Restaurant,UrbanBar,ZoneC,EHP,MUL,1.65E-08,0,0,0,1,3,1,2,89
90,Sendai,Restaurant,UrbanBar,ZoneC,EHP,MUL,279.2211299,1,0,1,0,3,1,2,90
91,Sendai,Restaurant,UrbanBar,ZoneC,EHP,MUL,339671.5553,1,0,0,1,3,1,2,91
92,Sendai,Restaurant,UrbanBar,ZoneC,EHP,MUL,0.418908247,1,0,1,1,3,1,2,92
93,Tokyo,Restaurant,UrbanBar,ZoneC,EHP,MUL,714287.4771,0,0,0,0,1,1,2,93
94,Tokyo,Restaurant,UrbanBar,ZoneC,EHP,MUL,2053684.06,1,0,0,0,1,1,2,94
95,Tokyo,Restaurant,UrbanBar,ZoneC,EHP,MUL,0.020818105,0,0,0,1,1,1,2,95
96,Tokyo,Restaurant,UrbanBar,ZoneC,EHP,MUL,29647.66024,1,0,1,0,1,1,2,96
97,Tokyo,Restaurant,UrbanBar,ZoneC,EHP,MUL,6509.467798,1,0,0,1,1,1,2,97
98,Tokyo,Restaurant,UrbanBar,ZoneC,EHP,MUL,54.44904681,1,0,1,1,1,1,2,98
99,Nigata,Restaurant,UrbanBar,ZoneC,EHP,MUL,28068.20191,0,0,0,0,1,1,2,99
100,Nigata,Restaurant,UrbanBar,ZoneC,EHP,MUL,357770.3678,1,0,0,0,1,1,2,100
101,Nigata,Restaurant,UrbanBar,ZoneC,EHP,MUL,1.71E-05,0,0,0,1,1,1,2,101
102,Nigata,Restaurant,UrbanBar,ZoneC,EHP,MUL,1344.171242,1,0,1,0,1,1,2,102
103,Nigata,Restaurant,UrbanBar,ZoneC,EHP,MUL,12377.99949,1,0,0,1,1,1,2,103
104,Nigata,Restaurant,UrbanBar,ZoneC,EHP,MUL,2.102789463,1,0,1,1,1,1,2,104
105,Nagoya,Restaurant,UrbanBar,ZoneC,EHP,MUL,172819.3733,0,0,0,0,1,1,2,105
106,Nagoya,Restaurant,UrbanBar,ZoneC,EHP,MUL,907174.6493,1,0,0,0,1,1,2,106
107,Nagoya,Restaurant,UrbanBar,ZoneC,EHP,MUL,0.001535533,0,0,0,1,1,1,2,107
108,Nagoya,Restaurant,UrbanBar,ZoneC,EHP,MUL,8039.016512,1,0,1,0,1,1,2,108
109,Nagoya,Restaurant,UrbanBar,ZoneC,EHP,MUL,6380.586568,1,0,0,1,1,1,2,109
110,Nagoya,Restaurant,UrbanBar,ZoneC,EHP,MUL,13.02621216,1,0,1,1,1,1,2,110
111,Osaka,Restaurant,UrbanBar,ZoneC,EHP,MUL,393221.9246,0,0,0,0,1,1,2,111
112,Osaka,Restaurant,UrbanBar,ZoneC,EHP,MUL,1053650.782,1,0,0,0,1,1,2,112
113,Osaka,Restaurant,UrbanBar,ZoneC,EHP,MUL,0.018099563,0,0,0,1,1,1,2,113
114,Osaka,Restaurant,UrbanBar,ZoneC,EHP,MUL,17125.64254,1,0,1,0,1,1,2,114
115,Osaka,Restaurant,UrbanBar,ZoneC,EHP,MUL,2524.703774,1,0,0,1,1,1,2,115
116,Osaka,Restaurant,UrbanBar,ZoneC,EHP,MUL,29.59470368,1,0,1,1,1,1,2,116
117,Hiroshima,Restaurant,UrbanBar,ZoneC,EHP,MUL,112520.7544,0,0,0,0,1,1,2,117
118,Hiroshima,Restaurant,UrbanBar,ZoneC,EHP,MUL,355664.8082,1,0,0,0,1,1,2,118
119,Hiroshima,Restaurant,UrbanBar,ZoneC,EHP,MUL,0.005941116,0,0,0,1,1,1,2,119
120,Hiroshima,Restaurant,UrbanBar,ZoneC,EHP,MUL,5430.217311,1,0,1,0,1,1,2,120
121,Hiroshima,Restaurant,UrbanBar,ZoneC,EHP,MUL,840.2686935,1,0,0,1,1,1,2,121
122,Hiroshima,Restaurant,UrbanBar,ZoneC,EHP,MUL,8.668361661,1,0,1,1,1,1,2,122
123,Matsuyama,Restaurant,UrbanBar,ZoneC,EHP,MUL,85562.16891,0,0,0,0,1,1,2,123
124,Matsuyama,Restaurant,UrbanBar,ZoneC,EHP,MUL,190512.8186,1,0,0,0,1,1,2,124
125,Matsuyama,Restaurant,UrbanBar,ZoneC,EHP,MUL,0.011736493,0,0,0,1,1,1,2,125
126,Matsuyama,Restaurant,UrbanBar,ZoneC,EHP,MUL,4080.127004,1,0,1,0,1,1,2,126
127,Matsuyama,Restaurant,UrbanBar,ZoneC,EHP,MUL,239.6094164,1,0,0,1,1,1,2,127
128,Matsuyama,Restaurant,UrbanBar,ZoneC,EHP,MUL,6.430185279,1,0,1,1,1,1,2,128
129,Fukuoka,Restaurant,UrbanBar,ZoneC,EHP,MUL,448765.2241,0,0,0,0,1,1,2,129
130,Fukuoka,Restaurant,UrbanBar,ZoneC,EHP,MUL,671373.1626,1,0,0,0,1,1,2,130
131,Fukuoka,Restaurant,UrbanBar,ZoneC,EHP,MUL,0.231163349,0,0,0,1,1,1,2,131
132,Fukuoka,Restaurant,UrbanBar,ZoneC,EHP,MUL,21417.0351,1,0,1,0,1,1,2,132
133,Fukuoka,Restaurant,UrbanBar,ZoneC,EHP,MUL,394.0621124,1,0,0,1,1,1,2,133
134,Fukuoka,Restaurant,UrbanBar,ZoneC,EHP,MUL,34.74700896,1,0,1,1,1,1,2,134
135,Naha,Restaurant,UrbanBar,ZoneC,EHP,MUL,159251.538,0,0,0,0,1,1,2,135
136,Naha,Restaurant,UrbanBar,ZoneC,EHP,MUL,74304.29398,1,0,0,0,1,1,2,136
137,Naha,Restaurant,UrbanBar,ZoneC,EHP,MUL,3.54409114,0,0,0,1,1,1,2,137
138,Naha,Restaurant,UrbanBar,ZoneC,EHP,MUL,7656.871737,1,0,1,0,1,1,2,138
139,Naha,Restaurant,UrbanBar,ZoneC,EHP,MUL,4.587442658,1,0,0,1,1,1,2,139
140,Naha,Restaurant,UrbanBar,ZoneC,EHP,MUL,12.93087945,1,0,1,1,1,1,2,140
141,Sapporo,Restaurant,UrbanCafe,ZoneC,EHP,MUL,2.166551877,0,0,0,0,3,1,2,141
142,Sapporo,Restaurant,UrbanCafe,ZoneC,EHP,MUL,1480.091933,1,0,0,0,3,1,2,142
143,Sapporo,Restaurant,UrbanCafe,ZoneC,EHP,MUL,3.91E-15,0,0,0,1,3,1,2,143
144,Sapporo,Restaurant,UrbanCafe,ZoneC,EHP,MUL,0.101685668,1,0,1,0,3,1,2,144
145,Sapporo,Restaurant,UrbanCafe,ZoneC,EHP,MUL,108795.5972,1,0,0,1,3,1,2,145
146,Sapporo,Restaurant,UrbanCafe,ZoneC,EHP,MUL,0.000149226,1,0,1,1,3,1,2,146
147,Sendai,Restaurant,UrbanCafe,ZoneC,EHP,MUL,865.8571839,0,0,0,0,3,1,2,147
148,Sendai,Restaurant,UrbanCafe,ZoneC,EHP,MUL,57604.46588,1,0,0,0,3,1,2,148
149,Sendai,Restaurant,UrbanCafe,ZoneC,EHP,MUL,2.42E-09,0,0,0,1,3,1,2,149
150,Sendai,Restaurant,UrbanCafe,ZoneC,EHP,MUL,40.79381934,1,0,1,0,3,1,2,150
151,Sendai,Restaurant,UrbanCafe,ZoneC,EHP,MUL,49625.54257,1,0,0,1,3,1,2,151
152,Sendai,Restaurant,UrbanCafe,ZoneC,EHP,MUL,0.061201913,1,0,1,1,3,1,2,152
153,Tokyo,Restaurant,UrbanCafe,ZoneC,EHP,MUL,169613.559,0,0,0,0,1,1,2,153
154,Tokyo,Restaurant,UrbanCafe,ZoneC,EHP,MUL,487664.5238,1,0,0,0,1,1,2,154
155,Tokyo,Restaurant,UrbanCafe,ZoneC,EHP,MUL,0.004943434,0,0,0,1,1,1,2,155
156,Tokyo,Restaurant,UrbanCafe,ZoneC,EHP,MUL,7040.085859,1,0,1,0,1,1,2,156
157,Tokyo,Restaurant,UrbanCafe,ZoneC,EHP,MUL,1545.727785,1,0,0,1,1,1,2,157
158,Tokyo,Restaurant,UrbanCafe,ZoneC,EHP,MUL,12.92938335,1,0,1,1,1,1,2,158
159,Nigata,Restaurant,UrbanCafe,ZoneC,EHP,MUL,8231.545972,0,0,0,0,1,1,2,159
160,Nigata,Restaurant,UrbanCafe,ZoneC,EHP,MUL,104923.1169,1,0,0,0,1,1,2,160
161,Nigata,Restaurant,UrbanCafe,ZoneC,EHP,MUL,5.03E-06,0,0,0,1,1,1,2,161
162,Nigata,Restaurant,UrbanCafe,ZoneC,EHP,MUL,394.2043533,1,0,1,0,1,1,2,162
163,Nigata,Restaurant,UrbanCafe,ZoneC,EHP,MUL,3630.089031,1,0,0,1,1,1,2,163
164,Nigata,Restaurant,UrbanCafe,ZoneC,EHP,MUL,0.616683897,1,0,1,1,1,1,2,164
165,Nagoya,Restaurant,UrbanCafe,ZoneC,EHP,MUL,91231.54523,0,0,0,0,1,1,2,165
166,Nagoya,Restaurant,UrbanCafe,ZoneC,EHP,MUL,478898.5371,1,0,0,0,1,1,2,166
167,Nagoya,Restaurant,UrbanCafe,ZoneC,EHP,MUL,0.00081061,0,0,0,1,1,1,2,167
168,Nagoya,Restaurant,UrbanCafe,ZoneC,EHP,MUL,4243.806028,1,0,1,0,1,1,2,168
169,Nagoya,Restaurant,UrbanCafe,ZoneC,EHP,MUL,3368.318962,1,0,0,1,1,1,2,169
170,Nagoya,Restaurant,UrbanCafe,ZoneC,EHP,MUL,6.876552325,1,0,1,1,1,1,2,170
171,Osaka,Restaurant,UrbanCafe,ZoneC,EHP,MUL,236031.0161,0,0,0,0,1,1,2,171
172,Osaka,Restaurant,UrbanCafe,ZoneC,EHP,MUL,632452.6917,1,0,0,0,1,1,2,172
173,Osaka,Restaurant,UrbanCafe,ZoneC,EHP,MUL,0.010864242,0,0,0,1,1,1,2,173
174,Osaka,Restaurant,UrbanCafe,ZoneC,EHP,MUL,10279.64759,1,0,1,0,1,1,2,174
175,Osaka,Restaurant,UrbanCafe,ZoneC,EHP,MUL,1515.450589,1,0,0,1,1,1,2,175
176,Osaka,Restaurant,UrbanCafe,ZoneC,EHP,MUL,17.76418746,1,0,1,1,1,1,2,176
177,Hiroshima,Restaurant,UrbanCafe,ZoneC,EHP,MUL,43433.96501,0,0,0,0,1,1,2,177
178,Hiroshima,Restaurant,UrbanCafe,ZoneC,EHP,MUL,137289.6309,1,0,0,0,1,1,2,178
179,Hiroshima,Restaurant,UrbanCafe,ZoneC,EHP,MUL,0.002293321,0,0,0,1,1,1,2,179
180,Hiroshima,Restaurant,UrbanCafe,ZoneC,EHP,MUL,2096.109913,1,0,1,0,1,1,2,180
181,Hiroshima,Restaurant,UrbanCafe,ZoneC,EHP,MUL,324.3508385,1,0,0,1,1,1,2,181
182,Hiroshima,Restaurant,UrbanCafe,ZoneC,EHP,MUL,3.346061081,1,0,1,1,1,1,2,182
183,Matsuyama,Restaurant,UrbanCafe,ZoneC,EHP,MUL,46984.21688,0,0,0,0,1,1,2,183
184,Matsuyama,Restaurant,UrbanCafe,ZoneC,EHP,MUL,104615.1086,1,0,0,0,1,1,2,184
185,Matsuyama,Restaurant,UrbanCafe,ZoneC,EHP,MUL,0.006444787,0,0,0,1,1,1,2,185
186,Matsuyama,Restaurant,UrbanCafe,ZoneC,EHP,MUL,2240.494538,1,0,1,0,1,1,2,186
187,Matsuyama,Restaurant,UrbanCafe,ZoneC,EHP,MUL,131.5752152,1,0,0,1,1,1,2,187
188,Matsuyama,Restaurant,UrbanCafe,ZoneC,EHP,MUL,3.530967293,1,0,1,1,1,1,2,188
189,Fukuoka,Restaurant,UrbanCafe,ZoneC,EHP,MUL,81552.13894,0,0,0,0,1,1,2,189
190,Fukuoka,Restaurant,UrbanCafe,ZoneC,EHP,MUL,122005.7048,1,0,0,0,1,1,2,190
191,Fukuoka,Restaurant,UrbanCafe,ZoneC,EHP,MUL,0.042008303,0,0,0,1,1,1,2,191
192,Fukuoka,Restaurant,UrbanCafe,ZoneC,EHP,MUL,3892.023997,1,0,1,0,1,1,2,192
193,Fukuoka,Restaurant,UrbanCafe,ZoneC,EHP,MUL,71.61118199,1,0,0,1,1,1,2,193
194,Fukuoka,Restaurant,UrbanCafe,ZoneC,EHP,MUL,6.314421775,1,0,1,1,1,1,2,194
195,Naha,Restaurant,UrbanCafe,ZoneC,EHP,MUL,27299.92734,0,0,0,0,1,1,2,195
196,Naha,Restaurant,UrbanCafe,ZoneC,EHP,MUL,12737.72205,1,0,0,0,1,1,2,196
197,Naha,Restaurant,UrbanCafe,ZoneC,EHP,MUL,0.607550997,0,0,0,1,1,1,2,197
198,Naha,Restaurant,UrbanCafe,ZoneC,EHP,MUL,1312.590413,1,0,1,0,1,1,2,198
199,Naha,Restaurant,UrbanCafe,ZoneC,EHP,MUL,0.786409053,1,0,0,1,1,1,2,199
200,Naha,Restaurant,UrbanCafe,ZoneC,EHP,MUL,2.216694883,1,0,1,1,1,1,2,200
201,Sapporo,Restaurant,UrbanRestaurant,ZoneC,EHP,MUL,5.666131447,0,0,0,0,3,1,2,201
202,Sapporo,Restaurant,UrbanRestaurant,ZoneC,EHP,MUL,3870.849131,1,0,0,0,3,1,2,202
203,Sapporo,Restaurant,UrbanRestaurant,ZoneC,EHP,MUL,1.02E-14,0,0,0,1,3,1,2,203
204,Sapporo,Restaurant,UrbanRestaurant,ZoneC,EHP,MUL,0.265936101,1,0,1,0,3,1,2,204
205,Sapporo,Restaurant,UrbanRestaurant,ZoneC,EHP,MUL,284530.5305,1,0,0,1,3,1,2,205
206,Sapporo,Restaurant,UrbanRestaurant,ZoneC,EHP,MUL,0.000390267,1,0,1,1,3,1,2,206
207,Sendai,Restaurant,UrbanRestaurant,ZoneC,EHP,MUL,4159.220474,0,0,0,0,3,1,2,207
208,Sendai,Restaurant,UrbanRestaurant,ZoneC,EHP,MUL,276708.0742,1,0,0,0,3,1,2,208
209,Sendai,Restaurant,UrbanRestaurant,ZoneC,EHP,MUL,1.16E-08,0,0,0,1,3,1,2,209
210,Sendai,Restaurant,UrbanRestaurant,ZoneC,EHP,MUL,195.956668,1,0,1,0,3,1,2,210
211,Sendai,Restaurant,UrbanRestaurant,ZoneC,EHP,MUL,238380.6204,1,0,0,1,3,1,2,211
212,Sendai,Restaurant,UrbanRestaurant,ZoneC,EHP,MUL,0.293988726,1,0,1,1,3,1,2,212
213,Tokyo,Restaurant,UrbanRestaurant,ZoneC,EHP,MUL,676047.1693,0,0,0,0,1,1,2,213
214,Tokyo,Restaurant,UrbanRestaurant,ZoneC,EHP,MUL,1943737.416,1,0,0,0,1,1,2,214
215,Tokyo,Restaurant,UrbanRestaurant,ZoneC,EHP,MUL,0.019703581,0,0,0,1,1,1,2,215
216,Tokyo,Restaurant,UrbanRestaurant,ZoneC,EHP,MUL,28060.43424,1,0,1,0,1,1,2,216
217,Tokyo,Restaurant,UrbanRestaurant,ZoneC,EHP,MUL,6160.974984,1,0,0,1,1,1,2,217
218,Tokyo,Restaurant,UrbanRestaurant,ZoneC,EHP,MUL,51.53404638,1,0,1,1,1,1,2,218
219,Nigata,Restaurant,UrbanRestaurant,ZoneC,EHP,MUL,25271.42599,0,0,0,0,1,1,2,219
220,Nigata,Restaurant,UrbanRestaurant,ZoneC,EHP,MUL,322121.3599,1,0,0,0,1,1,2,220
221,Nigata,Restaurant,UrbanRestaurant,ZoneC,EHP,MUL,1.54E-05,0,0,0,1,1,1,2,221
222,Nigata,Restaurant,UrbanRestaurant,ZoneC,EHP,MUL,1210.235133,1,0,1,0,1,1,2,222
223,Nigata,Restaurant,UrbanRestaurant,ZoneC,EHP,MUL,11144.62904,1,0,0,1,1,1,2,223
224,Nigata,Restaurant,UrbanRestaurant,ZoneC,EHP,MUL,1.893263004,1,0,1,1,1,1,2,224
225,Nagoya,Restaurant,UrbanRestaurant,ZoneC,EHP,MUL,169426.3873,0,0,0,0,1,1,2,225
226,Nagoya,Restaurant,UrbanRestaurant,ZoneC,EHP,MUL,889363.9675,1,0,0,0,1,1,2,226
227,Nagoya,Restaurant,UrbanRestaurant,ZoneC,EHP,MUL,0.001505386,0,0,0,1,1,1,2,227
228,Nagoya,Restaurant,UrbanRestaurant,ZoneC,EHP,MUL,7881.185422,1,0,1,0,1,1,2,228
229,Nagoya,Restaurant,UrbanRestaurant,ZoneC,EHP,MUL,6255.315653,1,0,0,1,1,1,2,229
230,Nagoya,Restaurant,UrbanRestaurant,ZoneC,EHP,MUL,12.77046678,1,0,1,1,1,1,2,230
231,Osaka,Restaurant,UrbanRestaurant,ZoneC,EHP,MUL,420047.6917,0,0,0,0,1,1,2,231
232,Osaka,Restaurant,UrbanRestaurant,ZoneC,EHP,MUL,1125531.287,1,0,0,0,1,1,2,232
233,Osaka,Restaurant,UrbanRestaurant,ZoneC,EHP,MUL,0.019334323,0,0,0,1,1,1,2,233
234,Osaka,Restaurant,UrbanRestaurant,ZoneC,EHP,MUL,18293.96117,1,0,1,0,1,1,2,234
235,Osaka,Restaurant,UrbanRestaurant,ZoneC,EHP,MUL,2696.940141,1,0,0,1,1,1,2,235
236,Osaka,Restaurant,UrbanRestaurant,ZoneC,EHP,MUL,31.61366699,1,0,1,1,1,1,2,236
237,Hiroshima,Restaurant,UrbanRestaurant,ZoneC,EHP,MUL,112258.6335,0,0,0,0,1,1,2,237
238,Hiroshima,Restaurant,UrbanRestaurant,ZoneC,EHP,MUL,354836.2752,1,0,0,0,1,1,2,238
239,Hiroshima,Restaurant,UrbanRestaurant,ZoneC,EHP,MUL,0.005927276,0,0,0,1,1,1,2,239
240,Hiroshima,Restaurant,UrbanRestaurant,ZoneC,EHP,MUL,5417.56744,1,0,1,0,1,1,2,240
241,Hiroshima,Restaurant,UrbanRestaurant,ZoneC,EHP,MUL,838.3112599,1,0,0,1,1,1,2,241
242,Hiroshima,Restaurant,UrbanRestaurant,ZoneC,EHP,MUL,8.648168423,1,0,1,1,1,1,2,242
243,Matsuyama,Restaurant,UrbanRestaurant,ZoneC,EHP,MUL,70145.83513,0,0,0,0,1,1,2,243
244,Matsuyama,Restaurant,UrbanRestaurant,ZoneC,EHP,MUL,156186.793,1,0,0,0,1,1,2,244
245,Matsuyama,Restaurant,UrbanRestaurant,ZoneC,EHP,MUL,0.009621847,0,0,0,1,1,1,2,245
246,Matsuyama,Restaurant,UrbanRestaurant,ZoneC,EHP,MUL,3344.982013,1,0,1,0,1,1,2,246
247,Matsuyama,Restaurant,UrbanRestaurant,ZoneC,EHP,MUL,196.4373137,1,0,0,1,1,1,2,247
248,Matsuyama,Restaurant,UrbanRestaurant,ZoneC,EHP,MUL,5.271613871,1,0,1,1,1,1,2,248
249,Fukuoka,Restaurant,UrbanRestaurant,ZoneC,EHP,MUL,305292.2712,0,0,0,0,1,1,2,249
250,Fukuoka,Restaurant,UrbanRestaurant,ZoneC,EHP,MUL,456731.1072,1,0,0,0,1,1,2,250
251,Fukuoka,Restaurant,UrbanRestaurant,ZoneC,EHP,MUL,0.15725903,0,0,0,1,1,1,2,251
252,Fukuoka,Restaurant,UrbanRestaurant,ZoneC,EHP,MUL,14569.87961,1,0,1,0,1,1,2,252
253,Fukuoka,Restaurant,UrbanRestaurant,ZoneC,EHP,MUL,268.0780746,1,0,0,1,1,1,2,253
254,Fukuoka,Restaurant,UrbanRestaurant,ZoneC,EHP,MUL,23.6381803,1,0,1,1,1,1,2,254
255,Naha,Restaurant,UrbanRestaurant,ZoneC,EHP,MUL,64943.37912,0,0,0,0,1,1,2,255
256,Naha,Restaurant,UrbanRestaurant,ZoneC,EHP,MUL,30301.57192,1,0,0,0,1,1,2,256
257,Naha,Restaurant,UrbanRestaurant,ZoneC,EHP,MUL,1.445293762,0,0,0,1,1,1,2,257
258,Naha,Restaurant,UrbanRestaurant,ZoneC,EHP,MUL,3122.501234,1,0,1,0,1,1,2,258
259,Naha,Restaurant,UrbanRestaurant,ZoneC,EHP,MUL,1.870776454,1,0,0,1,1,1,2,259
260,Naha,Restaurant,UrbanRestaurant,ZoneC,EHP,MUL,5.27326151,1,0,1,1,1,1,2,260
261,Sapporo,Restaurant,UrbanChineseRestaurant,ZoneC,EHP,MUL,2.774787038,0,0,0,0,3,1,2,261
262,Sapporo,Restaurant,UrbanChineseRestaurant,ZoneC,EHP,MUL,1895.611157,1,0,0,0,3,1,2,262
263,Sapporo,Restaurant,UrbanChineseRestaurant,ZoneC,EHP,MUL,4.99E-15,0,0,0,1,3,1,2,263
264,Sapporo,Restaurant,UrbanChineseRestaurant,ZoneC,EHP,MUL,0.130232779,1,0,1,0,3,1,2,264
265,Sapporo,Restaurant,UrbanChineseRestaurant,ZoneC,EHP,MUL,139338.742,1,0,0,1,3,1,2,265
266,Sapporo,Restaurant,UrbanChineseRestaurant,ZoneC,EHP,MUL,0.000191119,1,0,1,1,3,1,2,266
267,Sendai,Restaurant,UrbanChineseRestaurant,ZoneC,EHP,MUL,2035.996127,0,0,0,0,3,1,2,267
268,Sendai,Restaurant,UrbanChineseRestaurant,ZoneC,EHP,MUL,135452.4413,1,0,0,0,3,1,2,268
269,Sendai,Restaurant,UrbanChineseRestaurant,ZoneC,EHP,MUL,5.70E-09,0,0,0,1,3,1,2,269
270,Sendai,Restaurant,UrbanChineseRestaurant,ZoneC,EHP,MUL,95.92350764,1,0,1,0,3,1,2,270
271,Sendai,Restaurant,UrbanChineseRestaurant,ZoneC,EHP,MUL,116690.6209,1,0,0,1,3,1,2,271
272,Sendai,Restaurant,UrbanChineseRestaurant,ZoneC,EHP,MUL,0.14391156,1,0,1,1,3,1,2,272
273,Tokyo,Restaurant,UrbanChineseRestaurant,ZoneC,EHP,MUL,352571.1752,0,0,0,0,1,1,2,273
274,Tokyo,Restaurant,UrbanChineseRestaurant,ZoneC,EHP,MUL,1013695.222,1,0,0,0,1,1,2,274
275,Tokyo,Restaurant,UrbanChineseRestaurant,ZoneC,EHP,MUL,0.010275784,0,0,0,1,1,1,2,275
276,Tokyo,Restaurant,UrbanChineseRestaurant,ZoneC,EHP,MUL,14634.03846,1,0,1,0,1,1,2,276
277,Tokyo,Restaurant,UrbanChineseRestaurant,ZoneC,EHP,MUL,3213.063066,1,0,0,1,1,1,2,277
278,Tokyo,Restaurant,UrbanChineseRestaurant,ZoneC,EHP,MUL,26.87596386,1,0,1,1,1,1,2,278
279,Nigata,Restaurant,UrbanChineseRestaurant,ZoneC,EHP,MUL,9782.32391,0,0,0,0,1,1,2,279
280,Nigata,Restaurant,UrbanChineseRestaurant,ZoneC,EHP,MUL,124690.0544,1,0,0,0,1,1,2,280
281,Nigata,Restaurant,UrbanChineseRestaurant,ZoneC,EHP,MUL,5.96E-06,0,0,0,1,1,1,2,281
282,Nigata,Restaurant,UrbanChineseRestaurant,ZoneC,EHP,MUL,468.470283,1,0,1,0,1,1,2,282
283,Nigata,Restaurant,UrbanChineseRestaurant,ZoneC,EHP,MUL,4313.977818,1,0,0,1,1,1,2,283
284,Nigata,Restaurant,UrbanChineseRestaurant,ZoneC,EHP,MUL,0.732863748,1,0,1,1,1,1,2,284
285,Nagoya,Restaurant,UrbanChineseRestaurant,ZoneC,EHP,MUL,70703.71048,0,0,0,0,1,1,2,285
286,Nagoya,Restaurant,UrbanChineseRestaurant,ZoneC,EHP,MUL,371142.4972,1,0,0,0,1,1,2,286
287,Nagoya,Restaurant,UrbanChineseRestaurant,ZoneC,EHP,MUL,0.000628216,0,0,0,1,1,1,2,287
288,Nagoya,Restaurant,UrbanChineseRestaurant,ZoneC,EHP,MUL,3288.915387,1,0,1,0,1,1,2,288
289,Nagoya,Restaurant,UrbanChineseRestaurant,ZoneC,EHP,MUL,2610.419983,1,0,0,1,1,1,2,289
290,Nagoya,Restaurant,UrbanChineseRestaurant,ZoneC,EHP,MUL,5.329272496,1,0,1,1,1,1,2,290
291,Osaka,Restaurant,UrbanChineseRestaurant,ZoneC,EHP,MUL,125526.53,0,0,0,0,1,1,2,291
292,Osaka,Restaurant,UrbanChineseRestaurant,ZoneC,EHP,MUL,336352.3708,1,0,0,0,1,1,2,292
293,Osaka,Restaurant,UrbanChineseRestaurant,ZoneC,EHP,MUL,0.005777845,0,0,0,1,1,1,2,293
294,Osaka,Restaurant,UrbanChineseRestaurant,ZoneC,EHP,MUL,5466.944616,1,0,1,0,1,1,2,294
295,Osaka,Restaurant,UrbanChineseRestaurant,ZoneC,EHP,MUL,805.9502395,1,0,0,1,1,1,2,295
296,Osaka,Restaurant,UrbanChineseRestaurant,ZoneC,EHP,MUL,9.447388942,1,0,1,1,1,1,2,296
297,Hiroshima,Restaurant,UrbanChineseRestaurant,ZoneC,EHP,MUL,35647.05901,0,0,0,0,1,1,2,297
298,Hiroshima,Restaurant,UrbanChineseRestaurant,ZoneC,EHP,MUL,112676.1412,1,0,0,0,1,1,2,298
299,Hiroshima,Restaurant,UrbanChineseRestaurant,ZoneC,EHP,MUL,0.001882171,0,0,0,1,1,1,2,299
300,Hiroshima,Restaurant,UrbanChineseRestaurant,ZoneC,EHP,MUL,1720.316203,1,0,1,0,1,1,2,300
301,Hiroshima,Restaurant,UrbanChineseRestaurant,ZoneC,EHP,MUL,266.2007367,1,0,0,1,1,1,2,301
302,Hiroshima,Restaurant,UrbanChineseRestaurant,ZoneC,EHP,MUL,2.746174262,1,0,1,1,1,1,2,302
303,Matsuyama,Restaurant,UrbanChineseRestaurant,ZoneC,EHP,MUL,31155.52753,0,0,0,0,1,1,2,303
304,Matsuyama,Restaurant,UrbanChineseRestaurant,ZoneC,EHP,MUL,69370.93159,1,0,0,0,1,1,2,304
305,Matsuyama,Restaurant,UrbanChineseRestaurant,ZoneC,EHP,MUL,0.004273578,0,0,0,1,1,1,2,305
306,Matsuyama,Restaurant,UrbanChineseRestaurant,ZoneC,EHP,MUL,1485.685915,1,0,1,0,1,1,2,306
307,Matsuyama,Restaurant,UrbanChineseRestaurant,ZoneC,EHP,MUL,87.2483466,1,0,0,1,1,1,2,307
308,Matsuyama,Restaurant,UrbanChineseRestaurant,ZoneC,EHP,MUL,2.341406455,1,0,1,1,1,1,2,308
309,Fukuoka,Restaurant,UrbanChineseRestaurant,ZoneC,EHP,MUL,113683.823,0,0,0,0,1,1,2,309
310,Fukuoka,Restaurant,UrbanChineseRestaurant,ZoneC,EHP,MUL,170076.1639,1,0,0,0,1,1,2,310
311,Fukuoka,Restaurant,UrbanChineseRestaurant,ZoneC,EHP,MUL,0.058559647,0,0,0,1,1,1,2,311
312,Fukuoka,Restaurant,UrbanChineseRestaurant,ZoneC,EHP,MUL,5425.488199,1,0,1,0,1,1,2,312
313,Fukuoka,Restaurant,UrbanChineseRestaurant,ZoneC,EHP,MUL,99.8261118,1,0,0,1,1,1,2,313
314,Fukuoka,Restaurant,UrbanChineseRestaurant,ZoneC,EHP,MUL,8.802314897,1,0,1,1,1,1,2,314
315,Naha,Restaurant,UrbanChineseRestaurant,ZoneC,EHP,MUL,14230.57615,0,0,0,0,1,1,2,315
316,Naha,Restaurant,UrbanChineseRestaurant,ZoneC,EHP,MUL,6639.765789,1,0,0,0,1,1,2,316
317,Naha,Restaurant,UrbanChineseRestaurant,ZoneC,EHP,MUL,0.31669684,0,0,0,1,1,1,2,317
318,Naha,Restaurant,UrbanChineseRestaurant,ZoneC,EHP,MUL,684.2112652,1,0,1,0,1,1,2,318
319,Naha,Restaurant,UrbanChineseRestaurant,ZoneC,EHP,MUL,0.409929806,1,0,0,1,1,1,2,319
320,Naha,Restaurant,UrbanChineseRestaurant,ZoneC,EHP,MUL,1.155491915,1,0,1,1,1,1,2,320
321,Sapporo,Restaurant,UrbanYakiniku,ZoneC,EHP,MUL,0.823488006,0,0,0,0,3,1,2,321
322,Sapporo,Restaurant,UrbanYakiniku,ZoneC,EHP,MUL,562.5703998,1,0,0,0,3,1,2,322
323,Sapporo,Restaurant,UrbanYakiniku,ZoneC,EHP,MUL,1.49E-15,0,0,0,1,3,1,2,323
324,Sapporo,Restaurant,UrbanYakiniku,ZoneC,EHP,MUL,0.038649861,1,0,1,0,3,1,2,324
325,Sapporo,Restaurant,UrbanYakiniku,ZoneC,EHP,MUL,41352.28446,1,0,0,1,3,1,2,325
326,Sapporo,Restaurant,UrbanYakiniku,ZoneC,EHP,MUL,5.67E-05,1,0,1,1,3,1,2,326
327,Sendai,Restaurant,UrbanYakiniku,ZoneC,EHP,MUL,373.9942612,0,0,0,0,3,1,2,327
328,Sendai,Restaurant,UrbanYakiniku,ZoneC,EHP,MUL,24881.40083,1,0,0,0,3,1,2,328
329,Sendai,Restaurant,UrbanYakiniku,ZoneC,EHP,MUL,1.04E-09,0,0,0,1,3,1,2,329
330,Sendai,Restaurant,UrbanYakiniku,ZoneC,EHP,MUL,17.6202896,1,0,1,0,3,1,2,330
331,Sendai,Restaurant,UrbanYakiniku,ZoneC,EHP,MUL,21435.02239,1,0,0,1,3,1,2,331
332,Sendai,Restaurant,UrbanYakiniku,ZoneC,EHP,MUL,0.026435265,1,0,1,1,3,1,2,332
333,Tokyo,Restaurant,UrbanYakiniku,ZoneC,EHP,MUL,57911.35067,0,0,0,0,1,1,2,333
334,Tokyo,Restaurant,UrbanYakiniku,ZoneC,EHP,MUL,166503.8539,1,0,0,0,1,1,2,334
335,Tokyo,Restaurant,UrbanYakiniku,ZoneC,EHP,MUL,0.001687842,0,0,0,1,1,1,2,335
336,Tokyo,Restaurant,UrbanYakiniku,ZoneC,EHP,MUL,2403.704535,1,0,1,0,1,1,2,336
337,Tokyo,Restaurant,UrbanYakiniku,ZoneC,EHP,MUL,527.7595986,1,0,0,1,1,1,2,337
338,Tokyo,Restaurant,UrbanYakiniku,ZoneC,EHP,MUL,4.414494083,1,0,1,1,1,1,2,338
339,Nigata,Restaurant,UrbanYakiniku,ZoneC,EHP,MUL,2588.508621,0,0,0,0,1,1,2,339
340,Nigata,Restaurant,UrbanYakiniku,ZoneC,EHP,MUL,32994.33587,1,0,0,0,1,1,2,340
341,Nigata,Restaurant,UrbanYakiniku,ZoneC,EHP,MUL,1.58E-06,0,0,0,1,1,1,2,341
342,Nigata,Restaurant,UrbanYakiniku,ZoneC,EHP,MUL,123.9622994,1,0,1,0,1,1,2,342
343,Nigata,Restaurant,UrbanYakiniku,ZoneC,EHP,MUL,1141.52515,1,0,0,1,1,1,2,343
344,Nigata,Restaurant,UrbanYakiniku,ZoneC,EHP,MUL,0.193923667,1,0,1,1,1,1,2,344
345,Nagoya,Restaurant,UrbanYakiniku,ZoneC,EHP,MUL,16875.25924,0,0,0,0,1,1,2,345
346,Nagoya,Restaurant,UrbanYakiniku,ZoneC,EHP,MUL,88582.70396,1,0,0,0,1,1,2,346
347,Nagoya,Restaurant,UrbanYakiniku,ZoneC,EHP,MUL,0.00014994,0,0,0,1,1,1,2,347
348,Nagoya,Restaurant,UrbanYakiniku,ZoneC,EHP,MUL,784.9842588,1,0,1,0,1,1,2,348
349,Nagoya,Restaurant,UrbanYakiniku,ZoneC,EHP,MUL,623.0438776,1,0,0,1,1,1,2,349
350,Nagoya,Restaurant,UrbanYakiniku,ZoneC,EHP,MUL,1.271967968,1,0,1,1,1,1,2,350
351,Osaka,Restaurant,UrbanYakiniku,ZoneC,EHP,MUL,43038.54504,0,0,0,0,1,1,2,351
352,Osaka,Restaurant,UrbanYakiniku,ZoneC,EHP,MUL,115323.1644,1,0,0,0,1,1,2,352
353,Osaka,Restaurant,UrbanYakiniku,ZoneC,EHP,MUL,0.001981016,0,0,0,1,1,1,2,353
354,Osaka,Restaurant,UrbanYakiniku,ZoneC,EHP,MUL,1874.419233,1,0,1,0,1,1,2,354
355,Osaka,Restaurant,UrbanYakiniku,ZoneC,EHP,MUL,276.3314311,1,0,0,1,1,1,2,355
356,Osaka,Restaurant,UrbanYakiniku,ZoneC,EHP,MUL,3.239170831,1,0,1,1,1,1,2,356
357,Hiroshima,Restaurant,UrbanYakiniku,ZoneC,EHP,MUL,12552.03201,0,0,0,0,1,1,2,357
358,Hiroshima,Restaurant,UrbanYakiniku,ZoneC,EHP,MUL,39675.48993,1,0,0,0,1,1,2,358
359,Hiroshima,Restaurant,UrbanYakiniku,ZoneC,EHP,MUL,0.000662749,0,0,0,1,1,1,2,359
360,Hiroshima,Restaurant,UrbanYakiniku,ZoneC,EHP,MUL,605.7572393,1,0,1,0,1,1,2,360
361,Hiroshima,Restaurant,UrbanYakiniku,ZoneC,EHP,MUL,93.73452571,1,0,0,1,1,1,2,361
362,Hiroshima,Restaurant,UrbanYakiniku,ZoneC,EHP,MUL,0.966982079,1,0,1,1,1,1,2,362
363,Matsuyama,Restaurant,UrbanYakiniku,ZoneC,EHP,MUL,7266.546444,0,0,0,0,1,1,2,363
364,Matsuyama,Restaurant,UrbanYakiniku,ZoneC,EHP,MUL,16179.70023,1,0,0,0,1,1,2,364
365,Matsuyama,Restaurant,UrbanYakiniku,ZoneC,EHP,MUL,0.000996746,0,0,0,1,1,1,2,365
366,Matsuyama,Restaurant,UrbanYakiniku,ZoneC,EHP,MUL,346.5133334,1,0,1,0,1,1,2,366
367,Matsuyama,Restaurant,UrbanYakiniku,ZoneC,EHP,MUL,20.34933166,1,0,0,1,1,1,2,367
368,Matsuyama,Restaurant,UrbanYakiniku,ZoneC,EHP,MUL,0.546096956,1,0,1,1,1,1,2,368
369,Fukuoka,Restaurant,UrbanYakiniku,ZoneC,EHP,MUL,32922.76145,0,0,0,0,1,1,2,369
370,Fukuoka,Restaurant,UrbanYakiniku,ZoneC,EHP,MUL,49253.9468,1,0,0,0,1,1,2,370
371,Fukuoka,Restaurant,UrbanYakiniku,ZoneC,EHP,MUL,0.016958836,0,0,0,1,1,1,2,371
372,Fukuoka,Restaurant,UrbanYakiniku,ZoneC,EHP,MUL,1571.217865,1,0,1,0,1,1,2,372
373,Fukuoka,Restaurant,UrbanYakiniku,ZoneC,EHP,MUL,28.90957726,1,0,0,1,1,1,2,373
374,Fukuoka,Restaurant,UrbanYakiniku,ZoneC,EHP,MUL,2.549144687,1,0,1,1,1,1,2,374
375,Naha,Restaurant,UrbanYakiniku,ZoneC,EHP,MUL,4962.203328,0,0,0,0,1,1,2,375
376,Naha,Restaurant,UrbanYakiniku,ZoneC,EHP,MUL,2315.286995,1,0,0,0,1,1,2,376
377,Naha,Restaurant,UrbanYakiniku,ZoneC,EHP,MUL,0.11043222,0,0,0,1,1,1,2,377
378,Naha,Restaurant,UrbanYakiniku,ZoneC,EHP,MUL,238.5845368,1,0,1,0,1,1,2,378
379,Naha,Restaurant,UrbanYakiniku,ZoneC,EHP,MUL,0.142942564,1,0,0,1,1,1,2,379
380,Naha,Restaurant,UrbanYakiniku,ZoneC,EHP,MUL,0.402920147,1,0,1,1,1,1,2,380
381,Sapporo,Logistics,Logistics,ZoneC,EHP,MUL,16219754.67,1,1,0,0,1,1,2,381
382,Sendai,Logistics,Logistics,ZoneC,EHP,MUL,16219754.67,1,1,0,0,1,1,2,382
383,Tokyo,Logistics,Logistics,ZoneC,EHP,MUL,16219754.67,1,1,0,0,1,1,2,383
384,Nigata,Logistics,Logistics,ZoneC,EHP,MUL,16219754.67,1,1,0,0,1,1,2,384
385,Nagoya,Logistics,Logistics,ZoneC,EHP,MUL,16219754.67,1,1,0,0,1,1,2,385
386,Osaka,Logistics,Logistics,ZoneC,EHP,MUL,16219754.67,1,1,0,0,1,1,2,386
387,Hiroshima,Logistics,Logistics,ZoneC,EHP,MUL,16219754.67,1,1,0,0,1,1,2,387
388,Matsuyama,Logistics,Logistics,ZoneC,EHP,MUL,16219754.67,1,1,0,0,1,1,2,388
389,Fukuoka,Logistics,Logistics,ZoneC,EHP,MUL,16219754.67,1,1,0,0,1,1,2,389
390,Naha,Logistics,Logistics,ZoneC,EHP,MUL,16219754.67,1,1,0,0,1,1,2,390
391,Sapporo,Logistics,Cool,ZoneC,EHP,MUL,0,1,1,0,0,1,1,2,391
392,Sendai,Logistics,Cool,ZoneC,EHP,MUL,0,1,1,0,0,1,1,2,392
393,Tokyo,Logistics,Cool,ZoneC,EHP,MUL,0,1,1,0,0,1,1,2,393
394,Nigata,Logistics,Cool,ZoneC,EHP,MUL,0,1,1,0,0,1,1,2,394
395,Nagoya,Logistics,Cool,ZoneC,EHP,MUL,0,1,1,0,0,1,1,2,395
396,Osaka,Logistics,Cool,ZoneC,EHP,MUL,0,1,1,0,0,1,1,2,396
397,Hiroshima,Logistics,Cool,ZoneC,EHP,MUL,0,1,1,0,0,1,1,2,397
398,Matsuyama,Logistics,Cool,ZoneC,EHP,MUL,0,1,1,0,0,1,1,2,398
399,Fukuoka,Logistics,Cool,ZoneC,EHP,MUL,0,1,1,0,0,1,1,2,399
400,Naha,Logistics,Cool,ZoneC,EHP,MUL,0,1,1,0,0,1,1,2,400
401,Sapporo,Amusement,Patinko,ZoneC,EHP,MUL,317057.3507,1,1,0,0,1,1,2,401
402,Sendai,Amusement,Patinko,ZoneC,EHP,MUL,317057.3507,1,1,0,0,1,1,2,402
403,Tokyo,Amusement,Patinko,ZoneC,EHP,MUL,317057.3507,1,1,0,0,1,1,2,403
404,Nigata,Amusement,Patinko,ZoneC,EHP,MUL,317057.3507,1,1,0,0,1,1,2,404
405,Nagoya,Amusement,Patinko,ZoneC,EHP,MUL,317057.3507,1,1,0,0,1,1,2,405
406,Osaka,Amusement,Patinko,ZoneC,EHP,MUL,317057.3507,1,1,0,0,1,1,2,406
407,Hiroshima,Amusement,Patinko,ZoneC,EHP,MUL,317057.3507,1,1,0,0,1,1,2,407
408,Matsuyama,Amusement,Patinko,ZoneC,EHP,MUL,317057.3507,1,1,0,0,1,1,2,408
409,Fukuoka,Amusement,Patinko,ZoneC,EHP,MUL,317057.3507,1,1,0,0,1,1,2,409
410,Naha,Amusement,Patinko,ZoneC,EHP,MUL,317057.3507,1,1,0,0,1,1,2,410
411,Sapporo,Amusement,Fitness,ZoneC,EHP,MUL,228622.8064,1,1,0,0,1,1,2,411
412,Sendai,Amusement,Fitness,ZoneC,EHP,MUL,228622.8064,1,1,0,0,1,1,2,412
413,Tokyo,Amusement,Fitness,ZoneC,EHP,MUL,228622.8064,1,1,0,0,1,1,2,413
414,Nigata,Amusement,Fitness,ZoneC,EHP,MUL,228622.8064,1,1,0,0,1,1,2,414
415,Nagoya,Amusement,Fitness,ZoneC,EHP,MUL,228622.8064,1,1,0,0,1,1,2,415
416,Osaka,Amusement,Fitness,ZoneC,EHP,MUL,228622.8064,1,1,0,0,1,1,2,416
417,Hiroshima,Amusement,Fitness,ZoneC,EHP,MUL,228622.8064,1,1,0,0,1,1,2,417
418,Matsuyama,Amusement,Fitness,ZoneC,EHP,MUL,228622.8064,1,1,0,0,1,1,2,418
419,Fukuoka,Amusement,Fitness,ZoneC,EHP,MUL,228622.8064,1,1,0,0,1,1,2,419
420,Naha,Amusement,Fitness,ZoneC,EHP,MUL,228622.8064,1,1,0,0,1,1,2,420
421,Sapporo,Amusement,Karaoke,ZoneC,EHP,MUL,227991.8236,1,1,0,0,1,1,2,421
422,Sendai,Amusement,Karaoke,ZoneC,EHP,MUL,227991.8236,1,1,0,0,1,1,2,422
423,Tokyo,Amusement,Karaoke,ZoneC,EHP,MUL,227991.8236,1,1,0,0,1,1,2,423
424,Nigata,Amusement,Karaoke,ZoneC,EHP,MUL,227991.8236,1,1,0,0,1,1,2,424
425,Nagoya,Amusement,Karaoke,ZoneC,EHP,MUL,227991.8236,1,1,0,0,1,1,2,425
426,Osaka,Amusement,Karaoke,ZoneC,EHP,MUL,227991.8236,1,1,0,0,1,1,2,426
427,Hiroshima,Amusement,Karaoke,ZoneC,EHP,MUL,227991.8236,1,1,0,0,1,1,2,427
428,Matsuyama,Amusement,Karaoke,ZoneC,EHP,MUL,227991.8236,1,1,0,0,1,1,2,428
429,Fukuoka,Amusement,Karaoke,ZoneC,EHP,MUL,227991.8236,1,1,0,0,1,1,2,429
430,Naha,Amusement,Karaoke,ZoneC,EHP,MUL,227991.8236,1,1,0,0,1,1,2,430
431,Sapporo,Restaurant,UrbanBar,ZoneC,EHP,MUL,9.405208517,0,0,0,0,3,2,2,431
432,Sapporo,Restaurant,UrbanBar,ZoneC,EHP,MUL,6425.220373,1,0,0,0,3,2,2,432
433,Sapporo,Restaurant,UrbanBar,ZoneC,EHP,MUL,1.70E-14,0,0,0,1,3,2,2,433
434,Sapporo,Restaurant,UrbanBar,ZoneC,EHP,MUL,0.44142719,1,0,1,0,3,2,2,434
435,Sapporo,Restaurant,UrbanBar,ZoneC,EHP,MUL,472292.0735,1,0,0,1,3,2,2,435
436,Sapporo,Restaurant,UrbanBar,ZoneC,EHP,MUL,0.000647804,1,0,1,1,3,2,2,436
437,Sendai,Restaurant,UrbanBar,ZoneC,EHP,MUL,5433.914356,0,0,0,0,3,2,2,437
438,Sendai,Restaurant,UrbanBar,ZoneC,EHP,MUL,361511.9673,1,0,0,0,3,2,2,438
439,Sendai,Restaurant,UrbanBar,ZoneC,EHP,MUL,1.52E-08,0,0,0,1,3,2,2,439
440,Sendai,Restaurant,UrbanBar,ZoneC,EHP,MUL,256.0123363,1,0,1,0,3,2,2,440
441,Sendai,Restaurant,UrbanBar,ZoneC,EHP,MUL,311438.1368,1,0,0,1,3,2,2,441
442,Sendai,Restaurant,UrbanBar,ZoneC,EHP,MUL,0.384088694,1,0,1,1,3,2,2,442
443,Tokyo,Restaurant,UrbanBar,ZoneC,EHP,MUL,654916.0727,0,0,0,0,1,2,2,443
444,Tokyo,Restaurant,UrbanBar,ZoneC,EHP,MUL,1882982.332,1,0,0,0,1,2,2,444
445,Tokyo,Restaurant,UrbanBar,ZoneC,EHP,MUL,0.019087709,0,0,0,1,1,2,2,445
446,Tokyo,Restaurant,UrbanBar,ZoneC,EHP,MUL,27183.35381,1,0,1,0,1,2,2,446
447,Tokyo,Restaurant,UrbanBar,ZoneC,EHP,MUL,5968.402391,1,0,0,1,1,2,2,447
448,Tokyo,Restaurant,UrbanBar,ZoneC,EHP,MUL,49.92325506,1,0,1,1,1,2,2,448
449,Nigata,Restaurant,UrbanBar,ZoneC,EHP,MUL,25735.17968,0,0,0,0,1,2,2,449
450,Nigata,Restaurant,UrbanBar,ZoneC,EHP,MUL,328032.5803,1,0,0,0,1,2,2,450
451,Nigata,Restaurant,UrbanBar,ZoneC,EHP,MUL,1.57E-05,0,0,0,1,1,2,2,451
452,Nigata,Restaurant,UrbanBar,ZoneC,EHP,MUL,1232.44405,1,0,1,0,1,2,2,452
453,Nigata,Restaurant,UrbanBar,ZoneC,EHP,MUL,11349.14313,1,0,0,1,1,2,2,453
454,Nigata,Restaurant,UrbanBar,ZoneC,EHP,MUL,1.928006105,1,0,1,1,1,2,2,454
455,Nagoya,Restaurant,UrbanBar,ZoneC,EHP,MUL,158454.6683,0,0,0,0,1,2,2,455
456,Nagoya,Restaurant,UrbanBar,ZoneC,EHP,MUL,831770.5093,1,0,0,0,1,2,2,456
457,Nagoya,Restaurant,UrbanBar,ZoneC,EHP,MUL,0.0014079,0,0,0,1,1,2,2,457
458,Nagoya,Restaurant,UrbanBar,ZoneC,EHP,MUL,7370.815381,1,0,1,0,1,2,2,458
459,Nagoya,Restaurant,UrbanBar,ZoneC,EHP,MUL,5850.233738,1,0,0,1,1,2,2,459
460,Nagoya,Restaurant,UrbanBar,ZoneC,EHP,MUL,11.94347652,1,0,1,1,1,2,2,460
461,Osaka,Restaurant,UrbanBar,ZoneC,EHP,MUL,360537.4122,0,0,0,0,1,2,2,461
462,Osaka,Restaurant,UrbanBar,ZoneC,EHP,MUL,966071.5808,1,0,0,0,1,2,2,462
463,Osaka,Restaurant,UrbanBar,ZoneC,EHP,MUL,0.016595131,0,0,0,1,1,2,2,463
464,Osaka,Restaurant,UrbanBar,ZoneC,EHP,MUL,15702.16322,1,0,1,0,1,2,2,464
465,Osaka,Restaurant,UrbanBar,ZoneC,EHP,MUL,2314.851,1,0,0,1,1,2,2,465
466,Osaka,Restaurant,UrbanBar,ZoneC,EHP,MUL,27.13479899,1,0,1,1,1,2,2,466
467,Hiroshima,Restaurant,UrbanBar,ZoneC,EHP,MUL,103168.0562,0,0,0,0,1,2,2,467
468,Hiroshima,Restaurant,UrbanBar,ZoneC,EHP,MUL,326102.0344,1,0,0,0,1,2,2,468
469,Hiroshima,Restaurant,UrbanBar,ZoneC,EHP,MUL,0.005447292,0,0,0,1,1,2,2,469
470,Hiroshima,Restaurant,UrbanBar,ZoneC,EHP,MUL,4978.858946,1,0,1,0,1,2,2,470
471,Hiroshima,Restaurant,UrbanBar,ZoneC,EHP,MUL,770.4257606,1,0,0,1,1,2,2,471
472,Hiroshima,Restaurant,UrbanBar,ZoneC,EHP,MUL,7.947849512,1,0,1,1,1,2,2,472
473,Matsuyama,Restaurant,UrbanBar,ZoneC,EHP,MUL,78450.26188,0,0,0,0,1,2,2,473
474,Matsuyama,Restaurant,UrbanBar,ZoneC,EHP,MUL,174677.4386,1,0,0,0,1,2,2,474
475,Matsuyama,Restaurant,UrbanBar,ZoneC,EHP,MUL,0.010760958,0,0,0,1,1,2,2,475
476,Matsuyama,Restaurant,UrbanBar,ZoneC,EHP,MUL,3740.987823,1,0,1,0,1,2,2,476
477,Matsuyama,Restaurant,UrbanBar,ZoneC,EHP,MUL,219.693139,1,0,0,1,1,2,2,477
478,Matsuyama,Restaurant,UrbanBar,ZoneC,EHP,MUL,5.895709816,1,0,1,1,1,2,2,478
479,Fukuoka,Restaurant,UrbanBar,ZoneC,EHP,MUL,411463.966,0,0,0,0,1,2,2,479
480,Fukuoka,Restaurant,UrbanBar,ZoneC,EHP,MUL,615568.7858,1,0,0,0,1,2,2,480
481,Fukuoka,Restaurant,UrbanBar,ZoneC,EHP,MUL,0.211949107,0,0,0,1,1,2,2,481
482,Fukuoka,Restaurant,UrbanBar,ZoneC,EHP,MUL,19636.85626,1,0,1,0,1,2,2,482
483,Fukuoka,Restaurant,UrbanBar,ZoneC,EHP,MUL,361.3077639,1,0,0,1,1,2,2,483
484,Fukuoka,Restaurant,UrbanBar,ZoneC,EHP,MUL,31.85884588,1,0,1,1,1,2,2,484
485,Naha,Restaurant,UrbanBar,ZoneC,EHP,MUL,146014.5883,0,0,0,0,1,2,2,485
486,Naha,Restaurant,UrbanBar,ZoneC,EHP,MUL,68128.13883,1,0,0,0,1,2,2,486
487,Naha,Restaurant,UrbanBar,ZoneC,EHP,MUL,3.249507132,0,0,0,1,1,2,2,487
488,Naha,Restaurant,UrbanBar,ZoneC,EHP,MUL,7020.434389,1,0,1,0,1,2,2,488
489,Naha,Restaurant,UrbanBar,ZoneC,EHP,MUL,4.206135521,1,0,0,1,1,2,2,489
490,Naha,Restaurant,UrbanBar,ZoneC,EHP,MUL,11.85606784,1,0,1,1,1,2,2,490
491,Sapporo,Restaurant,UrbanCafe,ZoneC,EHP,MUL,1.986468603,0,0,0,0,3,2,2,491
492,Sapporo,Restaurant,UrbanCafe,ZoneC,EHP,MUL,1357.067046,1,0,0,0,3,2,2,492
493,Sapporo,Restaurant,UrbanCafe,ZoneC,EHP,MUL,3.59E-15,0,0,0,1,3,2,2,493
494,Sapporo,Restaurant,UrbanCafe,ZoneC,EHP,MUL,0.09323358,1,0,1,0,3,2,2,494
495,Sapporo,Restaurant,UrbanCafe,ZoneC,EHP,MUL,99752.53321,1,0,0,1,3,2,2,495
496,Sapporo,Restaurant,UrbanCafe,ZoneC,EHP,MUL,1.37E-04,1,0,1,1,3,2,2,496
497,Sendai,Restaurant,UrbanCafe,ZoneC,EHP,MUL,793.8873418,0,0,0,0,3,2,2,497
498,Sendai,Restaurant,UrbanCafe,ZoneC,EHP,MUL,52816.39644,1,0,0,0,3,2,2,498
499,Sendai,Restaurant,UrbanCafe,ZoneC,EHP,MUL,2.22E-09,0,0,0,1,3,2,2,499
500,Sendai,Restaurant,UrbanCafe,ZoneC,EHP,MUL,37.40304683,1,0,1,0,3,2,2,500
501,Sendai,Restaurant,UrbanCafe,ZoneC,EHP,MUL,45500.67933,1,0,0,1,3,2,2,501
502,Sendai,Restaurant,UrbanCafe,ZoneC,EHP,MUL,0.056114825,1,0,1,1,3,2,2,502
503,Tokyo,Restaurant,UrbanCafe,ZoneC,EHP,MUL,155515.3205,0,0,0,0,1,2,2,503
504,Tokyo,Restaurant,UrbanCafe,ZoneC,EHP,MUL,447129.9652,1,0,0,0,1,2,2,504
505,Tokyo,Restaurant,UrbanCafe,ZoneC,EHP,MUL,0.004532537,0,0,0,1,1,2,2,505
506,Tokyo,Restaurant,UrbanCafe,ZoneC,EHP,MUL,6454.915606,1,0,1,0,1,2,2,506
507,Tokyo,Restaurant,UrbanCafe,ZoneC,EHP,MUL,1417.247261,1,0,0,1,1,2,2,507
508,Tokyo,Restaurant,UrbanCafe,ZoneC,EHP,MUL,11.85469609,1,0,1,1,1,2,2,508
509,Nigata,Restaurant,UrbanCafe,ZoneC,EHP,MUL,7547.341839,0,0,0,0,1,2,2,509
510,Nigata,Restaurant,UrbanCafe,ZoneC,EHP,MUL,96201.93251,1,0,0,0,1,2,2,510
511,Nigata,Restaurant,UrbanCafe,ZoneC,EHP,MUL,4.61E-06,0,0,0,1,1,2,2,511
512,Nigata,Restaurant,UrbanCafe,ZoneC,EHP,MUL,361.4381817,1,0,1,0,1,2,2,512
513,Nigata,Restaurant,UrbanCafe,ZoneC,EHP,MUL,3328.356899,1,0,0,1,1,2,2,513
514,Nigata,Restaurant,UrbanCafe,ZoneC,EHP,MUL,0.565425279,1,0,1,1,1,2,2,514
515,Nagoya,Restaurant,UrbanCafe,ZoneC,EHP,MUL,83648.401,0,0,0,0,1,2,2,515
516,Nagoya,Restaurant,UrbanCafe,ZoneC,EHP,MUL,439092.6052,1,0,0,0,1,2,2,516
517,Nagoya,Restaurant,UrbanCafe,ZoneC,EHP,MUL,0.000743232,0,0,0,1,1,2,2,517
518,Nagoya,Restaurant,UrbanCafe,ZoneC,EHP,MUL,3891.061886,1,0,1,0,1,2,2,518
519,Nagoya,Restaurant,UrbanCafe,ZoneC,EHP,MUL,3088.345095,1,0,0,1,1,2,2,519
520,Nagoya,Restaurant,UrbanCafe,ZoneC,EHP,MUL,6.304974939,1,0,1,1,1,2,2,520
521,Osaka,Restaurant,UrbanCafe,ZoneC,EHP,MUL,216412.1744,0,0,0,0,1,2,2,521
522,Osaka,Restaurant,UrbanCafe,ZoneC,EHP,MUL,579883.3752,1,0,0,0,1,2,2,522
523,Osaka,Restaurant,UrbanCafe,ZoneC,EHP,MUL,0.009961209,0,0,0,1,1,2,2,523
524,Osaka,Restaurant,UrbanCafe,ZoneC,EHP,MUL,9425.205743,1,0,1,0,1,2,2,524
525,Osaka,Restaurant,UrbanCafe,ZoneC,EHP,MUL,1389.486698,1,0,0,1,1,2,2,525
526,Osaka,Restaurant,UrbanCafe,ZoneC,EHP,MUL,16.28763245,1,0,1,1,1,2,2,526
527,Hiroshima,Restaurant,UrbanCafe,ZoneC,EHP,MUL,39823.74422,0,0,0,0,1,2,2,527
528,Hiroshima,Restaurant,UrbanCafe,ZoneC,EHP,MUL,125878.1496,1,0,0,0,1,2,2,528
529,Hiroshima,Restaurant,UrbanCafe,ZoneC,EHP,MUL,0.002102701,0,0,0,1,1,2,2,529
530,Hiroshima,Restaurant,UrbanCafe,ZoneC,EHP,MUL,1921.881758,1,0,1,0,1,2,2,530
531,Hiroshima,Restaurant,UrbanCafe,ZoneC,EHP,MUL,297.3908744,1,0,0,1,1,2,2,531
532,Hiroshima,Restaurant,UrbanCafe,ZoneC,EHP,MUL,3.067937283,1,0,1,1,1,2,2,532
533,Matsuyama,Restaurant,UrbanCafe,ZoneC,EHP,MUL,43078.90001,0,0,0,0,1,2,2,533
534,Matsuyama,Restaurant,UrbanCafe,ZoneC,EHP,MUL,95919.52576,1,0,0,0,1,2,2,534
535,Matsuyama,Restaurant,UrbanCafe,ZoneC,EHP,MUL,0.005909097,0,0,0,1,1,2,2,535
536,Matsuyama,Restaurant,UrbanCafe,ZoneC,EHP,MUL,2054.265167,1,0,1,0,1,2,2,536
537,Matsuyama,Restaurant,UrbanCafe,ZoneC,EHP,MUL,120.6387148,1,0,0,1,1,2,2,537
538,Matsuyama,Restaurant,UrbanCafe,ZoneC,EHP,MUL,3.237474135,1,0,1,1,1,2,2,538
539,Fukuoka,Restaurant,UrbanCafe,ZoneC,EHP,MUL,74773.54465,0,0,0,0,1,2,2,539
540,Fukuoka,Restaurant,UrbanCafe,ZoneC,EHP,MUL,111864.6197,1,0,0,0,1,2,2,540
541,Fukuoka,Restaurant,UrbanCafe,ZoneC,EHP,MUL,0.038516583,0,0,0,1,1,2,2,541
542,Fukuoka,Restaurant,UrbanCafe,ZoneC,EHP,MUL,3568.519893,1,0,1,0,1,2,2,542
543,Fukuoka,Restaurant,UrbanCafe,ZoneC,EHP,MUL,65.65887767,1,0,0,1,1,2,2,543
544,Fukuoka,Restaurant,UrbanCafe,ZoneC,EHP,MUL,5.789568546,1,0,1,1,1,2,2,544
545,Naha,Restaurant,UrbanCafe,ZoneC,EHP,MUL,25030.76391,0,0,0,0,1,2,2,545
546,Naha,Restaurant,UrbanCafe,ZoneC,EHP,MUL,11678.96563,1,0,0,0,1,2,2,546
547,Naha,Restaurant,UrbanCafe,ZoneC,EHP,MUL,0.557051503,0,0,0,1,1,2,2,547
548,Naha,Restaurant,UrbanCafe,ZoneC,EHP,MUL,1203.488212,1,0,1,0,1,2,2,548
549,Naha,Restaurant,UrbanCafe,ZoneC,EHP,MUL,0.721042921,1,0,0,1,1,2,2,549
550,Naha,Restaurant,UrbanCafe,ZoneC,EHP,MUL,2.032443734,1,0,1,1,1,2,2,550
551,Sapporo,Restaurant,UrbanRestaurant,ZoneC,EHP,MUL,5.195163956,0,0,0,0,3,2,2,551
552,Sapporo,Restaurant,UrbanRestaurant,ZoneC,EHP,MUL,3549.105076,1,0,0,0,3,2,2,552
553,Sapporo,Restaurant,UrbanRestaurant,ZoneC,EHP,MUL,9.36E-15,0,0,0,1,3,2,2,553
554,Sapporo,Restaurant,UrbanRestaurant,ZoneC,EHP,MUL,0.243831556,1,0,1,0,3,2,2,554
555,Sapporo,Restaurant,UrbanRestaurant,ZoneC,EHP,MUL,260880.4208,1,0,0,1,3,2,2,555
556,Sapporo,Restaurant,UrbanRestaurant,ZoneC,EHP,MUL,0.000357828,1,0,1,1,3,2,2,556
557,Sendai,Restaurant,UrbanRestaurant,ZoneC,EHP,MUL,3813.507063,0,0,0,0,3,2,2,557
558,Sendai,Restaurant,UrbanRestaurant,ZoneC,EHP,MUL,253708.1652,1,0,0,0,3,2,2,558
559,Sendai,Restaurant,UrbanRestaurant,ZoneC,EHP,MUL,1.07E-08,0,0,0,1,3,2,2,559
560,Sendai,Restaurant,UrbanRestaurant,ZoneC,EHP,MUL,179.6687966,1,0,1,0,3,2,2,560
561,Sendai,Restaurant,UrbanRestaurant,ZoneC,EHP,MUL,218566.4802,1,0,0,1,3,2,2,561
562,Sendai,Restaurant,UrbanRestaurant,ZoneC,EHP,MUL,0.269552453,1,0,1,1,3,2,2,562
563,Tokyo,Restaurant,UrbanRestaurant,ZoneC,EHP,MUL,619854.2902,0,0,0,0,1,2,2,563
564,Tokyo,Restaurant,UrbanRestaurant,ZoneC,EHP,MUL,1782174.427,1,0,0,0,1,2,2,564
565,Tokyo,Restaurant,UrbanRestaurant,ZoneC,EHP,MUL,0.018065824,0,0,0,1,1,2,2,565
566,Tokyo,Restaurant,UrbanRestaurant,ZoneC,EHP,MUL,25728.05765,1,0,1,0,1,2,2,566
567,Tokyo,Restaurant,UrbanRestaurant,ZoneC,EHP,MUL,5648.876216,1,0,0,1,1,2,2,567
568,Tokyo,Restaurant,UrbanRestaurant,ZoneC,EHP,MUL,47.25054876,1,0,1,1,1,2,2,568
569,Nigata,Restaurant,UrbanRestaurant,ZoneC,EHP,MUL,23170.8711,0,0,0,0,1,2,2,569
570,Nigata,Restaurant,UrbanRestaurant,ZoneC,EHP,MUL,295346.7095,1,0,0,0,1,2,2,570
571,Nigata,Restaurant,UrbanRestaurant,ZoneC,EHP,MUL,1.41E-05,0,0,0,1,1,2,2,571
572,Nigata,Restaurant,UrbanRestaurant,ZoneC,EHP,MUL,1109.640678,1,0,1,0,1,2,2,572
573,Nigata,Restaurant,UrbanRestaurant,ZoneC,EHP,MUL,10218.29014,1,0,0,1,1,2,2,573
574,Nigata,Restaurant,UrbanRestaurant,ZoneC,EHP,MUL,1.735895436,1,0,1,1,1,2,2,574
575,Nagoya,Restaurant,UrbanRestaurant,ZoneC,EHP,MUL,155343.7065,0,0,0,0,1,2,2,575
576,Nagoya,Restaurant,UrbanRestaurant,ZoneC,EHP,MUL,815440.2471,1,0,0,0,1,2,2,576
577,Nagoya,Restaurant,UrbanRestaurant,ZoneC,EHP,MUL,0.001380258,0,0,0,1,1,2,2,577
578,Nagoya,Restaurant,UrbanRestaurant,ZoneC,EHP,MUL,7226.103174,1,0,1,0,1,2,2,578
579,Nagoya,Restaurant,UrbanRestaurant,ZoneC,EHP,MUL,5735.375311,1,0,0,1,1,2,2,579
580,Nagoya,Restaurant,UrbanRestaurant,ZoneC,EHP,MUL,11.70898864,1,0,1,1,1,2,2,580
581,Osaka,Restaurant,UrbanRestaurant,ZoneC,EHP,MUL,385133.428,0,0,0,0,1,2,2,581
582,Osaka,Restaurant,UrbanRestaurant,ZoneC,EHP,MUL,1031977.396,1,0,0,0,1,2,2,582
583,Osaka,Restaurant,UrbanRestaurant,ZoneC,EHP,MUL,0.017727258,0,0,0,1,1,2,2,583
584,Osaka,Restaurant,UrbanRestaurant,ZoneC,EHP,MUL,16773.3715,1,0,1,0,1,2,2,584
585,Osaka,Restaurant,UrbanRestaurant,ZoneC,EHP,MUL,2472.771122,1,0,0,1,1,2,2,585
586,Osaka,Restaurant,UrbanRestaurant,ZoneC,EHP,MUL,28.98594655,1,0,1,1,1,2,2,586
587,Hiroshima,Restaurant,UrbanRestaurant,ZoneC,EHP,MUL,102927.7227,0,0,0,0,1,2,2,587
588,Hiroshima,Restaurant,UrbanRestaurant,ZoneC,EHP,MUL,325342.3689,1,0,0,0,1,2,2,588
589,Hiroshima,Restaurant,UrbanRestaurant,ZoneC,EHP,MUL,0.005434602,0,0,0,1,1,2,2,589
590,Hiroshima,Restaurant,UrbanRestaurant,ZoneC,EHP,MUL,4967.260529,1,0,1,0,1,2,2,590
591,Hiroshima,Restaurant,UrbanRestaurant,ZoneC,EHP,MUL,768.6310284,1,0,0,1,1,2,2,591
592,Hiroshima,Restaurant,UrbanRestaurant,ZoneC,EHP,MUL,7.929334732,1,0,1,1,1,2,2,592
593,Matsuyama,Restaurant,UrbanRestaurant,ZoneC,EHP,MUL,64315.33008,0,0,0,0,1,2,2,593
594,Matsuyama,Restaurant,UrbanRestaurant,ZoneC,EHP,MUL,143204.5841,1,0,0,0,1,2,2,594
595,Matsuyama,Restaurant,UrbanRestaurant,ZoneC,EHP,MUL,0.008822081,0,0,0,1,1,2,2,595
596,Matsuyama,Restaurant,UrbanRestaurant,ZoneC,EHP,MUL,3066.947908,1,0,1,0,1,2,2,596
597,Matsuyama,Restaurant,UrbanRestaurant,ZoneC,EHP,MUL,180.1094912,1,0,0,1,1,2,2,597
598,Matsuyama,Restaurant,UrbanRestaurant,ZoneC,EHP,MUL,4.833438587,1,0,1,1,1,2,2,598
599,Fukuoka,Restaurant,UrbanRestaurant,ZoneC,EHP,MUL,279916.4506,0,0,0,0,1,2,2,599
600,Fukuoka,Restaurant,UrbanRestaurant,ZoneC,EHP,MUL,418767.7267,1,0,0,0,1,2,2,600
601,Fukuoka,Restaurant,UrbanRestaurant,ZoneC,EHP,MUL,0.144187697,0,0,0,1,1,2,2,601
602,Fukuoka,Restaurant,UrbanRestaurant,ZoneC,EHP,MUL,13358.8347,1,0,1,0,1,2,2,602
603,Fukuoka,Restaurant,UrbanRestaurant,ZoneC,EHP,MUL,245.7954892,1,0,0,1,1,2,2,603
604,Fukuoka,Restaurant,UrbanRestaurant,ZoneC,EHP,MUL,21.67338041,1,0,1,1,1,2,2,604
605,Naha,Restaurant,UrbanRestaurant,ZoneC,EHP,MUL,59545.30097,0,0,0,0,1,2,2,605
606,Naha,Restaurant,UrbanRestaurant,ZoneC,EHP,MUL,27782.91251,1,0,0,0,1,2,2,606
607,Naha,Restaurant,UrbanRestaurant,ZoneC,EHP,MUL,1.32516129,0,0,0,1,1,2,2,607
608,Naha,Restaurant,UrbanRestaurant,ZoneC,EHP,MUL,2862.959678,1,0,1,0,1,2,2,608
609,Naha,Restaurant,UrbanRestaurant,ZoneC,EHP,MUL,1.715277962,1,0,0,1,1,2,2,609
610,Naha,Restaurant,UrbanRestaurant,ZoneC,EHP,MUL,4.834949274,1,0,1,1,1,2,2,610
611,Sapporo,Restaurant,UrbanChineseRestaurant,ZoneC,EHP,MUL,2.544147402,0,0,0,0,3,2,2,611
612,Sapporo,Restaurant,UrbanChineseRestaurant,ZoneC,EHP,MUL,1738.048411,1,0,0,0,3,2,2,612
613,Sapporo,Restaurant,UrbanChineseRestaurant,ZoneC,EHP,MUL,4.58E-15,0,0,0,1,3,2,2,613
614,Sapporo,Restaurant,UrbanChineseRestaurant,ZoneC,EHP,MUL,0.119407862,1,0,1,0,3,2,2,614
615,Sapporo,Restaurant,UrbanChineseRestaurant,ZoneC,EHP,MUL,127756.9391,1,0,0,1,3,2,2,615
616,Sapporo,Restaurant,UrbanChineseRestaurant,ZoneC,EHP,MUL,1.75E-04,1,0,1,1,3,2,2,616
617,Sendai,Restaurant,UrbanChineseRestaurant,ZoneC,EHP,MUL,1866.764615,0,0,0,0,3,2,2,617
618,Sendai,Restaurant,UrbanChineseRestaurant,ZoneC,EHP,MUL,124193.6668,1,0,0,0,3,2,2,618
619,Sendai,Restaurant,UrbanChineseRestaurant,ZoneC,EHP,MUL,5.23E-09,0,0,0,1,3,2,2,619
620,Sendai,Restaurant,UrbanChineseRestaurant,ZoneC,EHP,MUL,87.95036862,1,0,1,0,3,2,2,620
621,Sendai,Restaurant,UrbanChineseRestaurant,ZoneC,EHP,MUL,106991.3244,1,0,0,1,3,2,2,621
622,Sendai,Restaurant,UrbanChineseRestaurant,ZoneC,EHP,MUL,0.131949666,1,0,1,1,3,2,2,622
623,Tokyo,Restaurant,UrbanChineseRestaurant,ZoneC,EHP,MUL,323265.5434,0,0,0,0,1,2,2,623
624,Tokyo,Restaurant,UrbanChineseRestaurant,ZoneC,EHP,MUL,929437.1174,1,0,0,0,1,2,2,624
625,Tokyo,Restaurant,UrbanChineseRestaurant,ZoneC,EHP,MUL,0.009421663,0,0,0,1,1,2,2,625
626,Tokyo,Restaurant,UrbanChineseRestaurant,ZoneC,EHP,MUL,13417.66068,1,0,1,0,1,2,2,626
627,Tokyo,Restaurant,UrbanChineseRestaurant,ZoneC,EHP,MUL,2945.994032,1,0,0,1,1,2,2,627
628,Tokyo,Restaurant,UrbanChineseRestaurant,ZoneC,EHP,MUL,24.64204017,1,0,1,1,1,2,2,628
629,Nigata,Restaurant,UrbanChineseRestaurant,ZoneC,EHP,MUL,8969.219486,0,0,0,0,1,2,2,629
630,Nigata,Restaurant,UrbanChineseRestaurant,ZoneC,EHP,MUL,114325.8469,1,0,0,0,1,2,2,630
631,Nigata,Restaurant,UrbanChineseRestaurant,ZoneC,EHP,MUL,5.46E-06,0,0,0,1,1,2,2,631
632,Nigata,Restaurant,UrbanChineseRestaurant,ZoneC,EHP,MUL,429.5311451,1,0,1,0,1,2,2,632
633,Nigata,Restaurant,UrbanChineseRestaurant,ZoneC,EHP,MUL,3955.401013,1,0,0,1,1,2,2,633
634,Nigata,Restaurant,UrbanChineseRestaurant,ZoneC,EHP,MUL,0.671948288,1,0,1,1,1,2,2,634
635,Nagoya,Restaurant,UrbanChineseRestaurant,ZoneC,EHP,MUL,64826.83497,0,0,0,0,1,2,2,635
636,Nagoya,Restaurant,UrbanChineseRestaurant,ZoneC,EHP,MUL,340293.2216,1,0,0,0,1,2,2,636
637,Nagoya,Restaurant,UrbanChineseRestaurant,ZoneC,EHP,MUL,0.000575999,0,0,0,1,1,2,2,637
638,Nagoya,Restaurant,UrbanChineseRestaurant,ZoneC,EHP,MUL,3015.541527,1,0,1,0,1,2,2,638
639,Nagoya,Restaurant,UrbanChineseRestaurant,ZoneC,EHP,MUL,2393.442498,1,0,0,1,1,2,2,639
640,Nagoya,Restaurant,UrbanChineseRestaurant,ZoneC,EHP,MUL,4.88630464,1,0,1,1,1,2,2,640
641,Osaka,Restaurant,UrbanChineseRestaurant,ZoneC,EHP,MUL,115092.7949,0,0,0,0,1,2,2,641
642,Osaka,Restaurant,UrbanChineseRestaurant,ZoneC,EHP,MUL,308394.8421,1,0,0,0,1,2,2,642
643,Osaka,Restaurant,UrbanChineseRestaurant,ZoneC,EHP,MUL,0.005297592,0,0,0,1,1,2,2,643
644,Osaka,Restaurant,UrbanChineseRestaurant,ZoneC,EHP,MUL,5012.533486,1,0,1,0,1,2,2,644
645,Osaka,Restaurant,UrbanChineseRestaurant,ZoneC,EHP,MUL,738.9598483,1,0,0,1,1,2,2,645
646,Osaka,Restaurant,UrbanChineseRestaurant,ZoneC,EHP,MUL,8.662124232,1,0,1,1,1,2,2,646
647,Hiroshima,Restaurant,UrbanChineseRestaurant,ZoneC,EHP,MUL,32684.08398,0,0,0,0,1,2,2,647
648,Hiroshima,Restaurant,UrbanChineseRestaurant,ZoneC,EHP,MUL,103310.5273,1,0,0,0,1,2,2,648
649,Hiroshima,Restaurant,UrbanChineseRestaurant,ZoneC,EHP,MUL,0.001725725,0,0,0,1,1,2,2,649
650,Hiroshima,Restaurant,UrbanChineseRestaurant,ZoneC,EHP,MUL,1577.323932,1,0,1,0,1,2,2,650
651,Hiroshima,Restaurant,UrbanChineseRestaurant,ZoneC,EHP,MUL,244.0741951,1,0,0,1,1,2,2,651
652,Hiroshima,Restaurant,UrbanChineseRestaurant,ZoneC,EHP,MUL,2.517912914,1,0,1,1,1,2,2,652
653,Matsuyama,Restaurant,UrbanChineseRestaurant,ZoneC,EHP,MUL,28565.88753,0,0,0,0,1,2,2,653
654,Matsuyama,Restaurant,UrbanChineseRestaurant,ZoneC,EHP,MUL,63604.83634,1,0,0,0,1,2,2,654
655,Matsuyama,Restaurant,UrbanChineseRestaurant,ZoneC,EHP,MUL,0.003918359,0,0,0,1,1,2,2,655
656,Matsuyama,Restaurant,UrbanChineseRestaurant,ZoneC,EHP,MUL,1362.196057,1,0,1,0,1,2,2,656
657,Matsuyama,Restaurant,UrbanChineseRestaurant,ZoneC,EHP,MUL,79.99628489,1,0,0,1,1,2,2,657
658,Matsuyama,Restaurant,UrbanChineseRestaurant,ZoneC,EHP,MUL,2.14678931,1,0,1,1,1,2,2,658
659,Fukuoka,Restaurant,UrbanChineseRestaurant,ZoneC,EHP,MUL,104234.4509,0,0,0,0,1,2,2,659
660,Fukuoka,Restaurant,UrbanChineseRestaurant,ZoneC,EHP,MUL,155939.4738,1,0,0,0,1,2,2,660
661,Fukuoka,Restaurant,UrbanChineseRestaurant,ZoneC,EHP,MUL,0.053692183,0,0,0,1,1,2,2,661
662,Fukuoka,Restaurant,UrbanChineseRestaurant,ZoneC,EHP,MUL,4974.522917,1,0,1,0,1,2,2,662
663,Fukuoka,Restaurant,UrbanChineseRestaurant,ZoneC,EHP,MUL,91.52858926,1,0,0,1,1,2,2,663
664,Fukuoka,Restaurant,UrbanChineseRestaurant,ZoneC,EHP,MUL,8.070668587,1,0,1,1,1,2,2,664
665,Naha,Restaurant,UrbanChineseRestaurant,ZoneC,EHP,MUL,13047.73406,0,0,0,0,1,2,2,665
666,Naha,Restaurant,UrbanChineseRestaurant,ZoneC,EHP,MUL,6087.870044,1,0,0,0,1,2,2,666
667,Naha,Restaurant,UrbanChineseRestaurant,ZoneC,EHP,MUL,0.290373074,0,0,0,1,1,2,2,667
668,Naha,Restaurant,UrbanChineseRestaurant,ZoneC,EHP,MUL,627.3397884,1,0,1,0,1,2,2,668
669,Naha,Restaurant,UrbanChineseRestaurant,ZoneC,EHP,MUL,0.375856538,1,0,0,1,1,2,2,669
670,Naha,Restaurant,UrbanChineseRestaurant,ZoneC,EHP,MUL,1.059447704,1,0,1,1,1,2,2,670
671,Sapporo,Restaurant,UrbanYakiniku,ZoneC,EHP,MUL,0.75503988,0,0,0,0,3,2,2,671
672,Sapporo,Restaurant,UrbanYakiniku,ZoneC,EHP,MUL,515.8096827,1,0,0,0,3,2,2,672
673,Sapporo,Restaurant,UrbanYakiniku,ZoneC,EHP,MUL,1.36E-15,0,0,0,1,3,2,2,673
674,Sapporo,Restaurant,UrbanYakiniku,ZoneC,EHP,MUL,0.035437293,1,0,1,0,3,2,2,674
675,Sapporo,Restaurant,UrbanYakiniku,ZoneC,EHP,MUL,37915.09247,1,0,0,1,3,2,2,675
676,Sapporo,Restaurant,UrbanYakiniku,ZoneC,EHP,MUL,5.20E-05,1,0,1,1,3,2,2,676
677,Sendai,Restaurant,UrbanYakiniku,ZoneC,EHP,MUL,342.9079476,0,0,0,0,3,2,2,677
678,Sendai,Restaurant,UrbanYakiniku,ZoneC,EHP,MUL,22813.26474,1,0,0,0,3,2,2,678
679,Sendai,Restaurant,UrbanYakiniku,ZoneC,EHP,MUL,9.56E-10,0,0,0,1,3,2,2,679
680,Sendai,Restaurant,UrbanYakiniku,ZoneC,EHP,MUL,16.15569534,1,0,1,0,3,2,2,680
681,Sendai,Restaurant,UrbanYakiniku,ZoneC,EHP,MUL,19653.34846,1,0,0,1,3,2,2,681
682,Sendai,Restaurant,UrbanYakiniku,ZoneC,EHP,MUL,0.024237972,1,0,1,1,3,2,2,682
683,Tokyo,Restaurant,UrbanYakiniku,ZoneC,EHP,MUL,53097.77304,0,0,0,0,1,2,2,683
684,Tokyo,Restaurant,UrbanYakiniku,ZoneC,EHP,MUL,152664.0934,1,0,0,0,1,2,2,684
685,Tokyo,Restaurant,UrbanYakiniku,ZoneC,EHP,MUL,0.001547549,0,0,0,1,1,2,2,685
686,Tokyo,Restaurant,UrbanYakiniku,ZoneC,EHP,MUL,2203.909188,1,0,1,0,1,2,2,686
687,Tokyo,Restaurant,UrbanYakiniku,ZoneC,EHP,MUL,483.8923469,1,0,0,1,1,2,2,687
688,Tokyo,Restaurant,UrbanYakiniku,ZoneC,EHP,MUL,4.04756239,1,0,1,1,1,2,2,688
689,Nigata,Restaurant,UrbanYakiniku,ZoneC,EHP,MUL,2373.352403,0,0,0,0,1,2,2,689
690,Nigata,Restaurant,UrbanYakiniku,ZoneC,EHP,MUL,30251.85456,1,0,0,0,1,2,2,690
691,Nigata,Restaurant,UrbanYakiniku,ZoneC,EHP,MUL,1.44E-06,0,0,0,1,1,2,2,691
692,Nigata,Restaurant,UrbanYakiniku,ZoneC,EHP,MUL,113.6585827,1,0,1,0,1,2,2,692
693,Nigata,Restaurant,UrbanYakiniku,ZoneC,EHP,MUL,1046.641852,1,0,0,1,1,2,2,693
694,Nigata,Restaurant,UrbanYakiniku,ZoneC,EHP,MUL,0.177804778,1,0,1,1,1,2,2,694
695,Nagoya,Restaurant,UrbanYakiniku,ZoneC,EHP,MUL,15472.59173,0,0,0,0,1,2,2,695
696,Nagoya,Restaurant,UrbanYakiniku,ZoneC,EHP,MUL,81219.73078,1,0,0,0,1,2,2,696
697,Nagoya,Restaurant,UrbanYakiniku,ZoneC,EHP,MUL,1.37E-04,0,0,0,1,1,2,2,697
698,Nagoya,Restaurant,UrbanYakiniku,ZoneC,EHP,MUL,719.7365549,1,0,1,0,1,2,2,698
699,Nagoya,Restaurant,UrbanYakiniku,ZoneC,EHP,MUL,571.2566195,1,0,0,1,1,2,2,699
700,Nagoya,Restaurant,UrbanYakiniku,ZoneC,EHP,MUL,1.166242295,1,0,1,1,1,2,2,700
701,Osaka,Restaurant,UrbanYakiniku,ZoneC,EHP,MUL,39461.19147,0,0,0,0,1,2,2,701
702,Osaka,Restaurant,UrbanYakiniku,ZoneC,EHP,MUL,105737.5306,1,0,0,0,1,2,2,702
703,Osaka,Restaurant,UrbanYakiniku,ZoneC,EHP,MUL,0.001816354,0,0,0,1,1,2,2,703
704,Osaka,Restaurant,UrbanYakiniku,ZoneC,EHP,MUL,1718.617955,1,0,1,0,1,2,2,704
705,Osaka,Restaurant,UrbanYakiniku,ZoneC,EHP,MUL,253.3628286,1,0,0,1,1,2,2,705
706,Osaka,Restaurant,UrbanYakiniku,ZoneC,EHP,MUL,2.969931726,1,0,1,1,1,2,2,706
707,Hiroshima,Restaurant,UrbanYakiniku,ZoneC,EHP,MUL,11508.71011,0,0,0,0,1,2,2,707
708,Hiroshima,Restaurant,UrbanYakiniku,ZoneC,EHP,MUL,36377.67269,1,0,0,0,1,2,2,708
709,Hiroshima,Restaurant,UrbanYakiniku,ZoneC,EHP,MUL,0.000607662,0,0,0,1,1,2,2,709
710,Hiroshima,Restaurant,UrbanYakiniku,ZoneC,EHP,MUL,555.4068424,1,0,1,0,1,2,2,710
711,Hiroshima,Restaurant,UrbanYakiniku,ZoneC,EHP,MUL,85.94333434,1,0,0,1,1,2,2,711
712,Hiroshima,Restaurant,UrbanYakiniku,ZoneC,EHP,MUL,0.88660676,1,0,1,1,1,2,2,712
713,Matsuyama,Restaurant,UrbanYakiniku,ZoneC,EHP,MUL,6662.552841,0,0,0,0,1,2,2,713
714,Matsuyama,Restaurant,UrbanYakiniku,ZoneC,EHP,MUL,14834.84742,1,0,0,0,1,2,2,714
715,Matsuyama,Restaurant,UrbanYakiniku,ZoneC,EHP,MUL,0.000913897,0,0,0,1,1,2,2,715
716,Matsuyama,Restaurant,UrbanYakiniku,ZoneC,EHP,MUL,317.711228,1,0,1,0,1,2,2,716
717,Matsuyama,Restaurant,UrbanYakiniku,ZoneC,EHP,MUL,18.65790007,1,0,0,1,1,2,2,717
718,Matsuyama,Restaurant,UrbanYakiniku,ZoneC,EHP,MUL,0.500705507,1,0,1,1,1,2,2,718
719,Fukuoka,Restaurant,UrbanYakiniku,ZoneC,EHP,MUL,30186.22939,0,0,0,0,1,2,2,719
720,Fukuoka,Restaurant,UrbanYakiniku,ZoneC,EHP,MUL,45159.97052,1,0,0,0,1,2,2,720
721,Fukuoka,Restaurant,UrbanYakiniku,ZoneC,EHP,MUL,0.015549222,0,0,0,1,1,2,2,721
722,Fukuoka,Restaurant,UrbanYakiniku,ZoneC,EHP,MUL,1440.618612,1,0,1,0,1,2,2,722
723,Fukuoka,Restaurant,UrbanYakiniku,ZoneC,EHP,MUL,26.50662011,1,0,0,1,1,2,2,723
724,Fukuoka,Restaurant,UrbanYakiniku,ZoneC,EHP,MUL,2.33726039,1,0,1,1,1,2,2,724
725,Naha,Restaurant,UrbanYakiniku,ZoneC,EHP,MUL,4549.746174,0,0,0,0,1,2,2,725
726,Naha,Restaurant,UrbanYakiniku,ZoneC,EHP,MUL,2122.840894,1,0,0,0,1,2,2,726
727,Naha,Restaurant,UrbanYakiniku,ZoneC,EHP,MUL,0.10125312,0,0,0,1,1,2,2,727
728,Naha,Restaurant,UrbanYakiniku,ZoneC,EHP,MUL,218.7534471,1,0,1,0,1,2,2,728
729,Naha,Restaurant,UrbanYakiniku,ZoneC,EHP,MUL,0.131061213,1,0,0,1,1,2,2,729
730,Naha,Restaurant,UrbanYakiniku,ZoneC,EHP,MUL,0.369429521,1,0,1,1,1,2,2,730
731,Sapporo,Logistics,Logistics,ZoneC,EHP,MUL,14871572.54,1,1,0,0,1,2,2,731
732,Sendai,Logistics,Logistics,ZoneC,EHP,MUL,14871572.54,1,1,0,0,1,2,2,732
733,Tokyo,Logistics,Logistics,ZoneC,EHP,MUL,14871572.54,1,1,0,0,1,2,2,733
734,Nigata,Logistics,Logistics,ZoneC,EHP,MUL,14871572.54,1,1,0,0,1,2,2,734
735,Nagoya,Logistics,Logistics,ZoneC,EHP,MUL,14871572.54,1,1,0,0,1,2,2,735
736,Osaka,Logistics,Logistics,ZoneC,EHP,MUL,14871572.54,1,1,0,0,1,2,2,736
737,Hiroshima,Logistics,Logistics,ZoneC,EHP,MUL,14871572.54,1,1,0,0,1,2,2,737
738,Matsuyama,Logistics,Logistics,ZoneC,EHP,MUL,14871572.54,1,1,0,0,1,2,2,738
739,Fukuoka,Logistics,Logistics,ZoneC,EHP,MUL,14871572.54,1,1,0,0,1,2,2,739
740,Naha,Logistics,Logistics,ZoneC,EHP,MUL,14871572.54,1,1,0,0,1,2,2,740
741,Sapporo,Logistics,Cool,ZoneC,EHP,MUL,0,1,1,0,0,1,2,2,741
742,Sendai,Logistics,Cool,ZoneC,EHP,MUL,0,1,1,0,0,1,2,2,742
743,Tokyo,Logistics,Cool,ZoneC,EHP,MUL,0,1,1,0,0,1,2,2,743
744,Nigata,Logistics,Cool,ZoneC,EHP,MUL,0,1,1,0,0,1,2,2,744
745,Nagoya,Logistics,Cool,ZoneC,EHP,MUL,0,1,1,0,0,1,2,2,745
746,Osaka,Logistics,Cool,ZoneC,EHP,MUL,0,1,1,0,0,1,2,2,746
747,Hiroshima,Logistics,Cool,ZoneC,EHP,MUL,0,1,1,0,0,1,2,2,747
748,Matsuyama,Logistics,Cool,ZoneC,EHP,MUL,0,1,1,0,0,1,2,2,748
749,Fukuoka,Logistics,Cool,ZoneC,EHP,MUL,0,1,1,0,0,1,2,2,749
750,Naha,Logistics,Cool,ZoneC,EHP,MUL,0,1,1,0,0,1,2,2,750
751,Sapporo,Amusement,Patinko,ZoneC,EHP,MUL,290703.6195,1,1,0,0,1,2,2,751
752,Sendai,Amusement,Patinko,ZoneC,EHP,MUL,290703.6195,1,1,0,0,1,2,2,752
753,Tokyo,Amusement,Patinko,ZoneC,EHP,MUL,290703.6195,1,1,0,0,1,2,2,753
754,Nigata,Amusement,Patinko,ZoneC,EHP,MUL,290703.6195,1,1,0,0,1,2,2,754
755,Nagoya,Amusement,Patinko,ZoneC,EHP,MUL,290703.6195,1,1,0,0,1,2,2,755
756,Osaka,Amusement,Patinko,ZoneC,EHP,MUL,290703.6195,1,1,0,0,1,2,2,756
757,Hiroshima,Amusement,Patinko,ZoneC,EHP,MUL,290703.6195,1,1,0,0,1,2,2,757
758,Matsuyama,Amusement,Patinko,ZoneC,EHP,MUL,290703.6195,1,1,0,0,1,2,2,758
759,Fukuoka,Amusement,Patinko,ZoneC,EHP,MUL,290703.6195,1,1,0,0,1,2,2,759
760,Naha,Amusement,Patinko,ZoneC,EHP,MUL,290703.6195,1,1,0,0,1,2,2,760
761,Sapporo,Amusement,Fitness,ZoneC,EHP,MUL,209619.7334,1,1,0,0,1,2,2,761
762,Sendai,Amusement,Fitness,ZoneC,EHP,MUL,209619.7334,1,1,0,0,1,2,2,762
763,Tokyo,Amusement,Fitness,ZoneC,EHP,MUL,209619.7334,1,1,0,0,1,2,2,763
764,Nigata,Amusement,Fitness,ZoneC,EHP,MUL,209619.7334,1,1,0,0,1,2,2,764
765,Nagoya,Amusement,Fitness,ZoneC,EHP,MUL,209619.7334,1,1,0,0,1,2,2,765
766,Osaka,Amusement,Fitness,ZoneC,EHP,MUL,209619.7334,1,1,0,0,1,2,2,766
767,Hiroshima,Amusement,Fitness,ZoneC,EHP,MUL,209619.7334,1,1,0,0,1,2,2,767
768,Matsuyama,Amusement,Fitness,ZoneC,EHP,MUL,209619.7334,1,1,0,0,1,2,2,768
769,Fukuoka,Amusement,Fitness,ZoneC,EHP,MUL,209619.7334,1,1,0,0,1,2,2,769
770,Naha,Amusement,Fitness,ZoneC,EHP,MUL,209619.7334,1,1,0,0,1,2,2,770
771,Sapporo,Amusement,Karaoke,ZoneC,EHP,MUL,209041.1977,1,1,0,0,1,2,2,771
772,Sendai,Amusement,Karaoke,ZoneC,EHP,MUL,209041.1977,1,1,0,0,1,2,2,772
773,Tokyo,Amusement,Karaoke,ZoneC,EHP,MUL,209041.1977,1,1,0,0,1,2,2,773
774,Nigata,Amusement,Karaoke,ZoneC,EHP,MUL,209041.1977,1,1,0,0,1,2,2,774
775,Nagoya,Amusement,Karaoke,ZoneC,EHP,MUL,209041.1977,1,1,0,0,1,2,2,775
776,Osaka,Amusement,Karaoke,ZoneC,EHP,MUL,209041.1977,1,1,0,0,1,2,2,776
777,Hiroshima,Amusement,Karaoke,ZoneC,EHP,MUL,209041.1977,1,1,0,0,1,2,2,777
778,Matsuyama,Amusement,Karaoke,ZoneC,EHP,MUL,209041.1977,1,1,0,0,1,2,2,778
779,Fukuoka,Amusement,Karaoke,ZoneC,EHP,MUL,209041.1977,1,1,0,0,1,2,2,779
780,Naha,Amusement,Karaoke,ZoneC,EHP,MUL,209041.1977,1,1,0,0,1,2,2,780
781,Sapporo,Restaurant,UrbanBar,ZoneC,EHP,MUL,4.107495321,0,0,0,0,3,1,3,781
782,Sapporo,Restaurant,UrbanBar,ZoneC,EHP,MUL,2806.058215,1,0,0,0,3,1,3,782
783,Sapporo,Restaurant,UrbanBar,ZoneC,EHP,MUL,7.41E-15,0,0,0,1,3,1,3,783
784,Sapporo,Restaurant,UrbanBar,ZoneC,EHP,MUL,0.192782554,1,0,1,0,3,1,3,784
785,Sapporo,Restaurant,UrbanBar,ZoneC,EHP,MUL,206262.0386,1,0,0,1,3,1,3,785
786,Sapporo,Restaurant,UrbanBar,ZoneC,EHP,MUL,2.83E-04,1,0,1,1,3,1,3,786
787,Sendai,Restaurant,UrbanBar,ZoneC,EHP,MUL,2373.129501,0,0,0,0,3,1,3,787
788,Sendai,Restaurant,UrbanBar,ZoneC,EHP,MUL,157881.5304,1,0,0,0,3,1,3,788
789,Sendai,Restaurant,UrbanBar,ZoneC,EHP,MUL,6.62E-09,0,0,0,1,3,1,3,789
790,Sendai,Restaurant,UrbanBar,ZoneC,EHP,MUL,111.8071409,1,0,1,0,3,1,3,790
791,Sendai,Restaurant,UrbanBar,ZoneC,EHP,MUL,136013.0068,1,0,0,1,3,1,3,791
792,Sendai,Restaurant,UrbanBar,ZoneC,EHP,MUL,0.167741365,1,0,1,1,3,1,3,792
793,Tokyo,Restaurant,UrbanBar,ZoneC,EHP,MUL,286018.614,0,0,0,0,1,1,3,793
794,Tokyo,Restaurant,UrbanBar,ZoneC,EHP,MUL,822346.5864,1,0,0,0,1,1,3,794
795,Tokyo,Restaurant,UrbanBar,ZoneC,EHP,MUL,0.008336091,0,0,0,1,1,1,3,795
796,Tokyo,Restaurant,UrbanBar,ZoneC,EHP,MUL,11871.66647,1,0,1,0,1,1,3,796
797,Tokyo,Restaurant,UrbanBar,ZoneC,EHP,MUL,2606.554108,1,0,0,1,1,1,3,797
798,Tokyo,Restaurant,UrbanBar,ZoneC,EHP,MUL,21.80276346,1,0,1,1,1,1,3,798
799,Nigata,Restaurant,UrbanBar,ZoneC,EHP,MUL,11239.21175,0,0,0,0,1,1,3,799
800,Nigata,Restaurant,UrbanBar,ZoneC,EHP,MUL,143260.2251,1,0,0,0,1,1,3,800
801,Nigata,Restaurant,UrbanBar,ZoneC,EHP,MUL,6.85E-06,0,0,0,1,1,1,3,801
802,Nigata,Restaurant,UrbanBar,ZoneC,EHP,MUL,538.2398657,1,0,1,0,1,1,3,802
803,Nigata,Restaurant,UrbanBar,ZoneC,EHP,MUL,4956.461331,1,0,0,1,1,1,3,803
804,Nigata,Restaurant,UrbanBar,ZoneC,EHP,MUL,0.842009621,1,0,1,1,1,1,3,804
805,Nagoya,Restaurant,UrbanBar,ZoneC,EHP,MUL,69201.20992,0,0,0,0,1,1,3,805
806,Nagoya,Restaurant,UrbanBar,ZoneC,EHP,MUL,363255.4737,1,0,0,0,1,1,3,806
807,Nagoya,Restaurant,UrbanBar,ZoneC,EHP,MUL,6.15E-04,0,0,0,1,1,1,3,807
808,Nagoya,Restaurant,UrbanBar,ZoneC,EHP,MUL,3219.023761,1,0,1,0,1,1,3,808
809,Nagoya,Restaurant,UrbanBar,ZoneC,EHP,MUL,2554.946832,1,0,0,1,1,1,3,809
810,Nagoya,Restaurant,UrbanBar,ZoneC,EHP,MUL,5.216021934,1,0,1,1,1,1,3,810
811,Osaka,Restaurant,UrbanBar,ZoneC,EHP,MUL,157455.9172,0,0,0,0,1,1,3,811
812,Osaka,Restaurant,UrbanBar,ZoneC,EHP,MUL,421908.1896,1,0,0,0,1,1,3,812
813,Osaka,Restaurant,UrbanBar,ZoneC,EHP,MUL,0.007247519,0,0,0,1,1,1,3,813
814,Osaka,Restaurant,UrbanBar,ZoneC,EHP,MUL,6857.536637,1,0,1,0,1,1,3,814
815,Osaka,Restaurant,UrbanBar,ZoneC,EHP,MUL,1010.954689,1,0,0,1,1,1,3,815
816,Osaka,Restaurant,UrbanBar,ZoneC,EHP,MUL,11.85046134,1,0,1,1,1,1,3,816
817,Hiroshima,Restaurant,UrbanBar,ZoneC,EHP,MUL,45056.13111,0,0,0,0,1,1,3,817
818,Hiroshima,Restaurant,UrbanBar,ZoneC,EHP,MUL,142417.1062,1,0,0,0,1,1,3,818
819,Hiroshima,Restaurant,UrbanBar,ZoneC,EHP,MUL,0.002378972,0,0,0,1,1,1,3,819
820,Hiroshima,Restaurant,UrbanBar,ZoneC,EHP,MUL,2174.395154,1,0,1,0,1,1,3,820
821,Hiroshima,Restaurant,UrbanBar,ZoneC,EHP,MUL,336.4646516,1,0,0,1,1,1,3,821
822,Hiroshima,Restaurant,UrbanBar,ZoneC,EHP,MUL,3.471029337,1,0,1,1,1,1,3,822
823,Matsuyama,Restaurant,UrbanBar,ZoneC,EHP,MUL,34261.2376,0,0,0,0,1,1,3,823
824,Matsuyama,Restaurant,UrbanBar,ZoneC,EHP,MUL,76286.10898,1,0,0,0,1,1,3,824
825,Matsuyama,Restaurant,UrbanBar,ZoneC,EHP,MUL,0.004699586,0,0,0,1,1,1,3,825
826,Matsuyama,Restaurant,UrbanBar,ZoneC,EHP,MUL,1633.785147,1,0,1,0,1,1,3,826
827,Matsuyama,Restaurant,UrbanBar,ZoneC,EHP,MUL,95.94561767,1,0,0,1,1,1,3,827
828,Matsuyama,Restaurant,UrbanBar,ZoneC,EHP,MUL,2.5748074,1,0,1,1,1,1,3,828
829,Fukuoka,Restaurant,UrbanBar,ZoneC,EHP,MUL,179696.8469,0,0,0,0,1,1,3,829
830,Fukuoka,Restaurant,UrbanBar,ZoneC,EHP,MUL,268834.6466,1,0,0,0,1,1,3,830
831,Fukuoka,Restaurant,UrbanBar,ZoneC,EHP,MUL,0.0925636,0,0,0,1,1,1,3,831
832,Fukuoka,Restaurant,UrbanBar,ZoneC,EHP,MUL,8575.917809,1,0,1,0,1,1,3,832
833,Fukuoka,Restaurant,UrbanBar,ZoneC,EHP,MUL,157.7923495,1,0,0,1,1,1,3,833
834,Fukuoka,Restaurant,UrbanBar,ZoneC,EHP,MUL,13.91357354,1,0,1,1,1,1,3,834
835,Naha,Restaurant,UrbanBar,ZoneC,EHP,MUL,63768.30849,0,0,0,0,1,1,3,835
836,Naha,Restaurant,UrbanBar,ZoneC,EHP,MUL,29753.30223,1,0,0,0,1,1,3,836
837,Naha,Restaurant,UrbanBar,ZoneC,EHP,MUL,1.419142948,0,0,0,1,1,1,3,837
838,Naha,Restaurant,UrbanBar,ZoneC,EHP,MUL,3066.003412,1,0,1,0,1,1,3,838
839,Naha,Restaurant,UrbanBar,ZoneC,EHP,MUL,1.836927054,1,0,0,1,1,1,3,839
840,Naha,Restaurant,UrbanBar,ZoneC,EHP,MUL,5.177848326,1,0,1,1,1,1,3,840
841,Sapporo,Restaurant,UrbanCafe,ZoneC,EHP,MUL,0.86754169,0,0,0,0,3,1,3,841
842,Sapporo,Restaurant,UrbanCafe,ZoneC,EHP,MUL,592.6659181,1,0,0,0,3,1,3,842
843,Sapporo,Restaurant,UrbanCafe,ZoneC,EHP,MUL,1.57E-15,0,0,0,1,3,1,3,843
844,Sapporo,Restaurant,UrbanCafe,ZoneC,EHP,MUL,0.040717491,1,0,1,0,3,1,3,844
845,Sapporo,Restaurant,UrbanCafe,ZoneC,EHP,MUL,43564.4848,1,0,0,1,3,1,3,845
846,Sapporo,Restaurant,UrbanCafe,ZoneC,EHP,MUL,5.98E-05,1,0,1,1,3,1,3,846
847,Sendai,Restaurant,UrbanCafe,ZoneC,EHP,MUL,346.7109247,0,0,0,0,3,1,3,847
848,Sendai,Restaurant,UrbanCafe,ZoneC,EHP,MUL,23066.27236,1,0,0,0,3,1,3,848
849,Sendai,Restaurant,UrbanCafe,ZoneC,EHP,MUL,9.68E-10,0,0,0,1,3,1,3,849
850,Sendai,Restaurant,UrbanCafe,ZoneC,EHP,MUL,16.33486802,1,0,1,0,3,1,3,850
851,Sendai,Restaurant,UrbanCafe,ZoneC,EHP,MUL,19871.31143,1,0,0,1,3,1,3,851
852,Sendai,Restaurant,UrbanCafe,ZoneC,EHP,MUL,0.02450678,1,0,1,1,3,1,3,852
853,Tokyo,Restaurant,UrbanCafe,ZoneC,EHP,MUL,67917.52146,0,0,0,0,1,1,3,853
854,Tokyo,Restaurant,UrbanCafe,ZoneC,EHP,MUL,195273.1018,1,0,0,0,1,1,3,854
855,Tokyo,Restaurant,UrbanCafe,ZoneC,EHP,MUL,0.001979475,0,0,0,1,1,1,3,855
856,Tokyo,Restaurant,UrbanCafe,ZoneC,EHP,MUL,2819.026883,1,0,1,0,1,1,3,856
857,Tokyo,Restaurant,UrbanCafe,ZoneC,EHP,MUL,618.9481586,1,0,0,1,1,1,3,857
858,Tokyo,Restaurant,UrbanCafe,ZoneC,EHP,MUL,5.17724925,1,0,1,1,1,1,3,858
859,Nigata,Restaurant,UrbanCafe,ZoneC,EHP,MUL,3296.117384,0,0,0,0,1,1,3,859
860,Nigata,Restaurant,UrbanCafe,ZoneC,EHP,MUL,42013.84658,1,0,0,0,1,1,3,860
861,Nigata,Restaurant,UrbanCafe,ZoneC,EHP,MUL,2.01E-06,0,0,0,1,1,1,3,861
862,Nigata,Restaurant,UrbanCafe,ZoneC,EHP,MUL,157.8493063,1,0,1,0,1,1,3,862
863,Nigata,Restaurant,UrbanCafe,ZoneC,EHP,MUL,1453.57866,1,0,0,1,1,1,3,863
864,Nigata,Restaurant,UrbanCafe,ZoneC,EHP,MUL,0.246935693,1,0,1,1,1,1,3,864
865,Nagoya,Restaurant,UrbanCafe,ZoneC,EHP,MUL,36531.39802,0,0,0,0,1,1,3,865
866,Nagoya,Restaurant,UrbanCafe,ZoneC,EHP,MUL,191762.9809,1,0,0,0,1,1,3,866
867,Nagoya,Restaurant,UrbanCafe,ZoneC,EHP,MUL,3.25E-04,0,0,0,1,1,1,3,867
868,Nagoya,Restaurant,UrbanCafe,ZoneC,EHP,MUL,1699.326332,1,0,1,0,1,1,3,868
869,Nagoya,Restaurant,UrbanCafe,ZoneC,EHP,MUL,1348.759361,1,0,0,1,1,1,3,869
870,Nagoya,Restaurant,UrbanCafe,ZoneC,EHP,MUL,2.753543956,1,0,1,1,1,1,3,870
871,Osaka,Restaurant,UrbanCafe,ZoneC,EHP,MUL,94512.73647,0,0,0,0,1,1,3,871
872,Osaka,Restaurant,UrbanCafe,ZoneC,EHP,MUL,253249.9142,1,0,0,0,1,1,3,872
873,Osaka,Restaurant,UrbanCafe,ZoneC,EHP,MUL,0.004350315,0,0,0,1,1,1,3,873
874,Osaka,Restaurant,UrbanCafe,ZoneC,EHP,MUL,4116.228622,1,0,1,0,1,1,3,874
875,Osaka,Restaurant,UrbanCafe,ZoneC,EHP,MUL,606.8244103,1,0,0,1,1,1,3,875
876,Osaka,Restaurant,UrbanCafe,ZoneC,EHP,MUL,7.113226034,1,0,1,1,1,1,3,876
877,Hiroshima,Restaurant,UrbanCafe,ZoneC,EHP,MUL,17392.04854,0,0,0,0,1,1,3,877
878,Hiroshima,Restaurant,UrbanCafe,ZoneC,EHP,MUL,54974.21024,1,0,0,0,1,1,3,878
879,Hiroshima,Restaurant,UrbanCafe,ZoneC,EHP,MUL,9.18E-04,0,0,0,1,1,1,3,879
880,Hiroshima,Restaurant,UrbanCafe,ZoneC,EHP,MUL,839.3349616,1,0,1,0,1,1,3,880
881,Hiroshima,Restaurant,UrbanCafe,ZoneC,EHP,MUL,129.8782077,1,0,0,1,1,1,3,881
882,Hiroshima,Restaurant,UrbanCafe,ZoneC,EHP,MUL,1.339846747,1,0,1,1,1,1,3,882
883,Matsuyama,Restaurant,UrbanCafe,ZoneC,EHP,MUL,18813.6584,0,0,0,0,1,1,3,883
884,Matsuyama,Restaurant,UrbanCafe,ZoneC,EHP,MUL,41890.51232,1,0,0,0,1,1,3,884
885,Matsuyama,Restaurant,UrbanCafe,ZoneC,EHP,MUL,0.002580654,0,0,0,1,1,1,3,885
886,Matsuyama,Restaurant,UrbanCafe,ZoneC,EHP,MUL,897.1501853,1,0,1,0,1,1,3,886
887,Matsuyama,Restaurant,UrbanCafe,ZoneC,EHP,MUL,52.68601496,1,0,0,1,1,1,3,887
888,Matsuyama,Restaurant,UrbanCafe,ZoneC,EHP,MUL,1.41388783,1,0,1,1,1,1,3,888
889,Fukuoka,Restaurant,UrbanCafe,ZoneC,EHP,MUL,32655.52106,0,0,0,0,1,1,3,889
890,Fukuoka,Restaurant,UrbanCafe,ZoneC,EHP,MUL,48854.14304,1,0,0,0,1,1,3,890
891,Fukuoka,Restaurant,UrbanCafe,ZoneC,EHP,MUL,0.016821178,0,0,0,1,1,1,3,891
892,Fukuoka,Restaurant,UrbanCafe,ZoneC,EHP,MUL,1558.463987,1,0,1,0,1,1,3,892
893,Fukuoka,Restaurant,UrbanCafe,ZoneC,EHP,MUL,28.67491266,1,0,0,1,1,1,3,893
894,Fukuoka,Restaurant,UrbanCafe,ZoneC,EHP,MUL,2.52845279,1,0,1,1,1,1,3,894
895,Naha,Restaurant,UrbanCafe,ZoneC,EHP,MUL,10931.57536,0,0,0,0,1,1,3,895
896,Naha,Restaurant,UrbanCafe,ZoneC,EHP,MUL,5100.50326,1,0,0,0,1,1,3,896
897,Naha,Restaurant,UrbanCafe,ZoneC,EHP,MUL,0.243278651,0,0,0,1,1,1,3,897
898,Naha,Restaurant,UrbanCafe,ZoneC,EHP,MUL,525.5941099,1,0,1,0,1,1,3,898
899,Naha,Restaurant,UrbanCafe,ZoneC,EHP,MUL,0.314897901,1,0,0,1,1,1,3,899
900,Naha,Restaurant,UrbanCafe,ZoneC,EHP,MUL,0.887620207,1,0,1,1,1,1,3,900
901,Sapporo,Restaurant,UrbanRestaurant,ZoneC,EHP,MUL,2.268861089,0,0,0,0,3,1,3,901
902,Sapporo,Restaurant,UrbanRestaurant,ZoneC,EHP,MUL,1549.98504,1,0,0,0,3,1,3,902
903,Sapporo,Restaurant,UrbanRestaurant,ZoneC,EHP,MUL,4.09E-15,0,0,0,1,3,1,3,903
904,Sapporo,Restaurant,UrbanRestaurant,ZoneC,EHP,MUL,0.106487482,1,0,1,0,3,1,3,904
905,Sapporo,Restaurant,UrbanRestaurant,ZoneC,EHP,MUL,113933.158,1,0,0,1,3,1,3,905
906,Sapporo,Restaurant,UrbanRestaurant,ZoneC,EHP,MUL,1.56E-04,1,0,1,1,3,1,3,906
907,Sendai,Restaurant,UrbanRestaurant,ZoneC,EHP,MUL,1665.456155,0,0,0,0,3,1,3,907
908,Sendai,Restaurant,UrbanRestaurant,ZoneC,EHP,MUL,110800.8504,1,0,0,0,3,1,3,908
909,Sendai,Restaurant,UrbanRestaurant,ZoneC,EHP,MUL,4.65E-09,0,0,0,1,3,1,3,909
910,Sendai,Restaurant,UrbanRestaurant,ZoneC,EHP,MUL,78.46596278,1,0,1,0,3,1,3,910
911,Sendai,Restaurant,UrbanRestaurant,ZoneC,EHP,MUL,95453.57695,1,0,0,1,3,1,3,911
912,Sendai,Restaurant,UrbanRestaurant,ZoneC,EHP,MUL,0.117720457,1,0,1,1,3,1,3,912
913,Tokyo,Restaurant,UrbanRestaurant,ZoneC,EHP,MUL,270706.2361,0,0,0,0,1,1,3,913
914,Tokyo,Restaurant,UrbanRestaurant,ZoneC,EHP,MUL,778321.1937,1,0,0,0,1,1,3,914
915,Tokyo,Restaurant,UrbanRestaurant,ZoneC,EHP,MUL,0.007889808,0,0,0,1,1,1,3,915
916,Tokyo,Restaurant,UrbanRestaurant,ZoneC,EHP,MUL,11236.10138,1,0,1,0,1,1,3,916
917,Tokyo,Restaurant,UrbanRestaurant,ZoneC,EHP,MUL,2467.008848,1,0,0,1,1,1,3,917
918,Tokyo,Restaurant,UrbanRestaurant,ZoneC,EHP,MUL,20.6355242,1,0,1,1,1,1,3,918
919,Nigata,Restaurant,UrbanRestaurant,ZoneC,EHP,MUL,10119.31256,0,0,0,0,1,1,3,919
920,Nigata,Restaurant,UrbanRestaurant,ZoneC,EHP,MUL,128985.4686,1,0,0,0,1,1,3,920
921,Nigata,Restaurant,UrbanRestaurant,ZoneC,EHP,MUL,6.16E-06,0,0,0,1,1,1,3,921
922,Nigata,Restaurant,UrbanRestaurant,ZoneC,EHP,MUL,484.6084895,1,0,1,0,1,1,3,922
923,Nigata,Restaurant,UrbanRestaurant,ZoneC,EHP,MUL,4462.588878,1,0,0,1,1,1,3,923
924,Nigata,Restaurant,UrbanRestaurant,ZoneC,EHP,MUL,0.758109974,1,0,1,1,1,1,3,924
925,Nagoya,Restaurant,UrbanRestaurant,ZoneC,EHP,MUL,67842.57325,0,0,0,0,1,1,3,925
926,Nagoya,Restaurant,UrbanRestaurant,ZoneC,EHP,MUL,356123.6302,1,0,0,0,1,1,3,926
927,Nagoya,Restaurant,UrbanRestaurant,ZoneC,EHP,MUL,6.03E-04,0,0,0,1,1,1,3,927
928,Nagoya,Restaurant,UrbanRestaurant,ZoneC,EHP,MUL,3155.824235,1,0,1,0,1,1,3,928
929,Nagoya,Restaurant,UrbanRestaurant,ZoneC,EHP,MUL,2504.785217,1,0,0,1,1,1,3,929
930,Nagoya,Restaurant,UrbanRestaurant,ZoneC,EHP,MUL,5.113615073,1,0,1,1,1,1,3,930
931,Osaka,Restaurant,UrbanRestaurant,ZoneC,EHP,MUL,168197.6269,0,0,0,0,1,1,3,931
932,Osaka,Restaurant,UrbanRestaurant,ZoneC,EHP,MUL,450690.9462,1,0,0,0,1,1,3,932
933,Osaka,Restaurant,UrbanRestaurant,ZoneC,EHP,MUL,0.007741947,0,0,0,1,1,1,3,933
934,Osaka,Restaurant,UrbanRestaurant,ZoneC,EHP,MUL,7325.36071,1,0,1,0,1,1,3,934
935,Osaka,Restaurant,UrbanRestaurant,ZoneC,EHP,MUL,1079.922449,1,0,0,1,1,1,3,935
936,Osaka,Restaurant,UrbanRestaurant,ZoneC,EHP,MUL,12.65890486,1,0,1,1,1,1,3,936
937,Hiroshima,Restaurant,UrbanRestaurant,ZoneC,EHP,MUL,44951.17134,0,0,0,0,1,1,3,937
938,Hiroshima,Restaurant,UrbanRestaurant,ZoneC,EHP,MUL,142085.3408,1,0,0,0,1,1,3,938
939,Hiroshima,Restaurant,UrbanRestaurant,ZoneC,EHP,MUL,0.00237343,0,0,0,1,1,1,3,939
940,Hiroshima,Restaurant,UrbanRestaurant,ZoneC,EHP,MUL,2169.329829,1,0,1,0,1,1,3,940
941,Hiroshima,Restaurant,UrbanRestaurant,ZoneC,EHP,MUL,335.6808461,1,0,0,1,1,1,3,941
942,Hiroshima,Restaurant,UrbanRestaurant,ZoneC,EHP,MUL,3.462943459,1,0,1,1,1,1,3,942
943,Matsuyama,Restaurant,UrbanRestaurant,ZoneC,EHP,MUL,28088.15104,0,0,0,0,1,1,3,943
944,Matsuyama,Restaurant,UrbanRestaurant,ZoneC,EHP,MUL,62541.10773,1,0,0,0,1,1,3,944
945,Matsuyama,Restaurant,UrbanRestaurant,ZoneC,EHP,MUL,0.003852829,0,0,0,1,1,1,3,945
946,Matsuyama,Restaurant,UrbanRestaurant,ZoneC,EHP,MUL,1339.414662,1,0,1,0,1,1,3,946
947,Matsuyama,Restaurant,UrbanRestaurant,ZoneC,EHP,MUL,78.65842537,1,0,0,1,1,1,3,947
948,Matsuyama,Restaurant,UrbanRestaurant,ZoneC,EHP,MUL,2.110886361,1,0,1,1,1,1,3,948
949,Fukuoka,Restaurant,UrbanRestaurant,ZoneC,EHP,MUL,122246.6795,0,0,0,0,1,1,3,949
950,Fukuoka,Restaurant,UrbanRestaurant,ZoneC,EHP,MUL,182886.5862,1,0,0,0,1,1,3,950
951,Fukuoka,Restaurant,UrbanRestaurant,ZoneC,EHP,MUL,0.062970458,0,0,0,1,1,1,3,951
952,Fukuoka,Restaurant,UrbanRestaurant,ZoneC,EHP,MUL,5834.145082,1,0,1,0,1,1,3,952
953,Fukuoka,Restaurant,UrbanRestaurant,ZoneC,EHP,MUL,107.3451822,1,0,0,1,1,1,3,953
954,Fukuoka,Restaurant,UrbanRestaurant,ZoneC,EHP,MUL,9.465320036,1,0,1,1,1,1,3,954
955,Naha,Restaurant,UrbanRestaurant,ZoneC,EHP,MUL,26004.95722,0,0,0,0,1,1,3,955
956,Naha,Restaurant,UrbanRestaurant,ZoneC,EHP,MUL,12133.5091,1,0,0,0,1,1,3,956
957,Naha,Restaurant,UrbanRestaurant,ZoneC,EHP,MUL,0.578731858,0,0,0,1,1,1,3,957
958,Naha,Restaurant,UrbanRestaurant,ZoneC,EHP,MUL,1250.327779,1,0,1,0,1,1,3,958
959,Naha,Restaurant,UrbanRestaurant,ZoneC,EHP,MUL,0.749105795,1,0,0,1,1,1,3,959
960,Naha,Restaurant,UrbanRestaurant,ZoneC,EHP,MUL,2.111546117,1,0,1,1,1,1,3,960
961,Sapporo,Restaurant,UrbanChineseRestaurant,ZoneC,EHP,MUL,1.111094298,0,0,0,0,3,1,3,961
962,Sapporo,Restaurant,UrbanChineseRestaurant,ZoneC,EHP,MUL,759.050233,1,0,0,0,3,1,3,962
963,Sapporo,Restaurant,UrbanChineseRestaurant,ZoneC,EHP,MUL,2.00E-15,0,0,0,1,3,1,3,963
964,Sapporo,Restaurant,UrbanChineseRestaurant,ZoneC,EHP,MUL,0.05214847,1,0,1,0,3,1,3,964
965,Sapporo,Restaurant,UrbanChineseRestaurant,ZoneC,EHP,MUL,55794.72571,1,0,0,1,3,1,3,965
966,Sapporo,Restaurant,UrbanChineseRestaurant,ZoneC,EHP,MUL,7.65E-05,1,0,1,1,3,1,3,966
967,Sendai,Restaurant,UrbanChineseRestaurant,ZoneC,EHP,MUL,815.2638945,0,0,0,0,3,1,3,967
968,Sendai,Restaurant,UrbanChineseRestaurant,ZoneC,EHP,MUL,54238.55349,1,0,0,0,3,1,3,968
969,Sendai,Restaurant,UrbanChineseRestaurant,ZoneC,EHP,MUL,2.28E-09,0,0,0,1,3,1,3,969
970,Sendai,Restaurant,UrbanChineseRestaurant,ZoneC,EHP,MUL,38.4101774,1,0,1,0,3,1,3,970
971,Sendai,Restaurant,UrbanChineseRestaurant,ZoneC,EHP,MUL,46725.85022,1,0,0,1,3,1,3,971
972,Sendai,Restaurant,UrbanChineseRestaurant,ZoneC,EHP,MUL,0.057625797,1,0,1,1,3,1,3,972
973,Tokyo,Restaurant,UrbanChineseRestaurant,ZoneC,EHP,MUL,141178.338,0,0,0,0,1,1,3,973
974,Tokyo,Restaurant,UrbanChineseRestaurant,ZoneC,EHP,MUL,405908.9816,1,0,0,0,1,1,3,974
975,Tokyo,Restaurant,UrbanChineseRestaurant,ZoneC,EHP,MUL,0.004114682,0,0,0,1,1,1,3,975
976,Tokyo,Restaurant,UrbanChineseRestaurant,ZoneC,EHP,MUL,5859.835896,1,0,1,0,1,1,3,976
977,Tokyo,Restaurant,UrbanChineseRestaurant,ZoneC,EHP,MUL,1286.591008,1,0,0,1,1,1,3,977
978,Tokyo,Restaurant,UrbanChineseRestaurant,ZoneC,EHP,MUL,10.76180975,1,0,1,1,1,1,3,978
979,Nigata,Restaurant,UrbanChineseRestaurant,ZoneC,EHP,MUL,3917.087751,0,0,0,0,1,1,3,979
980,Nigata,Restaurant,UrbanChineseRestaurant,ZoneC,EHP,MUL,49929.02395,1,0,0,0,1,1,3,980
981,Nigata,Restaurant,UrbanChineseRestaurant,ZoneC,EHP,MUL,2.39E-06,0,0,0,1,1,1,3,981
982,Nigata,Restaurant,UrbanChineseRestaurant,ZoneC,EHP,MUL,187.5872465,1,0,1,0,1,1,3,982
983,Nigata,Restaurant,UrbanChineseRestaurant,ZoneC,EHP,MUL,1727.424876,1,0,0,1,1,1,3,983
984,Nigata,Restaurant,UrbanChineseRestaurant,ZoneC,EHP,MUL,0.293457019,1,0,1,1,1,1,3,984
985,Nagoya,Restaurant,UrbanChineseRestaurant,ZoneC,EHP,MUL,28311.53832,0,0,0,0,1,1,3,985
986,Nagoya,Restaurant,UrbanChineseRestaurant,ZoneC,EHP,MUL,148614.761,1,0,0,0,1,1,3,986
987,Nagoya,Restaurant,UrbanChineseRestaurant,ZoneC,EHP,MUL,2.52E-04,0,0,0,1,1,1,3,987
988,Nagoya,Restaurant,UrbanChineseRestaurant,ZoneC,EHP,MUL,1316.964179,1,0,1,0,1,1,3,988
989,Nagoya,Restaurant,UrbanChineseRestaurant,ZoneC,EHP,MUL,1045.277608,1,0,0,1,1,1,3,989
990,Nagoya,Restaurant,UrbanChineseRestaurant,ZoneC,EHP,MUL,2.13397432,1,0,1,1,1,1,3,990
991,Osaka,Restaurant,UrbanChineseRestaurant,ZoneC,EHP,MUL,50263.96976,0,0,0,0,1,1,3,991
992,Osaka,Restaurant,UrbanChineseRestaurant,ZoneC,EHP,MUL,134683.9221,1,0,0,0,1,1,3,992
993,Osaka,Restaurant,UrbanChineseRestaurant,ZoneC,EHP,MUL,0.002313594,0,0,0,1,1,1,3,993
994,Osaka,Restaurant,UrbanChineseRestaurant,ZoneC,EHP,MUL,2189.101688,1,0,1,0,1,1,3,994
995,Osaka,Restaurant,UrbanChineseRestaurant,ZoneC,EHP,MUL,322.7226822,1,0,0,1,1,1,3,995
996,Osaka,Restaurant,UrbanChineseRestaurant,ZoneC,EHP,MUL,3.782971392,1,0,1,1,1,1,3,996
997,Hiroshima,Restaurant,UrbanChineseRestaurant,ZoneC,EHP,MUL,14273.97615,0,0,0,0,1,1,3,997
998,Hiroshima,Restaurant,UrbanChineseRestaurant,ZoneC,EHP,MUL,45118.35188,1,0,0,0,1,1,3,998
999,Hiroshima,Restaurant,UrbanChineseRestaurant,ZoneC,EHP,MUL,7.54E-04,0,0,0,1,1,1,3,999
1000,Hiroshima,Restaurant,UrbanChineseRestaurant,ZoneC,EHP,MUL,688.8577385,1,0,1,0,1,1,3,1000
1001,Hiroshima,Restaurant,UrbanChineseRestaurant,ZoneC,EHP,MUL,106.593449,1,0,0,1,1,1,3,1001
1002,Hiroshima,Restaurant,UrbanChineseRestaurant,ZoneC,EHP,MUL,1.099637025,1,0,1,1,1,1,3,1002
1003,Matsuyama,Restaurant,UrbanChineseRestaurant,ZoneC,EHP,MUL,12475.45434,0,0,0,0,1,1,3,1003
1004,Matsuyama,Restaurant,UrbanChineseRestaurant,ZoneC,EHP,MUL,27777.86024,1,0,0,0,1,1,3,1004
1005,Matsuyama,Restaurant,UrbanChineseRestaurant,ZoneC,EHP,MUL,0.001711248,0,0,0,1,1,1,3,1005
1006,Matsuyama,Restaurant,UrbanChineseRestaurant,ZoneC,EHP,MUL,594.9058885,1,0,1,0,1,1,3,1006
1007,Matsuyama,Restaurant,UrbanChineseRestaurant,ZoneC,EHP,MUL,34.93642542,1,0,0,1,1,1,3,1007
1008,Matsuyama,Restaurant,UrbanChineseRestaurant,ZoneC,EHP,MUL,0.937557847,1,0,1,1,1,1,3,1008
1009,Fukuoka,Restaurant,UrbanChineseRestaurant,ZoneC,EHP,MUL,45521.85296,0,0,0,0,1,1,3,1009
1010,Fukuoka,Restaurant,UrbanChineseRestaurant,ZoneC,EHP,MUL,68102.76009,1,0,0,0,1,1,3,1010
1011,Fukuoka,Restaurant,UrbanChineseRestaurant,ZoneC,EHP,MUL,0.023448751,0,0,0,1,1,1,3,1011
1012,Fukuoka,Restaurant,UrbanChineseRestaurant,ZoneC,EHP,MUL,2172.5015,1,0,1,0,1,1,3,1012
1013,Fukuoka,Restaurant,UrbanChineseRestaurant,ZoneC,EHP,MUL,39.97287795,1,0,0,1,1,1,3,1013
1014,Fukuoka,Restaurant,UrbanChineseRestaurant,ZoneC,EHP,MUL,3.524667571,1,0,1,1,1,1,3,1014
1015,Naha,Restaurant,UrbanChineseRestaurant,ZoneC,EHP,MUL,5698.279472,0,0,0,0,1,1,3,1015
1016,Naha,Restaurant,UrbanChineseRestaurant,ZoneC,EHP,MUL,2658.72869,1,0,0,0,1,1,3,1016
1017,Naha,Restaurant,UrbanChineseRestaurant,ZoneC,EHP,MUL,0.126813355,0,0,0,1,1,1,3,1017
1018,Naha,Restaurant,UrbanChineseRestaurant,ZoneC,EHP,MUL,273.9753447,1,0,1,0,1,1,3,1018
1019,Naha,Restaurant,UrbanChineseRestaurant,ZoneC,EHP,MUL,0.164146172,1,0,0,1,1,1,3,1019
1020,Naha,Restaurant,UrbanChineseRestaurant,ZoneC,EHP,MUL,0.462687933,1,0,1,1,1,1,3,1020
1021,Sapporo,Restaurant,UrbanYakiniku,ZoneC,EHP,MUL,0.329745244,0,0,0,0,3,1,3,1021
1022,Sapporo,Restaurant,UrbanYakiniku,ZoneC,EHP,MUL,225.2672925,1,0,0,0,3,1,3,1022
1023,Sapporo,Restaurant,UrbanYakiniku,ZoneC,EHP,MUL,5.95E-16,0,0,0,1,3,1,3,1023
1024,Sapporo,Restaurant,UrbanYakiniku,ZoneC,EHP,MUL,0.015476373,1,0,1,0,3,1,3,1024
1025,Sapporo,Restaurant,UrbanYakiniku,ZoneC,EHP,MUL,16558.49146,1,0,0,1,3,1,3,1025
1026,Sapporo,Restaurant,UrbanYakiniku,ZoneC,EHP,MUL,2.27E-05,1,0,1,1,3,1,3,1026
1027,Sendai,Restaurant,UrbanYakiniku,ZoneC,EHP,MUL,149.7566788,0,0,0,0,3,1,3,1027
1028,Sendai,Restaurant,UrbanYakiniku,ZoneC,EHP,MUL,9963.136703,1,0,0,0,3,1,3,1028
1029,Sendai,Restaurant,UrbanYakiniku,ZoneC,EHP,MUL,4.18E-10,0,0,0,1,3,1,3,1029
1030,Sendai,Restaurant,UrbanYakiniku,ZoneC,EHP,MUL,7.055605721,1,0,1,0,3,1,3,1030
1031,Sendai,Restaurant,UrbanYakiniku,ZoneC,EHP,MUL,8583.120373,1,0,0,1,3,1,3,1031
1032,Sendai,Restaurant,UrbanYakiniku,ZoneC,EHP,MUL,0.010585343,1,0,1,1,3,1,3,1032
1033,Tokyo,Restaurant,UrbanYakiniku,ZoneC,EHP,MUL,23189.15673,0,0,0,0,1,1,3,1033
1034,Tokyo,Restaurant,UrbanYakiniku,ZoneC,EHP,MUL,66672.31758,1,0,0,0,1,1,3,1034
1035,Tokyo,Restaurant,UrbanYakiniku,ZoneC,EHP,MUL,6.76E-04,0,0,0,1,1,1,3,1035
1036,Tokyo,Restaurant,UrbanYakiniku,ZoneC,EHP,MUL,962.5035599,1,0,1,0,1,1,3,1036
1037,Tokyo,Restaurant,UrbanYakiniku,ZoneC,EHP,MUL,211.328175,1,0,0,1,1,1,3,1037
1038,Tokyo,Restaurant,UrbanYakiniku,ZoneC,EHP,MUL,1.767674108,1,0,1,1,1,1,3,1038
1039,Nigata,Restaurant,UrbanYakiniku,ZoneC,EHP,MUL,1036.503749,0,0,0,0,1,1,3,1039
1040,Nigata,Restaurant,UrbanYakiniku,ZoneC,EHP,MUL,13211.7593,1,0,0,0,1,1,3,1040
1041,Nigata,Restaurant,UrbanYakiniku,ZoneC,EHP,MUL,6.31E-07,0,0,0,1,1,1,3,1041
1042,Nigata,Restaurant,UrbanYakiniku,ZoneC,EHP,MUL,49.63761259,1,0,1,0,1,1,3,1042
1043,Nigata,Restaurant,UrbanYakiniku,ZoneC,EHP,MUL,457.0952896,1,0,0,1,1,1,3,1043
1044,Nigata,Restaurant,UrbanYakiniku,ZoneC,EHP,MUL,0.077651898,1,0,1,1,1,1,3,1044
1045,Nagoya,Restaurant,UrbanYakiniku,ZoneC,EHP,MUL,6757.276887,0,0,0,0,1,1,3,1045
1046,Nagoya,Restaurant,UrbanYakiniku,ZoneC,EHP,MUL,35470.73556,1,0,0,0,1,1,3,1046
1047,Nagoya,Restaurant,UrbanYakiniku,ZoneC,EHP,MUL,6.00E-05,0,0,0,1,1,1,3,1047
1048,Nagoya,Restaurant,UrbanYakiniku,ZoneC,EHP,MUL,314.3273779,1,0,1,0,1,1,3,1048
1049,Nagoya,Restaurant,UrbanYakiniku,ZoneC,EHP,MUL,249.4823892,1,0,0,1,1,1,3,1049
1050,Nagoya,Restaurant,UrbanYakiniku,ZoneC,EHP,MUL,0.509327864,1,0,1,1,1,1,3,1050
1051,Osaka,Restaurant,UrbanYakiniku,ZoneC,EHP,MUL,17233.71247,0,0,0,0,1,1,3,1051
1052,Osaka,Restaurant,UrbanYakiniku,ZoneC,EHP,MUL,46178.28636,1,0,0,0,1,1,3,1052
1053,Osaka,Restaurant,UrbanYakiniku,ZoneC,EHP,MUL,7.93E-04,0,0,0,1,1,1,3,1053
1054,Osaka,Restaurant,UrbanYakiniku,ZoneC,EHP,MUL,750.5644554,1,0,1,0,1,1,3,1054
1055,Osaka,Restaurant,UrbanYakiniku,ZoneC,EHP,MUL,110.650033,1,0,0,1,1,1,3,1055
1056,Osaka,Restaurant,UrbanYakiniku,ZoneC,EHP,MUL,1.297045212,1,0,1,1,1,1,3,1056
1057,Hiroshima,Restaurant,UrbanYakiniku,ZoneC,EHP,MUL,5026.148315,0,0,0,0,1,1,3,1057
1058,Hiroshima,Restaurant,UrbanYakiniku,ZoneC,EHP,MUL,15887.06089,1,0,0,0,1,1,3,1058
1059,Hiroshima,Restaurant,UrbanYakiniku,ZoneC,EHP,MUL,2.65E-04,0,0,0,1,1,1,3,1059
1060,Hiroshima,Restaurant,UrbanYakiniku,ZoneC,EHP,MUL,242.5603858,1,0,1,0,1,1,3,1060
1061,Hiroshima,Restaurant,UrbanYakiniku,ZoneC,EHP,MUL,37.53365415,1,0,0,1,1,1,3,1061
1062,Hiroshima,Restaurant,UrbanYakiniku,ZoneC,EHP,MUL,0.387203868,1,0,1,1,1,1,3,1062
1063,Matsuyama,Restaurant,UrbanYakiniku,ZoneC,EHP,MUL,2909.707379,0,0,0,0,1,1,3,1063
1064,Matsuyama,Restaurant,UrbanYakiniku,ZoneC,EHP,MUL,6478.757622,1,0,0,0,1,1,3,1064
1065,Matsuyama,Restaurant,UrbanYakiniku,ZoneC,EHP,MUL,3.99E-04,0,0,0,1,1,1,3,1065
1066,Matsuyama,Restaurant,UrbanYakiniku,ZoneC,EHP,MUL,138.7526263,1,0,1,0,1,1,3,1066
1067,Matsuyama,Restaurant,UrbanYakiniku,ZoneC,EHP,MUL,8.148382582,1,0,0,1,1,1,3,1067
1068,Matsuyama,Restaurant,UrbanYakiniku,ZoneC,EHP,MUL,0.218670912,1,0,1,1,1,1,3,1068
1069,Fukuoka,Restaurant,UrbanYakiniku,ZoneC,EHP,MUL,13183.0991,0,0,0,0,1,1,3,1069
1070,Fukuoka,Restaurant,UrbanYakiniku,ZoneC,EHP,MUL,19722.51517,1,0,0,0,1,1,3,1070
1071,Fukuoka,Restaurant,UrbanYakiniku,ZoneC,EHP,MUL,0.006790743,0,0,0,1,1,1,3,1071
1072,Fukuoka,Restaurant,UrbanYakiniku,ZoneC,EHP,MUL,629.1550258,1,0,1,0,1,1,3,1072
1073,Fukuoka,Restaurant,UrbanYakiniku,ZoneC,EHP,MUL,11.57611954,1,0,0,1,1,1,3,1073
1074,Fukuoka,Restaurant,UrbanYakiniku,ZoneC,EHP,MUL,1.020741443,1,0,1,1,1,1,3,1074
1075,Naha,Restaurant,UrbanYakiniku,ZoneC,EHP,MUL,1986.990622,0,0,0,0,1,1,3,1075
1076,Naha,Restaurant,UrbanYakiniku,ZoneC,EHP,MUL,927.0989605,1,0,0,0,1,1,3,1076
1077,Naha,Restaurant,UrbanYakiniku,ZoneC,EHP,MUL,0.044219829,0,0,0,1,1,1,3,1077
1078,Naha,Restaurant,UrbanYakiniku,ZoneC,EHP,MUL,95.53523017,1,0,1,0,1,1,3,1078
1079,Naha,Restaurant,UrbanYakiniku,ZoneC,EHP,MUL,0.057237787,1,0,0,1,1,1,3,1079
1080,Naha,Restaurant,UrbanYakiniku,ZoneC,EHP,MUL,0.161339329,1,0,1,1,1,1,3,1080
1081,Sapporo,Logistics,Logistics,ZoneC,EHP,MUL,6494796.424,1,1,0,0,1,1,3,1081
1082,Sendai,Logistics,Logistics,ZoneC,EHP,MUL,6494796.424,1,1,0,0,1,1,3,1082
1083,Tokyo,Logistics,Logistics,ZoneC,EHP,MUL,6494796.424,1,1,0,0,1,1,3,1083
1084,Nigata,Logistics,Logistics,ZoneC,EHP,MUL,6494796.424,1,1,0,0,1,1,3,1084
1085,Nagoya,Logistics,Logistics,ZoneC,EHP,MUL,6494796.424,1,1,0,0,1,1,3,1085
1086,Osaka,Logistics,Logistics,ZoneC,EHP,MUL,6494796.424,1,1,0,0,1,1,3,1086
1087,Hiroshima,Logistics,Logistics,ZoneC,EHP,MUL,6494796.424,1,1,0,0,1,1,3,1087
1088,Matsuyama,Logistics,Logistics,ZoneC,EHP,MUL,6494796.424,1,1,0,0,1,1,3,1088
1089,Fukuoka,Logistics,Logistics,ZoneC,EHP,MUL,6494796.424,1,1,0,0,1,1,3,1089
1090,Naha,Logistics,Logistics,ZoneC,EHP,MUL,6494796.424,1,1,0,0,1,1,3,1090
1091,Sapporo,Logistics,Cool,ZoneC,EHP,MUL,0,1,1,0,0,1,1,3,1091
1092,Sendai,Logistics,Cool,ZoneC,EHP,MUL,0,1,1,0,0,1,1,3,1092
1093,Tokyo,Logistics,Cool,ZoneC,EHP,MUL,0,1,1,0,0,1,1,3,1093
1094,Nigata,Logistics,Cool,ZoneC,EHP,MUL,0,1,1,0,0,1,1,3,1094
1095,Nagoya,Logistics,Cool,ZoneC,EHP,MUL,0,1,1,0,0,1,1,3,1095
1096,Osaka,Logistics,Cool,ZoneC,EHP,MUL,0,1,1,0,0,1,1,3,1096
1097,Hiroshima,Logistics,Cool,ZoneC,EHP,MUL,0,1,1,0,0,1,1,3,1097
1098,Matsuyama,Logistics,Cool,ZoneC,EHP,MUL,0,1,1,0,0,1,1,3,1098
1099,Fukuoka,Logistics,Cool,ZoneC,EHP,MUL,0,1,1,0,0,1,1,3,1099
1100,Naha,Logistics,Cool,ZoneC,EHP,MUL,0,1,1,0,0,1,1,3,1100
1101,Sapporo,Amusement,Patinko,ZoneC,EHP,MUL,126957.7123,1,1,0,0,1,1,3,1101
1102,Sendai,Amusement,Patinko,ZoneC,EHP,MUL,126957.7123,1,1,0,0,1,1,3,1102
1103,Tokyo,Amusement,Patinko,ZoneC,EHP,MUL,126957.7123,1,1,0,0,1,1,3,1103
1104,Nigata,Amusement,Patinko,ZoneC,EHP,MUL,126957.7123,1,1,0,0,1,1,3,1104
1105,Nagoya,Amusement,Patinko,ZoneC,EHP,MUL,126957.7123,1,1,0,0,1,1,3,1105
1106,Osaka,Amusement,Patinko,ZoneC,EHP,MUL,126957.7123,1,1,0,0,1,1,3,1106
1107,Hiroshima,Amusement,Patinko,ZoneC,EHP,MUL,126957.7123,1,1,0,0,1,1,3,1107
1108,Matsuyama,Amusement,Patinko,ZoneC,EHP,MUL,126957.7123,1,1,0,0,1,1,3,1108
1109,Fukuoka,Amusement,Patinko,ZoneC,EHP,MUL,126957.7123,1,1,0,0,1,1,3,1109
1110,Naha,Amusement,Patinko,ZoneC,EHP,MUL,126957.7123,1,1,0,0,1,1,3,1110
1111,Sapporo,Amusement,Fitness,ZoneC,EHP,MUL,91546.30357,1,1,0,0,1,1,3,1111
1112,Sendai,Amusement,Fitness,ZoneC,EHP,MUL,91546.30357,1,1,0,0,1,1,3,1112
1113,Tokyo,Amusement,Fitness,ZoneC,EHP,MUL,91546.30357,1,1,0,0,1,1,3,1113
1114,Nigata,Amusement,Fitness,ZoneC,EHP,MUL,91546.30357,1,1,0,0,1,1,3,1114
1115,Nagoya,Amusement,Fitness,ZoneC,EHP,MUL,91546.30357,1,1,0,0,1,1,3,1115
1116,Osaka,Amusement,Fitness,ZoneC,EHP,MUL,91546.30357,1,1,0,0,1,1,3,1116
1117,Hiroshima,Amusement,Fitness,ZoneC,EHP,MUL,91546.30357,1,1,0,0,1,1,3,1117
1118,Matsuyama,Amusement,Fitness,ZoneC,EHP,MUL,91546.30357,1,1,0,0,1,1,3,1118
1119,Fukuoka,Amusement,Fitness,ZoneC,EHP,MUL,91546.30357,1,1,0,0,1,1,3,1119
1120,Naha,Amusement,Fitness,ZoneC,EHP,MUL,91546.30357,1,1,0,0,1,1,3,1120
1121,Sapporo,Amusement,Karaoke,ZoneC,EHP,MUL,91293.64223,1,1,0,0,1,1,3,1121
1122,Sendai,Amusement,Karaoke,ZoneC,EHP,MUL,91293.64223,1,1,0,0,1,1,3,1122
1123,Tokyo,Amusement,Karaoke,ZoneC,EHP,MUL,91293.64223,1,1,0,0,1,1,3,1123
1124,Nigata,Amusement,Karaoke,ZoneC,EHP,MUL,91293.64223,1,1,0,0,1,1,3,1124
1125,Nagoya,Amusement,Karaoke,ZoneC,EHP,MUL,91293.64223,1,1,0,0,1,1,3,1125
1126,Osaka,Amusement,Karaoke,ZoneC,EHP,MUL,91293.64223,1,1,0,0,1,1,3,1126
1127,Hiroshima,Amusement,Karaoke,ZoneC,EHP,MUL,91293.64223,1,1,0,0,1,1,3,1127
1128,Matsuyama,Amusement,Karaoke,ZoneC,EHP,MUL,91293.64223,1,1,0,0,1,1,3,1128
1129,Fukuoka,Amusement,Karaoke,ZoneC,EHP,MUL,91293.64223,1,1,0,0,1,1,3,1129
1130,Naha,Amusement,Karaoke,ZoneC,EHP,MUL,91293.64223,1,1,0,0,1,1,3,1130
1131,Sapporo,Restaurant,UrbanBar,ZoneC,EHP,MUL,3.766081292,0,0,0,0,3,2,3,1131
1132,Sapporo,Restaurant,UrbanBar,ZoneC,EHP,MUL,2572.819327,1,0,0,0,3,2,3,1132
1133,Sapporo,Restaurant,UrbanBar,ZoneC,EHP,MUL,6.80E-15,0,0,0,1,3,2,3,1133
1134,Sapporo,Restaurant,UrbanBar,ZoneC,EHP,MUL,0.176758514,1,0,1,0,3,2,3,1134
1135,Sapporo,Restaurant,UrbanBar,ZoneC,EHP,MUL,189117.5873,1,0,0,1,3,2,3,1135
1136,Sapporo,Restaurant,UrbanBar,ZoneC,EHP,MUL,2.59E-04,1,0,1,1,3,2,3,1136
1137,Sendai,Restaurant,UrbanBar,ZoneC,EHP,MUL,2175.875544,0,0,0,0,3,2,3,1137
1138,Sendai,Restaurant,UrbanBar,ZoneC,EHP,MUL,144758.4553,1,0,0,0,3,2,3,1138
1139,Sendai,Restaurant,UrbanBar,ZoneC,EHP,MUL,6.07E-09,0,0,0,1,3,2,3,1139
1140,Sendai,Restaurant,UrbanBar,ZoneC,EHP,MUL,102.5137581,1,0,1,0,3,2,3,1140
1141,Sendai,Restaurant,UrbanBar,ZoneC,EHP,MUL,124707.6382,1,0,0,1,3,2,3,1141
1142,Sendai,Restaurant,UrbanBar,ZoneC,EHP,MUL,0.153798743,1,0,1,1,3,2,3,1142
1143,Tokyo,Restaurant,UrbanBar,ZoneC,EHP,MUL,262244.8152,0,0,0,0,1,2,3,1143
1144,Tokyo,Restaurant,UrbanBar,ZoneC,EHP,MUL,753993.3347,1,0,0,0,1,2,3,1144
1145,Tokyo,Restaurant,UrbanBar,ZoneC,EHP,MUL,0.007643197,0,0,0,1,1,2,3,1145
1146,Tokyo,Restaurant,UrbanBar,ZoneC,EHP,MUL,10884.89639,1,0,1,0,1,2,3,1146
1147,Tokyo,Restaurant,UrbanBar,ZoneC,EHP,MUL,2389.897954,1,0,0,1,1,2,3,1147
1148,Tokyo,Restaurant,UrbanBar,ZoneC,EHP,MUL,19.99052297,1,0,1,1,1,2,3,1148
1149,Nigata,Restaurant,UrbanBar,ZoneC,EHP,MUL,10305.01116,0,0,0,0,1,2,3,1149
1150,Nigata,Restaurant,UrbanBar,ZoneC,EHP,MUL,131352.4694,1,0,0,0,1,2,3,1150
1151,Nigata,Restaurant,UrbanBar,ZoneC,EHP,MUL,6.28E-06,0,0,0,1,1,2,3,1151
1152,Nigata,Restaurant,UrbanBar,ZoneC,EHP,MUL,493.5014968,1,0,1,0,1,2,3,1152
1153,Nigata,Restaurant,UrbanBar,ZoneC,EHP,MUL,4544.48145,1,0,0,1,1,2,3,1153
1154,Nigata,Restaurant,UrbanBar,ZoneC,EHP,MUL,0.772021982,1,0,1,1,1,2,3,1154
1155,Nagoya,Restaurant,UrbanBar,ZoneC,EHP,MUL,63449.22189,0,0,0,0,1,2,3,1155
1156,Nagoya,Restaurant,UrbanBar,ZoneC,EHP,MUL,333061.7656,1,0,0,0,1,2,3,1156
1157,Nagoya,Restaurant,UrbanBar,ZoneC,EHP,MUL,5.64E-04,0,0,0,1,1,2,3,1157
1158,Nagoya,Restaurant,UrbanBar,ZoneC,EHP,MUL,2951.459276,1,0,1,0,1,2,3,1158
1159,Nagoya,Restaurant,UrbanBar,ZoneC,EHP,MUL,2342.580262,1,0,0,1,1,2,3,1159
1160,Nagoya,Restaurant,UrbanBar,ZoneC,EHP,MUL,4.782467438,1,0,1,1,1,2,3,1160
1161,Osaka,Restaurant,UrbanBar,ZoneC,EHP,MUL,144368.219,0,0,0,0,1,2,3,1161
1162,Osaka,Restaurant,UrbanBar,ZoneC,EHP,MUL,386839.2817,1,0,0,0,1,2,3,1162
1163,Osaka,Restaurant,UrbanBar,ZoneC,EHP,MUL,0.006645107,0,0,0,1,1,2,3,1163
1164,Osaka,Restaurant,UrbanBar,ZoneC,EHP,MUL,6287.539831,1,0,1,0,1,2,3,1164
1165,Osaka,Restaurant,UrbanBar,ZoneC,EHP,MUL,926.9243769,1,0,0,1,1,2,3,1165
1166,Osaka,Restaurant,UrbanBar,ZoneC,EHP,MUL,10.86545382,1,0,1,1,1,2,3,1166
1167,Hiroshima,Restaurant,UrbanBar,ZoneC,EHP,MUL,41311.07626,0,0,0,0,1,2,3,1167
1168,Hiroshima,Restaurant,UrbanBar,ZoneC,EHP,MUL,130579.4304,1,0,0,0,1,2,3,1168
1169,Hiroshima,Restaurant,UrbanBar,ZoneC,EHP,MUL,2.18E-03,0,0,0,1,1,2,3,1169
1170,Hiroshima,Restaurant,UrbanBar,ZoneC,EHP,MUL,1993.659949,1,0,1,0,1,2,3,1170
1171,Hiroshima,Restaurant,UrbanBar,ZoneC,EHP,MUL,308.4977902,1,0,0,1,1,2,3,1171
1172,Hiroshima,Restaurant,UrbanBar,ZoneC,EHP,MUL,3.182518209,1,0,1,1,1,2,3,1172
1173,Matsuyama,Restaurant,UrbanBar,ZoneC,EHP,MUL,31413.45172,0,0,0,0,1,2,3,1173
1174,Matsuyama,Restaurant,UrbanBar,ZoneC,EHP,MUL,69945.22584,1,0,0,0,1,2,3,1174
1175,Matsuyama,Restaurant,UrbanBar,ZoneC,EHP,MUL,4.31E-03,0,0,0,1,1,2,3,1175
1176,Matsuyama,Restaurant,UrbanBar,ZoneC,EHP,MUL,1497.985316,1,0,1,0,1,2,3,1176
1177,Matsuyama,Restaurant,UrbanBar,ZoneC,EHP,MUL,87.97064087,1,0,0,1,1,2,3,1177
1178,Matsuyama,Restaurant,UrbanBar,ZoneC,EHP,MUL,2.360790024,1,0,1,1,1,2,3,1178
1179,Fukuoka,Restaurant,UrbanBar,ZoneC,EHP,MUL,164760.488,0,0,0,0,1,2,3,1179
1180,Fukuoka,Restaurant,UrbanBar,ZoneC,EHP,MUL,246489.175,1,0,0,0,1,2,3,1180
1181,Fukuoka,Restaurant,UrbanBar,ZoneC,EHP,MUL,0.084869736,0,0,0,1,1,2,3,1181
1182,Fukuoka,Restaurant,UrbanBar,ZoneC,EHP,MUL,7863.089571,1,0,1,0,1,2,3,1182
1183,Fukuoka,Restaurant,UrbanBar,ZoneC,EHP,MUL,144.6766872,1,0,0,1,1,2,3,1183
1184,Fukuoka,Restaurant,UrbanBar,ZoneC,EHP,MUL,12.75708064,1,0,1,1,1,2,3,1184
1185,Naha,Restaurant,UrbanBar,ZoneC,EHP,MUL,58467.90193,0,0,0,0,1,2,3,1185
1186,Naha,Restaurant,UrbanBar,ZoneC,EHP,MUL,27280.21486,1,0,0,0,1,2,3,1186
1187,Naha,Restaurant,UrbanBar,ZoneC,EHP,MUL,1.301184125,0,0,0,1,1,2,3,1187
1188,Naha,Restaurant,UrbanBar,ZoneC,EHP,MUL,2811.157942,1,0,1,0,1,2,3,1188
1189,Naha,Restaurant,UrbanBar,ZoneC,EHP,MUL,1.684242117,1,0,0,1,1,2,3,1189
1190,Naha,Restaurant,UrbanBar,ZoneC,EHP,MUL,4.747466811,1,0,1,1,1,2,3,1190
1191,Sapporo,Restaurant,UrbanCafe,ZoneC,EHP,MUL,0.795431832,0,0,0,0,3,2,3,1191
1192,Sapporo,Restaurant,UrbanCafe,ZoneC,EHP,MUL,543.4036687,1,0,0,0,3,2,3,1192
1193,Sapporo,Restaurant,UrbanCafe,ZoneC,EHP,MUL,1.44E-15,0,0,0,1,3,2,3,1193
1194,Sapporo,Restaurant,UrbanCafe,ZoneC,EHP,MUL,0.037333063,1,0,1,0,3,2,3,1194
1195,Sapporo,Restaurant,UrbanCafe,ZoneC,EHP,MUL,39943.41524,1,0,0,1,3,2,3,1195
1196,Sapporo,Restaurant,UrbanCafe,ZoneC,EHP,MUL,5.48E-05,1,0,1,1,3,2,3,1196
1197,Sendai,Restaurant,UrbanCafe,ZoneC,EHP,MUL,317.8923955,0,0,0,0,3,2,3,1197
1198,Sendai,Restaurant,UrbanCafe,ZoneC,EHP,MUL,21149.00932,1,0,0,0,3,2,3,1198
1199,Sendai,Restaurant,UrbanCafe,ZoneC,EHP,MUL,8.88E-10,0,0,0,1,3,2,3,1199
1200,Sendai,Restaurant,UrbanCafe,ZoneC,EHP,MUL,14.9771177,1,0,1,0,3,2,3,1200
1201,Sendai,Restaurant,UrbanCafe,ZoneC,EHP,MUL,18219.61277,1,0,0,1,3,2,3,1201
1202,Sendai,Restaurant,UrbanCafe,ZoneC,EHP,MUL,0.022469783,1,0,1,1,3,2,3,1202
1203,Tokyo,Restaurant,UrbanCafe,ZoneC,EHP,MUL,62272.23331,0,0,0,0,1,2,3,1203
1204,Tokyo,Restaurant,UrbanCafe,ZoneC,EHP,MUL,179042.0482,1,0,0,0,1,2,3,1204
1205,Tokyo,Restaurant,UrbanCafe,ZoneC,EHP,MUL,1.81E-03,0,0,0,1,1,2,3,1205
1206,Tokyo,Restaurant,UrbanCafe,ZoneC,EHP,MUL,2584.710042,1,0,1,0,1,2,3,1206
1207,Tokyo,Restaurant,UrbanCafe,ZoneC,EHP,MUL,567.5013357,1,0,0,1,1,2,3,1207
1208,Tokyo,Restaurant,UrbanCafe,ZoneC,EHP,MUL,4.74691753,1,0,1,1,1,2,3,1208
1209,Nigata,Restaurant,UrbanCafe,ZoneC,EHP,MUL,3022.144895,0,0,0,0,1,2,3,1209
1210,Nigata,Restaurant,UrbanCafe,ZoneC,EHP,MUL,38521.6657,1,0,0,0,1,2,3,1210
1211,Nigata,Restaurant,UrbanCafe,ZoneC,EHP,MUL,1.85E-06,0,0,0,1,1,2,3,1211
1212,Nigata,Restaurant,UrbanCafe,ZoneC,EHP,MUL,144.7289097,1,0,1,0,1,2,3,1212
1213,Nigata,Restaurant,UrbanCafe,ZoneC,EHP,MUL,1332.757549,1,0,0,1,1,2,3,1213
1214,Nigata,Restaurant,UrbanCafe,ZoneC,EHP,MUL,0.226410458,1,0,1,1,1,2,3,1214
1215,Nagoya,Restaurant,UrbanCafe,ZoneC,EHP,MUL,33494.91695,0,0,0,0,1,2,3,1215
1216,Nagoya,Restaurant,UrbanCafe,ZoneC,EHP,MUL,175823.6878,1,0,0,0,1,2,3,1216
1217,Nagoya,Restaurant,UrbanCafe,ZoneC,EHP,MUL,2.98E-04,0,0,0,1,1,2,3,1217
1218,Nagoya,Restaurant,UrbanCafe,ZoneC,EHP,MUL,1558.078734,1,0,1,0,1,2,3,1218
1219,Nagoya,Restaurant,UrbanCafe,ZoneC,EHP,MUL,1236.650805,1,0,0,1,1,2,3,1219
1220,Nagoya,Restaurant,UrbanCafe,ZoneC,EHP,MUL,2.52467004,1,0,1,1,1,2,3,1220
1221,Osaka,Restaurant,UrbanCafe,ZoneC,EHP,MUL,86656.86041,0,0,0,0,1,2,3,1221
1222,Osaka,Restaurant,UrbanCafe,ZoneC,EHP,MUL,232199.8419,1,0,0,0,1,2,3,1222
1223,Osaka,Restaurant,UrbanCafe,ZoneC,EHP,MUL,3.99E-03,0,0,0,1,1,2,3,1223
1224,Osaka,Restaurant,UrbanCafe,ZoneC,EHP,MUL,3774.088683,1,0,1,0,1,2,3,1224
1225,Osaka,Restaurant,UrbanCafe,ZoneC,EHP,MUL,556.3853104,1,0,0,1,1,2,3,1225
1226,Osaka,Restaurant,UrbanCafe,ZoneC,EHP,MUL,6.521976386,1,0,1,1,1,2,3,1226
1227,Hiroshima,Restaurant,UrbanCafe,ZoneC,EHP,MUL,15946.42562,0,0,0,0,1,2,3,1227
1228,Hiroshima,Restaurant,UrbanCafe,ZoneC,EHP,MUL,50404.76703,1,0,0,0,1,2,3,1228
1229,Hiroshima,Restaurant,UrbanCafe,ZoneC,EHP,MUL,8.42E-04,0,0,0,1,1,2,3,1229
1230,Hiroshima,Restaurant,UrbanCafe,ZoneC,EHP,MUL,769.5696403,1,0,1,0,1,2,3,1230
1231,Hiroshima,Restaurant,UrbanCafe,ZoneC,EHP,MUL,119.0827621,1,0,0,1,1,2,3,1231
1232,Hiroshima,Restaurant,UrbanCafe,ZoneC,EHP,MUL,1.228479006,1,0,1,1,1,2,3,1232
1233,Matsuyama,Restaurant,UrbanCafe,ZoneC,EHP,MUL,17249.87161,0,0,0,0,1,2,3,1233
1234,Matsuyama,Restaurant,UrbanCafe,ZoneC,EHP,MUL,38408.58295,1,0,0,0,1,2,3,1234
1235,Matsuyama,Restaurant,UrbanCafe,ZoneC,EHP,MUL,2.37E-03,0,0,0,1,1,2,3,1235
1236,Matsuyama,Restaurant,UrbanCafe,ZoneC,EHP,MUL,822.5792764,1,0,1,0,1,2,3,1236
1237,Matsuyama,Restaurant,UrbanCafe,ZoneC,EHP,MUL,48.30676599,1,0,0,1,1,2,3,1237
1238,Matsuyama,Restaurant,UrbanCafe,ZoneC,EHP,MUL,1.296365812,1,0,1,1,1,2,3,1238
1239,Fukuoka,Restaurant,UrbanCafe,ZoneC,EHP,MUL,29941.20196,0,0,0,0,1,2,3,1239
1240,Fukuoka,Restaurant,UrbanCafe,ZoneC,EHP,MUL,44793.39835,1,0,0,0,1,2,3,1240
1241,Fukuoka,Restaurant,UrbanCafe,ZoneC,EHP,MUL,0.015423005,0,0,0,1,1,2,3,1241
1242,Fukuoka,Restaurant,UrbanCafe,ZoneC,EHP,MUL,1428.924833,1,0,1,0,1,2,3,1242
1243,Fukuoka,Restaurant,UrbanCafe,ZoneC,EHP,MUL,26.29146078,1,0,0,1,1,2,3,1243
1244,Fukuoka,Restaurant,UrbanCafe,ZoneC,EHP,MUL,2.318288399,1,0,1,1,1,2,3,1244
1245,Naha,Restaurant,UrbanCafe,ZoneC,EHP,MUL,10022.94543,0,0,0,0,1,2,3,1245
1246,Naha,Restaurant,UrbanCafe,ZoneC,EHP,MUL,4676.550649,1,0,0,0,1,2,3,1246
1247,Naha,Restaurant,UrbanCafe,ZoneC,EHP,MUL,0.223057388,0,0,0,1,1,2,3,1247
1248,Naha,Restaurant,UrbanCafe,ZoneC,EHP,MUL,481.9068532,1,0,1,0,1,2,3,1248
1249,Naha,Restaurant,UrbanCafe,ZoneC,EHP,MUL,0.288723663,1,0,0,1,1,2,3,1249
1250,Naha,Restaurant,UrbanCafe,ZoneC,EHP,MUL,0.813841427,1,0,1,1,1,2,3,1250
1251,Sapporo,Restaurant,UrbanRestaurant,ZoneC,EHP,MUL,2.080273898,0,0,0,0,3,2,3,1251
1252,Sapporo,Restaurant,UrbanRestaurant,ZoneC,EHP,MUL,1421.150654,1,0,0,0,3,2,3,1252
1253,Sapporo,Restaurant,UrbanRestaurant,ZoneC,EHP,MUL,3.75E-15,0,0,0,1,3,2,3,1253
1254,Sapporo,Restaurant,UrbanRestaurant,ZoneC,EHP,MUL,0.097636268,1,0,1,0,3,2,3,1254
1255,Sapporo,Restaurant,UrbanRestaurant,ZoneC,EHP,MUL,104463.0611,1,0,0,1,3,2,3,1255
1256,Sapporo,Restaurant,UrbanRestaurant,ZoneC,EHP,MUL,1.43E-04,1,0,1,1,3,2,3,1256
1257,Sendai,Restaurant,UrbanRestaurant,ZoneC,EHP,MUL,1527.023838,0,0,0,0,3,2,3,1257
1258,Sendai,Restaurant,UrbanRestaurant,ZoneC,EHP,MUL,101591.1102,1,0,0,0,3,2,3,1258
1259,Sendai,Restaurant,UrbanRestaurant,ZoneC,EHP,MUL,4.27E-09,0,0,0,1,3,2,3,1259
1260,Sendai,Restaurant,UrbanRestaurant,ZoneC,EHP,MUL,71.94389071,1,0,1,0,3,2,3,1260
1261,Sendai,Restaurant,UrbanRestaurant,ZoneC,EHP,MUL,87519.49845,1,0,0,1,3,2,3,1261
1262,Sendai,Restaurant,UrbanRestaurant,ZoneC,EHP,MUL,0.10793556,1,0,1,1,3,2,3,1262
1263,Tokyo,Restaurant,UrbanRestaurant,ZoneC,EHP,MUL,248205.1984,0,0,0,0,1,2,3,1263
1264,Tokyo,Restaurant,UrbanRestaurant,ZoneC,EHP,MUL,713627.3222,1,0,0,0,1,2,3,1264
1265,Tokyo,Restaurant,UrbanRestaurant,ZoneC,EHP,MUL,0.007234009,0,0,0,1,1,2,3,1265
1266,Tokyo,Restaurant,UrbanRestaurant,ZoneC,EHP,MUL,10302.15932,1,0,1,0,1,2,3,1266
1267,Tokyo,Restaurant,UrbanRestaurant,ZoneC,EHP,MUL,2261.951662,1,0,0,1,1,2,3,1267
1268,Tokyo,Restaurant,UrbanRestaurant,ZoneC,EHP,MUL,18.92030436,1,0,1,1,1,2,3,1268
1269,Nigata,Restaurant,UrbanRestaurant,ZoneC,EHP,MUL,9278.197716,0,0,0,0,1,2,3,1269
1270,Nigata,Restaurant,UrbanRestaurant,ZoneC,EHP,MUL,118264.2272,1,0,0,0,1,2,3,1270
1271,Nigata,Restaurant,UrbanRestaurant,ZoneC,EHP,MUL,5.65E-06,0,0,0,1,1,2,3,1271
1272,Nigata,Restaurant,UrbanRestaurant,ZoneC,EHP,MUL,444.3279477,1,0,1,0,1,2,3,1272
1273,Nigata,Restaurant,UrbanRestaurant,ZoneC,EHP,MUL,4091.659558,1,0,0,1,1,2,3,1273
1274,Nigata,Restaurant,UrbanRestaurant,ZoneC,EHP,MUL,0.695096054,1,0,1,1,1,2,3,1274
1275,Nagoya,Restaurant,UrbanRestaurant,ZoneC,EHP,MUL,62203.51478,0,0,0,0,1,2,3,1275
1276,Nagoya,Restaurant,UrbanRestaurant,ZoneC,EHP,MUL,326522.7192,1,0,0,0,1,2,3,1276
1277,Nagoya,Restaurant,UrbanRestaurant,ZoneC,EHP,MUL,5.53E-04,0,0,0,1,1,2,3,1277
1278,Nagoya,Restaurant,UrbanRestaurant,ZoneC,EHP,MUL,2893.512879,1,0,1,0,1,2,3,1278
1279,Nagoya,Restaurant,UrbanRestaurant,ZoneC,EHP,MUL,2296.588069,1,0,0,1,1,2,3,1279
1280,Nagoya,Restaurant,UrbanRestaurant,ZoneC,EHP,MUL,4.688572611,1,0,1,1,1,2,3,1280
1281,Osaka,Restaurant,UrbanRestaurant,ZoneC,EHP,MUL,154217.0804,0,0,0,0,1,2,3,1281
1282,Osaka,Restaurant,UrbanRestaurant,ZoneC,EHP,MUL,413229.6225,1,0,0,0,1,2,3,1282
1283,Osaka,Restaurant,UrbanRestaurant,ZoneC,EHP,MUL,0.007098439,0,0,0,1,1,2,3,1283
1284,Osaka,Restaurant,UrbanRestaurant,ZoneC,EHP,MUL,6716.478479,1,0,1,0,1,2,3,1284
1285,Osaka,Restaurant,UrbanRestaurant,ZoneC,EHP,MUL,990.159553,1,0,0,1,1,2,3,1285
1286,Osaka,Restaurant,UrbanRestaurant,ZoneC,EHP,MUL,11.60669972,1,0,1,1,1,2,3,1286
1287,Hiroshima,Restaurant,UrbanRestaurant,ZoneC,EHP,MUL,41214.84073,0,0,0,0,1,2,3,1287
1288,Hiroshima,Restaurant,UrbanRestaurant,ZoneC,EHP,MUL,130275.2413,1,0,0,0,1,2,3,1288
1289,Hiroshima,Restaurant,UrbanRestaurant,ZoneC,EHP,MUL,2.18E-03,0,0,0,1,1,2,3,1289
1290,Hiroshima,Restaurant,UrbanRestaurant,ZoneC,EHP,MUL,1989.015652,1,0,1,0,1,2,3,1290
1291,Hiroshima,Restaurant,UrbanRestaurant,ZoneC,EHP,MUL,307.7791345,1,0,0,1,1,2,3,1291
1292,Hiroshima,Restaurant,UrbanRestaurant,ZoneC,EHP,MUL,3.175104426,1,0,1,1,1,2,3,1292
1293,Matsuyama,Restaurant,UrbanRestaurant,ZoneC,EHP,MUL,25753.47064,0,0,0,0,1,2,3,1293
1294,Matsuyama,Restaurant,UrbanRestaurant,ZoneC,EHP,MUL,57342.70581,1,0,0,0,1,2,3,1294
1295,Matsuyama,Restaurant,UrbanRestaurant,ZoneC,EHP,MUL,3.53E-03,0,0,0,1,1,2,3,1295
1296,Matsuyama,Restaurant,UrbanRestaurant,ZoneC,EHP,MUL,1228.082835,1,0,1,0,1,2,3,1296
1297,Matsuyama,Restaurant,UrbanRestaurant,ZoneC,EHP,MUL,72.12035586,1,0,0,1,1,2,3,1297
1298,Matsuyama,Restaurant,UrbanRestaurant,ZoneC,EHP,MUL,1.935429991,1,0,1,1,1,2,3,1298
1299,Fukuoka,Restaurant,UrbanRestaurant,ZoneC,EHP,MUL,112085.5647,0,0,0,0,1,2,3,1299
1300,Fukuoka,Restaurant,UrbanRestaurant,ZoneC,EHP,MUL,167685.0969,1,0,0,0,1,2,3,1300
1301,Fukuoka,Restaurant,UrbanRestaurant,ZoneC,EHP,MUL,0.057736369,0,0,0,1,1,2,3,1301
1302,Fukuoka,Restaurant,UrbanRestaurant,ZoneC,EHP,MUL,5349.212337,1,0,1,0,1,2,3,1302
1303,Fukuoka,Restaurant,UrbanRestaurant,ZoneC,EHP,MUL,98.42267631,1,0,0,1,1,2,3,1303
1304,Fukuoka,Restaurant,UrbanRestaurant,ZoneC,EHP,MUL,8.678564897,1,0,1,1,1,2,3,1304
1305,Naha,Restaurant,UrbanRestaurant,ZoneC,EHP,MUL,23843.43139,0,0,0,0,1,2,3,1305
1306,Naha,Restaurant,UrbanRestaurant,ZoneC,EHP,MUL,11124.97472,1,0,0,0,1,2,3,1306
1307,Naha,Restaurant,UrbanRestaurant,ZoneC,EHP,MUL,0.530627804,0,0,0,1,1,2,3,1307
1308,Naha,Restaurant,UrbanRestaurant,ZoneC,EHP,MUL,1146.400833,1,0,1,0,1,2,3,1308
1309,Naha,Restaurant,UrbanRestaurant,ZoneC,EHP,MUL,0.686840301,1,0,0,1,1,2,3,1309
1310,Naha,Restaurant,UrbanRestaurant,ZoneC,EHP,MUL,1.936034909,1,0,1,1,1,2,3,1310
1311,Sapporo,Restaurant,UrbanChineseRestaurant,ZoneC,EHP,MUL,1.018740405,0,0,0,0,3,2,3,1311
1312,Sapporo,Restaurant,UrbanChineseRestaurant,ZoneC,EHP,MUL,695.9581591,1,0,0,0,3,2,3,1312
1313,Sapporo,Restaurant,UrbanChineseRestaurant,ZoneC,EHP,MUL,1.83E-15,0,0,0,1,3,2,3,1313
1314,Sapporo,Restaurant,UrbanChineseRestaurant,ZoneC,EHP,MUL,0.047813902,1,0,1,0,3,2,3,1314
1315,Sapporo,Restaurant,UrbanChineseRestaurant,ZoneC,EHP,MUL,51157.08145,1,0,0,1,3,2,3,1315
1316,Sapporo,Restaurant,UrbanChineseRestaurant,ZoneC,EHP,MUL,7.02E-05,1,0,1,1,3,2,3,1316
1317,Sendai,Restaurant,UrbanChineseRestaurant,ZoneC,EHP,MUL,747.4993545,0,0,0,0,3,2,3,1317
1318,Sendai,Restaurant,UrbanChineseRestaurant,ZoneC,EHP,MUL,49730.25789,1,0,0,0,3,2,3,1318
1319,Sendai,Restaurant,UrbanChineseRestaurant,ZoneC,EHP,MUL,2.09E-09,0,0,0,1,3,2,3,1319
1320,Sendai,Restaurant,UrbanChineseRestaurant,ZoneC,EHP,MUL,35.21753264,1,0,1,0,3,2,3,1320
1321,Sendai,Restaurant,UrbanChineseRestaurant,ZoneC,EHP,MUL,42842.00872,1,0,0,1,3,2,3,1321
1322,Sendai,Restaurant,UrbanChineseRestaurant,ZoneC,EHP,MUL,0.052835954,1,0,1,1,3,2,3,1322
1323,Tokyo,Restaurant,UrbanChineseRestaurant,ZoneC,EHP,MUL,129443.6283,0,0,0,0,1,2,3,1323
1324,Tokyo,Restaurant,UrbanChineseRestaurant,ZoneC,EHP,MUL,372169.9241,1,0,0,0,1,2,3,1324
1325,Tokyo,Restaurant,UrbanChineseRestaurant,ZoneC,EHP,MUL,3.77E-03,0,0,0,1,1,2,3,1325
1326,Tokyo,Restaurant,UrbanChineseRestaurant,ZoneC,EHP,MUL,5372.767738,1,0,1,0,1,2,3,1326
1327,Tokyo,Restaurant,UrbanChineseRestaurant,ZoneC,EHP,MUL,1179.649871,1,0,0,1,1,2,3,1327
1328,Tokyo,Restaurant,UrbanChineseRestaurant,ZoneC,EHP,MUL,9.867290696,1,0,1,1,1,2,3,1328
1329,Nigata,Restaurant,UrbanChineseRestaurant,ZoneC,EHP,MUL,3591.500353,0,0,0,0,1,2,3,1329
1330,Nigata,Restaurant,UrbanChineseRestaurant,ZoneC,EHP,MUL,45778.93542,1,0,0,0,1,2,3,1330
1331,Nigata,Restaurant,UrbanChineseRestaurant,ZoneC,EHP,MUL,2.19E-06,0,0,0,1,1,2,3,1331
1332,Nigata,Restaurant,UrbanChineseRestaurant,ZoneC,EHP,MUL,171.9950394,1,0,1,0,1,2,3,1332
1333,Nigata,Restaurant,UrbanChineseRestaurant,ZoneC,EHP,MUL,1583.841733,1,0,0,1,1,2,3,1333
1334,Nigata,Restaurant,UrbanChineseRestaurant,ZoneC,EHP,MUL,0.269064941,1,0,1,1,1,2,3,1334
1335,Nagoya,Restaurant,UrbanChineseRestaurant,ZoneC,EHP,MUL,25958.29002,0,0,0,0,1,2,3,1335
1336,Nagoya,Restaurant,UrbanChineseRestaurant,ZoneC,EHP,MUL,136261.9376,1,0,0,0,1,2,3,1336
1337,Nagoya,Restaurant,UrbanChineseRestaurant,ZoneC,EHP,MUL,2.31E-04,0,0,0,1,1,2,3,1337
1338,Nagoya,Restaurant,UrbanChineseRestaurant,ZoneC,EHP,MUL,1207.498431,1,0,1,0,1,2,3,1338
1339,Nagoya,Restaurant,UrbanChineseRestaurant,ZoneC,EHP,MUL,958.3943832,1,0,0,1,1,2,3,1339
1340,Nagoya,Restaurant,UrbanChineseRestaurant,ZoneC,EHP,MUL,1.956598884,1,0,1,1,1,2,3,1340
1341,Osaka,Restaurant,UrbanChineseRestaurant,ZoneC,EHP,MUL,46086.04061,0,0,0,0,1,2,3,1341
1342,Osaka,Restaurant,UrbanChineseRestaurant,ZoneC,EHP,MUL,123489.0267,1,0,0,0,1,2,3,1342
1343,Osaka,Restaurant,UrbanChineseRestaurant,ZoneC,EHP,MUL,2.12E-03,0,0,0,1,1,2,3,1343
1344,Osaka,Restaurant,UrbanChineseRestaurant,ZoneC,EHP,MUL,2007.144079,1,0,1,0,1,2,3,1344
1345,Osaka,Restaurant,UrbanChineseRestaurant,ZoneC,EHP,MUL,295.89805,1,0,0,1,1,2,3,1345
1346,Osaka,Restaurant,UrbanChineseRestaurant,ZoneC,EHP,MUL,3.468531714,1,0,1,1,1,2,3,1346
1347,Hiroshima,Restaurant,UrbanChineseRestaurant,ZoneC,EHP,MUL,13087.52666,0,0,0,0,1,2,3,1347
1348,Hiroshima,Restaurant,UrbanChineseRestaurant,ZoneC,EHP,MUL,41368.12526,1,0,0,0,1,2,3,1348
1349,Hiroshima,Restaurant,UrbanChineseRestaurant,ZoneC,EHP,MUL,6.91E-04,0,0,0,1,1,2,3,1349
1350,Hiroshima,Restaurant,UrbanChineseRestaurant,ZoneC,EHP,MUL,631.6000479,1,0,1,0,1,2,3,1350
1351,Hiroshima,Restaurant,UrbanChineseRestaurant,ZoneC,EHP,MUL,97.73342699,1,0,0,1,1,2,3,1351
1352,Hiroshima,Restaurant,UrbanChineseRestaurant,ZoneC,EHP,MUL,1.008235458,1,0,1,1,1,2,3,1352
1353,Matsuyama,Restaurant,UrbanChineseRestaurant,ZoneC,EHP,MUL,11438.49756,0,0,0,0,1,2,3,1353
1354,Matsuyama,Restaurant,UrbanChineseRestaurant,ZoneC,EHP,MUL,25468.97113,1,0,0,0,1,2,3,1354
1355,Matsuyama,Restaurant,UrbanChineseRestaurant,ZoneC,EHP,MUL,1.57E-03,0,0,0,1,1,2,3,1355
1356,Matsuyama,Restaurant,UrbanChineseRestaurant,ZoneC,EHP,MUL,545.4574533,1,0,1,0,1,2,3,1356
1357,Matsuyama,Restaurant,UrbanChineseRestaurant,ZoneC,EHP,MUL,32.03251809,1,0,0,1,1,2,3,1357
1358,Matsuyama,Restaurant,UrbanChineseRestaurant,ZoneC,EHP,MUL,0.859628263,1,0,1,1,1,2,3,1358
1359,Fukuoka,Restaurant,UrbanChineseRestaurant,ZoneC,EHP,MUL,41738.08743,0,0,0,0,1,2,3,1359
1360,Fukuoka,Restaurant,UrbanChineseRestaurant,ZoneC,EHP,MUL,62442.07495,1,0,0,0,1,2,3,1360
1361,Fukuoka,Restaurant,UrbanChineseRestaurant,ZoneC,EHP,MUL,0.021499696,0,0,0,1,1,2,3,1361
1362,Fukuoka,Restaurant,UrbanChineseRestaurant,ZoneC,EHP,MUL,1991.923694,1,0,1,0,1,2,3,1362
1363,Fukuoka,Restaurant,UrbanChineseRestaurant,ZoneC,EHP,MUL,36.65034189,1,0,0,1,1,2,3,1363
1364,Fukuoka,Restaurant,UrbanChineseRestaurant,ZoneC,EHP,MUL,3.231698045,1,0,1,1,1,2,3,1364
1365,Naha,Restaurant,UrbanChineseRestaurant,ZoneC,EHP,MUL,5224.639844,0,0,0,0,1,2,3,1365
1366,Naha,Restaurant,UrbanChineseRestaurant,ZoneC,EHP,MUL,2437.735797,1,0,0,0,1,2,3,1366
1367,Naha,Restaurant,UrbanChineseRestaurant,ZoneC,EHP,MUL,0.116272659,0,0,0,1,1,2,3,1367
1368,Naha,Restaurant,UrbanChineseRestaurant,ZoneC,EHP,MUL,251.2025796,1,0,1,0,1,2,3,1368
1369,Naha,Restaurant,UrbanChineseRestaurant,ZoneC,EHP,MUL,0.150502381,1,0,0,1,1,2,3,1369
1370,Naha,Restaurant,UrbanChineseRestaurant,ZoneC,EHP,MUL,0.424229422,1,0,1,1,1,2,3,1370
1371,Sapporo,Restaurant,UrbanYakiniku,ZoneC,EHP,MUL,0.302336898,0,0,0,0,3,2,3,1371
1372,Sapporo,Restaurant,UrbanYakiniku,ZoneC,EHP,MUL,206.543129,1,0,0,0,3,2,3,1372
1373,Sapporo,Restaurant,UrbanYakiniku,ZoneC,EHP,MUL,5.46E-16,0,0,0,1,3,2,3,1373
1374,Sapporo,Restaurant,UrbanYakiniku,ZoneC,EHP,MUL,0.014189981,1,0,1,0,3,2,3,1374
1375,Sapporo,Restaurant,UrbanYakiniku,ZoneC,EHP,MUL,15182.15361,1,0,0,1,3,2,3,1375
1376,Sapporo,Restaurant,UrbanYakiniku,ZoneC,EHP,MUL,2.08E-05,1,0,1,1,3,2,3,1376
1377,Sendai,Restaurant,UrbanYakiniku,ZoneC,EHP,MUL,137.3089394,0,0,0,0,3,2,3,1377
1378,Sendai,Restaurant,UrbanYakiniku,ZoneC,EHP,MUL,9135.003162,1,0,0,0,3,2,3,1378
1379,Sendai,Restaurant,UrbanYakiniku,ZoneC,EHP,MUL,3.83E-10,0,0,0,1,3,2,3,1379
1380,Sendai,Restaurant,UrbanYakiniku,ZoneC,EHP,MUL,6.46914546,1,0,1,0,3,2,3,1380
1381,Sendai,Restaurant,UrbanYakiniku,ZoneC,EHP,MUL,7869.693459,1,0,0,1,3,2,3,1381
1382,Sendai,Restaurant,UrbanYakiniku,ZoneC,EHP,MUL,0.009705492,1,0,1,1,3,2,3,1382
1383,Tokyo,Restaurant,UrbanYakiniku,ZoneC,EHP,MUL,21261.67956,0,0,0,0,1,2,3,1383
1384,Tokyo,Restaurant,UrbanYakiniku,ZoneC,EHP,MUL,61130.53049,1,0,0,0,1,2,3,1384
1385,Tokyo,Restaurant,UrbanYakiniku,ZoneC,EHP,MUL,6.20E-04,0,0,0,1,1,2,3,1385
1386,Tokyo,Restaurant,UrbanYakiniku,ZoneC,EHP,MUL,882.5004942,1,0,1,0,1,2,3,1386
1387,Tokyo,Restaurant,UrbanYakiniku,ZoneC,EHP,MUL,193.7626276,1,0,0,1,1,2,3,1387
1388,Tokyo,Restaurant,UrbanYakiniku,ZoneC,EHP,MUL,1.620745459,1,0,1,1,1,2,3,1388
1389,Nigata,Restaurant,UrbanYakiniku,ZoneC,EHP,MUL,950.3498054,0,0,0,0,1,2,3,1389
1390,Nigata,Restaurant,UrbanYakiniku,ZoneC,EHP,MUL,12113.60102,1,0,0,0,1,2,3,1390
1391,Nigata,Restaurant,UrbanYakiniku,ZoneC,EHP,MUL,5.79E-07,0,0,0,1,1,2,3,1391
1392,Nigata,Restaurant,UrbanYakiniku,ZoneC,EHP,MUL,45.5117461,1,0,1,0,1,2,3,1392
1393,Nigata,Restaurant,UrbanYakiniku,ZoneC,EHP,MUL,419.1016384,1,0,0,1,1,2,3,1393
1394,Nigata,Restaurant,UrbanYakiniku,ZoneC,EHP,MUL,0.071197491,1,0,1,1,1,2,3,1394
1395,Nagoya,Restaurant,UrbanYakiniku,ZoneC,EHP,MUL,6195.613647,0,0,0,0,1,2,3,1395
1396,Nagoya,Restaurant,UrbanYakiniku,ZoneC,EHP,MUL,32522.4165,1,0,0,0,1,2,3,1396
1397,Nagoya,Restaurant,UrbanYakiniku,ZoneC,EHP,MUL,5.50E-05,0,0,0,1,1,2,3,1397
1398,Nagoya,Restaurant,UrbanYakiniku,ZoneC,EHP,MUL,288.2005614,1,0,1,0,1,2,3,1398
1399,Nagoya,Restaurant,UrbanYakiniku,ZoneC,EHP,MUL,228.7454727,1,0,0,1,1,2,3,1399
1400,Nagoya,Restaurant,UrbanYakiniku,ZoneC,EHP,MUL,0.466992654,1,0,1,1,1,2,3,1400
1401,Osaka,Restaurant,UrbanYakiniku,ZoneC,EHP,MUL,15801.25041,0,0,0,0,1,2,3,1401
1402,Osaka,Restaurant,UrbanYakiniku,ZoneC,EHP,MUL,42339.95823,1,0,0,0,1,2,3,1402
1403,Osaka,Restaurant,UrbanYakiniku,ZoneC,EHP,MUL,7.27E-04,0,0,0,1,1,2,3,1403
1404,Osaka,Restaurant,UrbanYakiniku,ZoneC,EHP,MUL,688.1777173,1,0,1,0,1,2,3,1404
1405,Osaka,Restaurant,UrbanYakiniku,ZoneC,EHP,MUL,101.4528287,1,0,0,1,1,2,3,1405
1406,Osaka,Restaurant,UrbanYakiniku,ZoneC,EHP,MUL,1.189235124,1,0,1,1,1,2,3,1406
1407,Hiroshima,Restaurant,UrbanYakiniku,ZoneC,EHP,MUL,4608.376069,0,0,0,0,1,2,3,1407
1408,Hiroshima,Restaurant,UrbanYakiniku,ZoneC,EHP,MUL,14566.53219,1,0,0,0,1,2,3,1408
1409,Hiroshima,Restaurant,UrbanYakiniku,ZoneC,EHP,MUL,2.43E-04,0,0,0,1,1,2,3,1409
1410,Hiroshima,Restaurant,UrbanYakiniku,ZoneC,EHP,MUL,222.3988245,1,0,1,0,1,2,3,1410
1411,Hiroshima,Restaurant,UrbanYakiniku,ZoneC,EHP,MUL,34.41386579,1,0,0,1,1,2,3,1411
1412,Hiroshima,Restaurant,UrbanYakiniku,ZoneC,EHP,MUL,0.355019575,1,0,1,1,1,2,3,1412
1413,Matsuyama,Restaurant,UrbanYakiniku,ZoneC,EHP,MUL,2667.853197,0,0,0,0,1,2,3,1413
1414,Matsuyama,Restaurant,UrbanYakiniku,ZoneC,EHP,MUL,5940.244837,1,0,0,0,1,2,3,1414
1415,Matsuyama,Restaurant,UrbanYakiniku,ZoneC,EHP,MUL,3.66E-04,0,0,0,1,1,2,3,1415
1416,Matsuyama,Restaurant,UrbanYakiniku,ZoneC,EHP,MUL,127.2195412,1,0,1,0,1,2,3,1416
1417,Matsuyama,Restaurant,UrbanYakiniku,ZoneC,EHP,MUL,7.47109097,1,0,0,1,1,2,3,1417
1418,Matsuyama,Restaurant,UrbanYakiniku,ZoneC,EHP,MUL,0.200495039,1,0,1,1,1,2,3,1418
1419,Fukuoka,Restaurant,UrbanYakiniku,ZoneC,EHP,MUL,12087.32306,0,0,0,0,1,2,3,1419
1420,Fukuoka,Restaurant,UrbanYakiniku,ZoneC,EHP,MUL,18083.18442,1,0,0,0,1,2,3,1420
1421,Fukuoka,Restaurant,UrbanYakiniku,ZoneC,EHP,MUL,0.006226298,0,0,0,1,1,2,3,1421
1422,Fukuoka,Restaurant,UrbanYakiniku,ZoneC,EHP,MUL,576.8598105,1,0,1,0,1,2,3,1422
1423,Fukuoka,Restaurant,UrbanYakiniku,ZoneC,EHP,MUL,10.61391525,1,0,0,1,1,2,3,1423
1424,Fukuoka,Restaurant,UrbanYakiniku,ZoneC,EHP,MUL,0.935897659,1,0,1,1,1,2,3,1424
1425,Naha,Restaurant,UrbanYakiniku,ZoneC,EHP,MUL,1821.832437,0,0,0,0,1,2,3,1425
1426,Naha,Restaurant,UrbanYakiniku,ZoneC,EHP,MUL,850.0387165,1,0,0,0,1,2,3,1426
1427,Naha,Restaurant,UrbanYakiniku,ZoneC,EHP,MUL,0.040544288,0,0,0,1,1,2,3,1427
1428,Naha,Restaurant,UrbanYakiniku,ZoneC,EHP,MUL,87.59436468,1,0,1,0,1,2,3,1428
1429,Naha,Restaurant,UrbanYakiniku,ZoneC,EHP,MUL,0.052480195,1,0,0,1,1,2,3,1429
1430,Naha,Restaurant,UrbanYakiniku,ZoneC,EHP,MUL,0.147928842,1,0,1,1,1,2,3,1430
1431,Sapporo,Logistics,Logistics,ZoneC,EHP,MUL,5954950.498,1,1,0,0,1,2,3,1431
1432,Sendai,Logistics,Logistics,ZoneC,EHP,MUL,5954950.498,1,1,0,0,1,2,3,1432
1433,Tokyo,Logistics,Logistics,ZoneC,EHP,MUL,5954950.498,1,1,0,0,1,2,3,1433
1434,Nigata,Logistics,Logistics,ZoneC,EHP,MUL,5954950.498,1,1,0,0,1,2,3,1434
1435,Nagoya,Logistics,Logistics,ZoneC,EHP,MUL,5954950.498,1,1,0,0,1,2,3,1435
1436,Osaka,Logistics,Logistics,ZoneC,EHP,MUL,5954950.498,1,1,0,0,1,2,3,1436
1437,Hiroshima,Logistics,Logistics,ZoneC,EHP,MUL,5954950.498,1,1,0,0,1,2,3,1437
1438,Matsuyama,Logistics,Logistics,ZoneC,EHP,MUL,5954950.498,1,1,0,0,1,2,3,1438
1439,Fukuoka,Logistics,Logistics,ZoneC,EHP,MUL,5954950.498,1,1,0,0,1,2,3,1439
1440,Naha,Logistics,Logistics,ZoneC,EHP,MUL,5954950.498,1,1,0,0,1,2,3,1440
1441,Sapporo,Logistics,Cool,ZoneC,EHP,MUL,0,1,1,0,0,1,2,3,1441
1442,Sendai,Logistics,Cool,ZoneC,EHP,MUL,0,1,1,0,0,1,2,3,1442
1443,Tokyo,Logistics,Cool,ZoneC,EHP,MUL,0,1,1,0,0,1,2,3,1443
1444,Nigata,Logistics,Cool,ZoneC,EHP,MUL,0,1,1,0,0,1,2,3,1444
1445,Nagoya,Logistics,Cool,ZoneC,EHP,MUL,0,1,1,0,0,1,2,3,1445
1446,Osaka,Logistics,Cool,ZoneC,EHP,MUL,0,1,1,0,0,1,2,3,1446
1447,Hiroshima,Logistics,Cool,ZoneC,EHP,MUL,0,1,1,0,0,1,2,3,1447
1448,Matsuyama,Logistics,Cool,ZoneC,EHP,MUL,0,1,1,0,0,1,2,3,1448
1449,Fukuoka,Logistics,Cool,ZoneC,EHP,MUL,0,1,1,0,0,1,2,3,1449
1450,Naha,Logistics,Cool,ZoneC,EHP,MUL,0,1,1,0,0,1,2,3,1450
1451,Sapporo,Amusement,Patinko,ZoneC,EHP,MUL,116405.0176,1,1,0,0,1,2,3,1451
1452,Sendai,Amusement,Patinko,ZoneC,EHP,MUL,116405.0176,1,1,0,0,1,2,3,1452
1453,Tokyo,Amusement,Patinko,ZoneC,EHP,MUL,116405.0176,1,1,0,0,1,2,3,1453
1454,Nigata,Amusement,Patinko,ZoneC,EHP,MUL,116405.0176,1,1,0,0,1,2,3,1454
1455,Nagoya,Amusement,Patinko,ZoneC,EHP,MUL,116405.0176,1,1,0,0,1,2,3,1455
1456,Osaka,Amusement,Patinko,ZoneC,EHP,MUL,116405.0176,1,1,0,0,1,2,3,1456
1457,Hiroshima,Amusement,Patinko,ZoneC,EHP,MUL,116405.0176,1,1,0,0,1,2,3,1457
1458,Matsuyama,Amusement,Patinko,ZoneC,EHP,MUL,116405.0176,1,1,0,0,1,2,3,1458
1459,Fukuoka,Amusement,Patinko,ZoneC,EHP,MUL,116405.0176,1,1,0,0,1,2,3,1459
1460,Naha,Amusement,Patinko,ZoneC,EHP,MUL,116405.0176,1,1,0,0,1,2,3,1460
1461,Sapporo,Amusement,Fitness,ZoneC,EHP,MUL,83936.9967,1,1,0,0,1,2,3,1461
1462,Sendai,Amusement,Fitness,ZoneC,EHP,MUL,83936.9967,1,1,0,0,1,2,3,1462
1463,Tokyo,Amusement,Fitness,ZoneC,EHP,MUL,83936.9967,1,1,0,0,1,2,3,1463
1464,Nigata,Amusement,Fitness,ZoneC,EHP,MUL,83936.9967,1,1,0,0,1,2,3,1464
1465,Nagoya,Amusement,Fitness,ZoneC,EHP,MUL,83936.9967,1,1,0,0,1,2,3,1465
1466,Osaka,Amusement,Fitness,ZoneC,EHP,MUL,83936.9967,1,1,0,0,1,2,3,1466
1467,Hiroshima,Amusement,Fitness,ZoneC,EHP,MUL,83936.9967,1,1,0,0,1,2,3,1467
1468,Matsuyama,Amusement,Fitness,ZoneC,EHP,MUL,83936.9967,1,1,0,0,1,2,3,1468
1469,Fukuoka,Amusement,Fitness,ZoneC,EHP,MUL,83936.9967,1,1,0,0,1,2,3,1469
1470,Naha,Amusement,Fitness,ZoneC,EHP,MUL,83936.9967,1,1,0,0,1,2,3,1470
1471,Sapporo,Amusement,Karaoke,ZoneC,EHP,MUL,83705.33652,1,1,0,0,1,2,3,1471
1472,Sendai,Amusement,Karaoke,ZoneC,EHP,MUL,83705.33652,1,1,0,0,1,2,3,1472
1473,Tokyo,Amusement,Karaoke,ZoneC,EHP,MUL,83705.33652,1,1,0,0,1,2,3,1473
1474,Nigata,Amusement,Karaoke,ZoneC,EHP,MUL,83705.33652,1,1,0,0,1,2,3,1474
1475,Nagoya,Amusement,Karaoke,ZoneC,EHP,MUL,83705.33652,1,1,0,0,1,2,3,1475
1476,Osaka,Amusement,Karaoke,ZoneC,EHP,MUL,83705.33652,1,1,0,0,1,2,3,1476
1477,Hiroshima,Amusement,Karaoke,ZoneC,EHP,MUL,83705.33652,1,1,0,0,1,2,3,1477
1478,Matsuyama,Amusement,Karaoke,ZoneC,EHP,MUL,83705.33652,1,1,0,0,1,2,3,1478
1479,Fukuoka,Amusement,Karaoke,ZoneC,EHP,MUL,83705.33652,1,1,0,0,1,2,3,1479
1480,Naha,Amusement,Karaoke,ZoneC,EHP,MUL,83705.33652,1,1,0,0,1,2,3,1480
