"","Area","Building","Cluster","Zoning","Plant","HVAC","TFA","HEX","VWV","NaturalVentilation","CO2control","Insulation"
"98","Sapporo","Office","CL1","ZoneC","GHP","MUL",16030.4908629853,1,0,0,0,3
"2849","Sapporo","Office","CL2","ZoneC","EHP","MUL",343164.963733761,0,0,0,0,3
"2850","Sapporo","Office","CL2","ZoneC","EHP","MUL",1003647.38759384,1,0,0,0,3
"2913","Sapporo","Office","CL2","ZoneC","GHP","MUL",453081.520557313,0,0,0,0,3
"2914","Sapporo","Office","CL2","ZoneC","GHP","MUL",1325118.04097574,1,0,0,0,3
"2977","Sapporo","Office","CL2","ZoneC","ABCH","CAV",61775.3424881787,0,0,0,0,3
"2978","Sapporo","Office","CL2","ZoneC","ABCH","CAV",69458.4376982259,1,0,0,0,3
"5665","Sapporo","Office","CL3","ZoneC","EHP","MUL",453067.297655661,0,0,0,0,3
"5666","Sapporo","Office","CL3","ZoneC","EHP","MUL",1379364.26226916,1,0,0,0,3
"5668","Sapporo","Office","CL3","ZoneC","EHP","MUL",30624.1946385085,0,0,0,1,3
"5669","Sapporo","Office","CL3","ZoneC","EHP","MUL",39196.7378887662,1,0,1,0,3
"5729","Sapporo","Office","CL3","ZoneC","GHP","MUL",403089.525351112,0,0,0,0,3
"5730","Sapporo","Office","CL3","ZoneC","GHP","MUL",1227206.83801579,1,0,0,0,3
"5732","Sapporo","Office","CL3","ZoneC","GHP","MUL",27246.0452232383,0,0,0,1,3
"5733","Sapporo","Office","CL3","ZoneC","GHP","MUL",34872.9527658447,1,0,1,0,3
"5793","Sapporo","Office","CL3","ZoneC","ABCH","CAV",88122.8556048023,0,0,0,0,3
"5794","Sapporo","Office","CL3","ZoneC","ABCH","CAV",95348.6500205152,1,0,0,0,3
"6177","Sapporo","Office","CL3","ZoneC","AHP","CAV",66376.4947687138,0,0,0,0,3
"6178","Sapporo","Office","CL3","ZoneC","AHP","CAV",71819.1566291658,1,0,0,0,3
"6562","Sapporo","Office","CL3","ZoneC","TB","CAV",55348.6482000797,1,0,0,0,3
"8481","Sapporo","Office","CL4","ZoneC","EHP","MUL",452383.82164769,0,0,0,0,3
"8482","Sapporo","Office","CL4","ZoneC","EHP","MUL",1407702.44428216,1,0,0,0,3
"8484","Sapporo","Office","CL4","ZoneC","EHP","MUL",34452.0333928309,0,0,0,1,3
"8485","Sapporo","Office","CL4","ZoneC","EHP","MUL",63775.6160768034,1,0,1,0,3
"8486","Sapporo","Office","CL4","ZoneC","EHP","MUL",42899.5511723741,1,0,0,1,3
"8545","Sapporo","Office","CL4","ZoneC","GHP","MUL",290996.449933063,0,0,0,0,3
"8546","Sapporo","Office","CL4","ZoneC","GHP","MUL",905506.32946203,1,0,0,0,3
"8549","Sapporo","Office","CL4","ZoneC","GHP","MUL",41023.7435172845,1,0,1,0,3
"8550","Sapporo","Office","CL4","ZoneC","GHP","MUL",27595.1890795173,1,0,0,1,3
"8609","Sapporo","Office","CL4","ZoneC","ABCH","CAV",54892.6406106039,0,0,0,0,3
"8610","Sapporo","Office","CL4","ZoneC","ABCH","CAV",121032.005503371,1,0,0,0,3
"8618","Sapporo","Office","CL4","ZoneC","ABCH","CAV",47326.6201463265,1,1,0,0,3
"8673","Sapporo","Office","CL4","ZoneC","ABCH","VAV",49117.923605609,0,0,0,0,3
"8674","Sapporo","Office","CL4","ZoneC","ABCH","VAV",42953.4227802983,1,0,0,0,3
"8929","Sapporo","Office","CL4","ZoneC","ABCH","OHUFCU",85285.8127406294,0,0,0,0,3
"8993","Sapporo","Office","CL4","ZoneC","AHP","CAV",39110.2615108472,0,0,0,0,3
"8994","Sapporo","Office","CL4","ZoneC","AHP","CAV",86233.6614483201,1,0,0,0,3
"9002","Sapporo","Office","CL4","ZoneC","AHP","CAV",33719.5746052304,1,1,0,0,3
"9057","Sapporo","Office","CL4","ZoneC","AHP","VAV",65599.5848396663,0,0,0,0,3
"9313","Sapporo","Office","CL4","ZoneC","AHP","OHUFCU",60764.9842009388,0,0,0,0,3
"9377","Sapporo","Office","CL4","ZoneC","TB","CAV",79678.44761551,0,0,0,0,3
"9378","Sapporo","Office","CL4","ZoneC","TB","CAV",81718.1835624634,1,0,0,0,3
"11297","Sapporo","Office","CL5","ZoneC","EHP","MUL",392052.583401522,0,0,0,0,3
"11298","Sapporo","Office","CL5","ZoneC","EHP","MUL",1242363.5539634,1,0,0,0,3
"11300","Sapporo","Office","CL5","ZoneC","EHP","MUL",33270.7270472144,0,0,0,1,3
"11301","Sapporo","Office","CL5","ZoneC","EHP","MUL",96931.4387222762,1,0,1,0,3
"11302","Sapporo","Office","CL5","ZoneC","EHP","MUL",68025.6186868104,1,0,0,1,3
"11304","Sapporo","Office","CL5","ZoneC","EHP","MUL",42487.4243594241,1,0,1,1,3
"11361","Sapporo","Office","CL5","ZoneC","GHP","MUL",174773.327082752,0,0,0,0,3
"11362","Sapporo","Office","CL5","ZoneC","GHP","MUL",553833.901280941,1,0,0,0,3
"11365","Sapporo","Office","CL5","ZoneC","GHP","MUL",43211.1169818768,1,0,1,0,3
"11366","Sapporo","Office","CL5","ZoneC","GHP","MUL",30325.1762852951,1,0,0,1,3
"11425","Sapporo","Office","CL5","ZoneC","ABCH","CAV",65560.3877885457,0,0,0,0,3
"11426","Sapporo","Office","CL5","ZoneC","ABCH","CAV",136639.719559074,1,0,0,0,3
"11434","Sapporo","Office","CL5","ZoneC","ABCH","CAV",46783.2895550742,1,1,0,0,3
"11489","Sapporo","Office","CL5","ZoneC","ABCH","VAV",92268.8594850622,0,0,0,0,3
"11490","Sapporo","Office","CL5","ZoneC","ABCH","VAV",73934.9646396866,1,0,0,0,3
"11554","Sapporo","Office","CL5","ZoneC","ABCH","FCU",38601.4506138399,1,0,0,0,3
"11562","Sapporo","Office","CL5","ZoneC","ABCH","FCU",50114.3945460552,1,1,0,0,3
"11618","Sapporo","Office","CL5","ZoneC","ABCH","CAVFCU",52175.2132229418,1,0,0,0,3
"11745","Sapporo","Office","CL5","ZoneC","ABCH","OHUFCU",97060.6030628875,0,0,0,0,3
"11749","Sapporo","Office","CL5","ZoneC","ABCH","OHUFCU",49958.7486430522,1,0,1,0,3
"11809","Sapporo","Office","CL5","ZoneC","AHP","CAV",52538.0214822716,0,0,0,0,3
"11810","Sapporo","Office","CL5","ZoneC","AHP","CAV",109498.750139798,1,0,0,0,3
"11873","Sapporo","Office","CL5","ZoneC","AHP","VAV",58230.7757656593,0,0,0,0,3
"11874","Sapporo","Office","CL5","ZoneC","AHP","VAV",49933.5895190732,1,0,0,0,3
"11946","Sapporo","Office","CL5","ZoneC","AHP","FCU",57735.6937059174,1,1,0,0,3
"12129","Sapporo","Office","CL5","ZoneC","AHP","OHUFCU",95679.2356950218,0,0,0,0,3
"12193","Sapporo","Office","CL5","ZoneC","TB","CAV",39273.8255269902,0,0,0,0,3
"12194","Sapporo","Office","CL5","ZoneC","TB","CAV",84134.9777314856,1,0,0,0,3
"12202","Sapporo","Office","CL5","ZoneC","TB","CAV",36717.0164181288,1,1,0,0,3
"12257","Sapporo","Office","CL5","ZoneC","TB","VAV",54646.2940527293,0,0,0,0,3
"12258","Sapporo","Office","CL5","ZoneC","TB","VAV",52242.4539619129,1,0,0,0,3
"12513","Sapporo","Office","CL5","ZoneC","TB","OHUFCU",94550.8595877861,0,0,0,0,3
"12577","Sapporo","Office","CL5","ZoneC","AB","CAV",70710.4139830975,0,0,0,0,3
"12961","Sapporo","Office","CL5","ZoneC","COM","CAV",66751.199226771,0,0,0,0,3
"13345","Sapporo","Office","CL5","ZoneC","AHP+TESICE","CAV",59027.0483866193,0,0,0,0,3
"13346","Sapporo","Office","CL5","ZoneC","AHP+TESICE","CAV",57625.5249365686,1,0,0,0,3
"14113","Sapporo","Office","CL6","ZoneC","EHP","MUL",183123.871944621,0,0,0,0,3
"14114","Sapporo","Office","CL6","ZoneC","EHP","MUL",585347.471112512,1,0,0,0,3
"14117","Sapporo","Office","CL6","ZoneC","EHP","MUL",81541.6521479682,1,0,1,0,3
"14118","Sapporo","Office","CL6","ZoneC","EHP","MUL",56483.5035095795,1,0,0,1,3
"14120","Sapporo","Office","CL6","ZoneC","EHP","MUL",51877.5531893254,1,0,1,1,3
"14177","Sapporo","Office","CL6","ZoneC","GHP","MUL",66680.777893071,0,0,0,0,3
"14178","Sapporo","Office","CL6","ZoneC","GHP","MUL",213142.198758925,1,0,0,0,3
"14241","Sapporo","Office","CL6","ZoneC","ABCH","CAV",51434.5051007841,0,0,0,0,3
"14242","Sapporo","Office","CL6","ZoneC","ABCH","CAV",104380.500547907,1,0,0,0,3
"14245","Sapporo","Office","CL6","ZoneC","ABCH","CAV",49418.1145124137,1,0,1,0,3
"14305","Sapporo","Office","CL6","ZoneC","ABCH","VAV",64197.3890503531,0,0,0,0,3
"14306","Sapporo","Office","CL6","ZoneC","ABCH","VAV",51562.2999192986,1,0,0,0,3
"14309","Sapporo","Office","CL6","ZoneC","ABCH","VAV",53250.3907237179,1,0,1,0,3
"14312","Sapporo","Office","CL6","ZoneC","ABCH","VAV",41762.1202254154,1,0,1,1,3
"14378","Sapporo","Office","CL6","ZoneC","ABCH","FCU",89897.5760557695,1,1,0,0,3
"14434","Sapporo","Office","CL6","ZoneC","ABCH","CAVFCU",56943.6144976242,1,0,0,0,3
"14561","Sapporo","Office","CL6","ZoneC","ABCH","OHUFCU",64358.1235368955,0,0,0,0,3
"14565","Sapporo","Office","CL6","ZoneC","ABCH","OHUFCU",56587.0381925059,1,0,1,0,3
"14568","Sapporo","Office","CL6","ZoneC","ABCH","OHUFCU",54818.3258913622,1,0,1,1,3
"14626","Sapporo","Office","CL6","ZoneC","AHP","CAV",119463.900749453,1,0,0,0,3
"14689","Sapporo","Office","CL6","ZoneC","AHP","VAV",62506.6226024748,0,0,0,0,3
"14690","Sapporo","Office","CL6","ZoneC","AHP","VAV",60181.5144393241,1,0,0,0,3
"14945","Sapporo","Office","CL6","ZoneC","AHP","OHUFCU",102309.957691146,0,0,0,0,3
"15010","Sapporo","Office","CL6","ZoneC","TB","CAV",143025.193560086,1,0,0,0,3
"15073","Sapporo","Office","CL6","ZoneC","TB","VAV",54467.4072249226,0,0,0,0,3
"15074","Sapporo","Office","CL6","ZoneC","TB","VAV",46900.6507413453,1,0,0,0,3
"15077","Sapporo","Office","CL6","ZoneC","TB","VAV",45517.2725632559,1,0,1,0,3
"15146","Sapporo","Office","CL6","ZoneC","TB","FCU",62648.8463746295,1,1,0,0,3
"15329","Sapporo","Office","CL6","ZoneC","TB","OHUFCU",44998.2045564227,0,0,0,0,3
"15333","Sapporo","Office","CL6","ZoneC","TB","OHUFCU",39696.377115603,1,0,1,0,3
"15336","Sapporo","Office","CL6","ZoneC","TB","OHUFCU",37793.4788224113,1,0,1,1,3
"15457","Sapporo","Office","CL6","ZoneC","AB","VAV",52739.6386680731,0,0,0,0,3
"15458","Sapporo","Office","CL6","ZoneC","AB","VAV",48669.6884372976,1,0,0,0,3
"15461","Sapporo","Office","CL6","ZoneC","AB","VAV",45567.6930525296,1,0,1,0,3
"15841","Sapporo","Office","CL6","ZoneC","COM","VAV",117972.005866032,0,0,0,0,3
"16225","Sapporo","Office","CL6","ZoneC","AHP+TESICE","VAV",57305.6729447,0,0,0,0,3
"16226","Sapporo","Office","CL6","ZoneC","AHP+TESICE","VAV",52883.3590510856,1,0,0,0,3
"16229","Sapporo","Office","CL6","ZoneC","AHP+TESICE","VAV",49512.8025306992,1,0,1,0,3
"16609","Sapporo","Office","CL6","ZoneC","COM+TESICE","VAV",82082.7324504998,0,0,0,0,3
"16929","Sapporo","Office","CL7","ZoneC","EHP","MUL",69633.0897730791,0,0,0,0,3
"16930","Sapporo","Office","CL7","ZoneC","EHP","MUL",229673.011378392,1,0,0,0,3
"16933","Sapporo","Office","CL7","ZoneC","EHP","MUL",54130.6953067881,1,0,1,0,3
"16934","Sapporo","Office","CL7","ZoneC","EHP","MUL",41659.0501503855,1,0,0,1,3
"16936","Sapporo","Office","CL7","ZoneC","EHP","MUL",55990.1318002515,1,0,1,1,3
"16994","Sapporo","Office","CL7","ZoneC","GHP","MUL",38984.0096515323,1,0,0,0,3
"17058","Sapporo","Office","CL7","ZoneC","ABCH","CAV",97078.5974039128,1,0,0,0,3
"17125","Sapporo","Office","CL7","ZoneC","ABCH","VAV",68368.2542444478,1,0,1,0,3
"17128","Sapporo","Office","CL7","ZoneC","ABCH","VAV",85352.5243161019,1,0,1,1,3
"17384","Sapporo","Office","CL7","ZoneC","ABCH","OHUFCU",101863.042298091,1,0,1,1,3
"17442","Sapporo","Office","CL7","ZoneC","AHP","CAV",95351.2412921251,1,0,0,0,3
"17509","Sapporo","Office","CL7","ZoneC","AHP","VAV",67151.7521010347,1,0,1,0,3
"17512","Sapporo","Office","CL7","ZoneC","AHP","VAV",83833.8146470642,1,0,1,1,3
"17768","Sapporo","Office","CL7","ZoneC","AHP","OHUFCU",100050.554753109,1,0,1,1,3
"18661","Sapporo","Office","CL7","ZoneC","COM","VAV",76601.8203989249,1,0,1,0,3
"18664","Sapporo","Office","CL7","ZoneC","COM","VAV",96758.1245836756,1,0,1,1,3
"19041","Sapporo","Office","CL7","ZoneC","AHP+TESICE","VAV",43602.0446414594,0,0,0,0,3
"19042","Sapporo","Office","CL7","ZoneC","AHP+TESICE","VAV",40100.4337945208,1,0,0,0,3
"19045","Sapporo","Office","CL7","ZoneC","AHP+TESICE","VAV",62417.4056112483,1,0,1,0,3
"19048","Sapporo","Office","CL7","ZoneC","AHP+TESICE","VAV",78841.3522925592,1,0,1,1,3
"19429","Sapporo","Office","CL7","ZoneC","COM+TESICE","VAV",77803.8093212521,1,0,1,0,3
"19432","Sapporo","Office","CL7","ZoneC","COM+TESICE","VAV",98276.3939053324,1,0,1,1,3
"19746","Sapporo","Office","CL8c","ZoneA","EHP","MUL",78182.3520600015,1,0,0,0,3
"19762","Sapporo","Office","CL8c","ZoneA","EHP","MUL",52277.1306555251,1,0,0,0,4
"19810","Sapporo","Office","CL8c","ZoneA","GHP","MUL",8007.01913433567,1,0,0,0,3
"19941","Sapporo","Office","CL8c","ZoneA","ABCH","VAV",48324.994131918,1,0,1,0,3
"19944","Sapporo","Office","CL8c","ZoneA","ABCH","VAV",87392.5080945037,1,0,1,1,3
"19960","Sapporo","Office","CL8c","ZoneA","ABCH","VAV",82317.8252470918,1,0,1,1,4
"20328","Sapporo","Office","CL8c","ZoneA","AHP","VAV",108628.076419618,1,0,1,1,3
"20344","Sapporo","Office","CL8c","ZoneA","AHP","VAV",65887.058521896,1,0,1,1,4
"21480","Sapporo","Office","CL8c","ZoneA","COM","VAV",115780.919442238,1,0,1,1,3
"21496","Sapporo","Office","CL8c","ZoneA","COM","VAV",70225.529775026,1,0,1,1,4
"21864","Sapporo","Office","CL8c","ZoneA","AHP+TESICE","VAV",110495.37773591,1,0,1,1,3
"21880","Sapporo","Office","CL8c","ZoneA","AHP+TESICE","VAV",67019.6477673256,1,0,1,1,4
"22245","Sapporo","Office","CL8c","ZoneA","COM+TESICE","VAV",62188.4313971162,1,0,1,0,3
"22248","Sapporo","Office","CL8c","ZoneA","COM+TESICE","VAV",112463.603811746,1,0,1,1,3
"22264","Sapporo","Office","CL8c","ZoneA","COM+TESICE","VAV",105933.09983989,1,0,1,1,4
"22568","Sapporo","Office","CL9c","ZoneA","EHP","MUL",38159.7523717442,1,0,1,1,3
"22584","Sapporo","Office","CL9c","ZoneA","EHP","MUL",23145.340694297,1,0,1,1,4
"22760","Sapporo","Office","CL9c","ZoneA","ABCH","VAV",91644.9957550713,1,0,1,1,3
"23144","Sapporo","Office","CL9c","ZoneA","AHP","VAV",64120.5307739418,1,0,1,1,3
"24296","Sapporo","Office","CL9c","ZoneA","COM","VAV",126097.620877534,1,0,1,1,3
"24312","Sapporo","Office","CL9c","ZoneA","COM","VAV",123825.768793193,1,0,1,1,4
"24680","Sapporo","Office","CL9c","ZoneA","AHP+TESICE","VAV",88621.4779773553,1,0,1,1,3
"25061","Sapporo","Office","CL9c","ZoneA","COM+TESICE","VAV",42288.0695940651,1,0,1,0,3
"25064","Sapporo","Office","CL9c","ZoneA","COM+TESICE","VAV",119627.070266852,1,0,1,1,3
"25077","Sapporo","Office","CL9c","ZoneA","COM+TESICE","VAV",41526.1817933163,1,0,1,0,4
"25080","Sapporo","Office","CL9c","ZoneA","COM+TESICE","VAV",117471.795591263,1,0,1,1,4
"25256","Sapporo","Office","CL9c","ZoneA","COM+TESICE","VAVFCU",106798.37237594,1,0,1,1,3
"25272","Sapporo","Office","CL9c","ZoneA","COM+TESICE","VAVFCU",104874.227390508,1,0,1,1,4
"25377","Sendai","Office","CL1","ZoneC","EHP","MUL",34239.5565946104,0,0,0,0,3
"25378","Sendai","Office","CL1","ZoneC","EHP","MUL",97660.9106442309,1,0,0,0,3
"25442","Sendai","Office","CL1","ZoneC","GHP","MUL",77886.6718814468,1,0,0,0,3
"28193","Sendai","Office","CL2","ZoneC","EHP","MUL",931137.953567931,0,0,0,0,3
"28194","Sendai","Office","CL2","ZoneC","EHP","MUL",2734049.0607541,1,0,0,0,3
"28196","Sendai","Office","CL2","ZoneC","EHP","MUL",52575.0653560032,0,0,0,1,3
"28197","Sendai","Office","CL2","ZoneC","EHP","MUL",47150.3673201189,1,0,1,0,3
"28198","Sendai","Office","CL2","ZoneC","EHP","MUL",25826.7923629111,1,0,0,1,3
"28257","Sendai","Office","CL2","ZoneC","GHP","MUL",384882.152591823,0,0,0,0,3
"28258","Sendai","Office","CL2","ZoneC","GHP","MUL",1130108.25491813,1,0,0,0,3
"28321","Sendai","Office","CL2","ZoneC","ABCH","CAV",45535.3053904764,0,0,0,0,3
"28322","Sendai","Office","CL2","ZoneC","ABCH","CAV",49171.7232028318,1,0,0,0,3
"28705","Sendai","Office","CL2","ZoneC","AHP","CAV",53261.2354698618,0,0,0,0,3
"28706","Sendai","Office","CL2","ZoneC","AHP","CAV",57514.6406838998,1,0,0,0,3
"31009","Sendai","Office","CL3","ZoneC","EHP","MUL",836139.450627606,0,0,0,0,3
"31010","Sendai","Office","CL3","ZoneC","EHP","MUL",2525982.95885895,1,0,0,0,3
"31012","Sendai","Office","CL3","ZoneC","EHP","MUL",54835.6878695526,0,0,0,1,3
"31013","Sendai","Office","CL3","ZoneC","EHP","MUL",73322.4992498409,1,0,1,0,3
"31014","Sendai","Office","CL3","ZoneC","EHP","MUL",44293.6988925567,1,0,0,1,3
"31073","Sendai","Office","CL3","ZoneC","GHP","MUL",239262.261679953,0,0,0,0,3
"31074","Sendai","Office","CL3","ZoneC","GHP","MUL",722812.917448122,1,0,0,0,3
"31137","Sendai","Office","CL3","ZoneC","ABCH","CAV",93280.2005087942,0,0,0,0,3
"31138","Sendai","Office","CL3","ZoneC","ABCH","CAV",93723.8735711737,1,0,0,0,3
"31146","Sendai","Office","CL3","ZoneC","ABCH","CAV",33050.8568036215,1,1,0,0,3
"31521","Sendai","Office","CL3","ZoneC","AHP","CAV",99415.0495607629,0,0,0,0,3
"31522","Sendai","Office","CL3","ZoneC","AHP","CAV",99887.902098007,1,0,0,0,3
"31530","Sendai","Office","CL3","ZoneC","AHP","CAV",35224.5444288892,1,1,0,0,3
"33825","Sendai","Office","CL4","ZoneC","EHP","MUL",732787.069526204,0,0,0,0,3
"33826","Sendai","Office","CL4","ZoneC","EHP","MUL",2256879.36456448,1,0,0,0,3
"33828","Sendai","Office","CL4","ZoneC","EHP","MUL",53487.1219607178,0,0,0,1,3
"33829","Sendai","Office","CL4","ZoneC","EHP","MUL",102460.32993055,1,0,1,0,3
"33830","Sendai","Office","CL4","ZoneC","EHP","MUL",65540.9590549666,1,0,0,1,3
"33832","Sendai","Office","CL4","ZoneC","EHP","MUL",27996.2319761302,1,0,1,1,3
"33889","Sendai","Office","CL4","ZoneC","GHP","MUL",161194.504031632,0,0,0,0,3
"33890","Sendai","Office","CL4","ZoneC","GHP","MUL",496456.016978321,1,0,0,0,3
"33953","Sendai","Office","CL4","ZoneC","ABCH","CAV",56437.2370176852,0,0,0,0,3
"33954","Sendai","Office","CL4","ZoneC","ABCH","CAV",119666.898457671,1,0,0,0,3
"34017","Sendai","Office","CL4","ZoneC","ABCH","VAV",68765.5766174012,0,0,0,0,3
"34090","Sendai","Office","CL4","ZoneC","ABCH","FCU",50997.7289218152,1,1,0,0,3
"34273","Sendai","Office","CL4","ZoneC","ABCH","OHUFCU",81047.7185744306,0,0,0,0,3
"34337","Sendai","Office","CL4","ZoneC","AHP","CAV",46873.1906613185,0,0,0,0,3
"34338","Sendai","Office","CL4","ZoneC","AHP","CAV",102641.01553032,1,0,0,0,3
"34346","Sendai","Office","CL4","ZoneC","AHP","CAV",39620.7194803905,1,1,0,0,3
"34401","Sendai","Office","CL4","ZoneC","AHP","VAV",73853.8716721191,0,0,0,0,3
"34657","Sendai","Office","CL4","ZoneC","AHP","OHUFCU",87044.8282607629,0,0,0,0,3
"35873","Sendai","Office","CL4","ZoneC","AHP+TESICE","CAV",81758.6653928175,0,0,0,0,3
"36641","Sendai","Office","CL5","ZoneC","EHP","MUL",545182.072799179,0,0,0,0,3
"36642","Sendai","Office","CL5","ZoneC","EHP","MUL",1718292.09397463,1,0,0,0,3
"36644","Sendai","Office","CL5","ZoneC","EHP","MUL",45262.8269194067,0,0,0,1,3
"36645","Sendai","Office","CL5","ZoneC","EHP","MUL",136846.666388245,1,0,1,0,3
"36646","Sendai","Office","CL5","ZoneC","EHP","MUL",93294.2655524486,1,0,0,1,3
"36648","Sendai","Office","CL5","ZoneC","EHP","MUL",58670.1350571333,1,0,1,1,3
"36705","Sendai","Office","CL5","ZoneC","GHP","MUL",92897.2482396278,0,0,0,0,3
"36706","Sendai","Office","CL5","ZoneC","GHP","MUL",292791.37221548,1,0,0,0,3
"36769","Sendai","Office","CL5","ZoneC","ABCH","CAV",57555.7840213919,0,0,0,0,3
"36770","Sendai","Office","CL5","ZoneC","ABCH","CAV",119033.820140035,1,0,0,0,3
"36778","Sendai","Office","CL5","ZoneC","ABCH","CAV",41310.8786306519,1,1,0,0,3
"36833","Sendai","Office","CL5","ZoneC","ABCH","VAV",79265.3717611836,0,0,0,0,3
"36834","Sendai","Office","CL5","ZoneC","ABCH","VAV",63168.2535507036,1,0,0,0,3
"36906","Sendai","Office","CL5","ZoneC","ABCH","FCU",88521.7895601444,1,1,0,0,3
"36962","Sendai","Office","CL5","ZoneC","ABCH","CAVFCU",53990.82289022,1,0,0,0,3
"37089","Sendai","Office","CL5","ZoneC","ABCH","OHUFCU",83987.7163464078,0,0,0,0,3
"37093","Sendai","Office","CL5","ZoneC","ABCH","OHUFCU",44311.3667713865,1,0,1,0,3
"37096","Sendai","Office","CL5","ZoneC","ABCH","OHUFCU",29443.4402025801,1,0,1,1,3
"37153","Sendai","Office","CL5","ZoneC","AHP","CAV",53224.820152343,0,0,0,0,3
"37154","Sendai","Office","CL5","ZoneC","AHP","CAV",110076.750351363,1,0,0,0,3
"37162","Sendai","Office","CL5","ZoneC","AHP","CAV",38202.3131616884,1,1,0,0,3
"37217","Sendai","Office","CL5","ZoneC","AHP","VAV",70874.7833937412,0,0,0,0,3
"37218","Sendai","Office","CL5","ZoneC","AHP","VAV",60840.9810558191,1,0,0,0,3
"37290","Sendai","Office","CL5","ZoneC","AHP","FCU",81860.6923528501,1,1,0,0,3
"37473","Sendai","Office","CL5","ZoneC","AHP","OHUFCU",95432.0102055451,0,0,0,0,3
"37477","Sendai","Office","CL5","ZoneC","AHP","OHUFCU",50440.6866372817,1,0,1,0,3
"37537","Sendai","Office","CL5","ZoneC","TB","CAV",55050.2298525332,0,0,0,0,3
"37538","Sendai","Office","CL5","ZoneC","TB","CAV",50594.8740996356,1,0,0,0,3
"38305","Sendai","Office","CL5","ZoneC","COM","CAV",82398.4618907065,0,0,0,0,3
"38689","Sendai","Office","CL5","ZoneC","AHP+TESICE","CAV",78447.7914733361,0,0,0,0,3
"38690","Sendai","Office","CL5","ZoneC","AHP+TESICE","CAV",72098.8112787192,1,0,0,0,3
"38693","Sendai","Office","CL5","ZoneC","AHP+TESICE","CAV",40114.2838033466,1,0,1,0,3
"39457","Sendai","Office","CL6","ZoneC","EHP","MUL",212005.183755542,0,0,0,0,3
"39458","Sendai","Office","CL6","ZoneC","EHP","MUL",684617.339851068,1,0,0,0,3
"39461","Sendai","Office","CL6","ZoneC","EHP","MUL",94499.9196964761,1,0,1,0,3
"39462","Sendai","Office","CL6","ZoneC","EHP","MUL",69138.4805094274,1,0,0,1,3
"39464","Sendai","Office","CL6","ZoneC","EHP","MUL",63920.8597286409,1,0,1,1,3
"39522","Sendai","Office","CL6","ZoneC","GHP","MUL",128841.534607995,1,0,0,0,3
"39586","Sendai","Office","CL6","ZoneC","ABCH","CAV",172534.778468441,1,0,0,0,3
"39649","Sendai","Office","CL6","ZoneC","ABCH","VAV",52480.7528675474,0,0,0,0,3
"39650","Sendai","Office","CL6","ZoneC","ABCH","VAV",45812.0733313298,1,0,0,0,3
"39653","Sendai","Office","CL6","ZoneC","ABCH","VAV",43690.4601012131,1,0,1,0,3
"39656","Sendai","Office","CL6","ZoneC","ABCH","VAV",35997.2226163422,1,0,1,1,3
"39722","Sendai","Office","CL6","ZoneC","ABCH","FCU",85522.3334869506,1,1,0,0,3
"39905","Sendai","Office","CL6","ZoneC","ABCH","OHUFCU",61312.9131031021,0,0,0,0,3
"39909","Sendai","Office","CL6","ZoneC","ABCH","OHUFCU",53165.6190374476,1,0,1,0,3
"39912","Sendai","Office","CL6","ZoneC","ABCH","OHUFCU",54413.0598748666,1,0,1,1,3
"39970","Sendai","Office","CL6","ZoneC","AHP","CAV",136021.142114122,1,0,0,0,3
"40033","Sendai","Office","CL6","ZoneC","AHP","VAV",51863.8847396675,0,0,0,0,3
"40034","Sendai","Office","CL6","ZoneC","AHP","VAV",45273.5900519164,1,0,0,0,3
"40037","Sendai","Office","CL6","ZoneC","AHP","VAV",43176.9146420451,1,0,1,0,3
"40106","Sendai","Office","CL6","ZoneC","AHP","FCU",67423.1918945409,1,1,0,0,3
"40289","Sendai","Office","CL6","ZoneC","AHP","OHUFCU",48337.2253447052,0,0,0,0,3
"40293","Sendai","Office","CL6","ZoneC","AHP","OHUFCU",41914.1479003358,1,0,1,0,3
"40296","Sendai","Office","CL6","ZoneC","AHP","OHUFCU",42897.592101741,1,0,1,1,3
"40417","Sendai","Office","CL6","ZoneC","TB","VAV",116945.965206657,0,0,0,0,3
"40801","Sendai","Office","CL6","ZoneC","AB","VAV",56935.3834533674,0,0,0,0,3
"41185","Sendai","Office","CL6","ZoneC","COM","VAV",74109.3429770538,0,0,0,0,3
"41186","Sendai","Office","CL6","ZoneC","COM","VAV",66927.8685675516,1,0,0,0,3
"41506","Sendai","Office","CL6","ZoneC","AHP+TESICE","CAV",78158.1482374436,1,0,0,0,3
"41569","Sendai","Office","CL6","ZoneC","AHP+TESICE","VAV",80625.0607717947,0,0,0,0,3
"41825","Sendai","Office","CL6","ZoneC","AHP+TESICE","OHUFCU",76507.787021115,0,0,0,0,3
"41953","Sendai","Office","CL6","ZoneC","COM+TESICE","VAV",93692.9682130621,0,0,0,0,3
"42273","Sendai","Office","CL7","ZoneC","EHP","MUL",75794.0652550349,0,0,0,0,3
"42274","Sendai","Office","CL7","ZoneC","EHP","MUL",252171.444888121,1,0,0,0,3
"42277","Sendai","Office","CL7","ZoneC","EHP","MUL",55175.3364919779,1,0,1,0,3
"42278","Sendai","Office","CL7","ZoneC","EHP","MUL",44782.6559466991,1,0,0,1,3
"42280","Sendai","Office","CL7","ZoneC","EHP","MUL",57946.8462889318,1,0,1,1,3
"42338","Sendai","Office","CL7","ZoneC","GHP","MUL",52535.2422105835,1,0,0,0,3
"42402","Sendai","Office","CL7","ZoneC","ABCH","CAV",124502.659060626,1,0,0,0,3
"42465","Sendai","Office","CL7","ZoneC","ABCH","VAV",37516.1501066901,0,0,0,0,3
"42466","Sendai","Office","CL7","ZoneC","ABCH","VAV",37064.7855052611,1,0,0,0,3
"42469","Sendai","Office","CL7","ZoneC","ABCH","VAV",48928.4115089562,1,0,1,0,3
"42472","Sendai","Office","CL7","ZoneC","ABCH","VAV",62423.4179505081,1,0,1,1,3
"42721","Sendai","Office","CL7","ZoneC","ABCH","OHUFCU",34957.6284845862,0,0,0,0,3
"42725","Sendai","Office","CL7","ZoneC","ABCH","OHUFCU",45412.9724482651,1,0,1,0,3
"42728","Sendai","Office","CL7","ZoneC","ABCH","OHUFCU",69246.2555859329,1,0,1,1,3
"42786","Sendai","Office","CL7","ZoneC","AHP","CAV",90384.2432867743,1,0,0,0,3
"42853","Sendai","Office","CL7","ZoneC","AHP","VAV",59310.8006858191,1,0,1,0,3
"42856","Sendai","Office","CL7","ZoneC","AHP","VAV",75669.3868860314,1,0,1,1,3
"43112","Sendai","Office","CL7","ZoneC","AHP","OHUFCU",108616.20515921,1,0,1,1,3
"43240","Sendai","Office","CL7","ZoneC","TB","VAV",127972.109452126,1,0,1,1,3
"43624","Sendai","Office","CL7","ZoneC","AB","VAV",82982.7128428309,1,0,1,1,3
"44005","Sendai","Office","CL7","ZoneC","COM","VAV",77037.8271185619,1,0,1,0,3
"44008","Sendai","Office","CL7","ZoneC","COM","VAV",100847.737537004,1,0,1,1,3
"44392","Sendai","Office","CL7","ZoneC","AHP+TESICE","VAV",126863.711071811,1,0,1,1,3
"44648","Sendai","Office","CL7","ZoneC","AHP+TESICE","OHUFCU",102085.017934204,1,0,1,1,3
"44773","Sendai","Office","CL7","ZoneC","COM+TESICE","VAV",72613.435554019,1,0,1,0,3
"44776","Sendai","Office","CL7","ZoneC","COM+TESICE","VAV",95055.9090814161,1,0,1,1,3
"45090","Sendai","Office","CL8c","ZoneA","EHP","MUL",48781.0042791244,1,0,0,0,3
"45106","Sendai","Office","CL8c","ZoneA","EHP","MUL",29587.5338092159,1,0,0,0,4
"45288","Sendai","Office","CL8c","ZoneA","ABCH","VAV",87293.3371417689,1,0,1,1,3
"45672","Sendai","Office","CL8c","ZoneA","AHP","VAV",66981.6790148394,1,0,1,1,3
"46824","Sendai","Office","CL8c","ZoneA","COM","VAV",74952.4832836682,1,0,1,1,3
"47208","Sendai","Office","CL8c","ZoneA","AHP+TESICE","VAV",75208.1797432163,1,0,1,1,3
"47592","Sendai","Office","CL8c","ZoneA","COM+TESICE","VAV",112922.079669073,1,0,1,1,3
"47605","Sendai","Office","CL8c","ZoneA","COM+TESICE","VAV",55077.0156786137,1,0,1,0,4
"47608","Sendai","Office","CL8c","ZoneA","COM+TESICE","VAV",95701.3630244098,1,0,1,1,4
"47864","Sendai","Office","CL8c","ZoneA","COM+TESICE","OHUFCU",102364.970497629,1,0,1,1,4
"47912","Sendai","Office","CL9c","ZoneA","EHP","MUL",3134.30302209837,1,0,1,1,3
"47928","Sendai","Office","CL9c","ZoneA","EHP","MUL",1901.07395296799,1,0,1,1,4
"50408","Sendai","Office","CL9c","ZoneA","COM+TESICE","VAV",64497.4371382431,1,0,1,1,3
"50424","Sendai","Office","CL9c","ZoneA","COM+TESICE","VAV",39120.1478964263,1,0,1,1,4
"50690","Tokyo","Office","CL1","ZoneC","EHP","MUL",79518.7182003192,1,0,0,0,1
"50706","Tokyo","Office","CL1","ZoneC","EHP","MUL",55969.4316057062,1,0,0,0,2
"50754","Tokyo","Office","CL1","ZoneC","GHP","MUL",17667.3939164579,1,0,0,0,1
"53505","Tokyo","Office","CL2","ZoneC","EHP","MUL",1557915.13018566,0,0,0,0,1
"53506","Tokyo","Office","CL2","ZoneC","EHP","MUL",4599984.96081252,1,0,0,0,1
"53508","Tokyo","Office","CL2","ZoneC","EHP","MUL",90039.233168051,0,0,0,1,1
"53509","Tokyo","Office","CL2","ZoneC","EHP","MUL",79987.4805354579,1,0,1,0,1
"53510","Tokyo","Office","CL2","ZoneC","EHP","MUL",44998.6387828362,1,0,0,1,1
"53521","Tokyo","Office","CL2","ZoneC","EHP","MUL",897202.516154248,0,0,0,0,2
"53522","Tokyo","Office","CL2","ZoneC","EHP","MUL",2649128.95519594,1,0,0,0,2
"53524","Tokyo","Office","CL2","ZoneC","EHP","MUL",51853.5477226844,0,0,0,1,2
"53525","Tokyo","Office","CL2","ZoneC","EHP","MUL",46064.7485904442,1,0,1,0,2
"53526","Tokyo","Office","CL2","ZoneC","EHP","MUL",25914.6927565082,1,0,0,1,2
"53569","Tokyo","Office","CL2","ZoneC","GHP","MUL",278260.245284745,0,0,0,0,1
"53570","Tokyo","Office","CL2","ZoneC","GHP","MUL",821606.337021255,1,0,0,0,1
"53585","Tokyo","Office","CL2","ZoneC","GHP","MUL",160249.931063587,0,0,0,0,2
"53586","Tokyo","Office","CL2","ZoneC","GHP","MUL",473162.66372989,1,0,0,0,2
"54017","Tokyo","Office","CL2","ZoneC","AHP","CAV",58050.8264214879,0,0,0,0,1
"54018","Tokyo","Office","CL2","ZoneC","AHP","CAV",73440.3240271344,1,0,0,0,1
"54034","Tokyo","Office","CL2","ZoneC","AHP","CAV",75725.6854039678,1,0,0,0,2
"56321","Tokyo","Office","CL3","ZoneC","EHP","MUL",2064959.78163996,0,0,0,0,1
"56322","Tokyo","Office","CL3","ZoneC","EHP","MUL",6272135.68606016,1,0,0,0,1
"56324","Tokyo","Office","CL3","ZoneC","EHP","MUL",138502.581298146,0,0,0,1,1
"56325","Tokyo","Office","CL3","ZoneC","EHP","MUL",182841.415737204,1,0,1,0,1
"56326","Tokyo","Office","CL3","ZoneC","EHP","MUL",113370.814235406,1,0,0,1,1
"56328","Tokyo","Office","CL3","ZoneC","EHP","MUL",35958.6608802874,1,0,1,1,1
"56337","Tokyo","Office","CL3","ZoneC","EHP","MUL",1194084.24510882,0,0,0,0,2
"56338","Tokyo","Office","CL3","ZoneC","EHP","MUL",3626927.00966854,1,0,0,0,2
"56340","Tokyo","Office","CL3","ZoneC","EHP","MUL",80090.5430243657,0,0,0,1,2
"56341","Tokyo","Office","CL3","ZoneC","EHP","MUL",105729.930348471,1,0,1,0,2
"56342","Tokyo","Office","CL3","ZoneC","EHP","MUL",65557.8400786791,1,0,0,1,2
"56385","Tokyo","Office","CL3","ZoneC","GHP","MUL",251229.717044369,0,0,0,0,1
"56386","Tokyo","Office","CL3","ZoneC","GHP","MUL",763088.408637845,1,0,0,0,1
"56401","Tokyo","Office","CL3","ZoneC","GHP","MUL",144683.063857315,0,0,0,0,2
"56402","Tokyo","Office","CL3","ZoneC","GHP","MUL",439462.219098176,1,0,0,0,2
"56449","Tokyo","Office","CL3","ZoneC","ABCH","CAV",70602.0441480373,0,0,0,0,1
"56450","Tokyo","Office","CL3","ZoneC","ABCH","CAV",84562.5934398761,1,0,0,0,1
"56465","Tokyo","Office","CL3","ZoneC","ABCH","CAV",40659.6806385105,0,0,0,0,2
"56466","Tokyo","Office","CL3","ZoneC","ABCH","CAV",48699.5537412514,1,0,0,0,2
"56833","Tokyo","Office","CL3","ZoneC","AHP","CAV",80228.7707102102,0,0,0,0,1
"56834","Tokyo","Office","CL3","ZoneC","AHP","CAV",115156.515927444,1,0,0,0,1
"56842","Tokyo","Office","CL3","ZoneC","AHP","CAV",39258.0811552361,1,1,0,0,1
"56849","Tokyo","Office","CL3","ZoneC","AHP","CAV",79734.7842160039,0,0,0,0,2
"56850","Tokyo","Office","CL3","ZoneC","AHP","CAV",95501.2028622916,1,0,0,0,2
"56897","Tokyo","Office","CL3","ZoneC","AHP","VAV",69638.8769699643,0,0,0,0,1
"59137","Tokyo","Office","CL4","ZoneC","EHP","MUL",2354792.52387624,0,0,0,0,1
"59138","Tokyo","Office","CL4","ZoneC","EHP","MUL",7319050.07051026,1,0,0,0,1
"59140","Tokyo","Office","CL4","ZoneC","EHP","MUL",178571.347508209,0,0,0,1,1
"59141","Tokyo","Office","CL4","ZoneC","EHP","MUL",333725.222156381,1,0,1,0,1
"59142","Tokyo","Office","CL4","ZoneC","EHP","MUL",223196.113375496,1,0,0,1,1
"59144","Tokyo","Office","CL4","ZoneC","EHP","MUL",96640.0859469687,1,0,1,1,1
"59153","Tokyo","Office","CL4","ZoneC","EHP","MUL",1356123.79423466,0,0,0,0,2
"59154","Tokyo","Office","CL4","ZoneC","EHP","MUL",4215037.14283727,1,0,0,0,2
"59156","Tokyo","Office","CL4","ZoneC","EHP","MUL",102839.146493382,0,0,0,1,2
"59157","Tokyo","Office","CL4","ZoneC","EHP","MUL",192192.182501725,1,0,1,0,2
"59158","Tokyo","Office","CL4","ZoneC","EHP","MUL",128538.526031568,1,0,0,1,2
"59160","Tokyo","Office","CL4","ZoneC","EHP","MUL",55654.975417467,1,0,1,1,2
"59201","Tokyo","Office","CL4","ZoneC","GHP","MUL",205952.475384755,0,0,0,0,1
"59202","Tokyo","Office","CL4","ZoneC","GHP","MUL",640131.333950924,1,0,0,0,1
"59205","Tokyo","Office","CL4","ZoneC","GHP","MUL",29187.9369008251,1,0,1,0,1
"59217","Tokyo","Office","CL4","ZoneC","GHP","MUL",122699.623227426,0,0,0,0,2
"59218","Tokyo","Office","CL4","ZoneC","GHP","MUL",381368.921859833,1,0,0,0,2
"59265","Tokyo","Office","CL4","ZoneC","ABCH","CAV",59222.0526239169,0,0,0,0,1
"59266","Tokyo","Office","CL4","ZoneC","ABCH","CAV",129820.698091968,1,0,0,0,1
"59274","Tokyo","Office","CL4","ZoneC","ABCH","CAV",49425.4603227286,1,1,0,0,1
"59281","Tokyo","Office","CL4","ZoneC","ABCH","CAV",67465.888422927,0,0,0,0,2
"59282","Tokyo","Office","CL4","ZoneC","ABCH","CAV",96067.4272277462,1,0,0,0,2
"59329","Tokyo","Office","CL4","ZoneC","ABCH","VAV",55196.2831575664,0,0,0,0,1
"59330","Tokyo","Office","CL4","ZoneC","ABCH","VAV",47419.8681558381,1,0,0,0,1
"59345","Tokyo","Office","CL4","ZoneC","ABCH","VAV",70370.6351068947,0,0,0,0,2
"59585","Tokyo","Office","CL4","ZoneC","ABCH","OHUFCU",65069.7637614326,0,0,0,0,1
"59649","Tokyo","Office","CL4","ZoneC","AHP","CAV",91383.6711864819,0,0,0,0,1
"59650","Tokyo","Office","CL4","ZoneC","AHP","CAV",195525.496505896,1,0,0,0,1
"59653","Tokyo","Office","CL4","ZoneC","AHP","CAV",29772.2972453611,1,0,1,0,1
"59657","Tokyo","Office","CL4","ZoneC","AHP","CAV",28202.0387784944,0,1,0,0,1
"59658","Tokyo","Office","CL4","ZoneC","AHP","CAV",60341.3888176047,1,1,0,0,1
"59665","Tokyo","Office","CL4","ZoneC","AHP","CAV",64778.5197639577,0,0,0,0,2
"59666","Tokyo","Office","CL4","ZoneC","AHP","CAV",142001.033137529,1,0,0,0,2
"59674","Tokyo","Office","CL4","ZoneC","AHP","CAV",54062.7691291058,1,1,0,0,2
"59713","Tokyo","Office","CL4","ZoneC","AHP","VAV",97522.330137401,0,0,0,0,1
"59714","Tokyo","Office","CL4","ZoneC","AHP","VAV",76851.5149428444,1,0,0,0,1
"59729","Tokyo","Office","CL4","ZoneC","AHP","VAV",60375.0353289075,0,0,0,0,2
"59730","Tokyo","Office","CL4","ZoneC","AHP","VAV",51869.0036977319,1,0,0,0,2
"59778","Tokyo","Office","CL4","ZoneC","AHP","FCU",36159.2938430209,1,0,0,0,1
"59786","Tokyo","Office","CL4","ZoneC","AHP","FCU",45091.5607677564,1,1,0,0,1
"59969","Tokyo","Office","CL4","ZoneC","AHP","OHUFCU",110571.920309996,0,0,0,0,1
"59985","Tokyo","Office","CL4","ZoneC","AHP","OHUFCU",71174.8882569757,0,0,0,0,2
"61185","Tokyo","Office","CL4","ZoneC","AHP+TESICE","CAV",52883.7197406715,0,0,0,0,1
"61186","Tokyo","Office","CL4","ZoneC","AHP+TESICE","CAV",59623.8227624868,1,0,0,0,1
"61202","Tokyo","Office","CL4","ZoneC","AHP+TESICE","CAV",64793.0354255785,1,0,0,0,2
"61953","Tokyo","Office","CL5","ZoneC","EHP","MUL",2076058.33809441,0,0,0,0,1
"61954","Tokyo","Office","CL5","ZoneC","EHP","MUL",6606085.63685832,1,0,0,0,1
"61956","Tokyo","Office","CL5","ZoneC","EHP","MUL",179409.744845561,0,0,0,1,1
"61957","Tokyo","Office","CL5","ZoneC","EHP","MUL",522553.272646176,1,0,1,0,1
"61958","Tokyo","Office","CL5","ZoneC","EHP","MUL",373754.797095506,1,0,0,1,1
"61960","Tokyo","Office","CL5","ZoneC","EHP","MUL",236626.008239056,1,0,1,1,1
"61969","Tokyo","Office","CL5","ZoneC","EHP","MUL",2501628.78497842,0,0,0,0,2
"61970","Tokyo","Office","CL5","ZoneC","EHP","MUL",7960264.73917211,1,0,0,0,2
"61972","Tokyo","Office","CL5","ZoneC","EHP","MUL",216186.883468434,0,0,0,1,2
"61973","Tokyo","Office","CL5","ZoneC","EHP","MUL",629671.27876389,1,0,1,0,2
"61974","Tokyo","Office","CL5","ZoneC","EHP","MUL",450370.657597274,1,0,0,1,2
"61976","Tokyo","Office","CL5","ZoneC","EHP","MUL",285131.887974162,1,0,1,1,2
"62017","Tokyo","Office","CL5","ZoneC","GHP","MUL",146199.124913324,0,0,0,0,1
"62018","Tokyo","Office","CL5","ZoneC","GHP","MUL",465210.40449069,1,0,0,0,1
"62021","Tokyo","Office","CL5","ZoneC","GHP","MUL",36798.9809243938,1,0,1,0,1
"62033","Tokyo","Office","CL5","ZoneC","GHP","MUL",169294.272241382,0,0,0,0,2
"62034","Tokyo","Office","CL5","ZoneC","GHP","MUL",538699.919811847,1,0,0,0,2
"62037","Tokyo","Office","CL5","ZoneC","GHP","MUL",42612.1339543802,1,0,1,0,2
"62038","Tokyo","Office","CL5","ZoneC","GHP","MUL",30478.2121051031,1,0,0,1,2
"62081","Tokyo","Office","CL5","ZoneC","ABCH","CAV",86158.2104094499,0,0,0,0,1
"62082","Tokyo","Office","CL5","ZoneC","ABCH","CAV",180932.647496183,1,0,0,0,1
"62085","Tokyo","Office","CL5","ZoneC","ABCH","CAV",47945.7353436849,1,0,1,0,1
"62090","Tokyo","Office","CL5","ZoneC","ABCH","CAV",64678.878820674,1,1,0,0,1
"62097","Tokyo","Office","CL5","ZoneC","ABCH","CAV",89676.7541052014,0,0,0,0,2
"62098","Tokyo","Office","CL5","ZoneC","ABCH","CAV",188321.605822707,1,0,0,0,2
"62101","Tokyo","Office","CL5","ZoneC","ABCH","CAV",49903.7514634484,1,0,1,0,2
"62102","Tokyo","Office","CL5","ZoneC","ABCH","CAV",31151.1695892379,1,0,0,1,2
"62105","Tokyo","Office","CL5","ZoneC","ABCH","CAV",31179.6822870203,0,1,0,0,2
"62106","Tokyo","Office","CL5","ZoneC","ABCH","CAV",67320.2459085143,1,1,0,0,2
"62145","Tokyo","Office","CL5","ZoneC","ABCH","VAV",114690.669698574,0,0,0,0,1
"62146","Tokyo","Office","CL5","ZoneC","ABCH","VAV",92269.7531290786,1,0,0,0,1
"62149","Tokyo","Office","CL5","ZoneC","ABCH","VAV",54766.6895723161,1,0,1,0,1
"62161","Tokyo","Office","CL5","ZoneC","ABCH","VAV",111005.679457865,0,0,0,0,2
"62162","Tokyo","Office","CL5","ZoneC","ABCH","VAV",89305.1428370043,1,0,0,0,2
"62164","Tokyo","Office","CL5","ZoneC","ABCH","VAV",32576.3744268084,0,0,0,1,2
"62165","Tokyo","Office","CL5","ZoneC","ABCH","VAV",53007.0458530811,1,0,1,0,2
"62168","Tokyo","Office","CL5","ZoneC","ABCH","VAV",29484.2158119278,1,0,1,1,2
"62210","Tokyo","Office","CL5","ZoneC","ABCH","FCU",43042.3685279037,1,0,0,0,1
"62218","Tokyo","Office","CL5","ZoneC","ABCH","FCU",59914.358724399,1,1,0,0,1
"62226","Tokyo","Office","CL5","ZoneC","ABCH","FCU",51865.6080646978,1,0,0,0,2
"62234","Tokyo","Office","CL5","ZoneC","ABCH","FCU",72196.1814214023,1,1,0,0,2
"62274","Tokyo","Office","CL5","ZoneC","ABCH","CAVFCU",60820.3039680825,1,0,0,0,1
"62290","Tokyo","Office","CL5","ZoneC","ABCH","CAVFCU",73287.8360525015,1,0,0,0,2
"62401","Tokyo","Office","CL5","ZoneC","ABCH","OHUFCU",85117.2226370244,0,0,0,0,1
"62405","Tokyo","Office","CL5","ZoneC","ABCH","OHUFCU",44180.1126587845,1,0,1,0,1
"62408","Tokyo","Office","CL5","ZoneC","ABCH","OHUFCU",31402.1619510975,1,0,1,1,1
"62417","Tokyo","Office","CL5","ZoneC","ABCH","OHUFCU",102565.37128029,0,0,0,0,2
"62421","Tokyo","Office","CL5","ZoneC","ABCH","OHUFCU",53236.5779529353,1,0,1,0,2
"62424","Tokyo","Office","CL5","ZoneC","ABCH","OHUFCU",37839.2797571986,1,0,1,1,2
"62465","Tokyo","Office","CL5","ZoneC","AHP","CAV",117983.143306457,0,0,0,0,1
"62466","Tokyo","Office","CL5","ZoneC","AHP","CAV",257870.841384232,1,0,0,0,1
"62469","Tokyo","Office","CL5","ZoneC","AHP","CAV",66271.8299417034,1,0,1,0,1
"62470","Tokyo","Office","CL5","ZoneC","AHP","CAV",43041.9589605728,1,0,0,1,1
"62473","Tokyo","Office","CL5","ZoneC","AHP","CAV",42892.9561344809,0,1,0,0,1
"62474","Tokyo","Office","CL5","ZoneC","AHP","CAV",93749.3473887659,1,1,0,0,1
"62481","Tokyo","Office","CL5","ZoneC","AHP","CAV",132066.572378733,0,0,0,0,2
"62482","Tokyo","Office","CL5","ZoneC","AHP","CAV",288652.405620147,1,0,0,0,2
"62485","Tokyo","Office","CL5","ZoneC","AHP","CAV",74182.5754119234,1,0,1,0,2
"62486","Tokyo","Office","CL5","ZoneC","AHP","CAV",48179.797800639,1,0,0,1,2
"62488","Tokyo","Office","CL5","ZoneC","AHP","CAV",26271.1152447093,1,0,1,1,2
"62489","Tokyo","Office","CL5","ZoneC","AHP","CAV",48013.0087834525,0,1,0,0,2
"62490","Tokyo","Office","CL5","ZoneC","AHP","CAV",104940.033172517,1,1,0,0,2
"62493","Tokyo","Office","CL5","ZoneC","AHP","CAV",26969.1912243902,1,1,1,0,2
"62529","Tokyo","Office","CL5","ZoneC","AHP","VAV",150855.569843599,0,0,0,0,1
"62530","Tokyo","Office","CL5","ZoneC","AHP","VAV",121364.76510424,1,0,0,0,1
"62532","Tokyo","Office","CL5","ZoneC","AHP","VAV",44270.9557888882,0,0,0,1,1
"62533","Tokyo","Office","CL5","ZoneC","AHP","VAV",72036.0268676848,1,0,1,0,1
"62536","Tokyo","Office","CL5","ZoneC","AHP","VAV",40068.7442248244,1,0,1,1,1
"62545","Tokyo","Office","CL5","ZoneC","AHP","VAV",181779.39847368,0,0,0,0,2
"62546","Tokyo","Office","CL5","ZoneC","AHP","VAV",146243.284350857,1,0,0,0,2
"62548","Tokyo","Office","CL5","ZoneC","AHP","VAV",53346.0429833802,0,0,0,1,2
"62549","Tokyo","Office","CL5","ZoneC","AHP","VAV",86802.6659275328,1,0,1,0,2
"62552","Tokyo","Office","CL5","ZoneC","AHP","VAV",48282.4215926246,1,0,1,1,2
"62594","Tokyo","Office","CL5","ZoneC","AHP","FCU",69245.664751669,1,0,0,0,1
"62602","Tokyo","Office","CL5","ZoneC","AHP","FCU",99353.0235329807,1,1,0,0,1
"62610","Tokyo","Office","CL5","ZoneC","AHP","FCU",83440.3084918812,1,0,0,0,2
"62618","Tokyo","Office","CL5","ZoneC","AHP","FCU",119719.363846431,1,1,0,0,2
"62658","Tokyo","Office","CL5","ZoneC","AHP","CAVFCU",99597.410909961,1,0,0,0,1
"62674","Tokyo","Office","CL5","ZoneC","AHP","CAVFCU",120013.848103314,1,0,0,0,2
"62721","Tokyo","Office","CL5","ZoneC","AHP","VAVFCU",57639.3819895928,0,0,0,0,1
"62737","Tokyo","Office","CL5","ZoneC","AHP","VAVFCU",69454.8580296081,0,0,0,0,2
"62785","Tokyo","Office","CL5","ZoneC","AHP","OHUFCU",139133.715700149,0,0,0,0,1
"62789","Tokyo","Office","CL5","ZoneC","AHP","OHUFCU",72353.5667150334,1,0,1,0,1
"62792","Tokyo","Office","CL5","ZoneC","AHP","OHUFCU",51669.1442400278,1,0,1,1,1
"62801","Tokyo","Office","CL5","ZoneC","AHP","OHUFCU",167654.685694418,0,0,0,0,2
"62805","Tokyo","Office","CL5","ZoneC","AHP","OHUFCU",87185.298153193,1,0,1,0,2
"62808","Tokyo","Office","CL5","ZoneC","AHP","OHUFCU",62260.783405874,1,0,1,1,2
"63617","Tokyo","Office","CL5","ZoneC","COM","CAV",89149.1884181528,0,0,0,0,1
"63618","Tokyo","Office","CL5","ZoneC","COM","CAV",93891.0951374989,1,0,0,0,1
"63633","Tokyo","Office","CL5","ZoneC","COM","CAV",54861.634229125,0,0,0,0,2
"63634","Tokyo","Office","CL5","ZoneC","COM","CAV",75704.4852913027,1,0,0,0,2
"63697","Tokyo","Office","CL5","ZoneC","COM","VAV",89995.5254734833,0,0,0,0,2
"64001","Tokyo","Office","CL5","ZoneC","AHP+TESICE","CAV",43374.1240477309,0,0,0,0,1
"64002","Tokyo","Office","CL5","ZoneC","AHP+TESICE","CAV",93171.55940602,1,0,0,0,1
"64010","Tokyo","Office","CL5","ZoneC","AHP+TESICE","CAV",41092.2260342012,1,1,0,0,1
"64017","Tokyo","Office","CL5","ZoneC","AHP+TESICE","CAV",52265.3700283898,0,0,0,0,2
"64018","Tokyo","Office","CL5","ZoneC","AHP+TESICE","CAV",112270.763626694,1,0,0,0,2
"64026","Tokyo","Office","CL5","ZoneC","AHP+TESICE","CAV",49515.7065674531,1,1,0,0,2
"64065","Tokyo","Office","CL5","ZoneC","AHP+TESICE","VAV",63400.6088221577,0,0,0,0,1
"64066","Tokyo","Office","CL5","ZoneC","AHP+TESICE","VAV",59040.1672926455,1,0,0,0,1
"64081","Tokyo","Office","CL5","ZoneC","AHP+TESICE","VAV",76397.0766641595,0,0,0,0,2
"64082","Tokyo","Office","CL5","ZoneC","AHP+TESICE","VAV",71142.7898046407,1,0,0,0,2
"64321","Tokyo","Office","CL5","ZoneC","AHP+TESICE","OHUFCU",75178.1922161009,0,0,0,0,1
"64337","Tokyo","Office","CL5","ZoneC","AHP+TESICE","OHUFCU",90588.9426127893,0,0,0,0,2
"64386","Tokyo","Office","CL5","ZoneC","COM+TESICE","CAV",87991.4594391541,1,0,0,0,1
"64401","Tokyo","Office","CL5","ZoneC","COM+TESICE","CAV",51640.9885514908,0,0,0,0,2
"64402","Tokyo","Office","CL5","ZoneC","COM+TESICE","CAV",54387.8082920967,1,0,0,0,2
"64769","Tokyo","Office","CL6","ZoneC","EHP","MUL",1101358.06317471,0,0,0,0,1
"64770","Tokyo","Office","CL6","ZoneC","EHP","MUL",3596091.94989757,1,0,0,0,1
"64772","Tokyo","Office","CL6","ZoneC","EHP","MUL",109400.273656235,0,0,0,1,1
"64773","Tokyo","Office","CL6","ZoneC","EHP","MUL",489575.534404347,1,0,1,0,1
"64774","Tokyo","Office","CL6","ZoneC","EHP","MUL",378368.100812551,1,0,0,1,1
"64776","Tokyo","Office","CL6","ZoneC","EHP","MUL",350749.725243126,1,0,1,1,1
"64785","Tokyo","Office","CL6","ZoneC","EHP","MUL",1327125.05368942,0,0,0,0,2
"64786","Tokyo","Office","CL6","ZoneC","EHP","MUL",4333253.53638679,1,0,0,0,2
"64788","Tokyo","Office","CL6","ZoneC","EHP","MUL",131826.196133852,0,0,0,1,2
"64789","Tokyo","Office","CL6","ZoneC","EHP","MUL",589933.445902717,1,0,1,0,2
"64790","Tokyo","Office","CL6","ZoneC","EHP","MUL",455929.640772573,1,0,0,1,2
"64792","Tokyo","Office","CL6","ZoneC","EHP","MUL",422649.784397132,1,0,1,1,2
"64833","Tokyo","Office","CL6","ZoneC","GHP","MUL",76873.7708067393,0,0,0,0,1
"64834","Tokyo","Office","CL6","ZoneC","GHP","MUL",251003.88111703,1,0,0,0,1
"64837","Tokyo","Office","CL6","ZoneC","GHP","MUL",34171.9180008551,1,0,1,0,1
"64849","Tokyo","Office","CL6","ZoneC","GHP","MUL",81215.9247313119,0,0,0,0,2
"64850","Tokyo","Office","CL6","ZoneC","GHP","MUL",265181.636104686,1,0,0,0,2
"64853","Tokyo","Office","CL6","ZoneC","GHP","MUL",36102.0916647776,1,0,1,0,2
"64854","Tokyo","Office","CL6","ZoneC","GHP","MUL",27901.4756633665,1,0,0,1,2
"64856","Tokyo","Office","CL6","ZoneC","GHP","MUL",25864.8519835235,1,0,1,1,2
"64897","Tokyo","Office","CL6","ZoneC","ABCH","CAV",61480.4874471616,0,0,0,0,1
"64898","Tokyo","Office","CL6","ZoneC","ABCH","CAV",137248.3273504,1,0,0,0,1
"64901","Tokyo","Office","CL6","ZoneC","ABCH","CAV",59423.1236890498,1,0,1,0,1
"64902","Tokyo","Office","CL6","ZoneC","ABCH","CAV",41953.3548785662,1,0,0,1,1
"64904","Tokyo","Office","CL6","ZoneC","ABCH","CAV",34920.7443665402,1,0,1,1,1
"64906","Tokyo","Office","CL6","ZoneC","ABCH","CAV",58697.2025505196,1,1,0,0,1
"64913","Tokyo","Office","CL6","ZoneC","ABCH","CAV",65483.5077475597,0,0,0,0,2
"64914","Tokyo","Office","CL6","ZoneC","ABCH","CAV",146184.623456566,1,0,0,0,2
"64917","Tokyo","Office","CL6","ZoneC","ABCH","CAV",63292.1881730416,1,0,1,0,2
"64918","Tokyo","Office","CL6","ZoneC","ABCH","CAV",44684.9553947954,1,0,0,1,2
"64920","Tokyo","Office","CL6","ZoneC","ABCH","CAV",37194.4486653943,1,0,1,1,2
"64921","Tokyo","Office","CL6","ZoneC","ABCH","CAV",28005.4321402689,0,1,0,0,2
"64922","Tokyo","Office","CL6","ZoneC","ABCH","CAV",62519.0020049923,1,1,0,0,2
"64925","Tokyo","Office","CL6","ZoneC","ABCH","CAV",27068.2671386872,1,1,1,0,2
"64961","Tokyo","Office","CL6","ZoneC","ABCH","VAV",113183.544615056,0,0,0,0,1
"64962","Tokyo","Office","CL6","ZoneC","ABCH","VAV",92843.9208527812,1,0,0,0,1
"64964","Tokyo","Office","CL6","ZoneC","ABCH","VAV",37173.9663821031,0,0,0,1,1
"64965","Tokyo","Office","CL6","ZoneC","ABCH","VAV",92695.2937529181,1,0,1,0,1
"64968","Tokyo","Office","CL6","ZoneC","ABCH","VAV",82980.9251762605,1,0,1,1,1
"64977","Tokyo","Office","CL6","ZoneC","ABCH","VAV",136384.998436416,0,0,0,0,2
"64978","Tokyo","Office","CL6","ZoneC","ABCH","VAV",111875.962565081,1,0,0,0,2
"64980","Tokyo","Office","CL6","ZoneC","ABCH","VAV",44794.2442882643,0,0,0,1,2
"64981","Tokyo","Office","CL6","ZoneC","ABCH","VAV",111696.868449842,1,0,1,0,2
"64984","Tokyo","Office","CL6","ZoneC","ABCH","VAV",99991.1549767019,1,0,1,1,2
"65026","Tokyo","Office","CL6","ZoneC","ABCH","FCU",49642.4080878689,1,0,0,0,1
"65034","Tokyo","Office","CL6","ZoneC","ABCH","FCU",81637.0746335114,1,1,0,0,1
"65042","Tokyo","Office","CL6","ZoneC","ABCH","FCU",59818.5873438642,1,0,0,0,2
"65050","Tokyo","Office","CL6","ZoneC","ABCH","FCU",98371.8289978686,1,1,0,0,2
"65090","Tokyo","Office","CL6","ZoneC","ABCH","CAVFCU",82937.3879887453,1,0,0,0,1
"65106","Tokyo","Office","CL6","ZoneC","ABCH","CAVFCU",99938.6931168849,1,0,0,0,2
"65153","Tokyo","Office","CL6","ZoneC","ABCH","VAVFCU",83459.3903353956,0,0,0,0,1
"65169","Tokyo","Office","CL6","ZoneC","ABCH","VAVFCU",100567.700535533,0,0,0,0,2
"65217","Tokyo","Office","CL6","ZoneC","ABCH","OHUFCU",85136.9760387201,0,0,0,0,1
"65221","Tokyo","Office","CL6","ZoneC","ABCH","OHUFCU",71912.9265015952,1,0,1,0,1
"65224","Tokyo","Office","CL6","ZoneC","ABCH","OHUFCU",81619.1886541449,1,0,1,1,1
"65233","Tokyo","Office","CL6","ZoneC","ABCH","OHUFCU",102589.173924646,0,0,0,0,2
"65237","Tokyo","Office","CL6","ZoneC","ABCH","OHUFCU",86654.3312619793,1,0,1,0,2
"65240","Tokyo","Office","CL6","ZoneC","ABCH","OHUFCU",98350.2765780692,1,0,1,1,2
"65281","Tokyo","Office","CL6","ZoneC","AHP","CAV",80427.6767149712,0,0,0,0,1
"65282","Tokyo","Office","CL6","ZoneC","AHP","CAV",179545.812991405,1,0,0,0,1
"65285","Tokyo","Office","CL6","ZoneC","AHP","CAV",77736.2701550487,1,0,1,0,1
"65286","Tokyo","Office","CL6","ZoneC","AHP","CAV",54882.6303009013,1,0,0,1,1
"65288","Tokyo","Office","CL6","ZoneC","AHP","CAV",45682.6947081713,1,0,1,1,1
"65289","Tokyo","Office","CL6","ZoneC","AHP","CAV",34396.6277909807,0,1,0,0,1
"65290","Tokyo","Office","CL6","ZoneC","AHP","CAV",76786.6330738456,1,1,0,0,1
"65293","Tokyo","Office","CL6","ZoneC","AHP","CAV",33245.589821751,1,1,1,0,1
"65297","Tokyo","Office","CL6","ZoneC","AHP","CAV",93161.8883687089,0,0,0,0,2
"65298","Tokyo","Office","CL6","ZoneC","AHP","CAV",207973.519442227,1,0,0,0,2
"65301","Tokyo","Office","CL6","ZoneC","AHP","CAV",90044.348142116,1,0,1,0,2
"65302","Tokyo","Office","CL6","ZoneC","AHP","CAV",63572.2637568357,1,0,0,1,2
"65304","Tokyo","Office","CL6","ZoneC","AHP","CAV",52915.6911975331,1,0,1,1,2
"65305","Tokyo","Office","CL6","ZoneC","AHP","CAV",39842.6876096357,0,1,0,0,2
"65306","Tokyo","Office","CL6","ZoneC","AHP","CAV",88944.3538694556,1,1,0,0,2
"65309","Tokyo","Office","CL6","ZoneC","AHP","CAV",38509.4044019466,1,1,1,0,2
"65310","Tokyo","Office","CL6","ZoneC","AHP","CAV",27188.0474929458,1,1,0,1,2
"65345","Tokyo","Office","CL6","ZoneC","AHP","VAV",167509.788957886,0,0,0,0,1
"65346","Tokyo","Office","CL6","ZoneC","AHP","VAV",137407.479514503,1,0,0,0,1
"65348","Tokyo","Office","CL6","ZoneC","AHP","VAV",55016.8603092621,0,0,0,1,1
"65349","Tokyo","Office","CL6","ZoneC","AHP","VAV",137187.513845322,1,0,1,0,1
"65352","Tokyo","Office","CL6","ZoneC","AHP","VAV",122810.40774152,1,0,1,1,1
"65361","Tokyo","Office","CL6","ZoneC","AHP","VAV",193731.803015592,0,0,0,0,2
"65362","Tokyo","Office","CL6","ZoneC","AHP","VAV",158917.272356333,1,0,0,0,2
"65364","Tokyo","Office","CL6","ZoneC","AHP","VAV",63629.2100317188,0,0,0,1,2
"65365","Tokyo","Office","CL6","ZoneC","AHP","VAV",158662.873219681,1,0,1,0,2
"65366","Tokyo","Office","CL6","ZoneC","AHP","VAV",30035.366036455,1,0,0,1,2
"65368","Tokyo","Office","CL6","ZoneC","AHP","VAV",142035.172206122,1,0,1,1,2
"65410","Tokyo","Office","CL6","ZoneC","AHP","FCU",73469.9494563633,1,0,0,0,1
"65418","Tokyo","Office","CL6","ZoneC","AHP","FCU",120821.530987638,1,1,0,0,1
"65426","Tokyo","Office","CL6","ZoneC","AHP","FCU",74367.0781268766,1,0,0,0,2
"65433","Tokyo","Office","CL6","ZoneC","AHP","FCU",37455.2810133665,0,1,0,0,2
"65434","Tokyo","Office","CL6","ZoneC","AHP","FCU",122296.861517554,1,1,0,0,2
"65474","Tokyo","Office","CL6","ZoneC","AHP","CAVFCU",122745.973418339,1,0,0,0,1
"65490","Tokyo","Office","CL6","ZoneC","AHP","CAVFCU",147907.626057061,1,0,0,0,2
"65537","Tokyo","Office","CL6","ZoneC","AHP","VAVFCU",123518.528326566,0,0,0,0,1
"65553","Tokyo","Office","CL6","ZoneC","AHP","VAVFCU",44133.9053860566,0,0,0,0,2
"65554","Tokyo","Office","CL6","ZoneC","AHP","VAVFCU",36202.8317148328,1,0,0,0,2
"65557","Tokyo","Office","CL6","ZoneC","AHP","VAVFCU",36144.8772269657,1,0,1,0,2
"65560","Tokyo","Office","CL6","ZoneC","AHP","VAVFCU",32356.9323882911,1,0,1,1,2
"65601","Tokyo","Office","CL6","ZoneC","AHP","OHUFCU",126001.327642301,0,0,0,0,1
"65605","Tokyo","Office","CL6","ZoneC","AHP","OHUFCU",106429.951302513,1,0,1,0,1
"65608","Tokyo","Office","CL6","ZoneC","AHP","OHUFCU",120795.060031643,1,0,1,1,1
"65617","Tokyo","Office","CL6","ZoneC","AHP","OHUFCU",151830.29416447,0,0,0,0,2
"65621","Tokyo","Office","CL6","ZoneC","AHP","OHUFCU",128246.988476539,1,0,1,0,2
"65624","Tokyo","Office","CL6","ZoneC","AHP","OHUFCU",145556.795641746,1,0,1,1,2
"65729","Tokyo","Office","CL6","ZoneC","TB","VAV",75164.2332377009,0,0,0,0,1
"65745","Tokyo","Office","CL6","ZoneC","TB","VAV",90572.1221884626,0,0,0,0,2
"66113","Tokyo","Office","CL6","ZoneC","AB","VAV",61094.7276382203,0,0,0,0,1
"66129","Tokyo","Office","CL6","ZoneC","AB","VAV",73618.5137313986,0,0,0,0,2
"66434","Tokyo","Office","CL6","ZoneC","COM","CAV",168986.893016382,1,0,0,0,1
"66450","Tokyo","Office","CL6","ZoneC","COM","CAV",181021.9676748,1,0,0,0,2
"66497","Tokyo","Office","CL6","ZoneC","COM","VAV",51678.0877155275,0,0,0,0,1
"66498","Tokyo","Office","CL6","ZoneC","COM","VAV",49246.4704209463,1,0,0,0,1
"66501","Tokyo","Office","CL6","ZoneC","COM","VAV",41987.503484113,1,0,1,0,1
"66504","Tokyo","Office","CL6","ZoneC","COM","VAV",36871.1604935636,1,0,1,1,1
"66513","Tokyo","Office","CL6","ZoneC","COM","VAV",56284.3506862289,0,0,0,0,2
"66514","Tokyo","Office","CL6","ZoneC","COM","VAV",48976.8917415509,1,0,0,0,2
"66517","Tokyo","Office","CL6","ZoneC","COM","VAV",46389.1979705381,1,0,1,0,2
"66520","Tokyo","Office","CL6","ZoneC","COM","VAV",40936.7599525652,1,0,1,1,2
"66586","Tokyo","Office","CL6","ZoneC","COM","FCU",60358.3122513137,1,1,0,0,2
"66753","Tokyo","Office","CL6","ZoneC","COM","OHUFCU",53347.7648043655,0,0,0,0,1
"66760","Tokyo","Office","CL6","ZoneC","COM","OHUFCU",49089.5415407815,1,0,1,1,1
"66769","Tokyo","Office","CL6","ZoneC","COM","OHUFCU",39410.9497011582,0,0,0,0,2
"66773","Tokyo","Office","CL6","ZoneC","COM","OHUFCU",33368.0086269386,1,0,1,0,2
"66776","Tokyo","Office","CL6","ZoneC","COM","OHUFCU",36953.8287946724,1,0,1,1,2
"66817","Tokyo","Office","CL6","ZoneC","AHP+TESICE","CAV",49248.6976361171,0,0,0,0,1
"66818","Tokyo","Office","CL6","ZoneC","AHP+TESICE","CAV",102601.808102988,1,0,0,0,1
"66821","Tokyo","Office","CL6","ZoneC","AHP+TESICE","CAV",46833.6308051712,1,0,1,0,1
"66826","Tokyo","Office","CL6","ZoneC","AHP+TESICE","CAV",42600.3237546214,1,1,0,0,1
"66833","Tokyo","Office","CL6","ZoneC","AHP+TESICE","CAV",49456.355067859,0,0,0,0,2
"66834","Tokyo","Office","CL6","ZoneC","AHP+TESICE","CAV",110405.793638912,1,0,0,0,2
"66837","Tokyo","Office","CL6","ZoneC","AHP+TESICE","CAV",47801.3631061836,1,0,1,0,2
"66842","Tokyo","Office","CL6","ZoneC","AHP+TESICE","CAV",47217.4150103056,1,1,0,0,2
"66881","Tokyo","Office","CL6","ZoneC","AHP+TESICE","VAV",75021.4979598361,0,0,0,0,1
"66882","Tokyo","Office","CL6","ZoneC","AHP+TESICE","VAV",65281.3746462372,1,0,0,0,1
"66885","Tokyo","Office","CL6","ZoneC","AHP+TESICE","VAV",61832.2336222077,1,0,1,0,1
"66888","Tokyo","Office","CL6","ZoneC","AHP+TESICE","VAV",54564.6705668599,1,0,1,1,1
"66897","Tokyo","Office","CL6","ZoneC","AHP+TESICE","VAV",80406.3624094382,0,0,0,0,2
"66898","Tokyo","Office","CL6","ZoneC","AHP+TESICE","VAV",65956.9549000397,1,0,0,0,2
"66901","Tokyo","Office","CL6","ZoneC","AHP+TESICE","VAV",65851.3691941309,1,0,1,0,2
"66904","Tokyo","Office","CL6","ZoneC","AHP+TESICE","VAV",58950.2154706797,1,0,1,1,2
"66954","Tokyo","Office","CL6","ZoneC","AHP+TESICE","FCU",80451.687622098,1,1,0,0,1
"66970","Tokyo","Office","CL6","ZoneC","AHP+TESICE","FCU",84985.1692902805,1,1,0,0,2
"67026","Tokyo","Office","CL6","ZoneC","AHP+TESICE","CAVFCU",53690.4001494002,1,0,0,0,2
"67089","Tokyo","Office","CL6","ZoneC","AHP+TESICE","VAVFCU",54028.3239199727,0,0,0,0,2
"67137","Tokyo","Office","CL6","ZoneC","AHP+TESICE","OHUFCU",52530.915726173,0,0,0,0,1
"67141","Tokyo","Office","CL6","ZoneC","AHP+TESICE","OHUFCU",44476.2702351325,1,0,1,0,1
"67144","Tokyo","Office","CL6","ZoneC","AHP+TESICE","OHUFCU",49255.8154749393,1,0,1,1,1
"67153","Tokyo","Office","CL6","ZoneC","AHP+TESICE","OHUFCU",55114.3268660582,0,0,0,0,2
"67157","Tokyo","Office","CL6","ZoneC","AHP+TESICE","OHUFCU",46553.5977611087,1,0,1,0,2
"67160","Tokyo","Office","CL6","ZoneC","AHP+TESICE","OHUFCU",52837.049791164,1,0,1,1,2
"67202","Tokyo","Office","CL6","ZoneC","COM+TESICE","CAV",119064.62451049,1,0,0,0,1
"67218","Tokyo","Office","CL6","ZoneC","COM+TESICE","CAV",143471.638769788,1,0,0,0,2
"67265","Tokyo","Office","CL6","ZoneC","COM+TESICE","VAV",64861.7203340655,0,0,0,0,1
"67266","Tokyo","Office","CL6","ZoneC","COM+TESICE","VAV",61809.7714734809,1,0,0,0,1
"67281","Tokyo","Office","CL6","ZoneC","COM+TESICE","VAV",55195.0013065262,0,0,0,0,2
"67282","Tokyo","Office","CL6","ZoneC","COM+TESICE","VAV",52597.9021164361,1,0,0,0,2
"67285","Tokyo","Office","CL6","ZoneC","COM+TESICE","VAV",44844.9316162883,1,0,1,0,2
"67521","Tokyo","Office","CL6","ZoneC","COM+TESICE","OHUFCU",72175.1799689496,0,0,0,0,1
"67537","Tokyo","Office","CL6","ZoneC","COM+TESICE","OHUFCU",86970.3439726317,0,0,0,0,2
"67585","Tokyo","Office","CL7","ZoneC","EHP","MUL",611032.035189981,0,0,0,0,1
"67586","Tokyo","Office","CL7","ZoneC","EHP","MUL",2008351.84253959,1,0,0,0,1
"67588","Tokyo","Office","CL7","ZoneC","EHP","MUL",63961.3595527594,0,0,0,1,1
"67589","Tokyo","Office","CL7","ZoneC","EHP","MUL",446905.345846578,1,0,1,0,1
"67590","Tokyo","Office","CL7","ZoneC","EHP","MUL",339923.806032725,1,0,0,1,1
"67592","Tokyo","Office","CL7","ZoneC","EHP","MUL",438067.91866521,1,0,1,1,1
"67601","Tokyo","Office","CL7","ZoneC","EHP","MUL",736287.270799074,0,0,0,0,2
"67602","Tokyo","Office","CL7","ZoneC","EHP","MUL",2420043.15941962,1,0,0,0,2
"67604","Tokyo","Office","CL7","ZoneC","EHP","MUL",77072.7754839518,0,0,0,1,2
"67605","Tokyo","Office","CL7","ZoneC","EHP","MUL",538516.310845446,1,0,1,0,2
"67606","Tokyo","Office","CL7","ZoneC","EHP","MUL",409604.663928385,1,0,0,1,2
"67608","Tokyo","Office","CL7","ZoneC","EHP","MUL",527867.302666634,1,0,1,1,2
"67649","Tokyo","Office","CL7","ZoneC","GHP","MUL",44105.6182230278,0,0,0,0,1
"67650","Tokyo","Office","CL7","ZoneC","GHP","MUL",144967.194063769,1,0,0,0,1
"67653","Tokyo","Office","CL7","ZoneC","GHP","MUL",32258.5976357375,1,0,1,0,1
"67656","Tokyo","Office","CL7","ZoneC","GHP","MUL",31620.692964808,1,0,1,1,1
"67665","Tokyo","Office","CL7","ZoneC","GHP","MUL",48447.3991323199,0,0,0,0,2
"67666","Tokyo","Office","CL7","ZoneC","GHP","MUL",159237.843042703,1,0,0,0,2
"67669","Tokyo","Office","CL7","ZoneC","GHP","MUL",35434.15143179,1,0,1,0,2
"67670","Tokyo","Office","CL7","ZoneC","GHP","MUL",26951.8181650237,1,0,0,1,2
"67672","Tokyo","Office","CL7","ZoneC","GHP","MUL",34733.4510800885,1,0,1,1,2
"67713","Tokyo","Office","CL7","ZoneC","ABCH","CAV",43081.7665427085,0,0,0,0,1
"67714","Tokyo","Office","CL7","ZoneC","ABCH","CAV",96263.5257458095,1,0,0,0,1
"67717","Tokyo","Office","CL7","ZoneC","ABCH","CAV",67628.086787478,1,0,1,0,1
"67718","Tokyo","Office","CL7","ZoneC","ABCH","CAV",46295.440803565,1,0,0,1,1
"67720","Tokyo","Office","CL7","ZoneC","ABCH","CAV",55601.5140850578,1,0,1,1,1
"67722","Tokyo","Office","CL7","ZoneC","ABCH","CAV",46798.2164670788,1,1,0,0,1
"67725","Tokyo","Office","CL7","ZoneC","ABCH","CAV",32877.1860392052,1,1,1,0,1
"67729","Tokyo","Office","CL7","ZoneC","ABCH","CAV",48536.4772551064,0,0,0,0,2
"67730","Tokyo","Office","CL7","ZoneC","ABCH","CAV",108451.73730808,1,0,0,0,2
"67733","Tokyo","Office","CL7","ZoneC","ABCH","CAV",76190.6801781863,1,0,1,0,2
"67734","Tokyo","Office","CL7","ZoneC","ABCH","CAV",52157.0443809403,1,0,0,1,2
"67736","Tokyo","Office","CL7","ZoneC","ABCH","CAV",62641.3873039206,1,0,1,1,2
"67738","Tokyo","Office","CL7","ZoneC","ABCH","CAV",52723.4779679285,1,1,0,0,2
"67741","Tokyo","Office","CL7","ZoneC","ABCH","CAV",37039.8644359643,1,1,1,0,2
"67744","Tokyo","Office","CL7","ZoneC","ABCH","CAV",30452.9174485863,1,1,1,1,2
"67777","Tokyo","Office","CL7","ZoneC","ABCH","VAV",117492.927003995,0,0,0,0,1
"67778","Tokyo","Office","CL7","ZoneC","ABCH","VAV",96221.1775488539,1,0,0,0,1
"67780","Tokyo","Office","CL7","ZoneC","ABCH","VAV",39073.7762359775,0,0,0,1,1
"67781","Tokyo","Office","CL7","ZoneC","ABCH","VAV",156171.751114882,1,0,1,0,1
"67784","Tokyo","Office","CL7","ZoneC","ABCH","VAV",188534.063530088,1,0,1,1,1
"67793","Tokyo","Office","CL7","ZoneC","ABCH","VAV",129474.50835893,0,0,0,0,2
"67794","Tokyo","Office","CL7","ZoneC","ABCH","VAV",106033.52877941,1,0,0,0,2
"67796","Tokyo","Office","CL7","ZoneC","ABCH","VAV",43058.4044238512,0,0,0,1,2
"67797","Tokyo","Office","CL7","ZoneC","ABCH","VAV",172097.68460756,1,0,1,0,2
"67798","Tokyo","Office","CL7","ZoneC","ABCH","VAV",31156.750233926,1,0,0,1,2
"67800","Tokyo","Office","CL7","ZoneC","ABCH","VAV",207760.209971103,1,0,1,1,2
"67808","Tokyo","Office","CL7","ZoneC","ABCH","VAV",30392.6253043821,1,1,1,1,2
"67842","Tokyo","Office","CL7","ZoneC","ABCH","FCU",51984.7100646114,1,0,0,0,1
"67850","Tokyo","Office","CL7","ZoneC","ABCH","FCU",93948.8107956825,1,1,0,0,1
"67858","Tokyo","Office","CL7","ZoneC","ABCH","FCU",62641.0369545572,1,0,0,0,2
"67866","Tokyo","Office","CL7","ZoneC","ABCH","FCU",113207.343497243,1,1,0,0,2
"67906","Tokyo","Office","CL7","ZoneC","ABCH","CAVFCU",98452.9535708498,1,0,0,0,1
"67922","Tokyo","Office","CL7","ZoneC","ABCH","CAVFCU",118634.788868722,1,0,0,0,2
"67969","Tokyo","Office","CL7","ZoneC","ABCH","VAVFCU",40430.5993676971,0,0,0,0,1
"67973","Tokyo","Office","CL7","ZoneC","ABCH","VAVFCU",53740.4051706261,1,0,1,0,1
"67976","Tokyo","Office","CL7","ZoneC","ABCH","VAVFCU",64876.630314008,1,0,1,1,1
"67985","Tokyo","Office","CL7","ZoneC","ABCH","VAVFCU",40323.7904517383,0,0,0,0,2
"67986","Tokyo","Office","CL7","ZoneC","ABCH","VAVFCU",33023.2865878603,1,0,0,0,2
"67989","Tokyo","Office","CL7","ZoneC","ABCH","VAVFCU",53598.4346208636,1,0,1,0,2
"67992","Tokyo","Office","CL7","ZoneC","ABCH","VAVFCU",64705.2402613432,1,0,1,1,2
"68033","Tokyo","Office","CL7","ZoneC","ABCH","OHUFCU",69946.1646179014,0,0,0,0,1
"68037","Tokyo","Office","CL7","ZoneC","ABCH","OHUFCU",93937.5358747459,1,0,1,0,1
"68040","Tokyo","Office","CL7","ZoneC","ABCH","OHUFCU",137350.075261894,1,0,1,1,1
"68049","Tokyo","Office","CL7","ZoneC","ABCH","OHUFCU",84284.4035720076,0,0,0,0,2
"68053","Tokyo","Office","CL7","ZoneC","ABCH","OHUFCU",113193.757334347,1,0,1,0,2
"68056","Tokyo","Office","CL7","ZoneC","ABCH","OHUFCU",165505.41744867,1,0,1,1,2
"68097","Tokyo","Office","CL7","ZoneC","AHP","CAV",50986.5172423041,0,0,0,0,1
"68098","Tokyo","Office","CL7","ZoneC","AHP","CAV",113926.199158479,1,0,0,0,1
"68101","Tokyo","Office","CL7","ZoneC","AHP","CAV",80036.6579591285,1,0,1,0,1
"68102","Tokyo","Office","CL7","ZoneC","AHP","CAV",54789.844525782,1,0,0,1,1
"68104","Tokyo","Office","CL7","ZoneC","AHP","CAV",65803.4194996541,1,0,1,1,1
"68106","Tokyo","Office","CL7","ZoneC","AHP","CAV",55384.8707304607,1,1,0,0,1
"68109","Tokyo","Office","CL7","ZoneC","AHP","CAV",38909.5746852581,1,1,1,0,1
"68112","Tokyo","Office","CL7","ZoneC","AHP","CAV",31990.1296587703,1,1,1,1,1
"68113","Tokyo","Office","CL7","ZoneC","AHP","CAV",55622.618155215,0,0,0,0,2
"68114","Tokyo","Office","CL7","ZoneC","AHP","CAV",124285.278077579,1,0,0,0,2
"68117","Tokyo","Office","CL7","ZoneC","AHP","CAV",87314.2294250764,1,0,1,0,2
"68118","Tokyo","Office","CL7","ZoneC","AHP","CAV",59771.7742978643,1,0,0,1,2
"68120","Tokyo","Office","CL7","ZoneC","AHP","CAV",71786.7913735402,1,0,1,1,2
"68121","Tokyo","Office","CL7","ZoneC","AHP","CAV",27040.7644507736,0,1,0,0,2
"68122","Tokyo","Office","CL7","ZoneC","AHP","CAV",60420.9050321311,1,1,0,0,2
"68125","Tokyo","Office","CL7","ZoneC","AHP","CAV",42447.543632265,1,1,1,0,2
"68126","Tokyo","Office","CL7","ZoneC","AHP","CAV",29057.863926562,1,1,0,1,2
"68128","Tokyo","Office","CL7","ZoneC","AHP","CAV",34898.9274613413,1,1,1,1,2
"68161","Tokyo","Office","CL7","ZoneC","AHP","VAV",136010.164441568,0,0,0,0,1
"68162","Tokyo","Office","CL7","ZoneC","AHP","VAV",111385.923518067,1,0,0,0,1
"68164","Tokyo","Office","CL7","ZoneC","AHP","VAV",45231.9204800101,0,0,0,1,1
"68165","Tokyo","Office","CL7","ZoneC","AHP","VAV",180784.88715785,1,0,1,0,1
"68166","Tokyo","Office","CL7","ZoneC","AHP","VAV",32729.4907429462,1,0,0,1,1
"68168","Tokyo","Office","CL7","ZoneC","AHP","VAV",218247.597003795,1,0,1,1,1
"68176","Tokyo","Office","CL7","ZoneC","AHP","VAV",31926.7940682228,1,1,1,1,1
"68177","Tokyo","Office","CL7","ZoneC","AHP","VAV",158353.613348107,0,0,0,0,2
"68178","Tokyo","Office","CL7","ZoneC","AHP","VAV",129684.15660419,1,0,0,0,2
"68180","Tokyo","Office","CL7","ZoneC","AHP","VAV",52662.5203056863,0,0,0,1,2
"68181","Tokyo","Office","CL7","ZoneC","AHP","VAV",210483.82845294,1,0,1,0,2
"68182","Tokyo","Office","CL7","ZoneC","AHP","VAV",38106.2190717045,1,0,0,1,2
"68184","Tokyo","Office","CL7","ZoneC","AHP","VAV",254100.829390145,1,0,1,1,2
"68189","Tokyo","Office","CL7","ZoneC","AHP","VAV",30791.0553791404,1,1,1,0,2
"68192","Tokyo","Office","CL7","ZoneC","AHP","VAV",37171.6571631378,1,1,1,1,2
"68226","Tokyo","Office","CL7","ZoneC","AHP","FCU",65803.0514652424,1,0,0,0,1
"68234","Tokyo","Office","CL7","ZoneC","AHP","FCU",118921.860374001,1,1,0,0,1
"68242","Tokyo","Office","CL7","ZoneC","AHP","FCU",79291.9951546082,1,0,0,0,2
"68250","Tokyo","Office","CL7","ZoneC","AHP","FCU",143299.609464662,1,1,0,0,2
"68290","Tokyo","Office","CL7","ZoneC","AHP","CAVFCU",124623.27408724,1,0,0,0,1
"68306","Tokyo","Office","CL7","ZoneC","AHP","CAVFCU",150169.753910218,1,0,0,0,2
"68353","Tokyo","Office","CL7","ZoneC","AHP","VAVFCU",42359.2677799108,0,0,0,0,1
"68354","Tokyo","Office","CL7","ZoneC","AHP","VAVFCU",34690.24672227,1,0,0,0,1
"68357","Tokyo","Office","CL7","ZoneC","AHP","VAVFCU",56303.9937281326,1,0,1,0,1
"68360","Tokyo","Office","CL7","ZoneC","AHP","VAVFCU",67971.4522937551,1,0,1,1,1
"68369","Tokyo","Office","CL7","ZoneC","AHP","VAVFCU",51042.4787417581,0,0,0,0,2
"68370","Tokyo","Office","CL7","ZoneC","AHP","VAVFCU",41801.387834838,1,0,0,0,2
"68373","Tokyo","Office","CL7","ZoneC","AHP","VAVFCU",67845.7290120404,1,0,1,0,2
"68376","Tokyo","Office","CL7","ZoneC","AHP","VAVFCU",81904.8956836742,1,0,1,1,2
"68417","Tokyo","Office","CL7","ZoneC","AHP","OHUFCU",88538.9389385353,0,0,0,0,1
"68421","Tokyo","Office","CL7","ZoneC","AHP","OHUFCU",118907.588404382,1,0,1,0,1
"68424","Tokyo","Office","CL7","ZoneC","AHP","OHUFCU",173859.853406512,1,0,1,1,1
"68433","Tokyo","Office","CL7","ZoneC","AHP","OHUFCU",100017.271428778,0,0,0,0,2
"68437","Tokyo","Office","CL7","ZoneC","AHP","OHUFCU",134322.962156105,1,0,1,0,2
"68440","Tokyo","Office","CL7","ZoneC","AHP","OHUFCU",196399.328444609,1,0,1,1,2
"68448","Tokyo","Office","CL7","ZoneC","AHP","OHUFCU",28730.6756201273,1,1,1,1,2
"68552","Tokyo","Office","CL7","ZoneC","TB","VAV",123900.520781185,1,0,1,1,1
"68565","Tokyo","Office","CL7","ZoneC","TB","VAV",68413.7721226036,1,0,1,0,2
"68568","Tokyo","Office","CL7","ZoneC","TB","VAV",80885.0715430956,1,0,1,1,2
"68933","Tokyo","Office","CL7","ZoneC","AB","VAV",63989.5410834146,1,0,1,0,1
"68936","Tokyo","Office","CL7","ZoneC","AB","VAV",75654.3375399086,1,0,1,1,1
"68949","Tokyo","Office","CL7","ZoneC","AB","VAV",77106.73393637,1,0,1,0,2
"68952","Tokyo","Office","CL7","ZoneC","AB","VAV",91162.6927940892,1,0,1,1,2
"69250","Tokyo","Office","CL7","ZoneC","COM","CAV",118430.991184017,1,0,0,0,1
"69253","Tokyo","Office","CL7","ZoneC","COM","CAV",83201.4128722936,1,0,1,0,1
"69266","Tokyo","Office","CL7","ZoneC","COM","CAV",106557.612104307,1,0,0,0,2
"69269","Tokyo","Office","CL7","ZoneC","COM","CAV",74859.9989811842,1,0,1,0,2
"69272","Tokyo","Office","CL7","ZoneC","COM","CAV",61547.3464573955,1,0,1,1,2
"69313","Tokyo","Office","CL7","ZoneC","COM","VAV",65238.2539902772,0,0,0,0,1
"69314","Tokyo","Office","CL7","ZoneC","COM","VAV",53427.0596557888,1,0,0,0,1
"69317","Tokyo","Office","CL7","ZoneC","COM","VAV",86714.7719027597,1,0,1,0,1
"69320","Tokyo","Office","CL7","ZoneC","COM","VAV",104684.03023083,1,0,1,1,1
"69329","Tokyo","Office","CL7","ZoneC","COM","VAV",78611.4200497906,0,0,0,0,2
"69330","Tokyo","Office","CL7","ZoneC","COM","VAV",64379.053266085,1,0,0,0,2
"69333","Tokyo","Office","CL7","ZoneC","COM","VAV",104490.401591458,1,0,1,0,2
"69336","Tokyo","Office","CL7","ZoneC","COM","VAV",126143.171676655,1,0,1,1,2
"69386","Tokyo","Office","CL7","ZoneC","COM","FCU",75730.9214372666,1,1,0,0,1
"69402","Tokyo","Office","CL7","ZoneC","COM","FCU",91254.9755968318,1,1,0,0,2
"69442","Tokyo","Office","CL7","ZoneC","COM","CAVFCU",51091.2972440283,1,0,0,0,1
"69458","Tokyo","Office","CL7","ZoneC","COM","CAVFCU",61564.4837634313,1,0,0,0,2
"69512","Tokyo","Office","CL7","ZoneC","COM","VAVFCU",82536.3759387112,1,0,1,1,1
"69528","Tokyo","Office","CL7","ZoneC","COM","VAVFCU",99455.4777519406,1,0,1,1,2
"69569","Tokyo","Office","CL7","ZoneC","COM","OHUFCU",36297.9489995822,0,0,0,0,1
"69573","Tokyo","Office","CL7","ZoneC","COM","OHUFCU",48748.0608115472,1,0,1,0,1
"69576","Tokyo","Office","CL7","ZoneC","COM","OHUFCU",71276.6175841052,1,0,1,1,1
"69585","Tokyo","Office","CL7","ZoneC","COM","OHUFCU",43738.652419749,0,0,0,0,2
"69589","Tokyo","Office","CL7","ZoneC","COM","OHUFCU",58740.9081432561,1,0,1,0,2
"69592","Tokyo","Office","CL7","ZoneC","COM","OHUFCU",85887.5856099314,1,0,1,1,2
"69634","Tokyo","Office","CL7","ZoneC","AHP+TESICE","CAV",78170.5156504957,1,0,0,0,1
"69637","Tokyo","Office","CL7","ZoneC","AHP+TESICE","CAV",54917.190864098,1,0,1,0,1
"69638","Tokyo","Office","CL7","ZoneC","AHP+TESICE","CAV",37594.0778383468,1,0,0,1,1
"69640","Tokyo","Office","CL7","ZoneC","AHP+TESICE","CAV",45151.0475364701,1,0,1,1,1
"69642","Tokyo","Office","CL7","ZoneC","AHP+TESICE","CAV",38002.3553512356,1,1,0,0,1
"69649","Tokyo","Office","CL7","ZoneC","AHP+TESICE","CAV",37049.5702833461,0,0,0,0,2
"69650","Tokyo","Office","CL7","ZoneC","AHP+TESICE","CAV",82784.9586740241,1,0,0,0,2
"69653","Tokyo","Office","CL7","ZoneC","AHP+TESICE","CAV",58158.9789749455,1,0,1,0,2
"69654","Tokyo","Office","CL7","ZoneC","AHP+TESICE","CAV",39813.2742804268,1,0,0,1,2
"69656","Tokyo","Office","CL7","ZoneC","AHP+TESICE","CAV",47816.3355235825,1,0,1,1,2
"69658","Tokyo","Office","CL7","ZoneC","AHP+TESICE","CAV",40245.6526106806,1,1,0,0,2
"69697","Tokyo","Office","CL7","ZoneC","AHP+TESICE","VAV",82128.4877020564,0,0,0,0,1
"69698","Tokyo","Office","CL7","ZoneC","AHP+TESICE","VAV",67259.3661466085,1,0,0,0,1
"69701","Tokyo","Office","CL7","ZoneC","AHP+TESICE","VAV",109165.292481062,1,0,1,0,1
"69704","Tokyo","Office","CL7","ZoneC","AHP+TESICE","VAV",131786.805494454,1,0,1,1,1
"69713","Tokyo","Office","CL7","ZoneC","AHP+TESICE","VAV",92492.1154291798,0,0,0,0,2
"69714","Tokyo","Office","CL7","ZoneC","AHP+TESICE","VAV",75746.6895030845,1,0,0,0,2
"69716","Tokyo","Office","CL7","ZoneC","AHP+TESICE","VAV",30759.4364531329,0,0,0,1,2
"69717","Tokyo","Office","CL7","ZoneC","AHP+TESICE","VAV",122940.639911062,1,0,1,0,2
"69720","Tokyo","Office","CL7","ZoneC","AHP+TESICE","VAV",148416.715891028,1,0,1,1,2
"69770","Tokyo","Office","CL7","ZoneC","AHP+TESICE","FCU",95337.714753263,1,1,0,0,1
"69786","Tokyo","Office","CL7","ZoneC","AHP+TESICE","FCU",114880.958374098,1,1,0,0,2
"69826","Tokyo","Office","CL7","ZoneC","AHP+TESICE","CAVFCU",64318.8730650833,1,0,0,0,1
"69842","Tokyo","Office","CL7","ZoneC","AHP+TESICE","CAVFCU",77503.5755616941,1,0,0,0,2
"69896","Tokyo","Office","CL7","ZoneC","AHP+TESICE","VAVFCU",103905.106615285,1,0,1,1,1
"69909","Tokyo","Office","CL7","ZoneC","AHP+TESICE","VAVFCU",56724.9439213131,1,0,1,0,2
"69912","Tokyo","Office","CL7","ZoneC","AHP+TESICE","VAVFCU",68479.6328699321,1,0,1,1,2
"69953","Tokyo","Office","CL7","ZoneC","AHP+TESICE","OHUFCU",45695.5156780614,0,0,0,0,1
"69957","Tokyo","Office","CL7","ZoneC","AHP+TESICE","OHUFCU",61368.9709331728,1,0,1,0,1
"69960","Tokyo","Office","CL7","ZoneC","AHP+TESICE","OHUFCU",89730.1882354609,1,0,1,1,1
"69969","Tokyo","Office","CL7","ZoneC","AHP+TESICE","OHUFCU",55062.6228883325,0,0,0,0,2
"69973","Tokyo","Office","CL7","ZoneC","AHP+TESICE","OHUFCU",73948.9740600667,1,0,1,0,2
"69976","Tokyo","Office","CL7","ZoneC","AHP+TESICE","OHUFCU",108123.947026171,1,0,1,1,2
"70018","Tokyo","Office","CL7","ZoneC","COM+TESICE","CAV",117548.064203893,1,0,0,0,1
"70021","Tokyo","Office","CL7","ZoneC","COM+TESICE","CAV",82581.1295201489,1,0,1,0,1
"70034","Tokyo","Office","CL7","ZoneC","COM+TESICE","CAV",105763.203565428,1,0,0,0,2
"70037","Tokyo","Office","CL7","ZoneC","COM+TESICE","CAV",74301.9025558162,1,0,1,0,2
"70040","Tokyo","Office","CL7","ZoneC","COM+TESICE","CAV",61088.4985477477,1,0,1,1,2
"70081","Tokyo","Office","CL7","ZoneC","COM+TESICE","VAV",64751.8896188539,0,0,0,0,1
"70082","Tokyo","Office","CL7","ZoneC","COM+TESICE","VAV",53028.7501257644,1,0,0,0,1
"70085","Tokyo","Office","CL7","ZoneC","COM+TESICE","VAV",86068.2957488167,1,0,1,0,1
"70088","Tokyo","Office","CL7","ZoneC","COM+TESICE","VAV",103903.589623562,1,0,1,1,1
"70097","Tokyo","Office","CL7","ZoneC","COM+TESICE","VAV",78025.3560220058,0,0,0,0,2
"70098","Tokyo","Office","CL7","ZoneC","COM+TESICE","VAV",63899.0944097483,1,0,0,0,2
"70101","Tokyo","Office","CL7","ZoneC","COM+TESICE","VAV",103711.404524839,1,0,1,0,2
"70104","Tokyo","Office","CL7","ZoneC","COM+TESICE","VAV",125202.748831939,1,0,1,1,2
"70154","Tokyo","Office","CL7","ZoneC","COM+TESICE","FCU",75166.3321089314,1,1,0,0,1
"70170","Tokyo","Office","CL7","ZoneC","COM+TESICE","FCU",90574.6513065465,1,1,0,0,2
"70210","Tokyo","Office","CL7","ZoneC","COM+TESICE","CAVFCU",50710.4012949586,1,0,0,0,1
"70226","Tokyo","Office","CL7","ZoneC","COM+TESICE","CAVFCU",61105.5080917026,1,0,0,0,2
"70280","Tokyo","Office","CL7","ZoneC","COM+TESICE","VAVFCU",81921.0505713438,1,0,1,1,1
"70296","Tokyo","Office","CL7","ZoneC","COM+TESICE","VAVFCU",98714.0170603558,1,0,1,1,2
"70337","Tokyo","Office","CL7","ZoneC","COM+TESICE","OHUFCU",36027.340452153,0,0,0,0,1
"70341","Tokyo","Office","CL7","ZoneC","COM+TESICE","OHUFCU",48384.6341637672,1,0,1,0,1
"70344","Tokyo","Office","CL7","ZoneC","COM+TESICE","OHUFCU",70745.2359914337,1,0,1,1,1
"70353","Tokyo","Office","CL7","ZoneC","COM+TESICE","OHUFCU",43412.5719241827,0,0,0,0,2
"70357","Tokyo","Office","CL7","ZoneC","COM+TESICE","OHUFCU",58302.9827985622,1,0,1,0,2
"70360","Tokyo","Office","CL7","ZoneC","COM+TESICE","OHUFCU",85247.2762970174,1,0,1,1,2
"70433","Tokyo","Office","CL8c","ZoneA","EHP","MUL",669481.854835062,0,0,0,0,3
"70434","Tokyo","Office","CL8c","ZoneA","EHP","MUL",2239795.56858325,1,0,0,0,3
"70436","Tokyo","Office","CL8c","ZoneA","EHP","MUL",77515.4171448164,0,0,0,1,3
"70437","Tokyo","Office","CL8c","ZoneA","EHP","MUL",870109.403823674,1,0,1,0,3
"70438","Tokyo","Office","CL8c","ZoneA","EHP","MUL",681713.0637522,1,0,0,1,3
"70440","Tokyo","Office","CL8c","ZoneA","EHP","MUL",1298101.82113736,1,0,1,1,3
"70497","Tokyo","Office","CL8c","ZoneA","GHP","MUL",49749.7497075202,0,0,0,0,3
"70498","Tokyo","Office","CL8c","ZoneA","GHP","MUL",166441.059049288,1,0,0,0,3
"70501","Tokyo","Office","CL8c","ZoneA","GHP","MUL",64658.548616007,1,0,1,0,3
"70502","Tokyo","Office","CL8c","ZoneA","GHP","MUL",50658.6609466424,1,0,0,1,3
"70504","Tokyo","Office","CL8c","ZoneA","GHP","MUL",96463.0187212024,1,0,1,1,3
"70561","Tokyo","Office","CL8c","ZoneA","ABCH","CAV",43913.9973492824,0,0,0,0,3
"70562","Tokyo","Office","CL8c","ZoneA","ABCH","CAV",99258.8514543205,1,0,0,0,3
"70565","Tokyo","Office","CL8c","ZoneA","ABCH","CAV",120114.962473923,1,0,1,0,3
"70566","Tokyo","Office","CL8c","ZoneA","ABCH","CAV",83507.017812302,1,0,0,1,3
"70568","Tokyo","Office","CL8c","ZoneA","ABCH","CAV",155305.555983317,1,0,1,1,3
"70570","Tokyo","Office","CL8c","ZoneA","ABCH","CAV",56982.0323675428,1,1,0,0,3
"70573","Tokyo","Office","CL8c","ZoneA","ABCH","CAV",68955.0058179456,1,1,1,0,3
"70574","Tokyo","Office","CL8c","ZoneA","ABCH","CAV",47939.2973239007,1,1,0,1,3
"70576","Tokyo","Office","CL8c","ZoneA","ABCH","CAV",89157.0483461945,1,1,1,1,3
"70625","Tokyo","Office","CL8c","ZoneA","ABCH","VAV",175810.645202562,0,0,0,0,3
"70626","Tokyo","Office","CL8c","ZoneA","ABCH","VAV",145249.193381902,1,0,0,0,3
"70628","Tokyo","Office","CL8c","ZoneA","ABCH","VAV",61644.7673163138,0,0,0,1,3
"70629","Tokyo","Office","CL8c","ZoneA","ABCH","VAV",406286.779960042,1,0,1,0,3
"70630","Tokyo","Office","CL8c","ZoneA","ABCH","VAV",73568.895438987,1,0,0,1,3
"70632","Tokyo","Office","CL8c","ZoneA","ABCH","VAV",738103.872492437,1,0,1,1,3
"70633","Tokyo","Office","CL8c","ZoneA","ABCH","VAV",30587.4312460256,0,1,0,0,3
"70637","Tokyo","Office","CL8c","ZoneA","ABCH","VAV",70685.5317769788,1,1,1,0,3
"70640","Tokyo","Office","CL8c","ZoneA","ABCH","VAV",128414.871729045,1,1,1,1,3
"70690","Tokyo","Office","CL8c","ZoneA","ABCH","FCU",51044.0430262144,1,0,0,0,3
"70697","Tokyo","Office","CL8c","ZoneA","ABCH","FCU",31691.2338739488,0,1,0,0,3
"70698","Tokyo","Office","CL8c","ZoneA","ABCH","FCU",106025.106851169,1,1,0,0,3
"70701","Tokyo","Office","CL8c","ZoneA","ABCH","FCU",41188.3315632083,1,1,1,0,3
"70702","Tokyo","Office","CL8c","ZoneA","ABCH","FCU",32270.2220863323,1,1,0,1,3
"70704","Tokyo","Office","CL8c","ZoneA","ABCH","FCU",61448.1902814202,1,1,1,1,3
"70754","Tokyo","Office","CL8c","ZoneA","ABCH","CAVFCU",50313.2187277644,1,0,0,0,3
"70757","Tokyo","Office","CL8c","ZoneA","ABCH","CAVFCU",60884.9517285509,1,0,1,0,3
"70760","Tokyo","Office","CL8c","ZoneA","ABCH","CAVFCU",78722.6760468985,1,0,1,1,3
"70768","Tokyo","Office","CL8c","ZoneA","ABCH","CAVFCU",45192.7259769708,1,1,1,1,3
"70817","Tokyo","Office","CL8c","ZoneA","ABCH","VAVFCU",68149.3559110444,0,0,0,0,3
"70818","Tokyo","Office","CL8c","ZoneA","ABCH","VAVFCU",56302.8419818979,1,0,0,0,3
"70821","Tokyo","Office","CL8c","ZoneA","ABCH","VAVFCU",157488.656830465,1,0,1,0,3
"70822","Tokyo","Office","CL8c","ZoneA","ABCH","VAVFCU",28517.4588460066,1,0,0,1,3
"70824","Tokyo","Office","CL8c","ZoneA","ABCH","VAVFCU",286110.681454197,1,0,1,1,3
"70829","Tokyo","Office","CL8c","ZoneA","ABCH","VAVFCU",27399.782631368,1,1,1,0,3
"70832","Tokyo","Office","CL8c","ZoneA","ABCH","VAVFCU",49777.365799726,1,1,1,1,3
"70881","Tokyo","Office","CL8c","ZoneA","ABCH","OHUFCU",83647.8971219256,0,0,0,0,3
"70885","Tokyo","Office","CL8c","ZoneA","ABCH","OHUFCU",185412.722403764,1,0,1,0,3
"70888","Tokyo","Office","CL8c","ZoneA","ABCH","OHUFCU",393705.906258491,1,0,1,1,3
"70893","Tokyo","Office","CL8c","ZoneA","ABCH","OHUFCU",32257.9949133871,1,1,1,0,3
"70896","Tokyo","Office","CL8c","ZoneA","ABCH","OHUFCU",68496.7188702421,1,1,1,1,3
"70945","Tokyo","Office","CL8c","ZoneA","AHP","CAV",49633.6719513784,0,0,0,0,3
"70946","Tokyo","Office","CL8c","ZoneA","AHP","CAV",112187.037590074,1,0,0,0,3
"70949","Tokyo","Office","CL8c","ZoneA","AHP","CAV",135759.598391018,1,0,1,0,3
"70950","Tokyo","Office","CL8c","ZoneA","AHP","CAV",94383.5719341872,1,0,0,1,3
"70952","Tokyo","Office","CL8c","ZoneA","AHP","CAV",175533.667695782,1,0,1,1,3
"70953","Tokyo","Office","CL8c","ZoneA","AHP","CAV",28493.4538352482,0,1,0,0,3
"70954","Tokyo","Office","CL8c","ZoneA","AHP","CAV",64403.7817636671,1,1,0,0,3
"70957","Tokyo","Office","CL8c","ZoneA","AHP","CAV",77936.2013198559,1,1,1,0,3
"70958","Tokyo","Office","CL8c","ZoneA","AHP","CAV",54183.2559224526,1,1,0,1,3
"70960","Tokyo","Office","CL8c","ZoneA","AHP","CAV",100769.503048679,1,1,1,1,3
"71009","Tokyo","Office","CL8c","ZoneA","AHP","VAV",202461.405547982,0,0,0,0,3
"71010","Tokyo","Office","CL8c","ZoneA","AHP","VAV",167267.208495416,1,0,0,0,3
"71012","Tokyo","Office","CL8c","ZoneA","AHP","VAV",70989.365980424,0,0,0,1,3
"71013","Tokyo","Office","CL8c","ZoneA","AHP","VAV",467874.925500101,1,0,1,0,3
"71014","Tokyo","Office","CL8c","ZoneA","AHP","VAV",84721.0472268532,1,0,0,1,3
"71016","Tokyo","Office","CL8c","ZoneA","AHP","VAV",849991.462650346,1,0,1,1,3
"71017","Tokyo","Office","CL8c","ZoneA","AHP","VAV",35224.1146435559,0,1,0,0,3
"71018","Tokyo","Office","CL8c","ZoneA","AHP","VAV",29101.0492207304,1,1,0,0,3
"71021","Tokyo","Office","CL8c","ZoneA","AHP","VAV",81400.6006233864,1,1,1,0,3
"71024","Tokyo","Office","CL8c","ZoneA","AHP","VAV",147881.007964967,1,1,1,1,3
"71074","Tokyo","Office","CL8c","ZoneA","AHP","FCU",54602.5747989327,1,0,0,0,3
"71080","Tokyo","Office","CL8c","ZoneA","AHP","FCU",31645.6121172334,1,0,1,1,3
"71081","Tokyo","Office","CL8c","ZoneA","AHP","FCU",33900.5859544488,0,1,0,0,3
"71082","Tokyo","Office","CL8c","ZoneA","AHP","FCU",113416.639517223,1,1,0,0,3
"71085","Tokyo","Office","CL8c","ZoneA","AHP","FCU",44059.7731231502,1,1,1,0,3
"71086","Tokyo","Office","CL8c","ZoneA","AHP","FCU",34519.9382882389,1,1,0,1,3
"71088","Tokyo","Office","CL8c","ZoneA","AHP","FCU",65732.0464285552,1,1,1,1,3
"71138","Tokyo","Office","CL8c","ZoneA","AHP","CAVFCU",49778.1890210474,1,0,0,0,3
"71141","Tokyo","Office","CL8c","ZoneA","AHP","CAVFCU",60237.5024360884,1,0,1,0,3
"71142","Tokyo","Office","CL8c","ZoneA","AHP","CAVFCU",41878.6642837363,1,0,0,1,3
"71144","Tokyo","Office","CL8c","ZoneA","AHP","CAVFCU",77885.5407702777,1,0,1,1,3
"71152","Tokyo","Office","CL8c","ZoneA","AHP","CAVFCU",44712.1474821615,1,1,1,1,3
"71201","Tokyo","Office","CL8c","ZoneA","AHP","VAVFCU",76838.3137771341,0,0,0,0,3
"71202","Tokyo","Office","CL8c","ZoneA","AHP","VAVFCU",63481.3840998951,1,0,0,0,3
"71204","Tokyo","Office","CL8c","ZoneA","AHP","VAVFCU",26941.9406789158,0,0,0,1,3
"71205","Tokyo","Office","CL8c","ZoneA","AHP","VAVFCU",177568.264117923,1,0,1,0,3
"71206","Tokyo","Office","CL8c","ZoneA","AHP","VAVFCU",32153.399274913,1,0,0,1,3
"71208","Tokyo","Office","CL8c","ZoneA","AHP","VAVFCU",322589.436432289,1,0,1,1,3
"71213","Tokyo","Office","CL8c","ZoneA","AHP","VAVFCU",30893.2207371475,1,1,1,0,3
"71216","Tokyo","Office","CL8c","ZoneA","AHP","VAVFCU",56123.9178446685,1,1,1,1,3
"71265","Tokyo","Office","CL8c","ZoneA","AHP","OHUFCU",97657.8341034511,0,0,0,0,3
"71269","Tokyo","Office","CL8c","ZoneA","AHP","OHUFCU",216466.946667926,1,0,1,0,3
"71272","Tokyo","Office","CL8c","ZoneA","AHP","OHUFCU",459646.535081425,1,0,1,1,3
"71277","Tokyo","Office","CL8c","ZoneA","AHP","OHUFCU",37660.7903384553,1,1,1,0,3
"71280","Tokyo","Office","CL8c","ZoneA","AHP","OHUFCU",79969.0301635503,1,1,1,1,3
"71336","Tokyo","Office","CL8c","ZoneA","TB","CAV",88956.4970355697,1,0,1,1,3
"71397","Tokyo","Office","CL8c","ZoneA","TB","VAV",76247.7778592712,1,0,1,0,3
"71400","Tokyo","Office","CL8c","ZoneA","TB","VAV",136553.83651851,1,0,1,1,3
"71592","Tokyo","Office","CL8c","ZoneA","TB","VAVFCU",78331.5274358748,1,0,1,1,3
"71656","Tokyo","Office","CL8c","ZoneA","TB","OHUFCU",88769.0200620789,1,0,1,1,3
"71720","Tokyo","Office","CL8c","ZoneA","AB","CAV",126881.681446961,1,0,1,1,3
"71777","Tokyo","Office","CL8c","ZoneA","AB","VAV",40460.179619715,0,0,0,0,3
"71781","Tokyo","Office","CL8c","ZoneA","AB","VAV",94033.9485700371,1,0,1,0,3
"71784","Tokyo","Office","CL8c","ZoneA","AB","VAV",169032.062101715,1,0,1,1,3
"71850","Tokyo","Office","CL8c","ZoneA","AB","FCU",53673.5288091342,1,1,0,0,3
"71976","Tokyo","Office","CL8c","ZoneA","AB","VAVFCU",111726.925436357,1,0,1,1,3
"72037","Tokyo","Office","CL8c","ZoneA","AB","OHUFCU",40899.1141653559,1,0,1,0,3
"72040","Tokyo","Office","CL8c","ZoneA","AB","OHUFCU",85715.1624891302,1,0,1,1,3
"72097","Tokyo","Office","CL8c","ZoneA","COM","CAV",39890.5714159762,0,0,0,0,3
"72098","Tokyo","Office","CL8c","ZoneA","COM","CAV",90164.6978550687,1,0,0,0,3
"72101","Tokyo","Office","CL8c","ZoneA","COM","CAV",109109.95987414,1,0,1,0,3
"72102","Tokyo","Office","CL8c","ZoneA","COM","CAV",75856.0563567383,1,0,0,1,3
"72104","Tokyo","Office","CL8c","ZoneA","COM","CAV",141076.370774788,1,0,1,1,3
"72106","Tokyo","Office","CL8c","ZoneA","COM","CAV",51761.3054786521,1,1,0,0,3
"72109","Tokyo","Office","CL8c","ZoneA","COM","CAV",62637.3081501029,1,1,1,0,3
"72110","Tokyo","Office","CL8c","ZoneA","COM","CAV",43547.0710698584,1,1,0,1,3
"72112","Tokyo","Office","CL8c","ZoneA","COM","CAV",80988.4278127467,1,1,1,1,3
"72161","Tokyo","Office","CL8c","ZoneA","COM","VAV",159702.771814651,0,0,0,0,3
"72162","Tokyo","Office","CL8c","ZoneA","COM","VAV",131941.377953569,1,0,0,0,3
"72164","Tokyo","Office","CL8c","ZoneA","COM","VAV",55996.837944265,0,0,0,1,3
"72165","Tokyo","Office","CL8c","ZoneA","COM","VAV",369062.54929279,1,0,1,0,3
"72166","Tokyo","Office","CL8c","ZoneA","COM","VAV",66828.4705252719,1,0,0,1,3
"72168","Tokyo","Office","CL8c","ZoneA","COM","VAV",670478.367156645,1,0,1,1,3
"72169","Tokyo","Office","CL8c","ZoneA","COM","VAV",27784.9930364123,0,1,0,0,3
"72173","Tokyo","Office","CL8c","ZoneA","COM","VAV",64209.282316038,1,1,1,0,3
"72176","Tokyo","Office","CL8c","ZoneA","COM","VAV",116649.426624438,1,1,1,1,3
"72226","Tokyo","Office","CL8c","ZoneA","COM","FCU",57786.9152300388,1,0,0,0,3
"72234","Tokyo","Office","CL8c","ZoneA","COM","FCU",120030.928167617,1,1,0,0,3
"72237","Tokyo","Office","CL8c","ZoneA","COM","FCU",46629.2731413828,1,1,1,0,3
"72240","Tokyo","Office","CL8c","ZoneA","COM","FCU",69565.440986093,1,1,1,1,3
"72290","Tokyo","Office","CL8c","ZoneA","COM","CAVFCU",56578.8936532732,1,0,0,0,3
"72293","Tokyo","Office","CL8c","ZoneA","COM","CAVFCU",68467.1602421931,1,0,1,0,3
"72296","Tokyo","Office","CL8c","ZoneA","COM","CAVFCU",88526.2765687594,1,0,1,1,3
"72353","Tokyo","Office","CL8c","ZoneA","COM","VAVFCU",67508.2909276735,0,0,0,0,3
"72354","Tokyo","Office","CL8c","ZoneA","COM","VAVFCU",55773.2143724165,1,0,0,0,3
"72357","Tokyo","Office","CL8c","ZoneA","COM","VAVFCU",156007.198028362,1,0,1,0,3
"72360","Tokyo","Office","CL8c","ZoneA","COM","VAVFCU",283419.30547864,1,0,1,1,3
"72368","Tokyo","Office","CL8c","ZoneA","COM","VAVFCU",49309.1218119134,1,1,1,1,3
"72417","Tokyo","Office","CL8c","ZoneA","COM","OHUFCU",75984.0282222207,0,0,0,0,3
"72421","Tokyo","Office","CL8c","ZoneA","COM","OHUFCU",168425.101127779,1,0,1,0,3
"72424","Tokyo","Office","CL8c","ZoneA","COM","OHUFCU",357634.342544145,1,0,1,1,3
"72429","Tokyo","Office","CL8c","ZoneA","COM","OHUFCU",29302.4986906523,1,1,1,0,3
"72432","Tokyo","Office","CL8c","ZoneA","COM","OHUFCU",62221.0097186262,1,1,1,1,3
"72481","Tokyo","Office","CL8c","ZoneA","AHP+TESICE","CAV",37366.0216123839,0,0,0,0,3
"72482","Tokyo","Office","CL8c","ZoneA","AHP+TESICE","CAV",84458.4554478768,1,0,0,0,3
"72485","Tokyo","Office","CL8c","ZoneA","AHP+TESICE","CAV",102204.730944281,1,0,1,0,3
"72486","Tokyo","Office","CL8c","ZoneA","AHP+TESICE","CAV",71055.3632260306,1,0,0,1,3
"72488","Tokyo","Office","CL8c","ZoneA","AHP+TESICE","CAV",132148.087436425,1,0,1,1,3
"72490","Tokyo","Office","CL8c","ZoneA","AHP+TESICE","CAV",48485.4939537395,1,1,0,0,3
"72493","Tokyo","Office","CL8c","ZoneA","AHP+TESICE","CAV",58673.1883499901,1,1,1,0,3
"72494","Tokyo","Office","CL8c","ZoneA","AHP+TESICE","CAV",40791.1128117022,1,1,0,1,3
"72496","Tokyo","Office","CL8c","ZoneA","AHP+TESICE","CAV",75862.92290594,1,1,1,1,3
"72545","Tokyo","Office","CL8c","ZoneA","AHP+TESICE","VAV",149595.681670128,0,0,0,0,3
"72546","Tokyo","Office","CL8c","ZoneA","AHP+TESICE","VAV",123591.219809056,1,0,0,0,3
"72548","Tokyo","Office","CL8c","ZoneA","AHP+TESICE","VAV",52452.9727847561,0,0,0,1,3
"72549","Tokyo","Office","CL8c","ZoneA","AHP+TESICE","VAV",345705.732048573,1,0,1,0,3
"72550","Tokyo","Office","CL8c","ZoneA","AHP+TESICE","VAV",62599.1051351494,1,0,0,1,3
"72552","Tokyo","Office","CL8c","ZoneA","AHP+TESICE","VAV",628045.883237896,1,0,1,1,3
"72553","Tokyo","Office","CL8c","ZoneA","AHP+TESICE","VAV",26026.567518226,0,1,0,0,3
"72557","Tokyo","Office","CL8c","ZoneA","AHP+TESICE","VAV",60145.6771756307,1,1,1,0,3
"72560","Tokyo","Office","CL8c","ZoneA","AHP+TESICE","VAV",109267.048367606,1,1,1,1,3
"72610","Tokyo","Office","CL8c","ZoneA","AHP+TESICE","FCU",54129.7616642775,1,0,0,0,3
"72618","Tokyo","Office","CL8c","ZoneA","AHP+TESICE","FCU",112434.545228635,1,1,0,0,3
"72621","Tokyo","Office","CL8c","ZoneA","AHP+TESICE","FCU",43678.2519308021,1,1,1,0,3
"72624","Tokyo","Office","CL8c","ZoneA","AHP+TESICE","FCU",65162.8612750412,1,1,1,1,3
"72674","Tokyo","Office","CL8c","ZoneA","AHP+TESICE","CAVFCU",52998.192003995,1,0,0,0,3
"72677","Tokyo","Office","CL8c","ZoneA","AHP+TESICE","CAVFCU",64134.0872927111,1,0,1,0,3
"72680","Tokyo","Office","CL8c","ZoneA","AHP+TESICE","CAVFCU",82923.7247327907,1,0,1,1,3
"72737","Tokyo","Office","CL8c","ZoneA","AHP+TESICE","VAVFCU",63235.9018253694,0,0,0,0,3
"72738","Tokyo","Office","CL8c","ZoneA","AHP+TESICE","VAVFCU",52243.501651049,1,0,0,0,3
"72741","Tokyo","Office","CL8c","ZoneA","AHP+TESICE","VAVFCU",146133.989218328,1,0,1,0,3
"72744","Tokyo","Office","CL8c","ZoneA","AHP+TESICE","VAVFCU",265482.581922614,1,0,1,1,3
"72752","Tokyo","Office","CL8c","ZoneA","AHP+TESICE","VAVFCU",46188.501340287,1,1,1,1,3
"72801","Tokyo","Office","CL8c","ZoneA","AHP+TESICE","OHUFCU",71175.2361514276,0,0,0,0,3
"72805","Tokyo","Office","CL8c","ZoneA","AHP+TESICE","OHUFCU",157766.001975295,1,0,1,0,3
"72808","Tokyo","Office","CL8c","ZoneA","AHP+TESICE","OHUFCU",335000.780848259,1,0,1,1,3
"72813","Tokyo","Office","CL8c","ZoneA","AHP+TESICE","OHUFCU",27448.0349743312,1,1,1,0,3
"72816","Tokyo","Office","CL8c","ZoneA","AHP+TESICE","OHUFCU",58283.2361473619,1,1,1,1,3
"72865","Tokyo","Office","CL8c","ZoneA","COM+TESICE","CAV",54240.1181716864,0,0,0,0,3
"72866","Tokyo","Office","CL8c","ZoneA","COM+TESICE","CAV",122598.992518183,1,0,0,0,3
"72869","Tokyo","Office","CL8c","ZoneA","COM+TESICE","CAV",148359.296625947,1,0,1,0,3
"72870","Tokyo","Office","CL8c","ZoneA","COM+TESICE","CAV",103143.206897752,1,0,0,1,3
"72872","Tokyo","Office","CL8c","ZoneA","COM+TESICE","CAV",191824.753329867,1,0,1,1,3
"72873","Tokyo","Office","CL8c","ZoneA","COM+TESICE","CAV",31137.8997841894,0,1,0,0,3
"72874","Tokyo","Office","CL8c","ZoneA","COM+TESICE","CAV",70381.025546263,1,1,0,0,3
"72877","Tokyo","Office","CL8c","ZoneA","COM+TESICE","CAV",85169.3740004245,1,1,1,0,3
"72878","Tokyo","Office","CL8c","ZoneA","COM+TESICE","CAV",59211.9440012323,1,1,0,1,3
"72880","Tokyo","Office","CL8c","ZoneA","COM+TESICE","CAV",110121.809218886,1,1,1,1,3
"72929","Tokyo","Office","CL8c","ZoneA","COM+TESICE","VAV",221251.62476163,0,0,0,0,3
"72930","Tokyo","Office","CL8c","ZoneA","COM+TESICE","VAV",182791.093190265,1,0,0,0,3
"72932","Tokyo","Office","CL8c","ZoneA","COM+TESICE","VAV",77577.8105533528,0,0,0,1,3
"72933","Tokyo","Office","CL8c","ZoneA","COM+TESICE","VAV",511297.880067276,1,0,1,0,3
"72934","Tokyo","Office","CL8c","ZoneA","COM+TESICE","VAV",92583.9139549279,1,0,0,1,3
"72936","Tokyo","Office","CL8c","ZoneA","COM+TESICE","VAV",928878.23057385,1,0,1,1,3
"72937","Tokyo","Office","CL8c","ZoneA","COM+TESICE","VAV",38493.2257808993,0,1,0,0,3
"72938","Tokyo","Office","CL8c","ZoneA","COM+TESICE","VAV",31801.885425659,1,1,0,0,3
"72941","Tokyo","Office","CL8c","ZoneA","COM+TESICE","VAV",88955.3003731795,1,1,1,0,3
"72944","Tokyo","Office","CL8c","ZoneA","COM+TESICE","VAV",161605.680821387,1,1,1,1,3
"72994","Tokyo","Office","CL8c","ZoneA","COM+TESICE","FCU",59670.1793990522,1,0,0,0,3
"73000","Tokyo","Office","CL8c","ZoneA","COM+TESICE","FCU",34582.6063913939,1,0,1,1,3
"73001","Tokyo","Office","CL8c","ZoneA","COM+TESICE","FCU",37046.8618574097,0,1,0,0,3
"73002","Tokyo","Office","CL8c","ZoneA","COM+TESICE","FCU",123942.71244078,1,1,0,0,3
"73005","Tokyo","Office","CL8c","ZoneA","COM+TESICE","FCU",48148.9119555456,1,1,1,0,3
"73006","Tokyo","Office","CL8c","ZoneA","COM+TESICE","FCU",37723.6955965616,1,1,0,1,3
"73008","Tokyo","Office","CL8c","ZoneA","COM+TESICE","FCU",71832.5649862098,1,1,1,1,3
"73058","Tokyo","Office","CL8c","ZoneA","COM+TESICE","CAVFCU",48311.6820129047,1,0,0,0,3
"73061","Tokyo","Office","CL8c","ZoneA","COM+TESICE","CAVFCU",58462.8553223055,1,0,1,0,3
"73062","Tokyo","Office","CL8c","ZoneA","COM+TESICE","CAVFCU",40644.883869632,1,0,0,1,3
"73064","Tokyo","Office","CL8c","ZoneA","COM+TESICE","CAVFCU",75590.967712903,1,0,1,1,3
"73069","Tokyo","Office","CL8c","ZoneA","COM+TESICE","CAVFCU",33562.0679210426,1,1,1,0,3
"73072","Tokyo","Office","CL8c","ZoneA","COM+TESICE","CAVFCU",43394.8902873693,1,1,1,1,3
"73121","Tokyo","Office","CL8c","ZoneA","COM+TESICE","VAVFCU",83969.5927286542,0,0,0,0,3
"73122","Tokyo","Office","CL8c","ZoneA","COM+TESICE","VAVFCU",69373.0211750916,1,0,0,0,3
"73124","Tokyo","Office","CL8c","ZoneA","COM+TESICE","VAVFCU",29442.3924071242,0,0,0,1,3
"73125","Tokyo","Office","CL8c","ZoneA","COM+TESICE","VAVFCU",194048.17839656,1,0,1,0,3
"73126","Tokyo","Office","CL8c","ZoneA","COM+TESICE","VAVFCU",35137.5207137835,1,0,0,1,3
"73128","Tokyo","Office","CL8c","ZoneA","COM+TESICE","VAVFCU",352528.605382361,1,0,1,1,3
"73133","Tokyo","Office","CL8c","ZoneA","COM+TESICE","VAVFCU",33760.3863991437,1,1,1,0,3
"73136","Tokyo","Office","CL8c","ZoneA","COM+TESICE","VAVFCU",61332.7166109114,1,1,1,1,3
"73185","Tokyo","Office","CL8c","ZoneA","COM+TESICE","OHUFCU",106721.349719019,0,0,0,0,3
"73189","Tokyo","Office","CL8c","ZoneA","COM+TESICE","OHUFCU",236557.00466881,1,0,1,0,3
"73192","Tokyo","Office","CL8c","ZoneA","COM+TESICE","OHUFCU",502305.821830905,1,0,1,1,3
"73197","Tokyo","Office","CL8c","ZoneA","COM+TESICE","OHUFCU",41156.0466531268,1,1,1,0,3
"73200","Tokyo","Office","CL8c","ZoneA","COM+TESICE","OHUFCU",87390.8674416676,1,1,1,1,3
"73249","Tokyo","Office","CL9c","ZoneA","EHP","MUL",134371.332715955,0,0,0,0,3
"73250","Tokyo","Office","CL9c","ZoneA","EHP","MUL",457496.317093576,1,0,0,0,3
"73253","Tokyo","Office","CL9c","ZoneA","EHP","MUL",406411.80879655,1,0,1,0,3
"73254","Tokyo","Office","CL9c","ZoneA","EHP","MUL",313920.998615122,1,0,0,1,3
"73256","Tokyo","Office","CL9c","ZoneA","EHP","MUL",1067259.95754442,1,0,1,1,3
"73314","Tokyo","Office","CL9c","ZoneA","GHP","MUL",47573.2612956696,1,0,0,0,3
"73317","Tokyo","Office","CL9c","ZoneA","GHP","MUL",42261.1821147607,1,0,1,0,3
"73318","Tokyo","Office","CL9c","ZoneA","GHP","MUL",32643.4227671828,1,0,0,1,3
"73320","Tokyo","Office","CL9c","ZoneA","GHP","MUL",110980.208875169,1,0,1,1,3
"73381","Tokyo","Office","CL9c","ZoneA","ABCH","CAV",53824.865675427,1,0,1,0,3
"73382","Tokyo","Office","CL9c","ZoneA","ABCH","CAV",37216.7032289044,1,0,0,1,3
"73384","Tokyo","Office","CL9c","ZoneA","ABCH","CAV",132847.772001988,1,0,1,1,3
"73389","Tokyo","Office","CL9c","ZoneA","ABCH","CAV",40153.2324513814,1,1,1,0,3
"73392","Tokyo","Office","CL9c","ZoneA","ABCH","CAV",99104.1482947762,1,1,1,1,3
"73441","Tokyo","Office","CL9c","ZoneA","ABCH","VAV",54544.9525871705,0,0,0,0,3
"73442","Tokyo","Office","CL9c","ZoneA","ABCH","VAV",45780.9378155318,1,0,0,0,3
"73445","Tokyo","Office","CL9c","ZoneA","ABCH","VAV",282274.622399992,1,0,1,0,3
"73446","Tokyo","Office","CL9c","ZoneA","ABCH","VAV",50979.1697136338,1,0,0,1,3
"73448","Tokyo","Office","CL9c","ZoneA","ABCH","VAV",940098.697708125,1,0,1,1,3
"73453","Tokyo","Office","CL9c","ZoneA","ABCH","VAV",64177.2479057806,1,1,1,0,3
"73456","Tokyo","Office","CL9c","ZoneA","ABCH","VAV",213738.47448894,1,1,1,1,3
"73514","Tokyo","Office","CL9c","ZoneA","ABCH","FCU",54436.765327768,1,1,0,0,3
"73520","Tokyo","Office","CL9c","ZoneA","ABCH","FCU",126991.579345732,1,1,1,1,3
"73576","Tokyo","Office","CL9c","ZoneA","ABCH","CAVFCU",85218.8104005529,1,0,1,1,3
"73584","Tokyo","Office","CL9c","ZoneA","ABCH","CAVFCU",63573.0467750296,1,1,1,1,3
"73633","Tokyo","Office","CL9c","ZoneA","ABCH","VAVFCU",32352.4512313671,0,0,0,0,3
"73634","Tokyo","Office","CL9c","ZoneA","ABCH","VAVFCU",27154.2184519493,1,0,0,0,3
"73637","Tokyo","Office","CL9c","ZoneA","ABCH","VAVFCU",167426.599930647,1,0,1,0,3
"73638","Tokyo","Office","CL9c","ZoneA","ABCH","VAVFCU",30237.465131904,1,0,0,1,3
"73640","Tokyo","Office","CL9c","ZoneA","ABCH","VAVFCU",557604.248012999,1,0,1,1,3
"73645","Tokyo","Office","CL9c","ZoneA","ABCH","VAVFCU",38065.6904911032,1,1,1,0,3
"73648","Tokyo","Office","CL9c","ZoneA","ABCH","VAVFCU",126775.498816672,1,1,1,1,3
"73701","Tokyo","Office","CL9c","ZoneA","ABCH","OHUFCU",91607.7806198325,1,0,1,0,3
"73704","Tokyo","Office","CL9c","ZoneA","ABCH","OHUFCU",354147.596335336,1,0,1,1,3
"73712","Tokyo","Office","CL9c","ZoneA","ABCH","OHUFCU",80518.1064170999,1,1,1,1,3
"73765","Tokyo","Office","CL9c","ZoneA","AHP","CAV",52215.1712046952,1,0,1,0,3
"73766","Tokyo","Office","CL9c","ZoneA","AHP","CAV",36103.6949444492,1,0,0,1,3
"73768","Tokyo","Office","CL9c","ZoneA","AHP","CAV",128874.806693906,1,0,1,1,3
"73773","Tokyo","Office","CL9c","ZoneA","AHP","CAV",38952.4038854773,1,1,1,0,3
"73776","Tokyo","Office","CL9c","ZoneA","AHP","CAV",96140.3248363273,1,1,1,1,3
"73825","Tokyo","Office","CL9c","ZoneA","AHP","VAV",52913.7230897231,0,0,0,0,3
"73826","Tokyo","Office","CL9c","ZoneA","AHP","VAV",44411.8062526039,1,0,0,0,3
"73829","Tokyo","Office","CL9c","ZoneA","AHP","VAV",273832.875389508,1,0,1,0,3
"73830","Tokyo","Office","CL9c","ZoneA","AHP","VAV",49454.5790512923,1,0,0,1,3
"73832","Tokyo","Office","CL9c","ZoneA","AHP","VAV",911983.965666464,1,0,1,1,3
"73837","Tokyo","Office","CL9c","ZoneA","AHP","VAV",62257.9535461129,1,1,1,0,3
"73840","Tokyo","Office","CL9c","ZoneA","AHP","VAV",207346.379752611,1,1,1,1,3
"73904","Tokyo","Office","CL9c","ZoneA","AHP","FCU",176002.521504409,1,1,1,1,3
"73960","Tokyo","Office","CL9c","ZoneA","AHP","CAVFCU",82670.2439307114,1,0,1,1,3
"73968","Tokyo","Office","CL9c","ZoneA","AHP","CAVFCU",61671.8217446052,1,1,1,1,3
"74017","Tokyo","Office","CL9c","ZoneA","AHP","VAVFCU",31384.913993545,0,0,0,0,3
"74018","Tokyo","Office","CL9c","ZoneA","AHP","VAVFCU",26342.1403398974,1,0,0,0,3
"74021","Tokyo","Office","CL9c","ZoneA","AHP","VAVFCU",162419.515030762,1,0,1,0,3
"74022","Tokyo","Office","CL9c","ZoneA","AHP","VAVFCU",29333.1789842102,1,0,0,1,3
"74024","Tokyo","Office","CL9c","ZoneA","AHP","VAVFCU",540928.452103064,1,0,1,1,3
"74029","Tokyo","Office","CL9c","ZoneA","AHP","VAVFCU",36927.2922668027,1,1,1,0,3
"74032","Tokyo","Office","CL9c","ZoneA","AHP","VAVFCU",122984.131817262,1,1,1,1,3
"74085","Tokyo","Office","CL9c","ZoneA","AHP","OHUFCU",88868.1446525274,1,0,1,0,3
"74088","Tokyo","Office","CL9c","ZoneA","AHP","OHUFCU",343556.405433317,1,0,1,1,3
"74096","Tokyo","Office","CL9c","ZoneA","AHP","OHUFCU",78110.1199025589,1,1,1,1,3
"74152","Tokyo","Office","CL9c","ZoneA","TB","CAV",72449.0737169372,1,0,1,1,3
"74213","Tokyo","Office","CL9c","ZoneA","TB","VAV",63726.9933438965,1,0,1,0,3
"74216","Tokyo","Office","CL9c","ZoneA","TB","VAV",209972.014415167,1,0,1,1,3
"74224","Tokyo","Office","CL9c","ZoneA","TB","VAV",55799.9406181259,1,1,1,1,3
"74405","Tokyo","Office","CL9c","ZoneA","TB","VAVFCU",37798.6293229451,1,0,1,0,3
"74408","Tokyo","Office","CL9c","ZoneA","TB","VAVFCU",124541.48430072,1,0,1,1,3
"74416","Tokyo","Office","CL9c","ZoneA","TB","VAVFCU",33096.8269644388,1,1,1,1,3
"74472","Tokyo","Office","CL9c","ZoneA","TB","OHUFCU",104993.447878609,1,0,1,1,3
"74536","Tokyo","Office","CL9c","ZoneA","AB","CAV",89061.5586170704,1,0,1,1,3
"74544","Tokyo","Office","CL9c","ZoneA","AB","CAV",66439.7285670549,1,1,1,1,3
"74597","Tokyo","Office","CL9c","ZoneA","AB","VAV",133061.397886913,1,0,1,0,3
"74600","Tokyo","Office","CL9c","ZoneA","AB","VAV",443153.003997121,1,0,1,1,3
"74605","Tokyo","Office","CL9c","ZoneA","AB","VAV",30252.5046221738,1,1,1,0,3
"74608","Tokyo","Office","CL9c","ZoneA","AB","VAV",100754.151952824,1,1,1,1,3
"74672","Tokyo","Office","CL9c","ZoneA","AB","FCU",77688.546932314,1,1,1,1,3
"74728","Tokyo","Office","CL9c","ZoneA","AB","CAVFCU",63713.4357375846,1,0,1,1,3
"74789","Tokyo","Office","CL9c","ZoneA","AB","VAVFCU",82450.1390926685,1,0,1,0,3
"74792","Tokyo","Office","CL9c","ZoneA","AB","VAVFCU",274595.242490612,1,0,1,1,3
"74800","Tokyo","Office","CL9c","ZoneA","AB","VAVFCU",62431.2834119956,1,1,1,1,3
"74853","Tokyo","Office","CL9c","ZoneA","AB","OHUFCU",39226.9211123353,1,0,1,0,3
"74856","Tokyo","Office","CL9c","ZoneA","AB","OHUFCU",151647.815606635,1,0,1,1,3
"74864","Tokyo","Office","CL9c","ZoneA","AB","OHUFCU",34478.2657888604,1,1,1,1,3
"74914","Tokyo","Office","CL9c","ZoneA","COM","CAV",33757.3172989979,1,0,0,0,3
"74917","Tokyo","Office","CL9c","ZoneA","COM","CAV",90775.6010363907,1,0,1,0,3
"74918","Tokyo","Office","CL9c","ZoneA","COM","CAV",62765.9458468305,1,0,0,1,3
"74920","Tokyo","Office","CL9c","ZoneA","COM","CAV",224047.681280724,1,0,1,1,3
"74925","Tokyo","Office","CL9c","ZoneA","COM","CAV",67718.4004751191,1,1,1,0,3
"74926","Tokyo","Office","CL9c","ZoneA","COM","CAV",46823.2587669826,1,1,0,1,3
"74928","Tokyo","Office","CL9c","ZoneA","COM","CAV",167139.081793659,1,1,1,1,3
"74977","Tokyo","Office","CL9c","ZoneA","COM","VAV",102808.671003123,0,0,0,0,3
"74978","Tokyo","Office","CL9c","ZoneA","COM","VAV",86289.8792802043,1,0,0,0,3
"74980","Tokyo","Office","CL9c","ZoneA","COM","VAV",38897.9155587629,0,0,0,1,3
"74981","Tokyo","Office","CL9c","ZoneA","COM","VAV",532043.340590917,1,0,1,0,3
"74982","Tokyo","Office","CL9c","ZoneA","COM","VAV",96087.7301841138,1,0,0,1,3
"74984","Tokyo","Office","CL9c","ZoneA","COM","VAV",1771938.43130906,1,0,1,1,3
"74989","Tokyo","Office","CL9c","ZoneA","COM","VAV",120964.035220064,1,1,1,0,3
"74992","Tokyo","Office","CL9c","ZoneA","COM","VAV",402863.463293417,1,1,1,1,3
"75048","Tokyo","Office","CL9c","ZoneA","COM","FCU",52764.1133275601,1,0,1,1,3
"75050","Tokyo","Office","CL9c","ZoneA","COM","FCU",59802.8461063342,1,1,0,0,3
"75053","Tokyo","Office","CL9c","ZoneA","COM","FCU",53125.1989341932,1,1,1,0,3
"75054","Tokyo","Office","CL9c","ZoneA","COM","FCU",41035.0170444913,1,1,0,1,3
"75056","Tokyo","Office","CL9c","ZoneA","COM","FCU",139509.719776448,1,1,1,1,3
"75109","Tokyo","Office","CL9c","ZoneA","COM","CAVFCU",46892.7782991338,1,0,1,0,3
"75112","Tokyo","Office","CL9c","ZoneA","COM","CAVFCU",115738.349587134,1,0,1,1,3
"75117","Tokyo","Office","CL9c","ZoneA","COM","CAVFCU",34981.9103811684,1,1,1,0,3
"75120","Tokyo","Office","CL9c","ZoneA","COM","CAVFCU",86340.5564731965,1,1,1,1,3
"75169","Tokyo","Office","CL9c","ZoneA","COM","VAVFCU",61741.2471367773,0,0,0,0,3
"75170","Tokyo","Office","CL9c","ZoneA","COM","VAVFCU",51820.967142742,1,0,0,0,3
"75173","Tokyo","Office","CL9c","ZoneA","COM","VAVFCU",319516.039438957,1,0,1,0,3
"75174","Tokyo","Office","CL9c","ZoneA","COM","VAVFCU",57705.0188298725,1,0,0,1,3
"75176","Tokyo","Office","CL9c","ZoneA","COM","VAVFCU",1064129.00323635,1,0,1,1,3
"75181","Tokyo","Office","CL9c","ZoneA","COM","VAVFCU",72644.3627790598,1,1,1,0,3
"75184","Tokyo","Office","CL9c","ZoneA","COM","VAVFCU",241937.692675955,1,1,1,1,3
"75233","Tokyo","Office","CL9c","ZoneA","COM","OHUFCU",36317.0740109358,0,0,0,0,3
"75237","Tokyo","Office","CL9c","ZoneA","COM","OHUFCU",162087.39185648,1,0,1,0,3
"75240","Tokyo","Office","CL9c","ZoneA","COM","OHUFCU",626615.554201177,1,0,1,1,3
"75245","Tokyo","Office","CL9c","ZoneA","COM","OHUFCU",36851.7815775671,1,1,1,0,3
"75248","Tokyo","Office","CL9c","ZoneA","COM","OHUFCU",142465.735749358,1,1,1,1,3
"75301","Tokyo","Office","CL9c","ZoneA","AHP+TESICE","CAV",60067.6775883496,1,0,1,0,3
"75302","Tokyo","Office","CL9c","ZoneA","AHP+TESICE","CAV",41533.2375176872,1,0,0,1,3
"75304","Tokyo","Office","CL9c","ZoneA","AHP+TESICE","CAV",148255.960081087,1,0,1,1,3
"75309","Tokyo","Office","CL9c","ZoneA","AHP+TESICE","CAV",44810.3565285953,1,1,1,0,3
"75310","Tokyo","Office","CL9c","ZoneA","AHP+TESICE","CAV",30983.7046424343,1,1,0,1,3
"75312","Tokyo","Office","CL9c","ZoneA","AHP+TESICE","CAV",110598.623010709,1,1,1,1,3
"75361","Tokyo","Office","CL9c","ZoneA","AHP+TESICE","VAV",65525.0622218754,0,0,0,0,3
"75362","Tokyo","Office","CL9c","ZoneA","AHP+TESICE","VAV",54996.8174258549,1,0,0,0,3
"75365","Tokyo","Office","CL9c","ZoneA","AHP+TESICE","VAV",339097.59416981,1,0,1,0,3
"75366","Tokyo","Office","CL9c","ZoneA","AHP+TESICE","VAV",61241.4734831229,1,0,0,1,3
"75368","Tokyo","Office","CL9c","ZoneA","AHP+TESICE","VAV",1129344.19667124,1,0,1,1,3
"75373","Tokyo","Office","CL9c","ZoneA","AHP+TESICE","VAV",77096.3757926908,1,1,1,0,3
"75376","Tokyo","Office","CL9c","ZoneA","AHP+TESICE","VAV",256764.854964613,1,1,1,1,3
"75432","Tokyo","Office","CL9c","ZoneA","AHP+TESICE","FCU",37679.8750701453,1,0,1,1,3
"75434","Tokyo","Office","CL9c","ZoneA","AHP+TESICE","FCU",42706.3704479767,1,1,0,0,3
"75437","Tokyo","Office","CL9c","ZoneA","AHP+TESICE","FCU",37937.7332940313,1,1,1,0,3
"75440","Tokyo","Office","CL9c","ZoneA","AHP+TESICE","FCU",99626.592407871,1,1,1,1,3
"75496","Tokyo","Office","CL9c","ZoneA","AHP+TESICE","CAVFCU",102373.686090321,1,0,1,1,3
"75504","Tokyo","Office","CL9c","ZoneA","AHP+TESICE","CAVFCU",76370.5466406034,1,1,1,1,3
"75553","Tokyo","Office","CL9c","ZoneA","AHP+TESICE","VAVFCU",38865.1246250079,0,0,0,0,3
"75554","Tokyo","Office","CL9c","ZoneA","AHP+TESICE","VAVFCU",32620.4675090116,1,0,0,0,3
"75557","Tokyo","Office","CL9c","ZoneA","AHP+TESICE","VAVFCU",201130.221178946,1,0,1,0,3
"75558","Tokyo","Office","CL9c","ZoneA","AHP+TESICE","VAVFCU",36324.3836546267,1,0,0,1,3
"75560","Tokyo","Office","CL9c","ZoneA","AHP+TESICE","VAVFCU",669852.136874489,1,0,1,1,3
"75565","Tokyo","Office","CL9c","ZoneA","AHP+TESICE","VAVFCU",45728.4610150136,1,1,1,0,3
"75568","Tokyo","Office","CL9c","ZoneA","AHP+TESICE","VAVFCU",152295.896396573,1,1,1,1,3
"75621","Tokyo","Office","CL9c","ZoneA","AHP+TESICE","OHUFCU",110048.780692026,1,0,1,0,3
"75624","Tokyo","Office","CL9c","ZoneA","AHP+TESICE","OHUFCU",425438.875366421,1,0,1,1,3
"75632","Tokyo","Office","CL9c","ZoneA","AHP+TESICE","OHUFCU",96726.7122386134,1,1,1,1,3
"75681","Tokyo","Office","CL9c","ZoneA","COM+TESICE","CAV",33384.7056836791,0,0,0,0,3
"75682","Tokyo","Office","CL9c","ZoneA","COM+TESICE","CAV",76626.0231362217,1,0,0,0,3
"75685","Tokyo","Office","CL9c","ZoneA","COM+TESICE","CAV",206052.312854416,1,0,1,0,3
"75686","Tokyo","Office","CL9c","ZoneA","COM+TESICE","CAV",142472.957078519,1,0,0,1,3
"75688","Tokyo","Office","CL9c","ZoneA","COM+TESICE","CAV",508567.747175312,1,0,1,1,3
"75690","Tokyo","Office","CL9c","ZoneA","COM+TESICE","CAV",57162.846208798,1,1,0,0,3
"75693","Tokyo","Office","CL9c","ZoneA","COM+TESICE","CAV",153714.576178968,1,1,1,0,3
"75694","Tokyo","Office","CL9c","ZoneA","COM+TESICE","CAV",106284.5153782,1,1,0,1,3
"75696","Tokyo","Office","CL9c","ZoneA","COM+TESICE","CAV",379390.430674655,1,1,1,1,3
"75745","Tokyo","Office","CL9c","ZoneA","COM+TESICE","VAV",241824.07043339,0,0,0,0,3
"75746","Tokyo","Office","CL9c","ZoneA","COM+TESICE","VAV",202968.967900685,1,0,0,0,3
"75748","Tokyo","Office","CL9c","ZoneA","COM+TESICE","VAV",91494.7365821765,0,0,0,1,3
"75749","Tokyo","Office","CL9c","ZoneA","COM+TESICE","VAV",1251459.48306993,1,0,1,0,3
"75750","Tokyo","Office","CL9c","ZoneA","COM+TESICE","VAV",226015.235924234,1,0,0,1,3
"75752","Tokyo","Office","CL9c","ZoneA","COM+TESICE","VAV",4167910.7397809,1,0,1,1,3
"75753","Tokyo","Office","CL9c","ZoneA","COM+TESICE","VAV",54980.5121899938,0,1,0,0,3
"75754","Tokyo","Office","CL9c","ZoneA","COM+TESICE","VAV",46146.5138431201,1,1,0,0,3
"75757","Tokyo","Office","CL9c","ZoneA","COM+TESICE","VAV",284528.679220798,1,1,1,0,3
"75758","Tokyo","Office","CL9c","ZoneA","COM+TESICE","VAV",51386.2553532673,1,1,0,1,3
"75760","Tokyo","Office","CL9c","ZoneA","COM+TESICE","VAV",947605.698740604,1,1,1,1,3
"75810","Tokyo","Office","CL9c","ZoneA","COM+TESICE","FCU",44544.8077467712,1,0,0,0,3
"75813","Tokyo","Office","CL9c","ZoneA","COM+TESICE","FCU",39570.8887972467,1,0,1,0,3
"75814","Tokyo","Office","CL9c","ZoneA","COM+TESICE","FCU",30565.3838260841,1,0,0,1,3
"75816","Tokyo","Office","CL9c","ZoneA","COM+TESICE","FCU",103915.349366451,1,0,1,1,3
"75817","Tokyo","Office","CL9c","ZoneA","COM+TESICE","FCU",34592.4986853058,0,1,0,0,3
"75818","Tokyo","Office","CL9c","ZoneA","COM+TESICE","FCU",117777.657091829,1,1,0,0,3
"75821","Tokyo","Office","CL9c","ZoneA","COM+TESICE","FCU",104626.483025261,1,1,1,0,3
"75822","Tokyo","Office","CL9c","ZoneA","COM+TESICE","FCU",80815.6882304565,1,1,0,1,3
"75824","Tokyo","Office","CL9c","ZoneA","COM+TESICE","FCU",274754.949080381,1,1,1,1,3
"75874","Tokyo","Office","CL9c","ZoneA","COM+TESICE","CAVFCU",33203.0659958059,1,0,0,0,3
"75877","Tokyo","Office","CL9c","ZoneA","COM+TESICE","CAVFCU",89285.1835743981,1,0,1,0,3
"75878","Tokyo","Office","CL9c","ZoneA","COM+TESICE","CAVFCU",61735.4105417423,1,0,0,1,3
"75880","Tokyo","Office","CL9c","ZoneA","COM+TESICE","CAVFCU",220369.109366164,1,0,1,1,3
"75885","Tokyo","Office","CL9c","ZoneA","COM+TESICE","CAVFCU",66606.5522977012,1,1,1,0,3
"75886","Tokyo","Office","CL9c","ZoneA","COM+TESICE","CAVFCU",46054.4816760358,1,1,0,1,3
"75888","Tokyo","Office","CL9c","ZoneA","COM+TESICE","CAVFCU",164394.875164976,1,1,1,1,3
"75937","Tokyo","Office","CL9c","ZoneA","COM+TESICE","VAVFCU",143434.013124564,0,0,0,0,3
"75938","Tokyo","Office","CL9c","ZoneA","COM+TESICE","VAVFCU",120387.741193717,1,0,0,0,3
"75940","Tokyo","Office","CL9c","ZoneA","COM+TESICE","VAVFCU",54268.6144693412,0,0,0,1,3
"75941","Tokyo","Office","CL9c","ZoneA","COM+TESICE","VAVFCU",742282.832299592,1,0,1,0,3
"75942","Tokyo","Office","CL9c","ZoneA","COM+TESICE","VAVFCU",134057.260130512,1,0,0,1,3
"75944","Tokyo","Office","CL9c","ZoneA","COM+TESICE","VAVFCU",2472128.44726478,1,0,1,1,3
"75945","Tokyo","Office","CL9c","ZoneA","COM+TESICE","VAVFCU",32610.7963236317,0,1,0,0,3
"75946","Tokyo","Office","CL9c","ZoneA","COM+TESICE","VAVFCU",27371.0539251309,1,1,0,0,3
"75949","Tokyo","Office","CL9c","ZoneA","COM+TESICE","VAVFCU",168763.557062497,1,1,1,0,3
"75950","Tokyo","Office","CL9c","ZoneA","COM+TESICE","VAVFCU",30478.9213561475,1,1,0,1,3
"75952","Tokyo","Office","CL9c","ZoneA","COM+TESICE","VAVFCU",562056.903543481,1,1,1,1,3
"76001","Tokyo","Office","CL9c","ZoneA","COM+TESICE","OHUFCU",87181.4478467718,0,0,0,0,3
"76005","Tokyo","Office","CL9c","ZoneA","COM+TESICE","OHUFCU",389101.101468137,1,0,1,0,3
"76008","Tokyo","Office","CL9c","ZoneA","COM+TESICE","OHUFCU",1504230.52369571,1,0,1,1,3
"76013","Tokyo","Office","CL9c","ZoneA","COM+TESICE","OHUFCU",88465.047396105,1,1,1,0,3
"76016","Tokyo","Office","CL9c","ZoneA","COM+TESICE","OHUFCU",341998.0670096,1,1,1,1,3
"76033","Nigata","Office","CL1","ZoneC","EHP","MUL",53017.5162053362,0,0,0,0,1
"76034","Nigata","Office","CL1","ZoneC","EHP","MUL",149920.871146437,1,0,0,0,1
"76049","Nigata","Office","CL1","ZoneC","EHP","MUL",30532.7601087021,0,0,0,0,2
"76050","Nigata","Office","CL1","ZoneC","EHP","MUL",86339.3520034623,1,0,0,0,2
"76098","Nigata","Office","CL1","ZoneC","GHP","MUL",68539.5075107036,1,0,0,0,1
"76114","Nigata","Office","CL1","ZoneC","GHP","MUL",39471.866857887,1,0,0,0,2
"78849","Nigata","Office","CL2","ZoneC","EHP","MUL",482557.140528803,0,0,0,0,1
"78850","Nigata","Office","CL2","ZoneC","EHP","MUL",1406534.28536571,1,0,0,0,1
"78852","Nigata","Office","CL2","ZoneC","EHP","MUL",26488.9699407399,0,0,0,1,1
"78865","Nigata","Office","CL2","ZoneC","EHP","MUL",281801.201883662,0,0,0,0,2
"78866","Nigata","Office","CL2","ZoneC","EHP","MUL",821380.555414197,1,0,0,0,2
"78913","Nigata","Office","CL2","ZoneC","GHP","MUL",111595.22755489,0,0,0,0,1
"78914","Nigata","Office","CL2","ZoneC","GHP","MUL",325272.388399715,1,0,0,0,1
"78929","Nigata","Office","CL2","ZoneC","GHP","MUL",64267.6337196371,0,0,0,0,2
"78930","Nigata","Office","CL2","ZoneC","GHP","MUL",187324.199921563,1,0,0,0,2
"79361","Nigata","Office","CL2","ZoneC","AHP","CAV",41867.7670590663,0,0,0,0,1
"79362","Nigata","Office","CL2","ZoneC","AHP","CAV",45334.2858236336,1,0,0,0,1
"79378","Nigata","Office","CL2","ZoneC","AHP","CAV",50219.6170665922,1,0,0,0,2
"81665","Nigata","Office","CL3","ZoneC","EHP","MUL",545314.598713453,0,0,0,0,1
"81666","Nigata","Office","CL3","ZoneC","EHP","MUL",1619880.64183073,1,0,0,0,1
"81668","Nigata","Office","CL3","ZoneC","EHP","MUL",33346.0233937807,0,0,0,1,1
"81669","Nigata","Office","CL3","ZoneC","EHP","MUL",47894.4311455212,1,0,1,0,1
"81670","Nigata","Office","CL3","ZoneC","EHP","MUL",26556.9505138481,1,0,0,1,1
"81681","Nigata","Office","CL3","ZoneC","EHP","MUL",322546.869618754,0,0,0,0,2
"81682","Nigata","Office","CL3","ZoneC","EHP","MUL",958139.450899003,1,0,0,0,2
"81685","Nigata","Office","CL3","ZoneC","EHP","MUL",28328.9662052059,1,0,1,0,2
"81729","Nigata","Office","CL3","ZoneC","GHP","MUL",93197.3731660932,0,0,0,0,1
"81730","Nigata","Office","CL3","ZoneC","GHP","MUL",276846.834868176,1,0,0,0,1
"81745","Nigata","Office","CL3","ZoneC","GHP","MUL",53672.3189109926,0,0,0,0,2
"81746","Nigata","Office","CL3","ZoneC","GHP","MUL",159435.948737121,1,0,0,0,2
"81793","Nigata","Office","CL3","ZoneC","ABCH","CAV",54762.0421436327,0,0,0,0,1
"81794","Nigata","Office","CL3","ZoneC","ABCH","CAV",54856.40236977,1,0,0,0,1
"81810","Nigata","Office","CL3","ZoneC","ABCH","CAV",63129.2053904238,1,0,0,0,2
"82177","Nigata","Office","CL3","ZoneC","AHP","CAV",73609.6451022979,0,0,0,0,1
"82178","Nigata","Office","CL3","ZoneC","AHP","CAV",73736.4815475044,1,0,0,0,1
"82193","Nigata","Office","CL3","ZoneC","AHP","CAV",42391.7564695147,0,0,0,0,2
"82194","Nigata","Office","CL3","ZoneC","AHP","CAV",42464.8015125817,1,0,0,0,2
"84481","Nigata","Office","CL4","ZoneC","EHP","MUL",361413.813615597,0,0,0,0,1
"84482","Nigata","Office","CL4","ZoneC","EHP","MUL",1097135.12574115,1,0,0,0,1
"84485","Nigata","Office","CL4","ZoneC","EHP","MUL",52127.9849265653,1,0,1,0,1
"84486","Nigata","Office","CL4","ZoneC","EHP","MUL",30869.0970067201,1,0,0,1,1
"84497","Nigata","Office","CL4","ZoneC","EHP","MUL",212391.110068617,0,0,0,0,2
"84498","Nigata","Office","CL4","ZoneC","EHP","MUL",644750.528266412,1,0,0,0,2
"84501","Nigata","Office","CL4","ZoneC","EHP","MUL",30633.9164887844,1,0,1,0,2
"84545","Nigata","Office","CL4","ZoneC","GHP","MUL",46965.121381739,0,0,0,0,1
"84546","Nigata","Office","CL4","ZoneC","GHP","MUL",142570.876959914,1,0,0,0,1
"84562","Nigata","Office","CL4","ZoneC","GHP","MUL",109153.683226424,1,0,0,0,2
"84609","Nigata","Office","CL4","ZoneC","ABCH","CAV",89744.2472691593,0,0,0,0,1
"84610","Nigata","Office","CL4","ZoneC","ABCH","CAV",85546.2757124117,1,0,0,0,1
"84625","Nigata","Office","CL4","ZoneC","ABCH","CAV",51683.665496376,0,0,0,0,2
"84626","Nigata","Office","CL4","ZoneC","ABCH","CAV",49266.0558522556,1,0,0,0,2
"84993","Nigata","Office","CL4","ZoneC","AHP","CAV",108477.193553082,0,0,0,0,1
"84994","Nigata","Office","CL4","ZoneC","AHP","CAV",103402.949944733,1,0,0,0,1
"85009","Nigata","Office","CL4","ZoneC","AHP","CAV",62471.9595537776,0,0,0,0,2
"85010","Nigata","Office","CL4","ZoneC","AHP","CAV",59549.7052892286,1,0,0,0,2
"87297","Nigata","Office","CL5","ZoneC","EHP","MUL",231656.361018639,0,0,0,0,1
"87298","Nigata","Office","CL5","ZoneC","EHP","MUL",726747.816395387,1,0,0,0,1
"87301","Nigata","Office","CL5","ZoneC","EHP","MUL",58303.7053539776,1,0,1,0,1
"87302","Nigata","Office","CL5","ZoneC","EHP","MUL",38843.8473188602,1,0,0,1,1
"87313","Nigata","Office","CL5","ZoneC","EHP","MUL",272829.553504545,0,0,0,0,2
"87314","Nigata","Office","CL5","ZoneC","EHP","MUL",855915.552612879,1,0,0,0,2
"87317","Nigata","Office","CL5","ZoneC","EHP","MUL",68666.2512932527,1,0,1,0,2
"87318","Nigata","Office","CL5","ZoneC","EHP","MUL",45747.7164615854,1,0,0,1,2
"87320","Nigata","Office","CL5","ZoneC","EHP","MUL",28769.8230983455,1,0,1,1,2
"87362","Nigata","Office","CL5","ZoneC","GHP","MUL",102914.404268748,1,0,0,0,1
"87377","Nigata","Office","CL5","ZoneC","GHP","MUL",29974.7112798981,0,0,0,0,2
"87378","Nigata","Office","CL5","ZoneC","GHP","MUL",94036.0794495749,1,0,0,0,2
"87426","Nigata","Office","CL5","ZoneC","ABCH","CAV",102549.26623076,1,0,0,0,1
"87442","Nigata","Office","CL5","ZoneC","ABCH","CAV",123570.803177313,1,0,0,0,2
"87489","Nigata","Office","CL5","ZoneC","ABCH","VAV",68255.711072677,0,0,0,0,1
"87505","Nigata","Office","CL5","ZoneC","ABCH","VAV",82247.4245667433,0,0,0,0,2
"87745","Nigata","Office","CL5","ZoneC","ABCH","OHUFCU",73476.4852254134,0,0,0,0,1
"87761","Nigata","Office","CL5","ZoneC","ABCH","OHUFCU",88538.403322352,0,0,0,0,2
"87810","Nigata","Office","CL5","ZoneC","AHP","CAV",110690.911376613,1,0,0,0,1
"87826","Nigata","Office","CL5","ZoneC","AHP","CAV",133381.401213127,1,0,0,0,2
"87873","Nigata","Office","CL5","ZoneC","AHP","VAV",73674.7042957107,0,0,0,0,1
"87889","Nigata","Office","CL5","ZoneC","AHP","VAV",88777.2552480849,0,0,0,0,2
"88129","Nigata","Office","CL5","ZoneC","AHP","OHUFCU",79309.9688889987,0,0,0,0,1
"88145","Nigata","Office","CL5","ZoneC","AHP","OHUFCU",95567.6906895467,0,0,0,0,2
"89345","Nigata","Office","CL5","ZoneC","AHP+TESICE","CAV",87042.5937292657,0,0,0,0,1
"89361","Nigata","Office","CL5","ZoneC","AHP+TESICE","CAV",54345.6653901162,0,0,0,0,2
"89362","Nigata","Office","CL5","ZoneC","AHP+TESICE","CAV",50539.7581053432,1,0,0,0,2
"90113","Nigata","Office","CL6","ZoneC","EHP","MUL",85951.4595870125,0,0,0,0,1
"90114","Nigata","Office","CL6","ZoneC","EHP","MUL",281539.334109042,1,0,0,0,1
"90117","Nigata","Office","CL6","ZoneC","EHP","MUL",40633.5053812561,1,0,1,0,1
"90118","Nigata","Office","CL6","ZoneC","EHP","MUL",31710.1032418646,1,0,0,1,1
"90120","Nigata","Office","CL6","ZoneC","EHP","MUL",30641.5110514576,1,0,1,1,1
"90129","Nigata","Office","CL6","ZoneC","EHP","MUL",103570.618160539,0,0,0,0,2
"90130","Nigata","Office","CL6","ZoneC","EHP","MUL",339251.980248931,1,0,0,0,2
"90133","Nigata","Office","CL6","ZoneC","EHP","MUL",48962.9529339857,1,0,1,0,2
"90134","Nigata","Office","CL6","ZoneC","EHP","MUL",38210.3458216396,1,0,0,1,2
"90136","Nigata","Office","CL6","ZoneC","EHP","MUL",36922.7033051104,1,0,1,1,2
"90178","Nigata","Office","CL6","ZoneC","GHP","MUL",41720.5881226465,1,0,0,0,1
"90194","Nigata","Office","CL6","ZoneC","GHP","MUL",50272.876372848,1,0,0,0,2
"90242","Nigata","Office","CL6","ZoneC","ABCH","CAV",100153.656173843,1,0,0,0,1
"90258","Nigata","Office","CL6","ZoneC","ABCH","CAV",120684.117882395,1,0,0,0,2
"90305","Nigata","Office","CL6","ZoneC","ABCH","VAV",111576.389880697,0,0,0,0,1
"90321","Nigata","Office","CL6","ZoneC","ABCH","VAV",67270.9103867413,0,0,0,0,2
"90322","Nigata","Office","CL6","ZoneC","ABCH","VAV",67177.4832483479,1,0,0,0,2
"90568","Nigata","Office","CL6","ZoneC","ABCH","OHUFCU",97426.8436686376,1,0,1,1,1
"90577","Nigata","Office","CL6","ZoneC","ABCH","OHUFCU",40701.3152629136,0,0,0,0,2
"90581","Nigata","Office","CL6","ZoneC","ABCH","OHUFCU",35787.4815745521,1,0,1,0,2
"90584","Nigata","Office","CL6","ZoneC","ABCH","OHUFCU",40909.540231794,1,0,1,1,2
"90626","Nigata","Office","CL6","ZoneC","AHP","CAV",101392.498871594,1,0,0,0,1
"90642","Nigata","Office","CL6","ZoneC","AHP","CAV",122176.910496114,1,0,0,0,2
"90689","Nigata","Office","CL6","ZoneC","AHP","VAV",112956.52517606,0,0,0,0,1
"90705","Nigata","Office","CL6","ZoneC","AHP","VAV",68103.0125713988,0,0,0,0,2
"90706","Nigata","Office","CL6","ZoneC","AHP","VAV",68008.4297934355,1,0,0,0,2
"90945","Nigata","Office","CL6","ZoneC","AHP","OHUFCU",49190.1520176254,0,0,0,0,1
"90952","Nigata","Office","CL6","ZoneC","AHP","OHUFCU",49441.8052579919,1,0,1,1,1
"90961","Nigata","Office","CL6","ZoneC","AHP","OHUFCU",41204.7669503371,0,0,0,0,2
"90965","Nigata","Office","CL6","ZoneC","AHP","OHUFCU",36230.1519863302,1,0,1,0,2
"90968","Nigata","Office","CL6","ZoneC","AHP","OHUFCU",41415.5675414367,1,0,1,1,2
"91841","Nigata","Office","CL6","ZoneC","COM","VAV",92846.3858240541,0,0,0,0,1
"91857","Nigata","Office","CL6","ZoneC","COM","VAV",111878.932829923,0,0,0,0,2
"92225","Nigata","Office","CL6","ZoneC","AHP+TESICE","VAV",53502.1091131374,0,0,0,0,1
"92226","Nigata","Office","CL6","ZoneC","AHP+TESICE","VAV",49565.0957568879,1,0,0,0,1
"92229","Nigata","Office","CL6","ZoneC","AHP+TESICE","VAV",47613.9103222751,1,0,1,0,1
"92241","Nigata","Office","CL6","ZoneC","AHP+TESICE","VAV",49552.5960029997,0,0,0,0,2
"92242","Nigata","Office","CL6","ZoneC","AHP+TESICE","VAV",45906.2120466571,1,0,0,0,2
"92245","Nigata","Office","CL6","ZoneC","AHP+TESICE","VAV",44099.0626618756,1,0,1,0,2
"92248","Nigata","Office","CL6","ZoneC","AHP+TESICE","VAV",42011.3117150572,1,0,1,1,2
"92609","Nigata","Office","CL6","ZoneC","COM+TESICE","VAV",58721.6299370056,0,0,0,0,1
"92625","Nigata","Office","CL6","ZoneC","COM+TESICE","VAV",70758.9555918263,0,0,0,0,2
"92930","Nigata","Office","CL7","ZoneC","EHP","MUL",119562.651460252,1,0,0,0,1
"92946","Nigata","Office","CL7","ZoneC","EHP","MUL",144071.756083621,1,0,0,0,2
"92994","Nigata","Office","CL7","ZoneC","GHP","MUL",11390.6666247811,1,0,0,0,1
"93010","Nigata","Office","CL7","ZoneC","GHP","MUL",13725.635251079,1,0,0,0,2
"93128","Nigata","Office","CL7","ZoneC","ABCH","VAV",110192.031624274,1,0,1,1,1
"93141","Nigata","Office","CL7","ZoneC","ABCH","VAV",58382.6270150321,1,0,1,0,2
"93144","Nigata","Office","CL7","ZoneC","ABCH","VAV",74397.6292659933,1,0,1,1,2
"93512","Nigata","Office","CL7","ZoneC","AHP","VAV",104617.815601881,1,0,1,1,1
"93528","Nigata","Office","CL7","ZoneC","AHP","VAV",126063.383734897,1,0,1,1,2
"94664","Nigata","Office","CL7","ZoneC","COM","VAV",55059.2307155786,1,0,1,1,1
"94680","Nigata","Office","CL7","ZoneC","COM","VAV",66345.8024803323,1,0,1,1,2
"95048","Nigata","Office","CL7","ZoneC","AHP+TESICE","VAV",77557.3969346094,1,0,1,1,1
"95064","Nigata","Office","CL7","ZoneC","AHP+TESICE","VAV",93455.8596449189,1,0,1,1,2
"95432","Nigata","Office","CL7","ZoneC","COM+TESICE","VAV",56074.7559942413,1,0,1,1,1
"95448","Nigata","Office","CL7","ZoneC","COM+TESICE","VAV",67569.4999180969,1,0,1,1,2
"95778","Nigata","Office","CL8c","ZoneA","EHP","MUL",70680.7224661138,1,0,0,0,3
"95784","Nigata","Office","CL8c","ZoneA","EHP","MUL",46375.7252006261,1,0,1,1,3
"95842","Nigata","Office","CL8c","ZoneA","GHP","MUL",13598.0965708235,1,0,0,0,3
"95973","Nigata","Office","CL8c","ZoneA","ABCH","VAV",79269.3988409882,1,0,1,0,3
"95976","Nigata","Office","CL8c","ZoneA","ABCH","VAV",144256.115484854,1,0,1,1,3
"96357","Nigata","Office","CL8c","ZoneA","AHP","VAV",60966.3425105982,1,0,1,0,3
"96360","Nigata","Office","CL8c","ZoneA","AHP","VAV",110947.82948386,1,0,1,1,3
"97128","Nigata","Office","CL8c","ZoneA","AB","VAV",52220.5014326788,1,0,1,1,3
"97509","Nigata","Office","CL8c","ZoneA","COM","VAV",68046.3166920599,1,0,1,0,3
"97512","Nigata","Office","CL8c","ZoneA","COM","VAV",123832.11507305,1,0,1,1,3
"97893","Nigata","Office","CL8c","ZoneA","AHP+TESICE","VAV",68707.3532227777,1,0,1,0,3
"97896","Nigata","Office","CL8c","ZoneA","AHP+TESICE","VAV",125035.083223549,1,0,1,1,3
"98277","Nigata","Office","CL8c","ZoneA","COM+TESICE","VAV",46884.8248729109,1,0,1,0,3
"98280","Nigata","Office","CL8c","ZoneA","COM+TESICE","VAV",81666.0878372653,1,0,1,1,3
"98472","Nigata","Office","CL8c","ZoneA","COM+TESICE","VAVFCU",71231.76264545,1,0,1,1,3
"98536","Nigata","Office","CL8c","ZoneA","COM+TESICE","OHUFCU",88298.1643796803,1,0,1,1,3
"98600","Nigata","Office","CL9c","ZoneA","EHP","MUL",11123.0733533793,1,0,1,1,3
"101096","Nigata","Office","CL9c","ZoneA","COM+TESICE","VAV",128493.525670595,1,0,1,1,3
"101288","Nigata","Office","CL9c","ZoneA","COM+TESICE","VAVFCU",97748.3334966245,1,0,1,1,3
"101377","Nagoya","Office","CL1","ZoneC","EHP","MUL",32490.8543335673,0,0,0,0,1
"101378","Nagoya","Office","CL1","ZoneC","EHP","MUL",91927.5615099008,1,0,0,0,1
"101394","Nagoya","Office","CL1","ZoneC","EHP","MUL",71652.5012099871,1,0,0,0,2
"101442","Nagoya","Office","CL1","ZoneC","GHP","MUL",32577.3086466726,1,0,0,0,1
"101458","Nagoya","Office","CL1","ZoneC","GHP","MUL",18761.255167889,1,0,0,0,2
"104193","Nagoya","Office","CL2","ZoneC","EHP","MUL",1096388.78918212,0,0,0,0,1
"104194","Nagoya","Office","CL2","ZoneC","EHP","MUL",3195418.88969334,1,0,0,0,1
"104196","Nagoya","Office","CL2","ZoneC","EHP","MUL",60118.5624921404,0,0,0,1,1
"104197","Nagoya","Office","CL2","ZoneC","EHP","MUL",56585.7190131069,1,0,1,0,1
"104198","Nagoya","Office","CL2","ZoneC","EHP","MUL",29804.9751425318,1,0,0,1,1
"104209","Nagoya","Office","CL2","ZoneC","EHP","MUL",635678.557224577,0,0,0,0,2
"104210","Nagoya","Office","CL2","ZoneC","EHP","MUL",1852681.53922267,1,0,0,0,2
"104212","Nagoya","Office","CL2","ZoneC","EHP","MUL",34856.3223598151,0,0,0,1,2
"104213","Nagoya","Office","CL2","ZoneC","EHP","MUL",32808.0044019788,1,0,1,0,2
"104257","Nagoya","Office","CL2","ZoneC","GHP","MUL",210035.630888069,0,0,0,0,1
"104258","Nagoya","Office","CL2","ZoneC","GHP","MUL",612147.651517903,1,0,0,0,1
"104273","Nagoya","Office","CL2","ZoneC","GHP","MUL",120959.410986889,0,0,0,0,2
"104274","Nagoya","Office","CL2","ZoneC","GHP","MUL",352535.515291082,1,0,0,0,2
"104705","Nagoya","Office","CL2","ZoneC","AHP","CAV",66231.6891346103,0,0,0,0,1
"104706","Nagoya","Office","CL2","ZoneC","AHP","CAV",75501.909437466,1,0,0,0,1
"104721","Nagoya","Office","CL2","ZoneC","AHP","CAV",38142.7954510182,0,0,0,0,2
"104722","Nagoya","Office","CL2","ZoneC","AHP","CAV",43481.5105195569,1,0,0,0,2
"107009","Nagoya","Office","CL3","ZoneC","EHP","MUL",1244719.33332807,0,0,0,0,1
"107010","Nagoya","Office","CL3","ZoneC","EHP","MUL",3725102.55514788,1,0,0,0,1
"107012","Nagoya","Office","CL3","ZoneC","EHP","MUL",78579.5312240028,0,0,0,1,1
"107013","Nagoya","Office","CL3","ZoneC","EHP","MUL",110311.424440372,1,0,1,0,1
"107014","Nagoya","Office","CL3","ZoneC","EHP","MUL",63503.7646766504,1,0,0,1,1
"107025","Nagoya","Office","CL3","ZoneC","EHP","MUL",716833.219043645,0,0,0,0,2
"107026","Nagoya","Office","CL3","ZoneC","EHP","MUL",2145284.63114226,1,0,0,0,2
"107028","Nagoya","Office","CL3","ZoneC","EHP","MUL",45253.9113115839,0,0,0,1,2
"107029","Nagoya","Office","CL3","ZoneC","EHP","MUL",63528.2921712599,1,0,1,0,2
"107030","Nagoya","Office","CL3","ZoneC","EHP","MUL",36571.7851693038,1,0,0,1,2
"107073","Nagoya","Office","CL3","ZoneC","GHP","MUL",181494.973570404,0,0,0,0,1
"107074","Nagoya","Office","CL3","ZoneC","GHP","MUL",543164.528493279,1,0,0,0,1
"107089","Nagoya","Office","CL3","ZoneC","GHP","MUL",104522.861227562,0,0,0,0,2
"107090","Nagoya","Office","CL3","ZoneC","GHP","MUL",312808.170488612,1,0,0,0,2
"107137","Nagoya","Office","CL3","ZoneC","ABCH","CAV",74434.589029566,0,0,0,0,1
"107138","Nagoya","Office","CL3","ZoneC","ABCH","CAV",80950.2524091863,1,0,0,0,1
"107153","Nagoya","Office","CL3","ZoneC","ABCH","CAV",42866.8412497382,0,0,0,0,2
"107154","Nagoya","Office","CL3","ZoneC","ABCH","CAV",46619.2084136111,1,0,0,0,2
"107521","Nagoya","Office","CL3","ZoneC","AHP","CAV",99194.517762846,0,0,0,0,1
"107522","Nagoya","Office","CL3","ZoneC","AHP","CAV",107877.55202518,1,0,0,0,1
"107530","Nagoya","Office","CL3","ZoneC","AHP","CAV",35878.580089164,1,1,0,0,1
"107537","Nagoya","Office","CL3","ZoneC","AHP","CAV",67024.0857690828,0,0,0,0,2
"107538","Nagoya","Office","CL3","ZoneC","AHP","CAV",72891.0675969082,1,0,0,0,2
"109825","Nagoya","Office","CL4","ZoneC","EHP","MUL",1027598.45949329,0,0,0,0,1
"109826","Nagoya","Office","CL4","ZoneC","EHP","MUL",3175506.34747227,1,0,0,0,1
"109828","Nagoya","Office","CL4","ZoneC","EHP","MUL",76094.6261254603,0,0,0,1,1
"109829","Nagoya","Office","CL4","ZoneC","EHP","MUL",145254.171910659,1,0,1,0,1
"109830","Nagoya","Office","CL4","ZoneC","EHP","MUL",94374.0055030159,1,0,0,1,1
"109832","Nagoya","Office","CL4","ZoneC","EHP","MUL",40657.7129563585,1,0,1,1,1
"109841","Nagoya","Office","CL4","ZoneC","EHP","MUL",597118.024191967,0,0,0,0,2
"109842","Nagoya","Office","CL4","ZoneC","EHP","MUL",1845226.66270508,1,0,0,0,2
"109844","Nagoya","Office","CL4","ZoneC","EHP","MUL",44217.1476454593,0,0,0,1,2
"109845","Nagoya","Office","CL4","ZoneC","EHP","MUL",84404.4513064972,1,0,1,0,2
"109846","Nagoya","Office","CL4","ZoneC","EHP","MUL",54838.9491833513,1,0,0,1,2
"109889","Nagoya","Office","CL4","ZoneC","GHP","MUL",116400.687163587,0,0,0,0,1
"109890","Nagoya","Office","CL4","ZoneC","GHP","MUL",359703.848836412,1,0,0,0,1
"109905","Nagoya","Office","CL4","ZoneC","GHP","MUL",67035.0954180722,0,0,0,0,2
"109906","Nagoya","Office","CL4","ZoneC","GHP","MUL",207153.260144496,1,0,0,0,2
"109953","Nagoya","Office","CL4","ZoneC","ABCH","CAV",67696.172057137,0,0,0,0,1
"109954","Nagoya","Office","CL4","ZoneC","ABCH","CAV",87582.8236428024,1,0,0,0,1
"109962","Nagoya","Office","CL4","ZoneC","ABCH","CAV",35761.9971725306,1,1,0,0,1
"109969","Nagoya","Office","CL4","ZoneC","ABCH","CAV",84362.2769593453,0,0,0,0,2
"109970","Nagoya","Office","CL4","ZoneC","ABCH","CAV",88291.7369108944,1,0,0,0,2
"110017","Nagoya","Office","CL4","ZoneC","ABCH","VAV",78482.5599047835,0,0,0,0,1
"110337","Nagoya","Office","CL4","ZoneC","AHP","CAV",58867.8581553817,0,0,0,0,1
"110338","Nagoya","Office","CL4","ZoneC","AHP","CAV",128654.974190574,1,0,0,0,1
"110346","Nagoya","Office","CL4","ZoneC","AHP","CAV",50223.4001255857,1,1,0,0,1
"110353","Nagoya","Office","CL4","ZoneC","AHP","CAV",67359.1887403539,0,0,0,0,2
"110354","Nagoya","Office","CL4","ZoneC","AHP","CAV",87146.8469914274,1,0,0,0,2
"110362","Nagoya","Office","CL4","ZoneC","AHP","CAV",35583.9782970791,1,1,0,0,2
"110401","Nagoya","Office","CL4","ZoneC","AHP","VAV",52444.9818761285,0,0,0,0,1
"110402","Nagoya","Office","CL4","ZoneC","AHP","VAV",45224.804338499,1,0,0,0,1
"110417","Nagoya","Office","CL4","ZoneC","AHP","VAV",78091.8832602607,0,0,0,0,2
"110657","Nagoya","Office","CL4","ZoneC","AHP","OHUFCU",83232.4455321756,0,0,0,0,1
"111874","Nagoya","Office","CL4","ZoneC","AHP+TESICE","CAV",77301.6899531664,1,0,0,0,1
"112641","Nagoya","Office","CL5","ZoneC","EHP","MUL",767618.400017082,0,0,0,0,1
"112642","Nagoya","Office","CL5","ZoneC","EHP","MUL",2412654.70356806,1,0,0,0,1
"112644","Nagoya","Office","CL5","ZoneC","EHP","MUL",62979.1425163019,0,0,0,1,1
"112645","Nagoya","Office","CL5","ZoneC","EHP","MUL",192352.092347699,1,0,1,0,1
"112646","Nagoya","Office","CL5","ZoneC","EHP","MUL",129330.373901018,1,0,0,1,1
"112648","Nagoya","Office","CL5","ZoneC","EHP","MUL",81138.1797706863,1,0,1,1,1
"112657","Nagoya","Office","CL5","ZoneC","EHP","MUL",924972.21784452,0,0,0,0,2
"112658","Nagoya","Office","CL5","ZoneC","EHP","MUL",2907223.91751254,1,0,0,0,2
"112660","Nagoya","Office","CL5","ZoneC","EHP","MUL",75889.2141328996,0,0,0,1,2
"112661","Nagoya","Office","CL5","ZoneC","EHP","MUL",231782.27809798,1,0,1,0,2
"112662","Nagoya","Office","CL5","ZoneC","EHP","MUL",155841.760410152,1,0,0,1,2
"112664","Nagoya","Office","CL5","ZoneC","EHP","MUL",97770.6658577869,1,0,1,1,2
"112705","Nagoya","Office","CL5","ZoneC","GHP","MUL",67629.586876467,0,0,0,0,1
"112706","Nagoya","Office","CL5","ZoneC","GHP","MUL",212562.441017884,1,0,0,0,1
"112721","Nagoya","Office","CL5","ZoneC","GHP","MUL",81492.951398302,0,0,0,0,2
"112722","Nagoya","Office","CL5","ZoneC","GHP","MUL",256135.538822914,1,0,0,0,2
"112769","Nagoya","Office","CL5","ZoneC","ABCH","CAV",52386.9887668988,0,0,0,0,1
"112770","Nagoya","Office","CL5","ZoneC","ABCH","CAV",108360.990159532,1,0,0,0,1
"112778","Nagoya","Office","CL5","ZoneC","ABCH","CAV",36876.0969497661,1,1,0,0,1
"112785","Nagoya","Office","CL5","ZoneC","ABCH","CAV",63125.7786223417,0,0,0,0,2
"112786","Nagoya","Office","CL5","ZoneC","ABCH","CAV",130573.870289535,1,0,0,0,2
"112794","Nagoya","Office","CL5","ZoneC","ABCH","CAV",44435.3147088654,1,1,0,0,2
"112833","Nagoya","Office","CL5","ZoneC","ABCH","VAV",72125.2659651106,0,0,0,0,1
"112834","Nagoya","Office","CL5","ZoneC","ABCH","VAV",61193.793809619,1,0,0,0,1
"112849","Nagoya","Office","CL5","ZoneC","ABCH","VAV",86910.1981152224,0,0,0,0,2
"112850","Nagoya","Office","CL5","ZoneC","ABCH","VAV",73737.8874413955,1,0,0,0,2
"112906","Nagoya","Office","CL5","ZoneC","ABCH","FCU",67727.8918574742,1,1,0,0,1
"112922","Nagoya","Office","CL5","ZoneC","ABCH","FCU",81611.407881765,1,1,0,0,2
"113089","Nagoya","Office","CL5","ZoneC","ABCH","OHUFCU",71319.1148283858,0,0,0,0,1
"113093","Nagoya","Office","CL5","ZoneC","ABCH","OHUFCU",37838.2227666183,1,0,1,0,1
"113105","Nagoya","Office","CL5","ZoneC","ABCH","OHUFCU",85938.7943489266,0,0,0,0,2
"113109","Nagoya","Office","CL5","ZoneC","ABCH","OHUFCU",45594.6663484815,1,0,1,0,2
"113153","Nagoya","Office","CL5","ZoneC","AHP","CAV",62763.4633943338,0,0,0,0,1
"113154","Nagoya","Office","CL5","ZoneC","AHP","CAV",129824.431587656,1,0,0,0,1
"113157","Nagoya","Office","CL5","ZoneC","AHP","CAV",34977.2358287879,1,0,1,0,1
"113162","Nagoya","Office","CL5","ZoneC","AHP","CAV",44180.2748260836,1,1,0,0,1
"113169","Nagoya","Office","CL5","ZoneC","AHP","CAV",70224.1643321293,0,0,0,0,2
"113170","Nagoya","Office","CL5","ZoneC","AHP","CAV",145256.678409495,1,0,0,0,2
"113173","Nagoya","Office","CL5","ZoneC","AHP","CAV",39134.9843346312,1,0,1,0,2
"113178","Nagoya","Office","CL5","ZoneC","AHP","CAV",49431.9897570476,1,1,0,0,2
"113217","Nagoya","Office","CL5","ZoneC","AHP","VAV",78654.339127622,0,0,0,0,1
"113218","Nagoya","Office","CL5","ZoneC","AHP","VAV",66733.3055400564,1,0,0,0,1
"113221","Nagoya","Office","CL5","ZoneC","AHP","VAV",37934.3611000029,1,0,1,0,1
"113233","Nagoya","Office","CL5","ZoneC","AHP","VAV",90210.5638059199,0,0,0,0,2
"113234","Nagoya","Office","CL5","ZoneC","AHP","VAV",71692.9407825766,1,0,0,0,2
"113237","Nagoya","Office","CL5","ZoneC","AHP","VAV",43210.0115003472,1,0,1,0,2
"113282","Nagoya","Office","CL5","ZoneC","AHP","FCU",42405.7874228189,1,0,0,0,1
"113290","Nagoya","Office","CL5","ZoneC","AHP","FCU",50724.2796711752,1,1,0,0,1
"113298","Nagoya","Office","CL5","ZoneC","AHP","FCU",45646.5956785777,1,0,0,0,2
"113306","Nagoya","Office","CL5","ZoneC","AHP","FCU",58553.8544269418,1,1,0,0,2
"113362","Nagoya","Office","CL5","ZoneC","AHP","CAVFCU",60136.875746853,1,0,0,0,2
"113473","Nagoya","Office","CL5","ZoneC","AHP","OHUFCU",98068.2222182418,0,0,0,0,1
"113477","Nagoya","Office","CL5","ZoneC","AHP","OHUFCU",52029.9115818969,1,0,1,0,1
"113489","Nagoya","Office","CL5","ZoneC","AHP","OHUFCU",89567.8424238534,0,0,0,0,2
"113493","Nagoya","Office","CL5","ZoneC","AHP","OHUFCU",47450.2759862234,1,0,1,0,2
"113496","Nagoya","Office","CL5","ZoneC","AHP","OHUFCU",30922.1997922877,1,0,1,1,2
"114305","Nagoya","Office","CL5","ZoneC","COM","CAV",85078.1159582035,0,0,0,0,1
"114321","Nagoya","Office","CL5","ZoneC","COM","CAV",51526.1995031171,0,0,0,0,2
"114322","Nagoya","Office","CL5","ZoneC","COM","CAV",50992.0486344234,1,0,0,0,2
"114689","Nagoya","Office","CL5","ZoneC","AHP+TESICE","CAV",76881.3486946577,0,0,0,0,1
"114690","Nagoya","Office","CL5","ZoneC","AHP+TESICE","CAV",76084.3514468963,1,0,0,0,1
"114693","Nagoya","Office","CL5","ZoneC","AHP+TESICE","CAV",39308.6501567298,1,0,1,0,1
"114705","Nagoya","Office","CL5","ZoneC","AHP+TESICE","CAV",61172.8156459867,0,0,0,0,2
"114706","Nagoya","Office","CL5","ZoneC","AHP+TESICE","CAV",77180.9994994023,1,0,0,0,2
"114769","Nagoya","Office","CL5","ZoneC","AHP+TESICE","VAV",93334.7845886203,0,0,0,0,2
"115457","Nagoya","Office","CL6","ZoneC","EHP","MUL",294087.107207065,0,0,0,0,1
"115458","Nagoya","Office","CL6","ZoneC","EHP","MUL",941115.919072656,1,0,0,0,1
"115460","Nagoya","Office","CL6","ZoneC","EHP","MUL",26786.0797725002,0,0,0,1,1
"115461","Nagoya","Office","CL6","ZoneC","EHP","MUL",130332.859659232,1,0,1,0,1
"115462","Nagoya","Office","CL6","ZoneC","EHP","MUL",90873.2780444496,1,0,0,1,1
"115464","Nagoya","Office","CL6","ZoneC","EHP","MUL",83250.4270471253,1,0,1,1,1
"115473","Nagoya","Office","CL6","ZoneC","EHP","MUL",354371.916810158,0,0,0,0,2
"115474","Nagoya","Office","CL6","ZoneC","EHP","MUL",1134034.93049938,1,0,0,0,2
"115476","Nagoya","Office","CL6","ZoneC","EHP","MUL",32276.9485645191,0,0,0,1,2
"115477","Nagoya","Office","CL6","ZoneC","EHP","MUL",157049.745360893,1,0,1,0,2
"115478","Nagoya","Office","CL6","ZoneC","EHP","MUL",109501.358401135,1,0,0,1,2
"115480","Nagoya","Office","CL6","ZoneC","EHP","MUL",100315.901938476,1,0,1,1,2
"115522","Nagoya","Office","CL6","ZoneC","GHP","MUL",117114.148518036,1,0,0,0,1
"115537","Nagoya","Office","CL6","ZoneC","GHP","MUL",33599.3066831487,0,0,0,0,2
"115538","Nagoya","Office","CL6","ZoneC","GHP","MUL",107522.028726854,1,0,0,0,2
"115586","Nagoya","Office","CL6","ZoneC","ABCH","CAV",154843.701342946,1,0,0,0,1
"115601","Nagoya","Office","CL6","ZoneC","ABCH","CAV",46747.387494089,0,0,0,0,2
"115602","Nagoya","Office","CL6","ZoneC","ABCH","CAV",95136.4601362791,1,0,0,0,2
"115605","Nagoya","Office","CL6","ZoneC","ABCH","CAV",44701.2079744128,1,0,1,0,2
"115649","Nagoya","Office","CL6","ZoneC","ABCH","VAV",59129.1669371197,0,0,0,0,1
"115650","Nagoya","Office","CL6","ZoneC","ABCH","VAV",50815.1377438119,1,0,0,0,1
"115653","Nagoya","Office","CL6","ZoneC","ABCH","VAV",49140.1608099826,1,0,1,0,1
"115665","Nagoya","Office","CL6","ZoneC","ABCH","VAV",57482.0619827514,0,0,0,0,2
"115666","Nagoya","Office","CL6","ZoneC","ABCH","VAV",49399.628791627,1,0,0,0,2
"115669","Nagoya","Office","CL6","ZoneC","ABCH","VAV",47771.3100968541,1,0,1,0,2
"115672","Nagoya","Office","CL6","ZoneC","ABCH","VAV",37042.1315884205,1,0,1,1,2
"115722","Nagoya","Office","CL6","ZoneC","ABCH","FCU",61832.9286370842,1,1,0,0,1
"115738","Nagoya","Office","CL6","ZoneC","ABCH","FCU",74508.038285681,1,1,0,0,2
"115905","Nagoya","Office","CL6","ZoneC","ABCH","OHUFCU",43776.7653387984,0,0,0,0,1
"115909","Nagoya","Office","CL6","ZoneC","ABCH","OHUFCU",38363.3021378316,1,0,1,0,1
"115912","Nagoya","Office","CL6","ZoneC","ABCH","OHUFCU",36787.2126312402,1,0,1,1,1
"115921","Nagoya","Office","CL6","ZoneC","ABCH","OHUFCU",52750.5486118968,0,0,0,0,2
"115925","Nagoya","Office","CL6","ZoneC","ABCH","OHUFCU",46227.3815498431,1,0,1,0,2
"115928","Nagoya","Office","CL6","ZoneC","ABCH","OHUFCU",44328.210026074,1,0,1,1,2
"115969","Nagoya","Office","CL6","ZoneC","AHP","CAV",60624.7168159176,0,0,0,0,1
"115970","Nagoya","Office","CL6","ZoneC","AHP","CAV",123378.465916626,1,0,0,0,1
"115985","Nagoya","Office","CL6","ZoneC","AHP","CAV",46080.8442214145,0,0,0,0,2
"115986","Nagoya","Office","CL6","ZoneC","AHP","CAV",93779.9657760775,1,0,0,0,2
"115989","Nagoya","Office","CL6","ZoneC","AHP","CAV",44063.8399619322,1,0,1,0,2
"115994","Nagoya","Office","CL6","ZoneC","AHP","CAV",37797.2785649372,1,1,0,0,2
"116033","Nagoya","Office","CL6","ZoneC","AHP","VAV",56686.6532829902,0,0,0,0,1
"116034","Nagoya","Office","CL6","ZoneC","AHP","VAV",48716.0608549437,1,0,0,0,1
"116037","Nagoya","Office","CL6","ZoneC","AHP","VAV",47110.2740390064,1,0,1,0,1
"116040","Nagoya","Office","CL6","ZoneC","AHP","VAV",36529.5606626946,1,0,1,1,1
"116049","Nagoya","Office","CL6","ZoneC","AHP","VAV",68306.8298104683,0,0,0,0,2
"116050","Nagoya","Office","CL6","ZoneC","AHP","VAV",58702.3485271372,1,0,0,0,2
"116053","Nagoya","Office","CL6","ZoneC","AHP","VAV",56767.3920533344,1,0,1,0,2
"116056","Nagoya","Office","CL6","ZoneC","AHP","VAV",44017.7420738049,1,0,1,1,2
"116106","Nagoya","Office","CL6","ZoneC","AHP","FCU",73477.0324412426,1,1,0,0,1
"116122","Nagoya","Office","CL6","ZoneC","AHP","FCU",88539.0627117558,1,1,0,0,2
"116289","Nagoya","Office","CL6","ZoneC","AHP","OHUFCU",52020.6122833136,0,0,0,0,1
"116293","Nagoya","Office","CL6","ZoneC","AHP","OHUFCU",45587.7096211817,1,0,1,0,1
"116296","Nagoya","Office","CL6","ZoneC","AHP","OHUFCU",43714.8179054128,1,0,1,1,1
"116305","Nagoya","Office","CL6","ZoneC","AHP","OHUFCU",62684.298756069,0,0,0,0,2
"116309","Nagoya","Office","CL6","ZoneC","AHP","OHUFCU",54932.7177068948,1,0,1,0,2
"116312","Nagoya","Office","CL6","ZoneC","AHP","OHUFCU",52675.9025965755,1,0,1,1,2
"117185","Nagoya","Office","CL6","ZoneC","COM","VAV",51864.9825041654,0,0,0,0,1
"117186","Nagoya","Office","CL6","ZoneC","COM","VAV",48751.2535327617,1,0,0,0,1
"117189","Nagoya","Office","CL6","ZoneC","COM","VAV",44616.3827825168,1,0,1,0,1
"117201","Nagoya","Office","CL6","ZoneC","COM","VAV",62496.7664848543,0,0,0,0,2
"117202","Nagoya","Office","CL6","ZoneC","COM","VAV",58744.7553392361,1,0,0,0,2
"117205","Nagoya","Office","CL6","ZoneC","COM","VAV",53762.2789313368,1,0,1,0,2
"117506","Nagoya","Office","CL6","ZoneC","AHP+TESICE","CAV",92123.7113872159,1,0,0,0,1
"117522","Nagoya","Office","CL6","ZoneC","AHP+TESICE","CAV",111008.117621992,1,0,0,0,2
"117569","Nagoya","Office","CL6","ZoneC","AHP+TESICE","VAV",94646.7389888578,0,0,0,0,1
"117585","Nagoya","Office","CL6","ZoneC","AHP+TESICE","VAV",114048.339737983,0,0,0,0,2
"117825","Nagoya","Office","CL6","ZoneC","AHP+TESICE","OHUFCU",70755.3638520867,0,0,0,0,1
"117841","Nagoya","Office","CL6","ZoneC","AHP+TESICE","OHUFCU",85259.4802641578,0,0,0,0,2
"117953","Nagoya","Office","CL6","ZoneC","COM+TESICE","VAV",103828.727210987,0,0,0,0,1
"117969","Nagoya","Office","CL6","ZoneC","COM+TESICE","VAV",125112.540400521,0,0,0,0,2
"118273","Nagoya","Office","CL7","ZoneC","EHP","MUL",116971.867294622,0,0,0,0,1
"118274","Nagoya","Office","CL7","ZoneC","EHP","MUL",389101.20923931,1,0,0,0,1
"118277","Nagoya","Office","CL7","ZoneC","EHP","MUL",85824.0027874672,1,0,1,0,1
"118278","Nagoya","Office","CL7","ZoneC","EHP","MUL",69202.4947025457,1,0,0,1,1
"118280","Nagoya","Office","CL7","ZoneC","EHP","MUL",89706.3664787943,1,0,1,1,1
"118289","Nagoya","Office","CL7","ZoneC","EHP","MUL",140949.888010129,0,0,0,0,2
"118290","Nagoya","Office","CL7","ZoneC","EHP","MUL",468862.925208752,1,0,0,0,2
"118293","Nagoya","Office","CL7","ZoneC","EHP","MUL",103417.034037813,1,0,1,0,2
"118294","Nagoya","Office","CL7","ZoneC","EHP","MUL",83388.289030022,1,0,0,1,2
"118296","Nagoya","Office","CL7","ZoneC","EHP","MUL",108095.242056232,1,0,1,1,2
"118338","Nagoya","Office","CL7","ZoneC","GHP","MUL",58613.8316378812,1,0,0,0,1
"118354","Nagoya","Office","CL7","ZoneC","GHP","MUL",70629.0597584034,1,0,0,0,2
"118402","Nagoya","Office","CL7","ZoneC","ABCH","CAV",123172.058733779,1,0,0,0,1
"118418","Nagoya","Office","CL7","ZoneC","ABCH","CAV",130500.452563007,1,0,0,0,2
"118465","Nagoya","Office","CL7","ZoneC","ABCH","VAV",37947.4112799419,0,0,0,0,1
"118466","Nagoya","Office","CL7","ZoneC","ABCH","VAV",36875.9840481572,1,0,0,0,1
"118469","Nagoya","Office","CL7","ZoneC","ABCH","VAV",49935.9294627159,1,0,1,0,1
"118472","Nagoya","Office","CL7","ZoneC","ABCH","VAV",63632.467620534,1,0,1,1,1
"118481","Nagoya","Office","CL7","ZoneC","ABCH","VAV",40205.1763730801,0,0,0,0,2
"118482","Nagoya","Office","CL7","ZoneC","ABCH","VAV",39070.0022104199,1,0,0,0,2
"118485","Nagoya","Office","CL7","ZoneC","ABCH","VAV",52906.9779382655,1,0,1,0,2
"118488","Nagoya","Office","CL7","ZoneC","ABCH","VAV",67418.4219014213,1,0,1,1,2
"118680","Nagoya","Office","CL7","ZoneC","ABCH","VAVFCU",62585.4211041638,1,0,1,1,2
"118725","Nagoya","Office","CL7","ZoneC","ABCH","OHUFCU",46948.2944000237,1,0,1,0,1
"118728","Nagoya","Office","CL7","ZoneC","ABCH","OHUFCU",71650.5919577045,1,0,1,1,1
"118741","Nagoya","Office","CL7","ZoneC","ABCH","OHUFCU",49189.0445417465,1,0,1,0,2
"118744","Nagoya","Office","CL7","ZoneC","ABCH","OHUFCU",76466.1446485565,1,0,1,1,2
"118786","Nagoya","Office","CL7","ZoneC","AHP","CAV",125036.406804545,1,0,0,0,1
"118802","Nagoya","Office","CL7","ZoneC","AHP","CAV",135752.668167437,1,0,0,0,2
"118849","Nagoya","Office","CL7","ZoneC","AHP","VAV",38521.78816166,0,0,0,0,1
"118850","Nagoya","Office","CL7","ZoneC","AHP","VAV",37434.1436699457,1,0,0,0,1
"118853","Nagoya","Office","CL7","ZoneC","AHP","VAV",50691.7660924902,1,0,1,0,1
"118856","Nagoya","Office","CL7","ZoneC","AHP","VAV",64595.6168076625,1,0,1,1,1
"118865","Nagoya","Office","CL7","ZoneC","AHP","VAV",42125.8788893219,0,0,0,0,2
"118866","Nagoya","Office","CL7","ZoneC","AHP","VAV",37208.6033758465,1,0,0,0,2
"118869","Nagoya","Office","CL7","ZoneC","AHP","VAV",56255.930382355,1,0,1,0,2
"118872","Nagoya","Office","CL7","ZoneC","AHP","VAV",72043.4350253733,1,0,1,1,2
"118938","Nagoya","Office","CL7","ZoneC","AHP","FCU",59241.304562009,1,1,0,0,2
"119048","Nagoya","Office","CL7","ZoneC","AHP","VAVFCU",59964.9734504619,1,0,1,1,1
"119064","Nagoya","Office","CL7","ZoneC","AHP","VAVFCU",65104.2792297664,1,0,1,1,2
"119109","Nagoya","Office","CL7","ZoneC","AHP","OHUFCU",47129.5023339421,1,0,1,0,1
"119112","Nagoya","Office","CL7","ZoneC","AHP","OHUFCU",73264.51197122,1,0,1,1,1
"119125","Nagoya","Office","CL7","ZoneC","AHP","OHUFCU",50954.2778683218,1,0,1,0,2
"119128","Nagoya","Office","CL7","ZoneC","AHP","OHUFCU",79758.1209521497,1,0,1,1,2
"119954","Nagoya","Office","CL7","ZoneC","COM","CAV",75789.38325067,1,0,0,0,2
"120001","Nagoya","Office","CL7","ZoneC","COM","VAV",43763.4475644242,0,0,0,0,1
"120002","Nagoya","Office","CL7","ZoneC","COM","VAV",40976.3938623098,1,0,0,0,1
"120005","Nagoya","Office","CL7","ZoneC","COM","VAV",58924.6834576169,1,0,1,0,1
"120008","Nagoya","Office","CL7","ZoneC","COM","VAV",75992.7784155772,1,0,1,1,1
"120024","Nagoya","Office","CL7","ZoneC","COM","VAV",115919.94079765,1,0,1,1,2
"120280","Nagoya","Office","CL7","ZoneC","COM","OHUFCU",72975.4503064377,1,0,1,1,2
"120322","Nagoya","Office","CL7","ZoneC","AHP+TESICE","CAV",84531.411770305,1,0,0,0,1
"120338","Nagoya","Office","CL7","ZoneC","AHP+TESICE","CAV",101859.475256153,1,0,0,0,2
"120392","Nagoya","Office","CL7","ZoneC","AHP+TESICE","VAV",129290.882544145,1,0,1,1,1
"120405","Nagoya","Office","CL7","ZoneC","AHP+TESICE","VAV",68502.5682329305,1,0,1,0,2
"120408","Nagoya","Office","CL7","ZoneC","AHP+TESICE","VAV",87291.6055014048,1,0,1,1,2
"120648","Nagoya","Office","CL7","ZoneC","AHP+TESICE","OHUFCU",81392.9019394995,1,0,1,1,1
"120664","Nagoya","Office","CL7","ZoneC","AHP+TESICE","OHUFCU",98077.603431738,1,0,1,1,2
"120722","Nagoya","Office","CL7","ZoneC","COM+TESICE","CAV",73913.3355619693,1,0,0,0,2
"120769","Nagoya","Office","CL7","ZoneC","COM+TESICE","VAV",42680.151842367,0,0,0,0,1
"120770","Nagoya","Office","CL7","ZoneC","COM+TESICE","VAV",39962.0872972013,1,0,0,0,1
"120773","Nagoya","Office","CL7","ZoneC","COM+TESICE","VAV",57466.0950450097,1,0,1,0,1
"120776","Nagoya","Office","CL7","ZoneC","COM+TESICE","VAV",74111.6959975694,1,0,1,1,1
"120792","Nagoya","Office","CL7","ZoneC","COM+TESICE","VAV",113050.523899396,1,0,1,1,2
"121048","Nagoya","Office","CL7","ZoneC","COM+TESICE","OHUFCU",71169.0571282999,1,0,1,1,2
"121121","Nagoya","Office","CL8c","ZoneA","EHP","MUL",55688.0210886356,0,0,0,0,3
"121122","Nagoya","Office","CL8c","ZoneA","EHP","MUL",184576.892595809,1,0,0,0,3
"121125","Nagoya","Office","CL8c","ZoneA","EHP","MUL",80334.9641398301,1,0,1,0,3
"121126","Nagoya","Office","CL8c","ZoneA","EHP","MUL",58969.0647268505,1,0,0,1,3
"121128","Nagoya","Office","CL8c","ZoneA","EHP","MUL",119920.064644988,1,0,1,1,3
"121186","Nagoya","Office","CL8c","ZoneA","GHP","MUL",47770.7138863936,1,0,0,0,3
"121256","Nagoya","Office","CL8c","ZoneA","ABCH","CAV",110735.884504518,1,0,1,1,3
"121317","Nagoya","Office","CL8c","ZoneA","ABCH","VAV",100381.566131826,1,0,1,0,3
"121320","Nagoya","Office","CL8c","ZoneA","ABCH","VAV",179045.931128534,1,0,1,1,3
"121386","Nagoya","Office","CL8c","ZoneA","ABCH","FCU",59155.7680266617,1,1,0,0,3
"121509","Nagoya","Office","CL8c","ZoneA","ABCH","VAVFCU",47475.1396797294,1,0,1,0,3
"121512","Nagoya","Office","CL8c","ZoneA","ABCH","VAVFCU",84679.1987510082,1,0,1,1,3
"121573","Nagoya","Office","CL8c","ZoneA","ABCH","OHUFCU",49847.4140524988,1,0,1,0,3
"121576","Nagoya","Office","CL8c","ZoneA","ABCH","OHUFCU",102175.033931811,1,0,1,1,3
"121640","Nagoya","Office","CL8c","ZoneA","AHP","CAV",99819.7786439766,1,0,1,1,3
"121701","Nagoya","Office","CL8c","ZoneA","AHP","VAV",90727.8814100343,1,0,1,0,3
"121704","Nagoya","Office","CL8c","ZoneA","AHP","VAV",161154.25280845,1,0,1,1,3
"121896","Nagoya","Office","CL8c","ZoneA","AHP","VAVFCU",119126.847345128,1,0,1,1,3
"121957","Nagoya","Office","CL8c","ZoneA","AHP","OHUFCU",45117.9561684708,1,0,1,0,3
"121960","Nagoya","Office","CL8c","ZoneA","AHP","OHUFCU",91918.4451264518,1,0,1,1,3
"122088","Nagoya","Office","CL8c","ZoneA","TB","VAV",122031.858475749,1,0,1,1,3
"122469","Nagoya","Office","CL8c","ZoneA","AB","VAV",60447.1701333002,1,0,1,0,3
"122472","Nagoya","Office","CL8c","ZoneA","AB","VAV",107791.174430519,1,0,1,1,3
"122792","Nagoya","Office","CL8c","ZoneA","COM","CAV",102830.779092853,1,0,1,1,3
"122853","Nagoya","Office","CL8c","ZoneA","COM","VAV",93464.6305329266,1,0,1,0,3
"122856","Nagoya","Office","CL8c","ZoneA","COM","VAV",166015.368853149,1,0,1,1,3
"123045","Nagoya","Office","CL8c","ZoneA","COM","VAVFCU",44203.7971776391,1,0,1,0,3
"123048","Nagoya","Office","CL8c","ZoneA","COM","VAVFCU",78516.4361246823,1,0,1,1,3
"123109","Nagoya","Office","CL8c","ZoneA","COM","OHUFCU",46478.9107620506,1,0,1,0,3
"123112","Nagoya","Office","CL8c","ZoneA","COM","OHUFCU",94691.1068503663,1,0,1,1,3
"123176","Nagoya","Office","CL8c","ZoneA","AHP+TESICE","CAV",95432.0142271546,1,0,1,1,3
"123237","Nagoya","Office","CL8c","ZoneA","AHP+TESICE","VAV",86739.7682818289,1,0,1,0,3
"123240","Nagoya","Office","CL8c","ZoneA","AHP+TESICE","VAV",154070.417263047,1,0,1,1,3
"123432","Nagoya","Office","CL8c","ZoneA","AHP+TESICE","VAVFCU",113890.404738564,1,0,1,1,3
"123493","Nagoya","Office","CL8c","ZoneA","AHP+TESICE","OHUFCU",43134.7123131439,1,0,1,0,3
"123496","Nagoya","Office","CL8c","ZoneA","AHP+TESICE","OHUFCU",87877.99855109,1,0,1,1,3
"123560","Nagoya","Office","CL8c","ZoneA","COM+TESICE","CAV",133855.274741043,1,0,1,1,3
"123617","Nagoya","Office","CL8c","ZoneA","COM+TESICE","VAV",41244.459258232,0,0,0,0,3
"123621","Nagoya","Office","CL8c","ZoneA","COM+TESICE","VAV",105727.848020947,1,0,1,0,3
"123624","Nagoya","Office","CL8c","ZoneA","COM+TESICE","VAV",190793.94241797,1,0,1,1,3
"123690","Nagoya","Office","CL8c","ZoneA","COM+TESICE","FCU",71506.2837774435,1,1,0,0,3
"123752","Nagoya","Office","CL8c","ZoneA","COM+TESICE","CAVFCU",53187.2054982607,1,0,1,1,3
"123813","Nagoya","Office","CL8c","ZoneA","COM+TESICE","VAVFCU",56958.8634307044,1,0,1,0,3
"123816","Nagoya","Office","CL8c","ZoneA","COM+TESICE","VAVFCU",102786.60081531,1,0,1,1,3
"123877","Nagoya","Office","CL8c","ZoneA","COM+TESICE","OHUFCU",59677.0570615828,1,0,1,0,3
"123880","Nagoya","Office","CL8c","ZoneA","COM+TESICE","OHUFCU",124084.572086877,1,0,1,1,3
"123938","Nagoya","Office","CL9c","ZoneA","EHP","MUL",48106.8277761046,1,0,0,0,3
"123941","Nagoya","Office","CL9c","ZoneA","EHP","MUL",36119.7155619626,1,0,1,0,3
"123944","Nagoya","Office","CL9c","ZoneA","EHP","MUL",81719.0509036962,1,0,1,1,3
"124008","Nagoya","Office","CL9c","ZoneA","GHP","MUL",19846.4591706399,1,0,1,1,3
"124133","Nagoya","Office","CL9c","ZoneA","ABCH","VAV",50394.901310976,1,0,1,0,3
"124136","Nagoya","Office","CL9c","ZoneA","ABCH","VAV",137377.893992226,1,0,1,1,3
"124328","Nagoya","Office","CL9c","ZoneA","ABCH","VAVFCU",123450.658071401,1,0,1,1,3
"124392","Nagoya","Office","CL9c","ZoneA","ABCH","OHUFCU",86702.1093785607,1,0,1,1,3
"124517","Nagoya","Office","CL9c","ZoneA","AHP","VAV",44487.4835333973,1,0,1,0,3
"124520","Nagoya","Office","CL9c","ZoneA","AHP","VAV",124912.0208123,1,0,1,1,3
"124712","Nagoya","Office","CL9c","ZoneA","AHP","VAVFCU",111371.193333292,1,0,1,1,3
"124904","Nagoya","Office","CL9c","ZoneA","TB","VAV",116585.153949662,1,0,1,1,3
"125285","Nagoya","Office","CL9c","ZoneA","AB","VAV",42830.2395789318,1,0,1,0,3
"125288","Nagoya","Office","CL9c","ZoneA","AB","VAV",120258.808832444,1,0,1,1,3
"125296","Nagoya","Office","CL9c","ZoneA","AB","VAV",34598.6521418725,1,1,1,1,3
"125608","Nagoya","Office","CL9c","ZoneA","COM","CAV",60143.7103338225,1,0,1,1,3
"125669","Nagoya","Office","CL9c","ZoneA","COM","VAV",51577.0636328003,1,0,1,0,3
"125672","Nagoya","Office","CL9c","ZoneA","COM","VAV",143627.76082369,1,0,1,1,3
"125680","Nagoya","Office","CL9c","ZoneA","COM","VAV",37145.9931265596,1,1,1,1,3
"125861","Nagoya","Office","CL9c","ZoneA","COM","VAVFCU",40361.8449059653,1,0,1,0,3
"125864","Nagoya","Office","CL9c","ZoneA","COM","VAVFCU",112396.499494985,1,0,1,1,3
"125928","Nagoya","Office","CL9c","ZoneA","COM","OHUFCU",107285.541378635,1,0,1,1,3
"126053","Nagoya","Office","CL9c","ZoneA","AHP+TESICE","VAV",49050.4520617704,1,0,1,0,3
"126056","Nagoya","Office","CL9c","ZoneA","AHP+TESICE","VAV",133712.888175555,1,0,1,1,3
"126248","Nagoya","Office","CL9c","ZoneA","AHP+TESICE","VAVFCU",120157.206943601,1,0,1,1,3
"126312","Nagoya","Office","CL9c","ZoneA","AHP+TESICE","OHUFCU",84389.046294277,1,0,1,1,3
"126376","Nagoya","Office","CL9c","ZoneA","COM+TESICE","CAV",116030.79875169,1,0,1,1,3
"126437","Nagoya","Office","CL9c","ZoneA","COM+TESICE","VAV",101256.137009235,1,0,1,0,3
"126440","Nagoya","Office","CL9c","ZoneA","COM+TESICE","VAV",285670.470294562,1,0,1,1,3
"126448","Nagoya","Office","CL9c","ZoneA","COM+TESICE","VAV",61330.5887542992,1,1,1,1,3
"126512","Nagoya","Office","CL9c","ZoneA","COM+TESICE","FCU",68413.5972917061,1,1,1,1,3
"126568","Nagoya","Office","CL9c","ZoneA","COM+TESICE","CAVFCU",56742.2359961336,1,0,1,1,3
"126629","Nagoya","Office","CL9c","ZoneA","COM+TESICE","VAVFCU",66570.5419540339,1,0,1,0,3
"126632","Nagoya","Office","CL9c","ZoneA","COM+TESICE","VAVFCU",187813.189298722,1,0,1,1,3
"126640","Nagoya","Office","CL9c","ZoneA","COM+TESICE","VAVFCU",40321.6106433262,1,1,1,1,3
"126693","Nagoya","Office","CL9c","ZoneA","COM+TESICE","OHUFCU",41778.6354966409,1,0,1,0,3
"126696","Nagoya","Office","CL9c","ZoneA","COM+TESICE","OHUFCU",136001.286708278,1,0,1,1,3
"126704","Nagoya","Office","CL9c","ZoneA","COM+TESICE","OHUFCU",29198.1140947479,1,1,1,1,3
"126721","Osaka","Office","CL1","ZoneC","EHP","MUL",31698.8873875528,0,0,0,0,1
"126722","Osaka","Office","CL1","ZoneC","EHP","MUL",90009.5369407836,1,0,0,0,1
"126738","Osaka","Office","CL1","ZoneC","EHP","MUL",70091.8185007542,1,0,0,0,2
"126786","Osaka","Office","CL1","ZoneC","GHP","MUL",25226.3954945622,1,0,0,0,1
"126802","Osaka","Office","CL1","ZoneC","GHP","MUL",14527.8680928698,1,0,0,0,2
"129537","Osaka","Office","CL2","ZoneC","EHP","MUL",1010348.06562263,0,0,0,0,1
"129538","Osaka","Office","CL2","ZoneC","EHP","MUL",2956611.18562623,1,0,0,0,1
"129540","Osaka","Office","CL2","ZoneC","EHP","MUL",56353.3206007001,0,0,0,1,1
"129541","Osaka","Office","CL2","ZoneC","EHP","MUL",52427.9876567149,1,0,1,0,1
"129542","Osaka","Office","CL2","ZoneC","EHP","MUL",28181.8518029482,1,0,0,1,1
"129553","Osaka","Office","CL2","ZoneC","EHP","MUL",585882.211493596,0,0,0,0,2
"129554","Osaka","Office","CL2","ZoneC","EHP","MUL",1714484.30387591,1,0,0,0,2
"129556","Osaka","Office","CL2","ZoneC","EHP","MUL",32678.2514085374,0,0,0,1,2
"129557","Osaka","Office","CL2","ZoneC","EHP","MUL",30402.0232211221,1,0,1,0,2
"129601","Osaka","Office","CL2","ZoneC","GHP","MUL",164527.149169579,0,0,0,0,1
"129602","Osaka","Office","CL2","ZoneC","GHP","MUL",481460.623447821,1,0,0,0,1
"129617","Osaka","Office","CL2","ZoneC","GHP","MUL",94751.0999479416,0,0,0,0,2
"129618","Osaka","Office","CL2","ZoneC","GHP","MUL",277272.923548217,1,0,0,0,2
"130049","Osaka","Office","CL2","ZoneC","AHP","CAV",45847.5543165899,0,0,0,0,1
"130050","Osaka","Office","CL2","ZoneC","AHP","CAV",54903.0206543371,1,0,0,0,1
"130066","Osaka","Office","CL2","ZoneC","AHP","CAV",58022.2039162882,1,0,0,0,2
"132353","Osaka","Office","CL3","ZoneC","EHP","MUL",1312487.78475863,0,0,0,0,1
"132354","Osaka","Office","CL3","ZoneC","EHP","MUL",3940034.32744793,1,0,0,0,1
"132356","Osaka","Office","CL3","ZoneC","EHP","MUL",83888.0578376265,0,0,0,1,1
"132357","Osaka","Office","CL3","ZoneC","EHP","MUL",115274.938564019,1,0,1,0,1
"132358","Osaka","Office","CL3","ZoneC","EHP","MUL",67485.510615968,1,0,0,1,1
"132369","Osaka","Office","CL3","ZoneC","EHP","MUL",755861.03510454,0,0,0,0,2
"132370","Osaka","Office","CL3","ZoneC","EHP","MUL",2269063.72743111,1,0,0,0,2
"132372","Osaka","Office","CL3","ZoneC","EHP","MUL",48311.0890374638,0,0,0,1,2
"132373","Osaka","Office","CL3","ZoneC","EHP","MUL",66386.7773829498,1,0,1,0,2
"132374","Osaka","Office","CL3","ZoneC","EHP","MUL",38864.8705923955,1,0,0,1,2
"132417","Osaka","Office","CL3","ZoneC","GHP","MUL",156629.541423389,0,0,0,0,1
"132418","Osaka","Office","CL3","ZoneC","GHP","MUL",470195.43882008,1,0,0,0,1
"132433","Osaka","Office","CL3","ZoneC","GHP","MUL",90202.8717394914,0,0,0,0,2
"132434","Osaka","Office","CL3","ZoneC","GHP","MUL",270785.309558777,1,0,0,0,2
"132481","Osaka","Office","CL3","ZoneC","ABCH","CAV",54915.8162905812,0,0,0,0,1
"132482","Osaka","Office","CL3","ZoneC","ABCH","CAV",62254.5987456783,1,0,0,0,1
"132498","Osaka","Office","CL3","ZoneC","ABCH","CAV",67478.381301067,1,0,0,0,2
"132865","Osaka","Office","CL3","ZoneC","AHP","CAV",86989.8848322301,0,0,0,0,1
"132866","Osaka","Office","CL3","ZoneC","AHP","CAV",98614.9481327493,1,0,0,0,1
"132874","Osaka","Office","CL3","ZoneC","AHP","CAV",32212.584469372,1,1,0,0,1
"132881","Osaka","Office","CL3","ZoneC","AHP","CAV",58792.0721699008,0,0,0,0,2
"132882","Osaka","Office","CL3","ZoneC","AHP","CAV",66648.8656564304,1,0,0,0,2
"135169","Osaka","Office","CL4","ZoneC","EHP","MUL",1346139.07578236,0,0,0,0,1
"135170","Osaka","Office","CL4","ZoneC","EHP","MUL",4166544.18140167,1,0,0,0,1
"135172","Osaka","Office","CL4","ZoneC","EHP","MUL",100362.587190894,0,0,0,1,1
"135173","Osaka","Office","CL4","ZoneC","EHP","MUL",190940.372208587,1,0,1,0,1
"135174","Osaka","Office","CL4","ZoneC","EHP","MUL",125033.426506354,1,0,0,1,1
"135176","Osaka","Office","CL4","ZoneC","EHP","MUL",54035.6227670202,1,0,1,1,1
"135185","Osaka","Office","CL4","ZoneC","EHP","MUL",775240.79616683,0,0,0,0,2
"135186","Osaka","Office","CL4","ZoneC","EHP","MUL",2399510.63494449,1,0,0,0,2
"135188","Osaka","Office","CL4","ZoneC","EHP","MUL",57798.7619548243,0,0,0,1,2
"135189","Osaka","Office","CL4","ZoneC","EHP","MUL",109962.461408637,1,0,1,0,2
"135190","Osaka","Office","CL4","ZoneC","EHP","MUL",72006.6855320414,1,0,0,1,2
"135192","Osaka","Office","CL4","ZoneC","EHP","MUL",31119.0871499879,1,0,1,1,2
"135233","Osaka","Office","CL4","ZoneC","GHP","MUL",123000.410264321,0,0,0,0,1
"135234","Osaka","Office","CL4","ZoneC","GHP","MUL",380708.541128246,1,0,0,0,1
"135249","Osaka","Office","CL4","ZoneC","GHP","MUL",70835.8725317741,0,0,0,0,2
"135250","Osaka","Office","CL4","ZoneC","GHP","MUL",219249.851550622,1,0,0,0,2
"135297","Osaka","Office","CL4","ZoneC","ABCH","CAV",64207.0777106754,0,0,0,0,1
"135298","Osaka","Office","CL4","ZoneC","ABCH","CAV",87672.5998435131,1,0,0,0,1
"135306","Osaka","Office","CL4","ZoneC","ABCH","CAV",34903.5270770286,1,1,0,0,1
"135313","Osaka","Office","CL4","ZoneC","ABCH","CAV",80814.3752993338,0,0,0,0,2
"135314","Osaka","Office","CL4","ZoneC","ABCH","CAV",88221.6460708551,1,0,0,0,2
"135361","Osaka","Office","CL4","ZoneC","ABCH","VAV",78585.6419807175,0,0,0,0,1
"135681","Osaka","Office","CL4","ZoneC","AHP","CAV",65428.3359151677,0,0,0,0,1
"135682","Osaka","Office","CL4","ZoneC","AHP","CAV",139412.666795038,1,0,0,0,1
"135690","Osaka","Office","CL4","ZoneC","AHP","CAV",42982.4663584307,1,1,0,0,1
"135697","Osaka","Office","CL4","ZoneC","AHP","CAV",74024.253445907,0,0,0,0,2
"135698","Osaka","Office","CL4","ZoneC","AHP","CAV",101077.62231949,1,0,0,0,2
"135706","Osaka","Office","CL4","ZoneC","AHP","CAV",40240.22937391,1,1,0,0,2
"135745","Osaka","Office","CL4","ZoneC","AHP","VAV",58420.368810362,0,0,0,0,1
"135746","Osaka","Office","CL4","ZoneC","AHP","VAV",45846.8561422201,1,0,0,0,1
"135761","Osaka","Office","CL4","ZoneC","AHP","VAV",90601.2808339154,0,0,0,0,2
"135818","Osaka","Office","CL4","ZoneC","AHP","FCU",52725.7747760841,1,1,0,0,1
"136001","Osaka","Office","CL4","ZoneC","AHP","OHUFCU",75482.598858002,0,0,0,0,1
"137218","Osaka","Office","CL4","ZoneC","AHP+TESICE","CAV",79093.0420425407,1,0,0,0,1
"137985","Osaka","Office","CL5","ZoneC","EHP","MUL",1100034.60957808,0,0,0,0,1
"137986","Osaka","Office","CL5","ZoneC","EHP","MUL",3503703.89434882,1,0,0,0,1
"137988","Osaka","Office","CL5","ZoneC","EHP","MUL",95451.9747101619,0,0,0,1,1
"137989","Osaka","Office","CL5","ZoneC","EHP","MUL",277478.427881689,1,0,1,0,1
"137990","Osaka","Office","CL5","ZoneC","EHP","MUL",199385.025510205,1,0,0,1,1
"137992","Osaka","Office","CL5","ZoneC","EHP","MUL",126471.467876161,1,0,1,1,1
"138001","Osaka","Office","CL5","ZoneC","EHP","MUL",1325530.30581931,0,0,0,0,2
"138002","Osaka","Office","CL5","ZoneC","EHP","MUL",4221926.88678932,1,0,0,0,2
"138004","Osaka","Office","CL5","ZoneC","EHP","MUL",115018.640438183,0,0,0,1,2
"138005","Osaka","Office","CL5","ZoneC","EHP","MUL",334358.630324685,1,0,1,0,2
"138006","Osaka","Office","CL5","ZoneC","EHP","MUL",240256.889682499,1,0,0,1,2
"138008","Osaka","Office","CL5","ZoneC","EHP","MUL",152396.808274608,1,0,1,1,2
"138049","Osaka","Office","CL5","ZoneC","GHP","MUL",82581.3888528744,0,0,0,0,1
"138050","Osaka","Office","CL5","ZoneC","GHP","MUL",263028.754918473,1,0,0,0,1
"138065","Osaka","Office","CL5","ZoneC","GHP","MUL",99509.7178470771,0,0,0,0,2
"138066","Osaka","Office","CL5","ZoneC","GHP","MUL",316946.92413367,1,0,0,0,2
"138113","Osaka","Office","CL5","ZoneC","ABCH","CAV",61715.8486789399,0,0,0,0,1
"138114","Osaka","Office","CL5","ZoneC","ABCH","CAV",129543.27788548,1,0,0,0,1
"138122","Osaka","Office","CL5","ZoneC","ABCH","CAV",45226.2664756526,1,1,0,0,1
"138129","Osaka","Office","CL5","ZoneC","ABCH","CAV",63185.1773100411,0,0,0,0,2
"138130","Osaka","Office","CL5","ZoneC","ABCH","CAV",132627.43942969,1,0,0,0,2
"138133","Osaka","Office","CL5","ZoneC","ABCH","CAV",35205.8062283373,1,0,1,0,2
"138138","Osaka","Office","CL5","ZoneC","ABCH","CAV",46303.0117466478,1,1,0,0,2
"138177","Osaka","Office","CL5","ZoneC","ABCH","VAV",87926.5860030514,0,0,0,0,1
"138178","Osaka","Office","CL5","ZoneC","ABCH","VAV",75197.1454401492,1,0,0,0,1
"138193","Osaka","Office","CL5","ZoneC","ABCH","VAV",81870.8527783356,0,0,0,0,2
"138194","Osaka","Office","CL5","ZoneC","ABCH","VAV",70018.1219758477,1,0,0,0,2
"138197","Osaka","Office","CL5","ZoneC","ABCH","VAV",39402.7860531362,1,0,1,0,2
"138250","Osaka","Office","CL5","ZoneC","ABCH","FCU",70733.804597046,1,1,0,0,1
"138266","Osaka","Office","CL5","ZoneC","ABCH","FCU",82948.0414054972,1,1,0,0,2
"138433","Osaka","Office","CL5","ZoneC","ABCH","OHUFCU",72813.6846974272,0,0,0,0,1
"138437","Osaka","Office","CL5","ZoneC","ABCH","OHUFCU",37864.1691973725,1,0,1,0,1
"138449","Osaka","Office","CL5","ZoneC","ABCH","OHUFCU",85387.0729501416,0,0,0,0,2
"138453","Osaka","Office","CL5","ZoneC","ABCH","OHUFCU",44402.5129463991,1,0,1,0,2
"138497","Osaka","Office","CL5","ZoneC","AHP","CAV",80304.5042140824,0,0,0,0,1
"138498","Osaka","Office","CL5","ZoneC","AHP","CAV",168561.381355686,1,0,0,0,1
"138501","Osaka","Office","CL5","ZoneC","AHP","CAV",44744.4311305966,1,0,1,0,1
"138506","Osaka","Office","CL5","ZoneC","AHP","CAV",58848.3020897129,1,1,0,0,1
"138513","Osaka","Office","CL5","ZoneC","AHP","CAV",87233.1450666346,0,0,0,0,2
"138514","Osaka","Office","CL5","ZoneC","AHP","CAV",183104.790650764,1,0,0,0,2
"138517","Osaka","Office","CL5","ZoneC","AHP","CAV",48604.9629462119,1,0,1,0,2
"138518","Osaka","Office","CL5","ZoneC","AHP","CAV",30452.1825708302,1,0,0,1,2
"138522","Osaka","Office","CL5","ZoneC","AHP","CAV",63925.7103117368,1,1,0,0,2
"138561","Osaka","Office","CL5","ZoneC","AHP","VAV",106468.488780171,0,0,0,0,1
"138562","Osaka","Office","CL5","ZoneC","AHP","VAV",85735.1646277222,1,0,0,0,1
"138565","Osaka","Office","CL5","ZoneC","AHP","VAV",50916.5001764411,1,0,1,0,1
"138577","Osaka","Office","CL5","ZoneC","AHP","VAV",110584.52943016,0,0,0,0,2
"138578","Osaka","Office","CL5","ZoneC","AHP","VAV",89049.6610274008,1,0,0,0,2
"138580","Osaka","Office","CL5","ZoneC","AHP","VAV",32582.7708823379,0,0,0,1,2
"138581","Osaka","Office","CL5","ZoneC","AHP","VAV",52884.9171877323,1,0,1,0,2
"138626","Osaka","Office","CL5","ZoneC","AHP","FCU",45151.3269849321,1,0,0,0,1
"138634","Osaka","Office","CL5","ZoneC","AHP","FCU",60270.5713807635,1,1,0,0,1
"138642","Osaka","Office","CL5","ZoneC","AHP","FCU",52948.0092523639,1,0,0,0,2
"138650","Osaka","Office","CL5","ZoneC","AHP","FCU",70678.0284038804,1,1,0,0,2
"138690","Osaka","Office","CL5","ZoneC","AHP","CAVFCU",61029.6817512541,1,0,0,0,1
"138706","Osaka","Office","CL5","ZoneC","AHP","CAVFCU",71568.2211314099,1,0,0,0,2
"138817","Osaka","Office","CL5","ZoneC","AHP","OHUFCU",87243.0641029113,0,0,0,0,1
"138821","Osaka","Office","CL5","ZoneC","AHP","OHUFCU",45282.3394774951,1,0,1,0,1
"138824","Osaka","Office","CL5","ZoneC","AHP","OHUFCU",32429.2391268538,1,0,1,1,1
"138833","Osaka","Office","CL5","ZoneC","AHP","OHUFCU",102308.101971557,0,0,0,0,2
"138837","Osaka","Office","CL5","ZoneC","AHP","OHUFCU",53101.6448403214,1,0,1,0,2
"138840","Osaka","Office","CL5","ZoneC","AHP","OHUFCU",38029.085034617,1,0,1,1,2
"139649","Osaka","Office","CL5","ZoneC","COM","CAV",52778.413416163,0,0,0,0,1
"139650","Osaka","Office","CL5","ZoneC","COM","CAV",54623.9611954418,1,0,0,0,1
"139665","Osaka","Office","CL5","ZoneC","COM","CAV",61892.1327122162,0,0,0,0,2
"139666","Osaka","Office","CL5","ZoneC","COM","CAV",64056.3676842145,1,0,0,0,2
"140033","Osaka","Office","CL5","ZoneC","AHP+TESICE","CAV",57360.7759931538,0,0,0,0,1
"140034","Osaka","Office","CL5","ZoneC","AHP+TESICE","CAV",77070.0475432537,1,0,0,0,1
"140049","Osaka","Office","CL5","ZoneC","AHP+TESICE","CAV",67265.7726985927,0,0,0,0,2
"140050","Osaka","Office","CL5","ZoneC","AHP+TESICE","CAV",90378.4199246709,1,0,0,0,2
"140097","Osaka","Office","CL5","ZoneC","AHP+TESICE","VAV",92728.1692722787,0,0,0,0,1
"140113","Osaka","Office","CL5","ZoneC","AHP+TESICE","VAV",108740.369163942,0,0,0,0,2
"140434","Osaka","Office","CL5","ZoneC","COM+TESICE","CAV",59534.6717702575,1,0,0,0,2
"140801","Osaka","Office","CL6","ZoneC","EHP","MUL",470383.958818158,0,0,0,0,1
"140802","Osaka","Office","CL6","ZoneC","EHP","MUL",1516776.18474558,1,0,0,0,1
"140804","Osaka","Office","CL6","ZoneC","EHP","MUL",44265.4506266871,0,0,0,1,1
"140805","Osaka","Office","CL6","ZoneC","EHP","MUL",205963.227618627,1,0,1,0,1
"140806","Osaka","Office","CL6","ZoneC","EHP","MUL",149504.526342605,1,0,0,1,1
"140808","Osaka","Office","CL6","ZoneC","EHP","MUL",136341.831197803,1,0,1,1,1
"140817","Osaka","Office","CL6","ZoneC","EHP","MUL",566807.796187321,0,0,0,0,2
"140818","Osaka","Office","CL6","ZoneC","EHP","MUL",1827699.58555795,1,0,0,0,2
"140820","Osaka","Office","CL6","ZoneC","EHP","MUL",53339.4093199732,0,0,0,1,2
"140821","Osaka","Office","CL6","ZoneC","EHP","MUL",248183.55505884,1,0,1,0,2
"140822","Osaka","Office","CL6","ZoneC","EHP","MUL",180151.405054695,1,0,0,1,2
"140824","Osaka","Office","CL6","ZoneC","EHP","MUL",164290.493799014,1,0,1,1,2
"140865","Osaka","Office","CL6","ZoneC","GHP","MUL",38223.7478227922,0,0,0,0,1
"140866","Osaka","Office","CL6","ZoneC","GHP","MUL",123254.352752588,1,0,0,0,1
"140881","Osaka","Office","CL6","ZoneC","GHP","MUL",46059.2200463032,0,0,0,0,2
"140882","Osaka","Office","CL6","ZoneC","GHP","MUL",148520.217886929,1,0,0,0,2
"140929","Osaka","Office","CL6","ZoneC","ABCH","CAV",46628.8399633655,0,0,0,0,1
"140930","Osaka","Office","CL6","ZoneC","ABCH","CAV",95940.877829746,1,0,0,0,1
"140933","Osaka","Office","CL6","ZoneC","ABCH","CAV",43946.4216418171,1,0,1,0,1
"140938","Osaka","Office","CL6","ZoneC","ABCH","CAV",38582.7769617038,1,1,0,0,1
"140945","Osaka","Office","CL6","ZoneC","ABCH","CAV",46659.6905728892,0,0,0,0,2
"140946","Osaka","Office","CL6","ZoneC","ABCH","CAV",102893.815928736,1,0,0,0,2
"140949","Osaka","Office","CL6","ZoneC","ABCH","CAV",44694.2356613412,1,0,1,0,2
"140954","Osaka","Office","CL6","ZoneC","ABCH","CAV",42623.2005694765,1,1,0,0,2
"140993","Osaka","Office","CL6","ZoneC","ABCH","VAV",69883.4256742812,0,0,0,0,1
"140994","Osaka","Office","CL6","ZoneC","ABCH","VAV",60258.3785367443,1,0,0,0,1
"140997","Osaka","Office","CL6","ZoneC","ABCH","VAV",57149.0508924846,1,0,1,0,1
"141000","Osaka","Office","CL6","ZoneC","ABCH","VAV",46208.7674088884,1,0,1,1,1
"141009","Osaka","Office","CL6","ZoneC","ABCH","VAV",74693.5943617212,0,0,0,0,2
"141010","Osaka","Office","CL6","ZoneC","ABCH","VAV",60530.4506109769,1,0,0,0,2
"141013","Osaka","Office","CL6","ZoneC","ABCH","VAV",60678.3773588318,1,0,1,0,2
"141016","Osaka","Office","CL6","ZoneC","ABCH","VAV",49808.5593007607,1,0,1,1,2
"141066","Osaka","Office","CL6","ZoneC","ABCH","FCU",80623.0581509302,1,1,0,0,1
"141082","Osaka","Office","CL6","ZoneC","ABCH","FCU",84839.412360979,1,1,0,0,2
"141138","Osaka","Office","CL6","ZoneC","ABCH","CAVFCU",53490.5058448997,1,0,0,0,2
"141201","Osaka","Office","CL6","ZoneC","ABCH","VAVFCU",51608.4844983048,0,0,0,0,2
"141249","Osaka","Office","CL6","ZoneC","ABCH","OHUFCU",54918.9766906411,0,0,0,0,1
"141253","Osaka","Office","CL6","ZoneC","ABCH","OHUFCU",46915.9135479551,1,0,1,0,1
"141256","Osaka","Office","CL6","ZoneC","ABCH","OHUFCU",47248.3214529134,1,0,1,1,1
"141265","Osaka","Office","CL6","ZoneC","ABCH","OHUFCU",57378.4092682578,0,0,0,0,2
"141269","Osaka","Office","CL6","ZoneC","ABCH","OHUFCU",48962.4043364086,1,0,1,0,2
"141272","Osaka","Office","CL6","ZoneC","ABCH","OHUFCU",50539.021555111,1,0,1,1,2
"141313","Osaka","Office","CL6","ZoneC","AHP","CAV",53139.1688194651,0,0,0,0,1
"141314","Osaka","Office","CL6","ZoneC","AHP","CAV",117182.342788467,1,0,0,0,1
"141317","Osaka","Office","CL6","ZoneC","AHP","CAV",50900.7776284942,1,0,1,0,1
"141322","Osaka","Office","CL6","ZoneC","AHP","CAV",48542.1446837318,1,1,0,0,1
"141329","Osaka","Office","CL6","ZoneC","AHP","CAV",56945.5638100301,0,0,0,0,2
"141330","Osaka","Office","CL6","ZoneC","AHP","CAV",125576.194112865,1,0,0,0,2
"141333","Osaka","Office","CL6","ZoneC","AHP","CAV",54546.8351277974,1,0,1,0,2
"141334","Osaka","Office","CL6","ZoneC","AHP","CAV",35975.5027911537,1,0,0,1,2
"141338","Osaka","Office","CL6","ZoneC","AHP","CAV",52019.2516927474,1,1,0,0,2
"141377","Osaka","Office","CL6","ZoneC","AHP","VAV",85066.0489125999,0,0,0,0,1
"141378","Osaka","Office","CL6","ZoneC","AHP","VAV",68936.1158259354,1,0,0,0,1
"141381","Osaka","Office","CL6","ZoneC","AHP","VAV",69104.5846762573,1,0,1,0,1
"141384","Osaka","Office","CL6","ZoneC","AHP","VAV",56725.3106233701,1,0,1,1,1
"141393","Osaka","Office","CL6","ZoneC","AHP","VAV",102503.707472629,0,0,0,0,2
"141394","Osaka","Office","CL6","ZoneC","AHP","VAV",83067.3052439646,1,0,0,0,2
"141397","Osaka","Office","CL6","ZoneC","AHP","VAV",83270.3084629029,1,0,1,0,2
"141400","Osaka","Office","CL6","ZoneC","AHP","VAV",68353.4115050532,1,0,1,1,2
"141450","Osaka","Office","CL6","ZoneC","AHP","FCU",96620.7833922876,1,1,0,0,1
"141458","Osaka","Office","CL6","ZoneC","AHP","FCU",45447.0999886387,1,0,0,0,2
"141466","Osaka","Office","CL6","ZoneC","AHP","FCU",70979.9428001361,1,1,0,0,2
"141506","Osaka","Office","CL6","ZoneC","AHP","CAVFCU",60918.5570120834,1,0,0,0,1
"141522","Osaka","Office","CL6","ZoneC","AHP","CAVFCU",73406.2299524099,1,0,0,0,2
"141569","Osaka","Office","CL6","ZoneC","AHP","VAVFCU",58775.1855316765,0,0,0,0,1
"141585","Osaka","Office","CL6","ZoneC","AHP","VAVFCU",70823.4895284537,0,0,0,0,2
"141633","Osaka","Office","CL6","ZoneC","AHP","OHUFCU",65346.3608365614,0,0,0,0,1
"141637","Osaka","Office","CL6","ZoneC","AHP","OHUFCU",55761.6528934098,1,0,1,0,1
"141640","Osaka","Office","CL6","ZoneC","AHP","OHUFCU",57557.209776013,1,0,1,1,1
"141649","Osaka","Office","CL6","ZoneC","AHP","OHUFCU",78741.687679344,0,0,0,0,2
"141653","Osaka","Office","CL6","ZoneC","AHP","OHUFCU",67192.2139260155,1,0,1,0,2
"141656","Osaka","Office","CL6","ZoneC","AHP","OHUFCU",69355.8413637251,1,0,1,1,2
"142466","Osaka","Office","CL6","ZoneC","COM","CAV",106443.97814568,1,0,0,0,1
"142482","Osaka","Office","CL6","ZoneC","COM","CAV",128263.890677208,1,0,0,0,2
"142529","Osaka","Office","CL6","ZoneC","COM","VAV",110416.474293193,0,0,0,0,1
"142545","Osaka","Office","CL6","ZoneC","COM","VAV",73240.6074467191,0,0,0,0,2
"142549","Osaka","Office","CL6","ZoneC","COM","VAV",59810.099924645,1,0,1,0,2
"142850","Osaka","Office","CL6","ZoneC","AHP+TESICE","CAV",136281.986794844,1,0,0,0,1
"142866","Osaka","Office","CL6","ZoneC","AHP+TESICE","CAV",164218.381913565,1,0,0,0,2
"142913","Osaka","Office","CL6","ZoneC","AHP+TESICE","VAV",72483.7705603153,0,0,0,0,1
"142914","Osaka","Office","CL6","ZoneC","AHP+TESICE","VAV",68884.2687942794,1,0,0,0,1
"142929","Osaka","Office","CL6","ZoneC","AHP+TESICE","VAV",61820.373599349,0,0,0,0,2
"142930","Osaka","Office","CL6","ZoneC","AHP+TESICE","VAV",58750.4099064051,1,0,0,0,2
"142933","Osaka","Office","CL6","ZoneC","AHP+TESICE","VAV",49776.2390398773,1,0,1,0,2
"143169","Osaka","Office","CL6","ZoneC","AHP+TESICE","OHUFCU",90259.6805542828,0,0,0,0,1
"143185","Osaka","Office","CL6","ZoneC","AHP+TESICE","OHUFCU",40488.9509657652,0,0,0,0,2
"143189","Osaka","Office","CL6","ZoneC","AHP+TESICE","OHUFCU",34147.6589187377,1,0,1,0,2
"143192","Osaka","Office","CL6","ZoneC","AHP+TESICE","OHUFCU",34125.3698991697,1,0,1,1,2
"143250","Osaka","Office","CL6","ZoneC","COM+TESICE","CAV",90250.61731004,1,0,0,0,2
"143297","Osaka","Office","CL6","ZoneC","COM+TESICE","VAV",54106.9381001303,0,0,0,0,1
"143298","Osaka","Office","CL6","ZoneC","COM+TESICE","VAV",52772.4950411521,1,0,0,0,1
"143301","Osaka","Office","CL6","ZoneC","COM+TESICE","VAV",45710.5873189405,1,0,1,0,1
"143313","Osaka","Office","CL6","ZoneC","COM+TESICE","VAV",93618.7761840356,0,0,0,0,2
"143617","Osaka","Office","CL7","ZoneC","EHP","MUL",243497.078593891,0,0,0,0,1
"143618","Osaka","Office","CL7","ZoneC","EHP","MUL",804185.768343549,1,0,0,0,1
"143620","Osaka","Office","CL7","ZoneC","EHP","MUL",26020.1354522234,0,0,0,1,1
"143621","Osaka","Office","CL7","ZoneC","EHP","MUL",177464.276679189,1,0,1,0,1
"143622","Osaka","Office","CL7","ZoneC","EHP","MUL",138166.537964601,1,0,0,1,1
"143624","Osaka","Office","CL7","ZoneC","EHP","MUL",177818.752761244,1,0,1,1,1
"143633","Osaka","Office","CL7","ZoneC","EHP","MUL",293411.456552685,0,0,0,0,2
"143634","Osaka","Office","CL7","ZoneC","EHP","MUL",969035.517761403,1,0,0,0,2
"143636","Osaka","Office","CL7","ZoneC","EHP","MUL",31353.9935954146,0,0,0,1,2
"143637","Osaka","Office","CL7","ZoneC","EHP","MUL",213842.614487187,1,0,1,0,2
"143638","Osaka","Office","CL7","ZoneC","EHP","MUL",166489.246545122,1,0,0,1,2
"143640","Osaka","Office","CL7","ZoneC","EHP","MUL",214269.754492929,1,0,1,1,2
"143682","Osaka","Office","CL7","ZoneC","GHP","MUL",104877.143239757,1,0,0,0,1
"143698","Osaka","Office","CL7","ZoneC","GHP","MUL",126375.870851347,1,0,0,0,2
"143746","Osaka","Office","CL7","ZoneC","ABCH","CAV",111992.340303205,1,0,0,0,1
"143749","Osaka","Office","CL7","ZoneC","ABCH","CAV",77878.4766823709,1,0,1,0,1
"143762","Osaka","Office","CL7","ZoneC","ABCH","CAV",94277.6151533407,1,0,0,0,2
"143765","Osaka","Office","CL7","ZoneC","ABCH","CAV",65559.8144793735,1,0,1,0,2
"143768","Osaka","Office","CL7","ZoneC","ABCH","CAV",55273.5422006282,1,0,1,1,2
"143809","Osaka","Office","CL7","ZoneC","ABCH","VAV",60678.422446903,0,0,0,0,1
"143810","Osaka","Office","CL7","ZoneC","ABCH","VAV",52982.3454554067,1,0,0,0,1
"143813","Osaka","Office","CL7","ZoneC","ABCH","VAV",80722.6091004724,1,0,1,0,1
"143816","Osaka","Office","CL7","ZoneC","ABCH","VAV",98704.2581056555,1,0,1,1,1
"143825","Osaka","Office","CL7","ZoneC","ABCH","VAV",69423.9682416805,0,0,0,0,2
"143826","Osaka","Office","CL7","ZoneC","ABCH","VAV",57136.5306208381,1,0,0,0,2
"143829","Osaka","Office","CL7","ZoneC","ABCH","VAV",91770.6388570914,1,0,1,0,2
"143832","Osaka","Office","CL7","ZoneC","ABCH","VAV",113717.604796211,1,0,1,1,2
"143882","Osaka","Office","CL7","ZoneC","ABCH","FCU",75929.3332758735,1,1,0,0,1
"143898","Osaka","Office","CL7","ZoneC","ABCH","FCU",86022.870343849,1,1,0,0,2
"143954","Osaka","Office","CL7","ZoneC","ABCH","CAVFCU",57498.3363794438,1,0,0,0,2
"144008","Osaka","Office","CL7","ZoneC","ABCH","VAVFCU",82120.3074456188,1,0,1,1,1
"144024","Osaka","Office","CL7","ZoneC","ABCH","VAVFCU",93036.83115885,1,0,1,1,2
"144065","Osaka","Office","CL7","ZoneC","ABCH","OHUFCU",36373.9285269996,0,0,0,0,1
"144069","Osaka","Office","CL7","ZoneC","ABCH","OHUFCU",48500.0317374883,1,0,1,0,1
"144072","Osaka","Office","CL7","ZoneC","ABCH","OHUFCU",72081.6028420027,1,0,1,1,1
"144081","Osaka","Office","CL7","ZoneC","ABCH","OHUFCU",41086.6004127162,0,0,0,0,2
"144085","Osaka","Office","CL7","ZoneC","ABCH","OHUFCU",54507.6736598808,1,0,1,0,2
"144088","Osaka","Office","CL7","ZoneC","ABCH","OHUFCU",82225.9104639855,1,0,1,1,2
"144130","Osaka","Office","CL7","ZoneC","AHP","CAV",99304.9330573426,1,0,0,0,1
"144133","Osaka","Office","CL7","ZoneC","AHP","CAV",69055.7666052214,1,0,1,0,1
"144136","Osaka","Office","CL7","ZoneC","AHP","CAV",58220.9827767487,1,0,1,1,1
"144145","Osaka","Office","CL7","ZoneC","AHP","CAV",32884.8136049323,0,0,0,0,2
"144146","Osaka","Office","CL7","ZoneC","AHP","CAV",73840.8178269006,1,0,0,0,2
"144149","Osaka","Office","CL7","ZoneC","AHP","CAV",51348.2475120213,1,0,1,0,2
"144150","Osaka","Office","CL7","ZoneC","AHP","CAV",36087.5776080155,1,0,0,1,2
"144152","Osaka","Office","CL7","ZoneC","AHP","CAV",43291.7565176603,1,0,1,1,2
"144154","Osaka","Office","CL7","ZoneC","AHP","CAV",35575.36639674,1,1,0,0,2
"144193","Osaka","Office","CL7","ZoneC","AHP","VAV",73125.9748944854,0,0,0,0,1
"144194","Osaka","Office","CL7","ZoneC","AHP","VAV",60183.3143445833,1,0,0,0,1
"144197","Osaka","Office","CL7","ZoneC","AHP","VAV",96664.2732053678,1,0,1,0,1
"144200","Osaka","Office","CL7","ZoneC","AHP","VAV",119781.552740401,1,0,1,1,1
"144209","Osaka","Office","CL7","ZoneC","AHP","VAV",88116.0420056243,0,0,0,0,2
"144210","Osaka","Office","CL7","ZoneC","AHP","VAV",72520.270156766,1,0,0,0,2
"144213","Osaka","Office","CL7","ZoneC","AHP","VAV",116479.447562888,1,0,1,0,2
"144216","Osaka","Office","CL7","ZoneC","AHP","VAV",144335.529857914,1,0,1,1,2
"144266","Osaka","Office","CL7","ZoneC","AHP","FCU",90610.0071263175,1,1,0,0,1
"144282","Osaka","Office","CL7","ZoneC","AHP","FCU",109184.119672838,1,1,0,0,2
"144322","Osaka","Office","CL7","ZoneC","AHP","CAVFCU",60564.4132574021,1,0,0,0,1
"144338","Osaka","Office","CL7","ZoneC","AHP","CAVFCU",72979.4903977091,1,0,0,0,2
"144392","Osaka","Office","CL7","ZoneC","AHP","VAVFCU",97997.984729141,1,0,1,1,1
"144405","Osaka","Office","CL7","ZoneC","AHP","VAVFCU",52737.219919347,1,0,1,0,2
"144408","Osaka","Office","CL7","ZoneC","AHP","VAVFCU",65349.3362095708,1,0,1,1,2
"144449","Osaka","Office","CL7","ZoneC","AHP","OHUFCU",43277.5277238649,0,0,0,0,1
"144453","Osaka","Office","CL7","ZoneC","AHP","OHUFCU",57414.2745878964,1,0,1,0,1
"144456","Osaka","Office","CL7","ZoneC","AHP","OHUFCU",86610.575807674,1,0,1,1,1
"144465","Osaka","Office","CL7","ZoneC","AHP","OHUFCU",52148.9724590765,0,0,0,0,2
"144469","Osaka","Office","CL7","ZoneC","AHP","OHUFCU",69183.6059431606,1,0,1,0,2
"144472","Osaka","Office","CL7","ZoneC","AHP","OHUFCU",104364.846376576,1,0,1,1,2
"144584","Osaka","Office","CL7","ZoneC","TB","VAV",62308.1907530373,1,0,1,1,1
"144600","Osaka","Office","CL7","ZoneC","TB","VAV",75080.7242106677,1,0,1,1,2
"144968","Osaka","Office","CL7","ZoneC","AB","VAV",66040.8278060129,1,0,1,1,1
"144984","Osaka","Office","CL7","ZoneC","AB","VAV",79578.5131813628,1,0,1,1,2
"145282","Osaka","Office","CL7","ZoneC","COM","CAV",124737.540466458,1,0,0,0,1
"145298","Osaka","Office","CL7","ZoneC","COM","CAV",150307.44371313,1,0,0,0,2
"145345","Osaka","Office","CL7","ZoneC","COM","VAV",39569.0490482305,0,0,0,0,1
"145346","Osaka","Office","CL7","ZoneC","COM","VAV",37974.4360926684,1,0,0,0,1
"145349","Osaka","Office","CL7","ZoneC","COM","VAV",51872.9552396665,1,0,1,0,1
"145352","Osaka","Office","CL7","ZoneC","COM","VAV",63130.4255621589,1,0,1,1,1
"145361","Osaka","Office","CL7","ZoneC","COM","VAV",47680.2940827449,0,0,0,0,2
"145362","Osaka","Office","CL7","ZoneC","COM","VAV",45758.8019949092,1,0,0,0,2
"145365","Osaka","Office","CL7","ZoneC","COM","VAV",62506.3735485188,1,0,1,0,2
"145368","Osaka","Office","CL7","ZoneC","COM","VAV",76071.5086355396,1,0,1,1,2
"145608","Osaka","Office","CL7","ZoneC","COM","OHUFCU",103113.53379766,1,0,1,1,1
"145621","Osaka","Office","CL7","ZoneC","COM","OHUFCU",50671.1755078456,1,0,1,0,2
"145624","Osaka","Office","CL7","ZoneC","COM","OHUFCU",73579.5642405579,1,0,1,1,2
"145666","Osaka","Office","CL7","ZoneC","AHP+TESICE","CAV",140711.379640571,1,0,0,0,1
"145682","Osaka","Office","CL7","ZoneC","AHP+TESICE","CAV",153421.867482963,1,0,0,0,2
"145729","Osaka","Office","CL7","ZoneC","AHP+TESICE","VAV",44636.2455265753,0,0,0,0,1
"145730","Osaka","Office","CL7","ZoneC","AHP+TESICE","VAV",42837.4270784097,1,0,0,0,1
"145733","Osaka","Office","CL7","ZoneC","AHP+TESICE","VAV",58515.784987518,1,0,1,0,1
"145736","Osaka","Office","CL7","ZoneC","AHP+TESICE","VAV",71214.8824237596,1,0,1,1,1
"145745","Osaka","Office","CL7","ZoneC","AHP+TESICE","VAV",49030.1618517355,0,0,0,0,2
"145746","Osaka","Office","CL7","ZoneC","AHP+TESICE","VAV",42811.4784169992,1,0,0,0,2
"145749","Osaka","Office","CL7","ZoneC","AHP+TESICE","VAV",65226.5241858233,1,0,1,0,2
"145752","Osaka","Office","CL7","ZoneC","AHP+TESICE","VAV",79756.2882359139,1,0,1,1,2
"145818","Osaka","Office","CL7","ZoneC","AHP+TESICE","FCU",61353.3996054052,1,1,0,0,2
"145928","Osaka","Office","CL7","ZoneC","AHP+TESICE","VAVFCU",60858.5455133885,1,0,1,1,1
"145944","Osaka","Office","CL7","ZoneC","AHP+TESICE","VAVFCU",66355.9104374584,1,0,1,1,2
"145989","Osaka","Office","CL7","ZoneC","AHP+TESICE","OHUFCU",46966.2123021448,1,0,1,0,1
"145992","Osaka","Office","CL7","ZoneC","AHP+TESICE","OHUFCU",69351.9990881544,1,0,1,1,1
"146005","Osaka","Office","CL7","ZoneC","AHP+TESICE","OHUFCU",51011.3262615244,1,0,1,0,2
"146008","Osaka","Office","CL7","ZoneC","AHP+TESICE","OHUFCU",75813.9330697569,1,0,1,1,2
"146050","Osaka","Office","CL7","ZoneC","COM+TESICE","CAV",119470.250499507,1,0,0,0,1
"146066","Osaka","Office","CL7","ZoneC","COM+TESICE","CAV",143960.413883396,1,0,0,0,2
"146113","Osaka","Office","CL7","ZoneC","COM+TESICE","VAV",37898.1674974629,0,0,0,0,1
"146114","Osaka","Office","CL7","ZoneC","COM+TESICE","VAV",36370.8902356348,1,0,0,0,1
"146117","Osaka","Office","CL7","ZoneC","COM+TESICE","VAV",49682.5168546523,1,0,1,0,1
"146120","Osaka","Office","CL7","ZoneC","COM+TESICE","VAV",60464.618172263,1,0,1,1,1
"146129","Osaka","Office","CL7","ZoneC","COM+TESICE","VAV",45666.899127993,0,0,0,0,2
"146130","Osaka","Office","CL7","ZoneC","COM+TESICE","VAV",43826.5458533645,1,0,0,0,2
"146133","Osaka","Office","CL7","ZoneC","COM+TESICE","VAV",59866.9179922249,1,0,1,0,2
"146136","Osaka","Office","CL7","ZoneC","COM+TESICE","VAV",72859.2383542079,1,0,1,1,2
"146376","Osaka","Office","CL7","ZoneC","COM+TESICE","OHUFCU",98759.3603868472,1,0,1,1,1
"146389","Osaka","Office","CL7","ZoneC","COM+TESICE","OHUFCU",48531.4846548112,1,0,1,0,2
"146392","Osaka","Office","CL7","ZoneC","COM+TESICE","OHUFCU",70472.521252155,1,0,1,1,2
"146465","Osaka","Office","CL8c","ZoneA","EHP","MUL",206858.60304258,0,0,0,0,3
"146466","Osaka","Office","CL8c","ZoneA","EHP","MUL",689250.320316073,1,0,0,0,3
"146469","Osaka","Office","CL8c","ZoneA","EHP","MUL",266690.194948804,1,0,1,0,3
"146470","Osaka","Office","CL8c","ZoneA","EHP","MUL",204312.455244804,1,0,0,1,3
"146472","Osaka","Office","CL8c","ZoneA","EHP","MUL",385923.012840815,1,0,1,1,3
"146530","Osaka","Office","CL8c","ZoneA","GHP","MUL",87448.5836641368,1,0,0,0,3
"146536","Osaka","Office","CL8c","ZoneA","GHP","MUL",48963.9538518452,1,0,1,1,3
"146594","Osaka","Office","CL8c","ZoneA","ABCH","CAV",52733.1281372014,1,0,0,0,3
"146597","Osaka","Office","CL8c","ZoneA","ABCH","CAV",63643.5358788519,1,0,1,0,3
"146598","Osaka","Office","CL8c","ZoneA","ABCH","CAV",43205.8650396521,1,0,0,1,3
"146600","Osaka","Office","CL8c","ZoneA","ABCH","CAV",79597.9350443906,1,0,1,1,3
"146608","Osaka","Office","CL8c","ZoneA","ABCH","CAV",44854.0059295092,1,1,1,1,3
"146657","Osaka","Office","CL8c","ZoneA","ABCH","VAV",69456.1750580841,0,0,0,0,3
"146658","Osaka","Office","CL8c","ZoneA","ABCH","VAV",57170.9385985821,1,0,0,0,3
"146661","Osaka","Office","CL8c","ZoneA","ABCH","VAV",159493.894264693,1,0,1,0,3
"146662","Osaka","Office","CL8c","ZoneA","ABCH","VAV",28198.4761302967,1,0,0,1,3
"146664","Osaka","Office","CL8c","ZoneA","ABCH","VAV",280483.333269402,1,0,1,1,3
"146669","Osaka","Office","CL8c","ZoneA","ABCH","VAV",27340.1705627096,1,1,1,0,3
"146672","Osaka","Office","CL8c","ZoneA","ABCH","VAV",48079.9732612733,1,1,1,1,3
"146730","Osaka","Office","CL8c","ZoneA","ABCH","FCU",128700.766567769,1,1,0,0,3
"146792","Osaka","Office","CL8c","ZoneA","ABCH","CAVFCU",93535.4112712615,1,0,1,1,3
"146849","Osaka","Office","CL8c","ZoneA","ABCH","VAVFCU",35610.4383928849,0,0,0,0,3
"146853","Osaka","Office","CL8c","ZoneA","ABCH","VAVFCU",81773.1107565948,1,0,1,0,3
"146856","Osaka","Office","CL8c","ZoneA","ABCH","VAVFCU",143804.844583916,1,0,1,1,3
"146913","Osaka","Office","CL8c","ZoneA","ABCH","OHUFCU",36201.5736389404,0,0,0,0,3
"146917","Osaka","Office","CL8c","ZoneA","ABCH","OHUFCU",80183.0899229649,1,0,1,0,3
"146920","Osaka","Office","CL8c","ZoneA","ABCH","OHUFCU",164338.438031327,1,0,1,1,3
"146928","Osaka","Office","CL8c","ZoneA","ABCH","OHUFCU",28170.6139692671,1,1,1,1,3
"146978","Osaka","Office","CL8c","ZoneA","AHP","CAV",51237.0210519721,1,0,0,0,3
"146981","Osaka","Office","CL8c","ZoneA","AHP","CAV",61837.8864072397,1,0,1,0,3
"146982","Osaka","Office","CL8c","ZoneA","AHP","CAV",41980.0587373766,1,0,0,1,3
"146984","Osaka","Office","CL8c","ZoneA","AHP","CAV",77339.6386224584,1,0,1,1,3
"146989","Osaka","Office","CL8c","ZoneA","AHP","CAV",34846.0914473699,1,1,1,0,3
"146992","Osaka","Office","CL8c","ZoneA","AHP","CAV",43581.4397373906,1,1,1,1,3
"147041","Osaka","Office","CL8c","ZoneA","AHP","VAV",76006.6786540306,0,0,0,0,3
"147042","Osaka","Office","CL8c","ZoneA","AHP","VAV",62562.8053197262,1,0,0,0,3
"147045","Osaka","Office","CL8c","ZoneA","AHP","VAV",174535.974065929,1,0,1,0,3
"147046","Osaka","Office","CL8c","ZoneA","AHP","VAV",30857.9116540244,1,0,0,1,3
"147048","Osaka","Office","CL8c","ZoneA","AHP","VAV",306936.086845997,1,0,1,1,3
"147053","Osaka","Office","CL8c","ZoneA","AHP","VAV",29918.6581548503,1,1,1,0,3
"147056","Osaka","Office","CL8c","ZoneA","AHP","VAV",52614.4590356138,1,1,1,1,3
"147114","Osaka","Office","CL8c","ZoneA","AHP","FCU",140838.705829443,1,1,0,0,3
"147176","Osaka","Office","CL8c","ZoneA","AHP","CAVFCU",102356.859434342,1,0,1,1,3
"147233","Osaka","Office","CL8c","ZoneA","AHP","VAVFCU",38968.90586609,0,0,0,0,3
"147237","Osaka","Office","CL8c","ZoneA","AHP","VAVFCU",89485.2408244375,1,0,1,0,3
"147240","Osaka","Office","CL8c","ZoneA","AHP","VAVFCU",157367.26939026,1,0,1,1,3
"147297","Osaka","Office","CL8c","ZoneA","AHP","OHUFCU",39615.7918578747,0,0,0,0,3
"147301","Osaka","Office","CL8c","ZoneA","AHP","OHUFCU",87745.2630261517,1,0,1,0,3
"147304","Osaka","Office","CL8c","ZoneA","AHP","OHUFCU",179837.413153067,1,0,1,1,3
"147312","Osaka","Office","CL8c","ZoneA","AHP","OHUFCU",30827.4217757924,1,1,1,1,3
"147429","Osaka","Office","CL8c","ZoneA","TB","VAV",68649.7462347191,1,0,1,0,3
"147432","Osaka","Office","CL8c","ZoneA","TB","VAV",118775.515079041,1,0,1,1,3
"147813","Osaka","Office","CL8c","ZoneA","AB","VAV",102461.223659886,1,0,1,0,3
"147816","Osaka","Office","CL8c","ZoneA","AB","VAV",177275.012411872,1,0,1,1,3
"148130","Osaka","Office","CL8c","ZoneA","COM","CAV",46281.1109603512,1,0,0,0,3
"148133","Osaka","Office","CL8c","ZoneA","COM","CAV",55856.6057043807,1,0,1,0,3
"148134","Osaka","Office","CL8c","ZoneA","COM","CAV",37919.5299932803,1,0,0,1,3
"148136","Osaka","Office","CL8c","ZoneA","COM","CAV",69858.9481439357,1,0,1,1,3
"148144","Osaka","Office","CL8c","ZoneA","COM","CAV",39366.0171275786,1,1,1,1,3
"148193","Osaka","Office","CL8c","ZoneA","COM","VAV",66465.8059660739,0,0,0,0,3
"148194","Osaka","Office","CL8c","ZoneA","COM","VAV",54709.4985955378,1,0,0,0,3
"148197","Osaka","Office","CL8c","ZoneA","COM","VAV",152627.037410358,1,0,1,0,3
"148200","Osaka","Office","CL8c","ZoneA","COM","VAV",268407.39200239,1,0,1,1,3
"148208","Osaka","Office","CL8c","ZoneA","COM","VAV",46009.9360635014,1,1,1,1,3
"148266","Osaka","Office","CL8c","ZoneA","COM","FCU",112953.937469966,1,1,0,0,3
"148328","Osaka","Office","CL8c","ZoneA","COM","CAVFCU",82091.1427159094,1,0,1,1,3
"148389","Osaka","Office","CL8c","ZoneA","COM","VAVFCU",83097.5039608262,1,0,1,0,3
"148392","Osaka","Office","CL8c","ZoneA","COM","VAVFCU",146133.900640856,1,0,1,1,3
"148449","Osaka","Office","CL8c","ZoneA","COM","OHUFCU",34960.5784106933,0,0,0,0,3
"148453","Osaka","Office","CL8c","ZoneA","COM","OHUFCU",77434.4018970534,1,0,1,0,3
"148456","Osaka","Office","CL8c","ZoneA","COM","OHUFCU",158704.892389126,1,0,1,1,3
"148514","Osaka","Office","CL8c","ZoneA","AHP+TESICE","CAV",44717.4212286936,1,0,0,0,3
"148517","Osaka","Office","CL8c","ZoneA","AHP+TESICE","CAV",53969.3908347978,1,0,1,0,3
"148518","Osaka","Office","CL8c","ZoneA","AHP+TESICE","CAV",36638.3511613682,1,0,0,1,3
"148520","Osaka","Office","CL8c","ZoneA","AHP+TESICE","CAV",67498.639205573,1,0,1,1,3
"148528","Osaka","Office","CL8c","ZoneA","AHP+TESICE","CAV",38035.9661525406,1,1,1,1,3
"148577","Osaka","Office","CL8c","ZoneA","AHP+TESICE","VAV",64220.1403772652,0,0,0,0,3
"148578","Osaka","Office","CL8c","ZoneA","AHP+TESICE","VAV",52861.0407819111,1,0,0,0,3
"148581","Osaka","Office","CL8c","ZoneA","AHP+TESICE","VAV",147470.261217661,1,0,1,0,3
"148584","Osaka","Office","CL8c","ZoneA","AHP+TESICE","VAV",259338.770397029,1,0,1,1,3
"148592","Osaka","Office","CL8c","ZoneA","AHP+TESICE","VAV",44455.4084585276,1,1,1,1,3
"148650","Osaka","Office","CL8c","ZoneA","AHP+TESICE","FCU",109137.587591862,1,1,0,0,3
"148712","Osaka","Office","CL8c","ZoneA","AHP+TESICE","CAVFCU",79317.547306005,1,0,1,1,3
"148773","Osaka","Office","CL8c","ZoneA","AHP+TESICE","VAVFCU",80289.9068445589,1,0,1,0,3
"148776","Osaka","Office","CL8c","ZoneA","AHP+TESICE","VAVFCU",141196.506634154,1,0,1,1,3
"148833","Osaka","Office","CL8c","ZoneA","AHP+TESICE","OHUFCU",33779.3730260507,0,0,0,0,3
"148837","Osaka","Office","CL8c","ZoneA","AHP+TESICE","OHUFCU",74818.1427664719,1,0,1,0,3
"148840","Osaka","Office","CL8c","ZoneA","AHP+TESICE","OHUFCU",153342.765045094,1,0,1,1,3
"148898","Osaka","Office","CL8c","ZoneA","COM+TESICE","CAV",52477.3649734162,1,0,0,0,3
"148901","Osaka","Office","CL8c","ZoneA","COM+TESICE","CAV",63334.8556873695,1,0,1,0,3
"148902","Osaka","Office","CL8c","ZoneA","COM+TESICE","CAV",42996.310455523,1,0,0,1,3
"148904","Osaka","Office","CL8c","ZoneA","COM+TESICE","CAV",79211.8737501553,1,0,1,1,3
"148906","Osaka","Office","CL8c","ZoneA","COM+TESICE","CAV",29571.3706438481,1,1,0,0,3
"148909","Osaka","Office","CL8c","ZoneA","COM+TESICE","CAV",35689.6443477032,1,1,1,0,3
"148912","Osaka","Office","CL8c","ZoneA","COM+TESICE","CAV",44636.4576278965,1,1,1,1,3
"148961","Osaka","Office","CL8c","ZoneA","COM+TESICE","VAV",82149.3482687297,0,0,0,0,3
"148962","Osaka","Office","CL8c","ZoneA","COM+TESICE","VAV",67618.9747255372,1,0,0,0,3
"148964","Osaka","Office","CL8c","ZoneA","COM+TESICE","VAV",28258.9144164337,0,0,0,1,3
"148965","Osaka","Office","CL8c","ZoneA","COM+TESICE","VAV",188641.534834436,1,0,1,0,3
"148966","Osaka","Office","CL8c","ZoneA","COM+TESICE","VAV",33351.7708733312,1,0,0,1,3
"148968","Osaka","Office","CL8c","ZoneA","COM+TESICE","VAV",331741.893489721,1,0,1,1,3
"148973","Osaka","Office","CL8c","ZoneA","COM+TESICE","VAV",32336.6092561857,1,1,1,0,3
"148976","Osaka","Office","CL8c","ZoneA","COM+TESICE","VAV",56866.6279835954,1,1,1,1,3
"149034","Osaka","Office","CL8c","ZoneA","COM+TESICE","FCU",157647.406423596,1,1,0,0,3
"149096","Osaka","Office","CL8c","ZoneA","COM+TESICE","CAVFCU",114572.860666796,1,0,1,1,3
"149153","Osaka","Office","CL8c","ZoneA","COM+TESICE","VAVFCU",39218.4600400576,0,0,0,0,3
"149154","Osaka","Office","CL8c","ZoneA","COM+TESICE","VAVFCU",32281.5958265198,1,0,0,0,3
"149157","Osaka","Office","CL8c","ZoneA","COM+TESICE","VAVFCU",90058.2981084413,1,0,1,0,3
"149160","Osaka","Office","CL8c","ZoneA","COM+TESICE","VAVFCU",158375.038483319,1,0,1,1,3
"149217","Osaka","Office","CL8c","ZoneA","COM+TESICE","OHUFCU",44343.824398487,0,0,0,0,3
"149221","Osaka","Office","CL8c","ZoneA","COM+TESICE","OHUFCU",98217.411616809,1,0,1,0,3
"149224","Osaka","Office","CL8c","ZoneA","COM+TESICE","OHUFCU",201300.498996653,1,0,1,1,3
"149232","Osaka","Office","CL8c","ZoneA","COM+TESICE","OHUFCU",34506.5872414739,1,1,1,1,3
"149281","Osaka","Office","CL9c","ZoneA","EHP","MUL",29401.3016635828,0,0,0,0,3
"149282","Osaka","Office","CL9c","ZoneA","EHP","MUL",99363.7720378551,1,0,0,0,3
"149285","Osaka","Office","CL9c","ZoneA","EHP","MUL",74503.7887807306,1,0,1,0,3
"149286","Osaka","Office","CL9c","ZoneA","EHP","MUL",56508.2431086396,1,0,0,1,3
"149288","Osaka","Office","CL9c","ZoneA","EHP","MUL",169624.555636067,1,0,1,1,3
"149352","Osaka","Office","CL9c","ZoneA","GHP","MUL",43975.5862824117,1,0,1,1,3
"149416","Osaka","Office","CL9c","ZoneA","ABCH","CAV",97680.9686025627,1,0,1,1,3
"149477","Osaka","Office","CL9c","ZoneA","ABCH","VAV",84603.1890600069,1,0,1,0,3
"149480","Osaka","Office","CL9c","ZoneA","ABCH","VAV",237057.896833668,1,0,1,1,3
"149488","Osaka","Office","CL9c","ZoneA","ABCH","VAV",60789.2423015489,1,1,1,1,3
"149669","Osaka","Office","CL9c","ZoneA","ABCH","VAVFCU",49201.0429311412,1,0,1,0,3
"149672","Osaka","Office","CL9c","ZoneA","ABCH","VAVFCU",137861.183353345,1,0,1,1,3
"149680","Osaka","Office","CL9c","ZoneA","ABCH","VAVFCU",35352.0257742139,1,1,1,1,3
"149733","Osaka","Office","CL9c","ZoneA","ABCH","OHUFCU",35040.5017694621,1,0,1,0,3
"149736","Osaka","Office","CL9c","ZoneA","ABCH","OHUFCU",112707.520766188,1,0,1,1,3
"149800","Osaka","Office","CL9c","ZoneA","AHP","CAV",75363.5408001097,1,0,1,1,3
"149861","Osaka","Office","CL9c","ZoneA","AHP","VAV",65273.6759448549,1,0,1,0,3
"149864","Osaka","Office","CL9c","ZoneA","AHP","VAV",182896.655669972,1,0,1,1,3
"149872","Osaka","Office","CL9c","ZoneA","AHP","VAV",46900.5642341711,1,1,1,1,3
"150053","Osaka","Office","CL9c","ZoneA","AHP","VAVFCU",45133.8270343207,1,0,1,0,3
"150056","Osaka","Office","CL9c","ZoneA","AHP","VAVFCU",126464.855895938,1,0,1,1,3
"150120","Osaka","Office","CL9c","ZoneA","AHP","OHUFCU",113991.643242252,1,0,1,1,3
"150245","Osaka","Office","CL9c","ZoneA","TB","VAV",39974.4416414419,1,0,1,0,3
"150248","Osaka","Office","CL9c","ZoneA","TB","VAV",112471.621371296,1,0,1,1,3
"150440","Osaka","Office","CL9c","ZoneA","TB","VAVFCU",88655.1130555287,1,0,1,1,3
"150629","Osaka","Office","CL9c","ZoneA","AB","VAV",46454.3120474879,1,0,1,0,3
"150632","Osaka","Office","CL9c","ZoneA","AB","VAV",127267.581113066,1,0,1,1,3
"150640","Osaka","Office","CL9c","ZoneA","AB","VAV",36851.2909176043,1,1,1,1,3
"150824","Osaka","Office","CL9c","ZoneA","AB","VAVFCU",122458.980389358,1,0,1,1,3
"150888","Osaka","Office","CL9c","ZoneA","AB","OHUFCU",81348.5288230741,1,0,1,1,3
"150952","Osaka","Office","CL9c","ZoneA","COM","CAV",123726.071612935,1,0,1,1,3
"151013","Osaka","Office","CL9c","ZoneA","COM","VAV",108942.309396219,1,0,1,0,3
"151016","Osaka","Office","CL9c","ZoneA","COM","VAV",308945.410195005,1,0,1,1,3
"151024","Osaka","Office","CL9c","ZoneA","COM","VAV",66537.008906312,1,1,1,1,3
"151088","Osaka","Office","CL9c","ZoneA","COM","FCU",64362.7504118173,1,1,1,1,3
"151144","Osaka","Office","CL9c","ZoneA","COM","CAVFCU",52717.311901907,1,0,1,1,3
"151205","Osaka","Office","CL9c","ZoneA","COM","VAVFCU",63355.475144315,1,0,1,0,3
"151208","Osaka","Office","CL9c","ZoneA","COM","VAVFCU",179667.416314557,1,0,1,1,3
"151216","Osaka","Office","CL9c","ZoneA","COM","VAVFCU",38694.6434062578,1,1,1,1,3
"151269","Osaka","Office","CL9c","ZoneA","COM","OHUFCU",43806.7135209333,1,0,1,0,3
"151272","Osaka","Office","CL9c","ZoneA","COM","OHUFCU",143336.00914486,1,0,1,1,3
"151336","Osaka","Office","CL9c","ZoneA","AHP+TESICE","CAV",91427.0059636099,1,0,1,1,3
"151397","Osaka","Office","CL9c","ZoneA","AHP+TESICE","VAV",79186.5230391127,1,0,1,0,3
"151400","Osaka","Office","CL9c","ZoneA","AHP+TESICE","VAV",221880.413939343,1,0,1,1,3
"151408","Osaka","Office","CL9c","ZoneA","AHP+TESICE","VAV",56897.2492588616,1,1,1,1,3
"151589","Osaka","Office","CL9c","ZoneA","AHP+TESICE","VAVFCU",46050.9770719376,1,0,1,0,3
"151592","Osaka","Office","CL9c","ZoneA","AHP+TESICE","VAVFCU",129034.707711384,1,0,1,1,3
"151600","Osaka","Office","CL9c","ZoneA","AHP+TESICE","VAVFCU",33088.6345367377,1,1,1,1,3
"151656","Osaka","Office","CL9c","ZoneA","AHP+TESICE","OHUFCU",138288.548227234,1,0,1,1,3
"151717","Osaka","Office","CL9c","ZoneA","COM+TESICE","CAV",50603.3916283907,1,0,1,0,3
"151720","Osaka","Office","CL9c","ZoneA","COM+TESICE","CAV",105764.272602498,1,0,1,1,3
"151725","Osaka","Office","CL9c","ZoneA","COM+TESICE","CAV",35832.5479355484,1,1,1,0,3
"151728","Osaka","Office","CL9c","ZoneA","COM+TESICE","CAV",74892.2798639289,1,1,1,1,3
"151777","Osaka","Office","CL9c","ZoneA","COM+TESICE","VAV",45442.1898981303,0,0,0,0,3
"151778","Osaka","Office","CL9c","ZoneA","COM+TESICE","VAV",37842.1557469804,1,0,0,0,3
"151781","Osaka","Office","CL9c","ZoneA","COM+TESICE","VAV",198964.30011636,1,0,1,0,3
"151782","Osaka","Office","CL9c","ZoneA","COM+TESICE","VAV",34894.3516720026,1,0,0,1,3
"151784","Osaka","Office","CL9c","ZoneA","COM+TESICE","VAV",564235.398113784,1,0,1,1,3
"151789","Osaka","Office","CL9c","ZoneA","COM+TESICE","VAV",42850.5780374734,1,1,1,0,3
"151792","Osaka","Office","CL9c","ZoneA","COM+TESICE","VAV",121518.347483643,1,1,1,1,3
"151856","Osaka","Office","CL9c","ZoneA","COM+TESICE","FCU",138942.48138097,1,1,1,1,3
"151912","Osaka","Office","CL9c","ZoneA","COM+TESICE","CAVFCU",113803.000656738,1,0,1,1,3
"151969","Osaka","Office","CL9c","ZoneA","COM+TESICE","VAVFCU",29710.9007405215,0,0,0,0,3
"151973","Osaka","Office","CL9c","ZoneA","COM+TESICE","VAVFCU",130086.348939528,1,0,1,0,3
"151976","Osaka","Office","CL9c","ZoneA","COM+TESICE","VAVFCU",368906.999095505,1,0,1,1,3
"151984","Osaka","Office","CL9c","ZoneA","COM+TESICE","VAVFCU",79450.8268270603,1,1,1,1,3
"152037","Osaka","Office","CL9c","ZoneA","COM+TESICE","OHUFCU",81176.851833178,1,0,1,0,3
"152040","Osaka","Office","CL9c","ZoneA","COM+TESICE","OHUFCU",265611.479189169,1,0,1,1,3
"152048","Osaka","Office","CL9c","ZoneA","COM+TESICE","OHUFCU",57204.2593067602,1,1,1,1,3
"152066","Hiroshima","Office","CL1","ZoneC","EHP","MUL",78507.4342137483,1,0,0,0,1
"152082","Hiroshima","Office","CL1","ZoneC","EHP","MUL",54122.1709484592,1,0,0,0,2
"152130","Hiroshima","Office","CL1","ZoneC","GHP","MUL",15471.0683884483,1,0,0,0,1
"154881","Hiroshima","Office","CL2","ZoneC","EHP","MUL",546644.847221634,0,0,0,0,1
"154882","Hiroshima","Office","CL2","ZoneC","EHP","MUL",1584041.78246428,1,0,0,0,1
"154884","Hiroshima","Office","CL2","ZoneC","EHP","MUL",29259.8484413726,0,0,0,1,1
"154885","Hiroshima","Office","CL2","ZoneC","EHP","MUL",28139.8452594805,1,0,1,0,1
"154897","Hiroshima","Office","CL2","ZoneC","EHP","MUL",332680.395086787,0,0,0,0,2
"154898","Hiroshima","Office","CL2","ZoneC","EHP","MUL",964025.635113197,1,0,0,0,2
"154945","Hiroshima","Office","CL2","ZoneC","GHP","MUL",79143.5355203377,0,0,0,0,1
"154946","Hiroshima","Office","CL2","ZoneC","GHP","MUL",229338.422768176,1,0,0,0,1
"154961","Hiroshima","Office","CL2","ZoneC","GHP","MUL",46902.1256902343,0,0,0,0,2
"154962","Hiroshima","Office","CL2","ZoneC","GHP","MUL",135910.778556373,1,0,0,0,2
"155393","Hiroshima","Office","CL2","ZoneC","AHP","CAV",34616.0588506516,0,0,0,0,1
"155394","Hiroshima","Office","CL2","ZoneC","AHP","CAV",37873.2488915381,1,0,0,0,1
"157697","Hiroshima","Office","CL3","ZoneC","EHP","MUL",621610.144803618,0,0,0,0,1
"157698","Hiroshima","Office","CL3","ZoneC","EHP","MUL",1859653.37238961,1,0,0,0,1
"157700","Hiroshima","Office","CL3","ZoneC","EHP","MUL",39156.3029323832,0,0,0,1,1
"157701","Hiroshima","Office","CL3","ZoneC","EHP","MUL",54331.9126701311,1,0,1,0,1
"157702","Hiroshima","Office","CL3","ZoneC","EHP","MUL",31267.3652506771,1,0,0,1,1
"157713","Hiroshima","Office","CL3","ZoneC","EHP","MUL",367927.640305536,0,0,0,0,2
"157714","Hiroshima","Office","CL3","ZoneC","EHP","MUL",1100718.64625971,1,0,0,0,2
"157717","Hiroshima","Office","CL3","ZoneC","EHP","MUL",32158.7615471161,1,0,1,0,2
"157761","Hiroshima","Office","CL3","ZoneC","GHP","MUL",67407.1187451313,0,0,0,0,1
"157762","Hiroshima","Office","CL3","ZoneC","GHP","MUL",201659.958006402,1,0,0,0,1
"157777","Hiroshima","Office","CL3","ZoneC","GHP","MUL",38819.7247546036,0,0,0,0,2
"157778","Hiroshima","Office","CL3","ZoneC","GHP","MUL",116135.865314654,1,0,0,0,2
"157825","Hiroshima","Office","CL3","ZoneC","ABCH","CAV",37656.6620888637,0,0,0,0,1
"157826","Hiroshima","Office","CL3","ZoneC","ABCH","CAV",39360.6894527053,1,0,0,0,1
"158209","Hiroshima","Office","CL3","ZoneC","AHP","CAV",66321.853037777,0,0,0,0,1
"158210","Hiroshima","Office","CL3","ZoneC","AHP","CAV",69323.0285570079,1,0,0,0,1
"158225","Hiroshima","Office","CL3","ZoneC","AHP","CAV",59881.1729792281,0,0,0,0,2
"158226","Hiroshima","Office","CL3","ZoneC","AHP","CAV",62590.8968813291,1,0,0,0,2
"160513","Hiroshima","Office","CL4","ZoneC","EHP","MUL",511387.76371848,0,0,0,0,1
"160514","Hiroshima","Office","CL4","ZoneC","EHP","MUL",1584419.50782157,1,0,0,0,1
"160516","Hiroshima","Office","CL4","ZoneC","EHP","MUL",38290.8211632235,0,0,0,1,1
"160517","Hiroshima","Office","CL4","ZoneC","EHP","MUL",72692.5083853779,1,0,1,0,1
"160518","Hiroshima","Office","CL4","ZoneC","EHP","MUL",47851.8829901146,1,0,0,1,1
"160529","Hiroshima","Office","CL4","ZoneC","EHP","MUL",299596.017565436,0,0,0,0,2
"160530","Hiroshima","Office","CL4","ZoneC","EHP","MUL",928230.60771873,1,0,0,0,2
"160533","Hiroshima","Office","CL4","ZoneC","EHP","MUL",42586.8344223626,1,0,1,0,2
"160534","Hiroshima","Office","CL4","ZoneC","EHP","MUL",28033.978507037,1,0,0,1,2
"160577","Hiroshima","Office","CL4","ZoneC","GHP","MUL",45974.1796810329,0,0,0,0,1
"160578","Hiroshima","Office","CL4","ZoneC","GHP","MUL",142440.614169295,1,0,0,0,1
"160594","Hiroshima","Office","CL4","ZoneC","GHP","MUL",108507.982140883,1,0,0,0,2
"160641","Hiroshima","Office","CL4","ZoneC","ABCH","CAV",75867.0870563612,0,0,0,0,1
"160642","Hiroshima","Office","CL4","ZoneC","ABCH","CAV",76037.6187054405,1,0,0,0,1
"160657","Hiroshima","Office","CL4","ZoneC","ABCH","CAV",43691.8161210416,0,0,0,0,2
"160658","Hiroshima","Office","CL4","ZoneC","ABCH","CAV",43790.025209376,1,0,0,0,2
"161025","Hiroshima","Office","CL4","ZoneC","AHP","CAV",106209.510358516,0,0,0,0,1
"161026","Hiroshima","Office","CL4","ZoneC","AHP","CAV",106448.24475115,1,0,0,0,1
"161034","Hiroshima","Office","CL4","ZoneC","AHP","CAV",41467.2494166038,1,1,0,0,1
"161041","Hiroshima","Office","CL4","ZoneC","AHP","CAV",73093.0810460297,0,0,0,0,2
"161042","Hiroshima","Office","CL4","ZoneC","AHP","CAV",73257.377371758,1,0,0,0,2
"163329","Hiroshima","Office","CL5","ZoneC","EHP","MUL",324213.029065828,0,0,0,0,1
"163330","Hiroshima","Office","CL5","ZoneC","EHP","MUL",1019054.0618554,1,0,0,0,1
"163332","Hiroshima","Office","CL5","ZoneC","EHP","MUL",26588.7804772719,0,0,0,1,1
"163333","Hiroshima","Office","CL5","ZoneC","EHP","MUL",80402.0772290311,1,0,1,0,1
"163334","Hiroshima","Office","CL5","ZoneC","EHP","MUL",54105.0074908958,1,0,0,1,1
"163336","Hiroshima","Office","CL5","ZoneC","EHP","MUL",33710.6940353978,1,0,1,1,1
"163345","Hiroshima","Office","CL5","ZoneC","EHP","MUL",390673.340480684,0,0,0,0,2
"163346","Hiroshima","Office","CL5","ZoneC","EHP","MUL",1227949.58494596,1,0,0,0,2
"163348","Hiroshima","Office","CL5","ZoneC","EHP","MUL",32039.2049582137,0,0,0,1,2
"163349","Hiroshima","Office","CL5","ZoneC","EHP","MUL",96883.6699226966,1,0,1,0,2
"163350","Hiroshima","Office","CL5","ZoneC","EHP","MUL",65195.9733823927,1,0,0,1,2
"163352","Hiroshima","Office","CL5","ZoneC","EHP","MUL",40621.0369974278,1,0,1,1,2
"163394","Hiroshima","Office","CL5","ZoneC","GHP","MUL",110783.977543802,1,0,0,0,1
"163409","Hiroshima","Office","CL5","ZoneC","GHP","MUL",32220.2091239293,0,0,0,0,2
"163410","Hiroshima","Office","CL5","ZoneC","GHP","MUL",101273.335856295,1,0,0,0,2
"163458","Hiroshima","Office","CL5","ZoneC","ABCH","CAV",105564.918747936,1,0,0,0,1
"163474","Hiroshima","Office","CL5","ZoneC","ABCH","CAV",127204.63321187,1,0,0,0,2
"163521","Hiroshima","Office","CL5","ZoneC","ABCH","VAV",69481.7335788411,0,0,0,0,1
"163537","Hiroshima","Office","CL5","ZoneC","ABCH","VAV",83724.7689824432,0,0,0,0,2
"163777","Hiroshima","Office","CL5","ZoneC","ABCH","OHUFCU",67314.2859978332,0,0,0,0,1
"163793","Hiroshima","Office","CL5","ZoneC","ABCH","OHUFCU",81113.0171067432,0,0,0,0,2
"163841","Hiroshima","Office","CL5","ZoneC","AHP","CAV",47869.4180356719,0,0,0,0,1
"163842","Hiroshima","Office","CL5","ZoneC","AHP","CAV",101758.272474085,1,0,0,0,1
"163857","Hiroshima","Office","CL5","ZoneC","AHP","CAV",50537.1641639898,0,0,0,0,2
"163858","Hiroshima","Office","CL5","ZoneC","AHP","CAV",104423.37345997,1,0,0,0,2
"163905","Hiroshima","Office","CL5","ZoneC","AHP","VAV",50395.5863792679,0,0,0,0,1
"163906","Hiroshima","Office","CL5","ZoneC","AHP","VAV",48087.8061276717,1,0,0,0,1
"163921","Hiroshima","Office","CL5","ZoneC","AHP","VAV",55048.4375687908,0,0,0,0,2
"163922","Hiroshima","Office","CL5","ZoneC","AHP","VAV",46944.9795448127,1,0,0,0,2
"163994","Hiroshima","Office","CL5","ZoneC","AHP","FCU",58175.1163351345,1,1,0,0,2
"164161","Hiroshima","Office","CL5","ZoneC","AHP","OHUFCU",95411.2528255601,0,0,0,0,1
"164177","Hiroshima","Office","CL5","ZoneC","AHP","OHUFCU",98811.7839876719,0,0,0,0,2
"165377","Hiroshima","Office","CL5","ZoneC","AHP+TESICE","CAV",55191.9921444196,0,0,0,0,1
"165378","Hiroshima","Office","CL5","ZoneC","AHP+TESICE","CAV",52570.0225868856,1,0,0,0,1
"165393","Hiroshima","Office","CL5","ZoneC","AHP+TESICE","CAV",66505.7786263921,0,0,0,0,2
"165394","Hiroshima","Office","CL5","ZoneC","AHP+TESICE","CAV",63346.3324788023,1,0,0,0,2
"166145","Hiroshima","Office","CL6","ZoneC","EHP","MUL",109269.533142098,0,0,0,0,1
"166146","Hiroshima","Office","CL6","ZoneC","EHP","MUL",347791.34975356,1,0,0,0,1
"166149","Hiroshima","Office","CL6","ZoneC","EHP","MUL",48018.3151019155,1,0,1,0,1
"166150","Hiroshima","Office","CL6","ZoneC","EHP","MUL",32612.7924790397,1,0,0,1,1
"166152","Hiroshima","Office","CL6","ZoneC","EHP","MUL",29664.5828532077,1,0,1,1,1
"166161","Hiroshima","Office","CL6","ZoneC","EHP","MUL",131668.65516907,0,0,0,0,2
"166162","Hiroshima","Office","CL6","ZoneC","EHP","MUL",419084.972587333,1,0,0,0,2
"166165","Hiroshima","Office","CL6","ZoneC","EHP","MUL",57861.5721248833,1,0,1,0,2
"166166","Hiroshima","Office","CL6","ZoneC","EHP","MUL",39298.0769986354,1,0,0,1,2
"166168","Hiroshima","Office","CL6","ZoneC","EHP","MUL",35745.5149492944,1,0,1,1,2
"166210","Hiroshima","Office","CL6","ZoneC","GHP","MUL",44087.3333028567,1,0,0,0,1
"166226","Hiroshima","Office","CL6","ZoneC","GHP","MUL",53124.7797904358,1,0,0,0,2
"166274","Hiroshima","Office","CL6","ZoneC","ABCH","CAV",78468.8698158161,1,0,0,0,1
"166290","Hiroshima","Office","CL6","ZoneC","ABCH","CAV",88396.0486745619,1,0,0,0,2
"166337","Hiroshima","Office","CL6","ZoneC","ABCH","VAV",78806.4862356984,0,0,0,0,1
"166353","Hiroshima","Office","CL6","ZoneC","ABCH","VAV",88776.3773011278,0,0,0,0,2
"166593","Hiroshima","Office","CL6","ZoneC","ABCH","OHUFCU",68799.6915175828,0,0,0,0,1
"166609","Hiroshima","Office","CL6","ZoneC","ABCH","OHUFCU",77503.6125084764,0,0,0,0,2
"166658","Hiroshima","Office","CL6","ZoneC","AHP","CAV",94130.3612132419,1,0,0,0,1
"166674","Hiroshima","Office","CL6","ZoneC","AHP","CAV",106038.891742553,1,0,0,0,2
"166721","Hiroshima","Office","CL6","ZoneC","AHP","VAV",94535.3620196716,0,0,0,0,1
"166737","Hiroshima","Office","CL6","ZoneC","AHP","VAV",106495.129624944,0,0,0,0,2
"166977","Hiroshima","Office","CL6","ZoneC","AHP","OHUFCU",82531.3252135607,0,0,0,0,1
"166993","Hiroshima","Office","CL6","ZoneC","AHP","OHUFCU",92972.449557105,0,0,0,0,2
"167873","Hiroshima","Office","CL6","ZoneC","COM","VAV",67440.3734096624,0,0,0,0,1
"167889","Hiroshima","Office","CL6","ZoneC","COM","VAV",75972.3256438383,0,0,0,0,2
"168257","Hiroshima","Office","CL6","ZoneC","AHP+TESICE","VAV",132309.654047859,0,0,0,0,1
"168273","Hiroshima","Office","CL6","ZoneC","AHP+TESICE","VAV",53872.6975361184,0,0,0,0,2
"168274","Hiroshima","Office","CL6","ZoneC","AHP+TESICE","VAV",48973.1832769649,1,0,0,0,2
"168277","Hiroshima","Office","CL6","ZoneC","AHP+TESICE","VAV",46202.4060652836,1,0,1,0,2
"168657","Hiroshima","Office","CL6","ZoneC","COM+TESICE","VAV",54701.3142071637,0,0,0,0,2
"168961","Hiroshima","Office","CL7","ZoneC","EHP","MUL",42086.0368608613,0,0,0,0,1
"168962","Hiroshima","Office","CL7","ZoneC","EHP","MUL",138783.131489349,1,0,0,0,1
"168977","Hiroshima","Office","CL7","ZoneC","EHP","MUL",37051.1138903658,0,0,0,0,2
"168978","Hiroshima","Office","CL7","ZoneC","EHP","MUL",122179.943620575,1,0,0,0,2
"168981","Hiroshima","Office","CL7","ZoneC","EHP","MUL",28863.1675241018,1,0,1,0,2
"168984","Hiroshima","Office","CL7","ZoneC","EHP","MUL",29851.2486337305,1,0,1,1,2
"169026","Hiroshima","Office","CL7","ZoneC","GHP","MUL",16008.2530771689,1,0,0,0,1
"169042","Hiroshima","Office","CL7","ZoneC","GHP","MUL",19289.7790780886,1,0,0,0,2
"169157","Hiroshima","Office","CL7","ZoneC","ABCH","VAV",66318.7053468055,1,0,1,0,1
"169160","Hiroshima","Office","CL7","ZoneC","ABCH","VAV",84057.2356670909,1,0,1,1,1
"169173","Hiroshima","Office","CL7","ZoneC","ABCH","VAV",79913.3527386096,1,0,1,0,2
"169176","Hiroshima","Office","CL7","ZoneC","ABCH","VAV",101288.097965263,1,0,1,1,2
"169541","Hiroshima","Office","CL7","ZoneC","AHP","VAV",65159.6370983408,1,0,1,0,1
"169544","Hiroshima","Office","CL7","ZoneC","AHP","VAV",82588.1467817465,1,0,1,1,1
"169557","Hiroshima","Office","CL7","ZoneC","AHP","VAV",78516.6875096471,1,0,1,0,2
"169560","Hiroshima","Office","CL7","ZoneC","AHP","VAV",99517.8610813406,1,0,1,1,2
"170696","Hiroshima","Office","CL7","ZoneC","COM","VAV",75345.0078411823,1,0,1,1,1
"170712","Hiroshima","Office","CL7","ZoneC","COM","VAV",90789.9537124441,1,0,1,1,2
"171080","Hiroshima","Office","CL7","ZoneC","AHP+TESICE","VAV",102007.610046036,1,0,1,1,1
"171096","Hiroshima","Office","CL7","ZoneC","AHP+TESICE","VAV",122918.113087442,1,0,1,1,2
"171464","Hiroshima","Office","CL7","ZoneC","COM+TESICE","VAV",76640.6955568716,1,0,1,1,1
"171480","Hiroshima","Office","CL7","ZoneC","COM+TESICE","VAV",92351.243983741,1,0,1,1,2
"171810","Hiroshima","Office","CL8c","ZoneA","EHP","MUL",76451.8664676473,1,0,0,0,3
"171813","Hiroshima","Office","CL8c","ZoneA","EHP","MUL",33288.560869875,1,0,1,0,3
"171816","Hiroshima","Office","CL8c","ZoneA","EHP","MUL",50580.0017807439,1,0,1,1,3
"171874","Hiroshima","Office","CL8c","ZoneA","GHP","MUL",16781.4810021669,1,0,0,0,3
"172005","Hiroshima","Office","CL8c","ZoneA","ABCH","VAV",60899.6967552689,1,0,1,0,3
"172008","Hiroshima","Office","CL8c","ZoneA","ABCH","VAV",106688.586700588,1,0,1,1,3
"172264","Hiroshima","Office","CL8c","ZoneA","ABCH","OHUFCU",101634.218096536,1,0,1,1,3
"172389","Hiroshima","Office","CL8c","ZoneA","AHP","VAV",77114.4137318007,1,0,1,0,3
"172392","Hiroshima","Office","CL8c","ZoneA","AHP","VAV",140766.843836852,1,0,1,1,3
"173160","Hiroshima","Office","CL8c","ZoneA","AB","VAV",62619.1736490214,1,0,1,1,3
"173541","Hiroshima","Office","CL8c","ZoneA","COM","VAV",82444.1535424046,1,0,1,0,3
"173544","Hiroshima","Office","CL8c","ZoneA","COM","VAV",150495.902456421,1,0,1,1,3
"173925","Hiroshima","Office","CL8c","ZoneA","AHP+TESICE","VAV",79690.0195516701,1,0,1,0,3
"173928","Hiroshima","Office","CL8c","ZoneA","AHP+TESICE","VAV",145468.42794656,1,0,1,1,3
"174309","Hiroshima","Office","CL8c","ZoneA","COM+TESICE","VAV",60005.4371722293,1,0,1,0,3
"174312","Hiroshima","Office","CL8c","ZoneA","COM+TESICE","VAV",105121.95671487,1,0,1,1,3
"174504","Hiroshima","Office","CL8c","ZoneA","COM+TESICE","VAVFCU",84321.593749816,1,0,1,1,3
"174568","Hiroshima","Office","CL8c","ZoneA","COM+TESICE","OHUFCU",100141.807159536,1,0,1,1,3
"177410","Matsuyama","Office","CL1","ZoneC","EHP","MUL",84533.5753605771,1,0,0,0,1
"177426","Matsuyama","Office","CL1","ZoneC","EHP","MUL",57071.4349789851,1,0,0,0,2
"177474","Matsuyama","Office","CL1","ZoneC","GHP","MUL",14566.0709893693,1,0,0,0,1
"180225","Matsuyama","Office","CL2","ZoneC","EHP","MUL",313215.458457266,0,0,0,0,1
"180226","Matsuyama","Office","CL2","ZoneC","EHP","MUL",903062.778019859,1,0,0,0,1
"180241","Matsuyama","Office","CL2","ZoneC","EHP","MUL",180380.62021567,0,0,0,0,2
"180242","Matsuyama","Office","CL2","ZoneC","EHP","MUL",520073.385889837,1,0,0,0,2
"180289","Matsuyama","Office","CL2","ZoneC","GHP","MUL",38608.8286714195,0,0,0,0,1
"180290","Matsuyama","Office","CL2","ZoneC","GHP","MUL",111316.970905068,1,0,0,0,1
"180306","Matsuyama","Office","CL2","ZoneC","GHP","MUL",86342.1902837747,1,0,0,0,2
"183041","Matsuyama","Office","CL3","ZoneC","EHP","MUL",315391.44794057,0,0,0,0,1
"183042","Matsuyama","Office","CL3","ZoneC","EHP","MUL",933018.574484599,1,0,0,0,1
"183045","Matsuyama","Office","CL3","ZoneC","EHP","MUL",27948.3690999563,1,0,1,0,1
"183057","Matsuyama","Office","CL3","ZoneC","EHP","MUL",185700.037797351,0,0,0,0,2
"183058","Matsuyama","Office","CL3","ZoneC","EHP","MUL",549354.098466452,1,0,0,0,2
"183105","Matsuyama","Office","CL3","ZoneC","GHP","MUL",29997.2854474239,0,0,0,0,1
"183106","Matsuyama","Office","CL3","ZoneC","GHP","MUL",88740.594233985,1,0,0,0,1
"183122","Matsuyama","Office","CL3","ZoneC","GHP","MUL",68381.0833779403,1,0,0,0,2
"183553","Matsuyama","Office","CL3","ZoneC","AHP","CAV",50277.7309812568,0,0,0,0,1
"183554","Matsuyama","Office","CL3","ZoneC","AHP","CAV",52358.9936096423,1,0,0,0,1
"183570","Matsuyama","Office","CL3","ZoneC","AHP","CAV",59108.4365050175,1,0,0,0,2
"185857","Matsuyama","Office","CL4","ZoneC","EHP","MUL",294771.72046592,0,0,0,0,1
"185858","Matsuyama","Office","CL4","ZoneC","EHP","MUL",910961.976947461,1,0,0,0,1
"185861","Matsuyama","Office","CL4","ZoneC","EHP","MUL",41984.3721911503,1,0,1,0,1
"185862","Matsuyama","Office","CL4","ZoneC","EHP","MUL",27260.8233040055,1,0,0,1,1
"185873","Matsuyama","Office","CL4","ZoneC","EHP","MUL",179508.12082702,0,0,0,0,2
"185874","Matsuyama","Office","CL4","ZoneC","EHP","MUL",554751.562898353,1,0,0,0,2
"185922","Matsuyama","Office","CL4","ZoneC","GHP","MUL",90928.604149595,1,0,0,0,1
"185938","Matsuyama","Office","CL4","ZoneC","GHP","MUL",52365.7360100791,1,0,0,0,2
"185985","Matsuyama","Office","CL4","ZoneC","ABCH","CAV",41168.2825859707,0,0,0,0,1
"185986","Matsuyama","Office","CL4","ZoneC","ABCH","CAV",41322.8696894115,1,0,0,0,1
"186369","Matsuyama","Office","CL4","ZoneC","AHP","CAV",69616.9575537172,0,0,0,0,1
"186370","Matsuyama","Office","CL4","ZoneC","AHP","CAV",69878.3695714791,1,0,0,0,1
"186385","Matsuyama","Office","CL4","ZoneC","AHP","CAV",63801.1623869621,0,0,0,0,2
"186386","Matsuyama","Office","CL4","ZoneC","AHP","CAV",64040.7360652898,1,0,0,0,2
"188673","Matsuyama","Office","CL5","ZoneC","EHP","MUL",235080.212651308,0,0,0,0,1
"188674","Matsuyama","Office","CL5","ZoneC","EHP","MUL",742659.478255141,1,0,0,0,1
"188677","Matsuyama","Office","CL5","ZoneC","EHP","MUL",58129.2571755526,1,0,1,0,1
"188678","Matsuyama","Office","CL5","ZoneC","EHP","MUL",40036.1055805096,1,0,0,1,1
"188689","Matsuyama","Office","CL5","ZoneC","EHP","MUL",276857.11270032,0,0,0,0,2
"188690","Matsuyama","Office","CL5","ZoneC","EHP","MUL",874640.007129075,1,0,0,0,2
"188693","Matsuyama","Office","CL5","ZoneC","EHP","MUL",68459.6041645973,1,0,1,0,2
"188694","Matsuyama","Office","CL5","ZoneC","EHP","MUL",47151.0573764297,1,0,0,1,2
"188696","Matsuyama","Office","CL5","ZoneC","EHP","MUL",29346.6596046748,1,0,1,1,2
"188738","Matsuyama","Office","CL5","ZoneC","GHP","MUL",69832.2052396182,1,0,0,0,1
"188754","Matsuyama","Office","CL5","ZoneC","GHP","MUL",84147.0837020403,1,0,0,0,2
"188801","Matsuyama","Office","CL5","ZoneC","ABCH","CAV",84397.464758613,0,0,0,0,1
"188802","Matsuyama","Office","CL5","ZoneC","ABCH","CAV",81008.0455884268,1,0,0,0,1
"188817","Matsuyama","Office","CL5","ZoneC","ABCH","CAV",80980.0038137974,0,0,0,0,2
"188818","Matsuyama","Office","CL5","ZoneC","ABCH","CAV",77727.8305629394,1,0,0,0,2
"188821","Matsuyama","Office","CL5","ZoneC","ABCH","CAV",40604.0916349402,1,0,1,0,2
"189186","Matsuyama","Office","CL5","ZoneC","AHP","CAV",105614.884589448,1,0,0,0,1
"189202","Matsuyama","Office","CL5","ZoneC","AHP","CAV",127264.841533138,1,0,0,0,2
"189249","Matsuyama","Office","CL5","ZoneC","AHP","VAV",70500.6714425587,0,0,0,0,1
"189265","Matsuyama","Office","CL5","ZoneC","AHP","VAV",84952.5785498374,0,0,0,0,2
"189505","Matsuyama","Office","CL5","ZoneC","AHP","OHUFCU",68621.8468451664,0,0,0,0,1
"189521","Matsuyama","Office","CL5","ZoneC","AHP","OHUFCU",82688.6143786394,0,0,0,0,2
"190721","Matsuyama","Office","CL5","ZoneC","AHP+TESICE","CAV",74774.7704876186,0,0,0,0,1
"190737","Matsuyama","Office","CL5","ZoneC","AHP+TESICE","CAV",90102.8236102842,0,0,0,0,2
"191489","Matsuyama","Office","CL6","ZoneC","EHP","MUL",74097.2462278278,0,0,0,0,1
"191490","Matsuyama","Office","CL6","ZoneC","EHP","MUL",246148.119756116,1,0,0,0,1
"191493","Matsuyama","Office","CL6","ZoneC","EHP","MUL",32384.1436871555,1,0,1,0,1
"191494","Matsuyama","Office","CL6","ZoneC","EHP","MUL",27339.6017092693,1,0,0,1,1
"191505","Matsuyama","Office","CL6","ZoneC","EHP","MUL",83707.4824453965,0,0,0,0,2
"191506","Matsuyama","Office","CL6","ZoneC","EHP","MUL",278072.944169878,1,0,0,0,2
"191509","Matsuyama","Office","CL6","ZoneC","EHP","MUL",36584.2899325415,1,0,1,0,2
"191510","Matsuyama","Office","CL6","ZoneC","EHP","MUL",30885.4828842926,1,0,0,1,2
"191512","Matsuyama","Office","CL6","ZoneC","EHP","MUL",28608.6424847753,1,0,1,1,2
"191554","Matsuyama","Office","CL6","ZoneC","GHP","MUL",27287.1143478948,1,0,0,0,1
"191570","Matsuyama","Office","CL6","ZoneC","GHP","MUL",32880.6900360748,1,0,0,0,2
"191681","Matsuyama","Office","CL6","ZoneC","ABCH","VAV",119596.101294635,0,0,0,0,1
"191697","Matsuyama","Office","CL6","ZoneC","ABCH","VAV",74329.0620258505,0,0,0,0,2
"191698","Matsuyama","Office","CL6","ZoneC","ABCH","VAV",69783.0007615905,1,0,0,0,2
"192018","Matsuyama","Office","CL6","ZoneC","AHP","CAV",102959.956797969,1,0,0,0,2
"192065","Matsuyama","Office","CL6","ZoneC","AHP","VAV",48778.4979345914,0,0,0,0,1
"192066","Matsuyama","Office","CL6","ZoneC","AHP","VAV",45795.1421119106,1,0,0,0,1
"192069","Matsuyama","Office","CL6","ZoneC","AHP","VAV",39831.3801509027,1,0,1,0,1
"192072","Matsuyama","Office","CL6","ZoneC","AHP","VAV",39808.7575773511,1,0,1,1,1
"192081","Matsuyama","Office","CL6","ZoneC","AHP","VAV",106965.840191528,0,0,0,0,2
"193601","Matsuyama","Office","CL6","ZoneC","AHP+TESICE","VAV",79768.2008960991,0,0,0,0,1
"193617","Matsuyama","Office","CL6","ZoneC","AHP+TESICE","VAV",96119.8555098346,0,0,0,0,2
"194306","Matsuyama","Office","CL7","ZoneC","EHP","MUL",95658.8960194624,1,0,0,0,1
"194322","Matsuyama","Office","CL7","ZoneC","EHP","MUL",115267.97847174,1,0,0,0,2
"194370","Matsuyama","Office","CL7","ZoneC","GHP","MUL",8559.84086455659,1,0,0,0,1
"194386","Matsuyama","Office","CL7","ZoneC","GHP","MUL",10314.5195434462,1,0,0,0,2
"194504","Matsuyama","Office","CL7","ZoneC","ABCH","VAV",111422.808346323,1,0,1,1,1
"194517","Matsuyama","Office","CL7","ZoneC","ABCH","VAV",59255.0393774576,1,0,1,0,2
"194520","Matsuyama","Office","CL7","ZoneC","ABCH","VAV",75008.2901001454,1,0,1,1,2
"194888","Matsuyama","Office","CL7","ZoneC","AHP","VAV",108969.615713872,1,0,1,1,1
"194901","Matsuyama","Office","CL7","ZoneC","AHP","VAV",57950.422951128,1,0,1,0,2
"194904","Matsuyama","Office","CL7","ZoneC","AHP","VAV",73356.8348247184,1,0,1,1,2
"196424","Matsuyama","Office","CL7","ZoneC","AHP+TESICE","VAV",75661.1820362589,1,0,1,1,1
"196440","Matsuyama","Office","CL7","ZoneC","AHP+TESICE","VAV",91170.9403412675,1,0,1,1,2
"197154","Matsuyama","Office","CL8c","ZoneA","EHP","MUL",31735.2705304529,1,0,0,0,3
"199653","Matsuyama","Office","CL8c","ZoneA","COM+TESICE","VAV",57692.5269780813,1,0,1,0,3
"199656","Matsuyama","Office","CL8c","ZoneA","COM+TESICE","VAV",100576.42366918,1,0,1,1,3
"199912","Matsuyama","Office","CL8c","ZoneA","COM+TESICE","OHUFCU",100851.400322411,1,0,1,1,3
"202753","Fukuoka","Office","CL1","ZoneC","EHP","MUL",26827.0525759317,0,0,0,0,1
"202754","Fukuoka","Office","CL1","ZoneC","EHP","MUL",75402.9695293977,1,0,0,0,1
"202770","Fukuoka","Office","CL1","ZoneC","EHP","MUL",58874.2167543332,1,0,0,0,2
"202818","Fukuoka","Office","CL1","ZoneC","GHP","MUL",15279.4357387541,1,0,0,0,1
"202834","Fukuoka","Office","CL1","ZoneC","GHP","MUL",8799.4191240659,1,0,0,0,2
"205569","Fukuoka","Office","CL2","ZoneC","EHP","MUL",1147970.30193504,0,0,0,0,1
"205570","Fukuoka","Office","CL2","ZoneC","EHP","MUL",3324220.01443484,1,0,0,0,1
"205572","Fukuoka","Office","CL2","ZoneC","EHP","MUL",61300.924629896,0,0,0,1,1
"205573","Fukuoka","Office","CL2","ZoneC","EHP","MUL",59751.2930763292,1,0,1,0,1
"205574","Fukuoka","Office","CL2","ZoneC","EHP","MUL",30427.9991413553,1,0,0,1,1
"205585","Fukuoka","Office","CL2","ZoneC","EHP","MUL",665495.070851216,0,0,0,0,2
"205586","Fukuoka","Office","CL2","ZoneC","EHP","MUL",1927098.66300752,1,0,0,0,2
"205588","Fukuoka","Office","CL2","ZoneC","EHP","MUL",35537.0370740882,0,0,0,1,2
"205589","Fukuoka","Office","CL2","ZoneC","EHP","MUL",34638.6931371449,1,0,1,0,2
"205633","Fukuoka","Office","CL2","ZoneC","GHP","MUL",130506.395863106,0,0,0,0,1
"205634","Fukuoka","Office","CL2","ZoneC","GHP","MUL",377912.191986692,1,0,0,0,1
"205649","Fukuoka","Office","CL2","ZoneC","GHP","MUL",75158.565748474,0,0,0,0,2
"205650","Fukuoka","Office","CL2","ZoneC","GHP","MUL",217639.435529084,1,0,0,0,2
"206081","Fukuoka","Office","CL2","ZoneC","AHP","CAV",55726.8709944593,0,0,0,0,1
"206082","Fukuoka","Office","CL2","ZoneC","AHP","CAV",62735.2335645716,1,0,0,0,1
"206098","Fukuoka","Office","CL2","ZoneC","AHP","CAV",68222.2646278708,1,0,0,0,2
"208385","Fukuoka","Office","CL3","ZoneC","EHP","MUL",1129823.68455788,0,0,0,0,1
"208386","Fukuoka","Office","CL3","ZoneC","EHP","MUL",3410732.45821006,1,0,0,0,1
"208388","Fukuoka","Office","CL3","ZoneC","EHP","MUL",73848.8918959829,0,0,0,1,1
"208389","Fukuoka","Office","CL3","ZoneC","EHP","MUL",98405.3125646268,1,0,1,0,1
"208390","Fukuoka","Office","CL3","ZoneC","EHP","MUL",59272.7268582519,1,0,0,1,1
"208401","Fukuoka","Office","CL3","ZoneC","EHP","MUL",650664.874456403,0,0,0,0,2
"208402","Fukuoka","Office","CL3","ZoneC","EHP","MUL",1964239.05522398,1,0,0,0,2
"208404","Fukuoka","Office","CL3","ZoneC","EHP","MUL",42529.5385740189,0,0,0,1,2
"208405","Fukuoka","Office","CL3","ZoneC","EHP","MUL",56671.5685118267,1,0,1,0,2
"208406","Fukuoka","Office","CL3","ZoneC","EHP","MUL",34135.1326822337,1,0,0,1,2
"208449","Fukuoka","Office","CL3","ZoneC","GHP","MUL",96955.4747604658,0,0,0,0,1
"208450","Fukuoka","Office","CL3","ZoneC","GHP","MUL",292690.965224449,1,0,0,0,1
"208465","Fukuoka","Office","CL3","ZoneC","GHP","MUL",55836.6076717239,0,0,0,0,2
"208466","Fukuoka","Office","CL3","ZoneC","GHP","MUL",168560.575198788,1,0,0,0,2
"208513","Fukuoka","Office","CL3","ZoneC","ABCH","CAV",48219.895334993,0,0,0,0,1
"208514","Fukuoka","Office","CL3","ZoneC","ABCH","CAV",52526.4181813162,1,0,0,0,1
"208530","Fukuoka","Office","CL3","ZoneC","ABCH","CAV",58019.749746782,1,0,0,0,2
"208897","Fukuoka","Office","CL3","ZoneC","AHP","CAV",97353.205633592,0,0,0,0,1
"208898","Fukuoka","Office","CL3","ZoneC","AHP","CAV",106047.828492294,1,0,0,0,1
"208913","Fukuoka","Office","CL3","ZoneC","AHP","CAV",56065.6606754511,0,0,0,0,2
"208914","Fukuoka","Office","CL3","ZoneC","AHP","CAV",61072.8894741793,1,0,0,0,2
"211201","Fukuoka","Office","CL4","ZoneC","EHP","MUL",1113295.98740534,0,0,0,0,1
"211202","Fukuoka","Office","CL4","ZoneC","EHP","MUL",3420077.94284059,1,0,0,0,1
"211204","Fukuoka","Office","CL4","ZoneC","EHP","MUL",80504.4391243046,0,0,0,1,1
"211205","Fukuoka","Office","CL4","ZoneC","EHP","MUL",159053.794549414,1,0,1,0,1
"211206","Fukuoka","Office","CL4","ZoneC","EHP","MUL",100247.923686993,1,0,0,1,1
"211208","Fukuoka","Office","CL4","ZoneC","EHP","MUL",43354.4907835544,1,0,1,1,1
"211217","Fukuoka","Office","CL4","ZoneC","EHP","MUL",646850.574919661,0,0,0,0,2
"211218","Fukuoka","Office","CL4","ZoneC","EHP","MUL",1987143.94790234,1,0,0,0,2
"211220","Fukuoka","Office","CL4","ZoneC","EHP","MUL",46774.930764375,0,0,0,1,2
"211221","Fukuoka","Office","CL4","ZoneC","EHP","MUL",92413.9129318382,1,0,1,0,2
"211222","Fukuoka","Office","CL4","ZoneC","EHP","MUL",58246.3494030578,1,0,0,1,2
"211265","Fukuoka","Office","CL4","ZoneC","GHP","MUL",82608.9456708928,0,0,0,0,1
"211266","Fukuoka","Office","CL4","ZoneC","GHP","MUL",253777.105250153,1,0,0,0,1
"211281","Fukuoka","Office","CL4","ZoneC","GHP","MUL",47574.4490034845,0,0,0,0,2
"211282","Fukuoka","Office","CL4","ZoneC","GHP","MUL",146150.103404955,1,0,0,0,2
"211329","Fukuoka","Office","CL4","ZoneC","ABCH","CAV",93011.3835399125,0,0,0,0,1
"211330","Fukuoka","Office","CL4","ZoneC","ABCH","CAV",95959.6196670449,1,0,0,0,1
"211338","Fukuoka","Office","CL4","ZoneC","ABCH","CAV",35824.4876857024,1,1,0,0,1
"211345","Fukuoka","Office","CL4","ZoneC","ABCH","CAV",72077.893727647,0,0,0,0,2
"211346","Fukuoka","Office","CL4","ZoneC","ABCH","CAV",74362.5888065484,1,0,0,0,2
"211713","Fukuoka","Office","CL4","ZoneC","AHP","CAV",57075.8002210261,0,0,0,0,1
"211714","Fukuoka","Office","CL4","ZoneC","AHP","CAV",124102.807591402,1,0,0,0,1
"211722","Fukuoka","Office","CL4","ZoneC","AHP","CAV",47888.6451835789,1,1,0,0,1
"211729","Fukuoka","Office","CL4","ZoneC","AHP","CAV",67480.9462775961,0,0,0,0,2
"211730","Fukuoka","Office","CL4","ZoneC","AHP","CAV",85759.8471421123,1,0,0,0,2
"211738","Fukuoka","Office","CL4","ZoneC","AHP","CAV",34693.0101115428,1,1,0,0,2
"211777","Fukuoka","Office","CL4","ZoneC","AHP","VAV",50199.9705066077,0,0,0,0,1
"211778","Fukuoka","Office","CL4","ZoneC","AHP","VAV",43160.9194604757,1,0,0,0,1
"211793","Fukuoka","Office","CL4","ZoneC","AHP","VAV",76596.1390076236,0,0,0,0,2
"212033","Fukuoka","Office","CL4","ZoneC","AHP","OHUFCU",83642.2090309207,0,0,0,0,1
"213249","Fukuoka","Office","CL4","ZoneC","AHP+TESICE","CAV",40729.000496464,0,0,0,0,1
"213250","Fukuoka","Office","CL4","ZoneC","AHP+TESICE","CAV",42020.0114041143,1,0,0,0,1
"214017","Fukuoka","Office","CL5","ZoneC","EHP","MUL",784108.115985314,0,0,0,0,1
"214018","Fukuoka","Office","CL5","ZoneC","EHP","MUL",2470804.92051823,1,0,0,0,1
"214020","Fukuoka","Office","CL5","ZoneC","EHP","MUL",64973.4173553873,0,0,0,1,1
"214021","Fukuoka","Office","CL5","ZoneC","EHP","MUL",192744.509703756,1,0,1,0,1
"214022","Fukuoka","Office","CL5","ZoneC","EHP","MUL",131567.783352146,1,0,0,1,1
"214024","Fukuoka","Office","CL5","ZoneC","EHP","MUL",81642.2345436922,1,0,1,1,1
"214033","Fukuoka","Office","CL5","ZoneC","EHP","MUL",944842.154717356,0,0,0,0,2
"214034","Fukuoka","Office","CL5","ZoneC","EHP","MUL",2977294.32637629,1,0,0,0,2
"214036","Fukuoka","Office","CL5","ZoneC","EHP","MUL",78292.2946490249,0,0,0,1,2
"214037","Fukuoka","Office","CL5","ZoneC","EHP","MUL",232255.136945742,1,0,1,0,2
"214038","Fukuoka","Office","CL5","ZoneC","EHP","MUL",158537.815614392,1,0,0,1,2
"214040","Fukuoka","Office","CL5","ZoneC","EHP","MUL",98378.0466361689,1,0,1,1,2
"214081","Fukuoka","Office","CL5","ZoneC","GHP","MUL",53451.0493742484,0,0,0,0,1
"214082","Fukuoka","Office","CL5","ZoneC","GHP","MUL",168429.726855715,1,0,0,0,1
"214097","Fukuoka","Office","CL5","ZoneC","GHP","MUL",64407.960628244,0,0,0,0,2
"214098","Fukuoka","Office","CL5","ZoneC","GHP","MUL",202956.075567249,1,0,0,0,2
"214145","Fukuoka","Office","CL5","ZoneC","ABCH","CAV",43684.704283827,0,0,0,0,1
"214146","Fukuoka","Office","CL5","ZoneC","ABCH","CAV",93141.29834272,1,0,0,0,1
"214154","Fukuoka","Office","CL5","ZoneC","ABCH","CAV",40350.9805342339,1,1,0,0,1
"214161","Fukuoka","Office","CL5","ZoneC","ABCH","CAV",60260.5541904557,0,0,0,0,2
"214162","Fukuoka","Office","CL5","ZoneC","ABCH","CAV",125099.351158587,1,0,0,0,2
"214209","Fukuoka","Office","CL5","ZoneC","ABCH","VAV",60223.3652984982,0,0,0,0,1
"214210","Fukuoka","Office","CL5","ZoneC","ABCH","VAV",56922.4593494491,1,0,0,0,1
"214225","Fukuoka","Office","CL5","ZoneC","ABCH","VAV",66217.141650768,0,0,0,0,2
"214226","Fukuoka","Office","CL5","ZoneC","ABCH","VAV",56339.0650381923,1,0,0,0,2
"214298","Fukuoka","Office","CL5","ZoneC","ABCH","FCU",62096.8332125027,1,1,0,0,2
"214465","Fukuoka","Office","CL5","ZoneC","ABCH","OHUFCU",96703.809306377,0,0,0,0,1
"214481","Fukuoka","Office","CL5","ZoneC","ABCH","OHUFCU",101170.076497215,0,0,0,0,2
"214529","Fukuoka","Office","CL5","ZoneC","AHP","CAV",66641.9943854523,0,0,0,0,1
"214530","Fukuoka","Office","CL5","ZoneC","AHP","CAV",138347.055873156,1,0,0,0,1
"214538","Fukuoka","Office","CL5","ZoneC","AHP","CAV",47332.4015729323,1,1,0,0,1
"214545","Fukuoka","Office","CL5","ZoneC","AHP","CAV",65147.6420988467,0,0,0,0,2
"214546","Fukuoka","Office","CL5","ZoneC","AHP","CAV",135244.819194982,1,0,0,0,2
"214549","Fukuoka","Office","CL5","ZoneC","AHP","CAV",35594.6717644508,1,0,1,0,2
"214554","Fukuoka","Office","CL5","ZoneC","AHP","CAV",46271.039541779,1,1,0,0,2
"214593","Fukuoka","Office","CL5","ZoneC","AHP","VAV",90138.1843392423,0,0,0,0,1
"214594","Fukuoka","Office","CL5","ZoneC","AHP","VAV",76691.6375928202,1,0,0,0,1
"214609","Fukuoka","Office","CL5","ZoneC","AHP","VAV",82346.9981133446,0,0,0,0,2
"214610","Fukuoka","Office","CL5","ZoneC","AHP","VAV",65618.9785874981,1,0,0,0,2
"214613","Fukuoka","Office","CL5","ZoneC","AHP","VAV",38657.39730057,1,0,1,0,2
"214666","Fukuoka","Office","CL5","ZoneC","AHP","FCU",84529.4082386116,1,1,0,0,1
"214674","Fukuoka","Office","CL5","ZoneC","AHP","FCU",41116.9966290801,1,0,0,0,2
"214682","Fukuoka","Office","CL5","ZoneC","AHP","FCU",53441.4173591371,1,1,0,0,2
"214738","Fukuoka","Office","CL5","ZoneC","AHP","CAVFCU",55381.2229347212,1,0,0,0,2
"214849","Fukuoka","Office","CL5","ZoneC","AHP","OHUFCU",90685.3486055296,0,0,0,0,1
"214853","Fukuoka","Office","CL5","ZoneC","AHP","OHUFCU",47032.5712197734,1,0,1,0,1
"214865","Fukuoka","Office","CL5","ZoneC","AHP","OHUFCU",82926.7657652453,0,0,0,0,2
"214869","Fukuoka","Office","CL5","ZoneC","AHP","OHUFCU",42942.0962885535,1,0,1,0,2
"214872","Fukuoka","Office","CL5","ZoneC","AHP","OHUFCU",28188.6233562162,1,0,1,1,2
"215681","Fukuoka","Office","CL5","ZoneC","COM","CAV",72666.5452321642,0,0,0,0,1
"215697","Fukuoka","Office","CL5","ZoneC","COM","CAV",87562.4340232054,0,0,0,0,2
"216065","Fukuoka","Office","CL5","ZoneC","AHP+TESICE","CAV",90901.1279777342,0,0,0,0,1
"216066","Fukuoka","Office","CL5","ZoneC","AHP+TESICE","CAV",90149.473494821,1,0,0,0,1
"216081","Fukuoka","Office","CL5","ZoneC","AHP+TESICE","CAV",58073.4274775501,0,0,0,0,2
"216082","Fukuoka","Office","CL5","ZoneC","AHP+TESICE","CAV",73257.3964217055,1,0,0,0,2
"216145","Fukuoka","Office","CL5","ZoneC","AHP+TESICE","VAV",86833.2748019052,0,0,0,0,2
"216833","Fukuoka","Office","CL6","ZoneC","EHP","MUL",324191.1724811,0,0,0,0,1
"216834","Fukuoka","Office","CL6","ZoneC","EHP","MUL",1050016.70311953,1,0,0,0,1
"216836","Fukuoka","Office","CL6","ZoneC","EHP","MUL",31130.7992405658,0,0,0,1,1
"216837","Fukuoka","Office","CL6","ZoneC","EHP","MUL",144659.539419414,1,0,1,0,1
"216838","Fukuoka","Office","CL6","ZoneC","EHP","MUL",107350.919891259,1,0,0,1,1
"216840","Fukuoka","Office","CL6","ZoneC","EHP","MUL",99402.7852126134,1,0,1,1,1
"216849","Fukuoka","Office","CL6","ZoneC","EHP","MUL",390647.003522567,0,0,0,0,2
"216850","Fukuoka","Office","CL6","ZoneC","EHP","MUL",1265259.24682974,1,0,0,0,2
"216852","Fukuoka","Office","CL6","ZoneC","EHP","MUL",37512.2905029087,0,0,0,1,2
"216853","Fukuoka","Office","CL6","ZoneC","EHP","MUL",174313.246016725,1,0,1,0,2
"216854","Fukuoka","Office","CL6","ZoneC","EHP","MUL",129356.746082765,1,0,0,1,2
"216856","Fukuoka","Office","CL6","ZoneC","EHP","MUL",119779.326154751,1,0,1,1,2
"216898","Fukuoka","Office","CL6","ZoneC","GHP","MUL",113434.015398006,1,0,0,0,1
"216913","Fukuoka","Office","CL6","ZoneC","GHP","MUL",32245.9643839518,0,0,0,0,2
"216914","Fukuoka","Office","CL6","ZoneC","GHP","MUL",104440.848750503,1,0,0,0,2
"216962","Fukuoka","Office","CL6","ZoneC","ABCH","CAV",159521.356609787,1,0,0,0,1
"216978","Fukuoka","Office","CL6","ZoneC","ABCH","CAV",168268.703811076,1,0,0,0,2
"217025","Fukuoka","Office","CL6","ZoneC","ABCH","VAV",59865.7881501782,0,0,0,0,1
"217026","Fukuoka","Office","CL6","ZoneC","ABCH","VAV",57661.8403815805,1,0,0,0,1
"217029","Fukuoka","Office","CL6","ZoneC","ABCH","VAV",48966.7781600956,1,0,1,0,1
"217041","Fukuoka","Office","CL6","ZoneC","ABCH","VAV",51665.4107078431,0,0,0,0,2
"217042","Fukuoka","Office","CL6","ZoneC","ABCH","VAV",44906.0134370179,1,0,0,0,2
"217045","Fukuoka","Office","CL6","ZoneC","ABCH","VAV",42956.2360643853,1,0,1,0,2
"217048","Fukuoka","Office","CL6","ZoneC","ABCH","VAV",36096.4606058948,1,0,1,1,2
"217114","Fukuoka","Office","CL6","ZoneC","ABCH","FCU",67253.4506041989,1,1,0,0,2
"217281","Fukuoka","Office","CL6","ZoneC","ABCH","OHUFCU",44555.4935928995,0,0,0,0,1
"217285","Fukuoka","Office","CL6","ZoneC","ABCH","OHUFCU",37936.8703083876,1,0,1,0,1
"217288","Fukuoka","Office","CL6","ZoneC","ABCH","OHUFCU",39386.347650674,1,0,1,1,1
"217297","Fukuoka","Office","CL6","ZoneC","ABCH","OHUFCU",46469.1372396265,0,0,0,0,2
"217301","Fukuoka","Office","CL6","ZoneC","ABCH","OHUFCU",40102.0453411828,1,0,1,0,2
"217304","Fukuoka","Office","CL6","ZoneC","ABCH","OHUFCU",41990.7432381831,1,0,1,1,2
"217345","Fukuoka","Office","CL6","ZoneC","AHP","CAV",49961.5256246433,0,0,0,0,1
"217346","Fukuoka","Office","CL6","ZoneC","AHP","CAV",102785.781252819,1,0,0,0,1
"217349","Fukuoka","Office","CL6","ZoneC","AHP","CAV",47819.942997696,1,0,1,0,1
"217361","Fukuoka","Office","CL6","ZoneC","AHP","CAV",40870.565080008,0,0,0,0,2
"217362","Fukuoka","Office","CL6","ZoneC","AHP","CAV",90503.7257194913,1,0,0,0,2
"217365","Fukuoka","Office","CL6","ZoneC","AHP","CAV",39797.9806819526,1,0,1,0,2
"217370","Fukuoka","Office","CL6","ZoneC","AHP","CAV",37959.2094728227,1,1,0,0,2
"217409","Fukuoka","Office","CL6","ZoneC","AHP","VAV",61582.39235608,0,0,0,0,1
"217410","Fukuoka","Office","CL6","ZoneC","AHP","VAV",53525.5541519585,1,0,0,0,1
"217413","Fukuoka","Office","CL6","ZoneC","AHP","VAV",51201.5243315541,1,0,1,0,1
"217416","Fukuoka","Office","CL6","ZoneC","AHP","VAV",43025.0407234359,1,0,1,1,1
"217425","Fukuoka","Office","CL6","ZoneC","AHP","VAV",65269.6359389642,0,0,0,0,2
"217426","Fukuoka","Office","CL6","ZoneC","AHP","VAV",53108.0699825094,1,0,0,0,2
"217429","Fukuoka","Office","CL6","ZoneC","AHP","VAV",53883.9715540404,1,0,1,0,2
"217432","Fukuoka","Office","CL6","ZoneC","AHP","VAV",46011.4276563826,1,0,1,1,2
"217482","Fukuoka","Office","CL6","ZoneC","AHP","FCU",80162.4979975102,1,1,0,0,1
"217498","Fukuoka","Office","CL6","ZoneC","AHP","FCU",83585.4404627293,1,1,0,0,2
"217554","Fukuoka","Office","CL6","ZoneC","AHP","CAVFCU",53148.6465487712,1,0,0,0,2
"217617","Fukuoka","Office","CL6","ZoneC","AHP","VAVFCU",51252.7605182859,0,0,0,0,2
"217665","Fukuoka","Office","CL6","ZoneC","AHP","OHUFCU",55388.7137009595,0,0,0,0,1
"217669","Fukuoka","Office","CL6","ZoneC","AHP","OHUFCU",47799.4824128463,1,0,1,0,1
"217672","Fukuoka","Office","CL6","ZoneC","AHP","OHUFCU",50050.7087815457,1,0,1,1,1
"217681","Fukuoka","Office","CL6","ZoneC","AHP","OHUFCU",57314.4564771821,0,0,0,0,2
"217685","Fukuoka","Office","CL6","ZoneC","AHP","OHUFCU",49374.9968845987,1,0,1,0,2
"217688","Fukuoka","Office","CL6","ZoneC","AHP","OHUFCU",53092.7600380814,1,0,1,1,2
"218561","Fukuoka","Office","CL6","ZoneC","COM","VAV",54294.7607556214,0,0,0,0,1
"218562","Fukuoka","Office","CL6","ZoneC","COM","VAV",51592.6369188047,1,0,0,0,1
"218565","Fukuoka","Office","CL6","ZoneC","COM","VAV",46461.8325292988,1,0,1,0,1
"218577","Fukuoka","Office","CL6","ZoneC","COM","VAV",51955.5205795986,0,0,0,0,2
"218578","Fukuoka","Office","CL6","ZoneC","COM","VAV",49369.8152802561,1,0,0,0,2
"218581","Fukuoka","Office","CL6","ZoneC","COM","VAV",44460.0669115559,1,0,1,0,2
"218584","Fukuoka","Office","CL6","ZoneC","COM","VAV",37793.8409586892,1,0,1,1,2
"218882","Fukuoka","Office","CL6","ZoneC","AHP+TESICE","CAV",100540.932530741,1,0,0,0,1
"218898","Fukuoka","Office","CL6","ZoneC","AHP+TESICE","CAV",121150.781879442,1,0,0,0,2
"218945","Fukuoka","Office","CL6","ZoneC","AHP+TESICE","VAV",104935.810888938,0,0,0,0,1
"218961","Fukuoka","Office","CL6","ZoneC","AHP+TESICE","VAV",64408.8828546003,0,0,0,0,2
"218962","Fukuoka","Office","CL6","ZoneC","AHP+TESICE","VAV",62037.681906086,1,0,0,0,2
"219201","Fukuoka","Office","CL6","ZoneC","AHP+TESICE","OHUFCU",76816.0425381408,0,0,0,0,1
"219217","Fukuoka","Office","CL6","ZoneC","AHP+TESICE","OHUFCU",92562.535279199,0,0,0,0,2
"219329","Fukuoka","Office","CL6","ZoneC","COM+TESICE","VAV",108631.685879006,0,0,0,0,1
"219345","Fukuoka","Office","CL6","ZoneC","COM+TESICE","VAV",130900.055826512,0,0,0,0,2
"219649","Fukuoka","Office","CL7","ZoneC","EHP","MUL",152573.220245754,0,0,0,0,1
"219650","Fukuoka","Office","CL7","ZoneC","EHP","MUL",498598.302624376,1,0,0,0,1
"219653","Fukuoka","Office","CL7","ZoneC","EHP","MUL",107159.17639744,1,0,1,0,1
"219654","Fukuoka","Office","CL7","ZoneC","EHP","MUL",78457.3393220944,1,0,0,1,1
"219656","Fukuoka","Office","CL7","ZoneC","EHP","MUL",97568.3891713138,1,0,1,1,1
"219665","Fukuoka","Office","CL7","ZoneC","EHP","MUL",183849.149409728,0,0,0,0,2
"219666","Fukuoka","Office","CL7","ZoneC","EHP","MUL",600805.788112583,1,0,0,0,2
"219669","Fukuoka","Office","CL7","ZoneC","EHP","MUL",129125.697159586,1,0,1,0,2
"219670","Fukuoka","Office","CL7","ZoneC","EHP","MUL",94540.2808965016,1,0,0,1,2
"219672","Fukuoka","Office","CL7","ZoneC","EHP","MUL",117568.897933269,1,0,1,1,2
"219714","Fukuoka","Office","CL7","ZoneC","GHP","MUL",66005.3676462343,1,0,0,0,1
"219730","Fukuoka","Office","CL7","ZoneC","GHP","MUL",79535.784056273,1,0,0,0,2
"219778","Fukuoka","Office","CL7","ZoneC","ABCH","CAV",124927.911797686,1,0,0,0,1
"219794","Fukuoka","Office","CL7","ZoneC","ABCH","CAV",150536.839194604,1,0,0,0,2
"219841","Fukuoka","Office","CL7","ZoneC","ABCH","VAV",39308.2433357068,0,0,0,0,1
"219842","Fukuoka","Office","CL7","ZoneC","ABCH","VAV",37740.0853411133,1,0,0,0,1
"219845","Fukuoka","Office","CL7","ZoneC","ABCH","VAV",49913.1213333966,1,0,1,0,1
"219848","Fukuoka","Office","CL7","ZoneC","ABCH","VAV",54955.068592169,1,0,1,1,1
"219857","Fukuoka","Office","CL7","ZoneC","ABCH","VAV",47366.025901661,0,0,0,0,2
"219858","Fukuoka","Office","CL7","ZoneC","ABCH","VAV",45476.4117676626,1,0,0,0,2
"219861","Fukuoka","Office","CL7","ZoneC","ABCH","VAV",60144.7939995539,1,0,1,0,2
"219864","Fukuoka","Office","CL7","ZoneC","ABCH","VAV",66220.2882009673,1,0,1,1,2
"220101","Fukuoka","Office","CL7","ZoneC","ABCH","OHUFCU",51629.9996871437,1,0,1,0,1
"220104","Fukuoka","Office","CL7","ZoneC","ABCH","OHUFCU",67651.1331395915,1,0,1,1,1
"220113","Fukuoka","Office","CL7","ZoneC","ABCH","OHUFCU",36091.3098896676,0,0,0,0,2
"220117","Fukuoka","Office","CL7","ZoneC","ABCH","OHUFCU",46591.7448948843,1,0,1,0,2
"220120","Fukuoka","Office","CL7","ZoneC","ABCH","OHUFCU",61049.4742628204,1,0,1,1,2
"220162","Fukuoka","Office","CL7","ZoneC","AHP","CAV",134548.19028581,1,0,0,0,1
"220178","Fukuoka","Office","CL7","ZoneC","AHP","CAV",145716.715029105,1,0,0,0,2
"220225","Fukuoka","Office","CL7","ZoneC","AHP","VAV",42335.2390032628,0,0,0,0,1
"220226","Fukuoka","Office","CL7","ZoneC","AHP","VAV",40646.3224335498,1,0,0,0,1
"220229","Fukuoka","Office","CL7","ZoneC","AHP","VAV",53756.7630026531,1,0,1,0,1
"220232","Fukuoka","Office","CL7","ZoneC","AHP","VAV",59186.9736691287,1,0,1,1,1
"220241","Fukuoka","Office","CL7","ZoneC","AHP","VAV",46263.7760365894,0,0,0,0,2
"220242","Fukuoka","Office","CL7","ZoneC","AHP","VAV",40250.7858143194,1,0,0,0,2
"220245","Fukuoka","Office","CL7","ZoneC","AHP","VAV",59658.7239435,1,0,1,0,2
"220248","Fukuoka","Office","CL7","ZoneC","AHP","VAV",66015.3045599978,1,0,1,1,2
"220314","Fukuoka","Office","CL7","ZoneC","AHP","FCU",63245.2071775598,1,1,0,0,2
"220424","Fukuoka","Office","CL7","ZoneC","AHP","VAVFCU",59539.6887065364,1,0,1,1,1
"220440","Fukuoka","Office","CL7","ZoneC","AHP","VAVFCU",64481.9364254724,1,0,1,1,2
"220485","Fukuoka","Office","CL7","ZoneC","AHP","OHUFCU",55087.8786514119,1,0,1,0,1
"220488","Fukuoka","Office","CL7","ZoneC","AHP","OHUFCU",73378.6931989932,1,0,1,1,1
"220497","Fukuoka","Office","CL7","ZoneC","AHP","OHUFCU",34213.0929369121,0,0,0,0,2
"220501","Fukuoka","Office","CL7","ZoneC","AHP","OHUFCU",44816.4227572878,1,0,1,0,2
"220504","Fukuoka","Office","CL7","ZoneC","AHP","OHUFCU",60100.7602413348,1,0,1,1,2
"221330","Fukuoka","Office","CL7","ZoneC","COM","CAV",76133.5337609893,1,0,0,0,2
"221377","Fukuoka","Office","CL7","ZoneC","COM","VAV",45941.7189576744,0,0,0,0,1
"221378","Fukuoka","Office","CL7","ZoneC","COM","VAV",42529.9994933946,1,0,0,0,1
"221381","Fukuoka","Office","CL7","ZoneC","COM","VAV",60153.7166124699,1,0,1,0,1
"221384","Fukuoka","Office","CL7","ZoneC","COM","VAV",66886.2305720682,1,0,1,1,1
"221400","Fukuoka","Office","CL7","ZoneC","COM","VAV",110863.5148975,1,0,1,1,2
"221656","Fukuoka","Office","CL7","ZoneC","COM","OHUFCU",72692.2752684761,1,0,1,1,2
"221698","Fukuoka","Office","CL7","ZoneC","AHP+TESICE","CAV",94326.4490182152,1,0,0,0,1
"221714","Fukuoka","Office","CL7","ZoneC","AHP+TESICE","CAV",113662.393642252,1,0,0,0,2
"221765","Fukuoka","Office","CL7","ZoneC","AHP+TESICE","VAV",65375.8123604441,1,0,1,0,1
"221768","Fukuoka","Office","CL7","ZoneC","AHP+TESICE","VAV",71979.7150841196,1,0,1,1,1
"221777","Fukuoka","Office","CL7","ZoneC","AHP+TESICE","VAV",45125.1659061752,0,0,0,0,2
"221781","Fukuoka","Office","CL7","ZoneC","AHP+TESICE","VAV",57299.3776859677,1,0,1,0,2
"221784","Fukuoka","Office","CL7","ZoneC","AHP+TESICE","VAV",63087.4436801462,1,0,1,1,2
"222024","Fukuoka","Office","CL7","ZoneC","AHP+TESICE","OHUFCU",90062.8653157746,1,0,1,1,1
"222037","Fukuoka","Office","CL7","ZoneC","AHP+TESICE","OHUFCU",46974.2050735066,1,0,1,0,2
"222040","Fukuoka","Office","CL7","ZoneC","AHP+TESICE","OHUFCU",61550.614387193,1,0,1,1,2
"222098","Fukuoka","Office","CL7","ZoneC","COM+TESICE","CAV",77850.8177246591,1,0,0,0,2
"222145","Fukuoka","Office","CL7","ZoneC","COM+TESICE","VAV",46977.9900110727,0,0,0,0,1
"222146","Fukuoka","Office","CL7","ZoneC","COM+TESICE","VAV",43489.3150866282,1,0,0,0,1
"222149","Fukuoka","Office","CL7","ZoneC","COM+TESICE","VAV",61510.5564672707,1,0,1,0,1
"222152","Fukuoka","Office","CL7","ZoneC","COM+TESICE","VAV",68394.9304245185,1,0,1,1,1
"222168","Fukuoka","Office","CL7","ZoneC","COM+TESICE","VAV",113364.175603559,1,0,1,1,2
"222424","Fukuoka","Office","CL7","ZoneC","COM+TESICE","OHUFCU",74331.9374834618,1,0,1,1,2
"222497","Fukuoka","Office","CL8c","ZoneA","EHP","MUL",43261.4962126966,0,0,0,0,3
"222498","Fukuoka","Office","CL8c","ZoneA","EHP","MUL",143469.119378434,1,0,0,0,3
"222501","Fukuoka","Office","CL8c","ZoneA","EHP","MUL",62177.0945490923,1,0,1,0,3
"222502","Fukuoka","Office","CL8c","ZoneA","EHP","MUL",45828.7254131591,1,0,0,1,3
"222504","Fukuoka","Office","CL8c","ZoneA","EHP","MUL",93071.0624657265,1,0,1,1,3
"222562","Fukuoka","Office","CL8c","ZoneA","GHP","MUL",36603.4649796333,1,0,0,0,3
"222632","Fukuoka","Office","CL8c","ZoneA","ABCH","CAV",90396.4628047391,1,0,1,1,3
"222693","Fukuoka","Office","CL8c","ZoneA","ABCH","VAV",81790.008155203,1,0,1,0,3
"222696","Fukuoka","Office","CL8c","ZoneA","ABCH","VAV",145693.968947376,1,0,1,1,3
"222888","Fukuoka","Office","CL8c","ZoneA","ABCH","VAVFCU",106317.109752952,1,0,1,1,3
"222949","Fukuoka","Office","CL8c","ZoneA","ABCH","OHUFCU",40215.8357800972,1,0,1,0,3
"222952","Fukuoka","Office","CL8c","ZoneA","ABCH","OHUFCU",82210.0827341769,1,0,1,1,3
"223016","Fukuoka","Office","CL8c","ZoneA","AHP","CAV",76229.6607064278,1,0,1,1,3
"223077","Fukuoka","Office","CL8c","ZoneA","AHP","VAV",68971.9971047385,1,0,1,0,3
"223080","Fukuoka","Office","CL8c","ZoneA","AHP","VAV",122861.022159919,1,0,1,1,3
"223272","Fukuoka","Office","CL8c","ZoneA","AHP","VAVFCU",89655.2470339654,1,0,1,1,3
"223336","Fukuoka","Office","CL8c","ZoneA","AHP","OHUFCU",103239.506729091,1,0,1,1,3
"223464","Fukuoka","Office","CL8c","ZoneA","TB","VAV",90554.7205197426,1,0,1,1,3
"223845","Fukuoka","Office","CL8c","ZoneA","AB","VAV",44901.9277670974,1,0,1,0,3
"223848","Fukuoka","Office","CL8c","ZoneA","AB","VAV",80278.5762451013,1,0,1,1,3
"224168","Fukuoka","Office","CL8c","ZoneA","COM","CAV",77500.5247698985,1,0,1,1,3
"224229","Fukuoka","Office","CL8c","ZoneA","COM","VAV",70121.8649080835,1,0,1,0,3
"224232","Fukuoka","Office","CL8c","ZoneA","COM","VAV",124909.301745809,1,0,1,1,3
"224424","Fukuoka","Office","CL8c","ZoneA","COM","VAVFCU",91149.9359844496,1,0,1,1,3
"224488","Fukuoka","Office","CL8c","ZoneA","COM","OHUFCU",104960.66589229,1,0,1,1,3
"224552","Fukuoka","Office","CL8c","ZoneA","AHP+TESICE","CAV",72272.4967592276,1,0,1,1,3
"224613","Fukuoka","Office","CL8c","ZoneA","AHP+TESICE","VAV",65391.5863068949,1,0,1,0,3
"224616","Fukuoka","Office","CL8c","ZoneA","AHP+TESICE","VAV",116483.173919458,1,0,1,1,3
"224808","Fukuoka","Office","CL8c","ZoneA","AHP+TESICE","VAVFCU",85001.1464128642,1,0,1,1,3
"224872","Fukuoka","Office","CL8c","ZoneA","AHP+TESICE","OHUFCU",97880.2325283515,1,0,1,1,3
"224936","Fukuoka","Office","CL8c","ZoneA","COM+TESICE","CAV",107456.31173397,1,0,1,1,3
"224997","Fukuoka","Office","CL8c","ZoneA","COM+TESICE","VAV",96971.0202480865,1,0,1,0,3
"225000","Fukuoka","Office","CL8c","ZoneA","COM+TESICE","VAV",173444.307958058,1,0,1,1,3
"225066","Fukuoka","Office","CL8c","ZoneA","COM+TESICE","FCU",56407.2120669796,1,1,0,0,3
"225189","Fukuoka","Office","CL8c","ZoneA","COM+TESICE","VAVFCU",45320.4605171931,1,0,1,0,3
"225192","Fukuoka","Office","CL8c","ZoneA","COM+TESICE","VAVFCU",81061.0828950226,1,0,1,1,3
"225253","Fukuoka","Office","CL8c","ZoneA","COM+TESICE","OHUFCU",47613.2385458897,1,0,1,0,3
"225256","Fukuoka","Office","CL8c","ZoneA","COM+TESICE","OHUFCU",97917.2087306132,1,0,1,1,3
"225314","Fukuoka","Office","CL9c","ZoneA","EHP","MUL",44277.8966926811,1,0,0,0,3
"225320","Fukuoka","Office","CL9c","ZoneA","EHP","MUL",74834.2025332527,1,0,1,1,3
"225384","Fukuoka","Office","CL9c","ZoneA","GHP","MUL",13923.011315313,1,0,1,1,3
"225509","Fukuoka","Office","CL9c","ZoneA","ABCH","VAV",42791.4264077051,1,0,1,0,3
"225512","Fukuoka","Office","CL9c","ZoneA","ABCH","VAV",121545.596231326,1,0,1,1,3
"225704","Fukuoka","Office","CL9c","ZoneA","ABCH","VAVFCU",106882.134213216,1,0,1,1,3
"225893","Fukuoka","Office","CL9c","ZoneA","AHP","VAV",41993.6682364565,1,0,1,0,3
"225896","Fukuoka","Office","CL9c","ZoneA","AHP","VAV",119279.628472996,1,0,1,1,3
"225904","Fukuoka","Office","CL9c","ZoneA","AHP","VAV",34293.5253289002,1,1,1,1,3
"226280","Fukuoka","Office","CL9c","ZoneA","TB","VAV",78951.388826253,1,0,1,1,3
"226664","Fukuoka","Office","CL9c","ZoneA","AB","VAV",132764.426461989,1,0,1,1,3
"227045","Fukuoka","Office","CL9c","ZoneA","COM","VAV",47597.0935643836,1,0,1,0,3
"227048","Fukuoka","Office","CL9c","ZoneA","COM","VAV",131214.05897379,1,0,1,1,3
"227240","Fukuoka","Office","CL9c","ZoneA","COM","VAVFCU",116295.873549955,1,0,1,1,3
"227304","Fukuoka","Office","CL9c","ZoneA","COM","OHUFCU",82059.5376390875,1,0,1,1,3
"227429","Fukuoka","Office","CL9c","ZoneA","AHP+TESICE","VAV",41757.5872531865,1,0,1,0,3
"227432","Fukuoka","Office","CL9c","ZoneA","AHP+TESICE","VAV",118609.059476369,1,0,1,1,3
"227624","Fukuoka","Office","CL9c","ZoneA","AHP+TESICE","VAVFCU",104299.866115506,1,0,1,1,3
"227752","Fukuoka","Office","CL9c","ZoneA","COM+TESICE","CAV",87623.04170996,1,0,1,1,3
"227813","Fukuoka","Office","CL9c","ZoneA","COM+TESICE","VAV",74143.9276228484,1,0,1,0,3
"227816","Fukuoka","Office","CL9c","ZoneA","COM+TESICE","VAV",208832.741097729,1,0,1,1,3
"227824","Fukuoka","Office","CL9c","ZoneA","COM+TESICE","VAV",53926.7072966792,1,1,1,1,3
"228005","Fukuoka","Office","CL9c","ZoneA","COM+TESICE","VAVFCU",48222.0080175537,1,0,1,0,3
"228008","Fukuoka","Office","CL9c","ZoneA","COM+TESICE","VAVFCU",135821.427841908,1,0,1,1,3
"228016","Fukuoka","Office","CL9c","ZoneA","COM+TESICE","VAVFCU",35073.0558117798,1,1,1,1,3
"228069","Fukuoka","Office","CL9c","ZoneA","COM+TESICE","OHUFCU",36482.6413155202,1,0,1,0,3
"228072","Fukuoka","Office","CL9c","ZoneA","COM+TESICE","OHUFCU",118128.158249242,1,0,1,1,3
"228098","Naha","Office","CL1","ZoneC","EHP","MUL",1647.29415235276,1,0,0,0,1
"228114","Naha","Office","CL1","ZoneC","EHP","MUL",948.675848703609,1,0,0,0,2
"230913","Naha","Office","CL2","ZoneC","EHP","MUL",40042.2898662876,0,0,0,0,1
"230914","Naha","Office","CL2","ZoneC","EHP","MUL",115080.221883992,1,0,0,0,1
"230930","Naha","Office","CL2","ZoneC","EHP","MUL",89334.9741316989,1,0,0,0,2
"230978","Naha","Office","CL2","ZoneC","GHP","MUL",12470.8405297525,1,0,0,0,1
"230994","Naha","Office","CL2","ZoneC","GHP","MUL",7181.95059863043,1,0,0,0,2
"233729","Naha","Office","CL3","ZoneC","EHP","MUL",75415.6904814392,0,0,0,0,1
"233730","Naha","Office","CL3","ZoneC","EHP","MUL",226551.659378615,1,0,0,0,1
"233745","Naha","Office","CL3","ZoneC","EHP","MUL",43431.8570674602,0,0,0,0,2
"233746","Naha","Office","CL3","ZoneC","EHP","MUL",130470.983235903,1,0,0,0,2
"233794","Naha","Office","CL3","ZoneC","GHP","MUL",18369.3107944241,1,0,0,0,1
"233810","Naha","Office","CL3","ZoneC","GHP","MUL",10578.876567437,1,0,0,0,2
"236545","Naha","Office","CL4","ZoneC","EHP","MUL",70284.9881402098,0,0,0,0,1
"236546","Naha","Office","CL4","ZoneC","EHP","MUL",217016.684171833,1,0,0,0,1
"236561","Naha","Office","CL4","ZoneC","EHP","MUL",40477.0882479025,0,0,0,0,2
"236562","Naha","Office","CL4","ZoneC","EHP","MUL",124979.795955391,1,0,0,0,2
"236610","Naha","Office","CL4","ZoneC","GHP","MUL",13942.0747786481,1,0,0,0,1
"236626","Naha","Office","CL4","ZoneC","GHP","MUL",8029.2336401682,1,0,0,0,2
"239361","Naha","Office","CL5","ZoneC","EHP","MUL",56768.9802836451,0,0,0,0,1
"239362","Naha","Office","CL5","ZoneC","EHP","MUL",179404.01788211,1,0,0,0,1
"239377","Naha","Office","CL5","ZoneC","EHP","MUL",68406.0329931733,0,0,0,0,2
"239378","Naha","Office","CL5","ZoneC","EHP","MUL",216179.982536819,1,0,0,0,2
"239426","Naha","Office","CL5","ZoneC","GHP","MUL",10914.2840270331,1,0,0,0,1
"239442","Naha","Office","CL5","ZoneC","GHP","MUL",13151.5991571401,1,0,0,0,2
"239874","Naha","Office","CL5","ZoneC","AHP","CAV",63730.2568528026,1,0,0,0,1
"239890","Naha","Office","CL5","ZoneC","AHP","CAV",76794.2991252243,1,0,0,0,2
"242178","Naha","Office","CL6","ZoneC","EHP","MUL",111113.70840495,1,0,0,0,1
"242194","Naha","Office","CL6","ZoneC","EHP","MUL",133890.867251188,1,0,0,0,2
"242242","Naha","Office","CL6","ZoneC","GHP","MUL",7913.26729028481,1,0,0,0,1
"242258","Naha","Office","CL6","ZoneC","GHP","MUL",9535.40508634026,1,0,0,0,2
"242753","Naha","Office","CL6","ZoneC","AHP","VAV",115981.407483209,0,0,0,0,1
"242769","Naha","Office","CL6","ZoneC","AHP","VAV",70378.4154632464,0,0,0,0,2
"242770","Naha","Office","CL6","ZoneC","AHP","VAV",69377.9787374213,1,0,0,0,2
"244994","Naha","Office","CL7","ZoneC","EHP","MUL",35805.4925344175,1,0,0,0,1
"245010","Naha","Office","CL7","ZoneC","EHP","MUL",43145.2474821327,1,0,0,0,2
"245576","Naha","Office","CL7","ZoneC","AHP","VAV",78666.3328337115,1,0,1,1,1
"245592","Naha","Office","CL7","ZoneC","AHP","VAV",94792.1159123782,1,0,1,1,2
"247842","Naha","Office","CL8c","ZoneA","EHP","MUL",12856.7435716696,1,0,0,0,3
"250344","Naha","Office","CL8c","ZoneA","COM+TESICE","VAV",75737.2100975042,1,0,1,1,3
"253474","Sapporo","Hotel","CL1","ZoneD","EHP","MUL",21.3872733894481,1,0,0,0,3
"256289","Sapporo","Hotel","CL2","ZoneD","EHP","MUL",30340.946374945,0,0,0,0,3
"256290","Sapporo","Hotel","CL2","ZoneD","EHP","MUL",31743.0212430338,1,0,0,0,3
"256354","Sapporo","Hotel","CL2","ZoneD","GHP","MUL",2077.85256065781,1,0,0,0,3
"259105","Sapporo","Hotel","CL3","ZoneD","EHP","MUL",65372.2462936144,0,0,0,0,3
"259106","Sapporo","Hotel","CL3","ZoneD","EHP","MUL",72771.0115570142,1,0,0,0,3
"259170","Sapporo","Hotel","CL3","ZoneD","GHP","MUL",29209.3309222426,1,0,0,0,3
"259745","Sapporo","Hotel","CL3","ZoneD","AHP","FCU",32155.0693174386,0,0,0,0,3
"259746","Sapporo","Hotel","CL3","ZoneD","AHP","FCU",39316.894837435,1,0,0,0,3
"261921","Sapporo","Hotel","CL4","ZoneD","EHP","MUL",117721.641939264,0,0,0,0,3
"261922","Sapporo","Hotel","CL4","ZoneD","EHP","MUL",133816.857746525,1,0,0,0,3
"261985","Sapporo","Hotel","CL4","ZoneD","GHP","MUL",29973.5173866323,0,0,0,0,3
"261986","Sapporo","Hotel","CL4","ZoneD","GHP","MUL",34071.5763577214,1,0,0,0,3
"262433","Sapporo","Hotel","CL4","ZoneD","AHP","CAV",51882.8614136116,0,0,0,0,3
"262434","Sapporo","Hotel","CL4","ZoneD","AHP","CAV",72448.3488865669,1,0,0,0,3
"262561","Sapporo","Hotel","CL4","ZoneD","AHP","FCU",50721.8643618131,0,0,0,0,3
"262562","Sapporo","Hotel","CL4","ZoneD","AHP","FCU",58303.3489929011,1,0,0,0,3
"264737","Sapporo","Hotel","CL5","ZoneD","EHP","MUL",180177.102037831,0,0,0,0,3
"264738","Sapporo","Hotel","CL5","ZoneD","EHP","MUL",214253.953693323,1,0,0,0,3
"264741","Sapporo","Hotel","CL5","ZoneD","EHP","MUL",28567.7043936396,1,0,1,0,3
"264802","Sapporo","Hotel","CL5","ZoneD","GHP","MUL",24107.5802970299,1,0,0,0,3
"264865","Sapporo","Hotel","CL5","ZoneD","ABCH","CAV",43349.3727391334,0,0,0,0,3
"264866","Sapporo","Hotel","CL5","ZoneD","ABCH","CAV",57498.9321222718,1,0,0,0,3
"265250","Sapporo","Hotel","CL5","ZoneD","AHP","CAV",94980.755888922,1,0,0,0,3
"265378","Sapporo","Hotel","CL5","ZoneD","AHP","FCU",55736.8788602498,1,0,0,0,3
"265570","Sapporo","Hotel","CL5","ZoneD","AHP","OHUFCU",53446.8342626843,1,0,0,0,3
"267553","Sapporo","Hotel","CL6b","ZoneD","EHP","MUL",77001.8532769239,0,0,0,0,3
"267554","Sapporo","Hotel","CL6b","ZoneD","EHP","MUL",93097.8281988195,1,0,0,0,3
"267618","Sapporo","Hotel","CL6b","ZoneD","GHP","MUL",11145.2572080703,1,0,0,0,3
"267682","Sapporo","Hotel","CL6b","ZoneD","ABCH","CAV",81487.1329877799,1,0,0,0,3
"268065","Sapporo","Hotel","CL6b","ZoneD","AHP","CAV",53604.9457038746,0,0,0,0,3
"268066","Sapporo","Hotel","CL6b","ZoneD","AHP","CAV",71467.7174269894,1,0,0,0,3
"270369","Sapporo","Hotel","CL6m","ZoneD","EHP","MUL",105289.769113445,0,0,0,0,3
"270370","Sapporo","Hotel","CL6m","ZoneD","EHP","MUL",127298.869038447,1,0,0,0,3
"270373","Sapporo","Hotel","CL6m","ZoneD","EHP","MUL",31961.355912995,1,0,1,0,3
"270434","Sapporo","Hotel","CL6m","ZoneD","GHP","MUL",17333.8227483224,1,0,0,0,3
"270497","Sapporo","Hotel","CL6m","ZoneD","ABCH","CAV",54316.9977147575,0,0,0,0,3
"270498","Sapporo","Hotel","CL6m","ZoneD","ABCH","CAV",72417.0464718918,1,0,0,0,3
"270882","Sapporo","Hotel","CL6m","ZoneD","AHP","CAV",123291.052303789,1,0,0,0,3
"271202","Sapporo","Hotel","CL6m","ZoneD","AHP","OHUFCU",71230.0191167242,1,0,0,0,3
"273186","Sapporo","Hotel","CL7b","ZoneD","EHP","MUL",44813.2620462793,1,0,0,0,3
"273698","Sapporo","Hotel","CL7b","ZoneD","AHP","CAV",75556.0949262714,1,0,0,0,3
"276001","Sapporo","Hotel","CL7m","ZoneD","EHP","MUL",87763.4712272329,0,0,0,0,3
"276002","Sapporo","Hotel","CL7m","ZoneD","EHP","MUL",112244.514347201,1,0,0,0,3
"276005","Sapporo","Hotel","CL7m","ZoneD","EHP","MUL",48457.645249281,1,0,1,0,3
"276066","Sapporo","Hotel","CL7m","ZoneD","GHP","MUL",13938.489043805,1,0,0,0,3
"276130","Sapporo","Hotel","CL7m","ZoneD","ABCH","CAV",154095.748506521,1,0,0,0,3
"276522","Sapporo","Hotel","CL7m","ZoneD","AHP","CAV",125019.704598432,1,1,0,0,3
"276834","Sapporo","Hotel","CL7m","ZoneD","AHP","OHUFCU",68514.849120701,1,0,0,0,3
"277666","Sapporo","Hotel","CL7m","ZoneD","COM","CAV",94788.5194454882,1,0,0,0,3
"278817","Sapporo","Hotel","CL8","ZoneD","EHP","MUL",46394.0968149827,0,0,0,0,3
"278818","Sapporo","Hotel","CL8","ZoneD","EHP","MUL",58602.6489908893,1,0,0,0,3
"278821","Sapporo","Hotel","CL8","ZoneD","EHP","MUL",52107.1220865542,1,0,1,0,3
"278824","Sapporo","Hotel","CL8","ZoneD","EHP","MUL",30069.9533798152,1,0,1,1,3
"278833","Sapporo","Hotel","CL8","ZoneD","EHP","MUL",33525.7871855096,0,0,0,0,4
"278834","Sapporo","Hotel","CL8","ZoneD","EHP","MUL",42348.0587715893,1,0,0,0,4
"278837","Sapporo","Hotel","CL8","ZoneD","EHP","MUL",37654.1932239756,1,0,1,0,4
"278882","Sapporo","Hotel","CL8","ZoneD","GHP","MUL",12742.4024769691,1,0,0,0,3
"278898","Sapporo","Hotel","CL8","ZoneD","GHP","MUL",7728.75158413461,1,0,0,0,4
"278952","Sapporo","Hotel","CL8","ZoneD","ABCH","CAV",107392.841798028,1,0,1,1,3
"278960","Sapporo","Hotel","CL8","ZoneD","ABCH","CAV",87318.8418755498,1,1,1,1,3
"278968","Sapporo","Hotel","CL8","ZoneD","ABCH","CAV",80802.9395047599,1,0,1,1,4
"278976","Sapporo","Hotel","CL8","ZoneD","ABCH","CAV",65699.1562898124,1,1,1,1,4
"279336","Sapporo","Hotel","CL8","ZoneD","AHP","CAV",84719.7309119429,1,0,1,1,3
"279344","Sapporo","Hotel","CL8","ZoneD","AHP","CAV",68883.8163082757,1,1,1,1,3
"279352","Sapporo","Hotel","CL8","ZoneD","AHP","CAV",115572.117526177,1,0,1,1,4
"280104","Sapporo","Hotel","CL8","ZoneD","AB","CAV",73737.6337004451,1,0,1,1,3
"280488","Sapporo","Hotel","CL8","ZoneD","COM","CAV",58664.4984109606,1,0,1,1,3
"280496","Sapporo","Hotel","CL8","ZoneD","COM","CAV",72052.226622706,1,1,1,1,3
"280504","Sapporo","Hotel","CL8","ZoneD","COM","CAV",84364.1068835174,1,0,1,1,4
"280512","Sapporo","Hotel","CL8","ZoneD","COM","CAV",68594.6659535096,1,1,1,1,4
"280808","Sapporo","Hotel","CL8","ZoneD","COM","OHUFCU",72576.3407085725,1,0,1,1,3
"281256","Sapporo","Hotel","CL8","ZoneD","COM+TESICE","CAV",58919.4769897,1,0,1,1,3
"281640","Sapporo","Hotel","CL9","ZoneD","EHP","MUL",17048.3988657004,1,0,1,1,3
"281656","Sapporo","Hotel","CL9","ZoneD","EHP","MUL",10340.5021131919,1,0,1,1,4
"283304","Sapporo","Hotel","CL9","ZoneD","COM","CAV",49255.8713227569,1,0,1,1,3
"283312","Sapporo","Hotel","CL9","ZoneD","COM","CAV",56837.7135387665,1,1,1,1,3
"283328","Sapporo","Hotel","CL9","ZoneD","COM","CAV",64349.793027418,1,1,1,1,4
"284450","Sendai","Hotel","CL1","ZoneD","EHP","MUL",1.78227278279708,1,0,0,0,3
"287265","Sendai","Hotel","CL2","ZoneD","EHP","MUL",124976.921279353,0,0,0,0,3
"287266","Sendai","Hotel","CL2","ZoneD","EHP","MUL",132255.281598953,1,0,0,0,3
"287330","Sendai","Hotel","CL2","ZoneD","GHP","MUL",22584.6240064266,1,0,0,0,3
"290081","Sendai","Hotel","CL3","ZoneD","EHP","MUL",227733.964273864,0,0,0,0,3
"290082","Sendai","Hotel","CL3","ZoneD","EHP","MUL",254469.67727329,1,0,0,0,3
"290146","Sendai","Hotel","CL3","ZoneD","GHP","MUL",37572.1976981937,1,0,0,0,3
"290594","Sendai","Hotel","CL3","ZoneD","AHP","CAV",62381.7389801988,1,0,0,0,3
"290721","Sendai","Hotel","CL3","ZoneD","AHP","FCU",41386.3507408981,0,0,0,0,3
"290722","Sendai","Hotel","CL3","ZoneD","AHP","FCU",46590.6373117401,1,0,0,0,3
"292897","Sendai","Hotel","CL4","ZoneD","EHP","MUL",318834.3298082,0,0,0,0,3
"292898","Sendai","Hotel","CL4","ZoneD","EHP","MUL",368047.357520772,1,0,0,0,3
"292961","Sendai","Hotel","CL4","ZoneD","GHP","MUL",28136.4293043248,0,0,0,0,3
"292962","Sendai","Hotel","CL4","ZoneD","GHP","MUL",32479.3709063773,1,0,0,0,3
"293153","Sendai","Hotel","CL4","ZoneD","ABCH","FCU",39278.4311486798,0,0,0,0,3
"293154","Sendai","Hotel","CL4","ZoneD","ABCH","FCU",50047.7637322045,1,0,0,0,3
"293409","Sendai","Hotel","CL4","ZoneD","AHP","CAV",46443.8734228202,0,0,0,0,3
"293410","Sendai","Hotel","CL4","ZoneD","AHP","CAV",65747.7818949089,1,0,0,0,3
"293537","Sendai","Hotel","CL4","ZoneD","AHP","FCU",53903.0078455397,0,0,0,0,3
"293538","Sendai","Hotel","CL4","ZoneD","AHP","FCU",62880.7781212584,1,0,0,0,3
"295713","Sendai","Hotel","CL5","ZoneD","EHP","MUL",592803.192934854,0,0,0,0,3
"295714","Sendai","Hotel","CL5","ZoneD","EHP","MUL",703017.5608614,1,0,0,0,3
"295717","Sendai","Hotel","CL5","ZoneD","EHP","MUL",89700.0239236506,1,0,1,0,3
"295777","Sendai","Hotel","CL5","ZoneD","GHP","MUL",57562.5488218629,0,0,0,0,3
"295778","Sendai","Hotel","CL5","ZoneD","GHP","MUL",68264.6165742877,1,0,0,0,3
"295841","Sendai","Hotel","CL5","ZoneD","ABCH","CAV",58595.3406413382,0,0,0,0,3
"295842","Sendai","Hotel","CL5","ZoneD","ABCH","CAV",91323.9444219889,1,0,0,0,3
"295969","Sendai","Hotel","CL5","ZoneD","ABCH","FCU",41680.4606589224,0,0,0,0,3
"295970","Sendai","Hotel","CL5","ZoneD","ABCH","FCU",50090.5018409925,1,0,0,0,3
"296161","Sendai","Hotel","CL5","ZoneD","ABCH","OHUFCU",38732.5270048162,0,0,0,0,3
"296162","Sendai","Hotel","CL5","ZoneD","ABCH","OHUFCU",46521.3900921102,1,0,0,0,3
"296225","Sendai","Hotel","CL5","ZoneD","AHP","CAV",80056.7234549991,0,0,0,0,3
"296226","Sendai","Hotel","CL5","ZoneD","AHP","CAV",124772.647165959,1,0,0,0,3
"296229","Sendai","Hotel","CL5","ZoneD","AHP","CAV",27899.6747967846,1,0,1,0,3
"296233","Sendai","Hotel","CL5","ZoneD","AHP","CAV",31987.0202614332,0,1,0,0,3
"296234","Sendai","Hotel","CL5","ZoneD","AHP","CAV",49378.712451551,1,1,0,0,3
"296353","Sendai","Hotel","CL5","ZoneD","AHP","FCU",87324.4228554099,0,0,0,0,3
"296354","Sendai","Hotel","CL5","ZoneD","AHP","FCU",104944.237531266,1,0,0,0,3
"296545","Sendai","Hotel","CL5","ZoneD","AHP","OHUFCU",81148.2290012339,0,0,0,0,3
"296546","Sendai","Hotel","CL5","ZoneD","AHP","OHUFCU",97466.6180747998,1,0,0,0,3
"296610","Sendai","Hotel","CL5","ZoneD","TB","CAV",59242.8689053733,1,0,0,0,3
"298529","Sendai","Hotel","CL6b","ZoneD","EHP","MUL",114281.397974724,0,0,0,0,3
"298530","Sendai","Hotel","CL6b","ZoneD","EHP","MUL",137808.424495345,1,0,0,0,3
"298533","Sendai","Hotel","CL6b","ZoneD","EHP","MUL",34669.2053927137,1,0,1,0,3
"298594","Sendai","Hotel","CL6b","ZoneD","GHP","MUL",25514.3932882114,1,0,0,0,3
"298657","Sendai","Hotel","CL6b","ZoneD","ABCH","CAV",62349.0186475711,0,0,0,0,3
"298658","Sendai","Hotel","CL6b","ZoneD","ABCH","CAV",83028.2301143325,1,0,0,0,3
"299041","Sendai","Hotel","CL6b","ZoneD","AHP","CAV",44156.0235069266,0,0,0,0,3
"299042","Sendai","Hotel","CL6b","ZoneD","AHP","CAV",64230.2697768442,1,0,0,0,3
"299050","Sendai","Hotel","CL6b","ZoneD","AHP","CAV",41278.3775136721,1,1,0,0,3
"299361","Sendai","Hotel","CL6b","ZoneD","AHP","OHUFCU",38779.5083060891,0,0,0,0,3
"299362","Sendai","Hotel","CL6b","ZoneD","AHP","OHUFCU",47312.6353559413,1,0,0,0,3
"301345","Sendai","Hotel","CL6m","ZoneD","EHP","MUL",191500.606916878,0,0,0,0,3
"301346","Sendai","Hotel","CL6m","ZoneD","EHP","MUL",230924.694629255,1,0,0,0,3
"301349","Sendai","Hotel","CL6m","ZoneD","EHP","MUL",58094.9655122262,1,0,1,0,3
"301410","Sendai","Hotel","CL6m","ZoneD","GHP","MUL",42754.3054810116,1,0,0,0,3
"301473","Sendai","Hotel","CL6m","ZoneD","ABCH","CAV",56963.5427652139,0,0,0,0,3
"301474","Sendai","Hotel","CL6m","ZoneD","ABCH","CAV",82860.353552456,1,0,0,0,3
"301793","Sendai","Hotel","CL6m","ZoneD","ABCH","OHUFCU",36229.6721046438,0,0,0,0,3
"301794","Sendai","Hotel","CL6m","ZoneD","ABCH","OHUFCU",44201.7276707758,1,0,0,0,3
"301857","Sendai","Hotel","CL6m","ZoneD","AHP","CAV",46579.5615934945,0,0,0,0,3
"301858","Sendai","Hotel","CL6m","ZoneD","AHP","CAV",73501.6872853965,1,0,0,0,3
"301866","Sendai","Hotel","CL6m","ZoneD","AHP","CAV",62563.8164456317,1,1,0,0,3
"301986","Sendai","Hotel","CL6m","ZoneD","AHP","FCU",69477.1475096769,1,0,0,0,3
"302177","Sendai","Hotel","CL6m","ZoneD","AHP","OHUFCU",47330.1871405704,0,0,0,0,3
"302178","Sendai","Hotel","CL6m","ZoneD","AHP","OHUFCU",57733.386776357,1,0,0,0,3
"303010","Sendai","Hotel","CL6m","ZoneD","COM","CAV",61222.8267426462,1,0,0,0,3
"304162","Sendai","Hotel","CL7b","ZoneD","EHP","MUL",52890.1874453947,1,0,0,0,3
"304226","Sendai","Hotel","CL7b","ZoneD","GHP","MUL",2183.38293720437,1,0,0,0,3
"304674","Sendai","Hotel","CL7b","ZoneD","AHP","CAV",91479.1559830676,1,0,0,0,3
"306977","Sendai","Hotel","CL7m","ZoneD","EHP","MUL",117578.029217493,0,0,0,0,3
"306978","Sendai","Hotel","CL7m","ZoneD","EHP","MUL",150682.376138125,1,0,0,0,3
"306981","Sendai","Hotel","CL7m","ZoneD","EHP","MUL",65420.9236965614,1,0,1,0,3
"307042","Sendai","Hotel","CL7m","ZoneD","GHP","MUL",13774.8447397428,1,0,0,0,3
"307114","Sendai","Hotel","CL7m","ZoneD","ABCH","CAV",129763.528054314,1,1,0,0,3
"307426","Sendai","Hotel","CL7m","ZoneD","ABCH","OHUFCU",71017.0458125689,1,0,0,0,3
"307498","Sendai","Hotel","CL7m","ZoneD","AHP","CAV",162567.473900103,1,1,0,0,3
"307810","Sendai","Hotel","CL7m","ZoneD","AHP","OHUFCU",88970.0050137733,1,0,0,0,3
"308642","Sendai","Hotel","CL7m","ZoneD","COM","CAV",124818.98952064,1,0,0,0,3
"309794","Sendai","Hotel","CL8","ZoneD","EHP","MUL",53882.9018252697,1,0,0,0,3
"309797","Sendai","Hotel","CL8","ZoneD","EHP","MUL",48489.7525794799,1,0,1,0,3
"309810","Sendai","Hotel","CL8","ZoneD","EHP","MUL",62092.907231021,1,0,0,0,4
"309858","Sendai","Hotel","CL8","ZoneD","GHP","MUL",4182.26199346354,1,0,0,0,3
"309874","Sendai","Hotel","CL8","ZoneD","GHP","MUL",2536.70091379313,1,0,0,0,4
"309928","Sendai","Hotel","CL8","ZoneD","ABCH","CAV",126849.560218903,1,0,1,1,3
"309944","Sendai","Hotel","CL8","ZoneD","ABCH","CAV",106035.105352868,1,0,1,1,4
"310312","Sendai","Hotel","CL8","ZoneD","AHP","CAV",98615.9618296199,1,0,1,1,3
"311464","Sendai","Hotel","CL8","ZoneD","COM","CAV",73633.2784553883,1,0,1,1,3
"311472","Sendai","Hotel","CL8","ZoneD","COM","CAV",60288.9242556156,1,1,1,1,3
"311480","Sendai","Hotel","CL8","ZoneD","COM","CAV",111947.214078187,1,0,1,1,4
"312616","Sendai","Hotel","CL9","ZoneD","EHP","MUL",37642.1181302955,1,0,1,1,3
"312632","Sendai","Hotel","CL9","ZoneD","EHP","MUL",22831.3758457663,1,0,1,1,4
"314280","Sendai","Hotel","CL9","ZoneD","COM","CAV",59843.794354819,1,0,1,1,3
"314288","Sendai","Hotel","CL9","ZoneD","COM","CAV",68953.3296561933,1,1,1,1,3
"314296","Sendai","Hotel","CL9","ZoneD","COM","CAV",66615.5073826781,1,0,1,1,4
"314304","Sendai","Hotel","CL9","ZoneD","COM","CAV",76755.8456193126,1,1,1,1,4
"315048","Sendai","Hotel","CL9","ZoneD","COM+TESICE","CAV",49985.276619602,1,0,1,1,3
"315056","Sendai","Hotel","CL9","ZoneD","COM+TESICE","CAV",57594.1297483902,1,1,1,1,3
"318209","Tokyo","Hotel","CL2","ZoneD","EHP","MUL",153180.287267451,0,0,0,0,1
"318210","Tokyo","Hotel","CL2","ZoneD","EHP","MUL",163015.057043628,1,0,0,0,1
"318225","Tokyo","Hotel","CL2","ZoneD","EHP","MUL",88216.4480585081,0,0,0,0,2
"318226","Tokyo","Hotel","CL2","ZoneD","EHP","MUL",93880.2868761803,1,0,0,0,2
"318274","Tokyo","Hotel","CL2","ZoneD","GHP","MUL",15174.7280866873,1,0,0,0,1
"318290","Tokyo","Hotel","CL2","ZoneD","GHP","MUL",8739.11804150068,1,0,0,0,2
"321025","Tokyo","Hotel","CL3","ZoneD","EHP","MUL",173361.048980889,0,0,0,0,1
"321026","Tokyo","Hotel","CL3","ZoneD","EHP","MUL",191463.010057227,1,0,0,0,1
"321041","Tokyo","Hotel","CL3","ZoneD","EHP","MUL",99838.5382715023,0,0,0,0,2
"321042","Tokyo","Hotel","CL3","ZoneD","EHP","MUL",110263.448274836,1,0,0,0,2
"321090","Tokyo","Hotel","CL3","ZoneD","GHP","MUL",17357.5952861274,1,0,0,0,1
"321106","Tokyo","Hotel","CL3","ZoneD","GHP","MUL",9996.23013048515,1,0,0,0,2
"321665","Tokyo","Hotel","CL3","ZoneD","AHP","FCU",47054.3011901392,0,0,0,0,1
"321666","Tokyo","Hotel","CL3","ZoneD","AHP","FCU",57075.07224931,1,0,0,0,1
"321681","Tokyo","Hotel","CL3","ZoneD","AHP","FCU",27098.547671619,0,0,0,0,2
"321682","Tokyo","Hotel","CL3","ZoneD","AHP","FCU",32869.50453178,1,0,0,0,2
"323841","Tokyo","Hotel","CL4","ZoneD","EHP","MUL",352236.062291153,0,0,0,0,1
"323842","Tokyo","Hotel","CL4","ZoneD","EHP","MUL",400886.633838453,1,0,0,0,1
"323845","Tokyo","Hotel","CL4","ZoneD","EHP","MUL",26063.7497953183,1,0,1,0,1
"323857","Tokyo","Hotel","CL4","ZoneD","EHP","MUL",209872.801019372,0,0,0,0,2
"323858","Tokyo","Hotel","CL4","ZoneD","EHP","MUL",238860.269410346,1,0,0,0,2
"323906","Tokyo","Hotel","CL4","ZoneD","GHP","MUL",44113.0858365971,1,0,0,0,1
"323922","Tokyo","Hotel","CL4","ZoneD","GHP","MUL",25404.7032736671,1,0,0,0,2
"323969","Tokyo","Hotel","CL4","ZoneD","ABCH","CAV",41779.618487619,0,0,0,0,1
"323970","Tokyo","Hotel","CL4","ZoneD","ABCH","CAV",52832.6889824609,1,0,0,0,1
"323986","Tokyo","Hotel","CL4","ZoneD","ABCH","CAV",54487.1788434321,1,0,0,0,2
"324353","Tokyo","Hotel","CL4","ZoneD","AHP","CAV",43349.8091975897,0,0,0,0,1
"324354","Tokyo","Hotel","CL4","ZoneD","AHP","CAV",64705.6259068351,1,0,0,0,1
"324369","Tokyo","Hotel","CL4","ZoneD","AHP","CAV",33097.1850230975,0,0,0,0,2
"324370","Tokyo","Hotel","CL4","ZoneD","AHP","CAV",46259.9367492204,1,0,0,0,2
"324481","Tokyo","Hotel","CL4","ZoneD","AHP","FCU",46403.9788638723,0,0,0,0,1
"324482","Tokyo","Hotel","CL4","ZoneD","AHP","FCU",53397.6137902578,1,0,0,0,1
"324497","Tokyo","Hotel","CL4","ZoneD","AHP","FCU",34080.4640727605,0,0,0,0,2
"324498","Tokyo","Hotel","CL4","ZoneD","AHP","FCU",39214.9433602043,1,0,0,0,2
"324673","Tokyo","Hotel","CL4","ZoneD","AHP","OHUFCU",26604.0204339886,0,0,0,0,1
"324674","Tokyo","Hotel","CL4","ZoneD","AHP","OHUFCU",30606.9611231286,1,0,0,0,1
"326657","Tokyo","Hotel","CL5","ZoneD","EHP","MUL",518445.419479969,0,0,0,0,1
"326658","Tokyo","Hotel","CL5","ZoneD","EHP","MUL",621407.810276992,1,0,0,0,1
"326661","Tokyo","Hotel","CL5","ZoneD","EHP","MUL",79795.868338838,1,0,1,0,1
"326673","Tokyo","Hotel","CL5","ZoneD","EHP","MUL",624721.358264797,0,0,0,0,2
"326674","Tokyo","Hotel","CL5","ZoneD","EHP","MUL",748789.972263599,1,0,0,0,2
"326677","Tokyo","Hotel","CL5","ZoneD","EHP","MUL",96153.1944916406,1,0,1,0,2
"326721","Tokyo","Hotel","CL5","ZoneD","GHP","MUL",39559.1113311487,0,0,0,0,1
"326722","Tokyo","Hotel","CL5","ZoneD","GHP","MUL",47415.4844948778,1,0,0,0,1
"326737","Tokyo","Hotel","CL5","ZoneD","GHP","MUL",47668.3192366373,0,0,0,0,2
"326738","Tokyo","Hotel","CL5","ZoneD","GHP","MUL",57135.1674900233,1,0,0,0,2
"326785","Tokyo","Hotel","CL5","ZoneD","ABCH","CAV",50288.8520694467,0,0,0,0,1
"326786","Tokyo","Hotel","CL5","ZoneD","ABCH","CAV",79231.5272477471,1,0,0,0,1
"326801","Tokyo","Hotel","CL5","ZoneD","ABCH","CAV",60597.5456431166,0,0,0,0,2
"326802","Tokyo","Hotel","CL5","ZoneD","ABCH","CAV",95473.1693246625,1,0,0,0,2
"326913","Tokyo","Hotel","CL5","ZoneD","ABCH","FCU",32830.8336724315,0,0,0,0,1
"326914","Tokyo","Hotel","CL5","ZoneD","ABCH","FCU",39882.8304643782,1,0,0,0,1
"326929","Tokyo","Hotel","CL5","ZoneD","ABCH","FCU",39560.8143772972,0,0,0,0,2
"326930","Tokyo","Hotel","CL5","ZoneD","ABCH","FCU",48058.397437753,1,0,0,0,2
"327105","Tokyo","Hotel","CL5","ZoneD","ABCH","OHUFCU",31320.1806404963,0,0,0,0,1
"327106","Tokyo","Hotel","CL5","ZoneD","ABCH","OHUFCU",38025.4411042022,1,0,0,0,1
"327121","Tokyo","Hotel","CL5","ZoneD","ABCH","OHUFCU",37740.4931274267,0,0,0,0,2
"327122","Tokyo","Hotel","CL5","ZoneD","ABCH","OHUFCU",45820.262505286,1,0,0,0,2
"327169","Tokyo","Hotel","CL5","ZoneD","AHP","CAV",78286.3074172927,0,0,0,0,1
"327170","Tokyo","Hotel","CL5","ZoneD","AHP","CAV",123342.320295819,1,0,0,0,1
"327177","Tokyo","Hotel","CL5","ZoneD","AHP","CAV",31984.1414871497,0,1,0,0,1
"327178","Tokyo","Hotel","CL5","ZoneD","AHP","CAV",49904.649708733,1,1,0,0,1
"327185","Tokyo","Hotel","CL5","ZoneD","AHP","CAV",85900.4254176884,0,0,0,0,2
"327186","Tokyo","Hotel","CL5","ZoneD","AHP","CAV",135338.581355483,1,0,0,0,2
"327189","Tokyo","Hotel","CL5","ZoneD","AHP","CAV",30543.258773961,1,0,1,0,2
"327193","Tokyo","Hotel","CL5","ZoneD","AHP","CAV",35094.9157139428,0,1,0,0,2
"327194","Tokyo","Hotel","CL5","ZoneD","AHP","CAV",54758.3706745884,1,1,0,0,2
"327297","Tokyo","Hotel","CL5","ZoneD","AHP","FCU",71866.0126885732,0,0,0,0,1
"327298","Tokyo","Hotel","CL5","ZoneD","AHP","FCU",87302.6871265842,1,0,0,0,1
"327313","Tokyo","Hotel","CL5","ZoneD","AHP","FCU",86597.8006034156,0,0,0,0,2
"327314","Tokyo","Hotel","CL5","ZoneD","AHP","FCU",105198.833344102,1,0,0,0,2
"327489","Tokyo","Hotel","CL5","ZoneD","AHP","OHUFCU",68559.2245928371,0,0,0,0,1
"327490","Tokyo","Hotel","CL5","ZoneD","AHP","OHUFCU",83236.9004134643,1,0,0,0,1
"327505","Tokyo","Hotel","CL5","ZoneD","AHP","OHUFCU",82613.1552134838,0,0,0,0,2
"327506","Tokyo","Hotel","CL5","ZoneD","AHP","OHUFCU",100299.602485079,1,0,0,0,2
"329473","Tokyo","Hotel","CL6b","ZoneD","EHP","MUL",119406.168820975,0,0,0,0,1
"329474","Tokyo","Hotel","CL6b","ZoneD","EHP","MUL",143752.949732961,1,0,0,0,1
"329477","Tokyo","Hotel","CL6b","ZoneD","EHP","MUL",33151.5902069401,1,0,1,0,1
"329489","Tokyo","Hotel","CL6b","ZoneD","EHP","MUL",143883.19612479,0,0,0,0,2
"329490","Tokyo","Hotel","CL6b","ZoneD","EHP","MUL",173220.814838767,1,0,0,0,2
"329493","Tokyo","Hotel","CL6b","ZoneD","EHP","MUL",39947.3226776531,1,0,1,0,2
"329538","Tokyo","Hotel","CL6b","ZoneD","GHP","MUL",22967.3178623981,1,0,0,0,1
"329554","Tokyo","Hotel","CL6b","ZoneD","GHP","MUL",27675.3800334252,1,0,0,0,2
"329601","Tokyo","Hotel","CL6b","ZoneD","ABCH","CAV",54690.4063835638,0,0,0,0,1
"329602","Tokyo","Hotel","CL6b","ZoneD","ABCH","CAV",72792.4638839956,1,0,0,0,1
"329617","Tokyo","Hotel","CL6b","ZoneD","ABCH","CAV",65901.3729820673,0,0,0,0,2
"329618","Tokyo","Hotel","CL6b","ZoneD","ABCH","CAV",87714.1646938744,1,0,0,0,2
"329986","Tokyo","Hotel","CL6b","ZoneD","AHP","CAV",126624.343631513,1,0,0,0,1
"330001","Tokyo","Hotel","CL6b","ZoneD","AHP","CAV",62274.0575195366,0,0,0,0,2
"330002","Tokyo","Hotel","CL6b","ZoneD","AHP","CAV",90306.96445615,1,0,0,0,2
"330305","Tokyo","Hotel","CL6b","ZoneD","AHP","OHUFCU",32941.8637369104,0,0,0,0,1
"330306","Tokyo","Hotel","CL6b","ZoneD","AHP","OHUFCU",40129.3080885337,1,0,0,0,1
"330321","Tokyo","Hotel","CL6b","ZoneD","AHP","OHUFCU",39694.6044544843,0,0,0,0,2
"330322","Tokyo","Hotel","CL6b","ZoneD","AHP","OHUFCU",48355.4004208225,1,0,0,0,2
"332289","Tokyo","Hotel","CL6m","ZoneD","EHP","MUL",170382.015625018,0,0,0,0,1
"332290","Tokyo","Hotel","CL6m","ZoneD","EHP","MUL",205122.713251658,1,0,0,0,1
"332293","Tokyo","Hotel","CL6m","ZoneD","EHP","MUL",47304.3798022003,1,0,1,0,1
"332305","Tokyo","Hotel","CL6m","ZoneD","EHP","MUL",205308.563304354,0,0,0,0,2
"332306","Tokyo","Hotel","CL6m","ZoneD","EHP","MUL",247170.743956176,1,0,0,0,2
"332309","Tokyo","Hotel","CL6m","ZoneD","EHP","MUL",57001.2874866303,1,0,1,0,2
"332354","Tokyo","Hotel","CL6m","ZoneD","GHP","MUL",32772.3261665228,1,0,0,0,1
"332370","Tokyo","Hotel","CL6m","ZoneD","GHP","MUL",39490.3134389407,1,0,0,0,2
"332417","Tokyo","Hotel","CL6m","ZoneD","ABCH","CAV",78038.3607228348,0,0,0,0,1
"332418","Tokyo","Hotel","CL6m","ZoneD","ABCH","CAV",103868.391736624,1,0,0,0,1
"332434","Tokyo","Hotel","CL6m","ZoneD","ABCH","CAV",124283.097220853,1,0,0,0,2
"332753","Tokyo","Hotel","CL6m","ZoneD","ABCH","OHUFCU",32332.7784850339,0,0,0,0,2
"332754","Tokyo","Hotel","CL6m","ZoneD","ABCH","OHUFCU",39387.3291306961,1,0,0,0,2
"332802","Tokyo","Hotel","CL6m","ZoneD","AHP","CAV",80685.0352840884,1,0,0,0,1
"332810","Tokyo","Hotel","CL6m","ZoneD","AHP","CAV",62860.5900412776,1,1,0,0,1
"332818","Tokyo","Hotel","CL6m","ZoneD","AHP","CAV",86937.5396141967,1,0,0,0,2
"332826","Tokyo","Hotel","CL6m","ZoneD","AHP","CAV",67731.8292994919,1,1,0,0,2
"332930","Tokyo","Hotel","CL6m","ZoneD","AHP","FCU",58566.2248865758,1,0,0,0,1
"332946","Tokyo","Hotel","CL6m","ZoneD","AHP","FCU",63104.682029367,1,0,0,0,2
"333121","Tokyo","Hotel","CL6m","ZoneD","AHP","OHUFCU",37348.0051795222,0,0,0,0,1
"333122","Tokyo","Hotel","CL6m","ZoneD","AHP","OHUFCU",45487.9389377051,1,0,0,0,1
"333137","Tokyo","Hotel","CL6m","ZoneD","AHP","OHUFCU",40242.2043737554,0,0,0,0,2
"333138","Tokyo","Hotel","CL6m","ZoneD","AHP","OHUFCU",49012.923889057,1,0,0,0,2
"333970","Tokyo","Hotel","CL6m","ZoneD","COM","CAV",59522.5072215776,1,0,0,0,2
"335105","Tokyo","Hotel","CL7b","ZoneD","EHP","MUL",36042.5566514534,0,0,0,0,1
"335106","Tokyo","Hotel","CL7b","ZoneD","EHP","MUL",48445.5331836681,1,0,0,0,1
"335121","Tokyo","Hotel","CL7b","ZoneD","EHP","MUL",43430.907286667,0,0,0,0,2
"335122","Tokyo","Hotel","CL7b","ZoneD","EHP","MUL",58376.3654864978,1,0,0,0,2
"335170","Tokyo","Hotel","CL7b","ZoneD","GHP","MUL",5150.79131154437,1,0,0,0,1
"335186","Tokyo","Hotel","CL7b","ZoneD","GHP","MUL",6206.6501571451,1,0,0,0,2
"335618","Tokyo","Hotel","CL7b","ZoneD","AHP","CAV",107731.176841427,1,0,0,0,1
"335634","Tokyo","Hotel","CL7b","ZoneD","AHP","CAV",129814.951767438,1,0,0,0,2
"337921","Tokyo","Hotel","CL7m","ZoneD","EHP","MUL",158584.11169879,0,0,0,0,1
"337922","Tokyo","Hotel","CL7m","ZoneD","EHP","MUL",213156.128739731,1,0,0,0,1
"337925","Tokyo","Hotel","CL7m","ZoneD","EHP","MUL",82154.7928546872,1,0,1,0,1
"337937","Tokyo","Hotel","CL7m","ZoneD","EHP","MUL",191092.211324884,0,0,0,0,2
"337938","Tokyo","Hotel","CL7m","ZoneD","EHP","MUL",256850.926375859,1,0,0,0,2
"337941","Tokyo","Hotel","CL7m","ZoneD","EHP","MUL",98995.6740897123,1,0,1,0,2
"337986","Tokyo","Hotel","CL7m","ZoneD","GHP","MUL",27671.57593931,1,0,0,0,1
"338002","Tokyo","Hotel","CL7m","ZoneD","GHP","MUL",33343.9622698818,1,0,0,0,2
"338049","Tokyo","Hotel","CL7m","ZoneD","ABCH","CAV",74124.3263862394,0,0,0,0,1
"338050","Tokyo","Hotel","CL7m","ZoneD","ABCH","CAV",108582.205359361,1,0,0,0,1
"338074","Tokyo","Hotel","CL7m","ZoneD","ABCH","CAV",146911.419715025,1,1,0,0,2
"338386","Tokyo","Hotel","CL7m","ZoneD","ABCH","OHUFCU",73248.0578061588,1,0,0,0,2
"338434","Tokyo","Hotel","CL7m","ZoneD","AHP","CAV",57682.1350771846,1,0,0,0,1
"338440","Tokyo","Hotel","CL7m","ZoneD","AHP","CAV",53191.7429405199,1,0,1,1,1
"338442","Tokyo","Hotel","CL7m","ZoneD","AHP","CAV",69379.2332807344,1,1,0,0,1
"338450","Tokyo","Hotel","CL7m","ZoneD","AHP","CAV",69506.3750571422,1,0,0,0,2
"338456","Tokyo","Hotel","CL7m","ZoneD","AHP","CAV",64095.4990625727,1,0,1,1,2
"338458","Tokyo","Hotel","CL7m","ZoneD","AHP","CAV",83601.2571853478,1,1,0,0,2
"338754","Tokyo","Hotel","CL7m","ZoneD","AHP","OHUFCU",89871.7767600315,1,0,0,0,1
"338769","Tokyo","Hotel","CL7m","ZoneD","AHP","OHUFCU",45968.3576901202,0,0,0,0,2
"338770","Tokyo","Hotel","CL7m","ZoneD","AHP","OHUFCU",62326.2020409964,1,0,0,0,2
"339586","Tokyo","Hotel","CL7m","ZoneD","COM","CAV",125932.358553114,1,0,0,0,1
"339602","Tokyo","Hotel","CL7m","ZoneD","COM","CAV",151747.187126668,1,0,0,0,2
"340769","Tokyo","Hotel","CL8","ZoneD","EHP","MUL",159580.001628317,0,0,0,0,3
"340770","Tokyo","Hotel","CL8","ZoneD","EHP","MUL",204937.363302913,1,0,0,0,3
"340773","Tokyo","Hotel","CL8","ZoneD","EHP","MUL",179127.172154945,1,0,1,0,3
"340776","Tokyo","Hotel","CL8","ZoneD","EHP","MUL",104783.818282448,1,0,1,1,3
"340834","Tokyo","Hotel","CL8","ZoneD","GHP","MUL",54236.0053613764,1,0,0,0,3
"340904","Tokyo","Hotel","CL8","ZoneD","ABCH","CAV",31729.8495358543,1,0,1,1,3
"340905","Tokyo","Hotel","CL8","ZoneD","ABCH","CAV",32348.9197804291,0,1,0,0,3
"340906","Tokyo","Hotel","CL8","ZoneD","ABCH","CAV",49081.9804399065,1,1,0,0,3
"340909","Tokyo","Hotel","CL8","ZoneD","ABCH","CAV",69455.2341299232,1,1,1,0,3
"340912","Tokyo","Hotel","CL8","ZoneD","ABCH","CAV",119373.4191425,1,1,1,1,3
"340968","Tokyo","Hotel","CL8","ZoneD","ABCH","VAV",148561.99804149,1,0,1,1,3
"341217","Tokyo","Hotel","CL8","ZoneD","ABCH","OHUFCU",47754.6624910339,0,0,0,0,3
"341218","Tokyo","Hotel","CL8","ZoneD","ABCH","OHUFCU",61327.9516009002,1,0,0,0,3
"341221","Tokyo","Hotel","CL8","ZoneD","ABCH","OHUFCU",53604.195776088,1,0,1,0,3
"341290","Tokyo","Hotel","CL8","ZoneD","AHP","CAV",50432.908821985,1,1,0,0,3
"341293","Tokyo","Hotel","CL8","ZoneD","AHP","CAV",71366.9142664837,1,1,1,0,3
"341296","Tokyo","Hotel","CL8","ZoneD","AHP","CAV",122659.043286839,1,1,1,1,3
"341352","Tokyo","Hotel","CL8","ZoneD","AHP","VAV",120260.172255886,1,0,1,1,3
"341601","Tokyo","Hotel","CL8","ZoneD","AHP","OHUFCU",38657.153329276,0,0,0,0,3
"341602","Tokyo","Hotel","CL8","ZoneD","AHP","OHUFCU",49644.660955389,1,0,0,0,3
"341605","Tokyo","Hotel","CL8","ZoneD","AHP","OHUFCU",43392.3203958947,1,0,1,0,3
"341672","Tokyo","Hotel","CL8","ZoneD","TB","CAV",73621.1146269104,1,0,1,1,3
"342056","Tokyo","Hotel","CL8","ZoneD","AB","CAV",95194.9186667835,1,0,1,1,3
"342064","Tokyo","Hotel","CL8","ZoneD","AB","CAV",78152.5890705593,1,1,1,1,3
"342440","Tokyo","Hotel","CL8","ZoneD","COM","CAV",34665.4364624193,1,0,1,1,3
"342441","Tokyo","Hotel","CL8","ZoneD","COM","CAV",35341.7819397223,0,1,0,0,3
"342442","Tokyo","Hotel","CL8","ZoneD","COM","CAV",53622.9543876869,1,1,0,0,3
"342445","Tokyo","Hotel","CL8","ZoneD","COM","CAV",75881.1037850224,1,1,1,0,3
"342448","Tokyo","Hotel","CL8","ZoneD","COM","CAV",130417.626844086,1,1,1,1,3
"342504","Tokyo","Hotel","CL8","ZoneD","COM","VAV",162306.679015856,1,0,1,1,3
"342753","Tokyo","Hotel","CL8","ZoneD","COM","OHUFCU",52172.8354399094,0,0,0,0,3
"342754","Tokyo","Hotel","CL8","ZoneD","COM","OHUFCU",67001.9001252753,1,0,0,0,3
"342757","Tokyo","Hotel","CL8","ZoneD","COM","OHUFCU",58563.5567132238,1,0,1,0,3
"343208","Tokyo","Hotel","CL8","ZoneD","COM+TESICE","CAV",104397.172221979,1,0,1,1,3
"343216","Tokyo","Hotel","CL8","ZoneD","COM+TESICE","CAV",85707.4034524031,1,1,1,1,3
"343585","Tokyo","Hotel","CL9","ZoneD","EHP","MUL",111364.061937486,0,0,0,0,3
"343586","Tokyo","Hotel","CL9","ZoneD","EHP","MUL",148491.603656875,1,0,0,0,3
"343589","Tokyo","Hotel","CL9","ZoneD","EHP","MUL",230980.174900151,1,0,1,0,3
"343592","Tokyo","Hotel","CL9","ZoneD","EHP","MUL",372064.34511289,1,0,1,1,3
"343656","Tokyo","Hotel","CL9","ZoneD","GHP","MUL",93461.5929757971,1,0,1,1,3
"343720","Tokyo","Hotel","CL9","ZoneD","ABCH","CAV",38537.844915369,1,0,1,1,3
"343725","Tokyo","Hotel","CL9","ZoneD","ABCH","CAV",72523.4418905479,1,1,1,0,3
"343728","Tokyo","Hotel","CL9","ZoneD","ABCH","CAV",305491.001557604,1,1,1,1,3
"343784","Tokyo","Hotel","CL9","ZoneD","ABCH","VAV",234397.987297387,1,0,1,1,3
"343792","Tokyo","Hotel","CL9","ZoneD","ABCH","VAV",78245.1471329177,1,1,1,1,3
"344037","Tokyo","Hotel","CL9","ZoneD","ABCH","OHUFCU",71657.0815427038,1,0,1,0,3
"344040","Tokyo","Hotel","CL9","ZoneD","ABCH","OHUFCU",115425.685898853,1,0,1,1,3
"344109","Tokyo","Hotel","CL9","ZoneD","AHP","CAV",51270.7860912301,1,1,1,0,3
"344112","Tokyo","Hotel","CL9","ZoneD","AHP","CAV",215968.290877503,1,1,1,1,3
"344168","Tokyo","Hotel","CL9","ZoneD","AHP","VAV",150378.00419912,1,0,1,1,3
"344176","Tokyo","Hotel","CL9","ZoneD","AHP","VAV",50198.1659475018,1,1,1,1,3
"344424","Tokyo","Hotel","CL9","ZoneD","AHP","OHUFCU",120022.929856544,1,0,1,1,3
"344488","Tokyo","Hotel","CL9","ZoneD","TB","CAV",65853.4999780349,1,0,1,1,3
"344496","Tokyo","Hotel","CL9","ZoneD","TB","CAV",76233.2024293604,1,1,1,1,3
"344877","Tokyo","Hotel","CL9","ZoneD","AB","CAV",52328.2826135564,1,1,1,0,3
"344880","Tokyo","Hotel","CL9","ZoneD","AB","CAV",220422.790875404,1,1,1,1,3
"344936","Tokyo","Hotel","CL9","ZoneD","AB","VAV",153479.657764408,1,0,1,1,3
"344944","Tokyo","Hotel","CL9","ZoneD","AB","VAV",51233.5389145203,1,1,1,1,3
"345192","Tokyo","Hotel","CL9","ZoneD","AB","OHUFCU",122498.488368498,1,0,1,1,3
"345256","Tokyo","Hotel","CL9","ZoneD","COM","CAV",57548.1569858151,1,0,1,1,3
"345257","Tokyo","Hotel","CL9","ZoneD","COM","CAV",27391.181124938,0,1,0,0,3
"345258","Tokyo","Hotel","CL9","ZoneD","COM","CAV",41782.7188665604,1,1,0,0,3
"345261","Tokyo","Hotel","CL9","ZoneD","COM","CAV",108298.490178532,1,1,1,0,3
"345264","Tokyo","Hotel","CL9","ZoneD","COM","CAV",456186.487697961,1,1,1,1,3
"345317","Tokyo","Hotel","CL9","ZoneD","COM","VAV",31092.1010465983,1,0,1,0,3
"345320","Tokyo","Hotel","CL9","ZoneD","COM","VAV",365638.174304651,1,0,1,1,3
"345328","Tokyo","Hotel","CL9","ZoneD","COM","VAV",122054.856680921,1,1,1,1,3
"345569","Tokyo","Hotel","CL9","ZoneD","COM","OHUFCU",34895.2516395371,0,0,0,0,3
"345570","Tokyo","Hotel","CL9","ZoneD","COM","OHUFCU",46528.9410768243,1,0,0,0,3
"345573","Tokyo","Hotel","CL9","ZoneD","COM","OHUFCU",72376.2332897809,1,0,1,0,3
"345576","Tokyo","Hotel","CL9","ZoneD","COM","OHUFCU",116584.100139074,1,0,1,1,3
"345584","Tokyo","Hotel","CL9","ZoneD","COM","OHUFCU",40051.7109561223,1,1,1,1,3
"346024","Tokyo","Hotel","CL9","ZoneD","COM+TESICE","CAV",48469.9813731196,1,0,1,1,3
"346026","Tokyo","Hotel","CL9","ZoneD","COM+TESICE","CAV",35191.5284737905,1,1,0,0,3
"346029","Tokyo","Hotel","CL9","ZoneD","COM+TESICE","CAV",91214.4902048612,1,1,1,0,3
"346032","Tokyo","Hotel","CL9","ZoneD","COM+TESICE","CAV",384223.435110862,1,1,1,1,3
"346088","Tokyo","Hotel","CL9","ZoneD","COM+TESICE","VAV",314610.640637893,1,0,1,1,3
"346096","Tokyo","Hotel","CL9","ZoneD","COM+TESICE","VAV",105021.19130853,1,1,1,1,3
"346338","Tokyo","Hotel","CL9","ZoneD","COM+TESICE","OHUFCU",42402.3841233062,1,0,0,0,3
"346341","Tokyo","Hotel","CL9","ZoneD","COM+TESICE","OHUFCU",65957.3326692345,1,0,1,0,3
"346344","Tokyo","Hotel","CL9","ZoneD","COM+TESICE","OHUFCU",106244.493907671,1,0,1,1,3
"346352","Tokyo","Hotel","CL9","ZoneD","COM+TESICE","OHUFCU",36499.6063407734,1,1,1,1,3
"346369","Nigata","Hotel","CL1","ZoneD","EHP","MUL",717.026027029511,0,0,0,0,1
"346385","Nigata","Hotel","CL1","ZoneD","EHP","MUL",412.934917399701,0,0,0,0,2
"349185","Nigata","Hotel","CL2","ZoneD","EHP","MUL",56025.2469706176,0,0,0,0,1
"349186","Nigata","Hotel","CL2","ZoneD","EHP","MUL",58088.3982050163,1,0,0,0,1
"349201","Nigata","Hotel","CL2","ZoneD","EHP","MUL",32264.9106978061,0,0,0,0,2
"349202","Nigata","Hotel","CL2","ZoneD","EHP","MUL",33453.0784245606,1,0,0,0,2
"349250","Nigata","Hotel","CL2","ZoneD","GHP","MUL",5767.677933232,1,0,0,0,1
"349266","Nigata","Hotel","CL2","ZoneD","GHP","MUL",3321.60273290779,1,0,0,0,2
"352001","Nigata","Hotel","CL3","ZoneD","EHP","MUL",111671.662122827,0,0,0,0,1
"352002","Nigata","Hotel","CL3","ZoneD","EHP","MUL",117670.121364252,1,0,0,0,1
"352017","Nigata","Hotel","CL3","ZoneD","EHP","MUL",85936.9097322358,0,0,0,0,2
"352018","Nigata","Hotel","CL3","ZoneD","EHP","MUL",90553.0230824243,1,0,0,0,2
"352066","Nigata","Hotel","CL3","ZoneD","GHP","MUL",11024.7154725792,1,0,0,0,1
"352082","Nigata","Hotel","CL3","ZoneD","GHP","MUL",8484.06802926022,1,0,0,0,2
"352641","Nigata","Hotel","CL3","ZoneD","AHP","FCU",37605.8691692056,0,0,0,0,1
"352642","Nigata","Hotel","CL3","ZoneD","AHP","FCU",43219.1013745236,1,0,0,0,1
"354817","Nigata","Hotel","CL4","ZoneD","EHP","MUL",137180.612037955,0,0,0,0,1
"354818","Nigata","Hotel","CL4","ZoneD","EHP","MUL",148048.963151956,1,0,0,0,1
"354833","Nigata","Hotel","CL4","ZoneD","EHP","MUL",79002.2433849561,0,0,0,0,2
"354834","Nigata","Hotel","CL4","ZoneD","EHP","MUL",85261.3211594739,1,0,0,0,2
"354882","Nigata","Hotel","CL4","ZoneD","GHP","MUL",14481.7730682501,1,0,0,0,1
"354898","Nigata","Hotel","CL4","ZoneD","GHP","MUL",8340.0456054756,1,0,0,0,2
"355329","Nigata","Hotel","CL4","ZoneD","AHP","CAV",33948.8151444477,0,0,0,0,1
"355330","Nigata","Hotel","CL4","ZoneD","AHP","CAV",44844.9141558524,1,0,0,0,1
"355457","Nigata","Hotel","CL4","ZoneD","AHP","FCU",39117.7147838604,0,0,0,0,1
"355458","Nigata","Hotel","CL4","ZoneD","AHP","FCU",42676.250181536,1,0,0,0,1
"355473","Nigata","Hotel","CL4","ZoneD","AHP","FCU",42218.7120698909,0,0,0,0,2
"355474","Nigata","Hotel","CL4","ZoneD","AHP","FCU",50263.6578403506,1,0,0,0,2
"357633","Nigata","Hotel","CL5","ZoneD","EHP","MUL",119755.882519333,0,0,0,0,1
"357634","Nigata","Hotel","CL5","ZoneD","EHP","MUL",137631.699276547,1,0,0,0,1
"357649","Nigata","Hotel","CL5","ZoneD","EHP","MUL",144304.597507525,0,0,0,0,2
"357650","Nigata","Hotel","CL5","ZoneD","EHP","MUL",165844.771468097,1,0,0,0,2
"357698","Nigata","Hotel","CL5","ZoneD","GHP","MUL",13405.4890387922,1,0,0,0,1
"357714","Nigata","Hotel","CL5","ZoneD","GHP","MUL",16153.4753820727,1,0,0,0,2
"357762","Nigata","Hotel","CL5","ZoneD","ABCH","CAV",63594.476397338,1,0,0,0,1
"357777","Nigata","Hotel","CL5","ZoneD","ABCH","CAV",33633.8232908186,0,0,0,0,2
"357778","Nigata","Hotel","CL5","ZoneD","ABCH","CAV",42996.8617925483,1,0,0,0,2
"358145","Nigata","Hotel","CL5","ZoneD","AHP","CAV",55450.8484446876,0,0,0,0,1
"358146","Nigata","Hotel","CL5","ZoneD","AHP","CAV",70887.3459386523,1,0,0,0,1
"358161","Nigata","Hotel","CL5","ZoneD","AHP","CAV",66817.6977859074,0,0,0,0,2
"358162","Nigata","Hotel","CL5","ZoneD","AHP","CAV",85418.5173108515,1,0,0,0,2
"360449","Nigata","Hotel","CL6b","ZoneD","EHP","MUL",47830.2484227933,0,0,0,0,1
"360450","Nigata","Hotel","CL6b","ZoneD","EHP","MUL",57815.5332771734,1,0,0,0,1
"360465","Nigata","Hotel","CL6b","ZoneD","EHP","MUL",57634.9537253162,0,0,0,0,2
"360466","Nigata","Hotel","CL6b","ZoneD","EHP","MUL",69667.1185058367,1,0,0,0,2
"360514","Nigata","Hotel","CL6b","ZoneD","GHP","MUL",4458.2868771414,1,0,0,0,1
"360530","Nigata","Hotel","CL6b","ZoneD","GHP","MUL",5372.18948952351,1,0,0,0,2
"360961","Nigata","Hotel","CL6b","ZoneD","AHP","CAV",53853.9031955329,0,0,0,0,1
"360962","Nigata","Hotel","CL6b","ZoneD","AHP","CAV",71811.5560474962,1,0,0,0,1
"360977","Nigata","Hotel","CL6b","ZoneD","AHP","CAV",64893.3953084603,0,0,0,0,2
"360978","Nigata","Hotel","CL6b","ZoneD","AHP","CAV",86532.1809152055,1,0,0,0,2
"363265","Nigata","Hotel","CL6m","ZoneD","EHP","MUL",82203.4072788978,0,0,0,0,1
"363266","Nigata","Hotel","CL6m","ZoneD","EHP","MUL",99364.6068282868,1,0,0,0,1
"363281","Nigata","Hotel","CL6m","ZoneD","EHP","MUL",87104.5615001878,0,0,0,0,2
"363282","Nigata","Hotel","CL6m","ZoneD","EHP","MUL",105288.950822338,1,0,0,0,2
"363285","Nigata","Hotel","CL6m","ZoneD","EHP","MUL",26394.0632418579,1,0,1,0,2
"363330","Nigata","Hotel","CL6m","ZoneD","GHP","MUL",7662.23015795946,1,0,0,0,1
"363346","Nigata","Hotel","CL6m","ZoneD","GHP","MUL",9232.90794317234,1,0,0,0,2
"363394","Nigata","Hotel","CL6m","ZoneD","ABCH","CAV",84998.5800562658,1,0,0,0,1
"363410","Nigata","Hotel","CL6m","ZoneD","ABCH","CAV",102422.408199868,1,0,0,0,2
"363777","Nigata","Hotel","CL6m","ZoneD","AHP","CAV",56129.8337390232,0,0,0,0,1
"363778","Nigata","Hotel","CL6m","ZoneD","AHP","CAV",74846.3985396114,1,0,0,0,1
"363793","Nigata","Hotel","CL6m","ZoneD","AHP","CAV",67635.8680298354,0,0,0,0,2
"363794","Nigata","Hotel","CL6m","ZoneD","AHP","CAV",90189.1346707149,1,0,0,0,2
"366082","Nigata","Hotel","CL7b","ZoneD","EHP","MUL",30898.2325431223,1,0,0,0,1
"366098","Nigata","Hotel","CL7b","ZoneD","EHP","MUL",37232.05004238,1,0,0,0,2
"366594","Nigata","Hotel","CL7b","ZoneD","AHP","CAV",52087.3647262381,1,0,0,0,1
"366610","Nigata","Hotel","CL7b","ZoneD","AHP","CAV",62764.7347580946,1,0,0,0,2
"368897","Nigata","Hotel","CL7m","ZoneD","EHP","MUL",68041.9754976332,0,0,0,0,1
"368898","Nigata","Hotel","CL7m","ZoneD","EHP","MUL",86653.0240627781,1,0,0,0,1
"368901","Nigata","Hotel","CL7m","ZoneD","EHP","MUL",37593.3003441467,1,0,1,0,1
"368913","Nigata","Hotel","CL7m","ZoneD","EHP","MUL",81989.8754135753,0,0,0,0,2
"368914","Nigata","Hotel","CL7m","ZoneD","EHP","MUL",104415.996084121,1,0,0,0,2
"368917","Nigata","Hotel","CL7m","ZoneD","EHP","MUL",45299.5373673257,1,0,1,0,2
"368962","Nigata","Hotel","CL7m","ZoneD","GHP","MUL",7644.34332555844,1,0,0,0,1
"368978","Nigata","Hotel","CL7m","ZoneD","GHP","MUL",9211.35449547513,1,0,0,0,2
"369026","Nigata","Hotel","CL7m","ZoneD","ABCH","CAV",118842.157856042,1,0,0,0,1
"369042","Nigata","Hotel","CL7m","ZoneD","ABCH","CAV",143203.568756411,1,0,0,0,2
"369410","Nigata","Hotel","CL7m","ZoneD","AHP","CAV",145348.890040185,1,0,0,0,1
"369425","Nigata","Hotel","CL7m","ZoneD","AHP","CAV",73847.7794015543,0,0,0,0,2
"369426","Nigata","Hotel","CL7m","ZoneD","AHP","CAV",101296.126970046,1,0,0,0,2
"370562","Nigata","Hotel","CL7m","ZoneD","COM","CAV",72849.7357173323,1,0,0,0,1
"370578","Nigata","Hotel","CL7m","ZoneD","COM","CAV",87783.176659586,1,0,0,0,2
"371745","Nigata","Hotel","CL8","ZoneD","EHP","MUL",57494.5448219399,0,0,0,0,3
"371746","Nigata","Hotel","CL8","ZoneD","EHP","MUL",73230.3757731544,1,0,0,0,3
"371749","Nigata","Hotel","CL8","ZoneD","EHP","MUL",65247.1405157522,1,0,1,0,3
"371752","Nigata","Hotel","CL8","ZoneD","EHP","MUL",38070.6542256575,1,0,1,1,3
"371810","Nigata","Hotel","CL8","ZoneD","GHP","MUL",11008.263622145,1,0,0,0,3
"371888","Nigata","Hotel","CL8","ZoneD","ABCH","CAV",115486.379468044,1,1,1,1,3
"371944","Nigata","Hotel","CL8","ZoneD","ABCH","VAV",57421.004067037,1,0,1,1,3
"372194","Nigata","Hotel","CL8","ZoneD","ABCH","OHUFCU",63102.422671562,1,0,0,0,3
"372264","Nigata","Hotel","CL8","ZoneD","AHP","CAV",103057.992856115,1,0,1,1,3
"372272","Nigata","Hotel","CL8","ZoneD","AHP","CAV",84492.5040055559,1,1,1,1,3
"373032","Nigata","Hotel","CL8","ZoneD","AB","CAV",71227.3967857687,1,0,1,1,3
"373424","Nigata","Hotel","CL8","ZoneD","COM","CAV",123114.549814623,1,1,1,1,3
"373480","Nigata","Hotel","CL8","ZoneD","COM","VAV",61213.8080540749,1,0,1,1,3
"373730","Nigata","Hotel","CL8","ZoneD","COM","OHUFCU",67270.4988692726,1,0,0,0,3
"374184","Nigata","Hotel","CL8","ZoneD","COM+TESICE","CAV",72579.3152707226,1,0,1,1,3
"380161","Nagoya","Hotel","CL2","ZoneD","EHP","MUL",159119.057157149,0,0,0,0,1
"380162","Nagoya","Hotel","CL2","ZoneD","EHP","MUL",166462.171201257,1,0,0,0,1
"380177","Nagoya","Hotel","CL2","ZoneD","EHP","MUL",107058.529359029,0,0,0,0,2
"380178","Nagoya","Hotel","CL2","ZoneD","EHP","MUL",111999.125441757,1,0,0,0,2
"380226","Nagoya","Hotel","CL2","ZoneD","GHP","MUL",16136.8684518968,1,0,0,0,1
"380242","Nagoya","Hotel","CL2","ZoneD","GHP","MUL",10857.212428138,1,0,0,0,2
"380801","Nagoya","Hotel","CL2","ZoneD","AHP","FCU",27042.4996460879,0,0,0,0,1
"380802","Nagoya","Hotel","CL2","ZoneD","AHP","FCU",30466.8286358817,1,0,0,0,1
"382977","Nagoya","Hotel","CL3","ZoneD","EHP","MUL",225159.797799205,0,0,0,0,1
"382978","Nagoya","Hotel","CL3","ZoneD","EHP","MUL",243653.375549452,1,0,0,0,1
"382993","Nagoya","Hotel","CL3","ZoneD","EHP","MUL",129669.41087359,0,0,0,0,2
"382994","Nagoya","Hotel","CL3","ZoneD","EHP","MUL",140319.852716489,1,0,0,0,2
"383042","Nagoya","Hotel","CL3","ZoneD","GHP","MUL",23384.4904848095,1,0,0,0,1
"383058","Nagoya","Hotel","CL3","ZoneD","GHP","MUL",13467.1159522379,1,0,0,0,2
"383490","Nagoya","Hotel","CL3","ZoneD","AHP","CAV",62429.6770028579,1,0,0,0,1
"383617","Nagoya","Hotel","CL3","ZoneD","AHP","FCU",42521.7884682578,0,0,0,0,1
"383618","Nagoya","Hotel","CL3","ZoneD","AHP","FCU",46364.7655140363,1,0,0,0,1
"383633","Nagoya","Hotel","CL3","ZoneD","AHP","FCU",39912.2118858518,0,0,0,0,2
"383634","Nagoya","Hotel","CL3","ZoneD","AHP","FCU",47230.7271256439,1,0,0,0,2
"385793","Nagoya","Hotel","CL4","ZoneD","EHP","MUL",357556.747785814,0,0,0,0,1
"385794","Nagoya","Hotel","CL4","ZoneD","EHP","MUL",411945.60945227,1,0,0,0,1
"385809","Nagoya","Hotel","CL4","ZoneD","EHP","MUL",205916.745762095,0,0,0,0,2
"385810","Nagoya","Hotel","CL4","ZoneD","EHP","MUL",237239.263011218,1,0,0,0,2
"385858","Nagoya","Hotel","CL4","ZoneD","GHP","MUL",35830.2106868072,1,0,0,0,1
"385874","Nagoya","Hotel","CL4","ZoneD","GHP","MUL",20634.5997671319,1,0,0,0,2
"385921","Nagoya","Hotel","CL4","ZoneD","ABCH","CAV",38893.5301492587,0,0,0,0,1
"385922","Nagoya","Hotel","CL4","ZoneD","ABCH","CAV",49778.4132720873,1,0,0,0,1
"386305","Nagoya","Hotel","CL4","ZoneD","AHP","CAV",41071.3636694264,0,0,0,0,1
"386306","Nagoya","Hotel","CL4","ZoneD","AHP","CAV",62070.8983886895,1,0,0,0,1
"386321","Nagoya","Hotel","CL4","ZoneD","AHP","CAV",42232.3529889784,0,0,0,0,2
"386322","Nagoya","Hotel","CL4","ZoneD","AHP","CAV",59793.6046888686,1,0,0,0,2
"386433","Nagoya","Hotel","CL4","ZoneD","AHP","FCU",44491.8716946018,0,0,0,0,1
"386434","Nagoya","Hotel","CL4","ZoneD","AHP","FCU",51820.6060777034,1,0,0,0,1
"386449","Nagoya","Hotel","CL4","ZoneD","AHP","FCU",44011.4157787788,0,0,0,0,2
"386450","Nagoya","Hotel","CL4","ZoneD","AHP","FCU",51258.6760823931,1,0,0,0,2
"386626","Nagoya","Hotel","CL4","ZoneD","AHP","OHUFCU",54460.9657666552,1,0,0,0,1
"388609","Nagoya","Hotel","CL5","ZoneD","EHP","MUL",352531.118846742,0,0,0,0,1
"388610","Nagoya","Hotel","CL5","ZoneD","EHP","MUL",405066.808157795,1,0,0,0,1
"388613","Nagoya","Hotel","CL5","ZoneD","EHP","MUL",52147.1901185813,1,0,1,0,1
"388625","Nagoya","Hotel","CL5","ZoneD","EHP","MUL",424796.345230422,0,0,0,0,2
"388626","Nagoya","Hotel","CL5","ZoneD","EHP","MUL",488101.306467616,1,0,0,0,2
"388629","Nagoya","Hotel","CL5","ZoneD","EHP","MUL",62836.8237359482,1,0,1,0,2
"388674","Nagoya","Hotel","CL5","ZoneD","GHP","MUL",44783.9485451166,1,0,0,0,1
"388690","Nagoya","Hotel","CL5","ZoneD","GHP","MUL",53964.193938928,1,0,0,0,2
"388737","Nagoya","Hotel","CL5","ZoneD","ABCH","CAV",49935.5444950145,0,0,0,0,1
"388738","Nagoya","Hotel","CL5","ZoneD","ABCH","CAV",68867.5182893997,1,0,0,0,1
"388753","Nagoya","Hotel","CL5","ZoneD","ABCH","CAV",41965.550321069,0,0,0,0,2
"388754","Nagoya","Hotel","CL5","ZoneD","ABCH","CAV",63344.0082953258,1,0,0,0,2
"388865","Nagoya","Hotel","CL5","ZoneD","ABCH","FCU",35837.8899040759,0,0,0,0,1
"388866","Nagoya","Hotel","CL5","ZoneD","ABCH","FCU",41724.7053246538,1,0,0,0,1
"388881","Nagoya","Hotel","CL5","ZoneD","ABCH","FCU",31764.8859500545,0,0,0,0,2
"388882","Nagoya","Hotel","CL5","ZoneD","ABCH","FCU",36988.2461430279,1,0,0,0,2
"389073","Nagoya","Hotel","CL5","ZoneD","ABCH","OHUFCU",28910.2877573603,0,0,0,0,2
"389074","Nagoya","Hotel","CL5","ZoneD","ABCH","OHUFCU",33645.6046688389,1,0,0,0,2
"389121","Nagoya","Hotel","CL5","ZoneD","AHP","CAV",65779.0705560498,0,0,0,0,1
"389122","Nagoya","Hotel","CL5","ZoneD","AHP","CAV",99288.8204511248,1,0,0,0,1
"389137","Nagoya","Hotel","CL5","ZoneD","AHP","CAV",64356.7513602603,0,0,0,0,2
"389138","Nagoya","Hotel","CL5","ZoneD","AHP","CAV",97141.9309608786,1,0,0,0,2
"389146","Nagoya","Hotel","CL5","ZoneD","AHP","CAV",37406.4158844625,1,1,0,0,2
"389249","Nagoya","Hotel","CL5","ZoneD","AHP","FCU",49789.9981801143,0,0,0,0,1
"389250","Nagoya","Hotel","CL5","ZoneD","AHP","FCU",57977.3751129686,1,0,0,0,1
"389265","Nagoya","Hotel","CL5","ZoneD","AHP","FCU",59996.4318756691,0,0,0,0,2
"389266","Nagoya","Hotel","CL5","ZoneD","AHP","FCU",69862.1362409409,1,0,0,0,2
"389441","Nagoya","Hotel","CL5","ZoneD","AHP","OHUFCU",45315.5467672341,0,0,0,0,1
"389442","Nagoya","Hotel","CL5","ZoneD","AHP","OHUFCU",52737.9382965314,1,0,0,0,1
"389457","Nagoya","Hotel","CL5","ZoneD","AHP","OHUFCU",54604.7642880797,0,0,0,0,2
"389458","Nagoya","Hotel","CL5","ZoneD","AHP","OHUFCU",63548.6691689578,1,0,0,0,2
"391425","Nagoya","Hotel","CL6b","ZoneD","EHP","MUL",171589.376221376,0,0,0,0,1
"391426","Nagoya","Hotel","CL6b","ZoneD","EHP","MUL",203304.982842534,1,0,0,0,1
"391429","Nagoya","Hotel","CL6b","ZoneD","EHP","MUL",45772.0805338974,1,0,1,0,1
"391441","Nagoya","Hotel","CL6b","ZoneD","EHP","MUL",206763.420312114,0,0,0,0,2
"391442","Nagoya","Hotel","CL6b","ZoneD","EHP","MUL",244980.397648776,1,0,0,0,2
"391445","Nagoya","Hotel","CL6b","ZoneD","EHP","MUL",55154.8827462383,1,0,1,0,2
"391490","Nagoya","Hotel","CL6b","ZoneD","GHP","MUL",19941.114063156,1,0,0,0,1
"391506","Nagoya","Hotel","CL6b","ZoneD","GHP","MUL",24028.8358133124,1,0,0,0,2
"391553","Nagoya","Hotel","CL6b","ZoneD","ABCH","CAV",70364.7082755896,0,0,0,0,1
"391554","Nagoya","Hotel","CL6b","ZoneD","ABCH","CAV",92079.5253199498,1,0,0,0,1
"391570","Nagoya","Hotel","CL6b","ZoneD","ABCH","CAV",122748.100856616,1,0,0,0,2
"391889","Nagoya","Hotel","CL6b","ZoneD","ABCH","OHUFCU",33191.3690023071,0,0,0,0,2
"391890","Nagoya","Hotel","CL6b","ZoneD","ABCH","OHUFCU",39804.148352386,1,0,0,0,2
"391937","Nagoya","Hotel","CL6b","ZoneD","AHP","CAV",63879.2060948838,0,0,0,0,1
"391938","Nagoya","Hotel","CL6b","ZoneD","AHP","CAV",91058.7915917661,1,0,0,0,1
"391954","Nagoya","Hotel","CL6b","ZoneD","AHP","CAV",83754.6598983145,1,0,0,0,2
"391962","Nagoya","Hotel","CL6b","ZoneD","AHP","CAV",63363.4383844031,1,1,0,0,2
"392082","Nagoya","Hotel","CL6b","ZoneD","AHP","FCU",63118.2605614136,1,0,0,0,2
"392257","Nagoya","Hotel","CL6b","ZoneD","AHP","OHUFCU",41895.591196994,0,0,0,0,1
"392258","Nagoya","Hotel","CL6b","ZoneD","AHP","OHUFCU",50242.5292310226,1,0,0,0,1
"392273","Nagoya","Hotel","CL6b","ZoneD","AHP","OHUFCU",39785.421009075,0,0,0,0,2
"392274","Nagoya","Hotel","CL6b","ZoneD","AHP","OHUFCU",47702.3822354728,1,0,0,0,2
"394241","Nagoya","Hotel","CL6m","ZoneD","EHP","MUL",233010.202577351,0,0,0,0,1
"394242","Nagoya","Hotel","CL6m","ZoneD","EHP","MUL",276078.486211214,1,0,0,0,1
"394245","Nagoya","Hotel","CL6m","ZoneD","EHP","MUL",62156.3058999081,1,0,1,0,1
"394257","Nagoya","Hotel","CL6m","ZoneD","EHP","MUL",280774.879619325,0,0,0,0,2
"394258","Nagoya","Hotel","CL6m","ZoneD","EHP","MUL",332671.715118166,1,0,0,0,2
"394261","Nagoya","Hotel","CL6m","ZoneD","EHP","MUL",74897.7045365005,1,0,1,0,2
"394306","Nagoya","Hotel","CL6m","ZoneD","GHP","MUL",27079.0833896347,1,0,0,0,1
"394322","Nagoya","Hotel","CL6m","ZoneD","GHP","MUL",32630.0148870192,1,0,0,0,2
"394370","Nagoya","Hotel","CL6m","ZoneD","ABCH","CAV",124307.755655504,1,0,0,0,1
"394385","Nagoya","Hotel","CL6m","ZoneD","ABCH","CAV",61756.561691227,0,0,0,0,2
"394386","Nagoya","Hotel","CL6m","ZoneD","ABCH","CAV",88032.9957781974,1,0,0,0,2
"394689","Nagoya","Hotel","CL6m","ZoneD","ABCH","OHUFCU",33613.1032498012,0,0,0,0,1
"394690","Nagoya","Hotel","CL6m","ZoneD","ABCH","OHUFCU",40309.9055132723,1,0,0,0,1
"394705","Nagoya","Hotel","CL6m","ZoneD","ABCH","OHUFCU",40503.4411120339,0,0,0,0,2
"394706","Nagoya","Hotel","CL6m","ZoneD","ABCH","OHUFCU",48573.0184462553,1,0,0,0,2
"394754","Nagoya","Hotel","CL6m","ZoneD","AHP","CAV",84818.8584995801,1,0,0,0,1
"394762","Nagoya","Hotel","CL6m","ZoneD","AHP","CAV",64168.5432296966,1,1,0,0,1
"394769","Nagoya","Hotel","CL6m","ZoneD","AHP","CAV",48214.2345689875,0,0,0,0,2
"394770","Nagoya","Hotel","CL6m","ZoneD","AHP","CAV",74757.3748290611,1,0,0,0,2
"394778","Nagoya","Hotel","CL6m","ZoneD","AHP","CAV",56556.6658561078,1,1,0,0,2
"394882","Nagoya","Hotel","CL6m","ZoneD","AHP","FCU",63920.2501424747,1,0,0,0,1
"394897","Nagoya","Hotel","CL6m","ZoneD","AHP","FCU",35007.3529282636,0,0,0,0,2
"394898","Nagoya","Hotel","CL6m","ZoneD","AHP","FCU",42015.886142277,1,0,0,0,2
"395073","Nagoya","Hotel","CL6m","ZoneD","AHP","OHUFCU",40290.940217678,0,0,0,0,1
"395074","Nagoya","Hotel","CL6m","ZoneD","AHP","OHUFCU",48308.4954775737,1,0,0,0,1
"395089","Nagoya","Hotel","CL6m","ZoneD","AHP","OHUFCU",48550.1654615854,0,0,0,0,2
"395090","Nagoya","Hotel","CL6m","ZoneD","AHP","OHUFCU",58211.2364706592,1,0,0,0,2
"395906","Nagoya","Hotel","CL6m","ZoneD","COM","CAV",56371.2860792028,1,0,0,0,1
"395922","Nagoya","Hotel","CL6m","ZoneD","COM","CAV",67926.8155977865,1,0,0,0,2
"397057","Nagoya","Hotel","CL7b","ZoneD","EHP","MUL",34314.5003544731,0,0,0,0,1
"397058","Nagoya","Hotel","CL7b","ZoneD","EHP","MUL",43682.8024636268,1,0,0,0,1
"397073","Nagoya","Hotel","CL7b","ZoneD","EHP","MUL",41348.6173551824,0,0,0,0,2
"397074","Nagoya","Hotel","CL7b","ZoneD","EHP","MUL",52637.3243209725,1,0,0,0,2
"397122","Nagoya","Hotel","CL7b","ZoneD","GHP","MUL",4096.58638478527,1,0,0,0,1
"397138","Nagoya","Hotel","CL7b","ZoneD","GHP","MUL",4936.34414422868,1,0,0,0,2
"397202","Nagoya","Hotel","CL7b","ZoneD","ABCH","CAV",73660.7637920874,1,0,0,0,2
"397570","Nagoya","Hotel","CL7b","ZoneD","AHP","CAV",137015.149159689,1,0,0,0,1
"397586","Nagoya","Hotel","CL7b","ZoneD","AHP","CAV",91441.0711739778,1,0,0,0,2
"399873","Nagoya","Hotel","CL7m","ZoneD","EHP","MUL",141424.992998599,0,0,0,0,1
"399874","Nagoya","Hotel","CL7m","ZoneD","EHP","MUL",180035.843994804,1,0,0,0,1
"399877","Nagoya","Hotel","CL7m","ZoneD","EHP","MUL",77312.4116412828,1,0,1,0,1
"399889","Nagoya","Hotel","CL7m","ZoneD","EHP","MUL",170415.651096494,0,0,0,0,2
"399890","Nagoya","Hotel","CL7m","ZoneD","EHP","MUL",216941.32645554,1,0,0,0,2
"399893","Nagoya","Hotel","CL7m","ZoneD","EHP","MUL",93160.6549050344,1,0,1,0,2
"399938","Nagoya","Hotel","CL7m","ZoneD","GHP","MUL",20944.4301527098,1,0,0,0,1
"399954","Nagoya","Hotel","CL7m","ZoneD","GHP","MUL",25237.8213047141,1,0,0,0,2
"400010","Nagoya","Hotel","CL7m","ZoneD","ABCH","CAV",158251.752492433,1,1,0,0,1
"400018","Nagoya","Hotel","CL7m","ZoneD","ABCH","CAV",58492.5311232029,1,0,0,0,2
"400024","Nagoya","Hotel","CL7m","ZoneD","ABCH","CAV",58615.6515071865,1,0,1,1,2
"400026","Nagoya","Hotel","CL7m","ZoneD","ABCH","CAV",73583.5392947892,1,1,0,0,2
"400322","Nagoya","Hotel","CL7m","ZoneD","ABCH","OHUFCU",87389.6788458047,1,0,0,0,1
"400337","Nagoya","Hotel","CL7m","ZoneD","ABCH","OHUFCU",46112.1591395149,0,0,0,0,2
"400338","Nagoya","Hotel","CL7m","ZoneD","ABCH","OHUFCU",59191.4983248267,1,0,0,0,2
"400386","Nagoya","Hotel","CL7m","ZoneD","AHP","CAV",60259.0373821574,1,0,0,0,1
"400392","Nagoya","Hotel","CL7m","ZoneD","AHP","CAV",60385.876068713,1,0,1,1,1
"400394","Nagoya","Hotel","CL7m","ZoneD","AHP","CAV",75805.802209801,1,1,0,0,1
"400402","Nagoya","Hotel","CL7m","ZoneD","AHP","CAV",47528.1257178709,1,0,0,0,2
"400409","Nagoya","Hotel","CL7m","ZoneD","AHP","CAV",41522.2821036582,0,1,0,0,2
"400410","Nagoya","Hotel","CL7m","ZoneD","AHP","CAV",66019.9856950408,1,1,0,0,2
"400413","Nagoya","Hotel","CL7m","ZoneD","AHP","CAV",43648.1630837263,1,1,1,0,2
"400472","Nagoya","Hotel","CL7m","ZoneD","AHP","VAV",58988.2468252868,1,0,1,1,2
"400705","Nagoya","Hotel","CL7m","ZoneD","AHP","OHUFCU",47504.7714298308,0,0,0,0,1
"400706","Nagoya","Hotel","CL7m","ZoneD","AHP","OHUFCU",60979.1137734976,1,0,0,0,1
"400721","Nagoya","Hotel","CL7m","ZoneD","AHP","OHUFCU",48277.8736691094,0,0,0,0,2
"400722","Nagoya","Hotel","CL7m","ZoneD","AHP","OHUFCU",61458.3571687275,1,0,0,0,2
"401538","Nagoya","Hotel","CL7m","ZoneD","COM","CAV",149935.064572458,1,0,0,0,1
"401553","Nagoya","Hotel","CL7m","ZoneD","COM","CAV",76169.6394048392,0,0,0,0,2
"401554","Nagoya","Hotel","CL7m","ZoneD","COM","CAV",104500.559755527,1,0,0,0,2
"402721","Nagoya","Hotel","CL8","ZoneD","EHP","MUL",130821.719046754,0,0,0,0,3
"402722","Nagoya","Hotel","CL8","ZoneD","EHP","MUL",166289.221373387,1,0,0,0,3
"402725","Nagoya","Hotel","CL8","ZoneD","EHP","MUL",152554.686131287,1,0,1,0,3
"402728","Nagoya","Hotel","CL8","ZoneD","EHP","MUL",90856.8435147113,1,0,1,1,3
"402786","Nagoya","Hotel","CL8","ZoneD","GHP","MUL",28263.4184412143,1,0,0,0,3
"402858","Nagoya","Hotel","CL8","ZoneD","ABCH","CAV",50724.3804174461,1,1,0,0,3
"402861","Nagoya","Hotel","CL8","ZoneD","ABCH","CAV",75860.4074547666,1,1,1,0,3
"402864","Nagoya","Hotel","CL8","ZoneD","ABCH","CAV",131130.659593852,1,1,1,1,3
"402920","Nagoya","Hotel","CL8","ZoneD","ABCH","VAV",130659.671629695,1,0,1,1,3
"403169","Nagoya","Hotel","CL8","ZoneD","ABCH","OHUFCU",41275.6036042071,0,0,0,0,3
"403170","Nagoya","Hotel","CL8","ZoneD","ABCH","OHUFCU",52465.966928681,1,0,0,0,3
"403173","Nagoya","Hotel","CL8","ZoneD","ABCH","OHUFCU",48132.5791971046,1,0,1,0,3
"403242","Nagoya","Hotel","CL8","ZoneD","AHP","CAV",39039.4565369235,1,1,0,0,3
"403245","Nagoya","Hotel","CL8","ZoneD","AHP","CAV",58385.1208300826,1,1,1,0,3
"403248","Nagoya","Hotel","CL8","ZoneD","AHP","CAV",100923.257095351,1,1,1,1,3
"403304","Nagoya","Hotel","CL8","ZoneD","AHP","VAV",100560.766434946,1,0,1,1,3
"403554","Nagoya","Hotel","CL8","ZoneD","AHP","OHUFCU",56947.7095053572,1,0,0,0,3
"403557","Nagoya","Hotel","CL8","ZoneD","AHP","OHUFCU",52244.1555606192,1,0,1,0,3
"403624","Nagoya","Hotel","CL8","ZoneD","TB","CAV",63977.0795512937,1,0,1,1,3
"404008","Nagoya","Hotel","CL8","ZoneD","AB","CAV",85652.3315415782,1,0,1,1,3
"404016","Nagoya","Hotel","CL8","ZoneD","AB","CAV",70865.1630156356,1,1,1,1,3
"404394","Nagoya","Hotel","CL8","ZoneD","COM","CAV",54701.56936318,1,1,0,0,3
"404397","Nagoya","Hotel","CL8","ZoneD","COM","CAV",81808.4579083152,1,1,1,0,3
"404400","Nagoya","Hotel","CL8","ZoneD","COM","CAV",141412.330961574,1,1,1,1,3
"404456","Nagoya","Hotel","CL8","ZoneD","COM","VAV",140904.413849949,1,0,1,1,3
"404705","Nagoya","Hotel","CL8","ZoneD","COM","OHUFCU",44511.93439883,0,0,0,0,3
"404706","Nagoya","Hotel","CL8","ZoneD","COM","OHUFCU",56579.7099055044,1,0,0,0,3
"404709","Nagoya","Hotel","CL8","ZoneD","COM","OHUFCU",51906.5506155222,1,0,1,0,3
"405160","Nagoya","Hotel","CL8","ZoneD","COM+TESICE","CAV",93454.5333404945,1,0,1,1,3
"405168","Nagoya","Hotel","CL8","ZoneD","COM+TESICE","CAV",77320.3790314737,1,1,1,1,3
"411137","Osaka","Hotel","CL2","ZoneD","EHP","MUL",69083.2582657132,0,0,0,0,1
"411138","Osaka","Hotel","CL2","ZoneD","EHP","MUL",71284.8143029563,1,0,0,0,1
"411153","Osaka","Hotel","CL2","ZoneD","EHP","MUL",39785.0126359226,0,0,0,0,2
"411154","Osaka","Hotel","CL2","ZoneD","EHP","MUL",41052.8876169133,1,0,0,0,2
"411202","Osaka","Hotel","CL2","ZoneD","GHP","MUL",6656.19165718496,1,0,0,0,1
"411218","Osaka","Hotel","CL2","ZoneD","GHP","MUL",3833.29732609989,1,0,0,0,2
"413953","Osaka","Hotel","CL3","ZoneD","EHP","MUL",100289.522501032,0,0,0,0,1
"413954","Osaka","Hotel","CL3","ZoneD","EHP","MUL",108191.681380937,1,0,0,0,1
"413969","Osaka","Hotel","CL3","ZoneD","EHP","MUL",72900.8394955236,0,0,0,0,2
"413970","Osaka","Hotel","CL3","ZoneD","EHP","MUL",78644.9491672603,1,0,0,0,2
"414018","Osaka","Hotel","CL3","ZoneD","GHP","MUL",9250.49323230557,1,0,0,0,1
"414034","Osaka","Hotel","CL3","ZoneD","GHP","MUL",6724.21909652423,1,0,0,0,2
"414594","Osaka","Hotel","CL3","ZoneD","AHP","FCU",57090.5813605199,1,0,0,0,1
"416769","Osaka","Hotel","CL4","ZoneD","EHP","MUL",166246.941753547,0,0,0,0,1
"416770","Osaka","Hotel","CL4","ZoneD","EHP","MUL",189996.287911605,1,0,0,0,1
"416785","Osaka","Hotel","CL4","ZoneD","EHP","MUL",95741.5276058429,0,0,0,0,2
"416786","Osaka","Hotel","CL4","ZoneD","EHP","MUL",109418.763751235,1,0,0,0,2
"416834","Osaka","Hotel","CL4","ZoneD","GHP","MUL",17073.9836162721,1,0,0,0,1
"416850","Osaka","Hotel","CL4","ZoneD","GHP","MUL",9832.89831678452,1,0,0,0,2
"417281","Osaka","Hotel","CL4","ZoneD","AHP","CAV",32404.8958335925,0,0,0,0,1
"417282","Osaka","Hotel","CL4","ZoneD","AHP","CAV",45497.8091598579,1,0,0,0,1
"417297","Osaka","Hotel","CL4","ZoneD","AHP","CAV",38443.0462125322,0,0,0,0,2
"417298","Osaka","Hotel","CL4","ZoneD","AHP","CAV",48774.8077157309,1,0,0,0,2
"417409","Osaka","Hotel","CL4","ZoneD","AHP","FCU",34122.4621861832,0,0,0,0,1
"417410","Osaka","Hotel","CL4","ZoneD","AHP","FCU",39421.1471258466,1,0,0,0,1
"419585","Osaka","Hotel","CL5","ZoneD","EHP","MUL",214989.669414862,0,0,0,0,1
"419586","Osaka","Hotel","CL5","ZoneD","EHP","MUL",261251.180418416,1,0,0,0,1
"419589","Osaka","Hotel","CL5","ZoneD","EHP","MUL",30948.6558601743,1,0,1,0,1
"419601","Osaka","Hotel","CL5","ZoneD","EHP","MUL",259060.32388997,0,0,0,0,2
"419602","Osaka","Hotel","CL5","ZoneD","EHP","MUL",314804.965280593,1,0,0,0,2
"419605","Osaka","Hotel","CL5","ZoneD","EHP","MUL",37292.8096169337,1,0,1,0,2
"419650","Osaka","Hotel","CL5","ZoneD","GHP","MUL",28105.9120359623,1,0,0,0,1
"419666","Osaka","Hotel","CL5","ZoneD","GHP","MUL",33867.3327656928,1,0,0,0,2
"419713","Osaka","Hotel","CL5","ZoneD","ABCH","CAV",39378.1081699479,0,0,0,0,1
"419714","Osaka","Hotel","CL5","ZoneD","ABCH","CAV",53504.8215333414,1,0,0,0,1
"419729","Osaka","Hotel","CL5","ZoneD","ABCH","CAV",47450.2123029719,0,0,0,0,2
"419730","Osaka","Hotel","CL5","ZoneD","ABCH","CAV",64472.7555227557,1,0,0,0,2
"420097","Osaka","Hotel","CL5","ZoneD","AHP","CAV",50305.8698794145,0,0,0,0,1
"420098","Osaka","Hotel","CL5","ZoneD","AHP","CAV",73739.813292216,1,0,0,0,1
"420113","Osaka","Hotel","CL5","ZoneD","AHP","CAV",42886.4046908283,0,0,0,0,2
"420114","Osaka","Hotel","CL5","ZoneD","AHP","CAV",68583.2535657316,1,0,0,0,2
"420225","Osaka","Hotel","CL5","ZoneD","AHP","FCU",33820.5971829101,0,0,0,0,1
"420226","Osaka","Hotel","CL5","ZoneD","AHP","FCU",41645.1257687044,1,0,0,0,1
"420241","Osaka","Hotel","CL5","ZoneD","AHP","FCU",30389.4640787148,0,0,0,0,2
"420242","Osaka","Hotel","CL5","ZoneD","AHP","FCU",37425.3774572184,1,0,0,0,2
"420434","Osaka","Hotel","CL5","ZoneD","AHP","OHUFCU",61124.6772191449,1,0,0,0,2
"422401","Osaka","Hotel","CL6b","ZoneD","EHP","MUL",52087.6712104638,0,0,0,0,1
"422402","Osaka","Hotel","CL6b","ZoneD","EHP","MUL",62675.9642787349,1,0,0,0,1
"422417","Osaka","Hotel","CL6b","ZoneD","EHP","MUL",62765.1040684104,0,0,0,0,2
"422418","Osaka","Hotel","CL6b","ZoneD","EHP","MUL",75523.8874982095,1,0,0,0,2
"422466","Osaka","Hotel","CL6b","ZoneD","GHP","MUL",6769.81845876788,1,0,0,0,1
"422482","Osaka","Hotel","CL6b","ZoneD","GHP","MUL",8157.56109294927,1,0,0,0,2
"422546","Osaka","Hotel","CL6b","ZoneD","ABCH","CAV",66587.8631266862,1,0,0,0,2
"422913","Osaka","Hotel","CL6b","ZoneD","AHP","CAV",57522.7620756898,0,0,0,0,1
"422914","Osaka","Hotel","CL6b","ZoneD","AHP","CAV",76256.1661231129,1,0,0,0,1
"422930","Osaka","Hotel","CL6b","ZoneD","AHP","CAV",94614.3591157145,1,0,0,0,2
"425217","Osaka","Hotel","CL6m","ZoneD","EHP","MUL",88245.4696456643,0,0,0,0,1
"425218","Osaka","Hotel","CL6m","ZoneD","EHP","MUL",106183.858382226,1,0,0,0,1
"425233","Osaka","Hotel","CL6m","ZoneD","EHP","MUL",93508.6147984409,0,0,0,0,2
"425234","Osaka","Hotel","CL6m","ZoneD","EHP","MUL",112516.886715484,1,0,0,0,2
"425237","Osaka","Hotel","CL6m","ZoneD","EHP","MUL",28259.8240540609,1,0,1,0,2
"425282","Osaka","Hotel","CL6m","ZoneD","GHP","MUL",11469.2362977028,1,0,0,0,1
"425298","Osaka","Hotel","CL6m","ZoneD","GHP","MUL",13820.310892799,1,0,0,0,2
"425346","Osaka","Hotel","CL6m","ZoneD","ABCH","CAV",93620.1308279681,1,0,0,0,1
"425361","Osaka","Hotel","CL6m","ZoneD","ABCH","CAV",48507.0178099057,0,0,0,0,2
"425362","Osaka","Hotel","CL6m","ZoneD","ABCH","CAV",64304.2697320723,1,0,0,0,2
"425729","Osaka","Hotel","CL6m","ZoneD","AHP","CAV",57198.3152112156,0,0,0,0,1
"425730","Osaka","Hotel","CL6m","ZoneD","AHP","CAV",75826.0568393667,1,0,0,0,1
"425745","Osaka","Hotel","CL6m","ZoneD","AHP","CAV",68923.3771320629,0,0,0,0,2
"425746","Osaka","Hotel","CL6m","ZoneD","AHP","CAV",91369.6127705553,1,0,0,0,2
"428034","Osaka","Hotel","CL7b","ZoneD","EHP","MUL",50286.1194490459,1,0,0,0,1
"428050","Osaka","Hotel","CL7b","ZoneD","EHP","MUL",56472.5310220533,1,0,0,0,2
"428114","Osaka","Hotel","CL7b","ZoneD","GHP","MUL",4121.72184179632,1,0,0,0,2
"428546","Osaka","Hotel","CL7b","ZoneD","AHP","CAV",82703.5783005044,1,0,0,0,1
"428562","Osaka","Hotel","CL7b","ZoneD","AHP","CAV",99656.9548653256,1,0,0,0,2
"430849","Osaka","Hotel","CL7m","ZoneD","EHP","MUL",106315.599314007,0,0,0,0,1
"430850","Osaka","Hotel","CL7m","ZoneD","EHP","MUL",135080.375855379,1,0,0,0,1
"430853","Osaka","Hotel","CL7m","ZoneD","EHP","MUL",57536.2701834515,1,0,1,0,1
"430865","Osaka","Hotel","CL7m","ZoneD","EHP","MUL",128109.195515321,0,0,0,0,2
"430866","Osaka","Hotel","CL7m","ZoneD","EHP","MUL",162770.453182781,1,0,0,0,2
"430869","Osaka","Hotel","CL7m","ZoneD","EHP","MUL",69330.6093716676,1,0,1,0,2
"430914","Osaka","Hotel","CL7m","ZoneD","GHP","MUL",21817.9625136129,1,0,0,0,1
"430930","Osaka","Hotel","CL7m","ZoneD","GHP","MUL",26290.4187479302,1,0,0,0,2
"430977","Osaka","Hotel","CL7m","ZoneD","ABCH","CAV",57466.781894112,0,0,0,0,1
"430978","Osaka","Hotel","CL7m","ZoneD","ABCH","CAV",78742.5059511461,1,0,0,0,1
"430981","Osaka","Hotel","CL7m","ZoneD","ABCH","CAV",49267.4149234663,1,0,1,0,1
"431002","Osaka","Hotel","CL7m","ZoneD","ABCH","CAV",143837.650676003,1,1,0,0,2
"431314","Osaka","Hotel","CL7m","ZoneD","ABCH","OHUFCU",79659.8542231227,1,0,0,0,2
"431370","Osaka","Hotel","CL7m","ZoneD","AHP","CAV",147547.892870065,1,1,0,0,1
"431378","Osaka","Hotel","CL7m","ZoneD","AHP","CAV",79456.5465991466,1,0,0,0,2
"431386","Osaka","Hotel","CL7m","ZoneD","AHP","CAV",98337.1353960642,1,1,0,0,2
"431682","Osaka","Hotel","CL7m","ZoneD","AHP","OHUFCU",81714.6524690783,1,0,0,0,1
"431697","Osaka","Hotel","CL7m","ZoneD","AHP","OHUFCU",43162.3044652179,0,0,0,0,2
"431698","Osaka","Hotel","CL7m","ZoneD","AHP","OHUFCU",55303.005020636,1,0,0,0,2
"432514","Osaka","Hotel","CL7m","ZoneD","COM","CAV",112785.846726017,1,0,0,0,1
"432530","Osaka","Hotel","CL7m","ZoneD","COM","CAV",135905.776601127,1,0,0,0,2
"433697","Osaka","Hotel","CL8","ZoneD","EHP","MUL",158788.081175466,0,0,0,0,3
"433698","Osaka","Hotel","CL8","ZoneD","EHP","MUL",201594.665485037,1,0,0,0,3
"433701","Osaka","Hotel","CL8","ZoneD","EHP","MUL",182139.154811486,1,0,1,0,3
"433704","Osaka","Hotel","CL8","ZoneD","EHP","MUL",104210.792571566,1,0,1,1,3
"433762","Osaka","Hotel","CL8","ZoneD","GHP","MUL",49614.8857203602,1,0,0,0,3
"433832","Osaka","Hotel","CL8","ZoneD","ABCH","CAV",33101.8235387721,1,0,1,1,3
"433833","Osaka","Hotel","CL8","ZoneD","ABCH","CAV",34236.7862349108,0,1,0,0,3
"433834","Osaka","Hotel","CL8","ZoneD","ABCH","CAV",51283.1220306996,1,1,0,0,3
"433837","Osaka","Hotel","CL8","ZoneD","ABCH","CAV",75362.3965490564,1,1,1,0,3
"433840","Osaka","Hotel","CL8","ZoneD","ABCH","CAV",125991.534811276,1,1,1,1,3
"433896","Osaka","Hotel","CL8","ZoneD","ABCH","VAV",159906.764445666,1,0,1,1,3
"434145","Osaka","Hotel","CL8","ZoneD","ABCH","OHUFCU",51747.1000070416,0,0,0,0,3
"434146","Osaka","Hotel","CL8","ZoneD","ABCH","OHUFCU",65697.2440155171,1,0,0,0,3
"434149","Osaka","Hotel","CL8","ZoneD","ABCH","OHUFCU",59356.9302522958,1,0,1,0,3
"434218","Osaka","Hotel","CL8","ZoneD","AHP","CAV",50441.9542609948,1,1,0,0,3
"434221","Osaka","Hotel","CL8","ZoneD","AHP","CAV",74126.2701878955,1,1,1,0,3
"434224","Osaka","Hotel","CL8","ZoneD","AHP","CAV",123924.967602762,1,1,1,1,3
"434280","Osaka","Hotel","CL8","ZoneD","AHP","VAV",124183.639264154,1,0,1,1,3
"434529","Osaka","Hotel","CL8","ZoneD","AHP","OHUFCU",40186.8127500262,0,0,0,0,3
"434530","Osaka","Hotel","CL8","ZoneD","AHP","OHUFCU",51020.4985996336,1,0,0,0,3
"434533","Osaka","Hotel","CL8","ZoneD","AHP","OHUFCU",46096.6091073853,1,0,1,0,3
"434600","Osaka","Hotel","CL8","ZoneD","TB","CAV",77976.0827833944,1,0,1,1,3
"434984","Osaka","Hotel","CL8","ZoneD","AB","CAV",103395.562038014,1,0,1,1,3
"434992","Osaka","Hotel","CL8","ZoneD","AB","CAV",84403.3951996956,1,1,1,1,3
"435368","Osaka","Hotel","CL8","ZoneD","COM","CAV",35267.2835356173,1,0,1,1,3
"435369","Osaka","Hotel","CL8","ZoneD","COM","CAV",36476.4933895755,0,1,0,0,3
"435370","Osaka","Hotel","CL8","ZoneD","COM","CAV",54637.9689061515,1,1,0,0,3
"435373","Osaka","Hotel","CL8","ZoneD","COM","CAV",80292.4649726952,1,1,1,0,3
"435376","Osaka","Hotel","CL8","ZoneD","COM","CAV",134233.667703302,1,1,1,1,3
"435429","Osaka","Hotel","CL8","ZoneD","COM","VAV",31473.333215989,1,0,1,0,3
"435432","Osaka","Hotel","CL8","ZoneD","COM","VAV",138894.235639032,1,0,1,1,3
"435681","Osaka","Hotel","CL8","ZoneD","COM","OHUFCU",46248.5973144603,0,0,0,0,3
"435682","Osaka","Hotel","CL8","ZoneD","COM","OHUFCU",58716.4378821235,1,0,0,0,3
"435685","Osaka","Hotel","CL8","ZoneD","COM","OHUFCU",53049.8281968917,1,0,1,0,3
"435688","Osaka","Hotel","CL8","ZoneD","COM","OHUFCU",30352.4228379413,1,0,1,1,3
"436136","Osaka","Hotel","CL8","ZoneD","COM+TESICE","CAV",58149.3249815999,1,0,1,1,3
"436144","Osaka","Hotel","CL8","ZoneD","COM+TESICE","CAV",71594.9291016527,1,1,1,1,3
"436456","Osaka","Hotel","CL8","ZoneD","COM+TESICE","OHUFCU",71689.6692232221,1,0,1,1,3
"436513","Osaka","Hotel","CL9","ZoneD","EHP","MUL",61998.9925219848,0,0,0,0,3
"436514","Osaka","Hotel","CL9","ZoneD","EHP","MUL",79390.7946775469,1,0,0,0,3
"436517","Osaka","Hotel","CL9","ZoneD","EHP","MUL",125477.549461464,1,0,1,0,3
"436520","Osaka","Hotel","CL9","ZoneD","EHP","MUL",191173.193841735,1,0,1,1,3
"436584","Osaka","Hotel","CL9","ZoneD","GHP","MUL",53854.8675314663,1,0,1,1,3
"436653","Osaka","Hotel","CL9","ZoneD","ABCH","CAV",54454.1132820976,1,1,1,0,3
"436656","Osaka","Hotel","CL9","ZoneD","ABCH","CAV",211372.654259039,1,1,1,1,3
"436712","Osaka","Hotel","CL9","ZoneD","ABCH","VAV",152168.79542568,1,0,1,1,3
"436720","Osaka","Hotel","CL9","ZoneD","ABCH","VAV",50778.8362220634,1,1,1,1,3
"436965","Osaka","Hotel","CL9","ZoneD","ABCH","OHUFCU",50540.5512442997,1,0,1,0,3
"436968","Osaka","Hotel","CL9","ZoneD","ABCH","OHUFCU",77001.8114105901,1,0,1,1,3
"437040","Osaka","Hotel","CL9","ZoneD","AHP","CAV",157202.758374668,1,1,1,1,3
"437096","Osaka","Hotel","CL9","ZoneD","AHP","VAV",89988.5086845729,1,0,1,1,3
"437104","Osaka","Hotel","CL9","ZoneD","AHP","VAV",30029.2299191749,1,1,1,1,3
"437352","Osaka","Hotel","CL9","ZoneD","AHP","OHUFCU",75425.1026126184,1,0,1,1,3
"437416","Osaka","Hotel","CL9","ZoneD","TB","CAV",45544.926065406,1,0,1,1,3
"437424","Osaka","Hotel","CL9","ZoneD","TB","CAV",51447.7479632996,1,1,1,1,3
"437805","Osaka","Hotel","CL9","ZoneD","AB","CAV",39343.2857084386,1,1,1,0,3
"437808","Osaka","Hotel","CL9","ZoneD","AB","CAV",152717.475801748,1,1,1,1,3
"437864","Osaka","Hotel","CL9","ZoneD","AB","VAV",109942.482459075,1,0,1,1,3
"437872","Osaka","Hotel","CL9","ZoneD","AB","VAV",36687.8852856732,1,1,1,1,3
"438120","Osaka","Hotel","CL9","ZoneD","AB","OHUFCU",92149.7993708095,1,0,1,1,3
"438184","Osaka","Hotel","CL9","ZoneD","COM","CAV",36153.0460162681,1,0,1,1,3
"438189","Osaka","Hotel","CL9","ZoneD","COM","CAV",73396.7447973285,1,1,1,0,3
"438192","Osaka","Hotel","CL9","ZoneD","COM","CAV",284901.613977525,1,1,1,1,3
"438248","Osaka","Hotel","CL9","ZoneD","COM","VAV",225798.160494669,1,0,1,1,3
"438256","Osaka","Hotel","CL9","ZoneD","COM","VAV",75349.0081782362,1,1,1,1,3
"438501","Osaka","Hotel","CL9","ZoneD","COM","OHUFCU",74995.4251094999,1,0,1,0,3
"438504","Osaka","Hotel","CL9","ZoneD","COM","OHUFCU",114260.399595267,1,0,1,1,3
"438957","Osaka","Hotel","CL9","ZoneD","COM+TESICE","CAV",65216.1087391105,1,1,1,0,3
"438960","Osaka","Hotel","CL9","ZoneD","COM+TESICE","CAV",253147.121012138,1,1,1,1,3
"439016","Osaka","Hotel","CL9","ZoneD","COM+TESICE","VAV",182242.554529728,1,0,1,1,3
"439024","Osaka","Hotel","CL9","ZoneD","COM+TESICE","VAV",60814.471214469,1,1,1,1,3
"439269","Osaka","Hotel","CL9","ZoneD","COM+TESICE","OHUFCU",60529.0929742576,1,0,1,0,3
"439272","Osaka","Hotel","CL9","ZoneD","COM+TESICE","OHUFCU",92220.0032905957,1,0,1,1,3
"442113","Hiroshima","Hotel","CL2","ZoneD","EHP","MUL",47199.8565660818,0,0,0,0,1
"442114","Hiroshima","Hotel","CL2","ZoneD","EHP","MUL",48323.5910755068,1,0,0,0,1
"442129","Hiroshima","Hotel","CL2","ZoneD","EHP","MUL",27998.9853260673,0,0,0,0,2
"442130","Hiroshima","Hotel","CL2","ZoneD","EHP","MUL",28665.5853610849,1,0,0,0,2
"442178","Hiroshima","Hotel","CL2","ZoneD","GHP","MUL",2869.71380136549,1,0,0,0,1
"444929","Hiroshima","Hotel","CL3","ZoneD","EHP","MUL",85140.7265048819,0,0,0,0,1
"444930","Hiroshima","Hotel","CL3","ZoneD","EHP","MUL",89903.6537876486,1,0,0,0,1
"444945","Hiroshima","Hotel","CL3","ZoneD","EHP","MUL",49032.5002737969,0,0,0,0,2
"444946","Hiroshima","Hotel","CL3","ZoneD","EHP","MUL",51775.4676277687,1,0,0,0,2
"444994","Hiroshima","Hotel","CL3","ZoneD","GHP","MUL",5908.56024792171,1,0,0,0,1
"445010","Hiroshima","Hotel","CL3","ZoneD","GHP","MUL",3402.73678493165,1,0,0,0,2
"447745","Hiroshima","Hotel","CL4","ZoneD","EHP","MUL",115410.991973554,0,0,0,0,1
"447746","Hiroshima","Hotel","CL4","ZoneD","EHP","MUL",133114.933495652,1,0,0,0,1
"447761","Hiroshima","Hotel","CL4","ZoneD","EHP","MUL",66465.1304709975,0,0,0,0,2
"447762","Hiroshima","Hotel","CL4","ZoneD","EHP","MUL",76660.8212192992,1,0,0,0,2
"447810","Hiroshima","Hotel","CL4","ZoneD","GHP","MUL",8446.79869033973,1,0,0,0,1
"447826","Hiroshima","Hotel","CL4","ZoneD","GHP","MUL",4864.5069885919,1,0,0,0,2
"448257","Hiroshima","Hotel","CL4","ZoneD","AHP","CAV",43066.9553516754,0,0,0,0,1
"448258","Hiroshima","Hotel","CL4","ZoneD","AHP","CAV",55080.4663067628,1,0,0,0,1
"448274","Hiroshima","Hotel","CL4","ZoneD","AHP","CAV",56523.0492725931,1,0,0,0,2
"450561","Hiroshima","Hotel","CL5","ZoneD","EHP","MUL",144795.384220723,0,0,0,0,1
"450562","Hiroshima","Hotel","CL5","ZoneD","EHP","MUL",174434.794678879,1,0,0,0,1
"450577","Hiroshima","Hotel","CL5","ZoneD","EHP","MUL",162582.610545425,0,0,0,0,2
"450578","Hiroshima","Hotel","CL5","ZoneD","EHP","MUL",195863.041087108,1,0,0,0,2
"450581","Hiroshima","Hotel","CL5","ZoneD","EHP","MUL",26223.4060308831,1,0,1,0,2
"450626","Hiroshima","Hotel","CL5","ZoneD","GHP","MUL",12303.447283003,1,0,0,0,1
"450642","Hiroshima","Hotel","CL5","ZoneD","GHP","MUL",14825.5264858675,1,0,0,0,2
"450690","Hiroshima","Hotel","CL5","ZoneD","ABCH","CAV",66313.9306285942,1,0,0,0,1
"450705","Hiroshima","Hotel","CL5","ZoneD","ABCH","CAV",34111.8114044326,0,0,0,0,2
"450706","Hiroshima","Hotel","CL5","ZoneD","ABCH","CAV",45795.7878482087,1,0,0,0,2
"451073","Hiroshima","Hotel","CL5","ZoneD","AHP","CAV",55826.465477373,0,0,0,0,1
"451074","Hiroshima","Hotel","CL5","ZoneD","AHP","CAV",74948.1444712994,1,0,0,0,1
"451089","Hiroshima","Hotel","CL5","ZoneD","AHP","CAV",67270.312418094,0,0,0,0,2
"451090","Hiroshima","Hotel","CL5","ZoneD","AHP","CAV",90311.7374640926,1,0,0,0,2
"453377","Hiroshima","Hotel","CL6b","ZoneD","EHP","MUL",34111.0003934892,0,0,0,0,1
"453378","Hiroshima","Hotel","CL6b","ZoneD","EHP","MUL",41171.8492761725,1,0,0,0,1
"453393","Hiroshima","Hotel","CL6b","ZoneD","EHP","MUL",41103.4020108936,0,0,0,0,2
"453394","Hiroshima","Hotel","CL6b","ZoneD","EHP","MUL",49611.6517489605,1,0,0,0,2
"453442","Hiroshima","Hotel","CL6b","ZoneD","GHP","MUL",3878.90806500792,1,0,0,0,1
"453458","Hiroshima","Hotel","CL6b","ZoneD","GHP","MUL",4674.0440245121,1,0,0,0,2
"453890","Hiroshima","Hotel","CL6b","ZoneD","AHP","CAV",89258.5578455886,1,0,0,0,1
"453905","Hiroshima","Hotel","CL6b","ZoneD","AHP","CAV",46145.1909944157,0,0,0,0,2
"453906","Hiroshima","Hotel","CL6b","ZoneD","AHP","CAV",61410.446299063,1,0,0,0,2
"456193","Hiroshima","Hotel","CL6m","ZoneD","EHP","MUL",69024.4931554251,0,0,0,0,1
"456194","Hiroshima","Hotel","CL6m","ZoneD","EHP","MUL",83312.3038250675,1,0,0,0,1
"456209","Hiroshima","Hotel","CL6m","ZoneD","EHP","MUL",83173.7990102204,0,0,0,0,2
"456210","Hiroshima","Hotel","CL6m","ZoneD","EHP","MUL",100390.46281472,1,0,0,0,2
"456258","Hiroshima","Hotel","CL6m","ZoneD","GHP","MUL",7849.07097696163,1,0,0,0,1
"456274","Hiroshima","Hotel","CL6m","ZoneD","GHP","MUL",9458.04919399757,1,0,0,0,2
"456322","Hiroshima","Hotel","CL6m","ZoneD","ABCH","CAV",71664.8810465453,1,0,0,0,1
"456338","Hiroshima","Hotel","CL6m","ZoneD","ABCH","CAV",86355.4390589281,1,0,0,0,2
"456705","Hiroshima","Hotel","CL6m","ZoneD","AHP","CAV",46744.3332331408,0,0,0,0,1
"456706","Hiroshima","Hotel","CL6m","ZoneD","AHP","CAV",62207.7903230847,1,0,0,0,1
"456721","Hiroshima","Hotel","CL6m","ZoneD","AHP","CAV",56326.4371741997,0,0,0,0,2
"456722","Hiroshima","Hotel","CL6m","ZoneD","AHP","CAV",74959.742732939,1,0,0,0,2
"459010","Hiroshima","Hotel","CL7b","ZoneD","EHP","MUL",15489.2765316305,1,0,0,0,1
"459026","Hiroshima","Hotel","CL7b","ZoneD","EHP","MUL",18664.4177184269,1,0,0,0,2
"459522","Hiroshima","Hotel","CL7b","ZoneD","AHP","CAV",25495.1072063366,1,0,0,0,1
"459538","Hiroshima","Hotel","CL7b","ZoneD","AHP","CAV",30721.3399995419,1,0,0,0,2
"461825","Hiroshima","Hotel","CL7m","ZoneD","EHP","MUL",49327.0795784817,0,0,0,0,1
"461826","Hiroshima","Hotel","CL7m","ZoneD","EHP","MUL",62955.014010312,1,0,0,0,1
"461841","Hiroshima","Hotel","CL7m","ZoneD","EHP","MUL",59438.6197575333,0,0,0,0,2
"461842","Hiroshima","Hotel","CL7m","ZoneD","EHP","MUL",75860.1395332049,1,0,0,0,2
"461890","Hiroshima","Hotel","CL7m","ZoneD","GHP","MUL",5722.64119939531,1,0,0,0,1
"461906","Hiroshima","Hotel","CL7m","ZoneD","GHP","MUL",6895.72334641187,1,0,0,0,2
"461954","Hiroshima","Hotel","CL7m","ZoneD","ABCH","CAV",86422.6684433998,1,0,0,0,1
"461970","Hiroshima","Hotel","CL7m","ZoneD","ABCH","CAV",104138.419949749,1,0,0,0,2
"462338","Hiroshima","Hotel","CL7m","ZoneD","AHP","CAV",107811.28161466,1,0,0,0,1
"462354","Hiroshima","Hotel","CL7m","ZoneD","AHP","CAV",129911.477189127,1,0,0,0,2
"464674","Hiroshima","Hotel","CL8","ZoneD","EHP","MUL",54689.7568298476,1,0,0,0,3
"464677","Hiroshima","Hotel","CL8","ZoneD","EHP","MUL",48533.9904436743,1,0,1,0,3
"464738","Hiroshima","Hotel","CL8","ZoneD","GHP","MUL",5079.96560335184,1,0,0,0,3
"464808","Hiroshima","Hotel","CL8","ZoneD","ABCH","CAV",123138.300748418,1,0,1,1,3
"465192","Hiroshima","Hotel","CL8","ZoneD","AHP","CAV",98106.1132349433,1,0,1,1,3
"466344","Hiroshima","Hotel","CL8","ZoneD","COM","CAV",72595.2388888997,1,0,1,1,3
"466352","Hiroshima","Hotel","CL8","ZoneD","COM","CAV",59465.2849767849,1,1,1,1,3
"473089","Matsuyama","Hotel","CL2","ZoneD","EHP","MUL",45022.2456130767,0,0,0,0,1
"473090","Matsuyama","Hotel","CL2","ZoneD","EHP","MUL",44792.2394330329,1,0,0,0,1
"473105","Matsuyama","Hotel","CL2","ZoneD","EHP","MUL",26772.3794193798,0,0,0,0,2
"473106","Matsuyama","Hotel","CL2","ZoneD","EHP","MUL",26635.6067498456,1,0,0,0,2
"473153","Matsuyama","Hotel","CL2","ZoneD","GHP","MUL",2923.89701107813,0,0,0,0,1
"475905","Matsuyama","Hotel","CL3","ZoneD","EHP","MUL",70817.4003667359,0,0,0,0,1
"475906","Matsuyama","Hotel","CL3","ZoneD","EHP","MUL",73634.2906351655,1,0,0,0,1
"475921","Matsuyama","Hotel","CL3","ZoneD","EHP","MUL",40783.7041732602,0,0,0,0,2
"475922","Matsuyama","Hotel","CL3","ZoneD","EHP","MUL",42405.9498191217,1,0,0,0,2
"475970","Matsuyama","Hotel","CL3","ZoneD","GHP","MUL",4834.48497825938,1,0,0,0,1
"475986","Matsuyama","Hotel","CL3","ZoneD","GHP","MUL",2784.17739372447,1,0,0,0,2
"478721","Matsuyama","Hotel","CL4","ZoneD","EHP","MUL",77906.947118561,0,0,0,0,1
"478722","Matsuyama","Hotel","CL4","ZoneD","EHP","MUL",89422.4687231156,1,0,0,0,1
"478737","Matsuyama","Hotel","CL4","ZoneD","EHP","MUL",60672.962913909,0,0,0,0,2
"478738","Matsuyama","Hotel","CL4","ZoneD","EHP","MUL",69641.1081318726,1,0,0,0,2
"478786","Matsuyama","Hotel","CL4","ZoneD","GHP","MUL",4952.84123143617,1,0,0,0,1
"478802","Matsuyama","Hotel","CL4","ZoneD","GHP","MUL",3857.21124325525,1,0,0,0,2
"479362","Matsuyama","Hotel","CL4","ZoneD","AHP","FCU",60694.653881699,1,0,0,0,1
"481537","Matsuyama","Hotel","CL5","ZoneD","EHP","MUL",57798.1267440886,0,0,0,0,1
"481538","Matsuyama","Hotel","CL5","ZoneD","EHP","MUL",68793.6411075392,1,0,0,0,1
"481553","Matsuyama","Hotel","CL5","ZoneD","EHP","MUL",69646.143813839,0,0,0,0,2
"481554","Matsuyama","Hotel","CL5","ZoneD","EHP","MUL",82895.6246846409,1,0,0,0,2
"481602","Matsuyama","Hotel","CL5","ZoneD","GHP","MUL",6249.3084462299,1,0,0,0,1
"481618","Matsuyama","Hotel","CL5","ZoneD","GHP","MUL",7530.35192144321,1,0,0,0,2
"482049","Matsuyama","Hotel","CL5","ZoneD","AHP","CAV",38078.3373777727,0,0,0,0,1
"482050","Matsuyama","Hotel","CL5","ZoneD","AHP","CAV",50552.2585962134,1,0,0,0,1
"482065","Matsuyama","Hotel","CL5","ZoneD","AHP","CAV",45884.0019668194,0,0,0,0,2
"482066","Matsuyama","Hotel","CL5","ZoneD","AHP","CAV",60914.9477784128,1,0,0,0,2
"484354","Matsuyama","Hotel","CL6b","ZoneD","EHP","MUL",40036.4134217526,1,0,0,0,1
"484370","Matsuyama","Hotel","CL6b","ZoneD","EHP","MUL",48243.4633099397,1,0,0,0,2
"484866","Matsuyama","Hotel","CL6b","ZoneD","AHP","CAV",43765.5575436793,1,0,0,0,1
"484882","Matsuyama","Hotel","CL6b","ZoneD","AHP","CAV",52737.0433349152,1,0,0,0,2
"487169","Matsuyama","Hotel","CL6m","ZoneD","EHP","MUL",38607.0092450884,0,0,0,0,1
"487170","Matsuyama","Hotel","CL6m","ZoneD","EHP","MUL",46929.0959284939,1,0,0,0,1
"487185","Matsuyama","Hotel","CL6m","ZoneD","EHP","MUL",46521.0460887581,0,0,0,0,2
"487186","Matsuyama","Hotel","CL6m","ZoneD","EHP","MUL",56549.0743075615,1,0,0,0,2
"487234","Matsuyama","Hotel","CL6m","ZoneD","GHP","MUL",4563.78149864125,1,0,0,0,1
"487250","Matsuyama","Hotel","CL6m","ZoneD","GHP","MUL",5499.30941527986,1,0,0,0,2
"487682","Matsuyama","Hotel","CL6m","ZoneD","AHP","CAV",98492.1334809108,1,0,0,0,1
"487697","Matsuyama","Hotel","CL6m","ZoneD","AHP","CAV",50695.0408198872,0,0,0,0,2
"487698","Matsuyama","Hotel","CL6m","ZoneD","AHP","CAV",67986.9594344701,1,0,0,0,2
"489986","Matsuyama","Hotel","CL7b","ZoneD","EHP","MUL",8354.4044026484,1,0,0,0,1
"490002","Matsuyama","Hotel","CL7b","ZoneD","EHP","MUL",10066.97073561,1,0,0,0,2
"490498","Matsuyama","Hotel","CL7b","ZoneD","AHP","CAV",13745.0736721921,1,0,0,0,1
"490514","Matsuyama","Hotel","CL7b","ZoneD","AHP","CAV",16562.6713464933,1,0,0,0,2
"492802","Matsuyama","Hotel","CL7m","ZoneD","EHP","MUL",67358.9401212353,1,0,0,0,1
"492817","Matsuyama","Hotel","CL7m","ZoneD","EHP","MUL",35622.4756065758,0,0,0,0,2
"492818","Matsuyama","Hotel","CL7m","ZoneD","EHP","MUL",45544.3492561545,1,0,0,0,2
"492866","Matsuyama","Hotel","CL7m","ZoneD","GHP","MUL",3427.53327663024,1,0,0,0,1
"492882","Matsuyama","Hotel","CL7m","ZoneD","GHP","MUL",4130.14208172971,1,0,0,0,2
"493314","Matsuyama","Hotel","CL7m","ZoneD","AHP","CAV",116461.35917719,1,0,0,0,1
"493330","Matsuyama","Hotel","CL7m","ZoneD","AHP","CAV",140334.731018584,1,0,0,0,2
"495650","Matsuyama","Hotel","CL8","ZoneD","EHP","MUL",58502.7936823133,1,0,0,0,3
"495714","Matsuyama","Hotel","CL8","ZoneD","GHP","MUL",3130.78571441397,1,0,0,0,3
"495784","Matsuyama","Hotel","CL8","ZoneD","ABCH","CAV",100200.147249478,1,0,1,1,3
"497320","Matsuyama","Hotel","CL8","ZoneD","COM","CAV",107289.463554096,1,0,1,1,3
"501250","Fukuoka","Hotel","CL1","ZoneD","EHP","MUL",124.405146617479,1,0,0,0,1
"501266","Fukuoka","Hotel","CL1","ZoneD","EHP","MUL",71.6448594696161,1,0,0,0,2
"504065","Fukuoka","Hotel","CL2","ZoneD","EHP","MUL",322275.249217375,0,0,0,0,1
"504066","Fukuoka","Hotel","CL2","ZoneD","EHP","MUL",336715.689659549,1,0,0,0,1
"504081","Fukuoka","Hotel","CL2","ZoneD","EHP","MUL",208344.387098496,0,0,0,0,2
"504082","Fukuoka","Hotel","CL2","ZoneD","EHP","MUL",217679.837837153,1,0,0,0,2
"504130","Fukuoka","Hotel","CL2","ZoneD","GHP","MUL",21059.7282668229,1,0,0,0,1
"504146","Fukuoka","Hotel","CL2","ZoneD","GHP","MUL",13614.6855486647,1,0,0,0,2
"504705","Fukuoka","Hotel","CL2","ZoneD","AHP","FCU",39264.7334220494,0,0,0,0,1
"504706","Fukuoka","Hotel","CL2","ZoneD","AHP","FCU",44079.8174923076,1,0,0,0,1
"506881","Fukuoka","Hotel","CL3","ZoneD","EHP","MUL",297158.34526783,0,0,0,0,1
"506882","Fukuoka","Hotel","CL3","ZoneD","EHP","MUL",328474.81977638,1,0,0,0,1
"506897","Fukuoka","Hotel","CL3","ZoneD","EHP","MUL",171133.337050752,0,0,0,0,2
"506898","Fukuoka","Hotel","CL3","ZoneD","EHP","MUL",189168.478491868,1,0,0,0,2
"506946","Fukuoka","Hotel","CL3","ZoneD","GHP","MUL",18163.4618073423,1,0,0,0,1
"506962","Fukuoka","Hotel","CL3","ZoneD","GHP","MUL",10460.3282424486,1,0,0,0,2
"507393","Fukuoka","Hotel","CL3","ZoneD","AHP","CAV",28694.7461591885,0,0,0,0,1
"507394","Fukuoka","Hotel","CL3","ZoneD","AHP","CAV",39380.8281278563,1,0,0,0,1
"507521","Fukuoka","Hotel","CL3","ZoneD","AHP","FCU",44168.255872901,0,0,0,0,1
"507522","Fukuoka","Hotel","CL3","ZoneD","AHP","FCU",49200.1283053466,1,0,0,0,1
"507537","Fukuoka","Hotel","CL3","ZoneD","AHP","FCU",42046.5970700228,0,0,0,0,2
"507538","Fukuoka","Hotel","CL3","ZoneD","AHP","FCU",50928.8949490453,1,0,0,0,2
"509697","Fukuoka","Hotel","CL4","ZoneD","EHP","MUL",390506.257060292,0,0,0,0,1
"509698","Fukuoka","Hotel","CL4","ZoneD","EHP","MUL",450200.926523177,1,0,0,0,1
"509701","Fukuoka","Hotel","CL4","ZoneD","EHP","MUL",30053.370036905,1,0,1,0,1
"509713","Fukuoka","Hotel","CL4","ZoneD","EHP","MUL",232931.741222358,0,0,0,0,2
"509714","Fukuoka","Hotel","CL4","ZoneD","EHP","MUL",268538.810374995,1,0,0,0,2
"509762","Fukuoka","Hotel","CL4","ZoneD","GHP","MUL",26817.9957493316,1,0,0,0,1
"509778","Fukuoka","Hotel","CL4","ZoneD","GHP","MUL",15444.469854816,1,0,0,0,2
"509825","Fukuoka","Hotel","CL4","ZoneD","ABCH","CAV",40907.3979052712,0,0,0,0,1
"509826","Fukuoka","Hotel","CL4","ZoneD","ABCH","CAV",52215.6566741649,1,0,0,0,1
"509842","Fukuoka","Hotel","CL4","ZoneD","ABCH","CAV",53629.5188754488,1,0,0,0,2
"510209","Fukuoka","Hotel","CL4","ZoneD","AHP","CAV",48408.0707398498,0,0,0,0,1
"510210","Fukuoka","Hotel","CL4","ZoneD","AHP","CAV",68377.4423204362,1,0,0,0,1
"510225","Fukuoka","Hotel","CL4","ZoneD","AHP","CAV",58084.8422171148,0,0,0,0,2
"510226","Fukuoka","Hotel","CL4","ZoneD","AHP","CAV",74141.5571385217,1,0,0,0,2
"510337","Fukuoka","Hotel","CL4","ZoneD","AHP","FCU",52094.3501697847,0,0,0,0,1
"510338","Fukuoka","Hotel","CL4","ZoneD","AHP","FCU",60719.9255100477,1,0,0,0,1
"512513","Fukuoka","Hotel","CL5","ZoneD","EHP","MUL",326639.394115887,0,0,0,0,1
"512514","Fukuoka","Hotel","CL5","ZoneD","EHP","MUL",387950.015130155,1,0,0,0,1
"512517","Fukuoka","Hotel","CL5","ZoneD","EHP","MUL",47561.8939208054,1,0,1,0,1
"512529","Fukuoka","Hotel","CL5","ZoneD","EHP","MUL",393597.085223646,0,0,0,0,2
"512530","Fukuoka","Hotel","CL5","ZoneD","EHP","MUL",467475.748236064,1,0,0,0,2
"512533","Fukuoka","Hotel","CL5","ZoneD","EHP","MUL",57311.58933115,1,0,1,0,2
"512578","Fukuoka","Hotel","CL5","ZoneD","GHP","MUL",29400.3325026904,1,0,0,0,1
"512594","Fukuoka","Hotel","CL5","ZoneD","GHP","MUL",35427.0960151226,1,0,0,0,2
"512641","Fukuoka","Hotel","CL5","ZoneD","ABCH","CAV",64063.7711683013,0,0,0,0,1
"512642","Fukuoka","Hotel","CL5","ZoneD","ABCH","CAV",84690.4957118796,1,0,0,0,1
"512657","Fukuoka","Hotel","CL5","ZoneD","ABCH","CAV",77196.1804194753,0,0,0,0,2
"512658","Fukuoka","Hotel","CL5","ZoneD","ABCH","CAV",102051.169757299,1,0,0,0,2
"513025","Fukuoka","Hotel","CL5","ZoneD","AHP","CAV",50312.4195753566,0,0,0,0,1
"513026","Fukuoka","Hotel","CL5","ZoneD","AHP","CAV",78535.4072597467,1,0,0,0,1
"513041","Fukuoka","Hotel","CL5","ZoneD","AHP","CAV",60625.9442435283,0,0,0,0,2
"513042","Fukuoka","Hotel","CL5","ZoneD","AHP","CAV",94634.3519524208,1,0,0,0,2
"513153","Fukuoka","Hotel","CL5","ZoneD","AHP","FCU",37681.3154576984,0,0,0,0,1
"513154","Fukuoka","Hotel","CL5","ZoneD","AHP","FCU",45347.5474874461,1,0,0,0,1
"513169","Fukuoka","Hotel","CL5","ZoneD","AHP","FCU",45405.5946671298,0,0,0,0,2
"513170","Fukuoka","Hotel","CL5","ZoneD","AHP","FCU",54643.3248243391,1,0,0,0,2
"513345","Fukuoka","Hotel","CL5","ZoneD","AHP","OHUFCU",33958.0355858913,0,0,0,0,1
"513346","Fukuoka","Hotel","CL5","ZoneD","AHP","OHUFCU",40844.7681151153,1,0,0,0,1
"513361","Fukuoka","Hotel","CL5","ZoneD","AHP","OHUFCU",40919.0810027821,0,0,0,0,2
"513362","Fukuoka","Hotel","CL5","ZoneD","AHP","OHUFCU",49217.5223391502,1,0,0,0,2
"515329","Fukuoka","Hotel","CL6b","ZoneD","EHP","MUL",90619.2314922118,0,0,0,0,1
"515330","Fukuoka","Hotel","CL6b","ZoneD","EHP","MUL",111321.390072204,1,0,0,0,1
"515345","Fukuoka","Hotel","CL6b","ZoneD","EHP","MUL",97523.7093592182,0,0,0,0,2
"515346","Fukuoka","Hotel","CL6b","ZoneD","EHP","MUL",119803.210776499,1,0,0,0,2
"515349","Fukuoka","Hotel","CL6b","ZoneD","EHP","MUL",26009.4363106401,1,0,1,0,2
"515394","Fukuoka","Hotel","CL6b","ZoneD","GHP","MUL",8187.46463744475,1,0,0,0,1
"515410","Fukuoka","Hotel","CL6b","ZoneD","GHP","MUL",9865.81004839427,1,0,0,0,2
"515458","Fukuoka","Hotel","CL6b","ZoneD","ABCH","CAV",66577.8745832865,1,0,0,0,1
"515474","Fukuoka","Hotel","CL6b","ZoneD","ABCH","CAV",80225.6489830189,1,0,0,0,2
"515841","Fukuoka","Hotel","CL6b","ZoneD","AHP","CAV",43807.9769356115,0,0,0,0,1
"515842","Fukuoka","Hotel","CL6b","ZoneD","AHP","CAV",59540.3431412814,1,0,0,0,1
"515857","Fukuoka","Hotel","CL6b","ZoneD","AHP","CAV",52788.1582626374,0,0,0,0,2
"515858","Fukuoka","Hotel","CL6b","ZoneD","AHP","CAV",71745.4965193507,1,0,0,0,2
"518145","Fukuoka","Hotel","CL6m","ZoneD","EHP","MUL",154536.44322235,0,0,0,0,1
"518146","Fukuoka","Hotel","CL6m","ZoneD","EHP","MUL",189840.626465749,1,0,0,0,1
"518149","Fukuoka","Hotel","CL6m","ZoneD","EHP","MUL",41214.6523555567,1,0,1,0,1
"518161","Fukuoka","Hotel","CL6m","ZoneD","EHP","MUL",186214.812753316,0,0,0,0,2
"518162","Fukuoka","Hotel","CL6m","ZoneD","EHP","MUL",228755.987734414,1,0,0,0,2
"518165","Fukuoka","Hotel","CL6m","ZoneD","EHP","MUL",49663.2290160867,1,0,1,0,2
"518210","Fukuoka","Hotel","CL6m","ZoneD","GHP","MUL",15633.400374163,1,0,0,0,1
"518226","Fukuoka","Hotel","CL6m","ZoneD","GHP","MUL",18838.0854552459,1,0,0,0,2
"518273","Fukuoka","Hotel","CL6m","ZoneD","ABCH","CAV",53886.9640038706,0,0,0,0,1
"518274","Fukuoka","Hotel","CL6m","ZoneD","ABCH","CAV",73238.9065203371,1,0,0,0,1
"518289","Fukuoka","Hotel","CL6m","ZoneD","ABCH","CAV",64933.233239926,0,0,0,0,2
"518290","Fukuoka","Hotel","CL6m","ZoneD","ABCH","CAV",88252.1234445611,1,0,0,0,2
"518658","Fukuoka","Hotel","CL6m","ZoneD","AHP","CAV",124755.644243367,1,0,0,0,1
"518673","Fukuoka","Hotel","CL6m","ZoneD","AHP","CAV",60609.0539625656,0,0,0,0,2
"518674","Fukuoka","Hotel","CL6m","ZoneD","AHP","CAV",89720.2046141462,1,0,0,0,2
"518977","Fukuoka","Hotel","CL6m","ZoneD","AHP","OHUFCU",32356.6449621928,0,0,0,0,1
"518978","Fukuoka","Hotel","CL6m","ZoneD","AHP","OHUFCU",40224.216941899,1,0,0,0,1
"518993","Fukuoka","Hotel","CL6m","ZoneD","AHP","OHUFCU",38989.4218950734,0,0,0,0,2
"518994","Fukuoka","Hotel","CL6m","ZoneD","AHP","OHUFCU",48469.7646056681,1,0,0,0,2
"520962","Fukuoka","Hotel","CL7b","ZoneD","EHP","MUL",31444.3991032487,1,0,0,0,1
"520978","Fukuoka","Hotel","CL7b","ZoneD","EHP","MUL",37890.1750878732,1,0,0,0,2
"521474","Fukuoka","Hotel","CL7b","ZoneD","AHP","CAV",49098.5434343348,1,0,0,0,1
"521490","Fukuoka","Hotel","CL7b","ZoneD","AHP","CAV",59163.2360719619,1,0,0,0,2
"523777","Fukuoka","Hotel","CL7m","ZoneD","EHP","MUL",75693.0446352671,0,0,0,0,1
"523778","Fukuoka","Hotel","CL7m","ZoneD","EHP","MUL",97061.1531272141,1,0,0,0,1
"523781","Fukuoka","Hotel","CL7m","ZoneD","EHP","MUL",40882.6458393961,1,0,1,0,1
"523793","Fukuoka","Hotel","CL7m","ZoneD","EHP","MUL",91209.3344429077,0,0,0,0,2
"523794","Fukuoka","Hotel","CL7m","ZoneD","EHP","MUL",116957.683756185,1,0,0,0,2
"523797","Fukuoka","Hotel","CL7m","ZoneD","EHP","MUL",49263.1646044139,1,0,1,0,2
"523842","Fukuoka","Hotel","CL7m","ZoneD","GHP","MUL",12416.5963648596,1,0,0,0,1
"523858","Fukuoka","Hotel","CL7m","ZoneD","GHP","MUL",14961.8699570371,1,0,0,0,2
"523906","Fukuoka","Hotel","CL7m","ZoneD","ABCH","CAV",123118.992595735,1,0,0,0,1
"523922","Fukuoka","Hotel","CL7m","ZoneD","ABCH","CAV",148357.110300543,1,0,0,0,2
"524290","Fukuoka","Hotel","CL7m","ZoneD","AHP","CAV",153929.753367715,1,0,0,0,1
"524305","Fukuoka","Hotel","CL7m","ZoneD","AHP","CAV",77791.8530949505,0,0,0,0,2
"524306","Fukuoka","Hotel","CL7m","ZoneD","AHP","CAV",107691.904670142,1,0,0,0,2
"525442","Fukuoka","Hotel","CL7m","ZoneD","COM","CAV",75920.1437979365,1,0,0,0,1
"525458","Fukuoka","Hotel","CL7m","ZoneD","COM","CAV",91482.9865806887,1,0,0,0,2
"526625","Fukuoka","Hotel","CL8","ZoneD","EHP","MUL",63088.9814870999,0,0,0,0,3
"526626","Fukuoka","Hotel","CL8","ZoneD","EHP","MUL",80174.2533705215,1,0,0,0,3
"526629","Fukuoka","Hotel","CL8","ZoneD","EHP","MUL",71941.6860774238,1,0,1,0,3
"526632","Fukuoka","Hotel","CL8","ZoneD","EHP","MUL",42115.3012353033,1,0,1,1,3
"526690","Fukuoka","Hotel","CL8","ZoneD","GHP","MUL",15395.5827930845,1,0,0,0,3
"526768","Fukuoka","Hotel","CL8","ZoneD","ABCH","CAV",126021.935025006,1,1,1,1,3
"526824","Fukuoka","Hotel","CL8","ZoneD","ABCH","VAV",63167.77847566,1,0,1,1,3
"527074","Fukuoka","Hotel","CL8","ZoneD","ABCH","OHUFCU",69459.8500659388,1,0,0,0,3
"527144","Fukuoka","Hotel","CL8","ZoneD","AHP","CAV",57787.5220203573,1,0,1,1,3
"527152","Fukuoka","Hotel","CL8","ZoneD","AHP","CAV",71502.023636621,1,1,1,1,3
"527464","Fukuoka","Hotel","CL8","ZoneD","AHP","OHUFCU",71260.8678373737,1,0,1,1,3
"527912","Fukuoka","Hotel","CL8","ZoneD","AB","CAV",74965.9918387743,1,0,1,1,3
"528301","Fukuoka","Hotel","CL8","ZoneD","COM","CAV",49804.0899566025,1,1,1,0,3
"528304","Fukuoka","Hotel","CL8","ZoneD","COM","CAV",84957.622568265,1,1,1,1,3
"528360","Fukuoka","Hotel","CL8","ZoneD","COM","VAV",67548.5422603792,1,0,1,1,3
"528610","Fukuoka","Hotel","CL8","ZoneD","COM","OHUFCU",74276.976819544,1,0,0,0,3
"529064","Fukuoka","Hotel","CL8","ZoneD","COM+TESICE","CAV",80355.1216923667,1,0,1,1,3
"535042","Naha","Hotel","CL2","ZoneD","EHP","MUL",13571.4705389012,1,0,0,0,1
"535058","Naha","Hotel","CL2","ZoneD","EHP","MUL",7815.80285054699,1,0,0,0,2
"537858","Naha","Hotel","CL3","ZoneD","EHP","MUL",20357.2058148828,1,0,0,0,1
"537874","Naha","Hotel","CL3","ZoneD","EHP","MUL",11723.7042795817,1,0,0,0,2
"540673","Naha","Hotel","CL4","ZoneD","EHP","MUL",57873.4802975691,0,0,0,0,1
"540674","Naha","Hotel","CL4","ZoneD","EHP","MUL",66294.6477230542,1,0,0,0,1
"540689","Naha","Hotel","CL4","ZoneD","EHP","MUL",35517.9325415478,0,0,0,0,2
"540690","Naha","Hotel","CL4","ZoneD","EHP","MUL",40686.1452531657,1,0,0,0,2
"540738","Naha","Hotel","CL4","ZoneD","GHP","MUL",8153.7097369287,1,0,0,0,1
"543489","Naha","Hotel","CL5","ZoneD","EHP","MUL",42900.6488467634,0,0,0,0,1
"543490","Naha","Hotel","CL5","ZoneD","EHP","MUL",51061.5227939119,1,0,0,0,1
"543505","Naha","Hotel","CL5","ZoneD","EHP","MUL",51694.8373174442,0,0,0,0,2
"543506","Naha","Hotel","CL5","ZoneD","EHP","MUL",61528.6058595683,1,0,0,0,2
"543554","Naha","Hotel","CL5","ZoneD","GHP","MUL",7882.46600609206,1,0,0,0,1
"543570","Naha","Hotel","CL5","ZoneD","GHP","MUL",9498.2898580555,1,0,0,0,2
"546306","Naha","Hotel","CL6b","ZoneD","EHP","MUL",12708.0750952795,1,0,0,0,1
"546322","Naha","Hotel","CL6b","ZoneD","EHP","MUL",15313.098806847,1,0,0,0,2
"546818","Naha","Hotel","CL6b","ZoneD","AHP","CAV",14158.7019702464,1,0,0,0,1
"546834","Naha","Hotel","CL6b","ZoneD","AHP","CAV",17061.0891595707,1,0,0,0,2
"549122","Naha","Hotel","CL6m","ZoneD","EHP","MUL",13289.9725728805,1,0,0,0,1
"549138","Naha","Hotel","CL6m","ZoneD","EHP","MUL",16014.279237648,1,0,0,0,2
"549634","Naha","Hotel","CL6m","ZoneD","AHP","CAV",14807.0230496246,1,0,0,0,1
"549650","Naha","Hotel","CL6m","ZoneD","AHP","CAV",17842.309342222,1,0,0,0,2
"551938","Naha","Hotel","CL7b","ZoneD","EHP","MUL",12953.5258472751,1,0,0,0,1
"551954","Naha","Hotel","CL7b","ZoneD","EHP","MUL",15608.8644196046,1,0,0,0,2
"552450","Naha","Hotel","CL7b","ZoneD","AHP","CAV",20769.9818563378,1,0,0,0,1
"552466","Naha","Hotel","CL7b","ZoneD","AHP","CAV",25027.6129152451,1,0,0,0,2
"554754","Naha","Hotel","CL7m","ZoneD","EHP","MUL",51003.7706508071,1,0,0,0,1
"554770","Naha","Hotel","CL7m","ZoneD","EHP","MUL",57086.1832409913,1,0,0,0,2
"554834","Naha","Hotel","CL7m","ZoneD","GHP","MUL",4372.83188457185,1,0,0,0,2
"555266","Naha","Hotel","CL7m","ZoneD","AHP","CAV",81780.6212387279,1,0,0,0,1
"555282","Naha","Hotel","CL7m","ZoneD","AHP","CAV",98544.8011697033,1,0,0,0,2
"557601","Naha","Hotel","CL8","ZoneD","EHP","MUL",58047.7338233601,0,0,0,0,3
"557602","Naha","Hotel","CL8","ZoneD","EHP","MUL",76022.2812190235,1,0,0,0,3
"557605","Naha","Hotel","CL8","ZoneD","EHP","MUL",65783.9455381513,1,0,1,0,3
"557608","Naha","Hotel","CL8","ZoneD","EHP","MUL",39321.0761939684,1,0,1,1,3
"557666","Naha","Hotel","CL8","ZoneD","GHP","MUL",16359.3560234833,1,0,0,0,3
"557736","Naha","Hotel","CL8","ZoneD","ABCH","CAV",62689.9297885826,1,0,1,1,3
"557744","Naha","Hotel","CL8","ZoneD","ABCH","CAV",77218.7153098565,1,1,1,1,3
"558056","Naha","Hotel","CL8","ZoneD","ABCH","OHUFCU",73245.9478211159,1,0,1,1,3
"558120","Naha","Hotel","CL8","ZoneD","AHP","CAV",98158.4034291796,1,0,1,1,3
"558128","Naha","Hotel","CL8","ZoneD","AHP","CAV",81463.8653532924,1,1,1,1,3
"558888","Naha","Hotel","CL8","ZoneD","AB","CAV",61689.0469866319,1,0,1,1,3
"559280","Naha","Hotel","CL8","ZoneD","COM","CAV",121062.465917588,1,1,1,1,3
"559336","Naha","Hotel","CL8","ZoneD","COM","VAV",59207.9753190384,1,0,1,1,3
"559586","Naha","Hotel","CL8","ZoneD","COM","OHUFCU",63379.4649033754,1,0,0,0,3
"560040","Naha","Hotel","CL8","ZoneD","COM+TESICE","CAV",69374.3696494769,1,0,1,1,3
"563233","Sapporo","Hospital","CL1","ZoneC","EHP","MUL",42562.6986192707,0,0,0,0,3
"563234","Sapporo","Hospital","CL1","ZoneC","EHP","MUL",34911.510768633,1,0,0,0,3
"563297","Sapporo","Hospital","CL1","ZoneC","GHP","MUL",9367.66520961277,0,0,0,0,3
"566049","Sapporo","Hospital","CL2","ZoneC","EHP","MUL",203839.872185529,0,0,0,0,3
"566050","Sapporo","Hospital","CL2","ZoneC","EHP","MUL",193599.464349796,1,0,0,0,3
"566113","Sapporo","Hospital","CL2","ZoneC","GHP","MUL",46024.4314796659,0,0,0,0,3
"568865","Sapporo","Hospital","CL3","ZoneC","EHP","MUL",121924.204003456,0,0,0,0,3
"568866","Sapporo","Hospital","CL3","ZoneC","EHP","MUL",122326.429164471,1,0,0,0,3
"568930","Sapporo","Hospital","CL3","ZoneC","GHP","MUL",30941.153636395,1,0,0,0,3
"569761","Sapporo","Hospital","CL3","ZoneC","TB","CAV",37354.082069053,0,0,0,0,3
"569762","Sapporo","Hospital","CL3","ZoneC","TB","CAV",37056.8108948885,1,0,0,0,3
"571681","Sapporo","Hospital","CL4","ZoneC","EHP","MUL",76479.3986220254,0,0,0,0,3
"571682","Sapporo","Hospital","CL4","ZoneC","EHP","MUL",87245.9929288232,1,0,0,0,3
"571746","Sapporo","Hospital","CL4","ZoneC","GHP","MUL",19790.9948712944,1,0,0,0,3
"572577","Sapporo","Hospital","CL4","ZoneC","TB","CAV",54812.2060819418,0,0,0,0,3
"572578","Sapporo","Hospital","CL4","ZoneC","TB","CAV",61583.6062635026,1,0,0,0,3
"574497","Sapporo","Hospital","CL5","ZoneC","EHP","MUL",87205.37873249,0,0,0,0,3
"574498","Sapporo","Hospital","CL5","ZoneC","EHP","MUL",116420.136326689,1,0,0,0,3
"574562","Sapporo","Hospital","CL5","ZoneC","GHP","MUL",26722.2784171591,1,0,0,0,3
"574625","Sapporo","Hospital","CL5","ZoneC","ABCH","CAV",31190.9338756278,0,0,0,0,3
"574626","Sapporo","Hospital","CL5","ZoneC","ABCH","CAV",40724.1705672514,1,0,0,0,3
"575009","Sapporo","Hospital","CL5","ZoneC","AHP","CAV",41644.0132139442,0,0,0,0,3
"575010","Sapporo","Hospital","CL5","ZoneC","AHP","CAV",54372.142366494,1,0,0,0,3
"575393","Sapporo","Hospital","CL5","ZoneC","TB","CAV",72078.7534927703,0,0,0,0,3
"575394","Sapporo","Hospital","CL5","ZoneC","TB","CAV",94108.9953644539,1,0,0,0,3
"577313","Sapporo","Hospital","CL6","ZoneC","EHP","MUL",54943.3264671645,0,0,0,0,3
"577314","Sapporo","Hospital","CL6","ZoneC","EHP","MUL",79443.039909797,1,0,0,0,3
"577317","Sapporo","Hospital","CL6","ZoneC","EHP","MUL",28738.1213916686,1,0,1,0,3
"577378","Sapporo","Hospital","CL6","ZoneC","GHP","MUL",23000.2439314201,1,0,0,0,3
"577441","Sapporo","Hospital","CL6","ZoneC","ABCH","CAV",62365.7885133782,0,0,0,0,3
"577442","Sapporo","Hospital","CL6","ZoneC","ABCH","CAV",87177.7745959226,1,0,0,0,3
"577825","Sapporo","Hospital","CL6","ZoneC","AHP","CAV",47458.1645159221,0,0,0,0,3
"577826","Sapporo","Hospital","CL6","ZoneC","AHP","CAV",66339.2104473717,1,0,0,0,3
"578209","Sapporo","Hospital","CL6","ZoneC","TB","CAV",76810.5570694534,0,0,0,0,3
"578210","Sapporo","Hospital","CL6","ZoneC","TB","CAV",107369.338068285,1,0,0,0,3
"578213","Sapporo","Hospital","CL6","ZoneC","TB","CAV",40373.478607547,1,0,1,0,3
"578593","Sapporo","Hospital","CL6","ZoneC","AB","CAV",70439.43722302,0,0,0,0,3
"578594","Sapporo","Hospital","CL6","ZoneC","AB","CAV",98463.4930026552,1,0,0,0,3
"578597","Sapporo","Hospital","CL6","ZoneC","AB","CAV",37024.6645819761,1,0,1,0,3
"578978","Sapporo","Hospital","CL6","ZoneC","COM","CAV",58248.75487174,1,0,0,0,3
"580129","Sapporo","Hospital","CL7","ZoneC","EHP","MUL",48217.6302369064,0,0,0,0,3
"580130","Sapporo","Hospital","CL7","ZoneC","EHP","MUL",72672.3070213934,1,0,0,0,3
"580133","Sapporo","Hospital","CL7","ZoneC","EHP","MUL",39020.7796348011,1,0,1,0,3
"580194","Sapporo","Hospital","CL7","ZoneC","GHP","MUL",23600.2707165649,1,0,0,0,3
"580257","Sapporo","Hospital","CL7","ZoneC","ABCH","CAV",40083.0303365161,0,0,0,0,3
"580258","Sapporo","Hospital","CL7","ZoneC","ABCH","CAV",57617.3397081484,1,0,0,0,3
"580261","Sapporo","Hospital","CL7","ZoneC","ABCH","CAV",31585.0188999864,1,0,1,0,3
"580642","Sapporo","Hospital","CL7","ZoneC","AHP","CAV",62841.1870294205,1,0,0,0,3
"581025","Sapporo","Hospital","CL7","ZoneC","TB","CAV",50329.4068123763,0,0,0,0,3
"581026","Sapporo","Hospital","CL7","ZoneC","TB","CAV",72345.9904421572,1,0,0,0,3
"581029","Sapporo","Hospital","CL7","ZoneC","TB","CAV",39659.0590094636,1,0,1,0,3
"581409","Sapporo","Hospital","CL7","ZoneC","AB","CAV",41786.2340094602,0,0,0,0,3
"581410","Sapporo","Hospital","CL7","ZoneC","AB","CAV",62979.0807280061,1,0,0,0,3
"581413","Sapporo","Hospital","CL7","ZoneC","AB","CAV",33816.0838896505,1,0,1,0,3
"581538","Sapporo","Hospital","CL7","ZoneC","AB","FCU",78311.5658190731,1,0,0,0,3
"581602","Sapporo","Hospital","CL7","ZoneC","AB","CAVFCU",96058.8880452583,1,0,0,0,3
"581729","Sapporo","Hospital","CL7","ZoneC","AB","OHUFCU",42523.5005798184,0,0,0,0,3
"581730","Sapporo","Hospital","CL7","ZoneC","AB","OHUFCU",54548.833361544,1,0,0,0,3
"581733","Sapporo","Hospital","CL7","ZoneC","AB","OHUFCU",31501.4458840309,1,0,1,0,3
"581793","Sapporo","Hospital","CL7","ZoneC","COM","CAV",48852.067922086,0,0,0,0,3
"581794","Sapporo","Hospital","CL7","ZoneC","COM","CAV",70222.3901057729,1,0,0,0,3
"581797","Sapporo","Hospital","CL7","ZoneC","COM","CAV",38494.9310386051,1,0,1,0,3
"582946","Sapporo","Hospital","CL8","ZoneA","EHP","MUL",23499.2412811376,1,0,0,0,3
"582962","Sapporo","Hospital","CL8","ZoneA","EHP","MUL",14253.1833071368,1,0,0,0,4
"583394","Sapporo","Hospital","CL8","ZoneA","ABCH","OHUFCU",84342.0388288728,1,0,0,0,3
"583397","Sapporo","Hospital","CL8","ZoneA","ABCH","OHUFCU",70733.004317038,1,0,1,0,3
"583410","Sapporo","Hospital","CL8","ZoneA","ABCH","OHUFCU",94058.9098123345,1,0,0,0,4
"584546","Sapporo","Hospital","CL8","ZoneA","AB","OHUFCU",119320.342074161,1,0,0,0,3
"584562","Sapporo","Hospital","CL8","ZoneA","AB","OHUFCU",72372.3241744999,1,0,0,0,4
"584610","Sapporo","Hospital","CL8","ZoneA","COM","CAV",118560.100789772,1,0,0,0,3
"584626","Sapporo","Hospital","CL8","ZoneA","COM","CAV",89119.9895541482,1,0,0,0,4
"584674","Sapporo","Hospital","CL8","ZoneA","COM","VAV",93799.0012099789,1,0,0,0,3
"584802","Sapporo","Hospital","CL8","ZoneA","COM","CAVFCU",114311.393008314,1,0,0,0,3
"584818","Sapporo","Hospital","CL8","ZoneA","COM","CAVFCU",85926.2946215374,1,0,0,0,4
"584930","Sapporo","Hospital","CL8","ZoneA","COM","OHUFCU",87759.6998304232,1,0,0,0,3
"584933","Sapporo","Hospital","CL8","ZoneA","COM","OHUFCU",71331.4747822541,1,0,1,0,3
"584946","Sapporo","Hospital","CL8","ZoneA","COM","OHUFCU",119586.637706892,1,0,0,0,4
"585698","Sapporo","Hospital","CL8","ZoneA","COM+TESICE","OHUFCU",88270.0385201703,1,0,0,0,3
"585701","Sapporo","Hospital","CL8","ZoneA","COM+TESICE","OHUFCU",74027.2004614494,1,0,1,0,3
"585714","Sapporo","Hospital","CL8","ZoneA","COM+TESICE","OHUFCU",98439.4461834822,1,0,0,0,4
"585765","Sapporo","Hospital","CL9","ZoneA","EHP","MUL",13251.6113981718,1,0,1,0,3
"585781","Sapporo","Hospital","CL9","ZoneA","EHP","MUL",8037.60615559505,1,0,1,0,4
"587373","Sapporo","Hospital","CL9","ZoneA","AB","OHUFCU",109762.684340463,1,1,1,0,3
"587389","Sapporo","Hospital","CL9","ZoneA","AB","OHUFCU",66575.2413650809,1,1,1,0,4
"587629","Sapporo","Hospital","CL9","ZoneA","COM","CAVFCU",137066.58668915,1,1,1,0,3
"587645","Sapporo","Hospital","CL9","ZoneA","COM","CAVFCU",101668.075459806,1,1,1,0,4
"587693","Sapporo","Hospital","CL9","ZoneA","COM","VAVFCU",77268.6179187156,1,1,1,0,3
"587749","Sapporo","Hospital","CL9","ZoneA","COM","OHUFCU",47160.6035185107,1,0,1,0,3
"587754","Sapporo","Hospital","CL9","ZoneA","COM","OHUFCU",47344.1006940561,1,1,0,0,3
"587757","Sapporo","Hospital","CL9","ZoneA","COM","OHUFCU",73009.614032635,1,1,1,0,3
"587760","Sapporo","Hospital","CL9","ZoneA","COM","OHUFCU",42052.9430279007,1,1,1,1,3
"587773","Sapporo","Hospital","CL9","ZoneA","COM","OHUFCU",155444.887391402,1,1,1,0,4
"588525","Sapporo","Hospital","CL9","ZoneA","COM+TESICE","OHUFCU",145290.431373413,1,1,1,0,3
"588541","Sapporo","Hospital","CL9","ZoneA","COM+TESICE","OHUFCU",88124.1707493105,1,1,1,0,4
"588577","Sendai","Hospital","CL1","ZoneC","EHP","MUL",70748.249830698,0,0,0,0,3
"588578","Sendai","Hospital","CL1","ZoneC","EHP","MUL",56216.7004623722,1,0,0,0,3
"588641","Sendai","Hospital","CL1","ZoneC","GHP","MUL",13958.5901296485,0,0,0,0,3
"591393","Sendai","Hospital","CL2","ZoneC","EHP","MUL",410231.468045318,0,0,0,0,3
"591394","Sendai","Hospital","CL2","ZoneC","EHP","MUL",386847.836542931,1,0,0,0,3
"591397","Sendai","Hospital","CL2","ZoneC","EHP","MUL",38780.9082546675,1,0,1,0,3
"591457","Sendai","Hospital","CL2","ZoneC","GHP","MUL",47320.1295796279,0,0,0,0,3
"591458","Sendai","Hospital","CL2","ZoneC","GHP","MUL",44622.8316906883,1,0,0,0,3
"591905","Sendai","Hospital","CL2","ZoneC","AHP","CAV",51577.8076662414,0,0,0,0,3
"591906","Sendai","Hospital","CL2","ZoneC","AHP","CAV",48318.5690456421,1,0,0,0,3
"594209","Sendai","Hospital","CL3","ZoneC","EHP","MUL",396105.429344432,0,0,0,0,3
"594210","Sendai","Hospital","CL3","ZoneC","EHP","MUL",396464.037133354,1,0,0,0,3
"594213","Sendai","Hospital","CL3","ZoneC","EHP","MUL",53591.9753473857,1,0,1,0,3
"594273","Sendai","Hospital","CL3","ZoneC","GHP","MUL",49972.9872717616,0,0,0,0,3
"594274","Sendai","Hospital","CL3","ZoneC","GHP","MUL",50018.2295258278,1,0,0,0,3
"594721","Sendai","Hospital","CL3","ZoneC","AHP","CAV",77415.4510862464,0,0,0,0,3
"594722","Sendai","Hospital","CL3","ZoneC","AHP","CAV",76643.2200555369,1,0,0,0,3
"594849","Sendai","Hospital","CL3","ZoneC","AHP","FCU",45970.7158657703,0,0,0,0,3
"594850","Sendai","Hospital","CL3","ZoneC","AHP","FCU",45511.4671954106,1,0,0,0,3
"597025","Sendai","Hospital","CL4","ZoneC","EHP","MUL",204534.530836075,0,0,0,0,3
"597026","Sendai","Hospital","CL4","ZoneC","EHP","MUL",235257.540598159,1,0,0,0,3
"597029","Sendai","Hospital","CL4","ZoneC","EHP","MUL",38807.2341472644,1,0,1,0,3
"597090","Sendai","Hospital","CL4","ZoneC","GHP","MUL",48389.8498195164,1,0,0,0,3
"597153","Sendai","Hospital","CL4","ZoneC","ABCH","CAV",43138.0744314635,0,0,0,0,3
"597154","Sendai","Hospital","CL4","ZoneC","ABCH","CAV",48834.3216940635,1,0,0,0,3
"597537","Sendai","Hospital","CL4","ZoneC","AHP","CAV",52346.903069589,0,0,0,0,3
"597538","Sendai","Hospital","CL4","ZoneC","AHP","CAV",59260.2853201702,1,0,0,0,3
"597665","Sendai","Hospital","CL4","ZoneC","AHP","FCU",29960.4213779744,0,0,0,0,3
"597666","Sendai","Hospital","CL4","ZoneC","AHP","FCU",33915.4590647452,1,0,0,0,3
"599841","Sendai","Hospital","CL5","ZoneC","EHP","MUL",137145.303567351,0,0,0,0,3
"599842","Sendai","Hospital","CL5","ZoneC","EHP","MUL",167947.264847957,1,0,0,0,3
"599845","Sendai","Hospital","CL5","ZoneC","EHP","MUL",45518.1484203034,1,0,1,0,3
"599906","Sendai","Hospital","CL5","ZoneC","GHP","MUL",50062.4780889926,1,0,0,0,3
"599969","Sendai","Hospital","CL5","ZoneC","ABCH","CAV",70207.7492505086,0,0,0,0,3
"599970","Sendai","Hospital","CL5","ZoneC","ABCH","CAV",83784.2315818049,1,0,0,0,3
"600097","Sendai","Hospital","CL5","ZoneC","ABCH","FCU",45460.7184902519,0,0,0,0,3
"600098","Sendai","Hospital","CL5","ZoneC","ABCH","FCU",54239.7014080636,1,0,0,0,3
"600353","Sendai","Hospital","CL5","ZoneC","AHP","CAV",71523.7731449411,0,0,0,0,3
"600354","Sendai","Hospital","CL5","ZoneC","AHP","CAV",85354.7426993868,1,0,0,0,3
"600481","Sendai","Hospital","CL5","ZoneC","AHP","FCU",46312.8664714922,0,0,0,0,3
"600482","Sendai","Hospital","CL5","ZoneC","AHP","FCU",55256.4088775654,1,0,0,0,3
"600737","Sendai","Hospital","CL5","ZoneC","TB","CAV",37423.693707105,0,0,0,0,3
"600738","Sendai","Hospital","CL5","ZoneC","TB","CAV",44656.662507356,1,0,0,0,3
"602657","Sendai","Hospital","CL6","ZoneC","EHP","MUL",77440.6188005439,0,0,0,0,3
"602658","Sendai","Hospital","CL6","ZoneC","EHP","MUL",111928.756777869,1,0,0,0,3
"602661","Sendai","Hospital","CL6","ZoneC","EHP","MUL",39810.2859157696,1,0,1,0,3
"602722","Sendai","Hospital","CL6","ZoneC","GHP","MUL",29135.0024496081,1,0,0,0,3
"602785","Sendai","Hospital","CL6","ZoneC","ABCH","CAV",58540.7790172437,0,0,0,0,3
"602786","Sendai","Hospital","CL6","ZoneC","ABCH","CAV",84611.8835011434,1,0,0,0,3
"602913","Sendai","Hospital","CL6","ZoneC","ABCH","FCU",35074.142028119,0,0,0,0,3
"602914","Sendai","Hospital","CL6","ZoneC","ABCH","FCU",50694.3923365216,1,0,0,0,3
"602978","Sendai","Hospital","CL6","ZoneC","ABCH","CAVFCU",58721.5148936112,1,0,0,0,3
"603106","Sendai","Hospital","CL6","ZoneC","ABCH","OHUFCU",73162.7043970883,1,0,0,0,3
"603169","Sendai","Hospital","CL6","ZoneC","AHP","CAV",51995.3016481904,0,0,0,0,3
"603170","Sendai","Hospital","CL6","ZoneC","AHP","CAV",72762.9831076368,1,0,0,0,3
"603173","Sendai","Hospital","CL6","ZoneC","AHP","CAV",26886.9065882629,1,0,1,0,3
"603297","Sendai","Hospital","CL6","ZoneC","AHP","FCU",37880.5502392047,0,0,0,0,3
"603298","Sendai","Hospital","CL6","ZoneC","AHP","FCU",52976.2007021723,1,0,0,0,3
"603554","Sendai","Hospital","CL6","ZoneC","TB","CAV",73488.9699248199,1,0,0,0,3
"603937","Sendai","Hospital","CL6","ZoneC","AB","CAV",43912.0647431408,0,0,0,0,3
"603938","Sendai","Hospital","CL6","ZoneC","AB","CAV",61436.4281437301,1,0,0,0,3
"604321","Sendai","Hospital","CL6","ZoneC","COM","CAV",40274.8582929184,0,0,0,0,3
"604322","Sendai","Hospital","CL6","ZoneC","COM","CAV",56347.6905944919,1,0,0,0,3
"605473","Sendai","Hospital","CL7","ZoneC","EHP","MUL",61994.0031958476,0,0,0,0,3
"605474","Sendai","Hospital","CL7","ZoneC","EHP","MUL",94494.4071599555,1,0,0,0,3
"605477","Sendai","Hospital","CL7","ZoneC","EHP","MUL",51648.4080879314,1,0,1,0,3
"605538","Sendai","Hospital","CL7","ZoneC","GHP","MUL",27075.9218789033,1,0,0,0,3
"605601","Sendai","Hospital","CL7","ZoneC","ABCH","CAV",46004.7250920692,0,0,0,0,3
"605602","Sendai","Hospital","CL7","ZoneC","ABCH","CAV",70122.7376847795,1,0,0,0,3
"605730","Sendai","Hospital","CL7","ZoneC","ABCH","FCU",64313.7615025212,1,0,0,0,3
"605794","Sendai","Hospital","CL7","ZoneC","ABCH","CAVFCU",79824.2450544274,1,0,0,0,3
"605921","Sendai","Hospital","CL7","ZoneC","ABCH","OHUFCU",46536.3675394345,0,0,0,0,3
"605922","Sendai","Hospital","CL7","ZoneC","ABCH","OHUFCU",60415.5518924343,1,0,0,0,3
"605985","Sendai","Hospital","CL7","ZoneC","AHP","CAV",44796.9936659601,0,0,0,0,3
"605986","Sendai","Hospital","CL7","ZoneC","AHP","CAV",65132.2744333593,1,0,0,0,3
"605989","Sendai","Hospital","CL7","ZoneC","AHP","CAV",36263.1580430389,1,0,1,0,3
"606370","Sendai","Hospital","CL7","ZoneC","TB","CAV",67075.5157745741,1,0,0,0,3
"606753","Sendai","Hospital","CL7","ZoneC","AB","CAV",37162.196636949,0,0,0,0,3
"606754","Sendai","Hospital","CL7","ZoneC","AB","CAV",56644.506870713,1,0,0,0,3
"606757","Sendai","Hospital","CL7","ZoneC","AB","CAV",30960.547769202,1,0,1,0,3
"606946","Sendai","Hospital","CL7","ZoneC","AB","CAVFCU",85763.1037701209,1,0,0,0,3
"607073","Sendai","Hospital","CL7","ZoneC","AB","OHUFCU",49249.6315641143,0,0,0,0,3
"607074","Sendai","Hospital","CL7","ZoneC","AB","OHUFCU",65659.4234278213,1,0,0,0,3
"607137","Sendai","Hospital","CL7","ZoneC","COM","CAV",43605.0538262586,0,0,0,0,3
"607138","Sendai","Hospital","CL7","ZoneC","COM","CAV",66465.0369080578,1,0,0,0,3
"607266","Sendai","Hospital","CL7","ZoneC","COM","FCU",60959.0651063375,1,0,0,0,3
"607330","Sendai","Hospital","CL7","ZoneC","COM","CAVFCU",75660.4999871812,1,0,0,0,3
"607457","Sendai","Hospital","CL7","ZoneC","COM","OHUFCU",44108.965054666,0,0,0,0,3
"607458","Sendai","Hospital","CL7","ZoneC","COM","OHUFCU",57264.1916007639,1,0,0,0,3
"607906","Sendai","Hospital","CL7","ZoneC","COM+TESICE","CAV",93903.7887304751,1,0,0,0,3
"608290","Sendai","Hospital","CL8","ZoneA","EHP","MUL",30296.3886781416,1,0,0,0,3
"608306","Sendai","Hospital","CL8","ZoneA","EHP","MUL",18375.9116393442,1,0,0,0,4
"608737","Sendai","Hospital","CL8","ZoneA","ABCH","OHUFCU",48983.3369781732,0,0,0,0,3
"608738","Sendai","Hospital","CL8","ZoneA","ABCH","OHUFCU",81771.0975500266,1,0,0,0,3
"608741","Sendai","Hospital","CL8","ZoneA","ABCH","OHUFCU",68848.8336509887,1,0,1,0,3
"608754","Sendai","Hospital","CL8","ZoneA","ABCH","OHUFCU",121066.971313034,1,0,0,0,4
"609890","Sendai","Hospital","CL8","ZoneA","AB","OHUFCU",76463.7711963424,1,0,0,0,3
"609893","Sendai","Hospital","CL8","ZoneA","AB","OHUFCU",64380.2226110946,1,0,1,0,3
"609906","Sendai","Hospital","CL8","ZoneA","AB","OHUFCU",85427.237306508,1,0,0,0,4
"609954","Sendai","Hospital","CL8","ZoneA","COM","CAV",73676.6399902976,1,0,0,0,3
"609957","Sendai","Hospital","CL8","ZoneA","COM","CAV",62881.156977861,1,0,1,0,3
"609970","Sendai","Hospital","CL8","ZoneA","COM","CAV",91962.5174033801,1,0,0,0,4
"610018","Sendai","Hospital","CL8","ZoneA","COM","VAV",107197.203571625,1,0,0,0,3
"610034","Sendai","Hospital","CL8","ZoneA","COM","VAV",72190.1269493088,1,0,0,0,4
"610082","Sendai","Hospital","CL8","ZoneA","COM","FCU",61867.8523356274,1,0,0,0,3
"610146","Sendai","Hospital","CL8","ZoneA","COM","CAVFCU",71701.1286841351,1,0,0,0,3
"610149","Sendai","Hospital","CL8","ZoneA","COM","CAVFCU",61195.1078234654,1,0,1,0,3
"610162","Sendai","Hospital","CL8","ZoneA","COM","CAVFCU",89496.7020119961,1,0,0,0,4
"610273","Sendai","Hospital","CL8","ZoneA","COM","OHUFCU",50436.4902091959,0,0,0,0,3
"610274","Sendai","Hospital","CL8","ZoneA","COM","OHUFCU",73861.9837671125,1,0,0,0,3
"610277","Sendai","Hospital","CL8","ZoneA","COM","OHUFCU",60007.8432934048,1,0,1,0,3
"610290","Sendai","Hospital","CL8","ZoneA","COM","OHUFCU",124117.943360063,1,0,0,0,4
"611041","Sendai","Hospital","CL8","ZoneA","COM+TESICE","OHUFCU",50394.5836557842,0,0,0,0,3
"611042","Sendai","Hospital","CL8","ZoneA","COM+TESICE","OHUFCU",84126.9842017159,1,0,0,0,3
"611045","Sendai","Hospital","CL8","ZoneA","COM+TESICE","OHUFCU",70832.4201875828,1,0,1,0,3
"611058","Sendai","Hospital","CL8","ZoneA","COM+TESICE","OHUFCU",124555.001561158,1,0,0,0,4
"611109","Sendai","Hospital","CL9","ZoneA","EHP","MUL",21727.9170128685,1,0,1,0,3
"611125","Sendai","Hospital","CL9","ZoneA","EHP","MUL",13178.807790499,1,0,1,0,4
"612709","Sendai","Hospital","CL9","ZoneA","AB","OHUFCU",49626.6381785787,1,0,1,0,3
"612714","Sendai","Hospital","CL9","ZoneA","AB","OHUFCU",46899.8178005158,1,1,0,0,3
"612717","Sendai","Hospital","CL9","ZoneA","AB","OHUFCU",77108.3237053734,1,1,1,0,3
"612733","Sendai","Hospital","CL9","ZoneA","AB","OHUFCU",105316.095687036,1,1,1,0,4
"612781","Sendai","Hospital","CL9","ZoneA","COM","CAV",77761.4443355567,1,1,1,0,3
"612845","Sendai","Hospital","CL9","ZoneA","COM","VAV",83483.6148660472,1,1,1,0,3
"612965","Sendai","Hospital","CL9","ZoneA","COM","CAVFCU",50766.0286385295,1,0,1,0,3
"612970","Sendai","Hospital","CL9","ZoneA","COM","CAVFCU",45437.527280689,1,1,0,0,3
"612973","Sendai","Hospital","CL9","ZoneA","COM","CAVFCU",78709.2485174956,1,1,1,0,3
"612989","Sendai","Hospital","CL9","ZoneA","COM","CAVFCU",137676.143376637,1,1,1,0,4
"613037","Sendai","Hospital","CL9","ZoneA","COM","VAVFCU",98829.2549180625,1,1,1,0,3
"613053","Sendai","Hospital","CL9","ZoneA","COM","VAVFCU",77789.7919693375,1,1,1,0,4
"613093","Sendai","Hospital","CL9","ZoneA","COM","OHUFCU",43301.72596951,1,0,1,0,3
"613096","Sendai","Hospital","CL9","ZoneA","COM","OHUFCU",30852.3794241222,1,0,1,1,3
"613097","Sendai","Hospital","CL9","ZoneA","COM","OHUFCU",33575.6820972179,0,1,0,0,3
"613098","Sendai","Hospital","CL9","ZoneA","COM","OHUFCU",45372.9738245716,1,1,0,0,3
"613101","Sendai","Hospital","CL9","ZoneA","COM","OHUFCU",67577.8425749085,1,1,1,0,3
"613104","Sendai","Hospital","CL9","ZoneA","COM","OHUFCU",47187.5658442614,1,1,1,1,3
"613109","Sendai","Hospital","CL9","ZoneA","COM","OHUFCU",47233.3367446222,1,0,1,0,4
"613114","Sendai","Hospital","CL9","ZoneA","COM","OHUFCU",47517.7117939345,1,1,0,0,4
"613117","Sendai","Hospital","CL9","ZoneA","COM","OHUFCU",73581.8393569833,1,1,1,0,4
"613120","Sendai","Hospital","CL9","ZoneA","COM","OHUFCU",42509.632531604,1,1,1,1,4
"613741","Sendai","Hospital","CL9","ZoneA","COM+TESICE","CAVFCU",93190.6010093447,1,1,1,0,3
"613869","Sendai","Hospital","CL9","ZoneA","COM+TESICE","OHUFCU",142715.656576598,1,1,1,0,3
"613885","Sendai","Hospital","CL9","ZoneA","COM+TESICE","OHUFCU",143086.114672648,1,1,1,0,4
"613889","Tokyo","Hospital","CL1","ZoneC","EHP","MUL",53407.9066232577,0,0,0,0,1
"613905","Tokyo","Hospital","CL1","ZoneC","EHP","MUL",30757.5857480808,0,0,0,0,2
"616705","Tokyo","Hospital","CL2","ZoneC","EHP","MUL",178206.629693526,0,0,0,0,1
"616706","Tokyo","Hospital","CL2","ZoneC","EHP","MUL",168477.353943035,1,0,0,0,1
"616721","Tokyo","Hospital","CL2","ZoneC","EHP","MUL",102629.105692905,0,0,0,0,2
"616722","Tokyo","Hospital","CL2","ZoneC","EHP","MUL",97026.0208299579,1,0,0,0,2
"616769","Tokyo","Hospital","CL2","ZoneC","GHP","MUL",29665.4620946202,0,0,0,0,1
"616770","Tokyo","Hospital","CL2","ZoneC","GHP","MUL",28045.8620747966,1,0,0,0,1
"616785","Tokyo","Hospital","CL2","ZoneC","GHP","MUL",33235.9216828606,0,0,0,0,2
"619521","Tokyo","Hospital","CL3","ZoneC","EHP","MUL",507814.597347112,0,0,0,0,1
"619522","Tokyo","Hospital","CL3","ZoneC","EHP","MUL",509455.543760422,1,0,0,0,1
"619525","Tokyo","Hospital","CL3","ZoneC","EHP","MUL",67980.7916313303,1,0,1,0,1
"619537","Tokyo","Hospital","CL3","ZoneC","EHP","MUL",292450.163460053,0,0,0,0,2
"619538","Tokyo","Hospital","CL3","ZoneC","EHP","MUL",293395.18364913,1,0,0,0,2
"619541","Tokyo","Hospital","CL3","ZoneC","EHP","MUL",39150.1026724854,1,0,1,0,2
"619585","Tokyo","Hospital","CL3","ZoneC","GHP","MUL",93640.1131462108,0,0,0,0,1
"619586","Tokyo","Hospital","CL3","ZoneC","GHP","MUL",93942.7007610842,1,0,0,0,1
"619601","Tokyo","Hospital","CL3","ZoneC","GHP","MUL",53927.2926361121,0,0,0,0,2
"619602","Tokyo","Hospital","CL3","ZoneC","GHP","MUL",54101.5526867151,1,0,0,0,2
"619649","Tokyo","Hospital","CL3","ZoneC","ABCH","CAV",27959.180517553,0,0,0,0,1
"619650","Tokyo","Hospital","CL3","ZoneC","ABCH","CAV",27751.1040982471,1,0,0,0,1
"620033","Tokyo","Hospital","CL3","ZoneC","AHP","CAV",58316.7680251498,0,0,0,0,1
"620034","Tokyo","Hospital","CL3","ZoneC","AHP","CAV",57883.0731124591,1,0,0,0,1
"620049","Tokyo","Hospital","CL3","ZoneC","AHP","CAV",69267.5017974291,0,0,0,0,2
"620050","Tokyo","Hospital","CL3","ZoneC","AHP","CAV",68752.0026489746,1,0,0,0,2
"620161","Tokyo","Hospital","CL3","ZoneC","AHP","FCU",34001.1208190434,0,0,0,0,1
"620162","Tokyo","Hospital","CL3","ZoneC","AHP","FCU",33747.7717275056,1,0,0,0,1
"622337","Tokyo","Hospital","CL4","ZoneC","EHP","MUL",294318.846194772,0,0,0,0,1
"622338","Tokyo","Hospital","CL4","ZoneC","EHP","MUL",336771.300531639,1,0,0,0,1
"622341","Tokyo","Hospital","CL4","ZoneC","EHP","MUL",57282.7717890282,1,0,1,0,1
"622353","Tokyo","Hospital","CL4","ZoneC","EHP","MUL",169498.071006022,0,0,0,0,2
"622354","Tokyo","Hospital","CL4","ZoneC","EHP","MUL",193946.417459542,1,0,0,0,2
"622357","Tokyo","Hospital","CL4","ZoneC","EHP","MUL",32989.1185890729,1,0,1,0,2
"622401","Tokyo","Hospital","CL4","ZoneC","GHP","MUL",50013.3759614304,0,0,0,0,1
"622402","Tokyo","Hospital","CL4","ZoneC","GHP","MUL",57227.288990398,1,0,0,0,1
"622417","Tokyo","Hospital","CL4","ZoneC","GHP","MUL",28802.6772989978,0,0,0,0,2
"622418","Tokyo","Hospital","CL4","ZoneC","GHP","MUL",32957.1660740932,1,0,0,0,2
"622465","Tokyo","Hospital","CL4","ZoneC","ABCH","CAV",52649.1205710491,0,0,0,0,1
"622466","Tokyo","Hospital","CL4","ZoneC","ABCH","CAV",59268.2124225583,1,0,0,0,1
"622481","Tokyo","Hospital","CL4","ZoneC","ABCH","CAV",30320.6012538208,0,0,0,0,2
"622482","Tokyo","Hospital","CL4","ZoneC","ABCH","CAV",34132.5328210571,1,0,0,0,2
"622849","Tokyo","Hospital","CL4","ZoneC","AHP","CAV",61656.6811396049,0,0,0,0,1
"622850","Tokyo","Hospital","CL4","ZoneC","AHP","CAV",69409.6347038826,1,0,0,0,1
"622865","Tokyo","Hospital","CL4","ZoneC","AHP","CAV",55943.5034660611,0,0,0,0,2
"622866","Tokyo","Hospital","CL4","ZoneC","AHP","CAV",62976.7679141797,1,0,0,0,2
"622977","Tokyo","Hospital","CL4","ZoneC","AHP","FCU",35484.4113027351,0,0,0,0,1
"622978","Tokyo","Hospital","CL4","ZoneC","AHP","FCU",39944.112907492,1,0,0,0,1
"625153","Tokyo","Hospital","CL5","ZoneC","EHP","MUL",260979.083545595,0,0,0,0,1
"625154","Tokyo","Hospital","CL5","ZoneC","EHP","MUL",328443.598343721,1,0,0,0,1
"625157","Tokyo","Hospital","CL5","ZoneC","EHP","MUL",85198.9288058701,1,0,1,0,1
"625169","Tokyo","Hospital","CL5","ZoneC","EHP","MUL",314477.091368351,0,0,0,0,2
"625170","Tokyo","Hospital","CL5","ZoneC","EHP","MUL",395771.132622755,1,0,0,0,2
"625173","Tokyo","Hospital","CL5","ZoneC","EHP","MUL",102663.826367098,1,0,1,0,2
"625217","Tokyo","Hospital","CL5","ZoneC","GHP","MUL",57564.0738237893,0,0,0,0,1
"625218","Tokyo","Hospital","CL5","ZoneC","GHP","MUL",72444.7004915085,1,0,0,0,1
"625233","Tokyo","Hospital","CL5","ZoneC","GHP","MUL",69364.1124701692,0,0,0,0,2
"625234","Tokyo","Hospital","CL5","ZoneC","GHP","MUL",87295.1134095036,1,0,0,0,2
"625281","Tokyo","Hospital","CL5","ZoneC","ABCH","CAV",85284.9607279346,0,0,0,0,1
"625282","Tokyo","Hospital","CL5","ZoneC","ABCH","CAV",107331.587671822,1,0,0,0,1
"625297","Tokyo","Hospital","CL5","ZoneC","ABCH","CAV",88448.7266100918,0,0,0,0,2
"625298","Tokyo","Hospital","CL5","ZoneC","ABCH","CAV",111313.20426935,1,0,0,0,2
"625409","Tokyo","Hospital","CL5","ZoneC","ABCH","FCU",52764.3101782207,0,0,0,0,1
"625410","Tokyo","Hospital","CL5","ZoneC","ABCH","FCU",66404.1717965163,1,0,0,0,1
"625425","Tokyo","Hospital","CL5","ZoneC","ABCH","FCU",54721.6766694822,0,0,0,0,2
"625426","Tokyo","Hospital","CL5","ZoneC","ABCH","FCU",68867.5281886582,1,0,0,0,2
"625490","Tokyo","Hospital","CL5","ZoneC","ABCH","CAVFCU",63819.5950306904,1,0,0,0,2
"625601","Tokyo","Hospital","CL5","ZoneC","ABCH","OHUFCU",32688.6512926265,0,0,0,0,1
"625602","Tokyo","Hospital","CL5","ZoneC","ABCH","OHUFCU",35646.4452830814,1,0,0,0,1
"625617","Tokyo","Hospital","CL5","ZoneC","ABCH","OHUFCU",34326.9943369794,0,0,0,0,2
"625618","Tokyo","Hospital","CL5","ZoneC","ABCH","OHUFCU",36543.0890084337,1,0,0,0,2
"625665","Tokyo","Hospital","CL5","ZoneC","AHP","CAV",78962.9558040014,0,0,0,0,1
"625666","Tokyo","Hospital","CL5","ZoneC","AHP","CAV",99375.3100354936,1,0,0,0,1
"625681","Tokyo","Hospital","CL5","ZoneC","AHP","CAV",83132.9714787632,0,0,0,0,2
"625682","Tokyo","Hospital","CL5","ZoneC","AHP","CAV",104623.29747863,1,0,0,0,2
"625685","Tokyo","Hospital","CL5","ZoneC","AHP","CAV",27139.493411556,1,0,1,0,2
"625793","Tokyo","Hospital","CL5","ZoneC","AHP","FCU",48852.9965549574,0,0,0,0,1
"625794","Tokyo","Hospital","CL5","ZoneC","AHP","FCU",61481.7622944882,1,0,0,0,1
"625809","Tokyo","Hospital","CL5","ZoneC","AHP","FCU",58867.3546267054,0,0,0,0,2
"625810","Tokyo","Hospital","CL5","ZoneC","AHP","FCU",74084.8864816906,1,0,0,0,2
"625858","Tokyo","Hospital","CL5","ZoneC","AHP","CAVFCU",56975.1997001921,1,0,0,0,1
"625873","Tokyo","Hospital","CL5","ZoneC","AHP","CAVFCU",30398.2110502019,0,0,0,0,2
"625874","Tokyo","Hospital","CL5","ZoneC","AHP","CAVFCU",38256.3142030341,1,0,0,0,2
"625985","Tokyo","Hospital","CL5","ZoneC","AHP","OHUFCU",30645.5620176882,0,0,0,0,1
"625986","Tokyo","Hospital","CL5","ZoneC","AHP","OHUFCU",32623.9894332792,1,0,0,0,1
"626001","Tokyo","Hospital","CL5","ZoneC","AHP","OHUFCU",36927.5846774415,0,0,0,0,2
"626002","Tokyo","Hospital","CL5","ZoneC","AHP","OHUFCU",39311.5692124694,1,0,0,0,2
"627969","Tokyo","Hospital","CL6","ZoneC","EHP","MUL",158296.076620745,0,0,0,0,1
"627970","Tokyo","Hospital","CL6","ZoneC","EHP","MUL",222922.423183904,1,0,0,0,1
"627973","Tokyo","Hospital","CL6","ZoneC","EHP","MUL",82401.8527341654,1,0,1,0,1
"627985","Tokyo","Hospital","CL6","ZoneC","EHP","MUL",190745.132040502,0,0,0,0,2
"627986","Tokyo","Hospital","CL6","ZoneC","EHP","MUL",268619.209981291,1,0,0,0,2
"627989","Tokyo","Hospital","CL6","ZoneC","EHP","MUL",99293.3786844122,1,0,1,0,2
"628033","Tokyo","Hospital","CL6","ZoneC","GHP","MUL",39734.0384234864,0,0,0,0,1
"628034","Tokyo","Hospital","CL6","ZoneC","GHP","MUL",55955.9549253236,1,0,0,0,1
"628049","Tokyo","Hospital","CL6","ZoneC","GHP","MUL",47879.1045702839,0,0,0,0,2
"628050","Tokyo","Hospital","CL6","ZoneC","GHP","MUL",67426.3458610854,1,0,0,0,2
"628097","Tokyo","Hospital","CL6","ZoneC","ABCH","CAV",82833.5900975848,0,0,0,0,1
"628098","Tokyo","Hospital","CL6","ZoneC","ABCH","CAV",116651.435839541,1,0,0,0,1
"628101","Tokyo","Hospital","CL6","ZoneC","ABCH","CAV",43119.4596756601,1,0,1,0,1
"628113","Tokyo","Hospital","CL6","ZoneC","ABCH","CAV",99813.6177336063,0,0,0,0,2
"628114","Tokyo","Hospital","CL6","ZoneC","ABCH","CAV",140563.771427115,1,0,0,0,2
"628117","Tokyo","Hospital","CL6","ZoneC","ABCH","CAV",51958.5020989144,1,0,1,0,2
"628162","Tokyo","Hospital","CL6","ZoneC","ABCH","VAV",54978.1138936292,1,0,0,0,1
"628178","Tokyo","Hospital","CL6","ZoneC","ABCH","VAV",66248.057550428,1,0,0,0,2
"628225","Tokyo","Hospital","CL6","ZoneC","ABCH","FCU",59706.1131374203,0,0,0,0,1
"628226","Tokyo","Hospital","CL6","ZoneC","ABCH","FCU",84081.8781085435,1,0,0,0,1
"628241","Tokyo","Hospital","CL6","ZoneC","ABCH","FCU",59158.0141507134,0,0,0,0,2
"628242","Tokyo","Hospital","CL6","ZoneC","ABCH","FCU",83310.0108780363,1,0,0,0,2
"628245","Tokyo","Hospital","CL6","ZoneC","ABCH","FCU",30795.0144700802,1,0,1,0,2
"628289","Tokyo","Hospital","CL6","ZoneC","ABCH","CAVFCU",43665.5077078561,0,0,0,0,1
"628290","Tokyo","Hospital","CL6","ZoneC","ABCH","CAVFCU",61492.4955538356,1,0,0,0,1
"628305","Tokyo","Hospital","CL6","ZoneC","ABCH","CAVFCU",52616.4843194798,0,0,0,0,2
"628306","Tokyo","Hospital","CL6","ZoneC","ABCH","CAVFCU",74097.8199479846,1,0,0,0,2
"628417","Tokyo","Hospital","CL6","ZoneC","ABCH","OHUFCU",60455.6323295029,0,0,0,0,1
"628418","Tokyo","Hospital","CL6","ZoneC","ABCH","OHUFCU",71281.307920327,1,0,0,0,1
"628433","Tokyo","Hospital","CL6","ZoneC","ABCH","OHUFCU",58462.5774385637,0,0,0,0,2
"628434","Tokyo","Hospital","CL6","ZoneC","ABCH","OHUFCU",68931.3604644993,1,0,0,0,2
"628437","Tokyo","Hospital","CL6","ZoneC","ABCH","OHUFCU",31347.7100202084,1,0,1,0,2
"628481","Tokyo","Hospital","CL6","ZoneC","AHP","CAV",59249.0995230813,0,0,0,0,1
"628482","Tokyo","Hospital","CL6","ZoneC","AHP","CAV",83438.2829891233,1,0,0,0,1
"628485","Tokyo","Hospital","CL6","ZoneC","AHP","CAV",30842.4294382862,1,0,1,0,1
"628497","Tokyo","Hospital","CL6","ZoneC","AHP","CAV",71394.5509773296,0,0,0,0,2
"628498","Tokyo","Hospital","CL6","ZoneC","AHP","CAV",100542.266401992,1,0,0,0,2
"628501","Tokyo","Hospital","CL6","ZoneC","AHP","CAV",37164.8078792926,1,0,1,0,2
"628609","Tokyo","Hospital","CL6","ZoneC","AHP","FCU",42706.5087393636,0,0,0,0,1
"628610","Tokyo","Hospital","CL6","ZoneC","AHP","FCU",60141.9733017939,1,0,0,0,1
"628625","Tokyo","Hospital","CL6","ZoneC","AHP","FCU",51460.9004997364,0,0,0,0,2
"628626","Tokyo","Hospital","CL6","ZoneC","AHP","FCU",72470.454628587,1,0,0,0,2
"628674","Tokyo","Hospital","CL6","ZoneC","AHP","CAVFCU",75217.275908969,1,0,0,0,1
"628689","Tokyo","Hospital","CL6","ZoneC","AHP","CAVFCU",37635.4485218721,0,0,0,0,2
"628690","Tokyo","Hospital","CL6","ZoneC","AHP","CAVFCU",53000.5895358327,1,0,0,0,2
"628801","Tokyo","Hospital","CL6","ZoneC","AHP","OHUFCU",42899.1626224366,0,0,0,0,1
"628802","Tokyo","Hospital","CL6","ZoneC","AHP","OHUFCU",51329.4597822317,1,0,0,0,1
"628817","Tokyo","Hospital","CL6","ZoneC","AHP","OHUFCU",51693.0464325309,0,0,0,0,2
"628818","Tokyo","Hospital","CL6","ZoneC","AHP","OHUFCU",61851.4671540906,1,0,0,0,2
"629633","Tokyo","Hospital","CL6","ZoneC","COM","CAV",45322.7720760936,0,0,0,0,1
"629634","Tokyo","Hospital","CL6","ZoneC","COM","CAV",61680.610255596,1,0,0,0,1
"629649","Tokyo","Hospital","CL6","ZoneC","COM","CAV",54613.4707103861,0,0,0,0,2
"629650","Tokyo","Hospital","CL6","ZoneC","COM","CAV",74324.4962143334,1,0,0,0,2
"630018","Tokyo","Hospital","CL6","ZoneC","AHP+TESICE","CAV",58279.0801645409,1,0,0,0,1
"630034","Tokyo","Hospital","CL6","ZoneC","AHP+TESICE","CAV",70225.687701773,1,0,0,0,2
"630785","Tokyo","Hospital","CL7","ZoneC","EHP","MUL",79146.3649445039,0,0,0,0,1
"630786","Tokyo","Hospital","CL7","ZoneC","EHP","MUL",114844.97759843,1,0,0,0,1
"630789","Tokyo","Hospital","CL7","ZoneC","EHP","MUL",67781.5276209739,1,0,1,0,1
"630801","Tokyo","Hospital","CL7","ZoneC","EHP","MUL",95370.5496317189,0,0,0,0,2
"630802","Tokyo","Hospital","CL7","ZoneC","EHP","MUL",138387.007965364,1,0,0,0,2
"630805","Tokyo","Hospital","CL7","ZoneC","EHP","MUL",81676.0384210003,1,0,1,0,2
"630850","Tokyo","Hospital","CL7","ZoneC","GHP","MUL",59482.734116128,1,0,0,0,1
"630866","Tokyo","Hospital","CL7","ZoneC","GHP","MUL",71676.0782409941,1,0,0,0,2
"630913","Tokyo","Hospital","CL7","ZoneC","ABCH","CAV",47856.6050499296,0,0,0,0,1
"630914","Tokyo","Hospital","CL7","ZoneC","ABCH","CAV",69442.1119498012,1,0,0,0,1
"630917","Tokyo","Hospital","CL7","ZoneC","ABCH","CAV",40984.7476799766,1,0,1,0,1
"630929","Tokyo","Hospital","CL7","ZoneC","ABCH","CAV",57666.7131879038,0,0,0,0,2
"630930","Tokyo","Hospital","CL7","ZoneC","ABCH","CAV",83677.0253300154,1,0,0,0,2
"630933","Tokyo","Hospital","CL7","ZoneC","ABCH","CAV",49386.196264319,1,0,1,0,2
"630978","Tokyo","Hospital","CL7","ZoneC","ABCH","VAV",56581.1262584922,1,0,0,0,1
"630994","Tokyo","Hospital","CL7","ZoneC","ABCH","VAV",68179.670839435,1,0,0,0,2
"631041","Tokyo","Hospital","CL7","ZoneC","ABCH","FCU",44225.4951826672,0,0,0,0,1
"631042","Tokyo","Hospital","CL7","ZoneC","ABCH","FCU",64173.2062754145,1,0,0,0,1
"631057","Tokyo","Hospital","CL7","ZoneC","ABCH","FCU",39492.418488397,0,0,0,0,2
"631058","Tokyo","Hospital","CL7","ZoneC","ABCH","FCU",57305.2965829574,1,0,0,0,2
"631061","Tokyo","Hospital","CL7","ZoneC","ABCH","FCU",33821.5969421629,1,0,1,0,2
"631105","Tokyo","Hospital","CL7","ZoneC","ABCH","CAVFCU",36669.3760849655,0,0,0,0,1
"631106","Tokyo","Hospital","CL7","ZoneC","ABCH","CAVFCU",53208.9335748919,1,0,0,0,1
"631109","Tokyo","Hospital","CL7","ZoneC","ABCH","CAVFCU",31403.9227157149,1,0,1,0,1
"631121","Tokyo","Hospital","CL7","ZoneC","ABCH","CAVFCU",44186.218208853,0,0,0,0,2
"631122","Tokyo","Hospital","CL7","ZoneC","ABCH","CAVFCU",64116.213598859,1,0,0,0,2
"631125","Tokyo","Hospital","CL7","ZoneC","ABCH","CAVFCU",37841.4014603172,1,0,1,0,2
"631233","Tokyo","Hospital","CL7","ZoneC","ABCH","OHUFCU",61234.6913587229,0,0,0,0,1
"631234","Tokyo","Hospital","CL7","ZoneC","ABCH","OHUFCU",74256.2905478007,1,0,0,0,1
"631237","Tokyo","Hospital","CL7","ZoneC","ABCH","OHUFCU",47110.4424745302,1,0,1,0,1
"631249","Tokyo","Hospital","CL7","ZoneC","ABCH","OHUFCU",73787.1685642795,0,0,0,0,2
"631250","Tokyo","Hospital","CL7","ZoneC","ABCH","OHUFCU",89478.0606553699,1,0,0,0,2
"631253","Tokyo","Hospital","CL7","ZoneC","ABCH","OHUFCU",56767.5950163953,1,0,1,0,2
"631313","Tokyo","Hospital","CL7","ZoneC","AHP","CAV",43646.2440615728,0,0,0,0,2
"631314","Tokyo","Hospital","CL7","ZoneC","AHP","CAV",63332.686536162,1,0,0,0,2
"631617","Tokyo","Hospital","CL7","ZoneC","AHP","OHUFCU",59647.4305095797,0,0,0,0,1
"631618","Tokyo","Hospital","CL7","ZoneC","AHP","OHUFCU",82096.6000017701,1,0,0,0,1
"631621","Tokyo","Hospital","CL7","ZoneC","AHP","OHUFCU",49455.6410571626,1,0,1,0,1
"631633","Tokyo","Hospital","CL7","ZoneC","AHP","OHUFCU",39539.6124135127,0,0,0,0,2
"631634","Tokyo","Hospital","CL7","ZoneC","AHP","OHUFCU",51982.157277336,1,0,0,0,2
"631637","Tokyo","Hospital","CL7","ZoneC","AHP","OHUFCU",31892.922712032,1,0,1,0,2
"632386","Tokyo","Hospital","CL7","ZoneC","AB","OHUFCU",94912.704885733,1,0,0,0,1
"632401","Tokyo","Hospital","CL7","ZoneC","AB","OHUFCU",48127.6465046967,0,0,0,0,2
"632402","Tokyo","Hospital","CL7","ZoneC","AB","OHUFCU",66241.1793830431,1,0,0,0,2
"632450","Tokyo","Hospital","CL7","ZoneC","COM","CAV",89423.5397836903,1,0,0,0,1
"632465","Tokyo","Hospital","CL7","ZoneC","COM","CAV",43962.6430096845,0,0,0,0,2
"632466","Tokyo","Hospital","CL7","ZoneC","COM","CAV",63791.7958096393,1,0,0,0,2
"632578","Tokyo","Hospital","CL7","ZoneC","COM","FCU",61240.7342229468,1,0,0,0,1
"632594","Tokyo","Hospital","CL7","ZoneC","COM","FCU",73794.4501530519,1,0,0,0,2
"632642","Tokyo","Hospital","CL7","ZoneC","COM","CAVFCU",68519.3905367059,1,0,0,0,1
"632658","Tokyo","Hospital","CL7","ZoneC","COM","CAVFCU",82565.155588612,1,0,0,0,2
"632769","Tokyo","Hospital","CL7","ZoneC","COM","OHUFCU",46208.6117252552,0,0,0,0,1
"632770","Tokyo","Hospital","CL7","ZoneC","COM","OHUFCU",56953.5585667573,1,0,0,0,1
"632785","Tokyo","Hospital","CL7","ZoneC","COM","OHUFCU",41310.6676355702,0,0,0,0,2
"632786","Tokyo","Hospital","CL7","ZoneC","COM","OHUFCU",50916.6893522657,1,0,0,0,2
"632789","Tokyo","Hospital","CL7","ZoneC","COM","OHUFCU",32081.9892322831,1,0,1,0,2
"633154","Tokyo","Hospital","CL7","ZoneC","AHP+TESICE","OHUFCU",55831.3191396125,1,0,0,0,1
"633170","Tokyo","Hospital","CL7","ZoneC","AHP+TESICE","OHUFCU",67276.161030798,1,0,0,0,2
"633537","Tokyo","Hospital","CL7","ZoneC","COM+TESICE","OHUFCU",42075.6272866644,0,0,0,0,1
"633538","Tokyo","Hospital","CL7","ZoneC","COM+TESICE","OHUFCU",57911.3955733949,1,0,0,0,1
"633541","Tokyo","Hospital","CL7","ZoneC","COM+TESICE","OHUFCU",34886.2826540371,1,0,1,0,1
"633553","Tokyo","Hospital","CL7","ZoneC","COM+TESICE","OHUFCU",50700.694886521,0,0,0,0,2
"633554","Tokyo","Hospital","CL7","ZoneC","COM+TESICE","OHUFCU",69782.6315794444,1,0,0,0,2
"633557","Tokyo","Hospital","CL7","ZoneC","COM+TESICE","OHUFCU",42037.6091012638,1,0,1,0,2
"633634","Tokyo","Hospital","CL8","ZoneA","EHP","MUL",55831.7250280656,1,0,0,0,3
"633637","Tokyo","Hospital","CL8","ZoneA","EHP","MUL",47293.4205432297,1,0,1,0,3
"633698","Tokyo","Hospital","CL8","ZoneA","GHP","MUL",23706.4397200446,1,0,0,0,3
"633762","Tokyo","Hospital","CL8","ZoneA","ABCH","CAV",86891.1017689952,1,0,0,0,3
"633765","Tokyo","Hospital","CL8","ZoneA","ABCH","CAV",73602.9097320554,1,0,1,0,3
"633826","Tokyo","Hospital","CL8","ZoneA","ABCH","VAV",67707.8735314108,1,0,0,0,3
"633829","Tokyo","Hospital","CL8","ZoneA","ABCH","VAV",57353.3584247873,1,0,1,0,3
"633890","Tokyo","Hospital","CL8","ZoneA","ABCH","FCU",72298.9710960139,1,0,0,0,3
"633954","Tokyo","Hospital","CL8","ZoneA","ABCH","CAVFCU",83929.7486152217,1,0,0,0,3
"633957","Tokyo","Hospital","CL8","ZoneA","ABCH","CAVFCU",71094.4341295548,1,0,1,0,3
"634018","Tokyo","Hospital","CL8","ZoneA","ABCH","VAVFCU",59349.374491703,1,0,0,0,3
"634081","Tokyo","Hospital","CL8","ZoneA","ABCH","OHUFCU",59370.5633335193,0,0,0,0,3
"634082","Tokyo","Hospital","CL8","ZoneA","ABCH","OHUFCU",85562.4488822802,1,0,0,0,3
"634085","Tokyo","Hospital","CL8","ZoneA","ABCH","OHUFCU",68764.6716723548,1,0,1,0,3
"634466","Tokyo","Hospital","CL8","ZoneA","AHP","OHUFCU",87012.4382070144,1,0,0,0,3
"634469","Tokyo","Hospital","CL8","ZoneA","AHP","OHUFCU",72741.8220407551,1,0,1,0,3
"634914","Tokyo","Hospital","CL8","ZoneA","AB","CAV",104762.458706666,1,0,0,0,3
"634978","Tokyo","Hospital","CL8","ZoneA","AB","VAV",81633.7134705501,1,0,0,0,3
"635106","Tokyo","Hospital","CL8","ZoneA","AB","CAVFCU",101192.028234823,1,0,0,0,3
"635234","Tokyo","Hospital","CL8","ZoneA","AB","OHUFCU",77026.4332326148,1,0,0,0,3
"635237","Tokyo","Hospital","CL8","ZoneA","AB","OHUFCU",62464.7202045734,1,0,1,0,3
"635297","Tokyo","Hospital","CL8","ZoneA","COM","CAV",73667.6741599935,0,0,0,0,3
"635298","Tokyo","Hospital","CL8","ZoneA","COM","CAV",129967.752225926,1,0,0,0,3
"635301","Tokyo","Hospital","CL8","ZoneA","COM","CAV",110091.879840525,1,0,1,0,3
"635305","Tokyo","Hospital","CL8","ZoneA","COM","CAV",34286.9863647264,0,1,0,0,3
"635306","Tokyo","Hospital","CL8","ZoneA","COM","CAV",60490.6100163604,1,1,0,0,3
"635309","Tokyo","Hospital","CL8","ZoneA","COM","CAV",51239.8256901816,1,1,1,0,3
"635361","Tokyo","Hospital","CL8","ZoneA","COM","VAV",62029.9107139542,0,0,0,0,3
"635362","Tokyo","Hospital","CL8","ZoneA","COM","VAV",109435.897877792,1,0,0,0,3
"635365","Tokyo","Hospital","CL8","ZoneA","COM","VAV",92699.9468180267,1,0,1,0,3
"635370","Tokyo","Hospital","CL8","ZoneA","COM","VAV",50934.5134230553,1,1,0,0,3
"635373","Tokyo","Hospital","CL8","ZoneA","COM","VAV",43145.1358930865,1,1,1,0,3
"635426","Tokyo","Hospital","CL8","ZoneA","COM","FCU",62145.4886419366,1,0,0,0,3
"635429","Tokyo","Hospital","CL8","ZoneA","COM","FCU",52641.6249494384,1,0,1,0,3
"635434","Tokyo","Hospital","CL8","ZoneA","COM","FCU",49980.5591394889,1,1,0,0,3
"635437","Tokyo","Hospital","CL8","ZoneA","COM","FCU",42337.0691337477,1,1,1,0,3
"635489","Tokyo","Hospital","CL8","ZoneA","COM","CAVFCU",71156.99130797,0,0,0,0,3
"635490","Tokyo","Hospital","CL8","ZoneA","COM","CAVFCU",125538.295065097,1,0,0,0,3
"635493","Tokyo","Hospital","CL8","ZoneA","COM","CAVFCU",106339.816292783,1,0,1,0,3
"635497","Tokyo","Hospital","CL8","ZoneA","COM","CAVFCU",33118.444671303,0,1,0,0,3
"635498","Tokyo","Hospital","CL8","ZoneA","COM","CAVFCU",58429.0173434781,1,1,0,0,3
"635501","Tokyo","Hospital","CL8","ZoneA","COM","CAVFCU",49493.5108625732,1,1,1,0,3
"635554","Tokyo","Hospital","CL8","ZoneA","COM","VAVFCU",92042.9530209636,1,0,0,0,3
"635557","Tokyo","Hospital","CL8","ZoneA","COM","VAVFCU",77966.8921759621,1,0,1,0,3
"635617","Tokyo","Hospital","CL8","ZoneA","COM","OHUFCU",96946.9384309737,0,0,0,0,3
"635618","Tokyo","Hospital","CL8","ZoneA","COM","OHUFCU",139715.99725601,1,0,0,0,3
"635621","Tokyo","Hospital","CL8","ZoneA","COM","OHUFCU",112286.695906794,1,0,1,0,3
"635624","Tokyo","Hospital","CL8","ZoneA","COM","OHUFCU",68778.0959770557,1,0,1,1,3
"635625","Tokyo","Hospital","CL8","ZoneA","COM","OHUFCU",45121.8040203843,0,1,0,0,3
"635626","Tokyo","Hospital","CL8","ZoneA","COM","OHUFCU",65027.7146316164,1,1,0,0,3
"635629","Tokyo","Hospital","CL8","ZoneA","COM","OHUFCU",52261.3541882009,1,1,1,0,3
"635632","Tokyo","Hospital","CL8","ZoneA","COM","OHUFCU",32011.2405589942,1,1,1,1,3
"636002","Tokyo","Hospital","CL8","ZoneA","AHP+TESICE","OHUFCU",63276.3753282847,1,0,0,0,3
"636066","Tokyo","Hospital","CL8","ZoneA","COM+TESICE","CAV",87409.2582660916,1,0,0,0,3
"636069","Tokyo","Hospital","CL8","ZoneA","COM+TESICE","CAV",74041.824938635,1,0,1,0,3
"636130","Tokyo","Hospital","CL8","ZoneA","COM+TESICE","VAV",68111.6349507117,1,0,0,0,3
"636133","Tokyo","Hospital","CL8","ZoneA","COM+TESICE","VAV",57695.3729083545,1,0,1,0,3
"636194","Tokyo","Hospital","CL8","ZoneA","COM+TESICE","FCU",72730.1105434842,1,0,0,0,3
"636258","Tokyo","Hospital","CL8","ZoneA","COM+TESICE","CAVFCU",84430.2457162973,1,0,0,0,3
"636261","Tokyo","Hospital","CL8","ZoneA","COM+TESICE","CAVFCU",71518.390578508,1,0,1,0,3
"636322","Tokyo","Hospital","CL8","ZoneA","COM+TESICE","VAVFCU",59703.2917900847,1,0,0,0,3
"636385","Tokyo","Hospital","CL8","ZoneA","COM+TESICE","OHUFCU",59724.6069870262,0,0,0,0,3
"636386","Tokyo","Hospital","CL8","ZoneA","COM+TESICE","OHUFCU",86072.6822421207,1,0,0,0,3
"636389","Tokyo","Hospital","CL8","ZoneA","COM+TESICE","OHUFCU",69174.7350812923,1,0,1,0,3
"636453","Tokyo","Hospital","CL9","ZoneA","EHP","MUL",68570.0606152883,1,0,1,0,3
"636517","Tokyo","Hospital","CL9","ZoneA","GHP","MUL",20147.9075315412,1,0,1,0,3
"636901","Tokyo","Hospital","CL9","ZoneA","ABCH","OHUFCU",58219.9949611847,1,0,1,0,3
"636906","Tokyo","Hospital","CL9","ZoneA","ABCH","OHUFCU",55990.6522921902,1,1,0,0,3
"636909","Tokyo","Hospital","CL9","ZoneA","ABCH","OHUFCU",93426.8654292041,1,1,1,0,3
"637741","Tokyo","Hospital","CL9","ZoneA","AB","CAV",58895.0486707812,1,1,1,0,3
"637805","Tokyo","Hospital","CL9","ZoneA","AB","VAV",63887.8450038625,1,1,1,0,3
"637933","Tokyo","Hospital","CL9","ZoneA","AB","CAVFCU",134449.726414278,1,1,1,0,3
"637997","Tokyo","Hospital","CL9","ZoneA","AB","VAVFCU",77259.4745240024,1,1,1,0,3
"638053","Tokyo","Hospital","CL9","ZoneA","AB","OHUFCU",42872.6609583563,1,0,1,0,3
"638058","Tokyo","Hospital","CL9","ZoneA","AB","OHUFCU",45811.0600299976,1,1,0,0,3
"638061","Tokyo","Hospital","CL9","ZoneA","AB","OHUFCU",69100.7832816845,1,1,1,0,3
"638064","Tokyo","Hospital","CL9","ZoneA","AB","OHUFCU",48948.3094226927,1,1,1,1,3
"638114","Tokyo","Hospital","CL9","ZoneA","COM","CAV",35023.6942737905,1,0,0,0,3
"638117","Tokyo","Hospital","CL9","ZoneA","COM","CAV",61649.3543420557,1,0,1,0,3
"638121","Tokyo","Hospital","CL9","ZoneA","COM","CAV",33314.5566563095,0,1,0,0,3
"638122","Tokyo","Hospital","CL9","ZoneA","COM","CAV",54723.2253623353,1,1,0,0,3
"638125","Tokyo","Hospital","CL9","ZoneA","COM","CAV",96324.8332608762,1,1,1,0,3
"638178","Tokyo","Hospital","CL9","ZoneA","COM","VAV",37992.8092722114,1,0,0,0,3
"638181","Tokyo","Hospital","CL9","ZoneA","COM","VAV",66875.6454691152,1,0,1,0,3
"638185","Tokyo","Hospital","CL9","ZoneA","COM","VAV",36138.78042496,0,1,0,0,3
"638186","Tokyo","Hospital","CL9","ZoneA","COM","VAV",59362.3575999319,1,1,0,0,3
"638189","Tokyo","Hospital","CL9","ZoneA","COM","VAV",104490.719615397,1,1,1,0,3
"638253","Tokyo","Hospital","CL9","ZoneA","COM","FCU",131229.129970067,1,1,1,0,3
"638305","Tokyo","Hospital","CL9","ZoneA","COM","CAVFCU",39851.9387232177,0,0,0,0,3
"638306","Tokyo","Hospital","CL9","ZoneA","COM","CAVFCU",65461.6732972068,1,0,0,0,3
"638309","Tokyo","Hospital","CL9","ZoneA","COM","CAVFCU",115226.847898321,1,0,1,0,3
"638312","Tokyo","Hospital","CL9","ZoneA","COM","CAVFCU",29831.0888461041,1,0,1,1,3
"638313","Tokyo","Hospital","CL9","ZoneA","COM","CAVFCU",62267.1785228722,0,1,0,0,3
"638314","Tokyo","Hospital","CL9","ZoneA","COM","CAVFCU",102281.440456707,1,1,0,0,3
"638317","Tokyo","Hospital","CL9","ZoneA","COM","CAVFCU",180037.682947972,1,1,1,0,3
"638320","Tokyo","Hospital","CL9","ZoneA","COM","CAVFCU",46609.9716656909,1,1,1,1,3
"638370","Tokyo","Hospital","CL9","ZoneA","COM","VAVFCU",42200.0488473506,1,0,0,0,3
"638373","Tokyo","Hospital","CL9","ZoneA","COM","VAVFCU",74281.3063723336,1,0,1,0,3
"638377","Tokyo","Hospital","CL9","ZoneA","COM","VAVFCU",40140.7089507447,0,1,0,0,3
"638378","Tokyo","Hospital","CL9","ZoneA","COM","VAVFCU",65936.0136404362,1,1,0,0,3
"638381","Tokyo","Hospital","CL9","ZoneA","COM","VAVFCU",116061.79054229,1,1,1,0,3
"638384","Tokyo","Hospital","CL9","ZoneA","COM","VAVFCU",30047.2472210653,1,1,1,1,3
"638433","Tokyo","Hospital","CL9","ZoneA","COM","OHUFCU",66156.7015966578,0,0,0,0,3
"638434","Tokyo","Hospital","CL9","ZoneA","COM","OHUFCU",88543.1310839642,1,0,0,0,3
"638437","Tokyo","Hospital","CL9","ZoneA","COM","OHUFCU",132083.128620076,1,0,1,0,3
"638440","Tokyo","Hospital","CL9","ZoneA","COM","OHUFCU",98193.7591819987,1,0,1,1,3
"638441","Tokyo","Hospital","CL9","ZoneA","COM","OHUFCU",103367.396437442,0,1,0,0,3
"638442","Tokyo","Hospital","CL9","ZoneA","COM","OHUFCU",138345.363533524,1,1,0,0,3
"638445","Tokyo","Hospital","CL9","ZoneA","COM","OHUFCU",206374.997381351,1,1,1,0,3
"638448","Tokyo","Hospital","CL9","ZoneA","COM","OHUFCU",153424.112570345,1,1,1,1,3
"638893","Tokyo","Hospital","CL9","ZoneA","COM+TESICE","CAV",108090.662771091,1,1,1,0,3
"638957","Tokyo","Hospital","CL9","ZoneA","COM+TESICE","VAV",117253.991045774,1,1,1,0,3
"639077","Tokyo","Hospital","CL9","ZoneA","COM+TESICE","CAVFCU",70281.0248340398,1,0,1,0,3
"639082","Tokyo","Hospital","CL9","ZoneA","COM+TESICE","CAVFCU",63935.4755659943,1,1,0,0,3
"639085","Tokyo","Hospital","CL9","ZoneA","COM+TESICE","CAVFCU",112540.406428384,1,1,1,0,3
"639149","Tokyo","Hospital","CL9","ZoneA","COM+TESICE","VAVFCU",141795.074375899,1,1,1,0,3
"639202","Tokyo","Hospital","CL9","ZoneA","COM+TESICE","OHUFCU",36097.8556065645,1,0,0,0,3
"639205","Tokyo","Hospital","CL9","ZoneA","COM+TESICE","OHUFCU",54204.8003799292,1,0,1,0,3
"639208","Tokyo","Hospital","CL9","ZoneA","COM+TESICE","OHUFCU",39165.3875807045,1,0,1,1,3
"639209","Tokyo","Hospital","CL9","ZoneA","COM+TESICE","OHUFCU",42778.9128147762,0,1,0,0,3
"639210","Tokyo","Hospital","CL9","ZoneA","COM+TESICE","OHUFCU",57919.8796764907,1,1,0,0,3
"639213","Tokyo","Hospital","CL9","ZoneA","COM+TESICE","OHUFCU",87365.5630453797,1,1,1,0,3
"639216","Tokyo","Hospital","CL9","ZoneA","COM+TESICE","OHUFCU",61886.3695857192,1,1,1,1,3
"639233","Nigata","Hospital","CL1","ZoneC","EHP","MUL",244278.09477383,0,0,0,0,1
"639234","Nigata","Hospital","CL1","ZoneC","EHP","MUL",196511.107572654,1,0,0,0,1
"639249","Nigata","Hospital","CL1","ZoneC","EHP","MUL",140679.628194076,0,0,0,0,2
"639250","Nigata","Hospital","CL1","ZoneC","EHP","MUL",113170.64501802,1,0,0,0,2
"639297","Nigata","Hospital","CL1","ZoneC","GHP","MUL",51486.8584899451,0,0,0,0,1
"639313","Nigata","Hospital","CL1","ZoneC","GHP","MUL",29651.2551236031,0,0,0,0,2
"642049","Nigata","Hospital","CL2","ZoneC","EHP","MUL",820390.748631028,0,0,0,0,1
"642050","Nigata","Hospital","CL2","ZoneC","EHP","MUL",786884.129866132,1,0,0,0,1
"642053","Nigata","Hospital","CL2","ZoneC","EHP","MUL",76762.4145689837,1,0,1,0,1
"642065","Nigata","Hospital","CL2","ZoneC","EHP","MUL",472462.607005882,0,0,0,0,2
"642066","Nigata","Hospital","CL2","ZoneC","EHP","MUL",453166.162622482,1,0,0,0,2
"642069","Nigata","Hospital","CL2","ZoneC","EHP","MUL",44207.4347715977,1,0,1,0,2
"642113","Nigata","Hospital","CL2","ZoneC","GHP","MUL",99014.7437682799,0,0,0,0,1
"642114","Nigata","Hospital","CL2","ZoneC","GHP","MUL",94970.7570740323,1,0,0,0,1
"642129","Nigata","Hospital","CL2","ZoneC","GHP","MUL",57022.5396262003,0,0,0,0,2
"642130","Nigata","Hospital","CL2","ZoneC","GHP","MUL",54693.609784598,1,0,0,0,2
"642561","Nigata","Hospital","CL2","ZoneC","AHP","CAV",53631.2207068061,0,0,0,0,1
"642562","Nigata","Hospital","CL2","ZoneC","AHP","CAV",51113.8639401777,1,0,0,0,1
"642577","Nigata","Hospital","CL2","ZoneC","AHP","CAV",49121.5578602984,0,0,0,0,2
"642578","Nigata","Hospital","CL2","ZoneC","AHP","CAV",46815.8152278623,1,0,0,0,2
"642689","Nigata","Hospital","CL2","ZoneC","AHP","FCU",31664.1466691994,0,0,0,0,1
"642690","Nigata","Hospital","CL2","ZoneC","AHP","FCU",30177.7793009567,1,0,0,0,1
"644865","Nigata","Hospital","CL3","ZoneC","EHP","MUL",165549.241132407,0,0,0,0,1
"644866","Nigata","Hospital","CL3","ZoneC","EHP","MUL",163810.708978594,1,0,0,0,1
"644881","Nigata","Hospital","CL3","ZoneC","EHP","MUL",116253.730289083,0,0,0,0,2
"644882","Nigata","Hospital","CL3","ZoneC","EHP","MUL",115032.879944341,1,0,0,0,2
"644929","Nigata","Hospital","CL3","ZoneC","GHP","MUL",43536.0008379732,0,0,0,0,1
"644945","Nigata","Hospital","CL3","ZoneC","GHP","MUL",30572.3086657645,0,0,0,0,2
"645377","Nigata","Hospital","CL3","ZoneC","AHP","CAV",41343.9216113838,0,0,0,0,1
"645378","Nigata","Hospital","CL3","ZoneC","AHP","CAV",40455.655352061,1,0,0,0,1
"647681","Nigata","Hospital","CL4","ZoneC","EHP","MUL",86020.6613241914,0,0,0,0,1
"647682","Nigata","Hospital","CL4","ZoneC","EHP","MUL",97542.772824012,1,0,0,0,1
"647697","Nigata","Hospital","CL4","ZoneC","EHP","MUL",49539.2542802502,0,0,0,0,2
"647698","Nigata","Hospital","CL4","ZoneC","EHP","MUL",56174.8323221792,1,0,0,0,2
"647746","Nigata","Hospital","CL4","ZoneC","GHP","MUL",20836.0758093889,1,0,0,0,1
"647762","Nigata","Hospital","CL4","ZoneC","GHP","MUL",11999.4852612648,1,0,0,0,2
"648193","Nigata","Hospital","CL4","ZoneC","AHP","CAV",47952.4682027547,0,0,0,0,1
"648194","Nigata","Hospital","CL4","ZoneC","AHP","CAV",53521.2984864534,1,0,0,0,1
"648209","Nigata","Hospital","CL4","ZoneC","AHP","CAV",27615.8015887494,0,0,0,0,2
"648210","Nigata","Hospital","CL4","ZoneC","AHP","CAV",30822.8880633349,1,0,0,0,2
"650497","Nigata","Hospital","CL5","ZoneC","EHP","MUL",53637.4593761558,0,0,0,0,1
"650498","Nigata","Hospital","CL5","ZoneC","EHP","MUL",68076.869922854,1,0,0,0,1
"650513","Nigata","Hospital","CL5","ZoneC","EHP","MUL",64632.5827489341,0,0,0,0,2
"650514","Nigata","Hospital","CL5","ZoneC","EHP","MUL",82031.9228343851,1,0,0,0,2
"650562","Nigata","Hospital","CL5","ZoneC","GHP","MUL",16654.8817047578,1,0,0,0,1
"650578","Nigata","Hospital","CL5","ZoneC","GHP","MUL",20068.9598738712,1,0,0,0,2
"650625","Nigata","Hospital","CL5","ZoneC","ABCH","CAV",38773.385807619,0,0,0,0,1
"650626","Nigata","Hospital","CL5","ZoneC","ABCH","CAV",48049.7041769989,1,0,0,0,1
"650641","Nigata","Hospital","CL5","ZoneC","ABCH","CAV",46721.5281225888,0,0,0,0,2
"650642","Nigata","Hospital","CL5","ZoneC","ABCH","CAV",57899.3956351005,1,0,0,0,2
"651009","Nigata","Hospital","CL5","ZoneC","AHP","CAV",42893.2548367144,0,0,0,0,1
"651010","Nigata","Hospital","CL5","ZoneC","AHP","CAV",53155.2291130523,1,0,0,0,1
"651025","Nigata","Hospital","CL5","ZoneC","AHP","CAV",51685.927611953,0,0,0,0,2
"651026","Nigata","Hospital","CL5","ZoneC","AHP","CAV",64051.500278836,1,0,0,0,2
"653313","Nigata","Hospital","CL6","ZoneC","EHP","MUL",37885.4485568319,0,0,0,0,1
"653314","Nigata","Hospital","CL6","ZoneC","EHP","MUL",54401.3419603153,1,0,0,0,1
"653329","Nigata","Hospital","CL6","ZoneC","EHP","MUL",45651.5729363285,0,0,0,0,2
"653330","Nigata","Hospital","CL6","ZoneC","EHP","MUL",65553.0533473811,1,0,0,0,2
"653378","Nigata","Hospital","CL6","ZoneC","GHP","MUL",14595.9663791009,1,0,0,0,1
"653394","Nigata","Hospital","CL6","ZoneC","GHP","MUL",17587.9882412415,1,0,0,0,2
"653441","Nigata","Hospital","CL6","ZoneC","ABCH","CAV",62880.9644672639,0,0,0,0,1
"653442","Nigata","Hospital","CL6","ZoneC","ABCH","CAV",87243.606193752,1,0,0,0,1
"653445","Nigata","Hospital","CL6","ZoneC","ABCH","CAV",33856.0416484105,1,0,1,0,1
"653457","Nigata","Hospital","CL6","ZoneC","ABCH","CAV",75770.9106011447,0,0,0,0,2
"653458","Nigata","Hospital","CL6","ZoneC","ABCH","CAV",105127.641432244,1,0,0,0,2
"653461","Nigata","Hospital","CL6","ZoneC","ABCH","CAV",40796.1793649943,1,0,1,0,2
"653825","Nigata","Hospital","CL6","ZoneC","AHP","CAV",48814.9662064951,0,0,0,0,1
"653826","Nigata","Hospital","CL6","ZoneC","AHP","CAV",67727.8684282572,1,0,0,0,1
"653841","Nigata","Hospital","CL6","ZoneC","AHP","CAV",58821.5284508847,0,0,0,0,2
"653842","Nigata","Hospital","CL6","ZoneC","AHP","CAV",81611.3796498012,1,0,0,0,2
"656130","Nigata","Hospital","CL7","ZoneC","EHP","MUL",75270.280909547,1,0,0,0,1
"656145","Nigata","Hospital","CL7","ZoneC","EHP","MUL",35290.6344857403,0,0,0,0,2
"656146","Nigata","Hospital","CL7","ZoneC","EHP","MUL",55409.2740484153,1,0,0,0,2
"656194","Nigata","Hospital","CL7","ZoneC","GHP","MUL",8793.96316926488,1,0,0,0,1
"656210","Nigata","Hospital","CL7","ZoneC","GHP","MUL",10596.6344946095,1,0,0,0,2
"656257","Nigata","Hospital","CL7","ZoneC","ABCH","CAV",63202.1002934041,0,0,0,0,1
"656258","Nigata","Hospital","CL7","ZoneC","ABCH","CAV",94906.6790852032,1,0,0,0,1
"656261","Nigata","Hospital","CL7","ZoneC","ABCH","CAV",48784.1064396247,1,0,1,0,1
"656273","Nigata","Hospital","CL7","ZoneC","ABCH","CAV",46374.241314909,0,0,0,0,2
"656274","Nigata","Hospital","CL7","ZoneC","ABCH","CAV",72811.4720307283,1,0,0,0,2
"656593","Nigata","Hospital","CL7","ZoneC","ABCH","OHUFCU",41186.8886533394,0,0,0,0,2
"656594","Nigata","Hospital","CL7","ZoneC","ABCH","OHUFCU",58635.3672738725,1,0,0,0,2
"656642","Nigata","Hospital","CL7","ZoneC","AHP","CAV",82828.4943693869,1,0,0,0,1
"656658","Nigata","Hospital","CL7","ZoneC","AHP","CAV",87678.7052296435,1,0,0,0,2
"657426","Nigata","Hospital","CL7","ZoneC","AB","CAV",62369.3164906486,1,0,0,0,2
"657793","Nigata","Hospital","CL7","ZoneC","COM","CAV",41608.0193189478,0,0,0,0,1
"657794","Nigata","Hospital","CL7","ZoneC","COM","CAV",62480.1852872352,1,0,0,0,1
"657797","Nigata","Hospital","CL7","ZoneC","COM","CAV",32116.1802182916,1,0,1,0,1
"657809","Nigata","Hospital","CL7","ZoneC","COM","CAV",44044.4715170831,0,0,0,0,2
"657810","Nigata","Hospital","CL7","ZoneC","COM","CAV",66138.854632105,1,0,0,0,2
"657813","Nigata","Hospital","CL7","ZoneC","COM","CAV",33996.8161911011,1,0,1,0,2
"658978","Nigata","Hospital","CL8","ZoneA","EHP","MUL",35887.3769730595,1,0,0,0,3
"659425","Nigata","Hospital","CL8","ZoneA","ABCH","OHUFCU",49521.3027193948,0,0,0,0,3
"659426","Nigata","Hospital","CL8","ZoneA","ABCH","OHUFCU",82614.7734048515,1,0,0,0,3
"659429","Nigata","Hospital","CL8","ZoneA","ABCH","OHUFCU",69525.9491726449,1,0,1,0,3
"659434","Nigata","Hospital","CL8","ZoneA","ABCH","OHUFCU",40989.6341775426,1,1,0,0,3
"660578","Nigata","Hospital","CL8","ZoneA","AB","OHUFCU",80070.6554823166,1,0,0,0,3
"660581","Nigata","Hospital","CL8","ZoneA","AB","OHUFCU",67384.9009547363,1,0,1,0,3
"660642","Nigata","Hospital","CL8","ZoneA","COM","CAV",79624.6150000081,1,0,0,0,3
"660645","Nigata","Hospital","CL8","ZoneA","COM","CAV",67926.1804634299,1,0,1,0,3
"660706","Nigata","Hospital","CL8","ZoneA","COM","VAV",116224.039233568,1,0,0,0,3
"660770","Nigata","Hospital","CL8","ZoneA","COM","FCU",68086.9655641964,1,0,0,0,3
"660834","Nigata","Hospital","CL8","ZoneA","COM","CAVFCU",77369.064477303,1,0,0,0,3
"660837","Nigata","Hospital","CL8","ZoneA","COM","CAVFCU",66002.0150297931,1,0,1,0,3
"660898","Nigata","Hospital","CL8","ZoneA","COM","VAVFCU",55383.4715317174,1,0,0,0,3
"660961","Nigata","Hospital","CL8","ZoneA","COM","OHUFCU",55720.2293299896,0,0,0,0,3
"660962","Nigata","Hospital","CL8","ZoneA","COM","OHUFCU",80308.9492066346,1,0,0,0,3
"660965","Nigata","Hospital","CL8","ZoneA","COM","OHUFCU",64926.2180532657,1,0,1,0,3
"661729","Nigata","Hospital","CL8","ZoneA","COM+TESICE","OHUFCU",49617.568233265,0,0,0,0,3
"661730","Nigata","Hospital","CL8","ZoneA","COM+TESICE","OHUFCU",82775.3700204161,1,0,0,0,3
"661733","Nigata","Hospital","CL8","ZoneA","COM+TESICE","OHUFCU",69661.1021443335,1,0,1,0,3
"661738","Nigata","Hospital","CL8","ZoneA","COM+TESICE","OHUFCU",41069.314799432,1,1,0,0,3
"661797","Nigata","Hospital","CL9","ZoneA","EHP","MUL",19462.8649921457,1,0,1,0,3
"663405","Nigata","Hospital","CL9","ZoneA","AB","OHUFCU",137507.752530339,1,1,1,0,3
"663469","Nigata","Hospital","CL9","ZoneA","COM","CAV",69346.025986674,1,1,1,0,3
"663533","Nigata","Hospital","CL9","ZoneA","COM","VAV",73195.083849227,1,1,1,0,3
"663653","Nigata","Hospital","CL9","ZoneA","COM","CAVFCU",61511.1503548803,1,0,1,0,3
"663661","Nigata","Hospital","CL9","ZoneA","COM","CAVFCU",95286.4338375489,1,1,1,0,3
"663725","Nigata","Hospital","CL9","ZoneA","COM","VAVFCU",88386.8266605536,1,1,1,0,3
"663781","Nigata","Hospital","CL9","ZoneA","COM","OHUFCU",51592.7554747659,1,0,1,0,3
"663786","Nigata","Hospital","CL9","ZoneA","COM","OHUFCU",53943.5161936777,1,1,0,0,3
"663789","Nigata","Hospital","CL9","ZoneA","COM","OHUFCU",80447.2869936521,1,1,1,0,3
"663792","Nigata","Hospital","CL9","ZoneA","COM","OHUFCU",54941.7477260433,1,1,1,1,3
"664429","Nigata","Hospital","CL9","ZoneA","COM+TESICE","CAVFCU",84850.3666392229,1,1,1,0,3
"664557","Nigata","Hospital","CL9","ZoneA","COM+TESICE","OHUFCU",130375.736877506,1,1,1,0,3
"664577","Nagoya","Hospital","CL1","ZoneC","EHP","MUL",72957.2610782313,0,0,0,0,1
"664578","Nagoya","Hospital","CL1","ZoneC","EHP","MUL",59104.6208414243,1,0,0,0,1
"664593","Nagoya","Hospital","CL1","ZoneC","EHP","MUL",42016.0488481236,0,0,0,0,2
"664594","Nagoya","Hospital","CL1","ZoneC","EHP","MUL",34038.3205142563,1,0,0,0,2
"664641","Nagoya","Hospital","CL1","ZoneC","GHP","MUL",18153.9752435569,0,0,0,0,1
"664657","Nagoya","Hospital","CL1","ZoneC","GHP","MUL",10454.8649352806,0,0,0,0,2
"667393","Nagoya","Hospital","CL2","ZoneC","EHP","MUL",491200.482964988,0,0,0,0,1
"667394","Nagoya","Hospital","CL2","ZoneC","EHP","MUL",465894.195829775,1,0,0,0,1
"667397","Nagoya","Hospital","CL2","ZoneC","EHP","MUL",46060.5325308968,1,0,1,0,1
"667409","Nagoya","Hospital","CL2","ZoneC","EHP","MUL",282882.103596907,0,0,0,0,2
"667410","Nagoya","Hospital","CL2","ZoneC","EHP","MUL",268308.225949586,1,0,0,0,2
"667413","Nagoya","Hospital","CL2","ZoneC","EHP","MUL",26526.2368157373,1,0,1,0,2
"667457","Nagoya","Hospital","CL2","ZoneC","GHP","MUL",72561.4985829031,0,0,0,0,1
"667458","Nagoya","Hospital","CL2","ZoneC","GHP","MUL",68823.1836142039,1,0,0,0,1
"667473","Nagoya","Hospital","CL2","ZoneC","GHP","MUL",41788.1294321501,0,0,0,0,2
"667474","Nagoya","Hospital","CL2","ZoneC","GHP","MUL",39635.2357788903,1,0,0,0,2
"667905","Nagoya","Hospital","CL2","ZoneC","AHP","CAV",48472.4423402285,0,0,0,0,1
"667906","Nagoya","Hospital","CL2","ZoneC","AHP","CAV",45681.7684186073,1,0,0,0,1
"667921","Nagoya","Hospital","CL2","ZoneC","AHP","CAV",27915.2544250673,0,0,0,0,2
"667922","Nagoya","Hospital","CL2","ZoneC","AHP","CAV",26308.1067597472,1,0,0,0,2
"670209","Nagoya","Hospital","CL3","ZoneC","EHP","MUL",468452.801791362,0,0,0,0,1
"670210","Nagoya","Hospital","CL3","ZoneC","EHP","MUL",477268.998811895,1,0,0,0,1
"670213","Nagoya","Hospital","CL3","ZoneC","EHP","MUL",62029.9840931509,1,0,1,0,1
"670225","Nagoya","Hospital","CL3","ZoneC","EHP","MUL",269781.725796981,0,0,0,0,2
"670226","Nagoya","Hospital","CL3","ZoneC","EHP","MUL",274858.969092507,1,0,0,0,2
"670229","Nagoya","Hospital","CL3","ZoneC","EHP","MUL",35723.0356949872,1,0,1,0,2
"670273","Nagoya","Hospital","CL3","ZoneC","GHP","MUL",74319.3737186697,0,0,0,0,1
"670274","Nagoya","Hospital","CL3","ZoneC","GHP","MUL",75718.0508930635,1,0,0,0,1
"670289","Nagoya","Hospital","CL3","ZoneC","GHP","MUL",42800.4888118981,0,0,0,0,2
"670290","Nagoya","Hospital","CL3","ZoneC","GHP","MUL",43605.9862718298,1,0,0,0,2
"670721","Nagoya","Hospital","CL3","ZoneC","AHP","CAV",68632.294160353,0,0,0,0,1
"670722","Nagoya","Hospital","CL3","ZoneC","AHP","CAV",69188.3761817789,1,0,0,0,1
"670737","Nagoya","Hospital","CL3","ZoneC","AHP","CAV",62475.527157965,0,0,0,0,2
"670738","Nagoya","Hospital","CL3","ZoneC","AHP","CAV",62981.3949892607,1,0,0,0,2
"670849","Nagoya","Hospital","CL3","ZoneC","AHP","FCU",39851.09447475,0,0,0,0,1
"670850","Nagoya","Hospital","CL3","ZoneC","AHP","FCU",40173.4080181946,1,0,0,0,1
"673025","Nagoya","Hospital","CL4","ZoneC","EHP","MUL",231688.669142549,0,0,0,0,1
"673026","Nagoya","Hospital","CL4","ZoneC","EHP","MUL",266480.966874399,1,0,0,0,1
"673029","Nagoya","Hospital","CL4","ZoneC","EHP","MUL",44256.2227288508,1,0,1,0,1
"673041","Nagoya","Hospital","CL4","ZoneC","EHP","MUL",133429.384496928,0,0,0,0,2
"673042","Nagoya","Hospital","CL4","ZoneC","EHP","MUL",153466.250731152,1,0,0,0,2
"673045","Nagoya","Hospital","CL4","ZoneC","EHP","MUL",25487.1357357417,1,0,1,0,2
"673089","Nagoya","Hospital","CL4","ZoneC","GHP","MUL",33794.6796753417,0,0,0,0,1
"673090","Nagoya","Hospital","CL4","ZoneC","GHP","MUL",38869.5698776483,1,0,0,0,1
"673106","Nagoya","Hospital","CL4","ZoneC","GHP","MUL",41847.3036625771,1,0,0,0,2
"673153","Nagoya","Hospital","CL4","ZoneC","ABCH","CAV",41529.6000078053,0,0,0,0,1
"673154","Nagoya","Hospital","CL4","ZoneC","ABCH","CAV",47015.1305002121,1,0,0,0,1
"673537","Nagoya","Hospital","CL4","ZoneC","AHP","CAV",51707.9093691728,0,0,0,0,1
"673538","Nagoya","Hospital","CL4","ZoneC","AHP","CAV",58538.9733975066,1,0,0,0,1
"673553","Nagoya","Hospital","CL4","ZoneC","AHP","CAV",70141.1981257468,0,0,0,0,2
"673554","Nagoya","Hospital","CL4","ZoneC","AHP","CAV",79405.9558171383,1,0,0,0,2
"673665","Nagoya","Hospital","CL4","ZoneC","AHP","FCU",28556.660183926,0,0,0,0,1
"673666","Nagoya","Hospital","CL4","ZoneC","AHP","FCU",32327.5183597882,1,0,0,0,1
"675841","Nagoya","Hospital","CL5","ZoneC","EHP","MUL",125843.512258395,0,0,0,0,1
"675842","Nagoya","Hospital","CL5","ZoneC","EHP","MUL",157923.736252484,1,0,0,0,1
"675845","Nagoya","Hospital","CL5","ZoneC","EHP","MUL",40619.2088335557,1,0,1,0,1
"675857","Nagoya","Hospital","CL5","ZoneC","EHP","MUL",151640.128262169,0,0,0,0,2
"675858","Nagoya","Hospital","CL5","ZoneC","EHP","MUL",190296.465754994,1,0,0,0,2
"675861","Nagoya","Hospital","CL5","ZoneC","EHP","MUL",48945.7257421498,1,0,1,0,2
"675906","Nagoya","Hospital","CL5","ZoneC","GHP","MUL",51664.4536181896,1,0,0,0,1
"675922","Nagoya","Hospital","CL5","ZoneC","GHP","MUL",62255.1312551639,1,0,0,0,2
"675969","Nagoya","Hospital","CL5","ZoneC","ABCH","CAV",87469.63435991,0,0,0,0,1
"675970","Nagoya","Hospital","CL5","ZoneC","ABCH","CAV",107057.395385946,1,0,0,0,1
"675985","Nagoya","Hospital","CL5","ZoneC","ABCH","CAV",64849.3690953945,0,0,0,0,2
"675986","Nagoya","Hospital","CL5","ZoneC","ABCH","CAV",79378.1247130043,1,0,0,0,2
"676113","Nagoya","Hospital","CL5","ZoneC","ABCH","FCU",40550.6592856009,0,0,0,0,2
"676114","Nagoya","Hospital","CL5","ZoneC","ABCH","FCU",49624.9020317348,1,0,0,0,2
"676353","Nagoya","Hospital","CL5","ZoneC","AHP","CAV",57461.4828777656,0,0,0,0,1
"676354","Nagoya","Hospital","CL5","ZoneC","AHP","CAV",70335.0675217186,1,0,0,0,1
"676369","Nagoya","Hospital","CL5","ZoneC","AHP","CAV",69240.4914432732,0,0,0,0,2
"676370","Nagoya","Hospital","CL5","ZoneC","AHP","CAV",84753.0275412375,1,0,0,0,2
"676481","Nagoya","Hospital","CL5","ZoneC","AHP","FCU",35930.9742982086,0,0,0,0,1
"676482","Nagoya","Hospital","CL5","ZoneC","AHP","FCU",43971.444875781,1,0,0,0,1
"676497","Nagoya","Hospital","CL5","ZoneC","AHP","FCU",43296.4517072401,0,0,0,0,2
"676498","Nagoya","Hospital","CL5","ZoneC","AHP","FCU",52985.1354366626,1,0,0,0,2
"678657","Nagoya","Hospital","CL6","ZoneC","EHP","MUL",66826.67599696,0,0,0,0,1
"678658","Nagoya","Hospital","CL6","ZoneC","EHP","MUL",93285.0313921188,1,0,0,0,1
"678661","Nagoya","Hospital","CL6","ZoneC","EHP","MUL",35464.6844874682,1,0,1,0,1
"678673","Nagoya","Hospital","CL6","ZoneC","EHP","MUL",80525.4521083781,0,0,0,0,2
"678674","Nagoya","Hospital","CL6","ZoneC","EHP","MUL",112407.49619413,1,0,0,0,2
"678677","Nagoya","Hospital","CL6","ZoneC","EHP","MUL",42734.5773170624,1,0,1,0,2
"678722","Nagoya","Hospital","CL6","ZoneC","GHP","MUL",34425.4182507416,1,0,0,0,1
"678738","Nagoya","Hospital","CL6","ZoneC","GHP","MUL",41482.272270838,1,0,0,0,2
"678785","Nagoya","Hospital","CL6","ZoneC","ABCH","CAV",55530.4543071668,0,0,0,0,1
"678786","Nagoya","Hospital","CL6","ZoneC","ABCH","CAV",77516.3525041755,1,0,0,0,1
"678801","Nagoya","Hospital","CL6","ZoneC","ABCH","CAV",54779.8952995417,0,0,0,0,2
"678802","Nagoya","Hospital","CL6","ZoneC","ABCH","CAV",76468.6283798884,1,0,0,0,2
"678805","Nagoya","Hospital","CL6","ZoneC","ABCH","CAV",29071.4998774318,1,0,1,0,2
"678914","Nagoya","Hospital","CL6","ZoneC","ABCH","FCU",80472.1613315675,1,0,0,0,1
"678929","Nagoya","Hospital","CL6","ZoneC","ABCH","FCU",40472.1008790193,0,0,0,0,2
"678930","Nagoya","Hospital","CL6","ZoneC","ABCH","FCU",56496.019661012,1,0,0,0,2
"678978","Nagoya","Hospital","CL6","ZoneC","ABCH","CAVFCU",60392.5832927234,1,0,0,0,1
"678994","Nagoya","Hospital","CL6","ZoneC","ABCH","CAVFCU",72772.4370707989,1,0,0,0,2
"679105","Nagoya","Hospital","CL6","ZoneC","ABCH","OHUFCU",34860.5006356791,0,0,0,0,1
"679106","Nagoya","Hospital","CL6","ZoneC","ABCH","OHUFCU",41336.7161737623,1,0,0,0,1
"679121","Nagoya","Hospital","CL6","ZoneC","ABCH","OHUFCU",42006.5420362996,0,0,0,0,2
"679122","Nagoya","Hospital","CL6","ZoneC","ABCH","OHUFCU",49810.3146521807,1,0,0,0,2
"679169","Nagoya","Hospital","CL6","ZoneC","AHP","CAV",75257.5118150101,0,0,0,0,1
"679170","Nagoya","Hospital","CL6","ZoneC","AHP","CAV",101413.520196762,1,0,0,0,1
"679173","Nagoya","Hospital","CL6","ZoneC","AHP","CAV",40159.3456024993,1,0,1,0,1
"679185","Nagoya","Hospital","CL6","ZoneC","AHP","CAV",50079.7217582862,0,0,0,0,2
"679186","Nagoya","Hospital","CL6","ZoneC","AHP","CAV",69907.5383690014,1,0,0,0,2
"679314","Nagoya","Hospital","CL6","ZoneC","AHP","FCU",72573.2122860142,1,0,0,0,2
"679506","Nagoya","Hospital","CL6","ZoneC","AHP","OHUFCU",68717.8857832637,1,0,0,0,2
"680322","Nagoya","Hospital","CL6","ZoneC","COM","CAV",65200.3072801663,1,0,0,0,1
"680337","Nagoya","Hospital","CL6","ZoneC","COM","CAV",33467.0524454371,0,0,0,0,2
"680338","Nagoya","Hospital","CL6","ZoneC","COM","CAV",45098.6422118793,1,0,0,0,2
"681473","Nagoya","Hospital","CL7","ZoneC","EHP","MUL",52211.5462107574,0,0,0,0,1
"681474","Nagoya","Hospital","CL7","ZoneC","EHP","MUL",80661.1695779516,1,0,0,0,1
"681477","Nagoya","Hospital","CL7","ZoneC","EHP","MUL",42775.5627550331,1,0,1,0,1
"681489","Nagoya","Hospital","CL7","ZoneC","EHP","MUL",62914.3721601532,0,0,0,0,2
"681490","Nagoya","Hospital","CL7","ZoneC","EHP","MUL",97195.8735183926,1,0,0,0,2
"681493","Nagoya","Hospital","CL7","ZoneC","EHP","MUL",51544.1098730697,1,0,1,0,2
"681538","Nagoya","Hospital","CL7","ZoneC","GHP","MUL",24912.85708641,1,0,0,0,1
"681554","Nagoya","Hospital","CL7","ZoneC","GHP","MUL",30019.7346383927,1,0,0,0,2
"681601","Nagoya","Hospital","CL7","ZoneC","ABCH","CAV",42898.140803014,0,0,0,0,1
"681602","Nagoya","Hospital","CL7","ZoneC","ABCH","CAV",66272.9695060789,1,0,0,0,1
"681617","Nagoya","Hospital","CL7","ZoneC","ABCH","CAV",39103.3258057974,0,0,0,0,2
"681618","Nagoya","Hospital","CL7","ZoneC","ABCH","CAV",60410.3923900546,1,0,0,0,2
"681621","Nagoya","Hospital","CL7","ZoneC","ABCH","CAV",32036.3384793182,1,0,1,0,2
"681730","Nagoya","Hospital","CL7","ZoneC","ABCH","FCU",63061.5521138473,1,0,0,0,1
"681746","Nagoya","Hospital","CL7","ZoneC","ABCH","FCU",75988.5168440012,1,0,0,0,2
"681794","Nagoya","Hospital","CL7","ZoneC","ABCH","CAVFCU",73247.8626835671,1,0,0,0,1
"681810","Nagoya","Hospital","CL7","ZoneC","ABCH","CAVFCU",88262.9155284479,1,0,0,0,2
"681921","Nagoya","Hospital","CL7","ZoneC","ABCH","OHUFCU",43360.8696644471,0,0,0,0,1
"681922","Nagoya","Hospital","CL7","ZoneC","ABCH","OHUFCU",57048.299072295,1,0,0,0,1
"681937","Nagoya","Hospital","CL7","ZoneC","ABCH","OHUFCU",52249.3986338765,0,0,0,0,2
"681938","Nagoya","Hospital","CL7","ZoneC","ABCH","OHUFCU",68742.6092391534,1,0,0,0,2
"681985","Nagoya","Hospital","CL7","ZoneC","AHP","CAV",40232.6964751945,0,0,0,0,1
"681986","Nagoya","Hospital","CL7","ZoneC","AHP","CAV",59295.311238397,1,0,0,0,1
"681989","Nagoya","Hospital","CL7","ZoneC","AHP","CAV",32048.7516844808,1,0,1,0,1
"682001","Nagoya","Hospital","CL7","ZoneC","AHP","CAV",48479.982355423,0,0,0,0,2
"682002","Nagoya","Hospital","CL7","ZoneC","AHP","CAV",71450.235615432,1,0,0,0,2
"682005","Nagoya","Hospital","CL7","ZoneC","AHP","CAV",38618.4136858664,1,0,1,0,2
"682754","Nagoya","Hospital","CL7","ZoneC","AB","CAV",77583.8341930419,1,0,0,0,1
"682770","Nagoya","Hospital","CL7","ZoneC","AB","CAV",93487.7162673833,1,0,0,0,2
"683137","Nagoya","Hospital","CL7","ZoneC","COM","CAV",42337.596752438,0,0,0,0,1
"683138","Nagoya","Hospital","CL7","ZoneC","COM","CAV",65406.9898138302,1,0,0,0,1
"683153","Nagoya","Hospital","CL7","ZoneC","COM","CAV",38592.3680759781,0,0,0,0,2
"683154","Nagoya","Hospital","CL7","ZoneC","COM","CAV",59621.0181791137,1,0,0,0,2
"683157","Nagoya","Hospital","CL7","ZoneC","COM","CAV",31617.7240918258,1,0,1,0,2
"683457","Nagoya","Hospital","CL7","ZoneC","COM","OHUFCU",41288.3395217882,0,0,0,0,1
"683458","Nagoya","Hospital","CL7","ZoneC","COM","OHUFCU",57808.7965462861,1,0,0,0,1
"683473","Nagoya","Hospital","CL7","ZoneC","COM","OHUFCU",49752.0212878382,0,0,0,0,2
"683474","Nagoya","Hospital","CL7","ZoneC","COM","OHUFCU",69659.0008149249,1,0,0,0,2
"683906","Nagoya","Hospital","CL7","ZoneC","COM+TESICE","CAV",68882.2416761286,1,0,0,0,1
"683922","Nagoya","Hospital","CL7","ZoneC","COM+TESICE","CAV",83002.387451699,1,0,0,0,2
"684322","Nagoya","Hospital","CL8","ZoneA","EHP","MUL",60365.6172488713,1,0,0,0,3
"684386","Nagoya","Hospital","CL8","ZoneA","GHP","MUL",12625.1155749718,1,0,0,0,3
"684450","Nagoya","Hospital","CL8","ZoneA","ABCH","CAV",117763.124151011,1,0,0,0,3
"684514","Nagoya","Hospital","CL8","ZoneA","ABCH","VAV",92762.1516820455,1,0,0,0,3
"684642","Nagoya","Hospital","CL8","ZoneA","ABCH","CAVFCU",113037.362638343,1,0,0,0,3
"684770","Nagoya","Hospital","CL8","ZoneA","ABCH","OHUFCU",86198.9136931243,1,0,0,0,3
"684773","Nagoya","Hospital","CL8","ZoneA","ABCH","OHUFCU",69687.8988555972,1,0,1,0,3
"685154","Nagoya","Hospital","CL8","ZoneA","AHP","OHUFCU",96475.7592020625,1,0,0,0,3
"685602","Nagoya","Hospital","CL8","ZoneA","AB","CAV",84870.8435179321,1,0,0,0,3
"685794","Nagoya","Hospital","CL8","ZoneA","AB","CAVFCU",81465.0289326259,1,0,0,0,3
"685922","Nagoya","Hospital","CL8","ZoneA","AB","OHUFCU",112346.249046231,1,0,0,0,3
"685985","Nagoya","Hospital","CL8","ZoneA","COM","CAV",50412.8280390486,0,0,0,0,3
"685986","Nagoya","Hospital","CL8","ZoneA","COM","CAV",89354.8127309981,1,0,0,0,3
"685989","Nagoya","Hospital","CL8","ZoneA","COM","CAV",75481.5763400002,1,0,1,0,3
"685994","Nagoya","Hospital","CL8","ZoneA","COM","CAV",41878.6535665637,1,1,0,0,3
"685997","Nagoya","Hospital","CL8","ZoneA","COM","CAV",35376.5699864133,1,1,1,0,3
"686049","Nagoya","Hospital","CL8","ZoneA","COM","VAV",45173.7211401228,0,0,0,0,3
"686050","Nagoya","Hospital","CL8","ZoneA","COM","VAV",80068.6958032077,1,0,0,0,3
"686053","Nagoya","Hospital","CL8","ZoneA","COM","VAV",67637.2227751025,1,0,1,0,3
"686058","Nagoya","Hospital","CL8","ZoneA","COM","VAV",37526.4529193721,1,1,0,0,3
"686114","Nagoya","Hospital","CL8","ZoneA","COM","FCU",131603.646042701,1,0,0,0,3
"686177","Nagoya","Hospital","CL8","ZoneA","COM","CAVFCU",48389.7923544127,0,0,0,0,3
"686178","Nagoya","Hospital","CL8","ZoneA","COM","CAVFCU",85769.0592277678,1,0,0,0,3
"686181","Nagoya","Hospital","CL8","ZoneA","COM","CAVFCU",72452.5472533934,1,0,1,0,3
"686186","Nagoya","Hospital","CL8","ZoneA","COM","CAVFCU",40198.0890379474,1,1,0,0,3
"686189","Nagoya","Hospital","CL8","ZoneA","COM","CAVFCU",33956.9300601013,1,1,1,0,3
"686242","Nagoya","Hospital","CL8","ZoneA","COM","VAVFCU",108414.86885751,1,0,0,0,3
"686305","Nagoya","Hospital","CL8","ZoneA","COM","OHUFCU",64274.7788518399,0,0,0,0,3
"686306","Nagoya","Hospital","CL8","ZoneA","COM","OHUFCU",93035.3940704755,1,0,0,0,3
"686309","Nagoya","Hospital","CL8","ZoneA","COM","OHUFCU",74533.223877496,1,0,1,0,3
"686312","Nagoya","Hospital","CL8","ZoneA","COM","OHUFCU",46694.1353230978,1,0,1,1,3
"686313","Nagoya","Hospital","CL8","ZoneA","COM","OHUFCU",30124.1882147654,0,1,0,0,3
"686314","Nagoya","Hospital","CL8","ZoneA","COM","OHUFCU",43603.6618356041,1,1,0,0,3
"686317","Nagoya","Hospital","CL8","ZoneA","COM","OHUFCU",34932.0978531015,1,1,1,0,3
"686754","Nagoya","Hospital","CL8","ZoneA","COM+TESICE","CAV",118206.581128355,1,0,0,0,3
"686818","Nagoya","Hospital","CL8","ZoneA","COM+TESICE","VAV",93111.4632657299,1,0,0,0,3
"686946","Nagoya","Hospital","CL8","ZoneA","COM+TESICE","CAVFCU",113463.023960798,1,0,0,0,3
"687074","Nagoya","Hospital","CL8","ZoneA","COM+TESICE","OHUFCU",86523.5102932251,1,0,0,0,3
"687077","Nagoya","Hospital","CL8","ZoneA","COM+TESICE","OHUFCU",69950.3204345654,1,0,1,0,3
"687141","Nagoya","Hospital","CL9","ZoneA","EHP","MUL",51805.7791190489,1,0,1,0,3
"687597","Nagoya","Hospital","CL9","ZoneA","ABCH","OHUFCU",121059.902415432,1,1,1,0,3
"688621","Nagoya","Hospital","CL9","ZoneA","AB","CAVFCU",127642.950391222,1,1,1,0,3
"688741","Nagoya","Hospital","CL9","ZoneA","AB","OHUFCU",55724.0286229514,1,0,1,0,3
"688746","Nagoya","Hospital","CL9","ZoneA","AB","OHUFCU",54196.114576725,1,1,0,0,3
"688749","Nagoya","Hospital","CL9","ZoneA","AB","OHUFCU",85047.0314476954,1,1,1,0,3
"688805","Nagoya","Hospital","CL9","ZoneA","COM","CAV",65862.8245074085,1,0,1,0,3
"688813","Nagoya","Hospital","CL9","ZoneA","COM","CAV",97632.5839617897,1,1,1,0,3
"688869","Nagoya","Hospital","CL9","ZoneA","COM","VAV",51959.8524015158,1,0,1,0,3
"688874","Nagoya","Hospital","CL9","ZoneA","COM","VAV",44932.011191452,1,1,0,0,3
"688877","Nagoya","Hospital","CL9","ZoneA","COM","VAV",77023.338889187,1,1,1,0,3
"688941","Nagoya","Hospital","CL9","ZoneA","COM","FCU",76069.9688778565,1,1,1,0,3
"688994","Nagoya","Hospital","CL9","ZoneA","COM","CAVFCU",47555.3109920342,1,0,0,0,3
"688997","Nagoya","Hospital","CL9","ZoneA","COM","CAVFCU",81520.2510947686,1,0,1,0,3
"689001","Nagoya","Hospital","CL9","ZoneA","COM","CAVFCU",42980.2343126234,0,1,0,0,3
"689002","Nagoya","Hospital","CL9","ZoneA","COM","CAVFCU",70494.2116889707,1,1,0,0,3
"689005","Nagoya","Hospital","CL9","ZoneA","COM","CAVFCU",120842.566639408,1,1,1,0,3
"689061","Nagoya","Hospital","CL9","ZoneA","COM","VAVFCU",60792.3837875102,1,0,1,0,3
"689066","Nagoya","Hospital","CL9","ZoneA","COM","VAVFCU",52569.8966114802,1,1,0,0,3
"689069","Nagoya","Hospital","CL9","ZoneA","COM","VAVFCU",90116.3525670508,1,1,1,0,3
"689121","Nagoya","Hospital","CL9","ZoneA","COM","OHUFCU",39193.3635566342,0,0,0,0,3
"689122","Nagoya","Hospital","CL9","ZoneA","COM","OHUFCU",52351.9529745008,1,0,0,0,3
"689125","Nagoya","Hospital","CL9","ZoneA","COM","OHUFCU",76470.0430418359,1,0,1,0,3
"689128","Nagoya","Hospital","CL9","ZoneA","COM","OHUFCU",55586.5477969684,1,0,1,1,3
"689129","Nagoya","Hospital","CL9","ZoneA","COM","OHUFCU",58098.7740323466,0,1,0,0,3
"689130","Nagoya","Hospital","CL9","ZoneA","COM","OHUFCU",77604.5740912868,1,1,0,0,3
"689133","Nagoya","Hospital","CL9","ZoneA","COM","OHUFCU",113356.327392305,1,1,1,0,3
"689136","Nagoya","Hospital","CL9","ZoneA","COM","OHUFCU",82399.4162947428,1,1,1,1,3
"689581","Nagoya","Hospital","CL9","ZoneA","COM+TESICE","CAV",59818.7798025521,1,1,1,0,3
"689645","Nagoya","Hospital","CL9","ZoneA","COM+TESICE","VAV",63631.1153872939,1,1,1,0,3
"689773","Nagoya","Hospital","CL9","ZoneA","COM+TESICE","CAVFCU",132956.029854626,1,1,1,0,3
"689837","Nagoya","Hospital","CL9","ZoneA","COM+TESICE","VAVFCU",74447.6169323927,1,1,1,0,3
"689893","Nagoya","Hospital","CL9","ZoneA","COM+TESICE","OHUFCU",43904.4073136237,1,0,1,0,3
"689898","Nagoya","Hospital","CL9","ZoneA","COM+TESICE","OHUFCU",45497.6829356549,1,1,0,0,3
"689901","Nagoya","Hospital","CL9","ZoneA","COM+TESICE","OHUFCU",67195.8431455732,1,1,1,0,3
"689904","Nagoya","Hospital","CL9","ZoneA","COM+TESICE","OHUFCU",46484.6607761362,1,1,1,1,3
"689921","Osaka","Hospital","CL1","ZoneC","EHP","MUL",166107.853691523,0,0,0,0,1
"689922","Osaka","Hospital","CL1","ZoneC","EHP","MUL",134645.773359813,1,0,0,0,1
"689937","Osaka","Hospital","CL1","ZoneC","EHP","MUL",95661.4268629993,0,0,0,0,2
"689938","Osaka","Hospital","CL1","ZoneC","EHP","MUL",77542.4311037801,1,0,0,0,2
"689985","Osaka","Hospital","CL1","ZoneC","GHP","MUL",49080.2360598971,0,0,0,0,1
"690001","Osaka","Hospital","CL1","ZoneC","GHP","MUL",28265.2825132626,0,0,0,0,2
"692737","Osaka","Hospital","CL2","ZoneC","EHP","MUL",568564.254748136,0,0,0,0,1
"692738","Osaka","Hospital","CL2","ZoneC","EHP","MUL",538649.026456716,1,0,0,0,1
"692741","Osaka","Hospital","CL2","ZoneC","EHP","MUL",51932.0127686383,1,0,1,0,1
"692753","Osaka","Hospital","CL2","ZoneC","EHP","MUL",327435.859676515,0,0,0,0,2
"692754","Osaka","Hospital","CL2","ZoneC","EHP","MUL",310207.695205712,1,0,0,0,2
"692757","Osaka","Hospital","CL2","ZoneC","EHP","MUL",29907.6192420214,1,0,1,0,2
"692801","Osaka","Hospital","CL2","ZoneC","GHP","MUL",90525.2595630148,0,0,0,0,1
"692802","Osaka","Hospital","CL2","ZoneC","GHP","MUL",85762.2379988695,1,0,0,0,1
"692817","Osaka","Hospital","CL2","ZoneC","GHP","MUL",52133.4500716828,0,0,0,0,2
"692818","Osaka","Hospital","CL2","ZoneC","GHP","MUL",49390.4284211139,1,0,0,0,2
"693249","Osaka","Hospital","CL2","ZoneC","AHP","CAV",49007.7345929613,0,0,0,0,1
"693250","Osaka","Hospital","CL2","ZoneC","AHP","CAV",46145.0204721829,1,0,0,0,1
"693265","Osaka","Hospital","CL2","ZoneC","AHP","CAV",28223.528956025,0,0,0,0,2
"693266","Osaka","Hospital","CL2","ZoneC","AHP","CAV",26574.8933773419,1,0,0,0,2
"695553","Osaka","Hospital","CL3","ZoneC","EHP","MUL",290567.594907417,0,0,0,0,1
"695554","Osaka","Hospital","CL3","ZoneC","EHP","MUL",295744.149677617,1,0,0,0,1
"695557","Osaka","Hospital","CL3","ZoneC","EHP","MUL",38509.7488151778,1,0,1,0,1
"695569","Osaka","Hospital","CL3","ZoneC","EHP","MUL",178328.695715874,0,0,0,0,2
"695570","Osaka","Hospital","CL3","ZoneC","EHP","MUL",181505.678547581,1,0,0,0,2
"695617","Osaka","Hospital","CL3","ZoneC","GHP","MUL",49151.5217241161,0,0,0,0,1
"695618","Osaka","Hospital","CL3","ZoneC","GHP","MUL",50027.1718265462,1,0,0,0,1
"695633","Osaka","Hospital","CL3","ZoneC","GHP","MUL",28306.3358903459,0,0,0,0,2
"695634","Osaka","Hospital","CL3","ZoneC","GHP","MUL",28810.6223305689,1,0,0,0,2
"696065","Osaka","Hospital","CL3","ZoneC","AHP","CAV",65227.8430500733,0,0,0,0,1
"696066","Osaka","Hospital","CL3","ZoneC","AHP","CAV",65693.0014717932,1,0,0,0,1
"696081","Osaka","Hospital","CL3","ZoneC","AHP","CAV",37564.6810111316,0,0,0,0,2
"696082","Osaka","Hospital","CL3","ZoneC","AHP","CAV",37832.5655051527,1,0,0,0,2
"698369","Osaka","Hospital","CL4","ZoneC","EHP","MUL",180160.945220982,0,0,0,0,1
"698370","Osaka","Hospital","CL4","ZoneC","EHP","MUL",206116.788977481,1,0,0,0,1
"698373","Osaka","Hospital","CL4","ZoneC","EHP","MUL",34990.0254139215,1,0,1,0,1
"698385","Osaka","Hospital","CL4","ZoneC","EHP","MUL",113152.951651866,0,0,0,0,2
"698386","Osaka","Hospital","CL4","ZoneC","EHP","MUL",129454.932805775,1,0,0,0,2
"698433","Osaka","Hospital","CL4","ZoneC","GHP","MUL",29368.9345217211,0,0,0,0,1
"698434","Osaka","Hospital","CL4","ZoneC","GHP","MUL",33600.1261088082,1,0,0,0,1
"698450","Osaka","Hospital","CL4","ZoneC","GHP","MUL",36263.8493862291,1,0,0,0,2
"698497","Osaka","Hospital","CL4","ZoneC","ABCH","CAV",30946.1494886058,0,0,0,0,1
"698498","Osaka","Hospital","CL4","ZoneC","ABCH","CAV",34838.9417014476,1,0,0,0,1
"698881","Osaka","Hospital","CL4","ZoneC","AHP","CAV",58144.8542977628,0,0,0,0,1
"698882","Osaka","Hospital","CL4","ZoneC","AHP","CAV",65459.0384456323,1,0,0,0,1
"698897","Osaka","Hospital","CL4","ZoneC","AHP","CAV",51307.462913151,0,0,0,0,2
"698898","Osaka","Hospital","CL4","ZoneC","AHP","CAV",57761.5547917715,1,0,0,0,2
"701185","Osaka","Hospital","CL5","ZoneC","EHP","MUL",167049.602721616,0,0,0,0,1
"701186","Osaka","Hospital","CL5","ZoneC","EHP","MUL",217029.556616605,1,0,0,0,1
"701189","Osaka","Hospital","CL5","ZoneC","EHP","MUL",53760.1745336972,1,0,1,0,1
"701201","Osaka","Hospital","CL5","ZoneC","EHP","MUL",201293.040286712,0,0,0,0,2
"701202","Osaka","Hospital","CL5","ZoneC","EHP","MUL",261518.366830456,1,0,0,0,2
"701205","Osaka","Hospital","CL5","ZoneC","EHP","MUL",64780.4532421786,1,0,1,0,2
"701249","Osaka","Hospital","CL5","ZoneC","GHP","MUL",31707.8808932078,0,0,0,0,1
"701250","Osaka","Hospital","CL5","ZoneC","GHP","MUL",41194.6345240516,1,0,0,0,1
"701265","Osaka","Hospital","CL5","ZoneC","GHP","MUL",38207.6679145362,0,0,0,0,2
"701266","Osaka","Hospital","CL5","ZoneC","GHP","MUL",49639.1077365507,1,0,0,0,2
"701313","Osaka","Hospital","CL5","ZoneC","ABCH","CAV",63069.9275538688,0,0,0,0,1
"701314","Osaka","Hospital","CL5","ZoneC","ABCH","CAV",79984.6571458316,1,0,0,0,1
"701329","Osaka","Hospital","CL5","ZoneC","ABCH","CAV",75998.6091624394,0,0,0,0,2
"701330","Osaka","Hospital","CL5","ZoneC","ABCH","CAV",96380.6830478105,1,0,0,0,2
"701441","Osaka","Hospital","CL5","ZoneC","ABCH","FCU",37281.441139943,0,0,0,0,1
"701442","Osaka","Hospital","CL5","ZoneC","ABCH","FCU",47269.8195569757,1,0,0,0,1
"701457","Osaka","Hospital","CL5","ZoneC","ABCH","FCU",44923.7502577917,0,0,0,0,2
"701458","Osaka","Hospital","CL5","ZoneC","ABCH","FCU",56959.6427492532,1,0,0,0,2
"701697","Osaka","Hospital","CL5","ZoneC","AHP","CAV",70492.7663804893,0,0,0,0,1
"701698","Osaka","Hospital","CL5","ZoneC","AHP","CAV",89398.2277907148,1,0,0,0,1
"701713","Osaka","Hospital","CL5","ZoneC","AHP","CAV",84943.0530319568,0,0,0,0,2
"701714","Osaka","Hospital","CL5","ZoneC","AHP","CAV",107723.938130075,1,0,0,0,2
"701825","Osaka","Hospital","CL5","ZoneC","AHP","FCU",41669.1761435956,0,0,0,0,1
"701826","Osaka","Hospital","CL5","ZoneC","AHP","FCU",52833.1088383082,1,0,0,0,1
"701841","Osaka","Hospital","CL5","ZoneC","AHP","FCU",50210.92547083,0,0,0,0,2
"701842","Osaka","Hospital","CL5","ZoneC","AHP","FCU",63663.3486856278,1,0,0,0,2
"704001","Osaka","Hospital","CL6","ZoneC","EHP","MUL",99954.3128914353,0,0,0,0,1
"704002","Osaka","Hospital","CL6","ZoneC","EHP","MUL",142816.923309477,1,0,0,0,1
"704005","Osaka","Hospital","CL6","ZoneC","EHP","MUL",50563.7985172657,1,0,1,0,1
"704017","Osaka","Hospital","CL6","ZoneC","EHP","MUL",120443.91129272,0,0,0,0,2
"704018","Osaka","Hospital","CL6","ZoneC","EHP","MUL",172092.912697714,1,0,0,0,2
"704021","Osaka","Hospital","CL6","ZoneC","EHP","MUL",60928.8532637025,1,0,1,0,2
"704066","Osaka","Hospital","CL6","ZoneC","GHP","MUL",55593.8300101072,1,0,0,0,1
"704082","Osaka","Hospital","CL6","ZoneC","GHP","MUL",66989.9890906419,1,0,0,0,2
"704129","Osaka","Hospital","CL6","ZoneC","ABCH","CAV",59420.8933063463,0,0,0,0,1
"704130","Osaka","Hospital","CL6","ZoneC","ABCH","CAV",84901.880837603,1,0,0,0,1
"704133","Osaka","Hospital","CL6","ZoneC","ABCH","CAV",30059.1939451518,1,0,1,0,1
"704145","Osaka","Hospital","CL6","ZoneC","ABCH","CAV",71601.5607060108,0,0,0,0,2
"704146","Osaka","Hospital","CL6","ZoneC","ABCH","CAV",102305.886643391,1,0,0,0,2
"704149","Osaka","Hospital","CL6","ZoneC","ABCH","CAV",36221.0172260683,1,0,1,0,2
"704257","Osaka","Hospital","CL6","ZoneC","ABCH","FCU",40673.8755082599,0,0,0,0,1
"704258","Osaka","Hospital","CL6","ZoneC","ABCH","FCU",58115.7289878198,1,0,0,0,1
"704273","Osaka","Hospital","CL6","ZoneC","ABCH","FCU",49011.598518704,0,0,0,0,2
"704274","Osaka","Hospital","CL6","ZoneC","ABCH","FCU",70028.8512264929,1,0,0,0,2
"704322","Osaka","Hospital","CL6","ZoneC","ABCH","CAVFCU",71326.9856251826,1,0,0,0,1
"704337","Osaka","Hospital","CL6","ZoneC","ABCH","CAVFCU",35386.8162631378,0,0,0,0,2
"704338","Osaka","Hospital","CL6","ZoneC","ABCH","CAVFCU",50561.4623143706,1,0,0,0,2
"704449","Osaka","Hospital","CL6","ZoneC","ABCH","OHUFCU",38750.171614338,0,0,0,0,1
"704450","Osaka","Hospital","CL6","ZoneC","ABCH","OHUFCU",47082.3491946493,1,0,0,0,1
"704465","Osaka","Hospital","CL6","ZoneC","ABCH","OHUFCU",46693.5552602341,0,0,0,0,2
"704466","Osaka","Hospital","CL6","ZoneC","ABCH","OHUFCU",56733.7429052457,1,0,0,0,2
"704513","Osaka","Hospital","CL6","ZoneC","AHP","CAV",59987.0752586028,0,0,0,0,1
"704514","Osaka","Hospital","CL6","ZoneC","AHP","CAV",85710.8540786321,1,0,0,0,1
"704529","Osaka","Hospital","CL6","ZoneC","AHP","CAV",60302.8291940453,0,0,0,0,2
"704530","Osaka","Hospital","CL6","ZoneC","AHP","CAV",86162.0102546713,1,0,0,0,2
"704641","Osaka","Hospital","CL6","ZoneC","AHP","FCU",33983.4416632228,0,0,0,0,1
"704642","Osaka","Hospital","CL6","ZoneC","AHP","FCU",48556.289782914,1,0,0,0,1
"704657","Osaka","Hospital","CL6","ZoneC","AHP","FCU",34162.3202866392,0,0,0,0,2
"704658","Osaka","Hospital","CL6","ZoneC","AHP","FCU",48811.8754990592,1,0,0,0,2
"704722","Osaka","Hospital","CL6","ZoneC","AHP","CAVFCU",59908.117865807,1,0,0,0,2
"704834","Osaka","Hospital","CL6","ZoneC","AHP","OHUFCU",71713.9546519787,1,0,0,0,1
"704850","Osaka","Hospital","CL6","ZoneC","AHP","OHUFCU",72091.4353561116,1,0,0,0,2
"705666","Osaka","Hospital","CL6","ZoneC","COM","CAV",66664.2701841445,1,0,0,0,1
"705681","Osaka","Hospital","CL6","ZoneC","COM","CAV",33699.5922046559,0,0,0,0,2
"705682","Osaka","Hospital","CL6","ZoneC","COM","CAV",46630.1625821528,1,0,0,0,2
"706817","Osaka","Hospital","CL7","ZoneC","EHP","MUL",56040.0742507552,0,0,0,0,1
"706818","Osaka","Hospital","CL7","ZoneC","EHP","MUL",85529.7673134233,1,0,0,0,1
"706821","Osaka","Hospital","CL7","ZoneC","EHP","MUL",46465.8622279789,1,0,1,0,1
"706833","Osaka","Hospital","CL7","ZoneC","EHP","MUL",67527.7087765734,0,0,0,0,2
"706834","Osaka","Hospital","CL7","ZoneC","EHP","MUL",103062.483340502,1,0,0,0,2
"706837","Osaka","Hospital","CL7","ZoneC","EHP","MUL",55990.8824985372,1,0,1,0,2
"706882","Osaka","Hospital","CL7","ZoneC","GHP","MUL",36749.2460681686,1,0,0,0,1
"706898","Osaka","Hospital","CL7","ZoneC","GHP","MUL",44282.4607109882,1,0,0,0,2
"706945","Osaka","Hospital","CL7","ZoneC","ABCH","CAV",40409.207886813,0,0,0,0,1
"706946","Osaka","Hospital","CL7","ZoneC","ABCH","CAV",61673.5469052719,1,0,0,0,1
"706949","Osaka","Hospital","CL7","ZoneC","ABCH","CAV",33505.4639294149,1,0,1,0,1
"706961","Osaka","Hospital","CL7","ZoneC","ABCH","CAV",43433.1418471331,0,0,0,0,2
"706962","Osaka","Hospital","CL7","ZoneC","ABCH","CAV",66288.7507831264,1,0,0,0,2
"706965","Osaka","Hospital","CL7","ZoneC","ABCH","CAV",36012.7714350761,1,0,1,0,2
"707026","Osaka","Hospital","CL7","ZoneC","ABCH","VAV",55003.0758778168,1,0,0,0,2
"707074","Osaka","Hospital","CL7","ZoneC","ABCH","FCU",73472.5941082487,1,0,0,0,1
"707090","Osaka","Hospital","CL7","ZoneC","ABCH","FCU",78970.7536638397,1,0,0,0,2
"707138","Osaka","Hospital","CL7","ZoneC","ABCH","CAVFCU",92444.6730773832,1,0,0,0,1
"707153","Osaka","Hospital","CL7","ZoneC","ABCH","CAVFCU",39332.4279596454,0,0,0,0,2
"707154","Osaka","Hospital","CL7","ZoneC","ABCH","CAVFCU",60030.1383650492,1,0,0,0,2
"707265","Osaka","Hospital","CL7","ZoneC","ABCH","OHUFCU",52626.774048759,0,0,0,0,1
"707266","Osaka","Hospital","CL7","ZoneC","ABCH","OHUFCU",68458.4742126964,1,0,0,0,1
"707281","Osaka","Hospital","CL7","ZoneC","ABCH","OHUFCU",43063.6800902308,0,0,0,0,2
"707282","Osaka","Hospital","CL7","ZoneC","ABCH","OHUFCU",54938.5179027173,1,0,0,0,2
"707285","Osaka","Hospital","CL7","ZoneC","ABCH","OHUFCU",32144.1978004562,1,0,1,0,2
"707329","Osaka","Hospital","CL7","ZoneC","AHP","CAV",47772.2425645088,0,0,0,0,1
"707330","Osaka","Hospital","CL7","ZoneC","AHP","CAV",69617.3181859233,1,0,0,0,1
"707333","Osaka","Hospital","CL7","ZoneC","AHP","CAV",38522.7397473777,1,0,1,0,1
"707345","Osaka","Hospital","CL7","ZoneC","AHP","CAV",57565.0572671486,0,0,0,0,2
"707346","Osaka","Hospital","CL7","ZoneC","AHP","CAV",83888.1470290297,1,0,0,0,2
"707349","Osaka","Hospital","CL7","ZoneC","AHP","CAV",46419.5022172297,1,0,1,0,2
"708098","Osaka","Hospital","CL7","ZoneC","AB","CAV",62090.6148048297,1,0,0,0,1
"708114","Osaka","Hospital","CL7","ZoneC","AB","CAV",74818.5474476319,1,0,0,0,2
"708481","Osaka","Hospital","CL7","ZoneC","COM","CAV",37746.3175700702,0,0,0,0,1
"708482","Osaka","Hospital","CL7","ZoneC","COM","CAV",57609.3768944852,1,0,0,0,1
"708485","Osaka","Hospital","CL7","ZoneC","COM","CAV",31297.5172726647,1,0,1,0,1
"708497","Osaka","Hospital","CL7","ZoneC","COM","CAV",44415.6515406181,0,0,0,0,2
"708498","Osaka","Hospital","CL7","ZoneC","COM","CAV",67788.2817275528,1,0,0,0,2
"708690","Osaka","Hospital","CL7","ZoneC","COM","CAVFCU",76501.1593690021,1,0,0,0,2
"708801","Osaka","Hospital","CL7","ZoneC","COM","OHUFCU",47451.0484540034,0,0,0,0,1
"708802","Osaka","Hospital","CL7","ZoneC","COM","OHUFCU",65654.9111265411,1,0,0,0,1
"708817","Osaka","Hospital","CL7","ZoneC","COM","OHUFCU",42904.8346671936,0,0,0,0,2
"708818","Osaka","Hospital","CL7","ZoneC","COM","OHUFCU",57297.3897133374,1,0,0,0,2
"709250","Osaka","Hospital","CL7","ZoneC","COM+TESICE","CAV",91735.8956505182,1,0,0,0,1
"709265","Osaka","Hospital","CL7","ZoneC","COM+TESICE","CAV",44985.1081545665,0,0,0,0,2
"709266","Osaka","Hospital","CL7","ZoneC","COM+TESICE","CAV",65555.6955233096,1,0,0,0,2
"709666","Osaka","Hospital","CL8","ZoneA","EHP","MUL",59511.6418094538,1,0,0,0,3
"709730","Osaka","Hospital","CL8","ZoneA","GHP","MUL",13274.0913446518,1,0,0,0,3
"709794","Osaka","Hospital","CL8","ZoneA","ABCH","CAV",114247.985321032,1,0,0,0,3
"709858","Osaka","Hospital","CL8","ZoneA","ABCH","VAV",89195.815789094,1,0,0,0,3
"709986","Osaka","Hospital","CL8","ZoneA","ABCH","CAVFCU",111210.63844001,1,0,0,0,3
"710114","Osaka","Hospital","CL8","ZoneA","ABCH","OHUFCU",84994.484920393,1,0,0,0,3
"710117","Osaka","Hospital","CL8","ZoneA","ABCH","OHUFCU",69298.6689665195,1,0,1,0,3
"710498","Osaka","Hospital","CL8","ZoneA","AHP","OHUFCU",93048.156654534,1,0,0,0,3
"710946","Osaka","Hospital","CL8","ZoneA","AB","CAV",79006.0038619679,1,0,0,0,3
"711138","Osaka","Hospital","CL8","ZoneA","AB","CAVFCU",76905.5848590612,1,0,0,0,3
"711266","Osaka","Hospital","CL8","ZoneA","AB","OHUFCU",106698.472429173,1,0,0,0,3
"711329","Osaka","Hospital","CL8","ZoneA","COM","CAV",47822.3702084344,0,0,0,0,3
"711330","Osaka","Hospital","CL8","ZoneA","COM","CAV",84192.7951911384,1,0,0,0,3
"711333","Osaka","Hospital","CL8","ZoneA","COM","CAV",71726.0748523334,1,0,1,0,3
"711338","Osaka","Hospital","CL8","ZoneA","COM","CAV",39329.4911578335,1,1,0,0,3
"711341","Osaka","Hospital","CL8","ZoneA","COM","CAV",33505.8364588882,1,1,1,0,3
"711393","Osaka","Hospital","CL8","ZoneA","COM","VAV",42482.4684883568,0,0,0,0,3
"711394","Osaka","Hospital","CL8","ZoneA","COM","VAV",74791.7293322152,1,0,0,0,3
"711397","Osaka","Hospital","CL8","ZoneA","COM","VAV",63717.0575491543,1,0,1,0,3
"711402","Osaka","Hospital","CL8","ZoneA","COM","VAV",34937.9142333076,1,1,0,0,3
"711458","Osaka","Hospital","CL8","ZoneA","COM","FCU",125899.058359925,1,0,0,0,3
"711521","Osaka","Hospital","CL8","ZoneA","COM","CAVFCU",46550.9856270128,0,0,0,0,3
"711522","Osaka","Hospital","CL8","ZoneA","COM","CAVFCU",81954.4824265001,1,0,0,0,3
"711525","Osaka","Hospital","CL8","ZoneA","COM","CAVFCU",69819.1968524417,1,0,1,0,3
"711530","Osaka","Hospital","CL8","ZoneA","COM","CAVFCU",38283.894537773,1,1,0,0,3
"711533","Osaka","Hospital","CL8","ZoneA","COM","CAVFCU",32615.0649710721,1,1,1,0,3
"711586","Osaka","Hospital","CL8","ZoneA","COM","VAVFCU",103176.650972056,1,0,0,0,3
"711649","Osaka","Hospital","CL8","ZoneA","COM","OHUFCU",62342.196780512,0,0,0,0,3
"711650","Osaka","Hospital","CL8","ZoneA","COM","OHUFCU",89647.1318976573,1,0,0,0,3
"711653","Osaka","Hospital","CL8","ZoneA","COM","OHUFCU",72429.8747995003,1,0,1,0,3
"711656","Osaka","Hospital","CL8","ZoneA","COM","OHUFCU",44266.1728655596,1,0,1,1,3
"711657","Osaka","Hospital","CL8","ZoneA","COM","OHUFCU",29122.2885696178,0,1,0,0,3
"711658","Osaka","Hospital","CL8","ZoneA","COM","OHUFCU",41877.408551286,1,1,0,0,3
"711661","Osaka","Hospital","CL8","ZoneA","COM","OHUFCU",33834.606797682,1,1,1,0,3
"712098","Osaka","Hospital","CL8","ZoneA","COM+TESICE","CAV",114149.452875088,1,0,0,0,3
"712162","Osaka","Hospital","CL8","ZoneA","COM+TESICE","VAV",89118.8894269098,1,0,0,0,3
"712290","Osaka","Hospital","CL8","ZoneA","COM+TESICE","CAVFCU",111114.725534504,1,0,0,0,3
"712418","Osaka","Hospital","CL8","ZoneA","COM+TESICE","OHUFCU",84921.1819692086,1,0,0,0,3
"712421","Osaka","Hospital","CL8","ZoneA","COM+TESICE","OHUFCU",69238.9027716522,1,0,1,0,3
"712485","Osaka","Hospital","CL9","ZoneA","EHP","MUL",39050.0768499587,1,0,1,0,3
"712941","Osaka","Hospital","CL9","ZoneA","ABCH","OHUFCU",92390.9962424779,1,1,1,0,3
"713965","Osaka","Hospital","CL9","ZoneA","AB","CAVFCU",97327.0551743393,1,1,1,0,3
"714093","Osaka","Hospital","CL9","ZoneA","AB","OHUFCU",149494.645142018,1,1,1,0,3
"714157","Osaka","Hospital","CL9","ZoneA","COM","CAV",125547.758661148,1,1,1,0,3
"714221","Osaka","Hospital","CL9","ZoneA","COM","VAV",133274.315053103,1,1,1,0,3
"714285","Osaka","Hospital","CL9","ZoneA","COM","FCU",58745.0876332092,1,1,1,0,3
"714338","Osaka","Hospital","CL9","ZoneA","COM","CAVFCU",36294.5310224342,1,0,0,0,3
"714341","Osaka","Hospital","CL9","ZoneA","COM","CAVFCU",63111.6071012102,1,0,1,0,3
"714345","Osaka","Hospital","CL9","ZoneA","COM","CAVFCU",33591.8331800119,0,1,0,0,3
"714346","Osaka","Hospital","CL9","ZoneA","COM","CAVFCU",55113.4576192068,1,1,0,0,3
"714349","Osaka","Hospital","CL9","ZoneA","COM","CAVFCU",95835.3444793816,1,1,1,0,3
"714405","Osaka","Hospital","CL9","ZoneA","COM","VAVFCU",63759.6991931266,1,0,1,0,3
"714413","Osaka","Hospital","CL9","ZoneA","COM","VAVFCU",96819.4761111996,1,1,1,0,3
"714465","Osaka","Hospital","CL9","ZoneA","COM","OHUFCU",30172.890468748,0,0,0,0,3
"714466","Osaka","Hospital","CL9","ZoneA","COM","OHUFCU",40346.6256622447,1,0,0,0,3
"714469","Osaka","Hospital","CL9","ZoneA","COM","OHUFCU",59587.5797983234,1,0,1,0,3
"714472","Osaka","Hospital","CL9","ZoneA","COM","OHUFCU",43068.23563256,1,0,1,1,3
"714473","Osaka","Hospital","CL9","ZoneA","COM","OHUFCU",45817.7106371874,0,1,0,0,3
"714474","Osaka","Hospital","CL9","ZoneA","COM","OHUFCU",61266.5870276616,1,1,0,0,3
"714477","Osaka","Hospital","CL9","ZoneA","COM","OHUFCU",90484.0884103466,1,1,1,0,3
"714480","Osaka","Hospital","CL9","ZoneA","COM","OHUFCU",65399.3676844021,1,1,1,1,3
"715117","Osaka","Hospital","CL9","ZoneA","COM+TESICE","CAVFCU",134708.716348392,1,1,1,0,3
"715181","Osaka","Hospital","CL9","ZoneA","COM+TESICE","VAVFCU",76181.2304409804,1,1,1,0,3
"715237","Osaka","Hospital","CL9","ZoneA","COM+TESICE","OHUFCU",46341.4741627455,1,0,1,0,3
"715242","Osaka","Hospital","CL9","ZoneA","COM+TESICE","OHUFCU",46695.9784282498,1,1,0,0,3
"715245","Osaka","Hospital","CL9","ZoneA","COM+TESICE","OHUFCU",72498.0441560002,1,1,1,0,3
"715248","Osaka","Hospital","CL9","ZoneA","COM+TESICE","OHUFCU",41377.4907256723,1,1,1,1,3
"715265","Hiroshima","Hospital","CL1","ZoneC","EHP","MUL",47307.842901432,0,0,0,0,1
"715266","Hiroshima","Hospital","CL1","ZoneC","EHP","MUL",37216.0374824899,1,0,0,0,1
"715281","Hiroshima","Hospital","CL1","ZoneC","EHP","MUL",54724.5423363981,0,0,0,0,2
"715329","Hiroshima","Hospital","CL1","ZoneC","GHP","MUL",10500.5884102594,0,0,0,0,1
"718081","Hiroshima","Hospital","CL2","ZoneC","EHP","MUL",284878.097339297,0,0,0,0,1
"718082","Hiroshima","Hospital","CL2","ZoneC","EHP","MUL",272996.633692868,1,0,0,0,1
"718085","Hiroshima","Hospital","CL2","ZoneC","EHP","MUL",26553.9960596178,1,0,1,0,1
"718097","Hiroshima","Hospital","CL2","ZoneC","EHP","MUL",171870.211943548,0,0,0,0,2
"718098","Hiroshima","Hospital","CL2","ZoneC","EHP","MUL",164701.989134622,1,0,0,0,2
"718145","Hiroshima","Hospital","CL2","ZoneC","GHP","MUL",35421.1296734542,0,0,0,0,1
"718146","Hiroshima","Hospital","CL2","ZoneC","GHP","MUL",33943.8140480646,1,0,0,0,1
"718161","Hiroshima","Hospital","CL2","ZoneC","GHP","MUL",39947.2351439502,0,0,0,0,2
"720897","Hiroshima","Hospital","CL3","ZoneC","EHP","MUL",234149.8689795,0,0,0,0,1
"720898","Hiroshima","Hospital","CL3","ZoneC","EHP","MUL",235120.329435472,1,0,0,0,1
"720901","Hiroshima","Hospital","CL3","ZoneC","EHP","MUL",31536.7706542034,1,0,1,0,1
"720913","Hiroshima","Hospital","CL3","ZoneC","EHP","MUL",143909.013440597,0,0,0,0,2
"720914","Hiroshima","Hospital","CL3","ZoneC","EHP","MUL",144505.46052558,1,0,0,0,2
"720961","Hiroshima","Hospital","CL3","ZoneC","GHP","MUL",33433.043770681,0,0,0,0,1
"720962","Hiroshima","Hospital","CL3","ZoneC","GHP","MUL",33571.6107792539,1,0,0,0,1
"720978","Hiroshima","Hospital","CL3","ZoneC","GHP","MUL",38587.9458331491,1,0,0,0,2
"721409","Hiroshima","Hospital","CL3","ZoneC","AHP","CAV",57895.1380366931,0,0,0,0,1
"721410","Hiroshima","Hospital","CL3","ZoneC","AHP","CAV",57517.2327267834,1,0,0,0,1
"721425","Hiroshima","Hospital","CL3","ZoneC","AHP","CAV",33341.7799937718,0,0,0,0,2
"721426","Hiroshima","Hospital","CL3","ZoneC","AHP","CAV",33124.1445216272,1,0,0,0,2
"723713","Hiroshima","Hospital","CL4","ZoneC","EHP","MUL",137658.737410614,0,0,0,0,1
"723714","Hiroshima","Hospital","CL4","ZoneC","EHP","MUL",156531.28844938,1,0,0,0,1
"723729","Hiroshima","Hospital","CL4","ZoneC","EHP","MUL",79277.5955393028,0,0,0,0,2
"723730","Hiroshima","Hospital","CL4","ZoneC","EHP","MUL",90146.2879026744,1,0,0,0,2
"723778","Hiroshima","Hospital","CL4","ZoneC","GHP","MUL",33877.3127509859,1,0,0,0,1
"723794","Hiroshima","Hospital","CL4","ZoneC","GHP","MUL",19509.9268578942,1,0,0,0,2
"724225","Hiroshima","Hospital","CL4","ZoneC","AHP","CAV",64908.3830794044,0,0,0,0,1
"724226","Hiroshima","Hospital","CL4","ZoneC","AHP","CAV",72617.2550659061,1,0,0,0,1
"724241","Hiroshima","Hospital","CL4","ZoneC","AHP","CAV",37380.7041795693,0,0,0,0,2
"724242","Hiroshima","Hospital","CL4","ZoneC","AHP","CAV",41820.2395618183,1,0,0,0,2
"726529","Hiroshima","Hospital","CL5","ZoneC","EHP","MUL",88317.7008408086,0,0,0,0,1
"726530","Hiroshima","Hospital","CL5","ZoneC","EHP","MUL",108996.520930221,1,0,0,0,1
"726533","Hiroshima","Hospital","CL5","ZoneC","EHP","MUL",28747.9562404111,1,0,1,0,1
"726545","Hiroshima","Hospital","CL5","ZoneC","EHP","MUL",106421.914352019,0,0,0,0,2
"726546","Hiroshima","Hospital","CL5","ZoneC","EHP","MUL",131339.678282752,1,0,0,0,2
"726549","Hiroshima","Hospital","CL5","ZoneC","EHP","MUL",34640.989379096,1,0,1,0,2
"726594","Hiroshima","Hospital","CL5","ZoneC","GHP","MUL",32716.3712871988,1,0,0,0,1
"726610","Hiroshima","Hospital","CL5","ZoneC","GHP","MUL",39422.888389168,1,0,0,0,2
"726657","Hiroshima","Hospital","CL5","ZoneC","ABCH","CAV",61345.1339462643,0,0,0,0,1
"726658","Hiroshima","Hospital","CL5","ZoneC","ABCH","CAV",73760.4427819191,1,0,0,0,1
"726673","Hiroshima","Hospital","CL5","ZoneC","ABCH","CAV",73920.2507378444,0,0,0,0,2
"726674","Hiroshima","Hospital","CL5","ZoneC","ABCH","CAV",88880.5692355309,1,0,0,0,2
"727041","Hiroshima","Hospital","CL5","ZoneC","AHP","CAV",61982.1993849889,0,0,0,0,1
"727042","Hiroshima","Hospital","CL5","ZoneC","AHP","CAV",74526.4404384332,1,0,0,0,1
"727057","Hiroshima","Hospital","CL5","ZoneC","AHP","CAV",74687.9079901408,0,0,0,0,2
"727058","Hiroshima","Hospital","CL5","ZoneC","AHP","CAV",89803.5884742488,1,0,0,0,2
"729345","Hiroshima","Hospital","CL6","ZoneC","EHP","MUL",56716.9954383816,0,0,0,0,1
"729346","Hiroshima","Hospital","CL6","ZoneC","EHP","MUL",81458.4513212878,1,0,0,0,1
"729349","Hiroshima","Hospital","CL6","ZoneC","EHP","MUL",29372.8377287274,1,0,1,0,1
"729361","Hiroshima","Hospital","CL6","ZoneC","EHP","MUL",68343.3917933051,0,0,0,0,2
"729362","Hiroshima","Hospital","CL6","ZoneC","EHP","MUL",98156.5897575606,1,0,0,0,2
"729365","Hiroshima","Hospital","CL6","ZoneC","EHP","MUL",35393.9650974022,1,0,1,0,2
"729410","Hiroshima","Hospital","CL6","ZoneC","GHP","MUL",22730.5555962769,1,0,0,0,1
"729426","Hiroshima","Hospital","CL6","ZoneC","GHP","MUL",27390.083956115,1,0,0,0,2
"729473","Hiroshima","Hospital","CL6","ZoneC","ABCH","CAV",54104.0192680314,0,0,0,0,1
"729474","Hiroshima","Hospital","CL6","ZoneC","ABCH","CAV",77705.6257258734,1,0,0,0,1
"729489","Hiroshima","Hospital","CL6","ZoneC","ABCH","CAV",54365.5709046638,0,0,0,0,2
"729490","Hiroshima","Hospital","CL6","ZoneC","ABCH","CAV",78081.27311509,1,0,0,0,2
"729602","Hiroshima","Hospital","CL6","ZoneC","ABCH","FCU",79004.7950303855,1,0,0,0,1
"729618","Hiroshima","Hospital","CL6","ZoneC","ABCH","FCU",79386.722911559,1,0,0,0,2
"729682","Hiroshima","Hospital","CL6","ZoneC","ABCH","CAVFCU",56530.6766431938,1,0,0,0,2
"729794","Hiroshima","Hospital","CL6","ZoneC","ABCH","OHUFCU",71619.4904298994,1,0,0,0,1
"729810","Hiroshima","Hospital","CL6","ZoneC","ABCH","OHUFCU",71965.7160003866,1,0,0,0,2
"729857","Hiroshima","Hospital","CL6","ZoneC","AHP","CAV",61315.9762146045,0,0,0,0,1
"729858","Hiroshima","Hospital","CL6","ZoneC","AHP","CAV",85101.8642246432,1,0,0,0,1
"729861","Hiroshima","Hospital","CL6","ZoneC","AHP","CAV",31939.4773759425,1,0,1,0,1
"729873","Hiroshima","Hospital","CL6","ZoneC","AHP","CAV",73885.1159733307,0,0,0,0,2
"729874","Hiroshima","Hospital","CL6","ZoneC","AHP","CAV",102546.864552517,1,0,0,0,2
"729877","Hiroshima","Hospital","CL6","ZoneC","AHP","CAV",38486.7392763945,1,0,1,0,2
"732161","Hiroshima","Hospital","CL7","ZoneC","EHP","MUL",32078.3396048425,0,0,0,0,1
"732162","Hiroshima","Hospital","CL7","ZoneC","EHP","MUL",49110.7018426996,1,0,0,0,1
"732165","Hiroshima","Hospital","CL7","ZoneC","EHP","MUL",26642.4824056813,1,0,1,0,1
"732177","Hiroshima","Hospital","CL7","ZoneC","EHP","MUL",38654.0668233077,0,0,0,0,2
"732178","Hiroshima","Hospital","CL7","ZoneC","EHP","MUL",59177.8868280541,1,0,0,0,2
"732181","Hiroshima","Hospital","CL7","ZoneC","EHP","MUL",32103.9152254795,1,0,1,0,2
"732226","Hiroshima","Hospital","CL7","ZoneC","GHP","MUL",15834.4903152441,1,0,0,0,1
"732242","Hiroshima","Hospital","CL7","ZoneC","GHP","MUL",19080.3967505247,1,0,0,0,2
"732289","Hiroshima","Hospital","CL7","ZoneC","ABCH","CAV",36844.791065582,0,0,0,0,1
"732290","Hiroshima","Hospital","CL7","ZoneC","ABCH","CAV",56407.9553607945,1,0,0,0,1
"732293","Hiroshima","Hospital","CL7","ZoneC","ABCH","CAV",30601.2315412231,1,0,1,0,1
"732305","Hiroshima","Hospital","CL7","ZoneC","ABCH","CAV",44533.2666772822,0,0,0,0,2
"732306","Hiroshima","Hospital","CL7","ZoneC","ABCH","CAV",68178.7152580455,1,0,0,0,2
"732434","Hiroshima","Hospital","CL7","ZoneC","ABCH","FCU",62243.9111595623,1,0,0,0,2
"732482","Hiroshima","Hospital","CL7","ZoneC","ABCH","CAVFCU",83670.379671099,1,0,0,0,1
"732498","Hiroshima","Hospital","CL7","ZoneC","ABCH","CAVFCU",76143.3300469202,1,0,0,0,2
"732609","Hiroshima","Hospital","CL7","ZoneC","ABCH","OHUFCU",47976.7406849752,0,0,0,0,1
"732610","Hiroshima","Hospital","CL7","ZoneC","ABCH","OHUFCU",64266.6942960509,1,0,0,0,1
"732625","Hiroshima","Hospital","CL7","ZoneC","ABCH","OHUFCU",44329.5415283739,0,0,0,0,2
"732626","Hiroshima","Hospital","CL7","ZoneC","ABCH","OHUFCU",57816.3905082228,1,0,0,0,2
"732673","Hiroshima","Hospital","CL7","ZoneC","AHP","CAV",47014.2657202862,0,0,0,0,1
"732674","Hiroshima","Hospital","CL7","ZoneC","AHP","CAV",68684.6265144843,1,0,0,0,1
"732689","Hiroshima","Hospital","CL7","ZoneC","AHP","CAV",39108.0432022699,0,0,0,0,2
"732690","Hiroshima","Hospital","CL7","ZoneC","AHP","CAV",57134.1761890198,1,0,0,0,2
"732693","Hiroshima","Hospital","CL7","ZoneC","AHP","CAV",31569.505506361,1,0,1,0,2
"733825","Hiroshima","Hospital","CL7","ZoneC","COM","CAV",57794.3391983557,0,0,0,0,1
"733826","Hiroshima","Hospital","CL7","ZoneC","COM","CAV",84433.5765256382,1,0,0,0,1
"733829","Hiroshima","Hospital","CL7","ZoneC","COM","CAV",46653.7970238585,1,0,1,0,1
"733841","Hiroshima","Hospital","CL7","ZoneC","COM","CAV",43247.8583425444,0,0,0,0,2
"733842","Hiroshima","Hospital","CL7","ZoneC","COM","CAV",66210.8046289085,1,0,0,0,2
"734161","Hiroshima","Hospital","CL7","ZoneC","COM","OHUFCU",41552.5754074585,0,0,0,0,2
"734162","Hiroshima","Hospital","CL7","ZoneC","COM","OHUFCU",57645.0161592849,1,0,0,0,2
"734610","Hiroshima","Hospital","CL7","ZoneC","COM+TESICE","CAV",62620.2149055924,1,0,0,0,2
"735010","Hiroshima","Hospital","CL8","ZoneA","EHP","MUL",43044.4608297332,1,0,0,0,3
"735138","Hiroshima","Hospital","CL8","ZoneA","ABCH","CAV",87149.2065035401,1,0,0,0,3
"735330","Hiroshima","Hospital","CL8","ZoneA","ABCH","CAVFCU",83930.2865667357,1,0,0,0,3
"735458","Hiroshima","Hospital","CL8","ZoneA","ABCH","OHUFCU",115600.449721232,1,0,0,0,3
"735842","Hiroshima","Hospital","CL8","ZoneA","AHP","OHUFCU",57132.5569734841,1,0,0,0,3
"736610","Hiroshima","Hospital","CL8","ZoneA","AB","OHUFCU",90242.3764117304,1,0,0,0,3
"736613","Hiroshima","Hospital","CL8","ZoneA","AB","OHUFCU",75591.1764342923,1,0,1,0,3
"736674","Hiroshima","Hospital","CL8","ZoneA","COM","CAV",96116.3467157929,1,0,0,0,3
"736677","Hiroshima","Hospital","CL8","ZoneA","COM","CAV",81604.7861651412,1,0,1,0,3
"736738","Hiroshima","Hospital","CL8","ZoneA","COM","VAV",76325.2148459887,1,0,0,0,3
"736741","Hiroshima","Hospital","CL8","ZoneA","COM","VAV",64801.701784739,1,0,1,0,3
"736802","Hiroshima","Hospital","CL8","ZoneA","COM","FCU",79420.2388260892,1,0,0,0,3
"736866","Hiroshima","Hospital","CL8","ZoneA","COM","CAVFCU",92566.2188705818,1,0,0,0,3
"736869","Hiroshima","Hospital","CL8","ZoneA","COM","CAVFCU",78590.6534648629,1,0,1,0,3
"736930","Hiroshima","Hospital","CL8","ZoneA","COM","VAVFCU",66567.7385378534,1,0,0,0,3
"736993","Hiroshima","Hospital","CL8","ZoneA","COM","OHUFCU",54096.6233017802,0,0,0,0,3
"736994","Hiroshima","Hospital","CL8","ZoneA","COM","OHUFCU",78472.7268373503,1,0,0,0,3
"736997","Hiroshima","Hospital","CL8","ZoneA","COM","OHUFCU",63104.1421656362,1,0,1,0,3
"737000","Hiroshima","Hospital","CL8","ZoneA","COM","OHUFCU",40067.5282995718,1,0,1,1,3
"737442","Hiroshima","Hospital","CL8","ZoneA","COM+TESICE","CAV",88092.8506138239,1,0,0,0,3
"737634","Hiroshima","Hospital","CL8","ZoneA","COM+TESICE","CAVFCU",84839.0764888783,1,0,0,0,3
"737762","Hiroshima","Hospital","CL8","ZoneA","COM+TESICE","OHUFCU",116852.161445322,1,0,0,0,3
"737829","Hiroshima","Hospital","CL9","ZoneA","EHP","MUL",17310.0414322429,1,0,1,0,3
"739437","Hiroshima","Hospital","CL9","ZoneA","AB","OHUFCU",116548.429542158,1,1,1,0,3
"739501","Hiroshima","Hospital","CL9","ZoneA","COM","CAV",61164.2763070953,1,1,1,0,3
"739565","Hiroshima","Hospital","CL9","ZoneA","COM","VAV",64697.9510771041,1,1,1,0,3
"739693","Hiroshima","Hospital","CL9","ZoneA","COM","CAVFCU",137335.145124603,1,1,1,0,3
"739757","Hiroshima","Hospital","CL9","ZoneA","COM","VAVFCU",76977.3664385975,1,1,1,0,3
"739813","Hiroshima","Hospital","CL9","ZoneA","COM","OHUFCU",45421.5002314821,1,0,1,0,3
"739818","Hiroshima","Hospital","CL9","ZoneA","COM","OHUFCU",47156.5101220695,1,1,0,0,3
"739821","Hiroshima","Hospital","CL9","ZoneA","COM","OHUFCU",69980.3287481257,1,1,1,0,3
"739824","Hiroshima","Hospital","CL9","ZoneA","COM","OHUFCU",47908.1637587436,1,1,1,1,3
"740581","Hiroshima","Hospital","CL9","ZoneA","COM+TESICE","OHUFCU",54479.128259927,1,0,1,0,3
"740586","Hiroshima","Hospital","CL9","ZoneA","COM+TESICE","OHUFCU",51045.5798927626,1,1,0,0,3
"740589","Hiroshima","Hospital","CL9","ZoneA","COM+TESICE","OHUFCU",83566.402299482,1,1,1,0,3
"740609","Matsuyama","Hospital","CL1","ZoneC","EHP","MUL",52454.782666958,0,0,0,0,1
"740625","Matsuyama","Hospital","CL1","ZoneC","EHP","MUL",30208.6821555615,0,0,0,0,2
"743425","Matsuyama","Hospital","CL2","ZoneC","EHP","MUL",149944.91636877,0,0,0,0,1
"743426","Matsuyama","Hospital","CL2","ZoneC","EHP","MUL",142533.710898622,1,0,0,0,1
"743441","Matsuyama","Hospital","CL2","ZoneC","EHP","MUL",86353.1996345437,0,0,0,0,2
"743442","Matsuyama","Hospital","CL2","ZoneC","EHP","MUL",82085.0902448104,1,0,0,0,2
"743489","Matsuyama","Hospital","CL2","ZoneC","GHP","MUL",36160.5508590416,0,0,0,0,1
"743505","Matsuyama","Hospital","CL2","ZoneC","GHP","MUL",20824.8425011377,0,0,0,0,2
"746241","Matsuyama","Hospital","CL3","ZoneC","EHP","MUL",149280.281184101,0,0,0,0,1
"746242","Matsuyama","Hospital","CL3","ZoneC","EHP","MUL",149243.346283712,1,0,0,0,1
"746257","Matsuyama","Hospital","CL3","ZoneC","EHP","MUL",103837.809692615,0,0,0,0,2
"746258","Matsuyama","Hospital","CL3","ZoneC","EHP","MUL",103812.11816037,1,0,0,0,2
"746305","Matsuyama","Hospital","CL3","ZoneC","GHP","MUL",40283.8752955628,0,0,0,0,1
"746321","Matsuyama","Hospital","CL3","ZoneC","GHP","MUL",28021.0443297799,0,0,0,0,2
"746753","Matsuyama","Hospital","CL3","ZoneC","AHP","CAV",35405.9317530356,0,0,0,0,1
"746754","Matsuyama","Hospital","CL3","ZoneC","AHP","CAV",35008.9725749791,1,0,0,0,1
"749057","Matsuyama","Hospital","CL4","ZoneC","EHP","MUL",107701.126719726,0,0,0,0,1
"749058","Matsuyama","Hospital","CL4","ZoneC","EHP","MUL",123175.800034647,1,0,0,0,1
"749073","Matsuyama","Hospital","CL4","ZoneC","EHP","MUL",62025.0230666094,0,0,0,0,2
"749074","Matsuyama","Hospital","CL4","ZoneC","EHP","MUL",70936.8794096171,1,0,0,0,2
"749122","Matsuyama","Hospital","CL4","ZoneC","GHP","MUL",27656.07364687,1,0,0,0,1
"749138","Matsuyama","Hospital","CL4","ZoneC","GHP","MUL",15927.1184817121,1,0,0,0,2
"749569","Matsuyama","Hospital","CL4","ZoneC","AHP","CAV",48146.3850356364,0,0,0,0,1
"749570","Matsuyama","Hospital","CL4","ZoneC","AHP","CAV",54191.1560179561,1,0,0,0,1
"749585","Matsuyama","Hospital","CL4","ZoneC","AHP","CAV",27727.4781923173,0,0,0,0,2
"749586","Matsuyama","Hospital","CL4","ZoneC","AHP","CAV",31208.6586686037,1,0,0,0,2
"751873","Matsuyama","Hospital","CL5","ZoneC","EHP","MUL",71019.9870284905,0,0,0,0,1
"751874","Matsuyama","Hospital","CL5","ZoneC","EHP","MUL",90265.3069315048,1,0,0,0,1
"751889","Matsuyama","Hospital","CL5","ZoneC","EHP","MUL",85578.3484496598,0,0,0,0,2
"751890","Matsuyama","Hospital","CL5","ZoneC","EHP","MUL",108768.759509924,1,0,0,0,2
"751938","Matsuyama","Hospital","CL5","ZoneC","GHP","MUL",22902.2258395997,1,0,0,0,1
"751954","Matsuyama","Hospital","CL5","ZoneC","GHP","MUL",27596.9448204464,1,0,0,0,2
"752001","Matsuyama","Hospital","CL5","ZoneC","ABCH","CAV",41595.4255707755,0,0,0,0,1
"752002","Matsuyama","Hospital","CL5","ZoneC","ABCH","CAV",51645.7061696533,1,0,0,0,1
"752017","Matsuyama","Hospital","CL5","ZoneC","ABCH","CAV",50122.0567947965,0,0,0,0,2
"752018","Matsuyama","Hospital","CL5","ZoneC","ABCH","CAV",62232.5407739415,1,0,0,0,2
"752385","Matsuyama","Hospital","CL5","ZoneC","AHP","CAV",47147.6940663575,0,0,0,0,1
"752386","Matsuyama","Hospital","CL5","ZoneC","AHP","CAV",58539.5129612185,1,0,0,0,1
"752401","Matsuyama","Hospital","CL5","ZoneC","AHP","CAV",56812.4827985408,0,0,0,0,2
"752402","Matsuyama","Hospital","CL5","ZoneC","AHP","CAV",70539.5065231261,1,0,0,0,2
"754689","Matsuyama","Hospital","CL6","ZoneC","EHP","MUL",40593.971955521,0,0,0,0,1
"754690","Matsuyama","Hospital","CL6","ZoneC","EHP","MUL",59701.9287532708,1,0,0,0,1
"754705","Matsuyama","Hospital","CL6","ZoneC","EHP","MUL",48915.3155656261,0,0,0,0,2
"754706","Matsuyama","Hospital","CL6","ZoneC","EHP","MUL",71940.2055074237,1,0,0,0,2
"754754","Matsuyama","Hospital","CL6","ZoneC","GHP","MUL",12722.4078051658,1,0,0,0,1
"754770","Matsuyama","Hospital","CL6","ZoneC","GHP","MUL",15330.3695737424,1,0,0,0,2
"754817","Matsuyama","Hospital","CL6","ZoneC","ABCH","CAV",62796.2974751677,0,0,0,0,1
"754818","Matsuyama","Hospital","CL6","ZoneC","ABCH","CAV",89498.471180651,1,0,0,0,1
"754833","Matsuyama","Hospital","CL6","ZoneC","ABCH","CAV",62606.4716873676,0,0,0,0,2
"754834","Matsuyama","Hospital","CL6","ZoneC","ABCH","CAV",89227.9278766373,1,0,0,0,2
"754837","Matsuyama","Hospital","CL6","ZoneC","ABCH","CAV",31679.2185652068,1,0,1,0,2
"755201","Matsuyama","Hospital","CL6","ZoneC","AHP","CAV",41762.7256944043,0,0,0,0,1
"755202","Matsuyama","Hospital","CL6","ZoneC","AHP","CAV",59521.0267526379,1,0,0,0,1
"755217","Matsuyama","Hospital","CL6","ZoneC","AHP","CAV",50323.6517101803,0,0,0,0,2
"755218","Matsuyama","Hospital","CL6","ZoneC","AHP","CAV",71722.2204711946,1,0,0,0,2
"757506","Matsuyama","Hospital","CL7","ZoneC","EHP","MUL",56527.7127730761,1,0,0,0,1
"757522","Matsuyama","Hospital","CL7","ZoneC","EHP","MUL",58579.3923563754,1,0,0,0,2
"757586","Matsuyama","Hospital","CL7","ZoneC","GHP","MUL",9535.91578661152,1,0,0,0,2
"757649","Matsuyama","Hospital","CL7","ZoneC","ABCH","CAV",41097.9175656386,0,0,0,0,2
"757650","Matsuyama","Hospital","CL7","ZoneC","ABCH","CAV",62249.7706812748,1,0,0,0,2
"757953","Matsuyama","Hospital","CL7","ZoneC","ABCH","OHUFCU",52505.280280978,0,0,0,0,1
"757954","Matsuyama","Hospital","CL7","ZoneC","ABCH","OHUFCU",75695.4442409544,1,0,0,0,1
"757957","Matsuyama","Hospital","CL7","ZoneC","ABCH","OHUFCU",44067.6538977797,1,0,1,0,1
"757969","Matsuyama","Hospital","CL7","ZoneC","ABCH","OHUFCU",43930.3749069477,0,0,0,0,2
"757970","Matsuyama","Hospital","CL7","ZoneC","ABCH","OHUFCU",60303.547771326,1,0,0,0,2
"759489","Matsuyama","Hospital","CL7","ZoneC","COM","OHUFCU",36506.5224176381,0,0,0,0,1
"759490","Matsuyama","Hospital","CL7","ZoneC","COM","OHUFCU",52630.4672083927,1,0,0,0,1
"759493","Matsuyama","Hospital","CL7","ZoneC","COM","OHUFCU",30639.9049067612,1,0,1,0,1
"759505","Matsuyama","Hospital","CL7","ZoneC","COM","OHUFCU",43989.9812272374,0,0,0,0,2
"759506","Matsuyama","Hospital","CL7","ZoneC","COM","OHUFCU",63419.167621382,1,0,0,0,2
"759509","Matsuyama","Hospital","CL7","ZoneC","COM","OHUFCU",36920.7679173942,1,0,1,0,2
"760354","Matsuyama","Hospital","CL8","ZoneA","EHP","MUL",20995.5504640458,1,0,0,0,3
"760802","Matsuyama","Hospital","CL8","ZoneA","ABCH","OHUFCU",76309.8419961831,1,0,0,0,3
"760805","Matsuyama","Hospital","CL8","ZoneA","ABCH","OHUFCU",64376.6374304614,1,0,1,0,3
"761954","Matsuyama","Hospital","CL8","ZoneA","AB","OHUFCU",82499.8024739655,1,0,0,0,3
"762018","Matsuyama","Hospital","CL8","ZoneA","COM","CAV",102983.506051807,1,0,0,0,3
"762082","Matsuyama","Hospital","CL8","ZoneA","COM","VAV",81232.0874437244,1,0,0,0,3
"762210","Matsuyama","Hospital","CL8","ZoneA","COM","CAVFCU",100440.309735768,1,0,0,0,3
"762338","Matsuyama","Hospital","CL8","ZoneA","COM","OHUFCU",76694.1057825115,1,0,0,0,3
"762341","Matsuyama","Hospital","CL8","ZoneA","COM","OHUFCU",62712.8298143723,1,0,1,0,3
"763106","Matsuyama","Hospital","CL8","ZoneA","COM+TESICE","OHUFCU",76886.2492318516,1,0,0,0,3
"763109","Matsuyama","Hospital","CL8","ZoneA","COM+TESICE","OHUFCU",64862.9070734359,1,0,1,0,3
"763173","Matsuyama","Hospital","CL9","ZoneA","EHP","MUL",12820.6266194173,1,0,1,0,3
"764781","Matsuyama","Hospital","CL9","ZoneA","AB","OHUFCU",87039.9310749654,1,1,1,0,3
"765037","Matsuyama","Hospital","CL9","ZoneA","COM","CAVFCU",133352.785481871,1,1,1,0,3
"765101","Matsuyama","Hospital","CL9","ZoneA","COM","VAVFCU",74920.3356901462,1,1,1,0,3
"765157","Matsuyama","Hospital","CL9","ZoneA","COM","OHUFCU",46254.7783379878,1,0,1,0,3
"765162","Matsuyama","Hospital","CL9","ZoneA","COM","OHUFCU",46232.5458395896,1,1,0,0,3
"765165","Matsuyama","Hospital","CL9","ZoneA","COM","OHUFCU",71310.4104454588,1,1,1,0,3
"765168","Matsuyama","Hospital","CL9","ZoneA","COM","OHUFCU",40536.7554655306,1,1,1,1,3
"765933","Matsuyama","Hospital","CL9","ZoneA","COM+TESICE","OHUFCU",140951.473817781,1,1,1,0,3
"765953","Fukuoka","Hospital","CL1","ZoneC","EHP","MUL",92108.1748286443,0,0,0,0,1
"765954","Fukuoka","Hospital","CL1","ZoneC","EHP","MUL",73170.6286711899,1,0,0,0,1
"765969","Fukuoka","Hospital","CL1","ZoneC","EHP","MUL",53045.0501528837,0,0,0,0,2
"765970","Fukuoka","Hospital","CL1","ZoneC","EHP","MUL",42138.9271343402,1,0,0,0,2
"766017","Fukuoka","Hospital","CL1","ZoneC","GHP","MUL",21868.3288069591,0,0,0,0,1
"766033","Fukuoka","Hospital","CL1","ZoneC","GHP","MUL",12593.9592276467,0,0,0,0,2
"768769","Fukuoka","Hospital","CL2","ZoneC","EHP","MUL",416564.081416832,0,0,0,0,1
"768770","Fukuoka","Hospital","CL2","ZoneC","EHP","MUL",395662.957440793,1,0,0,0,1
"768773","Fukuoka","Hospital","CL2","ZoneC","EHP","MUL",38799.4439608489,1,0,1,0,1
"768785","Fukuoka","Hospital","CL2","ZoneC","EHP","MUL",270356.46674562,0,0,0,0,2
"768786","Fukuoka","Hospital","CL2","ZoneC","EHP","MUL",256791.317273408,1,0,0,0,2
"768833","Fukuoka","Hospital","CL2","ZoneC","GHP","MUL",57761.8904720173,0,0,0,0,1
"768834","Fukuoka","Hospital","CL2","ZoneC","GHP","MUL",54863.6846791902,1,0,0,0,1
"768849","Fukuoka","Hospital","CL2","ZoneC","GHP","MUL",35779.2068493931,0,0,0,0,2
"768850","Fukuoka","Hospital","CL2","ZoneC","GHP","MUL",33983.9833256079,1,0,0,0,2
"769281","Fukuoka","Hospital","CL2","ZoneC","AHP","CAV",37469.1554554256,0,0,0,0,1
"769282","Fukuoka","Hospital","CL2","ZoneC","AHP","CAV",35363.4389550527,1,0,0,0,1
"771585","Fukuoka","Hospital","CL3","ZoneC","EHP","MUL",434618.317706848,0,0,0,0,1
"771586","Fukuoka","Hospital","CL3","ZoneC","EHP","MUL",438024.083258516,1,0,0,0,1
"771589","Fukuoka","Hospital","CL3","ZoneC","EHP","MUL",59104.2658213811,1,0,1,0,1
"771601","Fukuoka","Hospital","CL3","ZoneC","EHP","MUL",250296.463945915,0,0,0,0,2
"771602","Fukuoka","Hospital","CL3","ZoneC","EHP","MUL",252257.842562235,1,0,0,0,2
"771605","Fukuoka","Hospital","CL3","ZoneC","EHP","MUL",34038.1160583973,1,0,1,0,2
"771649","Fukuoka","Hospital","CL3","ZoneC","GHP","MUL",65540.3453630437,0,0,0,0,1
"771650","Fukuoka","Hospital","CL3","ZoneC","GHP","MUL",66053.9340485358,1,0,0,0,1
"771665","Fukuoka","Hospital","CL3","ZoneC","GHP","MUL",37744.6509312311,0,0,0,0,2
"771666","Fukuoka","Hospital","CL3","ZoneC","GHP","MUL",38040.4263890617,1,0,0,0,2
"772097","Fukuoka","Hospital","CL3","ZoneC","AHP","CAV",63162.3927051475,0,0,0,0,1
"772098","Fukuoka","Hospital","CL3","ZoneC","AHP","CAV",62961.8902346237,1,0,0,0,1
"772113","Fukuoka","Hospital","CL3","ZoneC","AHP","CAV",57974.9628625589,0,0,0,0,2
"772114","Fukuoka","Hospital","CL3","ZoneC","AHP","CAV",57790.5980391795,1,0,0,0,2
"772225","Fukuoka","Hospital","CL3","ZoneC","AHP","FCU",37506.1524827569,0,0,0,0,1
"772226","Fukuoka","Hospital","CL3","ZoneC","AHP","FCU",37386.5207673735,1,0,0,0,1
"774401","Fukuoka","Hospital","CL4","ZoneC","EHP","MUL",325094.175458864,0,0,0,0,1
"774402","Fukuoka","Hospital","CL4","ZoneC","EHP","MUL",369404.05801088,1,0,0,0,1
"774405","Fukuoka","Hospital","CL4","ZoneC","EHP","MUL",62901.6149660452,1,0,1,0,1
"774417","Fukuoka","Hospital","CL4","ZoneC","EHP","MUL",187221.567181277,0,0,0,0,2
"774418","Fukuoka","Hospital","CL4","ZoneC","EHP","MUL",212739.605581374,1,0,0,0,2
"774421","Fukuoka","Hospital","CL4","ZoneC","EHP","MUL",36225.0074630035,1,0,1,0,2
"774465","Fukuoka","Hospital","CL4","ZoneC","GHP","MUL",44834.5892615106,0,0,0,0,1
"774466","Fukuoka","Hospital","CL4","ZoneC","GHP","MUL",50945.4812257895,1,0,0,0,1
"774482","Fukuoka","Hospital","CL4","ZoneC","GHP","MUL",55159.6929599086,1,0,0,0,2
"774529","Fukuoka","Hospital","CL4","ZoneC","ABCH","CAV",57851.8274050157,0,0,0,0,1
"774530","Fukuoka","Hospital","CL4","ZoneC","ABCH","CAV",64661.6866088981,1,0,0,0,1
"774545","Fukuoka","Hospital","CL4","ZoneC","ABCH","CAV",33316.8374234324,0,0,0,0,2
"774546","Fukuoka","Hospital","CL4","ZoneC","ABCH","CAV",37238.6318100441,1,0,0,0,2
"774913","Fukuoka","Hospital","CL4","ZoneC","AHP","CAV",67911.3563717467,0,0,0,0,1
"774914","Fukuoka","Hospital","CL4","ZoneC","AHP","CAV",75906.8750433072,1,0,0,0,1
"774929","Fukuoka","Hospital","CL4","ZoneC","AHP","CAV",61332.9211410601,0,0,0,0,2
"774930","Fukuoka","Hospital","CL4","ZoneC","AHP","CAV",68552.5471454281,1,0,0,0,2
"775041","Fukuoka","Hospital","CL4","ZoneC","AHP","FCU",38587.9972329845,0,0,0,0,1
"775042","Fukuoka","Hospital","CL4","ZoneC","AHP","FCU",43128.734296695,1,0,0,0,1
"777217","Fukuoka","Hospital","CL5","ZoneC","EHP","MUL",200167.71186878,0,0,0,0,1
"777218","Fukuoka","Hospital","CL5","ZoneC","EHP","MUL",245779.191523267,1,0,0,0,1
"777221","Fukuoka","Hospital","CL5","ZoneC","EHP","MUL",65454.3155216704,1,0,1,0,1
"777233","Fukuoka","Hospital","CL5","ZoneC","EHP","MUL",241200.018634269,0,0,0,0,2
"777234","Fukuoka","Hospital","CL5","ZoneC","EHP","MUL",296161.378984989,1,0,0,0,2
"777237","Fukuoka","Hospital","CL5","ZoneC","EHP","MUL",78871.7719562577,1,0,1,0,2
"777281","Fukuoka","Hospital","CL5","ZoneC","GHP","MUL",34583.2537920042,0,0,0,0,1
"777282","Fukuoka","Hospital","CL5","ZoneC","GHP","MUL",42463.6125271534,1,0,0,0,1
"777297","Fukuoka","Hospital","CL5","ZoneC","GHP","MUL",41672.4624625442,0,0,0,0,2
"777298","Fukuoka","Hospital","CL5","ZoneC","GHP","MUL",51168.2130809494,1,0,0,0,2
"777345","Fukuoka","Hospital","CL5","ZoneC","ABCH","CAV",81608.1542410353,0,0,0,0,1
"777346","Fukuoka","Hospital","CL5","ZoneC","ABCH","CAV",97547.0618599719,1,0,0,0,1
"777361","Fukuoka","Hospital","CL5","ZoneC","ABCH","CAV",78357.7121763796,0,0,0,0,2
"777362","Fukuoka","Hospital","CL5","ZoneC","ABCH","CAV",96212.7956028617,1,0,0,0,2
"777473","Fukuoka","Hospital","CL5","ZoneC","ABCH","FCU",56013.9425800193,0,0,0,0,1
"777474","Fukuoka","Hospital","CL5","ZoneC","ABCH","FCU",66939.0172082161,1,0,0,0,1
"777489","Fukuoka","Hospital","CL5","ZoneC","ABCH","FCU",53776.3445798237,0,0,0,0,2
"777490","Fukuoka","Hospital","CL5","ZoneC","ABCH","FCU",66030.1622599861,1,0,0,0,2
"777681","Fukuoka","Hospital","CL5","ZoneC","ABCH","OHUFCU",33764.0995770445,0,0,0,0,2
"777682","Fukuoka","Hospital","CL5","ZoneC","ABCH","OHUFCU",35896.1072605781,1,0,0,0,2
"777729","Fukuoka","Hospital","CL5","ZoneC","AHP","CAV",78368.6187984935,0,0,0,0,1
"777730","Fukuoka","Hospital","CL5","ZoneC","AHP","CAV",93674.8119953585,1,0,0,0,1
"777745","Fukuoka","Hospital","CL5","ZoneC","AHP","CAV",75247.2070050197,0,0,0,0,2
"777746","Fukuoka","Hospital","CL5","ZoneC","AHP","CAV",92393.5110683663,1,0,0,0,2
"777857","Fukuoka","Hospital","CL5","ZoneC","AHP","FCU",53790.4006563958,0,0,0,0,1
"777858","Fukuoka","Hospital","CL5","ZoneC","AHP","FCU",64281.7910921292,1,0,0,0,1
"777873","Fukuoka","Hospital","CL5","ZoneC","AHP","FCU",51641.6268441161,0,0,0,0,2
"777874","Fukuoka","Hospital","CL5","ZoneC","AHP","FCU",63409.0142520771,1,0,0,0,2
"778065","Fukuoka","Hospital","CL5","ZoneC","AHP","OHUFCU",32423.7923702146,0,0,0,0,2
"778066","Fukuoka","Hospital","CL5","ZoneC","AHP","OHUFCU",34471.1674025283,1,0,0,0,2
"780033","Fukuoka","Hospital","CL6","ZoneC","EHP","MUL",118027.704075156,0,0,0,0,1
"780034","Fukuoka","Hospital","CL6","ZoneC","EHP","MUL",169988.263870993,1,0,0,0,1
"780037","Fukuoka","Hospital","CL6","ZoneC","EHP","MUL",61133.4570629043,1,0,1,0,1
"780049","Fukuoka","Hospital","CL6","ZoneC","EHP","MUL",142222.160389934,0,0,0,0,2
"780050","Fukuoka","Hospital","CL6","ZoneC","EHP","MUL",204834.096520867,1,0,0,0,2
"780053","Fukuoka","Hospital","CL6","ZoneC","EHP","MUL",73665.1822868226,1,0,1,0,2
"780098","Fukuoka","Hospital","CL6","ZoneC","GHP","MUL",54931.8290833755,1,0,0,0,1
"780114","Fukuoka","Hospital","CL6","ZoneC","GHP","MUL",66192.2848336822,1,0,0,0,2
"780161","Fukuoka","Hospital","CL6","ZoneC","ABCH","CAV",69403.0712096278,0,0,0,0,1
"780162","Fukuoka","Hospital","CL6","ZoneC","ABCH","CAV",99957.1047720047,1,0,0,0,1
"780165","Fukuoka","Hospital","CL6","ZoneC","ABCH","CAV",35947.9133062334,1,0,1,0,1
"780177","Fukuoka","Hospital","CL6","ZoneC","ABCH","CAV",79027.3860484575,0,0,0,0,2
"780178","Fukuoka","Hospital","CL6","ZoneC","ABCH","CAV",113818.431510672,1,0,0,0,2
"780181","Fukuoka","Hospital","CL6","ZoneC","ABCH","CAV",40932.9093507622,1,0,1,0,2
"780289","Fukuoka","Hospital","CL6","ZoneC","ABCH","FCU",46873.7727985804,0,0,0,0,1
"780290","Fukuoka","Hospital","CL6","ZoneC","ABCH","FCU",67509.4997530436,1,0,0,0,1
"780305","Fukuoka","Hospital","CL6","ZoneC","ABCH","FCU",53373.8878400992,0,0,0,0,2
"780306","Fukuoka","Hospital","CL6","ZoneC","ABCH","FCU",76871.2278280552,1,0,0,0,2
"780353","Fukuoka","Hospital","CL6","ZoneC","ABCH","CAVFCU",35533.9594850884,0,0,0,0,1
"780354","Fukuoka","Hospital","CL6","ZoneC","ABCH","CAVFCU",51177.4428610937,1,0,0,0,1
"780369","Fukuoka","Hospital","CL6","ZoneC","ABCH","CAVFCU",40461.5514142949,0,0,0,0,2
"780370","Fukuoka","Hospital","CL6","ZoneC","ABCH","CAVFCU",58274.3596712111,1,0,0,0,2
"780481","Fukuoka","Hospital","CL6","ZoneC","ABCH","OHUFCU",46405.9080144657,0,0,0,0,1
"780482","Fukuoka","Hospital","CL6","ZoneC","ABCH","OHUFCU",56851.0379823766,1,0,0,0,1
"780497","Fukuoka","Hospital","CL6","ZoneC","ABCH","OHUFCU",52841.1429590978,0,0,0,0,2
"780498","Fukuoka","Hospital","CL6","ZoneC","ABCH","OHUFCU",64734.7278381763,1,0,0,0,2
"780545","Fukuoka","Hospital","CL6","ZoneC","AHP","CAV",55629.1755958862,0,0,0,0,1
"780546","Fukuoka","Hospital","CL6","ZoneC","AHP","CAV",80119.3842938591,1,0,0,0,1
"780561","Fukuoka","Hospital","CL6","ZoneC","AHP","CAV",52252.4654782957,0,0,0,0,2
"780562","Fukuoka","Hospital","CL6","ZoneC","AHP","CAV",75256.1100737717,1,0,0,0,2
"780565","Fukuoka","Hospital","CL6","ZoneC","AHP","CAV",27064.6106334002,1,0,1,0,2
"780674","Fukuoka","Hospital","CL6","ZoneC","AHP","FCU",75629.5798096295,1,0,0,0,1
"780689","Fukuoka","Hospital","CL6","ZoneC","AHP","FCU",35290.5160003283,0,0,0,0,2
"780690","Fukuoka","Hospital","CL6","ZoneC","AHP","FCU",50826.8257271816,1,0,0,0,2
"780738","Fukuoka","Hospital","CL6","ZoneC","AHP","CAVFCU",57333.0940604597,1,0,0,0,1
"780754","Fukuoka","Hospital","CL6","ZoneC","AHP","CAVFCU",65283.6319589261,1,0,0,0,2
"780866","Fukuoka","Hospital","CL6","ZoneC","AHP","OHUFCU",68272.9149460405,1,0,0,0,1
"780881","Fukuoka","Hospital","CL6","ZoneC","AHP","OHUFCU",34938.2680658439,0,0,0,0,2
"780882","Fukuoka","Hospital","CL6","ZoneC","AHP","OHUFCU",42802.239840466,1,0,0,0,2
"781697","Fukuoka","Hospital","CL6","ZoneC","COM","CAV",34059.4234186606,0,0,0,0,1
"781698","Fukuoka","Hospital","CL6","ZoneC","COM","CAV",47481.8656232251,1,0,0,0,1
"781713","Fukuoka","Hospital","CL6","ZoneC","COM","CAV",38782.5373745273,0,0,0,0,2
"781714","Fukuoka","Hospital","CL6","ZoneC","COM","CAV",54066.3065698318,1,0,0,0,2
"782098","Fukuoka","Hospital","CL6","ZoneC","AHP+TESICE","CAV",61554.3490799928,1,0,0,0,2
"782849","Fukuoka","Hospital","CL7","ZoneC","EHP","MUL",59476.647662887,0,0,0,0,1
"782850","Fukuoka","Hospital","CL7","ZoneC","EHP","MUL",88830.7243989699,1,0,0,0,1
"782853","Fukuoka","Hospital","CL7","ZoneC","EHP","MUL",49609.952741378,1,0,1,0,1
"782865","Fukuoka","Hospital","CL7","ZoneC","EHP","MUL",71668.7441279073,0,0,0,0,2
"782866","Fukuoka","Hospital","CL7","ZoneC","EHP","MUL",107040.102423577,1,0,0,0,2
"782869","Fukuoka","Hospital","CL7","ZoneC","EHP","MUL",59779.4789876499,1,0,1,0,2
"782914","Fukuoka","Hospital","CL7","ZoneC","GHP","MUL",33169.4424667851,1,0,0,0,1
"782930","Fukuoka","Hospital","CL7","ZoneC","GHP","MUL",39968.8344657785,1,0,0,0,2
"782977","Fukuoka","Hospital","CL7","ZoneC","ABCH","CAV",43938.767840611,0,0,0,0,1
"782978","Fukuoka","Hospital","CL7","ZoneC","ABCH","CAV",65624.286671341,1,0,0,0,1
"782981","Fukuoka","Hospital","CL7","ZoneC","ABCH","CAV",36649.6815429507,1,0,1,0,1
"782993","Fukuoka","Hospital","CL7","ZoneC","ABCH","CAV",45489.5054682665,0,0,0,0,2
"782994","Fukuoka","Hospital","CL7","ZoneC","ABCH","CAV",67940.3746189698,1,0,0,0,2
"782997","Fukuoka","Hospital","CL7","ZoneC","ABCH","CAV",37943.1643373799,1,0,1,0,2
"783058","Fukuoka","Hospital","CL7","ZoneC","ABCH","VAV",56409.8927270232,1,0,0,0,2
"783106","Fukuoka","Hospital","CL7","ZoneC","ABCH","FCU",87969.1541606284,1,0,0,0,1
"783122","Fukuoka","Hospital","CL7","ZoneC","ABCH","FCU",91073.8629208918,1,0,0,0,2
"783169","Fukuoka","Hospital","CL7","ZoneC","ABCH","CAVFCU",41907.0938772584,0,0,0,0,1
"783170","Fukuoka","Hospital","CL7","ZoneC","ABCH","CAVFCU",62589.9012949145,1,0,0,0,1
"783185","Fukuoka","Hospital","CL7","ZoneC","ABCH","CAVFCU",43386.1273261912,0,0,0,0,2
"783186","Fukuoka","Hospital","CL7","ZoneC","ABCH","CAVFCU",64798.8962171519,1,0,0,0,2
"783297","Fukuoka","Hospital","CL7","ZoneC","ABCH","OHUFCU",47617.0675646126,0,0,0,0,1
"783298","Fukuoka","Hospital","CL7","ZoneC","ABCH","OHUFCU",60541.3758015717,1,0,0,0,1
"783301","Fukuoka","Hospital","CL7","ZoneC","ABCH","OHUFCU",36169.2868660794,1,0,1,0,1
"783313","Fukuoka","Hospital","CL7","ZoneC","ABCH","OHUFCU",49803.004251638,0,0,0,0,2
"783314","Fukuoka","Hospital","CL7","ZoneC","ABCH","OHUFCU",62173.6320046892,1,0,0,0,2
"783317","Fukuoka","Hospital","CL7","ZoneC","ABCH","OHUFCU",37444.8745479633,1,0,1,0,2
"783361","Fukuoka","Hospital","CL7","ZoneC","AHP","CAV",47653.655113968,0,0,0,0,1
"783362","Fukuoka","Hospital","CL7","ZoneC","AHP","CAV",67796.9777538271,1,0,0,0,1
"783365","Fukuoka","Hospital","CL7","ZoneC","AHP","CAV",38615.7571990481,1,0,1,0,1
"783377","Fukuoka","Hospital","CL7","ZoneC","AHP","CAV",54900.9288164518,0,0,0,0,2
"783378","Fukuoka","Hospital","CL7","ZoneC","AHP","CAV",78107.6926991573,1,0,0,0,2
"783381","Fukuoka","Hospital","CL7","ZoneC","AHP","CAV",44488.5273146009,1,0,1,0,2
"784146","Fukuoka","Hospital","CL7","ZoneC","AB","CAV",53898.2358240094,1,0,0,0,2
"784513","Fukuoka","Hospital","CL7","ZoneC","COM","CAV",37577.1003167813,0,0,0,0,1
"784514","Fukuoka","Hospital","CL7","ZoneC","COM","CAV",56122.8847475097,1,0,0,0,1
"784517","Fukuoka","Hospital","CL7","ZoneC","COM","CAV",31343.3632211384,1,0,1,0,1
"784529","Fukuoka","Hospital","CL7","ZoneC","COM","CAV",42490.9223846998,0,0,0,0,2
"784530","Fukuoka","Hospital","CL7","ZoneC","COM","CAV",63461.8722495444,1,0,0,0,2
"784722","Fukuoka","Hospital","CL7","ZoneC","COM","CAVFCU",75723.5584813583,1,0,0,0,2
"784833","Fukuoka","Hospital","CL7","ZoneC","COM","OHUFCU",39289.1820725839,0,0,0,0,1
"784834","Fukuoka","Hospital","CL7","ZoneC","COM","OHUFCU",53206.8903349268,1,0,0,0,1
"784837","Fukuoka","Hospital","CL7","ZoneC","COM","OHUFCU",30935.1903239503,1,0,1,0,1
"784849","Fukuoka","Hospital","CL7","ZoneC","COM","OHUFCU",45330.3376364121,0,0,0,0,2
"784850","Fukuoka","Hospital","CL7","ZoneC","COM","OHUFCU",59256.4909390653,1,0,0,0,2
"784898","Fukuoka","Hospital","CL7","ZoneC","AHP+TESICE","CAV",52655.499983718,1,0,0,0,1
"784914","Fukuoka","Hospital","CL7","ZoneC","AHP+TESICE","CAV",60663.4653624594,1,0,0,0,2
"785282","Fukuoka","Hospital","CL7","ZoneC","COM+TESICE","CAV",80524.292495104,1,0,0,0,1
"785298","Fukuoka","Hospital","CL7","ZoneC","COM+TESICE","CAV",92770.6057320466,1,0,0,0,2
"785698","Fukuoka","Hospital","CL8","ZoneA","EHP","MUL",60471.1395558089,1,0,0,0,3
"785762","Fukuoka","Hospital","CL8","ZoneA","GHP","MUL",12714.1838436731,1,0,0,0,3
"785826","Fukuoka","Hospital","CL8","ZoneA","ABCH","CAV",116861.09937216,1,0,0,0,3
"785890","Fukuoka","Hospital","CL8","ZoneA","ABCH","VAV",91458.9407616038,1,0,0,0,3
"786018","Fukuoka","Hospital","CL8","ZoneA","ABCH","CAVFCU",113313.529347406,1,0,0,0,3
"786146","Fukuoka","Hospital","CL8","ZoneA","ABCH","OHUFCU",86706.5489386875,1,0,0,0,3
"786149","Fukuoka","Hospital","CL8","ZoneA","ABCH","OHUFCU",70588.3904457942,1,0,1,0,3
"786530","Fukuoka","Hospital","CL8","ZoneA","AHP","OHUFCU",95381.7344193097,1,0,0,0,3
"786978","Fukuoka","Hospital","CL8","ZoneA","AB","CAV",78631.7518609313,1,0,0,0,3
"787170","Fukuoka","Hospital","CL8","ZoneA","AB","CAVFCU",76244.7159063281,1,0,0,0,3
"787298","Fukuoka","Hospital","CL8","ZoneA","AB","OHUFCU",105838.270469046,1,0,0,0,3
"787361","Fukuoka","Hospital","CL8","ZoneA","COM","CAV",48802.7052077679,0,0,0,0,3
"787362","Fukuoka","Hospital","CL8","ZoneA","COM","CAV",86136.4980874814,1,0,0,0,3
"787365","Fukuoka","Hospital","CL8","ZoneA","COM","CAV",73297.2374542305,1,0,1,0,3
"787370","Fukuoka","Hospital","CL8","ZoneA","COM","CAV",40343.2651055411,1,1,0,0,3
"787373","Fukuoka","Hospital","CL8","ZoneA","COM","CAV",34329.8131195977,1,1,1,0,3
"787425","Fukuoka","Hospital","CL8","ZoneA","COM","VAV",43469.2339139614,0,0,0,0,3
"787426","Fukuoka","Hospital","CL8","ZoneA","COM","VAV",76722.9514829896,1,0,0,0,3
"787429","Fukuoka","Hospital","CL8","ZoneA","COM","VAV",65286.8472471066,1,0,1,0,3
"787434","Fukuoka","Hospital","CL8","ZoneA","COM","VAV",35934.2954506257,1,1,0,0,3
"787490","Fukuoka","Hospital","CL8","ZoneA","COM","FCU",128368.070268351,1,0,0,0,3
"787553","Fukuoka","Hospital","CL8","ZoneA","COM","CAVFCU",47321.1941227947,0,0,0,0,3
"787554","Fukuoka","Hospital","CL8","ZoneA","COM","CAVFCU",83521.6394194199,1,0,0,0,3
"787557","Fukuoka","Hospital","CL8","ZoneA","COM","CAVFCU",71072.1421583026,1,0,1,0,3
"787562","Fukuoka","Hospital","CL8","ZoneA","COM","CAVFCU",39118.5585200471,1,1,0,0,3
"787565","Fukuoka","Hospital","CL8","ZoneA","COM","CAVFCU",33287.6578033048,1,1,1,0,3
"787618","Fukuoka","Hospital","CL8","ZoneA","COM","VAVFCU",105489.38794493,1,0,0,0,3
"787681","Fukuoka","Hospital","CL8","ZoneA","COM","OHUFCU",63384.7997114197,0,0,0,0,3
"787682","Fukuoka","Hospital","CL8","ZoneA","COM","OHUFCU",91374.3188663635,1,0,0,0,3
"787685","Fukuoka","Hospital","CL8","ZoneA","COM","OHUFCU",73709.201164402,1,0,1,0,3
"787688","Fukuoka","Hospital","CL8","ZoneA","COM","OHUFCU",45321.233294449,1,0,1,1,3
"787689","Fukuoka","Hospital","CL8","ZoneA","COM","OHUFCU",29687.1806399925,0,1,0,0,3
"787690","Fukuoka","Hospital","CL8","ZoneA","COM","OHUFCU",42796.4736402454,1,1,0,0,3
"787693","Fukuoka","Hospital","CL8","ZoneA","COM","OHUFCU",34522.7622357369,1,1,1,0,3
"788130","Fukuoka","Hospital","CL8","ZoneA","COM+TESICE","CAV",113843.700764421,1,0,0,0,3
"788194","Fukuoka","Hospital","CL8","ZoneA","COM+TESICE","VAV",89097.4356756346,1,0,0,0,3
"788322","Fukuoka","Hospital","CL8","ZoneA","COM+TESICE","CAVFCU",110387.730364444,1,0,0,0,3
"788450","Fukuoka","Hospital","CL8","ZoneA","COM+TESICE","OHUFCU",84467.752440494,1,0,0,0,3
"788453","Fukuoka","Hospital","CL8","ZoneA","COM+TESICE","OHUFCU",68765.7710095747,1,0,1,0,3
"788517","Fukuoka","Hospital","CL9","ZoneA","EHP","MUL",29387.8118714861,1,0,1,0,3
"788973","Fukuoka","Hospital","CL9","ZoneA","ABCH","OHUFCU",69685.1169720375,1,1,1,0,3
"790117","Fukuoka","Hospital","CL9","ZoneA","AB","OHUFCU",52555.367304804,1,0,1,0,3
"790122","Fukuoka","Hospital","CL9","ZoneA","AB","OHUFCU",50094.0379543595,1,1,0,0,3
"790125","Fukuoka","Hospital","CL9","ZoneA","AB","OHUFCU",82360.5994479293,1,1,1,0,3
"790189","Fukuoka","Hospital","CL9","ZoneA","COM","CAV",100802.680993042,1,1,1,0,3
"790253","Fukuoka","Hospital","CL9","ZoneA","COM","VAV",110156.443578077,1,1,1,0,3
"790373","Fukuoka","Hospital","CL9","ZoneA","COM","CAVFCU",64931.1590989785,1,0,1,0,3
"790378","Fukuoka","Hospital","CL9","ZoneA","COM","CAVFCU",58644.3956915091,1,1,0,0,3
"790381","Fukuoka","Hospital","CL9","ZoneA","COM","CAVFCU",101538.435105143,1,1,1,0,3
"790445","Fukuoka","Hospital","CL9","ZoneA","COM","VAVFCU",128339.755895144,1,1,1,0,3
"790498","Fukuoka","Hospital","CL9","ZoneA","COM","OHUFCU",33361.8016012326,1,0,0,0,3
"790501","Fukuoka","Hospital","CL9","ZoneA","COM","OHUFCU",49449.5229632697,1,0,1,0,3
"790504","Fukuoka","Hospital","CL9","ZoneA","COM","OHUFCU",36226.6933664769,1,0,1,1,3
"790505","Fukuoka","Hospital","CL9","ZoneA","COM","OHUFCU",38611.148091639,0,1,0,0,3
"790506","Fukuoka","Hospital","CL9","ZoneA","COM","OHUFCU",52279.7960990097,1,1,0,0,3
"790509","Fukuoka","Hospital","CL9","ZoneA","COM","OHUFCU",77836.6549778351,1,1,1,0,3
"790512","Fukuoka","Hospital","CL9","ZoneA","COM","OHUFCU",55889.4056839009,1,1,1,1,3
"791149","Fukuoka","Hospital","CL9","ZoneA","COM+TESICE","CAVFCU",124278.430987395,1,1,1,0,3
"791269","Fukuoka","Hospital","CL9","ZoneA","COM+TESICE","OHUFCU",53284.4100082882,1,0,1,0,3
"791274","Fukuoka","Hospital","CL9","ZoneA","COM+TESICE","OHUFCU",52799.6126003935,1,1,0,0,3
"791277","Fukuoka","Hospital","CL9","ZoneA","COM+TESICE","OHUFCU",83637.2250679072,1,1,1,0,3
"791297","Naha","Hospital","CL1","ZoneC","EHP","MUL",10690.3549236643,0,0,0,0,1
"791313","Naha","Hospital","CL1","ZoneC","EHP","MUL",6156.56986074108,0,0,0,0,2
"794113","Naha","Hospital","CL2","ZoneC","EHP","MUL",51951.9502218304,0,0,0,0,1
"794129","Naha","Hospital","CL2","ZoneC","EHP","MUL",29919.1012109829,0,0,0,0,2
"796929","Naha","Hospital","CL3","ZoneC","EHP","MUL",33429.3116259867,0,0,0,0,1
"796930","Naha","Hospital","CL3","ZoneC","EHP","MUL",34732.2216046243,1,0,0,0,1
"796946","Naha","Hospital","CL3","ZoneC","EHP","MUL",39254.1916658499,1,0,0,0,2
"799745","Naha","Hospital","CL4","ZoneC","EHP","MUL",34205.4890541328,0,0,0,0,1
"799746","Naha","Hospital","CL4","ZoneC","EHP","MUL",40568.6419581157,1,0,0,0,1
"799762","Naha","Hospital","CL4","ZoneC","EHP","MUL",43062.3833016128,1,0,0,0,2
"802561","Naha","Hospital","CL5","ZoneC","EHP","MUL",36885.4930570429,0,0,0,0,1
"802562","Naha","Hospital","CL5","ZoneC","EHP","MUL",47336.1859192723,1,0,0,0,1
"802577","Naha","Hospital","CL5","ZoneC","EHP","MUL",44446.6369207702,0,0,0,0,2
"802578","Naha","Hospital","CL5","ZoneC","EHP","MUL",57039.6135281224,1,0,0,0,2
"805378","Naha","Hospital","CL6","ZoneC","EHP","MUL",28831.7525318937,1,0,0,0,1
"805394","Naha","Hospital","CL6","ZoneC","EHP","MUL",34741.9630420228,1,0,0,0,2
"805505","Naha","Hospital","CL6","ZoneC","ABCH","CAV",33650.168754415,0,0,0,0,1
"805506","Naha","Hospital","CL6","ZoneC","ABCH","CAV",46635.2778208713,1,0,0,0,1
"805521","Naha","Hospital","CL6","ZoneC","ABCH","CAV",40548.1046610154,0,0,0,0,2
"805522","Naha","Hospital","CL6","ZoneC","ABCH","CAV",56195.0265324631,1,0,0,0,2
"808194","Naha","Hospital","CL7","ZoneC","EHP","MUL",14141.666807293,1,0,0,0,1
"808210","Naha","Hospital","CL7","ZoneC","EHP","MUL",17040.5619647327,1,0,0,0,2
"808642","Naha","Hospital","CL7","ZoneC","ABCH","OHUFCU",72051.3541640554,1,0,0,0,1
"808658","Naha","Hospital","CL7","ZoneC","ABCH","OHUFCU",86821.1351608359,1,0,0,0,2
"811042","Naha","Hospital","CL8","ZoneA","EHP","MUL",8076.85828120427,1,0,0,0,3
"811490","Naha","Hospital","CL8","ZoneA","ABCH","OHUFCU",60872.9958815663,1,0,0,0,3
"813025","Naha","Hospital","CL8","ZoneA","COM","OHUFCU",45213.4578242837,0,0,0,0,3
"813026","Naha","Hospital","CL8","ZoneA","COM","OHUFCU",75833.3875565681,1,0,0,0,3
"813029","Naha","Hospital","CL8","ZoneA","COM","OHUFCU",63743.6179161096,1,0,1,0,3
"813794","Naha","Hospital","CL8","ZoneA","COM+TESICE","OHUFCU",62130.6911940119,1,0,0,0,3
"813861","Naha","Hospital","CL9","ZoneA","EHP","MUL",3553.50035432145,1,0,1,0,3
"815845","Naha","Hospital","CL9","ZoneA","COM","OHUFCU",50591.7386647846,1,0,1,0,3
"815850","Naha","Hospital","CL9","ZoneA","COM","OHUFCU",47281.3849587902,1,1,0,0,3
"815853","Naha","Hospital","CL9","ZoneA","COM","OHUFCU",77268.0958701707,1,1,1,0,3
"816673","Sapporo","Retail","ConvenienceDrug","ZoneC","EHP","MUL",372055.760443713,0,0,0,0,3
"816674","Sapporo","Retail","ConvenienceDrug","ZoneC","EHP","MUL",183399.736308913,1,0,0,0,3
"816737","Sapporo","Retail","ConvenienceDrug","ZoneC","GHP","MUL",71605.6941486199,0,0,0,0,3
"816738","Sapporo","Retail","ConvenienceDrug","ZoneC","GHP","MUL",35297.0356094254,1,0,0,0,3
"819489","Sapporo","Retail","ConvenienceStore","ZoneC","EHP","MUL",337353.067816292,0,0,0,0,3
"819490","Sapporo","Retail","ConvenienceStore","ZoneC","EHP","MUL",147310.06192002,1,0,0,0,3
"819553","Sapporo","Retail","ConvenienceStore","ZoneC","GHP","MUL",65155.3515421166,0,0,0,0,3
"819554","Sapporo","Retail","ConvenienceStore","ZoneC","GHP","MUL",28451.019972098,1,0,0,0,3
"822305","Sapporo","Retail","HomeCenter","ZoneC","EHP","MUL",347843.57881149,0,0,0,0,3
"822306","Sapporo","Retail","HomeCenter","ZoneC","EHP","MUL",193380.763753479,1,0,0,0,3
"822309","Sapporo","Retail","HomeCenter","ZoneC","EHP","MUL",46790.7086826807,1,0,1,0,3
"822369","Sapporo","Retail","HomeCenter","ZoneC","GHP","MUL",93617.2793971037,0,0,0,0,3
"822370","Sapporo","Retail","HomeCenter","ZoneC","GHP","MUL",52045.7530140173,1,0,0,0,3
"822433","Sapporo","Retail","HomeCenter","ZoneC","ABCH","CAV",74644.665454967,0,0,0,0,3
"822434","Sapporo","Retail","HomeCenter","ZoneC","ABCH","CAV",53366.4865091241,1,0,0,0,3
"822437","Sapporo","Retail","HomeCenter","ZoneC","ABCH","CAV",29805.8185664638,1,0,1,0,3
"822817","Sapporo","Retail","HomeCenter","ZoneC","AHP","CAV",58177.9030186551,0,0,0,0,3
"822818","Sapporo","Retail","HomeCenter","ZoneC","AHP","CAV",41090.0757678588,1,0,0,0,3
"822821","Sapporo","Retail","HomeCenter","ZoneC","AHP","CAV",29052.2206912258,1,0,1,0,3
"822945","Sapporo","Retail","HomeCenter","ZoneC","AHP","FCU",50186.0017909649,0,0,0,0,3
"822946","Sapporo","Retail","HomeCenter","ZoneC","AHP","FCU",36454.1427046699,1,0,0,0,3
"825121","Sapporo","Retail","HousingClothingSuper","ZoneC","EHP","MUL",739327.753035228,0,0,0,0,3
"825122","Sapporo","Retail","HousingClothingSuper","ZoneC","EHP","MUL",411023.155967405,1,0,0,0,3
"825125","Sapporo","Retail","HousingClothingSuper","ZoneC","EHP","MUL",99451.798510962,1,0,1,0,3
"825185","Sapporo","Retail","HousingClothingSuper","ZoneC","GHP","MUL",198979.820350347,0,0,0,0,3
"825186","Sapporo","Retail","HousingClothingSuper","ZoneC","GHP","MUL",110621.187150713,1,0,0,0,3
"825249","Sapporo","Retail","HousingClothingSuper","ZoneC","ABCH","CAV",64719.1421611434,0,0,0,0,3
"825250","Sapporo","Retail","HousingClothingSuper","ZoneC","ABCH","CAV",32317.0042359337,1,0,0,0,3
"825253","Sapporo","Retail","HousingClothingSuper","ZoneC","ABCH","CAV",28181.6639713401,1,0,1,0,3
"825314","Sapporo","Retail","HousingClothingSuper","ZoneC","ABCH","VAV",55127.7053573445,1,0,0,0,3
"825377","Sapporo","Retail","HousingClothingSuper","ZoneC","ABCH","FCU",54337.1575541564,0,0,0,0,3
"825378","Sapporo","Retail","HousingClothingSuper","ZoneC","ABCH","FCU",30208.2938081499,1,0,0,0,3
"825569","Sapporo","Retail","HousingClothingSuper","ZoneC","ABCH","OHUFCU",70542.7546205472,0,0,0,0,3
"825633","Sapporo","Retail","HousingClothingSuper","ZoneC","AHP","CAV",88153.0611939328,0,0,0,0,3
"825634","Sapporo","Retail","HousingClothingSuper","ZoneC","AHP","CAV",44018.5508782169,1,0,0,0,3
"825637","Sapporo","Retail","HousingClothingSuper","ZoneC","AHP","CAV",38385.8602826775,1,0,1,0,3
"825698","Sapporo","Retail","HousingClothingSuper","ZoneC","AHP","VAV",75088.6958876407,1,0,0,0,3
"825761","Sapporo","Retail","HousingClothingSuper","ZoneC","AHP","FCU",74011.9015027947,0,0,0,0,3
"825762","Sapporo","Retail","HousingClothingSuper","ZoneC","AHP","FCU",41146.3051534843,1,0,0,0,3
"825953","Sapporo","Retail","HousingClothingSuper","ZoneC","AHP","OHUFCU",42064.1605140101,0,0,0,0,3
"825954","Sapporo","Retail","HousingClothingSuper","ZoneC","AHP","OHUFCU",27149.8050546166,1,0,0,0,3
"825957","Sapporo","Retail","HousingClothingSuper","ZoneC","AHP","OHUFCU",26871.3587604592,1,0,1,0,3
"827937","Sapporo","Retail","LargeDepartment","ZoneC","EHP","MUL",7077.84194901944,0,0,0,0,3
"827953","Sapporo","Retail","LargeDepartment","ZoneC","EHP","MUL",4292.9802503578,0,0,0,0,4
"828453","Sapporo","Retail","LargeDepartment","ZoneC","AHP","CAV",54009.4058261806,1,0,1,0,3
"828469","Sapporo","Retail","LargeDepartment","ZoneC","AHP","CAV",32758.7581377787,1,0,1,0,4
"830753","Sapporo","Retail","LargeGeneral","ZoneC","EHP","MUL",15574.8226613792,0,0,0,0,3
"830769","Sapporo","Retail","LargeGeneral","ZoneC","EHP","MUL",9446.72211808697,0,0,0,0,4
"831265","Sapporo","Retail","LargeGeneral","ZoneC","AHP","CAV",52321.4744896983,0,0,0,0,3
"831269","Sapporo","Retail","LargeGeneral","ZoneC","AHP","CAV",66526.4630381746,1,0,1,0,3
"831285","Sapporo","Retail","LargeGeneral","ZoneC","AHP","CAV",72085.7928557728,1,0,1,0,4
"833569","Sapporo","Retail","LargeGrocery","ZoneC","EHP","MUL",244255.983971111,0,0,0,0,3
"833570","Sapporo","Retail","LargeGrocery","ZoneC","EHP","MUL",131316.724309306,1,0,0,0,3
"833633","Sapporo","Retail","LargeGrocery","ZoneC","GHP","MUL",53261.8687644966,0,0,0,0,3
"833634","Sapporo","Retail","LargeGrocery","ZoneC","GHP","MUL",28634.6071160045,1,0,0,0,3
"834081","Sapporo","Retail","LargeGrocery","ZoneC","AHP","CAV",56617.9128173083,0,0,0,0,3
"834082","Sapporo","Retail","LargeGrocery","ZoneC","AHP","CAV",39755.7366525993,1,0,0,0,3
"836385","Sapporo","Retail","MediumDepartment","ZoneC","EHP","MUL",53327.6020953432,0,0,0,0,3
"836401","Sapporo","Retail","MediumDepartment","ZoneC","EHP","MUL",32345.2182520074,0,0,0,0,4
"836513","Sapporo","Retail","MediumDepartment","ZoneC","ABCH","CAV",83572.6754818699,0,0,0,0,3
"836897","Sapporo","Retail","MediumDepartment","ZoneC","AHP","CAV",49077.1022326687,0,0,0,0,3
"836901","Sapporo","Retail","MediumDepartment","ZoneC","AHP","CAV",43827.028480543,1,0,1,0,3
"836913","Sapporo","Retail","MediumDepartment","ZoneC","AHP","CAV",40081.3887582862,0,0,0,0,4
"836914","Sapporo","Retail","MediumDepartment","ZoneC","AHP","CAV",31164.8633090434,1,0,0,0,4
"836917","Sapporo","Retail","MediumDepartment","ZoneC","AHP","CAV",35793.6407557452,1,0,1,0,4
"839201","Sapporo","Retail","MediumGeneral","ZoneC","EHP","MUL",85745.3126366877,0,0,0,0,3
"839217","Sapporo","Retail","MediumGeneral","ZoneC","EHP","MUL",52007.792256657,0,0,0,0,4
"839265","Sapporo","Retail","MediumGeneral","ZoneC","GHP","MUL",30071.9988492287,0,0,0,0,3
"839281","Sapporo","Retail","MediumGeneral","ZoneC","GHP","MUL",18239.8106765306,0,0,0,0,4
"839329","Sapporo","Retail","MediumGeneral","ZoneC","ABCH","CAV",57072.5580463408,0,0,0,0,3
"839330","Sapporo","Retail","MediumGeneral","ZoneC","ABCH","CAV",44376.1687235437,1,0,0,0,3
"839333","Sapporo","Retail","MediumGeneral","ZoneC","ABCH","CAV",50967.1621420508,1,0,1,0,3
"839345","Sapporo","Retail","MediumGeneral","ZoneC","ABCH","CAV",41223.1196162273,0,0,0,0,4
"839346","Sapporo","Retail","MediumGeneral","ZoneC","ABCH","CAV",32052.6041589932,1,0,0,0,4
"839349","Sapporo","Retail","MediumGeneral","ZoneC","ABCH","CAV",36813.2337747232,1,0,1,0,4
"839713","Sapporo","Retail","MediumGeneral","ZoneC","AHP","CAV",63445.0956883017,0,0,0,0,3
"839714","Sapporo","Retail","MediumGeneral","ZoneC","AHP","CAV",49331.0685086062,1,0,0,0,3
"839717","Sapporo","Retail","MediumGeneral","ZoneC","AHP","CAV",56657.9909812,1,0,1,0,3
"839729","Sapporo","Retail","MediumGeneral","ZoneC","AHP","CAV",45825.9601137595,0,0,0,0,4
"839730","Sapporo","Retail","MediumGeneral","ZoneC","AHP","CAV",35631.494496451,1,0,0,0,4
"839733","Sapporo","Retail","MediumGeneral","ZoneC","AHP","CAV",40923.6806511579,1,0,1,0,4
"840865","Sapporo","Retail","MediumGeneral","ZoneC","COM","CAV",61423.6908998204,0,0,0,0,3
"842017","Sapporo","Retail","MediumGrocery","ZoneC","EHP","MUL",264610.649325972,0,0,0,0,3
"842018","Sapporo","Retail","MediumGrocery","ZoneC","EHP","MUL",142259.784681283,1,0,0,0,3
"842081","Sapporo","Retail","MediumGrocery","ZoneC","GHP","MUL",57700.3578334238,0,0,0,0,3
"842082","Sapporo","Retail","MediumGrocery","ZoneC","GHP","MUL",31020.8243784774,1,0,0,0,3
"842529","Sapporo","Retail","MediumGrocery","ZoneC","AHP","CAV",61336.0722242986,0,0,0,0,3
"842530","Sapporo","Retail","MediumGrocery","ZoneC","AHP","CAV",43068.7147108783,1,0,0,0,3
"844833","Sapporo","Retail","SmallGeneral","ZoneC","EHP","MUL",459680.813475351,0,0,0,0,3
"844834","Sapporo","Retail","SmallGeneral","ZoneC","EHP","MUL",255555.750364615,1,0,0,0,3
"844837","Sapporo","Retail","SmallGeneral","ZoneC","EHP","MUL",61834.6646036529,1,0,1,0,3
"844897","Sapporo","Retail","SmallGeneral","ZoneC","GHP","MUL",123716.721451775,0,0,0,0,3
"844898","Sapporo","Retail","SmallGeneral","ZoneC","GHP","MUL",68779.2891424517,1,0,0,0,3
"844961","Sapporo","Retail","SmallGeneral","ZoneC","ABCH","CAV",56445.0424324065,0,0,0,0,3
"844962","Sapporo","Retail","SmallGeneral","ZoneC","ABCH","CAV",39866.1854402674,1,0,0,0,3
"844965","Sapporo","Retail","SmallGeneral","ZoneC","ABCH","CAV",28186.8844455608,1,0,1,0,3
"845089","Sapporo","Retail","SmallGeneral","ZoneC","ABCH","FCU",48691.184343573,0,0,0,0,3
"845090","Sapporo","Retail","SmallGeneral","ZoneC","ABCH","FCU",35368.3361729676,1,0,0,0,3
"845345","Sapporo","Retail","SmallGeneral","ZoneC","AHP","CAV",59671.0659346985,0,0,0,0,3
"845346","Sapporo","Retail","SmallGeneral","ZoneC","AHP","CAV",39986.1773334551,1,0,0,0,3
"845349","Sapporo","Retail","SmallGeneral","ZoneC","AHP","CAV",27243.5744867849,1,0,1,0,3
"845473","Sapporo","Retail","SmallGeneral","ZoneC","AHP","FCU",50396.5507502182,0,0,0,0,3
"845474","Sapporo","Retail","SmallGeneral","ZoneC","AHP","FCU",35285.2455036085,1,0,0,0,3
"845665","Sapporo","Retail","SmallGeneral","ZoneC","AHP","OHUFCU",71490.8943200247,0,0,0,0,3
"847649","Sapporo","Retail","SmallGrocery","ZoneC","EHP","MUL",311240.628692045,0,0,0,0,3
"847650","Sapporo","Retail","SmallGrocery","ZoneC","EHP","MUL",159562.668861977,1,0,0,0,3
"847713","Sapporo","Retail","SmallGrocery","ZoneC","GHP","MUL",63146.8713682153,0,0,0,0,3
"847714","Sapporo","Retail","SmallGrocery","ZoneC","GHP","MUL",32373.2906212764,1,0,0,0,3
"850465","Sapporo","Retail","SpecialityShop","ZoneC","EHP","MUL",1425660.08249441,0,0,0,0,3
"850466","Sapporo","Retail","SpecialityShop","ZoneC","EHP","MUL",622534.94947767,1,0,0,0,3
"850529","Sapporo","Retail","SpecialityShop","ZoneC","GHP","MUL",275347.677896529,0,0,0,0,3
"850530","Sapporo","Retail","SpecialityShop","ZoneC","GHP","MUL",120234.517928141,1,0,0,0,3
"853281","Sapporo","Retail","SuperDrugStore","ZoneC","EHP","MUL",99584.072342241,0,0,0,0,3
"853282","Sapporo","Retail","SuperDrugStore","ZoneC","EHP","MUL",53538.3164856699,1,0,0,0,3
"853345","Sapporo","Retail","SuperDrugStore","ZoneC","GHP","MUL",33389.4975511551,0,0,0,0,3
"856097","Sendai","Retail","ConvenienceDrug","ZoneC","EHP","MUL",698479.605968367,0,0,0,0,3
"856098","Sendai","Retail","ConvenienceDrug","ZoneC","EHP","MUL",339103.442013362,1,0,0,0,3
"856101","Sendai","Retail","ConvenienceDrug","ZoneC","EHP","MUL",26748.1672703471,1,0,1,0,3
"856161","Sendai","Retail","ConvenienceDrug","ZoneC","GHP","MUL",142934.601699614,0,0,0,0,3
"856162","Sendai","Retail","ConvenienceDrug","ZoneC","GHP","MUL",69393.028808551,1,0,0,0,3
"858913","Sendai","Retail","ConvenienceStore","ZoneC","EHP","MUL",426567.472159355,0,0,0,0,3
"858914","Sendai","Retail","ConvenienceStore","ZoneC","EHP","MUL",187225.946856784,1,0,0,0,3
"858977","Sendai","Retail","ConvenienceStore","ZoneC","GHP","MUL",81218.2295514086,0,0,0,0,3
"858978","Sendai","Retail","ConvenienceStore","ZoneC","GHP","MUL",35647.7249726006,1,0,0,0,3
"861729","Sendai","Retail","HomeCenter","ZoneC","EHP","MUL",890008.136358229,0,0,0,0,3
"861730","Sendai","Retail","HomeCenter","ZoneC","EHP","MUL",495779.114586561,1,0,0,0,3
"861733","Sendai","Retail","HomeCenter","ZoneC","EHP","MUL",123243.372878608,1,0,1,0,3
"861793","Sendai","Retail","HomeCenter","ZoneC","GHP","MUL",222148.948227752,0,0,0,0,3
"861794","Sendai","Retail","HomeCenter","ZoneC","GHP","MUL",123748.092134701,1,0,0,0,3
"861797","Sendai","Retail","HomeCenter","ZoneC","GHP","MUL",30761.9498548087,1,0,1,0,3
"861857","Sendai","Retail","HomeCenter","ZoneC","ABCH","CAV",73544.4861918211,0,0,0,0,3
"861858","Sendai","Retail","HomeCenter","ZoneC","ABCH","CAV",36808.7208080572,1,0,0,0,3
"861861","Sendai","Retail","HomeCenter","ZoneC","ABCH","CAV",32916.7181342461,1,0,1,0,3
"861922","Sendai","Retail","HomeCenter","ZoneC","ABCH","VAV",58857.4077971443,1,0,0,0,3
"861985","Sendai","Retail","HomeCenter","ZoneC","ABCH","FCU",67821.9903876119,0,0,0,0,3
"861986","Sendai","Retail","HomeCenter","ZoneC","ABCH","FCU",37780.2460115202,1,0,0,0,3
"862177","Sendai","Retail","HomeCenter","ZoneC","ABCH","OHUFCU",84558.4789239347,0,0,0,0,3
"862241","Sendai","Retail","HomeCenter","ZoneC","AHP","CAV",105633.155120467,0,0,0,0,3
"862242","Sendai","Retail","HomeCenter","ZoneC","AHP","CAV",52868.971098147,1,0,0,0,3
"862245","Sendai","Retail","HomeCenter","ZoneC","AHP","CAV",47278.823645085,1,0,1,0,3
"862306","Sendai","Retail","HomeCenter","ZoneC","AHP","VAV",84537.8628604213,1,0,0,0,3
"862369","Sendai","Retail","HomeCenter","ZoneC","AHP","FCU",97413.8402776707,0,0,0,0,3
"862370","Sendai","Retail","HomeCenter","ZoneC","AHP","FCU",54264.3887267804,1,0,0,0,3
"862561","Sendai","Retail","HomeCenter","ZoneC","AHP","OHUFCU",52751.1706828898,0,0,0,0,3
"862562","Sendai","Retail","HomeCenter","ZoneC","AHP","OHUFCU",34128.8562388073,1,0,0,0,3
"862565","Sendai","Retail","HomeCenter","ZoneC","AHP","OHUFCU",34572.7071095875,1,0,1,0,3
"864545","Sendai","Retail","HousingClothingSuper","ZoneC","EHP","MUL",1591689.74971858,0,0,0,0,3
"864546","Sendai","Retail","HousingClothingSuper","ZoneC","EHP","MUL",886650.922137595,1,0,0,0,3
"864549","Sendai","Retail","HousingClothingSuper","ZoneC","EHP","MUL",220408.337090381,1,0,1,0,3
"864552","Sendai","Retail","HousingClothingSuper","ZoneC","EHP","MUL",28639.522328821,1,0,1,1,3
"864609","Sendai","Retail","HousingClothingSuper","ZoneC","GHP","MUL",401507.089429464,0,0,0,0,3
"864610","Sendai","Retail","HousingClothingSuper","ZoneC","GHP","MUL",223659.561262084,1,0,0,0,3
"864613","Sendai","Retail","HousingClothingSuper","ZoneC","GHP","MUL",55598.4669291195,1,0,1,0,3
"864673","Sendai","Retail","HousingClothingSuper","ZoneC","ABCH","CAV",132922.675664392,0,0,0,0,3
"864674","Sendai","Retail","HousingClothingSuper","ZoneC","ABCH","CAV",66527.2668413134,1,0,0,0,3
"864677","Sendai","Retail","HousingClothingSuper","ZoneC","ABCH","CAV",59492.9473989745,1,0,1,0,3
"864738","Sendai","Retail","HousingClothingSuper","ZoneC","ABCH","VAV",106377.575426406,1,0,0,0,3
"864801","Sendai","Retail","HousingClothingSuper","ZoneC","ABCH","FCU",122579.96347534,0,0,0,0,3
"864802","Sendai","Retail","HousingClothingSuper","ZoneC","ABCH","FCU",68283.1799791505,1,0,0,0,3
"864993","Sendai","Retail","HousingClothingSuper","ZoneC","ABCH","OHUFCU",66379.0335865884,0,0,0,0,3
"864994","Sendai","Retail","HousingClothingSuper","ZoneC","ABCH","OHUFCU",42945.7861355569,1,0,0,0,3
"864997","Sendai","Retail","HousingClothingSuper","ZoneC","ABCH","OHUFCU",43504.3024960005,1,0,1,0,3
"865057","Sendai","Retail","HousingClothingSuper","ZoneC","AHP","CAV",190919.025266721,0,0,0,0,3
"865058","Sendai","Retail","HousingClothingSuper","ZoneC","AHP","CAV",95554.2075535049,1,0,0,0,3
"865061","Sendai","Retail","HousingClothingSuper","ZoneC","AHP","CAV",85450.6988433966,1,0,1,0,3
"865121","Sendai","Retail","HousingClothingSuper","ZoneC","AHP","VAV",39359.071507934,0,0,0,0,3
"865122","Sendai","Retail","HousingClothingSuper","ZoneC","AHP","VAV",113432.78969357,1,0,0,0,3
"865185","Sendai","Retail","HousingClothingSuper","ZoneC","AHP","FCU",176063.617640608,0,0,0,0,3
"865186","Sendai","Retail","HousingClothingSuper","ZoneC","AHP","FCU",98076.2544732892,1,0,0,0,3
"865377","Sendai","Retail","HousingClothingSuper","ZoneC","AHP","OHUFCU",95341.2976917168,0,0,0,0,3
"865378","Sendai","Retail","HousingClothingSuper","ZoneC","AHP","OHUFCU",61683.738965766,1,0,0,0,3
"865381","Sendai","Retail","HousingClothingSuper","ZoneC","AHP","OHUFCU",62485.9452003188,1,0,1,0,3
"867361","Sendai","Retail","LargeDepartment","ZoneC","EHP","MUL",9747.7265729619,0,0,0,0,3
"867377","Sendai","Retail","LargeDepartment","ZoneC","EHP","MUL",5912.36678708411,0,0,0,0,4
"867877","Sendai","Retail","LargeDepartment","ZoneC","AHP","CAV",73299.9159867452,1,0,1,0,3
"867893","Sendai","Retail","LargeDepartment","ZoneC","AHP","CAV",44459.1859991416,1,0,1,0,4
"870177","Sendai","Retail","LargeGeneral","ZoneC","EHP","MUL",20912.3546180374,0,0,0,0,3
"870193","Sendai","Retail","LargeGeneral","ZoneC","EHP","MUL",12684.1381893461,0,0,0,0,4
"870689","Sendai","Retail","LargeGeneral","ZoneC","AHP","CAV",51467.8234831473,0,0,0,0,3
"870690","Sendai","Retail","LargeGeneral","ZoneC","AHP","CAV",41516.4578586577,1,0,0,0,3
"870693","Sendai","Retail","LargeGeneral","ZoneC","AHP","CAV",64270.2153978792,1,0,1,0,3
"870709","Sendai","Retail","LargeGeneral","ZoneC","AHP","CAV",95380.8312824707,1,0,1,0,4
"872993","Sendai","Retail","LargeGrocery","ZoneC","EHP","MUL",323763.78202855,0,0,0,0,3
"872994","Sendai","Retail","LargeGrocery","ZoneC","EHP","MUL",172251.936764657,1,0,0,0,3
"872997","Sendai","Retail","LargeGrocery","ZoneC","EHP","MUL",27801.6661797193,1,0,1,0,3
"873057","Sendai","Retail","LargeGrocery","ZoneC","GHP","MUL",76147.8682858587,0,0,0,0,3
"873058","Sendai","Retail","LargeGrocery","ZoneC","GHP","MUL",40512.9249187685,1,0,0,0,3
"873505","Sendai","Retail","LargeGrocery","ZoneC","AHP","CAV",68631.1096079316,0,0,0,0,3
"873506","Sendai","Retail","LargeGrocery","ZoneC","AHP","CAV",46139.0370551895,1,0,0,0,3
"875809","Sendai","Retail","MediumDepartment","ZoneC","EHP","MUL",53842.1049634355,0,0,0,0,3
"875825","Sendai","Retail","MediumDepartment","ZoneC","EHP","MUL",44043.8027618616,0,0,0,0,4
"875873","Sendai","Retail","MediumDepartment","ZoneC","GHP","MUL",18772.9681565169,0,0,0,0,3
"875937","Sendai","Retail","MediumDepartment","ZoneC","ABCH","CAV",42127.7472640979,0,0,0,0,3
"875938","Sendai","Retail","MediumDepartment","ZoneC","ABCH","CAV",31997.577259577,1,0,0,0,3
"875941","Sendai","Retail","MediumDepartment","ZoneC","ABCH","CAV",36701.7960635716,1,0,1,0,3
"876321","Sendai","Retail","MediumDepartment","ZoneC","AHP","CAV",49026.1912132746,0,0,0,0,3
"876322","Sendai","Retail","MediumDepartment","ZoneC","AHP","CAV",37237.1997784567,1,0,0,0,3
"876325","Sendai","Retail","MediumDepartment","ZoneC","AHP","CAV",42711.7372406169,1,0,1,0,3
"876337","Sendai","Retail","MediumDepartment","ZoneC","AHP","CAV",55288.3294716553,0,0,0,0,4
"876338","Sendai","Retail","MediumDepartment","ZoneC","AHP","CAV",41993.5246651531,1,0,0,0,4
"876341","Sendai","Retail","MediumDepartment","ZoneC","AHP","CAV",48167.3273494391,1,0,1,0,4
"878625","Sendai","Retail","MediumGeneral","ZoneC","EHP","MUL",76031.9886854199,0,0,0,0,3
"878626","Sendai","Retail","MediumGeneral","ZoneC","EHP","MUL",47336.4792717645,1,0,0,0,3
"878641","Sendai","Retail","MediumGeneral","ZoneC","EHP","MUL",74827.6664372909,0,0,0,0,4
"878689","Sendai","Retail","MediumGeneral","ZoneC","GHP","MUL",43014.5203656378,0,0,0,0,3
"878705","Sendai","Retail","MediumGeneral","ZoneC","GHP","MUL",26089.9420668583,0,0,0,0,4
"878753","Sendai","Retail","MediumGeneral","ZoneC","ABCH","CAV",41676.0434367498,0,0,0,0,3
"878754","Sendai","Retail","MediumGeneral","ZoneC","ABCH","CAV",31806.0148017352,1,0,0,0,3
"878757","Sendai","Retail","MediumGeneral","ZoneC","ABCH","CAV",48724.8334956833,1,0,1,0,3
"878769","Sendai","Retail","MediumGeneral","ZoneC","ABCH","CAV",58547.5070518356,0,0,0,0,4
"878770","Sendai","Retail","MediumGeneral","ZoneC","ABCH","CAV",44468.9902002726,1,0,0,0,4
"878773","Sendai","Retail","MediumGeneral","ZoneC","ABCH","CAV",51006.7307984976,1,0,1,0,4
"878881","Sendai","Retail","MediumGeneral","ZoneC","ABCH","FCU",51076.3283817581,0,0,0,0,3
"878882","Sendai","Retail","MediumGeneral","ZoneC","ABCH","FCU",38609.9107213634,1,0,0,0,3
"879137","Sendai","Retail","MediumGeneral","ZoneC","AHP","CAV",50873.6500362619,0,0,0,0,3
"879141","Sendai","Retail","MediumGeneral","ZoneC","AHP","CAV",55078.2886087866,1,0,1,0,3
"879153","Sendai","Retail","MediumGeneral","ZoneC","AHP","CAV",68134.6965407289,0,0,0,0,4
"879154","Sendai","Retail","MediumGeneral","ZoneC","AHP","CAV",51750.8140882188,1,0,0,0,4
"879157","Sendai","Retail","MediumGeneral","ZoneC","AHP","CAV",59359.1136410533,1,0,1,0,4
"879265","Sendai","Retail","MediumGeneral","ZoneC","AHP","FCU",77756.915079956,0,0,0,0,3
"879461","Sendai","Retail","MediumGeneral","ZoneC","AHP","OHUFCU",62881.9047146592,1,0,1,0,3
"880289","Sendai","Retail","MediumGeneral","ZoneC","COM","CAV",90975.2388468755,0,0,0,0,3
"881441","Sendai","Retail","MediumGrocery","ZoneC","EHP","MUL",350744.097224738,0,0,0,0,3
"881442","Sendai","Retail","MediumGrocery","ZoneC","EHP","MUL",186606.264842819,1,0,0,0,3
"881445","Sendai","Retail","MediumGrocery","ZoneC","EHP","MUL",30118.4716970266,1,0,1,0,3
"881505","Sendai","Retail","MediumGrocery","ZoneC","GHP","MUL",82493.5239827308,0,0,0,0,3
"881506","Sendai","Retail","MediumGrocery","ZoneC","GHP","MUL",43889.0019987289,1,0,0,0,3
"881953","Sendai","Retail","MediumGrocery","ZoneC","AHP","CAV",74350.3687476795,0,0,0,0,3
"881954","Sendai","Retail","MediumGrocery","ZoneC","AHP","CAV",49983.9568136567,1,0,0,0,3
"884257","Sendai","Retail","SmallGeneral","ZoneC","EHP","MUL",660699.285702938,0,0,0,0,3
"884258","Sendai","Retail","SmallGeneral","ZoneC","EHP","MUL",368042.598143095,1,0,0,0,3
"884261","Sendai","Retail","SmallGeneral","ZoneC","EHP","MUL",91489.9595881258,1,0,1,0,3
"884321","Sendai","Retail","SmallGeneral","ZoneC","GHP","MUL",179579.026737669,0,0,0,0,3
"884322","Sendai","Retail","SmallGeneral","ZoneC","GHP","MUL",100034.513435597,1,0,0,0,3
"884385","Sendai","Retail","SmallGeneral","ZoneC","ABCH","CAV",58963.0470436231,0,0,0,0,3
"884386","Sendai","Retail","SmallGeneral","ZoneC","ABCH","CAV",38625.7387052043,1,0,0,0,3
"884389","Sendai","Retail","SmallGeneral","ZoneC","ABCH","CAV",27542.0843539193,1,0,1,0,3
"884513","Sendai","Retail","SmallGeneral","ZoneC","ABCH","FCU",54677.4469810531,0,0,0,0,3
"884514","Sendai","Retail","SmallGeneral","ZoneC","ABCH","FCU",37554.7483875754,1,0,0,0,3
"884705","Sendai","Retail","SmallGeneral","ZoneC","ABCH","OHUFCU",73852.7365908181,0,0,0,0,3
"884769","Sendai","Retail","SmallGeneral","ZoneC","AHP","CAV",78416.9798943824,0,0,0,0,3
"884770","Sendai","Retail","SmallGeneral","ZoneC","AHP","CAV",39247.3843928271,1,0,0,0,3
"884773","Sendai","Retail","SmallGeneral","ZoneC","AHP","CAV",35097.5274664342,1,0,1,0,3
"884834","Sendai","Retail","SmallGeneral","ZoneC","AHP","VAV",62756.8483084654,1,0,0,0,3
"884897","Sendai","Retail","SmallGeneral","ZoneC","AHP","FCU",72315.3553993261,0,0,0,0,3
"884898","Sendai","Retail","SmallGeneral","ZoneC","AHP","FCU",40283.2754064394,1,0,0,0,3
"885089","Sendai","Retail","SmallGeneral","ZoneC","AHP","OHUFCU",90160.6753276248,0,0,0,0,3
"887073","Sendai","Retail","SmallGrocery","ZoneC","EHP","MUL",426017.506666654,0,0,0,0,3
"887074","Sendai","Retail","SmallGrocery","ZoneC","EHP","MUL",215014.044624267,1,0,0,0,3
"887137","Sendai","Retail","SmallGrocery","ZoneC","GHP","MUL",87216.9704319357,0,0,0,0,3
"887138","Sendai","Retail","SmallGrocery","ZoneC","GHP","MUL",44019.0210002781,1,0,0,0,3
"889889","Sendai","Retail","SpecialityShop","ZoneC","EHP","MUL",2619657.00715877,0,0,0,0,3
"889890","Sendai","Retail","SpecialityShop","ZoneC","EHP","MUL",1149801.13491187,1,0,0,0,3
"889893","Sendai","Retail","SpecialityShop","ZoneC","EHP","MUL",43461.6740329657,1,0,1,0,3
"889953","Sendai","Retail","SpecialityShop","ZoneC","GHP","MUL",504532.286093597,0,0,0,0,3
"889954","Sendai","Retail","SpecialityShop","ZoneC","GHP","MUL",221445.705893869,1,0,0,0,3
"892705","Sendai","Retail","SuperDrugStore","ZoneC","EHP","MUL",162746.404025709,0,0,0,0,3
"892706","Sendai","Retail","SuperDrugStore","ZoneC","EHP","MUL",86585.9149509184,1,0,0,0,3
"892769","Sendai","Retail","SuperDrugStore","ZoneC","GHP","MUL",55529.4782834781,0,0,0,0,3
"893217","Sendai","Retail","SuperDrugStore","ZoneC","AHP","CAV",54629.547696823,0,0,0,0,3
"895489","Tokyo","Retail","ConvenienceDrug","ZoneC","EHP","MUL",1066021.09256427,0,0,0,0,1
"895490","Tokyo","Retail","ConvenienceDrug","ZoneC","EHP","MUL",521043.862069748,1,0,0,0,1
"895493","Tokyo","Retail","ConvenienceDrug","ZoneC","EHP","MUL",40182.9301160222,1,0,1,0,1
"895505","Tokyo","Retail","ConvenienceDrug","ZoneC","EHP","MUL",649142.051348217,0,0,0,0,2
"895506","Tokyo","Retail","ConvenienceDrug","ZoneC","EHP","MUL",317284.042337988,1,0,0,0,2
"895553","Tokyo","Retail","ConvenienceDrug","ZoneC","GHP","MUL",215203.880574848,0,0,0,0,1
"895554","Tokyo","Retail","ConvenienceDrug","ZoneC","GHP","MUL",105186.156117595,1,0,0,0,1
"895569","Tokyo","Retail","ConvenienceDrug","ZoneC","GHP","MUL",127810.057459076,0,0,0,0,2
"895570","Tokyo","Retail","ConvenienceDrug","ZoneC","GHP","MUL",62470.2892037921,1,0,0,0,2
"896001","Tokyo","Retail","ConvenienceDrug","ZoneC","AHP","CAV",60883.4905652455,0,0,0,0,1
"898305","Tokyo","Retail","ConvenienceStore","ZoneC","EHP","MUL",1200773.41286048,0,0,0,0,1
"898306","Tokyo","Retail","ConvenienceStore","ZoneC","EHP","MUL",529470.023206183,1,0,0,0,1
"898321","Tokyo","Retail","ConvenienceStore","ZoneC","EHP","MUL",691524.786219362,0,0,0,0,2
"898322","Tokyo","Retail","ConvenienceStore","ZoneC","EHP","MUL",304921.511990337,1,0,0,0,2
"898369","Tokyo","Retail","ConvenienceStore","ZoneC","GHP","MUL",230657.031661397,0,0,0,0,1
"898370","Tokyo","Retail","ConvenienceStore","ZoneC","GHP","MUL",101706.102582252,1,0,0,0,1
"898385","Tokyo","Retail","ConvenienceStore","ZoneC","GHP","MUL",132835.265006132,0,0,0,0,2
"898386","Tokyo","Retail","ConvenienceStore","ZoneC","GHP","MUL",58572.4917724907,1,0,0,0,2
"901121","Tokyo","Retail","HomeCenter","ZoneC","EHP","MUL",959215.192315491,0,0,0,0,1
"901122","Tokyo","Retail","HomeCenter","ZoneC","EHP","MUL",542518.670914796,1,0,0,0,1
"901125","Tokyo","Retail","HomeCenter","ZoneC","EHP","MUL",129294.598320934,1,0,1,0,1
"901137","Tokyo","Retail","HomeCenter","ZoneC","EHP","MUL",1155844.36720965,0,0,0,0,2
"901138","Tokyo","Retail","HomeCenter","ZoneC","EHP","MUL",653729.376793151,1,0,0,0,2
"901141","Tokyo","Retail","HomeCenter","ZoneC","EHP","MUL",155798.651206862,1,0,1,0,2
"901185","Tokyo","Retail","HomeCenter","ZoneC","GHP","MUL",240457.719090412,0,0,0,0,1
"901186","Tokyo","Retail","HomeCenter","ZoneC","GHP","MUL",135999.516289175,1,0,0,0,1
"901189","Tokyo","Retail","HomeCenter","ZoneC","GHP","MUL",32411.7929449319,1,0,1,0,1
"901201","Tokyo","Retail","HomeCenter","ZoneC","GHP","MUL",289749.059845289,0,0,0,0,2
"901202","Tokyo","Retail","HomeCenter","ZoneC","GHP","MUL",163878.007881235,1,0,0,0,2
"901205","Tokyo","Retail","HomeCenter","ZoneC","GHP","MUL",39055.8746428224,1,0,1,0,2
"901249","Tokyo","Retail","HomeCenter","ZoneC","ABCH","CAV",67704.5773724429,0,0,0,0,1
"901250","Tokyo","Retail","HomeCenter","ZoneC","ABCH","CAV",34387.5759501614,1,0,0,0,1
"901253","Tokyo","Retail","HomeCenter","ZoneC","ABCH","CAV",29438.2522216346,1,0,1,0,1
"901265","Tokyo","Retail","HomeCenter","ZoneC","ABCH","CAV",81583.3141688906,0,0,0,0,2
"901266","Tokyo","Retail","HomeCenter","ZoneC","ABCH","CAV",41436.6726907669,1,0,0,0,2
"901269","Tokyo","Retail","HomeCenter","ZoneC","ABCH","CAV",35472.7888835206,1,0,1,0,2
"901314","Tokyo","Retail","HomeCenter","ZoneC","ABCH","VAV",69398.5741465859,1,0,0,0,1
"901330","Tokyo","Retail","HomeCenter","ZoneC","ABCH","VAV",83624.5627282861,1,0,0,0,2
"901377","Tokyo","Retail","HomeCenter","ZoneC","ABCH","FCU",70401.6142424898,0,0,0,0,1
"901393","Tokyo","Retail","HomeCenter","ZoneC","ABCH","FCU",54186.2384920926,0,0,0,0,2
"901394","Tokyo","Retail","HomeCenter","ZoneC","ABCH","FCU",30646.9771581072,1,0,0,0,2
"901569","Tokyo","Retail","HomeCenter","ZoneC","ABCH","OHUFCU",65436.9370386222,0,0,0,0,1
"901585","Tokyo","Retail","HomeCenter","ZoneC","ABCH","OHUFCU",78850.8310642631,0,0,0,0,2
"901633","Tokyo","Retail","HomeCenter","ZoneC","AHP","CAV",110798.89630932,0,0,0,0,1
"901634","Tokyo","Retail","HomeCenter","ZoneC","AHP","CAV",56275.4485722788,1,0,0,0,1
"901637","Tokyo","Retail","HomeCenter","ZoneC","AHP","CAV",48175.8543073054,1,0,1,0,1
"901649","Tokyo","Retail","HomeCenter","ZoneC","AHP","CAV",133511.521938084,0,0,0,0,2
"901650","Tokyo","Retail","HomeCenter","ZoneC","AHP","CAV",67811.3323950262,1,0,0,0,2
"901653","Tokyo","Retail","HomeCenter","ZoneC","AHP","CAV",58051.4052349335,1,0,1,0,2
"901698","Tokyo","Retail","HomeCenter","ZoneC","AHP","VAV",113571.130923445,1,0,0,0,1
"901713","Tokyo","Retail","HomeCenter","ZoneC","AHP","VAV",34858.4479719802,0,0,0,0,2
"901714","Tokyo","Retail","HomeCenter","ZoneC","AHP","VAV",101993.587949816,1,0,0,0,2
"901761","Tokyo","Retail","HomeCenter","ZoneC","AHP","FCU",73590.7272368055,0,0,0,0,1
"901762","Tokyo","Retail","HomeCenter","ZoneC","AHP","FCU",41621.8840694025,1,0,0,0,1
"901777","Tokyo","Retail","HomeCenter","ZoneC","AHP","FCU",88676.0637622869,0,0,0,0,2
"901778","Tokyo","Retail","HomeCenter","ZoneC","AHP","FCU",50153.9390114752,1,0,0,0,2
"901953","Tokyo","Retail","HomeCenter","ZoneC","AHP","OHUFCU",46751.4370920557,0,0,0,0,1
"901954","Tokyo","Retail","HomeCenter","ZoneC","AHP","OHUFCU",30687.8909676825,1,0,0,0,1
"901957","Tokyo","Retail","HomeCenter","ZoneC","AHP","OHUFCU",29648.5629384974,1,0,1,0,1
"901969","Tokyo","Retail","HomeCenter","ZoneC","AHP","OHUFCU",56334.9972505809,0,0,0,0,2
"901970","Tokyo","Retail","HomeCenter","ZoneC","AHP","OHUFCU",36978.5906235658,1,0,0,0,2
"901973","Tokyo","Retail","HomeCenter","ZoneC","AHP","OHUFCU",35726.2111180695,1,0,1,0,2
"902785","Tokyo","Retail","HomeCenter","ZoneC","COM","CAV",43062.2251091434,0,0,0,0,1
"902786","Tokyo","Retail","HomeCenter","ZoneC","COM","CAV",33694.691804032,1,0,0,0,1
"902801","Tokyo","Retail","HomeCenter","ZoneC","COM","CAV",51889.5350393348,0,0,0,0,2
"902802","Tokyo","Retail","HomeCenter","ZoneC","COM","CAV",40601.7544744492,1,0,0,0,2
"903169","Tokyo","Retail","HomeCenter","ZoneC","AHP+TESICE","CAV",55782.5684847071,0,0,0,0,1
"903185","Tokyo","Retail","HomeCenter","ZoneC","AHP+TESICE","CAV",67217.4169967987,0,0,0,0,2
"903937","Tokyo","Retail","HousingClothingSuper","ZoneC","EHP","MUL",2045437.82351391,0,0,0,0,1
"903938","Tokyo","Retail","HousingClothingSuper","ZoneC","EHP","MUL",1156870.96945671,1,0,0,0,1
"903941","Tokyo","Retail","HousingClothingSuper","ZoneC","EHP","MUL",275708.791833535,1,0,1,0,1
"903944","Tokyo","Retail","HousingClothingSuper","ZoneC","EHP","MUL",37825.3601476748,1,0,1,1,1
"903953","Tokyo","Retail","HousingClothingSuper","ZoneC","EHP","MUL",2464731.38220324,0,0,0,0,2
"903954","Tokyo","Retail","HousingClothingSuper","ZoneC","EHP","MUL",1394017.53052624,1,0,0,0,2
"903957","Tokyo","Retail","HousingClothingSuper","ZoneC","EHP","MUL",332226.23722389,1,0,1,0,2
"903960","Tokyo","Retail","HousingClothingSuper","ZoneC","EHP","MUL",45579.1670259389,1,0,1,1,2
"904001","Tokyo","Retail","HousingClothingSuper","ZoneC","GHP","MUL",518330.363419405,0,0,0,0,1
"904002","Tokyo","Retail","HousingClothingSuper","ZoneC","GHP","MUL",293160.389983261,1,0,0,0,1
"904005","Tokyo","Retail","HousingClothingSuper","ZoneC","GHP","MUL",69866.8209936075,1,0,1,0,1
"904017","Tokyo","Retail","HousingClothingSuper","ZoneC","GHP","MUL",624582.716904045,0,0,0,0,2
"904018","Tokyo","Retail","HousingClothingSuper","ZoneC","GHP","MUL",353255.232158256,1,0,0,0,2
"904021","Tokyo","Retail","HousingClothingSuper","ZoneC","GHP","MUL",84188.7953269037,1,0,1,0,2
"904065","Tokyo","Retail","HousingClothingSuper","ZoneC","ABCH","CAV",145943.903682378,0,0,0,0,1
"904066","Tokyo","Retail","HousingClothingSuper","ZoneC","ABCH","CAV",74125.8164087367,1,0,0,0,1
"904069","Tokyo","Retail","HousingClothingSuper","ZoneC","ABCH","CAV",63457.0602690223,1,0,1,0,1
"904081","Tokyo","Retail","HousingClothingSuper","ZoneC","ABCH","CAV",172213.744466773,0,0,0,0,2
"904082","Tokyo","Retail","HousingClothingSuper","ZoneC","ABCH","CAV",87468.4319338688,1,0,0,0,2
"904085","Tokyo","Retail","HousingClothingSuper","ZoneC","ABCH","CAV",74879.3042124276,1,0,1,0,2
"904129","Tokyo","Retail","HousingClothingSuper","ZoneC","ABCH","VAV",38104.411510635,0,0,0,0,1
"904130","Tokyo","Retail","HousingClothingSuper","ZoneC","ABCH","VAV",111491.069533843,1,0,0,0,1
"904145","Tokyo","Retail","HousingClothingSuper","ZoneC","ABCH","VAV",44963.189426744,0,0,0,0,2
"904146","Tokyo","Retail","HousingClothingSuper","ZoneC","ABCH","VAV",131559.414779083,1,0,0,0,2
"904193","Tokyo","Retail","HousingClothingSuper","ZoneC","ABCH","FCU",96933.4385586396,0,0,0,0,1
"904194","Tokyo","Retail","HousingClothingSuper","ZoneC","ABCH","FCU",54824.1944824593,1,0,0,0,1
"904209","Tokyo","Retail","HousingClothingSuper","ZoneC","ABCH","FCU",114381.4164006,0,0,0,0,2
"904210","Tokyo","Retail","HousingClothingSuper","ZoneC","ABCH","FCU",64692.526244513,1,0,0,0,2
"904385","Tokyo","Retail","HousingClothingSuper","ZoneC","ABCH","OHUFCU",61580.823088053,0,0,0,0,1
"904386","Tokyo","Retail","HousingClothingSuper","ZoneC","ABCH","OHUFCU",40421.9784924523,1,0,0,0,1
"904389","Tokyo","Retail","HousingClothingSuper","ZoneC","ABCH","OHUFCU",39052.9793883248,1,0,1,0,1
"904401","Tokyo","Retail","HousingClothingSuper","ZoneC","ABCH","OHUFCU",72665.3451343855,0,0,0,0,2
"904402","Tokyo","Retail","HousingClothingSuper","ZoneC","ABCH","OHUFCU",47697.9174826685,1,0,0,0,2
"904405","Tokyo","Retail","HousingClothingSuper","ZoneC","ABCH","OHUFCU",46082.4991202369,1,0,1,0,2
"904449","Tokyo","Retail","HousingClothingSuper","ZoneC","AHP","CAV",238837.964560766,0,0,0,0,1
"904450","Tokyo","Retail","HousingClothingSuper","ZoneC","AHP","CAV",121307.287702799,1,0,0,0,1
"904453","Tokyo","Retail","HousingClothingSuper","ZoneC","AHP","CAV",103847.812270717,1,0,1,0,1
"904465","Tokyo","Retail","HousingClothingSuper","ZoneC","AHP","CAV",281828.696917323,0,0,0,0,2
"904466","Tokyo","Retail","HousingClothingSuper","ZoneC","AHP","CAV",143142.548056494,1,0,0,0,2
"904469","Tokyo","Retail","HousingClothingSuper","ZoneC","AHP","CAV",122540.374449241,1,0,1,0,2
"904513","Tokyo","Retail","HousingClothingSuper","ZoneC","AHP","VAV",52633.0461759362,0,0,0,0,1
"904514","Tokyo","Retail","HousingClothingSuper","ZoneC","AHP","VAV",154000.924783775,1,0,0,0,1
"904517","Tokyo","Retail","HousingClothingSuper","ZoneC","AHP","VAV",38179.8191243892,1,0,1,0,1
"904529","Tokyo","Retail","HousingClothingSuper","ZoneC","AHP","VAV",62106.9721718357,0,0,0,0,2
"904530","Tokyo","Retail","HousingClothingSuper","ZoneC","AHP","VAV",181721.025950342,1,0,0,0,2
"904533","Tokyo","Retail","HousingClothingSuper","ZoneC","AHP","VAV",45052.1703790021,1,0,1,0,2
"904577","Tokyo","Retail","HousingClothingSuper","ZoneC","AHP","FCU",158632.081087857,0,0,0,0,1
"904578","Tokyo","Retail","HousingClothingSuper","ZoneC","AHP","FCU",89720.0820896995,1,0,0,0,1
"904593","Tokyo","Retail","HousingClothingSuper","ZoneC","AHP","FCU",187185.788425607,0,0,0,0,2
"904594","Tokyo","Retail","HousingClothingSuper","ZoneC","AHP","FCU",105869.658825626,1,0,0,0,2
"904769","Tokyo","Retail","HousingClothingSuper","ZoneC","AHP","OHUFCU",100777.340274084,0,0,0,0,1
"904770","Tokyo","Retail","HousingClothingSuper","ZoneC","AHP","OHUFCU",66150.7800124856,1,0,0,0,1
"904773","Tokyo","Retail","HousingClothingSuper","ZoneC","AHP","OHUFCU",63910.405791532,1,0,1,0,1
"904785","Tokyo","Retail","HousingClothingSuper","ZoneC","AHP","OHUFCU",118917.218795058,0,0,0,0,2
"904786","Tokyo","Retail","HousingClothingSuper","ZoneC","AHP","OHUFCU",78057.89236761,1,0,0,0,2
"904789","Tokyo","Retail","HousingClothingSuper","ZoneC","AHP","OHUFCU",75414.2517367762,1,0,1,0,2
"905601","Tokyo","Retail","HousingClothingSuper","ZoneC","COM","CAV",75285.4843675207,0,0,0,0,1
"905602","Tokyo","Retail","HousingClothingSuper","ZoneC","COM","CAV",58908.2702217879,1,0,0,0,1
"905605","Tokyo","Retail","HousingClothingSuper","ZoneC","COM","CAV",31263.361069348,1,0,1,0,1
"905617","Tokyo","Retail","HousingClothingSuper","ZoneC","COM","CAV",88836.8396335484,0,0,0,0,2
"905618","Tokyo","Retail","HousingClothingSuper","ZoneC","COM","CAV",69511.7338853226,1,0,0,0,2
"905621","Tokyo","Retail","HousingClothingSuper","ZoneC","COM","CAV",36890.7528065473,1,0,1,0,2
"905985","Tokyo","Retail","HousingClothingSuper","ZoneC","AHP+TESICE","CAV",67459.8512284726,0,0,0,0,1
"905986","Tokyo","Retail","HousingClothingSuper","ZoneC","AHP+TESICE","CAV",52784.9847639806,1,0,0,0,1
"906001","Tokyo","Retail","HousingClothingSuper","ZoneC","AHP+TESICE","CAV",79602.5958474445,0,0,0,0,2
"906002","Tokyo","Retail","HousingClothingSuper","ZoneC","AHP+TESICE","CAV",62286.2596413081,1,0,0,0,2
"906385","Tokyo","Retail","HousingClothingSuper","ZoneC","COM+TESICE","CAV",54969.0189450653,0,0,0,0,2
"906785","Tokyo","Retail","LargeDepartment","ZoneC","EHP","MUL",65316.2903583994,0,0,0,0,3
"906849","Tokyo","Retail","LargeDepartment","ZoneC","GHP","MUL",27895.3751558219,0,0,0,0,3
"906913","Tokyo","Retail","LargeDepartment","ZoneC","ABCH","CAV",48948.3763335176,0,0,0,0,3
"906914","Tokyo","Retail","LargeDepartment","ZoneC","ABCH","CAV",45915.8201874972,1,0,0,0,3
"906917","Tokyo","Retail","LargeDepartment","ZoneC","ABCH","CAV",63934.8554812994,1,0,1,0,3
"907297","Tokyo","Retail","LargeDepartment","ZoneC","AHP","CAV",66372.8987420265,0,0,0,0,3
"907301","Tokyo","Retail","LargeDepartment","ZoneC","AHP","CAV",86694.2278132441,1,0,1,0,3
"908449","Tokyo","Retail","LargeDepartment","ZoneC","COM","CAV",61818.3552254292,0,0,0,0,3
"908453","Tokyo","Retail","LargeDepartment","ZoneC","COM","CAV",78380.2292800529,1,0,1,0,3
"908514","Tokyo","Retail","LargeDepartment","ZoneC","COM","VAV",81020.9744032493,1,0,0,0,3
"908837","Tokyo","Retail","LargeDepartment","ZoneC","AHP+TESICE","CAV",104920.760067948,1,0,1,0,3
"909221","Tokyo","Retail","LargeDepartment","ZoneC","COM+TESICE","CAV",69929.2192083444,1,0,1,0,3
"909601","Tokyo","Retail","LargeGeneral","ZoneC","EHP","MUL",68158.2225817647,0,0,0,0,3
"909602","Tokyo","Retail","LargeGeneral","ZoneC","EHP","MUL",46861.0307294919,1,0,0,0,3
"909665","Tokyo","Retail","LargeGeneral","ZoneC","GHP","MUL",49122.5880045316,0,0,0,0,3
"909733","Tokyo","Retail","LargeGeneral","ZoneC","ABCH","CAV",111405.654913883,1,0,1,0,3
"909796","Tokyo","Retail","LargeGeneral","ZoneC","ABCH","VAV",64381.4967675509,0,0,0,1,3
"909857","Tokyo","Retail","LargeGeneral","ZoneC","ABCH","FCU",52524.0704151005,0,0,0,0,3
"910053","Tokyo","Retail","LargeGeneral","ZoneC","ABCH","OHUFCU",51327.2614673562,1,0,1,0,3
"910117","Tokyo","Retail","LargeGeneral","ZoneC","AHP","CAV",131525.796263709,1,0,1,0,3
"910178","Tokyo","Retail","LargeGeneral","ZoneC","AHP","VAV",76008.956938023,1,0,0,0,3
"910241","Tokyo","Retail","LargeGeneral","ZoneC","AHP","FCU",62010.049576903,0,0,0,0,3
"911269","Tokyo","Retail","LargeGeneral","ZoneC","COM","CAV",155196.832281016,1,0,1,0,3
"911332","Tokyo","Retail","LargeGeneral","ZoneC","COM","VAV",89688.4845168597,0,0,0,1,3
"911393","Tokyo","Retail","LargeGeneral","ZoneC","COM","FCU",73170.1577736771,0,0,0,0,3
"911589","Tokyo","Retail","LargeGeneral","ZoneC","COM","OHUFCU",71502.9088563842,1,0,1,0,3
"911649","Tokyo","Retail","LargeGeneral","ZoneC","AHP+TESICE","CAV",56950.9333390213,0,0,0,0,3
"911650","Tokyo","Retail","LargeGeneral","ZoneC","AHP+TESICE","CAV",53422.5853966488,1,0,0,0,3
"911653","Tokyo","Retail","LargeGeneral","ZoneC","AHP+TESICE","CAV",74387.5479698426,1,0,1,0,3
"912037","Tokyo","Retail","LargeGeneral","ZoneC","COM+TESICE","CAV",123142.427927991,1,0,1,0,3
"912385","Tokyo","Retail","LargeGrocery","ZoneC","EHP","MUL",570249.111346657,0,0,0,0,1
"912386","Tokyo","Retail","LargeGrocery","ZoneC","EHP","MUL",306285.899820485,1,0,0,0,1
"912389","Tokyo","Retail","LargeGrocery","ZoneC","EHP","MUL",47928.5011842661,1,0,1,0,1
"912401","Tokyo","Retail","LargeGrocery","ZoneC","EHP","MUL",687144.270166593,0,0,0,0,2
"912402","Tokyo","Retail","LargeGrocery","ZoneC","EHP","MUL",369071.335503625,1,0,0,0,2
"912405","Tokyo","Retail","LargeGrocery","ZoneC","EHP","MUL",57753.3472847811,1,0,1,0,2
"912449","Tokyo","Retail","LargeGrocery","ZoneC","GHP","MUL",132924.914515763,0,0,0,0,1
"912450","Tokyo","Retail","LargeGrocery","ZoneC","GHP","MUL",71395.1608883299,1,0,0,0,1
"912465","Tokyo","Retail","LargeGrocery","ZoneC","GHP","MUL",160173.144603755,0,0,0,0,2
"912466","Tokyo","Retail","LargeGrocery","ZoneC","GHP","MUL",86030.4290631589,1,0,0,0,2
"912513","Tokyo","Retail","LargeGrocery","ZoneC","ABCH","CAV",41119.8895668088,0,0,0,0,1
"912514","Tokyo","Retail","LargeGrocery","ZoneC","ABCH","CAV",30937.0742289421,1,0,0,0,1
"912529","Tokyo","Retail","LargeGrocery","ZoneC","ABCH","CAV",49549.0408375916,0,0,0,0,2
"912530","Tokyo","Retail","LargeGrocery","ZoneC","ABCH","CAV",37278.8538713095,1,0,0,0,2
"912897","Tokyo","Retail","LargeGrocery","ZoneC","AHP","CAV",80008.9654208787,0,0,0,0,1
"912898","Tokyo","Retail","LargeGrocery","ZoneC","AHP","CAV",60195.7672620928,1,0,0,0,1
"912913","Tokyo","Retail","LargeGrocery","ZoneC","AHP","CAV",96409.9742673561,0,0,0,0,2
"912914","Tokyo","Retail","LargeGrocery","ZoneC","AHP","CAV",72535.275793326,1,0,0,0,2
"915233","Tokyo","Retail","MediumDepartment","ZoneC","EHP","MUL",301000.800099027,0,0,0,0,3
"915234","Tokyo","Retail","MediumDepartment","ZoneC","EHP","MUL",189671.279008311,1,0,0,0,3
"915237","Tokyo","Retail","MediumDepartment","ZoneC","EHP","MUL",94915.8412397374,1,0,1,0,3
"915297","Tokyo","Retail","MediumDepartment","ZoneC","GHP","MUL",104400.602141991,0,0,0,0,3
"915298","Tokyo","Retail","MediumDepartment","ZoneC","GHP","MUL",65786.5219328141,1,0,0,0,3
"915301","Tokyo","Retail","MediumDepartment","ZoneC","GHP","MUL",32921.0785319579,1,0,1,0,3
"915361","Tokyo","Retail","MediumDepartment","ZoneC","ABCH","CAV",98541.0727576214,0,0,0,0,3
"915362","Tokyo","Retail","MediumDepartment","ZoneC","ABCH","CAV",56127.5808135154,1,0,0,0,3
"915365","Tokyo","Retail","MediumDepartment","ZoneC","ABCH","CAV",95940.7067898918,1,0,1,0,3
"915426","Tokyo","Retail","MediumDepartment","ZoneC","ABCH","VAV",134563.606538447,1,0,0,0,3
"915489","Tokyo","Retail","MediumDepartment","ZoneC","ABCH","FCU",78389.6932351882,0,0,0,0,3
"915490","Tokyo","Retail","MediumDepartment","ZoneC","ABCH","FCU",49396.1257647677,1,0,0,0,3
"915681","Tokyo","Retail","MediumDepartment","ZoneC","ABCH","OHUFCU",39737.1389909049,0,0,0,0,3
"915682","Tokyo","Retail","MediumDepartment","ZoneC","ABCH","OHUFCU",29254.7613663483,1,0,0,0,3
"915685","Tokyo","Retail","MediumDepartment","ZoneC","ABCH","OHUFCU",52672.8112983046,1,0,1,0,3
"915745","Tokyo","Retail","MediumDepartment","ZoneC","AHP","CAV",92007.8758369615,0,0,0,0,3
"915746","Tokyo","Retail","MediumDepartment","ZoneC","AHP","CAV",52406.3656098116,1,0,0,0,3
"915749","Tokyo","Retail","MediumDepartment","ZoneC","AHP","CAV",89579.9121219937,1,0,1,0,3
"915753","Tokyo","Retail","MediumDepartment","ZoneC","AHP","CAV",32806.0188876968,0,1,0,0,3
"915757","Tokyo","Retail","MediumDepartment","ZoneC","AHP","CAV",31940.3123080446,1,1,1,0,3
"915810","Tokyo","Retail","MediumDepartment","ZoneC","AHP","VAV",84029.9071517011,1,0,0,0,3
"915812","Tokyo","Retail","MediumDepartment","ZoneC","AHP","VAV",37420.7071584786,0,0,0,1,3
"915813","Tokyo","Retail","MediumDepartment","ZoneC","AHP","VAV",38956.790229876,1,0,1,0,3
"915873","Tokyo","Retail","MediumDepartment","ZoneC","AHP","FCU",93444.933277372,0,0,0,0,3
"915874","Tokyo","Retail","MediumDepartment","ZoneC","AHP","FCU",58882.9664430605,1,0,0,0,3
"916065","Tokyo","Retail","MediumDepartment","ZoneC","AHP","OHUFCU",47368.9097174824,0,0,0,0,3
"916066","Tokyo","Retail","MediumDepartment","ZoneC","AHP","OHUFCU",34873.3246821373,1,0,0,0,3
"916069","Tokyo","Retail","MediumDepartment","ZoneC","AHP","OHUFCU",62788.960310566,1,0,1,0,3
"916897","Tokyo","Retail","MediumDepartment","ZoneC","COM","CAV",87815.8351941327,0,0,0,0,3
"916901","Tokyo","Retail","MediumDepartment","ZoneC","COM","CAV",85498.4937762224,1,0,1,0,3
"916962","Tokyo","Retail","MediumDepartment","ZoneC","COM","VAV",93060.3754681963,1,0,0,0,3
"917025","Tokyo","Retail","MediumDepartment","ZoneC","COM","FCU",54212.0895311991,0,0,0,0,3
"917026","Tokyo","Retail","MediumDepartment","ZoneC","COM","FCU",34160.9602224071,1,0,0,0,3
"917221","Tokyo","Retail","MediumDepartment","ZoneC","COM","OHUFCU",84139.8654446819,1,0,1,0,3
"917281","Tokyo","Retail","MediumDepartment","ZoneC","AHP+TESICE","CAV",62171.7928879869,0,0,0,0,3
"917285","Tokyo","Retail","MediumDepartment","ZoneC","AHP+TESICE","CAV",65210.4043045765,1,0,1,0,3
"917346","Tokyo","Retail","MediumDepartment","ZoneC","AHP+TESICE","VAV",68397.3169969772,1,0,0,0,3
"917409","Tokyo","Retail","MediumDepartment","ZoneC","AHP+TESICE","FCU",64952.2363044061,0,0,0,0,3
"917665","Tokyo","Retail","MediumDepartment","ZoneC","COM+TESICE","CAV",49210.9856155196,0,0,0,0,3
"917666","Tokyo","Retail","MediumDepartment","ZoneC","COM+TESICE","CAV",42518.7161188347,1,0,0,0,3
"917669","Tokyo","Retail","MediumDepartment","ZoneC","COM+TESICE","CAV",42664.4762472062,1,0,1,0,3
"918049","Tokyo","Retail","MediumGeneral","ZoneC","EHP","MUL",419979.146999675,0,0,0,0,3
"918050","Tokyo","Retail","MediumGeneral","ZoneC","EHP","MUL",264643.754907098,1,0,0,0,3
"918053","Tokyo","Retail","MediumGeneral","ZoneC","EHP","MUL",132433.78099828,1,0,1,0,3
"918056","Tokyo","Retail","MediumGeneral","ZoneC","EHP","MUL",36162.8997579209,1,0,1,1,3
"918113","Tokyo","Retail","MediumGeneral","ZoneC","GHP","MUL",152114.883340759,0,0,0,0,3
"918114","Tokyo","Retail","MediumGeneral","ZoneC","GHP","MUL",95852.9826829353,1,0,0,0,3
"918117","Tokyo","Retail","MediumGeneral","ZoneC","GHP","MUL",47967.0223887201,1,0,1,0,3
"918177","Tokyo","Retail","MediumGeneral","ZoneC","ABCH","CAV",100843.450692688,0,0,0,0,3
"918178","Tokyo","Retail","MediumGeneral","ZoneC","ABCH","CAV",57438.9822423546,1,0,0,0,3
"918181","Tokyo","Retail","MediumGeneral","ZoneC","ABCH","CAV",98182.3280774036,1,0,1,0,3
"918184","Tokyo","Retail","MediumGeneral","ZoneC","ABCH","CAV",30596.1770979555,1,0,1,1,3
"918185","Tokyo","Retail","MediumGeneral","ZoneC","ABCH","CAV",35956.401753988,0,1,0,0,3
"918189","Tokyo","Retail","MediumGeneral","ZoneC","ABCH","CAV",35007.5608206946,1,1,1,0,3
"918242","Tokyo","Retail","MediumGeneral","ZoneC","ABCH","VAV",100705.464096304,1,0,0,0,3
"918244","Tokyo","Retail","MediumGeneral","ZoneC","ABCH","VAV",44846.7671683033,0,0,0,1,3
"918245","Tokyo","Retail","MediumGeneral","ZoneC","ABCH","VAV",46687.6826689747,1,0,1,0,3
"918305","Tokyo","Retail","MediumGeneral","ZoneC","ABCH","FCU",93837.0068026299,0,0,0,0,3
"918306","Tokyo","Retail","MediumGeneral","ZoneC","ABCH","FCU",59130.0258760471,1,0,0,0,3
"918309","Tokyo","Retail","MediumGeneral","ZoneC","ABCH","FCU",29590.0158310556,1,0,1,0,3
"918497","Tokyo","Retail","MediumGeneral","ZoneC","ABCH","OHUFCU",56769.1694365797,0,0,0,0,3
"918498","Tokyo","Retail","MediumGeneral","ZoneC","ABCH","OHUFCU",41793.862039566,1,0,0,0,3
"918501","Tokyo","Retail","MediumGeneral","ZoneC","ABCH","OHUFCU",75249.296381877,1,0,1,0,3
"918561","Tokyo","Retail","MediumGeneral","ZoneC","AHP","CAV",120211.077917679,0,0,0,0,3
"918562","Tokyo","Retail","MediumGeneral","ZoneC","AHP","CAV",68470.5047518624,1,0,0,0,3
"918565","Tokyo","Retail","MediumGeneral","ZoneC","AHP","CAV",117038.869748908,1,0,1,0,3
"918568","Tokyo","Retail","MediumGeneral","ZoneC","AHP","CAV",36472.367851769,1,0,1,1,3
"918569","Tokyo","Retail","MediumGeneral","ZoneC","AHP","CAV",42862.0578054202,0,1,0,0,3
"918573","Tokyo","Retail","MediumGeneral","ZoneC","AHP","CAV",41730.9859253908,1,1,1,0,3
"918625","Tokyo","Retail","MediumGeneral","ZoneC","AHP","VAV",31452.5773020291,0,0,0,0,3
"918626","Tokyo","Retail","MediumGeneral","ZoneC","AHP","VAV",103570.061754333,1,0,0,0,3
"918628","Tokyo","Retail","MediumGeneral","ZoneC","AHP","VAV",46122.4471460813,0,0,0,1,3
"918629","Tokyo","Retail","MediumGeneral","ZoneC","AHP","VAV",48015.7280499528,1,0,1,0,3
"918689","Tokyo","Retail","MediumGeneral","ZoneC","AHP","FCU",111859.001837297,0,0,0,0,3
"918690","Tokyo","Retail","MediumGeneral","ZoneC","AHP","FCU",70486.3240898131,1,0,0,0,3
"918693","Tokyo","Retail","MediumGeneral","ZoneC","AHP","FCU",35272.9669028501,1,0,1,0,3
"918881","Tokyo","Retail","MediumGeneral","ZoneC","AHP","OHUFCU",67672.0501290565,0,0,0,0,3
"918882","Tokyo","Retail","MediumGeneral","ZoneC","AHP","OHUFCU",49820.6395319561,1,0,0,0,3
"918885","Tokyo","Retail","MediumGeneral","ZoneC","AHP","OHUFCU",89701.4031994866,1,0,1,0,3
"918945","Tokyo","Retail","MediumGeneral","ZoneC","TB","CAV",63223.6346075377,0,0,0,0,3
"919713","Tokyo","Retail","MediumGeneral","ZoneC","COM","CAV",97357.7240493955,0,0,0,0,3
"919714","Tokyo","Retail","MediumGeneral","ZoneC","COM","CAV",55453.5623723434,1,0,0,0,3
"919717","Tokyo","Retail","MediumGeneral","ZoneC","COM","CAV",94788.5850576134,1,0,1,0,3
"919778","Tokyo","Retail","MediumGeneral","ZoneC","COM","VAV",132947.674566982,1,0,0,0,3
"919841","Tokyo","Retail","MediumGeneral","ZoneC","COM","FCU",77448.3360971728,0,0,0,0,3
"919842","Tokyo","Retail","MediumGeneral","ZoneC","COM","FCU",48802.9432472719,1,0,0,0,3
"920033","Tokyo","Retail","MediumGeneral","ZoneC","COM","OHUFCU",39259.9482035757,0,0,0,0,3
"920034","Tokyo","Retail","MediumGeneral","ZoneC","COM","OHUFCU",28903.4501505929,1,0,0,0,3
"920037","Tokyo","Retail","MediumGeneral","ZoneC","COM","OHUFCU",52040.2800961957,1,0,1,0,3
"920097","Tokyo","Retail","MediumGeneral","ZoneC","AHP+TESICE","CAV",74529.6996820556,0,0,0,0,3
"920101","Tokyo","Retail","MediumGeneral","ZoneC","AHP+TESICE","CAV",72562.9614559051,1,0,1,0,3
"920162","Tokyo","Retail","MediumGeneral","ZoneC","AHP+TESICE","VAV",78980.7649225365,1,0,0,0,3
"920225","Tokyo","Retail","MediumGeneral","ZoneC","AHP+TESICE","FCU",75002.6102190245,0,0,0,0,3
"920421","Tokyo","Retail","MediumGeneral","ZoneC","AHP+TESICE","OHUFCU",71409.8873969338,1,0,1,0,3
"920481","Tokyo","Retail","MediumGeneral","ZoneC","COM+TESICE","CAV",70303.6718669642,0,0,0,0,3
"920482","Tokyo","Retail","MediumGeneral","ZoneC","COM+TESICE","CAV",60742.9790083383,1,0,0,0,3
"920485","Tokyo","Retail","MediumGeneral","ZoneC","COM+TESICE","CAV",60951.2144685336,1,0,1,0,3
"920833","Tokyo","Retail","MediumGrocery","ZoneC","EHP","MUL",617769.870625546,0,0,0,0,1
"920834","Tokyo","Retail","MediumGrocery","ZoneC","EHP","MUL",331809.724805526,1,0,0,0,1
"920837","Tokyo","Retail","MediumGrocery","ZoneC","EHP","MUL",51922.5429496216,1,0,1,0,1
"920849","Tokyo","Retail","MediumGrocery","ZoneC","EHP","MUL",744406.292680476,0,0,0,0,2
"920850","Tokyo","Retail","MediumGrocery","ZoneC","EHP","MUL",399827.280128927,1,0,0,0,2
"920853","Tokyo","Retail","MediumGrocery","ZoneC","EHP","MUL",62566.1262251795,1,0,1,0,2
"920897","Tokyo","Retail","MediumGrocery","ZoneC","GHP","MUL",144001.99072541,0,0,0,0,1
"920898","Tokyo","Retail","MediumGrocery","ZoneC","GHP","MUL",77344.7576290241,1,0,0,0,1
"920913","Tokyo","Retail","MediumGrocery","ZoneC","GHP","MUL",173520.906654068,0,0,0,0,2
"920914","Tokyo","Retail","MediumGrocery","ZoneC","GHP","MUL",93199.6314850888,1,0,0,0,2
"920961","Tokyo","Retail","MediumGrocery","ZoneC","ABCH","CAV",44546.5470307096,0,0,0,0,1
"920962","Tokyo","Retail","MediumGrocery","ZoneC","ABCH","CAV",33515.1637480206,1,0,0,0,1
"920977","Tokyo","Retail","MediumGrocery","ZoneC","ABCH","CAV",53678.1275740576,0,0,0,0,2
"920978","Tokyo","Retail","MediumGrocery","ZoneC","ABCH","CAV",40385.425027252,1,0,0,0,2
"921345","Tokyo","Retail","MediumGrocery","ZoneC","AHP","CAV",86676.3792059519,0,0,0,0,1
"921346","Tokyo","Retail","MediumGrocery","ZoneC","AHP","CAV",65212.0812006005,1,0,0,0,1
"921361","Tokyo","Retail","MediumGrocery","ZoneC","AHP","CAV",104444.138789636,0,0,0,0,2
"921362","Tokyo","Retail","MediumGrocery","ZoneC","AHP","CAV",78579.8821094365,1,0,0,0,2
"923649","Tokyo","Retail","SmallGeneral","ZoneC","EHP","MUL",1065896.18333592,0,0,0,0,1
"923650","Tokyo","Retail","SmallGeneral","ZoneC","EHP","MUL",602855.944473366,1,0,0,0,1
"923653","Tokyo","Retail","SmallGeneral","ZoneC","EHP","MUL",143674.349593605,1,0,1,0,1
"923665","Tokyo","Retail","SmallGeneral","ZoneC","EHP","MUL",1284393.85594496,0,0,0,0,2
"923666","Tokyo","Retail","SmallGeneral","ZoneC","EHP","MUL",726435.166207422,1,0,0,0,2
"923669","Tokyo","Retail","SmallGeneral","ZoneC","EHP","MUL",173126.102485309,1,0,1,0,2
"923713","Tokyo","Retail","SmallGeneral","ZoneC","GHP","MUL",267200.693947967,0,0,0,0,1
"923714","Tokyo","Retail","SmallGeneral","ZoneC","GHP","MUL",151124.968108807,1,0,0,0,1
"923717","Tokyo","Retail","SmallGeneral","ZoneC","GHP","MUL",36016.5337995543,1,0,1,0,1
"923729","Tokyo","Retail","SmallGeneral","ZoneC","GHP","MUL",321974.067433958,0,0,0,0,2
"923730","Tokyo","Retail","SmallGeneral","ZoneC","GHP","MUL",182104.020591711,1,0,0,0,2
"923733","Tokyo","Retail","SmallGeneral","ZoneC","GHP","MUL",43399.5500197815,1,0,1,0,2
"923777","Tokyo","Retail","SmallGeneral","ZoneC","ABCH","CAV",75234.474176179,0,0,0,0,1
"923778","Tokyo","Retail","SmallGeneral","ZoneC","ABCH","CAV",38212.0573705378,1,0,0,0,1
"923781","Tokyo","Retail","SmallGeneral","ZoneC","ABCH","CAV",32712.2849372052,1,0,1,0,1
"923793","Tokyo","Retail","SmallGeneral","ZoneC","ABCH","CAV",90656.7617914815,0,0,0,0,2
"923794","Tokyo","Retail","SmallGeneral","ZoneC","ABCH","CAV",46045.1331724751,1,0,0,0,2
"923797","Tokyo","Retail","SmallGeneral","ZoneC","ABCH","CAV",39417.9643797691,1,0,1,0,2
"923842","Tokyo","Retail","SmallGeneral","ZoneC","ABCH","VAV",77116.8721100393,1,0,0,0,1
"923858","Tokyo","Retail","SmallGeneral","ZoneC","ABCH","VAV",92925.0317960957,1,0,0,0,2
"923905","Tokyo","Retail","SmallGeneral","ZoneC","ABCH","FCU",49969.4478223603,0,0,0,0,1
"923906","Tokyo","Retail","SmallGeneral","ZoneC","ABCH","FCU",28262.0194468487,1,0,0,0,1
"923921","Tokyo","Retail","SmallGeneral","ZoneC","ABCH","FCU",60212.6668350919,0,0,0,0,2
"923922","Tokyo","Retail","SmallGeneral","ZoneC","ABCH","FCU",34055.4405782027,1,0,0,0,2
"924097","Tokyo","Retail","SmallGeneral","ZoneC","ABCH","OHUFCU",72714.6337937893,0,0,0,0,1
"924113","Tokyo","Retail","SmallGeneral","ZoneC","ABCH","OHUFCU",87620.3802416631,0,0,0,0,2
"924161","Tokyo","Retail","SmallGeneral","ZoneC","AHP","CAV",123121.611959511,0,0,0,0,1
"924162","Tokyo","Retail","SmallGeneral","ZoneC","AHP","CAV",62534.2324947037,1,0,0,0,1
"924165","Tokyo","Retail","SmallGeneral","ZoneC","AHP","CAV",53533.8260345387,1,0,1,0,1
"924177","Tokyo","Retail","SmallGeneral","ZoneC","AHP","CAV",148360.266606751,0,0,0,0,2
"924178","Tokyo","Retail","SmallGeneral","ZoneC","AHP","CAV",75353.1021670979,1,0,0,0,2
"924181","Tokyo","Retail","SmallGeneral","ZoneC","AHP","CAV",64507.7056461494,1,0,1,0,2
"924226","Tokyo","Retail","SmallGeneral","ZoneC","AHP","VAV",126202.166060593,1,0,0,0,1
"924241","Tokyo","Retail","SmallGeneral","ZoneC","AHP","VAV",38735.2983439057,0,0,0,0,2
"924242","Tokyo","Retail","SmallGeneral","ZoneC","AHP","VAV",113337.004033489,1,0,0,0,2
"924289","Tokyo","Retail","SmallGeneral","ZoneC","AHP","FCU",81775.2636937241,0,0,0,0,1
"924290","Tokyo","Retail","SmallGeneral","ZoneC","AHP","FCU",46250.943196315,1,0,0,0,1
"924305","Tokyo","Retail","SmallGeneral","ZoneC","AHP","FCU",98538.3453834894,0,0,0,0,2
"924306","Tokyo","Retail","SmallGeneral","ZoneC","AHP","FCU",55731.9072924056,1,0,0,0,2
"924481","Tokyo","Retail","SmallGeneral","ZoneC","AHP","OHUFCU",51950.9894767195,0,0,0,0,1
"924482","Tokyo","Retail","SmallGeneral","ZoneC","AHP","OHUFCU",34100.9046970172,1,0,0,0,1
"924485","Tokyo","Retail","SmallGeneral","ZoneC","AHP","OHUFCU",32945.9857711939,1,0,1,0,1
"924497","Tokyo","Retail","SmallGeneral","ZoneC","AHP","OHUFCU",62600.4039955653,0,0,0,0,2
"924498","Tokyo","Retail","SmallGeneral","ZoneC","AHP","OHUFCU",41091.236801258,1,0,0,0,2
"924501","Tokyo","Retail","SmallGeneral","ZoneC","AHP","OHUFCU",39699.5714630827,1,0,1,0,2
"925313","Tokyo","Retail","SmallGeneral","ZoneC","COM","CAV",47851.4745778664,0,0,0,0,1
"925314","Tokyo","Retail","SmallGeneral","ZoneC","COM","CAV",37442.1127608507,1,0,0,0,1
"925329","Tokyo","Retail","SmallGeneral","ZoneC","COM","CAV",57660.5310222307,0,0,0,0,2
"925330","Tokyo","Retail","SmallGeneral","ZoneC","COM","CAV",45117.3578960824,1,0,0,0,2
"925697","Tokyo","Retail","SmallGeneral","ZoneC","AHP+TESICE","CAV",61986.5357855671,0,0,0,0,1
"925713","Tokyo","Retail","SmallGeneral","ZoneC","AHP+TESICE","CAV",74693.1333079027,0,0,0,0,2
"926465","Tokyo","Retail","SmallGrocery","ZoneC","EHP","MUL",949294.377700056,0,0,0,0,1
"926466","Tokyo","Retail","SmallGrocery","ZoneC","EHP","MUL",484080.927801836,1,0,0,0,1
"926469","Tokyo","Retail","SmallGrocery","ZoneC","EHP","MUL",51577.5690313574,1,0,1,0,1
"926481","Tokyo","Retail","SmallGrocery","ZoneC","EHP","MUL",546698.140188208,0,0,0,0,2
"926482","Tokyo","Retail","SmallGrocery","ZoneC","EHP","MUL",278781.955467838,1,0,0,0,2
"926485","Tokyo","Retail","SmallGrocery","ZoneC","EHP","MUL",29703.4952773957,1,0,1,0,2
"926529","Tokyo","Retail","SmallGrocery","ZoneC","GHP","MUL",201620.968812527,0,0,0,0,1
"926530","Tokyo","Retail","SmallGrocery","ZoneC","GHP","MUL",102814.119560615,1,0,0,0,1
"926545","Tokyo","Retail","SmallGrocery","ZoneC","GHP","MUL",116113.411458105,0,0,0,0,2
"926546","Tokyo","Retail","SmallGrocery","ZoneC","GHP","MUL",59210.5981761499,1,0,0,0,2
"926977","Tokyo","Retail","SmallGrocery","ZoneC","AHP","CAV",75234.6154521176,0,0,0,0,1
"926978","Tokyo","Retail","SmallGrocery","ZoneC","AHP","CAV",54043.9323083708,1,0,0,0,1
"926993","Tokyo","Retail","SmallGrocery","ZoneC","AHP","CAV",43327.5760519078,0,0,0,0,2
"926994","Tokyo","Retail","SmallGrocery","ZoneC","AHP","CAV",31123.8726105456,1,0,0,0,2
"929281","Tokyo","Retail","SpecialityShop","ZoneC","EHP","MUL",5146835.93197638,0,0,0,0,1
"929282","Tokyo","Retail","SpecialityShop","ZoneC","EHP","MUL",2269450.09870782,1,0,0,0,1
"929285","Tokyo","Retail","SpecialityShop","ZoneC","EHP","MUL",84579.654540234,1,0,1,0,1
"929297","Tokyo","Retail","SpecialityShop","ZoneC","EHP","MUL",2964060.14610821,0,0,0,0,2
"929298","Tokyo","Retail","SpecialityShop","ZoneC","EHP","MUL",1306975.13580506,1,0,0,0,2
"929301","Tokyo","Retail","SpecialityShop","ZoneC","EHP","MUL",48709.3792201065,1,0,1,0,2
"929345","Tokyo","Retail","SpecialityShop","ZoneC","GHP","MUL",999932.94456748,0,0,0,0,1
"929346","Tokyo","Retail","SpecialityShop","ZoneC","GHP","MUL",440911.260771132,1,0,0,0,1
"929361","Tokyo","Retail","SpecialityShop","ZoneC","GHP","MUL",575860.864605991,0,0,0,0,2
"929362","Tokyo","Retail","SpecialityShop","ZoneC","GHP","MUL",253920.5665956,1,0,0,0,2
"932097","Tokyo","Retail","SuperDrugStore","ZoneC","EHP","MUL",181281.583681977,0,0,0,0,1
"932098","Tokyo","Retail","SuperDrugStore","ZoneC","EHP","MUL",97367.9605528812,1,0,0,0,1
"932113","Tokyo","Retail","SuperDrugStore","ZoneC","EHP","MUL",218442.429870042,0,0,0,0,2
"932114","Tokyo","Retail","SuperDrugStore","ZoneC","EHP","MUL",117327.383524929,1,0,0,0,2
"932161","Tokyo","Retail","SuperDrugStore","ZoneC","GHP","MUL",61585.6603626998,0,0,0,0,1
"932177","Tokyo","Retail","SuperDrugStore","ZoneC","GHP","MUL",74210.0825772786,0,0,0,0,2
"932609","Tokyo","Retail","SuperDrugStore","ZoneC","AHP","CAV",63979.4044784657,0,0,0,0,1
"932625","Tokyo","Retail","SuperDrugStore","ZoneC","AHP","CAV",43994.6114612065,0,0,0,0,2
"932626","Tokyo","Retail","SuperDrugStore","ZoneC","AHP","CAV",33099.9079712372,1,0,0,0,2
"934913","Nigata","Retail","ConvenienceDrug","ZoneC","EHP","MUL",290576.783897937,0,0,0,0,1
"934914","Nigata","Retail","ConvenienceDrug","ZoneC","EHP","MUL",139450.970579548,1,0,0,0,1
"934929","Nigata","Retail","ConvenienceDrug","ZoneC","EHP","MUL",167343.01926843,0,0,0,0,2
"934930","Nigata","Retail","ConvenienceDrug","ZoneC","EHP","MUL",80309.7416925471,1,0,0,0,2
"934977","Nigata","Retail","ConvenienceDrug","ZoneC","GHP","MUL",60464.8228033891,0,0,0,0,1
"934978","Nigata","Retail","ConvenienceDrug","ZoneC","GHP","MUL",29017.7285079133,1,0,0,0,1
"934993","Nigata","Retail","ConvenienceDrug","ZoneC","GHP","MUL",51532.9549298583,0,0,0,0,2
"937729","Nigata","Retail","ConvenienceStore","ZoneC","EHP","MUL",159006.774083971,0,0,0,0,1
"937730","Nigata","Retail","ConvenienceStore","ZoneC","EHP","MUL",69234.2953598543,1,0,0,0,1
"937745","Nigata","Retail","ConvenienceStore","ZoneC","EHP","MUL",91571.9187968266,0,0,0,0,2
"937746","Nigata","Retail","ConvenienceStore","ZoneC","EHP","MUL",39871.9948201703,1,0,0,0,2
"937793","Nigata","Retail","ConvenienceStore","ZoneC","GHP","MUL",45808.0007241447,0,0,0,0,1
"937809","Nigata","Retail","ConvenienceStore","ZoneC","GHP","MUL",26380.8038790921,0,0,0,0,2
"940545","Nigata","Retail","HomeCenter","ZoneC","EHP","MUL",211048.381185711,0,0,0,0,1
"940546","Nigata","Retail","HomeCenter","ZoneC","EHP","MUL",120394.979793451,1,0,0,0,1
"940561","Nigata","Retail","HomeCenter","ZoneC","EHP","MUL",234888.570967985,0,0,0,0,2
"940562","Nigata","Retail","HomeCenter","ZoneC","EHP","MUL",133994.890633719,1,0,0,0,2
"940565","Nigata","Retail","HomeCenter","ZoneC","EHP","MUL",30502.3539127692,1,0,1,0,2
"940609","Nigata","Retail","HomeCenter","ZoneC","GHP","MUL",49893.3555790233,0,0,0,0,1
"940610","Nigata","Retail","HomeCenter","ZoneC","GHP","MUL",28462.2393359094,1,0,0,0,1
"940625","Nigata","Retail","HomeCenter","ZoneC","GHP","MUL",60120.9764703498,0,0,0,0,2
"940626","Nigata","Retail","HomeCenter","ZoneC","GHP","MUL",34296.7034698124,1,0,0,0,2
"940673","Nigata","Retail","HomeCenter","ZoneC","ABCH","CAV",47859.3069029383,0,0,0,0,1
"940674","Nigata","Retail","HomeCenter","ZoneC","ABCH","CAV",35294.7416859835,1,0,0,0,1
"940689","Nigata","Retail","HomeCenter","ZoneC","ABCH","CAV",57669.9688927825,0,0,0,0,2
"940690","Nigata","Retail","HomeCenter","ZoneC","ABCH","CAV",42529.7980022459,1,0,0,0,2
"941057","Nigata","Retail","HomeCenter","ZoneC","AHP","CAV",69072.4304514373,0,0,0,0,1
"941058","Nigata","Retail","HomeCenter","ZoneC","AHP","CAV",50938.7567051637,1,0,0,0,1
"941061","Nigata","Retail","HomeCenter","ZoneC","AHP","CAV",26440.6545311341,1,0,1,0,1
"941073","Nigata","Retail","HomeCenter","ZoneC","AHP","CAV",83231.5629551818,0,0,0,0,2
"941074","Nigata","Retail","HomeCenter","ZoneC","AHP","CAV",61380.673994747,1,0,0,0,2
"941077","Nigata","Retail","HomeCenter","ZoneC","AHP","CAV",31860.7147280207,1,0,1,0,2
"943361","Nigata","Retail","HousingClothingSuper","ZoneC","EHP","MUL",415635.611093097,0,0,0,0,1
"943362","Nigata","Retail","HousingClothingSuper","ZoneC","EHP","MUL",237104.121423983,1,0,0,0,1
"943365","Nigata","Retail","HousingClothingSuper","ZoneC","EHP","MUL",53973.9522279256,1,0,1,0,1
"943377","Nigata","Retail","HousingClothingSuper","ZoneC","EHP","MUL",500836.604489144,0,0,0,0,2
"943378","Nigata","Retail","HousingClothingSuper","ZoneC","EHP","MUL",285708.009407718,1,0,0,0,2
"943381","Nigata","Retail","HousingClothingSuper","ZoneC","EHP","MUL",65038.0531485277,1,0,1,0,2
"943425","Nigata","Retail","HousingClothingSuper","ZoneC","GHP","MUL",106384.140751461,0,0,0,0,1
"943426","Nigata","Retail","HousingClothingSuper","ZoneC","GHP","MUL",60688.0583691626,1,0,0,0,1
"943441","Nigata","Retail","HousingClothingSuper","ZoneC","GHP","MUL",128191.787237217,0,0,0,0,2
"943442","Nigata","Retail","HousingClothingSuper","ZoneC","GHP","MUL",73128.4814761514,1,0,0,0,2
"943489","Nigata","Retail","HousingClothingSuper","ZoneC","ABCH","CAV",83623.3335143398,0,0,0,0,1
"943490","Nigata","Retail","HousingClothingSuper","ZoneC","ABCH","CAV",61669.5925265949,1,0,0,0,1
"943493","Nigata","Retail","HousingClothingSuper","ZoneC","ABCH","CAV",32010.6829561902,1,0,1,0,1
"943505","Nigata","Retail","HousingClothingSuper","ZoneC","ABCH","CAV",57322.3292164107,0,0,0,0,2
"943506","Nigata","Retail","HousingClothingSuper","ZoneC","ABCH","CAV",41763.5734953471,1,0,0,0,2
"943509","Nigata","Retail","HousingClothingSuper","ZoneC","ABCH","CAV",27487.8299632076,1,0,1,0,2
"943633","Nigata","Retail","HousingClothingSuper","ZoneC","ABCH","FCU",49785.447694923,0,0,0,0,2
"943634","Nigata","Retail","HousingClothingSuper","ZoneC","ABCH","FCU",37289.8312252731,1,0,0,0,2
"943873","Nigata","Retail","HousingClothingSuper","ZoneC","AHP","CAV",76212.7601535132,0,0,0,0,1
"943874","Nigata","Retail","HousingClothingSuper","ZoneC","AHP","CAV",39020.6140893001,1,0,0,0,1
"943889","Nigata","Retail","HousingClothingSuper","ZoneC","AHP","CAV",71921.0039842358,0,0,0,0,2
"943890","Nigata","Retail","HousingClothingSuper","ZoneC","AHP","CAV",36823.2529005776,1,0,0,0,2
"943893","Nigata","Retail","HousingClothingSuper","ZoneC","AHP","CAV",30110.7650124094,1,0,1,0,2
"943938","Nigata","Retail","HousingClothingSuper","ZoneC","AHP","VAV",52685.3005533712,1,0,0,0,1
"943954","Nigata","Retail","HousingClothingSuper","ZoneC","AHP","VAV",63485.24123389,1,0,0,0,2
"944001","Nigata","Retail","HousingClothingSuper","ZoneC","AHP","FCU",50478.0148020202,0,0,0,0,1
"944002","Nigata","Retail","HousingClothingSuper","ZoneC","AHP","FCU",28795.7649234704,1,0,0,0,1
"944017","Nigata","Retail","HousingClothingSuper","ZoneC","AHP","FCU",60825.4847757354,0,0,0,0,2
"944018","Nigata","Retail","HousingClothingSuper","ZoneC","AHP","FCU",34698.5983467817,1,0,0,0,2
"944193","Nigata","Retail","HousingClothingSuper","ZoneC","AHP","OHUFCU",65076.6474180037,0,0,0,0,1
"944209","Nigata","Retail","HousingClothingSuper","ZoneC","AHP","OHUFCU",78416.6858047923,0,0,0,0,2
"946209","Nigata","Retail","LargeDepartment","ZoneC","EHP","MUL",9049.95736940108,0,0,0,0,3
"946341","Nigata","Retail","LargeDepartment","ZoneC","ABCH","CAV",68367.4251620912,1,0,1,0,3
"949025","Nigata","Retail","LargeGeneral","ZoneC","EHP","MUL",22550.5898011397,0,0,0,0,3
"949157","Nigata","Retail","LargeGeneral","ZoneC","ABCH","CAV",85377.3790352519,1,0,1,0,3
"949541","Nigata","Retail","LargeGeneral","ZoneC","AHP","CAV",84979.8610776335,1,0,1,0,3
"951809","Nigata","Retail","LargeGrocery","ZoneC","EHP","MUL",114069.669734112,0,0,0,0,1
"951810","Nigata","Retail","LargeGrocery","ZoneC","EHP","MUL",60440.6111838264,1,0,0,0,1
"951825","Nigata","Retail","LargeGrocery","ZoneC","EHP","MUL",137452.770022716,0,0,0,0,2
"951826","Nigata","Retail","LargeGrocery","ZoneC","EHP","MUL",72830.3101819057,1,0,0,0,2
"951873","Nigata","Retail","LargeGrocery","ZoneC","GHP","MUL",38038.4897033906,0,0,0,0,1
"951889","Nigata","Retail","LargeGrocery","ZoneC","GHP","MUL",45835.9859320964,0,0,0,0,2
"954657","Nigata","Retail","MediumDepartment","ZoneC","EHP","MUL",67429.3897093605,0,0,0,0,3
"954785","Nigata","Retail","MediumDepartment","ZoneC","ABCH","CAV",55064.544525382,0,0,0,0,3
"954789","Nigata","Retail","MediumDepartment","ZoneC","ABCH","CAV",48499.9322529933,1,0,1,0,3
"955169","Nigata","Retail","MediumDepartment","ZoneC","AHP","CAV",45309.0502577688,0,0,0,0,3
"955170","Nigata","Retail","MediumDepartment","ZoneC","AHP","CAV",35026.4476755298,1,0,0,0,3
"955173","Nigata","Retail","MediumDepartment","ZoneC","AHP","CAV",39907.4556393784,1,0,1,0,3
"957473","Nigata","Retail","MediumGeneral","ZoneC","EHP","MUL",87138.9736189298,0,0,0,0,3
"957474","Nigata","Retail","MediumGeneral","ZoneC","EHP","MUL",54447.4934543965,1,0,0,0,3
"957537","Nigata","Retail","MediumGeneral","ZoneC","GHP","MUL",49460.9138882413,0,0,0,0,3
"957601","Nigata","Retail","MediumGeneral","ZoneC","ABCH","CAV",51566.7622085524,0,0,0,0,3
"957605","Nigata","Retail","MediumGeneral","ZoneC","ABCH","CAV",55893.5520148606,1,0,1,0,3
"957729","Nigata","Retail","MediumGeneral","ZoneC","ABCH","FCU",74635.6608893676,0,0,0,0,3
"957925","Nigata","Retail","MediumGeneral","ZoneC","ABCH","OHUFCU",62084.0095739415,1,0,1,0,3
"957985","Nigata","Retail","MediumGeneral","ZoneC","AHP","CAV",44213.1286644335,0,0,0,0,3
"957986","Nigata","Retail","MediumGeneral","ZoneC","AHP","CAV",32630.1647222151,1,0,0,0,3
"957989","Nigata","Retail","MediumGeneral","ZoneC","AHP","CAV",47922.9003510208,1,0,1,0,3
"958113","Nigata","Retail","MediumGeneral","ZoneC","AHP","FCU",49851.9286115739,0,0,0,0,3
"958114","Nigata","Retail","MediumGeneral","ZoneC","AHP","FCU",36803.3858973889,1,0,0,0,3
"958309","Nigata","Retail","MediumGeneral","ZoneC","AHP","OHUFCU",72082.290308677,1,0,1,0,3
"959137","Nigata","Retail","MediumGeneral","ZoneC","COM","CAV",40103.6981758252,0,0,0,0,3
"959138","Nigata","Retail","MediumGeneral","ZoneC","COM","CAV",31002.4173483956,1,0,0,0,3
"959141","Nigata","Retail","MediumGeneral","ZoneC","COM","CAV",35322.668359228,1,0,1,0,3
"960257","Nigata","Retail","MediumGrocery","ZoneC","EHP","MUL",123575.475547489,0,0,0,0,1
"960258","Nigata","Retail","MediumGrocery","ZoneC","EHP","MUL",65477.3287836451,1,0,0,0,1
"960273","Nigata","Retail","MediumGrocery","ZoneC","EHP","MUL",148907.167527263,0,0,0,0,2
"960274","Nigata","Retail","MediumGrocery","ZoneC","EHP","MUL",78899.50269847,1,0,0,0,2
"960321","Nigata","Retail","MediumGrocery","ZoneC","GHP","MUL",41208.3638460741,0,0,0,0,1
"960337","Nigata","Retail","MediumGrocery","ZoneC","GHP","MUL",49655.6514273224,0,0,0,0,2
"963073","Nigata","Retail","SmallGeneral","ZoneC","EHP","MUL",203900.985696529,0,0,0,0,1
"963074","Nigata","Retail","SmallGeneral","ZoneC","EHP","MUL",116317.665716643,1,0,0,0,1
"963077","Nigata","Retail","SmallGeneral","ZoneC","EHP","MUL",26478.342489153,1,0,1,0,1
"963089","Nigata","Retail","SmallGeneral","ZoneC","EHP","MUL",245698.574911969,0,0,0,0,2
"963090","Nigata","Retail","SmallGeneral","ZoneC","EHP","MUL",140161.581887598,1,0,0,0,2
"963093","Nigata","Retail","SmallGeneral","ZoneC","EHP","MUL",31906.1283269053,1,0,1,0,2
"963137","Nigata","Retail","SmallGeneral","ZoneC","GHP","MUL",52189.5395455961,0,0,0,0,1
"963138","Nigata","Retail","SmallGeneral","ZoneC","GHP","MUL",29772.1239258998,1,0,0,0,1
"963153","Nigata","Retail","SmallGeneral","ZoneC","GHP","MUL",62887.8543566702,0,0,0,0,2
"963154","Nigata","Retail","SmallGeneral","ZoneC","GHP","MUL",35875.1008275318,1,0,0,0,2
"963201","Nigata","Retail","SmallGeneral","ZoneC","ABCH","CAV",50061.8802092729,0,0,0,0,1
"963202","Nigata","Retail","SmallGeneral","ZoneC","ABCH","CAV",36919.0705975822,1,0,0,0,1
"963217","Nigata","Retail","SmallGeneral","ZoneC","ABCH","CAV",60324.0469035234,0,0,0,0,2
"963218","Nigata","Retail","SmallGeneral","ZoneC","ABCH","CAV",44487.0975091845,1,0,0,0,2
"963585","Nigata","Retail","SmallGeneral","ZoneC","AHP","CAV",72251.2707097079,0,0,0,0,1
"963586","Nigata","Retail","SmallGeneral","ZoneC","AHP","CAV",53283.0519538226,1,0,0,0,1
"963589","Nigata","Retail","SmallGeneral","ZoneC","AHP","CAV",27657.5020711621,1,0,1,0,1
"963601","Nigata","Retail","SmallGeneral","ZoneC","AHP","CAV",87062.0325267819,0,0,0,0,2
"963602","Nigata","Retail","SmallGeneral","ZoneC","AHP","CAV",64205.5254774448,1,0,0,0,2
"963605","Nigata","Retail","SmallGeneral","ZoneC","AHP","CAV",33327.0034045993,1,0,1,0,2
"965889","Nigata","Retail","SmallGrocery","ZoneC","EHP","MUL",167721.563329666,0,0,0,0,1
"965890","Nigata","Retail","SmallGrocery","ZoneC","EHP","MUL",83846.538638234,1,0,0,0,1
"965905","Nigata","Retail","SmallGrocery","ZoneC","EHP","MUL",96590.7614073736,0,0,0,0,2
"965906","Nigata","Retail","SmallGrocery","ZoneC","EHP","MUL",48287.178152049,1,0,0,0,2
"965953","Nigata","Retail","SmallGrocery","ZoneC","GHP","MUL",52530.6580753546,0,0,0,0,1
"965969","Nigata","Retail","SmallGrocery","ZoneC","GHP","MUL",30252.3787639381,0,0,0,0,2
"968705","Nigata","Retail","SpecialityShop","ZoneC","EHP","MUL",1125626.47252454,0,0,0,0,1
"968706","Nigata","Retail","SpecialityShop","ZoneC","EHP","MUL",490117.204833546,1,0,0,0,1
"968721","Nigata","Retail","SpecialityShop","ZoneC","EHP","MUL",648247.702221426,0,0,0,0,2
"968722","Nigata","Retail","SpecialityShop","ZoneC","EHP","MUL",282258.24428237,1,0,0,0,2
"968769","Nigata","Retail","SpecialityShop","ZoneC","GHP","MUL",225913.322234986,0,0,0,0,1
"968770","Nigata","Retail","SpecialityShop","ZoneC","GHP","MUL",98366.5618490125,1,0,0,0,1
"968785","Nigata","Retail","SpecialityShop","ZoneC","GHP","MUL",130103.365205676,0,0,0,0,2
"968786","Nigata","Retail","SpecialityShop","ZoneC","GHP","MUL",56649.2519947854,1,0,0,0,2
"971521","Nigata","Retail","SuperDrugStore","ZoneC","EHP","MUL",56110.1324545469,0,0,0,0,1
"971522","Nigata","Retail","SuperDrugStore","ZoneC","EHP","MUL",29730.3455604212,1,0,0,0,1
"971537","Nigata","Retail","SuperDrugStore","ZoneC","EHP","MUL",67612.1281861889,0,0,0,0,2
"971538","Nigata","Retail","SuperDrugStore","ZoneC","EHP","MUL",35824.7583300436,1,0,0,0,2
"971585","Nigata","Retail","SuperDrugStore","ZoneC","GHP","MUL",18710.8869570954,0,0,0,0,1
"971601","Nigata","Retail","SuperDrugStore","ZoneC","GHP","MUL",22546.4248983055,0,0,0,0,2
"974337","Nagoya","Retail","ConvenienceDrug","ZoneC","EHP","MUL",687449.816166056,0,0,0,0,1
"974338","Nagoya","Retail","ConvenienceDrug","ZoneC","EHP","MUL",331759.2120316,1,0,0,0,1
"974341","Nagoya","Retail","ConvenienceDrug","ZoneC","EHP","MUL",26574.6494512548,1,0,1,0,1
"974353","Nagoya","Retail","ConvenienceDrug","ZoneC","EHP","MUL",406224.661142549,0,0,0,0,2
"974354","Nagoya","Retail","ConvenienceDrug","ZoneC","EHP","MUL",196041.61688495,1,0,0,0,2
"974401","Nagoya","Retail","ConvenienceDrug","ZoneC","GHP","MUL",143283.889185608,0,0,0,0,1
"974402","Nagoya","Retail","ConvenienceDrug","ZoneC","GHP","MUL",69147.9567747209,1,0,0,0,1
"974417","Nagoya","Retail","ConvenienceDrug","ZoneC","GHP","MUL",82517.1175315393,0,0,0,0,2
"974418","Nagoya","Retail","ConvenienceDrug","ZoneC","GHP","MUL",39822.2724737331,1,0,0,0,2
"977153","Nagoya","Retail","ConvenienceStore","ZoneC","EHP","MUL",537485.10092138,0,0,0,0,1
"977154","Nagoya","Retail","ConvenienceStore","ZoneC","EHP","MUL",233807.822196459,1,0,0,0,1
"977169","Nagoya","Retail","ConvenienceStore","ZoneC","EHP","MUL",309537.391093064,0,0,0,0,2
"977170","Nagoya","Retail","ConvenienceStore","ZoneC","EHP","MUL",134649.803642519,1,0,0,0,2
"977217","Nagoya","Retail","ConvenienceStore","ZoneC","GHP","MUL",104986.017370026,0,0,0,0,1
"977218","Nagoya","Retail","ConvenienceStore","ZoneC","GHP","MUL",45669.2697905239,1,0,0,0,1
"977233","Nagoya","Retail","ConvenienceStore","ZoneC","GHP","MUL",60461.3929991012,0,0,0,0,2
"977234","Nagoya","Retail","ConvenienceStore","ZoneC","GHP","MUL",26300.908806311,1,0,0,0,2
"979969","Nagoya","Retail","HomeCenter","ZoneC","EHP","MUL",574480.180066354,0,0,0,0,1
"979970","Nagoya","Retail","HomeCenter","ZoneC","EHP","MUL",320059.55393157,1,0,0,0,1
"979973","Nagoya","Retail","HomeCenter","ZoneC","EHP","MUL",79410.6044291909,1,0,1,0,1
"979985","Nagoya","Retail","HomeCenter","ZoneC","EHP","MUL",692242.664130863,0,0,0,0,2
"979986","Nagoya","Retail","HomeCenter","ZoneC","EHP","MUL",385668.445982831,1,0,0,0,2
"979989","Nagoya","Retail","HomeCenter","ZoneC","EHP","MUL",95688.955472678,1,0,1,0,2
"980033","Nagoya","Retail","HomeCenter","ZoneC","GHP","MUL",161737.64335343,0,0,0,0,1
"980034","Nagoya","Retail","HomeCenter","ZoneC","GHP","MUL",90108.7274754421,1,0,0,0,1
"980049","Nagoya","Retail","HomeCenter","ZoneC","GHP","MUL",194892.18429136,0,0,0,0,2
"980050","Nagoya","Retail","HomeCenter","ZoneC","GHP","MUL",108580.082887868,1,0,0,0,2
"980097","Nagoya","Retail","HomeCenter","ZoneC","ABCH","CAV",63712.3054177812,0,0,0,0,1
"980098","Nagoya","Retail","HomeCenter","ZoneC","ABCH","CAV",46514.8000339012,1,0,0,0,1
"980101","Nagoya","Retail","HomeCenter","ZoneC","ABCH","CAV",32865.9218187611,1,0,1,0,1
"980113","Nagoya","Retail","HomeCenter","ZoneC","ABCH","CAV",70635.7077974545,0,0,0,0,2
"980114","Nagoya","Retail","HomeCenter","ZoneC","ABCH","CAV",35353.7335731266,1,0,0,0,2
"980178","Nagoya","Retail","HomeCenter","ZoneC","ABCH","VAV",50257.0051384194,1,0,0,0,2
"980225","Nagoya","Retail","HomeCenter","ZoneC","ABCH","FCU",52150.9488002088,0,0,0,0,1
"980226","Nagoya","Retail","HomeCenter","ZoneC","ABCH","FCU",38685.6256609893,1,0,0,0,1
"980241","Nagoya","Retail","HomeCenter","ZoneC","ABCH","FCU",67282.9275249267,0,0,0,0,2
"980433","Nagoya","Retail","HomeCenter","ZoneC","ABCH","OHUFCU",58353.3720393658,0,0,0,0,2
"980481","Nagoya","Retail","HomeCenter","ZoneC","AHP","CAV",71891.3639928369,0,0,0,0,1
"980482","Nagoya","Retail","HomeCenter","ZoneC","AHP","CAV",35982.1994861218,1,0,0,0,1
"980485","Nagoya","Retail","HomeCenter","ZoneC","AHP","CAV",32136.9581784217,1,0,1,0,1
"980497","Nagoya","Retail","HomeCenter","ZoneC","AHP","CAV",86628.3486623594,0,0,0,0,2
"980498","Nagoya","Retail","HomeCenter","ZoneC","AHP","CAV",43358.1775278726,1,0,0,0,2
"980501","Nagoya","Retail","HomeCenter","ZoneC","AHP","CAV",38724.7015970565,1,0,1,0,2
"980546","Nagoya","Retail","HomeCenter","ZoneC","AHP","VAV",66388.7781214481,1,0,0,0,1
"980562","Nagoya","Retail","HomeCenter","ZoneC","AHP","VAV",79997.7897059494,1,0,0,0,2
"980609","Nagoya","Retail","HomeCenter","ZoneC","AHP","FCU",57079.2639380183,0,0,0,0,1
"980610","Nagoya","Retail","HomeCenter","ZoneC","AHP","FCU",31800.511816847,1,0,0,0,1
"980625","Nagoya","Retail","HomeCenter","ZoneC","AHP","FCU",68779.9215814873,0,0,0,0,2
"980626","Nagoya","Retail","HomeCenter","ZoneC","AHP","FCU",38319.2872176664,1,0,0,0,2
"980801","Nagoya","Retail","HomeCenter","ZoneC","AHP","OHUFCU",77083.9618932695,0,0,0,0,1
"980817","Nagoya","Retail","HomeCenter","ZoneC","AHP","OHUFCU",40356.5849647657,0,0,0,0,2
"980818","Nagoya","Retail","HomeCenter","ZoneC","AHP","OHUFCU",26110.5024382224,1,0,0,0,2
"980821","Nagoya","Retail","HomeCenter","ZoneC","AHP","OHUFCU",26418.2879229207,1,0,1,0,2
"982785","Nagoya","Retail","HousingClothingSuper","ZoneC","EHP","MUL",1130488.20705103,0,0,0,0,1
"982786","Nagoya","Retail","HousingClothingSuper","ZoneC","EHP","MUL",629827.736148985,1,0,0,0,1
"982789","Nagoya","Retail","HousingClothingSuper","ZoneC","EHP","MUL",156267.796413142,1,0,1,0,1
"982801","Nagoya","Retail","HousingClothingSuper","ZoneC","EHP","MUL",1362226.5752095,0,0,0,0,2
"982802","Nagoya","Retail","HousingClothingSuper","ZoneC","EHP","MUL",758935.895690826,1,0,0,0,2
"982805","Nagoya","Retail","HousingClothingSuper","ZoneC","EHP","MUL",188301.075407682,1,0,1,0,2
"982849","Nagoya","Retail","HousingClothingSuper","ZoneC","GHP","MUL",292324.30132981,0,0,0,0,1
"982850","Nagoya","Retail","HousingClothingSuper","ZoneC","GHP","MUL",162862.338394635,1,0,0,0,1
"982853","Nagoya","Retail","HousingClothingSuper","ZoneC","GHP","MUL",40408.0945930283,1,0,1,0,1
"982865","Nagoya","Retail","HousingClothingSuper","ZoneC","GHP","MUL",352247.753994521,0,0,0,0,2
"982866","Nagoya","Retail","HousingClothingSuper","ZoneC","GHP","MUL",196247.430161755,1,0,0,0,2
"982869","Nagoya","Retail","HousingClothingSuper","ZoneC","GHP","MUL",48691.3352699114,1,0,1,0,2
"982913","Nagoya","Retail","HousingClothingSuper","ZoneC","ABCH","CAV",83355.1560979116,0,0,0,0,1
"982914","Nagoya","Retail","HousingClothingSuper","ZoneC","ABCH","CAV",41719.9186151305,1,0,0,0,1
"982917","Nagoya","Retail","HousingClothingSuper","ZoneC","ABCH","CAV",37261.5153850928,1,0,1,0,1
"982929","Nagoya","Retail","HousingClothingSuper","ZoneC","ABCH","CAV",96744.7038092313,0,0,0,0,2
"982930","Nagoya","Retail","HousingClothingSuper","ZoneC","ABCH","CAV",48421.493742091,1,0,0,0,2
"982933","Nagoya","Retail","HousingClothingSuper","ZoneC","ABCH","CAV",43246.9260231429,1,0,1,0,2
"982978","Nagoya","Retail","HousingClothingSuper","ZoneC","ABCH","VAV",76975.1282506521,1,0,0,0,1
"982994","Nagoya","Retail","HousingClothingSuper","ZoneC","ABCH","VAV",89339.8360929168,1,0,0,0,2
"983041","Nagoya","Retail","HousingClothingSuper","ZoneC","ABCH","FCU",66181.1195567449,0,0,0,0,1
"983042","Nagoya","Retail","HousingClothingSuper","ZoneC","ABCH","FCU",36871.4193091521,1,0,0,0,1
"983057","Nagoya","Retail","HousingClothingSuper","ZoneC","ABCH","FCU",76811.9587198639,0,0,0,0,2
"983058","Nagoya","Retail","HousingClothingSuper","ZoneC","ABCH","FCU",42794.1678364787,1,0,0,0,2
"983233","Nagoya","Retail","HousingClothingSuper","ZoneC","ABCH","OHUFCU",89375.7653130514,0,0,0,0,1
"983249","Nagoya","Retail","HousingClothingSuper","ZoneC","ABCH","OHUFCU",45069.3787825229,0,0,0,0,2
"983250","Nagoya","Retail","HousingClothingSuper","ZoneC","ABCH","OHUFCU",29159.6557443513,1,0,0,0,2
"983253","Nagoya","Retail","HousingClothingSuper","ZoneC","ABCH","OHUFCU",29503.3840505433,1,0,1,0,2
"983297","Nagoya","Retail","HousingClothingSuper","ZoneC","AHP","CAV",132682.562959362,0,0,0,0,1
"983298","Nagoya","Retail","HousingClothingSuper","ZoneC","AHP","CAV",66408.6780883637,1,0,0,0,1
"983301","Nagoya","Retail","HousingClothingSuper","ZoneC","AHP","CAV",59311.9081348308,1,0,1,0,1
"983313","Nagoya","Retail","HousingClothingSuper","ZoneC","AHP","CAV",153995.695708076,0,0,0,0,2
"983314","Nagoya","Retail","HousingClothingSuper","ZoneC","AHP","CAV",77076.0705489496,1,0,0,0,2
"983317","Nagoya","Retail","HousingClothingSuper","ZoneC","AHP","CAV",68839.3286448215,1,0,1,0,2
"983362","Nagoya","Retail","HousingClothingSuper","ZoneC","AHP","VAV",122527.001070279,1,0,0,0,1
"983377","Nagoya","Retail","HousingClothingSuper","ZoneC","AHP","VAV",36635.7583991027,0,0,0,0,2
"983378","Nagoya","Retail","HousingClothingSuper","ZoneC","AHP","VAV",105573.062051712,1,0,0,0,2
"983425","Nagoya","Retail","HousingClothingSuper","ZoneC","AHP","FCU",105345.379618681,0,0,0,0,1
"983426","Nagoya","Retail","HousingClothingSuper","ZoneC","AHP","FCU",58690.9633777313,1,0,0,0,1
"983441","Nagoya","Retail","HousingClothingSuper","ZoneC","AHP","FCU",122267.272067835,0,0,0,0,2
"983442","Nagoya","Retail","HousingClothingSuper","ZoneC","AHP","FCU",68118.6399745623,1,0,0,0,2
"983617","Nagoya","Retail","HousingClothingSuper","ZoneC","AHP","OHUFCU",61811.3493803555,0,0,0,0,1
"983618","Nagoya","Retail","HousingClothingSuper","ZoneC","AHP","OHUFCU",39991.6244180391,1,0,0,0,1
"983621","Nagoya","Retail","HousingClothingSuper","ZoneC","AHP","OHUFCU",40463.0378477308,1,0,1,0,1
"983633","Nagoya","Retail","HousingClothingSuper","ZoneC","AHP","OHUFCU",71740.2614041922,0,0,0,0,2
"983634","Nagoya","Retail","HousingClothingSuper","ZoneC","AHP","OHUFCU",46415.5793149567,1,0,0,0,2
"983637","Nagoya","Retail","HousingClothingSuper","ZoneC","AHP","OHUFCU",46962.7170657836,1,0,1,0,2
"984449","Nagoya","Retail","HousingClothingSuper","ZoneC","COM","CAV",74117.6824279609,0,0,0,0,1
"984465","Nagoya","Retail","HousingClothingSuper","ZoneC","COM","CAV",49580.3308568469,0,0,0,0,2
"984466","Nagoya","Retail","HousingClothingSuper","ZoneC","COM","CAV",36443.0607267171,1,0,0,0,2
"984849","Nagoya","Retail","HousingClothingSuper","ZoneC","AHP+TESICE","CAV",52922.0583275891,0,0,0,0,2
"985633","Nagoya","Retail","LargeDepartment","ZoneC","EHP","MUL",22412.3209728918,0,0,0,0,3
"985761","Nagoya","Retail","LargeDepartment","ZoneC","ABCH","CAV",53130.3782344841,0,0,0,0,3
"985762","Nagoya","Retail","LargeDepartment","ZoneC","ABCH","CAV",44431.5916650283,1,0,0,0,3
"985765","Nagoya","Retail","LargeDepartment","ZoneC","ABCH","CAV",69864.2935759744,1,0,1,0,3
"988449","Nagoya","Retail","LargeGeneral","ZoneC","EHP","MUL",50557.0641386722,0,0,0,0,3
"988513","Nagoya","Retail","LargeGeneral","ZoneC","GHP","MUL",21152.1055266598,0,0,0,0,3
"988577","Nagoya","Retail","LargeGeneral","ZoneC","ABCH","CAV",56509.6216280484,0,0,0,0,3
"988578","Nagoya","Retail","LargeGeneral","ZoneC","ABCH","CAV",47257.5674549416,1,0,0,0,3
"988581","Nagoya","Retail","LargeGeneral","ZoneC","ABCH","CAV",74307.8616505456,1,0,1,0,3
"988961","Nagoya","Retail","LargeGeneral","ZoneC","AHP","CAV",49136.1089114704,0,0,0,0,3
"988962","Nagoya","Retail","LargeGeneral","ZoneC","AHP","CAV",41091.2852441509,1,0,0,0,3
"988965","Nagoya","Retail","LargeGeneral","ZoneC","AHP","CAV",64611.9913361341,1,0,1,0,3
"990113","Nagoya","Retail","LargeGeneral","ZoneC","COM","CAV",51780.5130012165,0,0,0,0,3
"990117","Nagoya","Retail","LargeGeneral","ZoneC","COM","CAV",68089.2755151431,1,0,1,0,3
"990501","Nagoya","Retail","LargeGeneral","ZoneC","AHP+TESICE","CAV",82903.1923945644,1,0,1,0,3
"991233","Nagoya","Retail","LargeGrocery","ZoneC","EHP","MUL",293655.843646117,0,0,0,0,1
"991234","Nagoya","Retail","LargeGrocery","ZoneC","EHP","MUL",155309.845200269,1,0,0,0,1
"991249","Nagoya","Retail","LargeGrocery","ZoneC","EHP","MUL",334896.605434596,0,0,0,0,2
"991250","Nagoya","Retail","LargeGrocery","ZoneC","EHP","MUL",177121.419762461,1,0,0,0,2
"991253","Nagoya","Retail","LargeGrocery","ZoneC","EHP","MUL",28980.9776135788,1,0,1,0,2
"991297","Nagoya","Retail","LargeGrocery","ZoneC","GHP","MUL",64959.0345354984,0,0,0,0,1
"991298","Nagoya","Retail","LargeGrocery","ZoneC","GHP","MUL",34355.7869402563,1,0,0,0,1
"991313","Nagoya","Retail","LargeGrocery","ZoneC","GHP","MUL",78274.9635000956,0,0,0,0,2
"991314","Nagoya","Retail","LargeGrocery","ZoneC","GHP","MUL",41398.3672632337,1,0,0,0,2
"991745","Nagoya","Retail","LargeGrocery","ZoneC","AHP","CAV",61236.2630623789,0,0,0,0,1
"991746","Nagoya","Retail","LargeGrocery","ZoneC","AHP","CAV",43132.8284416592,1,0,0,0,1
"991761","Nagoya","Retail","LargeGrocery","ZoneC","AHP","CAV",73789.0624508984,0,0,0,0,2
"991762","Nagoya","Retail","LargeGrocery","ZoneC","AHP","CAV",51974.6113234141,1,0,0,0,2
"994081","Nagoya","Retail","MediumDepartment","ZoneC","EHP","MUL",76191.7616217138,0,0,0,0,3
"994082","Nagoya","Retail","MediumDepartment","ZoneC","EHP","MUL",46685.6720442654,1,0,0,0,3
"994145","Nagoya","Retail","MediumDepartment","ZoneC","GHP","MUL",41516.508551107,0,0,0,0,3
"994209","Nagoya","Retail","MediumDepartment","ZoneC","ABCH","CAV",76880.4443619231,0,0,0,0,3
"994210","Nagoya","Retail","MediumDepartment","ZoneC","ABCH","CAV",59742.0128478211,1,0,0,0,3
"994213","Nagoya","Retail","MediumDepartment","ZoneC","ABCH","CAV",70516.5434575327,1,0,1,0,3
"994593","Nagoya","Retail","MediumDepartment","ZoneC","AHP","CAV",71389.6599553515,0,0,0,0,3
"994594","Nagoya","Retail","MediumDepartment","ZoneC","AHP","CAV",55475.2514459517,1,0,0,0,3
"994597","Nagoya","Retail","MediumDepartment","ZoneC","AHP","CAV",65480.2674521651,1,0,1,0,3
"995745","Nagoya","Retail","MediumDepartment","ZoneC","COM","CAV",49761.509729619,0,0,0,0,3
"995749","Nagoya","Retail","MediumDepartment","ZoneC","COM","CAV",45642.4217170503,1,0,1,0,3
"996129","Nagoya","Retail","MediumDepartment","ZoneC","AHP+TESICE","CAV",54872.6214900554,0,0,0,0,3
"996897","Nagoya","Retail","MediumGeneral","ZoneC","EHP","MUL",219948.438821532,0,0,0,0,3
"996898","Nagoya","Retail","MediumGeneral","ZoneC","EHP","MUL",134771.010184175,1,0,0,0,3
"996901","Nagoya","Retail","MediumGeneral","ZoneC","EHP","MUL",75757.4498977496,1,0,1,0,3
"996961","Nagoya","Retail","MediumGeneral","ZoneC","GHP","MUL",90185.023701972,0,0,0,0,3
"996962","Nagoya","Retail","MediumGeneral","ZoneC","GHP","MUL",55259.890967722,1,0,0,0,3
"997025","Nagoya","Retail","MediumGeneral","ZoneC","ABCH","CAV",100954.387725845,0,0,0,0,3
"997026","Nagoya","Retail","MediumGeneral","ZoneC","ABCH","CAV",55976.4974954226,1,0,0,0,3
"997029","Nagoya","Retail","MediumGeneral","ZoneC","ABCH","CAV",107952.032273899,1,0,1,0,3
"997090","Nagoya","Retail","MediumGeneral","ZoneC","ABCH","VAV",119223.542352367,1,0,0,0,3
"997153","Nagoya","Retail","MediumGeneral","ZoneC","ABCH","FCU",84136.050636624,0,0,0,0,3
"997154","Nagoya","Retail","MediumGeneral","ZoneC","ABCH","FCU",51553.448608041,1,0,0,0,3
"997157","Nagoya","Retail","MediumGeneral","ZoneC","ABCH","FCU",28979.2129230361,1,0,1,0,3
"997345","Nagoya","Retail","MediumGeneral","ZoneC","ABCH","OHUFCU",45921.1360431614,0,0,0,0,3
"997346","Nagoya","Retail","MediumGeneral","ZoneC","ABCH","OHUFCU",32931.3199722423,1,0,0,0,3
"997349","Nagoya","Retail","MediumGeneral","ZoneC","ABCH","OHUFCU",67272.4140068434,1,0,1,0,3
"997409","Nagoya","Retail","MediumGeneral","ZoneC","AHP","CAV",93744.2475855185,0,0,0,0,3
"997410","Nagoya","Retail","MediumGeneral","ZoneC","AHP","CAV",51978.6683708217,1,0,0,0,3
"997413","Nagoya","Retail","MediumGeneral","ZoneC","AHP","CAV",100242.121900894,1,0,1,0,3
"997474","Nagoya","Retail","MediumGeneral","ZoneC","AHP","VAV",110708.623211644,1,0,0,0,3
"997537","Nagoya","Retail","MediumGeneral","ZoneC","AHP","FCU",94812.6750685291,0,0,0,0,3
"997538","Nagoya","Retail","MediumGeneral","ZoneC","AHP","FCU",58095.4339376683,1,0,0,0,3
"997729","Nagoya","Retail","MediumGeneral","ZoneC","AHP","OHUFCU",42641.4586192008,0,0,0,0,3
"997730","Nagoya","Retail","MediumGeneral","ZoneC","AHP","OHUFCU",30579.372351594,1,0,0,0,3
"997733","Nagoya","Retail","MediumGeneral","ZoneC","AHP","OHUFCU",62467.8330124579,1,0,1,0,3
"998561","Nagoya","Retail","MediumGeneral","ZoneC","COM","CAV",58956.5088686464,0,0,0,0,3
"998565","Nagoya","Retail","MediumGeneral","ZoneC","COM","CAV",63043.0741200482,1,0,1,0,3
"998626","Nagoya","Retail","MediumGeneral","ZoneC","COM","VAV",54911.8930996715,1,0,0,0,3
"998689","Nagoya","Retail","MediumGeneral","ZoneC","COM","FCU",75842.9966179734,0,0,0,0,3
"998885","Nagoya","Retail","MediumGeneral","ZoneC","COM","OHUFCU",67302.0871846768,1,0,1,0,3
"998945","Nagoya","Retail","MediumGeneral","ZoneC","AHP+TESICE","CAV",68323.5113827752,0,0,0,0,3
"998946","Nagoya","Retail","MediumGeneral","ZoneC","AHP+TESICE","CAV",53092.6183988033,1,0,0,0,3
"998949","Nagoya","Retail","MediumGeneral","ZoneC","AHP+TESICE","CAV",62667.924198171,1,0,1,0,3
"999329","Nagoya","Retail","MediumGeneral","ZoneC","COM+TESICE","CAV",81667.4089862989,0,0,0,0,3
"999681","Nagoya","Retail","MediumGrocery","ZoneC","EHP","MUL",301085.291171998,0,0,0,0,1
"999682","Nagoya","Retail","MediumGrocery","ZoneC","EHP","MUL",159239.160315682,1,0,0,0,1
"999685","Nagoya","Retail","MediumGrocery","ZoneC","EHP","MUL",26055.0448754477,1,0,1,0,1
"999697","Nagoya","Retail","MediumGrocery","ZoneC","EHP","MUL",362804.655971677,0,0,0,0,2
"999698","Nagoya","Retail","MediumGrocery","ZoneC","EHP","MUL",191881.538120529,1,0,0,0,2
"999701","Nagoya","Retail","MediumGrocery","ZoneC","EHP","MUL",31396.0590886633,1,0,1,0,2
"999745","Nagoya","Retail","MediumGrocery","ZoneC","GHP","MUL",70372.2874297881,0,0,0,0,1
"999746","Nagoya","Retail","MediumGrocery","ZoneC","GHP","MUL",37218.7691939152,1,0,0,0,1
"999761","Nagoya","Retail","MediumGrocery","ZoneC","GHP","MUL",84797.8771447828,0,0,0,0,2
"999762","Nagoya","Retail","MediumGrocery","ZoneC","GHP","MUL",44848.2312122446,1,0,0,0,2
"1000193","Nagoya","Retail","MediumGrocery","ZoneC","AHP","CAV",66339.2849996393,0,0,0,0,1
"1000194","Nagoya","Retail","MediumGrocery","ZoneC","AHP","CAV",46727.2308226416,1,0,0,0,1
"1000209","Nagoya","Retail","MediumGrocery","ZoneC","AHP","CAV",79938.1510070248,0,0,0,0,2
"1000210","Nagoya","Retail","MediumGrocery","ZoneC","AHP","CAV",56305.8289467657,1,0,0,0,2
"1002497","Nagoya","Retail","SmallGeneral","ZoneC","EHP","MUL",631865.684688852,0,0,0,0,1
"1002498","Nagoya","Retail","SmallGeneral","ZoneC","EHP","MUL",352030.681307094,1,0,0,0,1
"1002501","Nagoya","Retail","SmallGeneral","ZoneC","EHP","MUL",87343.0236242629,1,0,1,0,1
"1002513","Nagoya","Retail","SmallGeneral","ZoneC","EHP","MUL",761391.602563837,0,0,0,0,2
"1002514","Nagoya","Retail","SmallGeneral","ZoneC","EHP","MUL",424193.323180758,1,0,0,0,2
"1002517","Nagoya","Retail","SmallGeneral","ZoneC","EHP","MUL",105247.438405832,1,0,1,0,2
"1002561","Nagoya","Retail","SmallGeneral","ZoneC","GHP","MUL",177893.80783454,0,0,0,0,1
"1002562","Nagoya","Retail","SmallGeneral","ZoneC","GHP","MUL",99109.7948342361,1,0,0,0,1
"1002577","Nagoya","Retail","SmallGeneral","ZoneC","GHP","MUL",196882.432624804,0,0,0,0,2
"1002578","Nagoya","Retail","SmallGeneral","ZoneC","GHP","MUL",109688.907902061,1,0,0,0,2
"1002581","Nagoya","Retail","SmallGeneral","ZoneC","GHP","MUL",27215.130336471,1,0,1,0,2
"1002625","Nagoya","Retail","SmallGeneral","ZoneC","ABCH","CAV",69502.1263189548,0,0,0,0,1
"1002626","Nagoya","Retail","SmallGeneral","ZoneC","ABCH","CAV",48234.2550291014,1,0,0,0,1
"1002641","Nagoya","Retail","SmallGeneral","ZoneC","ABCH","CAV",77691.5921899432,0,0,0,0,2
"1002642","Nagoya","Retail","SmallGeneral","ZoneC","ABCH","CAV",38885.2598324815,1,0,0,0,2
"1002706","Nagoya","Retail","SmallGeneral","ZoneC","ABCH","VAV",55277.2368204777,1,0,0,0,2
"1002753","Nagoya","Retail","SmallGeneral","ZoneC","ABCH","FCU",43588.7397931045,0,0,0,0,1
"1002754","Nagoya","Retail","SmallGeneral","ZoneC","ABCH","FCU",31151.2372352786,1,0,0,0,1
"1002769","Nagoya","Retail","SmallGeneral","ZoneC","ABCH","FCU",74003.8987306712,0,0,0,0,2
"1002945","Nagoya","Retail","SmallGeneral","ZoneC","ABCH","OHUFCU",64820.747939886,0,0,0,0,1
"1002961","Nagoya","Retail","SmallGeneral","ZoneC","ABCH","OHUFCU",64182.3593867042,0,0,0,0,2
"1003009","Nagoya","Retail","SmallGeneral","ZoneC","AHP","CAV",79072.6773677424,0,0,0,0,1
"1003010","Nagoya","Retail","SmallGeneral","ZoneC","AHP","CAV",39576.5039488102,1,0,0,0,1
"1003013","Nagoya","Retail","SmallGeneral","ZoneC","AHP","CAV",35347.1569391307,1,0,1,0,1
"1003025","Nagoya","Retail","SmallGeneral","ZoneC","AHP","CAV",95281.756865283,0,0,0,0,2
"1003026","Nagoya","Retail","SmallGeneral","ZoneC","AHP","CAV",47689.2771606946,1,0,0,0,2
"1003029","Nagoya","Retail","SmallGeneral","ZoneC","AHP","CAV",42592.9578391535,1,0,1,0,2
"1003074","Nagoya","Retail","SmallGeneral","ZoneC","AHP","VAV",73020.431685772,1,0,0,0,1
"1003090","Nagoya","Retail","SmallGeneral","ZoneC","AHP","VAV",87988.8635327787,1,0,0,0,2
"1003137","Nagoya","Retail","SmallGeneral","ZoneC","AHP","FCU",62780.9791202299,0,0,0,0,1
"1003138","Nagoya","Retail","SmallGeneral","ZoneC","AHP","FCU",34977.1025525844,1,0,0,0,1
"1003153","Nagoya","Retail","SmallGeneral","ZoneC","AHP","FCU",75650.4292940312,0,0,0,0,2
"1003154","Nagoya","Retail","SmallGeneral","ZoneC","AHP","FCU",42147.0461379241,1,0,0,0,2
"1003329","Nagoya","Retail","SmallGeneral","ZoneC","AHP","OHUFCU",84783.9700137163,0,0,0,0,1
"1003345","Nagoya","Retail","SmallGeneral","ZoneC","AHP","OHUFCU",44387.851966486,0,0,0,0,2
"1003346","Nagoya","Retail","SmallGeneral","ZoneC","AHP","OHUFCU",28718.7114075751,1,0,0,0,2
"1003349","Nagoya","Retail","SmallGeneral","ZoneC","AHP","OHUFCU",29057.2419483567,1,0,1,0,2
"1005313","Nagoya","Retail","SmallGrocery","ZoneC","EHP","MUL",478280.608334886,0,0,0,0,1
"1005314","Nagoya","Retail","SmallGrocery","ZoneC","EHP","MUL",243095.513024705,1,0,0,0,1
"1005329","Nagoya","Retail","SmallGrocery","ZoneC","EHP","MUL",294780.984794259,0,0,0,0,2
"1005330","Nagoya","Retail","SmallGrocery","ZoneC","EHP","MUL",149828.22527129,1,0,0,0,2
"1005377","Nagoya","Retail","SmallGrocery","ZoneC","GHP","MUL",100197.775493064,0,0,0,0,1
"1005378","Nagoya","Retail","SmallGrocery","ZoneC","GHP","MUL",50927.4873639986,1,0,0,0,1
"1005393","Nagoya","Retail","SmallGrocery","ZoneC","GHP","MUL",61755.3762776816,0,0,0,0,2
"1005394","Nagoya","Retail","SmallGrocery","ZoneC","GHP","MUL",31388.3829213189,1,0,0,0,2
"1005825","Nagoya","Retail","SmallGrocery","ZoneC","AHP","CAV",61260.4722597648,0,0,0,0,1
"1008129","Nagoya","Retail","SpecialityShop","ZoneC","EHP","MUL",3288677.86649589,0,0,0,0,1
"1008130","Nagoya","Retail","SpecialityShop","ZoneC","EHP","MUL",1430585.90564275,1,0,0,0,1
"1008133","Nagoya","Retail","SpecialityShop","ZoneC","EHP","MUL",55558.1808544681,1,0,1,0,1
"1008145","Nagoya","Retail","SpecialityShop","ZoneC","EHP","MUL",1893947.87910511,0,0,0,0,2
"1008146","Nagoya","Retail","SpecialityShop","ZoneC","EHP","MUL",823873.681722651,1,0,0,0,2
"1008149","Nagoya","Retail","SpecialityShop","ZoneC","EHP","MUL",31995.9275635516,1,0,1,0,2
"1008193","Nagoya","Retail","SpecialityShop","ZoneC","GHP","MUL",649934.059383466,0,0,0,0,1
"1008194","Nagoya","Retail","SpecialityShop","ZoneC","GHP","MUL",282723.496400657,1,0,0,0,1
"1008209","Nagoya","Retail","SpecialityShop","ZoneC","GHP","MUL",374296.687999749,0,0,0,0,2
"1008210","Nagoya","Retail","SpecialityShop","ZoneC","GHP","MUL",162820.315068361,1,0,0,0,2
"1010945","Nagoya","Retail","SuperDrugStore","ZoneC","EHP","MUL",135620.836335464,0,0,0,0,1
"1010946","Nagoya","Retail","SuperDrugStore","ZoneC","EHP","MUL",71727.6756207692,1,0,0,0,1
"1010961","Nagoya","Retail","SuperDrugStore","ZoneC","EHP","MUL",163421.702460951,0,0,0,0,2
"1010962","Nagoya","Retail","SuperDrugStore","ZoneC","EHP","MUL",86431.1058701814,1,0,0,0,2
"1011009","Nagoya","Retail","SuperDrugStore","ZoneC","GHP","MUL",45867.1585820058,0,0,0,0,1
"1011025","Nagoya","Retail","SuperDrugStore","ZoneC","GHP","MUL",55269.4508089961,0,0,0,0,2
"1013761","Osaka","Retail","ConvenienceDrug","ZoneC","EHP","MUL",523015.093168191,0,0,0,0,1
"1013762","Osaka","Retail","ConvenienceDrug","ZoneC","EHP","MUL",253140.068583656,1,0,0,0,1
"1013777","Osaka","Retail","ConvenienceDrug","ZoneC","EHP","MUL",301204.121126436,0,0,0,0,2
"1013778","Osaka","Retail","ConvenienceDrug","ZoneC","EHP","MUL",145783.234318835,1,0,0,0,2
"1013825","Osaka","Retail","ConvenienceDrug","ZoneC","GHP","MUL",106288.858783136,0,0,0,0,1
"1013826","Osaka","Retail","ConvenienceDrug","ZoneC","GHP","MUL",51443.9628100545,1,0,0,0,1
"1013841","Osaka","Retail","ConvenienceDrug","ZoneC","GHP","MUL",61211.6986937719,0,0,0,0,2
"1013842","Osaka","Retail","ConvenienceDrug","ZoneC","GHP","MUL",29626.5515237828,1,0,0,0,2
"1016577","Osaka","Retail","ConvenienceStore","ZoneC","EHP","MUL",441947.182884328,0,0,0,0,1
"1016578","Osaka","Retail","ConvenienceStore","ZoneC","EHP","MUL",193151.80102202,1,0,0,0,1
"1016593","Osaka","Retail","ConvenienceStore","ZoneC","EHP","MUL",254517.15360377,0,0,0,0,2
"1016594","Osaka","Retail","ConvenienceStore","ZoneC","EHP","MUL",111236.022116319,1,0,0,0,2
"1016641","Osaka","Retail","ConvenienceStore","ZoneC","GHP","MUL",85853.5490948671,0,0,0,0,1
"1016642","Osaka","Retail","ConvenienceStore","ZoneC","GHP","MUL",37522.0575535295,1,0,0,0,1
"1016657","Osaka","Retail","ConvenienceStore","ZoneC","GHP","MUL",71051.9479349345,0,0,0,0,2
"1019393","Osaka","Retail","HomeCenter","ZoneC","EHP","MUL",431011.94358784,0,0,0,0,1
"1019394","Osaka","Retail","HomeCenter","ZoneC","EHP","MUL",242448.813515744,1,0,0,0,1
"1019397","Osaka","Retail","HomeCenter","ZoneC","EHP","MUL",58738.0194854641,1,0,1,0,1
"1019409","Osaka","Retail","HomeCenter","ZoneC","EHP","MUL",519364.925813468,0,0,0,0,2
"1019410","Osaka","Retail","HomeCenter","ZoneC","EHP","MUL",292148.307995797,1,0,0,0,2
"1019413","Osaka","Retail","HomeCenter","ZoneC","EHP","MUL",70778.7048278879,1,0,1,0,2
"1019457","Osaka","Retail","HomeCenter","ZoneC","GHP","MUL",117436.784120028,0,0,0,0,1
"1019458","Osaka","Retail","HomeCenter","ZoneC","GHP","MUL",66059.4431235355,1,0,0,0,1
"1019473","Osaka","Retail","HomeCenter","ZoneC","GHP","MUL",141510.107967206,0,0,0,0,2
"1019474","Osaka","Retail","HomeCenter","ZoneC","GHP","MUL",79600.9444460832,1,0,0,0,2
"1019521","Osaka","Retail","HomeCenter","ZoneC","ABCH","CAV",85307.5706128218,0,0,0,0,1
"1019522","Osaka","Retail","HomeCenter","ZoneC","ABCH","CAV",65241.4889603527,1,0,0,0,1
"1019525","Osaka","Retail","HomeCenter","ZoneC","ABCH","CAV",35426.9213390622,1,0,1,0,1
"1019537","Osaka","Retail","HomeCenter","ZoneC","ABCH","CAV",102794.738618712,0,0,0,0,2
"1019538","Osaka","Retail","HomeCenter","ZoneC","ABCH","CAV",78615.3181552106,1,0,0,0,2
"1019541","Osaka","Retail","HomeCenter","ZoneC","ABCH","CAV",42689.0731145406,1,0,1,0,2
"1019905","Osaka","Retail","HomeCenter","ZoneC","AHP","CAV",76194.7538100579,0,0,0,0,1
"1019906","Osaka","Retail","HomeCenter","ZoneC","AHP","CAV",38497.1638615912,1,0,0,0,1
"1019921","Osaka","Retail","HomeCenter","ZoneC","AHP","CAV",71049.4418374209,0,0,0,0,2
"1019922","Osaka","Retail","HomeCenter","ZoneC","AHP","CAV",35897.5108904248,1,0,0,0,2
"1019925","Osaka","Retail","HomeCenter","ZoneC","AHP","CAV",31255.6196117779,1,0,1,0,2
"1019970","Osaka","Retail","HomeCenter","ZoneC","AHP","VAV",57900.8927779802,1,0,0,0,1
"1019986","Osaka","Retail","HomeCenter","ZoneC","AHP","VAV",69769.9758198012,1,0,0,0,2
"1020033","Osaka","Retail","HomeCenter","ZoneC","AHP","FCU",65534.8576002326,0,0,0,0,1
"1020049","Osaka","Retail","HomeCenter","ZoneC","AHP","FCU",50539.7027172377,0,0,0,0,2
"1020050","Osaka","Retail","HomeCenter","ZoneC","AHP","FCU",28429.1216090987,1,0,0,0,2
"1020225","Osaka","Retail","HomeCenter","ZoneC","AHP","OHUFCU",59334.9292076865,0,0,0,0,1
"1020241","Osaka","Retail","HomeCenter","ZoneC","AHP","OHUFCU",71497.9748578986,0,0,0,0,2
"1022209","Osaka","Retail","HousingClothingSuper","ZoneC","EHP","MUL",854523.516067703,0,0,0,0,1
"1022210","Osaka","Retail","HousingClothingSuper","ZoneC","EHP","MUL",480678.588317803,1,0,0,0,1
"1022213","Osaka","Retail","HousingClothingSuper","ZoneC","EHP","MUL",116453.893411292,1,0,1,0,1
"1022225","Osaka","Retail","HousingClothingSuper","ZoneC","EHP","MUL",1029691.98216178,0,0,0,0,2
"1022226","Osaka","Retail","HousingClothingSuper","ZoneC","EHP","MUL",579212.718059912,1,0,0,0,2
"1022229","Osaka","Retail","HousingClothingSuper","ZoneC","EHP","MUL",140325.734848038,1,0,1,0,2
"1022273","Osaka","Retail","HousingClothingSuper","ZoneC","GHP","MUL",214152.012134998,0,0,0,0,1
"1022274","Osaka","Retail","HousingClothingSuper","ZoneC","GHP","MUL",120462.790014443,1,0,0,0,1
"1022277","Osaka","Retail","HousingClothingSuper","ZoneC","GHP","MUL",29184.4930257095,1,0,1,0,1
"1022289","Osaka","Retail","HousingClothingSuper","ZoneC","GHP","MUL",258050.955547664,0,0,0,0,2
"1022290","Osaka","Retail","HousingClothingSuper","ZoneC","GHP","MUL",145156.413714054,1,0,0,0,2
"1022293","Osaka","Retail","HousingClothingSuper","ZoneC","GHP","MUL",35167.0116819215,1,0,1,0,2
"1022337","Osaka","Retail","HousingClothingSuper","ZoneC","ABCH","CAV",67229.3574361139,0,0,0,0,1
"1022338","Osaka","Retail","HousingClothingSuper","ZoneC","ABCH","CAV",33967.4250536907,1,0,0,0,1
"1022341","Osaka","Retail","HousingClothingSuper","ZoneC","ABCH","CAV",29575.1123221449,1,0,1,0,1
"1022353","Osaka","Retail","HousingClothingSuper","ZoneC","ABCH","CAV",77046.685003467,0,0,0,0,2
"1022354","Osaka","Retail","HousingClothingSuper","ZoneC","ABCH","CAV",38927.5994639325,1,0,0,0,2
"1022357","Osaka","Retail","HousingClothingSuper","ZoneC","ABCH","CAV",33893.8887701226,1,0,1,0,2
"1022402","Osaka","Retail","HousingClothingSuper","ZoneC","ABCH","VAV",66018.6839107293,1,0,0,0,1
"1022418","Osaka","Retail","HousingClothingSuper","ZoneC","ABCH","VAV",75659.2199835762,1,0,0,0,2
"1022465","Osaka","Retail","HousingClothingSuper","ZoneC","ABCH","FCU",74722.9419351855,0,0,0,0,1
"1022481","Osaka","Retail","HousingClothingSuper","ZoneC","ABCH","FCU",54805.7304142394,0,0,0,0,2
"1022482","Osaka","Retail","HousingClothingSuper","ZoneC","ABCH","FCU",30828.8076710525,1,0,0,0,2
"1022657","Osaka","Retail","HousingClothingSuper","ZoneC","ABCH","OHUFCU",67653.77437699,0,0,0,0,1
"1022673","Osaka","Retail","HousingClothingSuper","ZoneC","ABCH","OHUFCU",77533.078442299,0,0,0,0,2
"1022721","Osaka","Retail","HousingClothingSuper","ZoneC","AHP","CAV",107531.193957459,0,0,0,0,1
"1022722","Osaka","Retail","HousingClothingSuper","ZoneC","AHP","CAV",54329.8033921386,1,0,0,0,1
"1022725","Osaka","Retail","HousingClothingSuper","ZoneC","AHP","CAV",47304.4405109526,1,0,1,0,1
"1022737","Osaka","Retail","HousingClothingSuper","ZoneC","AHP","CAV",123233.693505995,0,0,0,0,2
"1022738","Osaka","Retail","HousingClothingSuper","ZoneC","AHP","CAV",62263.4427561231,1,0,0,0,2
"1022741","Osaka","Retail","HousingClothingSuper","ZoneC","AHP","CAV",54212.1844727732,1,0,1,0,2
"1022786","Osaka","Retail","HousingClothingSuper","ZoneC","AHP","VAV",105594.760609855,1,0,0,0,1
"1022802","Osaka","Retail","HousingClothingSuper","ZoneC","AHP","VAV",121014.487851608,1,0,0,0,2
"1022849","Osaka","Retail","HousingClothingSuper","ZoneC","AHP","FCU",76490.3204711353,0,0,0,0,1
"1022850","Osaka","Retail","HousingClothingSuper","ZoneC","AHP","FCU",43026.6207690049,1,0,0,0,1
"1022865","Osaka","Retail","HousingClothingSuper","ZoneC","AHP","FCU",87660.0022951889,0,0,0,0,2
"1022866","Osaka","Retail","HousingClothingSuper","ZoneC","AHP","FCU",49309.6858809541,1,0,0,0,2
"1023041","Osaka","Retail","HousingClothingSuper","ZoneC","AHP","OHUFCU",47139.0771215826,0,0,0,0,1
"1023042","Osaka","Retail","HousingClothingSuper","ZoneC","AHP","OHUFCU",30783.2459407765,1,0,0,0,1
"1023045","Osaka","Retail","HousingClothingSuper","ZoneC","AHP","OHUFCU",30287.7121354252,1,0,1,0,1
"1023057","Osaka","Retail","HousingClothingSuper","ZoneC","AHP","OHUFCU",54022.6734993267,0,0,0,0,2
"1023058","Osaka","Retail","HousingClothingSuper","ZoneC","AHP","OHUFCU",35278.4429873077,1,0,0,0,2
"1023061","Osaka","Retail","HousingClothingSuper","ZoneC","AHP","OHUFCU",34710.5476739281,1,0,1,0,2
"1023873","Osaka","Retail","HousingClothingSuper","ZoneC","COM","CAV",76809.9990030769,0,0,0,0,1
"1023889","Osaka","Retail","HousingClothingSuper","ZoneC","COM","CAV",49879.5221220838,0,0,0,0,2
"1023890","Osaka","Retail","HousingClothingSuper","ZoneC","COM","CAV",38146.8405265604,1,0,0,0,2
"1024273","Osaka","Retail","HousingClothingSuper","ZoneC","AHP+TESICE","CAV",56513.220008289,0,0,0,0,2
"1025057","Osaka","Retail","LargeDepartment","ZoneC","EHP","MUL",34459.6448223934,0,0,0,0,3
"1025189","Osaka","Retail","LargeDepartment","ZoneC","ABCH","CAV",112056.021175823,1,0,1,0,3
"1025573","Osaka","Retail","LargeDepartment","ZoneC","AHP","CAV",77307.7684050123,1,0,1,0,3
"1026725","Osaka","Retail","LargeDepartment","ZoneC","COM","CAV",136916.953587577,1,0,1,0,3
"1027109","Osaka","Retail","LargeDepartment","ZoneC","AHP+TESICE","CAV",63629.4457363008,1,0,1,0,3
"1027873","Osaka","Retail","LargeGeneral","ZoneC","EHP","MUL",57881.8389129551,0,0,0,0,3
"1028001","Osaka","Retail","LargeGeneral","ZoneC","ABCH","CAV",68007.1414240078,0,0,0,0,3
"1028005","Osaka","Retail","LargeGeneral","ZoneC","ABCH","CAV",100774.238710126,1,0,1,0,3
"1028389","Osaka","Retail","LargeGeneral","ZoneC","AHP","CAV",116442.755235925,1,0,1,0,3
"1029537","Osaka","Retail","LargeGeneral","ZoneC","COM","CAV",61539.1837331588,0,0,0,0,3
"1029538","Osaka","Retail","LargeGeneral","ZoneC","COM","CAV",53498.4103730908,1,0,0,0,3
"1029541","Osaka","Retail","LargeGeneral","ZoneC","COM","CAV",91189.8994972658,1,0,1,0,3
"1029925","Osaka","Retail","LargeGeneral","ZoneC","AHP+TESICE","CAV",95840.1481317273,1,0,1,0,3
"1030309","Osaka","Retail","LargeGeneral","ZoneC","COM+TESICE","CAV",67640.0674050727,1,0,1,0,3
"1030657","Osaka","Retail","LargeGrocery","ZoneC","EHP","MUL",318505.774035817,0,0,0,0,1
"1030658","Osaka","Retail","LargeGrocery","ZoneC","EHP","MUL",171355.674375235,1,0,0,0,1
"1030661","Osaka","Retail","LargeGrocery","ZoneC","EHP","MUL",26199.8986688409,1,0,1,0,1
"1030673","Osaka","Retail","LargeGrocery","ZoneC","EHP","MUL",383796.157308945,0,0,0,0,2
"1030674","Osaka","Retail","LargeGrocery","ZoneC","EHP","MUL",206481.812009168,1,0,0,0,2
"1030677","Osaka","Retail","LargeGrocery","ZoneC","EHP","MUL",31570.6064087056,1,0,1,0,2
"1030721","Osaka","Retail","LargeGrocery","ZoneC","GHP","MUL",72118.6073835481,0,0,0,0,1
"1030722","Osaka","Retail","LargeGrocery","ZoneC","GHP","MUL",38799.7129427898,1,0,0,0,1
"1030737","Osaka","Retail","LargeGrocery","ZoneC","GHP","MUL",86902.1745934368,0,0,0,0,2
"1030738","Osaka","Retail","LargeGrocery","ZoneC","GHP","MUL",46753.2520476637,1,0,0,0,2
"1031169","Osaka","Retail","LargeGrocery","ZoneC","AHP","CAV",65094.9004479894,0,0,0,0,1
"1031170","Osaka","Retail","LargeGrocery","ZoneC","AHP","CAV",48130.2158550802,1,0,0,0,1
"1031185","Osaka","Retail","LargeGrocery","ZoneC","AHP","CAV",78438.6805167847,0,0,0,0,2
"1031186","Osaka","Retail","LargeGrocery","ZoneC","AHP","CAV",57996.4113729146,1,0,0,0,2
"1033505","Osaka","Retail","MediumDepartment","ZoneC","EHP","MUL",168358.334688317,0,0,0,0,3
"1033506","Osaka","Retail","MediumDepartment","ZoneC","EHP","MUL",104801.598206893,1,0,0,0,3
"1033509","Osaka","Retail","MediumDepartment","ZoneC","EHP","MUL",50320.8499704694,1,0,1,0,3
"1033569","Osaka","Retail","MediumDepartment","ZoneC","GHP","MUL",65010.150902717,0,0,0,0,3
"1033570","Osaka","Retail","MediumDepartment","ZoneC","GHP","MUL",40468.2531868073,1,0,0,0,3
"1033633","Osaka","Retail","MediumDepartment","ZoneC","ABCH","CAV",73096.7023090195,0,0,0,0,3
"1033637","Osaka","Retail","MediumDepartment","ZoneC","ABCH","CAV",67708.5442110573,1,0,1,0,3
"1033698","Osaka","Retail","MediumDepartment","ZoneC","ABCH","VAV",70408.5915074696,1,0,0,0,3
"1033761","Osaka","Retail","MediumDepartment","ZoneC","ABCH","FCU",80371.2367871296,0,0,0,0,3
"1033957","Osaka","Retail","MediumDepartment","ZoneC","ABCH","OHUFCU",72810.8656165676,1,0,1,0,3
"1034017","Osaka","Retail","MediumDepartment","ZoneC","AHP","CAV",66262.4572638117,0,0,0,0,3
"1034018","Osaka","Retail","MediumDepartment","ZoneC","AHP","CAV",37275.4364245013,1,0,0,0,3
"1034021","Osaka","Retail","MediumDepartment","ZoneC","AHP","CAV",61378.0700832859,1,0,1,0,3
"1034082","Osaka","Retail","MediumDepartment","ZoneC","AHP","VAV",82464.9721031491,1,0,0,0,3
"1034145","Osaka","Retail","MediumDepartment","ZoneC","AHP","FCU",58017.917384186,0,0,0,0,3
"1034146","Osaka","Retail","MediumDepartment","ZoneC","AHP","FCU",36115.6486713581,1,0,0,0,3
"1034337","Osaka","Retail","MediumDepartment","ZoneC","AHP","OHUFCU",37589.9015805982,0,0,0,0,3
"1034341","Osaka","Retail","MediumDepartment","ZoneC","AHP","OHUFCU",47688.6968591871,1,0,1,0,3
"1035169","Osaka","Retail","MediumDepartment","ZoneC","COM","CAV",80660.8257873632,0,0,0,0,3
"1035170","Osaka","Retail","MediumDepartment","ZoneC","COM","CAV",66690.9899213441,1,0,0,0,3
"1035173","Osaka","Retail","MediumDepartment","ZoneC","COM","CAV",65640.3982700025,1,0,1,0,3
"1035553","Osaka","Retail","MediumDepartment","ZoneC","AHP+TESICE","CAV",41210.6669976726,0,0,0,0,3
"1035554","Osaka","Retail","MediumDepartment","ZoneC","AHP+TESICE","CAV",34073.2958107679,1,0,0,0,3
"1035557","Osaka","Retail","MediumDepartment","ZoneC","AHP+TESICE","CAV",33536.5348456855,1,0,1,0,3
"1035937","Osaka","Retail","MediumDepartment","ZoneC","COM+TESICE","CAV",54477.9585348922,0,0,0,0,3
"1036321","Osaka","Retail","MediumGeneral","ZoneC","EHP","MUL",273405.176056867,0,0,0,0,3
"1036322","Osaka","Retail","MediumGeneral","ZoneC","EHP","MUL",170192.342789817,1,0,0,0,3
"1036325","Osaka","Retail","MediumGeneral","ZoneC","EHP","MUL",81718.4422201473,1,0,1,0,3
"1036385","Osaka","Retail","MediumGeneral","ZoneC","GHP","MUL",105573.102667868,0,0,0,0,3
"1036386","Osaka","Retail","MediumGeneral","ZoneC","GHP","MUL",65718.3376619653,1,0,0,0,3
"1036449","Osaka","Retail","MediumGeneral","ZoneC","ABCH","CAV",91874.669176912,0,0,0,0,3
"1036450","Osaka","Retail","MediumGeneral","ZoneC","ABCH","CAV",51683.3895291778,1,0,0,0,3
"1036453","Osaka","Retail","MediumGeneral","ZoneC","ABCH","CAV",85102.3357188251,1,0,1,0,3
"1036514","Osaka","Retail","MediumGeneral","ZoneC","ABCH","VAV",114339.889335765,1,0,0,0,3
"1036577","Osaka","Retail","MediumGeneral","ZoneC","ABCH","FCU",80443.3941346847,0,0,0,0,3
"1036578","Osaka","Retail","MediumGeneral","ZoneC","ABCH","FCU",50075.3127910751,1,0,0,0,3
"1036769","Osaka","Retail","MediumGeneral","ZoneC","ABCH","OHUFCU",39467.117674993,0,0,0,0,3
"1036770","Osaka","Retail","MediumGeneral","ZoneC","ABCH","OHUFCU",28703.6993745543,1,0,0,0,3
"1036773","Osaka","Retail","MediumGeneral","ZoneC","ABCH","OHUFCU",50070.2404520275,1,0,1,0,3
"1036833","Osaka","Retail","MediumGeneral","ZoneC","AHP","CAV",107606.783042327,0,0,0,0,3
"1036834","Osaka","Retail","MediumGeneral","ZoneC","AHP","CAV",60533.3693583071,1,0,0,0,3
"1036837","Osaka","Retail","MediumGeneral","ZoneC","AHP","CAV",99674.7923898065,1,0,1,0,3
"1036898","Osaka","Retail","MediumGeneral","ZoneC","AHP","VAV",133918.824144504,1,0,0,0,3
"1036961","Osaka","Retail","MediumGeneral","ZoneC","AHP","FCU",94218.0792310782,0,0,0,0,3
"1036962","Osaka","Retail","MediumGeneral","ZoneC","AHP","FCU",58649.9343895322,1,0,0,0,3
"1037153","Osaka","Retail","MediumGeneral","ZoneC","AHP","OHUFCU",46225.2501914445,0,0,0,0,3
"1037154","Osaka","Retail","MediumGeneral","ZoneC","AHP","OHUFCU",33618.7632432426,1,0,0,0,3
"1037157","Osaka","Retail","MediumGeneral","ZoneC","AHP","OHUFCU",58643.9934909985,1,0,1,0,3
"1037985","Osaka","Retail","MediumGeneral","ZoneC","COM","CAV",69384.1214330151,0,0,0,0,3
"1037989","Osaka","Retail","MediumGeneral","ZoneC","COM","CAV",64269.6278380946,1,0,1,0,3
"1038050","Osaka","Retail","MediumGeneral","ZoneC","COM","VAV",66832.5397557508,1,0,0,0,3
"1038113","Osaka","Retail","MediumGeneral","ZoneC","COM","FCU",76289.1823681041,0,0,0,0,3
"1038309","Osaka","Retail","MediumGeneral","ZoneC","COM","OHUFCU",69112.8023836926,1,0,1,0,3
"1038369","Osaka","Retail","MediumGeneral","ZoneC","AHP+TESICE","CAV",66923.9790639337,0,0,0,0,3
"1038370","Osaka","Retail","MediumGeneral","ZoneC","AHP+TESICE","CAV",55333.2596050393,1,0,0,0,3
"1038373","Osaka","Retail","MediumGeneral","ZoneC","AHP+TESICE","CAV",54461.587724758,1,0,1,0,3
"1038753","Osaka","Retail","MediumGeneral","ZoneC","COM+TESICE","CAV",88469.3702395273,0,0,0,0,3
"1039105","Osaka","Retail","MediumGrocery","ZoneC","EHP","MUL",345047.921713274,0,0,0,0,1
"1039106","Osaka","Retail","MediumGrocery","ZoneC","EHP","MUL",185635.313821039,1,0,0,0,1
"1039109","Osaka","Retail","MediumGrocery","ZoneC","EHP","MUL",28383.2235448433,1,0,1,0,1
"1039121","Osaka","Retail","MediumGrocery","ZoneC","EHP","MUL",415779.170226598,0,0,0,0,2
"1039122","Osaka","Retail","MediumGrocery","ZoneC","EHP","MUL",223688.629573613,1,0,0,0,2
"1039125","Osaka","Retail","MediumGrocery","ZoneC","EHP","MUL",34201.4902603513,1,0,1,0,2
"1039169","Osaka","Retail","MediumGrocery","ZoneC","GHP","MUL",78128.4912962067,0,0,0,0,1
"1039170","Osaka","Retail","MediumGrocery","ZoneC","GHP","MUL",42033.0223353369,1,0,0,0,1
"1039185","Osaka","Retail","MediumGrocery","ZoneC","GHP","MUL",94144.0224328791,0,0,0,0,2
"1039186","Osaka","Retail","MediumGrocery","ZoneC","GHP","MUL",50649.35636165,1,0,0,0,2
"1039617","Osaka","Retail","MediumGrocery","ZoneC","AHP","CAV",70519.4754528546,0,0,0,0,1
"1039618","Osaka","Retail","MediumGrocery","ZoneC","AHP","CAV",52141.067152331,1,0,0,0,1
"1039633","Osaka","Retail","MediumGrocery","ZoneC","AHP","CAV",84975.237187394,0,0,0,0,2
"1039634","Osaka","Retail","MediumGrocery","ZoneC","AHP","CAV",62829.4456250641,1,0,0,0,2
"1041921","Osaka","Retail","SmallGeneral","ZoneC","EHP","MUL",637498.815461749,0,0,0,0,1
"1041922","Osaka","Retail","SmallGeneral","ZoneC","EHP","MUL",358599.880411187,1,0,0,0,1
"1041925","Osaka","Retail","SmallGeneral","ZoneC","EHP","MUL",86877.9123215203,1,0,1,0,1
"1041937","Osaka","Retail","SmallGeneral","ZoneC","EHP","MUL",768179.466773841,0,0,0,0,2
"1041938","Osaka","Retail","SmallGeneral","ZoneC","EHP","MUL",432109.140030172,1,0,0,0,2
"1041941","Osaka","Retail","SmallGeneral","ZoneC","EHP","MUL",104686.98410558,1,0,1,0,2
"1041985","Osaka","Retail","SmallGeneral","ZoneC","GHP","MUL",173697.763790385,0,0,0,0,1
"1041986","Osaka","Retail","SmallGeneral","ZoneC","GHP","MUL",97706.8440163397,1,0,0,0,1
"1042001","Osaka","Retail","SmallGeneral","ZoneC","GHP","MUL",192513.342695854,0,0,0,0,2
"1042002","Osaka","Retail","SmallGeneral","ZoneC","GHP","MUL",108290.807753561,1,0,0,0,2
"1042005","Osaka","Retail","SmallGeneral","ZoneC","GHP","MUL",26235.5896227649,1,0,1,0,2
"1042049","Osaka","Retail","SmallGeneral","ZoneC","ABCH","CAV",70058.9385421927,0,0,0,0,1
"1042050","Osaka","Retail","SmallGeneral","ZoneC","ABCH","CAV",51080.2753303741,1,0,0,0,1
"1042065","Osaka","Retail","SmallGeneral","ZoneC","ABCH","CAV",78098.9774974251,0,0,0,0,2
"1042066","Osaka","Retail","SmallGeneral","ZoneC","ABCH","CAV",39459.2669941041,1,0,0,0,2
"1042130","Osaka","Retail","SmallGeneral","ZoneC","ABCH","VAV",59347.9248377253,1,0,0,0,2
"1042177","Osaka","Retail","SmallGeneral","ZoneC","ABCH","FCU",39822.777488315,0,0,0,0,1
"1042178","Osaka","Retail","SmallGeneral","ZoneC","ABCH","FCU",29396.0593060166,1,0,0,0,1
"1042193","Osaka","Retail","SmallGeneral","ZoneC","ABCH","FCU",67172.6741420604,0,0,0,0,2
"1042369","Osaka","Retail","SmallGeneral","ZoneC","ABCH","OHUFCU",62670.3853708457,0,0,0,0,1
"1042385","Osaka","Retail","SmallGeneral","ZoneC","ABCH","OHUFCU",60817.8000358697,0,0,0,0,2
"1042433","Osaka","Retail","SmallGeneral","ZoneC","AHP","CAV",80221.3250824528,0,0,0,0,1
"1042434","Osaka","Retail","SmallGeneral","ZoneC","AHP","CAV",40531.5765517376,1,0,0,0,1
"1042437","Osaka","Retail","SmallGeneral","ZoneC","AHP","CAV",35290.4562891207,1,0,1,0,1
"1042449","Osaka","Retail","SmallGeneral","ZoneC","AHP","CAV",96665.8654590507,0,0,0,0,2
"1042450","Osaka","Retail","SmallGeneral","ZoneC","AHP","CAV",48840.1297506179,1,0,0,0,2
"1042453","Osaka","Retail","SmallGeneral","ZoneC","AHP","CAV",42524.6341434322,1,0,1,0,2
"1042498","Osaka","Retail","SmallGeneral","ZoneC","AHP","VAV",78776.690801352,1,0,0,0,1
"1042514","Osaka","Retail","SmallGeneral","ZoneC","AHP","VAV",94925.0961198394,1,0,0,0,2
"1042561","Osaka","Retail","SmallGeneral","ZoneC","AHP","FCU",57063.9517552785,0,0,0,0,1
"1042562","Osaka","Retail","SmallGeneral","ZoneC","AHP","FCU",32099.0812514857,1,0,0,0,1
"1042577","Osaka","Retail","SmallGeneral","ZoneC","AHP","FCU",68761.4705599531,0,0,0,0,2
"1042578","Osaka","Retail","SmallGeneral","ZoneC","AHP","FCU",38679.0602925851,1,0,0,0,2
"1042753","Osaka","Retail","SmallGeneral","ZoneC","AHP","OHUFCU",80727.75993001,0,0,0,0,1
"1042769","Osaka","Retail","SmallGeneral","ZoneC","AHP","OHUFCU",42375.9796501602,0,0,0,0,2
"1042770","Osaka","Retail","SmallGeneral","ZoneC","AHP","OHUFCU",27672.7989431718,1,0,0,0,2
"1042773","Osaka","Retail","SmallGeneral","ZoneC","AHP","OHUFCU",27227.335609272,1,0,1,0,2
"1043585","Osaka","Retail","SmallGeneral","ZoneC","COM","CAV",57302.4410204763,0,0,0,0,1
"1043601","Osaka","Retail","SmallGeneral","ZoneC","COM","CAV",69048.8476532553,0,0,0,0,2
"1044737","Osaka","Retail","SmallGrocery","ZoneC","EHP","MUL",523214.683510613,0,0,0,0,1
"1044738","Osaka","Retail","SmallGrocery","ZoneC","EHP","MUL",266257.209205751,1,0,0,0,1
"1044741","Osaka","Retail","SmallGrocery","ZoneC","EHP","MUL",28362.892307206,1,0,1,0,1
"1044753","Osaka","Retail","SmallGrocery","ZoneC","EHP","MUL",334736.22617554,0,0,0,0,2
"1044754","Osaka","Retail","SmallGrocery","ZoneC","EHP","MUL",170342.951393406,1,0,0,0,2
"1044801","Osaka","Retail","SmallGrocery","ZoneC","GHP","MUL",112479.561863589,0,0,0,0,1
"1044802","Osaka","Retail","SmallGrocery","ZoneC","GHP","MUL",57239.3993867668,1,0,0,0,1
"1044817","Osaka","Retail","SmallGrocery","ZoneC","GHP","MUL",69465.2338586204,0,0,0,0,2
"1044818","Osaka","Retail","SmallGrocery","ZoneC","GHP","MUL",35349.9622371472,1,0,0,0,2
"1045249","Osaka","Retail","SmallGrocery","ZoneC","AHP","CAV",41892.862133247,0,0,0,0,1
"1045250","Osaka","Retail","SmallGrocery","ZoneC","AHP","CAV",29582.6023223387,1,0,0,0,1
"1047553","Osaka","Retail","SpecialityShop","ZoneC","EHP","MUL",2857534.80880881,0,0,0,0,1
"1047554","Osaka","Retail","SpecialityShop","ZoneC","EHP","MUL",1248877.7305975,1,0,0,0,1
"1047557","Osaka","Retail","SpecialityShop","ZoneC","EHP","MUL",47821.6236486657,1,0,1,0,1
"1047569","Osaka","Retail","SpecialityShop","ZoneC","EHP","MUL",1645652.81560369,0,0,0,0,2
"1047570","Osaka","Retail","SpecialityShop","ZoneC","EHP","MUL",719228.0378762,1,0,0,0,2
"1047573","Osaka","Retail","SpecialityShop","ZoneC","EHP","MUL",27540.448277854,1,0,1,0,2
"1047617","Osaka","Retail","SpecialityShop","ZoneC","GHP","MUL",561575.054766591,0,0,0,0,1
"1047618","Osaka","Retail","SpecialityShop","ZoneC","GHP","MUL",245434.83347782,1,0,0,0,1
"1047633","Osaka","Retail","SpecialityShop","ZoneC","GHP","MUL",323410.783028983,0,0,0,0,2
"1047634","Osaka","Retail","SpecialityShop","ZoneC","GHP","MUL",141345.793414277,1,0,0,0,2
"1050369","Osaka","Retail","SuperDrugStore","ZoneC","EHP","MUL",100582.459074252,0,0,0,0,1
"1050370","Osaka","Retail","SuperDrugStore","ZoneC","EHP","MUL",54113.22654091,1,0,0,0,1
"1050385","Osaka","Retail","SuperDrugStore","ZoneC","EHP","MUL",121200.82093407,0,0,0,0,2
"1050386","Osaka","Retail","SuperDrugStore","ZoneC","EHP","MUL",65205.8772524926,1,0,0,0,2
"1050433","Osaka","Retail","SuperDrugStore","ZoneC","GHP","MUL",33249.1199103672,0,0,0,0,1
"1050449","Osaka","Retail","SuperDrugStore","ZoneC","GHP","MUL",40064.8449596655,0,0,0,0,2
"1053185","Hiroshima","Retail","ConvenienceDrug","ZoneC","EHP","MUL",269910.747201999,0,0,0,0,1
"1053186","Hiroshima","Retail","ConvenienceDrug","ZoneC","EHP","MUL",130486.720504038,1,0,0,0,1
"1053201","Hiroshima","Retail","ConvenienceDrug","ZoneC","EHP","MUL",155441.459444487,0,0,0,0,2
"1053202","Hiroshima","Retail","ConvenienceDrug","ZoneC","EHP","MUL",75147.2347193825,1,0,0,0,2
"1053249","Hiroshima","Retail","ConvenienceDrug","ZoneC","GHP","MUL",54983.0254049584,0,0,0,0,1
"1053250","Hiroshima","Retail","ConvenienceDrug","ZoneC","GHP","MUL",26581.2115406943,1,0,0,0,1
"1053265","Hiroshima","Retail","ConvenienceDrug","ZoneC","GHP","MUL",46972.8017899921,0,0,0,0,2
"1056001","Hiroshima","Retail","ConvenienceStore","ZoneC","EHP","MUL",199446.133281482,0,0,0,0,1
"1056002","Hiroshima","Retail","ConvenienceStore","ZoneC","EHP","MUL",86320.9612342665,1,0,0,0,1
"1056017","Hiroshima","Retail","ConvenienceStore","ZoneC","EHP","MUL",114860.924802788,0,0,0,0,2
"1056018","Hiroshima","Retail","ConvenienceStore","ZoneC","EHP","MUL",49712.1968428456,1,0,0,0,2
"1056065","Hiroshima","Retail","ConvenienceStore","ZoneC","GHP","MUL",57803.2670109311,0,0,0,0,1
"1056081","Hiroshima","Retail","ConvenienceStore","ZoneC","GHP","MUL",33288.8715176434,0,0,0,0,2
"1058817","Hiroshima","Retail","HomeCenter","ZoneC","EHP","MUL",309036.992763368,0,0,0,0,1
"1058818","Hiroshima","Retail","HomeCenter","ZoneC","EHP","MUL",173177.049482104,1,0,0,0,1
"1058821","Hiroshima","Retail","HomeCenter","ZoneC","EHP","MUL",43285.2748712263,1,0,1,0,1
"1058833","Hiroshima","Retail","HomeCenter","ZoneC","EHP","MUL",372386.373992564,0,0,0,0,2
"1058834","Hiroshima","Retail","HomeCenter","ZoneC","EHP","MUL",208676.550139585,1,0,0,0,2
"1058837","Hiroshima","Retail","HomeCenter","ZoneC","EHP","MUL",52158.3076913698,1,0,1,0,2
"1058881","Hiroshima","Retail","HomeCenter","ZoneC","GHP","MUL",86954.0555839847,0,0,0,0,1
"1058882","Hiroshima","Retail","HomeCenter","ZoneC","GHP","MUL",48727.0040129717,1,0,0,0,1
"1058897","Hiroshima","Retail","HomeCenter","ZoneC","GHP","MUL",104778.735947841,0,0,0,0,2
"1058898","Hiroshima","Retail","HomeCenter","ZoneC","GHP","MUL",58715.5349191662,1,0,0,0,2
"1058945","Hiroshima","Retail","HomeCenter","ZoneC","ABCH","CAV",78976.5863856256,0,0,0,0,1
"1058946","Hiroshima","Retail","HomeCenter","ZoneC","ABCH","CAV",57749.2669693066,1,0,0,0,1
"1058961","Hiroshima","Retail","HomeCenter","ZoneC","ABCH","CAV",76844.289535905,0,0,0,0,2
"1058962","Hiroshima","Retail","HomeCenter","ZoneC","ABCH","CAV",56190.0886651054,1,0,0,0,2
"1058965","Hiroshima","Retail","HomeCenter","ZoneC","ABCH","CAV",31718.8583180495,1,0,1,0,2
"1059329","Hiroshima","Retail","HomeCenter","ZoneC","AHP","CAV",61195.2932347669,0,0,0,0,1
"1059330","Hiroshima","Retail","HomeCenter","ZoneC","AHP","CAV",44578.2264604582,1,0,0,0,1
"1059333","Hiroshima","Retail","HomeCenter","ZoneC","AHP","CAV",31960.1609604691,1,0,1,0,1
"1059345","Hiroshima","Retail","HomeCenter","ZoneC","AHP","CAV",73292.0065217607,0,0,0,0,2
"1059346","Hiroshima","Retail","HomeCenter","ZoneC","AHP","CAV",50785.6269592113,1,0,0,0,2
"1059457","Hiroshima","Retail","HomeCenter","ZoneC","AHP","FCU",53770.8347715018,0,0,0,0,1
"1059458","Hiroshima","Retail","HomeCenter","ZoneC","AHP","FCU",39502.1006926182,1,0,0,0,1
"1059473","Hiroshima","Retail","HomeCenter","ZoneC","AHP","FCU",49199.184636648,0,0,0,0,2
"1059474","Hiroshima","Retail","HomeCenter","ZoneC","AHP","FCU",34825.9067216654,1,0,0,0,2
"1059665","Hiroshima","Retail","HomeCenter","ZoneC","AHP","OHUFCU",70257.8538601676,0,0,0,0,2
"1061633","Hiroshima","Retail","HousingClothingSuper","ZoneC","EHP","MUL",497816.055332605,0,0,0,0,1
"1061634","Hiroshima","Retail","HousingClothingSuper","ZoneC","EHP","MUL",278964.388296816,1,0,0,0,1
"1061637","Hiroshima","Retail","HousingClothingSuper","ZoneC","EHP","MUL",69726.6194499924,1,0,1,0,1
"1061649","Hiroshima","Retail","HousingClothingSuper","ZoneC","EHP","MUL",599863.188231763,0,0,0,0,2
"1061650","Hiroshima","Retail","HousingClothingSuper","ZoneC","EHP","MUL",336149.197227169,1,0,0,0,2
"1061653","Hiroshima","Retail","HousingClothingSuper","ZoneC","EHP","MUL",84019.8539196367,1,0,1,0,2
"1061697","Hiroshima","Retail","HousingClothingSuper","ZoneC","GHP","MUL",140071.01401979,0,0,0,0,1
"1061698","Hiroshima","Retail","HousingClothingSuper","ZoneC","GHP","MUL",78492.4960245372,1,0,0,0,1
"1061713","Hiroshima","Retail","HousingClothingSuper","ZoneC","GHP","MUL",168784.12045716,0,0,0,0,2
"1061714","Hiroshima","Retail","HousingClothingSuper","ZoneC","GHP","MUL",94582.6443586461,1,0,0,0,2
"1061761","Hiroshima","Retail","HousingClothingSuper","ZoneC","ABCH","CAV",58344.8697296374,0,0,0,0,1
"1061762","Hiroshima","Retail","HousingClothingSuper","ZoneC","ABCH","CAV",42501.8114650695,1,0,0,0,1
"1061765","Hiroshima","Retail","HousingClothingSuper","ZoneC","ABCH","CAV",30471.484475499,1,0,1,0,1
"1061777","Hiroshima","Retail","HousingClothingSuper","ZoneC","ABCH","CAV",63961.6335152115,0,0,0,0,2
"1061778","Hiroshima","Retail","HousingClothingSuper","ZoneC","ABCH","CAV",44320.4083714214,1,0,0,0,2
"1061889","Hiroshima","Retail","HousingClothingSuper","ZoneC","ABCH","FCU",51266.2360806332,0,0,0,0,1
"1061890","Hiroshima","Retail","HousingClothingSuper","ZoneC","ABCH","FCU",37662.1272181181,1,0,0,0,1
"1061905","Hiroshima","Retail","HousingClothingSuper","ZoneC","ABCH","FCU",42935.9266626462,0,0,0,0,2
"1061906","Hiroshima","Retail","HousingClothingSuper","ZoneC","ABCH","FCU",30392.425972193,1,0,0,0,2
"1062097","Hiroshima","Retail","HousingClothingSuper","ZoneC","ABCH","OHUFCU",61313.7409307397,0,0,0,0,2
"1062145","Hiroshima","Retail","HousingClothingSuper","ZoneC","AHP","CAV",70568.0709636584,0,0,0,0,1
"1062146","Hiroshima","Retail","HousingClothingSuper","ZoneC","AHP","CAV",35529.1600046464,1,0,0,0,1
"1062149","Hiroshima","Retail","HousingClothingSuper","ZoneC","AHP","CAV",31910.5415014552,1,0,1,0,1
"1062161","Hiroshima","Retail","HousingClothingSuper","ZoneC","AHP","CAV",77834.0876000511,0,0,0,0,2
"1062162","Hiroshima","Retail","HousingClothingSuper","ZoneC","AHP","CAV",39187.407483223,1,0,0,0,2
"1062165","Hiroshima","Retail","HousingClothingSuper","ZoneC","AHP","CAV",35196.1991970621,1,0,1,0,2
"1062210","Hiroshima","Retail","HousingClothingSuper","ZoneC","AHP","VAV",62507.866541884,1,0,0,0,1
"1062226","Hiroshima","Retail","HousingClothingSuper","ZoneC","AHP","VAV",68943.9670615177,1,0,0,0,2
"1062273","Hiroshima","Retail","HousingClothingSuper","ZoneC","AHP","FCU",59894.873755974,0,0,0,0,1
"1062274","Hiroshima","Retail","HousingClothingSuper","ZoneC","AHP","FCU",33563.6760616064,1,0,0,0,1
"1062289","Hiroshima","Retail","HousingClothingSuper","ZoneC","AHP","FCU",66061.9283913441,0,0,0,0,2
"1062290","Hiroshima","Retail","HousingClothingSuper","ZoneC","AHP","FCU",37019.5481764574,1,0,0,0,2
"1062465","Hiroshima","Retail","HousingClothingSuper","ZoneC","AHP","OHUFCU",78145.6708814051,0,0,0,0,1
"1062481","Hiroshima","Retail","HousingClothingSuper","ZoneC","AHP","OHUFCU",86191.9124313375,0,0,0,0,2
"1063313","Hiroshima","Retail","HousingClothingSuper","ZoneC","COM","CAV",60436.1743770515,0,0,0,0,2
"1064481","Hiroshima","Retail","LargeDepartment","ZoneC","EHP","MUL",24923.3591444236,0,0,0,0,3
"1064613","Hiroshima","Retail","LargeDepartment","ZoneC","ABCH","CAV",96336.8322379398,1,0,1,0,3
"1064997","Hiroshima","Retail","LargeDepartment","ZoneC","AHP","CAV",92531.596059791,1,0,1,0,3
"1067297","Hiroshima","Retail","LargeGeneral","ZoneC","EHP","MUL",25955.7936557382,0,0,0,0,3
"1067429","Hiroshima","Retail","LargeGeneral","ZoneC","ABCH","CAV",100327.52505494,1,0,1,0,3
"1067813","Hiroshima","Retail","LargeGeneral","ZoneC","AHP","CAV",96364.6593561776,1,0,1,0,3
"1070081","Hiroshima","Retail","LargeGrocery","ZoneC","EHP","MUL",167569.931927378,0,0,0,0,1
"1070082","Hiroshima","Retail","LargeGrocery","ZoneC","EHP","MUL",88943.7136586431,1,0,0,0,1
"1070097","Hiroshima","Retail","LargeGrocery","ZoneC","EHP","MUL",201920.031587927,0,0,0,0,2
"1070098","Hiroshima","Retail","LargeGrocery","ZoneC","EHP","MUL",107176.253310672,1,0,0,0,2
"1070145","Hiroshima","Retail","LargeGrocery","ZoneC","GHP","MUL",56650.2095557889,0,0,0,0,1
"1070161","Hiroshima","Retail","LargeGrocery","ZoneC","GHP","MUL",68262.9154968263,0,0,0,0,2
"1070593","Hiroshima","Retail","LargeGrocery","ZoneC","AHP","CAV",59302.7330183062,0,0,0,0,1
"1070609","Hiroshima","Retail","LargeGrocery","ZoneC","AHP","CAV",71459.1787833169,0,0,0,0,2
"1072929","Hiroshima","Retail","MediumDepartment","ZoneC","EHP","MUL",107322.73272053,0,0,0,0,3
"1072930","Hiroshima","Retail","MediumDepartment","ZoneC","EHP","MUL",69440.5359895904,1,0,0,0,3
"1072993","Hiroshima","Retail","MediumDepartment","ZoneC","GHP","MUL",54180.9831150378,0,0,0,0,3
"1073057","Hiroshima","Retail","MediumDepartment","ZoneC","ABCH","CAV",65671.6391218709,0,0,0,0,3
"1073058","Hiroshima","Retail","MediumDepartment","ZoneC","ABCH","CAV",56046.2132201198,1,0,0,0,3
"1073061","Hiroshima","Retail","MediumDepartment","ZoneC","ABCH","CAV",46633.521212624,1,0,1,0,3
"1073441","Hiroshima","Retail","MediumDepartment","ZoneC","AHP","CAV",103972.906441973,0,0,0,0,3
"1073506","Hiroshima","Retail","MediumDepartment","ZoneC","AHP","VAV",52391.5908944905,1,0,0,0,3
"1073569","Hiroshima","Retail","MediumDepartment","ZoneC","AHP","FCU",65568.1130415509,0,0,0,0,3
"1073765","Hiroshima","Retail","MediumDepartment","ZoneC","AHP","OHUFCU",56101.1454321253,1,0,1,0,3
"1074593","Hiroshima","Retail","MediumDepartment","ZoneC","COM","CAV",49515.6460429276,0,0,0,0,3
"1074594","Hiroshima","Retail","MediumDepartment","ZoneC","COM","CAV",42258.1877498726,1,0,0,0,3
"1074597","Hiroshima","Retail","MediumDepartment","ZoneC","COM","CAV",35161.1283192509,1,0,1,0,3
"1075745","Hiroshima","Retail","MediumGeneral","ZoneC","EHP","MUL",116470.459811199,0,0,0,0,3
"1075746","Hiroshima","Retail","MediumGeneral","ZoneC","EHP","MUL",75359.3479333437,1,0,0,0,3
"1075809","Hiroshima","Retail","MediumGeneral","ZoneC","GHP","MUL",58799.1365525869,0,0,0,0,3
"1075873","Hiroshima","Retail","MediumGeneral","ZoneC","ABCH","CAV",71269.2065435663,0,0,0,0,3
"1075874","Hiroshima","Retail","MediumGeneral","ZoneC","ABCH","CAV",60823.3508311993,1,0,0,0,3
"1075877","Hiroshima","Retail","MediumGeneral","ZoneC","ABCH","CAV",50608.3615331816,1,0,1,0,3
"1076257","Hiroshima","Retail","MediumGeneral","ZoneC","AHP","CAV",61984.4015550922,0,0,0,0,3
"1076261","Hiroshima","Retail","MediumGeneral","ZoneC","AHP","CAV",50850.7072259836,1,0,1,0,3
"1076322","Hiroshima","Retail","MediumGeneral","ZoneC","AHP","VAV",56857.2242528654,1,0,0,0,3
"1076385","Hiroshima","Retail","MediumGeneral","ZoneC","AHP","FCU",71156.8563464395,0,0,0,0,3
"1076581","Hiroshima","Retail","MediumGeneral","ZoneC","AHP","OHUFCU",60882.9652281545,1,0,1,0,3
"1077409","Hiroshima","Retail","MediumGeneral","ZoneC","COM","CAV",53736.1462597675,0,0,0,0,3
"1077410","Hiroshima","Retail","MediumGeneral","ZoneC","COM","CAV",45860.0935072362,1,0,0,0,3
"1077413","Hiroshima","Retail","MediumGeneral","ZoneC","COM","CAV",38158.1113247252,1,0,1,0,3
"1078529","Hiroshima","Retail","MediumGrocery","ZoneC","EHP","MUL",181534.092901026,0,0,0,0,1
"1078530","Hiroshima","Retail","MediumGrocery","ZoneC","EHP","MUL",96355.689786088,1,0,0,0,1
"1078545","Hiroshima","Retail","MediumGrocery","ZoneC","EHP","MUL",218746.700862459,0,0,0,0,2
"1078546","Hiroshima","Retail","MediumGrocery","ZoneC","EHP","MUL",116107.607740243,1,0,0,0,2
"1078593","Hiroshima","Retail","MediumGrocery","ZoneC","GHP","MUL",61371.0603452416,0,0,0,0,1
"1078609","Hiroshima","Retail","MediumGrocery","ZoneC","GHP","MUL",73951.4917799586,0,0,0,0,2
"1079041","Hiroshima","Retail","MediumGrocery","ZoneC","AHP","CAV",64244.627429314,0,0,0,0,1
"1079057","Hiroshima","Retail","MediumGrocery","ZoneC","AHP","CAV",45806.7186181004,0,0,0,0,2
"1079058","Hiroshima","Retail","MediumGrocery","ZoneC","AHP","CAV",31607.3917218359,1,0,0,0,2
"1081345","Hiroshima","Retail","SmallGeneral","ZoneC","EHP","MUL",245693.124997112,0,0,0,0,1
"1081346","Hiroshima","Retail","SmallGeneral","ZoneC","EHP","MUL",137680.638439351,1,0,0,0,1
"1081349","Hiroshima","Retail","SmallGeneral","ZoneC","EHP","MUL",34413.0142944206,1,0,1,0,1
"1081361","Hiroshima","Retail","SmallGeneral","ZoneC","EHP","MUL",296057.669712806,0,0,0,0,2
"1081362","Hiroshima","Retail","SmallGeneral","ZoneC","EHP","MUL",165903.74265216,1,0,0,0,2
"1081365","Hiroshima","Retail","SmallGeneral","ZoneC","EHP","MUL",41467.3256320031,1,0,1,0,2
"1081409","Hiroshima","Retail","SmallGeneral","ZoneC","GHP","MUL",69130.9265488496,0,0,0,0,1
"1081410","Hiroshima","Retail","SmallGeneral","ZoneC","GHP","MUL",38739.3424348418,1,0,0,0,1
"1081425","Hiroshima","Retail","SmallGeneral","ZoneC","GHP","MUL",83302.0501464181,0,0,0,0,2
"1081426","Hiroshima","Retail","SmallGeneral","ZoneC","GHP","MUL",46680.5062111546,1,0,0,0,2
"1081473","Hiroshima","Retail","SmallGeneral","ZoneC","ABCH","CAV",62788.6135481086,0,0,0,0,1
"1081474","Hiroshima","Retail","SmallGeneral","ZoneC","ABCH","CAV",45912.2959394241,1,0,0,0,1
"1081489","Hiroshima","Retail","SmallGeneral","ZoneC","ABCH","CAV",75659.628700516,0,0,0,0,2
"1081490","Hiroshima","Retail","SmallGeneral","ZoneC","ABCH","CAV",55323.8408569651,1,0,0,0,2
"1081857","Hiroshima","Retail","SmallGeneral","ZoneC","AHP","CAV",85661.2876461727,0,0,0,0,1
"1081858","Hiroshima","Retail","SmallGeneral","ZoneC","AHP","CAV",62637.2548575202,1,0,0,0,1
"1081861","Hiroshima","Retail","SmallGeneral","ZoneC","AHP","CAV",35358.2323761494,1,0,1,0,1
"1081873","Hiroshima","Retail","SmallGeneral","ZoneC","AHP","CAV",58625.1365911703,0,0,0,0,2
"1081874","Hiroshima","Retail","SmallGeneral","ZoneC","AHP","CAV",42705.9742194639,1,0,0,0,2
"1081877","Hiroshima","Retail","SmallGeneral","ZoneC","AHP","CAV",30617.858053155,1,0,1,0,2
"1082001","Hiroshima","Retail","SmallGeneral","ZoneC","AHP","FCU",51512.4998422201,0,0,0,0,2
"1082002","Hiroshima","Retail","SmallGeneral","ZoneC","AHP","FCU",37843.0419453768,1,0,0,0,2
"1084161","Hiroshima","Retail","SmallGrocery","ZoneC","EHP","MUL",291743.094441389,0,0,0,0,1
"1084162","Hiroshima","Retail","SmallGrocery","ZoneC","EHP","MUL",148501.147509405,1,0,0,0,1
"1084177","Hiroshima","Retail","SmallGrocery","ZoneC","EHP","MUL",168014.696906016,0,0,0,0,2
"1084178","Hiroshima","Retail","SmallGrocery","ZoneC","EHP","MUL",85521.7338966038,1,0,0,0,2
"1084225","Hiroshima","Retail","SmallGrocery","ZoneC","GHP","MUL",61399.6381538273,0,0,0,0,1
"1084226","Hiroshima","Retail","SmallGrocery","ZoneC","GHP","MUL",31253.2392239274,1,0,0,0,1
"1084241","Hiroshima","Retail","SmallGrocery","ZoneC","GHP","MUL",53358.7440686489,0,0,0,0,2
"1086977","Hiroshima","Retail","SpecialityShop","ZoneC","EHP","MUL",1337332.01486221,0,0,0,0,1
"1086978","Hiroshima","Retail","SpecialityShop","ZoneC","EHP","MUL",578801.820385972,1,0,0,0,1
"1086993","Hiroshima","Retail","SpecialityShop","ZoneC","EHP","MUL",770168.814346785,0,0,0,0,2
"1086994","Hiroshima","Retail","SpecialityShop","ZoneC","EHP","MUL",333331.668422184,1,0,0,0,2
"1087041","Hiroshima","Retail","SpecialityShop","ZoneC","GHP","MUL",270507.560250563,0,0,0,0,1
"1087042","Hiroshima","Retail","SpecialityShop","ZoneC","GHP","MUL",117076.587235763,1,0,0,0,1
"1087057","Hiroshima","Retail","SpecialityShop","ZoneC","GHP","MUL",155785.163769883,0,0,0,0,2
"1087058","Hiroshima","Retail","SpecialityShop","ZoneC","GHP","MUL",67424.3459193825,1,0,0,0,2
"1089793","Hiroshima","Retail","SuperDrugStore","ZoneC","EHP","MUL",51900.6185982266,0,0,0,0,1
"1089794","Hiroshima","Retail","SuperDrugStore","ZoneC","EHP","MUL",27548.1030887313,1,0,0,0,1
"1089809","Hiroshima","Retail","SuperDrugStore","ZoneC","EHP","MUL",62539.7076089318,0,0,0,0,2
"1089810","Hiroshima","Retail","SuperDrugStore","ZoneC","EHP","MUL",33195.1787643787,1,0,0,0,2
"1089857","Hiroshima","Retail","SuperDrugStore","ZoneC","GHP","MUL",17545.9934001694,0,0,0,0,1
"1089873","Hiroshima","Retail","SuperDrugStore","ZoneC","GHP","MUL",21142.7402330101,0,0,0,0,2
"1092609","Matsuyama","Retail","ConvenienceDrug","ZoneC","EHP","MUL",176723.567043013,0,0,0,0,1
"1092610","Matsuyama","Retail","ConvenienceDrug","ZoneC","EHP","MUL",84260.9527181178,1,0,0,0,1
"1092625","Matsuyama","Retail","ConvenienceDrug","ZoneC","EHP","MUL",101775.010681005,0,0,0,0,2
"1092626","Matsuyama","Retail","ConvenienceDrug","ZoneC","EHP","MUL",48525.8390059029,1,0,0,0,2
"1092673","Matsuyama","Retail","ConvenienceDrug","ZoneC","GHP","MUL",54456.5505883959,0,0,0,0,1
"1092689","Matsuyama","Retail","ConvenienceDrug","ZoneC","GHP","MUL",31361.4992641912,0,0,0,0,2
"1095425","Matsuyama","Retail","ConvenienceStore","ZoneC","EHP","MUL",87276.6973719845,0,0,0,0,1
"1095426","Matsuyama","Retail","ConvenienceStore","ZoneC","EHP","MUL",37591.1128628803,1,0,0,0,1
"1095441","Matsuyama","Retail","ConvenienceStore","ZoneC","EHP","MUL",71911.307207114,0,0,0,0,2
"1095489","Matsuyama","Retail","ConvenienceStore","ZoneC","GHP","MUL",25122.1793441558,0,0,0,0,1
"1095505","Matsuyama","Retail","ConvenienceStore","ZoneC","GHP","MUL",14467.8500658561,0,0,0,0,2
"1098241","Matsuyama","Retail","HomeCenter","ZoneC","EHP","MUL",162578.343142201,0,0,0,0,1
"1098242","Matsuyama","Retail","HomeCenter","ZoneC","EHP","MUL",94493.2765914957,1,0,0,0,1
"1098257","Matsuyama","Retail","HomeCenter","ZoneC","EHP","MUL",195905.218825374,0,0,0,0,2
"1098258","Matsuyama","Retail","HomeCenter","ZoneC","EHP","MUL",113863.419139362,1,0,0,0,2
"1098305","Matsuyama","Retail","HomeCenter","ZoneC","GHP","MUL",63318.3453457255,0,0,0,0,1
"1098321","Matsuyama","Retail","HomeCenter","ZoneC","GHP","MUL",48252.6788194855,0,0,0,0,2
"1098322","Matsuyama","Retail","HomeCenter","ZoneC","GHP","MUL",28045.2712079994,1,0,0,0,2
"1098753","Matsuyama","Retail","HomeCenter","ZoneC","AHP","CAV",80935.293328311,0,0,0,0,1
"1098754","Matsuyama","Retail","HomeCenter","ZoneC","AHP","CAV",62375.0242255434,1,0,0,0,1
"1098769","Matsuyama","Retail","HomeCenter","ZoneC","AHP","CAV",80328.770382586,0,0,0,0,2
"1098770","Matsuyama","Retail","HomeCenter","ZoneC","AHP","CAV",61907.5905278672,1,0,0,0,2
"1098773","Matsuyama","Retail","HomeCenter","ZoneC","AHP","CAV",30451.0867391105,1,0,1,0,2
"1101057","Matsuyama","Retail","HousingClothingSuper","ZoneC","EHP","MUL",259381.677115128,0,0,0,0,1
"1101058","Matsuyama","Retail","HousingClothingSuper","ZoneC","EHP","MUL",150757.007881227,1,0,0,0,1
"1101061","Matsuyama","Retail","HousingClothingSuper","ZoneC","EHP","MUL",33402.2496998177,1,0,1,0,1
"1101073","Matsuyama","Retail","HousingClothingSuper","ZoneC","EHP","MUL",312552.233172202,0,0,0,0,2
"1101074","Matsuyama","Retail","HousingClothingSuper","ZoneC","EHP","MUL",181660.632330334,1,0,0,0,2
"1101077","Matsuyama","Retail","HousingClothingSuper","ZoneC","EHP","MUL",40249.3647691998,1,0,1,0,2
"1101121","Matsuyama","Retail","HousingClothingSuper","ZoneC","GHP","MUL",69090.3972907197,0,0,0,0,1
"1101122","Matsuyama","Retail","HousingClothingSuper","ZoneC","GHP","MUL",40156.5048260949,1,0,0,0,1
"1101137","Matsuyama","Retail","HousingClothingSuper","ZoneC","GHP","MUL",83253.2128103421,0,0,0,0,2
"1101138","Matsuyama","Retail","HousingClothingSuper","ZoneC","GHP","MUL",48388.1722077669,1,0,0,0,2
"1101185","Matsuyama","Retail","HousingClothingSuper","ZoneC","ABCH","CAV",46065.2128558706,0,0,0,0,1
"1101186","Matsuyama","Retail","HousingClothingSuper","ZoneC","ABCH","CAV",35501.4314482586,1,0,0,0,1
"1101201","Matsuyama","Retail","HousingClothingSuper","ZoneC","ABCH","CAV",55508.1041567352,0,0,0,0,2
"1101202","Matsuyama","Retail","HousingClothingSuper","ZoneC","ABCH","CAV",42778.8570240374,1,0,0,0,2
"1101569","Matsuyama","Retail","HousingClothingSuper","ZoneC","AHP","CAV",77076.177445356,0,0,0,0,1
"1101570","Matsuyama","Retail","HousingClothingSuper","ZoneC","AHP","CAV",59400.8897436672,1,0,0,0,1
"1101573","Matsuyama","Retail","HousingClothingSuper","ZoneC","AHP","CAV",29218.0915222427,1,0,1,0,1
"1101585","Matsuyama","Retail","HousingClothingSuper","ZoneC","AHP","CAV",92875.9951468367,0,0,0,0,2
"1101586","Matsuyama","Retail","HousingClothingSuper","ZoneC","AHP","CAV",71577.4566202623,1,0,0,0,2
"1101589","Matsuyama","Retail","HousingClothingSuper","ZoneC","AHP","CAV",35207.4975220913,1,0,1,0,2
"1103905","Matsuyama","Retail","LargeDepartment","ZoneC","EHP","MUL",5385.01828965874,0,0,0,0,3
"1104421","Matsuyama","Retail","LargeDepartment","ZoneC","AHP","CAV",40314.9704782417,1,0,1,0,3
"1106721","Matsuyama","Retail","LargeGeneral","ZoneC","EHP","MUL",10611.5535060537,0,0,0,0,3
"1107237","Matsuyama","Retail","LargeGeneral","ZoneC","AHP","CAV",79443.4565146011,1,0,1,0,3
"1109505","Matsuyama","Retail","LargeGrocery","ZoneC","EHP","MUL",130494.893180677,0,0,0,0,1
"1109506","Matsuyama","Retail","LargeGrocery","ZoneC","EHP","MUL",69663.4617787771,1,0,0,0,1
"1109521","Matsuyama","Retail","LargeGrocery","ZoneC","EHP","MUL",157244.994075218,0,0,0,0,2
"1109522","Matsuyama","Retail","LargeGrocery","ZoneC","EHP","MUL",83943.7495802715,1,0,0,0,2
"1109569","Matsuyama","Retail","LargeGrocery","ZoneC","GHP","MUL",42028.708347939,0,0,0,0,1
"1109585","Matsuyama","Retail","LargeGrocery","ZoneC","GHP","MUL",50644.1580515378,0,0,0,0,2
"1112353","Matsuyama","Retail","MediumDepartment","ZoneC","EHP","MUL",39535.6151155924,0,0,0,0,3
"1112865","Matsuyama","Retail","MediumDepartment","ZoneC","AHP","CAV",49719.7811963295,0,0,0,0,3
"1112866","Matsuyama","Retail","MediumDepartment","ZoneC","AHP","CAV",38540.6608070043,1,0,0,0,3
"1112869","Matsuyama","Retail","MediumDepartment","ZoneC","AHP","CAV",44122.9482744604,1,0,1,0,3
"1115169","Matsuyama","Retail","MediumGeneral","ZoneC","EHP","MUL",70750.4072837525,0,0,0,0,3
"1115233","Matsuyama","Retail","MediumGeneral","ZoneC","GHP","MUL",24737.9173995002,0,0,0,0,3
"1115297","Matsuyama","Retail","MediumGeneral","ZoneC","ABCH","CAV",55889.8071462457,0,0,0,0,3
"1115298","Matsuyama","Retail","MediumGeneral","ZoneC","ABCH","CAV",43323.4026370044,1,0,0,0,3
"1115301","Matsuyama","Retail","MediumGeneral","ZoneC","ABCH","CAV",49598.4296480657,1,0,1,0,3
"1115681","Matsuyama","Retail","MediumGeneral","ZoneC","AHP","CAV",64195.8067027969,0,0,0,0,3
"1115682","Matsuyama","Retail","MediumGeneral","ZoneC","AHP","CAV",49761.8604071243,1,0,0,0,3
"1115685","Matsuyama","Retail","MediumGeneral","ZoneC","AHP","CAV",56969.4433569606,1,0,1,0,3
"1117953","Matsuyama","Retail","MediumGrocery","ZoneC","EHP","MUL",141369.467596928,0,0,0,0,1
"1117954","Matsuyama","Retail","MediumGrocery","ZoneC","EHP","MUL",75468.7502520822,1,0,0,0,1
"1117969","Matsuyama","Retail","MediumGrocery","ZoneC","EHP","MUL",170348.743562843,0,0,0,0,2
"1117970","Matsuyama","Retail","MediumGrocery","ZoneC","EHP","MUL",90939.0620353413,1,0,0,0,2
"1118017","Matsuyama","Retail","MediumGrocery","ZoneC","GHP","MUL",45531.1007052842,0,0,0,0,1
"1118033","Matsuyama","Retail","MediumGrocery","ZoneC","GHP","MUL",54864.5045498281,0,0,0,0,2
"1120769","Matsuyama","Retail","SmallGeneral","ZoneC","EHP","MUL",160950.729979843,0,0,0,0,1
"1120770","Matsuyama","Retail","SmallGeneral","ZoneC","EHP","MUL",93547.280355083,1,0,0,0,1
"1120785","Matsuyama","Retail","SmallGeneral","ZoneC","EHP","MUL",193943.961830302,0,0,0,0,2
"1120786","Matsuyama","Retail","SmallGeneral","ZoneC","EHP","MUL",112723.503477039,1,0,0,0,2
"1120833","Matsuyama","Retail","SmallGeneral","ZoneC","GHP","MUL",62684.4492786871,0,0,0,0,1
"1120849","Matsuyama","Retail","SmallGeneral","ZoneC","GHP","MUL",47769.6089736022,0,0,0,0,2
"1120850","Matsuyama","Retail","SmallGeneral","ZoneC","GHP","MUL",27764.5028616265,1,0,0,0,2
"1121281","Matsuyama","Retail","SmallGeneral","ZoneC","AHP","CAV",80125.0295122669,0,0,0,0,1
"1121282","Matsuyama","Retail","SmallGeneral","ZoneC","AHP","CAV",61750.5719862735,1,0,0,0,1
"1121297","Matsuyama","Retail","SmallGeneral","ZoneC","AHP","CAV",79524.5786220853,0,0,0,0,2
"1121298","Matsuyama","Retail","SmallGeneral","ZoneC","AHP","CAV",61287.8178862864,1,0,0,0,2
"1121301","Matsuyama","Retail","SmallGeneral","ZoneC","AHP","CAV",30146.2331612797,1,0,1,0,2
"1123585","Matsuyama","Retail","SmallGrocery","ZoneC","EHP","MUL",191544.928514366,0,0,0,0,1
"1123586","Matsuyama","Retail","SmallGrocery","ZoneC","EHP","MUL",97933.7908613159,1,0,0,0,1
"1123601","Matsuyama","Retail","SmallGrocery","ZoneC","EHP","MUL",110310.625071851,0,0,0,0,2
"1123602","Matsuyama","Retail","SmallGrocery","ZoneC","EHP","MUL",56400.0194072351,1,0,0,0,2
"1123649","Matsuyama","Retail","SmallGrocery","ZoneC","GHP","MUL",57024.2758138251,0,0,0,0,1
"1123665","Matsuyama","Retail","SmallGrocery","ZoneC","GHP","MUL",32840.2508909073,0,0,0,0,2
"1126401","Matsuyama","Retail","SpecialityShop","ZoneC","EHP","MUL",860102.158824916,0,0,0,0,1
"1126402","Matsuyama","Retail","SpecialityShop","ZoneC","EHP","MUL",370456.242038932,1,0,0,0,1
"1126417","Matsuyama","Retail","SpecialityShop","ZoneC","EHP","MUL",495332.387557885,0,0,0,0,2
"1126418","Matsuyama","Retail","SpecialityShop","ZoneC","EHP","MUL",213345.557817881,1,0,0,0,2
"1126465","Matsuyama","Retail","SpecialityShop","ZoneC","GHP","MUL",173044.12280197,0,0,0,0,1
"1126466","Matsuyama","Retail","SpecialityShop","ZoneC","GHP","MUL",74532.1643276919,1,0,0,0,1
"1126481","Matsuyama","Retail","SpecialityShop","ZoneC","GHP","MUL",99656.0206492956,0,0,0,0,2
"1126482","Matsuyama","Retail","SpecialityShop","ZoneC","GHP","MUL",42923.034813365,1,0,0,0,2
"1129217","Matsuyama","Retail","SuperDrugStore","ZoneC","EHP","MUL",63482.4643406687,0,0,0,0,1
"1129233","Matsuyama","Retail","SuperDrugStore","ZoneC","EHP","MUL",63220.7831805067,0,0,0,0,2
"1129297","Matsuyama","Retail","SuperDrugStore","ZoneC","GHP","MUL",13274.9285352592,0,0,0,0,2
"1132033","Fukuoka","Retail","ConvenienceDrug","ZoneC","EHP","MUL",505025.036335383,0,0,0,0,1
"1132034","Fukuoka","Retail","ConvenienceDrug","ZoneC","EHP","MUL",246018.089247252,1,0,0,0,1
"1132049","Fukuoka","Retail","ConvenienceDrug","ZoneC","EHP","MUL",290843.656718962,0,0,0,0,2
"1132050","Fukuoka","Retail","ConvenienceDrug","ZoneC","EHP","MUL",141681.690109647,1,0,0,0,2
"1132097","Fukuoka","Retail","ConvenienceDrug","ZoneC","GHP","MUL",101423.149934244,0,0,0,0,1
"1132098","Fukuoka","Retail","ConvenienceDrug","ZoneC","GHP","MUL",49407.3120281705,1,0,0,0,1
"1132113","Fukuoka","Retail","ConvenienceDrug","ZoneC","GHP","MUL",58409.5394891308,0,0,0,0,2
"1132114","Fukuoka","Retail","ConvenienceDrug","ZoneC","GHP","MUL",28453.645393899,1,0,0,0,2
"1134849","Fukuoka","Retail","ConvenienceStore","ZoneC","EHP","MUL",348242.382630249,0,0,0,0,1
"1134850","Fukuoka","Retail","ConvenienceStore","ZoneC","EHP","MUL",150165.547177185,1,0,0,0,1
"1134865","Fukuoka","Retail","ConvenienceStore","ZoneC","EHP","MUL",200552.607695757,0,0,0,0,2
"1134866","Fukuoka","Retail","ConvenienceStore","ZoneC","EHP","MUL",86480.2608027774,1,0,0,0,2
"1134913","Fukuoka","Retail","ConvenienceStore","ZoneC","GHP","MUL",69897.729850689,0,0,0,0,1
"1134914","Fukuoka","Retail","ConvenienceStore","ZoneC","GHP","MUL",30140.5899253114,1,0,0,0,1
"1134929","Fukuoka","Retail","ConvenienceStore","ZoneC","GHP","MUL",57612.0165186241,0,0,0,0,2
"1137665","Fukuoka","Retail","HomeCenter","ZoneC","EHP","MUL",478432.25885458,0,0,0,0,1
"1137666","Fukuoka","Retail","HomeCenter","ZoneC","EHP","MUL",271291.147402386,1,0,0,0,1
"1137669","Fukuoka","Retail","HomeCenter","ZoneC","EHP","MUL",64874.197954811,1,0,1,0,1
"1137681","Fukuoka","Retail","HomeCenter","ZoneC","EHP","MUL",576505.914333526,0,0,0,0,2
"1137682","Fukuoka","Retail","HomeCenter","ZoneC","EHP","MUL",326903.021460645,1,0,0,0,2
"1137685","Fukuoka","Retail","HomeCenter","ZoneC","EHP","MUL",78172.7362994568,1,0,1,0,2
"1137729","Fukuoka","Retail","HomeCenter","ZoneC","GHP","MUL",129606.092052104,0,0,0,0,1
"1137730","Fukuoka","Retail","HomeCenter","ZoneC","GHP","MUL",73492.0874845142,1,0,0,0,1
"1137745","Fukuoka","Retail","HomeCenter","ZoneC","GHP","MUL",156173.997925178,0,0,0,0,2
"1137746","Fukuoka","Retail","HomeCenter","ZoneC","GHP","MUL",88557.2038828957,1,0,0,0,2
"1137793","Fukuoka","Retail","HomeCenter","ZoneC","ABCH","CAV",78426.7987129544,0,0,0,0,1
"1137794","Fukuoka","Retail","HomeCenter","ZoneC","ABCH","CAV",59922.3956470436,1,0,0,0,1
"1137797","Fukuoka","Retail","HomeCenter","ZoneC","ABCH","CAV",31485.5069794821,1,0,1,0,1
"1137809","Fukuoka","Retail","HomeCenter","ZoneC","ABCH","CAV",94503.4797789539,0,0,0,0,2
"1137810","Fukuoka","Retail","HomeCenter","ZoneC","ABCH","CAV",72205.865829909,1,0,0,0,2
"1137813","Fukuoka","Retail","HomeCenter","ZoneC","ABCH","CAV",37939.7096527685,1,0,1,0,2
"1138177","Fukuoka","Retail","HomeCenter","ZoneC","AHP","CAV",109421.672200135,0,0,0,0,1
"1138193","Fukuoka","Retail","HomeCenter","ZoneC","AHP","CAV",87362.3679412099,0,0,0,0,2
"1138194","Fukuoka","Retail","HomeCenter","ZoneC","AHP","CAV",44489.6132163069,1,0,0,0,2
"1138242","Fukuoka","Retail","HomeCenter","ZoneC","AHP","VAV",51730.0047767159,1,0,0,0,1
"1138258","Fukuoka","Retail","HomeCenter","ZoneC","AHP","VAV",62334.1197219372,1,0,0,0,2
"1138305","Fukuoka","Retail","HomeCenter","ZoneC","AHP","FCU",70213.431757679,0,0,0,0,1
"1138321","Fukuoka","Retail","HomeCenter","ZoneC","AHP","FCU",53991.1897322856,0,0,0,0,2
"1138322","Fukuoka","Retail","HomeCenter","ZoneC","AHP","FCU",30615.2679736919,1,0,0,0,2
"1138497","Fukuoka","Retail","HomeCenter","ZoneC","AHP","OHUFCU",60130.9442672249,0,0,0,0,1
"1138513","Fukuoka","Retail","HomeCenter","ZoneC","AHP","OHUFCU",72457.1647562158,0,0,0,0,2
"1139329","Fukuoka","Retail","HomeCenter","ZoneC","COM","CAV",59644.031378636,0,0,0,0,1
"1139345","Fukuoka","Retail","HomeCenter","ZoneC","COM","CAV",71870.4397709299,0,0,0,0,2
"1140481","Fukuoka","Retail","HousingClothingSuper","ZoneC","EHP","MUL",835513.098850648,0,0,0,0,1
"1140482","Fukuoka","Retail","HousingClothingSuper","ZoneC","EHP","MUL",473770.953069892,1,0,0,0,1
"1140485","Fukuoka","Retail","HousingClothingSuper","ZoneC","EHP","MUL",113293.452031104,1,0,1,0,1
"1140497","Fukuoka","Retail","HousingClothingSuper","ZoneC","EHP","MUL",1006784.626404,0,0,0,0,2
"1140498","Fukuoka","Retail","HousingClothingSuper","ZoneC","EHP","MUL",570889.08916412,1,0,0,0,2
"1140501","Fukuoka","Retail","HousingClothingSuper","ZoneC","EHP","MUL",136517.435733877,1,0,1,0,2
"1140545","Fukuoka","Retail","HousingClothingSuper","ZoneC","GHP","MUL",208312.900109451,0,0,0,0,1
"1140546","Fukuoka","Retail","HousingClothingSuper","ZoneC","GHP","MUL",118122.14716606,1,0,0,0,1
"1140549","Fukuoka","Retail","HousingClothingSuper","ZoneC","GHP","MUL",28246.6996489651,1,0,1,0,1
"1140561","Fukuoka","Retail","HousingClothingSuper","ZoneC","GHP","MUL",251014.886062625,0,0,0,0,2
"1140562","Fukuoka","Retail","HousingClothingSuper","ZoneC","GHP","MUL",142335.96333584,1,0,0,0,2
"1140565","Fukuoka","Retail","HousingClothingSuper","ZoneC","GHP","MUL",34036.9803804989,1,0,1,0,2
"1140609","Fukuoka","Retail","HousingClothingSuper","ZoneC","ABCH","CAV",111334.537394201,0,0,0,0,1
"1140625","Fukuoka","Retail","HousingClothingSuper","ZoneC","ABCH","CAV",88889.6013452126,0,0,0,0,2
"1140626","Fukuoka","Retail","HousingClothingSuper","ZoneC","ABCH","CAV",45267.3625497592,1,0,0,0,2
"1140674","Fukuoka","Retail","HousingClothingSuper","ZoneC","ABCH","VAV",52634.327692246,1,0,0,0,1
"1140690","Fukuoka","Retail","HousingClothingSuper","ZoneC","ABCH","VAV",63423.8194644225,1,0,0,0,2
"1140737","Fukuoka","Retail","HousingClothingSuper","ZoneC","ABCH","FCU",71440.8744302739,0,0,0,0,1
"1140753","Fukuoka","Retail","HousingClothingSuper","ZoneC","ABCH","FCU",54935.0417640493,0,0,0,0,2
"1140754","Fukuoka","Retail","HousingClothingSuper","ZoneC","ABCH","FCU",31150.4716434617,1,0,0,0,2
"1140929","Fukuoka","Retail","HousingClothingSuper","ZoneC","ABCH","OHUFCU",61182.1289919903,0,0,0,0,1
"1140945","Fukuoka","Retail","HousingClothingSuper","ZoneC","ABCH","OHUFCU",73723.8314570255,0,0,0,0,2
"1140993","Fukuoka","Retail","HousingClothingSuper","ZoneC","AHP","CAV",98185.1731692825,0,0,0,0,1
"1140994","Fukuoka","Retail","HousingClothingSuper","ZoneC","AHP","CAV",50001.167331191,1,0,0,0,1
"1140997","Fukuoka","Retail","HousingClothingSuper","ZoneC","AHP","CAV",42902.8653992966,1,0,1,0,1
"1141009","Fukuoka","Retail","HousingClothingSuper","ZoneC","AHP","CAV",103191.538162678,0,0,0,0,2
"1141010","Fukuoka","Retail","HousingClothingSuper","ZoneC","AHP","CAV",52550.6774626661,1,0,0,0,2
"1141013","Fukuoka","Retail","HousingClothingSuper","ZoneC","AHP","CAV",45090.4401269091,1,0,1,0,2
"1141017","Fukuoka","Retail","HousingClothingSuper","ZoneC","AHP","CAV",29427.8572621897,0,1,0,0,2
"1141058","Fukuoka","Retail","HousingClothingSuper","ZoneC","AHP","VAV",90339.0099531098,1,0,0,0,1
"1141074","Fukuoka","Retail","HousingClothingSuper","ZoneC","AHP","VAV",108857.570887236,1,0,0,0,2
"1141121","Fukuoka","Retail","HousingClothingSuper","ZoneC","AHP","FCU",78247.8464180293,0,0,0,0,1
"1141122","Fukuoka","Retail","HousingClothingSuper","ZoneC","AHP","FCU",44369.8091916605,1,0,0,0,1
"1141137","Fukuoka","Retail","HousingClothingSuper","ZoneC","AHP","FCU",94287.8441178997,0,0,0,0,2
"1141138","Fukuoka","Retail","HousingClothingSuper","ZoneC","AHP","FCU",53465.1603093871,1,0,0,0,2
"1141313","Fukuoka","Retail","HousingClothingSuper","ZoneC","AHP","OHUFCU",45761.3704557378,0,0,0,0,1
"1141314","Fukuoka","Retail","HousingClothingSuper","ZoneC","AHP","OHUFCU",30117.2786216146,1,0,0,0,1
"1141317","Fukuoka","Retail","HousingClothingSuper","ZoneC","AHP","OHUFCU",29131.3928914005,1,0,1,0,1
"1141329","Fukuoka","Retail","HousingClothingSuper","ZoneC","AHP","OHUFCU",55141.9772130354,0,0,0,0,2
"1141330","Fukuoka","Retail","HousingClothingSuper","ZoneC","AHP","OHUFCU",36291.008659324,1,0,0,0,2
"1141333","Fukuoka","Retail","HousingClothingSuper","ZoneC","AHP","OHUFCU",35103.0265703105,1,0,1,0,2
"1142145","Fukuoka","Retail","HousingClothingSuper","ZoneC","COM","CAV",59045.615176483,0,0,0,0,1
"1142146","Fukuoka","Retail","HousingClothingSuper","ZoneC","COM","CAV",45114.1034938593,1,0,0,0,1
"1142161","Fukuoka","Retail","HousingClothingSuper","ZoneC","COM","CAV",71149.3544482133,0,0,0,0,2
"1142162","Fukuoka","Retail","HousingClothingSuper","ZoneC","COM","CAV",54362.0272310484,1,0,0,0,2
"1143329","Fukuoka","Retail","LargeDepartment","ZoneC","EHP","MUL",28638.4412717619,0,0,0,0,3
"1143461","Fukuoka","Retail","LargeDepartment","ZoneC","ABCH","CAV",85477.9510735561,1,0,1,0,3
"1144997","Fukuoka","Retail","LargeDepartment","ZoneC","COM","CAV",118509.922426382,1,0,1,0,3
"1146145","Fukuoka","Retail","LargeGeneral","ZoneC","EHP","MUL",47498.8326875661,0,0,0,0,3
"1146277","Fukuoka","Retail","LargeGeneral","ZoneC","ABCH","CAV",108808.093783218,1,0,1,0,3
"1146661","Fukuoka","Retail","LargeGeneral","ZoneC","AHP","CAV",78664.1517680693,1,0,1,0,3
"1147809","Fukuoka","Retail","LargeGeneral","ZoneC","COM","CAV",65868.3905348747,0,0,0,0,3
"1147813","Fukuoka","Retail","LargeGeneral","ZoneC","COM","CAV",84987.3399974977,1,0,1,0,3
"1148929","Fukuoka","Retail","LargeGrocery","ZoneC","EHP","MUL",223133.245946826,0,0,0,0,1
"1148930","Fukuoka","Retail","LargeGrocery","ZoneC","EHP","MUL",118737.92236261,1,0,0,0,1
"1148945","Fukuoka","Retail","LargeGrocery","ZoneC","EHP","MUL",268873.249226035,0,0,0,0,2
"1148946","Fukuoka","Retail","LargeGrocery","ZoneC","EHP","MUL",143077.966066929,1,0,0,0,2
"1148993","Fukuoka","Retail","LargeGrocery","ZoneC","GHP","MUL",75370.7380324035,0,0,0,0,1
"1149009","Fukuoka","Retail","LargeGrocery","ZoneC","GHP","MUL",59277.2281194364,0,0,0,0,2
"1149010","Fukuoka","Retail","LargeGrocery","ZoneC","GHP","MUL",31543.7302068096,1,0,0,0,2
"1149441","Fukuoka","Retail","LargeGrocery","ZoneC","AHP","CAV",45362.872300749,0,0,0,0,1
"1149442","Fukuoka","Retail","LargeGrocery","ZoneC","AHP","CAV",32135.7559391296,1,0,0,0,1
"1149457","Fukuoka","Retail","LargeGrocery","ZoneC","AHP","CAV",54661.7910655711,0,0,0,0,2
"1149458","Fukuoka","Retail","LargeGrocery","ZoneC","AHP","CAV",38723.2529111673,1,0,0,0,2
"1151777","Fukuoka","Retail","MediumDepartment","ZoneC","EHP","MUL",105137.028834184,0,0,0,0,3
"1151778","Fukuoka","Retail","MediumDepartment","ZoneC","EHP","MUL",62242.2291528708,1,0,0,0,3
"1151781","Fukuoka","Retail","MediumDepartment","ZoneC","EHP","MUL",31738.6127017079,1,0,1,0,3
"1151841","Fukuoka","Retail","MediumDepartment","ZoneC","GHP","MUL",66479.3845377003,0,0,0,0,3
"1151905","Fukuoka","Retail","MediumDepartment","ZoneC","ABCH","CAV",62395.3658592392,0,0,0,0,3
"1151909","Fukuoka","Retail","MediumDepartment","ZoneC","ABCH","CAV",69263.5123618267,1,0,1,0,3
"1152033","Fukuoka","Retail","MediumDepartment","ZoneC","ABCH","FCU",82789.1439000287,0,0,0,0,3
"1152289","Fukuoka","Retail","MediumDepartment","ZoneC","AHP","CAV",76613.4285549991,0,0,0,0,3
"1152290","Fukuoka","Retail","MediumDepartment","ZoneC","AHP","CAV",59449.0667971719,1,0,0,0,3
"1152293","Fukuoka","Retail","MediumDepartment","ZoneC","AHP","CAV",61842.3182296822,1,0,1,0,3
"1153441","Fukuoka","Retail","MediumDepartment","ZoneC","COM","CAV",53633.2532543466,0,0,0,0,3
"1153442","Fukuoka","Retail","MediumDepartment","ZoneC","COM","CAV",41617.3367437586,1,0,0,0,3
"1153445","Fukuoka","Retail","MediumDepartment","ZoneC","COM","CAV",43292.7331148922,1,0,1,0,3
"1153825","Fukuoka","Retail","MediumDepartment","ZoneC","AHP+TESICE","CAV",58624.6273501469,0,0,0,0,3
"1154593","Fukuoka","Retail","MediumGeneral","ZoneC","EHP","MUL",179042.493558781,0,0,0,0,3
"1154594","Fukuoka","Retail","MediumGeneral","ZoneC","EHP","MUL",105995.043190375,1,0,0,0,3
"1154597","Fukuoka","Retail","MediumGeneral","ZoneC","EHP","MUL",54049.0864467205,1,0,1,0,3
"1154657","Fukuoka","Retail","MediumGeneral","ZoneC","GHP","MUL",71111.7669000747,0,0,0,0,3
"1154658","Fukuoka","Retail","MediumGeneral","ZoneC","GHP","MUL",42098.9154814395,1,0,0,0,3
"1154721","Fukuoka","Retail","MediumGeneral","ZoneC","ABCH","CAV",67469.4616568932,0,0,0,0,3
"1154725","Fukuoka","Retail","MediumGeneral","ZoneC","ABCH","CAV",64095.8747121982,1,0,1,0,3
"1154786","Fukuoka","Retail","MediumGeneral","ZoneC","ABCH","VAV",56357.7664218108,1,0,0,0,3
"1154849","Fukuoka","Retail","MediumGeneral","ZoneC","ABCH","FCU",82730.3233332091,0,0,0,0,3
"1155045","Fukuoka","Retail","MediumGeneral","ZoneC","ABCH","OHUFCU",73167.9067072702,1,0,1,0,3
"1155105","Fukuoka","Retail","MediumGeneral","ZoneC","AHP","CAV",121415.964159632,0,0,0,0,3
"1155170","Fukuoka","Retail","MediumGeneral","ZoneC","AHP","VAV",52010.147481332,1,0,0,0,3
"1155233","Fukuoka","Retail","MediumGeneral","ZoneC","AHP","FCU",76348.2407293076,0,0,0,0,3
"1155429","Fukuoka","Retail","MediumGeneral","ZoneC","AHP","OHUFCU",67523.4996054196,1,0,1,0,3
"1156257","Fukuoka","Retail","MediumGeneral","ZoneC","COM","CAV",64628.8853105308,0,0,0,0,3
"1156261","Fukuoka","Retail","MediumGeneral","ZoneC","COM","CAV",71742.8856292886,1,0,1,0,3
"1156385","Fukuoka","Retail","MediumGeneral","ZoneC","COM","FCU",85752.6839115359,0,0,0,0,3
"1156641","Fukuoka","Retail","MediumGeneral","ZoneC","AHP+TESICE","CAV",93991.99541644,0,0,0,0,3
"1157025","Fukuoka","Retail","MediumGeneral","ZoneC","COM+TESICE","CAV",60744.253088026,0,0,0,0,3
"1157377","Fukuoka","Retail","MediumGrocery","ZoneC","EHP","MUL",241727.68327557,0,0,0,0,1
"1157378","Fukuoka","Retail","MediumGrocery","ZoneC","EHP","MUL",128632.749314767,1,0,0,0,1
"1157393","Fukuoka","Retail","MediumGrocery","ZoneC","EHP","MUL",291279.353528846,0,0,0,0,2
"1157394","Fukuoka","Retail","MediumGrocery","ZoneC","EHP","MUL",155001.130012609,1,0,0,0,2
"1157441","Fukuoka","Retail","MediumGrocery","ZoneC","GHP","MUL",53292.5721155057,0,0,0,0,1
"1157442","Fukuoka","Retail","MediumGrocery","ZoneC","GHP","MUL",28359.0608091754,1,0,0,0,1
"1157457","Fukuoka","Retail","MediumGrocery","ZoneC","GHP","MUL",64216.9971736239,0,0,0,0,2
"1157458","Fukuoka","Retail","MediumGrocery","ZoneC","GHP","MUL",34172.3744142493,1,0,0,0,2
"1157889","Fukuoka","Retail","MediumGrocery","ZoneC","AHP","CAV",49143.1116929959,0,0,0,0,1
"1157890","Fukuoka","Retail","MediumGrocery","ZoneC","AHP","CAV",34813.7356247044,1,0,0,0,1
"1157905","Fukuoka","Retail","MediumGrocery","ZoneC","AHP","CAV",59216.9403618257,0,0,0,0,2
"1157906","Fukuoka","Retail","MediumGrocery","ZoneC","AHP","CAV",41950.190682661,1,0,0,0,2
"1160193","Fukuoka","Retail","SmallGeneral","ZoneC","EHP","MUL",394969.193929849,0,0,0,0,1
"1160194","Fukuoka","Retail","SmallGeneral","ZoneC","EHP","MUL",223964.090687273,1,0,0,0,1
"1160197","Fukuoka","Retail","SmallGeneral","ZoneC","EHP","MUL",53556.8185439716,1,0,1,0,1
"1160209","Fukuoka","Retail","SmallGeneral","ZoneC","EHP","MUL",475933.785955921,0,0,0,0,2
"1160210","Fukuoka","Retail","SmallGeneral","ZoneC","EHP","MUL",269874.408528938,1,0,0,0,2
"1160213","Fukuoka","Retail","SmallGeneral","ZoneC","EHP","MUL",64535.4113817643,1,0,1,0,2
"1160257","Fukuoka","Retail","SmallGeneral","ZoneC","GHP","MUL",106996.158304151,0,0,0,0,1
"1160258","Fukuoka","Retail","SmallGeneral","ZoneC","GHP","MUL",60671.3072054854,1,0,0,0,1
"1160273","Fukuoka","Retail","SmallGeneral","ZoneC","GHP","MUL",128929.262046392,0,0,0,0,2
"1160274","Fukuoka","Retail","SmallGeneral","ZoneC","GHP","MUL",73108.2964974986,1,0,0,0,2
"1160321","Fukuoka","Retail","SmallGeneral","ZoneC","ABCH","CAV",73115.8535049736,0,0,0,0,1
"1160322","Fukuoka","Retail","SmallGeneral","ZoneC","ABCH","CAV",55864.5408673633,1,0,0,0,1
"1160325","Fukuoka","Retail","SmallGeneral","ZoneC","ABCH","CAV",29353.3556592995,1,0,1,0,1
"1160337","Fukuoka","Retail","SmallGeneral","ZoneC","ABCH","CAV",78017.2376361531,0,0,0,0,2
"1160338","Fukuoka","Retail","SmallGeneral","ZoneC","ABCH","CAV",59609.468416958,1,0,0,0,2
"1160341","Fukuoka","Retail","SmallGeneral","ZoneC","ABCH","CAV",31321.0831045596,1,0,1,0,2
"1160705","Fukuoka","Retail","SmallGeneral","ZoneC","AHP","CAV",71219.3709977585,0,0,0,0,1
"1160706","Fukuoka","Retail","SmallGeneral","ZoneC","AHP","CAV",52801.6797941918,1,0,0,0,1
"1160721","Fukuoka","Retail","SmallGeneral","ZoneC","AHP","CAV",108850.249438692,0,0,0,0,2
"1160786","Fukuoka","Retail","SmallGeneral","ZoneC","AHP","VAV",51459.8599179817,1,0,0,0,2
"1160833","Fukuoka","Retail","SmallGeneral","ZoneC","AHP","FCU",46105.3835727298,0,0,0,0,1
"1160834","Fukuoka","Retail","SmallGeneral","ZoneC","AHP","FCU",33476.1418344962,1,0,0,0,1
"1160849","Fukuoka","Retail","SmallGeneral","ZoneC","AHP","FCU",69846.7625937133,0,0,0,0,2
"1161025","Fukuoka","Retail","SmallGeneral","ZoneC","AHP","OHUFCU",68153.8011911704,0,0,0,0,1
"1161041","Fukuoka","Retail","SmallGeneral","ZoneC","AHP","OHUFCU",59816.9279528106,0,0,0,0,2
"1161873","Fukuoka","Retail","SmallGeneral","ZoneC","COM","CAV",59332.557824735,0,0,0,0,2
"1163009","Fukuoka","Retail","SmallGrocery","ZoneC","EHP","MUL",388563.139924019,0,0,0,0,1
"1163010","Fukuoka","Retail","SmallGrocery","ZoneC","EHP","MUL",196470.938729077,1,0,0,0,1
"1163025","Fukuoka","Retail","SmallGrocery","ZoneC","EHP","MUL",223773.310926815,0,0,0,0,2
"1163026","Fukuoka","Retail","SmallGrocery","ZoneC","EHP","MUL",113147.511801819,1,0,0,0,2
"1163073","Fukuoka","Retail","SmallGrocery","ZoneC","GHP","MUL",81562.5472145435,0,0,0,0,1
"1163074","Fukuoka","Retail","SmallGrocery","ZoneC","GHP","MUL",41240.8398272401,1,0,0,0,1
"1163089","Fukuoka","Retail","SmallGrocery","ZoneC","GHP","MUL",70722.4069600133,0,0,0,0,2
"1165825","Fukuoka","Retail","SpecialityShop","ZoneC","EHP","MUL",2331831.80920519,0,0,0,0,1
"1165826","Fukuoka","Retail","SpecialityShop","ZoneC","EHP","MUL",1005508.85538321,1,0,0,0,1
"1165829","Fukuoka","Retail","SpecialityShop","ZoneC","EHP","MUL",40079.4211794439,1,0,1,0,1
"1165841","Fukuoka","Retail","SpecialityShop","ZoneC","EHP","MUL",1359028.14737814,0,0,0,0,2
"1165842","Fukuoka","Retail","SpecialityShop","ZoneC","EHP","MUL",586026.329819011,1,0,0,0,2
"1165889","Fukuoka","Retail","SpecialityShop","ZoneC","GHP","MUL",473656.181270032,0,0,0,0,1
"1165890","Fukuoka","Retail","SpecialityShop","ZoneC","GHP","MUL",204245.213052628,1,0,0,0,1
"1165905","Fukuoka","Retail","SpecialityShop","ZoneC","GHP","MUL",272778.349342329,0,0,0,0,2
"1165906","Fukuoka","Retail","SpecialityShop","ZoneC","GHP","MUL",117624.712356083,1,0,0,0,2
"1168641","Fukuoka","Retail","SuperDrugStore","ZoneC","EHP","MUL",97063.8627214,0,0,0,0,1
"1168642","Fukuoka","Retail","SuperDrugStore","ZoneC","EHP","MUL",51651.4755437886,1,0,0,0,1
"1168657","Fukuoka","Retail","SuperDrugStore","ZoneC","EHP","MUL",116960.948789101,0,0,0,0,2
"1168658","Fukuoka","Retail","SuperDrugStore","ZoneC","EHP","MUL",62239.4928099915,1,0,0,0,2
"1168705","Fukuoka","Retail","SuperDrugStore","ZoneC","GHP","MUL",32786.5752973953,0,0,0,0,1
"1168721","Fukuoka","Retail","SuperDrugStore","ZoneC","GHP","MUL",39507.4834939904,0,0,0,0,2
"1171457","Naha","Retail","ConvenienceDrug","ZoneC","EHP","MUL",38247.1245231747,0,0,0,0,1
"1171473","Naha","Retail","ConvenienceDrug","ZoneC","EHP","MUL",22026.4991930386,0,0,0,0,2
"1174273","Naha","Retail","ConvenienceStore","ZoneC","EHP","MUL",58690.1107695147,0,0,0,0,1
"1174289","Naha","Retail","ConvenienceStore","ZoneC","EHP","MUL",33799.6043786447,0,0,0,0,2
"1177089","Naha","Retail","HomeCenter","ZoneC","EHP","MUL",55735.6839970019,0,0,0,0,1
"1177105","Naha","Retail","HomeCenter","ZoneC","EHP","MUL",67160.921674938,0,0,0,0,2
"1179905","Naha","Retail","HousingClothingSuper","ZoneC","EHP","MUL",70743.2662426202,0,0,0,0,1
"1179906","Naha","Retail","HousingClothingSuper","ZoneC","EHP","MUL",40056.2244028759,1,0,0,0,1
"1179921","Naha","Retail","HousingClothingSuper","ZoneC","EHP","MUL",54817.2042481284,0,0,0,0,2
"1179922","Naha","Retail","HousingClothingSuper","ZoneC","EHP","MUL",31038.5758408542,1,0,0,0,2
"1179969","Naha","Retail","HousingClothingSuper","ZoneC","GHP","MUL",28143.1754624598,0,0,0,0,1
"1179985","Naha","Retail","HousingClothingSuper","ZoneC","GHP","MUL",21807.4493793606,0,0,0,0,2
"1180433","Naha","Retail","HousingClothingSuper","ZoneC","AHP","CAV",59761.2434471671,0,0,0,0,2
"1182753","Naha","Retail","LargeDepartment","ZoneC","EHP","MUL",1340.94844979089,0,0,0,0,3
"1182885","Naha","Retail","LargeDepartment","ZoneC","ABCH","CAV",10084.0487394707,1,0,1,0,3
"1185569","Naha","Retail","LargeGeneral","ZoneC","EHP","MUL",3325.02180409109,0,0,0,0,3
"1185701","Naha","Retail","LargeGeneral","ZoneC","ABCH","CAV",25004.4525853965,1,0,1,0,3
"1188353","Naha","Retail","LargeGrocery","ZoneC","EHP","MUL",29752.2448704995,0,0,0,0,1
"1188369","Naha","Retail","LargeGrocery","ZoneC","EHP","MUL",35851.1467717643,0,0,0,0,2
"1191201","Naha","Retail","MediumDepartment","ZoneC","EHP","MUL",9935.91646925441,0,0,0,0,3
"1191713","Naha","Retail","MediumDepartment","ZoneC","AHP","CAV",33043.834862811,0,0,0,0,3
"1194017","Naha","Retail","MediumGeneral","ZoneC","EHP","MUL",39733.3164673663,0,0,0,0,3
"1194529","Naha","Retail","MediumGeneral","ZoneC","AHP","CAV",48320.4481077386,0,0,0,0,3
"1194530","Naha","Retail","MediumGeneral","ZoneC","AHP","CAV",39257.9799930791,1,0,0,0,3
"1194533","Naha","Retail","MediumGeneral","ZoneC","AHP","CAV",44562.4923630582,1,0,1,0,3
"1196801","Naha","Retail","MediumGrocery","ZoneC","EHP","MUL",32231.5986043751,0,0,0,0,1
"1196817","Naha","Retail","MediumGrocery","ZoneC","EHP","MUL",38838.742329652,0,0,0,0,2
"1199617","Naha","Retail","SmallGeneral","ZoneC","EHP","MUL",69900.7263578908,0,0,0,0,1
"1199618","Naha","Retail","SmallGeneral","ZoneC","EHP","MUL",39579.161800545,1,0,0,0,1
"1199633","Naha","Retail","SmallGeneral","ZoneC","EHP","MUL",54164.3409665545,0,0,0,0,2
"1199634","Naha","Retail","SmallGeneral","ZoneC","EHP","MUL",30668.9118502005,1,0,0,0,2
"1199681","Naha","Retail","SmallGeneral","ZoneC","GHP","MUL",27807.9951821383,0,0,0,0,1
"1199697","Naha","Retail","SmallGeneral","ZoneC","GHP","MUL",21547.7264846993,0,0,0,0,2
"1200145","Naha","Retail","SmallGeneral","ZoneC","AHP","CAV",59049.4975264659,0,0,0,0,2
"1202433","Naha","Retail","SmallGrocery","ZoneC","EHP","MUL",42567.2693696147,0,0,0,0,1
"1202449","Naha","Retail","SmallGrocery","ZoneC","EHP","MUL",24514.4683713821,0,0,0,0,2
"1205249","Naha","Retail","SpecialityShop","ZoneC","EHP","MUL",276181.574035696,0,0,0,0,1
"1205250","Naha","Retail","SpecialityShop","ZoneC","EHP","MUL",117954.70367151,1,0,0,0,1
"1205265","Naha","Retail","SpecialityShop","ZoneC","EHP","MUL",159052.825368438,0,0,0,0,2
"1205266","Naha","Retail","SpecialityShop","ZoneC","EHP","MUL",67930.0527196859,1,0,0,0,2
"1205313","Naha","Retail","SpecialityShop","ZoneC","GHP","MUL",78588.2794693102,0,0,0,0,1
"1205329","Naha","Retail","SpecialityShop","ZoneC","GHP","MUL",45258.949421523,0,0,0,0,2
"1208065","Naha","Retail","SuperDrugStore","ZoneC","EHP","MUL",7697.22761796503,0,0,0,0,1
"1208081","Naha","Retail","SuperDrugStore","ZoneC","EHP","MUL",9275.07951983017,0,0,0,0,2
"1210913","Sapporo","School","ElementarySchool","ZoneC","EHP","MUL",2135869.06316188,0,0,0,0,3
"1210914","Sapporo","School","ElementarySchool","ZoneC","EHP","MUL",2680312.17607972,1,0,0,0,3
"1210977","Sapporo","School","ElementarySchool","ZoneC","GHP","MUL",552748.188707285,0,0,0,0,3
"1210978","Sapporo","School","ElementarySchool","ZoneC","GHP","MUL",693646.312899405,1,0,0,0,3
"1211169","Sapporo","School","ElementarySchool","ZoneC","ABCH","FCU",141399.52044667,0,0,0,0,3
"1211170","Sapporo","School","ElementarySchool","ZoneC","ABCH","FCU",177442.926105213,1,0,0,0,3
"1211361","Sapporo","School","ElementarySchool","ZoneC","ABCH","OHUFCU",91894.0573002193,0,0,0,0,3
"1211362","Sapporo","School","ElementarySchool","ZoneC","ABCH","OHUFCU",115318.286565058,1,0,0,0,3
"1211553","Sapporo","School","ElementarySchool","ZoneC","AHP","FCU",69730.5959801906,0,0,0,0,3
"1211554","Sapporo","School","ElementarySchool","ZoneC","AHP","FCU",87505.2542660638,1,0,0,0,3
"1211745","Sapporo","School","ElementarySchool","ZoneC","AHP","OHUFCU",45317.1790281907,0,0,0,0,3
"1211746","Sapporo","School","ElementarySchool","ZoneC","AHP","OHUFCU",56868.7420169061,1,0,0,0,3
"1213729","Sapporo","School","JuniorHighSchool","ZoneC","EHP","MUL",1259900.16550376,0,0,0,0,3
"1213730","Sapporo","School","JuniorHighSchool","ZoneC","EHP","MUL",1581054.66879392,1,0,0,0,3
"1213793","Sapporo","School","JuniorHighSchool","ZoneC","GHP","MUL",326053.476987616,0,0,0,0,3
"1213794","Sapporo","School","JuniorHighSchool","ZoneC","GHP","MUL",409166.048376253,1,0,0,0,3
"1213985","Sapporo","School","JuniorHighSchool","ZoneC","ABCH","FCU",83408.3335376306,0,0,0,0,3
"1213986","Sapporo","School","JuniorHighSchool","ZoneC","ABCH","FCU",104669.511733307,1,0,0,0,3
"1214177","Sapporo","School","JuniorHighSchool","ZoneC","ABCH","OHUFCU",54206.1964369507,0,0,0,0,3
"1214178","Sapporo","School","JuniorHighSchool","ZoneC","ABCH","OHUFCU",68023.6119501844,1,0,0,0,3
"1214369","Sapporo","School","JuniorHighSchool","ZoneC","AHP","FCU",41132.4790135132,0,0,0,0,3
"1214370","Sapporo","School","JuniorHighSchool","ZoneC","AHP","FCU",51617.3422021736,1,0,0,0,3
"1214561","Sapporo","School","JuniorHighSchool","ZoneC","AHP","OHUFCU",26731.5643746715,0,0,0,0,3
"1214562","Sapporo","School","JuniorHighSchool","ZoneC","AHP","OHUFCU",33545.5663995731,1,0,0,0,3
"1216545","Sapporo","School","HighSchool","ZoneC","EHP","MUL",1116788.34923115,0,0,0,0,3
"1216546","Sapporo","School","HighSchool","ZoneC","EHP","MUL",1401462.97456875,1,0,0,0,3
"1216609","Sapporo","School","HighSchool","ZoneC","GHP","MUL",289017.125559692,0,0,0,0,3
"1216610","Sapporo","School","HighSchool","ZoneC","GHP","MUL",362688.956029179,1,0,0,0,3
"1216801","Sapporo","School","HighSchool","ZoneC","ABCH","FCU",73933.9970531448,0,0,0,0,3
"1216802","Sapporo","School","HighSchool","ZoneC","ABCH","FCU",92780.1221271618,1,0,0,0,3
"1216993","Sapporo","School","HighSchool","ZoneC","ABCH","OHUFCU",48048.92506123,0,0,0,0,3
"1216994","Sapporo","School","HighSchool","ZoneC","ABCH","OHUFCU",60296.8230170933,1,0,0,0,3
"1217185","Sapporo","School","HighSchool","ZoneC","AHP","FCU",60155.379817208,0,0,0,0,3
"1217186","Sapporo","School","HighSchool","ZoneC","AHP","FCU",75489.2702748708,1,0,0,0,3
"1219361","Sendai","School","ElementarySchool","ZoneC","EHP","MUL",4644373.72160824,0,0,0,0,3
"1219362","Sendai","School","ElementarySchool","ZoneC","EHP","MUL",5828246.52081575,1,0,0,0,3
"1219425","Sendai","School","ElementarySchool","ZoneC","GHP","MUL",864586.201581267,0,0,0,0,3
"1219426","Sendai","School","ElementarySchool","ZoneC","GHP","MUL",1084973.30821311,1,0,0,0,3
"1219489","Sendai","School","ElementarySchool","ZoneC","ABCH","CAV",43276.8762325408,0,0,0,0,3
"1219490","Sendai","School","ElementarySchool","ZoneC","ABCH","CAV",54308.3564013317,1,0,0,0,3
"1219617","Sendai","School","ElementarySchool","ZoneC","ABCH","FCU",204658.914143056,0,0,0,0,3
"1219618","Sendai","School","ElementarySchool","ZoneC","ABCH","FCU",256827.438058786,1,0,0,0,3
"1219809","Sendai","School","ElementarySchool","ZoneC","ABCH","OHUFCU",158192.044986016,0,0,0,0,3
"1219810","Sendai","School","ElementarySchool","ZoneC","ABCH","OHUFCU",198515.944468659,1,0,0,0,3
"1220001","Sendai","School","ElementarySchool","ZoneC","AHP","FCU",109406.3255208,0,0,0,0,3
"1220002","Sendai","School","ElementarySchool","ZoneC","AHP","FCU",137294.514673775,1,0,0,0,3
"1220193","Sendai","School","ElementarySchool","ZoneC","AHP","OHUFCU",84566.120371593,0,0,0,0,3
"1220194","Sendai","School","ElementarySchool","ZoneC","AHP","OHUFCU",106122.42390002,1,0,0,0,3
"1222177","Sendai","School","JuniorHighSchool","ZoneC","EHP","MUL",2975203.35114638,0,0,0,0,3
"1222178","Sendai","School","JuniorHighSchool","ZoneC","EHP","MUL",3733596.73864353,1,0,0,0,3
"1222241","Sendai","School","JuniorHighSchool","ZoneC","GHP","MUL",553857.186886495,0,0,0,0,3
"1222242","Sendai","School","JuniorHighSchool","ZoneC","GHP","MUL",695037.999952818,1,0,0,0,3
"1222305","Sendai","School","JuniorHighSchool","ZoneC","ABCH","CAV",27723.3304019334,0,0,0,0,3
"1222306","Sendai","School","JuniorHighSchool","ZoneC","ABCH","CAV",34790.1382717631,1,0,0,0,3
"1222433","Sendai","School","JuniorHighSchool","ZoneC","ABCH","FCU",131105.273541499,0,0,0,0,3
"1222434","Sendai","School","JuniorHighSchool","ZoneC","ABCH","FCU",164524.627039325,1,0,0,0,3
"1222625","Sendai","School","JuniorHighSchool","ZoneC","ABCH","OHUFCU",101338.421621273,0,0,0,0,3
"1222626","Sendai","School","JuniorHighSchool","ZoneC","ABCH","OHUFCU",127170.06396174,1,0,0,0,3
"1222817","Sendai","School","JuniorHighSchool","ZoneC","AHP","FCU",70086.1054336902,0,0,0,0,3
"1222818","Sendai","School","JuniorHighSchool","ZoneC","AHP","FCU",87951.3847584996,1,0,0,0,3
"1223009","Sendai","School","JuniorHighSchool","ZoneC","AHP","OHUFCU",54173.376176086,0,0,0,0,3
"1223010","Sendai","School","JuniorHighSchool","ZoneC","AHP","OHUFCU",67982.4256497998,1,0,0,0,3
"1224993","Sendai","School","HighSchool","ZoneC","EHP","MUL",2822539.41883213,0,0,0,0,3
"1224994","Sendai","School","HighSchool","ZoneC","EHP","MUL",3542018.04887856,1,0,0,0,3
"1225057","Sendai","School","HighSchool","ZoneC","GHP","MUL",525437.611445368,0,0,0,0,3
"1225058","Sendai","School","HighSchool","ZoneC","GHP","MUL",659374.140492677,1,0,0,0,3
"1225121","Sendai","School","HighSchool","ZoneC","ABCH","CAV",26300.7880959174,0,0,0,0,3
"1225122","Sendai","School","HighSchool","ZoneC","ABCH","CAV",33004.9832126049,1,0,0,0,3
"1225249","Sendai","School","HighSchool","ZoneC","ABCH","FCU",124377.986615626,0,0,0,0,3
"1225250","Sendai","School","HighSchool","ZoneC","ABCH","FCU",156082.522899896,1,0,0,0,3
"1225441","Sendai","School","HighSchool","ZoneC","ABCH","OHUFCU",96138.5343822168,0,0,0,0,3
"1225442","Sendai","School","HighSchool","ZoneC","ABCH","OHUFCU",120644.700903926,1,0,0,0,3
"1225633","Sendai","School","HighSchool","ZoneC","AHP","FCU",66489.8401727038,0,0,0,0,3
"1225634","Sendai","School","HighSchool","ZoneC","AHP","FCU",83438.4144956293,1,0,0,0,3
"1225825","Sendai","School","HighSchool","ZoneC","AHP","OHUFCU",51393.6264723914,0,0,0,0,3
"1225826","Sendai","School","HighSchool","ZoneC","AHP","OHUFCU",64494.1046165634,1,0,0,0,3
"1227777","Tokyo","School","ElementarySchool","ZoneC","EHP","MUL",4962035.2204055,0,0,0,0,1
"1227778","Tokyo","School","ElementarySchool","ZoneC","EHP","MUL",6226881.43612163,1,0,0,0,1
"1227793","Tokyo","School","ElementarySchool","ZoneC","EHP","MUL",5979201.02324144,0,0,0,0,2
"1227794","Tokyo","School","ElementarySchool","ZoneC","EHP","MUL",7503327.60665474,1,0,0,0,2
"1227841","Tokyo","School","ElementarySchool","ZoneC","GHP","MUL",2152546.10398854,0,0,0,0,1
"1227842","Tokyo","School","ElementarySchool","ZoneC","GHP","MUL",2701240.27338661,1,0,0,0,1
"1227857","Tokyo","School","ElementarySchool","ZoneC","GHP","MUL",2593795.75030321,0,0,0,0,2
"1227858","Tokyo","School","ElementarySchool","ZoneC","GHP","MUL",3254966.53877729,1,0,0,0,2
"1227905","Tokyo","School","ElementarySchool","ZoneC","ABCH","CAV",110542.229217337,0,0,0,0,1
"1227906","Tokyo","School","ElementarySchool","ZoneC","ABCH","CAV",138719.965587969,1,0,0,0,1
"1227921","Tokyo","School","ElementarySchool","ZoneC","ABCH","CAV",133202.240751866,0,0,0,0,2
"1227922","Tokyo","School","ElementarySchool","ZoneC","ABCH","CAV",167156.121096581,1,0,0,0,2
"1227969","Tokyo","School","ElementarySchool","ZoneC","ABCH","VAV",60806.5630713299,0,0,0,0,1
"1227970","Tokyo","School","ElementarySchool","ZoneC","ABCH","VAV",76306.4432163142,1,0,0,0,1
"1227985","Tokyo","School","ElementarySchool","ZoneC","ABCH","VAV",73271.2784142995,0,0,0,0,2
"1227986","Tokyo","School","ElementarySchool","ZoneC","ABCH","VAV",91948.4733769418,1,0,0,0,2
"1228033","Tokyo","School","ElementarySchool","ZoneC","ABCH","FCU",568695.524264997,0,0,0,0,1
"1228034","Tokyo","School","ElementarySchool","ZoneC","ABCH","FCU",713658.699617569,1,0,0,0,1
"1228049","Tokyo","School","ElementarySchool","ZoneC","ABCH","FCU",685272.213831691,0,0,0,0,2
"1228050","Tokyo","School","ElementarySchool","ZoneC","ABCH","FCU",859951.338001554,1,0,0,0,2
"1228225","Tokyo","School","ElementarySchool","ZoneC","ABCH","OHUFCU",456769.79428269,0,0,0,0,1
"1228226","Tokyo","School","ElementarySchool","ZoneC","ABCH","OHUFCU",573202.572384713,1,0,0,0,1
"1228241","Tokyo","School","ElementarySchool","ZoneC","ABCH","OHUFCU",550402.868994078,0,0,0,0,2
"1228242","Tokyo","School","ElementarySchool","ZoneC","ABCH","OHUFCU",690703.160113248,1,0,0,0,2
"1228289","Tokyo","School","ElementarySchool","ZoneC","AHP","CAV",54859.8062069741,0,0,0,0,1
"1228290","Tokyo","School","ElementarySchool","ZoneC","AHP","CAV",68843.8299378942,1,0,0,0,1
"1228305","Tokyo","School","ElementarySchool","ZoneC","AHP","CAV",66105.4980139301,0,0,0,0,2
"1228306","Tokyo","School","ElementarySchool","ZoneC","AHP","CAV",82956.1017051547,1,0,0,0,2
"1228353","Tokyo","School","ElementarySchool","ZoneC","AHP","VAV",30177.0308941999,0,0,0,0,1
"1228354","Tokyo","School","ElementarySchool","ZoneC","AHP","VAV",37869.298609494,1,0,0,0,1
"1228369","Tokyo","School","ElementarySchool","ZoneC","AHP","VAV",36363.0095286271,0,0,0,0,2
"1228370","Tokyo","School","ElementarySchool","ZoneC","AHP","VAV",45632.1124171342,1,0,0,0,2
"1228417","Tokyo","School","ElementarySchool","ZoneC","AHP","FCU",282231.745033944,0,0,0,0,1
"1228418","Tokyo","School","ElementarySchool","ZoneC","AHP","FCU",354173.949956861,1,0,0,0,1
"1228433","Tokyo","School","ElementarySchool","ZoneC","AHP","FCU",340086.328238571,0,0,0,0,2
"1228434","Tokyo","School","ElementarySchool","ZoneC","AHP","FCU",426775.939694857,1,0,0,0,2
"1228609","Tokyo","School","ElementarySchool","ZoneC","AHP","OHUFCU",226685.336210116,0,0,0,0,1
"1228610","Tokyo","School","ElementarySchool","ZoneC","AHP","OHUFCU",284468.499151929,1,0,0,0,1
"1228625","Tokyo","School","ElementarySchool","ZoneC","AHP","OHUFCU",273153.481186011,0,0,0,0,2
"1228626","Tokyo","School","ElementarySchool","ZoneC","AHP","OHUFCU",342781.593773166,1,0,0,0,2
"1229953","Tokyo","School","ElementarySchool","ZoneC","AHP+TESICE","FCU",52333.4594196108,0,0,0,0,1
"1229954","Tokyo","School","ElementarySchool","ZoneC","AHP+TESICE","FCU",65673.5054213036,1,0,0,0,1
"1229969","Tokyo","School","ElementarySchool","ZoneC","AHP+TESICE","FCU",34972.0901773042,0,0,0,0,2
"1229970","Tokyo","School","ElementarySchool","ZoneC","AHP+TESICE","FCU",43886.6411531904,1,0,0,0,2
"1230161","Tokyo","School","ElementarySchool","ZoneC","AHP+TESICE","OHUFCU",28089.1861362345,0,0,0,0,2
"1230162","Tokyo","School","ElementarySchool","ZoneC","AHP+TESICE","OHUFCU",35249.2523608469,1,0,0,0,2
"1230593","Tokyo","School","JuniorHighSchool","ZoneC","EHP","MUL",3026067.32203712,0,0,0,0,1
"1230594","Tokyo","School","JuniorHighSchool","ZoneC","EHP","MUL",3797426.17596885,1,0,0,0,1
"1230609","Tokyo","School","JuniorHighSchool","ZoneC","EHP","MUL",3646379.76649493,0,0,0,0,2
"1230610","Tokyo","School","JuniorHighSchool","ZoneC","EHP","MUL",4575859.19254748,1,0,0,0,2
"1230657","Tokyo","School","JuniorHighSchool","ZoneC","GHP","MUL",1312717.28940403,0,0,0,0,1
"1230658","Tokyo","School","JuniorHighSchool","ZoneC","GHP","MUL",1647335.12705656,1,0,0,0,1
"1230673","Tokyo","School","JuniorHighSchool","ZoneC","GHP","MUL",1581810.73116,0,0,0,0,2
"1230674","Tokyo","School","JuniorHighSchool","ZoneC","GHP","MUL",1985021.7581715,1,0,0,0,2
"1230721","Tokyo","School","JuniorHighSchool","ZoneC","ABCH","CAV",67413.5133430965,0,0,0,0,1
"1230722","Tokyo","School","JuniorHighSchool","ZoneC","ABCH","CAV",84597.5363200992,1,0,0,0,1
"1230737","Tokyo","School","JuniorHighSchool","ZoneC","ABCH","CAV",81232.5850295766,0,0,0,0,2
"1230738","Tokyo","School","JuniorHighSchool","ZoneC","ABCH","CAV",101939.154653462,1,0,0,0,2
"1230785","Tokyo","School","JuniorHighSchool","ZoneC","ABCH","VAV",37082.5166090827,0,0,0,0,1
"1230786","Tokyo","School","JuniorHighSchool","ZoneC","ABCH","VAV",46535.0252509694,1,0,0,0,1
"1230801","Tokyo","School","JuniorHighSchool","ZoneC","ABCH","VAV",44684.0482593906,0,0,0,0,2
"1230802","Tokyo","School","JuniorHighSchool","ZoneC","ABCH","VAV",56074.2232245633,1,0,0,0,2
"1230849","Tokyo","School","JuniorHighSchool","ZoneC","ABCH","FCU",346815.543567714,0,0,0,0,1
"1230850","Tokyo","School","JuniorHighSchool","ZoneC","ABCH","FCU",435220.463796657,1,0,0,0,1
"1230865","Tokyo","School","JuniorHighSchool","ZoneC","ABCH","FCU",417909.136244835,0,0,0,0,2
"1230866","Tokyo","School","JuniorHighSchool","ZoneC","ABCH","FCU",524436.149055778,1,0,0,0,2
"1231041","Tokyo","School","JuniorHighSchool","ZoneC","ABCH","OHUFCU",278558.310607782,0,0,0,0,1
"1231042","Tokyo","School","JuniorHighSchool","ZoneC","ABCH","OHUFCU",349564.139744104,1,0,0,0,1
"1231057","Tokyo","School","JuniorHighSchool","ZoneC","ABCH","OHUFCU",335659.87781972,0,0,0,0,2
"1231058","Tokyo","School","JuniorHighSchool","ZoneC","ABCH","OHUFCU",421221.166156024,1,0,0,0,2
"1231105","Tokyo","School","JuniorHighSchool","ZoneC","AHP","CAV",35246.7027867257,0,0,0,0,1
"1231106","Tokyo","School","JuniorHighSchool","ZoneC","AHP","CAV",44231.2538138782,1,0,0,0,1
"1231121","Tokyo","School","JuniorHighSchool","ZoneC","AHP","CAV",40314.0401995366,0,0,0,0,2
"1231122","Tokyo","School","JuniorHighSchool","ZoneC","AHP","CAV",50590.2794686415,1,0,0,0,2
"1231186","Tokyo","School","JuniorHighSchool","ZoneC","AHP","VAV",50004.2317446994,1,0,0,0,2
"1231233","Tokyo","School","JuniorHighSchool","ZoneC","AHP","FCU",181330.178175616,0,0,0,0,1
"1231234","Tokyo","School","JuniorHighSchool","ZoneC","AHP","FCU",227552.097100612,1,0,0,0,1
"1231249","Tokyo","School","JuniorHighSchool","ZoneC","AHP","FCU",207399.600938389,0,0,0,0,2
"1231250","Tokyo","School","JuniorHighSchool","ZoneC","AHP","FCU",260266.738863806,1,0,0,0,2
"1231425","Tokyo","School","JuniorHighSchool","ZoneC","AHP","OHUFCU",145642.342252591,0,0,0,0,1
"1231426","Tokyo","School","JuniorHighSchool","ZoneC","AHP","OHUFCU",182767.263230312,1,0,0,0,1
"1231441","Tokyo","School","JuniorHighSchool","ZoneC","AHP","OHUFCU",166581.006905896,0,0,0,0,2
"1231442","Tokyo","School","JuniorHighSchool","ZoneC","AHP","OHUFCU",209043.292406943,1,0,0,0,2
"1232769","Tokyo","School","JuniorHighSchool","ZoneC","AHP+TESICE","FCU",31915.245330705,0,0,0,0,1
"1232770","Tokyo","School","JuniorHighSchool","ZoneC","AHP+TESICE","FCU",40050.5921162715,1,0,0,0,1
"1232785","Tokyo","School","JuniorHighSchool","ZoneC","AHP+TESICE","FCU",38457.5399129792,0,0,0,0,2
"1232786","Tokyo","School","JuniorHighSchool","ZoneC","AHP+TESICE","FCU",48260.5484899132,1,0,0,0,2
"1233409","Tokyo","School","HighSchool","ZoneC","EHP","MUL",2669304.86657429,0,0,0,0,1
"1233410","Tokyo","School","HighSchool","ZoneC","EHP","MUL",3349723.28545106,1,0,0,0,1
"1233425","Tokyo","School","HighSchool","ZoneC","EHP","MUL",3216484.70448787,0,0,0,0,2
"1233426","Tokyo","School","HighSchool","ZoneC","EHP","MUL",4036381.8486375,1,0,0,0,2
"1233473","Tokyo","School","HighSchool","ZoneC","GHP","MUL",1157952.64154384,0,0,0,0,1
"1233474","Tokyo","School","HighSchool","ZoneC","GHP","MUL",1453120.23943033,1,0,0,0,1
"1233489","Tokyo","School","HighSchool","ZoneC","GHP","MUL",1395320.93418279,0,0,0,0,2
"1233490","Tokyo","School","HighSchool","ZoneC","GHP","MUL",1750994.83106544,1,0,0,0,2
"1233537","Tokyo","School","HighSchool","ZoneC","ABCH","CAV",59465.7025404379,0,0,0,0,1
"1233538","Tokyo","School","HighSchool","ZoneC","ABCH","CAV",74623.7910025805,1,0,0,0,1
"1233553","Tokyo","School","HighSchool","ZoneC","ABCH","CAV",71655.5553687709,0,0,0,0,2
"1233554","Tokyo","School","HighSchool","ZoneC","ABCH","CAV",89920.8948952853,1,0,0,0,2
"1233601","Tokyo","School","HighSchool","ZoneC","ABCH","VAV",32710.6212504259,0,0,0,0,1
"1233602","Tokyo","School","HighSchool","ZoneC","ABCH","VAV",41048.7131148653,1,0,0,0,1
"1233617","Tokyo","School","HighSchool","ZoneC","ABCH","VAV",39415.9596544392,0,0,0,0,2
"1233618","Tokyo","School","HighSchool","ZoneC","ABCH","VAV",49463.2739505405,1,0,0,0,2
"1233665","Tokyo","School","HighSchool","ZoneC","ABCH","FCU",305927.238137484,0,0,0,0,1
"1233666","Tokyo","School","HighSchool","ZoneC","ABCH","FCU",383909.536177494,1,0,0,0,1
"1233681","Tokyo","School","HighSchool","ZoneC","ABCH","FCU",368639.151892113,0,0,0,0,2
"1233682","Tokyo","School","HighSchool","ZoneC","ABCH","FCU",462607.012966151,1,0,0,0,2
"1233857","Tokyo","School","HighSchool","ZoneC","ABCH","OHUFCU",245717.287489001,0,0,0,0,1
"1233858","Tokyo","School","HighSchool","ZoneC","ABCH","OHUFCU",308351.784708691,1,0,0,0,1
"1233873","Tokyo","School","HighSchool","ZoneC","ABCH","OHUFCU",296086.785265156,0,0,0,0,2
"1233874","Tokyo","School","HighSchool","ZoneC","ABCH","OHUFCU",371560.705386906,1,0,0,0,2
"1233921","Tokyo","School","HighSchool","ZoneC","AHP","CAV",31091.2432760974,0,0,0,0,1
"1233922","Tokyo","School","HighSchool","ZoneC","AHP","CAV",39016.5480457939,1,0,0,0,1
"1233937","Tokyo","School","HighSchool","ZoneC","AHP","CAV",37464.6259756089,0,0,0,0,2
"1233938","Tokyo","School","HighSchool","ZoneC","AHP","CAV",47014.5360999062,1,0,0,0,2
"1234049","Tokyo","School","HighSchool","ZoneC","AHP","FCU",159952.002236062,0,0,0,0,1
"1234050","Tokyo","School","HighSchool","ZoneC","AHP","FCU",200724.523134849,1,0,0,0,1
"1234065","Tokyo","School","HighSchool","ZoneC","AHP","FCU",192740.50524801,0,0,0,0,2
"1234066","Tokyo","School","HighSchool","ZoneC","AHP","FCU",241870.970440122,1,0,0,0,2
"1234241","Tokyo","School","HighSchool","ZoneC","AHP","OHUFCU",128471.63383411,0,0,0,0,1
"1234242","Tokyo","School","HighSchool","ZoneC","AHP","OHUFCU",161219.6601306,1,0,0,0,1
"1234257","Tokyo","School","HighSchool","ZoneC","AHP","OHUFCU",154806.98752792,0,0,0,0,2
"1234258","Tokyo","School","HighSchool","ZoneC","AHP","OHUFCU",194268.019875269,1,0,0,0,2
"1235585","Tokyo","School","HighSchool","ZoneC","AHP+TESICE","FCU",28152.5526741464,0,0,0,0,1
"1235586","Tokyo","School","HighSchool","ZoneC","AHP+TESICE","FCU",35328.7713285826,1,0,0,0,1
"1235601","Tokyo","School","HighSchool","ZoneC","AHP+TESICE","FCU",33923.5342514072,0,0,0,0,2
"1235602","Tokyo","School","HighSchool","ZoneC","AHP+TESICE","FCU",42570.8033689576,1,0,0,0,2
"1236225","Nigata","School","ElementarySchool","ZoneC","EHP","MUL",1396953.57759028,0,0,0,0,1
"1236226","Nigata","School","ElementarySchool","ZoneC","EHP","MUL",1753043.64298924,1,0,0,0,1
"1236241","Nigata","School","ElementarySchool","ZoneC","EHP","MUL",1683314.58555548,0,0,0,0,2
"1236242","Nigata","School","ElementarySchool","ZoneC","EHP","MUL",2112399.42450301,1,0,0,0,2
"1236289","Nigata","School","ElementarySchool","ZoneC","GHP","MUL",265392.676096182,0,0,0,0,1
"1236290","Nigata","School","ElementarySchool","ZoneC","GHP","MUL",333042.522807991,1,0,0,0,1
"1236305","Nigata","School","ElementarySchool","ZoneC","GHP","MUL",319795.424657505,0,0,0,0,2
"1236306","Nigata","School","ElementarySchool","ZoneC","GHP","MUL",401312.788947461,1,0,0,0,2
"1236481","Nigata","School","ElementarySchool","ZoneC","ABCH","FCU",81836.098459764,0,0,0,0,1
"1236482","Nigata","School","ElementarySchool","ZoneC","ABCH","FCU",102696.506507683,1,0,0,0,1
"1236497","Nigata","School","ElementarySchool","ZoneC","ABCH","FCU",98611.6506461883,0,0,0,0,2
"1236498","Nigata","School","ElementarySchool","ZoneC","ABCH","FCU",123748.22618528,1,0,0,0,2
"1236673","Nigata","School","ElementarySchool","ZoneC","ABCH","OHUFCU",60858.239216726,0,0,0,0,1
"1236674","Nigata","School","ElementarySchool","ZoneC","ABCH","OHUFCU",76371.2918552625,1,0,0,0,1
"1236689","Nigata","School","ElementarySchool","ZoneC","ABCH","OHUFCU",73333.5476340258,0,0,0,0,2
"1236690","Nigata","School","ElementarySchool","ZoneC","ABCH","OHUFCU",92026.6153149033,1,0,0,0,2
"1236865","Nigata","School","ElementarySchool","ZoneC","AHP","FCU",38212.7447112257,0,0,0,0,1
"1236866","Nigata","School","ElementarySchool","ZoneC","AHP","FCU",47953.3538349495,1,0,0,0,1
"1236881","Nigata","School","ElementarySchool","ZoneC","AHP","FCU",46045.9614108812,0,0,0,0,2
"1236882","Nigata","School","ElementarySchool","ZoneC","AHP","FCU",57783.2944713276,1,0,0,0,2
"1237057","Nigata","School","ElementarySchool","ZoneC","AHP","OHUFCU",28417.2926438674,0,0,0,0,1
"1237058","Nigata","School","ElementarySchool","ZoneC","AHP","OHUFCU",35660.9947670772,1,0,0,0,1
"1237073","Nigata","School","ElementarySchool","ZoneC","AHP","OHUFCU",34242.543171646,0,0,0,0,2
"1237074","Nigata","School","ElementarySchool","ZoneC","AHP","OHUFCU",42971.129169795,1,0,0,0,2
"1239041","Nigata","School","JuniorHighSchool","ZoneC","EHP","MUL",873063.233019506,0,0,0,0,1
"1239042","Nigata","School","JuniorHighSchool","ZoneC","EHP","MUL",1095611.17500597,1,0,0,0,1
"1239057","Nigata","School","JuniorHighSchool","ZoneC","EHP","MUL",1052032.14897739,0,0,0,0,2
"1239058","Nigata","School","JuniorHighSchool","ZoneC","EHP","MUL",1320200.11299621,1,0,0,0,2
"1239105","Nigata","School","JuniorHighSchool","ZoneC","GHP","MUL",165864.200163271,0,0,0,0,1
"1239106","Nigata","School","JuniorHighSchool","ZoneC","GHP","MUL",208143.768239805,1,0,0,0,1
"1239121","Nigata","School","JuniorHighSchool","ZoneC","GHP","MUL",199864.642487223,0,0,0,0,2
"1239122","Nigata","School","JuniorHighSchool","ZoneC","GHP","MUL",250811.083912273,1,0,0,0,2
"1239297","Nigata","School","JuniorHighSchool","ZoneC","ABCH","FCU",51145.6428081391,0,0,0,0,1
"1239298","Nigata","School","JuniorHighSchool","ZoneC","ABCH","FCU",64182.908744949,1,0,0,0,1
"1239313","Nigata","School","JuniorHighSchool","ZoneC","ABCH","FCU",61629.9696050477,0,0,0,0,2
"1239314","Nigata","School","JuniorHighSchool","ZoneC","ABCH","FCU",77339.7399648145,1,0,0,0,2
"1239489","Nigata","School","JuniorHighSchool","ZoneC","ABCH","OHUFCU",38034.9726281406,0,0,0,0,1
"1239490","Nigata","School","JuniorHighSchool","ZoneC","ABCH","OHUFCU",47730.2668081846,1,0,0,0,1
"1239505","Nigata","School","JuniorHighSchool","ZoneC","ABCH","OHUFCU",45831.7478928644,0,0,0,0,2
"1239506","Nigata","School","JuniorHighSchool","ZoneC","ABCH","OHUFCU",57514.4769157368,1,0,0,0,2
"1239681","Nigata","School","JuniorHighSchool","ZoneC","AHP","FCU",41642.2111390375,0,0,0,0,1
"1239682","Nigata","School","JuniorHighSchool","ZoneC","AHP","FCU",52257.0074541993,1,0,0,0,1
"1239697","Nigata","School","JuniorHighSchool","ZoneC","AHP","FCU",50178.432919753,0,0,0,0,2
"1239698","Nigata","School","JuniorHighSchool","ZoneC","AHP","FCU",62969.1524874245,1,0,0,0,2
"1241857","Nigata","School","HighSchool","ZoneC","EHP","MUL",781667.091739594,0,0,0,0,1
"1241858","Nigata","School","HighSchool","ZoneC","EHP","MUL",980917.725606692,1,0,0,0,1
"1241873","Nigata","School","HighSchool","ZoneC","EHP","MUL",941900.745795514,0,0,0,0,2
"1241874","Nigata","School","HighSchool","ZoneC","EHP","MUL",1181995.69494066,1,0,0,0,2
"1241921","Nigata","School","HighSchool","ZoneC","GHP","MUL",148500.798180378,0,0,0,0,1
"1241922","Nigata","School","HighSchool","ZoneC","GHP","MUL",186354.353075929,1,0,0,0,1
"1241937","Nigata","School","HighSchool","ZoneC","GHP","MUL",178941.923019991,0,0,0,0,2
"1241938","Nigata","School","HighSchool","ZoneC","GHP","MUL",224555.064424963,1,0,0,0,2
"1242113","Nigata","School","HighSchool","ZoneC","ABCH","FCU",45791.4895015364,0,0,0,0,1
"1242114","Nigata","School","HighSchool","ZoneC","ABCH","FCU",57463.9564702997,1,0,0,0,1
"1242129","Nigata","School","HighSchool","ZoneC","ABCH","FCU",55178.2703511245,0,0,0,0,2
"1242130","Nigata","School","HighSchool","ZoneC","ABCH","FCU",69243.4720966451,1,0,0,0,2
"1242305","Nigata","School","HighSchool","ZoneC","ABCH","OHUFCU",34053.3025721511,0,0,0,0,1
"1242306","Nigata","School","HighSchool","ZoneC","ABCH","OHUFCU",42733.650247616,1,0,0,0,1
"1242321","Nigata","School","HighSchool","ZoneC","ABCH","OHUFCU",41033.8767340546,0,0,0,0,2
"1242322","Nigata","School","HighSchool","ZoneC","ABCH","OHUFCU",51493.6057359359,1,0,0,0,2
"1242497","Nigata","School","HighSchool","ZoneC","AHP","FCU",37282.9193162579,0,0,0,0,1
"1242498","Nigata","School","HighSchool","ZoneC","AHP","FCU",46786.5115548002,1,0,0,0,1
"1242513","Nigata","School","HighSchool","ZoneC","AHP","FCU",44925.531444934,0,0,0,0,2
"1242514","Nigata","School","HighSchool","ZoneC","AHP","FCU",56377.261614741,1,0,0,0,2
"1244673","Nagoya","School","ElementarySchool","ZoneC","EHP","MUL",2809574.55099642,0,0,0,0,1
"1244674","Nagoya","School","ElementarySchool","ZoneC","EHP","MUL",3525748.37499233,1,0,0,0,1
"1244689","Nagoya","School","ElementarySchool","ZoneC","EHP","MUL",3385508.2207212,0,0,0,0,2
"1244690","Nagoya","School","ElementarySchool","ZoneC","EHP","MUL",4248490.25753656,1,0,0,0,2
"1244737","Nagoya","School","ElementarySchool","ZoneC","GHP","MUL",843395.59986351,0,0,0,0,1
"1244738","Nagoya","School","ElementarySchool","ZoneC","GHP","MUL",1058381.12202428,1,0,0,0,1
"1244753","Nagoya","School","ElementarySchool","ZoneC","GHP","MUL",1016282.95844485,0,0,0,0,2
"1244754","Nagoya","School","ElementarySchool","ZoneC","GHP","MUL",1275338.28493661,1,0,0,0,2
"1244801","Nagoya","School","ElementarySchool","ZoneC","ABCH","CAV",41094.1294898564,0,0,0,0,1
"1244802","Nagoya","School","ElementarySchool","ZoneC","ABCH","CAV",51569.2172037936,1,0,0,0,1
"1244817","Nagoya","School","ElementarySchool","ZoneC","ABCH","CAV",46968.8475254097,0,0,0,0,2
"1244818","Nagoya","School","ElementarySchool","ZoneC","ABCH","CAV",58941.4286156762,1,0,0,0,2
"1244881","Nagoya","School","ElementarySchool","ZoneC","ABCH","VAV",26474.266178659,0,0,0,0,2
"1244882","Nagoya","School","ElementarySchool","ZoneC","ABCH","VAV",33222.6816780561,1,0,0,0,2
"1244929","Nagoya","School","ElementarySchool","ZoneC","ABCH","FCU",217150.979127187,0,0,0,0,1
"1244930","Nagoya","School","ElementarySchool","ZoneC","ABCH","FCU",272503.789413292,1,0,0,0,1
"1244945","Nagoya","School","ElementarySchool","ZoneC","ABCH","FCU",248194.361463135,0,0,0,0,2
"1244946","Nagoya","School","ElementarySchool","ZoneC","ABCH","FCU",311460.276539224,1,0,0,0,2
"1245121","Nagoya","School","ElementarySchool","ZoneC","ABCH","OHUFCU",168538.633410643,0,0,0,0,1
"1245122","Nagoya","School","ElementarySchool","ZoneC","ABCH","OHUFCU",211499.927154544,1,0,0,0,1
"1245137","Nagoya","School","ElementarySchool","ZoneC","ABCH","OHUFCU",192632.511579529,0,0,0,0,2
"1245138","Nagoya","School","ElementarySchool","ZoneC","ABCH","OHUFCU",241735.44867544,1,0,0,0,2
"1245202","Nagoya","School","ElementarySchool","ZoneC","AHP","CAV",54520.8545751042,1,0,0,0,2
"1245313","Nagoya","School","ElementarySchool","ZoneC","AHP","FCU",117328.380786386,0,0,0,0,1
"1245314","Nagoya","School","ElementarySchool","ZoneC","AHP","FCU",147235.939246165,1,0,0,0,1
"1245329","Nagoya","School","ElementarySchool","ZoneC","AHP","FCU",127766.34317964,0,0,0,0,2
"1245330","Nagoya","School","ElementarySchool","ZoneC","AHP","FCU",160334.587556884,1,0,0,0,2
"1245505","Nagoya","School","ElementarySchool","ZoneC","AHP","OHUFCU",91062.7483122649,0,0,0,0,1
"1245506","Nagoya","School","ElementarySchool","ZoneC","AHP","OHUFCU",114275.072989409,1,0,0,0,1
"1245521","Nagoya","School","ElementarySchool","ZoneC","AHP","OHUFCU",99164.0238599128,0,0,0,0,2
"1245522","Nagoya","School","ElementarySchool","ZoneC","AHP","OHUFCU",124441.401940302,1,0,0,0,2
"1247489","Nagoya","School","JuniorHighSchool","ZoneC","EHP","MUL",1765801.63672398,0,0,0,0,1
"1247490","Nagoya","School","JuniorHighSchool","ZoneC","EHP","MUL",2215912.81463963,1,0,0,0,1
"1247505","Nagoya","School","JuniorHighSchool","ZoneC","EHP","MUL",2127772.67475313,0,0,0,0,2
"1247506","Nagoya","School","JuniorHighSchool","ZoneC","EHP","MUL",2670151.98002251,1,0,0,0,2
"1247553","Nagoya","School","JuniorHighSchool","ZoneC","GHP","MUL",530069.340967164,0,0,0,0,1
"1247554","Nagoya","School","JuniorHighSchool","ZoneC","GHP","MUL",665186.519747421,1,0,0,0,1
"1247569","Nagoya","School","JuniorHighSchool","ZoneC","GHP","MUL",638728.063208061,0,0,0,0,2
"1247570","Nagoya","School","JuniorHighSchool","ZoneC","GHP","MUL",801542.863533964,1,0,0,0,2
"1247617","Nagoya","School","JuniorHighSchool","ZoneC","ABCH","CAV",25827.4268206197,0,0,0,0,1
"1247618","Nagoya","School","JuniorHighSchool","ZoneC","ABCH","CAV",32410.9599123249,1,0,0,0,1
"1247633","Nagoya","School","JuniorHighSchool","ZoneC","ABCH","CAV",31121.7816912076,0,0,0,0,2
"1247634","Nagoya","School","JuniorHighSchool","ZoneC","ABCH","CAV",39054.870847163,1,0,0,0,2
"1247745","Nagoya","School","JuniorHighSchool","ZoneC","ABCH","FCU",136478.156176,0,0,0,0,1
"1247746","Nagoya","School","JuniorHighSchool","ZoneC","ABCH","FCU",171267.082836021,1,0,0,0,1
"1247761","Nagoya","School","JuniorHighSchool","ZoneC","ABCH","FCU",164454.76398512,0,0,0,0,2
"1247762","Nagoya","School","JuniorHighSchool","ZoneC","ABCH","FCU",206375.060122413,1,0,0,0,2
"1247937","Nagoya","School","JuniorHighSchool","ZoneC","ABCH","OHUFCU",105925.573187652,0,0,0,0,1
"1247938","Nagoya","School","JuniorHighSchool","ZoneC","ABCH","OHUFCU",132926.502129671,1,0,0,0,1
"1247953","Nagoya","School","JuniorHighSchool","ZoneC","ABCH","OHUFCU",127639.218074573,0,0,0,0,2
"1247954","Nagoya","School","JuniorHighSchool","ZoneC","ABCH","OHUFCU",160175.057662063,1,0,0,0,2
"1248129","Nagoya","School","JuniorHighSchool","ZoneC","AHP","FCU",73740.2204733446,0,0,0,0,1
"1248130","Nagoya","School","JuniorHighSchool","ZoneC","AHP","FCU",92536.9509818719,1,0,0,0,1
"1248145","Nagoya","School","JuniorHighSchool","ZoneC","AHP","FCU",88856.201563245,0,0,0,0,2
"1248146","Nagoya","School","JuniorHighSchool","ZoneC","AHP","FCU",111506.067051503,1,0,0,0,2
"1248321","Nagoya","School","JuniorHighSchool","ZoneC","AHP","OHUFCU",57232.4197474503,0,0,0,0,1
"1248322","Nagoya","School","JuniorHighSchool","ZoneC","AHP","OHUFCU",71821.2338768116,1,0,0,0,1
"1248337","Nagoya","School","JuniorHighSchool","ZoneC","AHP","OHUFCU",68964.4727448294,0,0,0,0,2
"1248338","Nagoya","School","JuniorHighSchool","ZoneC","AHP","OHUFCU",86543.8425992475,1,0,0,0,2
"1250305","Nagoya","School","HighSchool","ZoneC","EHP","MUL",1398706.9102123,0,0,0,0,1
"1250306","Nagoya","School","HighSchool","ZoneC","EHP","MUL",1755243.90837844,1,0,0,0,1
"1250321","Nagoya","School","HighSchool","ZoneC","EHP","MUL",1685427.33319673,0,0,0,0,2
"1250322","Nagoya","School","HighSchool","ZoneC","EHP","MUL",2115050.72149751,1,0,0,0,2
"1250369","Nagoya","School","HighSchool","ZoneC","GHP","MUL",419872.557983333,0,0,0,0,1
"1250370","Nagoya","School","HighSchool","ZoneC","GHP","MUL",526900.056269584,1,0,0,0,1
"1250385","Nagoya","School","HighSchool","ZoneC","GHP","MUL",505942.081588004,0,0,0,0,2
"1250386","Nagoya","School","HighSchool","ZoneC","GHP","MUL",634909.107988078,1,0,0,0,2
"1250450","Nagoya","School","HighSchool","ZoneC","ABCH","CAV",55587.5398456943,1,0,0,0,2
"1250561","Nagoya","School","HighSchool","ZoneC","ABCH","FCU",119623.877740393,0,0,0,0,1
"1250562","Nagoya","School","HighSchool","ZoneC","ABCH","FCU",150116.569216464,1,0,0,0,1
"1250577","Nagoya","School","HighSchool","ZoneC","ABCH","FCU",130266.055948433,0,0,0,0,2
"1250578","Nagoya","School","HighSchool","ZoneC","ABCH","FCU",163471.488917767,1,0,0,0,2
"1250753","Nagoya","School","HighSchool","ZoneC","ABCH","OHUFCU",92844.3655132637,0,0,0,0,1
"1250754","Nagoya","School","HighSchool","ZoneC","ABCH","OHUFCU",116510.832830362,1,0,0,0,1
"1250769","Nagoya","School","HighSchool","ZoneC","ABCH","OHUFCU",101104.140251121,0,0,0,0,2
"1250770","Nagoya","School","HighSchool","ZoneC","ABCH","OHUFCU",126876.063163714,1,0,0,0,2
"1250945","Nagoya","School","HighSchool","ZoneC","AHP","FCU",58410.2731538967,0,0,0,0,1
"1250946","Nagoya","School","HighSchool","ZoneC","AHP","FCU",73299.3276801188,1,0,0,0,1
"1250961","Nagoya","School","HighSchool","ZoneC","AHP","FCU",70383.7738945052,0,0,0,0,2
"1250962","Nagoya","School","HighSchool","ZoneC","AHP","FCU",88324.9303160049,1,0,0,0,2
"1251137","Nagoya","School","HighSchool","ZoneC","AHP","OHUFCU",45334.2999145962,0,0,0,0,1
"1251138","Nagoya","School","HighSchool","ZoneC","AHP","OHUFCU",56890.2270981262,1,0,0,0,1
"1251153","Nagoya","School","HighSchool","ZoneC","AHP","OHUFCU",54627.3616363281,0,0,0,0,2
"1251154","Nagoya","School","HighSchool","ZoneC","AHP","OHUFCU",68552.1341482452,1,0,0,0,2
"1253121","Osaka","School","ElementarySchool","ZoneC","EHP","MUL",3186179.83315343,0,0,0,0,1
"1253122","Osaka","School","ElementarySchool","ZoneC","EHP","MUL",3998352.12245569,1,0,0,0,1
"1253137","Osaka","School","ElementarySchool","ZoneC","EHP","MUL",3839313.68328043,0,0,0,0,2
"1253138","Osaka","School","ElementarySchool","ZoneC","EHP","MUL",4817972.87603957,1,0,0,0,2
"1253185","Osaka","School","ElementarySchool","ZoneC","GHP","MUL",1218442.90982216,0,0,0,0,1
"1253186","Osaka","School","ElementarySchool","ZoneC","GHP","MUL",1529029.76281689,1,0,0,0,1
"1253201","Osaka","School","ElementarySchool","ZoneC","GHP","MUL",1468211.080649,0,0,0,0,2
"1253202","Osaka","School","ElementarySchool","ZoneC","GHP","MUL",1842465.02016047,1,0,0,0,2
"1253249","Osaka","School","ElementarySchool","ZoneC","ABCH","CAV",63051.1730908375,0,0,0,0,1
"1253250","Osaka","School","ElementarySchool","ZoneC","ABCH","CAV",79123.2149321469,1,0,0,0,1
"1253265","Osaka","School","ElementarySchool","ZoneC","ABCH","CAV",75976.0102288231,0,0,0,0,2
"1253266","Osaka","School","ElementarySchool","ZoneC","ABCH","CAV",95342.6541067126,1,0,0,0,2
"1253313","Osaka","School","ElementarySchool","ZoneC","ABCH","VAV",32942.3451531172,0,0,0,0,1
"1253314","Osaka","School","ElementarySchool","ZoneC","ABCH","VAV",41339.504534894,1,0,0,0,1
"1253329","Osaka","School","ElementarySchool","ZoneC","ABCH","VAV",39695.1845560247,0,0,0,0,2
"1253330","Osaka","School","ElementarySchool","ZoneC","ABCH","VAV",49813.674598451,1,0,0,0,2
"1253377","Osaka","School","ElementarySchool","ZoneC","ABCH","FCU",306428.821812453,0,0,0,0,1
"1253378","Osaka","School","ElementarySchool","ZoneC","ABCH","FCU",384538.975900429,1,0,0,0,1
"1253393","Osaka","School","ElementarySchool","ZoneC","ABCH","FCU",369243.555022965,0,0,0,0,2
"1253394","Osaka","School","ElementarySchool","ZoneC","ABCH","FCU",463365.48130994,1,0,0,0,2
"1253569","Osaka","School","ElementarySchool","ZoneC","ABCH","OHUFCU",245867.514644735,0,0,0,0,1
"1253570","Osaka","School","ElementarySchool","ZoneC","ABCH","OHUFCU",308540.305476016,1,0,0,0,1
"1253585","Osaka","School","ElementarySchool","ZoneC","ABCH","OHUFCU",296267.80743114,0,0,0,0,2
"1253586","Osaka","School","ElementarySchool","ZoneC","ABCH","OHUFCU",371787.870958052,1,0,0,0,2
"1253633","Osaka","School","ElementarySchool","ZoneC","AHP","CAV",32851.1447671643,0,0,0,0,1
"1253634","Osaka","School","ElementarySchool","ZoneC","AHP","CAV",41225.0567397794,1,0,0,0,1
"1253649","Osaka","School","ElementarySchool","ZoneC","AHP","CAV",39585.2890359836,0,0,0,0,2
"1253650","Osaka","School","ElementarySchool","ZoneC","AHP","CAV",49675.7661912631,1,0,0,0,2
"1253761","Osaka","School","ElementarySchool","ZoneC","AHP","FCU",159656.626399159,0,0,0,0,1
"1253762","Osaka","School","ElementarySchool","ZoneC","AHP","FCU",200353.85460192,1,0,0,0,1
"1253777","Osaka","School","ElementarySchool","ZoneC","AHP","FCU",192384.580425271,0,0,0,0,2
"1253778","Osaka","School","ElementarySchool","ZoneC","AHP","FCU",241424.318698865,1,0,0,0,2
"1253953","Osaka","School","ElementarySchool","ZoneC","AHP","OHUFCU",128102.760364198,0,0,0,0,1
"1253954","Osaka","School","ElementarySchool","ZoneC","AHP","OHUFCU",160756.759070842,1,0,0,0,1
"1253969","Osaka","School","ElementarySchool","ZoneC","AHP","OHUFCU",154362.498818997,0,0,0,0,2
"1253970","Osaka","School","ElementarySchool","ZoneC","AHP","OHUFCU",193710.228894912,1,0,0,0,2
"1255297","Osaka","School","ElementarySchool","ZoneC","AHP+TESICE","FCU",27992.7753901393,0,0,0,0,1
"1255298","Osaka","School","ElementarySchool","ZoneC","AHP+TESICE","FCU",35128.2660601783,1,0,0,0,1
"1255313","Osaka","School","ElementarySchool","ZoneC","AHP+TESICE","FCU",33731.0042798146,0,0,0,0,2
"1255314","Osaka","School","ElementarySchool","ZoneC","AHP+TESICE","FCU",42329.1965981959,1,0,0,0,2
"1255937","Osaka","School","JuniorHighSchool","ZoneC","EHP","MUL",1909508.9326476,0,0,0,0,1
"1255938","Osaka","School","JuniorHighSchool","ZoneC","EHP","MUL",2396251.77909158,1,0,0,0,1
"1255953","Osaka","School","JuniorHighSchool","ZoneC","EHP","MUL",2300938.47722471,0,0,0,0,2
"1255954","Osaka","School","JuniorHighSchool","ZoneC","EHP","MUL",2887458.56348792,1,0,0,0,2
"1256001","Osaka","School","JuniorHighSchool","ZoneC","GHP","MUL",730224.827869756,0,0,0,0,1
"1256002","Osaka","School","JuniorHighSchool","ZoneC","GHP","MUL",916362.585690335,1,0,0,0,1
"1256017","Osaka","School","JuniorHighSchool","ZoneC","GHP","MUL",879913.350884751,0,0,0,0,2
"1256018","Osaka","School","JuniorHighSchool","ZoneC","GHP","MUL",1104207.42027141,1,0,0,0,2
"1256065","Osaka","School","JuniorHighSchool","ZoneC","ABCH","CAV",40960.2734140872,0,0,0,0,1
"1256066","Osaka","School","JuniorHighSchool","ZoneC","ABCH","CAV",51401.2405820454,1,0,0,0,1
"1256081","Osaka","School","JuniorHighSchool","ZoneC","ABCH","CAV",46848.6824187415,0,0,0,0,2
"1256082","Osaka","School","JuniorHighSchool","ZoneC","ABCH","CAV",58790.6328557217,1,0,0,0,2
"1256146","Osaka","School","JuniorHighSchool","ZoneC","ABCH","VAV",55193.3709543628,1,0,0,0,2
"1256193","Osaka","School","JuniorHighSchool","ZoneC","ABCH","FCU",199067.007132634,0,0,0,0,1
"1256194","Osaka","School","JuniorHighSchool","ZoneC","ABCH","FCU",249810.127538191,1,0,0,0,1
"1256209","Osaka","School","JuniorHighSchool","ZoneC","ABCH","FCU",227684.68615736,0,0,0,0,2
"1256210","Osaka","School","JuniorHighSchool","ZoneC","ABCH","FCU",285722.588121129,1,0,0,0,2
"1256385","Osaka","School","JuniorHighSchool","ZoneC","ABCH","OHUFCU",159724.238738294,0,0,0,0,1
"1256386","Osaka","School","JuniorHighSchool","ZoneC","ABCH","OHUFCU",200438.701645665,1,0,0,0,1
"1256401","Osaka","School","JuniorHighSchool","ZoneC","ABCH","OHUFCU",182686.039704316,0,0,0,0,2
"1256402","Osaka","School","JuniorHighSchool","ZoneC","ABCH","OHUFCU",229253.574137354,1,0,0,0,2
"1256466","Osaka","School","JuniorHighSchool","ZoneC","AHP","CAV",55040.568938912,1,0,0,0,2
"1256577","Osaka","School","JuniorHighSchool","ZoneC","AHP","FCU",109687.245580732,0,0,0,0,1
"1256578","Osaka","School","JuniorHighSchool","ZoneC","AHP","FCU",137647.042583902,1,0,0,0,1
"1256593","Osaka","School","JuniorHighSchool","ZoneC","AHP","FCU",118629.078882416,0,0,0,0,2
"1256594","Osaka","School","JuniorHighSchool","ZoneC","AHP","FCU",148868.191430685,1,0,0,0,2
"1256769","Osaka","School","JuniorHighSchool","ZoneC","AHP","OHUFCU",88009.1183970519,0,0,0,0,1
"1256770","Osaka","School","JuniorHighSchool","ZoneC","AHP","OHUFCU",110443.058385073,1,0,0,0,1
"1256785","Osaka","School","JuniorHighSchool","ZoneC","AHP","OHUFCU",95183.7252674141,0,0,0,0,2
"1256786","Osaka","School","JuniorHighSchool","ZoneC","AHP","OHUFCU",119446.506435746,1,0,0,0,2
"1258753","Osaka","School","HighSchool","ZoneC","EHP","MUL",1630936.11877821,0,0,0,0,1
"1258754","Osaka","School","HighSchool","ZoneC","EHP","MUL",2046669.43913598,1,0,0,0,1
"1258769","Osaka","School","HighSchool","ZoneC","EHP","MUL",1965261.12312504,0,0,0,0,2
"1258770","Osaka","School","HighSchool","ZoneC","EHP","MUL",2466215.46626565,1,0,0,0,2
"1258817","Osaka","School","HighSchool","ZoneC","GHP","MUL",623694.409719308,0,0,0,0,1
"1258818","Osaka","School","HighSchool","ZoneC","GHP","MUL",782677.060759884,1,0,0,0,1
"1258833","Osaka","School","HighSchool","ZoneC","GHP","MUL",751545.300897503,0,0,0,0,2
"1258834","Osaka","School","HighSchool","ZoneC","GHP","MUL",943117.747999517,1,0,0,0,2
"1258881","Osaka","School","HighSchool","ZoneC","ABCH","CAV",34984.6959099795,0,0,0,0,1
"1258882","Osaka","School","HighSchool","ZoneC","ABCH","CAV",43902.4601466673,1,0,0,0,1
"1258897","Osaka","School","HighSchool","ZoneC","ABCH","CAV",42156.1960549015,0,0,0,0,2
"1258898","Osaka","School","HighSchool","ZoneC","ABCH","CAV",52902.0095529106,1,0,0,0,2
"1259009","Osaka","School","HighSchool","ZoneC","ABCH","FCU",170025.689033847,0,0,0,0,1
"1259010","Osaka","School","HighSchool","ZoneC","ABCH","FCU",213366.040280168,1,0,0,0,1
"1259025","Osaka","School","HighSchool","ZoneC","ABCH","FCU",204879.1934543,0,0,0,0,2
"1259026","Osaka","School","HighSchool","ZoneC","ABCH","FCU",257103.86760695,1,0,0,0,2
"1259201","Osaka","School","HighSchool","ZoneC","ABCH","OHUFCU",136422.524948049,0,0,0,0,1
"1259202","Osaka","School","HighSchool","ZoneC","ABCH","OHUFCU",171197.270945292,1,0,0,0,1
"1259217","Osaka","School","HighSchool","ZoneC","ABCH","OHUFCU",164387.728931899,0,0,0,0,2
"1259218","Osaka","School","HighSchool","ZoneC","ABCH","OHUFCU",206290.937517486,1,0,0,0,2
"1259393","Osaka","School","HighSchool","ZoneC","AHP","FCU",93685.286058794,0,0,0,0,1
"1259394","Osaka","School","HighSchool","ZoneC","AHP","FCU",117566.107995013,1,0,0,0,1
"1259409","Osaka","School","HighSchool","ZoneC","AHP","FCU",112889.798919975,0,0,0,0,2
"1259410","Osaka","School","HighSchool","ZoneC","AHP","FCU",141665.941896489,1,0,0,0,2
"1259585","Osaka","School","HighSchool","ZoneC","AHP","OHUFCU",75169.719042142,0,0,0,0,1
"1259586","Osaka","School","HighSchool","ZoneC","AHP","OHUFCU",94330.8354880523,1,0,0,0,1
"1259601","Osaka","School","HighSchool","ZoneC","AHP","OHUFCU",90578.732525969,0,0,0,0,2
"1259602","Osaka","School","HighSchool","ZoneC","AHP","OHUFCU",113667.679292952,1,0,0,0,2
"1261569","Hiroshima","School","ElementarySchool","ZoneC","EHP","MUL",787884.580955335,0,0,0,0,1
"1261570","Hiroshima","School","ElementarySchool","ZoneC","EHP","MUL",988720.082191662,1,0,0,0,1
"1261585","Hiroshima","School","ElementarySchool","ZoneC","EHP","MUL",949392.755873933,0,0,0,0,2
"1261586","Hiroshima","School","ElementarySchool","ZoneC","EHP","MUL",1191397.45377637,1,0,0,0,2
"1261633","Hiroshima","School","ElementarySchool","ZoneC","GHP","MUL",179647.356950065,0,0,0,0,1
"1261634","Hiroshima","School","ElementarySchool","ZoneC","GHP","MUL",225440.316795909,1,0,0,0,1
"1261649","Hiroshima","School","ElementarySchool","ZoneC","GHP","MUL",216473.203592188,0,0,0,0,2
"1261650","Hiroshima","School","ElementarySchool","ZoneC","GHP","MUL",271653.245692969,1,0,0,0,2
"1261825","Hiroshima","School","ElementarySchool","ZoneC","ABCH","FCU",46090.6377446271,0,0,0,0,1
"1261826","Hiroshima","School","ElementarySchool","ZoneC","ABCH","FCU",57839.3590135725,1,0,0,0,1
"1261841","Hiroshima","School","ElementarySchool","ZoneC","ABCH","FCU",55538.7408842302,0,0,0,0,2
"1261842","Hiroshima","School","ElementarySchool","ZoneC","ABCH","FCU",69695.8282713119,1,0,0,0,2
"1262017","Hiroshima","School","ElementarySchool","ZoneC","ABCH","OHUFCU",37200.8184019852,0,0,0,0,1
"1262018","Hiroshima","School","ElementarySchool","ZoneC","ABCH","OHUFCU",46683.4827296779,1,0,0,0,1
"1262033","Hiroshima","School","ElementarySchool","ZoneC","ABCH","OHUFCU",44826.6006939774,0,0,0,0,2
"1262034","Hiroshima","School","ElementarySchool","ZoneC","ABCH","OHUFCU",56253.1129480687,1,0,0,0,2
"1262209","Hiroshima","School","ElementarySchool","ZoneC","AHP","FCU",40969.3768176985,0,0,0,0,1
"1262210","Hiroshima","School","ElementarySchool","ZoneC","AHP","FCU",51412.6644862368,1,0,0,0,1
"1262225","Hiroshima","School","ElementarySchool","ZoneC","AHP","FCU",49367.6745345488,0,0,0,0,2
"1262226","Hiroshima","School","ElementarySchool","ZoneC","AHP","FCU",61951.7279602372,1,0,0,0,2
"1264385","Hiroshima","School","JuniorHighSchool","ZoneC","EHP","MUL",500368.728296765,0,0,0,0,1
"1264386","Hiroshima","School","JuniorHighSchool","ZoneC","EHP","MUL",627915.080617323,1,0,0,0,1
"1264401","Hiroshima","School","JuniorHighSchool","ZoneC","EHP","MUL",602939.132702397,0,0,0,0,2
"1264402","Hiroshima","School","JuniorHighSchool","ZoneC","EHP","MUL",756631.165594393,1,0,0,0,2
"1264449","Hiroshima","School","JuniorHighSchool","ZoneC","GHP","MUL",114090.212845623,0,0,0,0,1
"1264450","Hiroshima","School","JuniorHighSchool","ZoneC","GHP","MUL",143172.347001907,1,0,0,0,1
"1264465","Hiroshima","School","JuniorHighSchool","ZoneC","GHP","MUL",137477.524259217,0,0,0,0,2
"1264466","Hiroshima","School","JuniorHighSchool","ZoneC","GHP","MUL",172521.194564138,1,0,0,0,2
"1264641","Hiroshima","School","JuniorHighSchool","ZoneC","ABCH","FCU",52896.6310516347,0,0,0,0,1
"1264642","Hiroshima","School","JuniorHighSchool","ZoneC","ABCH","FCU",66380.2321624557,1,0,0,0,1
"1264657","Hiroshima","School","JuniorHighSchool","ZoneC","ABCH","FCU",35271.4722678666,0,0,0,0,2
"1264658","Hiroshima","School","JuniorHighSchool","ZoneC","ABCH","FCU",44262.33715276,1,0,0,0,2
"1264849","Hiroshima","School","JuniorHighSchool","ZoneC","ABCH","OHUFCU",28468.4200265925,0,0,0,0,2
"1264850","Hiroshima","School","JuniorHighSchool","ZoneC","ABCH","OHUFCU",35725.1547611579,1,0,0,0,2
"1265025","Hiroshima","School","JuniorHighSchool","ZoneC","AHP","FCU",26018.7792386115,0,0,0,0,1
"1265026","Hiroshima","School","JuniorHighSchool","ZoneC","AHP","FCU",32651.0889655105,1,0,0,0,1
"1265041","Hiroshima","School","JuniorHighSchool","ZoneC","AHP","FCU",31352.3593720653,0,0,0,0,2
"1265042","Hiroshima","School","JuniorHighSchool","ZoneC","AHP","FCU",39344.2238679987,1,0,0,0,2
"1267201","Hiroshima","School","HighSchool","ZoneC","EHP","MUL",445445.904955099,0,0,0,0,1
"1267202","Hiroshima","School","HighSchool","ZoneC","EHP","MUL",558992.170179444,1,0,0,0,1
"1267217","Hiroshima","School","HighSchool","ZoneC","EHP","MUL",536757.699694156,0,0,0,0,2
"1267218","Hiroshima","School","HighSchool","ZoneC","EHP","MUL",673579.772706201,1,0,0,0,2
"1267265","Hiroshima","School","HighSchool","ZoneC","GHP","MUL",101567.134861787,0,0,0,0,1
"1267266","Hiroshima","School","HighSchool","ZoneC","GHP","MUL",127457.077287582,1,0,0,0,1
"1267281","Hiroshima","School","HighSchool","ZoneC","GHP","MUL",122387.345054692,0,0,0,0,2
"1267282","Hiroshima","School","HighSchool","ZoneC","GHP","MUL",153584.457402339,1,0,0,0,2
"1267457","Hiroshima","School","HighSchool","ZoneC","ABCH","FCU",47090.4482142149,0,0,0,0,1
"1267458","Hiroshima","School","HighSchool","ZoneC","ABCH","FCU",59094.0258944352,1,0,0,0,1
"1267473","Hiroshima","School","HighSchool","ZoneC","ABCH","FCU",56743.5021398988,0,0,0,0,2
"1267474","Hiroshima","School","HighSchool","ZoneC","ABCH","FCU",71207.6888617066,1,0,0,0,2
"1267842","Hiroshima","School","HighSchool","ZoneC","AHP","FCU",52229.9877227368,1,0,0,0,1
"1267857","Hiroshima","School","HighSchool","ZoneC","AHP","FCU",27910.9770518755,0,0,0,0,2
"1267858","Hiroshima","School","HighSchool","ZoneC","AHP","FCU",35025.6169391192,1,0,0,0,2
"1270017","Matsuyama","School","ElementarySchool","ZoneC","EHP","MUL",1650949.79636298,0,0,0,0,1
"1270018","Matsuyama","School","ElementarySchool","ZoneC","EHP","MUL",2071784.69767115,1,0,0,0,1
"1270033","Matsuyama","School","ElementarySchool","ZoneC","EHP","MUL",1989377.39722998,0,0,0,0,2
"1270034","Matsuyama","School","ElementarySchool","ZoneC","EHP","MUL",2496479.09255247,1,0,0,0,2
"1270081","Matsuyama","School","ElementarySchool","ZoneC","GHP","MUL",381433.173608248,0,0,0,0,1
"1270082","Matsuyama","School","ElementarySchool","ZoneC","GHP","MUL",478662.291249932,1,0,0,0,1
"1270097","Matsuyama","School","ElementarySchool","ZoneC","GHP","MUL",459623.021730646,0,0,0,0,2
"1270098","Matsuyama","School","ElementarySchool","ZoneC","GHP","MUL",576783.100986295,1,0,0,0,2
"1270273","Matsuyama","School","ElementarySchool","ZoneC","ABCH","FCU",91713.3009709611,0,0,0,0,1
"1270274","Matsuyama","School","ElementarySchool","ZoneC","ABCH","FCU",115091.454593675,1,0,0,0,1
"1270289","Matsuyama","School","ElementarySchool","ZoneC","ABCH","FCU",110513.577323139,0,0,0,0,2
"1270290","Matsuyama","School","ElementarySchool","ZoneC","ABCH","FCU",138684.010190603,1,0,0,0,2
"1270465","Matsuyama","School","ElementarySchool","ZoneC","ABCH","OHUFCU",74591.9169296799,0,0,0,0,1
"1270466","Matsuyama","School","ElementarySchool","ZoneC","ABCH","OHUFCU",93605.7488878915,1,0,0,0,1
"1270481","Matsuyama","School","ElementarySchool","ZoneC","ABCH","OHUFCU",89882.4869677237,0,0,0,0,2
"1270482","Matsuyama","School","ElementarySchool","ZoneC","ABCH","OHUFCU",112793.957453213,1,0,0,0,2
"1270657","Matsuyama","School","ElementarySchool","ZoneC","AHP","FCU",46780.7625618564,0,0,0,0,1
"1270658","Matsuyama","School","ElementarySchool","ZoneC","AHP","FCU",58705.3999064989,1,0,0,0,1
"1270673","Matsuyama","School","ElementarySchool","ZoneC","AHP","FCU",56370.3341378155,0,0,0,0,2
"1270674","Matsuyama","School","ElementarySchool","ZoneC","AHP","FCU",70739.3985732436,1,0,0,0,2
"1270849","Matsuyama","School","ElementarySchool","ZoneC","AHP","OHUFCU",38047.5538223832,0,0,0,0,1
"1270850","Matsuyama","School","ElementarySchool","ZoneC","AHP","OHUFCU",47746.0550082665,1,0,0,0,1
"1270865","Matsuyama","School","ElementarySchool","ZoneC","AHP","OHUFCU",45846.9081015585,0,0,0,0,2
"1270866","Matsuyama","School","ElementarySchool","ZoneC","AHP","OHUFCU",57533.5015332359,1,0,0,0,2
"1272833","Matsuyama","School","JuniorHighSchool","ZoneC","EHP","MUL",1035906.30772055,0,0,0,0,1
"1272834","Matsuyama","School","JuniorHighSchool","ZoneC","EHP","MUL",1299963.71863303,1,0,0,0,1
"1272849","Matsuyama","School","JuniorHighSchool","ZoneC","EHP","MUL",1248256.36658799,0,0,0,0,2
"1272850","Matsuyama","School","JuniorHighSchool","ZoneC","EHP","MUL",1566442.81053536,1,0,0,0,2
"1272897","Matsuyama","School","JuniorHighSchool","ZoneC","GHP","MUL",239334.370666581,0,0,0,0,1
"1272898","Matsuyama","School","JuniorHighSchool","ZoneC","GHP","MUL",300341.832238708,1,0,0,0,1
"1272913","Matsuyama","School","JuniorHighSchool","ZoneC","GHP","MUL",288395.436634875,0,0,0,0,2
"1272914","Matsuyama","School","JuniorHighSchool","ZoneC","GHP","MUL",361908.795660895,1,0,0,0,2
"1273089","Matsuyama","School","JuniorHighSchool","ZoneC","ABCH","FCU",57546.5027385995,0,0,0,0,1
"1273090","Matsuyama","School","JuniorHighSchool","ZoneC","ABCH","FCU",72215.3781059668,1,0,0,0,1
"1273105","Matsuyama","School","JuniorHighSchool","ZoneC","ABCH","FCU",69342.9394945896,0,0,0,0,2
"1273106","Matsuyama","School","JuniorHighSchool","ZoneC","ABCH","FCU",87018.7823111985,1,0,0,0,2
"1273281","Matsuyama","School","JuniorHighSchool","ZoneC","ABCH","OHUFCU",46803.5051233227,0,0,0,0,1
"1273282","Matsuyama","School","JuniorHighSchool","ZoneC","ABCH","OHUFCU",58733.9396543069,1,0,0,0,1
"1273297","Matsuyama","School","JuniorHighSchool","ZoneC","ABCH","OHUFCU",56397.7386887206,0,0,0,0,2
"1273298","Matsuyama","School","JuniorHighSchool","ZoneC","ABCH","OHUFCU",70773.7886736191,1,0,0,0,2
"1273473","Matsuyama","School","JuniorHighSchool","ZoneC","AHP","FCU",53226.4446861647,0,0,0,0,1
"1273474","Matsuyama","School","JuniorHighSchool","ZoneC","AHP","FCU",66794.1168502928,1,0,0,0,1
"1273489","Matsuyama","School","JuniorHighSchool","ZoneC","AHP","FCU",35370.1759013633,0,0,0,0,2
"1273490","Matsuyama","School","JuniorHighSchool","ZoneC","AHP","FCU",44386.2008086589,1,0,0,0,2
"1273681","Matsuyama","School","JuniorHighSchool","ZoneC","AHP","OHUFCU",28767.1384051265,0,0,0,0,2
"1273682","Matsuyama","School","JuniorHighSchool","ZoneC","AHP","OHUFCU",36100.0178653681,1,0,0,0,2
"1275649","Matsuyama","School","HighSchool","ZoneC","EHP","MUL",933315.716606465,0,0,0,0,1
"1275650","Matsuyama","School","HighSchool","ZoneC","EHP","MUL",1171222.30126017,1,0,0,0,1
"1275665","Matsuyama","School","HighSchool","ZoneC","EHP","MUL",1124635.76735448,0,0,0,0,2
"1275666","Matsuyama","School","HighSchool","ZoneC","EHP","MUL",1411310.73663878,1,0,0,0,2
"1275713","Matsuyama","School","HighSchool","ZoneC","GHP","MUL",215631.981389088,0,0,0,0,1
"1275714","Matsuyama","School","HighSchool","ZoneC","GHP","MUL",270597.591976808,1,0,0,0,1
"1275729","Matsuyama","School","HighSchool","ZoneC","GHP","MUL",259834.303163179,0,0,0,0,2
"1275730","Matsuyama","School","HighSchool","ZoneC","GHP","MUL",326067.294359548,1,0,0,0,2
"1275905","Matsuyama","School","HighSchool","ZoneC","ABCH","FCU",51847.4065090454,0,0,0,0,1
"1275906","Matsuyama","School","HighSchool","ZoneC","ABCH","FCU",65063.5553279776,1,0,0,0,1
"1275921","Matsuyama","School","HighSchool","ZoneC","ABCH","FCU",62475.5875928599,0,0,0,0,2
"1275922","Matsuyama","School","HighSchool","ZoneC","ABCH","FCU",78400.9099719731,1,0,0,0,2
"1276097","Matsuyama","School","HighSchool","ZoneC","ABCH","OHUFCU",42168.3376173167,0,0,0,0,1
"1276098","Matsuyama","School","HighSchool","ZoneC","ABCH","OHUFCU",52917.2460569356,1,0,0,0,1
"1276113","Matsuyama","School","HighSchool","ZoneC","ABCH","OHUFCU",50812.4098742786,0,0,0,0,2
"1276114","Matsuyama","School","HighSchool","ZoneC","ABCH","OHUFCU",63764.7331622312,1,0,0,0,2
"1276289","Matsuyama","School","HighSchool","ZoneC","AHP","FCU",47955.1837791136,0,0,0,0,1
"1276290","Matsuyama","School","HighSchool","ZoneC","AHP","FCU",60179.1866393806,1,0,0,0,1
"1276305","Matsuyama","School","HighSchool","ZoneC","AHP","FCU",31867.3038496284,0,0,0,0,2
"1276306","Matsuyama","School","HighSchool","ZoneC","AHP","FCU",39990.4301252185,1,0,0,0,2
"1276497","Matsuyama","School","HighSchool","ZoneC","AHP","OHUFCU",25918.1956854544,0,0,0,0,2
"1276498","Matsuyama","School","HighSchool","ZoneC","AHP","OHUFCU",32524.8661895503,1,0,0,0,2
"1278465","Fukuoka","School","ElementarySchool","ZoneC","EHP","MUL",2475390.38929532,0,0,0,0,1
"1278466","Fukuoka","School","ElementarySchool","ZoneC","EHP","MUL",3106379.09196407,1,0,0,0,1
"1278481","Fukuoka","School","ElementarySchool","ZoneC","EHP","MUL",2982819.76873738,0,0,0,0,2
"1278482","Fukuoka","School","ElementarySchool","ZoneC","EHP","MUL",3743154.61705441,1,0,0,0,2
"1278529","Fukuoka","School","ElementarySchool","ZoneC","GHP","MUL",655576.387706944,0,0,0,0,1
"1278530","Fukuoka","School","ElementarySchool","ZoneC","GHP","MUL",822685.905530201,1,0,0,0,1
"1278545","Fukuoka","School","ElementarySchool","ZoneC","GHP","MUL",789962.754006805,0,0,0,0,2
"1278546","Fukuoka","School","ElementarySchool","ZoneC","GHP","MUL",991327.991370147,1,0,0,0,2
"1278593","Fukuoka","School","ElementarySchool","ZoneC","ABCH","CAV",31146.9292270872,0,0,0,0,1
"1278594","Fukuoka","School","ElementarySchool","ZoneC","ABCH","CAV",39086.428608722,1,0,0,0,1
"1278609","Fukuoka","School","ElementarySchool","ZoneC","ABCH","CAV",37531.7269695255,0,0,0,0,2
"1278610","Fukuoka","School","ElementarySchool","ZoneC","ABCH","CAV",47098.7414541218,1,0,0,0,2
"1278721","Fukuoka","School","ElementarySchool","ZoneC","ABCH","FCU",154632.654802249,0,0,0,0,1
"1278722","Fukuoka","School","ElementarySchool","ZoneC","ABCH","FCU",194049.248914369,1,0,0,0,1
"1278737","Fukuoka","School","ElementarySchool","ZoneC","ABCH","FCU",186330.746710137,0,0,0,0,2
"1278738","Fukuoka","School","ElementarySchool","ZoneC","ABCH","FCU",233827.334174629,1,0,0,0,2
"1278913","Fukuoka","School","ElementarySchool","ZoneC","ABCH","OHUFCU",128052.009226767,0,0,0,0,1
"1278914","Fukuoka","School","ElementarySchool","ZoneC","ABCH","OHUFCU",160693.071228759,1,0,0,0,1
"1278929","Fukuoka","School","ElementarySchool","ZoneC","ABCH","OHUFCU",154301.344224284,0,0,0,0,2
"1278930","Fukuoka","School","ElementarySchool","ZoneC","ABCH","OHUFCU",193633.485705144,1,0,0,0,2
"1279105","Fukuoka","School","ElementarySchool","ZoneC","AHP","FCU",86313.3543302293,0,0,0,0,1
"1279106","Fukuoka","School","ElementarySchool","ZoneC","AHP","FCU",108315.036047723,1,0,0,0,1
"1279121","Fukuoka","School","ElementarySchool","ZoneC","AHP","FCU",104006.697576108,0,0,0,0,2
"1279122","Fukuoka","School","ElementarySchool","ZoneC","AHP","FCU",130518.496060989,1,0,0,0,2
"1279297","Fukuoka","School","ElementarySchool","ZoneC","AHP","OHUFCU",71476.4837945921,0,0,0,0,1
"1279298","Fukuoka","School","ElementarySchool","ZoneC","AHP","OHUFCU",89696.1771310083,1,0,0,0,1
"1279313","Fukuoka","School","ElementarySchool","ZoneC","AHP","OHUFCU",86128.4223225244,0,0,0,0,2
"1279314","Fukuoka","School","ElementarySchool","ZoneC","AHP","OHUFCU",108082.963997733,1,0,0,0,2
"1281281","Fukuoka","School","JuniorHighSchool","ZoneC","EHP","MUL",1606520.03503341,0,0,0,0,1
"1281282","Fukuoka","School","JuniorHighSchool","ZoneC","EHP","MUL",2016029.58031595,1,0,0,0,1
"1281297","Fukuoka","School","JuniorHighSchool","ZoneC","EHP","MUL",1935839.99521565,0,0,0,0,2
"1281298","Fukuoka","School","JuniorHighSchool","ZoneC","EHP","MUL",2429294.75388228,1,0,0,0,2
"1281345","Fukuoka","School","JuniorHighSchool","ZoneC","GHP","MUL",425466.87015532,0,0,0,0,1
"1281346","Fukuoka","School","JuniorHighSchool","ZoneC","GHP","MUL",533920.385038788,1,0,0,0,1
"1281361","Fukuoka","School","JuniorHighSchool","ZoneC","GHP","MUL",512683.169786153,0,0,0,0,2
"1281362","Fukuoka","School","JuniorHighSchool","ZoneC","GHP","MUL",643368.531409278,1,0,0,0,2
"1281426","Fukuoka","School","JuniorHighSchool","ZoneC","ABCH","CAV",54924.8892961714,1,0,0,0,2
"1281537","Fukuoka","School","JuniorHighSchool","ZoneC","ABCH","FCU",111413.565056494,0,0,0,0,1
"1281538","Fukuoka","School","JuniorHighSchool","ZoneC","ABCH","FCU",139813.409048257,1,0,0,0,1
"1281553","Fukuoka","School","JuniorHighSchool","ZoneC","ABCH","FCU",120928.027767687,0,0,0,0,2
"1281554","Fukuoka","School","JuniorHighSchool","ZoneC","ABCH","FCU",151753.153245832,1,0,0,0,2
"1281729","Fukuoka","School","JuniorHighSchool","ZoneC","ABCH","OHUFCU",92262.0831857673,0,0,0,0,1
"1281730","Fukuoka","School","JuniorHighSchool","ZoneC","ABCH","OHUFCU",115780.123987192,1,0,0,0,1
"1281745","Fukuoka","School","JuniorHighSchool","ZoneC","ABCH","OHUFCU",100141.053306532,0,0,0,0,2
"1281746","Fukuoka","School","JuniorHighSchool","ZoneC","ABCH","OHUFCU",125667.480807835,1,0,0,0,2
"1281921","Fukuoka","School","JuniorHighSchool","ZoneC","AHP","FCU",56017.0765880389,0,0,0,0,1
"1281922","Fukuoka","School","JuniorHighSchool","ZoneC","AHP","FCU",70296.0940054267,1,0,0,0,1
"1281937","Fukuoka","School","JuniorHighSchool","ZoneC","AHP","FCU",67499.9968313053,0,0,0,0,2
"1281938","Fukuoka","School","JuniorHighSchool","ZoneC","AHP","FCU",84706.0648579549,1,0,0,0,2
"1282113","Fukuoka","School","JuniorHighSchool","ZoneC","AHP","OHUFCU",46387.9975240761,0,0,0,0,1
"1282114","Fukuoka","School","JuniorHighSchool","ZoneC","AHP","OHUFCU",58212.5172053738,1,0,0,0,1
"1282129","Fukuoka","School","JuniorHighSchool","ZoneC","AHP","OHUFCU",55897.05633718,0,0,0,0,2
"1282130","Fukuoka","School","JuniorHighSchool","ZoneC","AHP","OHUFCU",70145.4800257118,1,0,0,0,2
"1284097","Fukuoka","School","HighSchool","ZoneC","EHP","MUL",1479654.04310256,0,0,0,0,1
"1284098","Fukuoka","School","HighSchool","ZoneC","EHP","MUL",1856824.84779395,1,0,0,0,1
"1284113","Fukuoka","School","HighSchool","ZoneC","EHP","MUL",1782967.78954325,0,0,0,0,2
"1284114","Fukuoka","School","HighSchool","ZoneC","EHP","MUL",2237454.70089639,1,0,0,0,2
"1284161","Fukuoka","School","HighSchool","ZoneC","GHP","MUL",391867.988511214,0,0,0,0,1
"1284162","Fukuoka","School","HighSchool","ZoneC","GHP","MUL",491756.989760222,1,0,0,0,1
"1284177","Fukuoka","School","HighSchool","ZoneC","GHP","MUL",472196.865561616,0,0,0,0,2
"1284178","Fukuoka","School","HighSchool","ZoneC","GHP","MUL",592562.07700198,1,0,0,0,2
"1284353","Fukuoka","School","HighSchool","ZoneC","ABCH","FCU",102615.297909361,0,0,0,0,1
"1284354","Fukuoka","School","HighSchool","ZoneC","ABCH","FCU",128772.422046951,1,0,0,0,1
"1284369","Fukuoka","School","HighSchool","ZoneC","ABCH","FCU",123650.370665796,0,0,0,0,2
"1284370","Fukuoka","School","HighSchool","ZoneC","ABCH","FCU",155169.434207581,1,0,0,0,2
"1284545","Fukuoka","School","HighSchool","ZoneC","ABCH","OHUFCU",84976.1978897734,0,0,0,0,1
"1284546","Fukuoka","School","HighSchool","ZoneC","ABCH","OHUFCU",106637.032114574,1,0,0,0,1
"1284561","Fukuoka","School","HighSchool","ZoneC","ABCH","OHUFCU",102395.437921172,0,0,0,0,2
"1284562","Fukuoka","School","HighSchool","ZoneC","ABCH","OHUFCU",128496.518709271,1,0,0,0,2
"1284737","Fukuoka","School","HighSchool","ZoneC","AHP","FCU",51593.4392654825,0,0,0,0,1
"1284738","Fukuoka","School","HighSchool","ZoneC","AHP","FCU",64744.8506344234,1,0,0,0,1
"1284753","Fukuoka","School","HighSchool","ZoneC","AHP","FCU",62169.5596960131,0,0,0,0,2
"1284754","Fukuoka","School","HighSchool","ZoneC","AHP","FCU",78016.8741187057,1,0,0,0,2
"1284929","Fukuoka","School","HighSchool","ZoneC","AHP","OHUFCU",42724.763209382,0,0,0,0,1
"1284930","Fukuoka","School","HighSchool","ZoneC","AHP","OHUFCU",53615.5071606792,1,0,0,0,1
"1284945","Fukuoka","School","HighSchool","ZoneC","AHP","OHUFCU",51482.8969469525,0,0,0,0,2
"1284946","Fukuoka","School","HighSchool","ZoneC","AHP","OHUFCU",64606.1305567568,1,0,0,0,2
"1286913","Naha","School","ElementarySchool","ZoneC","EHP","MUL",242825.784704414,0,0,0,0,1
"1286914","Naha","School","ElementarySchool","ZoneC","EHP","MUL",304723.224206381,1,0,0,0,1
"1286929","Naha","School","ElementarySchool","ZoneC","EHP","MUL",292602.554371911,0,0,0,0,2
"1286930","Naha","School","ElementarySchool","ZoneC","EHP","MUL",367188.327581305,1,0,0,0,2
"1286977","Naha","School","ElementarySchool","ZoneC","GHP","MUL",108454.391624668,0,0,0,0,1
"1286978","Naha","School","ElementarySchool","ZoneC","GHP","MUL",136099.928331086,1,0,0,0,1
"1286993","Naha","School","ElementarySchool","ZoneC","GHP","MUL",130686.418087184,0,0,0,0,2
"1286994","Naha","School","ElementarySchool","ZoneC","GHP","MUL",163999.003351253,1,0,0,0,2
"1287169","Naha","School","ElementarySchool","ZoneC","ABCH","FCU",33470.804559136,0,0,0,0,1
"1287170","Naha","School","ElementarySchool","ZoneC","ABCH","FCU",42002.6707396703,1,0,0,0,1
"1287185","Naha","School","ElementarySchool","ZoneC","ABCH","FCU",40331.9726643024,0,0,0,0,2
"1287186","Naha","School","ElementarySchool","ZoneC","ABCH","FCU",50612.7830033796,1,0,0,0,2
"1287361","Naha","School","ElementarySchool","ZoneC","ABCH","OHUFCU",25428.661891643,0,0,0,0,1
"1287362","Naha","School","ElementarySchool","ZoneC","ABCH","OHUFCU",31910.547919397,1,0,0,0,1
"1287377","Naha","School","ElementarySchool","ZoneC","ABCH","OHUFCU",30641.2740838522,0,0,0,0,2
"1287378","Naha","School","ElementarySchool","ZoneC","ABCH","OHUFCU",38451.8795810285,1,0,0,0,2
"1287553","Naha","School","ElementarySchool","ZoneC","AHP","FCU",29789.935624774,0,0,0,0,1
"1287554","Naha","School","ElementarySchool","ZoneC","AHP","FCU",37383.5309274578,1,0,0,0,1
"1287569","Naha","School","ElementarySchool","ZoneC","AHP","FCU",35896.5637401078,0,0,0,0,2
"1287570","Naha","School","ElementarySchool","ZoneC","AHP","FCU",45046.7673938776,1,0,0,0,2
"1289729","Naha","School","JuniorHighSchool","ZoneC","EHP","MUL",166603.93249008,0,0,0,0,1
"1289730","Naha","School","JuniorHighSchool","ZoneC","EHP","MUL",209072.061830823,1,0,0,0,1
"1289745","Naha","School","JuniorHighSchool","ZoneC","EHP","MUL",200756.012275812,0,0,0,0,2
"1289746","Naha","School","JuniorHighSchool","ZoneC","EHP","MUL",251929.668070334,1,0,0,0,2
"1289793","Naha","School","JuniorHighSchool","ZoneC","GHP","MUL",74411.0769063665,0,0,0,0,1
"1289794","Naha","School","JuniorHighSchool","ZoneC","GHP","MUL",93378.8118884427,1,0,0,0,1
"1289809","Naha","School","JuniorHighSchool","ZoneC","GHP","MUL",89664.5766135222,0,0,0,0,2
"1289810","Naha","School","JuniorHighSchool","ZoneC","GHP","MUL",112520.500720433,1,0,0,0,2
"1289985","Naha","School","JuniorHighSchool","ZoneC","ABCH","FCU",34579.3611563548,0,0,0,0,1
"1289986","Naha","School","JuniorHighSchool","ZoneC","ABCH","FCU",43393.8036497563,1,0,0,0,1
"1290001","Naha","School","JuniorHighSchool","ZoneC","ABCH","FCU",48695.0841082423,0,0,0,0,2
"1290002","Naha","School","JuniorHighSchool","ZoneC","ABCH","FCU",61107.691057303,1,0,0,0,2
"1290177","Naha","School","JuniorHighSchool","ZoneC","ABCH","OHUFCU",26270.8618706911,0,0,0,0,1
"1290178","Naha","School","JuniorHighSchool","ZoneC","ABCH","OHUFCU",32967.4286512126,1,0,0,0,1
"1290386","Naha","School","JuniorHighSchool","ZoneC","AHP","FCU",55535.606699199,1,0,0,0,2
"1292545","Naha","School","HighSchool","ZoneC","EHP","MUL",157984.580353752,0,0,0,0,1
"1292546","Naha","School","HighSchool","ZoneC","EHP","MUL",198255.596121676,1,0,0,0,1
"1292561","Naha","School","HighSchool","ZoneC","EHP","MUL",190369.782266545,0,0,0,0,2
"1292562","Naha","School","HighSchool","ZoneC","EHP","MUL",238895.938972638,1,0,0,0,2
"1292609","Naha","School","HighSchool","ZoneC","GHP","MUL",70561.376211351,0,0,0,0,1
"1292610","Naha","School","HighSchool","ZoneC","GHP","MUL",88547.804302314,1,0,0,0,1
"1292625","Naha","School","HighSchool","ZoneC","GHP","MUL",85025.7271671999,0,0,0,0,2
"1292626","Naha","School","HighSchool","ZoneC","GHP","MUL",106699.186638767,1,0,0,0,2
"1292801","Naha","School","HighSchool","ZoneC","ABCH","FCU",57702.1010589439,0,0,0,0,1
"1292802","Naha","School","HighSchool","ZoneC","ABCH","FCU",72410.6391731313,1,0,0,0,1
"1292817","Naha","School","HighSchool","ZoneC","ABCH","FCU",46175.8153793241,0,0,0,0,2
"1292818","Naha","School","HighSchool","ZoneC","ABCH","FCU",57946.2488296881,1,0,0,0,2
"1293202","Naha","School","HighSchool","ZoneC","AHP","FCU",52662.4395230669,1,0,0,0,2
