ID,施設名称,契約電力[kW],施設業態（大分類）,施設業態（小分類）,Building,Segment,延床面積[㎡],立地地域,気象データ名,計算開始日,計算終了日
1,（有）アールシー設計,,事務所,CL1,01_Office,CL1,107.89,3,Tama,2022/4/1,2023/3/31
2,ＴｒｉｂｏＬｏｇｉｃｓＣｏｒｐｏｒａｔｉｏｎ,,事務所,CL2,01_Office,CL2,328.16,3,Tama,2022/4/1,2023/3/31
3,学校法人東京大谷学園認定こども園東京大谷幼稚園,,事務所,CL4,01_Office,CL4,1660.8,3,Tama,2022/4/1,2023/3/31
4,市立東愛宕中学校,,学校施設,中学校,05_School,JuniorHighSchool,5975.64,3,Tama,2022/4/1,2023/3/31
5,市立愛和小学校,,学校施設,小学校,05_School,ElementarySchool,4541.04,3,Tama,2022/4/1,2023/3/31
6,市立愛宕児童館,,事務所,CL4,01_Office,CL4,1102.64,3,Tama,2022/4/1,2023/3/31
7,東京電力パワーグリッド（株）貝取変電所,,事務所,CL3,01_Office,CL3,711.06,3,Tama,2022/4/1,2023/3/31
8,社会福祉法人東京児童福祉協会みさと保育所,,事務所,CL4,01_Office,CL4,1533.96,3,Tama,2022/4/1,2023/3/31
9,トータル,,事務所,CL1,01_Office,CL1,50.86,3,Tama,2022/4/1,2023/3/31
10,司法書士松村友子事務所,,事務所,CL1,01_Office,CL1,49.06,3,Tama,2022/4/1,2023/3/31
11,多摩センターライゼホビー,,事務所,CL1,01_Office,CL1,198.61,3,Tama,2022/4/1,2023/3/31
12,第十三東菱ビル,,事務所,CL3,01_Office,CL3,777.2,3,Tama,2022/4/1,2023/3/31
13,落合ＲＯＫＵビル,,事務所,CL1,01_Office,CL1,114.11,3,Tama,2022/4/1,2023/3/31
14,ＡＯＫＩ多摩ニュータウン店,,商業施設,衣料品・住関連スーパー,04_Retail,HousingClothingSuper,629.08,3,Tama,2022/4/1,2023/3/31
15,池田ビル,,事務所,CL2,01_Office,CL2,395,3,Tama,2022/4/1,2023/3/31
16,エスペランサ２,,商業施設,衣料品・住関連スーパー,04_Retail,HousingClothingSuper,190.03,3,Tama,2022/4/1,2023/3/31
17,ニコニコレンタカー多摩愛宕店,,事務所,CL1,01_Office,CL1,160.48,3,Tama,2022/4/1,2023/3/31
18,加瀬倉庫多摩愛宕パート６ヤード,,商業施設,専門店・中心店,04_Retail,SpecialityShop,137.98,3,Tama,2022/4/1,2023/3/31
19,池田ビル,,事務所,CL2,01_Office,CL2,291.92,3,Tama,2022/4/1,2023/3/31
20,二木ゴルフ多摩センター店,,商業施設,衣料品・住関連スーパー,04_Retail,HousingClothingSuper,982.72,3,Tama,2022/4/1,2023/3/31
21,東京電力パワーグリッド（株）落合変電所,,事務所,CL3,01_Office,CL3,608.74,3,Tama,2022/4/1,2023/3/31
22,ショウエイビル,,商業施設,衣料品・住関連スーパー,04_Retail,HousingClothingSuper,280.78,3,Tama,2022/4/1,2023/3/31
23,日産東京販売（株）多摩センター店,,商業施設,衣料品・住関連スーパー,04_Retail,HousingClothingSuper,2544.5,3,Tama,2022/4/1,2023/3/31
24,ＳＡセンタービル,,事務所,CL4,01_Office,CL4,1180.26,3,Tama,2022/4/1,2023/3/31
25,（有）アブラヤ・メンテナンス,,事務所,CL2,01_Office,CL2,275.63,3,Tama,2022/4/1,2023/3/31
26,エヌ・ビー・ホーム（株）,,事務所,CL1,01_Office,CL1,165.98,3,Tama,2022/4/1,2023/3/31
27,センターヒルズＢＬＤ,,商業施設,衣料品・住関連スーパー,04_Retail,HousingClothingSuper,567.18,3,Tama,2022/4/1,2023/3/31
28,カーチスＴａｍａ,,事務所,CL1,01_Office,CL1,132.18,3,Tama,2022/4/1,2023/3/31
29,プリンスビル,,商業施設,衣料品・住関連スーパー,04_Retail,HousingClothingSuper,515.15,3,Tama,2022/4/1,2023/3/31
30,（株）２１世紀企画,,事務所,CL1,01_Office,CL1,66.09,3,Tama,2022/4/1,2023/3/31
31,京西テクノス（株）,,事務所,CL5,01_Office,CL5,4768,3,Tama,2022/4/1,2023/3/31
32,菅原商店,,事務所,CL1,01_Office,CL1,76.04,3,Tama,2022/4/1,2023/3/31
33,がじゅく聖蹟桜ヶ丘スタジオ,,商業施設,衣料品・住関連スーパー,04_Retail,HousingClothingSuper,38.95,3,Tama,2022/4/1,2023/3/31
34,市立一ノ宮児童館,,事務所,CL2,01_Office,CL2,372.88,3,Tama,2022/4/1,2023/3/31
35,多摩市消防団第九分団,,事務所,CL1,01_Office,CL1,107.52,3,Tama,2022/4/1,2023/3/31
36,バオバブ保育園,,事務所,CL3,01_Office,CL3,773.96,3,Tama,2022/4/1,2023/3/31
37,多摩川第一ビル,,事務所,CL2,01_Office,CL2,399.31,3,Tama,2022/4/1,2023/3/31
38,第二角屋ビル,,事務所,CL1,01_Office,CL1,118.16,3,Tama,2022/4/1,2023/3/31
39,ＡＯＫＩ聖蹟桜ヶ丘店,,商業施設,衣料品・住関連スーパー,04_Retail,HousingClothingSuper,1129.86,3,Tama,2022/4/1,2023/3/31
40,京王運輸（株）本社,,商業施設,衣料品・住関連スーパー,04_Retail,HousingClothingSuper,1443.48,3,Tama,2022/4/1,2023/3/31
41,（有）杉浦自動車,,商業施設,衣料品・住関連スーパー,04_Retail,HousingClothingSuper,344.26,3,Tama,2022/4/1,2023/3/31
42,Ｙ’ｓハウス,,事務所,CL1,01_Office,CL1,85.67,3,Tama,2022/4/1,2023/3/31
43,カラオケハウスパオ,,商業施設,衣料品・住関連スーパー,04_Retail,HousingClothingSuper,56.5,3,Tama,2022/4/1,2023/3/31
44,（株）小暮工務店,,事務所,CL1,01_Office,CL1,139.34,3,Tama,2022/4/1,2023/3/31
45,ＡＬＩＣＩＡＣＡＦＥ,,事務所,CL1,01_Office,CL1,33.26,3,Tama,2022/4/1,2023/3/31
46,Ｊ・Ｓ・Ｌ（株）,,商業施設,衣料品・住関連スーパー,04_Retail,HousingClothingSuper,64.78,3,Tama,2022/4/1,2023/3/31
47,一ノ宮立体電気室,,事務所,CL2,01_Office,CL2,232.58,3,Tama,2022/4/1,2023/3/31
48,ウィズチャイルドさくらがおかこども園,,飲食施設,レストラン(都市),06_Restaurant,UrbanRestaurant,489.86,3,Tama,2022/4/1,2023/3/31
49,シルバーシティ聖蹟桜ヶ丘,,医療施設,CL5,03_Hospital,CL5,2652.27,3,Tama,2022/4/1,2023/3/31
50,ＩＭビル,,事務所,CL1,01_Office,CL1,192.54,3,Tama,2022/4/1,2023/3/31
51,大崎酵房,,事務所,CL1,01_Office,CL1,39.96,3,Tama,2022/4/1,2023/3/31
52,ａｕショップ聖蹟桜ヶ丘,,商業施設,衣料品・住関連スーパー,04_Retail,HousingClothingSuper,285.7,3,Tama,2022/4/1,2023/3/31
53,小沢皮フ科クリニック,,医療施設,CL1,03_Hospital,CL1,197.59,3,Tama,2022/4/1,2023/3/31
54,桜ヶ丘センタービル,,商業施設,衣料品・住関連スーパー,04_Retail,HousingClothingSuper,719.2,3,Tama,2022/4/1,2023/3/31
55,三菱ＵＦＪ銀行多摩支店,,事務所,CL4,01_Office,CL4,1820.44,3,Tama,2022/4/1,2023/3/31
56,桜ヶ丘ハイツ,,商業施設,衣料品・住関連スーパー,04_Retail,HousingClothingSuper,105.22,3,Tama,2022/4/1,2023/3/31
57,三井不動産リアルティ（株）,,商業施設,衣料品・住関連スーパー,04_Retail,HousingClothingSuper,146.38,3,Tama,2022/4/1,2023/3/31
58,一の宮エスビル,,商業施設,衣料品・住関連スーパー,04_Retail,HousingClothingSuper,203.49,3,Tama,2022/4/1,2023/3/31
59,バーバー京王,,事務所,CL1,01_Office,CL1,135.3,3,Tama,2022/4/1,2023/3/31
60,聖蹟スマイルビル,,商業施設,衣料品・住関連スーパー,04_Retail,HousingClothingSuper,141.6,3,Tama,2022/4/1,2023/3/31
61,スナックロマン,,飲食施設,居酒屋・バー(都市),06_Restaurant,UrbanBar,68.52,3,Tama,2022/4/1,2023/3/31
62,Ｃ．Ｌ．Ａ第４聖蹟桜ヶ丘,,商業施設,衣料品・住関連スーパー,04_Retail,HousingClothingSuper,605.75,3,Tama,2022/4/1,2023/3/31
63,東京電力パワーグリッド（株）聖蹟桜ヶ丘変電所,,事務所,CL2,01_Office,CL2,477.72,3,Tama,2022/4/1,2023/3/31
64,太喜ビル第一,,事務所,CL1,01_Office,CL1,156.88,3,Tama,2022/4/1,2023/3/31
65,スナック古里,,飲食施設,居酒屋・バー(都市),06_Restaurant,UrbanBar,84.14,3,Tama,2022/4/1,2023/3/31
66,三枝硝子店,,事務所,CL1,01_Office,CL1,88.37,3,Tama,2022/4/1,2023/3/31
67,飯島商店多摩支店,,商業施設,衣料品・住関連スーパー,04_Retail,HousingClothingSuper,98.34,3,Tama,2022/4/1,2023/3/31
68,タマドリーム,,事務所,CL1,01_Office,CL1,76.25,3,Tama,2022/4/1,2023/3/31
69,マルタニデザインオフィス,,事務所,CL1,01_Office,CL1,70.77,3,Tama,2022/4/1,2023/3/31
70,書韻会本部道場,,事務所,CL1,01_Office,CL1,77.52,3,Tama,2022/4/1,2023/3/31
71,ＲＡＳＡ,,事務所,CL1,01_Office,CL1,61.17,3,Tama,2022/4/1,2023/3/31
72,（株）インテリアタマ建装部,,事務所,CL2,01_Office,CL2,214.08,3,Tama,2022/4/1,2023/3/31
73,アトリエ・ルリユール,,事務所,CL1,01_Office,CL1,25.21,3,Tama,2022/4/1,2023/3/31
74,多摩信用金庫桜ヶ丘支店,,事務所,CL3,01_Office,CL3,631.71,3,Tama,2022/4/1,2023/3/31
75,桜ヶ丘Ｋビル,,商業施設,衣料品・住関連スーパー,04_Retail,HousingClothingSuper,3272.15,3,Tama,2022/4/1,2023/3/31
76,記載なし,,商業施設,専門店・中心店,04_Retail,SpecialityShop,55.7,3,Tama,2022/4/1,2023/3/31
77,ビッツビル,,事務所,CL2,01_Office,CL2,392.05,3,Tama,2022/4/1,2023/3/31
78,こだま堂漢方薬局,,事務所,CL1,01_Office,CL1,46.62,3,Tama,2022/4/1,2023/3/31
79,アイハラ酒店,,商業施設,専門店・中心店,04_Retail,SpecialityShop,126.72,3,Tama,2022/4/1,2023/3/31
80,すえひろ,,商業施設,衣料品・住関連スーパー,04_Retail,HousingClothingSuper,129.86,3,Tama,2022/4/1,2023/3/31
81,居酒屋狼林,,飲食施設,居酒屋・バー(都市),06_Restaurant,UrbanBar,28.52,3,Tama,2022/4/1,2023/3/31
82,記載なし,,商業施設,専門店・中心店,04_Retail,SpecialityShop,52.76,3,Tama,2022/4/1,2023/3/31
83,ｋｏｗａＣＯＲＰＯＲＡＴＩＯＮ,,事務所,CL1,01_Office,CL1,63.21,3,Tama,2022/4/1,2023/3/31
84,唐和興業（株）,,商業施設,衣料品・住関連スーパー,04_Retail,HousingClothingSuper,28.28,3,Tama,2022/4/1,2023/3/31
85,桜ヶ丘パールハイツ,,事務所,CL2,01_Office,CL2,269.07,3,Tama,2022/4/1,2023/3/31
86,（合）アイディーリ,,事務所,CL1,01_Office,CL1,129.76,3,Tama,2022/4/1,2023/3/31
87,桜コーポ,,事務所,CL1,01_Office,CL1,132.04,3,Tama,2022/4/1,2023/3/31
88,バオバブちいさな家保育園,,事務所,CL2,01_Office,CL2,496.5,3,Tama,2022/4/1,2023/3/31
89,梅美園,,商業施設,専門店・中心店,04_Retail,SpecialityShop,149.24,3,Tama,2022/4/1,2023/3/31
90,麻雀大龍,,事務所,CL1,01_Office,CL1,112.06,3,Tama,2022/4/1,2023/3/31
91,ＮＡＫＡＮＯビル,,事務所,CL3,01_Office,CL3,822.43,3,Tama,2022/4/1,2023/3/31
92,（株）ジェイキュレーター,,事務所,CL1,01_Office,CL1,107.24,3,Tama,2022/4/1,2023/3/31
93,ＴＡＭＡＣＩＴＹＵＮＩＴＥＤＦｏｏｔｂａｌｌＣｌｕ,,事務所,CL1,01_Office,CL1,54.58,3,Tama,2022/4/1,2023/3/31
94,ＭｕｓｉｃＺｏｏＯＩＳＨＩ,,事務所,CL1,01_Office,CL1,43.62,3,Tama,2022/4/1,2023/3/31
95,大井会計事務所,,事務所,CL1,01_Office,CL1,188.06,3,Tama,2022/4/1,2023/3/31
96,（株）オルガインターナショナル多摩営業所,,事務所,CL1,01_Office,CL1,54.83,3,Tama,2022/4/1,2023/3/31
97,ＫＵＭＯＮ一ノ宮四丁目教室,,事務所,CL1,01_Office,CL1,68.11,3,Tama,2022/4/1,2023/3/31
98,記載なし,,商業施設,専門店・中心店,04_Retail,SpecialityShop,39.72,3,Tama,2022/4/1,2023/3/31
99,コワフュールミツオ,,事務所,CL1,01_Office,CL1,38.57,3,Tama,2022/4/1,2023/3/31
100,中央大学インターナショナルレジデンス聖蹟桜ヶ丘,,事務所,CL2,01_Office,CL2,280.38,3,Tama,2022/4/1,2023/3/31
101,永興建設（株）,,事務所,CL1,01_Office,CL1,138.97,3,Tama,2022/4/1,2023/3/31
102,（株）グリーワークス,,事務所,CL1,01_Office,CL1,49.51,3,Tama,2022/4/1,2023/3/31
103,（有）メイプル企画,,事務所,CL1,01_Office,CL1,88.83,3,Tama,2022/4/1,2023/3/31
104,ＫＢＣＩナレッジ・ベース・コンサルティング研究所,,事務所,CL1,01_Office,CL1,111.24,3,Tama,2022/4/1,2023/3/31
105,Ｔ’ｓクリエイト,,事務所,CL1,01_Office,CL1,53.92,3,Tama,2022/4/1,2023/3/31
106,（株）共栄リフォーム,,事務所,CL1,01_Office,CL1,42.88,3,Tama,2022/4/1,2023/3/31
107,（有）栄和,,事務所,CL1,01_Office,CL1,49.62,3,Tama,2022/4/1,2023/3/31
108,聖栄商事,,事務所,CL1,01_Office,CL1,94.07,3,Tama,2022/4/1,2023/3/31
109,須藤ビル,,事務所,CL2,01_Office,CL2,487.68,3,Tama,2022/4/1,2023/3/31
110,遠藤ビル,,商業施設,衣料品・住関連スーパー,04_Retail,HousingClothingSuper,336.36,3,Tama,2022/4/1,2023/3/31
111,ダイハツ東京販売（株）Ｕ―ＣＡＲ多摩センター店,,商業施設,衣料品・住関連スーパー,04_Retail,HousingClothingSuper,118.1,3,Tama,2022/4/1,2023/3/31
112,フローラル上之根,,商業施設,衣料品・住関連スーパー,04_Retail,HousingClothingSuper,195.87,3,Tama,2022/4/1,2023/3/31
113,都市農住事業（株）,,事務所,CL1,01_Office,CL1,103.6,3,Tama,2022/4/1,2023/3/31
114,かじやビル,,事務所,CL4,01_Office,CL4,1410.2,3,Tama,2022/4/1,2023/3/31
115,社会福祉法人こばと会あおぞら保育園,,事務所,CL4,01_Office,CL4,1376.52,3,Tama,2022/4/1,2023/3/31
116,小林ビル,,事務所,CL2,01_Office,CL2,477.6,3,Tama,2022/4/1,2023/3/31
117,サンライズ増田,,事務所,CL4,01_Office,CL4,1359.31,3,Tama,2022/4/1,2023/3/31
118,バルキープラザ,,事務所,CL4,01_Office,CL4,1159.26,3,Tama,2022/4/1,2023/3/31
119,ライティングビル,,商業施設,衣料品・住関連スーパー,04_Retail,HousingClothingSuper,2672.23,3,Tama,2022/4/1,2023/3/31
120,ニッポンレンタカー多摩センター（営）,,商業施設,衣料品・住関連スーパー,04_Retail,HousingClothingSuper,53,3,Tama,2022/4/1,2023/3/31
121,ウィステリア,,事務所,CL5,01_Office,CL5,4533.91,3,Tama,2022/4/1,2023/3/31
122,セゾン・ド・大貫,,商業施設,衣料品・住関連スーパー,04_Retail,HousingClothingSuper,1240.68,3,Tama,2022/4/1,2023/3/31
123,多摩センタービル,,商業施設,衣料品・住関連スーパー,04_Retail,HousingClothingSuper,858.69,3,Tama,2022/4/1,2023/3/31
124,山の手ビル,,事務所,CL5,01_Office,CL5,2499.48,3,Tama,2022/4/1,2023/3/31
125,クロダビル,,商業施設,衣料品・住関連スーパー,04_Retail,HousingClothingSuper,1166.24,3,Tama,2022/4/1,2023/3/31
126,多摩クレイドゥル,,商業施設,衣料品・住関連スーパー,04_Retail,HousingClothingSuper,2733.1,3,Tama,2022/4/1,2023/3/31
127,京王多摩センターＳＣ,,商業施設,衣料品・住関連スーパー,04_Retail,HousingClothingSuper,3297.94,3,Tama,2022/4/1,2023/3/31
128,おちあい横丁,,商業施設,衣料品・住関連スーパー,04_Retail,HousingClothingSuper,887.23,3,Tama,2022/4/1,2023/3/31
129,小田急マルシェ多摩センター,,商業施設,衣料品・住関連スーパー,04_Retail,HousingClothingSuper,2640.36,3,Tama,2022/4/1,2023/3/31
130,京王運輸（株）引越センター多摩営業所,,事務所,CL3,01_Office,CL3,538.7,3,Tama,2022/4/1,2023/3/31
131,トヨタレンタリース多摩多摩センター駅前店,,商業施設,衣料品・住関連スーパー,04_Retail,HousingClothingSuper,50.34,3,Tama,2022/4/1,2023/3/31
132,都立埋蔵文化財調査センター,,事務所,CL5,01_Office,CL5,3938.07,3,Tama,2022/4/1,2023/3/31
133,多摩センタートーセイビル,,事務所,CL7b,01_Office,CL7b,19443.2,3,Tama,2022/4/1,2023/3/31
134,夢庵多摩センター店,,飲食施設,レストラン(都市),06_Restaurant,UrbanRestaurant,633.82,3,Tama,2022/4/1,2023/3/31
135,ヴェルドーレ,,事務所,CL1,01_Office,CL1,82.25,3,Tama,2022/4/1,2023/3/31
136,第２ヴェルドーレ,,商業施設,衣料品・住関連スーパー,04_Retail,HousingClothingSuper,106.49,3,Tama,2022/4/1,2023/3/31
137,須藤ビル,,事務所,CL1,01_Office,CL1,74.36,3,Tama,2022/4/1,2023/3/31
138,藤原ビル,,事務所,CL2,01_Office,CL2,209.17,3,Tama,2022/4/1,2023/3/31
139,ＮＥＳＫーＡＲＴ,,事務所,CL1,01_Office,CL1,55.19,3,Tama,2022/4/1,2023/3/31
140,パーク・タマ,,事務所,CL2,01_Office,CL2,294.56,3,Tama,2022/4/1,2023/3/31
141,栗栖ビル,,商業施設,衣料品・住関連スーパー,04_Retail,HousingClothingSuper,481.2,3,Tama,2022/4/1,2023/3/31
142,ダスキンヘルスレント多摩東ステーション,,事務所,CL1,01_Office,CL1,132.22,3,Tama,2022/4/1,2023/3/31
143,ファミリーマート秀栄多摩落合店,,商業施設,コンビニエンスストア,04_Retail,ConvenienceStore,373.06,3,Tama,2022/4/1,2023/3/31
144,メゾン筒井,,商業施設,衣料品・住関連スーパー,04_Retail,HousingClothingSuper,151.63,3,Tama,2022/4/1,2023/3/31
145,多摩あおきばクリニック,,医療施設,CL4,03_Hospital,CL4,1542.96,3,Tama,2022/4/1,2023/3/31
146,（有）青木葉企画,,事務所,CL1,01_Office,CL1,113.54,3,Tama,2022/4/1,2023/3/31
147,スワローハイム,,商業施設,衣料品・住関連スーパー,04_Retail,HousingClothingSuper,270.96,3,Tama,2022/4/1,2023/3/31
148,天然温泉極楽湯多摩センター店,,事務所,CL5,01_Office,CL5,2092.38,3,Tama,2022/4/1,2023/3/31
149,サンリオピューロランド,,事務所,CL9c,01_Office,CL9c,59615.8,3,Tama,2022/4/1,2023/3/31
150,ＧＡ多摩ｂｌｄｇ．,,商業施設,衣料品・住関連スーパー,04_Retail,HousingClothingSuper,11378.57,3,Tama,2022/4/1,2023/3/31
151,多摩センターペペリビル,,事務所,CL7b,01_Office,CL7b,11165.76,3,Tama,2022/4/1,2023/3/31
152,ペペリ,,事務所,CL6b,01_Office,CL6b,5680.3,3,Tama,2022/4/1,2023/3/31
153,多摩美術大学美術館,,事務所,CL5,01_Office,CL5,2838.15,3,Tama,2022/4/1,2023/3/31
154,（株）ベネッセコーポレーション東京ビル,,事務所,CL8c,01_Office,CL8c,29497.02,3,Tama,2022/4/1,2023/3/31
155,ベネッセの英語教室ビースタジオ,,事務所,CL2,01_Office,CL2,460.46,3,Tama,2022/4/1,2023/3/31
156,マグレブイーストビル,,事務所,CL7b,01_Office,CL7b,19054.97,3,Tama,2022/4/1,2023/3/31
157,マグレブビル,,商業施設,衣料品・住関連スーパー,04_Retail,HousingClothingSuper,20001.08,3,Tama,2022/4/1,2023/3/31
158,多摩中央警察署多摩センター駅前交番,,事務所,CL1,01_Office,CL1,81.44,3,Tama,2022/4/1,2023/3/31
159,多摩法務局証明サービスセンター,,事務所,CL1,01_Office,CL1,92.26,3,Tama,2022/4/1,2023/3/31
160,マグレブウエストＢ棟,,事務所,CL5,01_Office,CL5,2893.08,3,Tama,2022/4/1,2023/3/31
161,マグレブウエストＡ棟,,商業施設,衣料品・住関連スーパー,04_Retail,HousingClothingSuper,2542.76,3,Tama,2022/4/1,2023/3/31
162,京王プラザホテル多摩,,宿泊施設,CL8,02_Hotel,CL8,42494.83,3,Tama,2022/4/1,2023/3/31
163,丘の上プラザ,,事務所,CL8c,01_Office,CL8c,22182.3,3,Tama,2022/4/1,2023/3/31
164,みずほ銀行多摩センター支店,,事務所,CL5,01_Office,CL5,4119.92,3,Tama,2022/4/1,2023/3/31
165,海鮮三崎港,,事務所,CL2,01_Office,CL2,213.18,3,Tama,2022/4/1,2023/3/31
166,ディッパーダンカフェ多摩センター店,,事務所,CL2,01_Office,CL2,300.68,3,Tama,2022/4/1,2023/3/31
167,丘の上パティオ新館,,事務所,CL6b,01_Office,CL6b,7278.58,3,Tama,2022/4/1,2023/3/31
168,ドトール珈琲店,,商業施設,専門店・中心店,04_Retail,SpecialityShop,344.64,3,Tama,2022/4/1,2023/3/31
169,サイゼリヤ多摩丘の上パティオ店,,事務所,CL3,01_Office,CL3,601.44,3,Tama,2022/4/1,2023/3/31
170,有間矯正歯科,,商業施設,衣料品・住関連スーパー,04_Retail,HousingClothingSuper,594.8,3,Tama,2022/4/1,2023/3/31
171,ココリア多摩センター,,商業施設,衣料品・住関連スーパー,04_Retail,HousingClothingSuper,63392.96,3,Tama,2022/4/1,2023/3/31
172,ニューシティ多摩センタービル,,事務所,CL9c,01_Office,CL9c,57302.91,3,Tama,2022/4/1,2023/3/31
173,（株）ＥＮＥＯＳフロンティアＤｒ．Ｄｒｉｖｅセルフ多摩,,商業施設,衣料品・住関連スーパー,04_Retail,HousingClothingSuper,170.76,3,Tama,2022/4/1,2023/3/31
174,中三エス・ティ（株）多摩支店,,商業施設,衣料品・住関連スーパー,04_Retail,HousingClothingSuper,488.22,3,Tama,2022/4/1,2023/3/31
175,多摩クリスタル,,事務所,CL1,01_Office,CL1,162.2,3,Tama,2022/4/1,2023/3/31
176,たいよう整骨院,,医療施設,CL1,03_Hospital,CL1,89.13,3,Tama,2022/4/1,2023/3/31
177,（株）絆,,事務所,CL1,01_Office,CL1,82.8,3,Tama,2022/4/1,2023/3/31
178,センターアベニューＡ,,事務所,CL1,01_Office,CL1,131.4,3,Tama,2022/4/1,2023/3/31
179,ファミリーマート多摩落合二丁目店,,商業施設,コンビニエンスストア,04_Retail,ConvenienceStore,393.08,3,Tama,2022/4/1,2023/3/31
180,（有）ベストシステムサービス,,事務所,CL1,01_Office,CL1,144.77,3,Tama,2022/4/1,2023/3/31
181,青木葉黒田ビル,,商業施設,衣料品・住関連スーパー,04_Retail,HousingClothingSuper,118.88,3,Tama,2022/4/1,2023/3/31
182,保育室ぽけっとぽっけ,,事務所,CL1,01_Office,CL1,114.93,3,Tama,2022/4/1,2023/3/31
183,市立図書館,,事務所,CL6b,01_Office,CL6b,6561.48,3,Tama,2022/4/1,2023/3/31
184,クロスガーデン多摩,,事務所,CL8c,01_Office,CL8c,48234.24,3,Tama,2022/4/1,2023/3/31
185,パルテノン多摩,,事務所,CL7b,01_Office,CL7b,10366.2,3,Tama,2022/4/1,2023/3/31
186,ヴィルメーディオ,,事務所,CL2,01_Office,CL2,273.66,3,Tama,2022/4/1,2023/3/31
187,青木葉通りビル,,事務所,CL2,01_Office,CL2,286.23,3,Tama,2022/4/1,2023/3/31
188,高木ビル,,事務所,CL2,01_Office,CL2,338.7,3,Tama,2022/4/1,2023/3/31
189,グランクリュ,,商業施設,専門店・中心店,04_Retail,SpecialityShop,210.24,3,Tama,2022/4/1,2023/3/31
190,小山ハイツ,,商業施設,衣料品・住関連スーパー,04_Retail,HousingClothingSuper,177.34,3,Tama,2022/4/1,2023/3/31
191,青木葉ハイツ４,,事務所,CL1,01_Office,CL1,158.25,3,Tama,2022/4/1,2023/3/31
192,青木葉ハイツ５,,商業施設,衣料品・住関連スーパー,04_Retail,HousingClothingSuper,161.77,3,Tama,2022/4/1,2023/3/31
193,武島内科クリニック,,医療施設,CL2,03_Hospital,CL2,260.54,3,Tama,2022/4/1,2023/3/31
194,ダンスルームＫＡＺＵ,,事務所,CL1,01_Office,CL1,170.24,3,Tama,2022/4/1,2023/3/31
195,多摩落合ヤード,,事務所,CL1,01_Office,CL1,31.7,3,Tama,2022/4/1,2023/3/31
196,多摩落合郵便局,,事務所,CL2,01_Office,CL2,262.06,3,Tama,2022/4/1,2023/3/31
197,ＮＰＯ法人アピュイ,,事務所,CL1,01_Office,CL1,195.96,3,Tama,2022/4/1,2023/3/31
198,多摩ニュータウン落合３―１８―１号棟,,事務所,CL4,01_Office,CL4,1970.9,3,Tama,2022/4/1,2023/3/31
199,江崎小児クリニック,,医療施設,CL2,03_Hospital,CL2,207.76,3,Tama,2022/4/1,2023/3/31
200,市立東落合小学校,,学校施設,小学校,05_School,ElementarySchool,5187.6,3,Tama,2022/4/1,2023/3/31
201,多摩ニュータウン落合４―８―１号棟,,事務所,CL2,01_Office,CL2,334.31,3,Tama,2022/4/1,2023/3/31
202,多摩ニュータウン落合４―９―１号棟,,事務所,CL3,01_Office,CL3,955.06,3,Tama,2022/4/1,2023/3/31
203,学校法人成徳学園せいとく幼稚園,,事務所,CL5,01_Office,CL5,2109.18,3,Tama,2022/4/1,2023/3/31
204,市立落合中学校,,学校施設,中学校,05_School,JuniorHighSchool,4960.08,3,Tama,2022/4/1,2023/3/31
205,社会福祉法人カリタスの園かおり保育園,,事務所,CL5,01_Office,CL5,2083.11,3,Tama,2022/4/1,2023/3/31
206,多摩ニュータウン落合４―１６―１号棟,,事務所,CL3,01_Office,CL3,819.85,3,Tama,2022/4/1,2023/3/31
207,多摩中央警察署落合地域安全センター,,事務所,CL1,01_Office,CL1,114.88,3,Tama,2022/4/1,2023/3/31
208,市立西落合小学校,,学校施設,小学校,05_School,ElementarySchool,5065.96,3,Tama,2022/4/1,2023/3/31
209,シューベルトホール,,商業施設,衣料品・住関連スーパー,04_Retail,HousingClothingSuper,2197.62,3,Tama,2022/4/1,2023/3/31
210,おだ学園保育園,,事務所,CL5,01_Office,CL5,2492.38,3,Tama,2022/4/1,2023/3/31
211,多摩中央警察署落合六丁目駐在所,,事務所,CL2,01_Office,CL2,243.64,3,Tama,2022/4/1,2023/3/31
212,（株）ＷＡＮＤ,,事務所,CL1,01_Office,CL1,49.13,3,Tama,2022/4/1,2023/3/31
213,トムハウス,,事務所,CL5,01_Office,CL5,2014.72,3,Tama,2022/4/1,2023/3/31
214,（株）麻生徽章,,事務所,CL1,01_Office,CL1,52.22,3,Tama,2022/4/1,2023/3/31
215,山崎歯科医院,,医療施設,CL1,03_Hospital,CL1,172.3,3,Tama,2022/4/1,2023/3/31
216,Ａｄｅｌｉｅ,,事務所,CL1,01_Office,CL1,67.63,3,Tama,2022/4/1,2023/3/31
217,ハイツ峯,,事務所,CL2,01_Office,CL2,269.4,3,Tama,2022/4/1,2023/3/31
218,ＡＶＩＸＣＯＲＰＯＲＡＴＩＯＮ,,商業施設,衣料品・住関連スーパー,04_Retail,HousingClothingSuper,446.3,3,Tama,2022/4/1,2023/3/31
219,マルテルＢ,,事務所,CL1,01_Office,CL1,52.62,3,Tama,2022/4/1,2023/3/31
220,ＳＥＤＩＡＳＹＳＴＥＭ,,事務所,CL3,01_Office,CL3,677.24,3,Tama,2022/4/1,2023/3/31
221,ピザＨＯＵＳＥＬｅｅｋ,,飲食施設,レストラン(都市),06_Restaurant,UrbanRestaurant,200.22,3,Tama,2022/4/1,2023/3/31
222,モンレーヴピアノ教室多摩落合,,事務所,CL1,01_Office,CL1,80.2,3,Tama,2022/4/1,2023/3/31
223,椎の木プラザ,,事務所,CL2,01_Office,CL2,465.2,3,Tama,2022/4/1,2023/3/31
224,ビル,,商業施設,衣料品・住関連スーパー,04_Retail,HousingClothingSuper,304.31,3,Tama,2022/4/1,2023/3/31
225,（株）多摩ニュータウンサービス,,事務所,CL2,01_Office,CL2,294.6,3,Tama,2022/4/1,2023/3/31
226,第３椎の木ビル,,事務所,CL2,01_Office,CL2,443.28,3,Tama,2022/4/1,2023/3/31
227,セブンイレブン多摩落合６丁目店,,商業施設,コンビニエンスストア,04_Retail,ConvenienceStore,406.1,3,Tama,2022/4/1,2023/3/31
228,サンライズ１,,商業施設,衣料品・住関連スーパー,04_Retail,HousingClothingSuper,128.67,3,Tama,2022/4/1,2023/3/31
229,理容ミナミ,,商業施設,専門店・中心店,04_Retail,SpecialityShop,50.86,3,Tama,2022/4/1,2023/3/31
230,布施川医院,,医療施設,CL1,03_Hospital,CL1,184.08,3,Tama,2022/4/1,2023/3/31
231,（株）北陸エンジニアプラスチック,,事務所,CL1,01_Office,CL1,41.65,3,Tama,2022/4/1,2023/3/31
232,ＨＡＤ建築設計,,事務所,CL1,01_Office,CL1,90.03,3,Tama,2022/4/1,2023/3/31
233,社会保険労務士大鷲事務所,,事務所,CL1,01_Office,CL1,77.52,3,Tama,2022/4/1,2023/3/31
234,（株）朝倉組,,事務所,CL2,01_Office,CL2,213.81,3,Tama,2022/4/1,2023/3/31
235,（有）サクラテクノス,,事務所,CL1,01_Office,CL1,50.6,3,Tama,2022/4/1,2023/3/31
236,ソシュール・Ｍ,,商業施設,衣料品・住関連スーパー,04_Retail,HousingClothingSuper,263.35,3,Tama,2022/4/1,2023/3/31
237,くりの木,,事務所,CL1,01_Office,CL1,26.23,3,Tama,2022/4/1,2023/3/31
238,グループホームらいふアパート,,医療施設,CL1,03_Hospital,CL1,119.14,3,Tama,2022/4/1,2023/3/31
239,（株）新倉興産,,商業施設,衣料品・住関連スーパー,04_Retail,HousingClothingSuper,119.12,3,Tama,2022/4/1,2023/3/31
240,土地家屋調査士庄司崇宏事務所,,事務所,CL1,01_Office,CL1,61.26,3,Tama,2022/4/1,2023/3/31
241,ファミリーサロン増川,,商業施設,専門店・中心店,04_Retail,SpecialityShop,219.72,3,Tama,2022/4/1,2023/3/31
242,（有）エーツー,,事務所,CL1,01_Office,CL1,55.07,3,Tama,2022/4/1,2023/3/31
243,（株）川辺電気商会,,事務所,CL1,01_Office,CL1,133.83,3,Tama,2022/4/1,2023/3/31
244,多摩永山ジョイビル,,事務所,CL5,01_Office,CL5,2360.8,3,Tama,2022/4/1,2023/3/31
245,南多摩教育会館,,事務所,CL2,01_Office,CL2,370.2,3,Tama,2022/4/1,2023/3/31
246,金子工務店,,事務所,CL1,01_Office,CL1,129.44,3,Tama,2022/4/1,2023/3/31
247,（株）大黒不動産,,事務所,CL1,01_Office,CL1,36.83,3,Tama,2022/4/1,2023/3/31
248,新東京救急センター,,商業施設,衣料品・住関連スーパー,04_Retail,HousingClothingSuper,193.54,3,Tama,2022/4/1,2023/3/31
249,スズキアリーナ多摩営業所,,商業施設,衣料品・住関連スーパー,04_Retail,HousingClothingSuper,310.5,3,Tama,2022/4/1,2023/3/31
250,あい在宅複合施設,,商業施設,衣料品・住関連スーパー,04_Retail,HousingClothingSuper,1636.62,3,Tama,2022/4/1,2023/3/31
251,多摩永山メモリードホール,,事務所,CL3,01_Office,CL3,844.28,3,Tama,2022/4/1,2023/3/31
252,ウイングオートジャパン,,商業施設,衣料品・住関連スーパー,04_Retail,HousingClothingSuper,63.24,3,Tama,2022/4/1,2023/3/31
253,ファミリーマート秀栄多摩ニュータウン通り店,,商業施設,コンビニエンスストア,04_Retail,ConvenienceStore,591.86,3,Tama,2022/4/1,2023/3/31
254,まつもと整骨院,,医療施設,CL1,03_Hospital,CL1,88.66,3,Tama,2022/4/1,2023/3/31
255,（株）富士植木多摩支店,,事務所,CL2,01_Office,CL2,433.23,3,Tama,2022/4/1,2023/3/31
256,（株）トウノス企画,,事務所,CL1,01_Office,CL1,39.92,3,Tama,2022/4/1,2023/3/31
257,多摩ミュージックランド,,事務所,CL1,01_Office,CL1,40.35,3,Tama,2022/4/1,2023/3/31
258,セブンイレブン多摩貝取大通り店,,商業施設,コンビニエンスストア,04_Retail,ConvenienceStore,423.52,3,Tama,2022/4/1,2023/3/31
259,小田急電鉄（株）永山変電所,,事務所,CL3,01_Office,CL3,803.52,3,Tama,2022/4/1,2023/3/31
260,神田ハイツ,,商業施設,衣料品・住関連スーパー,04_Retail,HousingClothingSuper,83.28,3,Tama,2022/4/1,2023/3/31
261,ガラス造形教室,,事務所,CL1,01_Office,CL1,56.58,3,Tama,2022/4/1,2023/3/31
262,長谷川クリニック,,医療施設,CL1,03_Hospital,CL1,51.58,3,Tama,2022/4/1,2023/3/31
263,（有）ガン・タカハシ,,事務所,CL1,01_Office,CL1,49.15,3,Tama,2022/4/1,2023/3/31
264,松本動物病院,,医療施設,CL1,03_Hospital,CL1,172.08,3,Tama,2022/4/1,2023/3/31
265,大和鋼建（株）,,事務所,CL3,01_Office,CL3,711.3,3,Tama,2022/4/1,2023/3/31
266,蔦屋書店多摩永山店,,商業施設,衣料品・住関連スーパー,04_Retail,HousingClothingSuper,2643.54,3,Tama,2022/4/1,2023/3/31
267,市立多摩ふるさと資料館,,事務所,CL6b,01_Office,CL6b,5635.4,3,Tama,2022/4/1,2023/3/31
268,多摩中央警察署北貝取駐在所,,事務所,CL1,01_Office,CL1,111.52,3,Tama,2022/4/1,2023/3/31
269,貝取学童クラブ,,事務所,CL2,01_Office,CL2,460.62,3,Tama,2022/4/1,2023/3/31
270,斎藤歯科医院,,医療施設,CL1,03_Hospital,CL1,157.3,3,Tama,2022/4/1,2023/3/31
271,スーパーマーケットサントク貝取店,,商業施設,衣料品・住関連スーパー,04_Retail,HousingClothingSuper,2317.74,3,Tama,2022/4/1,2023/3/31
272,ファミリーヘアサロンホワイト,,商業施設,衣料品・住関連スーパー,04_Retail,HousingClothingSuper,262.58,3,Tama,2022/4/1,2023/3/31
273,よろずや米店,,商業施設,専門店・中心店,04_Retail,SpecialityShop,94.48,3,Tama,2022/4/1,2023/3/31
274,きっちん空,,事務所,CL1,01_Office,CL1,181.74,3,Tama,2022/4/1,2023/3/31
275,（株）サントク,,事務所,CL1,01_Office,CL1,158.92,3,Tama,2022/4/1,2023/3/31
276,松田医院,,医療施設,CL2,03_Hospital,CL2,255.48,3,Tama,2022/4/1,2023/3/31
277,（有）大野商会,,事務所,CL1,01_Office,CL1,73.28,3,Tama,2022/4/1,2023/3/31
278,くぼ歯科医院,,医療施設,CL1,03_Hospital,CL1,178.9,3,Tama,2022/4/1,2023/3/31
279,クリエイトエス・ディー多摩貝取店,,商業施設,衣料品・住関連スーパー,04_Retail,HousingClothingSuper,1309.66,3,Tama,2022/4/1,2023/3/31
280,ダイヤテック（株）,,事務所,CL1,01_Office,CL1,79.64,3,Tama,2022/4/1,2023/3/31
281,（株）サカザキ精工,,事務所,CL1,01_Office,CL1,117.75,3,Tama,2022/4/1,2023/3/31
282,（有）粕谷電気,,事務所,CL1,01_Office,CL1,100.58,3,Tama,2022/4/1,2023/3/31
283,（株）メディックス,,商業施設,衣料品・住関連スーパー,04_Retail,HousingClothingSuper,452.26,3,Tama,2022/4/1,2023/3/31
284,竹内ビル,,事務所,CL2,01_Office,CL2,328.56,3,Tama,2022/4/1,2023/3/31
285,（株）日本テレフォニー,,事務所,CL1,01_Office,CL1,135.49,3,Tama,2022/4/1,2023/3/31
286,コモディイイダ永山店,,商業施設,衣料品・住関連スーパー,04_Retail,HousingClothingSuper,2839.28,3,Tama,2022/4/1,2023/3/31
287,市立青陵中学校,,学校施設,中学校,05_School,JuniorHighSchool,4917.76,3,Tama,2022/4/1,2023/3/31
288,東京都水道局貝取増圧ポンプ所,,事務所,CL3,01_Office,CL3,878.82,3,Tama,2022/4/1,2023/3/31
289,医療モール永山,,事務所,CL4,01_Office,CL4,1686.63,3,Tama,2022/4/1,2023/3/31
290,１００円ショップセリア多摩貝取店,,事務所,CL7b,01_Office,CL7b,12469.35,3,Tama,2022/4/1,2023/3/31
291,市立貝取小学校,,学校施設,小学校,05_School,ElementarySchool,5698.6,3,Tama,2022/4/1,2023/3/31
292,貝取４丁目１番住宅４ー１ー４棟,,事務所,CL2,01_Office,CL2,313.08,3,Tama,2022/4/1,2023/3/31
293,貝取４丁目１番住宅４―２―２号棟,,事務所,CL4,01_Office,CL4,1440.88,3,Tama,2022/4/1,2023/3/31
294,多摩中央警察署貝取交番,,事務所,CL1,01_Office,CL1,127.8,3,Tama,2022/4/1,2023/3/31
295,貝取コミュニティセンター,,事務所,CL4,01_Office,CL4,1531.96,3,Tama,2022/4/1,2023/3/31
296,セブンイレブン多摩ニュータウン通り店,,商業施設,コンビニエンスストア,04_Retail,ConvenienceStore,368.24,3,Tama,2022/4/1,2023/3/31
297,（有）山田住設,,事務所,CL1,01_Office,CL1,101.47,3,Tama,2022/4/1,2023/3/31
298,ＮＫＫビル,,事務所,CL1,01_Office,CL1,100.05,3,Tama,2022/4/1,2023/3/31
299,（株）ナックオニキス多摩ナック車検センター,,商業施設,衣料品・住関連スーパー,04_Retail,HousingClothingSuper,418.3,3,Tama,2022/4/1,2023/3/31
300,市立多摩第三小学校,,学校施設,小学校,05_School,ElementarySchool,3427.17,3,Tama,2022/4/1,2023/3/31
301,（株）プラス,,事務所,CL1,01_Office,CL1,103.59,3,Tama,2022/4/1,2023/3/31
302,かつさと多摩センター店,,飲食施設,レストラン(都市),06_Restaurant,UrbanRestaurant,212.62,3,Tama,2022/4/1,2023/3/31
303,三賀産業（株）,,事務所,CL1,01_Office,CL1,52.91,3,Tama,2022/4/1,2023/3/31
304,（株）アイディーケー,,事務所,CL1,01_Office,CL1,49.48,3,Tama,2022/4/1,2023/3/31
305,市消防団第七分団,,事務所,CL1,01_Office,CL1,92.22,3,Tama,2022/4/1,2023/3/31
306,有山電気工事,,事務所,CL1,01_Office,CL1,91.07,3,Tama,2022/4/1,2023/3/31
307,ナカゲンエージェンシー（株）,,事務所,CL1,01_Office,CL1,43.51,3,Tama,2022/4/1,2023/3/31
308,カラオケコート・ダジュール多摩ニュータウン店,,娯楽施設,カラオケ,09_Amusement,Karaoke,674.5,3,Tama,2022/4/1,2023/3/31
309,コーポアタゴ,,事務所,CL1,01_Office,CL1,92.78,3,Tama,2022/4/1,2023/3/31
310,富士ヶ丘幼稚園,,事務所,CL5,01_Office,CL5,2494.3,3,Tama,2022/4/1,2023/3/31
311,吉村エンタープライズ（株）,,飲食施設,レストラン(都市),06_Restaurant,UrbanRestaurant,80.52,3,Tama,2022/4/1,2023/3/31
312,カメラのキタムラ多摩・ニュータウン通り店,,商業施設,衣料品・住関連スーパー,04_Retail,HousingClothingSuper,438.6,3,Tama,2022/4/1,2023/3/31
313,永山動物病院,,事務所,CL2,01_Office,CL2,297.36,3,Tama,2022/4/1,2023/3/31
314,快活クラブ多摩ニュータウン店,,飲食施設,レストラン(都市),06_Restaurant,UrbanRestaurant,1050.5,3,Tama,2022/4/1,2023/3/31
315,多摩ファイブプラザビル,,事務所,CL5,01_Office,CL5,2237.6,3,Tama,2022/4/1,2023/3/31
316,多摩中央警察署愛宕交番,,事務所,CL1,01_Office,CL1,118.56,3,Tama,2022/4/1,2023/3/31
317,乞田・貝取コミュニティセンター,,事務所,CL3,01_Office,CL3,646,3,Tama,2022/4/1,2023/3/31
318,コーポ光,,事務所,CL1,01_Office,CL1,119.64,3,Tama,2022/4/1,2023/3/31
319,しゃぶ葉多摩ニュータウン店,,飲食施設,レストラン(都市),06_Restaurant,UrbanRestaurant,429.52,3,Tama,2022/4/1,2023/3/31
320,ブロンコビリー多摩ニュータウン通り店,,飲食施設,レストラン(都市),06_Restaurant,UrbanRestaurant,717.14,3,Tama,2022/4/1,2023/3/31
321,訪問看護ステーションすみれ,,事務所,CL1,01_Office,CL1,130.14,3,Tama,2022/4/1,2023/3/31
322,グループホームすみれの里・乞田,,事務所,CL3,01_Office,CL3,866.22,3,Tama,2022/4/1,2023/3/31
323,メモリアルハウス多摩,,商業施設,衣料品・住関連スーパー,04_Retail,HousingClothingSuper,268.5,3,Tama,2022/4/1,2023/3/31
324,ファミリーナ・タマ１,,事務所,CL4,01_Office,CL4,1067,3,Tama,2022/4/1,2023/3/31
325,サークビル,,事務所,CL5,01_Office,CL5,2755.94,3,Tama,2022/4/1,2023/3/31
326,マクドナルド多摩ニュータウン通り店,,飲食施設,レストラン(都市),06_Restaurant,UrbanRestaurant,475.72,3,Tama,2022/4/1,2023/3/31
327,（有）平島設備工業,,事務所,CL1,01_Office,CL1,75.61,3,Tama,2022/4/1,2023/3/31
328,（株）朝陽総合管理,,商業施設,専門店・中心店,04_Retail,SpecialityShop,188.24,3,Tama,2022/4/1,2023/3/31
329,（株）井上電業,,事務所,CL1,01_Office,CL1,96.14,3,Tama,2022/4/1,2023/3/31
330,ＭＵＵ多摩店,,事務所,CL1,01_Office,CL1,137.61,3,Tama,2022/4/1,2023/3/31
331,多摩の未来を考える会,,事務所,CL1,01_Office,CL1,46.81,3,Tama,2022/4/1,2023/3/31
332,ラーメン魁力屋多摩ニュータウン通り店,,飲食施設,レストラン(都市),06_Restaurant,UrbanRestaurant,219.56,3,Tama,2022/4/1,2023/3/31
333,高東ビル,,事務所,CL2,01_Office,CL2,321.72,3,Tama,2022/4/1,2023/3/31
334,リンクエスト（株）,,事務所,CL1,01_Office,CL1,35.91,3,Tama,2022/4/1,2023/3/31
335,医療法人社団真潭会新井歯科医院,,医療施設,CL3,03_Hospital,CL3,736.44,3,Tama,2022/4/1,2023/3/31
336,（有）多摩エンジニアリング社,,事務所,CL1,01_Office,CL1,79.44,3,Tama,2022/4/1,2023/3/31
337,ＨｏｎｄａＣａｒｓ東京中央多摩店,,商業施設,衣料品・住関連スーパー,04_Retail,HousingClothingSuper,1467.04,3,Tama,2022/4/1,2023/3/31
338,多摩風呂商会,,事務所,CL1,01_Office,CL1,105.6,3,Tama,2022/4/1,2023/3/31
339,（株）カイトー,,事務所,CL1,01_Office,CL1,39.29,3,Tama,2022/4/1,2023/3/31
340,小林ビル,,事務所,CL2,01_Office,CL2,295.44,3,Tama,2022/4/1,2023/3/31
341,ファミリー永山,,事務所,CL1,01_Office,CL1,82.88,3,Tama,2022/4/1,2023/3/31
342,永山Ｕビル,,事務所,CL4,01_Office,CL4,1120.56,3,Tama,2022/4/1,2023/3/31
343,ＮＴオートサービス（株）多摩ニュータウン車検センター,,事務所,CL3,01_Office,CL3,660.98,3,Tama,2022/4/1,2023/3/31
344,（株）光コンクリート,,事務所,CL1,01_Office,CL1,34.7,3,Tama,2022/4/1,2023/3/31
345,オリーブの丘多摩ニュータウン店,,飲食施設,レストラン(都市),06_Restaurant,UrbanRestaurant,787.52,3,Tama,2022/4/1,2023/3/31
346,紳士服コナカ多摩ニュータウン店,,商業施設,衣料品・住関連スーパー,04_Retail,HousingClothingSuper,942.68,3,Tama,2022/4/1,2023/3/31
347,Ｋハウス,,事務所,CL1,01_Office,CL1,46.85,3,Tama,2022/4/1,2023/3/31
348,からやま,,飲食施設,レストラン(都市),06_Restaurant,UrbanRestaurant,268.56,3,Tama,2022/4/1,2023/3/31
349,日本新使徒教会,,事務所,CL1,01_Office,CL1,61.02,3,Tama,2022/4/1,2023/3/31
350,（有）カザリ工業,,事務所,CL1,01_Office,CL1,54.56,3,Tama,2022/4/1,2023/3/31
351,（株）関東マツダ多摩ニュータウン店,,商業施設,衣料品・住関連スーパー,04_Retail,HousingClothingSuper,976.52,3,Tama,2022/4/1,2023/3/31
352,（株）晃電社,,事務所,CL1,01_Office,CL1,125.23,3,Tama,2022/4/1,2023/3/31
353,ＧＬＯＲＩＡ,,事務所,CL1,01_Office,CL1,65.48,3,Tama,2022/4/1,2023/3/31
354,ＭａｋｅａＷｉｓｈ,,事務所,CL1,01_Office,CL1,15.6,3,Tama,2022/4/1,2023/3/31
355,ＫＴＡＢＬＤ,,事務所,CL5,01_Office,CL5,2040.1,3,Tama,2022/4/1,2023/3/31
356,独楽寿司永山店,,飲食施設,レストラン(都市),06_Restaurant,UrbanRestaurant,702.54,3,Tama,2022/4/1,2023/3/31
357,シグマワールドワイドＩｎｃ,,事務所,CL1,01_Office,CL1,170.78,3,Tama,2022/4/1,2023/3/31
358,Ｊｕｎｃｏｒｐｏｒａｔｉｏｎ,,事務所,CL1,01_Office,CL1,135.95,3,Tama,2022/4/1,2023/3/31
359,（株）アーカインド,,事務所,CL1,01_Office,CL1,46.9,3,Tama,2022/4/1,2023/3/31
360,シュウ広告事務所多摩分室,,事務所,CL1,01_Office,CL1,59.63,3,Tama,2022/4/1,2023/3/31
361,ＲＩＴＡ’ＳＨＯＵＳＥ,,事務所,CL1,01_Office,CL1,153.51,3,Tama,2022/4/1,2023/3/31
362,（有）イー企画,,事務所,CL1,01_Office,CL1,149.78,3,Tama,2022/4/1,2023/3/31
363,（有）三力商事,,事務所,CL1,01_Office,CL1,112.62,3,Tama,2022/4/1,2023/3/31
364,桜ヶ丘コミュニティセンター,,事務所,CL5,01_Office,CL5,2149.5,3,Tama,2022/4/1,2023/3/31
365,アリス（株）,,事務所,CL1,01_Office,CL1,130.95,3,Tama,2022/4/1,2023/3/31
366,アーバンエココンサルティング（株）,,事務所,CL1,01_Office,CL1,49,3,Tama,2022/4/1,2023/3/31
367,三晴造地（有）,,事務所,CL1,01_Office,CL1,99.2,3,Tama,2022/4/1,2023/3/31
368,日本アロエ（株）,,事務所,CL1,01_Office,CL1,89.77,3,Tama,2022/4/1,2023/3/31
369,ｔｅｔｅ,,事務所,CL1,01_Office,CL1,97.99,3,Tama,2022/4/1,2023/3/31
370,（有）月川,,事務所,CL1,01_Office,CL1,165.53,3,Tama,2022/4/1,2023/3/31
371,ＳＰＡＣＥＰＬＡＮＮＩＮＧＳＨＩＭＡＤＡ,,事務所,CL1,01_Office,CL1,85.56,3,Tama,2022/4/1,2023/3/31
372,すたじおちきゅうや,,事務所,CL1,01_Office,CL1,47.27,3,Tama,2022/4/1,2023/3/31
373,込山税務会計事務所,,事務所,CL1,01_Office,CL1,66.52,3,Tama,2022/4/1,2023/3/31
374,ＤａｔａＣａｋｅＢａｋｅｒ,,事務所,CL1,01_Office,CL1,78.4,3,Tama,2022/4/1,2023/3/31
375,（有）統合ソフト開発,,事務所,CL1,01_Office,CL1,92.25,3,Tama,2022/4/1,2023/3/31
376,（有）多摩サービスセンター,,事務所,CL1,01_Office,CL1,34.97,3,Tama,2022/4/1,2023/3/31
377,日高洋志建築設計事務所,,事務所,CL1,01_Office,CL1,77.31,3,Tama,2022/4/1,2023/3/31
378,桜ケ丘ビル,,事務所,CL2,01_Office,CL2,329.85,3,Tama,2022/4/1,2023/3/31
379,（株）Ｎ＆ＫＪＡＰＡＮ,,事務所,CL1,01_Office,CL1,97.19,3,Tama,2022/4/1,2023/3/31
380,桜ヶ丘いきいき元気センター,,事務所,CL3,01_Office,CL3,589.22,3,Tama,2022/4/1,2023/3/31
381,エステデミ・ジュノ,,事務所,CL1,01_Office,CL1,72.07,3,Tama,2022/4/1,2023/3/31
382,肉鈴政,,事務所,CL1,01_Office,CL1,53.95,3,Tama,2022/4/1,2023/3/31
383,魚進,,商業施設,専門店・中心店,04_Retail,SpecialityShop,95.84,3,Tama,2022/4/1,2023/3/31
384,クレッシェンド,,事務所,CL1,01_Office,CL1,61.78,3,Tama,2022/4/1,2023/3/31
385,リノベコスモロジー．ＣＯ,,事務所,CL1,01_Office,CL1,57.86,3,Tama,2022/4/1,2023/3/31
386,（株）第一産商多摩（営）,,事務所,CL1,01_Office,CL1,104.28,3,Tama,2022/4/1,2023/3/31
387,和桜,,飲食施設,レストラン(都市),06_Restaurant,UrbanRestaurant,114.94,3,Tama,2022/4/1,2023/3/31
388,ヘアーサロンヒロ,,事務所,CL1,01_Office,CL1,50.59,3,Tama,2022/4/1,2023/3/31
389,ＥＨデンタルラボラトリー,,事務所,CL1,01_Office,CL1,112.95,3,Tama,2022/4/1,2023/3/31
390,一級建築士（事）磯野淳子アトリエ,,事務所,CL1,01_Office,CL1,69.68,3,Tama,2022/4/1,2023/3/31
391,記載なし,,事務所,CL1,01_Office,CL1,161.86,3,Tama,2022/4/1,2023/3/31
392,ヒーリング・オーシャン,,事務所,CL1,01_Office,CL1,103.93,3,Tama,2022/4/1,2023/3/31
393,花鈴はなれ,,事務所,CL1,01_Office,CL1,111.26,3,Tama,2022/4/1,2023/3/31
394,手作りサロン合,,事務所,CL1,01_Office,CL1,105.07,3,Tama,2022/4/1,2023/3/31
395,松田健身クリニック,,医療施設,CL1,03_Hospital,CL1,142.22,3,Tama,2022/4/1,2023/3/31
396,一般社団法人美術工藝協会,,事務所,CL1,01_Office,CL1,185.97,3,Tama,2022/4/1,2023/3/31
397,光ＴＢ,,事務所,CL1,01_Office,CL1,70.29,3,Tama,2022/4/1,2023/3/31
398,Ｎｏ５ＤＥＳＩＧＮＳＴＵＤＩＯ,,事務所,CL1,01_Office,CL1,171.2,3,Tama,2022/4/1,2023/3/31
399,イソセン,,事務所,CL1,01_Office,CL1,172.78,3,Tama,2022/4/1,2023/3/31
400,ＨＩＳＡＫＯＫＯＢＡＴＡＫＥＣＬＡＳＳ,,事務所,CL1,01_Office,CL1,57.5,3,Tama,2022/4/1,2023/3/31
401,ミナヤ（株）,,事務所,CL1,01_Office,CL1,110.83,3,Tama,2022/4/1,2023/3/31
402,（株）ＹＵＫＩＺＯｉｎｋ,,事務所,CL1,01_Office,CL1,75.24,3,Tama,2022/4/1,2023/3/31
403,ＩＫＫＯ（株）,,事務所,CL1,01_Office,CL1,114.23,3,Tama,2022/4/1,2023/3/31
404,クマタ貿易（株）,,事務所,CL1,01_Office,CL1,147.37,3,Tama,2022/4/1,2023/3/31
405,（株）ニュートリデザイン,,事務所,CL1,01_Office,CL1,70.2,3,Tama,2022/4/1,2023/3/31
406,コレジオ（有）,,事務所,CL1,01_Office,CL1,130.1,3,Tama,2022/4/1,2023/3/31
407,（有）服部プランニングオフィス,,事務所,CL1,01_Office,CL1,136.7,3,Tama,2022/4/1,2023/3/31
408,（有）オフィスゼット,,事務所,CL1,01_Office,CL1,94.01,3,Tama,2022/4/1,2023/3/31
409,（有）プレサージュ,,事務所,CL1,01_Office,CL1,81.37,3,Tama,2022/4/1,2023/3/31
410,（株）アイ・アンド・アソシエイツ,,事務所,CL1,01_Office,CL1,70.28,3,Tama,2022/4/1,2023/3/31
411,イーマイクロ（株）,,事務所,CL1,01_Office,CL1,84.9,3,Tama,2022/4/1,2023/3/31
412,多摩桜ヶ丘将棋教室,,事務所,CL1,01_Office,CL1,106.88,3,Tama,2022/4/1,2023/3/31
413,ＴＩＫ企画,,事務所,CL1,01_Office,CL1,195.04,3,Tama,2022/4/1,2023/3/31
414,（株）長井建築事務所,,事務所,CL1,01_Office,CL1,75.38,3,Tama,2022/4/1,2023/3/31
415,オレンジハート合同会社,,事務所,CL1,01_Office,CL1,157.86,3,Tama,2022/4/1,2023/3/31
416,ＴｒｉｏＴｒａｄｅｒＬｔｄ．,,事務所,CL1,01_Office,CL1,110.79,3,Tama,2022/4/1,2023/3/31
417,（株）ＯＴＮ,,事務所,CL1,01_Office,CL1,106.46,3,Tama,2022/4/1,2023/3/31
418,ＨａｌｏＨａｌｏＩｎｃ．,,事務所,CL1,01_Office,CL1,63.61,3,Tama,2022/4/1,2023/3/31
419,Ｋリトミックピアノ教室,,事務所,CL1,01_Office,CL1,82.89,3,Tama,2022/4/1,2023/3/31
420,（株）ＩＳＡＫＡｃｏｒｐｏｒａｔｉｏｎ,,事務所,CL1,01_Office,CL1,120.65,3,Tama,2022/4/1,2023/3/31
421,ＥＣＣジュニア,,事務所,CL1,01_Office,CL1,161.29,3,Tama,2022/4/1,2023/3/31
422,（有）あずさ,,事務所,CL1,01_Office,CL1,95.79,3,Tama,2022/4/1,2023/3/31
423,ｍｐｉＥｎｇｌｉｓｈＳｃｈｏｏｌｓ,,事務所,CL1,01_Office,CL1,92.94,3,Tama,2022/4/1,2023/3/31
424,（株）ＥＶＥＲＧＲＥＥＮ,,事務所,CL1,01_Office,CL1,64.67,3,Tama,2022/4/1,2023/3/31
425,さっちゃんルーム,,事務所,CL1,01_Office,CL1,127.29,3,Tama,2022/4/1,2023/3/31
426,（株）枚方技研東京営業所,,事務所,CL1,01_Office,CL1,138.63,3,Tama,2022/4/1,2023/3/31
427,デイサービス樹楽だんらんの家桜ヶ丘,,事務所,CL1,01_Office,CL1,177.54,3,Tama,2022/4/1,2023/3/31
428,桜ヶ丘英会話教室,,事務所,CL1,01_Office,CL1,131.29,3,Tama,2022/4/1,2023/3/31
429,多摩中央警察署桜ケ丘駐在所,,事務所,CL1,01_Office,CL1,147.64,3,Tama,2022/4/1,2023/3/31
430,多摩桜ヶ丘郵便局,,事務所,CL2,01_Office,CL2,211.08,3,Tama,2022/4/1,2023/3/31
431,由井歯科医院,,医療施設,CL1,03_Hospital,CL1,181.24,3,Tama,2022/4/1,2023/3/31
432,ＩＫＫＯ（株）,,事務所,CL1,01_Office,CL1,71.12,3,Tama,2022/4/1,2023/3/31
433,（株）小鑓電設,,事務所,CL1,01_Office,CL1,102.45,3,Tama,2022/4/1,2023/3/31
434,光楓庵,,事務所,CL1,01_Office,CL1,152.85,3,Tama,2022/4/1,2023/3/31
435,東京自動車興業（株）,,事務所,CL1,01_Office,CL1,146.6,3,Tama,2022/4/1,2023/3/31
436,（株）インターネット戦略研究所,,事務所,CL1,01_Office,CL1,136.97,3,Tama,2022/4/1,2023/3/31
437,一般社団法人多文化たすけあい,,事務所,CL1,01_Office,CL1,105.02,3,Tama,2022/4/1,2023/3/31
438,ＣａｆｅＳａｋｕｒａ,,事務所,CL1,01_Office,CL1,122.19,3,Tama,2022/4/1,2023/3/31
439,東京都水道局桜ケ丘浄水所,,事務所,CL4,01_Office,CL4,1012.88,3,Tama,2022/4/1,2023/3/31
440,ＴｒｅｎｄＳｔｙｌｅ，Ｉｎｃ．,,事務所,CL1,01_Office,CL1,76.46,3,Tama,2022/4/1,2023/3/31
441,Ｋｏｓｈｉｐ合同会社,,事務所,CL1,01_Office,CL1,61.77,3,Tama,2022/4/1,2023/3/31
442,Ｂｅｓｔｕｄｉｏ,,事務所,CL1,01_Office,CL1,119.15,3,Tama,2022/4/1,2023/3/31
443,無色庵,,事務所,CL1,01_Office,CL1,122.28,3,Tama,2022/4/1,2023/3/31
444,（株）プロテクト,,事務所,CL1,01_Office,CL1,57.06,3,Tama,2022/4/1,2023/3/31
445,生物育成サポート,,事務所,CL1,01_Office,CL1,121.28,3,Tama,2022/4/1,2023/3/31
446,（有）美杉工務店,,事務所,CL1,01_Office,CL1,66.48,3,Tama,2022/4/1,2023/3/31
447,（有）富商事保険事務所,,事務所,CL1,01_Office,CL1,47.74,3,Tama,2022/4/1,2023/3/31
448,（株）フレンドマスター,,事務所,CL1,01_Office,CL1,91.45,3,Tama,2022/4/1,2023/3/31
449,安藤歯科医院,,医療施設,CL1,03_Hospital,CL1,102.63,3,Tama,2022/4/1,2023/3/31
450,桜ヶ丘不動産鑑定,,事務所,CL1,01_Office,CL1,89.55,3,Tama,2022/4/1,2023/3/31
451,Ｅｎｅｆｉｔ,,事務所,CL2,01_Office,CL2,228.96,3,Tama,2022/4/1,2023/3/31
452,桜ヶ丘井上ビル,,事務所,CL2,01_Office,CL2,278.22,3,Tama,2022/4/1,2023/3/31
453,（有）三和商会,,事務所,CL1,01_Office,CL1,123.1,3,Tama,2022/4/1,2023/3/31
454,多摩市第三放置自転車等保管場所,,事務所,CL1,01_Office,CL1,151.42,3,Tama,2022/4/1,2023/3/31
455,リフォーム１０,,事務所,CL1,01_Office,CL1,52.75,3,Tama,2022/4/1,2023/3/31
456,大栗ハイツ,,事務所,CL1,01_Office,CL1,108.6,3,Tama,2022/4/1,2023/3/31
457,（有）北川商事,,商業施設,衣料品・住関連スーパー,04_Retail,HousingClothingSuper,159.44,3,Tama,2022/4/1,2023/3/31
458,ＮＰＯ法人劇団印象,,事務所,CL1,01_Office,CL1,77.25,3,Tama,2022/4/1,2023/3/31
459,（株）ファイメット,,事務所,CL1,01_Office,CL1,68.38,3,Tama,2022/4/1,2023/3/31
460,（有）緑や,,事務所,CL1,01_Office,CL1,56.9,3,Tama,2022/4/1,2023/3/31
461,ＷＯＲＬＤＯＦＭＵＳＩＣ（株）,,事務所,CL1,01_Office,CL1,135.71,3,Tama,2022/4/1,2023/3/31
462,社会福祉法人すこやか会のびのびっこ保育園,,事務所,CL3,01_Office,CL3,797.22,3,Tama,2022/4/1,2023/3/31
463,プラネット永山,,事務所,CL3,01_Office,CL3,788.33,3,Tama,2022/4/1,2023/3/31
464,記載なし,,商業施設,専門店・中心店,04_Retail,SpecialityShop,175.04,3,Tama,2022/4/1,2023/3/31
465,ムサシ堂治療院,,医療施設,CL1,03_Hospital,CL1,44.89,3,Tama,2022/4/1,2023/3/31
466,ＴＳ永山第５ビル,,事務所,CL2,01_Office,CL2,336.24,3,Tama,2022/4/1,2023/3/31
467,辰屋酒店,,事務所,CL1,01_Office,CL1,155.64,3,Tama,2022/4/1,2023/3/31
468,ペットサロンプッチー,,事務所,CL1,01_Office,CL1,61.25,3,Tama,2022/4/1,2023/3/31
469,ライフケア訪問介護ステーション,,医療施設,CL2,03_Hospital,CL2,397,3,Tama,2022/4/1,2023/3/31
470,ｇｒａｃｉａｓ,,商業施設,専門店・中心店,04_Retail,SpecialityShop,55.72,3,Tama,2022/4/1,2023/3/31
471,（株）上田技術産業社,,事務所,CL3,01_Office,CL3,555,3,Tama,2022/4/1,2023/3/31
472,介護付有料老人ホーム家族の家ひまわり永山,,医療施設,CL4,03_Hospital,CL4,1270.77,3,Tama,2022/4/1,2023/3/31
473,セブンイレブン多摩諏訪越通り店,,商業施設,コンビニエンスストア,04_Retail,ConvenienceStore,356.5,3,Tama,2022/4/1,2023/3/31
474,さくらさくら音楽教室,,事務所,CL1,01_Office,CL1,32.33,3,Tama,2022/4/1,2023/3/31
475,ＦＩＥＬＤＡＲＴ,,事務所,CL1,01_Office,CL1,42.86,3,Tama,2022/4/1,2023/3/31
476,（株）ウェーブリサーチ,,事務所,CL1,01_Office,CL1,31.81,3,Tama,2022/4/1,2023/3/31
477,（有）多摩住宅,,事務所,CL1,01_Office,CL1,93.36,3,Tama,2022/4/1,2023/3/31
478,ケミカルサービス（株）,,事務所,CL1,01_Office,CL1,49.19,3,Tama,2022/4/1,2023/3/31
479,（有）千代田総合アシスト社,,事務所,CL1,01_Office,CL1,54.08,3,Tama,2022/4/1,2023/3/31
480,１３ＧＡＮＧＳＫＯＯＴＥＲＳＴＵＤＩＯ,,事務所,CL1,01_Office,CL1,59.63,3,Tama,2022/4/1,2023/3/31
481,キャニングブリテン（株）,,事務所,CL1,01_Office,CL1,60.61,3,Tama,2022/4/1,2023/3/31
482,ＪＡＧＵＡＲＡＵＴＯ,,事務所,CL1,01_Office,CL1,28.76,3,Tama,2022/4/1,2023/3/31
483,Ｐｉａｎｉｔｅａ,,事務所,CL1,01_Office,CL1,62.47,3,Tama,2022/4/1,2023/3/31
484,ＣＰＳａｌｏｎＨｏｎｅｙＢｅｅ,,事務所,CL1,01_Office,CL1,50,3,Tama,2022/4/1,2023/3/31
485,市立北諏訪小学校,,学校施設,小学校,05_School,ElementarySchool,6144.76,3,Tama,2022/4/1,2023/3/31
486,社会福祉法人至愛協会かしのき保育園,,事務所,CL4,01_Office,CL4,1828.96,3,Tama,2022/4/1,2023/3/31
487,東京消防庁多摩消防署,,事務所,CL5,01_Office,CL5,4120.25,3,Tama,2022/4/1,2023/3/31
488,セブンイレブンブリリア多摩ニュータウン店,,商業施設,コンビニエンスストア,04_Retail,ConvenienceStore,528.96,3,Tama,2022/4/1,2023/3/31
489,スマイルホテル東京多摩永山,,宿泊施設,CL6b,02_Hotel,CL6b,7098.28,3,Tama,2022/4/1,2023/3/31
490,市立諏訪児童館,,事務所,CL3,01_Office,CL3,683.46,3,Tama,2022/4/1,2023/3/31
491,アクロスビル,,事務所,CL6b,01_Office,CL6b,7745.99,3,Tama,2022/4/1,2023/3/31
492,タウンハウス諏訪３―３―５号棟,,事務所,CL1,01_Office,CL1,35.14,3,Tama,2022/4/1,2023/3/31
493,亀尾技術士オフィス,,事務所,CL1,01_Office,CL1,64.34,3,Tama,2022/4/1,2023/3/31
494,富士産業（株）,,事務所,CL1,01_Office,CL1,125.69,3,Tama,2022/4/1,2023/3/31
495,（株）カムイ創建,,事務所,CL2,01_Office,CL2,368.31,3,Tama,2022/4/1,2023/3/31
496,ホワイトハウス,,商業施設,衣料品・住関連スーパー,04_Retail,HousingClothingSuper,1415.57,3,Tama,2022/4/1,2023/3/31
497,ペットハウスミミ馬引沢通り店,,商業施設,専門店・中心店,04_Retail,SpecialityShop,143.4,3,Tama,2022/4/1,2023/3/31
498,ドーミー永山,,商業施設,衣料品・住関連スーパー,04_Retail,HousingClothingSuper,1425.12,3,Tama,2022/4/1,2023/3/31
499,社会福祉法人こばと会こばと第一保育園,,事務所,CL4,01_Office,CL4,1277.58,3,Tama,2022/4/1,2023/3/31
500,渡辺動物病院,,商業施設,衣料品・住関連スーパー,04_Retail,HousingClothingSuper,123.96,3,Tama,2022/4/1,2023/3/31
501,（株）イーエス・ウォーターネット,,事務所,CL4,01_Office,CL4,1801.44,3,Tama,2022/4/1,2023/3/31
502,市立教育センター,,事務所,CL5,01_Office,CL5,4330.48,3,Tama,2022/4/1,2023/3/31
503,諏訪幼稚園,,事務所,CL5,01_Office,CL5,4981,3,Tama,2022/4/1,2023/3/31
504,市立諏訪地区市民ホール,,事務所,CL4,01_Office,CL4,1420.92,3,Tama,2022/4/1,2023/3/31
505,#NAME?,,事務所,CL1,01_Office,CL1,173.72,3,Tama,2022/4/1,2023/3/31
506,ルークス永山,,事務所,CL1,01_Office,CL1,141.2,3,Tama,2022/4/1,2023/3/31
507,菓子青木屋多摩ニュータウン諏訪店,,商業施設,専門店・中心店,04_Retail,SpecialityShop,147.96,3,Tama,2022/4/1,2023/3/31
508,グループホーム星の輪多摩,,事務所,CL1,01_Office,CL1,156.46,3,Tama,2022/4/1,2023/3/31
509,ヘアースタジオジン,,商業施設,専門店・中心店,04_Retail,SpecialityShop,225.88,3,Tama,2022/4/1,2023/3/31
510,アットリハ永山,,事務所,CL1,01_Office,CL1,149.87,3,Tama,2022/4/1,2023/3/31
511,クローバー居宅介護支援事業所,,事務所,CL1,01_Office,CL1,92.66,3,Tama,2022/4/1,2023/3/31
512,理容一の宮,,商業施設,専門店・中心店,04_Retail,SpecialityShop,221,3,Tama,2022/4/1,2023/3/31
513,上岡歯科医院,,医療施設,CL2,03_Hospital,CL2,242.74,3,Tama,2022/4/1,2023/3/31
514,ホームドライ・ニュータマ,,事務所,CL1,01_Office,CL1,78.94,3,Tama,2022/4/1,2023/3/31
515,ＳＴＵＤＩＯＤＥＳＧＯＴＨ,,事務所,CL1,01_Office,CL1,128.11,3,Tama,2022/4/1,2023/3/31
516,デイサービスセンター諏訪,,事務所,CL1,01_Office,CL1,99.7,3,Tama,2022/4/1,2023/3/31
517,モリヤ洋品店,,商業施設,衣料品・住関連スーパー,04_Retail,HousingClothingSuper,229.82,3,Tama,2022/4/1,2023/3/31
518,学能多摩永山進学教室,,事務所,CL1,01_Office,CL1,119.96,3,Tama,2022/4/1,2023/3/31
519,多摩クリニック,,医療施設,CL1,03_Hospital,CL1,150.42,3,Tama,2022/4/1,2023/3/31
520,池田クリニック,,医療施設,CL3,03_Hospital,CL3,507.76,3,Tama,2022/4/1,2023/3/31
521,中村内科,,事務所,CL2,01_Office,CL2,210.18,3,Tama,2022/4/1,2023/3/31
522,高田眼科医院,,医療施設,CL2,03_Hospital,CL2,273.02,3,Tama,2022/4/1,2023/3/31
523,市立諏訪中学校,,学校施設,中学校,05_School,JuniorHighSchool,6788.4,3,Tama,2022/4/1,2023/3/31
524,市立諏訪小学校,,学校施設,小学校,05_School,ElementarySchool,4474.62,3,Tama,2022/4/1,2023/3/31
525,グラン・グルメ（株）多摩セントラルキッチン,,飲食施設,レストラン(都市),06_Restaurant,UrbanRestaurant,4297.72,3,Tama,2022/4/1,2023/3/31
526,京南オートサービス（株）,,商業施設,衣料品・住関連スーパー,04_Retail,HousingClothingSuper,1390.38,3,Tama,2022/4/1,2023/3/31
527,草枝資源化棟,,事務所,CL7b,01_Office,CL7b,11693.34,3,Tama,2022/4/1,2023/3/31
528,三井住友銀行多摩支店,,事務所,CL4,01_Office,CL4,1070.73,3,Tama,2022/4/1,2023/3/31
529,ザ・スクエア,,商業施設,衣料品・住関連スーパー,04_Retail,HousingClothingSuper,24283.04,3,Tama,2022/4/1,2023/3/31
530,京王電鉄診療所,,医療施設,CL3,03_Hospital,CL3,829.92,3,Tama,2022/4/1,2023/3/31
531,あい訪問看護ステーションせいせき,,事務所,CL5,01_Office,CL5,3705.3,3,Tama,2022/4/1,2023/3/31
532,司法書士野上事務所,,事務所,CL1,01_Office,CL1,84.82,3,Tama,2022/4/1,2023/3/31
533,ヒルズクリニック聖蹟,,医療施設,CL1,03_Hospital,CL1,148.92,3,Tama,2022/4/1,2023/3/31
534,京王聖蹟桜ヶ丘ショッピングセンターせいせきＣ館,,事務所,CL8c,01_Office,CL8c,29975.4,3,Tama,2022/4/1,2023/3/31
535,あいおいニッセイ同和損保桜ヶ丘事務センター,,事務所,CL9c,01_Office,CL9c,60626.25,3,Tama,2022/4/1,2023/3/31
536,京王電鉄（株）本社ビル,,事務所,CL6b,01_Office,CL6b,9449.19,3,Tama,2022/4/1,2023/3/31
537,京王観光,,事務所,CL4,01_Office,CL4,1075.1,3,Tama,2022/4/1,2023/3/31
538,京王クラウン街,,事務所,CL3,01_Office,CL3,583,3,Tama,2022/4/1,2023/3/31
539,京王聖蹟桜ヶ丘ショッピングセンターせいせきＢ館,,事務所,CL8c,01_Office,CL8c,47752.74,3,Tama,2022/4/1,2023/3/31
540,フラワーショップ京王せいせき店,,飲食施設,レストラン(都市),06_Restaurant,UrbanRestaurant,48.12,3,Tama,2022/4/1,2023/3/31
541,グリービル,,事務所,CL4,01_Office,CL4,1758.1,3,Tama,2022/4/1,2023/3/31
542,（株）飯島不動産,,事務所,CL1,01_Office,CL1,90.56,3,Tama,2022/4/1,2023/3/31
543,多摩中央警察署桜ケ丘駅前交番,,事務所,CL1,01_Office,CL1,56.3,3,Tama,2022/4/1,2023/3/31
544,桜ヶ丘プラザビル,,事務所,CL4,01_Office,CL4,1885.91,3,Tama,2022/4/1,2023/3/31
545,京王聖蹟桜ヶ丘ショッピングセンターせいせきＡ館,,商業施設,衣料品・住関連スーパー,04_Retail,HousingClothingSuper,32143.36,3,Tama,2022/4/1,2023/3/31
546,特一番,,飲食施設,レストラン(都市),06_Restaurant,UrbanRestaurant,100.92,3,Tama,2022/4/1,2023/3/31
547,桜ケ丘富澤ビル,,商業施設,衣料品・住関連スーパー,04_Retail,HousingClothingSuper,1121.34,3,Tama,2022/4/1,2023/3/31
548,モーリン聖蹟―２,,事務所,CL1,01_Office,CL1,66.9,3,Tama,2022/4/1,2023/3/31
549,糀屋ビル,,事務所,CL3,01_Office,CL3,600.96,3,Tama,2022/4/1,2023/3/31
550,ハッピービル桜ケ丘,,事務所,CL2,01_Office,CL2,353.78,3,Tama,2022/4/1,2023/3/31
551,若菜ビル,,事務所,CL2,01_Office,CL2,433.4,3,Tama,2022/4/1,2023/3/31
552,すみれ社（株）,,事務所,CL1,01_Office,CL1,62.04,3,Tama,2022/4/1,2023/3/31
553,（株）トライフィン,,事務所,CL1,01_Office,CL1,88.01,3,Tama,2022/4/1,2023/3/31
554,医療法人社団紫波会平賀診療所,,医療施設,CL2,03_Hospital,CL2,366.66,3,Tama,2022/4/1,2023/3/31
555,有馬博子ピアノ教室,,事務所,CL1,01_Office,CL1,36.26,3,Tama,2022/4/1,2023/3/31
556,セブンイレブン多摩関戸２丁目店,,商業施設,コンビニエンスストア,04_Retail,ConvenienceStore,390.04,3,Tama,2022/4/1,2023/3/31
557,（株）ハウスサポートラボ,,事務所,CL1,01_Office,CL1,73.89,3,Tama,2022/4/1,2023/3/31
558,ラ・カセッタ,,事務所,CL1,01_Office,CL1,55.86,3,Tama,2022/4/1,2023/3/31
559,Ｖｉｌｌａ松原,,商業施設,衣料品・住関連スーパー,04_Retail,HousingClothingSuper,98.76,3,Tama,2022/4/1,2023/3/31
560,メゾンド松原,,事務所,CL1,01_Office,CL1,179.75,3,Tama,2022/4/1,2023/3/31
561,魚虎食堂,,飲食施設,レストラン(都市),06_Restaurant,UrbanRestaurant,70.88,3,Tama,2022/4/1,2023/3/31
562,富沢ビル,,事務所,CL2,01_Office,CL2,227.02,3,Tama,2022/4/1,2023/3/31
563,ケトルドラム,,飲食施設,レストラン(都市),06_Restaurant,UrbanRestaurant,76.14,3,Tama,2022/4/1,2023/3/31
564,陶房萌人,,事務所,CL1,01_Office,CL1,38.23,3,Tama,2022/4/1,2023/3/31
565,加瀬ビル１１７,,事務所,CL3,01_Office,CL3,635.67,3,Tama,2022/4/1,2023/3/31
566,ダイヤメイト聖蹟２,,商業施設,衣料品・住関連スーパー,04_Retail,HousingClothingSuper,168.12,3,Tama,2022/4/1,2023/3/31
567,三ツ木聖蹟桜ヶ丘ビル,,商業施設,衣料品・住関連スーパー,04_Retail,HousingClothingSuper,8083.5,3,Tama,2022/4/1,2023/3/31
568,ＴＡＭＡ音楽教室,,事務所,CL1,01_Office,CL1,45.03,3,Tama,2022/4/1,2023/3/31
569,（有）植由造園土木,,事務所,CL1,01_Office,CL1,24.14,3,Tama,2022/4/1,2023/3/31
570,カネシロビル,,商業施設,衣料品・住関連スーパー,04_Retail,HousingClothingSuper,1368.18,3,Tama,2022/4/1,2023/3/31
571,プリメーラ多摩,,商業施設,衣料品・住関連スーパー,04_Retail,HousingClothingSuper,705.6,3,Tama,2022/4/1,2023/3/31
572,（有）加圧,,事務所,CL1,01_Office,CL1,97.64,3,Tama,2022/4/1,2023/3/31
573,せいせきさくらゲート,,商業施設,衣料品・住関連スーパー,04_Retail,HousingClothingSuper,6190.1,3,Tama,2022/4/1,2023/3/31
574,桜ヶ丘ＮＫビル,,商業施設,衣料品・住関連スーパー,04_Retail,HousingClothingSuper,2605.19,3,Tama,2022/4/1,2023/3/31
575,エトワールビル,,商業施設,衣料品・住関連スーパー,04_Retail,HousingClothingSuper,529.32,3,Tama,2022/4/1,2023/3/31
576,桜ケ丘中央ストアー,,商業施設,衣料品・住関連スーパー,04_Retail,HousingClothingSuper,258.7,3,Tama,2022/4/1,2023/3/31
577,荒井ビル,,商業施設,衣料品・住関連スーパー,04_Retail,HousingClothingSuper,69.87,3,Tama,2022/4/1,2023/3/31
578,アバック角屋ビル,,事務所,CL2,01_Office,CL2,434.76,3,Tama,2022/4/1,2023/3/31
579,理容シオン,,事務所,CL1,01_Office,CL1,155.74,3,Tama,2022/4/1,2023/3/31
580,渋谷ビル,,事務所,CL2,01_Office,CL2,300.4,3,Tama,2022/4/1,2023/3/31
581,桜ビル,,商業施設,衣料品・住関連スーパー,04_Retail,HousingClothingSuper,593.99,3,Tama,2022/4/1,2023/3/31
582,桜ケ丘コートビレッジ,,事務所,CL2,01_Office,CL2,202.53,3,Tama,2022/4/1,2023/3/31
583,市川ビル,,事務所,CL2,01_Office,CL2,284.38,3,Tama,2022/4/1,2023/3/31
584,興進ビル,,事務所,CL5,01_Office,CL5,2109.18,3,Tama,2022/4/1,2023/3/31
585,ラポール,,事務所,CL1,01_Office,CL1,82.26,3,Tama,2022/4/1,2023/3/31
586,Ｓ・Ｉビル,,商業施設,衣料品・住関連スーパー,04_Retail,HousingClothingSuper,1050.21,3,Tama,2022/4/1,2023/3/31
587,藤井ビル,,事務所,CL2,01_Office,CL2,297.56,3,Tama,2022/4/1,2023/3/31
588,一宮ビル,,商業施設,衣料品・住関連スーパー,04_Retail,HousingClothingSuper,220.18,3,Tama,2022/4/1,2023/3/31
589,ＳＡラッシュビル,,商業施設,衣料品・住関連スーパー,04_Retail,HousingClothingSuper,1019.28,3,Tama,2022/4/1,2023/3/31
590,京王聖蹟桜ヶ丘東口ビル,,商業施設,衣料品・住関連スーパー,04_Retail,HousingClothingSuper,3066.7,3,Tama,2022/4/1,2023/3/31
591,第２セントラルビル,,事務所,CL1,01_Office,CL1,166.38,3,Tama,2022/4/1,2023/3/31
592,ｏｂａｔａ,,事務所,CL1,01_Office,CL1,49.84,3,Tama,2022/4/1,2023/3/31
593,いまくま薬局,,商業施設,コンビニエンスドラッグ,04_Retail,ConvenienceDrug,57.48,3,Tama,2022/4/1,2023/3/31
594,ミスタードーナツ,,飲食施設,カフェ・喫茶(都市),06_Restaurant,UrbanCafe,50.2,3,Tama,2022/4/1,2023/3/31
595,せいせきＦ館,,事務所,CL3,01_Office,CL3,915.48,3,Tama,2022/4/1,2023/3/31
596,ＨＯＬＯＳ,,事務所,CL1,01_Office,CL1,61,3,Tama,2022/4/1,2023/3/31
597,山田香代子税理士事務所,,事務所,CL1,01_Office,CL1,53.15,3,Tama,2022/4/1,2023/3/31
598,月極シャツターガレージ,,事務所,CL2,01_Office,CL2,437.82,3,Tama,2022/4/1,2023/3/31
599,（株）楔建築設計事務所,,事務所,CL1,01_Office,CL1,39.85,3,Tama,2022/4/1,2023/3/31
600,そよかぜ内科,,事務所,CL4,01_Office,CL4,1098.22,3,Tama,2022/4/1,2023/3/31
601,（株）フロントマシンテック,,事務所,CL1,01_Office,CL1,52.64,3,Tama,2022/4/1,2023/3/31
602,ふれあいいきいきサロン地域交流スペースやどり木,,事務所,CL1,01_Office,CL1,56.8,3,Tama,2022/4/1,2023/3/31
603,赤枝医院,,医療施設,CL2,03_Hospital,CL2,404.15,3,Tama,2022/4/1,2023/3/31
604,星乃珈琲店多摩関戸店,,飲食施設,カフェ・喫茶(都市),06_Restaurant,UrbanCafe,408.66,3,Tama,2022/4/1,2023/3/31
605,市立多摩第一小学校,,学校施設,小学校,05_School,ElementarySchool,18570.72,3,Tama,2022/4/1,2023/3/31
606,関戸水防倉庫,,事務所,CL2,01_Office,CL2,329.64,3,Tama,2022/4/1,2023/3/31
607,Ｎ３ビル,,事務所,CL3,01_Office,CL3,679.5,3,Tama,2022/4/1,2023/3/31
608,佐藤医院,,医療施設,CL1,03_Hospital,CL1,37.65,3,Tama,2022/4/1,2023/3/31
609,関戸センタービル,,事務所,CL1,01_Office,CL1,91.63,3,Tama,2022/4/1,2023/3/31
610,グランドコートセキド,,事務所,CL1,01_Office,CL1,141.6,3,Tama,2022/4/1,2023/3/31
611,美容室ティラ,,事務所,CL1,01_Office,CL1,54.44,3,Tama,2022/4/1,2023/3/31
612,（有）井上左官工業所,,事務所,CL1,01_Office,CL1,165.74,3,Tama,2022/4/1,2023/3/31
613,市立多摩中学校,,学校施設,中学校,05_School,JuniorHighSchool,8004.56,3,Tama,2022/4/1,2023/3/31
614,京王自動車桜ヶ丘ビル,,事務所,CL5,01_Office,CL5,2738.24,3,Tama,2022/4/1,2023/3/31
615,神谷第１ビル,,事務所,CL5,01_Office,CL5,4017.8,3,Tama,2022/4/1,2023/3/31
616,神谷第２ビル,,商業施設,衣料品・住関連スーパー,04_Retail,HousingClothingSuper,861.46,3,Tama,2022/4/1,2023/3/31
617,聖蹟角屋ビル,,商業施設,衣料品・住関連スーパー,04_Retail,HousingClothingSuper,639.6,3,Tama,2022/4/1,2023/3/31
618,フラスワンきたむらでんき桜ケ丘本店,,商業施設,専門店・中心店,04_Retail,SpecialityShop,230.34,3,Tama,2022/4/1,2023/3/31
619,ＴＯＨＯ聖蹟桜ヶ丘ビル,,事務所,CL2,01_Office,CL2,410.85,3,Tama,2022/4/1,2023/3/31
620,ケータイショップＰｉＰｉｔ,,商業施設,衣料品・住関連スーパー,04_Retail,HousingClothingSuper,5270.7,3,Tama,2022/4/1,2023/3/31
621,サクラマーブル,,事務所,CL1,01_Office,CL1,23.02,3,Tama,2022/4/1,2023/3/31
622,Ｂｌｏｓｓｏｍ聖蹟,,商業施設,衣料品・住関連スーパー,04_Retail,HousingClothingSuper,537.6,3,Tama,2022/4/1,2023/3/31
623,ＢＡＴＥＡＵＬＡＶＯＩＲ,,商業施設,衣料品・住関連スーパー,04_Retail,HousingClothingSuper,75.76,3,Tama,2022/4/1,2023/3/31
624,聖ビル１,,事務所,CL2,01_Office,CL2,346.46,3,Tama,2022/4/1,2023/3/31
625,サロンこの指とまれ,,商業施設,専門店・中心店,04_Retail,SpecialityShop,168.74,3,Tama,2022/4/1,2023/3/31
626,第２大起ビル,,事務所,CL1,01_Office,CL1,103.46,3,Tama,2022/4/1,2023/3/31
627,小山青果店玉屋,,事務所,CL2,01_Office,CL2,228.52,3,Tama,2022/4/1,2023/3/31
628,（有）浅野葬儀社,,商業施設,衣料品・住関連スーパー,04_Retail,HousingClothingSuper,318.63,3,Tama,2022/4/1,2023/3/31
629,そば大村庵,,事務所,CL1,01_Office,CL1,40.26,3,Tama,2022/4/1,2023/3/31
630,和菓子さゝや,,事務所,CL1,01_Office,CL1,61.71,3,Tama,2022/4/1,2023/3/31
631,（株）ライフページ桜ヶ丘,,事務所,CL1,01_Office,CL1,28.71,3,Tama,2022/4/1,2023/3/31
632,春月,,飲食施設,レストラン(都市),06_Restaurant,UrbanRestaurant,58.96,3,Tama,2022/4/1,2023/3/31
633,学研教室関戸教室,,事務所,CL1,01_Office,CL1,36.5,3,Tama,2022/4/1,2023/3/31
634,市立健康センター関戸・一ノ宮コミュニティセンター,,商業施設,衣料品・住関連スーパー,04_Retail,HousingClothingSuper,4391.12,3,Tama,2022/4/1,2023/3/31
635,関戸ビル,,商業施設,衣料品・住関連スーパー,04_Retail,HousingClothingSuper,1148.3,3,Tama,2022/4/1,2023/3/31
636,（有）エクセルハウジング,,事務所,CL1,01_Office,CL1,166.14,3,Tama,2022/4/1,2023/3/31
637,伊野ビル,,商業施設,衣料品・住関連スーパー,04_Retail,HousingClothingSuper,366.41,3,Tama,2022/4/1,2023/3/31
638,第１６通南ビル,,事務所,CL4,01_Office,CL4,1093.04,3,Tama,2022/4/1,2023/3/31
639,持田コーポ,,事務所,CL1,01_Office,CL1,103.6,3,Tama,2022/4/1,2023/3/31
640,（株）ジオ,,事務所,CL1,01_Office,CL1,91.2,3,Tama,2022/4/1,2023/3/31
641,レイス治療院,,医療施設,CL1,03_Hospital,CL1,67.54,3,Tama,2022/4/1,2023/3/31
642,聖蹟こどもＴＥＲＲＡＣＥ,,事務所,CL2,01_Office,CL2,293.64,3,Tama,2022/4/1,2023/3/31
643,多摩ライフホーム,,飲食施設,レストラン(都市),06_Restaurant,UrbanRestaurant,48.9,3,Tama,2022/4/1,2023/3/31
644,モルフォ,,商業施設,専門店・中心店,04_Retail,SpecialityShop,53.06,3,Tama,2022/4/1,2023/3/31
645,ＳＤビル,,事務所,CL1,01_Office,CL1,93.2,3,Tama,2022/4/1,2023/3/31
646,ヴィータ聖蹟桜ヶ丘ヴィータ・コミューネ,,事務所,CL9c,01_Office,CL9c,52857.2,3,Tama,2022/4/1,2023/3/31
647,ヴィータ聖蹟桜ヶ丘よこくらビル,,事務所,CL3,01_Office,CL3,880.52,3,Tama,2022/4/1,2023/3/31
648,ＤＩＳＣＯＶＥＲＹＫＩＤＳＩＮＴＥＲＮＡＴＩＯＮＡ,,事務所,CL3,01_Office,CL3,513.92,3,Tama,2022/4/1,2023/3/31
649,ビューティイチイ,,事務所,CL1,01_Office,CL1,38.25,3,Tama,2022/4/1,2023/3/31
650,（株）クリエイトハウジング,,事務所,CL1,01_Office,CL1,27.01,3,Tama,2022/4/1,2023/3/31
651,鍼灸乞田川,,事務所,CL1,01_Office,CL1,38.68,3,Tama,2022/4/1,2023/3/31
652,サクラビジョン（株）,,事務所,CL1,01_Office,CL1,47.52,3,Tama,2022/4/1,2023/3/31
653,連光寺住宅,,事務所,CL2,01_Office,CL2,375.99,3,Tama,2022/4/1,2023/3/31
654,ラーメン銀龍,,飲食施設,レストラン(都市),06_Restaurant,UrbanRestaurant,89.5,3,Tama,2022/4/1,2023/3/31
655,記載なし,,事務所,CL1,01_Office,CL1,37.22,3,Tama,2022/4/1,2023/3/31
656,梅津塗工（株）,,事務所,CL1,01_Office,CL1,71.26,3,Tama,2022/4/1,2023/3/31
657,シャングリラ桜ヶ丘,,事務所,CL3,01_Office,CL3,792.47,3,Tama,2022/4/1,2023/3/31
658,加藤自動車（有）多摩ニュータウン店,,商業施設,衣料品・住関連スーパー,04_Retail,HousingClothingSuper,77.9,3,Tama,2022/4/1,2023/3/31
659,コーポ大成,,商業施設,衣料品・住関連スーパー,04_Retail,HousingClothingSuper,76.43,3,Tama,2022/4/1,2023/3/31
660,（株）Ｋ―Ｄｏ,,事務所,CL1,01_Office,CL1,175.4,3,Tama,2022/4/1,2023/3/31
661,ピロティＭ＆Ｉ,,事務所,CL1,01_Office,CL1,146.85,3,Tama,2022/4/1,2023/3/31
662,（有）小山商店,,商業施設,専門店・中心店,04_Retail,SpecialityShop,803.4,3,Tama,2022/4/1,2023/3/31
663,みゆき歯科クリニック,,医療施設,CL1,03_Hospital,CL1,72.75,3,Tama,2022/4/1,2023/3/31
664,ギャラリー匣,,事務所,CL1,01_Office,CL1,160.88,3,Tama,2022/4/1,2023/3/31
665,ファミリーマート多摩関戸五丁目店,,商業施設,コンビニエンスストア,04_Retail,ConvenienceStore,302.88,3,Tama,2022/4/1,2023/3/31
666,多摩市関戸防災倉庫,,事務所,CL2,01_Office,CL2,275.1,3,Tama,2022/4/1,2023/3/31
667,土地家屋調査士渡部宗弘事務所,,商業施設,衣料品・住関連スーパー,04_Retail,HousingClothingSuper,159.21,3,Tama,2022/4/1,2023/3/31
668,ハウレッシュ赤沢,,事務所,CL1,01_Office,CL1,41.92,3,Tama,2022/4/1,2023/3/31
669,サイクルハウスふたば,,事務所,CL1,01_Office,CL1,142.99,3,Tama,2022/4/1,2023/3/31
670,ありやま,,事務所,CL1,01_Office,CL1,90.9,3,Tama,2022/4/1,2023/3/31
671,（有）アポロデザイン,,商業施設,衣料品・住関連スーパー,04_Retail,HousingClothingSuper,172.16,3,Tama,2022/4/1,2023/3/31
672,ＮＰＯ東京ドライビングラボ,,事務所,CL1,01_Office,CL1,98.42,3,Tama,2022/4/1,2023/3/31
673,ヤングライフ霞ヶ関,,商業施設,衣料品・住関連スーパー,04_Retail,HousingClothingSuper,88.71,3,Tama,2022/4/1,2023/3/31
674,（有）猿谷新聞舗,,商業施設,衣料品・住関連スーパー,04_Retail,HousingClothingSuper,199.86,3,Tama,2022/4/1,2023/3/31
675,セレーノ１,,事務所,CL1,01_Office,CL1,39.1,3,Tama,2022/4/1,2023/3/31
676,（有）井上左官工業所,,事務所,CL1,01_Office,CL1,118,3,Tama,2022/4/1,2023/3/31
677,なかの美容室,,商業施設,専門店・中心店,04_Retail,SpecialityShop,86.3,3,Tama,2022/4/1,2023/3/31
678,峰樹庵,,事務所,CL1,01_Office,CL1,87.21,3,Tama,2022/4/1,2023/3/31
679,ＮａｔｕｒｅＳｏｕｎｄ,,事務所,CL1,01_Office,CL1,58.54,3,Tama,2022/4/1,2023/3/31
680,霞ヶ関會館,,事務所,CL1,01_Office,CL1,125.3,3,Tama,2022/4/1,2023/3/31
681,家族葬ホールせいわ,,商業施設,衣料品・住関連スーパー,04_Retail,HousingClothingSuper,79.43,3,Tama,2022/4/1,2023/3/31
682,日産東京販売（株）Ｕ―Ｃａｒひろば多摩店,,商業施設,衣料品・住関連スーパー,04_Retail,HousingClothingSuper,246.8,3,Tama,2022/4/1,2023/3/31
683,東京スバル（株）多摩店,,商業施設,衣料品・住関連スーパー,04_Retail,HousingClothingSuper,793.42,3,Tama,2022/4/1,2023/3/31
684,第１諏訪ビル,,事務所,CL2,01_Office,CL2,353.68,3,Tama,2022/4/1,2023/3/31
685,トヨタモビリティ東京（株）多摩ニュータウン店,,商業施設,衣料品・住関連スーパー,04_Retail,HousingClothingSuper,2639.06,3,Tama,2022/4/1,2023/3/31
686,（株）ＥＮＥＯＳフロンティアＤｒ．Ｄｒｉｖｅ多摩中央店,,事務所,CL2,01_Office,CL2,323.54,3,Tama,2022/4/1,2023/3/31
687,トヨタモビリティ東京（株）ＵーＣａｒ多摩ニュータウン店,,商業施設,専門店・中心店,04_Retail,SpecialityShop,222.42,3,Tama,2022/4/1,2023/3/31
688,ニュースカイ桜ヶ丘,,事務所,CL1,01_Office,CL1,132.77,3,Tama,2022/4/1,2023/3/31
689,多摩市役所,,事務所,CL7b,01_Office,CL7b,12518.4,3,Tama,2022/4/1,2023/3/31
690,東会議室棟,,事務所,CL3,01_Office,CL3,764.9,3,Tama,2022/4/1,2023/3/31
691,多摩市消防団第八分団,,事務所,CL1,01_Office,CL1,111.62,3,Tama,2022/4/1,2023/3/31
692,（有）公孫樹,,事務所,CL1,01_Office,CL1,188.03,3,Tama,2022/4/1,2023/3/31
693,サンシエールビル,,事務所,CL3,01_Office,CL3,853.55,3,Tama,2022/4/1,2023/3/31
694,ＨＯＴＥＬＷＩＬＬＵＲＢＡＮ,,宿泊施設,CL4,02_Hotel,CL4,1703.28,3,Tama,2022/4/1,2023/3/31
695,いずみビル,,事務所,CL5,01_Office,CL5,2783.79,3,Tama,2022/4/1,2023/3/31
696,ハラウカナイプラマレイハアヘオ,,事務所,CL2,01_Office,CL2,227.92,3,Tama,2022/4/1,2023/3/31
697,（有）長谷自動車工業,,商業施設,衣料品・住関連スーパー,04_Retail,HousingClothingSuper,226.38,3,Tama,2022/4/1,2023/3/31
698,キャピタルビル,,事務所,CL1,01_Office,CL1,136.16,3,Tama,2022/4/1,2023/3/31
699,（株）コイズミプランティシン,,事務所,CL2,01_Office,CL2,204.52,3,Tama,2022/4/1,2023/3/31
700,（株）コイズミ・プランティション,,商業施設,衣料品・住関連スーパー,04_Retail,HousingClothingSuper,190.06,3,Tama,2022/4/1,2023/3/31
701,セブンイレブン多摩鶴牧１丁目店,,商業施設,コンビニエンスストア,04_Retail,ConvenienceStore,278.64,3,Tama,2022/4/1,2023/3/31
702,エホバの証人の王国会館,,事務所,CL2,01_Office,CL2,226.22,3,Tama,2022/4/1,2023/3/31
703,京王電鉄（株）,,飲食施設,レストラン(都市),06_Restaurant,UrbanRestaurant,2025.6,3,Tama,2022/4/1,2023/3/31
704,多摩メディカルビルディング,,商業施設,衣料品・住関連スーパー,04_Retail,HousingClothingSuper,988.33,3,Tama,2022/4/1,2023/3/31
705,朝日生命保険相互会社多摩本社ビルＡ棟,,事務所,CL9c,01_Office,CL9c,58326.6,3,Tama,2022/4/1,2023/3/31
706,朝日生命保険相互会社多摩本社ビル,,事務所,CL4,01_Office,CL4,1488.33,3,Tama,2022/4/1,2023/3/31
707,朝日生命保険相互会社多摩本社ビル,,事務所,CL7b,01_Office,CL7b,16141.92,3,Tama,2022/4/1,2023/3/31
708,新都市センタービル,,商業施設,衣料品・住関連スーパー,04_Retail,HousingClothingSuper,9582.8,3,Tama,2022/4/1,2023/3/31
709,多摩郵便局,,事務所,CL6b,01_Office,CL6b,7060.74,3,Tama,2022/4/1,2023/3/31
710,多摩中央警察署,,事務所,CL6b,01_Office,CL6b,9559.13,3,Tama,2022/4/1,2023/3/31
711,ＮＴＴ東日本多摩ビル,,事務所,CL5,01_Office,CL5,4057.05,3,Tama,2022/4/1,2023/3/31
712,ファミリーマート多摩センター駅南店,,商業施設,コンビニエンスストア,04_Retail,ConvenienceStore,2986.48,3,Tama,2022/4/1,2023/3/31
713,富士多摩ビル,,事務所,CL8c,01_Office,CL8c,49210.49,3,Tama,2022/4/1,2023/3/31
714,多摩東京海上日動ビルディング中央館,,事務所,CL7b,01_Office,CL7b,13595.95,3,Tama,2022/4/1,2023/3/31
715,多摩東京海上日動ビルディング別館,,医療施設,CL7,03_Hospital,CL7,14624.3,3,Tama,2022/4/1,2023/3/31
716,多摩東京海上日動ビルディング本館,,事務所,CL9c,01_Office,CL9c,52620.32,3,Tama,2022/4/1,2023/3/31
717,オールラウンド住設（株）,,事務所,CL1,01_Office,CL1,47.71,3,Tama,2022/4/1,2023/3/31
718,（株）ＣＯＮＹ,,事務所,CL1,01_Office,CL1,125.34,3,Tama,2022/4/1,2023/3/31
719,（有）東商鶏卵,,事務所,CL1,01_Office,CL1,68.31,3,Tama,2022/4/1,2023/3/31
720,ＡＩビル,,事務所,CL2,01_Office,CL2,441.78,3,Tama,2022/4/1,2023/3/31
721,井上内科クリニック,,医療施設,CL2,03_Hospital,CL2,209.98,3,Tama,2022/4/1,2023/3/31
722,コメダ珈琲店唐木田店,,飲食施設,カフェ・喫茶(都市),06_Restaurant,UrbanCafe,461.5,3,Tama,2022/4/1,2023/3/31
723,セブンイレブン多摩鶴牧２丁目店,,商業施設,コンビニエンスストア,04_Retail,ConvenienceStore,286.62,3,Tama,2022/4/1,2023/3/31
724,ヘアースタジオＢＯＯＭ,,事務所,CL1,01_Office,CL1,65.34,3,Tama,2022/4/1,2023/3/31
725,長谷工テクニカルセンター,,事務所,CL6b,01_Office,CL6b,6319.47,3,Tama,2022/4/1,2023/3/31
726,（株）アベル,,事務所,CL1,01_Office,CL1,166.26,3,Tama,2022/4/1,2023/3/31
727,丘の上アンジュ保育園,,事務所,CL2,01_Office,CL2,225.54,3,Tama,2022/4/1,2023/3/31
728,ＬＩＮＫＦＯＲＥＳＴ,,事務所,CL8c,01_Office,CL8c,32500.3,3,Tama,2022/4/1,2023/3/31
729,ＫＤＤＩ多摩センタービル,,商業施設,衣料品・住関連スーパー,04_Retail,HousingClothingSuper,74353.72,3,Tama,2022/4/1,2023/3/31
730,（有）ユーアールジャパン,,事務所,CL1,01_Office,CL1,103.17,3,Tama,2022/4/1,2023/3/31
731,タウンハウス鶴牧３３ー１４ー１２号棟,,事務所,CL1,01_Office,CL1,75.25,3,Tama,2022/4/1,2023/3/31
732,エステート鶴牧３３―１７―１２号棟,,事務所,CL1,01_Office,CL1,44.08,3,Tama,2022/4/1,2023/3/31
733,多摩鶴牧郵便局,,事務所,CL2,01_Office,CL2,487.04,3,Tama,2022/4/1,2023/3/31
734,重田畳店,,事務所,CL1,01_Office,CL1,88.92,3,Tama,2022/4/1,2023/3/31
735,そば処和久,,飲食施設,レストラン(都市),06_Restaurant,UrbanRestaurant,157.72,3,Tama,2022/4/1,2023/3/31
736,フラワーショップミネギシ,,事務所,CL1,01_Office,CL1,115.39,3,Tama,2022/4/1,2023/3/31
737,ＹＥＡＲＳ,,事務所,CL1,01_Office,CL1,61.62,3,Tama,2022/4/1,2023/3/31
738,つるまき八木クリニック,,医療施設,CL2,03_Hospital,CL2,373.32,3,Tama,2022/4/1,2023/3/31
739,こころ保育園,,事務所,CL4,01_Office,CL4,1161.64,3,Tama,2022/4/1,2023/3/31
740,マイ・ウェイ設計社,,事務所,CL1,01_Office,CL1,109.87,3,Tama,2022/4/1,2023/3/31
741,サンマルク多摩南野店,,飲食施設,カフェ・喫茶(都市),06_Restaurant,UrbanCafe,1102.8,3,Tama,2022/4/1,2023/3/31
742,（株）ユニットタネランドスケープデザインオフィス,,事務所,CL1,01_Office,CL1,86.74,3,Tama,2022/4/1,2023/3/31
743,（株）ユーラップ,,事務所,CL1,01_Office,CL1,82.35,3,Tama,2022/4/1,2023/3/31
744,（株）東京雅印堂,,事務所,CL1,01_Office,CL1,78.05,3,Tama,2022/4/1,2023/3/31
745,逸書堂,,事務所,CL1,01_Office,CL1,115.71,3,Tama,2022/4/1,2023/3/31
746,静心書学会多摩支部,,事務所,CL1,01_Office,CL1,108.67,3,Tama,2022/4/1,2023/3/31
747,市立南鶴牧小学校,,学校施設,小学校,05_School,ElementarySchool,6153,3,Tama,2022/4/1,2023/3/31
748,市立大松台小学校,,学校施設,小学校,05_School,ElementarySchool,9679.29,3,Tama,2022/4/1,2023/3/31
749,市立鶴牧中学校,,学校施設,中学校,05_School,JuniorHighSchool,6998.58,3,Tama,2022/4/1,2023/3/31
750,ＩＤＥＫ,,事務所,CL1,01_Office,CL1,84.41,3,Tama,2022/4/1,2023/3/31
751,桐木優の会,,事務所,CL1,01_Office,CL1,84,3,Tama,2022/4/1,2023/3/31
752,医療法人社団香有会,,医療施設,CL1,03_Hospital,CL1,162.84,3,Tama,2022/4/1,2023/3/31
753,第５ＣＯＮＹビル,,商業施設,衣料品・住関連スーパー,04_Retail,HousingClothingSuper,380.88,3,Tama,2022/4/1,2023/3/31
754,ＯＶＲハウス,,事務所,CL1,01_Office,CL1,53.84,3,Tama,2022/4/1,2023/3/31
755,からきだ菖蒲館,,事務所,CL5,01_Office,CL5,3021.16,3,Tama,2022/4/1,2023/3/31
756,鍼灸小田島治療院,,医療施設,CL1,03_Hospital,CL1,54.02,3,Tama,2022/4/1,2023/3/31
757,（株）ティーエム・エンジニアリング,,事務所,CL1,01_Office,CL1,49.13,3,Tama,2022/4/1,2023/3/31
758,大島学芸苑,,事務所,CL1,01_Office,CL1,116.38,3,Tama,2022/4/1,2023/3/31
759,名倉行政書士事務所,,事務所,CL1,01_Office,CL1,92.91,3,Tama,2022/4/1,2023/3/31
760,多摩住吉ビル,,事務所,CL2,01_Office,CL2,360.77,3,Tama,2022/4/1,2023/3/31
761,多摩市ファミリーサポートセンター,,事務所,CL4,01_Office,CL4,1381.92,3,Tama,2022/4/1,2023/3/31
762,京王電鉄（株）人事部分室,,事務所,CL2,01_Office,CL2,380.26,3,Tama,2022/4/1,2023/3/31
763,（株）ライフサポート多摩,,事務所,CL1,01_Office,CL1,86.48,3,Tama,2022/4/1,2023/3/31
764,ビューティーサロンよしみ,,事務所,CL1,01_Office,CL1,60.99,3,Tama,2022/4/1,2023/3/31
765,ツクイ多摩センターデイサービス,,医療施設,CL3,03_Hospital,CL3,529.18,3,Tama,2022/4/1,2023/3/31
766,Ｔビル,,商業施設,衣料品・住関連スーパー,04_Retail,HousingClothingSuper,172.38,3,Tama,2022/4/1,2023/3/31
767,からだや,,事務所,CL1,01_Office,CL1,30.63,3,Tama,2022/4/1,2023/3/31
768,（株）イーワークス,,事務所,CL1,01_Office,CL1,109.54,3,Tama,2022/4/1,2023/3/31
769,コーポ唐沢２,,事務所,CL1,01_Office,CL1,161.04,3,Tama,2022/4/1,2023/3/31
770,アイム在宅ケアセンター多摩,,事務所,CL2,01_Office,CL2,302.6,3,Tama,2022/4/1,2023/3/31
771,ＡＫＫ,,事務所,CL1,01_Office,CL1,86.16,3,Tama,2022/4/1,2023/3/31
772,富士ビル,,商業施設,衣料品・住関連スーパー,04_Retail,HousingClothingSuper,120.74,3,Tama,2022/4/1,2023/3/31
773,コーポ唐沢,,商業施設,衣料品・住関連スーパー,04_Retail,HousingClothingSuper,144.87,3,Tama,2022/4/1,2023/3/31
774,ターマ・サンゴ,,事務所,CL1,01_Office,CL1,70.25,3,Tama,2022/4/1,2023/3/31
775,市立豊ヶ丘小学校,,学校施設,小学校,05_School,ElementarySchool,5288.6,3,Tama,2022/4/1,2023/3/31
776,（株）共栄建材,,事務所,CL1,01_Office,CL1,46.66,3,Tama,2022/4/1,2023/3/31
777,ワイズガーデン,,事務所,CL1,01_Office,CL1,172.22,3,Tama,2022/4/1,2023/3/31
778,（資）恒心社,,事務所,CL1,01_Office,CL1,74.52,3,Tama,2022/4/1,2023/3/31
779,豊ケ丘４丁目１番住宅４―１―５号棟,,事務所,CL2,01_Office,CL2,258.9,3,Tama,2022/4/1,2023/3/31
780,４―２―７号棟,,事務所,CL3,01_Office,CL3,755.14,3,Tama,2022/4/1,2023/3/31
781,（株）トヤマ塗装,,事務所,CL1,01_Office,CL1,66.06,3,Tama,2022/4/1,2023/3/31
782,旧豊ヶ丘中学校,,学校施設,中学校,05_School,JuniorHighSchool,6999.6,3,Tama,2022/4/1,2023/3/31
783,社会福祉法人ピオニイ第二保育園,,事務所,CL5,01_Office,CL5,2531.91,3,Tama,2022/4/1,2023/3/31
784,（株）ＰＯＮＴＥ,,事務所,CL1,01_Office,CL1,96.1,3,Tama,2022/4/1,2023/3/31
785,（有）アスリーブ,,事務所,CL1,01_Office,CL1,153.94,3,Tama,2022/4/1,2023/3/31
786,セブンイレブン多摩豊ヶ丘４丁目店,,商業施設,コンビニエンスストア,04_Retail,ConvenienceStore,454.5,3,Tama,2022/4/1,2023/3/31
787,豊ケ丘五丁目１番住宅５ー１ー１４号棟,,事務所,CL2,01_Office,CL2,412.66,3,Tama,2022/4/1,2023/3/31
788,豊ケ丘５丁目３番住宅５ー３ー１１号棟,,事務所,CL2,01_Office,CL2,268.04,3,Tama,2022/4/1,2023/3/31
789,日本総合住生活（株）,,事務所,CL3,01_Office,CL3,876.96,3,Tama,2022/4/1,2023/3/31
790,市立豊ヶ丘地区市民ホール,,事務所,CL4,01_Office,CL4,1655.27,3,Tama,2022/4/1,2023/3/31
791,市立豊ヶ丘図書館,,事務所,CL3,01_Office,CL3,918.3,3,Tama,2022/4/1,2023/3/31
792,ＨｅａｌｉｎｇＳａｌｏｎＫＯＫＡ,,事務所,CL1,01_Office,CL1,50.46,3,Tama,2022/4/1,2023/3/31
793,橋口歯科医院,,医療施設,CL1,03_Hospital,CL1,176.02,3,Tama,2022/4/1,2023/3/31
794,渡辺クリニック,,医療施設,CL3,03_Hospital,CL3,537.74,3,Tama,2022/4/1,2023/3/31
795,ブリエール永山,,商業施設,衣料品・住関連スーパー,04_Retail,HousingClothingSuper,644.21,3,Tama,2022/4/1,2023/3/31
796,プレゾン,,事務所,CL3,01_Office,CL3,728.55,3,Tama,2022/4/1,2023/3/31
797,記載なし,,事務所,CL1,01_Office,CL1,145.06,3,Tama,2022/4/1,2023/3/31
798,（有）永山石油多摩ニュータウンＳＳ,,事務所,CL1,01_Office,CL1,197.48,3,Tama,2022/4/1,2023/3/31
799,トヨタモビリティ東京（株）多摩永山店,,商業施設,衣料品・住関連スーパー,04_Retail,HousingClothingSuper,2740.14,3,Tama,2022/4/1,2023/3/31
800,セブンイレブン多摩永山店,,商業施設,コンビニエンスストア,04_Retail,ConvenienceStore,297.2,3,Tama,2022/4/1,2023/3/31
801,グリナード永山２号館,,事務所,CL5,01_Office,CL5,3522.09,3,Tama,2022/4/1,2023/3/31
802,ヒューマックスパビリオン永山,,事務所,CL8c,01_Office,CL8c,28472.88,3,Tama,2022/4/1,2023/3/31
803,ミネ薬局永山駅前タワー店,,飲食施設,コンビニエンスドラッグ,06_Restaurant,ConvenienceDrug,895.53,3,Tama,2022/4/1,2023/3/31
804,記載なし,,飲食施設,レストラン(都市),06_Restaurant,UrbanRestaurant,213.62,3,Tama,2022/4/1,2023/3/31
805,グリナード永山１号館,,事務所,CL8c,01_Office,CL8c,20649.86,3,Tama,2022/4/1,2023/3/31
806,ベルブ永山,,事務所,CL8c,01_Office,CL8c,24008.09,3,Tama,2022/4/1,2023/3/31
807,いきいきヘルパーステーション多摩,,事務所,CL2,01_Office,CL2,446.43,3,Tama,2022/4/1,2023/3/31
808,なのはな薬局,,商業施設,コンビニエンスドラッグ,04_Retail,ConvenienceDrug,223.86,3,Tama,2022/4/1,2023/3/31
809,新日本婦人の会多摩支部,,事務所,CL1,01_Office,CL1,84.26,3,Tama,2022/4/1,2023/3/31
810,日本医科大学多摩永山病院,,医療施設,CL6,03_Hospital,CL6,8816.48,3,Tama,2022/4/1,2023/3/31
811,ボヌール永山,,商業施設,衣料品・住関連スーパー,04_Retail,HousingClothingSuper,1881.16,3,Tama,2022/4/1,2023/3/31
812,ブックストアサエキ佐伯書店,,事務所,CL2,01_Office,CL2,341.7,3,Tama,2022/4/1,2023/3/31
813,（有）サエキ,,事務所,CL1,01_Office,CL1,47.52,3,Tama,2022/4/1,2023/3/31
814,ラディウス,,事務所,CL1,01_Office,CL1,197.96,3,Tama,2022/4/1,2023/3/31
815,（株）エール,,事務所,CL1,01_Office,CL1,50.82,3,Tama,2022/4/1,2023/3/31
816,（有）三多摩中央自動車販売,,商業施設,衣料品・住関連スーパー,04_Retail,HousingClothingSuper,146.16,3,Tama,2022/4/1,2023/3/31
817,トールス企画,,事務所,CL1,01_Office,CL1,105.46,3,Tama,2022/4/1,2023/3/31
818,小田急マルシェ永山,,商業施設,衣料品・住関連スーパー,04_Retail,HousingClothingSuper,3212,3,Tama,2022/4/1,2023/3/31
819,京王リトナード永山,,商業施設,衣料品・住関連スーパー,04_Retail,HousingClothingSuper,3178.06,3,Tama,2022/4/1,2023/3/31
820,多摩中央警察署永山駅前交番,,事務所,CL1,01_Office,CL1,102.3,3,Tama,2022/4/1,2023/3/31
821,東京都南多摩保健所,,事務所,CL5,01_Office,CL5,2791.14,3,Tama,2022/4/1,2023/3/31
822,市立多摩永山中学校,,学校施設,中学校,05_School,JuniorHighSchool,6136.72,3,Tama,2022/4/1,2023/3/31
823,市立永山小学校,,学校施設,小学校,05_School,ElementarySchool,7628.32,3,Tama,2022/4/1,2023/3/31
824,永山小学童クラブ,,事務所,CL2,01_Office,CL2,339.5,3,Tama,2022/4/1,2023/3/31
825,すずめの学校,,事務所,CL1,01_Office,CL1,46.8,3,Tama,2022/4/1,2023/3/31
826,セブンイレブン多摩永山２丁目店,,商業施設,コンビニエンスストア,04_Retail,ConvenienceStore,313.98,3,Tama,2022/4/1,2023/3/31
827,多摩こども郷土資料館,,事務所,CL1,01_Office,CL1,164.52,3,Tama,2022/4/1,2023/3/31
828,よつば訪問マッサージ鍼灸,,事務所,CL1,01_Office,CL1,53.06,3,Tama,2022/4/1,2023/3/31
829,（有）エフ・ワイ企画,,事務所,CL2,01_Office,CL2,279.71,3,Tama,2022/4/1,2023/3/31
830,（株）秋孝,,事務所,CL1,01_Office,CL1,74.32,3,Tama,2022/4/1,2023/3/31
831,（株）ＰＵＢＬＩＣＳＴＡＲＴＥＲ,,事務所,CL1,01_Office,CL1,57.05,3,Tama,2022/4/1,2023/3/31
832,佐藤テントデザイン,,事務所,CL1,01_Office,CL1,28.18,3,Tama,2022/4/1,2023/3/31
833,ペルゲ,,事務所,CL2,01_Office,CL2,201.04,3,Tama,2022/4/1,2023/3/31
834,美容室ベル,,商業施設,専門店・中心店,04_Retail,SpecialityShop,204.7,3,Tama,2022/4/1,2023/3/31
835,京吉田建装（株）,,事務所,CL1,01_Office,CL1,52.8,3,Tama,2022/4/1,2023/3/31
836,永山３丁目第１住宅３―１―１５号棟,,事務所,CL2,01_Office,CL2,263.08,3,Tama,2022/4/1,2023/3/31
837,社会福祉法人多摩福祉会,,事務所,CL5,01_Office,CL5,2662.44,3,Tama,2022/4/1,2023/3/31
838,市立永山児童館,,事務所,CL3,01_Office,CL3,733.42,3,Tama,2022/4/1,2023/3/31
839,学校法人錦秋学園錦秋幼稚園,,事務所,CL4,01_Office,CL4,1795.7,3,Tama,2022/4/1,2023/3/31
840,高齢者総合ケアセンターケアプラザ多摩,,事務所,CL6b,01_Office,CL6b,9014.76,3,Tama,2022/4/1,2023/3/31
841,（有）永山鈑金,,商業施設,衣料品・住関連スーパー,04_Retail,HousingClothingSuper,625.22,3,Tama,2022/4/1,2023/3/31
842,防長建設（株）,,事務所,CL1,01_Office,CL1,29.59,3,Tama,2022/4/1,2023/3/31
843,（株）シティー開発多摩支店,,事務所,CL1,01_Office,CL1,164.64,3,Tama,2022/4/1,2023/3/31
844,ミニストップ多摩永山店,,商業施設,コンビニエンスストア,04_Retail,ConvenienceStore,288.24,3,Tama,2022/4/1,2023/3/31
845,４ー１ー２号棟,,事務所,CL2,01_Office,CL2,262.1,3,Tama,2022/4/1,2023/3/31
846,４ー１ー３号棟,,事務所,CL2,01_Office,CL2,363.24,3,Tama,2022/4/1,2023/3/31
847,ヘアーショップ髪道楽,,商業施設,専門店・中心店,04_Retail,SpecialityShop,145.64,3,Tama,2022/4/1,2023/3/31
848,やまな歯科クリニック,,医療施設,CL1,03_Hospital,CL1,136.32,3,Tama,2022/4/1,2023/3/31
849,社会福祉法人至愛協会ゆりのき保育園,,事務所,CL4,01_Office,CL4,1940.28,3,Tama,2022/4/1,2023/3/31
850,多摩中央警察署永山四丁目交番,,事務所,CL1,01_Office,CL1,76.94,3,Tama,2022/4/1,2023/3/31
851,（株）アップルコーポレーション,,事務所,CL1,01_Office,CL1,135.62,3,Tama,2022/4/1,2023/3/31
852,宮野工務店,,事務所,CL1,01_Office,CL1,74.89,3,Tama,2022/4/1,2023/3/31
853,木幡工務店（株）,,事務所,CL1,01_Office,CL1,81.11,3,Tama,2022/4/1,2023/3/31
854,（株）サンライズアニバーサリー,,事務所,CL1,01_Office,CL1,36.36,3,Tama,2022/4/1,2023/3/31
855,（有）前田建装,,事務所,CL1,01_Office,CL1,107.26,3,Tama,2022/4/1,2023/3/31
856,市立瓜生小学校,,学校施設,小学校,05_School,ElementarySchool,6884.84,3,Tama,2022/4/1,2023/3/31
857,ＢＥｓｔｕｄｉｏ,,事務所,CL1,01_Office,CL1,90,3,Tama,2022/4/1,2023/3/31
858,多摩市医師会館一般社団法人多摩市医師会,,医療施設,CL4,03_Hospital,CL4,1160.92,3,Tama,2022/4/1,2023/3/31
859,親父ライフ不動産（株）,,事務所,CL1,01_Office,CL1,61.3,3,Tama,2022/4/1,2023/3/31
860,フジケン,,事務所,CL1,01_Office,CL1,56.16,3,Tama,2022/4/1,2023/3/31
861,都立永山高等学校,,事務所,CL6b,01_Office,CL6b,7138.45,3,Tama,2022/4/1,2023/3/31
862,ＦＥＬＩＸＳＯＬＩＳＳ．Ａ．ＪＡＰＡＮＯＦＦＩＣＥ,,事務所,CL1,01_Office,CL1,61.9,3,Tama,2022/4/1,2023/3/31
863,（株）岩建,,事務所,CL1,01_Office,CL1,65.27,3,Tama,2022/4/1,2023/3/31
864,但馬治事務所,,事務所,CL1,01_Office,CL1,58.98,3,Tama,2022/4/1,2023/3/31
865,Ｋファミリー合同会社,,事務所,CL1,01_Office,CL1,55.21,3,Tama,2022/4/1,2023/3/31
866,おなか整体腰痛相談室,,事務所,CL1,01_Office,CL1,52.09,3,Tama,2022/4/1,2023/3/31
867,インテリアＳ,,事務所,CL1,01_Office,CL1,57.2,3,Tama,2022/4/1,2023/3/31
868,和光内科胃腸科,,医療施設,CL2,03_Hospital,CL2,261.84,3,Tama,2022/4/1,2023/3/31
869,ビューティーバラ,,商業施設,専門店・中心店,04_Retail,SpecialityShop,88.28,3,Tama,2022/4/1,2023/3/31
870,（有）事務コンピューターシステム,,事務所,CL1,01_Office,CL1,64.83,3,Tama,2022/4/1,2023/3/31
871,多摩サッシ工房,,事務所,CL1,01_Office,CL1,44.38,3,Tama,2022/4/1,2023/3/31
872,ハイム・プレジデント・北島,,商業施設,衣料品・住関連スーパー,04_Retail,HousingClothingSuper,135.19,3,Tama,2022/4/1,2023/3/31
873,しんわ薬局永山店,,飲食施設,コンビニエンスドラッグ,06_Restaurant,ConvenienceDrug,149.28,3,Tama,2022/4/1,2023/3/31
874,ハイム永山１,,商業施設,衣料品・住関連スーパー,04_Retail,HousingClothingSuper,136.42,3,Tama,2022/4/1,2023/3/31
875,穂高建築設備多摩事務所,,事務所,CL1,01_Office,CL1,107.19,3,Tama,2022/4/1,2023/3/31
876,聖教新聞販売店,,事務所,CL1,01_Office,CL1,34.36,3,Tama,2022/4/1,2023/3/31
877,イシイ,,事務所,CL1,01_Office,CL1,57.58,3,Tama,2022/4/1,2023/3/31
878,社会福祉法人正夢の会,,事務所,CL2,01_Office,CL2,466.64,3,Tama,2022/4/1,2023/3/31
879,美容室ベルウッド,,事務所,CL1,01_Office,CL1,44.42,3,Tama,2022/4/1,2023/3/31
880,西部計装システム,,事務所,CL1,01_Office,CL1,61.36,3,Tama,2022/4/1,2023/3/31
881,ビル,,事務所,CL4,01_Office,CL4,1027.29,3,Tama,2022/4/1,2023/3/31
882,（株）足立食品工業所本社ビル,,事務所,CL4,01_Office,CL4,1321.88,3,Tama,2022/4/1,2023/3/31
883,シールドワークス（株）,,事務所,CL1,01_Office,CL1,57.53,3,Tama,2022/4/1,2023/3/31
884,国際計測器（株）,,事務所,CL5,01_Office,CL5,4612.12,3,Tama,2022/4/1,2023/3/31
885,（株）ＥＮＥＯＳフロンティアＤｒ．Ｄｒｉｖｅセルフ多摩,,事務所,CL2,01_Office,CL2,241.74,3,Tama,2022/4/1,2023/3/31
886,マイプリント（株）,,事務所,CL5,01_Office,CL5,3103.48,3,Tama,2022/4/1,2023/3/31
887,（株）シュテルン世田谷,,事務所,CL5,01_Office,CL5,3395.16,3,Tama,2022/4/1,2023/3/31
888,サンズ,,事務所,CL5,01_Office,CL5,2361.63,3,Tama,2022/4/1,2023/3/31
889,日産東京販売（株）多摩ニュータウン店,,商業施設,衣料品・住関連スーパー,04_Retail,HousingClothingSuper,1332.88,3,Tama,2022/4/1,2023/3/31
890,ＪＡＦ中央研修センター多摩事務所,,事務所,CL5,01_Office,CL5,4464,3,Tama,2022/4/1,2023/3/31
891,（株）関電工多摩工務所,,事務所,CL5,01_Office,CL5,3761.98,3,Tama,2022/4/1,2023/3/31
892,ブックオフＳＵＰＥＲＢＡＺＡＡＲ多摩永山館,,事務所,CL6b,01_Office,CL6b,8415.92,3,Tama,2022/4/1,2023/3/31
893,（株）ウッドベル工業多摩事業所,,事務所,CL5,01_Office,CL5,2069.74,3,Tama,2022/4/1,2023/3/31
894,セブンイレブン国士舘大学多摩キャンパス店,,商業施設,コンビニエンスストア,04_Retail,ConvenienceStore,1738.28,3,Tama,2022/4/1,2023/3/31
895,メイプルセンチュリーセンター多摩,,事務所,CL4,01_Office,CL4,1661.82,3,Tama,2022/4/1,2023/3/31
896,多摩スポーツセンター,,事務所,CL6b,01_Office,CL6b,5373.06,3,Tama,2022/4/1,2023/3/31
897,東寺方ショッピングセンター,,事務所,CL8c,01_Office,CL8c,35304.72,3,Tama,2022/4/1,2023/3/31
898,八百忠小林青果店,,商業施設,専門店・中心店,04_Retail,SpecialityShop,240.36,3,Tama,2022/4/1,2023/3/31
899,市立東寺方児童館,,事務所,CL5,01_Office,CL5,2280.69,3,Tama,2022/4/1,2023/3/31
900,多摩市消防団第六分団,,事務所,CL1,01_Office,CL1,78.84,3,Tama,2022/4/1,2023/3/31
901,さわ理容室,,事務所,CL1,01_Office,CL1,51.79,3,Tama,2022/4/1,2023/3/31
902,（有）三浦商会本社営業所,,商業施設,専門店・中心店,04_Retail,SpecialityShop,107.66,3,Tama,2022/4/1,2023/3/31
903,（有）西原教材社,,事務所,CL1,01_Office,CL1,52.02,3,Tama,2022/4/1,2023/3/31
904,サイクルショップサエキ,,事務所,CL1,01_Office,CL1,94.55,3,Tama,2022/4/1,2023/3/31
905,和田学習センター,,事務所,CL1,01_Office,CL1,48.53,3,Tama,2022/4/1,2023/3/31
906,（有）オフィス・オークリット,,事務所,CL1,01_Office,CL1,84.04,3,Tama,2022/4/1,2023/3/31
907,（有）杉浦自動車,,商業施設,衣料品・住関連スーパー,04_Retail,HousingClothingSuper,47.26,3,Tama,2022/4/1,2023/3/31
908,市立総合体育館,,娯楽施設,フィットネス,09_Amusement,Fitness,12148.2,3,Tama,2022/4/1,2023/3/31
909,市立東寺方小学校,,学校施設,小学校,05_School,ElementarySchool,6403.44,3,Tama,2022/4/1,2023/3/31
910,（株）やまと商社,,事務所,CL1,01_Office,CL1,63.34,3,Tama,2022/4/1,2023/3/31
911,（株）Ｇｒｉｆｆｉｔｈ,,事務所,CL1,01_Office,CL1,95.62,3,Tama,2022/4/1,2023/3/31
912,（同）Ｙｏｕ＆Ｍｅ,,事務所,CL1,01_Office,CL1,59.1,3,Tama,2022/4/1,2023/3/31
913,（有）ピーエムシー・ジャパン,,事務所,CL1,01_Office,CL1,129.19,3,Tama,2022/4/1,2023/3/31
914,今井ビル,,商業施設,衣料品・住関連スーパー,04_Retail,HousingClothingSuper,241.36,3,Tama,2022/4/1,2023/3/31
915,（株）多摩電気商会,,事務所,CL1,01_Office,CL1,116.79,3,Tama,2022/4/1,2023/3/31
916,聖蹟桜ヶ丘郵政宿舎２号棟,,事務所,CL4,01_Office,CL4,1173.18,3,Tama,2022/4/1,2023/3/31
917,トータルビル,,商業施設,衣料品・住関連スーパー,04_Retail,HousingClothingSuper,643.7,3,Tama,2022/4/1,2023/3/31
918,さくら通り整骨院,,医療施設,CL1,03_Hospital,CL1,73.65,3,Tama,2022/4/1,2023/3/31
919,桜ケ丘ビル,,事務所,CL2,01_Office,CL2,350.6,3,Tama,2022/4/1,2023/3/31
920,ホテル桜ヶ丘,,宿泊施設,CL4,02_Hotel,CL4,1138.32,3,Tama,2022/4/1,2023/3/31
921,（有）トミー初夢,,事務所,CL1,01_Office,CL1,150.03,3,Tama,2022/4/1,2023/3/31
922,（株）パースペクティブプランニング,,事務所,CL1,01_Office,CL1,59.08,3,Tama,2022/4/1,2023/3/31
923,桜ヶ丘ペットクリニック,,医療施設,CL1,03_Hospital,CL1,135.45,3,Tama,2022/4/1,2023/3/31
924,花鳥風月,,商業施設,専門店・中心店,04_Retail,SpecialityShop,30.76,3,Tama,2022/4/1,2023/3/31
925,（有）桜ヶ丘ペットクリニック,,事務所,CL1,01_Office,CL1,79.49,3,Tama,2022/4/1,2023/3/31
926,伊勢屋,,事務所,CL1,01_Office,CL1,40.18,3,Tama,2022/4/1,2023/3/31
927,セブンイレブン多摩明神橋通り店,,商業施設,コンビニエンスストア,04_Retail,ConvenienceStore,416.22,3,Tama,2022/4/1,2023/3/31
928,飯澤会計事務所,,事務所,CL1,01_Office,CL1,70.12,3,Tama,2022/4/1,2023/3/31
929,インテリアミヤザキ,,事務所,CL1,01_Office,CL1,70.48,3,Tama,2022/4/1,2023/3/31
930,東陽産業（株）,,事務所,CL1,01_Office,CL1,50.54,3,Tama,2022/4/1,2023/3/31
931,エムズスタジオ,,事務所,CL1,01_Office,CL1,72.17,3,Tama,2022/4/1,2023/3/31
932,ＩｎｏＩｎｔｅｒｉｏｒＤｅｓｉｇｎ,,事務所,CL1,01_Office,CL1,86.93,3,Tama,2022/4/1,2023/3/31
933,ちいろばの家リサイクルショップ,,商業施設,専門店・中心店,04_Retail,SpecialityShop,140.48,3,Tama,2022/4/1,2023/3/31
934,伊東英語塾,,事務所,CL1,01_Office,CL1,77.6,3,Tama,2022/4/1,2023/3/31
935,石川税理士事務所,,事務所,CL1,01_Office,CL1,80.96,3,Tama,2022/4/1,2023/3/31
936,（株）ソルト,,事務所,CL1,01_Office,CL1,82.15,3,Tama,2022/4/1,2023/3/31
937,（株）コタニ建創,,事務所,CL1,01_Office,CL1,76.62,3,Tama,2022/4/1,2023/3/31
938,（株）ベネッセスタイルケア,,事務所,CL5,01_Office,CL5,3615.27,3,Tama,2022/4/1,2023/3/31
939,プロダクションユニ・テレ,,事務所,CL1,01_Office,CL1,87.59,3,Tama,2022/4/1,2023/3/31
940,都立多摩桜の丘学園,,事務所,CL7b,01_Office,CL7b,13882.54,3,Tama,2022/4/1,2023/3/31
941,コーポエルブ,,商業施設,衣料品・住関連スーパー,04_Retail,HousingClothingSuper,172.24,3,Tama,2022/4/1,2023/3/31
942,学研教室聖ヶ丘教室,,事務所,CL1,01_Office,CL1,100.5,3,Tama,2022/4/1,2023/3/31
943,（株）東洋,,事務所,CL2,01_Office,CL2,238.1,3,Tama,2022/4/1,2023/3/31
944,（有）ジューン・エイト,,事務所,CL1,01_Office,CL1,77.58,3,Tama,2022/4/1,2023/3/31
945,インシュアランスオフィスＣ・Ｒ・Ｍ,,事務所,CL1,01_Office,CL1,86.91,3,Tama,2022/4/1,2023/3/31
946,（株）ライブクリエイション,,事務所,CL1,01_Office,CL1,122.82,3,Tama,2022/4/1,2023/3/31
947,西根工業（株）,,事務所,CL1,01_Office,CL1,35.83,3,Tama,2022/4/1,2023/3/31
948,（有）真光金属,,事務所,CL1,01_Office,CL1,79.51,3,Tama,2022/4/1,2023/3/31
949,ＣＯＬＯＮＹＤＥＳＩＧＮＯＦＦＩＣＥ,,事務所,CL1,01_Office,CL1,78.96,3,Tama,2022/4/1,2023/3/31
950,Ｋ＆Ｋオフィス,,事務所,CL1,01_Office,CL1,50.97,3,Tama,2022/4/1,2023/3/31
951,カンノカンパニー（有）,,事務所,CL1,01_Office,CL1,64.38,3,Tama,2022/4/1,2023/3/31
952,（有）クリエイティブ２１,,事務所,CL1,01_Office,CL1,83.27,3,Tama,2022/4/1,2023/3/31
953,市立聖ヶ丘中学校,,学校施設,中学校,05_School,JuniorHighSchool,7565.16,3,Tama,2022/4/1,2023/3/31
954,多摩聖ケ丘郵便局,,事務所,CL2,01_Office,CL2,431.2,3,Tama,2022/4/1,2023/3/31
955,ゆいま～る聖ヶ丘Ｂ棟,,事務所,CL4,01_Office,CL4,1367.72,3,Tama,2022/4/1,2023/3/31
956,多摩中央警察署聖ケ丘駐在所,,事務所,CL1,01_Office,CL1,176.68,3,Tama,2022/4/1,2023/3/31
957,ゆいま～る聖ヶ丘Ｃ棟,,事務所,CL5,01_Office,CL5,2005.88,3,Tama,2022/4/1,2023/3/31
958,たんぽぽ美容室,,商業施設,専門店・中心店,04_Retail,SpecialityShop,145.5,3,Tama,2022/4/1,2023/3/31
959,ひじり館,,事務所,CL5,01_Office,CL5,2704.7,3,Tama,2022/4/1,2023/3/31
960,百将屋,,商業施設,専門店・中心店,04_Retail,SpecialityShop,118.2,3,Tama,2022/4/1,2023/3/31
961,放課後等デイサービスメロディ,,医療施設,CL1,03_Hospital,CL1,176.84,3,Tama,2022/4/1,2023/3/31
962,ゆいま～る聖ヶ丘Ａ棟,,事務所,CL4,01_Office,CL4,1737.6,3,Tama,2022/4/1,2023/3/31
963,デイサービス聖ヶ丘,,医療施設,CL2,03_Hospital,CL2,210.18,3,Tama,2022/4/1,2023/3/31
964,（有）ポジティブワン,,事務所,CL2,01_Office,CL2,260.08,3,Tama,2022/4/1,2023/3/31
965,エステート聖ケ丘―２―西２―２３―６号棟,,事務所,CL1,01_Office,CL1,82.56,3,Tama,2022/4/1,2023/3/31
966,（有）聖工房,,事務所,CL1,01_Office,CL1,65.32,3,Tama,2022/4/1,2023/3/31
967,（株）永岡サービス,,事務所,CL1,01_Office,CL1,94.87,3,Tama,2022/4/1,2023/3/31
968,（有）齋藤組,,事務所,CL1,01_Office,CL1,83.58,3,Tama,2022/4/1,2023/3/31
969,ＨａｎａｂｉｓｈｉＣｏ．Ｌｔｄ,,事務所,CL1,01_Office,CL1,61.59,3,Tama,2022/4/1,2023/3/31
970,エム・アンド・エム・アイティ,,事務所,CL1,01_Office,CL1,56.29,3,Tama,2022/4/1,2023/3/31
971,笛木自動車,,商業施設,衣料品・住関連スーパー,04_Retail,HousingClothingSuper,82.62,3,Tama,2022/4/1,2023/3/31
972,近藤工務店,,事務所,CL1,01_Office,CL1,55.49,3,Tama,2022/4/1,2023/3/31
973,（株）心音,,事務所,CL1,01_Office,CL1,41.63,3,Tama,2022/4/1,2023/3/31
974,（有）ＲＹＴＮＡＭＹ,,事務所,CL1,01_Office,CL1,79.3,3,Tama,2022/4/1,2023/3/31
975,Ｋ―ブロス,,事務所,CL1,01_Office,CL1,68.87,3,Tama,2022/4/1,2023/3/31
976,（有）ＴＭＫ,,事務所,CL1,01_Office,CL1,77.7,3,Tama,2022/4/1,2023/3/31
977,オフィスイガラシ,,事務所,CL1,01_Office,CL1,66.15,3,Tama,2022/4/1,2023/3/31
978,和真シーリング,,事務所,CL1,01_Office,CL1,41.56,3,Tama,2022/4/1,2023/3/31
979,（株）嶋田建設,,商業施設,衣料品・住関連スーパー,04_Retail,HousingClothingSuper,134.41,3,Tama,2022/4/1,2023/3/31
980,（有）美濃商事,,事務所,CL1,01_Office,CL1,46.23,3,Tama,2022/4/1,2023/3/31
981,（株）南工務店,,事務所,CL1,01_Office,CL1,120.27,3,Tama,2022/4/1,2023/3/31
982,ビグザム,,事務所,CL1,01_Office,CL1,80.93,3,Tama,2022/4/1,2023/3/31
983,きものお手入れ工房,,事務所,CL1,01_Office,CL1,72.53,3,Tama,2022/4/1,2023/3/31
984,（株）榑林製作所,,事務所,CL1,01_Office,CL1,69.05,3,Tama,2022/4/1,2023/3/31
985,（株）ＩＳＫ,,事務所,CL1,01_Office,CL1,83.42,3,Tama,2022/4/1,2023/3/31
986,市立聖ヶ丘小学校,,学校施設,小学校,05_School,ElementarySchool,5939.8,3,Tama,2022/4/1,2023/3/31
987,アセントユニバース（株）,,事務所,CL1,01_Office,CL1,105.49,3,Tama,2022/4/1,2023/3/31
988,（株）ハウジングワールド,,事務所,CL1,01_Office,CL1,57.4,3,Tama,2022/4/1,2023/3/31
989,関東パルス（株）,,事務所,CL1,01_Office,CL1,74.37,3,Tama,2022/4/1,2023/3/31
990,多摩福音センター,,事務所,CL1,01_Office,CL1,117.97,3,Tama,2022/4/1,2023/3/31
991,ハーテック（株）,,事務所,CL1,01_Office,CL1,117.79,3,Tama,2022/4/1,2023/3/31
992,インスライト（株）,,事務所,CL1,01_Office,CL1,165.62,3,Tama,2022/4/1,2023/3/31
993,（有）オーエム建築コンサルタント,,事務所,CL1,01_Office,CL1,84.76,3,Tama,2022/4/1,2023/3/31
994,（株）ＥＮＥＯＳフロンティアＤｒ．Ｄｒｉｖｅ聖ヶ丘店,,事務所,CL2,01_Office,CL2,409.44,3,Tama,2022/4/1,2023/3/31
995,山志設備,,事務所,CL1,01_Office,CL1,90.71,3,Tama,2022/4/1,2023/3/31
996,多摩興運（株）,,事務所,CL3,01_Office,CL3,950.36,3,Tama,2022/4/1,2023/3/31
997,ＴＡＭＡ―ＫＯＵＮＣＯ．，ＬＴＤ．,,事務所,CL1,01_Office,CL1,104.08,3,Tama,2022/4/1,2023/3/31
998,（株）パルライン多摩営業所,,事務所,CL5,01_Office,CL5,3349.23,3,Tama,2022/4/1,2023/3/31
999,京王自動車（株）多摩中央営業所,,商業施設,衣料品・住関連スーパー,04_Retail,HousingClothingSuper,308.84,3,Tama,2022/4/1,2023/3/31
1000,ＳＴＵＤＩＯＴＨＥＡＪＩ,,事務所,CL1,01_Office,CL1,68.83,3,Tama,2022/4/1,2023/3/31
1001,増田住設,,事務所,CL1,01_Office,CL1,169.87,3,Tama,2022/4/1,2023/3/31
1002,アプリコット,,事務所,CL1,01_Office,CL1,169.68,3,Tama,2022/4/1,2023/3/31
1003,コーポＭ,,事務所,CL2,01_Office,CL2,288.15,3,Tama,2022/4/1,2023/3/31
1004,（有）増田不動産,,事務所,CL2,01_Office,CL2,471.99,3,Tama,2022/4/1,2023/3/31
1005,多摩市消防団第十分団,,事務所,CL1,01_Office,CL1,71.44,3,Tama,2022/4/1,2023/3/31
1006,（株）テックラボ,,事務所,CL2,01_Office,CL2,300.66,3,Tama,2022/4/1,2023/3/31
1007,（株）日本テレフォニー東京事務所,,事務所,CL1,01_Office,CL1,53.75,3,Tama,2022/4/1,2023/3/31
1008,（有）横沢エンジニアリング,,事務所,CL1,01_Office,CL1,189.62,3,Tama,2022/4/1,2023/3/31
1009,小野路集会所,,事務所,CL2,01_Office,CL2,232.98,3,Tama,2022/4/1,2023/3/31
1010,記載なし,,事務所,CL1,01_Office,CL1,45.06,3,Tama,2022/4/1,2023/3/31
1011,ＡＢＡ,,事務所,CL1,01_Office,CL1,85.47,3,Tama,2022/4/1,2023/3/31
1012,和食さと多摩ニュータウン店,,飲食施設,レストラン(都市),06_Restaurant,UrbanRestaurant,630.22,3,Tama,2022/4/1,2023/3/31
1013,ガスト多摩南野店ＩＮから好し,,飲食施設,レストラン(都市),06_Restaurant,UrbanRestaurant,862.26,3,Tama,2022/4/1,2023/3/31
1014,（有）ラ・シード,,事務所,CL1,01_Office,CL1,104.65,3,Tama,2022/4/1,2023/3/31
1015,季楽,,飲食施設,レストラン(都市),06_Restaurant,UrbanRestaurant,151.34,3,Tama,2022/4/1,2023/3/31
1016,萩生田ビル,,事務所,CL3,01_Office,CL3,678.21,3,Tama,2022/4/1,2023/3/31
1017,ニュータウンペットクリニック,,商業施設,専門店・中心店,04_Retail,SpecialityShop,212.14,3,Tama,2022/4/1,2023/3/31
1018,（株）文教,,事務所,CL1,01_Office,CL1,143.82,3,Tama,2022/4/1,2023/3/31
1019,多摩南野ゴルフ,,事務所,CL3,01_Office,CL3,834.6,3,Tama,2022/4/1,2023/3/31
1020,タマ・バレエ・スクール,,事務所,CL2,01_Office,CL2,220.28,3,Tama,2022/4/1,2023/3/31
1021,ハイポイント（株）,,事務所,CL1,01_Office,CL1,84.21,3,Tama,2022/4/1,2023/3/31
1022,Ｊ―ｓｔｙｌｅ,,事務所,CL1,01_Office,CL1,51.56,3,Tama,2022/4/1,2023/3/31
1023,いけばな教室,,事務所,CL1,01_Office,CL1,92.02,3,Tama,2022/4/1,2023/3/31
1024,かいろ,,事務所,CL1,01_Office,CL1,90.27,3,Tama,2022/4/1,2023/3/31
1025,山田経営法務事務所,,事務所,CL1,01_Office,CL1,91.35,3,Tama,2022/4/1,2023/3/31
1026,エムシー工販（株）,,事務所,CL1,01_Office,CL1,90.15,3,Tama,2022/4/1,2023/3/31
1027,セブンイレブン多摩南野店,,商業施設,コンビニエンスストア,04_Retail,ConvenienceStore,389.42,3,Tama,2022/4/1,2023/3/31
1028,（株）ＥＮＥＯＳフロンティアセルフ南野ＳＳ,,事務所,CL2,01_Office,CL2,212.46,3,Tama,2022/4/1,2023/3/31
1029,二幸産業・ＮＳＰ健幸福祉プラザ,,医療施設,CL8,03_Hospital,CL8,22250.34,3,Tama,2022/4/1,2023/3/31
1030,多摩市立温水プール,,娯楽施設,フィットネス,09_Amusement,Fitness,22377.36,3,Tama,2022/4/1,2023/3/31
1031,（有）遠田自動車修理工場,,事務所,CL1,01_Office,CL1,150.98,3,Tama,2022/4/1,2023/3/31
1032,（有）伊予工業,,事務所,CL1,01_Office,CL1,34.62,3,Tama,2022/4/1,2023/3/31
1033,たんぽぽ子供習字教室,,事務所,CL1,01_Office,CL1,77.23,3,Tama,2022/4/1,2023/3/31
1034,（有）平野造園,,事務所,CL1,01_Office,CL1,77.61,3,Tama,2022/4/1,2023/3/31
1035,（有）愛建,,事務所,CL1,01_Office,CL1,131.9,3,Tama,2022/4/1,2023/3/31
1036,（株）スターズ,,事務所,CL1,01_Office,CL1,97.87,3,Tama,2022/4/1,2023/3/31
1037,渡辺不動産企画（株）,,事務所,CL1,01_Office,CL1,73.59,3,Tama,2022/4/1,2023/3/31
1038,なごやかレジデンス多摩,,事務所,CL4,01_Office,CL4,1081.94,3,Tama,2022/4/1,2023/3/31
1039,（株）堤工業,,事務所,CL2,01_Office,CL2,226.34,3,Tama,2022/4/1,2023/3/31
1040,記載なし,,飲食施設,レストラン(都市),06_Restaurant,UrbanRestaurant,300.2,3,Tama,2022/4/1,2023/3/31
1041,伸交通信,,事務所,CL1,01_Office,CL1,55.44,3,Tama,2022/4/1,2023/3/31
1042,桜ヶ丘カントリークラブコース管理棟,,事務所,CL2,01_Office,CL2,438.38,3,Tama,2022/4/1,2023/3/31
1043,桜ケ丘カントリークラブ,,事務所,CL6b,01_Office,CL6b,6727.72,3,Tama,2022/4/1,2023/3/31
1044,さくらが丘訪問看護ステーション,,事務所,CL5,01_Office,CL5,2329.62,3,Tama,2022/4/1,2023/3/31
1045,デイ・ケアセンター,,医療施設,CL3,03_Hospital,CL3,515.3,3,Tama,2022/4/1,2023/3/31
1046,桜ケ丘延寿ホーム,,事務所,CL6b,01_Office,CL6b,7041.48,3,Tama,2022/4/1,2023/3/31
1047,さくらが丘訪問看護ステーション,,事務所,CL6b,01_Office,CL6b,6915.2,3,Tama,2022/4/1,2023/3/31
1048,カーサさくらが丘,,事務所,CL6b,01_Office,CL6b,6484.14,3,Tama,2022/4/1,2023/3/31
1049,片山満子バレエスクール,,事務所,CL2,01_Office,CL2,298.8,3,Tama,2022/4/1,2023/3/31
1050,ソフトウェア・サイエンス（株）,,事務所,CL1,01_Office,CL1,77.77,3,Tama,2022/4/1,2023/3/31
1051,美洗館,,商業施設,衣料品・住関連スーパー,04_Retail,HousingClothingSuper,65.94,3,Tama,2022/4/1,2023/3/31
1052,ＦＬＵＴＥＳＣＨＯＯＬ,,事務所,CL1,01_Office,CL1,72.88,3,Tama,2022/4/1,2023/3/31
1053,城所工務店,,事務所,CL2,01_Office,CL2,358.32,3,Tama,2022/4/1,2023/3/31
1054,サンリ薬局みゆき橋店,,商業施設,コンビニエンスドラッグ,04_Retail,ConvenienceDrug,99.74,3,Tama,2022/4/1,2023/3/31
1055,医療法人社団みゆき会みゆきクリニック,,医療施設,CL3,03_Hospital,CL3,746.06,3,Tama,2022/4/1,2023/3/31
1056,（株）フリークス,,事務所,CL1,01_Office,CL1,47.87,3,Tama,2022/4/1,2023/3/31
1057,社会保険労務士音川敏枝,,事務所,CL1,01_Office,CL1,58.29,3,Tama,2022/4/1,2023/3/31
1058,中野ビル,,事務所,CL1,01_Office,CL1,120.04,3,Tama,2022/4/1,2023/3/31
1059,大田屋酒店,,商業施設,衣料品・住関連スーパー,04_Retail,HousingClothingSuper,32.82,3,Tama,2022/4/1,2023/3/31
1060,連光寺中野ビル,,事務所,CL3,01_Office,CL3,755.08,3,Tama,2022/4/1,2023/3/31
1061,ホームメンテナンス・ハヤテック,,事務所,CL1,01_Office,CL1,39.79,3,Tama,2022/4/1,2023/3/31
1062,ｓｏｌｕｔｉｏｎｐａｒｋｔｏｋｙｏ,,事務所,CL1,01_Office,CL1,112.51,3,Tama,2022/4/1,2023/3/31
1063,（株）ねこすけ,,事務所,CL1,01_Office,CL1,42.29,3,Tama,2022/4/1,2023/3/31
1064,（有）折目設備工業,,事務所,CL1,01_Office,CL1,55.95,3,Tama,2022/4/1,2023/3/31
1065,多摩アフリカセンター,,事務所,CL1,01_Office,CL1,54.14,3,Tama,2022/4/1,2023/3/31
1066,鬼ヶ島通信社,,事務所,CL1,01_Office,CL1,81.61,3,Tama,2022/4/1,2023/3/31
1067,タスカルワン本舗,,事務所,CL1,01_Office,CL1,79.94,3,Tama,2022/4/1,2023/3/31
1068,ＣＯＯＬＲＵＮＮＩＮＧ,,事務所,CL1,01_Office,CL1,38.47,3,Tama,2022/4/1,2023/3/31
1069,（株）リフォームダイレクト,,事務所,CL1,01_Office,CL1,47.26,3,Tama,2022/4/1,2023/3/31
1070,（株）緑化サービス関東支店,,事務所,CL1,01_Office,CL1,99.26,3,Tama,2022/4/1,2023/3/31
1071,ティーエス商事,,事務所,CL1,01_Office,CL1,52.24,3,Tama,2022/4/1,2023/3/31
1072,サンリ薬局多摩店,,商業施設,コンビニエンスドラッグ,04_Retail,ConvenienceDrug,183.44,3,Tama,2022/4/1,2023/3/31
1073,学校法人高西寺学園認定こども園多摩みゆき幼稚園,,事務所,CL4,01_Office,CL4,1554.5,3,Tama,2022/4/1,2023/3/31
1074,多摩市消防団第１分団,,事務所,CL1,01_Office,CL1,97.36,3,Tama,2022/4/1,2023/3/31
1075,多摩ケアセンターそよ風,,事務所,CL4,01_Office,CL4,1376.2,3,Tama,2022/4/1,2023/3/31
1076,特定非営利活動法人プレイルームゆづり葉の家,,事務所,CL1,01_Office,CL1,107.34,3,Tama,2022/4/1,2023/3/31
1077,多摩中央病院,,医療施設,CL3,03_Hospital,CL3,734.14,3,Tama,2022/4/1,2023/3/31
1078,狩野塗装,,事務所,CL1,01_Office,CL1,33.31,3,Tama,2022/4/1,2023/3/31
1079,医療法人社団珠光会聖ヶ丘病院,,医療施設,CL6,03_Hospital,CL6,5326.12,3,Tama,2022/4/1,2023/3/31
1080,（株）マルサ電工,,事務所,CL1,01_Office,CL1,59.5,3,Tama,2022/4/1,2023/3/31
1081,多摩中央警察署連光寺駐在所,,事務所,CL1,01_Office,CL1,86.81,3,Tama,2022/4/1,2023/3/31
1082,エイチエム,,事務所,CL1,01_Office,CL1,57.94,3,Tama,2022/4/1,2023/3/31
1083,グループホームすみれの里,,医療施設,CL4,03_Hospital,CL4,1633.92,3,Tama,2022/4/1,2023/3/31
1084,上條技術士森林環境多摩（事）,,事務所,CL1,01_Office,CL1,79.12,3,Tama,2022/4/1,2023/3/31
1085,五十嵐工務店,,事務所,CL1,01_Office,CL1,50.41,3,Tama,2022/4/1,2023/3/31
1086,合同会社清水森川,,事務所,CL1,01_Office,CL1,56.96,3,Tama,2022/4/1,2023/3/31
1087,愛光社キリスト福音センター,,事務所,CL1,01_Office,CL1,61.25,3,Tama,2022/4/1,2023/3/31
1088,コートビレッジ桜ケ丘Ｄ,,事務所,CL1,01_Office,CL1,77.54,3,Tama,2022/4/1,2023/3/31
1089,コートビレッジ桜ケ丘Ｂ,,医療施設,CL2,03_Hospital,CL2,228.2,3,Tama,2022/4/1,2023/3/31
1090,グリニッジゴルフ,,事務所,CL2,01_Office,CL2,239.02,3,Tama,2022/4/1,2023/3/31
1091,（株）弘輝,,事務所,CL1,01_Office,CL1,36.6,3,Tama,2022/4/1,2023/3/31
1092,ダンバークリーニング連光寺店,,事務所,CL1,01_Office,CL1,19.38,3,Tama,2022/4/1,2023/3/31
1093,桜ヶ丘造園（株）,,医療施設,CL1,03_Hospital,CL1,51.62,3,Tama,2022/4/1,2023/3/31
1094,ＤＯＧＴＲＡＩＮＩＮＧＫＵＲＡＭＯＣＨＩ,,事務所,CL1,01_Office,CL1,88.52,3,Tama,2022/4/1,2023/3/31
1095,林写真事務所,,事務所,CL1,01_Office,CL1,41.41,3,Tama,2022/4/1,2023/3/31
1096,（株）ビオハウス,,事務所,CL1,01_Office,CL1,50.63,3,Tama,2022/4/1,2023/3/31
1097,ユニツール（株）,,事務所,CL1,01_Office,CL1,47.45,3,Tama,2022/4/1,2023/3/31
1098,杉田鍼灸治療院,,医療施設,CL1,03_Hospital,CL1,78.82,3,Tama,2022/4/1,2023/3/31
1099,社会福祉法人緑野会みどりの保育園,,事務所,CL4,01_Office,CL4,1350.52,3,Tama,2022/4/1,2023/3/31
1100,市立連光寺児童館,,事務所,CL4,01_Office,CL4,1150.6,3,Tama,2022/4/1,2023/3/31
1101,市立連光寺小学校,,学校施設,小学校,05_School,ElementarySchool,3683.91,3,Tama,2022/4/1,2023/3/31
1102,連光寺災害対策用飲料用貯水槽,,事務所,CL1,01_Office,CL1,51.14,3,Tama,2022/4/1,2023/3/31
1103,（株）ホロニックジャパン,,事務所,CL1,01_Office,CL1,35.82,3,Tama,2022/4/1,2023/3/31
1104,東京都水道局連光寺増圧ポンプ所,,事務所,CL2,01_Office,CL2,299.28,3,Tama,2022/4/1,2023/3/31
1105,日昇リサーチ（株）,,事務所,CL1,01_Office,CL1,107.92,3,Tama,2022/4/1,2023/3/31
1106,アジア貿易（株）,,事務所,CL1,01_Office,CL1,102.45,3,Tama,2022/4/1,2023/3/31
1107,旧多摩聖蹟記念館,,事務所,CL3,01_Office,CL3,922.38,3,Tama,2022/4/1,2023/3/31
1108,（株）大野商会,,商業施設,衣料品・住関連スーパー,04_Retail,HousingClothingSuper,137.38,3,Tama,2022/4/1,2023/3/31
1109,ハギワラ企画,,事務所,CL1,01_Office,CL1,64.62,3,Tama,2022/4/1,2023/3/31
1110,（株）アド・パピエ,,事務所,CL1,01_Office,CL1,53,3,Tama,2022/4/1,2023/3/31
1111,家族の家ひまわり聖蹟桜ケ丘,,医療施設,CL4,03_Hospital,CL4,1825.29,3,Tama,2022/4/1,2023/3/31
1112,東京都桜ケ丘公園管理所,,事務所,CL2,01_Office,CL2,279.5,3,Tama,2022/4/1,2023/3/31
1113,リカー＆フーズハギワラ,,商業施設,専門店・中心店,04_Retail,SpecialityShop,333.18,3,Tama,2022/4/1,2023/3/31
1114,ワールドインポートカーサービス,,事務所,CL1,01_Office,CL1,47.48,3,Tama,2022/4/1,2023/3/31
1115,ハーモニー,,事務所,CL1,01_Office,CL1,33.11,3,Tama,2022/4/1,2023/3/31
1116,多摩市消防団第４分団,,事務所,CL1,01_Office,CL1,86.56,3,Tama,2022/4/1,2023/3/31
1117,おそば増田屋,,飲食施設,レストラン(都市),06_Restaurant,UrbanRestaurant,264.75,3,Tama,2022/4/1,2023/3/31
1118,斉藤工務店,,事務所,CL1,01_Office,CL1,98.01,3,Tama,2022/4/1,2023/3/31
1119,（株）京浜クリーン,,事務所,CL1,01_Office,CL1,65.83,3,Tama,2022/4/1,2023/3/31
1120,ＴＡＹ,,事務所,CL1,01_Office,CL1,87.64,3,Tama,2022/4/1,2023/3/31
1121,ＲＯＯＴＳ,,事務所,CL1,01_Office,CL1,85.77,3,Tama,2022/4/1,2023/3/31
1122,Ｔ＆ＺＰｃｌＪａｐａｎ,,事務所,CL1,01_Office,CL1,44.02,3,Tama,2022/4/1,2023/3/31
1123,国際伝統医学理論研究所,,事務所,CL1,01_Office,CL1,48.75,3,Tama,2022/4/1,2023/3/31
1124,帝京大学小学校,,学校施設,小学校,05_School,ElementarySchool,14562.63,3,Tama,2022/4/1,2023/3/31
1125,（株）四季庭,,事務所,CL1,01_Office,CL1,25.72,3,Tama,2022/4/1,2023/3/31
1126,おふろの王様多摩百草店,,事務所,CL5,01_Office,CL5,3380.82,3,Tama,2022/4/1,2023/3/31
1127,市立三方の森コミュニティ会館,,事務所,CL3,01_Office,CL3,828.76,3,Tama,2022/4/1,2023/3/31
1128,相生防災（株）,,事務所,CL1,01_Office,CL1,59.21,3,Tama,2022/4/1,2023/3/31
1129,（有）植正,,事務所,CL1,01_Office,CL1,68.75,3,Tama,2022/4/1,2023/3/31
1130,タマ・エコサービス（有）,,事務所,CL1,01_Office,CL1,46.09,3,Tama,2022/4/1,2023/3/31
1131,学校法人有馬学園緑ケ丘幼稚園,,事務所,CL4,01_Office,CL4,1221.22,3,Tama,2022/4/1,2023/3/31
1132,（有）伊藤瓦店,,事務所,CL1,01_Office,CL1,130.45,3,Tama,2022/4/1,2023/3/31
1133,マル貴及川工務店,,事務所,CL1,01_Office,CL1,45.18,3,Tama,2022/4/1,2023/3/31
1134,ＡＴＥＬＩＥＲーＵ,,事務所,CL1,01_Office,CL1,51.35,3,Tama,2022/4/1,2023/3/31
1135,三興庭園,,事務所,CL1,01_Office,CL1,43.78,3,Tama,2022/4/1,2023/3/31
1136,大陽日酸（株）ＳＩイノベーションセンター,,事務所,CL5,01_Office,CL5,2793.12,3,Tama,2022/4/1,2023/3/31
1137,（株）永遠ＬＡＮニング,,事務所,CL1,01_Office,CL1,48.01,3,Tama,2022/4/1,2023/3/31
1138,ロクサンオート,,事務所,CL1,01_Office,CL1,92.74,3,Tama,2022/4/1,2023/3/31
1139,ローソン多摩和田店,,商業施設,コンビニエンスストア,04_Retail,ConvenienceStore,266.1,3,Tama,2022/4/1,2023/3/31
1140,花ぐに,,事務所,CL1,01_Office,CL1,94.77,3,Tama,2022/4/1,2023/3/31
1141,有山工業,,事務所,CL1,01_Office,CL1,118.7,3,Tama,2022/4/1,2023/3/31
1142,居酒屋白水,,飲食施設,居酒屋・バー(都市),06_Restaurant,UrbanBar,121.6,3,Tama,2022/4/1,2023/3/31
1143,（有）沖野自動車販売,,事務所,CL1,01_Office,CL1,47.92,3,Tama,2022/4/1,2023/3/31
1144,市立和田中学校,,学校施設,中学校,05_School,JuniorHighSchool,11007.88,3,Tama,2022/4/1,2023/3/31
1145,（株）アドバンスコーポレーション,,事務所,CL1,01_Office,CL1,86.95,3,Tama,2022/4/1,2023/3/31
1146,アトリエゴルジュ・ギャラリーゴルジュ,,商業施設,衣料品・住関連スーパー,04_Retail,HousingClothingSuper,134.18,3,Tama,2022/4/1,2023/3/31
1147,グループホームニチイのほほえみ,,医療施設,CL3,03_Hospital,CL3,782.85,3,Tama,2022/4/1,2023/3/31
1148,（株）興峰,,事務所,CL2,01_Office,CL2,215.4,3,Tama,2022/4/1,2023/3/31
1149,（有）高橋プランニング,,事務所,CL1,01_Office,CL1,141.69,3,Tama,2022/4/1,2023/3/31
1150,（有）エムズ・ファクトリー,,商業施設,衣料品・住関連スーパー,04_Retail,HousingClothingSuper,391.64,3,Tama,2022/4/1,2023/3/31
1151,（有）石阪畳店,,事務所,CL2,01_Office,CL2,202.61,3,Tama,2022/4/1,2023/3/31
1152,甲田重機,,事務所,CL1,01_Office,CL1,51,3,Tama,2022/4/1,2023/3/31
1153,百笑ひなた,,医療施設,CL2,03_Hospital,CL2,338.5,3,Tama,2022/4/1,2023/3/31
1154,（有）ウィッシングキャップ,,事務所,CL1,01_Office,CL1,45.24,3,Tama,2022/4/1,2023/3/31
1155,（株）柚木石材工業所,,事務所,CL1,01_Office,CL1,71.92,3,Tama,2022/4/1,2023/3/31
1156,合同会社私の心地よさ,,事務所,CL1,01_Office,CL1,49.53,3,Tama,2022/4/1,2023/3/31
1157,市立和田・東寺方コミュニティセンター,,事務所,CL4,01_Office,CL4,1067.58,3,Tama,2022/4/1,2023/3/31
1158,アルファ引越センター,,商業施設,衣料品・住関連スーパー,04_Retail,HousingClothingSuper,834.24,3,Tama,2022/4/1,2023/3/31
1159,八欧エレクトロニクス（株）,,事務所,CL2,01_Office,CL2,255.74,3,Tama,2022/4/1,2023/3/31
1160,ゴルフガレージ多摩店,,商業施設,衣料品・住関連スーパー,04_Retail,HousingClothingSuper,361.22,3,Tama,2022/4/1,2023/3/31
1161,多摩市和光園ケア・センター,,事務所,CL6b,01_Office,CL6b,6917.58,3,Tama,2022/4/1,2023/3/31
1162,社会福祉法人大和会やまと保育園,,事務所,CL4,01_Office,CL4,1052.78,3,Tama,2022/4/1,2023/3/31
1163,和田歯科医院,,医療施設,CL2,03_Hospital,CL2,274.16,3,Tama,2022/4/1,2023/3/31
1164,ウチダビル,,事務所,CL4,01_Office,CL4,1070.19,3,Tama,2022/4/1,2023/3/31
1165,八木税務会計事務所,,事務所,CL1,01_Office,CL1,26.26,3,Tama,2022/4/1,2023/3/31
1166,ガスト多摩中和田店,,飲食施設,レストラン(都市),06_Restaurant,UrbanRestaurant,614.84,3,Tama,2022/4/1,2023/3/31
1167,クオリティハウスＡ,,事務所,CL1,01_Office,CL1,96.83,3,Tama,2022/4/1,2023/3/31
1168,らあめん花月多摩野猿街道店,,飲食施設,レストラン(都市),06_Restaurant,UrbanRestaurant,188.12,3,Tama,2022/4/1,2023/3/31
1169,永光インテリア,,事務所,CL1,01_Office,CL1,67.03,3,Tama,2022/4/1,2023/3/31
1170,ＪＢＰＥＲＲＥＴ,,事務所,CL1,01_Office,CL1,125.02,3,Tama,2022/4/1,2023/3/31
1171,（株）ミツウロコヴェッセル多摩店,,商業施設,衣料品・住関連スーパー,04_Retail,HousingClothingSuper,266.24,3,Tama,2022/4/1,2023/3/31
1172,Ｍ’ｓＣｏｍｐａｎｙ,,事務所,CL1,01_Office,CL1,82.57,3,Tama,2022/4/1,2023/3/31
1173,林海庵,,事務所,CL1,01_Office,CL1,116.52,3,Tama,2022/4/1,2023/3/31
1174,カーコンビニ倶楽部Ｓ―ＦＬＡＴ,,商業施設,衣料品・住関連スーパー,04_Retail,HousingClothingSuper,324.48,3,Tama,2022/4/1,2023/3/31
1175,ユースペース多摩中和田店,,商業施設,衣料品・住関連スーパー,04_Retail,HousingClothingSuper,197.78,3,Tama,2022/4/1,2023/3/31
1176,ＪＯＹＴＲＡＤＥ,,事務所,CL1,01_Office,CL1,40.76,3,Tama,2022/4/1,2023/3/31
1177,（株）デルタドライブ,,事務所,CL1,01_Office,CL1,37.51,3,Tama,2022/4/1,2023/3/31
1178,ベルメゾン多摩Ａ,,事務所,CL2,01_Office,CL2,215.9,3,Tama,2022/4/1,2023/3/31
1179,ベルメゾン多摩Ｂ,,事務所,CL2,01_Office,CL2,297.53,3,Tama,2022/4/1,2023/3/31
1180,オフハウス多摩和田店,,商業施設,衣料品・住関連スーパー,04_Retail,HousingClothingSuper,1538.4,3,Tama,2022/4/1,2023/3/31
1181,（株）ガレージ殿田,,事務所,CL1,01_Office,CL1,57.11,3,Tama,2022/4/1,2023/3/31
1182,キッチンぴっこら,,事務所,CL1,01_Office,CL1,45.78,3,Tama,2022/4/1,2023/3/31
1183,グレースハウス,,事務所,CL1,01_Office,CL1,104.09,3,Tama,2022/4/1,2023/3/31
1184,ハピネス吉祥,,商業施設,衣料品・住関連スーパー,04_Retail,HousingClothingSuper,272.87,3,Tama,2022/4/1,2023/3/31
1185,特別養護老人ホーム愛生苑,,事務所,CL6b,01_Office,CL6b,7715.8,3,Tama,2022/4/1,2023/3/31
1186,モレウ工房,,事務所,CL1,01_Office,CL1,40.12,3,Tama,2022/4/1,2023/3/31
1187,ジャパニーズアメリカンフレンドシップアソシエーショ,,事務所,CL1,01_Office,CL1,122.94,3,Tama,2022/4/1,2023/3/31
1188,京燈巧設備工業,,事務所,CL1,01_Office,CL1,44.48,3,Tama,2022/4/1,2023/3/31
1189,クリーニングながさきや和田店,,事務所,CL1,01_Office,CL1,89.45,3,Tama,2022/4/1,2023/3/31
1190,とうふ北海屋,,商業施設,専門店・中心店,04_Retail,SpecialityShop,179.6,3,Tama,2022/4/1,2023/3/31
1191,インテリアイッシン,,事務所,CL1,01_Office,CL1,43.8,3,Tama,2022/4/1,2023/3/31
1192,合同会社カスタムスペース,,事務所,CL1,01_Office,CL1,52.75,3,Tama,2022/4/1,2023/3/31
1193,多摩市消防団第五分団,,事務所,CL1,01_Office,CL1,62,3,Tama,2022/4/1,2023/3/31
1194,（有）美さか商事,,事務所,CL1,01_Office,CL1,49.14,3,Tama,2022/4/1,2023/3/31
1195,平川設備,,事務所,CL1,01_Office,CL1,49.33,3,Tama,2022/4/1,2023/3/31
1196,市立多摩保育園,,事務所,CL4,01_Office,CL4,1514.72,3,Tama,2022/4/1,2023/3/31
1197,（株）金子園,,商業施設,専門店・中心店,04_Retail,SpecialityShop,1565.84,3,Tama,2022/4/1,2023/3/31
1198,（有）大台園,,事務所,CL1,01_Office,CL1,51.21,3,Tama,2022/4/1,2023/3/31
1199,エルフィットみなみ,,事務所,CL1,01_Office,CL1,44.78,3,Tama,2022/4/1,2023/3/31
1200,市立多摩第二小学校,,学校施設,小学校,05_School,ElementarySchool,14172.88,3,Tama,2022/4/1,2023/3/31
1201,ホームメンテナンスツクダ,,事務所,CL1,01_Office,CL1,44.96,3,Tama,2022/4/1,2023/3/31
1202,記載なし,,事務所,CL3,01_Office,CL3,634.9,3,Tama,2022/4/1,2023/3/31
1203,タカハシ設備,,事務所,CL1,01_Office,CL1,45.97,3,Tama,2022/4/1,2023/3/31
1204,（有）本間建築,,事務所,CL1,01_Office,CL1,61.01,3,Tama,2022/4/1,2023/3/31
1205,アイリハビリデイサービス,,事務所,CL2,01_Office,CL2,282.55,3,Tama,2022/4/1,2023/3/31
1206,（有）リフレサービス,,事務所,CL1,01_Office,CL1,42.95,3,Tama,2022/4/1,2023/3/31
1207,（有）ネオパック,,商業施設,衣料品・住関連スーパー,04_Retail,HousingClothingSuper,488.12,3,Tama,2022/4/1,2023/3/31
1208,日吉税務会計（事）,,事務所,CL1,01_Office,CL1,72.36,3,Tama,2022/4/1,2023/3/31
1209,学研和田さくら教室,,事務所,CL1,01_Office,CL1,42.54,3,Tama,2022/4/1,2023/3/31
1210,（株）バイクスターズ,,商業施設,衣料品・住関連スーパー,04_Retail,HousingClothingSuper,49.76,3,Tama,2022/4/1,2023/3/31
1211,オートガススタンド,,事務所,CL1,01_Office,CL1,167.6,3,Tama,2022/4/1,2023/3/31
1212,社会福祉法人巨玉会桜ヶ丘第一保育園,,事務所,CL4,01_Office,CL4,1068.74,3,Tama,2022/4/1,2023/3/31
1213,（有）岡山興業,,事務所,CL1,01_Office,CL1,52.65,3,Tama,2022/4/1,2023/3/31
1214,（株）多摩ホーム設計,,事務所,CL2,01_Office,CL2,276.64,3,Tama,2022/4/1,2023/3/31
1215,ＧＴＤゴルフ,,商業施設,衣料品・住関連スーパー,04_Retail,HousingClothingSuper,213.14,3,Tama,2022/4/1,2023/3/31
1216,ハンナ,,商業施設,専門店・中心店,04_Retail,SpecialityShop,96.52,3,Tama,2022/4/1,2023/3/31
1217,学校法人愛泉会,,事務所,CL3,01_Office,CL3,518,3,Tama,2022/4/1,2023/3/31
1218,ＮＰＯ法人障害者自立支援センター多摩,,事務所,CL2,01_Office,CL2,213.5,3,Tama,2022/4/1,2023/3/31
1219,京王建設多摩営業所,,事務所,CL4,01_Office,CL4,1467.6,3,Tama,2022/4/1,2023/3/31
1220,（有）タマワークス,,事務所,CL1,01_Office,CL1,43.15,3,Tama,2022/4/1,2023/3/31
1221,桜栄設計事務所,,事務所,CL1,01_Office,CL1,88.57,3,Tama,2022/4/1,2023/3/31
1222,社会福祉法人啓光福祉会啓光学園,,事務所,CL5,01_Office,CL5,2275.59,3,Tama,2022/4/1,2023/3/31
1223,啓光ホームいずみ,,医療施設,CL1,03_Hospital,CL1,193.56,3,Tama,2022/4/1,2023/3/31
1224,明治牛乳宝蔵橋販売所,,事務所,CL1,01_Office,CL1,97.11,3,Tama,2022/4/1,2023/3/31
1225,ＳＴＯＩＮＣ,,事務所,CL1,01_Office,CL1,68.42,3,Tama,2022/4/1,2023/3/31
1226,セブンイレブン多摩和田店,,商業施設,コンビニエンスストア,04_Retail,ConvenienceStore,376.66,3,Tama,2022/4/1,2023/3/31
1227,（株）小林工業,,事務所,CL1,01_Office,CL1,71.05,3,Tama,2022/4/1,2023/3/31
1228,田邊ビル,,事務所,CL2,01_Office,CL2,299.23,3,Tama,2022/4/1,2023/3/31
1229,多摩和田郵便局,,事務所,CL2,01_Office,CL2,338.44,3,Tama,2022/4/1,2023/3/31
1230,はやし歯科,,事務所,CL1,01_Office,CL1,157.48,3,Tama,2022/4/1,2023/3/31
1231,セブンイレブン多摩和田３丁目店,,商業施設,コンビニエンスストア,04_Retail,ConvenienceStore,227.18,3,Tama,2022/4/1,2023/3/31
1232,関谷クリニック,,医療施設,CL2,03_Hospital,CL2,226.54,3,Tama,2022/4/1,2023/3/31
1233,和田集会所,,事務所,CL2,01_Office,CL2,373.98,3,Tama,2022/4/1,2023/3/31
1234,（株）ＡＴＧビル,,事務所,CL2,01_Office,CL2,307.64,3,Tama,2022/4/1,2023/3/31
1235,ミームズ一級建築士事務所,,事務所,CL1,01_Office,CL1,92.16,3,Tama,2022/4/1,2023/3/31
1236,ボンセジュール永山,,医療施設,CL4,03_Hospital,CL4,1583.7,3,Tama,2022/4/1,2023/3/31
1237,シティーハイム諏訪,,事務所,CL1,01_Office,CL1,77.73,3,Tama,2022/4/1,2023/3/31
1238,まどか永山,,医療施設,CL5,03_Hospital,CL5,2412.09,3,Tama,2022/4/1,2023/3/31
1239,やきとり十一屋,,事務所,CL1,01_Office,CL1,110.34,3,Tama,2022/4/1,2023/3/31
1240,多摩技術センタービル,,事務所,CL1,01_Office,CL1,145.83,3,Tama,2022/4/1,2023/3/31
1241,ちぇりーコーポ２,,事務所,CL1,01_Office,CL1,177.8,3,Tama,2022/4/1,2023/3/31
1242,Ｓ．Ｋ．Ｓ信興サービス,,事務所,CL1,01_Office,CL1,51.95,3,Tama,2022/4/1,2023/3/31
1243,カナディアンコーヒーショップ,,飲食施設,カフェ・喫茶(都市),06_Restaurant,UrbanCafe,120.7,3,Tama,2022/4/1,2023/3/31
1244,永山動物病院,,医療施設,CL2,03_Hospital,CL2,320.34,3,Tama,2022/4/1,2023/3/31
1245,レスト９６,,事務所,CL2,01_Office,CL2,233.78,3,Tama,2022/4/1,2023/3/31
1246,中須ビル,,商業施設,衣料品・住関連スーパー,04_Retail,HousingClothingSuper,347.85,3,Tama,2022/4/1,2023/3/31
1247,増田ビル,,商業施設,衣料品・住関連スーパー,04_Retail,HousingClothingSuper,240.22,3,Tama,2022/4/1,2023/3/31
1248,（有）システック・シマ,,事務所,CL1,01_Office,CL1,120.14,3,Tama,2022/4/1,2023/3/31
1249,オナガ歯科,,事務所,CL1,01_Office,CL1,83.35,3,Tama,2022/4/1,2023/3/31
1250,（有）モカジャバ多摩焙煎アトリエ店,,事務所,CL1,01_Office,CL1,136.14,3,Tama,2022/4/1,2023/3/31
1251,（株）三和式典多摩営業所,,商業施設,衣料品・住関連スーパー,04_Retail,HousingClothingSuper,511.86,3,Tama,2022/4/1,2023/3/31
1252,（株）ＦｏｒＧｏｏｄ,,事務所,CL1,01_Office,CL1,98.84,3,Tama,2022/4/1,2023/3/31
1253,多摩市消防団第３分団,,事務所,CL1,01_Office,CL1,51.72,3,Tama,2022/4/1,2023/3/31
1254,山中康廣建築設計事務所,,事務所,CL1,01_Office,CL1,143.67,3,Tama,2022/4/1,2023/3/31
1255,おさむ接骨院,,医療施設,CL1,03_Hospital,CL1,82.46,3,Tama,2022/4/1,2023/3/31
1256,寿アセットマネジメント（株）,,事務所,CL1,01_Office,CL1,87.98,3,Tama,2022/4/1,2023/3/31
1257,学研教室馬引沢教室,,事務所,CL1,01_Office,CL1,149.11,3,Tama,2022/4/1,2023/3/31
1258,福〇うち,,事務所,CL1,01_Office,CL1,80.52,3,Tama,2022/4/1,2023/3/31
1259,クリエイトエス・ディー多摩馬引沢店,,商業施設,衣料品・住関連スーパー,04_Retail,HousingClothingSuper,2318.66,3,Tama,2022/4/1,2023/3/31
1260,唐木田駅前郵便局,,事務所,CL2,01_Office,CL2,226.06,3,Tama,2022/4/1,2023/3/31
1261,アーキスビル,,事務所,CL2,01_Office,CL2,307.2,3,Tama,2022/4/1,2023/3/31
1262,多摩中央警察署唐木田駅前駐在所,,事務所,CL1,01_Office,CL1,126.46,3,Tama,2022/4/1,2023/3/31
1263,ｗｉｌｌ唐木田,,事務所,CL3,01_Office,CL3,646.9,3,Tama,2022/4/1,2023/3/31
1264,キャンドゥケーヨーデイツー唐木田店,,事務所,CL8c,01_Office,CL8c,22459.48,3,Tama,2022/4/1,2023/3/31
1265,小田急電鉄（株）唐木田車庫,,事務所,CL4,01_Office,CL4,1861.4,3,Tama,2022/4/1,2023/3/31
1266,社会福祉法人至愛協会りすのき保育園,,事務所,CL3,01_Office,CL3,704.4,3,Tama,2022/4/1,2023/3/31
1267,ぶどうの木キリスト教会,,事務所,CL3,01_Office,CL3,642.44,3,Tama,2022/4/1,2023/3/31
1268,スウィッチ,,事務所,CL1,01_Office,CL1,42.76,3,Tama,2022/4/1,2023/3/31
1269,東日本三菱自動車販売（株）多摩ニュータウン店,,商業施設,衣料品・住関連スーパー,04_Retail,HousingClothingSuper,2672.62,3,Tama,2022/4/1,2023/3/31
1270,ファミリーマート多摩唐木田店,,商業施設,コンビニエンスストア,04_Retail,ConvenienceStore,363.56,3,Tama,2022/4/1,2023/3/31
1271,丸亀製麺多摩店,,飲食施設,中華料理店,06_Restaurant,UrbanChineseRestaurant,451.78,3,Tama,2022/4/1,2023/3/31
1272,カワチ多摩ニュータウン店,,事務所,CL6b,01_Office,CL6b,6342.4,3,Tama,2022/4/1,2023/3/31
1273,古沢自動車,,事務所,CL2,01_Office,CL2,332.68,3,Tama,2022/4/1,2023/3/31
1274,（株）ワイプラン,,事務所,CL1,01_Office,CL1,96.61,3,Tama,2022/4/1,2023/3/31
1275,松橋技術士事務所,,事務所,CL1,01_Office,CL1,88.61,3,Tama,2022/4/1,2023/3/31
1276,税理士・社会保険労務士佐々木事務所,,事務所,CL1,01_Office,CL1,110.2,3,Tama,2022/4/1,2023/3/31
1277,ペットアート,,事務所,CL1,01_Office,CL1,77.62,3,Tama,2022/4/1,2023/3/31
1278,（有）いずみ構造設計,,事務所,CL1,01_Office,CL1,85.28,3,Tama,2022/4/1,2023/3/31
1279,ｄｓｔｙｌｉｎｇｃｌｉｃｋ,,事務所,CL1,01_Office,CL1,105.49,3,Tama,2022/4/1,2023/3/31
1280,高村サービス,,事務所,CL1,01_Office,CL1,165.58,3,Tama,2022/4/1,2023/3/31
1281,ＩＣＨＩ,,事務所,CL1,01_Office,CL1,113.38,3,Tama,2022/4/1,2023/3/31
1282,開成（株）,,事務所,CL1,01_Office,CL1,65.34,3,Tama,2022/4/1,2023/3/31
1283,イリス唐木田,,商業施設,衣料品・住関連スーパー,04_Retail,HousingClothingSuper,202.37,3,Tama,2022/4/1,2023/3/31
1284,唐木田センタービル,,商業施設,衣料品・住関連スーパー,04_Retail,HousingClothingSuper,4208.49,3,Tama,2022/4/1,2023/3/31
1285,多摩清掃工場,,事務所,CL8c,01_Office,CL8c,35024.28,3,Tama,2022/4/1,2023/3/31
1286,東急ドライビングスクール,,事務所,CL6b,01_Office,CL6b,5014.44,3,Tama,2022/4/1,2023/3/31
1287,きらぼし銀行多摩研修センター,,事務所,CL5,01_Office,CL5,4898.67,3,Tama,2022/4/1,2023/3/31
1288,ローソン多摩山王下一丁目店,,商業施設,コンビニエンスストア,04_Retail,ConvenienceStore,316.36,3,Tama,2022/4/1,2023/3/31
1289,（株）山王建興,,事務所,CL1,01_Office,CL1,154.86,3,Tama,2022/4/1,2023/3/31
1290,福満ビル,,事務所,CL4,01_Office,CL4,1276.87,3,Tama,2022/4/1,2023/3/31
1291,加瀬ビル１６３,,事務所,CL3,01_Office,CL3,799.05,3,Tama,2022/4/1,2023/3/31
1292,学研かのこセンタービル,,事務所,CL1,01_Office,CL1,199.71,3,Tama,2022/4/1,2023/3/31
1293,ＴＹビルディング,,事務所,CL2,01_Office,CL2,328.32,3,Tama,2022/4/1,2023/3/31
1294,セブンイレブン多摩山王下１丁目店,,商業施設,コンビニエンスストア,04_Retail,ConvenienceStore,430.32,3,Tama,2022/4/1,2023/3/31
1295,東京都水道局多摩給水管理事務所,,事務所,CL5,01_Office,CL5,4149.92,3,Tama,2022/4/1,2023/3/31
1296,社会福祉法人楽友会,,医療施設,CL8,03_Hospital,CL8,20485.92,3,Tama,2022/4/1,2023/3/31
1297,グリーンワイズ,,商業施設,衣料品・住関連スーパー,04_Retail,HousingClothingSuper,4998.1,3,Tama,2022/4/1,2023/3/31
1298,ＴＡＫＥＨＯＵＳＥ,,事務所,CL1,01_Office,CL1,43.26,3,Tama,2022/4/1,2023/3/31
1299,ＭＡＸクリーニング中沢店,,事務所,CL1,01_Office,CL1,75.66,3,Tama,2022/4/1,2023/3/31
1300,（株）アライモータース多摩（営）,,商業施設,衣料品・住関連スーパー,04_Retail,HousingClothingSuper,249.7,3,Tama,2022/4/1,2023/3/31
1301,プレステージ・１,,事務所,CL1,01_Office,CL1,64.84,3,Tama,2022/4/1,2023/3/31
1302,成光工務店,,事務所,CL1,01_Office,CL1,68.37,3,Tama,2022/4/1,2023/3/31
1303,一般社団法人国連平和の鐘を守る会,,事務所,CL1,01_Office,CL1,51.81,3,Tama,2022/4/1,2023/3/31
1304,社会医療法人河北医療財団あい介護老人保健施設,,医療施設,CL6,03_Hospital,CL6,8266.92,3,Tama,2022/4/1,2023/3/31
1305,社会福祉法人日本心身障害児協会島田療育センター,,医療施設,CL7,03_Hospital,CL7,19694.16,3,Tama,2022/4/1,2023/3/31
1306,府中カントリークラブ,,娯楽施設,フィットネス,09_Amusement,Fitness,7342.06,3,Tama,2022/4/1,2023/3/31
1307,地方独立行政法人東京都立病院機構東京都立多摩南部地,,医療施設,CL8,03_Hospital,CL8,49567.08,3,Tama,2022/4/1,2023/3/31
1308,都立多摩総合精神保健福祉センター,,医療施設,CL6,03_Hospital,CL6,6158.79,3,Tama,2022/4/1,2023/3/31
1309,（有）環境造形東京,,事務所,CL1,01_Office,CL1,26.32,3,Tama,2022/4/1,2023/3/31
1310,一般社団法人南多摩薬剤師会,,事務所,CL3,01_Office,CL3,632.7,3,Tama,2022/4/1,2023/3/31
1311,社会医療法人河北医療財団天本病院,,医療施設,CL7,03_Hospital,CL7,12987.24,3,Tama,2022/4/1,2023/3/31
1312,あい訪問看護ステーション,,事務所,CL7b,01_Office,CL7b,14108.93,3,Tama,2022/4/1,2023/3/31
1313,フジケン企画,,事務所,CL1,01_Office,CL1,96.79,3,Tama,2022/4/1,2023/3/31
1314,（株）コージーワークス,,事務所,CL1,01_Office,CL1,52.78,3,Tama,2022/4/1,2023/3/31
1315,グリムスクール中沢２丁目教室,,事務所,CL1,01_Office,CL1,68.19,3,Tama,2022/4/1,2023/3/31
1316,唐木田音楽教室,,事務所,CL1,01_Office,CL1,101.78,3,Tama,2022/4/1,2023/3/31
1317,コンフォートヒル,,商業施設,衣料品・住関連スーパー,04_Retail,HousingClothingSuper,119.67,3,Tama,2022/4/1,2023/3/31
