"","Area","Building","Cluster","Zoning","Plant","HVAC","TFA","HEX","VWV","NaturalVentilation","CO2control","Insulation","Lighting","HSCOP","NoBuilding","Schedule_Sampling","RegionBuilding"
"1","Tokyo","Retail","HousingClothingSuper","ZoneC","AHP","CAV","  265.34","1","0","1","0","2","2","2","28407","258","1"
"2","Tokyo","Retail","HousingClothingSuper","ZoneC","AHP+TESICE","CAV","  289.46","1","0","0","0","2","2","3","30201","168","2"
"3","Tokyo","Office","CL5","ZoneC","EHP","MUL"," 4170.94","1","0","0","0","1","1","3","315","346","3"
"4","Tokyo","Office","CL1","ZoneC","EHP","MUL","  117.84","1","0","0","0","1","2","2","8475","393","4"
"5","Tokyo","Retail","HousingClothingSuper","ZoneC","AHP","CAV","  523.74","1","0","0","0","1","2","3","30169","110","5"
"6","Tokyo","Retail","SpecialityShop","ZoneC","EHP","MUL"," 1506.52","1","0","0","0","1","2","3","30429","346","6"
"7","Tokyo","Restaurant","UrbanRestaurant","ZoneC","EHP","MUL","  123.00","0","0","0","0","1","2","2","563","0","7"
"8","Tokyo","Office","CL2","ZoneC","EHP","MUL","  222.71","1","0","0","0","1","2","3","1254","229","8"
"9","Tokyo","Office","CL1","ZoneC","EHP","MUL","  175.23","1","0","0","0","1","1","2","2801","336","9"
"10","Tokyo","Retail","HousingClothingSuper","ZoneC","GHP","MUL","  523.06","0","0","0","0","2","2","2","28381","155","10"
"11","Tokyo","Office","CL1","ZoneC","EHP","MUL","  104.71","1","0","0","0","1","2","2","8475","393","11"
"12","Tokyo","Office","CL1","ZoneC","EHP","MUL","   79.24","1","0","0","0","1","2","3","11293","195","12"
"13","Tokyo","Office","CL4","ZoneC","AHP","OHUFCU"," 1084.74","0","0","0","0","1","2","3","11358","93","13"
"14","Tokyo","School","ElementarySchool","ZoneC","EHP","MUL"," 3138.63","1","0","0","0","2","2","2","32902","314","14"
"15","Tokyo","Office","CL1","ZoneC","GHP","MUL","  153.16","1","0","0","0","1","1","3","5672","284","15"
"16","Tokyo","Retail","HousingClothingSuper","ZoneC","AHP","CAV"," 4255.78","0","0","0","0","1","1","3","26636","119","16"
"17","Tokyo","Restaurant","UrbanRestaurant","ZoneC","EHP","MUL","  101.72","1","0","0","0","1","2","3","1264","0","17"
"18","Tokyo","Office","CL1","ZoneC","EHP","MUL","   99.82","1","0","0","0","2","2","3","11294","104","18"
"19","Tokyo","Office","CL2","ZoneC","EHP","MUL","  257.98","1","0","0","0","1","2","3","1251","9","19"
"20","Tokyo","Office","CL1","ZoneC","GHP","MUL","   74.50","1","0","0","0","1","1","3","5672","284","20"
"21","Tokyo","Office","CL5","ZoneC","GHP","MUL"," 2974.00","1","0","1","0","1","1","3","5752","378","21"
"22","Tokyo","Office","CL1","ZoneC","EHP","MUL","  104.90","1","0","0","0","1","1","3","5670","247","22"
"23","Tokyo","Hospital","CL6","ZoneC","AHP","OHUFCU"," 8794.41","0","0","0","0","2","2","3","23327","368","23"
"24","Tokyo","Office","CL1","ZoneC","EHP","MUL","   28.26","1","0","0","0","2","2","3","11294","104","24"
"25","Tokyo","Restaurant","UrbanRestaurant","ZoneC","EHP","MUL","  165.94","1","0","0","0","1","2","3","1264","0","25"
"26","Tokyo","Office","CL2","ZoneC","EHP","MUL","  483.85","1","0","0","0","2","1","3","227","126","26"
"27","Tokyo","Hospital","CL2","ZoneC","EHP","MUL","  403.72","1","0","0","0","1","2","2","21647","30","27"
"28","Tokyo","Retail","SpecialityShop","ZoneC","GHP","MUL","  281.90","0","0","0","0","1","1","2","25136","49","28"
"29","Tokyo","Retail","SpecialityShop","ZoneC","EHP","MUL","  213.88","0","0","0","0","2","1","3","26899","37","29"
"30","Tokyo","Retail","HousingClothingSuper","ZoneC","AHP","OHUFCU","  149.46","0","0","0","0","2","2","3","30188","184","30"
"31","Tokyo","Office","CL2","ZoneC","EHP","MUL","  232.88","0","0","0","0","1","1","3","203","199","31"
"32","Tokyo","Office","CL4","ZoneC","EHP","MUL"," 1021.54","1","0","1","0","2","1","3","5710","124","32"
"33","Tokyo","Retail","SpecialityShop","ZoneC","EHP","MUL","   58.50","0","0","0","0","1","2","3","30428","141","33"
"34","Tokyo","Retail","SpecialityShop","ZoneC","EHP","MUL","  209.28","1","0","0","0","1","2","3","30429","346","34"
"35","Tokyo","Retail","ConvenienceDrug","ZoneC","GHP","MUL","  513.08","1","0","0","0","1","1","3","26545","84","35"
"36","Tokyo","Retail","HousingClothingSuper","ZoneC","AHP","CAV","  282.92","0","0","0","0","2","2","3","30171","104","36"
"37","Tokyo","Office","CL1","ZoneC","GHP","MUL","   72.40","1","0","0","0","1","2","3","11295","297","37"
"38","Tokyo","Retail","HousingClothingSuper","ZoneC","EHP","MUL"," 1344.08","1","0","0","0","1","2","3","30137","225","38"
"39","Tokyo","Retail","HousingClothingSuper","ZoneC","EHP","MUL","  425.98","0","0","0","0","2","2","3","30140","127","39"
"40","Tokyo","Hospital","CL6","ZoneC","EHP","MUL"," 6071.97","1","0","1","0","2","2","3","23285","272","40"
"41","Tokyo","Office","CL1","ZoneC","EHP","MUL","   69.25","1","0","0","0","2","2","3","11294","104","41"
"42","Tokyo","Retail","ConvenienceStore","ZoneC","EHP","MUL","  256.14","1","0","0","0","1","2","2","28316","249","42"
"43","Tokyo","Restaurant","UrbanRestaurant","ZoneC","EHP","MUL","  121.32","1","0","0","0","1","2","3","1264","0","43"
"44","Tokyo","Office","CL2","ZoneC","EHP","MUL","  227.24","0","0","0","0","2","1","3","219","91","44"
"45","Tokyo","Office","CL1","ZoneC","EHP","MUL","  145.63","1","0","0","0","1","1","3","5670","247","45"
"46","Tokyo","Retail","HousingClothingSuper","ZoneC","EHP","MUL","  296.04","0","0","0","0","2","2","2","28374","119","46"
"47","Tokyo","Office","CL1","ZoneC","EHP","MUL","   68.56","1","0","0","0","2","1","2","2802","207","47"
"48","Tokyo","Hospital","CL4","ZoneC","AHP","CAV"," 1163.02","1","0","0","0","1","2","3","23239","312","48"
"49","Tokyo","Hospital","CL1","ZoneC","EHP","MUL","  193.56","0","0","0","0","2","2","3","23206","378","49"
"50","Tokyo","Office","CL1","ZoneC","EHP","MUL","  112.53","1","0","0","0","1","1","2","2801","336","50"
"51","Tokyo","Office","CL1","ZoneC","EHP","MUL","   66.42","1","0","0","0","2","2","2","8476","355","51"
"52","Tokyo","Office","CL3","ZoneC","EHP","MUL","  573.59","1","0","0","0","2","1","3","257","193","52"
"53","Tokyo","Hospital","CL3","ZoneC","EHP","MUL","  641.56","1","0","0","0","2","1","3","20092","260","53"
"54","Tokyo","Office","CL1","ZoneC","EHP","MUL","   68.00","1","0","0","0","2","2","3","11294","104","54"
"55","Tokyo","Retail","HousingClothingSuper","ZoneC","EHP","MUL","  319.48","1","0","0","0","1","2","3","30137","225","55"
"56","Tokyo","Retail","SpecialityShop","ZoneC","EHP","MUL","  133.54","0","0","0","0","2","2","3","30431","319","56"
"57","Tokyo","Retail","HousingClothingSuper","ZoneC","EHP","MUL","  214.91","0","0","0","0","2","2","3","30140","127","57"
"58","Tokyo","Hospital","CL2","ZoneC","EHP","MUL","  232.66","1","0","0","0","1","2","2","21647","30","58"
"59","Tokyo","Retail","ConvenienceStore","ZoneC","EHP","MUL","  324.66","0","0","0","0","2","2","3","30083","279","59"
"60","Tokyo","Retail","HousingClothingSuper","ZoneC","AHP","OHUFCU","  210.96","1","0","1","0","2","2","3","30190","44","60"
"61","Tokyo","Hospital","CL3","ZoneC","EHP","MUL","  968.37","1","0","0","0","1","2","2","21654","292","61"
"62","Tokyo","Office","CL1","ZoneC","EHP","MUL","  137.09","1","0","0","0","1","2","2","8475","393","62"
"63","Tokyo","Office","CL1","ZoneC","EHP","MUL","   94.78","1","0","0","0","2","1","2","2802","207","63"
"64","Tokyo","Office","CL2","ZoneC","EHP","MUL","  381.32","1","0","0","0","1","2","2","790","382","64"
"65","Tokyo","Office","CL1","ZoneC","EHP","MUL","   71.27","1","0","0","0","2","1","2","2802","207","65"
"66","Tokyo","Office","CL2","ZoneC","EHP","MUL","  234.63","1","0","0","0","1","1","2","11","91","66"
"67","Tokyo","Office","CL1","ZoneC","EHP","MUL","  191.08","1","0","0","0","1","1","3","5670","247","67"
"68","Tokyo","Office","CL1","ZoneC","EHP","MUL","  109.23","1","0","0","0","1","2","3","11293","195","68"
"69","Tokyo","Office","CL1","ZoneC","EHP","MUL","  174.02","1","0","0","0","2","2","2","8476","355","69"
"70","Tokyo","Office","CL1","ZoneC","EHP","MUL","  102.70","1","0","0","0","1","2","3","11293","195","70"
"71","Tokyo","Retail","HousingClothingSuper","ZoneC","EHP","MUL","  229.16","1","0","0","0","2","2","3","30141","84","71"
"72","Tokyo","Hospital","CL3","ZoneC","EHP","MUL","  637.78","0","0","0","0","1","2","2","21653","297","72"
"73","Tokyo","Office","CL1","ZoneC","EHP","MUL","  112.20","1","0","0","0","1","1","3","5670","247","73"
"74","Tokyo","Retail","HousingClothingSuper","ZoneC","ABCH","OHUFCU","  101.46","1","0","0","0","1","2","3","30164","107","74"
"75","Tokyo","Retail","HousingClothingSuper","ZoneC","AHP","FCU"," 1301.24","0","0","0","0","2","2","3","30183","5","75"
"76","Tokyo","Office","CL1","ZoneC","EHP","MUL","  104.92","1","0","0","0","2","2","3","11294","104","76"
"77","Tokyo","Office","CL5","ZoneC","EHP","MUL"," 2420.16","1","0","0","0","2","2","3","1525","256","77"
"78","Tokyo","Retail","HousingClothingSuper","ZoneC","GHP","MUL","  308.86","1","0","0","0","2","2","3","30148","349","78"
"79","Tokyo","Office","CL1","ZoneC","EHP","MUL","  146.28","1","0","0","0","2","2","3","11294","104","79"
"80","Tokyo","Office","CL1","ZoneC","EHP","MUL","  188.66","1","0","0","0","2","2","3","11294","104","80"
"81","Tokyo","Office","CL1","ZoneC","EHP","MUL","  191.36","1","0","0","0","2","2","3","11294","104","81"
"82","Tokyo","Office","CL1","ZoneC","EHP","MUL","  195.27","1","0","0","0","2","2","2","8476","355","82"
"83","Tokyo","Retail","HousingClothingSuper","ZoneC","EHP","MUL","  652.62","0","0","0","0","2","2","3","30140","127","83"
"84","Tokyo","Office","CL1","ZoneC","GHP","MUL","  106.24","1","0","0","0","1","2","3","11295","297","84"
"85","Tokyo","Office","CL1","ZoneC","EHP","MUL","  109.98","1","0","0","0","2","2","3","11294","104","85"
"86","Tokyo","Office","CL5","ZoneC","EHP","MUL"," 2058.86","0","0","0","0","1","1","3","313","167","86"
"87","Tokyo","Hospital","CL2","ZoneC","EHP","MUL","  203.60","0","0","0","0","1","1","3","20081","347","87"
"88","Tokyo","Restaurant","UrbanRestaurant","ZoneC","EHP","MUL","  323.30","1","0","0","0","1","2","3","1264","0","88"
"89","Tokyo","Office","CL1","ZoneC","EHP","MUL","  173.98","1","0","0","0","1","2","2","8475","393","89"
"90","Tokyo","Retail","HousingClothingSuper","ZoneC","AHP","VAV","  214.48","1","0","0","0","2","2","2","28413","264","90"
"91","Tokyo","Retail","ConvenienceStore","ZoneC","EHP","MUL","  241.20","0","0","0","0","2","2","3","30083","279","91"
"92","Tokyo","Hotel","CL4","ZoneD","EHP","MUL"," 1534.06","1","0","0","0","1","2","3","2340","249","92"
"93","Tokyo","Office","CL2","ZoneC","EHP","MUL","  224.98","1","0","0","0","1","2","2","783","232","93"
"94","Tokyo","Hospital","CL3","ZoneC","EHP","MUL","  709.76","0","0","0","0","1","1","2","18521","12","94"
"95","Tokyo","Office","CL1","ZoneC","EHP","MUL","  171.56","1","0","0","0","1","2","3","11293","195","95"
"96","Tokyo","Office","CL1","ZoneC","EHP","MUL","  139.31","1","0","0","0","1","1","3","5670","247","96"
"97","Tokyo","Office","CL2","ZoneC","EHP","MUL","  220.11","1","0","0","0","1","1","2","12","263","97"
"98","Tokyo","Office","CL2","ZoneC","EHP","MUL","  246.45","1","0","0","0","1","2","3","1243","2","98"
"99","Tokyo","Office","CL2","ZoneC","EHP","MUL","16831.68","1","0","0","0","1","1","2","10","266","ÅiäîÅjîMìcñqèÍ"
"100","Tokyo","Office","CL1","ZoneC","EHP","MUL","  196.10","1","0","0","0","1","1","2","2801","336","100"
"101","Tokyo","Office","CL1","ZoneC","EHP","MUL","  113.52","1","0","0","0","2","2","3","11294","104","101"
"102","Tokyo","Office","CL3","ZoneC","EHP","MUL","  512.77","1","0","0","0","1","2","3","1302","398","102"
"103","Tokyo","Office","CL2","ZoneC","EHP","MUL","  228.26","0","0","0","0","1","2","3","1237","380","103"
"104","Tokyo","Retail","ConvenienceStore","ZoneC","EHP","MUL","  304.04","1","0","0","0","2","2","2","28318","379","104"
"105","Tokyo","Office","CL2","ZoneC","EHP","MUL"," 6159.58","1","0","0","0","1","1","2","10","266","ÇÃÇ≥Ç©ÉAÉäÅ[Éi"
"106","Tokyo","Hospital","CL1","ZoneC","EHP","MUL","  161.40","0","0","0","0","1","2","2","21644","75","106"
"107","Tokyo","Office","CL2","ZoneC","EHP","MUL","  340.91","1","0","0","0","1","2","3","1256","231","107"
"108","Tokyo","Office","CL5","ZoneC","AHP","CAVFCU"," 2760.72","1","0","0","0","2","1","3","5814","22","108"
"109","Tokyo","Retail","HousingClothingSuper","ZoneC","EHP","MUL","  358.70","1","0","0","0","1","2","3","30137","225","109"
"110","Tokyo","Retail","SuperDrugStore","ZoneC","AHP","CAV"," 2633.44","0","0","0","0","1","2","2","28679","117","110"
"111","Tokyo","Hospital","CL2","ZoneC","EHP","MUL","  266.94","0","0","0","0","2","2","3","23209","14","111"
"112","Tokyo","Restaurant","UrbanBar","ZoneC","EHP","MUL","  400.34","1","0","0","0","1","1","2","94","0","112"
"113","Tokyo","Retail","HomeCenter","ZoneC","AHP","VAV"," 2395.84","1","0","0","0","1","2","2","28351","77","113"
"114","Tokyo","Office","CL2","ZoneC","EHP","MUL","  308.42","1","0","0","0","2","2","3","1280","34","114"
"115","Tokyo","Office","CL5","ZoneC","EHP","MUL"," 2642.22","1","0","1","1","2","1","3","5749","110","115"
"116","Tokyo","Retail","HousingClothingSuper","ZoneC","AHP","VAV"," 3371.83","1","0","1","0","2","1","3","26648","201","116"
"117","Tokyo","Hospital","CL4","ZoneC","AHP","FCU"," 1266.23","1","0","0","0","2","1","3","20121","123","117"
"118","Tokyo","Office","CL2","ZoneC","EHP","MUL","  267.37","1","0","0","0","1","1","3","218","158","118"
"119","Tokyo","Office","CL4","ZoneC","GHP","MUL"," 1082.50","1","0","0","0","2","1","3","5716","327","119"
"120","Tokyo","School","JuniorHighSchool","ZoneC","GHP","MUL"," 5817.57","0","0","0","0","1","1","2","31699","257","120"
"121","Tokyo","Retail","SpecialityShop","ZoneC","EHP","MUL","  540.90","0","0","0","0","1","2","3","30428","141","121"
"122","Tokyo","Restaurant","UrbanYakiniku","ZoneC","EHP","MUL","  376.26","1","0","0","0","1","2","3","1384","0","122"
"123","Tokyo","Office","CL2","ZoneC","EHP","MUL","  358.16","1","0","0","0","1","2","3","1259","139","123"
"124","Tokyo","Office","CL1","ZoneC","EHP","MUL","  147.32","1","0","0","0","2","1","2","2802","207","124"
"125","Tokyo","Office","CL1","ZoneC","EHP","MUL","  157.93","1","0","0","0","2","2","3","11294","104","125"
"126","Tokyo","Office","CL2","ZoneC","EHP","MUL","  250.50","1","0","0","0","1","2","3","1246","321","126"
"127","Tokyo","Retail","HousingClothingSuper","ZoneC","EHP","MUL","  259.72","0","0","0","0","2","2","2","28374","119","127"
"128","Tokyo","Office","CL1","ZoneC","EHP","MUL","   68.46","1","0","0","0","1","1","2","2801","336","128"
"129","Tokyo","Office","CL1","ZoneC","EHP","MUL","  157.25","1","0","0","0","2","2","3","11294","104","129"
"130","Tokyo","Hospital","CL2","ZoneC","EHP","MUL","  269.52","1","0","0","0","1","2","3","23208","217","130"
"131","Tokyo","Office","CL1","ZoneC","EHP","MUL","   99.57","1","0","0","0","1","2","3","11293","195","131"
"132","Tokyo","Office","CL1","ZoneC","EHP","MUL","   70.66","1","0","0","0","2","2","2","8476","355","132"
"133","Tokyo","Office","CL2","ZoneC","EHP","MUL","  345.24","1","0","0","0","2","2","3","1278","400","133"
"134","Tokyo","Office","CL2","ZoneC","EHP","MUL","  251.71","1","0","0","0","2","2","3","1271","212","134"
"135","Tokyo","Office","CL1","ZoneC","EHP","MUL","   90.60","1","0","0","0","1","1","3","5670","247","135"
"136","Tokyo","Retail","SpecialityShop","ZoneC","EHP","MUL","  135.42","0","0","0","0","1","2","3","30428","141","136"
"137","Tokyo","Office","CL1","ZoneC","EHP","MUL","  115.68","1","0","0","0","2","2","2","8476","355","137"
"138","Tokyo","Office","CL1","ZoneC","EHP","MUL","  140.90","1","0","0","0","2","1","3","5671","71","138"
"139","Tokyo","Retail","HousingClothingSuper","ZoneC","GHP","MUL","  277.26","0","0","0","0","2","2","3","30147","335","139"
"140","Tokyo","Office","CL1","ZoneC","EHP","MUL","  106.58","1","0","0","0","2","2","2","8476","355","140"
"141","Tokyo","Office","CL2","ZoneC","EHP","MUL","  220.54","1","0","0","0","2","2","3","1274","157","141"
"142","Tokyo","Office","CL1","ZoneC","EHP","MUL","   77.77","1","0","0","0","1","2","3","11293","195","142"
"143","Tokyo","Office","CL3","ZoneC","EHP","MUL","  801.70","1","0","0","0","1","1","3","240","246","143"
"144","Tokyo","Office","CL2","ZoneC","EHP","MUL","  291.41","1","0","0","0","2","1","2","14","140","144"
"145","Tokyo","Office","CL1","ZoneC","EHP","MUL","  169.72","1","0","0","0","2","1","3","5671","71","145"
"146","Tokyo","Office","CL1","ZoneC","EHP","MUL","  189.40","1","0","0","0","2","2","3","11294","104","146"
"147","Tokyo","Office","CL1","ZoneC","EHP","MUL","  162.72","1","0","0","0","2","1","3","5671","71","147"
"148","Tokyo","Office","CL1","ZoneC","EHP","MUL","  134.82","1","0","0","0","1","2","2","8475","393","148"
"149","Tokyo","Office","CL2","ZoneC","EHP","MUL","  378.54","0","0","0","0","1","2","3","1238","230","149"
"150","Tokyo","Office","CL1","ZoneC","EHP","MUL","  117.52","1","0","0","0","2","1","3","5671","71","150"
"151","Tokyo","Office","CL2","ZoneC","EHP","MUL","  226.48","1","0","0","0","1","2","3","1257","26","151"
"152","Tokyo","Retail","HomeCenter","ZoneC","EHP","MUL"," 2066.04","0","0","0","0","1","2","2","28323","339","152"
"153","Tokyo","Office","CL1","ZoneC","GHP","MUL","   90.13","1","0","0","0","1","2","2","8477","207","153"
"154","Tokyo","Office","CL2","ZoneC","EHP","MUL","  312.78","0","0","0","0","1","2","3","1242","148","154"
"155","Tokyo","School","ElementarySchool","ZoneC","EHP","MUL"," 1444.82","1","0","0","0","2","1","2","31662","262","155"
"156","Tokyo","Office","CL4","ZoneC","EHP","MUL"," 1131.90","1","0","0","0","2","2","3","1415","77","156"
"157","Tokyo","Office","CL2","ZoneC","EHP","MUL","  300.22","0","0","0","0","2","2","2","791","202","157"
"158","Tokyo","Retail","HousingClothingSuper","ZoneC","EHP","MUL","  276.22","0","0","0","0","2","2","3","30140","127","158"
"159","Tokyo","Office","CL1","ZoneC","EHP","MUL","  161.16","1","0","0","0","1","2","3","11293","195","159"
"160","Tokyo","Retail","HousingClothingSuper","ZoneC","AHP","CAV"," 1625.30","1","0","0","0","2","2","3","30172","214","160"
"161","Tokyo","Office","CL2","ZoneC","EHP","MUL","  223.71","1","0","0","0","1","2","3","1244","47","161"
"162","Tokyo","Retail","HousingClothingSuper","ZoneC","EHP","MUL","  388.86","1","0","1","1","2","2","3","30143","141","162"
"163","Tokyo","Office","CL1","ZoneC","GHP","MUL","  174.38","1","0","0","0","1","1","3","5672","284","163"
"164","Tokyo","Retail","HousingClothingSuper","ZoneC","EHP","MUL","  170.02","0","0","0","0","2","2","3","30140","127","164"
"165","Tokyo","Office","CL1","ZoneC","EHP","MUL","  189.88","1","0","0","0","1","1","3","5670","247","165"
"166","Tokyo","Office","CL2","ZoneC","EHP","MUL","  268.90","1","0","0","0","1","2","3","1244","47","166"
"167","Tokyo","Retail","SpecialityShop","ZoneC","EHP","MUL","  282.52","1","0","0","0","1","1","2","25131","295","167"
"168","Tokyo","Office","CL1","ZoneC","GHP","MUL","  184.75","1","0","0","0","1","1","2","2803","361","168"
"169","Tokyo","Office","CL1","ZoneC","EHP","MUL","   66.04","1","0","0","0","1","2","3","11293","195","169"
"170","Tokyo","Office","CL1","ZoneC","GHP","MUL","   38.64","1","0","0","0","1","2","3","11295","297","170"
"171","Tokyo","Retail","SpecialityShop","ZoneC","EHP","MUL","  169.08","0","0","0","0","1","2","3","30428","141","171"
"172","Tokyo","Office","CL1","ZoneC","EHP","MUL","   79.61","1","0","0","0","1","2","3","11293","195","172"
"173","Tokyo","Office","CL1","ZoneC","EHP","MUL","  113.44","1","0","0","0","2","1","2","2802","207","173"
"174","Tokyo","Office","CL2","ZoneC","GHP","MUL","  299.36","1","0","0","0","1","2","3","1283","331","174"
"175","Tokyo","Office","CL2","ZoneC","EHP","MUL","  253.71","1","0","0","0","2","1","3","224","276","175"
"176","Tokyo","Office","CL1","ZoneC","EHP","MUL","  167.96","1","0","0","0","1","2","2","8475","393","176"
"177","Tokyo","Office","CL1","ZoneC","EHP","MUL","  153.43","1","0","0","0","1","1","3","5670","247","177"
"178","Tokyo","Office","CL2","ZoneC","EHP","MUL","  320.14","1","0","0","0","1","1","3","218","158","178"
"179","Tokyo","Office","CL1","ZoneC","GHP","MUL","   91.98","1","0","0","0","1","2","3","11295","297","179"
"180","Tokyo","Restaurant","UrbanRestaurant","ZoneC","EHP","MUL","  112.10","1","0","0","0","1","2","3","1264","0","180"
"181","Tokyo","Office","CL1","ZoneC","EHP","MUL","  144.95","1","0","0","0","1","2","2","8475","393","181"
"182","Tokyo","Office","CL3","ZoneC","EHP","MUL","  548.64","0","0","0","0","1","2","2","798","318","182"
"183","Tokyo","Office","CL2","ZoneC","EHP","MUL","  242.44","1","0","0","0","1","2","3","1251","9","183"
"184","Tokyo","Office","CL1","ZoneC","EHP","MUL","  110.69","1","0","0","0","1","1","3","5670","247","184"
"185","Tokyo","Office","CL1","ZoneC","GHP","MUL","  175.90","1","0","0","0","1","1","3","5672","284","185"
"186","Tokyo","Office","CL3","ZoneC","EHP","MUL","  529.64","1","0","1","0","2","2","3","11312","101","186"
"187","Tokyo","Office","CL2","ZoneC","GHP","MUL","  222.23","1","0","0","0","1","2","3","1285","122","187"
"188","Tokyo","Office","CL2","ZoneC","EHP","MUL","  261.00","0","0","0","0","1","1","2","2804","396","188"
"189","Tokyo","Office","CL1","ZoneC","GHP","MUL","  120.77","1","0","0","0","1","2","3","11295","297","189"
"190","Tokyo","Office","CL2","ZoneC","EHP","MUL","  210.82","1","0","0","0","2","2","3","1282","169","190"
"191","Tokyo","Office","CL2","ZoneC","EHP","MUL","  260.69","0","0","0","0","1","2","2","780","257","191"
"192","Tokyo","Office","CL1","ZoneC","EHP","MUL","  158.74","1","0","0","0","1","2","3","11293","195","192"
"193","Tokyo","Office","CL4","ZoneC","EHP","MUL"," 1342.30","1","0","0","0","1","1","3","274","324","193"
"194","Tokyo","Office","CL1","ZoneC","EHP","MUL","   90.00","1","0","0","0","1","2","3","11293","195","194"
"195","Tokyo","Retail","SpecialityShop","ZoneC","EHP","MUL","  146.68","0","0","0","0","2","2","3","30431","319","195"
"196","Tokyo","Office","CL2","ZoneC","EHP","MUL","  270.81","1","0","0","0","1","2","3","1264","136","196"
"197","Tokyo","Hospital","CL3","ZoneC","EHP","MUL","  727.64","1","0","0","0","2","2","3","23216","276","197"
"198","Tokyo","Hospital","CL5","ZoneC","EHP","MUL"," 4384.44","1","0","0","0","1","2","3","2454","175","198"
"199","Tokyo","Office","CL2","ZoneC","EHP","MUL","  313.31","1","0","0","0","1","2","3","1250","317","199"
"200","Tokyo","Hospital","CL3","ZoneC","EHP","MUL","  761.80","1","0","0","0","2","2","3","23216","276","200"
"201","Tokyo","Office","CL1","ZoneC","EHP","MUL","   65.71","1","0","0","0","2","2","3","11294","104","201"
"202","Tokyo","Retail","ConvenienceStore","ZoneC","EHP","MUL","  443.44","0","0","0","0","2","2","3","30083","279","202"
"203","Tokyo","Office","CL1","ZoneC","EHP","MUL","  167.46","1","0","0","0","2","1","3","5671","71","203"
"204","Tokyo","Office","CL4","ZoneC","AHP","VAV"," 1105.32","0","0","0","0","2","2","2","8543","116","204"
"205","Tokyo","Retail","HousingClothingSuper","ZoneC","EHP","MUL","  434.18","0","0","0","0","2","2","3","30140","127","205"
"206","Tokyo","Office","CL1","ZoneC","EHP","MUL","  195.92","1","0","0","0","1","2","3","11293","195","206"
"207","Tokyo","Retail","HousingClothingSuper","ZoneC","EHP","MUL","  452.58","0","0","0","0","2","2","3","30140","127","207"
"208","Tokyo","Retail","ConvenienceDrug","ZoneC","EHP","MUL","  374.42","1","0","0","0","1","2","2","28306","273","208"
"209","Tokyo","Retail","HousingClothingSuper","ZoneC","GHP","MUL","  530.66","1","0","1","0","1","2","2","28380","89","209"
"210","Tokyo","School","ElementarySchool","ZoneC","EHP","MUL"," 3484.44","1","0","0","0","2","2","3","33522","59","210"
"211","Tokyo","Office","CL1","ZoneC","EHP","MUL","  153.71","1","0","0","0","2","2","3","11294","104","211"
"212","Tokyo","Office","CL1","ZoneC","EHP","MUL","  146.81","1","0","0","0","1","1","2","2801","336","212"
"213","Tokyo","Hotel","CL3","ZoneD","EHP","MUL","  509.20","1","0","0","0","1","2","3","17360","225","213"
"214","Tokyo","Office","CL5","ZoneC","EHP","MUL"," 3051.90","1","0","0","0","2","2","2","867","9","214"
"215","Tokyo","Office","CL5","ZoneC","GHP","MUL"," 2064.14","1","0","0","0","2","2","3","1541","184","215"
"216","Tokyo","Retail","SpecialityShop","ZoneC","EHP","MUL"," 5210.46","0","0","0","0","1","2","3","30428","141","216"
"217","Tokyo","Office","CL5","ZoneC","AHP+TESICE","VAV"," 2112.08","0","0","0","0","1","2","3","11449","149","217"
"218","Tokyo","Office","CL1","ZoneC","EHP","MUL","  154.58","1","0","0","0","2","2","2","8476","355","218"
"219","Tokyo","Restaurant","UrbanBar","ZoneC","EHP","MUL","  130.94","0","0","0","0","1","2","2","443","0","219"
"220","Tokyo","Retail","HousingClothingSuper","ZoneC","AHP","VAV","  932.80","1","0","1","0","2","2","2","28414","160","220"
"221","Tokyo","Office","CL1","ZoneC","EHP","MUL","   85.48","1","0","0","0","1","2","3","11293","195","221"
"222","Tokyo","Office","CL2","ZoneC","EHP","MUL","  206.80","1","0","0","0","1","2","3","1246","321","222"
"223","Tokyo","Office","CL4","ZoneC","EHP","MUL"," 1488.08","0","0","0","0","2","1","3","293","320","223"
"224","Tokyo","Office","CL1","ZoneC","GHP","MUL","  146.44","1","0","0","0","1","2","3","11295","297","224"
"225","Tokyo","Hospital","CL2","ZoneC","EHP","MUL","  325.02","0","0","0","0","1","2","3","23207","327","225"
"226","Tokyo","Office","CL2","ZoneC","EHP","MUL","  211.74","1","0","0","0","2","1","3","227","126","226"
"227","Tokyo","Office","CL1","ZoneC","EHP","MUL","   61.42","1","0","0","0","2","1","3","5671","71","227"
"228","Tokyo","Office","CL2","ZoneC","EHP","MUL","  234.35","1","0","0","0","1","2","3","1252","278","228"
"229","Tokyo","Office","CL2","ZoneC","EHP","MUL","  201.92","1","0","0","0","1","2","3","1250","317","229"
"230","Tokyo","Hospital","CL2","ZoneC","EHP","MUL","  228.80","1","0","0","0","1","1","3","20082","130","230"
"231","Tokyo","Office","CL1","ZoneC","EHP","MUL","  123.83","1","0","0","0","1","1","2","2801","336","231"
"232","Tokyo","Office","CL1","ZoneC","EHP","MUL","  134.86","1","0","0","0","1","2","3","11293","195","232"
"233","Tokyo","Office","CL1","ZoneC","EHP","MUL","   87.64","1","0","0","0","2","2","3","11294","104","233"
"234","Tokyo","Office","CL1","ZoneC","EHP","MUL","  185.42","1","0","0","0","2","1","2","2802","207","234"
"235","Tokyo","Office","CL1","ZoneC","EHP","MUL","  179.95","1","0","0","0","1","2","3","11293","195","235"
"236","Tokyo","Office","CL1","ZoneC","EHP","MUL","   52.29","1","0","0","0","1","2","3","11293","195","236"
"237","Tokyo","Office","CL1","ZoneC","EHP","MUL","   32.90","1","0","0","0","2","2","3","11294","104","237"
"238","Tokyo","Office","CL5","ZoneC","ABCH","CAV"," 4275.40","1","0","0","0","2","1","3","5763","237","238"
"239","Tokyo","Office","CL1","ZoneC","EHP","MUL","  191.94","1","0","0","0","1","2","3","11293","195","239"
"240","Tokyo","Hospital","CL4","ZoneC","ABCH","CAV"," 1368.86","0","0","0","0","1","1","3","20113","139","240"
"241","Tokyo","Hospital","CL5","ZoneC","AHP","FCU"," 3798.94","1","0","0","0","1","1","3","20150","241","241"
"242","Tokyo","Office","CL1","ZoneC","EHP","MUL","   15.84","1","0","0","0","2","2","2","8476","355","242"
"243","Tokyo","Office","CL2","ZoneC","EHP","MUL","  217.08","1","0","0","0","1","1","3","208","69","243"
"244","Tokyo","Office","CL1","ZoneC","EHP","MUL","   93.18","1","0","0","0","1","2","3","11293","195","244"
"245","Tokyo","Office","CL1","ZoneC","EHP","MUL","  163.45","1","0","0","0","2","2","3","11294","104","245"
"246","Tokyo","Office","CL1","ZoneC","EHP","MUL","  171.62","1","0","0","0","2","2","3","11294","104","246"
"247","Tokyo","Office","CL1","ZoneC","EHP","MUL","  145.24","1","0","0","0","2","2","2","8476","355","247"
"248","Tokyo","Restaurant","UrbanRestaurant","ZoneC","EHP","MUL","  119.26","1","0","0","0","1","2","3","1264","0","248"
"249","Tokyo","Office","CL1","ZoneC","EHP","MUL","  164.86","1","0","0","0","2","2","3","11294","104","249"
"250","Tokyo","Office","CL2","ZoneC","EHP","MUL","  415.34","1","0","0","0","1","2","3","1247","173","250"
"251","Tokyo","Office","CL1","ZoneC","EHP","MUL","   74.62","1","0","0","0","1","1","2","2801","336","251"
"252","Tokyo","Office","CL1","ZoneC","EHP","MUL","  112.99","1","0","0","0","1","2","3","11293","195","252"
"253","Tokyo","Office","CL1","ZoneC","EHP","MUL","  139.86","1","0","0","0","2","2","3","11294","104","253"
"254","Tokyo","Retail","HousingClothingSuper","ZoneC","EHP","MUL","  356.30","0","0","0","0","1","2","2","28370","393","254"
"255","Tokyo","Hospital","CL4","ZoneC","EHP","MUL"," 1035.22","1","0","0","0","1","2","2","21670","288","255"
"256","Tokyo","Office","CL1","ZoneC","EHP","MUL","  173.43","1","0","0","0","2","1","3","5671","71","256"
"257","Tokyo","Hospital","CL6","ZoneC","EHP","MUL"," 5843.20","0","0","0","0","1","2","2","21724","302","257"
"258","Tokyo","Office","CL1","ZoneC","EHP","MUL","  143.76","1","0","0","0","1","2","3","11293","195","258"
"259","Tokyo","Office","CL1","ZoneC","GHP","MUL","  188.42","1","0","0","0","1","2","3","11295","297","259"
"260","Tokyo","Office","CL1","ZoneC","EHP","MUL","  135.30","1","0","0","0","1","2","3","11293","195","260"
"261","Tokyo","Office","CL1","ZoneC","GHP","MUL","  140.27","1","0","0","0","1","2","3","11295","297","261"
"262","Tokyo","Office","CL2","ZoneC","EHP","MUL","  457.28","1","0","0","0","1","2","2","790","382","262"
"263","Tokyo","Retail","HousingClothingSuper","ZoneC","AHP","OHUFCU","  944.92","0","0","0","0","2","2","3","30188","184","263"
"264","Tokyo","Retail","HousingClothingSuper","ZoneC","AHP","FCU"," 1633.40","0","0","0","0","2","2","3","30183","5","264"
"265","Tokyo","Office","CL1","ZoneC","EHP","MUL","  154.38","1","0","0","0","1","2","3","11293","195","265"
"266","Tokyo","Retail","HousingClothingSuper","ZoneC","AHP","VAV"," 1084.44","1","0","0","0","1","2","2","28410","66","266"
"267","Tokyo","Office","CL1","ZoneC","EHP","MUL","  181.79","1","0","0","0","1","1","3","5670","247","267"
"268","Tokyo","Office","CL2","ZoneC","EHP","MUL","  211.88","1","0","0","1","1","1","3","5675","143","268"
"269","Tokyo","Office","CL1","ZoneC","EHP","MUL","  107.20","1","0","0","0","2","2","3","11294","104","269"
"270","Tokyo","Office","CL1","ZoneC","GHP","MUL","   86.68","1","0","0","0","1","2","3","11295","297","270"
"271","Tokyo","Retail","HousingClothingSuper","ZoneC","ABCH","VAV","  404.94","1","0","0","0","1","2","3","30156","79","271"
"272","Tokyo","Office","CL3","ZoneC","EHP","MUL","  940.23","1","0","0","0","1","1","2","21","338","272"
"273","Tokyo","Restaurant","UrbanRestaurant","ZoneC","EHP","MUL","  259.12","1","0","0","0","1","1","2","214","0","273"
"274","Tokyo","Retail","HousingClothingSuper","ZoneC","AHP","OHUFCU","   23.40","0","0","0","0","2","2","3","30188","184","274"
"275","Tokyo","Office","CL1","ZoneC","EHP","MUL","  122.38","1","0","0","0","1","2","3","11293","195","275"
"276","Tokyo","Hospital","CL1","ZoneC","EHP","MUL","  159.16","0","0","0","0","1","1","3","20079","188","276"
"277","Tokyo","Retail","HousingClothingSuper","ZoneC","EHP","MUL"," 2136.64","1","0","0","0","2","2","2","28375","65","277"
"278","Tokyo","Office","CL4","ZoneC","GHP","MUL"," 1879.00","1","0","0","0","2","2","3","1434","353","278"
"279","Tokyo","Office","CL1","ZoneC","EHP","MUL","  168.02","1","0","0","0","2","2","3","11294","104","279"
"280","Tokyo","Office","CL3","ZoneC","EHP","MUL","  634.52","1","0","0","0","2","1","2","27","157","280"
"281","Tokyo","Office","CL1","ZoneC","EHP","MUL","  102.84","1","0","0","0","2","2","3","11294","104","281"
"282","Tokyo","Restaurant","UrbanRestaurant","ZoneC","EHP","MUL","  209.70","1","0","0","0","1","2","3","1264","0","282"
"283","Tokyo","School","JuniorHighSchool","ZoneC","AHP","FCU"," 6972.52","0","0","0","0","1","2","3","33577","86","283"
"284","Tokyo","Office","CL1","ZoneC","EHP","MUL","   83.31","1","0","0","0","2","2","2","8476","355","284"
"285","Tokyo","Retail","ConvenienceStore","ZoneC","EHP","MUL","  339.66","0","0","0","0","1","2","3","30081","85","285"
"286","Tokyo","Retail","SpecialityShop","ZoneC","EHP","MUL","  210.96","0","0","0","0","1","2","3","30428","141","286"
"287","Tokyo","Office","CL1","ZoneC","EHP","MUL","  192.69","1","0","0","0","2","2","2","8476","355","287"
"288","Tokyo","Restaurant","UrbanRestaurant","ZoneC","EHP","MUL","  591.10","1","0","0","0","1","2","3","1264","0","288"
"289","Tokyo","Retail","SpecialityShop","ZoneC","GHP","MUL"," 1820.26","1","0","0","0","1","2","3","30435","354","289"
"290","Tokyo","Office","CL2","ZoneC","EHP","MUL","  216.88","1","0","0","0","2","2","3","1272","353","290"
"291","Tokyo","Office","CL1","ZoneC","EHP","MUL","  147.65","1","0","0","0","2","2","3","11294","104","291"
"292","Tokyo","Office","CL1","ZoneC","GHP","MUL","   99.85","1","0","0","0","1","2","3","11295","297","292"
"293","Tokyo","Retail","HousingClothingSuper","ZoneC","GHP","MUL","  905.72","1","0","0","0","2","2","3","30148","349","293"
"294","Tokyo","Hospital","CL2","ZoneC","EHP","MUL","  211.18","0","0","0","0","2","1","2","18516","387","294"
"295","Tokyo","Office","CL1","ZoneC","EHP","MUL","   39.11","1","0","0","0","2","2","3","11294","104","295"
"296","Tokyo","Restaurant","UrbanBar","ZoneC","EHP","MUL","  178.68","1","0","0","0","1","2","3","1144","0","296"
"297","Tokyo","Retail","HousingClothingSuper","ZoneC","EHP","MUL","  465.42","0","0","0","0","1","2","3","30136","360","297"
"298","Tokyo","Office","CL1","ZoneC","EHP","MUL","  124.75","1","0","0","0","2","1","3","5671","71","298"
"299","Tokyo","Office","CL2","ZoneC","EHP","MUL","  217.74","0","0","0","0","1","1","3","203","199","299"
"300","Tokyo","Office","CL1","ZoneC","EHP","MUL","  194.96","1","0","0","0","1","2","3","11293","195","300"
"301","Tokyo","Office","CL1","ZoneC","EHP","MUL","  105.12","1","0","0","0","1","2","3","11293","195","301"
"302","Tokyo","Retail","HousingClothingSuper","ZoneC","EHP","MUL","   30.02","0","0","0","0","1","2","2","28370","393","302"
"303","Tokyo","Office","CL2","ZoneC","EHP","MUL","  318.40","1","0","0","0","1","2","2","783","232","303"
"304","Tokyo","Hospital","CL2","ZoneC","EHP","MUL","  425.54","0","0","0","0","2","2","2","21648","175","304"
"305","Tokyo","School","ElementarySchool","ZoneC","EHP","MUL"," 2615.94","1","0","0","0","1","1","3","32280","296","305"
"306","Tokyo","Retail","HousingClothingSuper","ZoneC","ABCH","CAV","  234.66","1","0","0","0","1","2","3","30151","169","306"
"307","Tokyo","Office","CL2","ZoneC","EHP","MUL","  211.04","1","0","0","0","2","2","2","797","12","307"
"308","Tokyo","Office","CL2","ZoneC","EHP","MUL","  322.02","1","0","0","0","2","2","3","1269","119","308"
"309","Tokyo","Office","CL2","ZoneC","EHP","MUL","  281.82","0","0","0","0","1","1","3","203","199","309"
"310","Tokyo","Office","CL1","ZoneC","EHP","MUL","  188.89","1","0","0","0","1","1","3","5670","247","310"
"311","Tokyo","Office","CL1","ZoneC","EHP","MUL","  188.56","1","0","0","0","1","2","3","11293","195","311"
"312","Tokyo","Office","CL1","ZoneC","EHP","MUL","  183.07","1","0","0","0","1","2","3","11293","195","312"
"313","Tokyo","Office","CL1","ZoneC","EHP","MUL","  119.65","1","0","0","0","2","2","3","11294","104","313"
"314","Tokyo","Retail","SpecialityShop","ZoneC","EHP","MUL","   52.82","0","0","0","0","2","2","3","30431","319","314"
"315","Tokyo","Retail","ConvenienceStore","ZoneC","EHP","MUL","  315.06","0","0","0","0","1","2","2","28315","218","315"
"316","Tokyo","Office","CL2","ZoneC","EHP","MUL","  273.98","1","0","0","0","2","1","2","16","209","316"
"317","Tokyo","Hospital","CL1","ZoneC","EHP","MUL","  153.52","0","0","0","0","1","2","2","21644","75","317"
"318","Tokyo","Office","CL2","ZoneC","EHP","MUL","  363.78","1","0","0","0","1","2","3","1246","321","318"
"319","Tokyo","Retail","SpecialityShop","ZoneC","GHP","MUL","   82.52","0","0","0","0","1","2","2","28668","64","319"
"320","Tokyo","Office","CL1","ZoneC","EHP","MUL","  167.15","1","0","0","0","1","2","3","11293","195","320"
"321","Tokyo","Office","CL2","ZoneC","EHP","MUL","  224.00","1","0","0","0","2","2","3","1269","119","321"
"322","Tokyo","Office","CL1","ZoneC","EHP","MUL","  153.51","1","0","0","0","2","2","3","11294","104","322"
"323","Tokyo","Office","CL1","ZoneC","EHP","MUL","  172.92","1","0","0","0","1","1","2","2801","336","323"
"324","Tokyo","Retail","SpecialityShop","ZoneC","EHP","MUL","  497.14","0","0","0","0","1","2","3","30428","141","324"
"325","Tokyo","Office","CL2","ZoneC","GHP","MUL","  275.11","0","0","0","0","2","2","3","11303","133","325"
"326","Tokyo","Office","CL1","ZoneC","EHP","MUL","   76.01","1","0","0","0","1","1","3","5670","247","326"
"327","Tokyo","Office","CL1","ZoneC","EHP","MUL","   68.82","1","0","0","0","1","1","2","2801","336","327"
"328","Tokyo","Retail","SpecialityShop","ZoneC","EHP","MUL","  221.58","0","0","0","0","2","2","3","30431","319","328"
"329","Tokyo","Office","CL2","ZoneC","EHP","MUL","  254.46","1","0","0","0","2","1","2","15","36","329"
"330","Tokyo","Office","CL2","ZoneC","GHP","MUL","  228.77","0","0","0","0","2","1","3","5680","180","330"
"331","Tokyo","Office","CL1","ZoneC","EHP","MUL","  187.24","1","0","0","0","1","2","2","8475","393","331"
"332","Tokyo","Office","CL1","ZoneC","EHP","MUL","  189.24","1","0","0","0","1","1","3","5670","247","332"
"333","Tokyo","Retail","HousingClothingSuper","ZoneC","GHP","MUL","  341.96","0","0","0","0","2","1","2","24849","100","333"
"334","Tokyo","Office","CL1","ZoneC","EHP","MUL","  146.00","1","0","0","0","1","1","3","5670","247","334"
"335","Tokyo","Office","CL2","ZoneC","EHP","MUL","  262.44","1","0","0","0","1","2","3","1252","278","335"
"336","Tokyo","Office","CL1","ZoneC","GHP","MUL","   86.72","1","0","0","0","1","2","3","11295","297","336"
"337","Tokyo","Office","CL1","ZoneC","EHP","MUL","   96.42","1","0","0","0","2","2","2","8476","355","337"
"338","Tokyo","Office","CL1","ZoneC","EHP","MUL","  151.16","1","0","0","0","1","2","3","11293","195","338"
"339","Tokyo","Office","CL1","ZoneC","EHP","MUL","  105.36","1","0","0","0","2","2","3","11294","104","339"
"340","Tokyo","Restaurant","UrbanRestaurant","ZoneC","EHP","MUL","  335.12","0","0","0","0","1","1","3","913","0","340"
"341","Tokyo","Retail","SpecialityShop","ZoneC","EHP","MUL","  128.86","1","0","0","0","1","2","3","30429","346","341"
"342","Tokyo","Office","CL1","ZoneC","EHP","MUL","   88.23","1","0","0","0","1","1","2","2801","336","342"
"343","Tokyo","Retail","HousingClothingSuper","ZoneC","EHP","MUL","  704.12","1","0","1","0","2","1","3","26610","304","343"
"344","Tokyo","Retail","SpecialityShop","ZoneC","EHP","MUL","  224.10","0","0","0","0","1","2","3","30428","141","344"
"345","Tokyo","Hospital","CL3","ZoneC","AHP","CAV","  919.82","0","0","0","0","1","2","3","23222","154","345"
"346","Tokyo","Office","CL1","ZoneC","EHP","MUL","   69.75","1","0","0","0","2","2","3","11294","104","346"
"347","Tokyo","Office","CL1","ZoneC","EHP","MUL","   98.50","1","0","0","0","2","1","2","2802","207","347"
"348","Tokyo","Retail","HousingClothingSuper","ZoneC","EHP","MUL"," 8198.98","0","0","0","0","2","1","3","26608","259","348"
"349","Tokyo","Office","CL1","ZoneC","EHP","MUL","  151.38","1","0","0","0","1","2","3","11293","195","349"
"350","Tokyo","Retail","HousingClothingSuper","ZoneC","EHP","MUL","  370.30","1","0","0","0","2","2","3","30141","84","350"
"351","Tokyo","Office","CL4","ZoneC","EHP","MUL"," 1122.10","0","0","0","0","2","1","3","291","70","351"
"352","Tokyo","Office","CL2","ZoneC","EHP","MUL"," 1260.78","1","0","0","0","1","1","2","10","266","ÉCÉGÉçÅ[ÉnÉbÉgî™ì˙ésèÍìX"
"353","Tokyo","Office","CL3","ZoneC","EHP","MUL","  924.72","1","0","0","0","1","2","2","810","280","353"
"354","Tokyo","Office","CL1","ZoneC","EHP","MUL","  134.07","1","0","0","0","2","2","2","8476","355","354"
"355","Tokyo","Office","CL2","ZoneC","EHP","MUL","  294.38","1","0","0","0","1","2","3","1250","317","355"
"356","Tokyo","Office","CL1","ZoneC","EHP","MUL","  177.69","1","0","0","0","2","1","3","5671","71","356"
"357","Tokyo","Office","CL1","ZoneC","EHP","MUL","  103.01","1","0","0","0","1","2","3","11293","195","357"
"358","Tokyo","Office","CL2","ZoneC","EHP","MUL","  327.34","1","0","0","0","1","2","3","1262","93","358"
"359","Tokyo","Office","CL1","ZoneC","EHP","MUL","  106.64","1","0","0","0","1","2","3","11293","195","359"
"360","Tokyo","School","ElementarySchool","ZoneC","EHP","MUL"," 1313.36","0","0","0","0","2","2","3","33521","198","360"
"361","Tokyo","Office","CL1","ZoneC","EHP","MUL","   97.72","1","0","0","0","1","2","2","8475","393","361"
"362","Tokyo","Retail","SpecialityShop","ZoneC","EHP","MUL","  221.78","0","0","0","0","2","2","3","30431","319","362"
"363","Tokyo","Restaurant","UrbanRestaurant","ZoneC","EHP","MUL","  679.14","0","0","0","0","1","2","3","1263","0","363"
"364","Tokyo","Office","CL1","ZoneC","EHP","MUL","   80.98","1","0","0","0","2","1","2","2802","207","364"
"365","Tokyo","Retail","HousingClothingSuper","ZoneC","GHP","MUL","  207.60","0","0","0","0","1","1","3","26612","295","365"
"366","Tokyo","Office","CL1","ZoneC","EHP","MUL","   99.39","1","0","0","0","2","2","3","11294","104","366"
"367","Tokyo","Retail","SpecialityShop","ZoneC","EHP","MUL","  658.96","0","0","0","0","2","2","3","30431","319","367"
"368","Tokyo","Retail","HousingClothingSuper","ZoneC","EHP","MUL","  250.40","0","0","0","0","2","2","3","30140","127","368"
"369","Tokyo","Office","CL1","ZoneC","GHP","MUL","  172.32","1","0","0","0","1","2","2","8477","207","369"
"370","Tokyo","Hospital","CL2","ZoneC","EHP","MUL","  450.56","0","0","0","0","1","2","2","21646","318","370"
"371","Tokyo","Hospital","CL2","ZoneC","EHP","MUL","  375.14","1","0","0","0","1","2","2","21647","30","371"
"372","Tokyo","Office","CL1","ZoneC","EHP","MUL","  105.99","1","0","0","0","2","2","3","11294","104","372"
"373","Tokyo","Hospital","CL1","ZoneC","EHP","MUL","   87.78","0","0","0","0","1","2","3","23205","50","373"
"374","Tokyo","Office","CL3","ZoneC","EHP","MUL","  585.22","1","0","0","0","1","2","3","1301","380","374"
"375","Tokyo","Retail","ConvenienceDrug","ZoneC","EHP","MUL","  106.86","0","0","0","0","1","2","3","30071","283","375"
"376","Tokyo","Office","CL1","ZoneC","EHP","MUL","  152.08","1","0","0","0","1","2","2","8475","393","376"
"377","Tokyo","Office","CL1","ZoneC","EHP","MUL","  111.69","1","0","0","0","1","1","3","5670","247","377"
"378","Tokyo","Hospital","CL2","ZoneC","EHP","MUL","  254.40","1","0","0","0","1","1","3","20082","130","378"
"379","Tokyo","Retail","HousingClothingSuper","ZoneC","AHP","VAV"," 1024.02","0","0","0","0","2","2","3","30178","23","379"
"380","Tokyo","Office","CL1","ZoneC","EHP","MUL","  172.41","1","0","0","0","1","2","3","11293","195","380"
"381","Tokyo","Office","CL2","ZoneC","EHP","MUL","  251.42","1","0","0","0","1","2","3","1254","229","381"
"382","Tokyo","Office","CL2","ZoneC","EHP","MUL","  244.31","0","0","0","0","2","1","3","219","91","382"
"383","Tokyo","Office","CL1","ZoneC","EHP","MUL","   38.74","1","0","0","0","2","2","3","11294","104","383"
"384","Tokyo","Office","CL1","ZoneC","EHP","MUL","  131.38","1","0","0","0","1","2","2","8475","393","384"
"385","Tokyo","Hospital","CL4","ZoneC","EHP","MUL"," 1981.12","1","0","1","0","2","1","2","18542","324","385"
"386","Tokyo","Retail","HousingClothingSuper","ZoneC","AHP","CAV","  156.28","0","0","0","0","2","2","3","30171","104","386"
"387","Tokyo","Retail","HousingClothingSuper","ZoneC","EHP","MUL","  282.45","0","0","0","0","1","1","3","26604","363","387"
"388","Tokyo","Office","CL2","ZoneC","EHP","MUL","  213.68","1","0","0","0","1","2","2","786","306","388"
"389","Tokyo","Office","CL2","ZoneC","EHP","MUL","  437.60","1","0","0","0","1","1","3","211","95","389"
"390","Tokyo","Office","CL2","ZoneC","EHP","MUL","  447.68","0","0","0","0","2","1","3","219","91","390"
"391","Tokyo","Office","CL1","ZoneC","EHP","MUL","  173.76","1","0","0","0","1","1","2","2801","336","391"
"392","Tokyo","Office","CL2","ZoneC","EHP","MUL","  277.95","1","0","1","0","1","2","3","11297","25","392"
"393","Tokyo","Office","CL1","ZoneC","GHP","MUL","  127.67","1","0","0","0","1","2","3","11295","297","393"
"394","Tokyo","Office","CL2","ZoneC","AHP","CAV","  229.76","1","0","0","0","2","1","3","5684","23","394"
"395","Tokyo","Office","CL1","ZoneC","EHP","MUL","  115.16","1","0","0","0","1","2","2","8475","393","395"
"396","Tokyo","Office","CL1","ZoneC","EHP","MUL","  137.55","1","0","0","0","1","2","3","11293","195","396"
"397","Tokyo","Office","CL1","ZoneC","EHP","MUL","  117.02","1","0","0","0","2","1","3","5671","71","397"
"398","Tokyo","Office","CL2","ZoneC","EHP","MUL","  212.74","1","0","0","0","1","2","2","788","287","398"
"399","Tokyo","Office","CL1","ZoneC","EHP","MUL","   73.65","1","0","0","0","1","2","2","8475","393","399"
"400","Tokyo","Office","CL1","ZoneC","EHP","MUL","  170.34","1","0","0","0","1","2","3","11293","195","400"
"401","Tokyo","Office","CL5","ZoneC","EHP","MUL"," 4398.20","1","0","0","0","1","2","3","1459","248","401"
"402","Tokyo","Office","CL1","ZoneC","EHP","MUL","  187.84","1","0","0","0","1","2","3","11293","195","402"
"403","Tokyo","Hospital","CL1","ZoneC","EHP","MUL","  156.52","0","0","0","0","2","2","3","23206","378","403"
"404","Tokyo","Hospital","CL1","ZoneC","EHP","MUL","  130.88","0","0","0","0","1","2","3","23205","50","404"
"405","Tokyo","Office","CL1","ZoneC","EHP","MUL","  121.30","1","0","0","0","2","1","3","5671","71","405"
"406","Tokyo","Office","CL1","ZoneC","EHP","MUL","  197.23","1","0","0","0","2","2","3","11294","104","406"
"407","Tokyo","Office","CL2","ZoneC","EHP","MUL","  339.78","0","0","0","0","1","1","3","206","400","407"
"408","Tokyo","Office","CL2","ZoneC","EHP","MUL","  254.65","1","0","0","0","1","1","3","209","73","408"
"409","Tokyo","Office","CL1","ZoneC","EHP","MUL","  160.26","1","0","0","0","1","2","3","11293","195","409"
"410","Tokyo","Retail","HousingClothingSuper","ZoneC","GHP","MUL","  420.18","0","0","0","0","1","2","3","30144","329","410"
"411","Tokyo","Office","CL2","ZoneC","GHP","MUL","  285.81","1","0","0","0","2","1","3","5681","44","411"
"412","Tokyo","Office","CL1","ZoneC","EHP","MUL","  138.22","1","0","0","0","1","2","3","11293","195","412"
"413","Tokyo","Office","CL1","ZoneC","EHP","MUL","  139.67","1","0","0","0","2","1","3","5671","71","413"
"414","Tokyo","Office","CL1","ZoneC","EHP","MUL","  125.89","1","0","0","0","1","2","3","11293","195","414"
"415","Tokyo","Hospital","CL1","ZoneC","EHP","MUL","  182.69","0","0","0","0","1","2","3","23205","50","415"
"416","Tokyo","Office","CL1","ZoneC","EHP","MUL","  103.35","1","0","0","0","1","1","3","5670","247","416"
"417","Tokyo","Office","CL1","ZoneC","EHP","MUL","  136.46","1","0","0","0","1","1","3","5670","247","417"
"418","Tokyo","Retail","HousingClothingSuper","ZoneC","AHP","OHUFCU","  380.98","0","0","0","0","2","2","3","30188","184","418"
"419","Tokyo","Office","CL1","ZoneC","GHP","MUL","  146.48","1","0","0","0","1","1","3","5672","284","419"
"420","Tokyo","Office","CL2","ZoneC","EHP","MUL","  233.39","0","0","0","0","1","1","3","205","189","420"
"421","Tokyo","Office","CL1","ZoneC","EHP","MUL","   82.94","1","0","0","0","2","1","2","2802","207","421"
"422","Tokyo","Retail","HousingClothingSuper","ZoneC","GHP","MUL","  309.32","1","0","0","0","2","1","3","26616","367","422"
"423","Tokyo","Office","CL1","ZoneC","EHP","MUL","  105.21","1","0","0","0","2","1","3","5671","71","423"
"424","Tokyo","Office","CL4","ZoneC","EHP","MUL"," 1781.84","1","0","0","0","1","2","3","1396","303","424"
"425","Tokyo","School","ElementarySchool","ZoneC","EHP","MUL"," 4094.04","1","0","0","0","2","1","3","32282","232","425"
"426","Tokyo","Office","CL4","ZoneC","AHP","CAV"," 1226.67","0","1","0","0","1","2","3","11348","112","426"
"427","Tokyo","Office","CL1","ZoneC","EHP","MUL","  142.36","1","0","0","0","1","1","2","2801","336","427"
"428","Tokyo","Office","CL2","ZoneC","EHP","MUL","  318.01","1","0","0","0","2","2","3","1277","153","428"
"429","Tokyo","Office","CL1","ZoneC","EHP","MUL","  196.58","1","0","0","0","2","2","3","11294","104","429"
"430","Tokyo","Office","CL1","ZoneC","EHP","MUL","  177.49","1","0","0","0","1","2","3","11293","195","430"
"431","Tokyo","Office","CL1","ZoneC","GHP","MUL","  143.15","1","0","0","0","1","1","3","5672","284","431"
"432","Tokyo","Hospital","CL3","ZoneC","EHP","MUL","  504.08","0","0","0","0","1","2","2","21653","297","432"
"433","Tokyo","Office","CL1","ZoneC","EHP","MUL","   58.39","1","0","0","0","1","2","3","11293","195","433"
"434","Tokyo","Retail","HousingClothingSuper","ZoneC","AHP","CAV","  525.32","1","0","0","0","2","1","3","26640","283","434"
"435","Tokyo","Retail","HousingClothingSuper","ZoneC","AHP","CAV","  107.90","1","0","0","0","1","2","2","28403","9","435"
"436","Tokyo","Office","CL1","ZoneC","EHP","MUL","  103.86","1","0","0","0","1","1","2","2801","336","436"
"437","Tokyo","Retail","ConvenienceStore","ZoneC","EHP","MUL","  234.92","1","0","0","0","1","2","3","30082","261","437"
"438","Tokyo","Office","CL2","ZoneC","EHP","MUL","  475.72","1","0","0","0","2","2","2","793","277","438"
"439","Tokyo","Retail","HousingClothingSuper","ZoneC","AHP","VAV","  443.44","1","0","0","0","1","2","3","30176","121","439"
"440","Tokyo","Retail","HousingClothingSuper","ZoneC","EHP","MUL","  473.08","1","0","0","0","1","2","3","30137","225","440"
"441","Tokyo","Retail","HousingClothingSuper","ZoneC","EHP","MUL","  283.62","0","0","0","0","2","1","3","26608","259","441"
"442","Tokyo","Retail","SpecialityShop","ZoneC","EHP","MUL"," 4015.76","0","0","0","0","2","2","2","28665","2","442"
"443","Tokyo","Office","CL1","ZoneC","GHP","MUL","  165.21","1","0","0","0","1","1","3","5672","284","443"
"444","Tokyo","Office","CL1","ZoneC","EHP","MUL","  197.78","1","0","0","0","2","2","3","11294","104","444"
"445","Tokyo","Office","CL1","ZoneC","EHP","MUL","  157.97","1","0","0","0","2","2","2","8476","355","445"
"446","Tokyo","Retail","HousingClothingSuper","ZoneC","EHP","MUL","  305.26","1","0","0","0","2","2","2","28375","65","446"
"447","Tokyo","Office","CL1","ZoneC","EHP","MUL","  180.19","1","0","0","0","2","2","2","8476","355","447"
"448","Tokyo","Office","CL2","ZoneC","EHP","MUL","  251.40","1","0","0","0","1","2","3","1246","321","448"
"449","Tokyo","Office","CL4","ZoneC","EHP","MUL"," 1822.26","1","0","0","0","2","1","2","39","152","449"
"450","Tokyo","Retail","ConvenienceDrug","ZoneC","EHP","MUL","  250.28","0","0","0","0","2","2","3","30074","282","450"
"451","Tokyo","Office","CL1","ZoneC","EHP","MUL","  123.17","1","0","0","0","1","2","3","11293","195","451"
"452","Tokyo","Office","CL1","ZoneC","GHP","MUL","   35.22","1","0","0","0","1","2","3","11295","297","452"
"453","Tokyo","Restaurant","UrbanRestaurant","ZoneC","EHP","MUL","  135.30","1","0","0","0","1","1","3","914","0","453"
"454","Tokyo","Office","CL1","ZoneC","EHP","MUL","  143.82","1","0","0","0","1","2","3","11293","195","454"
"455","Tokyo","Office","CL1","ZoneC","EHP","MUL","  195.06","1","0","0","0","1","2","3","11293","195","455"
"456","Tokyo","Retail","HousingClothingSuper","ZoneC","ABCH","FCU","  406.90","0","0","0","0","1","2","3","30159","169","456"
"457","Tokyo","Retail","SpecialityShop","ZoneC","GHP","MUL","  418.58","0","0","0","0","2","2","3","30436","295","457"
"458","Tokyo","Hospital","CL2","ZoneC","GHP","MUL","  446.80","0","0","0","0","1","2","3","23211","280","458"
"459","Tokyo","Retail","HousingClothingSuper","ZoneC","GHP","MUL","  622.06","1","0","0","0","2","2","3","30148","349","459"
"460","Tokyo","Office","CL1","ZoneC","GHP","MUL","  122.45","1","0","0","0","1","2","3","11295","297","460"
"461","Tokyo","Office","CL2","ZoneC","EHP","MUL","  258.56","0","0","0","0","1","2","2","780","257","461"
"462","Tokyo","Hotel","CL3","ZoneD","EHP","MUL","  524.26","0","0","0","0","1","2","3","17359","238","462"
"463","Tokyo","Retail","SpecialityShop","ZoneC","EHP","MUL","  180.24","0","0","0","0","2","2","3","30431","319","463"
"464","Tokyo","Office","CL1","ZoneC","EHP","MUL","  138.94","1","0","0","0","1","2","2","8475","393","464"
"465","Tokyo","Retail","SpecialityShop","ZoneC","GHP","MUL","  201.82","1","0","0","0","2","2","3","30437","189","465"
"466","Tokyo","Hospital","CL2","ZoneC","EHP","MUL","  436.10","1","0","0","0","1","1","3","20082","130","466"
"467","Tokyo","Office","CL1","ZoneC","EHP","MUL","  178.55","1","0","0","0","1","2","3","11293","195","467"
"468","Tokyo","Office","CL1","ZoneC","EHP","MUL","   58.43","1","0","0","0","2","2","3","11294","104","468"
"469","Tokyo","Retail","SpecialityShop","ZoneC","EHP","MUL","  702.88","0","0","0","0","1","2","3","30428","141","469"
"470","Tokyo","Office","CL2","ZoneC","GHP","MUL","  211.38","1","0","0","0","2","2","3","1287","199","470"
"471","Tokyo","Restaurant","UrbanRestaurant","ZoneC","EHP","MUL","  257.88","1","0","0","0","1","2","3","1264","0","471"
"472","Tokyo","Office","CL1","ZoneC","EHP","MUL","  173.04","1","0","0","0","1","1","3","5670","247","472"
"473","Tokyo","Office","CL1","ZoneC","EHP","MUL","  127.15","1","0","0","0","1","2","2","8475","393","473"
"474","Tokyo","Office","CL2","ZoneC","EHP","MUL","  225.28","1","0","0","0","1","1","3","217","381","474"
"475","Tokyo","Office","CL1","ZoneC","EHP","MUL","  141.68","1","0","0","0","1","1","2","2801","336","475"
"476","Tokyo","Office","CL1","ZoneC","EHP","MUL","  168.17","1","0","0","0","1","2","2","8475","393","476"
"477","Tokyo","Office","CL1","ZoneC","GHP","MUL","  108.78","1","0","0","0","1","2","2","8477","207","477"
"478","Tokyo","Office","CL3","ZoneC","EHP","MUL","  860.88","1","0","0","0","1","1","2","20","20","478"
"479","Tokyo","Office","CL1","ZoneC","EHP","MUL","  135.54","1","0","0","0","1","2","3","11293","195","479"
"480","Tokyo","Retail","ConvenienceStore","ZoneC","GHP","MUL","  216.00","0","0","0","0","2","2","3","30087","398","480"
"481","Tokyo","Office","CL3","ZoneC","EHP","MUL","  938.22","1","0","0","1","2","2","3","11313","128","481"
"482","Tokyo","Restaurant","UrbanRestaurant","ZoneC","EHP","MUL","  202.36","0","0","0","0","1","2","3","1263","0","482"
"483","Tokyo","Office","CL2","ZoneC","EHP","MUL","  235.02","0","0","0","0","1","2","3","1236","68","483"
"484","Tokyo","Office","CL3","ZoneC","EHP","MUL","  555.82","1","0","0","0","2","2","2","814","221","484"
"485","Tokyo","Office","CL2","ZoneC","GHP","MUL","  416.20","1","0","0","0","1","2","3","1283","331","485"
"486","Tokyo","Restaurant","UrbanRestaurant","ZoneC","EHP","MUL","  382.40","1","0","0","0","1","2","3","1264","0","486"
"487","Tokyo","Retail","HousingClothingSuper","ZoneC","EHP","MUL","  525.34","0","0","0","0","2","2","3","30140","127","487"
"488","Tokyo","Hospital","CL5","ZoneC","EHP","MUL"," 4525.80","0","0","0","0","2","2","3","23247","72","488"
"489","Tokyo","Retail","HousingClothingSuper","ZoneC","EHP","MUL","  314.54","1","0","0","0","1","1","2","24839","126","489"
"490","Tokyo","Office","CL2","ZoneC","GHP","MUL","  241.30","1","0","0","0","1","2","3","1284","179","490"
"491","Tokyo","Amusement","Fitness","ZoneC","EHP","MUL","  133.82","1","1","0","0","1","2","3","1463","0","491"
"492","Tokyo","Office","CL1","ZoneC","EHP","MUL","  168.26","1","0","0","0","2","2","3","11294","104","492"
"493","Tokyo","Office","CL2","ZoneC","EHP","MUL","  250.80","1","0","0","0","2","2","3","1279","37","493"
"494","Tokyo","Hotel","CL2","ZoneD","EHP","MUL","  407.48","1","0","0","0","1","1","2","13925","81","494"
"495","Tokyo","Retail","SpecialityShop","ZoneC","EHP","MUL","   70.88","0","0","0","0","2","2","3","30431","319","495"
"496","Tokyo","Office","CL2","ZoneC","EHP","MUL","  255.39","1","0","0","0","1","2","2","790","382","496"
"497","Tokyo","Office","CL4","ZoneC","EHP","MUL"," 1799.66","0","0","0","0","2","1","3","294","174","497"
"498","Tokyo","Office","CL3","ZoneC","EHP","MUL","  554.64","0","0","0","0","1","2","3","1296","34","498"
"499","Tokyo","Office","CL1","ZoneC","EHP","MUL","  106.40","1","0","0","0","1","1","2","2801","336","499"
"500","Tokyo","Office","CL1","ZoneC","EHP","MUL","  148.32","1","0","0","0","1","1","3","5670","247","500"
"501","Tokyo","Office","CL1","ZoneC","EHP","MUL","  108.49","1","0","0","0","1","1","3","5670","247","501"
"502","Tokyo","Office","CL2","ZoneC","GHP","MUL","  233.80","1","0","0","0","2","2","3","1288","389","502"
"503","Tokyo","Office","CL2","ZoneC","EHP","MUL","  331.42","1","0","0","0","1","1","3","218","158","503"
"504","Tokyo","Office","CL2","ZoneC","EHP","MUL","  380.35","1","0","0","0","1","2","2","786","306","504"
"505","Tokyo","Office","CL1","ZoneC","EHP","MUL","  144.57","1","0","0","0","1","2","2","8475","393","505"
"506","Tokyo","Office","CL1","ZoneC","EHP","MUL","  149.42","1","0","0","0","1","1","3","5670","247","506"
"507","Tokyo","Office","CL1","ZoneC","EHP","MUL","   58.02","1","0","0","0","1","2","3","11293","195","507"
"508","Tokyo","Office","CL2","ZoneC","EHP","MUL","  224.29","1","0","0","0","1","2","3","1264","136","508"
"509","Tokyo","Office","CL1","ZoneC","EHP","MUL","  174.39","1","0","0","0","2","2","3","11294","104","509"
"510","Tokyo","Retail","HousingClothingSuper","ZoneC","EHP","MUL","  870.20","1","0","0","0","2","2","3","30141","84","510"
"511","Tokyo","Office","CL2","ZoneC","EHP","MUL"," 5096.74","1","0","0","0","1","1","2","10","266","ëxç∫ésäwçZããêHÉZÉìÉ^Å["
"512","Tokyo","Office","CL1","ZoneC","EHP","MUL","  172.09","1","0","0","0","2","2","3","11294","104","512"
"513","Tokyo","Office","CL1","ZoneC","EHP","MUL","   77.15","1","0","0","0","2","2","3","11294","104","513"
"514","Tokyo","Office","CL3","ZoneC","EHP","MUL","  792.54","1","0","0","0","1","1","3","249","65","514"
"515","Tokyo","Office","CL2","ZoneC","GHP","MUL","  268.09","1","0","0","0","2","2","2","8487","229","515"
"516","Tokyo","Office","CL1","ZoneC","GHP","MUL","  145.35","1","0","0","0","1","2","3","11295","297","516"
"517","Tokyo","Office","CL2","ZoneC","EHP","MUL","  224.52","1","0","0","0","2","2","3","1275","347","517"
"518","Tokyo","Retail","HousingClothingSuper","ZoneC","AHP","CAV","  478.32","0","0","0","0","2","2","2","28405","394","518"
"519","Tokyo","Office","CL1","ZoneC","EHP","MUL","  199.16","1","0","0","0","1","1","3","5670","247","519"
"520","Tokyo","Hospital","CL5","ZoneC","AHP","CAV"," 3691.58","0","0","0","0","2","1","3","20146","95","520"
"521","Tokyo","Office","CL1","ZoneC","EHP","MUL","   89.71","1","0","0","0","1","2","3","11293","195","521"
"522","Tokyo","Retail","SpecialityShop","ZoneC","EHP","MUL"," 1051.04","1","0","0","0","1","2","3","30429","346","522"
"523","Tokyo","Office","CL1","ZoneC","EHP","MUL","  162.63","1","0","0","0","1","1","3","5670","247","523"
"524","Tokyo","Office","CL1","ZoneC","GHP","MUL","  145.32","1","0","0","0","1","1","3","5672","284","524"
"525","Tokyo","Retail","HousingClothingSuper","ZoneC","GHP","MUL","  584.76","0","0","0","0","1","1","3","26612","295","525"
"526","Tokyo","Office","CL1","ZoneC","EHP","MUL","   97.84","1","0","0","0","1","2","3","11293","195","526"
"527","Tokyo","Office","CL1","ZoneC","EHP","MUL","  161.48","1","0","0","0","2","2","2","8476","355","527"
"528","Tokyo","Office","CL1","ZoneC","EHP","MUL","  107.66","1","0","0","0","1","1","2","2801","336","528"
"529","Tokyo","Retail","SpecialityShop","ZoneC","EHP","MUL","  200.06","0","0","0","0","1","2","3","30428","141","529"
"530","Tokyo","Retail","HousingClothingSuper","ZoneC","EHP","MUL","  352.96","0","0","0","0","1","2","3","30136","360","530"
"531","Tokyo","Office","CL1","ZoneC","EHP","MUL","  116.18","1","0","0","0","1","2","3","11293","195","531"
"532","Tokyo","Office","CL2","ZoneC","EHP","MUL","  404.30","1","0","0","0","2","1","2","16","209","532"
"533","Tokyo","Office","CL1","ZoneC","EHP","MUL","  163.28","1","0","0","0","2","2","3","11294","104","533"
"534","Tokyo","School","ElementarySchool","ZoneC","GHP","MUL"," 6255.33","0","0","0","0","2","1","3","32285","360","534"
"535","Tokyo","Office","CL4","ZoneC","EHP","MUL"," 1512.34","1","0","1","0","2","2","3","11331","225","535"
"536","Tokyo","Retail","HousingClothingSuper","ZoneC","EHP","MUL","  351.68","0","0","0","0","1","2","3","30136","360","536"
"537","Tokyo","Office","CL3","ZoneC","EHP","MUL","  521.38","1","0","0","0","1","2","3","1299","60","537"
"538","Tokyo","Office","CL1","ZoneC","EHP","MUL","   98.84","1","0","0","0","2","1","3","5671","71","538"
"539","Tokyo","Office","CL2","ZoneC","EHP","MUL","  203.80","0","0","0","0","1","1","3","203","199","539"
"540","Tokyo","Office","CL2","ZoneC","EHP","MUL","  243.68","1","0","0","0","1","2","2","788","287","540"
"541","Tokyo","Hospital","CL3","ZoneC","EHP","MUL","  806.36","1","0","0","0","1","2","3","2450","339","541"
"542","Tokyo","Office","CL2","ZoneC","EHP","MUL","  230.39","1","0","0","0","2","2","2","796","40","542"
"543","Tokyo","Retail","HousingClothingSuper","ZoneC","EHP","MUL","  375.46","1","0","0","0","1","2","3","30137","225","543"
"544","Tokyo","Office","CL1","ZoneC","EHP","MUL","  147.97","1","0","0","0","1","2","3","11293","195","544"
"545","Tokyo","Office","CL1","ZoneC","EHP","MUL","  150.48","1","0","0","0","1","1","3","5670","247","545"
"546","Tokyo","Office","CL1","ZoneC","GHP","MUL","  133.52","1","0","0","0","1","2","2","8477","207","546"
"547","Tokyo","Office","CL2","ZoneC","EHP","MUL","  263.29","0","0","0","0","2","1","2","2808","194","547"
"548","Tokyo","Office","CL4","ZoneC","EHP","MUL"," 1447.32","1","0","0","0","1","2","2","826","333","548"
"549","Tokyo","Office","CL1","ZoneC","EHP","MUL","  187.00","1","0","0","0","2","2","3","11294","104","549"
"550","Tokyo","Retail","HousingClothingSuper","ZoneC","AHP","CAV","  602.12","0","0","0","0","1","2","3","30168","9","550"
"551","Tokyo","Office","CL2","ZoneC","EHP","MUL","  270.62","0","0","0","0","2","2","3","1265","381","551"
"552","Tokyo","Office","CL1","ZoneC","EHP","MUL","  166.58","1","0","0","0","2","2","3","11294","104","552"
"553","Tokyo","Office","CL2","ZoneC","EHP","MUL","  285.22","1","0","0","0","1","1","3","216","372","553"
"554","Tokyo","Office","CL1","ZoneC","EHP","MUL","  112.61","1","0","0","0","2","2","3","11294","104","554"
"555","Tokyo","Office","CL2","ZoneC","EHP","MUL","  277.44","0","0","0","0","2","1","2","2808","194","555"
"556","Tokyo","Office","CL1","ZoneC","EHP","MUL","  179.24","1","0","0","0","2","1","3","5671","71","556"
"557","Tokyo","Office","CL2","ZoneC","EHP","MUL","  368.94","0","0","0","0","1","2","2","781","53","557"
"558","Tokyo","Retail","HousingClothingSuper","ZoneC","ABCH","VAV","  219.88","1","0","0","0","1","2","3","30156","79","558"
"559","Tokyo","Retail","SpecialityShop","ZoneC","EHP","MUL","  233.92","0","0","0","0","2","2","3","30431","319","559"
"560","Tokyo","Office","CL1","ZoneC","EHP","MUL","  161.09","1","0","0","0","1","2","3","11293","195","560"
"561","Tokyo","Office","CL1","ZoneC","EHP","MUL","  197.89","1","0","0","0","2","2","3","11294","104","561"
"562","Tokyo","Office","CL2","ZoneC","EHP","MUL","  202.16","0","0","0","0","2","1","3","220","100","562"
"563","Tokyo","Hotel","CL4","ZoneD","EHP","MUL"," 1183.80","0","0","0","0","1","2","3","2336","253","563"
"564","Tokyo","Retail","HousingClothingSuper","ZoneC","EHP","MUL"," 1554.96","0","0","0","0","2","2","3","30140","127","564"
"565","Tokyo","Retail","HousingClothingSuper","ZoneC","EHP","MUL","  285.22","1","0","0","0","2","2","2","28375","65","565"
"566","Tokyo","Retail","ConvenienceStore","ZoneC","EHP","MUL","  326.92","0","0","0","0","1","1","3","26549","67","566"
"567","Tokyo","Office","CL1","ZoneC","EHP","MUL","   82.02","1","0","0","0","2","1","2","2802","207","567"
"568","Tokyo","Retail","SpecialityShop","ZoneC","EHP","MUL","  166.58","0","0","0","0","2","2","3","30431","319","568"
"569","Tokyo","Office","CL1","ZoneC","GHP","MUL","  102.81","1","0","0","0","1","2","3","11295","297","569"
"570","Tokyo","Office","CL1","ZoneC","EHP","MUL","  120.67","1","0","0","0","2","1","2","2802","207","570"
"571","Tokyo","Retail","HousingClothingSuper","ZoneC","ABCH","VAV","  342.38","1","0","0","0","1","2","3","30156","79","571"
"572","Tokyo","Office","CL5","ZoneC","GHP","MUL"," 4114.46","1","0","0","0","1","1","3","5751","266","572"
"573","Tokyo","Office","CL1","ZoneC","EHP","MUL","  129.21","1","0","0","0","1","1","3","5670","247","573"
"574","Tokyo","Office","CL1","ZoneC","EHP","MUL","  192.78","1","0","0","0","2","2","3","11294","104","574"
"575","Tokyo","Retail","HousingClothingSuper","ZoneC","GHP","MUL","  906.56","1","0","0","0","2","2","3","30148","349","575"
"576","Tokyo","Office","CL3","ZoneC","EHP","MUL","  820.16","1","0","0","0","1","2","3","1320","80","576"
"577","Tokyo","Office","CL1","ZoneC","EHP","MUL","  130.74","1","0","0","0","2","1","2","2802","207","577"
"578","Tokyo","Office","CL1","ZoneC","EHP","MUL","  155.74","1","0","0","0","1","2","3","11293","195","578"
"579","Tokyo","Office","CL2","ZoneC","EHP","MUL","  264.25","1","0","0","0","1","1","3","209","73","579"
"580","Tokyo","Office","CL2","ZoneC","EHP","MUL","  239.67","1","0","0","0","2","2","3","1279","37","580"
"581","Tokyo","Office","CL1","ZoneC","GHP","MUL","  136.97","1","0","0","0","1","1","2","2803","361","581"
"582","Tokyo","Office","CL1","ZoneC","EHP","MUL","   72.27","1","0","0","0","2","1","3","5671","71","582"
"583","Tokyo","Office","CL1","ZoneC","EHP","MUL","  160.33","1","0","0","0","1","2","3","11293","195","583"
"584","Tokyo","Office","CL2","ZoneC","GHP","MUL","  367.24","1","0","0","0","2","2","3","1288","389","584"
"585","Tokyo","Office","CL2","ZoneC","EHP","MUL","  203.43","0","0","0","0","2","2","3","1266","174","585"
"586","Tokyo","Office","CL1","ZoneC","EHP","MUL","  106.63","1","0","0","0","1","2","2","8475","393","586"
"587","Tokyo","Office","CL2","ZoneC","GHP","MUL","  210.48","1","0","0","0","2","2","2","8487","229","587"
"588","Tokyo","Retail","HousingClothingSuper","ZoneC","EHP","MUL","  348.00","1","0","0","0","2","2","3","30141","84","588"
"589","Tokyo","Office","CL4","ZoneC","EHP","MUL"," 1440.84","1","0","0","0","2","1","2","38","46","589"
"590","Tokyo","Office","CL2","ZoneC","EHP","MUL","  266.14","0","0","0","0","2","2","3","1268","246","590"
"591","Tokyo","Office","CL2","ZoneC","EHP","MUL","  418.72","0","0","0","0","1","1","3","203","199","591"
"592","Tokyo","Office","CL4","ZoneC","EHP","MUL"," 1012.20","1","0","0","0","1","1","2","33","277","592"
"593","Tokyo","School","ElementarySchool","ZoneC","GHP","MUL"," 3917.01","0","0","0","0","2","1","3","32285","360","593"
"594","Tokyo","Office","CL1","ZoneC","EHP","MUL","   76.05","1","0","0","0","2","2","2","8476","355","594"
"595","Tokyo","Retail","HousingClothingSuper","ZoneC","EHP","MUL","  304.28","1","0","1","1","1","2","3","30139","303","595"
"596","Tokyo","Retail","SpecialityShop","ZoneC","EHP","MUL","  171.52","1","0","0","0","1","2","3","30429","346","596"
"597","Tokyo","Office","CL1","ZoneC","GHP","MUL","  132.71","1","0","0","0","1","2","3","11295","297","597"
"598","Tokyo","Office","CL1","ZoneC","GHP","MUL","  195.74","1","0","0","0","1","2","2","8477","207","598"
"599","Tokyo","Retail","HousingClothingSuper","ZoneC","ABCH","VAV","  115.72","1","0","0","0","2","2","3","30158","44","599"
"600","Tokyo","Office","CL2","ZoneC","EHP","MUL","  206.99","1","0","0","0","1","2","2","785","175","600"
"601","Tokyo","Retail","ConvenienceStore","ZoneC","EHP","MUL","  294.68","1","0","0","0","2","2","2","28318","379","601"
"602","Tokyo","Office","CL1","ZoneC","GHP","MUL","  143.93","1","0","0","0","1","2","3","11295","297","602"
"603","Tokyo","Retail","HousingClothingSuper","ZoneC","GHP","MUL","  145.04","1","0","1","0","2","2","3","30149","47","603"
"604","Tokyo","Office","CL2","ZoneC","EHP","MUL"," 7078.24","1","0","0","0","1","1","2","10","266","åßóßî™ì˙ésèÍì¡ï éxâáäwçZ"
"605","Tokyo","Office","CL1","ZoneC","EHP","MUL","   63.04","1","0","0","0","1","1","3","5670","247","605"
"606","Tokyo","Office","CL1","ZoneC","EHP","MUL","  118.86","1","0","0","0","1","1","3","5670","247","606"
"607","Tokyo","Restaurant","UrbanCafe","ZoneC","EHP","MUL","  173.62","1","0","0","0","1","1","2","154","0","607"
"608","Tokyo","Office","CL1","ZoneC","EHP","MUL","  143.85","1","0","0","0","2","2","3","11294","104","608"
"609","Tokyo","Office","CL1","ZoneC","EHP","MUL","  127.53","1","0","0","0","1","2","3","11293","195","609"
"610","Tokyo","Office","CL2","ZoneC","EHP","MUL","  418.42","1","0","0","0","2","1","3","226","197","610"
"611","Tokyo","Office","CL2","ZoneC","GHP","MUL","  413.86","1","0","0","0","2","2","3","1287","199","611"
"612","Tokyo","Retail","HousingClothingSuper","ZoneC","EHP","MUL","  305.22","1","0","0","0","1","2","3","30137","225","612"
"613","Tokyo","Office","CL2","ZoneC","EHP","MUL","  217.96","0","0","0","0","1","1","3","204","114","613"
"614","Tokyo","Office","CL1","ZoneC","EHP","MUL","  194.96","1","0","0","0","1","2","3","11293","195","614"
"615","Tokyo","Office","CL1","ZoneC","EHP","MUL","  121.17","1","0","0","0","1","1","3","5670","247","615"
"616","Tokyo","Retail","HousingClothingSuper","ZoneC","ABCH","OHUFCU"," 2108.96","1","0","0","0","1","1","3","26632","168","616"
"617","Tokyo","Office","CL1","ZoneC","EHP","MUL","   94.09","1","0","0","0","1","1","2","2801","336","617"
"618","Tokyo","Office","CL2","ZoneC","EHP","MUL","  206.61","1","0","0","0","2","1","3","223","188","618"
"619","Tokyo","Office","CL2","ZoneC","EHP","MUL","  259.78","1","0","0","0","2","2","3","1279","37","619"
"620","Tokyo","Office","CL2","ZoneC","EHP","MUL","  253.96","1","0","0","0","1","1","3","216","372","620"
"621","Tokyo","Office","CL1","ZoneC","EHP","MUL","  140.91","1","0","0","0","1","2","3","11293","195","621"
"622","Tokyo","Hospital","CL2","ZoneC","EHP","MUL","  229.68","0","0","0","0","2","1","2","18516","387","622"
"623","Tokyo","Office","CL2","ZoneC","EHP","MUL","  414.04","1","0","0","0","1","1","3","207","113","623"
"624","Tokyo","Restaurant","UrbanBar","ZoneC","EHP","MUL","  147.14","1","0","0","0","1","2","2","444","0","624"
"625","Tokyo","Retail","SpecialityShop","ZoneC","EHP","MUL","  363.42","0","0","0","0","1","2","3","30428","141","625"
"626","Tokyo","Retail","HousingClothingSuper","ZoneC","AHP","VAV","  272.96","1","0","0","0","1","2","3","30176","121","626"
"627","Tokyo","Office","CL1","ZoneC","EHP","MUL","  178.66","1","0","0","0","2","1","3","5671","71","627"
"628","Tokyo","Office","CL1","ZoneC","EHP","MUL","  174.94","1","0","0","0","2","2","3","11294","104","628"
"629","Tokyo","Office","CL4","ZoneC","EHP","MUL"," 1475.82","1","0","0","0","1","2","3","1376","36","629"
"630","Tokyo","Office","CL1","ZoneC","EHP","MUL","  194.42","1","0","0","0","2","2","3","11294","104","630"
"631","Tokyo","Retail","HousingClothingSuper","ZoneC","AHP+TESICE","CAV","  290.86","0","0","0","0","2","2","3","30200","101","631"
"632","Tokyo","Office","CL4","ZoneC","EHP","MUL"," 1762.56","1","0","0","0","1","1","2","36","95","632"
"633","Tokyo","Retail","HousingClothingSuper","ZoneC","EHP","MUL","  672.80","1","0","0","0","2","2","2","28375","65","633"
"634","Tokyo","Office","CL2","ZoneC","EHP","MUL","  208.71","0","0","0","0","2","1","2","2808","194","634"
"635","Tokyo","Amusement","Fitness","ZoneC","EHP","MUL","  261.20","1","1","0","0","1","2","3","1463","0","635"
"636","Tokyo","Office","CL5","ZoneC","EHP","MUL"," 3279.36","1","0","0","0","1","1","2","48","381","636"
"637","Tokyo","Office","CL2","ZoneC","EHP","MUL","  211.48","1","0","0","0","1","1","3","211","95","637"
"638","Tokyo","Office","CL2","ZoneC","EHP","MUL","12814.84","1","0","0","0","1","1","2","10","266","ÉtÉFÉçÅ[ÉeÉbÉNÇ›Ç«ÇËïΩî≠ìdèä"
"639","Tokyo","Office","CL4","ZoneC","EHP","MUL"," 1548.00","1","0","0","0","2","2","3","1418","247","639"
"640","Tokyo","Retail","HousingClothingSuper","ZoneC","EHP","MUL"," 1893.22","0","0","0","0","2","2","3","30140","127","640"
"641","Tokyo","Office","CL8c","ZoneA","AHP+TESICE","VAV","25815.68","1","0","1","1","3","2","3","11955","16","641"
"642","Tokyo","Office","CL2","ZoneC","EHP","MUL"," 6319.92","1","0","0","0","1","1","2","10","266","ÇiÇ`ÇwÇrÇnÇmÇrÅDÇoÅDÇhêÁótçHèÍ"
"643","Tokyo","Office","CL1","ZoneC","GHP","MUL","  134.26","1","0","0","0","1","2","2","8477","207","643"
"644","Tokyo","Office","CL1","ZoneC","EHP","MUL","   84.66","1","0","0","0","2","1","3","5671","71","644"
"645","Tokyo","Office","CL1","ZoneC","EHP","MUL","  159.59","1","0","0","0","2","1","3","5671","71","645"
"646","Tokyo","Office","CL1","ZoneC","EHP","MUL","   53.96","1","0","0","0","1","2","2","8475","393","646"
"647","Tokyo","Retail","SpecialityShop","ZoneC","EHP","MUL","  188.92","1","0","0","0","1","2","3","30429","346","647"
"648","Tokyo","Office","CL1","ZoneC","EHP","MUL","  131.06","1","0","0","0","2","1","3","5671","71","648"
"649","Tokyo","Office","CL2","ZoneC","EHP","MUL","  228.87","1","0","0","0","1","1","2","12","263","649"
"650","Tokyo","Office","CL2","ZoneC","EHP","MUL","  266.17","1","0","0","0","2","2","3","1279","37","650"
"651","Tokyo","Retail","HousingClothingSuper","ZoneC","EHP","MUL","   63.82","0","0","0","0","1","2","3","30136","360","651"
"652","Tokyo","Office","CL1","ZoneC","EHP","MUL","  174.04","1","0","0","0","2","2","3","11294","104","652"
"653","Tokyo","Office","CL1","ZoneC","EHP","MUL","   95.04","1","0","0","0","1","1","3","5670","247","653"
"654","Tokyo","Office","CL2","ZoneC","GHP","MUL","  244.60","1","0","0","0","2","2","3","1288","389","654"
"655","Tokyo","Office","CL2","ZoneC","EHP","MUL"," 5288.50","1","0","0","0","1","1","2","10","266","éRåKÉÅÉÇÉäÉAÉãÉzÅ[Éã"
"656","Tokyo","Retail","ConvenienceStore","ZoneC","EHP","MUL","  457.84","0","0","0","0","1","1","3","26549","67","656"
"657","Tokyo","Restaurant","UrbanRestaurant","ZoneC","EHP","MUL","  731.52","1","0","0","0","1","2","3","1264","0","657"
"658","Tokyo","Retail","HousingClothingSuper","ZoneC","AHP","OHUFCU"," 1896.98","0","0","0","0","2","2","2","28422","363","658"
"659","Tokyo","Restaurant","UrbanRestaurant","ZoneC","EHP","MUL","   95.00","1","0","0","0","1","1","3","914","0","659"
"660","Tokyo","Office","CL1","ZoneC","EHP","MUL","  144.04","1","0","0","0","2","2","3","11294","104","660"
"661","Tokyo","Retail","HousingClothingSuper","ZoneC","EHP","MUL","  423.44","0","0","0","0","2","2","2","28374","119","661"
"662","Tokyo","Office","CL1","ZoneC","EHP","MUL","  183.13","1","0","0","0","1","2","3","11293","195","662"
"663","Tokyo","Office","CL1","ZoneC","EHP","MUL","  129.89","1","0","0","0","2","1","3","5671","71","663"
"664","Tokyo","Retail","HousingClothingSuper","ZoneC","AHP","FCU","  363.42","1","0","0","0","2","1","2","24886","59","664"
"665","Tokyo","Retail","HousingClothingSuper","ZoneC","AHP+TESICE","CAV","  336.54","1","0","0","0","2","2","3","30201","168","665"
"666","Tokyo","Office","CL1","ZoneC","EHP","MUL","   44.04","1","0","0","0","2","2","3","11294","104","666"
"667","Tokyo","Restaurant","UrbanRestaurant","ZoneC","EHP","MUL","  268.90","0","0","0","0","1","2","3","1263","0","667"
"668","Tokyo","Office","CL2","ZoneC","EHP","MUL","  278.22","0","0","0","0","1","2","2","782","65","668"
"669","Tokyo","Retail","HousingClothingSuper","ZoneC","EHP","MUL","  463.50","1","0","0","0","1","1","3","26605","7","669"
"670","Tokyo","Office","CL2","ZoneC","EHP","MUL","  239.65","1","0","0","0","1","1","3","207","113","670"
"671","Tokyo","Office","CL1","ZoneC","EHP","MUL","  132.67","1","0","0","0","2","1","3","5671","71","671"
"672","Tokyo","Office","CL1","ZoneC","EHP","MUL","   64.76","1","0","0","0","2","1","2","2802","207","672"
"673","Tokyo","Office","CL1","ZoneC","GHP","MUL","  128.81","1","0","0","0","1","2","3","11295","297","673"
"674","Tokyo","Restaurant","UrbanRestaurant","ZoneC","EHP","MUL","  558.12","1","0","0","0","1","2","3","1264","0","674"
"675","Tokyo","Hospital","CL1","ZoneC","EHP","MUL","  162.57","0","0","0","0","2","2","2","21645","5","675"
"676","Tokyo","Office","CL5","ZoneC","EHP","MUL"," 3189.74","0","0","0","0","2","2","3","1487","167","676"
"677","Tokyo","Office","CL1","ZoneC","EHP","MUL","   96.04","1","0","0","0","2","2","3","11294","104","677"
"678","Tokyo","Office","CL5","ZoneC","AHP","FCU"," 2834.92","1","0","0","0","2","2","2","8619","66","678"
"679","Tokyo","Office","CL1","ZoneC","EHP","MUL","  127.74","1","0","0","0","1","2","3","11293","195","679"
"680","Tokyo","Office","CL2","ZoneC","EHP","MUL","  275.86","1","0","0","0","1","2","3","1243","2","680"
"681","Tokyo","Office","CL5","ZoneC","EHP","MUL"," 2685.08","1","0","0","0","1","1","3","330","102","681"
"682","Tokyo","Hospital","CL7","ZoneC","AHP","CAV","14560.80","1","0","1","0","1","1","3","20244","31","682"
"683","Tokyo","Office","CL2","ZoneC","EHP","MUL","  231.84","0","0","0","0","2","2","2","792","394","683"
"684","Tokyo","Office","CL1","ZoneC","EHP","MUL","  104.67","1","0","0","0","2","2","3","11294","104","684"
"685","Tokyo","Office","CL2","ZoneC","EHP","MUL"," 5352.72","1","0","0","0","1","1","2","10","266","åßóßëxç∫çÇìôäwçZ"
"686","Tokyo","Office","CL5","ZoneC","EHP","MUL"," 2999.40","0","0","0","0","2","2","2","863","283","686"
"687","Tokyo","Office","CL3","ZoneC","GHP","MUL","  758.06","1","0","0","0","2","2","3","1356","156","687"
"688","Tokyo","Office","CL5","ZoneC","AHP","CAV"," 4515.20","0","1","0","0","2","2","3","11409","18","688"
"689","Tokyo","Restaurant","UrbanYakiniku","ZoneC","EHP","MUL","  468.86","1","0","0","0","1","2","3","1384","0","689"
"690","Tokyo","Office","CL1","ZoneC","EHP","MUL","   65.17","1","0","0","0","2","2","2","8476","355","690"
"691","Tokyo","Hospital","CL2","ZoneC","EHP","MUL","  431.08","0","0","0","0","1","2","3","23207","327","691"
"692","Tokyo","Retail","HousingClothingSuper","ZoneC","EHP","MUL"," 1084.38","1","0","1","0","1","2","2","28372","260","692"
"693","Tokyo","Retail","HousingClothingSuper","ZoneC","EHP","MUL","  143.76","0","0","0","0","2","2","3","30140","127","693"
"694","Tokyo","Office","CL2","ZoneC","GHP","MUL","  255.45","1","0","0","0","2","1","3","5681","44","694"
"695","Tokyo","Restaurant","UrbanRestaurant","ZoneC","EHP","MUL","  227.50","1","0","0","0","1","2","2","564","0","695"
"696","Tokyo","Retail","HousingClothingSuper","ZoneC","AHP","OHUFCU","  982.88","0","0","0","0","1","1","2","24887","374","696"
"697","Tokyo","Retail","HousingClothingSuper","ZoneC","AHP","VAV","  454.10","1","0","1","0","2","2","3","30180","26","697"
"698","Tokyo","Retail","HousingClothingSuper","ZoneC","EHP","MUL","  600.34","1","0","0","0","1","2","3","30137","225","698"
"699","Tokyo","Retail","ConvenienceDrug","ZoneC","EHP","MUL","  273.12","0","0","0","0","1","2","3","30071","283","699"
"700","Tokyo","Restaurant","UrbanRestaurant","ZoneC","EHP","MUL","  358.84","1","0","0","0","1","2","2","564","0","700"
"701","Tokyo","Restaurant","UrbanRestaurant","ZoneC","EHP","MUL","  939.26","1","0","0","0","1","2","2","564","0","701"
"702","Tokyo","Office","CL1","ZoneC","GHP","MUL","  120.08","1","0","0","0","1","1","3","5672","284","702"
"703","Tokyo","Office","CL2","ZoneC","EHP","MUL","  663.06","1","0","0","0","1","1","2","10","266","ÅióLÅjèüå“é©ìÆé‘ïîïi"
"704","Tokyo","Retail","HousingClothingSuper","ZoneC","EHP","MUL"," 1820.43","0","0","0","0","2","2","3","30140","127","704"
"705","Tokyo","Hospital","CL2","ZoneC","GHP","MUL","  392.10","1","0","0","0","1","1","3","20086","16","705"
"706","Tokyo","Retail","HousingClothingSuper","ZoneC","EHP","MUL"," 1257.82","0","0","0","0","1","2","3","30136","360","706"
"707","Tokyo","Retail","SpecialityShop","ZoneC","EHP","MUL","  407.80","0","0","0","0","2","2","3","30431","319","707"
"708","Tokyo","Restaurant","UrbanRestaurant","ZoneC","EHP","MUL","  334.96","1","0","0","0","1","1","2","214","0","708"
"709","Tokyo","Retail","HousingClothingSuper","ZoneC","COM","CAV","  209.58","0","0","0","0","1","1","3","26659","289","709"
"710","Tokyo","Hospital","CL1","ZoneC","EHP","MUL","  181.72","0","0","0","0","2","2","2","21645","5","710"
"711","Tokyo","Office","CL1","ZoneC","EHP","MUL","   77.93","1","0","0","0","2","2","3","11294","104","711"
"712","Tokyo","Office","CL1","ZoneC","EHP","MUL","  174.33","1","0","0","0","1","2","3","11293","195","712"
"713","Tokyo","Office","CL1","ZoneC","EHP","MUL","   70.90","1","0","0","0","2","1","3","5671","71","713"
"714","Tokyo","Retail","HousingClothingSuper","ZoneC","EHP","MUL","  358.12","1","0","0","0","2","2","3","30141","84","714"
"715","Tokyo","Office","CL5","ZoneC","AHP","CAV"," 3638.40","1","0","1","1","2","2","3","11408","264","715"
"716","Tokyo","Retail","HousingClothingSuper","ZoneC","EHP","MUL","  546.78","0","0","0","0","2","2","3","30140","127","716"
"717","Tokyo","Hospital","CL1","ZoneC","EHP","MUL","  125.32","0","0","0","0","2","2","2","21645","5","717"
"718","Tokyo","Office","CL1","ZoneC","EHP","MUL","  194.41","1","0","0","0","2","2","3","11294","104","718"
"719","Tokyo","Retail","SpecialityShop","ZoneC","EHP","MUL","  192.90","0","0","0","0","1","2","3","30428","141","719"
"720","Tokyo","Office","CL4","ZoneC","EHP","MUL"," 1591.65","1","0","0","0","1","2","3","1371","215","720"
"721","Tokyo","Restaurant","UrbanRestaurant","ZoneC","EHP","MUL","  224.54","1","0","0","0","1","2","3","1264","0","721"
"722","Tokyo","Office","CL2","ZoneC","EHP","MUL","  293.00","0","0","0","0","2","2","2","791","202","722"
"723","Tokyo","Office","CL1","ZoneC","EHP","MUL","   77.93","1","0","0","0","1","1","3","5670","247","723"
"724","Tokyo","Retail","SpecialityShop","ZoneC","EHP","MUL","  226.28","0","0","0","0","2","2","3","30431","319","724"
"725","Tokyo","Office","CL1","ZoneC","EHP","MUL","  108.00","1","0","0","0","1","1","3","5670","247","725"
"726","Tokyo","Office","CL1","ZoneC","GHP","MUL","   66.75","1","0","0","0","1","1","3","5672","284","726"
"727","Tokyo","Office","CL2","ZoneC","EHP","MUL","  238.14","1","0","0","0","1","2","3","1252","278","727"
"728","Tokyo","Retail","HousingClothingSuper","ZoneC","EHP","MUL","  395.38","0","0","0","0","2","1","2","24842","304","728"
"729","Tokyo","Office","CL1","ZoneC","EHP","MUL","   98.88","1","0","0","0","1","1","3","5670","247","729"
"730","Tokyo","Retail","SpecialityShop","ZoneC","EHP","MUL","  227.06","0","0","0","0","1","2","2","28662","170","730"
"731","Tokyo","Restaurant","UrbanRestaurant","ZoneC","EHP","MUL","  128.60","1","0","0","0","1","2","3","1264","0","731"
"732","Tokyo","Restaurant","UrbanRestaurant","ZoneC","EHP","MUL","  128.70","0","0","0","0","1","1","3","913","0","732"
"733","Tokyo","Office","CL3","ZoneC","EHP","MUL","  827.34","1","0","0","0","2","1","3","261","341","733"
"734","Tokyo","Retail","HousingClothingSuper","ZoneC","AHP","CAV","  322.92","0","0","0","0","2","2","3","30171","104","734"
"735","Tokyo","Retail","HousingClothingSuper","ZoneC","EHP","MUL","  615.76","1","0","0","0","2","2","2","28375","65","735"
"736","Tokyo","Restaurant","UrbanRestaurant","ZoneC","EHP","MUL","  864.03","1","0","0","0","1","1","3","914","0","736"
"737","Tokyo","Office","CL1","ZoneC","EHP","MUL","  156.27","1","0","0","0","2","2","3","11294","104","737"
"738","Tokyo","Retail","SpecialityShop","ZoneC","EHP","MUL","  151.54","0","0","0","0","1","2","3","30428","141","738"
"739","Tokyo","Office","CL1","ZoneC","EHP","MUL","  178.31","1","0","0","0","2","2","3","11294","104","739"
"740","Tokyo","Office","CL2","ZoneC","EHP","MUL","  211.58","0","0","0","0","2","1","3","219","91","740"
"741","Tokyo","Office","CL3","ZoneC","EHP","MUL","  663.88","1","0","0","0","1","1","3","246","320","741"
"742","Tokyo","Office","CL3","ZoneC","EHP","MUL","  553.50","1","0","0","0","2","2","3","1341","316","742"
"743","Tokyo","Hospital","CL2","ZoneC","GHP","MUL","  426.56","1","0","0","0","1","2","3","23212","292","743"
"744","Tokyo","Retail","SpecialityShop","ZoneC","EHP","MUL","  234.56","1","0","0","0","1","2","2","28663","279","744"
"745","Tokyo","Hospital","CL2","ZoneC","EHP","MUL","  273.06","0","0","0","0","1","2","3","23207","327","745"
"746","Tokyo","Office","CL1","ZoneC","EHP","MUL","   80.51","1","0","0","0","2","2","2","8476","355","746"
"747","Tokyo","Retail","ConvenienceStore","ZoneC","GHP","MUL","  400.38","1","0","0","0","1","2","3","30086","175","747"
"748","Tokyo","Office","CL1","ZoneC","EHP","MUL","  152.65","1","0","0","0","1","2","2","8475","393","748"
"749","Tokyo","Retail","HousingClothingSuper","ZoneC","EHP","MUL","  266.94","1","0","0","0","2","2","3","30141","84","749"
"750","Tokyo","Restaurant","UrbanRestaurant","ZoneC","EHP","MUL","  385.14","1","0","0","0","1","2","3","1264","0","750"
"751","Tokyo","Hospital","CL3","ZoneC","EHP","MUL","  925.56","0","0","0","0","1","2","2","21653","297","751"
"752","Tokyo","Office","CL3","ZoneC","AHP","CAV","  925.72","1","1","0","0","1","1","3","5700","290","752"
"753","Tokyo","Office","CL1","ZoneC","EHP","MUL","  138.27","1","0","0","0","1","2","3","11293","195","753"
"754","Tokyo","Retail","SpecialityShop","ZoneC","EHP","MUL","  686.92","0","0","0","0","2","2","3","30431","319","754"
"755","Tokyo","Office","CL2","ZoneC","EHP","MUL","  291.84","1","0","0","0","1","2","3","1247","173","755"
"756","Tokyo","Office","CL2","ZoneC","EHP","MUL","  395.00","1","0","0","0","2","2","2","794","5","756"
"757","Tokyo","Office","CL1","ZoneC","EHP","MUL","  134.95","1","0","0","0","1","2","3","11293","195","757"
"758","Tokyo","Retail","SpecialityShop","ZoneC","EHP","MUL","  170.44","1","0","0","0","2","2","3","30432","387","758"
"759","Tokyo","Office","CL1","ZoneC","EHP","MUL","  172.66","1","0","0","0","1","2","2","8475","393","759"
"760","Tokyo","Retail","SpecialityShop","ZoneC","EHP","MUL","  233.18","0","0","0","0","1","2","3","30428","141","760"
"761","Tokyo","Office","CL1","ZoneC","EHP","MUL","  114.54","1","0","0","0","1","2","2","8475","393","761"
"762","Tokyo","Retail","SpecialityShop","ZoneC","EHP","MUL","  160.08","0","0","0","0","2","2","3","30431","319","762"
"763","Tokyo","Retail","HousingClothingSuper","ZoneC","EHP","MUL","  227.00","1","0","0","0","2","2","3","30141","84","763"
"764","Tokyo","Office","CL2","ZoneC","EHP","MUL","  243.06","1","0","0","0","2","2","3","1279","37","764"
"765","Tokyo","Retail","SpecialityShop","ZoneC","EHP","MUL","  157.44","0","0","0","0","1","1","3","26896","13","765"
"766","Tokyo","Office","CL3","ZoneC","GHP","MUL","  571.76","1","0","0","0","2","1","3","5694","244","766"
"767","Tokyo","Office","CL1","ZoneC","GHP","MUL","   68.14","1","0","0","0","1","2","2","8477","207","767"
"768","Tokyo","Retail","HousingClothingSuper","ZoneC","ABCH","OHUFCU","   79.76","0","0","0","0","1","2","3","30163","149","768"
"769","Tokyo","Office","CL1","ZoneC","EHP","MUL","   49.83","1","0","0","0","1","1","3","5670","247","769"
"770","Tokyo","Retail","HousingClothingSuper","ZoneC","EHP","MUL","  767.58","0","0","0","0","1","2","3","30136","360","770"
"771","Tokyo","Office","CL1","ZoneC","EHP","MUL","  104.77","1","0","0","0","2","2","3","11294","104","771"
"772","Tokyo","Retail","SpecialityShop","ZoneC","GHP","MUL","  193.88","0","0","0","0","2","2","2","28670","149","772"
"773","Tokyo","Retail","SpecialityShop","ZoneC","EHP","MUL","  237.16","0","0","0","0","1","2","3","30428","141","773"
"774","Tokyo","Office","CL2","ZoneC","GHP","MUL","  214.79","0","0","0","0","1","1","2","2812","76","774"
"775","Tokyo","Restaurant","UrbanRestaurant","ZoneC","EHP","MUL","  138.00","1","0","0","0","1","2","3","1264","0","775"
"776","Tokyo","Office","CL2","ZoneC","EHP","MUL","  235.37","0","0","0","0","2","2","2","792","394","776"
"777","Tokyo","Office","CL2","ZoneC","EHP","MUL","  231.98","1","0","0","0","2","2","3","1269","119","777"
"778","Tokyo","Retail","HousingClothingSuper","ZoneC","GHP","MUL","  328.48","0","0","0","0","1","1","3","26612","295","778"
"779","Tokyo","Office","CL1","ZoneC","EHP","MUL","   80.56","1","0","0","0","1","1","2","2801","336","779"
"780","Tokyo","Office","CL1","ZoneC","EHP","MUL","  199.20","1","0","0","0","1","2","3","11293","195","780"
"781","Tokyo","Hospital","CL2","ZoneC","EHP","MUL","  420.36","0","0","0","0","1","1","3","20081","347","781"
"782","Tokyo","Office","CL2","ZoneC","EHP","MUL","  202.20","0","0","0","0","1","1","3","205","189","782"
"783","Tokyo","Retail","SpecialityShop","ZoneC","GHP","MUL","   86.98","0","0","0","0","1","2","3","30434","276","783"
"784","Tokyo","Restaurant","UrbanRestaurant","ZoneC","EHP","MUL","  192.40","1","0","0","0","1","2","2","564","0","784"
"785","Tokyo","Office","CL3","ZoneC","EHP","MUL","  590.12","1","0","0","0","1","2","3","1326","286","785"
"786","Tokyo","Office","CL2","ZoneC","EHP","MUL","  252.36","0","0","0","0","1","2","2","782","65","786"
"787","Tokyo","Retail","HousingClothingSuper","ZoneC","AHP+TESICE","CAV","  314.52","0","0","0","0","2","2","2","28434","95","787"
"788","Tokyo","Retail","SpecialityShop","ZoneC","GHP","MUL","  172.34","0","0","0","0","1","2","2","28668","64","788"
"789","Tokyo","Restaurant","UrbanRestaurant","ZoneC","EHP","MUL","  152.08","1","0","0","0","1","2","3","1264","0","789"
"790","Tokyo","Retail","HousingClothingSuper","ZoneC","AHP","CAV","  268.80","1","0","1","0","1","2","2","28404","243","790"
"791","Tokyo","Retail","SpecialityShop","ZoneC","EHP","MUL","  280.64","0","0","0","0","1","2","3","30428","141","791"
"792","Tokyo","Retail","HousingClothingSuper","ZoneC","EHP","MUL","  499.70","0","0","0","0","1","2","3","30136","360","792"
"793","Tokyo","Office","CL3","ZoneC","EHP","MUL","  870.90","1","0","0","0","2","1","3","259","50","793"
"794","Tokyo","Retail","SpecialityShop","ZoneC","EHP","MUL","  567.88","0","0","0","0","2","1","3","26899","37","794"
"795","Tokyo","Restaurant","UrbanRestaurant","ZoneC","EHP","MUL","  463.17","1","0","0","0","1","2","3","1264","0","795"
"796","Tokyo","Office","CL2","ZoneC","EHP","MUL","  448.20","0","0","0","0","1","2","3","1237","380","796"
"797","Tokyo","Retail","HousingClothingSuper","ZoneC","GHP","MUL","  709.92","0","0","0","0","2","1","3","26615","316","797"
"798","Tokyo","Office","CL1","ZoneC","EHP","MUL","  120.14","1","0","0","0","2","2","3","11294","104","798"
"799","Tokyo","Office","CL2","ZoneC","EHP","MUL","  401.38","1","0","0","0","2","2","3","1273","56","799"
"800","Tokyo","Retail","HousingClothingSuper","ZoneC","EHP","MUL","  317.36","0","0","0","0","1","2","3","30136","360","800"
"801","Tokyo","Office","CL1","ZoneC","EHP","MUL","  147.28","1","0","0","0","1","1","3","5670","247","801"
"802","Tokyo","Office","CL2","ZoneC","EHP","MUL","  487.14","1","0","0","0","2","1","3","221","175","802"
"803","Tokyo","Hospital","CL3","ZoneC","EHP","MUL","  770.74","1","0","0","0","2","2","3","23216","276","803"
"804","Tokyo","Office","CL5","ZoneC","AHP","VAV"," 2043.36","1","0","0","0","1","2","2","8608","72","804"
"805","Tokyo","Office","CL2","ZoneC","EHP","MUL","  244.54","0","0","0","0","1","2","3","1240","312","805"
"806","Tokyo","Hospital","CL1","ZoneC","EHP","MUL","  173.80","0","0","0","0","1","2","3","23205","50","806"
"807","Tokyo","Retail","SpecialityShop","ZoneC","GHP","MUL","  322.92","0","0","0","0","1","1","2","25136","49","807"
"808","Tokyo","Hospital","CL3","ZoneC","EHP","MUL","  536.76","1","0","1","0","2","2","3","23217","138","808"
"809","Tokyo","Hospital","CL1","ZoneC","EHP","MUL","  164.83","0","0","0","0","2","2","3","23206","378","809"
"810","Tokyo","Hotel","CL3","ZoneD","EHP","MUL","  593.64","1","0","0","0","1","2","3","17360","225","810"
"811","Tokyo","Office","CL2","ZoneC","EHP","MUL","  221.14","1","0","0","0","2","2","3","1274","157","811"
"812","Tokyo","Office","CL1","ZoneC","GHP","MUL","  114.14","1","0","0","0","1","1","3","5672","284","812"
"813","Tokyo","Office","CL1","ZoneC","EHP","MUL","  135.42","1","0","0","0","2","2","2","8476","355","813"
"814","Tokyo","Office","CL2","ZoneC","EHP","MUL","  217.04","1","0","1","0","2","1","2","2810","85","814"
"815","Tokyo","Retail","SpecialityShop","ZoneC","EHP","MUL","  138.14","0","0","0","0","1","1","3","26896","13","815"
"816","Tokyo","Retail","HousingClothingSuper","ZoneC","EHP","MUL","  209.46","0","0","0","0","1","2","3","30136","360","816"
"817","Tokyo","Retail","HousingClothingSuper","ZoneC","EHP","MUL","  703.04","1","0","1","0","1","2","3","30138","136","817"
"818","Tokyo","Retail","ConvenienceDrug","ZoneC","EHP","MUL","  494.52","1","0","0","0","1","2","2","28306","273","818"
"819","Tokyo","Retail","HousingClothingSuper","ZoneC","EHP","MUL","  620.08","1","0","1","0","2","2","2","28376","342","819"
"820","Tokyo","Retail","HousingClothingSuper","ZoneC","EHP","MUL","  164.82","0","0","0","0","2","2","2","28374","119","820"
"821","Tokyo","Hospital","CL1","ZoneC","EHP","MUL","  118.20","0","0","0","0","2","2","3","23206","378","821"
"822","Tokyo","Office","CL4","ZoneC","ABCH","CAV"," 1720.12","1","0","0","0","1","2","2","8526","364","822"
"823","Tokyo","Office","CL1","ZoneC","GHP","MUL","  179.79","1","0","0","0","1","1","3","5672","284","823"
"824","Tokyo","Office","CL5","ZoneC","EHP","MUL"," 2277.99","0","0","0","0","2","2","2","863","283","824"
"825","Tokyo","Hospital","CL2","ZoneC","EHP","MUL","  202.34","1","0","0","0","2","2","2","21649","351","825"
"826","Tokyo","Office","CL4","ZoneC","EHP","MUL"," 1326.12","1","0","0","0","2","1","3","296","85","826"
"827","Tokyo","Hospital","CL3","ZoneC","EHP","MUL","  883.22","1","0","1","0","1","1","3","20090","81","827"
"828","Tokyo","Retail","HousingClothingSuper","ZoneC","EHP","MUL","  247.83","1","0","0","0","2","1","3","26609","298","828"
"829","Tokyo","School","ElementarySchool","ZoneC","AHP","FCU"," 3757.96","1","0","0","0","2","1","3","32306","211","829"
"830","Tokyo","School","JuniorHighSchool","ZoneC","EHP","MUL"," 6398.84","0","0","0","0","2","1","3","32317","387","830"
"831","Tokyo","Office","CL1","ZoneC","EHP","MUL","  198.62","1","0","0","0","1","2","3","11293","195","831"
"832","Tokyo","Retail","HousingClothingSuper","ZoneC","GHP","MUL","  295.88","1","0","0","0","1","2","3","30145","288","832"
"833","Tokyo","Office","CL1","ZoneC","GHP","MUL","  137.40","1","0","0","0","1","2","3","11295","297","833"
"834","Tokyo","Hospital","CL1","ZoneC","EHP","MUL","  125.54","0","0","0","0","2","2","3","23206","378","834"
"835","Tokyo","Office","CL1","ZoneC","EHP","MUL","  190.76","1","0","0","0","1","2","3","11293","195","835"
"836","Tokyo","Hospital","CL1","ZoneC","EHP","MUL","  180.72","0","0","0","0","1","2","3","23205","50","836"
"837","Tokyo","Restaurant","UrbanBar","ZoneC","EHP","MUL","  543.04","1","0","0","0","1","2","3","1144","0","837"
"838","Tokyo","Office","CL3","ZoneC","EHP","MUL","  905.48","1","0","0","0","1","1","2","21","338","838"
"839","Tokyo","Retail","SpecialityShop","ZoneC","EHP","MUL","  161.00","0","0","0","0","1","2","3","30428","141","839"
"840","Tokyo","Hospital","CL4","ZoneC","AHP","CAV"," 1638.92","0","0","0","0","2","2","3","23240","183","840"
"841","Tokyo","Hospital","CL2","ZoneC","EHP","MUL","  303.07","0","0","0","0","2","2","2","21648","175","841"
"842","Tokyo","Retail","HousingClothingSuper","ZoneC","GHP","MUL","  549.62","0","0","0","0","1","2","3","30144","329","842"
"843","Tokyo","Hospital","CL3","ZoneC","EHP","MUL","  733.02","1","0","0","0","1","2","3","2450","339","843"
"844","Tokyo","Hospital","CL2","ZoneC","GHP","MUL","  416.96","0","0","0","0","2","2","3","23213","300","844"
"845","Tokyo","Office","CL2","ZoneC","EHP","MUL","  329.67","1","0","0","0","2","2","2","797","12","845"
"846","Tokyo","Retail","HousingClothingSuper","ZoneC","GHP","MUL","  306.24","0","0","0","0","2","2","3","30147","335","846"
"847","Tokyo","Office","CL1","ZoneC","EHP","MUL","   35.70","1","0","0","0","2","1","3","5671","71","847"
"848","Tokyo","Office","CL2","ZoneC","GHP","MUL","  310.14","1","0","0","0","1","2","3","1285","122","848"
"849","Tokyo","Office","CL2","ZoneC","EHP","MUL","  337.59","1","0","0","0","2","1","3","227","126","849"
"850","Tokyo","Office","CL2","ZoneC","EHP","MUL","  261.45","1","0","0","0","1","2","3","1252","278","850"
"851","Tokyo","Hotel","CL2","ZoneD","EHP","MUL","  290.32","1","0","0","0","1","2","3","17354","224","851"
"852","Tokyo","Restaurant","UrbanRestaurant","ZoneC","EHP","MUL","  347.98","1","0","0","0","1","2","3","1264","0","852"
"853","Tokyo","Hotel","CL3","ZoneD","AHP","FCU","  835.52","1","0","0","0","2","2","2","16229","283","853"
"854","Tokyo","Office","CL4","ZoneC","EHP","MUL"," 1346.28","0","0","0","0","2","2","3","1402","96","854"
"855","Tokyo","Office","CL2","ZoneC","EHP","MUL"," 7677.42","1","0","0","0","1","1","2","10","266","ëxç∫ésóßî™ì˙ésèÍåˆñØäŸ"
"856","Tokyo","Office","CL2","ZoneC","EHP","MUL","  216.67","1","0","0","0","1","1","3","210","25","856"
"857","Tokyo","Office","CL1","ZoneC","EHP","MUL","  117.57","1","0","0","0","2","2","3","11294","104","857"
"858","Tokyo","Retail","SpecialityShop","ZoneC","EHP","MUL","  272.50","1","0","0","0","1","1","3","26897","247","858"
"859","Tokyo","Retail","SpecialityShop","ZoneC","EHP","MUL","  140.06","0","0","0","0","1","2","2","28662","170","859"
"860","Tokyo","Retail","ConvenienceDrug","ZoneC","EHP","MUL","  151.68","1","0","1","0","1","2","3","30073","370","860"
"861","Tokyo","Retail","HousingClothingSuper","ZoneC","EHP","MUL","  734.96","0","0","0","0","2","2","3","30140","127","861"
"862","Tokyo","Retail","HousingClothingSuper","ZoneC","EHP","MUL","  819.08","0","0","0","0","2","2","3","30140","127","862"
"863","Tokyo","Office","CL2","ZoneC","GHP","MUL","  249.86","0","0","0","0","2","2","3","11303","133","863"
"864","Tokyo","Restaurant","UrbanRestaurant","ZoneC","EHP","MUL","  453.10","1","0","0","0","1","2","2","564","0","864"
"865","Tokyo","Hospital","CL2","ZoneC","EHP","MUL","  217.24","1","0","0","0","2","1","2","18517","274","865"
"866","Tokyo","Hospital","CL3","ZoneC","EHP","MUL","  562.53","0","0","0","0","1","2","3","2449","165","866"
"867","Tokyo","Retail","ConvenienceStore","ZoneC","EHP","MUL","  297.52","0","0","0","0","2","1","3","26551","190","867"
"868","Tokyo","Office","CL4","ZoneC","EHP","MUL"," 1457.13","0","0","0","0","1","2","3","1365","361","868"
"869","Tokyo","Office","CL2","ZoneC","GHP","MUL","  225.22","1","0","0","0","1","2","3","1285","122","869"
"870","Tokyo","Retail","HousingClothingSuper","ZoneC","ABCH","OHUFCU","  181.24","1","0","0","0","1","2","2","28398","37","870"
"871","Tokyo","Retail","SpecialityShop","ZoneC","EHP","MUL","  196.38","1","0","0","0","1","2","3","30429","346","871"
"872","Tokyo","Office","CL1","ZoneC","EHP","MUL","  145.83","1","0","0","0","1","2","3","11293","195","872"
"873","Tokyo","Retail","SpecialityShop","ZoneC","EHP","MUL","  139.32","1","0","0","0","1","2","3","30429","346","873"
"874","Tokyo","Office","CL1","ZoneC","EHP","MUL","   46.06","1","0","0","0","1","1","2","2801","336","874"
"875","Tokyo","Retail","HousingClothingSuper","ZoneC","ABCH","CAV","  503.04","1","0","0","0","1","1","3","26619","227","875"
"876","Tokyo","Retail","SpecialityShop","ZoneC","EHP","MUL","  114.52","0","0","0","0","2","1","2","25133","300","876"
"877","Tokyo","Office","CL2","ZoneC","EHP","MUL","  405.72","1","0","0","0","2","1","3","221","175","877"
"878","Tokyo","Office","CL1","ZoneC","EHP","MUL","  153.40","1","0","0","0","2","2","3","11294","104","878"
"879","Tokyo","Retail","HousingClothingSuper","ZoneC","GHP","MUL","  375.84","1","0","1","0","2","2","3","30149","47","879"
"880","Tokyo","Restaurant","UrbanYakiniku","ZoneC","EHP","MUL","  165.46","1","0","0","0","1","2","3","1384","0","880"
"881","Tokyo","Retail","SpecialityShop","ZoneC","EHP","MUL","  157.12","0","0","0","0","1","2","2","28662","170","881"
"882","Tokyo","Retail","HousingClothingSuper","ZoneC","EHP","MUL","  163.64","0","0","0","0","1","2","3","30136","360","882"
"883","Tokyo","Office","CL2","ZoneC","EHP","MUL","  337.76","1","0","0","0","1","2","3","1258","371","883"
"884","Tokyo","Office","CL1","ZoneC","EHP","MUL","  119.93","1","0","0","0","1","2","3","11293","195","884"
"885","Tokyo","Retail","HousingClothingSuper","ZoneC","EHP","MUL","  304.72","0","0","0","0","1","2","2","28370","393","885"
"886","Tokyo","Hospital","CL3","ZoneC","EHP","MUL","  840.44","0","0","0","0","2","2","2","21656","10","886"
"887","Tokyo","Retail","HousingClothingSuper","ZoneC","EHP","MUL"," 4422.18","0","0","0","0","1","2","3","30136","360","887"
"888","Tokyo","Retail","HousingClothingSuper","ZoneC","GHP","MUL","  394.38","1","0","0","0","1","2","3","30145","288","888"
"889","Tokyo","Office","CL4","ZoneC","EHP","MUL"," 1203.72","1","0","0","0","1","2","2","833","9","889"
"890","Tokyo","Restaurant","UrbanCafe","ZoneC","EHP","MUL","  115.48","0","0","0","0","1","2","3","1203","0","890"
"891","Tokyo","Office","CL1","ZoneC","EHP","MUL","   68.03","1","0","0","0","1","2","3","11293","195","891"
"892","Tokyo","Office","CL1","ZoneC","EHP","MUL","  162.76","1","0","0","0","1","2","3","11293","195","892"
"893","Tokyo","Office","CL1","ZoneC","EHP","MUL","   65.26","1","0","0","0","1","2","3","11293","195","893"
"894","Tokyo","Office","CL5","ZoneC","GHP","MUL"," 2858.12","1","0","0","0","1","1","3","5751","266","894"
"895","Tokyo","Office","CL3","ZoneC","EHP","MUL","  545.04","1","0","0","0","1","2","3","1307","229","895"
"896","Tokyo","Retail","HousingClothingSuper","ZoneC","EHP","MUL","  270.62","0","0","0","0","2","1","3","26608","259","896"
"897","Tokyo","Office","CL1","ZoneC","EHP","MUL","  106.06","1","0","0","0","2","2","3","11294","104","897"
"898","Tokyo","Restaurant","UrbanRestaurant","ZoneC","EHP","MUL","   90.26","0","0","0","0","1","2","3","1263","0","898"
"899","Tokyo","Retail","HousingClothingSuper","ZoneC","EHP","MUL"," 2912.42","0","0","0","0","2","2","3","30140","127","899"
"900","Tokyo","Office","CL1","ZoneC","EHP","MUL","  152.44","1","0","0","0","1","2","2","8475","393","900"
"901","Tokyo","Office","CL1","ZoneC","EHP","MUL","  154.54","1","0","0","0","1","2","2","8475","393","901"
"902","Tokyo","Office","CL3","ZoneC","EHP","MUL","  986.04","1","0","0","0","2","2","3","1347","286","902"
"903","Tokyo","Restaurant","UrbanRestaurant","ZoneC","EHP","MUL","  538.74","1","0","0","0","1","2","2","564","0","903"
"904","Tokyo","Office","CL2","ZoneC","EHP","MUL","  248.37","1","0","0","0","1","2","3","1243","2","904"
"905","Tokyo","Office","CL1","ZoneC","GHP","MUL","  113.58","1","0","0","0","1","2","3","11295","297","905"
"906","Tokyo","Hospital","CL3","ZoneC","EHP","MUL","  647.10","0","0","0","0","2","1","3","20091","158","906"
"907","Tokyo","Office","CL1","ZoneC","EHP","MUL","   56.00","1","0","0","0","2","2","2","8476","355","907"
"908","Tokyo","Amusement","Fitness","ZoneC","EHP","MUL"," 1509.00","1","1","0","0","1","1","3","1113","0","908"
"909","Tokyo","Office","CL1","ZoneC","EHP","MUL","  161.71","1","0","0","0","2","1","2","2802","207","909"
"910","Tokyo","Retail","HousingClothingSuper","ZoneC","EHP","MUL","  240.50","1","0","0","0","2","2","2","28375","65","910"
"911","Tokyo","Retail","SpecialityShop","ZoneC","EHP","MUL","  110.52","0","0","0","0","2","2","2","28665","2","911"
"912","Tokyo","Office","CL4","ZoneC","EHP","MUL"," 1429.60","1","0","0","0","1","2","3","1391","182","912"
"913","Tokyo","Office","CL1","ZoneC","EHP","MUL","  103.91","1","0","0","0","1","2","3","11293","195","913"
"914","Tokyo","Restaurant","UrbanRestaurant","ZoneC","EHP","MUL","  686.30","1","0","0","0","1","2","2","564","0","914"
"915","Tokyo","Office","CL3","ZoneC","EHP","MUL","  619.56","1","0","0","0","2","2","3","1336","78","915"
"916","Tokyo","Office","CL5","ZoneC","AHP","FCU"," 2377.10","1","1","0","0","2","2","3","11426","293","916"
"917","Tokyo","Retail","HousingClothingSuper","ZoneC","EHP","MUL","  198.60","0","0","0","0","2","2","3","30140","127","917"
"918","Tokyo","Retail","HousingClothingSuper","ZoneC","EHP","MUL","  968.36","1","0","1","0","1","2","2","28372","260","918"
"919","Tokyo","Office","CL2","ZoneC","EHP","MUL","  274.58","1","0","0","0","1","2","2","789","104","919"
"920","Tokyo","Office","CL3","ZoneC","EHP","MUL","  907.22","0","0","0","0","1","1","3","231","29","920"
"921","Tokyo","Office","CL3","ZoneC","EHP","MUL","  615.06","0","0","0","0","2","2","3","1329","123","921"
"922","Tokyo","Office","CL1","ZoneC","EHP","MUL","  123.98","1","0","0","0","1","2","2","8475","393","922"
"923","Tokyo","Office","CL1","ZoneC","EHP","MUL","  128.62","1","0","0","0","1","2","3","11293","195","923"
"924","Tokyo","Hospital","CL3","ZoneC","EHP","MUL","  667.88","1","0","0","0","1","2","3","2451","6","924"
"925","Tokyo","Restaurant","UrbanChineseRestaurant","ZoneC","EHP","MUL","  208.76","1","0","0","0","1","2","3","1324","0","925"
"926","Tokyo","Retail","HousingClothingSuper","ZoneC","EHP","MUL","  404.02","0","0","0","0","1","2","2","28370","393","926"
"927","Tokyo","Office","CL2","ZoneC","EHP","MUL","  415.20","1","0","0","0","1","1","3","215","302","927"
"928","Tokyo","Office","CL1","ZoneC","EHP","MUL","   66.31","1","0","0","0","2","2","3","11294","104","928"
"929","Tokyo","Amusement","Fitness","ZoneC","EHP","MUL"," 9682.52","1","1","0","0","1","1","3","1113","0","929"
"930","Tokyo","Retail","HousingClothingSuper","ZoneC","AHP","FCU","   96.18","1","0","0","0","1","2","3","30182","146","930"
"931","Tokyo","Retail","HousingClothingSuper","ZoneC","EHP","MUL"," 1479.98","1","0","0","0","2","2","2","28375","65","931"
"932","Tokyo","Office","CL1","ZoneC","EHP","MUL","   86.13","1","0","0","0","1","1","3","5670","247","932"
"933","Tokyo","Retail","HousingClothingSuper","ZoneC","EHP","MUL","  230.58","1","0","1","1","1","2","3","30139","303","933"
"934","Tokyo","Retail","ConvenienceStore","ZoneC","GHP","MUL","  299.08","0","0","0","0","2","2","3","30087","398","934"
"935","Tokyo","Retail","SpecialityShop","ZoneC","EHP","MUL","   50.40","1","0","0","0","2","2","3","30432","387","935"
"936","Tokyo","Office","CL1","ZoneC","EHP","MUL","   68.67","1","0","0","0","1","1","2","2801","336","936"
"937","Tokyo","Retail","SuperDrugStore","ZoneC","EHP","MUL"," 1736.96","1","0","0","0","2","2","2","28675","308","937"
"938","Tokyo","Retail","ConvenienceDrug","ZoneC","EHP","MUL","  279.68","0","0","0","0","1","2","2","28305","296","938"
"939","Tokyo","Retail","HousingClothingSuper","ZoneC","AHP","FCU","  165.20","0","0","0","0","1","2","2","28415","134","939"
"940","Tokyo","Office","CL2","ZoneC","EHP","MUL","10706.91","1","0","0","0","1","1","2","10","266","ëxç∫ésñèä"
"941","Tokyo","Retail","HousingClothingSuper","ZoneC","AHP","CAV","  163.58","0","0","0","0","1","2","3","30168","9","941"
"942","Tokyo","Hospital","CL2","ZoneC","GHP","MUL","  291.59","0","0","0","0","2","2","2","21652","25","942"
"943","Tokyo","Office","CL2","ZoneC","EHP","MUL","  412.50","1","0","0","0","1","1","3","217","381","943"
"944","Tokyo","Office","CL2","ZoneC","EHP","MUL","10436.25","1","0","0","0","1","1","2","10","266","ëxç∫ésñØÇ”ÇÍÇ†Ç¢ÉZÉìÉ^Å["
"945","Tokyo","Retail","SpecialityShop","ZoneC","GHP","MUL","  118.28","0","0","0","0","1","2","3","30434","276","945"
"946","Tokyo","Retail","ConvenienceDrug","ZoneC","EHP","MUL","  439.76","1","0","0","0","1","1","3","26540","220","946"
"947","Tokyo","Restaurant","UrbanRestaurant","ZoneC","EHP","MUL","  315.14","1","0","0","0","1","2","3","1264","0","947"
"948","Tokyo","Office","CL2","ZoneC","EHP","MUL","  222.60","1","0","0","0","1","1","2","13","184","948"
"949","Tokyo","Office","CL1","ZoneC","GHP","MUL","  119.08","1","0","0","0","1","2","3","11295","297","949"
"950","Tokyo","Office","CL1","ZoneC","EHP","MUL","  110.88","1","0","0","0","2","2","3","11294","104","950"
"951","Tokyo","Retail","HousingClothingSuper","ZoneC","AHP","OHUFCU","  367.44","1","0","0","0","2","2","3","30189","384","951"
"952","Tokyo","Office","CL1","ZoneC","GHP","MUL","  173.70","1","0","0","0","1","2","3","11295","297","952"
"953","Tokyo","Office","CL1","ZoneC","EHP","MUL","   74.67","1","0","0","0","2","2","2","8476","355","953"
"954","Tokyo","Retail","ConvenienceStore","ZoneC","EHP","MUL","  336.08","0","0","0","0","1","1","2","24783","165","954"
"955","Tokyo","Hospital","CL3","ZoneC","AHP","FCU","  542.31","0","0","0","0","1","2","2","21667","161","955"
"956","Tokyo","Office","CL1","ZoneC","GHP","MUL","  108.67","1","0","0","0","1","2","3","11295","297","956"
"957","Tokyo","Office","CL2","ZoneC","EHP","MUL","  389.08","0","0","0","0","1","2","2","782","65","957"
"958","Tokyo","Office","CL1","ZoneC","EHP","MUL","  103.29","1","0","0","0","2","2","3","11294","104","958"
"959","Tokyo","Office","CL2","ZoneC","EHP","MUL","  232.47","1","0","0","0","2","1","3","224","276","959"
"960","Tokyo","Retail","ConvenienceDrug","ZoneC","EHP","MUL","  197.94","0","0","0","0","1","1","3","26539","210","960"
"961","Tokyo","Office","CL2","ZoneC","EHP","MUL","  210.09","1","0","0","0","2","2","2","796","40","961"
"962","Tokyo","Office","CL1","ZoneC","EHP","MUL","   64.52","1","0","0","0","2","1","3","5671","71","962"
"963","Tokyo","Retail","HousingClothingSuper","ZoneC","EHP","MUL","  909.58","0","0","0","0","1","2","3","30136","360","963"
"964","Tokyo","Restaurant","UrbanChineseRestaurant","ZoneC","EHP","MUL","  341.16","1","0","0","0","1","2","3","1324","0","964"
"965","Tokyo","Office","CL2","ZoneC","EHP","MUL","  202.75","0","0","0","0","1","2","3","1236","68","965"
"966","Tokyo","Restaurant","UrbanRestaurant","ZoneC","EHP","MUL","  438.40","1","0","0","0","1","2","2","564","0","966"
"967","Tokyo","Restaurant","UrbanRestaurant","ZoneC","EHP","MUL","  514.28","1","0","0","0","1","2","3","1264","0","967"
"968","Tokyo","Retail","HousingClothingSuper","ZoneC","EHP","MUL","  191.92","0","0","0","0","2","2","3","30140","127","968"
"969","Tokyo","Office","CL1","ZoneC","EHP","MUL","  152.83","1","0","0","0","2","2","2","8476","355","969"
"970","Tokyo","Restaurant","UrbanCafe","ZoneC","EHP","MUL","   60.28","0","0","0","0","1","2","3","1203","0","970"
"971","Tokyo","Restaurant","UrbanRestaurant","ZoneC","EHP","MUL","   73.78","1","0","0","0","1","2","3","1264","0","971"
"972","Tokyo","Office","CL1","ZoneC","EHP","MUL","   77.86","1","0","0","0","1","2","2","8475","393","972"
"973","Tokyo","Restaurant","UrbanRestaurant","ZoneC","EHP","MUL","  450.26","1","0","0","0","1","2","2","564","0","973"
"974","Tokyo","Retail","HousingClothingSuper","ZoneC","AHP","FCU","  462.26","1","0","0","0","2","2","3","30184","240","974"
"975","Tokyo","Hospital","CL5","ZoneC","EHP","MUL"," 3391.20","1","0","0","0","1","1","2","18556","172","975"
"976","Tokyo","Office","CL2","ZoneC","EHP","MUL","  302.08","1","0","0","0","1","2","3","1248","126","976"
"977","Tokyo","Office","CL2","ZoneC","GHP","MUL","  283.00","0","0","0","0","1","2","2","8484","392","977"
"978","Tokyo","Retail","SpecialityShop","ZoneC","EHP","MUL","  378.72","0","0","0","0","1","2","3","30428","141","978"
"979","Tokyo","Retail","HousingClothingSuper","ZoneC","EHP","MUL"," 1442.92","1","0","0","0","1","2","2","28371","179","979"
"980","Tokyo","Office","CL2","ZoneC","GHP","MUL","  212.75","1","0","0","0","1","1","3","228","282","980"
"981","Tokyo","Retail","HousingClothingSuper","ZoneC","EHP","MUL","  327.42","1","0","0","0","2","2","2","28375","65","981"
"982","Tokyo","Office","CL3","ZoneC","EHP","MUL","  632.80","1","0","0","0","1","1","3","250","61","982"
"983","Tokyo","Retail","SpecialityShop","ZoneC","EHP","MUL","  109.64","0","0","0","0","2","2","3","30431","319","983"
"984","Tokyo","Office","CL2","ZoneC","EHP","MUL"," 2290.28","1","0","0","0","1","1","2","10","266","ÉtÉ@ÉbÉVÉáÉìÉZÉìÉ^Å[ÇµÇ‹ÇﬁÇÁî™ì˙ésèÍìX"
"985","Tokyo","Retail","HousingClothingSuper","ZoneC","EHP","MUL","  454.86","0","0","0","0","1","2","3","30136","360","985"
"986","Tokyo","Retail","HousingClothingSuper","ZoneC","GHP","MUL"," 1129.10","0","0","0","0","1","2","2","28378","368","986"
"987","Tokyo","Retail","SpecialityShop","ZoneC","EHP","MUL","  158.74","1","0","0","0","2","1","3","26900","215","987"
"988","Tokyo","Office","CL4","ZoneC","EHP","MUL"," 1357.16","0","0","0","0","1","2","3","1365","361","988"
"989","Tokyo","Retail","SpecialityShop","ZoneC","EHP","MUL"," 5865.50","0","0","0","0","1","2","3","30428","141","989"
"990","Tokyo","Retail","HousingClothingSuper","ZoneC","EHP","MUL"," 1737.12","0","0","0","0","2","2","3","30140","127","990"
"991","Tokyo","Retail","SuperDrugStore","ZoneC","EHP","MUL"," 2189.86","0","0","0","0","1","2","2","28672","35","991"
"992","Tokyo","Office","CL2","ZoneC","EHP","MUL","19009.41","1","0","0","0","1","1","2","10","266","ÉJÉCÉìÉYÉXÅ[ÉpÅ[ÉZÉìÉ^Å[î™ì˙ésèÍìX"
"993","Tokyo","Office","CL5","ZoneC","ABCH","CAV"," 2038.30","0","0","0","0","2","2","2","8571","398","993"
"994","Tokyo","Office","CL2","ZoneC","EHP","MUL"," 7629.25","1","0","0","0","1","1","2","10","266","ÇmÇsÇsìåì˙ñ{î™ì˙ésèÍÉrÉã"
"995","Tokyo","Office","CL1","ZoneC","EHP","MUL","  195.69","1","0","0","0","1","1","3","5670","247","995"
"996","Tokyo","Retail","SpecialityShop","ZoneC","GHP","MUL","  234.40","0","0","0","0","2","2","3","30436","295","996"
"997","Tokyo","Retail","SpecialityShop","ZoneC","EHP","MUL","  119.98","0","0","0","0","1","2","2","28662","170","997"
"998","Tokyo","Retail","SpecialityShop","ZoneC","EHP","MUL","  837.44","1","0","0","0","1","2","2","28663","279","998"
"999","Tokyo","Office","CL1","ZoneC","EHP","MUL","  101.44","1","0","0","0","2","2","2","8476","355","999"
"1000","Tokyo","Office","CL2","ZoneC","EHP","MUL","  294.84","1","0","0","0","2","2","3","1274","157","1000"
"1001","Tokyo","Retail","SpecialityShop","ZoneC","GHP","MUL","  117.20","0","0","0","0","1","2","2","28668","64","1001"
"1002","Tokyo","Office","CL2","ZoneC","EHP","MUL","  468.96","1","0","0","0","1","1","2","11","91","1002"
"1003","Tokyo","Retail","SpecialityShop","ZoneC","EHP","MUL","  385.14","0","0","0","0","1","2","3","30428","141","1003"
"1004","Tokyo","Office","CL1","ZoneC","EHP","MUL","  191.56","1","0","0","0","2","1","2","2802","207","1004"
"1005","Tokyo","Retail","ConvenienceStore","ZoneC","EHP","MUL","  340.70","0","0","0","0","1","2","3","30081","85","1005"
"1006","Tokyo","Retail","SpecialityShop","ZoneC","EHP","MUL","   28.90","0","0","0","0","2","2","2","28665","2","1006"
"1007","Tokyo","Retail","HousingClothingSuper","ZoneC","EHP","MUL","  648.60","0","0","0","0","1","1","2","24838","111","1007"
"1008","Tokyo","Office","CL4","ZoneC","EHP","MUL"," 1099.58","1","0","0","1","2","2","3","11332","286","1008"
"1009","Tokyo","Office","CL1","ZoneC","GHP","MUL","   30.36","1","0","0","0","1","2","3","11295","297","1009"
"1010","Tokyo","Retail","HousingClothingSuper","ZoneC","AHP","VAV","  304.72","1","0","1","0","2","1","3","26648","201","1010"
"1011","Tokyo","Office","CL1","ZoneC","GHP","MUL","  156.71","1","0","0","0","1","1","3","5672","284","1011"
"1012","Tokyo","Office","CL1","ZoneC","EHP","MUL","  151.16","1","0","0","0","2","2","2","8476","355","1012"
"1013","Tokyo","Office","CL2","ZoneC","EHP","MUL","  211.40","0","0","0","0","2","1","2","2808","194","1013"
"1014","Tokyo","Office","CL2","ZoneC","EHP","MUL","  251.02","0","0","0","0","2","1","3","220","100","1014"
"1015","Tokyo","Office","CL1","ZoneC","EHP","MUL","  163.80","1","0","0","0","1","1","2","2801","336","1015"
"1016","Tokyo","Office","CL4","ZoneC","EHP","MUL"," 1325.38","1","0","0","0","1","2","3","1377","357","1016"
"1017","Tokyo","Office","CL2","ZoneC","GHP","MUL","  321.29","1","0","0","0","2","1","2","2815","312","1017"
"1018","Tokyo","Office","CL1","ZoneC","EHP","MUL","  122.59","1","0","0","0","2","1","3","5671","71","1018"
"1019","Tokyo","Hospital","CL2","ZoneC","EHP","MUL","  262.04","1","0","0","0","1","2","3","23208","217","1019"
"1020","Tokyo","Office","CL1","ZoneC","EHP","MUL","  178.18","1","0","0","0","2","2","3","11294","104","1020"
"1021","Tokyo","Office","CL1","ZoneC","EHP","MUL","  180.26","1","0","0","0","2","1","3","5671","71","1021"
"1022","Tokyo","Retail","HousingClothingSuper","ZoneC","EHP","MUL","  363.68","0","0","0","0","2","1","3","26608","259","1022"
"1023","Tokyo","Office","CL4","ZoneC","EHP","MUL"," 1708.66","1","0","0","0","1","1","3","277","236","1023"
"1024","Tokyo","Office","CL5","ZoneC","EHP","MUL"," 2121.38","1","0","0","0","2","2","2","875","357","1024"
"1025","Tokyo","Office","CL1","ZoneC","EHP","MUL","  141.05","1","0","0","0","2","2","2","8476","355","1025"
"1026","Tokyo","Office","CL1","ZoneC","EHP","MUL","  175.98","1","0","0","0","1","2","2","8475","393","1026"
"1027","Tokyo","Hospital","CL3","ZoneC","EHP","MUL","  521.44","1","0","0","0","2","1","3","20092","260","1027"
"1028","Tokyo","Office","CL1","ZoneC","EHP","MUL","  166.90","1","0","0","0","1","2","3","11293","195","1028"
"1029","Tokyo","Office","CL2","ZoneC","EHP","MUL","  401.26","0","0","0","0","2","2","2","791","202","1029"
"1030","Tokyo","Restaurant","UrbanBar","ZoneC","EHP","MUL","  162.02","0","0","0","0","1","2","3","1143","0","1030"
"1031","Tokyo","Restaurant","UrbanRestaurant","ZoneC","EHP","MUL","  284.88","0","0","0","0","1","2","2","563","0","1031"
"1032","Tokyo","Office","CL3","ZoneC","EHP","MUL","  673.38","1","0","0","0","1","1","2","20","20","1032"
"1033","Tokyo","Retail","SpecialityShop","ZoneC","EHP","MUL","  142.52","1","0","0","0","1","2","3","30429","346","1033"
"1034","Tokyo","Office","CL1","ZoneC","EHP","MUL","  168.13","1","0","0","0","1","2","3","11293","195","1034"
"1035","Tokyo","Retail","SpecialityShop","ZoneC","EHP","MUL","  127.44","0","0","0","0","1","2","3","30428","141","1035"
"1036","Tokyo","Office","CL1","ZoneC","EHP","MUL","  191.42","1","0","0","0","2","1","3","5671","71","1036"
"1037","Tokyo","Office","CL1","ZoneC","EHP","MUL","  178.22","1","0","0","0","1","2","3","11293","195","1037"
"1038","Tokyo","Retail","SpecialityShop","ZoneC","GHP","MUL","  173.28","1","0","0","0","2","2","2","28671","386","1038"
"1039","Tokyo","Office","CL1","ZoneC","EHP","MUL","  105.29","1","0","0","0","2","2","3","11294","104","1039"
"1040","Tokyo","Office","CL2","ZoneC","EHP","MUL","  292.07","1","0","0","0","2","2","3","1280","34","1040"
"1041","Tokyo","Office","CL1","ZoneC","EHP","MUL","  146.92","1","0","0","0","2","2","2","8476","355","1041"
"1042","Tokyo","Office","CL1","ZoneC","EHP","MUL","   81.38","1","0","0","0","1","2","3","11293","195","1042"
"1043","Tokyo","Office","CL1","ZoneC","EHP","MUL","  135.68","1","0","0","0","1","2","3","11293","195","1043"
"1044","Tokyo","Office","CL1","ZoneC","EHP","MUL","  111.82","1","0","0","0","1","2","3","11293","195","1044"
"1045","Tokyo","Office","CL2","ZoneC","EHP","MUL","  338.74","1","0","0","0","1","1","3","216","372","1045"
"1046","Tokyo","Office","CL1","ZoneC","EHP","MUL","  145.21","1","0","0","0","2","2","3","11294","104","1046"
"1047","Tokyo","Office","CL1","ZoneC","EHP","MUL","  129.98","1","0","0","0","2","1","3","5671","71","1047"
"1048","Tokyo","Office","CL2","ZoneC","EHP","MUL","  203.14","1","0","0","0","2","2","3","1270","300","1048"
"1049","Tokyo","Office","CL3","ZoneC","EHP","MUL","  646.48","1","0","0","0","1","2","3","1317","314","1049"
"1050","Tokyo","Office","CL1","ZoneC","EHP","MUL","  161.80","1","0","0","0","1","2","2","8475","393","1050"
"1051","Tokyo","Retail","HousingClothingSuper","ZoneC","AHP","FCU","  439.60","1","0","0","0","1","2","2","28416","163","1051"
"1052","Tokyo","Office","CL1","ZoneC","EHP","MUL","   72.84","1","0","0","0","2","2","3","11294","104","1052"
"1053","Tokyo","Retail","ConvenienceStore","ZoneC","EHP","MUL","  451.00","1","0","0","0","2","2","3","30084","37","1053"
"1054","Tokyo","Office","CL1","ZoneC","EHP","MUL","  120.03","1","0","0","0","2","1","2","2802","207","1054"
"1055","Tokyo","Office","CL1","ZoneC","EHP","MUL","  130.48","1","0","0","0","1","1","3","5670","247","1055"
"1056","Tokyo","Retail","HousingClothingSuper","ZoneC","EHP","MUL","  614.64","0","0","0","0","1","2","2","28370","393","1056"
"1057","Tokyo","Hospital","CL1","ZoneC","EHP","MUL","  129.67","0","0","0","0","1","2","3","23205","50","1057"
"1058","Tokyo","Office","CL2","ZoneC","EHP","MUL","  243.14","1","0","0","0","1","2","3","1247","173","1058"
"1059","Tokyo","Office","CL1","ZoneC","EHP","MUL","  175.90","1","0","0","0","2","2","3","11294","104","1059"
"1060","Tokyo","Office","CL4","ZoneC","EHP","MUL"," 1427.20","1","0","0","0","2","2","2","844","103","1060"
"1061","Tokyo","School","ElementarySchool","ZoneC","EHP","MUL"," 2155.92","1","0","0","0","1","2","2","32900","139","1061"
"1062","Tokyo","Retail","HousingClothingSuper","ZoneC","AHP","CAV","  359.78","0","0","0","0","1","2","3","30168","9","1062"
"1063","Tokyo","Office","CL1","ZoneC","EHP","MUL","  191.25","1","0","0","0","1","2","3","11293","195","1063"
"1064","Tokyo","Office","CL1","ZoneC","EHP","MUL","  198.54","1","0","0","0","2","2","3","11294","104","1064"
"1065","Tokyo","Retail","SpecialityShop","ZoneC","EHP","MUL","  143.74","0","0","0","0","2","2","2","28665","2","1065"
"1066","Tokyo","Office","CL1","ZoneC","EHP","MUL","  126.34","1","0","0","0","2","1","3","5671","71","1066"
"1067","Tokyo","Office","CL1","ZoneC","EHP","MUL","  128.30","1","0","0","0","1","2","2","8475","393","1067"
"1068","Tokyo","Retail","HousingClothingSuper","ZoneC","EHP","MUL","  167.38","0","0","0","0","1","2","2","28370","393","1068"
"1069","Tokyo","Retail","HousingClothingSuper","ZoneC","EHP","MUL","  434.72","1","0","0","0","2","2","3","30141","84","1069"
"1070","Tokyo","Office","CL2","ZoneC","EHP","MUL","  281.10","1","0","0","0","1","2","3","1259","139","1070"
"1071","Tokyo","Office","CL2","ZoneC","EHP","MUL","  473.46","0","0","0","0","1","2","3","1241","197","1071"
"1072","Tokyo","Office","CL1","ZoneC","EHP","MUL","  151.48","1","0","0","0","2","1","3","5671","71","1072"
"1073","Tokyo","Office","CL1","ZoneC","EHP","MUL","   62.42","1","0","0","0","1","2","3","11293","195","1073"
"1074","Tokyo","Retail","ConvenienceDrug","ZoneC","EHP","MUL","  267.16","1","0","0","0","2","2","2","28309","390","1074"
"1075","Tokyo","Hospital","CL2","ZoneC","EHP","MUL","  319.92","1","0","0","0","1","2","3","23208","217","1075"
"1076","Tokyo","Office","CL1","ZoneC","EHP","MUL","   93.81","1","0","0","0","2","1","3","5671","71","1076"
"1077","Tokyo","Office","CL2","ZoneC","EHP","MUL","  219.86","0","0","0","0","2","2","3","1267","45","1077"
"1078","Tokyo","Office","CL1","ZoneC","EHP","MUL","   79.29","1","0","0","0","1","2","2","8475","393","1078"
"1079","Tokyo","Office","CL1","ZoneC","EHP","MUL","   92.69","1","0","0","0","1","1","3","5670","247","1079"
"1080","Tokyo","Office","CL2","ZoneC","EHP","MUL","  233.68","0","0","0","0","1","1","3","203","199","1080"
"1081","Tokyo","Retail","HousingClothingSuper","ZoneC","EHP","MUL","  281.50","0","0","0","0","2","2","3","30140","127","1081"
